# Roblox asset pack: macrauchenia (creatures), from the Studio model "Macrauchenia". Exported with Export Selection, split by tools/build_creatures.py: one object per rigid body. Units: studs. +Y up, front faces -Z, pivot (bottom centre) at the origin.
mtllib macrauchenia.mtl

v 0.07790 1.87000 -0.37000
v 0.10910 1.08000 -0.69000
v 0.10910 1.08000 -0.37000
v 0.07790 1.87000 -0.69000
v 0.10910 1.08000 0.69000
v 0.07790 1.87000 0.37000
v 0.10910 1.08000 0.37000
v 0.07790 1.87000 0.69000
v 0.13630 1.80000 -0.33000
v 0.16180 1.15000 -0.72000
v 0.16180 1.15000 -0.33000
v 0.13630 1.80000 -0.72000
v 0.16180 1.15000 0.72000
v 0.13630 1.80000 0.33000
v 0.16180 1.15000 0.33000
v 0.13630 1.80000 0.72000
v 0.14490 1.91000 -0.40000
v 0.18000 1.04000 -0.66000
v 0.18000 1.04000 -0.40000
v 0.14490 1.91000 -0.66000
v 0.18000 1.04000 0.66000
v 0.14490 1.91000 0.40000
v 0.18000 1.04000 0.40000
v 0.14490 1.91000 0.66000
v 2.70580 1.95000 -0.69000
v 3.08590 1.27000 -0.37000
v 3.08590 1.27000 -0.69000
v 2.70580 1.95000 -0.37000
v 2.70580 1.95000 0.69000
v 3.08590 1.27000 0.37000
v 2.70580 1.95000 0.37000
v 3.08590 1.27000 0.69000
v 2.69990 1.88000 -0.72000
v 3.01740 1.30000 -0.33000
v 3.01740 1.30000 -0.72000
v 2.69990 1.88000 -0.33000
v 2.69990 1.88000 0.72000
v 3.01740 1.30000 0.33000
v 2.69990 1.88000 0.33000
v 3.01740 1.30000 0.72000
v 2.62390 1.96000 -0.66000
v 3.04670 1.20000 -0.40000
v 3.04670 1.20000 -0.66000
v 2.62390 1.96000 -0.40000
v 3.04670 1.20000 0.40000
v 2.62390 1.96000 0.66000
v 3.04670 1.20000 0.66000
v 2.62390 1.96000 0.40000
v 2.68740 1.00000 -0.66000
v 2.68740 1.00000 -0.40000
v 2.68740 1.00000 0.66000
v 2.68740 1.00000 0.40000
v 2.60540 1.01000 -0.69000
v 2.60540 1.01000 -0.37000
v 2.60540 1.01000 0.69000
v 2.60540 1.01000 0.37000
v 2.62290 1.09000 -0.72000
v 2.62290 1.09000 -0.33000
v 2.62290 1.09000 0.72000
v 2.62290 1.09000 0.33000
v 2.30540 1.67000 -0.72000
v 0.58430 1.82000 -0.72000
v 0.60980 1.16000 -0.72000
v 2.30540 1.67000 0.72000
v 0.58430 1.82000 0.72000
v 0.60980 1.16000 0.72000
v 2.22520 1.69000 -0.69000
v 0.62370 1.88000 -0.69000
v 0.65490 1.10000 -0.69000
v 2.22520 1.69000 0.69000
v 0.62370 1.88000 0.69000
v 0.65490 1.10000 0.69000
v 2.26460 1.77000 -0.66000
v 0.55300 1.92000 -0.66000
v 0.58810 1.05000 -0.66000
v 2.26460 1.77000 0.66000
v 0.55300 1.92000 0.66000
v 0.58810 1.05000 0.66000
v 0.55300 1.92000 -0.40000
v 0.55300 1.92000 0.40000
v 0.62370 1.88000 -0.37000
v 0.62370 1.88000 0.37000
v 0.58810 1.05000 -0.40000
v 0.58810 1.05000 0.40000
v 0.58430 1.82000 -0.33000
v 0.58430 1.82000 0.33000
v 0.65490 1.10000 -0.37000
v 0.65490 1.10000 0.37000
v 0.60980 1.16000 -0.33000
v 0.60980 1.16000 0.33000
v 2.26460 1.77000 -0.40000
v 2.26460 1.77000 0.40000
v 2.22520 1.69000 -0.37000
v 2.22520 1.69000 0.37000
v 2.30540 1.67000 -0.33000
v 2.30540 1.67000 0.33000
v 1.05840 4.34000 -0.50000
v 2.47390 4.35000 0.50000
v 2.47390 4.35000 -0.50000
v 1.05840 4.34000 0.50000
v 1.33200 4.20000 -0.61000
v 2.71310 4.21000 0.61000
v 2.71310 4.21000 -0.61000
v 1.33200 4.20000 0.61000
v 1.06390 3.03000 0.50000
v 1.06390 3.03000 -0.50000
v 1.21810 4.00000 -0.74000
v 2.56740 4.00000 0.74000
v 2.56740 4.00000 -0.74000
v 1.21810 4.00000 0.74000
v 2.71820 2.97000 -0.61000
v 2.71820 2.97000 0.61000
v 1.08950 2.37000 0.48000
v 1.09190 3.03000 -0.47000
v 1.08950 2.37000 -0.48000
v 1.09190 3.03000 0.47000
v 2.45930 2.37000 -0.48000
v 2.45930 2.37000 0.48000
v 2.69020 2.97000 0.58000
v 2.69730 2.51000 -0.58000
v 2.69020 2.97000 -0.58000
v 2.69730 2.51000 0.58000
v 2.57110 3.11000 -0.74000
v 1.22180 3.11000 -0.74000
v 2.57110 3.11000 0.74000
v 1.22180 3.11000 0.74000
v 2.54980 2.72000 -0.71000
v 1.24980 3.11000 -0.71000
v 2.54310 3.11000 -0.71000
v 1.24630 2.72000 -0.71000
v 1.24980 3.11000 0.71000
v 2.54980 2.72000 0.71000
v 2.54310 3.11000 0.71000
v 1.24630 2.72000 0.71000
v 1.36190 2.51000 0.58000
v 1.36190 2.51000 -0.58000
v 1.33720 2.97000 -0.61000
v 1.33720 2.97000 0.61000
v 2.47940 3.04000 -0.50000
v 2.47940 3.04000 0.50000
v 1.36520 2.97000 -0.58000
v 1.36520 2.97000 0.58000
v 2.45140 3.03000 0.47000
v 2.45140 3.03000 -0.47000
v 3.62510 3.31000 0.10000
v 3.46700 3.21000 -0.10000
v 3.62510 3.31000 -0.10000
v 3.46700 3.21000 0.10000
v 3.17640 3.65000 -0.10000
v 3.17640 3.65000 0.10000
v 3.33450 3.76000 -0.10000
v 3.33450 3.76000 0.10000
v 3.56140 3.33000 0.16000
v 3.47260 3.27000 -0.16000
v 3.56140 3.33000 -0.16000
v 3.47260 3.27000 0.16000
v 3.24000 3.63000 -0.16000
v 3.24000 3.63000 0.16000
v 3.32890 3.69000 -0.16000
v 3.32890 3.69000 0.16000
v 3.60130 3.40000 0.05000
v 3.39630 3.26000 -0.05000
v 3.60130 3.40000 -0.05000
v 3.39630 3.26000 0.05000
v 3.40520 3.70000 -0.05000
v 3.20010 3.56000 -0.05000
v 3.20010 3.56000 0.05000
v 3.40520 3.70000 0.05000
v 2.87790 0.31000 -0.63000
v 2.89970 0.08000 -0.42000
v 2.89970 0.08000 -0.63000
v 2.87790 0.31000 -0.42000
v 2.87790 0.31000 0.63000
v 2.89970 0.08000 0.42000
v 2.87790 0.31000 0.42000
v 2.89970 0.08000 0.63000
v 2.85370 0.27000 -0.66000
v 2.86830 0.12000 -0.40000
v 2.86830 0.12000 -0.66000
v 2.85370 0.27000 -0.40000
v 2.85370 0.27000 0.66000
v 2.86830 0.12000 0.40000
v 2.85370 0.27000 0.40000
v 2.86830 0.12000 0.66000
v 2.83010 0.34000 -0.61000
v 2.85690 0.04000 -0.44000
v 2.85690 0.04000 -0.61000
v 2.83010 0.34000 -0.44000
v 2.83010 0.34000 0.61000
v 2.85690 0.04000 0.44000
v 2.83010 0.34000 0.44000
v 2.85690 0.04000 0.61000
v 0.00800 0.19000 -0.62000
v 0.07220 0.02000 -0.76000
v 0.02300 0.02000 -0.61000
v 0.05720 0.19000 -0.76000
v 0.07220 0.02000 0.76000
v 0.00800 0.19000 0.62000
v 0.02300 0.02000 0.61000
v 0.05720 0.19000 0.76000
v 0.03030 0.16000 -0.59000
v 0.10010 0.05000 -0.77000
v 0.04030 0.05000 -0.59000
v 0.09000 0.16000 -0.77000
v 0.10010 0.05000 0.77000
v 0.03030 0.16000 0.59000
v 0.04030 0.05000 0.59000
v 0.09000 0.16000 0.77000
v 0.04180 0.21000 -0.62000
v 0.10070 0.00000 -0.74000
v 0.06020 0.00000 -0.62000
v 0.08240 0.21000 -0.74000
v 0.10070 0.00000 0.74000
v 0.04180 0.21000 0.62000
v 0.06020 0.00000 0.62000
v 0.08240 0.21000 0.74000
v -0.05360 0.19000 -0.45000
v -0.05360 0.19000 -0.60000
v -0.03780 0.02000 -0.60000
v -0.03780 0.02000 -0.45000
v -0.03780 0.02000 0.60000
v -0.05360 0.19000 0.45000
v -0.03780 0.02000 0.45000
v -0.05360 0.19000 0.60000
v -0.02450 0.16000 -0.43000
v -0.02450 0.16000 -0.62000
v -0.01390 0.05000 -0.62000
v -0.01390 0.05000 -0.43000
v -0.01390 0.05000 0.62000
v -0.02450 0.16000 0.43000
v -0.01390 0.05000 0.43000
v -0.02450 0.16000 0.62000
v -0.02250 0.21000 -0.46000
v -0.00310 0.00000 -0.59000
v -0.00310 0.00000 -0.46000
v -0.02250 0.21000 -0.59000
v -0.00310 0.00000 0.59000
v -0.02250 0.21000 0.46000
v -0.00310 0.00000 0.46000
v -0.02250 0.21000 0.59000
v 2.53600 0.21000 -0.53000
v 2.63550 0.04000 -0.42000
v 2.54900 0.04000 -0.54000
v 2.62240 0.21000 -0.41000
v 2.63550 0.04000 0.42000
v 2.53600 0.21000 0.53000
v 2.54900 0.04000 0.54000
v 2.62240 0.21000 0.41000
v 2.51230 0.18000 -0.54000
v 2.62590 0.07000 -0.39000
v 2.52100 0.07000 -0.54000
v 2.61710 0.18000 -0.38000
v 2.62590 0.07000 0.39000
v 2.51230 0.18000 0.54000
v 2.52100 0.07000 0.54000
v 2.61710 0.18000 0.38000
v 2.51500 0.23000 -0.50000
v 2.60220 0.02000 -0.41000
v 2.53100 0.02000 -0.51000
v 2.58620 0.23000 -0.40000
v 2.60220 0.02000 0.41000
v 2.51500 0.23000 0.50000
v 2.53100 0.02000 0.51000
v 2.58620 0.23000 0.40000
v 2.52400 0.21000 -0.60000
v 2.53980 0.04000 -0.45000
v 2.53980 0.04000 -0.60000
v 2.52400 0.21000 -0.45000
v 2.53980 0.04000 0.45000
v 2.52400 0.21000 0.60000
v 2.53980 0.04000 0.60000
v 2.52400 0.21000 0.45000
v 2.50640 0.18000 -0.62000
v 2.51700 0.07000 -0.43000
v 2.51700 0.07000 -0.62000
v 2.50640 0.18000 -0.43000
v 0.19300 0.28000 -0.42000
v 0.21480 0.05000 -0.63000
v 0.21480 0.05000 -0.42000
v 0.19300 0.28000 -0.63000
v 2.51700 0.07000 0.43000
v 2.50640 0.18000 0.62000
v 2.51700 0.07000 0.62000
v 2.50640 0.18000 0.43000
v 0.21480 0.05000 0.63000
v 0.19300 0.28000 0.42000
v 0.21480 0.05000 0.42000
v 0.19300 0.28000 0.63000
v 2.48940 0.23000 -0.59000
v 2.50880 0.02000 -0.46000
v 2.50880 0.02000 -0.59000
v 2.48940 0.23000 -0.46000
v 2.50880 0.02000 0.46000
v 2.48940 0.23000 0.59000
v 2.50880 0.02000 0.59000
v 2.48940 0.23000 0.46000
v 0.23320 0.24000 -0.40000
v 0.23320 0.24000 -0.66000
v 0.24780 0.09000 -0.66000
v 0.24780 0.09000 -0.40000
v 0.24780 0.09000 0.66000
v 0.23320 0.24000 0.40000
v 0.24780 0.09000 0.40000
v 0.23320 0.24000 0.66000
v 0.23600 0.31000 -0.44000
v 0.26270 0.02000 -0.61000
v 0.26270 0.02000 -0.44000
v 0.23600 0.31000 -0.61000
v 0.26270 0.02000 0.61000
v 0.23600 0.31000 0.44000
v 0.26270 0.02000 0.44000
v 0.23600 0.31000 0.61000
v 0.02240 0.16000 -0.40000
v 0.22600 0.07000 -0.54000
v 0.03120 0.05000 -0.41000
v 0.21720 0.18000 -0.54000
v 0.22600 0.07000 0.54000
v 0.02240 0.16000 0.40000
v 0.03120 0.05000 0.41000
v 0.21720 0.18000 0.54000
v 0.00760 0.19000 -0.37000
v 0.25400 0.04000 -0.54000
v 0.02070 0.02000 -0.38000
v 0.24090 0.21000 -0.53000
v 0.25400 0.04000 0.54000
v 0.00760 0.19000 0.37000
v 0.02070 0.02000 0.38000
v 0.24090 0.21000 0.53000
v 2.39510 0.05000 -0.77000
v 2.60850 0.18000 -0.69000
v 2.61850 0.07000 -0.69000
v 2.38510 0.16000 -0.77000
v 2.60850 0.18000 0.69000
v 2.39510 0.05000 0.77000
v 2.61850 0.07000 0.69000
v 2.38510 0.16000 0.77000
v 0.04090 0.21000 -0.38000
v 0.23590 0.02000 -0.51000
v 0.05690 0.00000 -0.39000
v 0.21990 0.23000 -0.50000
v 0.23590 0.02000 0.51000
v 0.04090 0.21000 0.38000
v 0.05690 0.00000 0.39000
v 0.21990 0.23000 0.50000
v 2.36730 0.02000 -0.76000
v 2.61990 0.21000 -0.67000
v 2.63480 0.04000 -0.67000
v 2.35230 0.19000 -0.76000
v 2.61990 0.21000 0.67000
v 2.36730 0.02000 0.76000
v 2.63480 0.04000 0.67000
v 2.35230 0.19000 0.76000
v 2.39580 0.00000 -0.74000
v 2.58270 0.23000 -0.67000
v 2.60110 0.02000 -0.67000
v 2.37740 0.21000 -0.74000
v 2.58270 0.23000 0.67000
v 2.39580 0.00000 0.74000
v 2.60110 0.02000 0.67000
v 2.37740 0.21000 0.74000
v 2.57060 0.21000 -0.53000
v 2.58560 0.04000 -0.52000
v 2.57060 0.21000 0.53000
v 2.58560 0.04000 0.52000
v 2.54870 0.18000 -0.52000
v 2.55880 0.07000 -0.52000
v 2.54870 0.18000 0.52000
v 2.55880 0.07000 0.52000
v 2.54220 0.23000 -0.55000
v 2.56050 0.02000 -0.55000
v 2.54220 0.23000 0.55000
v 2.56050 0.02000 0.55000
v 0.10710 0.02000 -0.26000
v 0.09400 0.19000 -0.25000
v 0.10710 0.02000 0.26000
v 0.09400 0.19000 0.25000
v 0.13600 0.05000 -0.26000
v 0.12730 0.16000 -0.25000
v 0.13600 0.05000 0.26000
v 0.12730 0.16000 0.25000
v 0.12820 0.00000 -0.29000
v 0.11210 0.21000 -0.28000
v 0.12820 0.00000 0.29000
v 0.11210 0.21000 0.28000
v 2.54290 0.09000 -0.66000
v 2.52830 0.24000 -0.66000
v 0.55860 0.27000 -0.66000
v 0.57320 0.12000 -0.66000
v 2.54290 0.09000 0.66000
v 2.52830 0.24000 0.66000
v 0.55860 0.27000 0.66000
v 0.57320 0.12000 0.66000
v 2.50990 0.05000 -0.63000
v 2.48810 0.28000 -0.63000
v 0.58280 0.31000 -0.63000
v 0.60470 0.08000 -0.63000
v 2.50990 0.05000 0.63000
v 2.48810 0.28000 0.63000
v 0.58280 0.31000 0.63000
v 0.60470 0.08000 0.63000
v 2.28110 0.05000 -0.62000
v 2.27060 0.16000 -0.62000
v 0.21140 0.18000 -0.62000
v 0.22200 0.07000 -0.62000
v 2.28110 0.05000 0.62000
v 2.27060 0.16000 0.62000
v 0.21140 0.18000 0.62000
v 0.22200 0.07000 0.62000
v 0.53510 0.34000 -0.61000
v 0.56180 0.04000 -0.61000
v 2.55780 0.02000 -0.61000
v 2.53100 0.31000 -0.61000
v 2.55780 0.02000 0.61000
v 2.53100 0.31000 0.61000
v 0.53510 0.34000 0.61000
v 0.56180 0.04000 0.61000
v 2.25720 0.02000 -0.60000
v 2.24140 0.19000 -0.60000
v 0.22890 0.21000 -0.60000
v 0.24480 0.04000 -0.60000
v 2.25720 0.02000 0.60000
v 2.24140 0.19000 0.60000
v 0.22890 0.21000 0.60000
v 0.24480 0.04000 0.60000
v 2.29200 0.00000 -0.59000
v 2.27260 0.21000 -0.59000
v 0.19430 0.23000 -0.59000
v 0.21370 0.02000 -0.59000
v 2.29200 0.00000 0.59000
v 2.27260 0.21000 0.59000
v 0.19430 0.23000 0.59000
v 0.21370 0.02000 0.59000
v 2.42240 0.16000 -0.25000
v 2.43110 0.05000 -0.26000
v 2.42240 0.16000 0.25000
v 2.43110 0.05000 0.26000
v 2.38910 0.19000 -0.25000
v 2.40220 0.02000 -0.26000
v 2.38910 0.19000 0.25000
v 2.40220 0.02000 0.26000
v 2.40720 0.21000 -0.28000
v 2.42320 0.00000 -0.29000
v 2.40720 0.21000 0.28000
v 2.42320 0.00000 0.29000
v 0.31340 0.18000 -0.69000
v 0.32340 0.07000 -0.69000
v 0.31340 0.18000 0.69000
v 0.32340 0.07000 0.69000
v 0.32480 0.21000 -0.67000
v 0.33980 0.04000 -0.67000
v 0.32480 0.21000 0.67000
v 0.33980 0.04000 0.67000
v 0.28770 0.23000 -0.67000
v 0.30600 0.02000 -0.67000
v 0.28770 0.23000 0.67000
v 0.30600 0.02000 0.67000
v 0.53510 0.34000 -0.44000
v 0.53510 0.34000 0.44000
v 0.58280 0.31000 -0.42000
v 0.58280 0.31000 0.42000
v 2.35200 0.00000 -0.39000
v 2.35200 0.00000 0.39000
v 2.29200 0.00000 -0.46000
v 2.29200 0.00000 0.46000
v 2.55780 0.02000 -0.44000
v 0.55860 0.27000 -0.40000
v 2.55780 0.02000 0.44000
v 0.55860 0.27000 0.40000
v 0.24710 0.23000 -0.55000
v 0.24710 0.23000 0.55000
v 2.35520 0.00000 -0.62000
v 2.31570 0.02000 -0.38000
v 2.31570 0.02000 0.38000
v 2.35520 0.00000 0.62000
v 0.19430 0.23000 -0.46000
v 0.19430 0.23000 0.46000
v 2.25720 0.02000 -0.45000
v 2.25720 0.02000 0.45000
v 2.50990 0.05000 -0.42000
v 2.50990 0.05000 0.42000
v 0.27560 0.21000 -0.53000
v 0.27560 0.21000 0.53000
v 2.31800 0.02000 -0.61000
v 2.31800 0.02000 0.61000
v 0.22890 0.21000 -0.45000
v 0.22890 0.21000 0.45000
v 2.32620 0.05000 -0.41000
v 2.32620 0.05000 0.41000
v 2.28110 0.05000 -0.43000
v 2.28110 0.05000 0.43000
v 0.29120 0.23000 -0.40000
v 0.29120 0.23000 0.40000
v 0.25370 0.18000 -0.52000
v 0.25370 0.18000 0.52000
v 2.33540 0.05000 -0.59000
v 2.33540 0.05000 0.59000
v 0.21140 0.18000 -0.43000
v 0.21140 0.18000 0.43000
v 0.32740 0.21000 -0.41000
v 0.32740 0.21000 0.41000
v 2.54290 0.09000 -0.40000
v 2.54290 0.09000 0.40000
v 2.53100 0.31000 -0.44000
v 2.53100 0.31000 0.44000
v 0.32210 0.18000 -0.38000
v 0.32210 0.18000 0.38000
v 2.48810 0.28000 -0.42000
v 2.48810 0.28000 0.42000
v 0.30720 0.02000 -0.41000
v 0.30720 0.02000 0.41000
v 0.34040 0.04000 -0.42000
v 0.34040 0.04000 0.42000
v 0.21370 0.02000 -0.46000
v 0.21370 0.02000 0.46000
v 2.33690 0.21000 -0.62000
v 2.33690 0.21000 0.62000
v 0.56180 0.04000 -0.44000
v 2.52830 0.24000 -0.40000
v 0.56180 0.04000 0.44000
v 2.52830 0.24000 0.40000
v 0.26550 0.02000 -0.55000
v 0.26550 0.02000 0.55000
v 0.33080 0.07000 -0.39000
v 2.27260 0.21000 -0.46000
v 0.33080 0.07000 0.39000
v 2.27260 0.21000 0.46000
v 0.24480 0.04000 -0.45000
v 0.24480 0.04000 0.45000
v 2.30300 0.19000 -0.62000
v 2.30300 0.19000 0.62000
v 0.29060 0.04000 -0.52000
v 2.33600 0.21000 -0.38000
v 0.29060 0.04000 0.52000
v 2.33600 0.21000 0.38000
v 0.60470 0.08000 -0.42000
v 0.60470 0.08000 0.42000
v 2.24140 0.19000 -0.45000
v 2.24140 0.19000 0.45000
v 2.30260 0.19000 -0.37000
v 2.30260 0.19000 0.37000
v 0.22200 0.07000 -0.43000
v 0.22200 0.07000 0.43000
v 2.32540 0.16000 -0.59000
v 2.32540 0.16000 0.59000
v 0.26370 0.07000 -0.52000
v 0.26370 0.07000 0.52000
v 2.27060 0.16000 -0.43000
v 2.27060 0.16000 0.43000
v 0.57320 0.12000 -0.40000
v 0.57320 0.12000 0.40000
v 2.31750 0.16000 -0.40000
v 2.31750 0.16000 0.40000
v 0.05590 2.94000 0.32000
v -0.22610 2.68000 -0.32000
v 0.05590 2.94000 -0.32000
v -0.22610 2.68000 0.32000
v 0.33780 3.20000 0.32000
v 0.33780 3.20000 -0.32000
v -1.20230 4.33000 -0.32000
v -1.20230 4.33000 0.32000
v -0.92030 4.59000 -0.32000
v -0.92030 4.59000 0.32000
v -1.48430 4.07000 -0.32000
v -1.48430 4.07000 0.32000
v 0.15470 3.24000 0.40000
v -0.25080 2.87000 -0.40000
v 0.15470 3.24000 -0.40000
v -0.25080 2.87000 0.40000
v -1.30110 4.03000 -0.40000
v -1.30110 4.03000 0.40000
v -0.89560 4.40000 -0.40000
v -0.89560 4.40000 0.40000
v -0.11330 3.13000 0.25000
v -0.44910 2.82000 -0.25000
v -0.11330 3.13000 -0.25000
v -0.44910 2.82000 0.25000
v 0.22250 3.43000 0.25000
v 0.22250 3.43000 -0.25000
v -1.36890 3.84000 -0.25000
v -1.36890 3.84000 0.25000
v -1.03310 4.14000 -0.25000
v -1.03310 4.14000 0.25000
v -0.69730 4.45000 -0.25000
v -0.69730 4.45000 0.25000
v -0.33070 4.15000 -0.50000
v 1.07420 4.33000 0.50000
v 1.07420 4.33000 -0.50000
v -0.33070 4.15000 0.50000
v -0.54620 2.97000 0.61000
v -0.68740 3.96000 -0.61000
v -0.54620 2.97000 -0.61000
v -0.68740 3.96000 0.61000
v -0.44310 2.28000 0.59000
v -0.51850 2.97000 -0.58000
v -0.44310 2.28000 -0.59000
v -0.51850 2.97000 0.58000
v 1.32940 4.22000 0.61000
v 1.47060 3.23000 -0.61000
v 1.32940 4.22000 -0.61000
v 1.47060 3.23000 0.61000
v 1.44290 3.23000 0.58000
v 1.52840 2.54000 -0.59000
v 1.44290 3.23000 -0.58000
v 1.52840 2.54000 0.59000
v 1.31010 2.37000 -0.48000
v -0.04950 2.19000 0.48000
v -0.04950 2.19000 -0.48000
v 1.31010 2.37000 0.48000
v 1.21100 4.00000 0.74000
v 1.32740 3.12000 -0.74000
v 1.21100 4.00000 -0.74000
v 1.32740 3.12000 0.74000
v 1.29970 3.11000 0.71000
v 1.35580 2.73000 -0.71000
v 1.29970 3.11000 -0.71000
v 1.35580 2.73000 0.71000
v -0.26010 2.91000 0.74000
v -0.37650 3.79000 -0.74000
v -0.26010 2.91000 -0.74000
v -0.37650 3.79000 0.74000
v -0.18640 2.52000 0.71000
v -0.23240 2.91000 -0.71000
v -0.18640 2.52000 -0.71000
v -0.23240 2.91000 0.71000
v 1.22620 3.18000 -0.50000
v 1.22620 3.18000 0.50000
v 1.19850 3.18000 0.47000
v 1.19850 3.18000 -0.47000
v -0.17870 2.99000 0.50000
v -0.17870 2.99000 -0.50000
v -0.15090 3.00000 -0.47000
v -0.15090 3.00000 0.47000
v -1.64100 5.19000 0.25000
v -1.61110 5.05000 -0.25000
v -1.64100 5.19000 -0.25000
v -1.61110 5.05000 0.25000
v -1.74000 5.65000 0.25000
v -1.74000 5.65000 -0.25000
v -1.75730 5.23000 0.31000
v -1.73150 5.11000 -0.31000
v -1.75730 5.23000 -0.31000
v -1.73150 5.11000 0.31000
v -1.82710 5.56000 0.31000
v -1.82710 5.56000 -0.31000
v -1.83790 5.30000 0.21000
v -1.75880 4.93000 -0.21000
v -1.83790 5.30000 -0.21000
v -1.75880 4.93000 0.21000
v -1.91700 5.66000 0.21000
v -1.91700 5.66000 -0.21000
v -2.93300 4.78000 0.25000
v -2.96300 4.91000 -0.25000
v -2.93300 4.78000 -0.25000
v -2.96300 4.91000 0.25000
v -3.06190 5.38000 -0.25000
v -3.06190 5.38000 0.25000
v -2.74750 4.72000 0.21000
v -2.74750 4.72000 -0.21000
v -2.13580 4.90000 -0.26000
v -2.49660 4.83000 0.26000
v -2.49660 4.83000 -0.26000
v -2.13580 4.90000 0.26000
v -2.84870 4.88000 0.31000
v -2.87440 5.00000 -0.31000
v -2.84870 4.88000 -0.31000
v -2.87440 5.00000 0.31000
v -2.94430 5.33000 -0.31000
v -2.94430 5.33000 0.31000
v -1.97950 4.99000 -0.31000
v -2.67360 4.85000 0.31000
v -2.67360 4.85000 -0.31000
v -1.97950 4.99000 0.31000
v -2.57830 5.53000 -0.39000
v -2.39480 5.57000 -0.40000
v -2.38090 5.50000 -0.41000
v -2.56440 5.46000 -0.40000
v -2.57830 5.53000 0.39000
v -2.38090 5.50000 0.41000
v -2.39480 5.57000 0.40000
v -2.56440 5.46000 0.40000
v -2.57000 5.53000 -0.38000
v -2.67760 5.36000 -0.41000
v -2.72160 5.42000 -0.39000
v -2.52600 5.47000 -0.40000
v -2.67760 5.36000 0.41000
v -2.57000 5.53000 0.38000
v -2.72160 5.42000 0.39000
v -2.52600 5.47000 0.40000
v -2.82650 5.09000 -0.21000
v -2.82650 5.09000 0.21000
v -2.90560 5.46000 -0.21000
v -2.90560 5.46000 0.21000
v -2.04960 5.31000 0.31000
v -2.04960 5.31000 -0.31000
v -2.11960 5.64000 0.31000
v -2.11960 5.64000 -0.31000
v -2.52500 5.44000 -0.39000
v -2.50020 5.42000 -0.39000
v -2.52100 5.42000 -0.39000
v -2.50420 5.44000 -0.39000
v -2.52500 5.44000 0.39000
v -2.50020 5.42000 0.39000
v -2.50420 5.44000 0.39000
v -2.52100 5.42000 0.39000
v -2.60190 5.44000 -0.39000
v -2.50440 5.38000 -0.39000
v -2.58620 5.36000 -0.39000
v -2.52020 5.47000 -0.39000
v -2.50440 5.38000 0.39000
v -2.60190 5.44000 0.39000
v -2.58620 5.36000 0.39000
v -2.52020 5.47000 0.39000
v -2.56130 5.40000 -0.39000
v -2.48490 5.35000 -0.39000
v -2.54870 5.34000 -0.39000
v -2.49750 5.42000 -0.39000
v -2.48490 5.35000 0.39000
v -2.56130 5.40000 0.39000
v -2.54870 5.34000 0.39000
v -2.49750 5.42000 0.39000
v -2.56360 5.45000 -0.39000
v -2.49020 5.41000 -0.39000
v -2.55140 5.39000 -0.39000
v -2.50230 5.47000 -0.39000
v -2.49020 5.41000 0.39000
v -2.56360 5.45000 0.39000
v -2.55140 5.39000 0.39000
v -2.50230 5.47000 0.39000
v -2.60080 5.45000 -0.39000
v -2.44280 5.36000 -0.39000
v -2.57900 5.32000 -0.39000
v -2.46450 5.48000 -0.39000
v -2.44280 5.36000 0.39000
v -2.60080 5.45000 0.39000
v -2.57900 5.32000 0.39000
v -2.46450 5.48000 0.39000
v -2.57410 5.39000 -0.38000
v -2.47190 5.42000 -0.38000
v -2.46020 5.34000 -0.38000
v -2.56230 5.32000 -0.38000
v -2.53680 5.46000 -0.38000
v -2.41440 5.38000 -0.38000
v -2.51660 5.36000 -0.38000
v -2.43470 5.49000 -0.38000
v -2.57410 5.39000 0.38000
v -2.46020 5.34000 0.38000
v -2.47190 5.42000 0.38000
v -2.56230 5.32000 0.38000
v -2.41440 5.38000 0.38000
v -2.53680 5.46000 0.38000
v -2.51660 5.36000 0.38000
v -2.43470 5.49000 0.38000
v -2.09710 5.03000 -0.38000
v -2.58640 4.94000 0.38000
v -2.58640 4.94000 -0.38000
v -2.09710 5.03000 0.38000
v -2.15190 5.29000 -0.38000
v -2.64130 5.19000 -0.38000
v -2.20680 5.55000 -0.38000
v -2.69610 5.45000 -0.38000
v -2.15190 5.29000 0.38000
v -2.64130 5.19000 0.38000
v -2.20680 5.55000 0.38000
v -2.69610 5.45000 0.38000
v -2.61320 5.34000 -0.41000
v -2.46210 5.41000 -0.40000
v -2.43820 5.35000 -0.39000
v -2.58940 5.29000 -0.39000
v -2.39570 5.49000 -0.41000
v -2.44460 5.35000 -0.39000
v -2.49150 5.39000 -0.40000
v -2.34880 5.45000 -0.40000
v -2.61320 5.34000 0.41000
v -2.43820 5.35000 0.39000
v -2.46210 5.41000 0.40000
v -2.58940 5.29000 0.39000
v -2.44460 5.35000 0.39000
v -2.39570 5.49000 0.41000
v -2.49150 5.39000 0.40000
v -2.34880 5.45000 0.40000
v -2.74360 5.17000 -0.31000
v -2.81370 5.50000 -0.31000
v -2.74360 5.17000 0.31000
v -2.81370 5.50000 0.31000
v -2.21550 5.28000 -0.26000
v -2.57630 5.21000 -0.26000
v -2.29460 5.65000 -0.26000
v -2.65550 5.58000 -0.26000
v -2.29460 5.65000 0.26000
v -2.65550 5.58000 0.26000
v -2.21550 5.28000 0.26000
v -2.57630 5.21000 0.26000
v -2.66790 5.33000 -0.28000
v -2.71190 5.39000 -0.27000
v -2.66790 5.33000 0.28000
v -2.71190 5.39000 0.27000
v -2.40780 5.51000 -0.31000
v -2.36090 5.47000 -0.29000
v -2.40780 5.51000 0.31000
v -2.36090 5.47000 0.29000
v -2.62530 5.37000 -0.30000
v -2.60140 5.31000 -0.29000
v -2.62530 5.37000 0.30000
v -2.60140 5.31000 0.29000
v -2.47410 5.43000 -0.30000
v -2.47410 5.43000 0.30000
v -2.50350 5.41000 -0.30000
v -2.50350 5.41000 0.30000
v -2.37060 5.47000 -0.28000
v -2.38450 5.54000 -0.27000
v -2.37060 5.47000 0.28000
v -2.38450 5.54000 0.27000
v -2.43470 5.49000 -0.35000
v -2.53680 5.46000 -0.35000
v -2.43470 5.49000 0.35000
v -2.53680 5.46000 0.35000
v -2.46450 5.48000 -0.34000
v -2.60080 5.45000 -0.34000
v -2.46450 5.48000 0.34000
v -2.60080 5.45000 0.34000
v -2.56360 5.45000 -0.36000
v -2.50230 5.47000 -0.36000
v -2.56360 5.45000 0.36000
v -2.50230 5.47000 0.36000
v -2.52020 5.47000 -0.35000
v -2.60190 5.44000 -0.35000
v -2.52020 5.47000 0.35000
v -2.60190 5.44000 0.35000
v -2.56030 5.50000 -0.26000
v -2.56030 5.50000 0.26000
v -2.58620 5.36000 -0.35000
v -2.58620 5.36000 0.35000
v -2.57900 5.32000 -0.34000
v -2.57900 5.32000 0.34000
v -2.56800 5.50000 -0.26000
v -2.56800 5.50000 0.26000
v -2.52500 5.44000 -0.38000
v -2.50420 5.44000 -0.38000
v -2.52500 5.44000 0.38000
v -2.50420 5.44000 0.38000
v -2.56230 5.32000 -0.35000
v -2.57410 5.39000 -0.35000
v -2.56230 5.32000 0.35000
v -2.57410 5.39000 0.35000
v -2.54870 5.34000 -0.36000
v -2.56130 5.40000 -0.36000
v -2.56130 5.40000 0.36000
v -2.54870 5.34000 0.36000
v -2.49750 5.42000 -0.36000
v -2.55140 5.39000 -0.36000
v -2.49750 5.42000 0.36000
v -2.55140 5.39000 0.36000
v -2.47190 5.42000 -0.35000
v -2.47190 5.42000 0.35000
v -2.41440 5.38000 -0.35000
v -2.41440 5.38000 0.35000
v -2.55410 5.43000 -0.27000
v -2.55410 5.43000 0.27000
v -2.51660 5.36000 -0.35000
v -2.51660 5.36000 0.35000
v -2.52100 5.42000 -0.38000
v -2.52100 5.42000 0.38000
v -2.44280 5.36000 -0.34000
v -2.44280 5.36000 0.34000
v -2.45020 5.37000 -0.28000
v -2.45020 5.37000 0.28000
v -2.46020 5.34000 -0.35000
v -2.46020 5.34000 0.35000
v -2.51630 5.44000 -0.27000
v -2.51630 5.44000 0.27000
v -2.48490 5.35000 -0.36000
v -2.48490 5.35000 0.36000
v -2.49020 5.41000 -0.36000
v -2.49020 5.41000 0.36000
v -2.50020 5.42000 -0.38000
v -2.50020 5.42000 0.38000
v -2.50440 5.38000 -0.35000
v -2.50440 5.38000 0.35000
v -2.45660 5.37000 -0.28000
v -2.45660 5.37000 0.28000
v -2.83410 4.92000 0.11000
v -2.75000 4.83000 -0.11000
v -2.83410 4.92000 -0.11000
v -2.75000 4.83000 0.11000
v -2.83470 4.92000 0.17000
v -2.71840 4.78000 -0.17000
v -2.83470 4.92000 -0.17000
v -2.71840 4.78000 0.17000
v -2.89990 4.63000 -0.17000
v -3.01630 4.76000 -0.17000
v -2.89990 4.63000 0.17000
v -3.01630 4.76000 0.17000
v -2.94910 4.58000 -0.12000
v -2.94910 4.58000 0.12000
v -3.06420 4.66000 -0.12000
v -3.06420 4.66000 0.12000
v -3.04580 4.66000 -0.09000
v -3.04580 4.66000 0.09000
v -3.06140 4.67000 -0.09000
v -3.06140 4.67000 0.09000
v -2.83990 4.73000 -0.12000
v -2.95500 4.81000 -0.12000
v -2.95500 4.81000 0.12000
v -2.83990 4.73000 0.12000
v -2.94400 4.66000 -0.11000
v -3.02810 4.76000 -0.11000
v -2.94400 4.66000 0.11000
v -3.02810 4.76000 0.11000
v -2.95510 4.81000 -0.09000
v -2.94070 4.81000 -0.09000
v -2.95510 4.81000 0.09000
v -2.94070 4.81000 0.09000
v 2.03870 4.16000 -0.43000
v 3.15080 4.16000 0.43000
v 3.15080 4.16000 -0.43000
v 2.03870 4.16000 0.43000
v 1.83460 4.03000 -0.52000
v 3.28290 4.04000 0.52000
v 3.28290 4.04000 -0.52000
v 1.83460 4.03000 0.52000
v 1.83810 3.07000 0.52000
v 1.83810 3.07000 -0.52000
v 1.86340 2.59000 0.50000
v 1.86610 3.07000 -0.49000
v 1.86340 2.59000 -0.50000
v 1.86610 3.07000 0.49000
v 3.37950 3.79000 0.33000
v 3.38250 3.08000 -0.33000
v 3.37950 3.79000 -0.33000
v 3.38250 3.08000 0.33000
v 1.96420 3.08000 0.63000
v 1.96100 3.86000 -0.63000
v 1.96420 3.08000 -0.63000
v 1.96100 3.86000 0.63000
v 3.23090 3.86000 0.63000
v 3.23090 3.86000 -0.63000
v 3.13500 2.47000 -0.41000
v 2.06860 2.47000 0.41000
v 2.06860 2.47000 -0.41000
v 3.13500 2.47000 0.41000
v 3.35450 3.08000 0.30000
v 3.36040 2.89000 -0.30000
v 3.35450 3.08000 -0.30000
v 3.36040 2.89000 0.30000
v 1.98840 2.76000 0.61000
v 1.99220 3.08000 -0.60000
v 1.98840 2.76000 -0.61000
v 1.99220 3.08000 0.60000
v 3.23420 3.09000 -0.63000
v 3.23420 3.09000 0.63000
v 2.04370 2.94000 0.43000
v 2.04370 2.94000 -0.43000
v 2.47410 3.79000 -0.33000
v 2.47410 3.79000 0.33000
v 3.28640 3.07000 -0.52000
v 3.28640 3.07000 0.52000
v 3.21260 2.77000 -0.61000
v 3.20620 3.09000 -0.60000
v 3.21260 2.77000 0.61000
v 3.20620 3.09000 0.60000
v 2.07170 2.94000 -0.40000
v 2.07170 2.94000 0.40000
v 3.25840 3.07000 0.49000
v 3.26600 2.59000 -0.50000
v 3.25840 3.07000 -0.49000
v 3.26600 2.59000 0.50000
v 3.15590 2.95000 -0.43000
v 3.15590 2.95000 0.43000
v 3.12790 2.95000 0.40000
v 3.12790 2.95000 -0.40000
v 2.47700 3.08000 -0.33000
v 2.47700 3.08000 0.33000
v 2.50500 3.08000 -0.30000
v 2.50070 2.89000 -0.30000
v 2.50500 3.08000 0.30000
v 2.50070 2.89000 0.30000
v -3.54470 4.07000 -0.12000
v -3.54470 4.07000 0.12000
v -3.77140 4.12000 -0.12000
v -3.77140 4.12000 0.12000
v -3.65430 4.63000 0.12000
v -3.42760 4.58000 -0.12000
v -3.65430 4.63000 -0.12000
v -3.42760 4.58000 0.12000
v -3.56300 4.11000 -0.15000
v -3.56300 4.11000 0.15000
v -3.73500 4.15000 -0.15000
v -3.73500 4.15000 0.15000
v -3.63600 4.58000 0.15000
v -3.46410 4.54000 -0.15000
v -3.63600 4.58000 -0.15000
v -3.46410 4.54000 0.15000
v -3.51140 4.13000 -0.10000
v -3.51140 4.13000 0.10000
v -3.77520 4.19000 -0.10000
v -3.77520 4.19000 0.10000
v -3.68770 4.57000 0.10000
v -3.42380 4.51000 -0.10000
v -3.68770 4.57000 -0.10000
v -3.42380 4.51000 0.10000
v -1.01900 4.06000 0.27000
v -1.26300 3.84000 -0.27000
v -1.01900 4.06000 -0.27000
v -1.26300 3.84000 0.27000
v -0.77500 4.29000 0.27000
v -0.77500 4.29000 -0.27000
v -2.12180 5.28000 -0.27000
v -2.12180 5.28000 0.27000
v -1.87780 5.51000 -0.27000
v -1.87780 5.51000 0.27000
v -2.36580 5.06000 -0.27000
v -2.36580 5.06000 0.27000
v -0.93700 4.32000 0.34000
v -1.28490 4.01000 -0.34000
v -0.93700 4.32000 -0.34000
v -1.28490 4.01000 0.34000
v -2.20390 5.02000 -0.34000
v -2.20390 5.02000 0.34000
v -1.85600 5.34000 -0.34000
v -1.85600 5.34000 0.34000
v -1.16860 4.23000 0.21000
v -1.46020 3.96000 -0.21000
v -1.16860 4.23000 -0.21000
v -1.46020 3.96000 0.21000
v -0.87700 4.50000 0.21000
v -0.87700 4.50000 -0.21000
v -2.26380 4.85000 -0.21000
v -2.26380 4.85000 0.21000
v -1.97220 5.12000 -0.21000
v -1.97220 5.12000 0.21000
v -1.68060 5.39000 -0.21000
v -1.68060 5.39000 0.21000
v -3.38470 5.07000 0.16000
v -3.12380 4.91000 -0.16000
v -3.38470 5.07000 -0.16000
v -3.12380 4.91000 0.16000
v -3.47650 4.33000 -0.16000
v -3.47650 4.33000 0.16000
v -3.73740 4.48000 -0.16000
v -3.73740 4.48000 0.16000
v -3.38050 5.00000 0.19000
v -3.18260 4.88000 -0.19000
v -3.38050 5.00000 -0.19000
v -3.18260 4.88000 0.19000
v -3.48070 4.39000 -0.19000
v -3.48070 4.39000 0.19000
v -3.67860 4.51000 -0.19000
v -3.67860 4.51000 0.19000
v -3.41070 4.39000 -0.13000
v -3.41070 4.39000 0.13000
v -3.71430 4.57000 -0.13000
v -3.71430 4.57000 0.13000
v -3.44620 4.99000 0.13000
v -3.14690 4.82000 -0.13000
v -3.44620 4.99000 -0.13000
v -3.14690 4.82000 0.13000
v -2.82930 5.46000 0.20000
v -2.60960 5.17000 -0.20000
v -2.82930 5.46000 -0.20000
v -2.60960 5.17000 0.20000
v -3.27970 4.67000 0.20000
v -3.49940 4.97000 -0.20000
v -3.27970 4.67000 -0.20000
v -3.49940 4.97000 0.20000
v -2.85670 5.39000 0.24000
v -2.68830 5.17000 -0.24000
v -2.85670 5.39000 -0.24000
v -2.68830 5.17000 0.24000
v -3.25460 4.75000 0.24000
v -3.42300 4.97000 -0.24000
v -3.25460 4.75000 -0.24000
v -3.42300 4.97000 0.24000
v -3.17700 4.71000 0.16000
v -3.43480 5.06000 -0.16000
v -3.17700 4.71000 -0.16000
v -3.43480 5.06000 0.16000
v -3.02480 5.37000 0.16000
v -2.67590 5.08000 -0.16000
v -3.02480 5.37000 -0.16000
v -2.67590 5.08000 0.16000
v -1.90350 5.43000 -0.10000
v -1.98980 5.37000 -0.24000
v -1.86730 5.42000 -0.20000
v -2.02600 5.37000 -0.14000
v -1.98980 5.37000 0.24000
v -1.90350 5.43000 0.10000
v -1.86730 5.42000 0.20000
v -2.02600 5.37000 0.14000
v -2.22390 5.98000 -0.40000
v -1.92830 5.77000 -0.29000
v -2.11440 5.69000 -0.35000
v -2.03790 6.06000 -0.35000
v -2.22390 5.98000 0.40000
v -2.11440 5.69000 0.35000
v -1.92830 5.77000 0.29000
v -2.03790 6.06000 0.35000
v -2.23390 5.95000 -0.39000
v -2.12830 5.71000 -0.34000
v -2.14210 5.71000 -0.34000
v -2.22020 5.96000 -0.39000
v -2.23390 5.95000 0.39000
v -2.14210 5.71000 0.34000
v -2.12830 5.71000 0.34000
v -2.22020 5.96000 0.39000
v -2.24620 6.02000 -0.40000
v -1.94680 5.71000 -0.28000
v -2.10600 5.64000 -0.33000
v -2.08700 6.09000 -0.35000
v -2.25850 6.07000 -0.37000
v -2.17310 6.12000 -0.23000
v -2.13870 6.12000 -0.34000
v -2.29300 6.07000 -0.27000
v -2.24620 6.02000 0.40000
v -2.10600 5.64000 0.33000
v -1.94680 5.71000 0.28000
v -2.08700 6.09000 0.35000
v -2.17310 6.12000 0.23000
v -2.25850 6.07000 0.37000
v -2.13870 6.12000 0.34000
v -2.29300 6.07000 0.27000
v -2.25260 5.99000 -0.38000
v -2.12130 5.68000 -0.32000
v -2.13510 5.67000 -0.32000
v -2.23880 5.99000 -0.38000
v -2.25260 5.99000 0.38000
v -2.13510 5.67000 0.32000
v -2.12130 5.68000 0.32000
v -2.23880 5.99000 0.38000
v -2.13000 5.74000 -0.31000
v -2.00750 5.80000 -0.27000
v -2.13000 5.74000 0.31000
v -2.00750 5.80000 0.27000
v -1.98350 5.70000 -0.26000
v -2.10330 5.65000 -0.30000
v -2.10330 5.65000 0.30000
v -1.98350 5.70000 0.26000
v -2.26290 6.02000 -0.36000
v -2.11900 5.68000 -0.29000
v -2.13280 5.68000 -0.30000
v -2.24920 6.03000 -0.36000
v -2.26290 6.02000 0.36000
v -2.13280 5.68000 0.30000
v -2.11900 5.68000 0.29000
v -2.24920 6.03000 0.36000
v -2.27800 6.04000 -0.27000
v -2.29180 6.03000 -0.28000
v -2.27800 6.04000 0.27000
v -2.29180 6.03000 0.28000
v -2.13940 6.10000 -0.19000
v -2.29870 6.03000 -0.24000
v -2.13940 6.10000 0.19000
v -2.29870 6.03000 0.24000
v -2.28280 6.00000 -0.25000
v -2.29660 5.99000 -0.25000
v -2.28280 6.00000 0.25000
v -2.29660 5.99000 0.25000
v -2.10180 6.07000 -0.16000
v -2.28790 5.99000 -0.22000
v -2.10180 6.07000 0.16000
v -2.28790 5.99000 0.22000
v -2.27370 5.97000 -0.23000
v -2.28750 5.96000 -0.23000
v -2.27370 5.97000 0.23000
v -2.28750 5.96000 0.23000
v -2.17900 5.68000 -0.19000
v -2.17900 5.68000 0.19000
v -2.19570 5.72000 -0.19000
v -2.19570 5.72000 0.19000
v -2.16170 5.68000 -0.21000
v -2.16170 5.68000 0.21000
v -2.15850 5.65000 -0.17000
v -2.15850 5.65000 0.17000
v -2.17830 5.70000 -0.16000
v -2.17830 5.70000 0.16000
v -2.01790 5.71000 -0.16000
v -2.13780 5.66000 -0.19000
v -1.99920 5.72000 -0.12000
v -2.01790 5.71000 0.16000
v -2.13780 5.66000 0.19000
v -1.99920 5.72000 0.12000
v -2.16620 5.75000 -0.21000
v -2.16620 5.75000 0.21000
v -1.99230 5.78000 -0.10000
v -1.99230 5.78000 0.10000
v -2.14790 5.69000 -0.21000
v -2.16530 5.68000 -0.19000
v -2.14790 5.69000 0.21000
v -2.16530 5.68000 0.19000
v -2.18190 5.72000 -0.18000
v -2.18190 5.72000 0.18000
v -2.04370 5.80000 -0.17000
v -2.04370 5.80000 0.17000
v 3.76410 2.58000 0.06000
v 3.64280 2.57000 -0.06000
v 3.76410 2.58000 -0.06000
v 3.64280 2.57000 0.06000
v 3.57640 3.09000 -0.06000
v 3.57640 3.09000 0.06000
v 3.69770 3.11000 -0.06000
v 3.69770 3.11000 0.06000
v 3.73340 2.61000 0.10000
v 3.66510 2.60000 -0.10000
v 3.73340 2.61000 -0.10000
v 3.66510 2.60000 0.10000
v 3.60720 3.06000 -0.10000
v 3.60720 3.06000 0.10000
v 3.67540 3.07000 -0.10000
v 3.67540 3.07000 0.10000
v 3.77520 2.64000 0.03000
v 3.61790 2.62000 -0.03000
v 3.77520 2.64000 -0.03000
v 3.61790 2.62000 0.03000
v 3.56530 3.03000 -0.03000
v 3.72260 3.06000 0.03000
v 3.72260 3.06000 -0.03000
v 3.56530 3.03000 0.03000
v 3.73100 3.03000 0.08000
v 3.60330 2.96000 -0.08000
v 3.73100 3.03000 -0.08000
v 3.60330 2.96000 0.08000
v 3.41570 3.32000 -0.08000
v 3.41570 3.32000 0.08000
v 3.54340 3.39000 -0.08000
v 3.54340 3.39000 0.08000
v 3.68430 3.05000 0.12000
v 3.61250 3.01000 -0.12000
v 3.68430 3.05000 -0.12000
v 3.61250 3.01000 0.12000
v 3.46240 3.30000 -0.12000
v 3.46240 3.30000 0.12000
v 3.53420 3.34000 -0.12000
v 3.53420 3.34000 0.12000
v 3.71950 3.10000 0.04000
v 3.55380 3.01000 -0.04000
v 3.71950 3.10000 -0.04000
v 3.55380 3.01000 0.04000
v 3.59290 3.34000 -0.04000
v 3.42720 3.25000 -0.04000
v 3.42720 3.25000 0.04000
v 3.59290 3.34000 0.04000
v 0.19520 1.13000 -0.42000
v 0.22710 0.23000 -0.63000
v 0.22710 0.23000 -0.42000
v 0.19520 1.13000 -0.63000
v 0.22710 0.23000 0.63000
v 0.19520 1.13000 0.42000
v 0.22710 0.23000 0.42000
v 0.19520 1.13000 0.63000
v 3.03410 1.15000 -0.64000
v 2.91930 0.22000 -0.42000
v 2.91930 0.22000 -0.64000
v 3.03410 1.15000 -0.42000
v 2.91930 0.22000 0.42000
v 3.03410 1.15000 0.64000
v 2.91930 0.22000 0.64000
v 3.03410 1.15000 0.42000
v 3.00040 1.11000 -0.66000
v 2.89560 0.27000 -0.39000
v 2.89560 0.27000 -0.66000
v 3.00040 1.11000 -0.39000
v 0.23380 1.09000 -0.40000
v 0.26180 0.28000 -0.66000
v 0.26180 0.28000 -0.40000
v 0.23380 1.09000 -0.66000
v 2.89560 0.27000 0.39000
v 3.00040 1.11000 0.66000
v 2.89560 0.27000 0.66000
v 3.00040 1.11000 0.39000
v 0.26180 0.28000 0.66000
v 0.23380 1.09000 0.40000
v 0.26180 0.28000 0.40000
v 0.23380 1.09000 0.66000
v 2.59080 0.31000 -0.66000
v 2.69560 1.15000 -0.66000
v 2.59080 0.31000 0.66000
v 2.69560 1.15000 0.66000
v 0.52950 1.10000 -0.66000
v 0.55760 0.28000 -0.66000
v 0.52950 1.10000 0.66000
v 0.55760 0.28000 0.66000
v 2.54810 0.27000 -0.64000
v 2.66280 1.20000 -0.64000
v 2.54810 0.27000 0.64000
v 2.66280 1.20000 0.64000
v 2.66280 1.20000 -0.42000
v 2.66280 1.20000 0.42000
v 0.55550 1.15000 -0.63000
v 0.58730 0.24000 -0.63000
v 0.55550 1.15000 0.63000
v 0.58730 0.24000 0.63000
v 2.69560 1.15000 -0.39000
v 2.69560 1.15000 0.39000
v 0.55550 1.15000 -0.42000
v 0.55550 1.15000 0.42000
v 0.52950 1.10000 -0.40000
v 0.52950 1.10000 0.40000
v 0.58730 0.24000 -0.42000
v 0.58730 0.24000 0.42000
v 0.55760 0.28000 -0.40000
v 0.55760 0.28000 0.40000
v 2.54810 0.27000 -0.42000
v 2.54810 0.27000 0.42000
v 2.59080 0.31000 -0.39000
v 2.59080 0.31000 0.39000
v -0.42060 2.42000 0.85000
v -0.55660 3.48000 0.20000
v -0.42060 2.42000 0.20000
v -0.55660 3.48000 0.85000
v -0.36540 2.56000 0.92000
v -0.46870 3.37000 0.13000
v -0.36540 2.56000 0.13000
v -0.46870 3.37000 0.92000
v 3.41830 3.36000 0.85000
v 3.10630 2.33000 0.20000
v 3.41830 3.36000 0.20000
v 3.10630 2.33000 0.85000
v -0.31090 2.34000 0.79000
v -0.46930 3.59000 0.26000
v -0.31090 2.34000 0.26000
v -0.46930 3.59000 0.79000
v 3.29920 3.26000 0.92000
v 3.06250 2.48000 0.13000
v 3.29920 3.26000 0.13000
v 3.06250 2.48000 0.92000
v 3.31140 3.49000 0.79000
v 2.94820 2.29000 0.26000
v 3.31140 3.49000 0.26000
v 2.94820 2.29000 0.79000
v 0.02890 1.59000 0.75000
v -0.21640 2.60000 0.30000
v 0.02890 1.59000 0.30000
v -0.21640 2.60000 0.75000
v 0.08410 1.70000 0.80000
v -0.11760 2.53000 0.25000
v 0.08410 1.70000 0.25000
v -0.11760 2.53000 0.80000
v 0.13930 1.55000 0.71000
v -0.13570 2.69000 0.34000
v 0.13930 1.55000 0.34000
v -0.13570 2.69000 0.71000
v 2.52550 3.74000 0.26000
v 2.52550 3.74000 0.79000
v 2.75890 2.75000 0.75000
v 2.90510 1.72000 0.30000
v 2.75890 2.75000 0.30000
v 2.90510 1.72000 0.75000
v 2.36710 3.70000 0.20000
v 2.36710 3.70000 0.85000
v 2.71240 2.65000 0.80000
v 2.83240 1.80000 0.25000
v 2.71240 2.65000 0.25000
v 2.83240 1.80000 0.80000
v 2.65290 2.80000 0.71000
v 2.81710 1.64000 0.34000
v 2.65290 2.80000 0.34000
v 2.81710 1.64000 0.71000
v 2.43640 3.54000 0.13000
v 2.43640 3.54000 0.92000
v 0.35080 3.68000 0.79000
v 0.35080 3.68000 0.26000
v 2.24140 1.57000 0.71000
v 2.24140 1.57000 0.34000
v 0.50020 3.61000 0.85000
v 0.50020 3.61000 0.20000
v 2.13520 1.62000 0.75000
v 2.13520 1.62000 0.30000
v 2.20040 1.72000 0.80000
v 2.20040 1.72000 0.25000
v 0.43170 3.47000 0.92000
v 0.43170 3.47000 0.13000
v 0.70510 1.68000 0.34000
v 0.70510 1.68000 0.71000
v 0.78560 1.76000 0.30000
v 0.78560 1.76000 0.75000
v 0.70520 1.84000 0.25000
v 0.70520 1.84000 0.80000
v 0.43010 2.82000 0.71000
v 0.43010 2.82000 0.34000
v 2.19970 2.76000 0.13000
v 0.53490 2.66000 0.13000
v 2.19970 2.76000 0.92000
v 0.53490 2.66000 0.92000
v 0.54030 2.78000 0.75000
v 0.54030 2.78000 0.30000
v 2.05510 2.67000 0.20000
v 0.63620 2.54000 0.20000
v 2.05510 2.67000 0.85000
v 0.63620 2.54000 0.85000
v 2.08050 2.57000 0.25000
v 0.50350 2.68000 0.25000
v 2.08050 2.57000 0.80000
v 0.50350 2.68000 0.80000
v 2.16230 2.54000 0.26000
v 0.50920 2.44000 0.26000
v 2.16230 2.54000 0.79000
v 0.50920 2.44000 0.79000
v 1.98900 2.65000 0.30000
v 1.98900 2.65000 0.75000
v 2.07730 2.73000 0.34000
v 2.07730 2.73000 0.71000
v -0.55660 3.48000 -0.20000
v -0.55660 3.48000 -0.85000
v -0.42060 2.42000 -0.85000
v -0.42060 2.42000 -0.20000
v -0.46870 3.37000 -0.13000
v -0.46870 3.37000 -0.92000
v -0.36540 2.56000 -0.92000
v -0.36540 2.56000 -0.13000
v 3.41830 3.36000 -0.85000
v 3.10630 2.33000 -0.20000
v 3.10630 2.33000 -0.85000
v 3.41830 3.36000 -0.20000
v -0.46930 3.59000 -0.79000
v -0.31090 2.34000 -0.79000
v -0.46930 3.59000 -0.26000
v -0.31090 2.34000 -0.26000
v 3.29920 3.26000 -0.92000
v 3.06250 2.48000 -0.13000
v 3.06250 2.48000 -0.92000
v 3.29920 3.26000 -0.13000
v 3.31140 3.49000 -0.79000
v 2.94820 2.29000 -0.26000
v 2.94820 2.29000 -0.79000
v 3.31140 3.49000 -0.26000
v -0.21640 2.60000 -0.75000
v 0.02890 1.59000 -0.75000
v -0.21640 2.60000 -0.30000
v 0.02890 1.59000 -0.30000
v -0.11760 2.53000 -0.25000
v -0.11760 2.53000 -0.80000
v 0.08410 1.70000 -0.80000
v 0.08410 1.70000 -0.25000
v -0.13570 2.69000 -0.71000
v 0.13930 1.55000 -0.71000
v -0.13570 2.69000 -0.34000
v 0.13930 1.55000 -0.34000
v 2.52550 3.74000 -0.79000
v 2.52550 3.74000 -0.26000
v 2.75890 2.75000 -0.75000
v 2.90510 1.72000 -0.30000
v 2.90510 1.72000 -0.75000
v 2.75890 2.75000 -0.30000
v 2.36710 3.70000 -0.85000
v 2.36710 3.70000 -0.20000
v 2.71240 2.65000 -0.80000
v 2.83240 1.80000 -0.25000
v 2.83240 1.80000 -0.80000
v 2.71240 2.65000 -0.25000
v 2.65290 2.80000 -0.71000
v 2.81710 1.64000 -0.34000
v 2.81710 1.64000 -0.71000
v 2.65290 2.80000 -0.34000
v 2.43640 3.54000 -0.92000
v 2.43640 3.54000 -0.13000
v 0.35080 3.68000 -0.79000
v 0.35080 3.68000 -0.26000
v 2.24140 1.57000 -0.71000
v 2.24140 1.57000 -0.34000
v 0.50020 3.61000 -0.85000
v 0.50020 3.61000 -0.20000
v 2.13520 1.62000 -0.75000
v 2.13520 1.62000 -0.30000
v 2.20040 1.72000 -0.80000
v 2.20040 1.72000 -0.25000
v 0.43170 3.47000 -0.92000
v 0.43170 3.47000 -0.13000
v 0.70510 1.68000 -0.34000
v 0.70510 1.68000 -0.71000
v 0.78560 1.76000 -0.30000
v 0.78560 1.76000 -0.75000
v 0.70520 1.84000 -0.25000
v 0.70520 1.84000 -0.80000
v 0.43010 2.82000 -0.71000
v 0.43010 2.82000 -0.34000
v 2.19970 2.76000 -0.92000
v 0.53490 2.66000 -0.92000
v 2.19970 2.76000 -0.13000
v 0.53490 2.66000 -0.13000
v 0.54030 2.78000 -0.75000
v 0.54030 2.78000 -0.30000
v 2.05510 2.67000 -0.85000
v 0.63620 2.54000 -0.85000
v 2.05510 2.67000 -0.20000
v 0.63620 2.54000 -0.20000
v 2.08050 2.57000 -0.80000
v 0.50350 2.68000 -0.80000
v 2.08050 2.57000 -0.25000
v 0.50350 2.68000 -0.25000
v 2.16230 2.54000 -0.79000
v 0.50920 2.44000 -0.79000
v 2.16230 2.54000 -0.26000
v 0.50920 2.44000 -0.26000
v 1.98900 2.65000 -0.75000
v 1.98900 2.65000 -0.30000
v 2.07730 2.73000 -0.71000
v 2.07730 2.73000 -0.34000
vt 0.62500 0.50000
vt 0.37500 0.25000
vt 0.37500 0.50000
vt 0.62500 0.25000
vt 0.62500 1.00000
vt 0.37500 0.75000
vt 0.37500 1.00000
vt 0.62500 0.75000
vt 0.12500 0.50000
vt 0.12500 0.75000
vt 0.62500 0.00000
vt 0.37500 0.00000
vt 0.87500 0.50000
vt 0.87500 0.75000
vt 0.46072 0.25000
vt 0.46072 0.50000
vt 0.44534 0.75000
vt 0.44534 1.00000
vt 0.94430 0.93153
vt 0.94251 0.92630
vt 0.94430 0.92630
vt 0.94251 0.93153
vt 0.94430 0.92108
vt 0.94952 0.92630
vt 0.94952 0.92108
vt 0.94283 0.91585
vt 0.94283 0.92108
vt 0.94430 0.91585
vt 0.45498 0.75000
vt 0.45498 0.50000
vt 0.45498 0.00000
vt 0.45498 0.25000
vt 0.94263 0.92630
vt 0.94263 0.92108
vt 0.94263 0.93153
vt 0.94430 0.93676
vt 0.94263 0.93676
vt 0.45498 1.00000
vt 0.94263 0.91585
vt 0.44534 0.50000
vt 0.44534 0.25000
vt 0.44534 0.00000
vt 0.46072 0.75000
vt 0.46072 1.00000
vt 0.94283 0.92630
vt 0.94283 0.93676
vt 0.94283 0.93153
vt 0.94251 0.91585
vt 0.94251 0.92108
vt 0.46072 0.00000
vt 0.94251 0.93676
vt 0.96483 0.82421
vt 0.96090 0.81635
vt 0.96483 0.81635
vt 0.96090 0.82421
vt 0.50000 0.75000
vt 0.50000 1.00000
vt 0.50000 0.50000
vt 0.50000 0.25000
vt 0.96090 0.80849
vt 0.96090 0.80063
vt 0.96483 0.80849
vt 0.96483 0.80063
vt 0.95304 0.80849
vt 0.95304 0.81635
vt 0.50000 0.00000
vt 0.96483 0.79277
vt 0.96090 0.79277
vt 0.46787 0.25000
vt 0.46787 0.50000
vt 0.94236 0.92630
vt 0.94236 0.93153
vt 0.46787 0.75000
vt 0.46787 1.00000
vt 0.94236 0.91585
vt 0.94236 0.92108
vt 0.45430 0.75000
vt 0.45430 1.00000
vt 0.94264 0.91585
vt 0.94264 0.92108
vt 0.45430 0.25000
vt 0.45430 0.50000
vt 0.94264 0.92630
vt 0.94264 0.93153
vt 0.45430 0.00000
vt 0.47966 0.75000
vt 0.47966 1.00000
vt 0.94264 0.93676
vt 0.94211 0.91585
vt 0.94211 0.92108
vt 0.47966 0.25000
vt 0.47966 0.50000
vt 0.94211 0.92630
vt 0.94211 0.93153
vt 0.46787 0.00000
vt 0.94236 0.93676
vt 0.47966 0.00000
vt 0.94211 0.93676
vt 0.86258 0.91127
vt 0.86379 0.91646
vt 0.86258 0.91646
vt 0.86379 0.91127
vt 0.43316 0.75000
vt 0.43316 1.00000
vt 0.86239 0.91127
vt 0.86239 0.91646
vt 0.44233 0.75000
vt 0.44233 1.00000
vt 0.86120 0.91127
vt 0.86120 0.91646
vt 0.86379 0.92684
vt 0.86258 0.92165
vt 0.86379 0.92165
vt 0.86258 0.92684
vt 0.43316 0.25000
vt 0.43316 0.50000
vt 0.86898 0.92165
vt 0.86898 0.91646
vt 0.86239 0.92165
vt 0.86239 0.92684
vt 0.44233 0.25000
vt 0.44233 0.50000
vt 0.86120 0.92165
vt 0.86120 0.92684
vt 0.96409 0.55930
vt 0.95673 0.55195
vt 0.95673 0.55930
vt 0.96409 0.55195
vt 0.97903 0.69063
vt 0.97279 0.68439
vt 0.97279 0.69063
vt 0.97903 0.68439
vt 0.95874 0.57155
vt 0.95588 0.56868
vt 0.95588 0.57155
vt 0.95874 0.56868
vt 0.86120 0.93204
vt 0.86379 0.93204
vt 0.44233 0.00000
vt 0.86239 0.93204
vt 0.86119 0.91646
vt 0.86119 0.92165
vt 0.50041 0.50000
vt 0.50041 0.75000
vt 0.86119 0.93204
vt 0.86119 0.92684
vt 0.50041 0.25000
vt 0.50041 0.00000
vt 0.86258 0.93204
vt 0.43316 0.00000
vt 0.86119 0.91127
vt 0.50041 1.00000
vt 0.96160 0.57441
vt 0.95874 0.57727
vt 0.96160 0.57727
vt 0.95874 0.57441
vt 0.98528 0.70312
vt 0.98528 0.69688
vt 0.97903 0.69688
vt 0.97903 0.70312
vt 0.97279 0.69688
vt 0.95588 0.57441
vt 0.96409 0.56666
vt 0.96409 0.57401
vt 0.97144 0.57401
vt 0.97144 0.56666
vt 0.95588 0.58013
vt 0.95588 0.57727
vt 0.95874 0.58013
vt 0.95673 0.56666
vt 0.95302 0.57727
vt 0.95302 0.57441
vt 0.96654 0.70312
vt 0.97279 0.70312
vt 0.96654 0.69688
vt 0.97903 0.70936
vt 0.97279 0.70936
vt 0.96409 0.58137
vt 0.95673 0.57401
vt 0.95673 0.58137
vt 0.94937 0.56666
vt 0.94937 0.57401
vt 0.97834 0.68797
vt 0.98279 0.69242
vt 0.97834 0.69242
vt 0.98279 0.68797
vt 0.85860 0.91127
vt 0.85860 0.91646
vt 0.85860 0.92165
vt 0.85860 0.93204
vt 0.85860 0.92684
vt 0.98279 0.69688
vt 0.98279 0.70132
vt 0.97834 0.69688
vt 0.97834 0.70132
vt 0.97834 0.70578
vt 0.98279 0.70578
vt 0.97388 0.69242
vt 0.97388 0.69688
vt 0.85341 0.91646
vt 0.85341 0.92165
vt 0.98724 0.69688
vt 0.98724 0.69242
vt 0.47997 0.25000
vt 0.47997 0.50000
vt 0.43283 0.75000
vt 0.43283 1.00000
vt 0.45127 0.25000
vt 0.45127 0.50000
vt 0.94270 0.92630
vt 0.94270 0.93153
vt 0.45127 0.75000
vt 0.45127 0.00000
vt 0.44763 0.25000
vt 0.44763 0.50000
vt 0.47997 0.75000
vt 0.47997 1.00000
vt 0.94270 0.92108
vt 0.94270 0.93676
vt 0.94278 0.92630
vt 0.94278 0.93153
vt 0.45127 1.00000
vt 0.94270 0.91585
vt 0.47997 0.00000
vt 0.44763 0.75000
vt 0.44763 1.00000
vt 0.94278 0.91585
vt 0.94278 0.92108
vt 0.44763 0.00000
vt 0.94278 0.93676
vt 0.43283 0.50000
vt 0.43283 0.00000
vt 0.43283 0.25000
vt 0.94870 0.89375
vt 0.94870 0.87964
vt 0.96281 0.89375
vt 0.96281 0.87964
vt 0.96281 0.92197
vt 0.94870 0.90786
vt 0.96281 0.90786
vt 0.94870 0.92197
vt 0.96281 0.86552
vt 0.94870 0.86552
vt 0.93459 0.89375
vt 0.93459 0.90786
vt 0.97693 0.90786
vt 0.97693 0.89375
vt 0.96432 0.69050
vt 0.96432 0.70128
vt 0.97510 0.70128
vt 0.97510 0.69050
vt 0.89452 0.93559
vt 0.89918 0.94026
vt 0.89452 0.94026
vt 0.89918 0.93559
vt 0.90385 0.94492
vt 0.89918 0.94492
vt 0.90385 0.94026
vt 0.89452 0.94492
vt 0.88985 0.94026
vt 0.88985 0.94492
vt 0.89918 0.93092
vt 0.89452 0.93092
vt 0.89918 0.94959
vt 0.89452 0.94959
vn -1.0000 -0.0394 0.0000
vn 0.8740 0.4803 0.0000
vn 0.8740 0.4882 0.0000
vn 0.4724 -0.8819 0.0000
vn 0.0000 0.0000 -1.0000
vn 0.0000 0.0000 1.0000
vn -0.0315 1.0000 0.0000
vn 0.0315 -1.0000 0.0000
vn -0.4724 0.8819 0.0000
vn -0.8740 -0.4803 0.0000
vn -0.8740 -0.4882 0.0000
vn 1.0000 0.0394 0.0000
vn -0.0079 1.0000 0.0000
vn -1.0000 -0.0079 0.0000
vn 1.0000 0.0079 0.0000
vn -1.0000 0.0000 0.0000
vn 0.0079 -1.0000 0.0000
vn 1.0000 0.0157 0.0000
vn 0.0000 0.0157 -1.0000
vn 0.0000 0.0157 1.0000
vn -1.0000 0.0079 0.0000
vn 0.0000 0.0079 -1.0000
vn 0.0000 0.0079 1.0000
vn 0.5512 -0.8346 0.0000
vn -0.5512 0.8346 0.0000
vn -0.8425 -0.5433 0.0000
vn 0.8425 0.5433 0.0000
vn 0.8346 0.5433 0.0000
vn 0.9921 0.0945 0.0000
vn -0.9449 -0.0945 -0.3228
vn -0.9449 -0.0945 0.3228
vn -0.9921 -0.0945 0.0000
vn 0.8189 0.0945 -0.5591
vn 0.8189 0.0945 0.5591
vn -0.5669 0.0000 -0.8268
vn -0.5669 0.0000 0.8268
vn 0.3228 0.0000 -0.9449
vn 0.3228 0.0000 0.9449
vn 0.9449 0.0945 0.3228
vn 0.9449 0.0945 -0.3228
vn -0.8189 -0.0945 0.5591
vn -0.8189 -0.0945 -0.5591
vn 0.5669 0.0000 0.8268
vn 0.5669 0.0000 -0.8268
vn -0.0709 1.0000 0.0000
vn 0.0630 -1.0000 -0.0394
vn 0.0630 -1.0000 0.0394
vn 0.0709 -1.0000 0.0000
vn -0.0709 1.0000 -0.0236
vn -0.0709 1.0000 0.0236
vn 0.0709 -1.0000 0.0236
vn 0.0551 -1.0000 -0.0394
vn 0.0551 -1.0000 0.0394
vn 0.0709 -1.0000 -0.0236
vn -0.0630 1.0000 0.0394
vn -0.0630 1.0000 -0.0394
vn -0.3228 0.0000 0.9449
vn -0.3228 0.0000 -0.9449
vn 0.6772 -0.7402 0.0000
vn -0.6772 0.7402 0.0000
vn -0.7402 -0.6693 0.0000
vn 0.7402 0.6693 0.0000
vn -0.1339 0.9921 0.0000
vn -0.9921 -0.1417 0.0000
vn -0.9921 -0.1102 0.0000
vn 0.9921 0.1417 0.0000
vn 0.9921 0.1260 0.0000
vn 0.1339 -0.9921 0.0000
vn 0.9921 0.1339 0.0000
vn -0.9921 -0.1339 0.0000
vn -0.9921 -0.1181 0.0000
vn -0.9921 -0.1260 0.0000
vn 0.9764 0.2126 0.0000
vn -0.9764 -0.2126 0.0000
vn 0.2047 -0.9764 0.0000
vn 0.1890 -0.9843 0.0000
vn 0.1968 -0.9764 0.0000
vn -0.0787 0.1968 -0.9764
vn -0.0787 0.1968 0.9764
vn 0.1968 -0.9843 0.0000
vn 0.1181 -0.2047 -0.9685
vn 0.1181 -0.2047 0.9685
vn -0.9764 -0.2047 0.0000
vn -0.1890 0.9843 0.0000
vn -0.1968 0.9764 0.0000
vn -0.2047 0.9764 0.0000
vn -0.8032 -0.5906 -0.0551
vn -0.8032 -0.5906 0.0551
vn 0.6850 0.7244 -0.0709
vn 0.6850 0.7244 0.0709
vn -0.9213 -0.3858 -0.0315
vn -0.9213 -0.3858 0.0315
vn -0.1968 0.9843 0.0000
vn -0.3622 0.9055 -0.2362
vn -0.3622 0.9055 0.2362
vn -0.7165 0.6614 -0.2205
vn -0.7165 0.6614 0.2205
vn 0.9764 0.2126 -0.0315
vn 0.9764 0.2126 0.0315
vn -0.2520 0.9685 0.0000
vn -0.5827 0.7874 0.2047
vn -0.5827 0.7874 -0.2047
vn -0.9843 -0.1811 0.0000
vn -0.9843 -0.1732 0.0000
vn -0.1890 0.9606 0.2047
vn -0.1890 0.9606 -0.2047
vn -0.9843 -0.1575 0.0000
vn 0.9843 0.1811 0.0000
vn -0.9764 -0.2047 0.0315
vn -0.9764 -0.2047 -0.0315
vn 0.9843 0.1732 0.0000
vn 0.9213 0.3858 0.0315
vn 0.9213 0.3858 -0.0315
vn 0.9843 0.1575 0.0000
vn 0.2520 -0.9685 0.0000
vn 0.8032 0.5906 0.0551
vn 0.8032 0.5906 -0.0551
vn 0.1890 -0.9606 -0.2047
vn 0.1890 -0.9606 0.2047
vn -0.6850 -0.7244 0.0709
vn -0.6850 -0.7244 -0.0709
vn 0.5827 -0.7874 -0.2047
vn 0.5827 -0.7874 0.2047
vn 0.7165 -0.6614 0.2205
vn 0.7165 -0.6614 -0.2205
vn 0.3622 -0.9055 0.2362
vn 0.3622 -0.9055 -0.2362
vn -0.1181 0.2047 0.9685
vn -0.1181 0.2047 -0.9685
vn 0.0787 -0.1968 0.9764
vn 0.0787 -0.1968 -0.9764
vn 0.7559 0.6535 0.0000
vn -0.5748 -0.8189 0.0000
vn -0.5433 -0.8425 0.0000
vn 0.6457 -0.7638 0.0000
vn 0.8110 -0.5827 0.0000
vn -0.6457 0.7638 0.0000
vn -0.7559 -0.6535 0.0000
vn -0.7953 0.6063 0.0000
vn -0.8110 0.5827 0.0000
vn 0.1890 0.9843 0.0000
vn 0.5748 0.8189 0.0000
vn 1.0000 0.0315 0.0000
vn -1.0000 0.0157 0.0000
vn 1.0000 0.0000 0.0000
vn 1.0000 0.0236 0.0000
vn 0.0000 0.0236 -1.0000
vn 0.0000 0.0236 1.0000
vn -1.0000 0.0236 0.0000
vn -0.2205 -0.9764 0.0000
vn 0.2205 0.9764 0.0000
vn 0.9764 -0.2205 0.0000
vn -0.9764 0.2205 0.0000
vn 0.5118 0.8583 0.0000
vn -0.5118 -0.8583 0.0000
vn 0.4803 0.8740 0.0000
vn 0.8583 -0.5197 0.0000
vn -0.8425 0.5354 0.0000
vn -0.8583 0.5197 0.0000
vn 0.8032 0.5984 0.0000
vn -0.8032 -0.5984 0.0000
vn 0.6378 0.7717 0.0000
vn -0.6063 0.7953 0.0000
vn 0.5906 -0.8032 0.0000
vn -0.5906 0.8032 0.0000
vn 0.3465 -0.9213 0.1732
vn 0.3465 -0.9213 -0.1732
vn 0.3228 -0.0551 -0.9449
vn 0.3228 -0.0551 0.9449
vn -0.3465 0.9213 -0.1732
vn -0.3465 0.9213 0.1732
vn -0.8819 -0.3780 -0.2756
vn -0.8819 -0.3780 0.2756
vn 0.8819 0.3780 0.2756
vn 0.8819 0.3780 -0.2756
vn -0.3228 0.0551 0.9449
vn -0.3228 0.0551 -0.9449
vn 0.1260 -0.9921 0.0000
vn -0.1260 0.9921 0.0000
vn 0.4646 -0.8819 0.0000
vn -0.4646 0.8819 0.0000
vn -0.8898 -0.4646 0.0000
vn 0.8898 0.4567 0.0000
vn 0.8898 0.4646 0.0000
vn -1.0000 -0.0315 0.0000
vn 0.9921 -0.1260 0.0000
vn 0.1260 0.9921 0.0000
vn -0.1260 -0.9921 0.0000
vn -0.9921 0.1181 0.0000
vn -0.9921 0.1260 0.0000
vn 0.9606 -0.2913 0.0000
vn -0.9685 -0.2362 0.0000
vn 0.3071 0.9528 0.0000
vn -0.1102 0.9921 0.0000
vn -0.1181 0.9921 0.0000
vn 0.2205 -0.9764 0.0000
vn -0.2205 0.9764 0.0000
vn 0.1102 -0.9921 0.0000
vn 0.1181 -0.9921 0.0000
vn -0.3071 -0.9528 0.0000
vn -0.9606 0.2913 0.0000
vn 0.9685 0.2362 0.0000

o Cube.068
usemtl tex_macrauchenia_i028p001x
f 1/1/1 2/2/1 3/3/1
f 4/4/1 2/2/1 1/1/1
f 5/2/1 6/1/1 7/3/1
f 6/1/1 5/2/1 8/4/1
f 9/1/1 10/2/1 11/3/1
f 9/1/1 12/4/1 10/2/1
f 13/2/1 14/1/1 15/3/1
f 14/1/1 13/2/1 16/4/1
f 17/1/1 18/2/1 19/3/1
f 20/4/1 18/2/1 17/1/1
f 21/2/1 22/1/1 23/3/1
f 22/1/1 21/2/1 24/4/1
f 25/5/2 26/6/2 27/7/2
f 28/8/2 26/6/2 25/5/2
f 29/5/2 30/6/2 31/8/2
f 30/6/2 29/5/2 32/7/2
f 33/5/2 34/6/2 35/7/2
f 33/5/2 36/8/2 34/6/2
f 37/5/2 38/6/2 39/8/2
f 38/6/2 37/5/2 40/7/2
f 41/5/3 42/6/3 43/7/3
f 44/8/3 42/6/3 41/5/3
f 45/6/3 46/5/3 47/7/3
f 46/5/3 45/6/3 48/8/3
f 42/6/4 49/9/4 43/10/4
f 49/9/4 42/6/4 50/3/4
f 45/6/4 51/9/4 52/3/4
f 45/6/4 47/10/4 51/9/4
f 26/6/4 53/9/4 27/10/4
f 53/9/4 26/6/4 54/3/4
f 30/6/4 55/9/4 56/3/4
f 30/6/4 32/10/4 55/9/4
f 34/6/4 57/9/4 35/10/4
f 57/9/4 34/6/4 58/3/4
f 38/6/4 59/9/4 60/3/4
f 38/6/4 40/10/4 59/9/4
f 57/2/5 33/11/5 35/12/5
f 33/11/5 57/2/5 61/4/5
f 10/2/5 62/11/5 63/12/5
f 62/11/5 10/2/5 12/4/5
f 37/11/6 59/2/6 40/12/6
f 59/2/6 37/11/6 64/4/6
f 65/11/6 13/2/6 66/12/6
f 13/2/6 65/11/6 16/4/6
f 53/2/5 25/11/5 27/12/5
f 25/11/5 53/2/5 67/4/5
f 2/2/5 68/11/5 69/12/5
f 68/11/5 2/2/5 4/4/5
f 29/11/6 55/2/6 32/12/6
f 55/2/6 29/11/6 70/4/6
f 71/11/6 5/2/6 72/12/6
f 5/2/6 71/11/6 8/4/6
f 49/2/5 41/11/5 43/12/5
f 41/11/5 49/2/5 73/4/5
f 18/2/5 74/11/5 75/12/5
f 74/11/5 18/2/5 20/4/5
f 46/11/6 51/2/6 47/12/6
f 51/2/6 46/11/6 76/4/6
f 77/11/6 21/2/6 78/12/6
f 21/2/6 77/11/6 24/4/6
f 20/13/7 17/1/7 74/14/7
f 17/1/7 79/8/7 74/14/7
f 22/1/7 77/14/7 80/8/7
f 24/13/7 77/14/7 22/1/7
f 4/13/7 1/1/7 68/14/7
f 1/1/7 81/8/7 68/14/7
f 6/1/7 71/14/7 82/8/7
f 8/13/7 71/14/7 6/1/7
f 83/6/8 18/9/8 75/10/8
f 18/9/8 83/6/8 19/3/8
f 84/6/8 21/9/8 23/3/8
f 84/6/8 78/10/8 21/9/8
f 12/13/7 9/1/7 62/14/7
f 9/1/7 85/8/7 62/14/7
f 14/1/7 65/14/7 86/8/7
f 65/14/7 14/1/7 16/13/7
f 87/6/8 2/9/8 69/10/8
f 2/9/8 87/6/8 3/3/8
f 88/6/8 5/9/8 7/3/8
f 88/6/8 72/10/8 5/9/8
f 89/6/8 10/9/8 63/10/8
f 10/9/8 89/6/8 11/3/8
f 90/6/8 13/9/8 15/3/8
f 90/6/8 66/10/8 13/9/8
f 73/13/9 91/1/9 41/14/9
f 91/1/9 44/8/9 41/14/9
f 92/1/9 46/14/9 48/8/9
f 46/14/9 92/1/9 76/13/9
f 67/13/9 93/1/9 25/14/9
f 93/1/9 28/8/9 25/14/9
f 94/1/9 29/14/9 31/8/9
f 70/13/9 29/14/9 94/1/9
f 61/13/9 95/1/9 33/14/9
f 95/1/9 36/8/9 33/14/9
f 96/1/9 37/14/9 39/8/9
f 64/13/9 37/14/9 96/1/9
f 58/3/6 34/6/6 36/8/6
f 95/1/6 58/3/6 36/8/6
f 85/8/6 11/3/6 89/6/6
f 85/8/6 9/1/6 11/3/6
f 86/8/5 15/3/5 14/1/5
f 15/3/5 86/8/5 90/6/5
f 60/3/5 39/8/5 38/6/5
f 39/8/5 60/3/5 96/1/5
f 54/3/6 26/6/6 28/8/6
f 93/1/6 54/3/6 28/8/6
f 81/8/6 3/3/6 87/6/6
f 81/8/6 1/1/6 3/3/6
f 56/3/5 31/8/5 30/6/5
f 31/8/5 56/3/5 94/1/5
f 7/3/5 82/8/5 88/6/5
f 82/8/5 7/3/5 6/1/5
f 42/6/6 44/8/6 50/3/6
f 91/1/6 50/3/6 44/8/6
f 79/8/6 19/3/6 83/6/6
f 17/1/6 19/3/6 79/8/6
f 52/3/5 48/8/5 45/6/5
f 48/8/5 52/3/5 92/1/5
f 23/3/5 80/8/5 84/6/5
f 80/8/5 23/3/5 22/1/5
f 67/4/10 53/2/10 93/1/10
f 93/1/10 53/2/10 54/3/10
f 55/2/10 94/1/10 56/3/10
f 94/1/10 55/2/10 70/4/10
f 95/1/10 61/4/10 57/2/10
f 95/1/10 57/2/10 58/3/10
f 59/2/10 96/1/10 60/3/10
f 96/1/10 59/2/10 64/4/10
f 91/1/11 49/2/11 50/3/11
f 73/4/11 49/2/11 91/1/11
f 51/2/11 92/1/11 52/3/11
f 92/1/11 51/2/11 76/4/11
f 68/5/12 87/6/12 69/7/12
f 81/8/12 87/6/12 68/5/12
f 88/6/12 71/5/12 72/7/12
f 71/5/12 88/6/12 82/8/12
f 62/5/12 89/6/12 63/7/12
f 62/5/12 85/8/12 89/6/12
f 90/6/12 65/5/12 66/7/12
f 65/5/12 90/6/12 86/8/12
f 74/5/12 83/6/12 75/7/12
f 79/8/12 83/6/12 74/5/12
f 84/6/12 77/5/12 78/7/12
f 77/5/12 84/6/12 80/8/12
o Cube.013
usemtl tex_macrauchenia_i028p002x
f 97/1/13 98/14/13 99/8/13
f 98/14/13 97/1/13 100/13/13
f 101/1/13 102/14/13 103/8/13
f 104/13/13 102/14/13 101/1/13
f 105/15/14 97/1/14 106/16/14
f 97/1/14 105/15/14 100/4/14
f 107/1/13 108/14/13 109/8/13
f 110/13/13 108/14/13 107/1/13
f 102/5/15 111/17/15 103/8/15
f 111/17/15 102/5/15 112/18/15
f 113/19/16 114/20/16 115/21/16
f 114/20/16 113/19/16 116/22/16
f 117/23/17 113/24/17 115/21/17
f 117/23/17 118/25/17 113/24/17
f 119/26/18 120/23/18 121/27/18
f 120/23/18 119/26/18 122/28/18
f 123/29/5 107/1/5 109/8/5
f 107/1/5 123/29/5 124/30/5
f 110/4/6 125/31/6 108/11/6
f 125/31/6 110/4/6 126/32/6
f 127/23/19 128/33/19 129/34/19
f 128/33/19 127/23/19 130/21/19
f 131/35/20 132/36/20 133/37/20
f 132/36/20 131/35/20 134/19/20
f 126/32/14 107/1/14 124/30/14
f 107/1/14 126/32/14 110/4/14
f 108/5/15 123/29/15 109/8/15
f 123/29/15 108/5/15 125/38/15
f 120/23/17 135/24/17 136/21/17
f 120/23/17 122/25/17 135/24/17
f 134/19/21 128/33/21 130/21/21
f 128/33/21 134/19/21 131/35/21
f 133/39/18 127/23/18 129/34/18
f 127/23/18 133/39/18 132/28/18
f 137/40/5 103/8/5 111/17/5
f 103/8/5 137/40/5 101/1/5
f 102/11/6 138/41/6 112/42/6
f 138/41/6 102/11/6 104/4/6
f 98/5/15 139/43/15 99/8/15
f 139/43/15 98/5/15 140/44/15
f 136/21/22 121/27/22 120/23/22
f 121/27/22 136/21/22 141/45/22
f 119/46/23 135/19/23 122/36/23
f 135/19/23 119/46/23 142/47/23
f 138/41/14 101/1/14 137/40/14
f 101/1/14 138/41/14 104/4/14
f 143/48/18 117/23/18 144/49/18
f 117/23/18 143/48/18 118/28/18
f 135/19/21 141/45/21 136/21/21
f 141/45/21 135/19/21 142/47/21
f 106/16/5 99/8/5 139/43/5
f 99/8/5 106/16/5 97/1/5
f 98/11/6 105/15/6 140/50/6
f 105/15/6 98/11/6 100/4/6
f 117/23/22 114/20/22 144/49/22
f 114/20/22 117/23/22 115/21/22
f 116/22/23 118/36/23 143/51/23
f 118/36/23 116/22/23 113/19/23
f 127/23/17 134/24/17 130/21/17
f 127/23/17 132/25/17 134/24/17
f 111/17/17 141/40/17 137/40/17
f 141/40/17 111/17/17 121/17/17
f 111/17/17 119/18/17 121/17/17
f 111/17/17 112/18/17 119/18/17
f 138/41/17 137/40/17 141/40/17
f 138/41/17 141/40/17 142/41/17
f 112/42/17 142/41/17 119/42/17
f 112/42/17 138/41/17 142/41/17
f 139/43/17 114/16/17 106/16/17
f 105/15/17 106/16/17 114/16/17
f 105/15/17 114/16/17 116/15/17
f 114/16/17 139/43/17 144/43/17
f 139/43/17 143/44/17 144/43/17
f 139/43/17 140/44/17 143/44/17
f 140/50/17 105/15/17 116/15/17
f 140/50/17 116/15/17 143/50/17
f 123/29/17 133/38/17 129/29/17
f 128/30/17 123/29/17 129/29/17
f 123/29/17 128/30/17 124/30/17
f 126/32/17 124/30/17 128/30/17
f 126/32/17 128/30/17 131/32/17
f 133/38/17 123/29/17 125/38/17
f 125/31/17 131/32/17 133/31/17
f 125/31/17 126/32/17 131/32/17
o Cube.006
usemtl tex_macrauchenia_i028p003x
f 145/5/24 146/6/24 147/8/24
f 146/6/24 145/5/24 148/7/24
f 149/3/25 150/2/25 151/1/25
f 150/2/25 152/4/25 151/1/25
f 153/5/24 154/6/24 155/8/24
f 154/6/24 153/5/24 156/7/24
f 157/3/25 158/2/25 159/1/25
f 160/4/25 159/1/25 158/2/25
f 161/5/24 162/6/24 163/8/24
f 162/6/24 161/5/24 164/7/24
f 165/1/25 166/3/25 167/2/25
f 167/2/25 168/4/25 165/1/25
f 154/6/5 157/3/5 155/8/5
f 159/1/5 155/8/5 157/3/5
f 153/11/6 158/2/6 156/12/6
f 158/2/6 153/11/6 160/4/6
f 166/3/26 162/6/26 167/9/26
f 167/9/26 162/6/26 164/10/26
f 165/1/27 161/14/27 163/8/27
f 161/14/27 165/1/27 168/13/27
f 146/6/5 149/3/5 147/8/5
f 151/1/5 147/8/5 149/3/5
f 145/11/6 150/2/6 148/12/6
f 150/2/6 145/11/6 152/4/6
f 151/1/28 145/14/28 147/8/28
f 152/13/28 145/14/28 151/1/28
f 146/6/26 150/9/26 149/3/26
f 150/9/26 146/6/26 148/10/26
f 159/1/28 153/14/28 155/8/28
f 160/13/28 153/14/28 159/1/28
f 157/3/26 154/6/26 158/9/26
f 158/9/26 154/6/26 156/10/26
f 162/6/5 166/3/5 163/8/5
f 166/3/5 165/1/5 163/8/5
f 161/11/6 167/2/6 164/12/6
f 167/2/6 161/11/6 168/4/6
o Cube.042
usemtl tex_macrauchenia_i028p004x
f 169/5/29 170/6/29 171/7/29
f 169/5/29 172/8/29 170/6/29
f 173/5/29 174/6/29 175/8/29
f 174/6/29 173/5/29 176/7/29
f 177/5/29 178/6/29 179/7/29
f 177/5/29 180/8/29 178/6/29
f 181/5/29 182/6/29 183/8/29
f 182/6/29 181/5/29 184/7/29
f 185/5/29 186/6/29 187/7/29
f 185/5/29 188/8/29 186/6/29
f 189/5/29 190/6/29 191/8/29
f 190/6/29 189/5/29 192/7/29
f 193/1/30 194/2/30 195/3/30
f 193/1/30 196/4/30 194/2/30
f 197/2/31 198/1/31 199/3/31
f 198/1/31 197/2/31 200/4/31
f 201/1/30 202/2/30 203/3/30
f 201/1/30 204/4/30 202/2/30
f 205/2/31 206/1/31 207/3/31
f 206/1/31 205/2/31 208/4/31
f 209/1/30 210/2/30 211/3/30
f 212/4/30 210/2/30 209/1/30
f 213/2/31 214/1/31 215/3/31
f 214/1/31 213/2/31 216/4/31
f 217/1/32 218/4/32 219/2/32
f 217/1/32 219/2/32 220/3/32
f 221/2/32 222/1/32 223/3/32
f 222/1/32 221/2/32 224/4/32
f 225/1/32 226/4/32 227/2/32
f 225/1/32 227/2/32 228/3/32
f 229/2/32 230/1/32 231/3/32
f 230/1/32 229/2/32 232/4/32
f 233/1/32 234/2/32 235/3/32
f 233/1/32 236/4/32 234/2/32
f 237/2/32 238/1/32 239/3/32
f 238/1/32 237/2/32 240/4/32
f 241/5/33 242/6/33 243/7/33
f 241/5/33 244/8/33 242/6/33
f 245/6/34 246/5/34 247/7/34
f 246/5/34 245/6/34 248/8/34
f 249/5/33 250/6/33 251/7/33
f 249/5/33 252/8/33 250/6/33
f 253/6/34 254/5/34 255/7/34
f 254/5/34 253/6/34 256/8/34
f 257/5/33 258/6/33 259/7/33
f 260/8/33 258/6/33 257/5/33
f 261/6/34 262/5/34 263/7/34
f 262/5/34 261/6/34 264/8/34
f 265/5/29 266/6/29 267/7/29
f 265/5/29 268/8/29 266/6/29
f 269/6/29 270/5/29 271/7/29
f 270/5/29 269/6/29 272/8/29
f 273/5/29 274/6/29 275/7/29
f 273/5/29 276/8/29 274/6/29
f 277/1/32 278/2/32 279/3/32
f 277/1/32 280/4/32 278/2/32
f 281/6/29 282/5/29 283/7/29
f 282/5/29 281/6/29 284/8/29
f 285/2/32 286/1/32 287/3/32
f 286/1/32 285/2/32 288/4/32
f 289/5/29 290/6/29 291/7/29
f 289/5/29 292/8/29 290/6/29
f 293/6/29 294/5/29 295/7/29
f 294/5/29 293/6/29 296/8/29
f 297/1/32 298/4/32 299/2/32
f 297/1/32 299/2/32 300/3/32
f 301/2/32 302/1/32 303/3/32
f 302/1/32 301/2/32 304/4/32
f 305/1/32 306/2/32 307/3/32
f 305/1/32 308/4/32 306/2/32
f 309/2/32 310/1/32 311/3/32
f 310/1/32 309/2/32 312/4/32
f 313/4/35 314/12/35 315/2/35
f 313/4/35 316/11/35 314/12/35
f 317/12/36 318/4/36 319/2/36
f 318/4/36 317/12/36 320/11/36
f 321/4/35 322/12/35 323/2/35
f 321/4/35 324/11/35 322/12/35
f 325/12/36 326/4/36 327/2/36
f 326/4/36 325/12/36 328/11/36
f 329/2/37 330/11/37 331/12/37
f 330/11/37 329/2/37 332/4/37
f 333/11/38 334/2/38 335/12/38
f 334/2/38 333/11/38 336/4/38
f 337/4/35 338/12/35 339/2/35
f 337/4/35 340/11/35 338/12/35
f 341/12/36 342/4/36 343/2/36
f 342/4/36 341/12/36 344/11/36
f 345/2/37 346/11/37 347/12/37
f 346/11/37 345/2/37 348/4/37
f 349/11/38 350/2/38 351/12/38
f 350/2/38 349/11/38 352/4/38
f 353/2/37 354/11/37 355/12/37
f 354/11/37 353/2/37 356/4/37
f 357/11/38 358/2/38 359/12/38
f 358/2/38 357/11/38 360/4/38
f 347/7/39 361/8/39 362/6/39
f 361/8/39 347/7/39 346/5/39
f 363/8/40 351/7/40 364/6/40
f 351/7/40 363/8/40 349/5/40
f 331/7/39 365/8/39 366/6/39
f 365/8/39 331/7/39 330/5/39
f 367/8/40 335/7/40 368/6/40
f 335/7/40 367/8/40 333/5/40
f 355/7/39 369/8/39 370/6/39
f 369/8/39 355/7/39 354/5/39
f 371/8/40 359/7/40 372/6/40
f 359/7/40 371/8/40 357/5/40
f 373/3/41 321/4/41 323/2/41
f 321/4/41 373/3/41 374/1/41
f 375/3/42 326/4/42 376/1/42
f 326/4/42 375/3/42 327/2/42
f 377/3/41 313/4/41 315/2/41
f 313/4/41 377/3/41 378/1/41
f 318/4/42 379/3/42 319/2/42
f 379/3/42 318/4/42 380/1/42
f 381/3/41 337/4/41 339/2/41
f 337/4/41 381/3/41 382/1/41
f 342/4/42 383/3/42 343/2/42
f 383/3/42 342/4/42 384/1/42
f 385/2/5 177/11/5 179/12/5
f 177/11/5 385/2/5 386/4/5
f 299/2/5 387/11/5 388/12/5
f 387/11/5 299/2/5 298/4/5
f 181/11/6 389/2/6 184/12/6
f 389/2/6 181/11/6 390/4/6
f 391/11/6 301/2/6 392/12/6
f 301/2/6 391/11/6 304/4/6
f 393/2/5 169/11/5 171/12/5
f 169/11/5 393/2/5 394/4/5
f 278/2/5 395/11/5 396/12/5
f 395/11/5 278/2/5 280/4/5
f 173/11/6 397/2/6 176/12/6
f 397/2/6 173/11/6 398/4/6
f 399/11/6 285/2/6 400/12/6
f 285/2/6 399/11/6 288/4/6
f 401/2/5 273/11/5 275/12/5
f 273/11/5 401/2/5 402/4/5
f 227/2/5 403/11/5 404/12/5
f 403/11/5 227/2/5 226/4/5
f 282/11/6 405/2/6 283/12/6
f 405/2/6 282/11/6 406/4/6
f 407/11/6 229/2/6 408/12/6
f 229/2/6 407/11/6 232/4/6
f 306/2/5 409/11/5 410/12/5
f 409/11/5 306/2/5 308/4/5
f 411/2/5 185/11/5 187/12/5
f 185/11/5 411/2/5 412/4/5
f 189/11/6 413/2/6 192/12/6
f 413/2/6 189/11/6 414/4/6
f 415/11/6 309/2/6 416/12/6
f 309/2/6 415/11/6 312/4/6
f 417/2/5 265/11/5 267/12/5
f 265/11/5 417/2/5 418/4/5
f 219/2/5 419/11/5 420/12/5
f 419/11/5 219/2/5 218/4/5
f 270/11/6 421/2/6 271/12/6
f 421/2/6 270/11/6 422/4/6
f 423/11/6 221/2/6 424/12/6
f 221/2/6 423/11/6 224/4/6
f 425/2/5 289/11/5 291/12/5
f 289/11/5 425/2/5 426/4/5
f 234/2/5 427/11/5 428/12/5
f 427/11/5 234/2/5 236/4/5
f 294/11/6 429/2/6 295/12/6
f 429/2/6 294/11/6 430/4/6
f 431/11/6 237/2/6 432/12/6
f 237/2/6 431/11/6 240/4/6
f 250/6/43 433/1/43 434/3/43
f 433/1/43 250/6/43 252/8/43
f 435/1/44 253/6/44 436/3/44
f 253/6/44 435/1/44 256/8/44
f 242/6/43 437/1/43 438/3/43
f 437/1/43 242/6/43 244/8/43
f 439/1/44 245/6/44 440/3/44
f 245/6/44 439/1/44 248/8/44
f 258/6/43 441/1/43 442/3/43
f 441/1/43 258/6/43 260/8/43
f 443/1/44 261/6/44 444/3/44
f 261/6/44 443/1/44 264/8/44
f 202/2/37 445/11/37 446/12/37
f 445/11/37 202/2/37 204/4/37
f 447/11/38 205/2/38 448/12/38
f 205/2/38 447/11/38 208/4/38
f 194/2/37 449/11/37 450/12/37
f 449/11/37 194/2/37 196/4/37
f 451/11/38 197/2/38 452/12/38
f 197/2/38 451/11/38 200/4/38
f 210/2/37 453/11/37 454/12/37
f 453/11/37 210/2/37 212/4/37
f 455/11/38 213/2/38 456/12/38
f 213/2/38 455/11/38 216/4/38
f 308/13/45 305/1/45 409/14/45
f 305/1/45 457/8/45 409/14/45
f 310/1/45 415/14/45 458/8/45
f 415/14/45 310/1/45 312/13/45
f 395/14/45 280/13/45 277/1/45
f 277/1/45 459/8/45 395/14/45
f 286/1/45 399/14/45 460/8/45
f 288/13/45 399/14/45 286/1/45
f 461/9/46 259/10/46 258/6/46
f 461/9/46 258/6/46 442/3/46
f 444/3/47 261/6/47 462/9/47
f 263/10/47 462/9/47 261/6/47
f 290/6/48 425/9/48 291/10/48
f 425/9/48 290/6/48 463/3/48
f 293/6/48 429/9/48 464/3/48
f 293/6/48 295/10/48 429/9/48
f 186/6/48 411/9/48 187/10/48
f 411/9/48 186/6/48 465/3/48
f 298/13/45 297/1/45 387/14/45
f 297/1/45 466/8/45 387/14/45
f 190/6/48 413/9/48 467/3/48
f 190/6/48 192/10/48 413/9/48
f 302/1/45 391/14/45 468/8/45
f 304/13/45 391/14/45 302/1/45
f 469/8/49 212/13/49 209/1/49
f 212/13/49 469/8/49 453/14/49
f 216/13/50 470/8/50 214/1/50
f 470/8/50 216/13/50 455/14/50
f 370/6/51 353/9/51 355/10/51
f 353/9/51 370/6/51 471/3/51
f 438/3/52 243/10/52 242/6/52
f 243/10/52 438/3/52 472/9/52
f 247/10/53 440/3/53 245/6/53
f 440/3/53 247/10/53 473/9/53
f 358/9/54 372/6/54 359/10/54
f 372/6/54 358/9/54 474/3/54
f 236/13/45 233/1/45 427/14/45
f 233/1/45 475/8/45 427/14/45
f 238/1/45 431/14/45 476/8/45
f 431/14/45 238/1/45 240/13/45
f 266/6/48 417/9/48 267/10/48
f 417/9/48 266/6/48 477/3/48
f 269/6/48 421/9/48 478/3/48
f 271/10/48 421/9/48 269/6/48
f 170/6/48 393/9/48 171/10/48
f 393/9/48 170/6/48 479/3/48
f 174/6/48 397/9/48 480/3/48
f 176/10/48 397/9/48 174/6/48
f 196/13/49 481/8/49 449/14/49
f 481/8/49 196/13/49 193/1/49
f 200/13/50 482/8/50 198/1/50
f 482/8/50 200/13/50 451/14/50
f 483/3/51 347/10/51 362/6/51
f 347/10/51 483/3/51 345/9/51
f 351/10/54 484/3/54 364/6/54
f 484/3/54 351/10/54 350/9/54
f 419/14/45 218/13/45 217/1/45
f 217/1/45 485/8/45 419/14/45
f 222/1/45 423/14/45 486/8/45
f 224/13/45 423/14/45 222/1/45
f 251/10/46 434/3/46 487/9/46
f 434/3/46 251/10/46 250/6/46
f 436/3/47 255/10/47 488/9/47
f 255/10/47 436/3/47 253/6/47
f 274/6/48 401/9/48 275/10/48
f 401/9/48 274/6/48 489/3/48
f 281/6/48 405/9/48 490/3/48
f 281/6/48 283/10/48 405/9/48
f 337/13/55 491/8/55 340/14/55
f 491/8/55 337/13/55 382/1/55
f 342/13/56 492/8/56 384/1/56
f 492/8/56 342/13/56 344/14/56
f 493/8/49 204/13/49 201/1/49
f 204/13/49 493/8/49 445/14/49
f 208/13/50 494/8/50 206/1/50
f 494/8/50 208/13/50 447/14/50
f 495/3/51 331/10/51 366/6/51
f 331/10/51 495/3/51 329/9/51
f 335/10/54 496/3/54 368/6/54
f 496/3/54 335/10/54 334/9/54
f 226/13/45 225/1/45 403/14/45
f 225/1/45 497/8/45 403/14/45
f 230/1/45 407/14/45 498/8/45
f 407/14/45 230/1/45 232/13/45
f 321/13/55 499/8/55 324/14/55
f 499/8/55 321/13/55 374/1/55
f 326/13/56 500/8/56 376/1/56
f 500/8/56 326/13/56 328/14/56
f 178/6/48 385/9/48 179/10/48
f 385/9/48 178/6/48 501/3/48
f 182/6/48 389/9/48 502/3/48
f 182/6/48 184/10/48 389/9/48
f 412/13/45 503/1/45 185/14/45
f 503/1/45 188/8/45 185/14/45
f 504/1/45 189/14/45 191/8/45
f 189/14/45 504/1/45 414/13/45
f 313/13/55 505/8/55 316/14/55
f 505/8/55 313/13/55 378/1/55
f 318/13/56 506/8/56 380/1/56
f 506/8/56 318/13/56 320/14/56
f 169/14/45 394/13/45 507/1/45
f 507/1/45 172/8/45 169/14/45
f 508/1/45 173/14/45 175/8/45
f 398/13/45 173/14/45 508/1/45
f 339/9/46 338/10/46 509/6/46
f 339/9/46 509/6/46 381/3/46
f 383/3/47 510/6/47 343/9/47
f 341/10/47 343/9/47 510/6/47
f 373/3/52 322/10/52 511/6/52
f 322/10/52 373/3/52 323/9/52
f 325/10/53 375/3/53 512/6/53
f 375/3/53 325/10/53 327/9/53
f 513/6/48 234/9/48 428/10/48
f 234/9/48 513/6/48 235/3/48
f 514/6/48 237/9/48 239/3/48
f 514/6/48 432/10/48 237/9/48
f 369/8/49 356/13/49 515/1/49
f 356/13/49 369/8/49 354/14/49
f 360/13/50 371/8/50 516/1/50
f 371/8/50 360/13/50 357/14/50
f 517/6/48 306/9/48 410/10/48
f 306/9/48 517/6/48 307/3/48
f 386/13/45 518/1/45 177/14/45
f 518/1/45 180/8/45 177/14/45
f 519/6/48 309/9/48 311/3/48
f 519/6/48 416/10/48 309/9/48
f 520/1/45 181/14/45 183/8/45
f 390/13/45 181/14/45 520/1/45
f 521/6/51 210/9/51 454/10/51
f 210/9/51 521/6/51 211/3/51
f 213/9/54 522/6/54 456/10/54
f 522/6/54 213/9/54 215/3/54
f 314/10/46 377/3/46 315/9/46
f 377/3/46 314/10/46 523/6/46
f 426/13/45 524/1/45 289/14/45
f 524/1/45 292/8/45 289/14/45
f 379/3/47 317/10/47 319/9/47
f 317/10/47 379/3/47 525/6/47
f 526/1/45 294/14/45 296/8/45
f 294/14/45 526/1/45 430/13/45
f 527/6/48 219/9/48 420/10/48
f 219/9/48 527/6/48 220/3/48
f 528/6/48 221/9/48 223/3/48
f 424/10/48 221/9/48 528/6/48
f 348/13/49 361/8/49 346/14/49
f 361/8/49 348/13/49 529/1/49
f 352/13/50 363/8/50 530/1/50
f 363/8/50 352/13/50 349/14/50
f 195/3/51 450/10/51 531/6/51
f 450/10/51 195/3/51 194/9/51
f 532/13/55 260/8/55 257/14/55
f 260/8/55 532/13/55 441/1/55
f 452/10/54 199/3/54 533/6/54
f 199/3/54 452/10/54 197/9/54
f 534/13/56 264/8/56 443/1/56
f 264/8/56 534/13/56 262/14/56
f 535/6/48 278/9/48 396/10/48
f 278/9/48 535/6/48 279/3/48
f 536/6/48 285/9/48 287/3/48
f 400/10/48 285/9/48 536/6/48
f 265/14/45 418/13/45 537/1/45
f 537/1/45 268/8/45 265/14/45
f 538/1/45 270/14/45 272/8/45
f 422/13/45 270/14/45 538/1/45
f 539/13/55 244/8/55 241/14/55
f 244/8/55 539/13/55 437/1/55
f 540/13/56 248/8/56 439/1/56
f 248/8/56 540/13/56 246/14/56
f 541/6/48 227/9/48 404/10/48
f 227/9/48 541/6/48 228/3/48
f 542/6/48 229/9/48 231/3/48
f 542/6/48 408/10/48 229/9/48
f 365/8/49 332/13/49 543/1/49
f 332/13/49 365/8/49 330/14/49
f 336/13/50 367/8/50 544/1/50
f 367/8/50 336/13/50 333/14/50
f 203/3/51 446/10/51 545/6/51
f 446/10/51 203/3/51 202/9/51
f 448/10/54 207/3/54 546/6/54
f 207/3/54 448/10/54 205/9/54
f 402/13/45 547/1/45 273/14/45
f 547/1/45 276/8/45 273/14/45
f 548/1/45 282/14/45 284/8/45
f 282/14/45 548/1/45 406/13/45
f 549/6/48 299/9/48 388/10/48
f 299/9/48 549/6/48 300/3/48
f 550/6/48 301/9/48 303/3/48
f 550/6/48 392/10/48 301/9/48
f 551/13/55 252/8/55 249/14/55
f 252/8/55 551/13/55 433/1/55
f 552/13/56 256/8/56 435/1/56
f 256/8/56 552/13/56 254/14/56
f 493/8/57 201/1/57 203/3/57
f 493/8/57 203/3/57 545/6/57
f 207/3/58 494/8/58 546/6/58
f 494/8/58 207/3/58 206/1/58
f 481/8/57 195/3/57 531/6/57
f 481/8/57 193/1/57 195/3/57
f 199/3/58 482/8/58 533/6/58
f 482/8/58 199/3/58 198/1/58
f 469/8/57 211/3/57 521/6/57
f 469/8/57 209/1/57 211/3/57
f 215/3/58 470/8/58 522/6/58
f 470/8/58 215/3/58 214/1/58
f 551/4/35 251/12/35 487/2/35
f 551/4/35 249/11/35 251/12/35
f 255/12/36 552/4/36 488/2/36
f 552/4/36 255/12/36 254/11/36
f 539/4/35 243/12/35 472/2/35
f 539/4/35 241/11/35 243/12/35
f 247/12/36 540/4/36 473/2/36
f 540/4/36 247/12/36 246/11/36
f 532/4/35 259/12/35 461/2/35
f 532/4/35 257/11/35 259/12/35
f 263/12/36 534/4/36 462/2/36
f 534/4/36 263/12/36 262/11/36
f 180/8/6 501/3/6 178/6/6
f 180/8/6 518/1/6 501/3/6
f 466/8/6 300/3/6 549/6/6
f 466/8/6 297/1/6 300/3/6
f 502/3/5 183/8/5 182/6/5
f 183/8/5 502/3/5 520/1/5
f 303/3/5 468/8/5 550/6/5
f 468/8/5 303/3/5 302/1/5
f 172/8/6 479/3/6 170/6/6
f 172/8/6 507/1/6 479/3/6
f 459/8/6 279/3/6 535/6/6
f 459/8/6 277/1/6 279/3/6
f 480/3/5 175/8/5 174/6/5
f 175/8/5 480/3/5 508/1/5
f 287/3/5 460/8/5 536/6/5
f 460/8/5 287/3/5 286/1/5
f 276/8/6 489/3/6 274/6/6
f 276/8/6 547/1/6 489/3/6
f 497/8/6 228/3/6 541/6/6
f 497/8/6 225/1/6 228/3/6
f 490/3/5 284/8/5 281/6/5
f 284/8/5 490/3/5 548/1/5
f 231/3/5 498/8/5 542/6/5
f 498/8/5 231/3/5 230/1/5
f 188/8/6 465/3/6 186/6/6
f 188/8/6 503/1/6 465/3/6
f 457/8/6 307/3/6 517/6/6
f 457/8/6 305/1/6 307/3/6
f 467/3/5 191/8/5 190/6/5
f 191/8/5 467/3/5 504/1/5
f 311/3/5 458/8/5 519/6/5
f 458/8/5 311/3/5 310/1/5
f 268/8/6 477/3/6 266/6/6
f 268/8/6 537/1/6 477/3/6
f 485/8/6 220/3/6 527/6/6
f 485/8/6 217/1/6 220/3/6
f 478/3/5 272/8/5 269/6/5
f 272/8/5 478/3/5 538/1/5
f 223/3/5 486/8/5 528/6/5
f 486/8/5 223/3/5 222/1/5
f 292/8/6 463/3/6 290/6/6
f 292/8/6 524/1/6 463/3/6
f 475/8/6 235/3/6 513/6/6
f 475/8/6 233/1/6 235/3/6
f 464/3/5 296/8/5 293/6/5
f 296/8/5 464/3/5 526/1/5
f 239/3/5 476/8/5 514/6/5
f 476/8/5 239/3/5 238/1/5
f 324/5/33 511/6/33 322/7/33
f 324/5/33 499/8/33 511/6/33
f 512/6/34 328/5/34 325/7/34
f 328/5/34 512/6/34 500/8/34
f 316/5/33 523/6/33 314/7/33
f 316/5/33 505/8/33 523/6/33
f 525/6/34 320/5/34 317/7/34
f 320/5/34 525/6/34 506/8/34
f 340/5/33 509/6/33 338/7/33
f 491/8/33 509/6/33 340/5/33
f 510/6/34 344/5/34 341/7/34
f 344/5/34 510/6/34 492/8/34
f 529/1/30 345/2/30 483/3/30
f 529/1/30 348/4/30 345/2/30
f 350/2/31 530/1/31 484/3/31
f 530/1/31 350/2/31 352/4/31
f 543/1/30 329/2/30 495/3/30
f 543/1/30 332/4/30 329/2/30
f 334/2/31 544/1/31 496/3/31
f 544/1/31 334/2/31 336/4/31
f 515/1/30 353/2/30 471/3/30
f 356/4/30 353/2/30 515/1/30
f 358/2/31 516/1/31 474/3/31
f 516/1/31 358/2/31 360/4/31
f 395/5/29 535/6/29 396/7/29
f 395/5/29 459/8/29 535/6/29
f 536/6/29 399/5/29 400/7/29
f 399/5/29 536/6/29 460/8/29
f 387/5/29 549/6/29 388/7/29
f 387/5/29 466/8/29 549/6/29
f 391/5/29 550/6/29 468/8/29
f 550/6/29 391/5/29 392/7/29
f 409/5/29 517/6/29 410/7/29
f 409/5/29 457/8/29 517/6/29
f 415/5/29 519/6/29 458/8/29
f 519/6/29 415/5/29 416/7/29
f 365/8/57 543/1/57 495/3/57
f 365/8/57 495/3/57 366/6/57
f 496/3/58 367/8/58 368/6/58
f 367/8/58 496/3/58 544/1/58
f 537/1/32 418/4/32 417/2/32
f 537/1/32 417/2/32 477/3/32
f 421/2/32 538/1/32 478/3/32
f 538/1/32 421/2/32 422/4/32
f 361/8/57 483/3/57 362/6/57
f 361/8/57 529/1/57 483/3/57
f 484/3/58 363/8/58 364/6/58
f 363/8/58 484/3/58 530/1/58
f 523/6/43 378/1/43 377/3/43
f 378/1/43 523/6/43 505/8/43
f 380/1/44 525/6/44 379/3/44
f 525/6/44 380/1/44 506/8/44
f 369/8/57 471/3/57 370/6/57
f 369/8/57 515/1/57 471/3/57
f 474/3/58 371/8/58 372/6/58
f 371/8/58 474/3/58 516/1/58
f 547/1/32 402/4/32 401/2/32
f 547/1/32 401/2/32 489/3/32
f 405/2/32 548/1/32 490/3/32
f 548/1/32 405/2/32 406/4/32
f 524/1/32 425/2/32 463/3/32
f 524/1/32 426/4/32 425/2/32
f 429/2/32 526/1/32 464/3/32
f 526/1/32 429/2/32 430/4/32
f 511/6/43 374/1/43 373/3/43
f 374/1/43 511/6/43 499/8/43
f 376/1/44 512/6/44 375/3/44
f 512/6/44 376/1/44 500/8/44
f 509/6/43 382/1/43 381/3/43
f 382/1/43 509/6/43 491/8/43
f 384/1/44 510/6/44 383/3/44
f 510/6/44 384/1/44 492/8/44
f 438/3/41 539/4/41 472/2/41
f 539/4/41 438/3/41 437/1/41
f 540/4/42 440/3/42 473/2/42
f 440/3/42 540/4/42 439/1/42
f 434/3/41 551/4/41 487/2/41
f 551/4/41 434/3/41 433/1/41
f 552/4/42 436/3/42 488/2/42
f 436/3/42 552/4/42 435/1/42
f 442/3/41 532/4/41 461/2/41
f 532/4/41 442/3/41 441/1/41
f 534/4/42 444/3/42 462/2/42
f 444/3/42 534/4/42 443/1/42
f 419/5/29 527/6/29 420/7/29
f 419/5/29 485/8/29 527/6/29
f 528/6/29 423/5/29 424/7/29
f 423/5/29 528/6/29 486/8/29
f 507/1/32 393/2/32 479/3/32
f 507/1/32 394/4/32 393/2/32
f 403/5/29 541/6/29 404/7/29
f 403/5/29 497/8/29 541/6/29
f 397/2/32 508/1/32 480/3/32
f 508/1/32 397/2/32 398/4/32
f 542/6/29 407/5/29 408/7/29
f 407/5/29 542/6/29 498/8/29
f 427/5/29 513/6/29 428/7/29
f 427/5/29 475/8/29 513/6/29
f 514/6/29 431/5/29 432/7/29
f 431/5/29 514/6/29 476/8/29
f 518/1/32 386/4/32 385/2/32
f 518/1/32 385/2/32 501/3/32
f 389/2/32 520/1/32 502/3/32
f 520/1/32 389/2/32 390/4/32
f 503/1/32 411/2/32 465/3/32
f 503/1/32 412/4/32 411/2/32
f 450/7/39 481/8/39 531/6/39
f 481/8/39 450/7/39 449/5/39
f 413/2/32 504/1/32 467/3/32
f 504/1/32 413/2/32 414/4/32
f 482/8/40 452/7/40 533/6/40
f 452/7/40 482/8/40 451/5/40
f 446/7/39 493/8/39 545/6/39
f 493/8/39 446/7/39 445/5/39
f 494/8/40 448/7/40 546/6/40
f 448/7/40 494/8/40 447/5/40
f 454/7/39 469/8/39 521/6/39
f 469/8/39 454/7/39 453/5/39
f 470/8/40 456/7/40 522/6/40
f 456/7/40 470/8/40 455/5/40
o Cube.012
usemtl tex_macrauchenia_i028p005x
f 553/52/59 554/53/59 555/54/59
f 554/53/59 553/52/59 556/55/59
f 557/5/59 555/56/59 558/8/59
f 555/56/59 557/5/59 553/57/59
f 559/58/60 560/59/60 561/1/60
f 562/4/60 561/1/60 560/59/60
f 563/60/60 564/61/60 559/62/60
f 560/63/60 559/62/60 564/61/60
f 565/5/59 566/6/59 567/8/59
f 566/6/59 565/5/59 568/7/59
f 569/3/60 570/2/60 571/1/60
f 572/4/60 571/1/60 570/2/60
f 573/52/59 574/53/59 575/54/59
f 574/53/59 573/52/59 576/55/59
f 577/5/59 575/56/59 578/8/59
f 575/56/59 577/5/59 573/57/59
f 579/60/60 580/61/60 581/62/60
f 580/61/60 582/63/60 581/62/60
f 581/58/60 582/59/60 583/1/60
f 582/59/60 584/4/60 583/1/60
f 579/60/61 574/53/61 580/64/61
f 580/64/61 574/53/61 576/65/61
f 583/1/62 577/14/62 578/8/62
f 577/14/62 583/1/62 584/13/62
f 566/6/5 569/3/5 567/8/5
f 569/3/5 571/1/5 567/8/5
f 565/11/6 570/2/6 568/12/6
f 570/2/6 565/11/6 572/4/6
f 554/53/61 564/64/61 563/60/61
f 564/64/61 554/53/61 556/65/61
f 561/1/62 557/14/62 558/8/62
f 562/13/62 557/14/62 561/1/62
f 555/56/5 559/58/5 558/8/5
f 561/1/5 558/8/5 559/58/5
f 554/53/5 563/60/5 555/54/5
f 559/62/5 555/54/5 563/60/5
f 557/11/6 560/59/6 553/66/6
f 560/59/6 557/11/6 562/4/6
f 553/67/6 564/61/6 556/68/6
f 564/61/6 553/67/6 560/63/6
f 571/1/62 565/14/62 567/8/62
f 572/13/62 565/14/62 571/1/62
f 566/6/61 570/9/61 569/3/61
f 570/9/61 566/6/61 568/10/61
f 574/53/5 579/60/5 575/54/5
f 579/60/5 581/62/5 575/54/5
f 575/56/5 581/58/5 578/8/5
f 581/58/5 583/1/5 578/8/5
f 573/67/6 580/61/6 576/68/6
f 580/61/6 573/67/6 582/63/6
f 577/11/6 582/59/6 573/66/6
f 582/59/6 577/11/6 584/4/6
o Cube.011
usemtl tex_macrauchenia_i028p006x
f 585/1/63 586/14/63 587/8/63
f 586/14/63 585/1/63 588/13/63
f 589/69/64 590/1/64 591/70/64
f 590/1/64 589/69/64 592/4/64
f 593/19/65 594/71/65 595/21/65
f 594/71/65 593/19/65 596/72/65
f 597/5/66 598/73/66 599/8/66
f 598/73/66 597/5/66 600/74/66
f 590/1/63 597/14/63 599/8/63
f 592/13/63 597/14/63 590/1/63
f 601/75/67 602/23/67 603/76/67
f 602/23/67 601/75/67 604/28/67
f 605/23/68 606/24/68 607/21/68
f 605/23/68 608/25/68 606/24/68
f 609/5/69 610/77/69 611/8/69
f 610/77/69 609/5/69 612/78/69
f 613/79/66 614/23/66 615/80/66
f 614/23/66 613/79/66 616/28/66
f 617/81/70 618/1/70 619/82/70
f 618/1/70 617/81/70 620/4/70
f 618/1/63 609/14/63 611/8/63
f 620/13/63 609/14/63 618/1/63
f 621/19/71 622/83/71 623/21/71
f 622/83/71 621/19/71 624/84/71
f 602/23/68 593/24/68 595/21/68
f 602/23/68 604/25/68 593/24/68
f 619/82/5 611/8/5 610/77/5
f 611/8/5 619/82/5 618/1/5
f 609/11/6 617/81/6 612/85/6
f 617/81/6 609/11/6 620/4/6
f 586/5/69 625/86/69 587/8/69
f 625/86/69 586/5/69 626/87/69
f 614/23/19 622/83/19 615/80/19
f 622/83/19 614/23/19 623/21/19
f 624/84/20 616/36/20 613/88/20
f 616/36/20 624/84/20 621/19/20
f 627/89/69 605/23/69 628/90/69
f 605/23/69 627/89/69 608/28/69
f 629/91/70 585/1/70 630/92/70
f 585/1/70 629/91/70 588/4/70
f 606/19/72 631/93/72 607/21/72
f 631/93/72 606/19/72 632/94/72
f 591/70/5 599/8/5 598/73/5
f 599/8/5 591/70/5 590/1/5
f 597/11/6 589/69/6 600/95/6
f 589/69/6 597/11/6 592/4/6
f 602/23/22 594/71/22 603/76/22
f 594/71/22 602/23/22 595/21/22
f 596/72/23 604/36/23 601/96/23
f 604/36/23 596/72/23 593/19/23
f 614/23/68 621/24/68 623/21/68
f 614/23/68 616/25/68 621/24/68
f 630/92/5 587/8/5 625/86/5
f 587/8/5 630/92/5 585/1/5
f 586/11/6 629/91/6 626/97/6
f 629/91/6 586/11/6 588/4/6
f 605/23/22 631/93/22 628/90/22
f 631/93/22 605/23/22 607/21/22
f 632/94/23 608/36/23 627/98/23
f 608/36/23 632/94/23 606/19/23
f 622/82/68 610/77/68 615/77/68
f 610/77/68 622/82/68 619/82/68
f 617/81/68 619/82/68 622/82/68
f 617/81/68 622/82/68 624/81/68
f 610/77/68 613/78/68 615/77/68
f 612/85/68 624/81/68 613/85/68
f 612/85/68 617/81/68 624/81/68
f 610/77/68 612/78/68 613/78/68
f 629/91/68 630/92/68 631/92/68
f 625/86/68 631/92/68 630/92/68
f 631/92/68 625/86/68 628/86/68
f 625/86/68 627/87/68 628/86/68
f 629/91/68 631/92/68 632/91/68
f 626/97/68 629/91/68 632/91/68
f 625/86/68 626/87/68 627/87/68
f 626/97/68 632/91/68 627/97/68
f 598/73/68 594/70/68 591/70/68
f 589/69/68 591/70/68 594/70/68
f 589/69/68 594/70/68 596/69/68
f 594/70/68 598/73/68 603/73/68
f 598/73/68 601/74/68 603/73/68
f 600/95/68 589/69/68 596/69/68
f 598/73/68 600/74/68 601/74/68
f 600/95/68 596/69/68 601/95/68
o Cube.033
usemtl tex_macrauchenia_i028p007x
f 633/99/73 634/100/73 635/101/73
f 634/100/73 633/99/73 636/102/73
f 637/5/73 635/103/73 638/8/73
f 635/103/73 637/5/73 633/104/73
f 639/105/73 640/100/73 641/106/73
f 640/100/73 639/105/73 642/102/73
f 643/5/73 641/107/73 644/8/73
f 641/107/73 643/5/73 639/108/73
f 645/109/73 646/100/73 647/110/73
f 646/100/73 645/109/73 648/102/73
f 649/5/73 647/56/73 650/8/73
f 647/56/73 649/5/73 645/57/73
f 651/111/74 652/112/74 653/113/74
f 652/112/74 651/111/74 654/114/74
f 654/115/74 655/1/74 652/116/74
f 655/1/74 654/115/74 656/4/74
f 646/100/75 657/117/75 658/113/75
f 648/118/75 657/117/75 646/100/75
f 659/100/76 660/117/76 661/113/76
f 659/100/76 662/118/76 660/117/76
f 663/111/74 664/119/74 665/113/74
f 664/119/74 663/111/74 666/120/74
f 666/121/74 667/1/74 664/122/74
f 667/1/74 666/121/74 668/4/74
f 634/100/75 651/117/75 653/113/75
f 636/118/75 651/117/75 634/100/75
f 669/100/77 670/117/77 671/113/77
f 669/100/77 672/118/77 670/117/77
f 673/4/78 674/11/78 675/12/78
f 673/4/78 675/12/78 676/2/78
f 677/4/79 678/12/79 679/11/79
f 678/12/79 677/4/79 680/2/79
f 681/11/78 682/2/78 683/4/78
f 682/2/78 681/11/78 684/12/78
f 685/2/79 686/11/79 687/4/79
f 686/11/79 685/2/79 688/12/79
f 657/111/74 689/123/74 658/113/74
f 689/123/74 657/111/74 690/124/74
f 690/59/74 691/1/74 689/58/74
f 691/1/74 690/59/74 692/4/74
f 693/109/73 669/100/73 694/110/73
f 669/100/73 693/109/73 672/102/73
f 695/5/73 694/56/73 696/8/73
f 694/56/73 695/5/73 693/57/73
f 697/125/5 698/126/5 699/127/5
f 698/126/5 697/125/5 700/128/5
f 701/125/6 702/126/6 703/128/6
f 702/126/6 701/125/6 704/127/6
f 705/129/5 706/130/5 707/131/5
f 706/130/5 705/129/5 708/132/5
f 709/130/6 710/129/6 711/131/6
f 710/129/6 709/130/6 712/132/6
f 713/129/5 714/130/5 715/131/5
f 714/130/5 713/129/5 716/132/5
f 717/130/6 718/129/6 719/131/6
f 718/129/6 717/130/6 720/132/6
f 721/129/5 722/130/5 723/131/5
f 722/130/5 721/129/5 724/132/5
f 725/130/6 726/129/6 727/131/6
f 726/129/6 725/130/6 728/132/6
f 729/133/5 730/134/5 731/135/5
f 730/134/5 729/133/5 732/136/5
f 733/134/6 734/133/6 735/135/6
f 734/133/6 733/134/6 736/136/6
f 737/133/5 738/136/5 739/134/5
f 737/133/5 739/134/5 740/135/5
f 741/133/5 742/134/5 743/135/5
f 742/134/5 741/133/5 744/136/5
f 745/133/6 746/134/6 747/136/6
f 746/134/6 745/133/6 748/135/6
f 749/134/6 750/133/6 751/135/6
f 750/133/6 749/134/6 752/136/6
f 640/100/75 663/117/75 665/113/75
f 642/118/75 663/117/75 640/100/75
f 753/100/80 754/117/80 755/113/80
f 753/100/80 756/118/80 754/117/80
f 755/113/5 757/110/5 753/100/5
f 757/110/5 755/113/5 758/123/5
f 758/58/5 759/8/5 757/56/5
f 759/8/5 758/58/5 760/1/5
f 761/137/6 754/111/6 756/138/6
f 754/111/6 761/137/6 762/124/6
f 763/11/6 762/59/6 761/66/6
f 762/59/6 763/11/6 764/4/6
f 765/12/81 766/2/81 767/4/81
f 767/4/81 768/11/81 765/12/81
f 769/2/81 770/11/81 771/12/81
f 770/11/81 769/2/81 772/4/81
f 773/12/82 774/4/82 775/2/82
f 776/11/82 774/4/82 773/12/82
f 777/11/82 778/2/82 779/12/82
f 778/2/82 777/11/82 780/4/82
f 671/113/5 694/110/5 669/100/5
f 694/110/5 671/113/5 781/123/5
f 781/58/5 696/8/5 694/56/5
f 696/8/5 781/58/5 782/1/5
f 693/137/6 670/111/6 672/138/6
f 670/111/6 693/137/6 783/124/6
f 695/11/6 783/59/6 693/66/6
f 783/59/6 695/11/6 784/4/6
f 664/122/5 644/8/5 641/107/5
f 644/8/5 664/122/5 667/1/5
f 641/106/5 665/113/5 664/119/5
f 665/113/5 641/106/5 640/100/5
f 643/11/6 666/121/6 639/139/6
f 666/121/6 643/11/6 668/4/6
f 639/140/6 663/111/6 642/138/6
f 663/111/6 639/140/6 666/120/6
f 670/111/83 781/123/83 671/113/83
f 781/123/83 670/111/83 783/124/83
f 783/59/83 782/1/83 781/58/83
f 782/1/83 783/59/83 784/4/83
f 761/109/73 753/100/73 757/110/73
f 753/100/73 761/109/73 756/102/73
f 763/5/73 757/56/73 759/8/73
f 757/56/73 763/5/73 761/57/73
f 661/113/5 785/141/5 659/100/5
f 785/141/5 661/113/5 786/142/5
f 786/143/5 787/8/5 785/144/5
f 787/8/5 786/143/5 788/1/5
f 788/1/84 789/14/84 787/8/84
f 790/13/84 789/14/84 788/1/84
f 791/145/6 660/111/6 662/138/6
f 660/111/6 791/145/6 792/146/6
f 789/11/6 792/147/6 791/148/6
f 792/147/6 789/11/6 790/4/6
f 653/113/5 635/101/5 634/100/5
f 635/101/5 653/113/5 652/112/5
f 652/116/5 638/8/5 635/103/5
f 638/8/5 652/116/5 655/1/5
f 633/149/6 651/111/6 636/138/6
f 651/111/6 633/149/6 654/114/6
f 637/11/6 654/115/6 633/150/6
f 654/115/6 637/11/6 656/4/6
f 791/151/73 659/100/73 785/141/73
f 659/100/73 791/151/73 662/102/73
f 789/5/73 785/144/73 787/8/73
f 785/144/73 789/5/73 791/152/73
f 782/1/85 695/14/85 696/8/85
f 695/14/85 782/1/85 784/13/85
f 658/113/5 647/110/5 646/100/5
f 647/110/5 658/113/5 689/123/5
f 689/58/5 650/8/5 647/56/5
f 650/8/5 689/58/5 691/1/5
f 645/137/6 657/111/6 648/138/6
f 657/111/6 645/137/6 690/124/6
f 649/11/6 690/59/6 645/66/6
f 690/59/6 649/11/6 692/4/6
f 754/111/83 758/123/83 755/113/83
f 758/123/83 754/111/83 762/124/83
f 762/59/83 760/1/83 758/58/83
f 760/1/83 762/59/83 764/4/83
f 691/1/86 649/14/86 650/8/86
f 692/13/86 649/14/86 691/1/86
f 793/3/87 683/4/87 682/2/87
f 683/4/87 793/3/87 794/1/87
f 795/3/88 687/4/88 796/1/88
f 687/4/88 795/3/88 685/2/88
f 797/3/89 772/4/89 769/2/89
f 772/4/89 797/3/89 798/1/89
f 799/3/90 780/4/90 800/1/90
f 780/4/90 799/3/90 778/2/90
f 768/5/91 801/6/91 765/7/91
f 801/6/91 768/5/91 802/8/91
f 803/6/92 804/8/92 776/5/92
f 773/7/92 803/6/92 776/5/92
f 655/1/86 637/14/86 638/8/86
f 656/13/86 637/14/86 655/1/86
f 760/1/93 763/14/93 759/8/93
f 764/13/93 763/14/93 760/1/93
f 765/10/94 805/3/94 766/9/94
f 805/3/94 765/10/94 801/6/94
f 773/10/95 806/3/95 803/6/95
f 806/3/95 773/10/95 775/9/95
f 660/111/83 786/142/83 661/113/83
f 786/142/83 660/111/83 792/146/83
f 792/147/83 788/1/83 786/143/83
f 788/1/83 792/147/83 790/4/83
f 769/9/96 771/10/96 807/6/96
f 797/3/96 769/9/96 807/6/96
f 799/3/97 808/6/97 778/9/97
f 778/9/97 808/6/97 779/10/97
f 809/6/98 675/7/98 674/5/98
f 674/5/98 810/8/98 809/6/98
f 679/5/99 811/6/99 812/8/99
f 811/6/99 679/5/99 678/7/99
f 741/153/100 813/154/100 744/155/100
f 813/154/100 741/153/100 814/156/100
f 750/153/100 815/154/100 816/156/100
f 815/154/100 750/153/100 752/155/100
f 729/153/100 817/154/100 732/155/100
f 817/154/100 729/153/100 818/156/100
f 819/154/100 734/153/100 736/155/100
f 734/153/100 819/154/100 820/156/100
f 724/157/100 721/158/100 821/159/100
f 821/159/100 822/160/100 724/157/100
f 823/159/100 728/157/100 824/160/100
f 726/158/100 728/157/100 823/159/100
f 705/158/100 825/160/100 708/157/100
f 825/160/100 705/158/100 826/159/100
f 710/158/100 827/160/100 828/159/100
f 827/160/100 710/158/100 712/157/100
f 683/13/101 794/1/101 681/14/101
f 794/1/101 829/8/101 681/14/101
f 687/13/102 686/14/102 796/1/102
f 796/1/102 686/14/102 830/8/102
f 831/161/103 705/129/103 707/131/103
f 705/129/103 831/161/103 826/159/103
f 710/129/103 832/161/103 711/131/103
f 832/161/103 710/129/103 828/159/103
f 833/162/104 729/133/104 731/135/104
f 729/133/104 833/162/104 818/156/104
f 734/133/104 834/162/104 735/135/104
f 834/162/104 734/133/104 820/156/104
f 835/1/105 810/8/105 674/14/105
f 673/13/105 835/1/105 674/14/105
f 836/1/106 679/14/106 812/8/106
f 677/13/106 679/14/106 836/1/106
f 837/163/100 838/164/100 700/165/100
f 700/165/100 697/166/100 837/163/100
f 839/163/100 703/165/100 840/164/100
f 701/166/100 703/165/100 839/163/100
f 841/162/107 737/133/107 740/135/107
f 737/133/107 841/162/107 842/156/107
f 745/133/107 843/162/107 748/135/107
f 843/162/107 745/133/107 844/156/107
f 845/161/103 713/129/103 715/131/103
f 713/129/103 845/161/103 846/159/103
f 719/131/103 847/159/103 848/161/103
f 847/159/103 719/131/103 718/129/103
f 713/158/100 849/160/100 716/157/100
f 849/160/100 713/158/100 846/159/100
f 821/159/103 723/131/103 850/161/103
f 721/129/103 723/131/103 821/159/103
f 847/159/100 720/157/100 851/160/100
f 718/158/100 720/157/100 847/159/100
f 727/131/103 823/159/103 852/161/103
f 823/159/103 727/131/103 726/129/103
f 667/1/86 643/14/86 644/8/86
f 643/14/86 667/1/86 668/13/86
f 737/153/100 853/154/100 738/155/100
f 853/154/100 737/153/100 842/156/100
f 854/154/100 745/153/100 747/155/100
f 745/153/100 854/154/100 844/156/100
f 742/167/108 813/154/108 855/168/108
f 813/154/108 742/167/108 744/169/108
f 815/154/108 749/167/108 856/168/108
f 749/167/108 815/154/108 752/169/108
f 857/3/109 673/4/109 676/2/109
f 673/4/109 857/3/109 835/1/109
f 677/4/110 858/3/110 680/2/110
f 858/3/110 677/4/110 836/1/110
f 859/162/103 741/133/103 743/135/103
f 741/133/103 859/162/103 814/156/103
f 750/133/103 860/162/103 751/135/103
f 860/162/103 750/133/103 816/156/103
f 837/163/103 699/127/103 861/170/103
f 697/125/103 699/127/103 837/163/103
f 704/127/103 839/163/103 862/170/103
f 839/163/103 704/127/103 701/125/103
f 730/167/111 817/154/111 863/168/111
f 817/154/111 730/167/111 732/169/111
f 819/154/111 733/167/111 864/168/111
f 733/167/111 819/154/111 736/169/111
f 805/3/112 767/4/112 766/2/112
f 767/4/112 805/3/112 865/1/112
f 806/3/113 774/4/113 866/1/113
f 774/4/113 806/3/113 775/2/113
f 739/167/114 853/154/114 867/168/114
f 853/154/114 739/167/114 738/169/114
f 841/162/115 739/171/115 867/168/115
f 739/171/115 841/162/115 740/172/115
f 746/171/115 843/162/115 868/168/115
f 843/162/115 746/171/115 748/172/115
f 854/154/114 746/167/114 868/168/114
f 746/167/114 854/154/114 747/169/114
f 869/6/116 684/7/116 681/5/116
f 681/5/116 829/8/116 869/6/116
f 686/5/117 870/6/117 830/8/117
f 870/6/117 686/5/117 688/7/117
f 833/162/115 730/171/115 863/168/115
f 730/171/115 833/162/115 731/172/115
f 733/171/115 834/162/115 864/168/115
f 834/162/115 733/171/115 735/172/115
f 845/161/115 714/173/115 871/174/115
f 714/173/115 845/161/115 715/175/115
f 872/174/115 719/175/115 848/161/115
f 717/173/115 719/175/115 872/174/115
f 724/176/108 873/174/108 722/177/108
f 822/160/108 873/174/108 724/176/108
f 728/176/108 874/174/108 824/160/108
f 874/174/108 728/176/108 725/177/108
f 849/160/108 714/177/108 716/176/108
f 714/177/108 849/160/108 871/174/108
f 872/174/108 720/176/108 717/177/108
f 720/176/108 872/174/108 851/160/108
f 700/178/108 875/179/108 698/180/108
f 838/164/108 875/179/108 700/178/108
f 876/179/108 703/178/108 702/180/108
f 703/178/108 876/179/108 840/164/108
f 742/171/115 859/162/115 743/172/115
f 859/162/115 742/171/115 855/168/115
f 860/162/115 749/171/115 751/172/115
f 749/171/115 860/162/115 856/168/115
f 825/160/108 706/177/108 708/176/108
f 706/177/108 825/160/108 877/174/108
f 827/160/108 709/177/108 878/174/108
f 709/177/108 827/160/108 712/176/108
f 706/173/115 831/161/115 707/175/115
f 831/161/115 706/173/115 877/174/115
f 832/161/115 709/173/115 711/175/115
f 709/173/115 832/161/115 878/174/115
f 675/10/118 857/3/118 676/9/118
f 857/3/118 675/10/118 809/6/118
f 678/10/119 858/3/119 811/6/119
f 858/3/119 678/10/119 680/9/119
f 770/5/120 879/8/120 807/6/120
f 807/6/120 771/7/120 770/5/120
f 777/5/121 808/6/121 880/8/121
f 808/6/121 777/5/121 779/7/121
f 684/10/122 793/3/122 682/9/122
f 793/3/122 684/10/122 869/6/122
f 795/3/123 688/10/123 685/9/123
f 688/10/123 795/3/123 870/6/123
f 723/175/115 873/174/115 850/161/115
f 873/174/115 723/175/115 722/173/115
f 874/174/115 727/175/115 852/161/115
f 725/173/115 727/175/115 874/174/115
f 772/13/124 879/8/124 770/14/124
f 879/8/124 772/13/124 798/1/124
f 880/8/125 780/13/125 777/14/125
f 780/13/125 880/8/125 800/1/125
f 767/13/126 865/1/126 768/14/126
f 865/1/126 802/8/126 768/14/126
f 774/13/127 776/14/127 866/1/127
f 866/1/127 776/14/127 804/8/127
f 875/179/115 699/181/115 698/182/115
f 699/181/115 875/179/115 861/170/115
f 702/182/115 704/181/115 876/179/115
f 876/179/115 704/181/115 862/170/115
f 865/1/128 801/6/128 802/8/128
f 801/6/128 865/1/128 805/3/128
f 797/3/128 879/8/128 798/1/128
f 879/8/128 797/3/128 807/6/128
f 803/6/129 866/1/129 804/8/129
f 866/1/129 803/6/129 806/3/129
f 799/3/129 880/8/129 808/6/129
f 880/8/129 799/3/129 800/1/129
f 809/6/130 835/1/130 857/3/130
f 835/1/130 809/6/130 810/8/130
f 829/8/130 794/1/130 793/3/130
f 793/3/130 869/6/130 829/8/130
f 811/6/131 836/1/131 812/8/131
f 836/1/131 811/6/131 858/3/131
f 796/1/131 830/8/131 795/3/131
f 795/3/131 830/8/131 870/6/131
f 863/168/6 818/156/6 833/162/6
f 818/156/6 863/168/6 817/154/6
f 820/156/5 864/168/5 834/162/5
f 864/168/5 820/156/5 819/154/5
f 842/156/6 867/168/6 853/154/6
f 867/168/6 842/156/6 841/162/6
f 855/168/6 814/156/6 859/162/6
f 814/156/6 855/168/6 813/154/6
f 868/168/5 844/156/5 854/154/5
f 844/156/5 868/168/5 843/162/5
f 856/168/5 816/156/5 815/154/5
f 816/156/5 856/168/5 860/162/5
f 877/174/6 826/159/6 831/161/6
f 826/159/6 877/174/6 825/160/6
f 828/159/5 878/174/5 832/161/5
f 878/174/5 828/159/5 827/160/5
f 873/174/6 821/159/6 850/161/6
f 821/159/6 873/174/6 822/160/6
f 823/159/5 874/174/5 852/161/5
f 874/174/5 823/159/5 824/160/5
f 846/159/6 871/174/6 849/160/6
f 871/174/6 846/159/6 845/161/6
f 872/174/5 847/159/5 851/160/5
f 847/159/5 872/174/5 848/161/5
f 875/179/6 837/163/6 861/170/6
f 837/163/6 875/179/6 838/164/6
f 876/179/5 839/163/5 840/164/5
f 839/163/5 876/179/5 862/170/5
o Cube.062
usemtl tex_macrauchenia_i028p008x
f 881/183/132 882/184/132 883/185/132
f 882/184/132 881/183/132 884/186/132
f 885/187/132 886/100/132 887/188/132
f 886/100/132 885/187/132 888/102/132
f 889/113/5 887/188/5 886/100/5
f 890/189/5 887/188/5 889/113/5
f 885/190/6 891/111/6 888/138/6
f 891/111/6 885/190/6 892/191/6
f 893/113/133 894/111/133 895/189/133
f 896/191/133 895/189/133 894/111/133
f 897/192/134 898/193/134 899/194/134
f 900/195/134 899/194/134 898/193/134
f 901/100/5 893/113/5 902/188/5
f 893/113/5 895/189/5 902/188/5
f 903/190/6 894/111/6 904/138/6
f 894/111/6 903/190/6 896/191/6
f 886/100/135 891/117/135 889/113/135
f 886/100/135 888/118/135 891/117/135
f 905/192/5 883/185/5 882/184/5
f 906/194/5 883/185/5 905/192/5
f 881/196/6 907/193/6 884/197/6
f 907/193/6 881/196/6 908/195/6
f 899/194/5 909/185/5 897/192/5
f 910/184/5 897/192/5 909/185/5
f 898/193/6 911/196/6 900/195/6
f 911/196/6 898/193/6 912/197/6
f 901/100/136 894/117/136 893/113/136
f 901/100/136 904/118/136 894/117/136
f 906/194/137 881/198/137 883/185/137
f 908/199/137 881/198/137 906/194/137
f 907/193/138 906/194/138 905/192/138
f 906/194/138 907/193/138 908/195/138
f 890/189/137 885/200/137 887/188/137
f 885/200/137 890/189/137 892/201/137
f 911/198/139 909/185/139 899/194/139
f 911/198/139 899/194/139 900/199/139
f 891/111/138 890/189/138 889/113/138
f 890/189/138 891/111/138 892/191/138
f 903/200/140 902/188/140 895/189/140
f 903/200/140 895/189/140 896/201/140
f 911/183/141 910/184/141 909/185/141
f 910/184/141 911/183/141 912/186/141
f 882/184/135 907/202/135 905/192/135
f 882/184/135 884/203/135 907/202/135
f 903/187/142 901/100/142 902/188/142
f 901/100/142 903/187/142 904/102/142
f 910/184/136 898/202/136 897/192/136
f 910/184/136 912/203/136 898/202/136
o Cube.016
usemtl tex_macrauchenia_i028p009x
f 913/1/13 914/14/13 915/8/13
f 916/13/13 914/14/13 913/1/13
f 917/1/13 918/14/13 919/8/13
f 920/13/13 918/14/13 917/1/13
f 921/204/16 917/1/16 922/205/16
f 917/1/16 921/204/16 920/4/16
f 923/19/21 924/93/21 925/21/21
f 924/93/21 923/19/21 926/94/21
f 927/5/15 928/206/15 929/8/15
f 928/206/15 927/5/15 930/207/15
f 931/208/14 932/1/14 933/209/14
f 932/1/14 931/208/14 934/4/14
f 932/1/13 935/14/13 936/8/13
f 934/13/13 935/14/13 932/1/13
f 937/23/17 938/24/17 939/21/17
f 937/23/17 940/25/17 938/24/17
f 941/207/143 942/6/143 943/206/143
f 942/6/143 941/207/143 944/7/143
f 945/19/144 946/210/144 947/21/144
f 946/210/144 945/19/144 948/211/144
f 949/212/5 932/1/5 936/8/5
f 932/1/5 949/212/5 933/209/5
f 934/4/6 950/213/6 935/11/6
f 950/213/6 934/4/6 931/208/6
f 951/214/14 913/1/14 952/215/14
f 913/1/14 951/214/14 916/4/14
f 953/1/13 927/14/13 929/8/13
f 954/13/13 927/14/13 953/1/13
f 918/5/145 955/216/145 919/8/145
f 955/216/145 918/5/145 956/217/145
f 957/23/19 946/210/19 958/218/19
f 946/210/19 957/23/19 947/21/19
f 948/211/20 959/36/20 960/219/20
f 959/36/20 948/211/20 945/19/20
f 938/19/21 961/220/21 939/21/21
f 961/220/21 938/19/21 962/221/21
f 963/89/18 964/23/18 965/90/18
f 964/23/18 963/89/18 966/28/18
f 964/23/17 923/24/17 925/21/17
f 964/23/17 966/25/17 923/24/17
f 935/5/15 949/212/15 936/8/15
f 949/212/15 935/5/15 950/222/15
f 960/223/146 957/23/146 958/218/146
f 957/23/146 960/223/146 959/28/146
f 955/216/5 917/1/5 919/8/5
f 917/1/5 955/216/5 922/205/5
f 920/4/6 956/224/6 918/11/6
f 956/224/6 920/4/6 921/204/6
f 925/21/22 965/90/22 964/23/22
f 965/90/22 925/21/22 924/93/22
f 963/98/23 923/19/23 966/36/23
f 923/19/23 963/98/23 926/94/23
f 914/5/15 967/225/15 915/8/15
f 967/225/15 914/5/15 968/226/15
f 969/227/18 937/23/18 970/228/18
f 937/23/18 969/227/18 940/28/18
f 913/1/5 967/225/5 952/215/5
f 967/225/5 913/1/5 915/8/5
f 916/4/6 968/229/6 914/11/6
f 968/229/6 916/4/6 951/214/6
f 937/23/22 961/220/22 970/228/22
f 961/220/22 937/23/22 939/21/22
f 962/221/23 940/36/23 969/230/23
f 940/36/23 962/221/23 938/19/23
f 957/23/17 945/24/17 947/21/17
f 957/23/17 959/25/17 945/24/17
f 928/206/5 953/1/5 929/8/5
f 953/1/5 928/206/5 971/231/5
f 954/4/6 930/232/6 927/11/6
f 930/232/6 954/4/6 972/233/6
f 973/231/147 942/6/147 974/3/147
f 942/6/147 973/231/147 943/206/147
f 944/12/148 975/233/148 976/2/148
f 975/233/148 944/12/148 941/232/148
f 942/6/17 976/9/17 974/3/17
f 942/6/17 944/10/17 976/9/17
f 952/215/17 967/225/17 970/225/17
f 967/225/17 969/226/17 970/225/17
f 967/225/17 968/226/17 969/226/17
f 952/215/17 970/225/17 961/215/17
f 951/214/17 952/215/17 961/215/17
f 951/214/17 961/215/17 962/214/17
f 969/229/17 951/214/17 962/214/17
f 951/214/17 969/229/17 968/229/17
f 972/233/14 953/1/14 971/231/14
f 953/1/14 972/233/14 954/4/14
f 976/2/149 973/231/149 974/3/149
f 973/231/149 976/2/149 975/233/149
f 924/205/17 955/216/17 965/216/17
f 955/216/17 924/205/17 922/205/17
f 955/216/17 963/217/17 965/216/17
f 955/216/17 956/217/17 963/217/17
f 956/224/17 926/204/17 963/224/17
f 921/204/17 922/205/17 924/205/17
f 921/204/17 924/205/17 926/204/17
f 956/224/17 921/204/17 926/204/17
f 972/233/17 971/231/17 973/231/17
f 972/233/17 973/231/17 975/233/17
f 971/231/17 928/206/17 943/206/17
f 928/206/17 941/207/17 943/206/17
f 971/231/17 943/206/17 973/231/17
f 928/206/17 930/207/17 941/207/17
f 941/232/17 972/233/17 975/233/17
f 972/233/17 941/232/17 930/232/17
f 933/209/17 958/212/17 946/209/17
f 931/208/17 933/209/17 946/209/17
f 931/208/17 946/209/17 948/208/17
f 960/213/17 931/208/17 948/208/17
f 933/209/17 949/212/17 958/212/17
f 949/212/17 960/222/17 958/212/17
f 949/212/17 950/222/17 960/222/17
f 931/208/17 960/213/17 950/213/17
o Cube.055
usemtl tex_macrauchenia_i028p010x
f 977/234/150 978/235/150 979/236/150
f 978/235/150 980/237/150 979/236/150
f 981/238/151 982/239/151 983/240/151
f 982/239/151 981/238/151 984/241/151
f 985/234/150 986/235/150 987/236/150
f 986/235/150 988/237/150 987/236/150
f 989/238/151 990/239/151 991/240/151
f 990/239/151 989/238/151 992/241/151
f 993/234/150 994/235/150 995/236/150
f 994/235/150 996/237/150 995/236/150
f 997/238/151 998/239/151 999/240/151
f 998/239/151 997/238/151 1000/241/151
f 985/234/5 987/236/5 991/240/5
f 990/239/5 985/234/5 991/240/5
f 986/235/6 989/242/6 988/237/6
f 989/242/6 986/235/6 992/243/6
f 998/239/152 994/244/152 993/234/152
f 1000/245/152 994/244/152 998/239/152
f 999/240/153 995/236/153 997/246/153
f 997/246/153 995/236/153 996/247/153
f 977/234/5 979/236/5 983/240/5
f 982/239/5 977/234/5 983/240/5
f 978/235/6 981/242/6 980/237/6
f 981/242/6 978/235/6 984/243/6
f 982/239/152 978/244/152 977/234/152
f 984/245/152 978/244/152 982/239/152
f 983/240/153 979/236/153 981/246/153
f 981/246/153 979/236/153 980/247/153
f 993/234/5 995/236/5 999/240/5
f 998/239/5 993/234/5 999/240/5
f 994/235/6 997/242/6 996/237/6
f 997/242/6 994/235/6 1000/243/6
f 990/239/152 986/244/152 985/234/152
f 990/239/152 992/245/152 986/244/152
f 989/246/153 991/240/153 987/236/153
f 989/246/153 987/236/153 988/247/153
o Cube.021
usemtl tex_macrauchenia_i028p011x
f 1001/52/59 1002/53/59 1003/54/59
f 1002/53/59 1001/52/59 1004/55/59
f 1005/5/59 1003/56/59 1006/8/59
f 1003/56/59 1005/5/59 1001/57/59
f 1007/58/60 1008/59/60 1009/1/60
f 1010/4/60 1009/1/60 1008/59/60
f 1011/60/60 1012/61/60 1007/62/60
f 1008/63/60 1007/62/60 1012/61/60
f 1013/5/59 1014/6/59 1015/8/59
f 1014/6/59 1013/5/59 1016/7/59
f 1017/3/60 1018/2/60 1019/1/60
f 1020/4/60 1019/1/60 1018/2/60
f 1021/52/59 1022/53/59 1023/54/59
f 1022/53/59 1021/52/59 1024/55/59
f 1025/5/59 1023/56/59 1026/8/59
f 1023/56/59 1025/5/59 1021/57/59
f 1027/60/60 1028/61/60 1029/62/60
f 1028/61/60 1030/63/60 1029/62/60
f 1029/58/60 1030/59/60 1031/1/60
f 1030/59/60 1032/4/60 1031/1/60
f 1027/60/61 1022/53/61 1028/64/61
f 1028/64/61 1022/53/61 1024/65/61
f 1031/1/62 1025/14/62 1026/8/62
f 1032/13/62 1025/14/62 1031/1/62
f 1014/6/5 1017/3/5 1015/8/5
f 1017/3/5 1019/1/5 1015/8/5
f 1013/11/6 1018/2/6 1016/12/6
f 1018/2/6 1013/11/6 1020/4/6
f 1002/53/61 1012/64/61 1011/60/61
f 1012/64/61 1002/53/61 1004/65/61
f 1009/1/62 1005/14/62 1006/8/62
f 1010/13/62 1005/14/62 1009/1/62
f 1003/56/5 1007/58/5 1006/8/5
f 1009/1/5 1006/8/5 1007/58/5
f 1002/53/5 1011/60/5 1003/54/5
f 1007/62/5 1003/54/5 1011/60/5
f 1005/11/6 1008/59/6 1001/66/6
f 1008/59/6 1005/11/6 1010/4/6
f 1001/67/6 1012/61/6 1004/68/6
f 1012/61/6 1001/67/6 1008/63/6
f 1019/1/62 1013/14/62 1015/8/62
f 1020/13/62 1013/14/62 1019/1/62
f 1014/6/61 1018/9/61 1017/3/61
f 1018/9/61 1014/6/61 1016/10/61
f 1022/53/5 1027/60/5 1023/54/5
f 1027/60/5 1029/62/5 1023/54/5
f 1023/56/5 1029/58/5 1026/8/5
f 1029/58/5 1031/1/5 1026/8/5
f 1021/67/6 1028/61/6 1024/68/6
f 1028/61/6 1021/67/6 1030/63/6
f 1025/11/6 1030/59/6 1021/66/6
f 1030/59/6 1025/11/6 1032/4/6
o Cube.050
usemtl tex_macrauchenia_i028p012x
f 1033/238/154 1034/239/154 1035/240/154
f 1034/239/154 1033/238/154 1036/241/154
f 1037/234/155 1038/235/155 1039/236/155
f 1038/235/155 1040/237/155 1039/236/155
f 1041/238/154 1042/239/154 1043/240/154
f 1042/239/154 1041/238/154 1044/241/154
f 1045/234/155 1046/235/155 1047/236/155
f 1048/237/155 1047/236/155 1046/235/155
f 1049/234/155 1050/235/155 1051/236/155
f 1050/235/155 1052/237/155 1051/236/155
f 1053/238/156 1054/239/156 1055/240/156
f 1054/239/156 1053/238/156 1056/241/156
f 1047/236/5 1043/240/5 1045/234/5
f 1042/239/5 1045/234/5 1043/240/5
f 1046/235/6 1041/242/6 1048/237/6
f 1041/242/6 1046/235/6 1044/243/6
f 1054/239/157 1050/244/157 1049/234/157
f 1054/239/157 1056/245/157 1050/244/157
f 1053/246/158 1055/240/158 1051/236/158
f 1053/246/158 1051/236/158 1052/247/158
f 1039/236/5 1035/240/5 1037/234/5
f 1034/239/5 1037/234/5 1035/240/5
f 1038/235/6 1033/242/6 1040/237/6
f 1033/242/6 1038/235/6 1036/243/6
f 1035/240/159 1039/236/159 1033/246/159
f 1033/246/159 1039/236/159 1040/247/159
f 1034/239/157 1038/244/157 1037/234/157
f 1036/245/157 1038/244/157 1034/239/157
f 1049/234/5 1051/236/5 1055/240/5
f 1054/239/5 1049/234/5 1055/240/5
f 1050/235/6 1053/242/6 1052/237/6
f 1053/242/6 1050/235/6 1056/243/6
f 1041/246/159 1043/240/159 1047/236/159
f 1041/246/159 1047/236/159 1048/247/159
f 1042/239/157 1046/244/157 1045/234/157
f 1042/239/157 1044/245/157 1046/244/157
o Cube.047
usemtl tex_macrauchenia_i028p013x
f 1057/5/160 1058/6/160 1059/8/160
f 1058/6/160 1057/5/160 1060/7/160
f 1061/2/161 1062/1/161 1063/3/161
f 1062/1/161 1061/2/161 1064/4/161
f 1065/5/160 1066/6/160 1067/8/160
f 1066/6/160 1065/5/160 1068/7/160
f 1069/2/161 1070/1/161 1071/3/161
f 1070/1/161 1069/2/161 1072/4/161
f 1073/2/161 1074/1/161 1075/3/161
f 1074/1/161 1073/2/161 1076/4/161
f 1077/5/162 1078/6/162 1079/8/162
f 1078/6/162 1077/5/162 1080/7/162
f 1070/1/5 1067/8/5 1071/3/5
f 1071/3/5 1067/8/5 1066/6/5
f 1069/2/6 1065/11/6 1072/4/6
f 1065/11/6 1069/2/6 1068/12/6
f 1074/1/163 1077/14/163 1079/8/163
f 1076/13/163 1077/14/163 1074/1/163
f 1078/6/164 1073/9/164 1075/3/164
f 1078/6/164 1080/10/164 1073/9/164
f 1062/1/5 1059/8/5 1063/3/5
f 1063/3/5 1059/8/5 1058/6/5
f 1061/2/6 1057/11/6 1064/4/6
f 1057/11/6 1061/2/6 1060/12/6
f 1058/6/164 1061/9/164 1063/3/164
f 1058/6/164 1060/10/164 1061/9/164
f 1062/1/165 1057/14/165 1059/8/165
f 1064/13/165 1057/14/165 1062/1/165
f 1074/1/5 1079/8/5 1075/3/5
f 1075/3/5 1079/8/5 1078/6/5
f 1073/2/6 1077/11/6 1076/4/6
f 1077/11/6 1073/2/6 1080/12/6
f 1070/1/165 1065/14/165 1067/8/165
f 1072/13/165 1065/14/165 1070/1/165
f 1066/6/164 1069/9/164 1071/3/164
f 1066/6/164 1068/10/164 1069/9/164
o Cube.015
usemtl tex_macrauchenia_i028p014x
f 1081/6/166 1082/9/166 1083/10/166
f 1082/9/166 1081/6/166 1084/3/166
f 1085/9/167 1086/6/167 1087/10/167
f 1086/6/167 1085/9/167 1088/3/167
f 1089/4/168 1090/12/168 1091/2/168
f 1090/12/168 1089/4/168 1092/11/168
f 1093/4/169 1094/2/169 1095/12/169
f 1093/4/169 1095/12/169 1096/11/169
f 1097/4/168 1098/2/168 1099/2/168
f 1100/4/168 1098/2/168 1097/4/168
f 1101/4/169 1102/2/169 1103/2/169
f 1101/4/169 1103/2/169 1104/4/169
f 1105/4/168 1106/12/168 1107/2/168
f 1106/12/168 1105/4/168 1108/11/168
f 1109/13/170 1110/8/170 1111/14/170
f 1110/8/170 1109/13/170 1112/1/170
f 1113/4/169 1114/2/169 1115/12/169
f 1113/4/169 1115/12/169 1116/11/169
f 1117/8/171 1118/13/171 1119/14/171
f 1118/13/171 1117/8/171 1120/1/171
f 1121/4/168 1122/2/168 1123/2/168
f 1124/4/168 1122/2/168 1121/4/168
f 1125/4/169 1126/2/169 1127/2/169
f 1125/4/169 1127/2/169 1128/4/169
f 1083/12/168 1129/4/168 1130/11/168
f 1129/4/168 1083/12/168 1082/2/168
f 1131/4/169 1085/2/169 1087/12/169
f 1131/4/169 1087/12/169 1132/11/169
f 1109/4/168 1133/12/168 1134/2/168
f 1133/12/168 1109/4/168 1111/11/168
f 1118/4/169 1135/2/169 1136/12/169
f 1118/4/169 1136/12/169 1119/11/169
f 1137/4/168 1138/2/168 1139/2/168
f 1140/4/168 1138/2/168 1137/4/168
f 1141/4/169 1142/2/169 1143/2/169
f 1141/4/169 1143/2/169 1144/4/169
f 1137/4/170 1145/1/170 1140/4/170
f 1145/1/170 1137/4/170 1146/1/170
f 1141/4/171 1147/1/171 1148/1/171
f 1147/1/171 1141/4/171 1144/4/171
f 1105/13/170 1149/8/170 1108/14/170
f 1149/8/170 1105/13/170 1150/1/170
f 1151/8/171 1113/13/171 1116/14/171
f 1113/13/171 1151/8/171 1152/1/171
f 1121/4/170 1153/1/170 1124/4/170
f 1153/1/170 1121/4/170 1154/1/170
f 1125/4/171 1155/1/171 1156/1/171
f 1155/1/171 1125/4/171 1128/4/171
f 1089/13/170 1157/8/170 1092/14/170
f 1157/8/170 1089/13/170 1158/1/170
f 1093/13/171 1159/8/171 1160/1/171
f 1159/8/171 1093/13/171 1096/14/171
f 1097/4/170 1161/1/170 1100/4/170
f 1161/1/170 1097/4/170 1162/1/170
f 1101/4/171 1163/1/171 1164/1/171
f 1163/1/171 1101/4/171 1104/4/171
f 1123/248/172 1165/249/172 1154/250/172
f 1121/251/172 1123/248/172 1154/250/172
f 1126/248/173 1156/250/173 1166/249/173
f 1156/250/173 1126/248/173 1125/251/173
f 1099/248/172 1167/249/172 1162/250/172
f 1097/251/172 1099/248/172 1162/250/172
f 1102/248/173 1164/250/173 1168/249/173
f 1164/250/173 1102/248/173 1101/251/173
f 1139/248/172 1169/249/172 1146/250/172
f 1137/251/172 1139/248/172 1146/250/172
f 1142/248/173 1148/250/173 1170/249/173
f 1148/250/173 1142/248/173 1141/251/173
f 1107/2/172 1171/3/172 1150/1/172
f 1105/4/172 1107/2/172 1150/1/172
f 1114/2/173 1152/1/173 1172/3/173
f 1152/1/173 1114/2/173 1113/4/173
f 1091/2/172 1173/3/172 1158/1/172
f 1089/4/172 1091/2/172 1158/1/172
f 1094/2/173 1160/1/173 1174/3/173
f 1160/1/173 1094/2/173 1093/4/173
f 1175/6/166 1134/9/166 1133/10/166
f 1134/9/166 1175/6/166 1176/3/166
f 1177/6/166 1107/9/166 1106/10/166
f 1107/9/166 1177/6/166 1171/3/166
f 1178/6/167 1135/9/167 1179/3/167
f 1135/9/167 1178/6/167 1136/10/167
f 1180/6/167 1114/9/167 1172/3/167
f 1114/9/167 1180/6/167 1115/10/167
f 1134/2/172 1176/3/172 1112/1/172
f 1109/4/172 1134/2/172 1112/1/172
f 1135/2/173 1120/1/173 1179/3/173
f 1120/1/173 1135/2/173 1118/4/173
f 1129/4/172 1082/2/172 1181/1/172
f 1082/2/172 1084/3/172 1181/1/172
f 1085/2/173 1182/1/173 1088/3/173
f 1182/1/173 1085/2/173 1131/4/173
f 1157/8/174 1090/7/174 1092/5/174
f 1090/7/174 1157/8/174 1183/6/174
f 1159/8/175 1095/7/175 1184/6/175
f 1095/7/175 1159/8/175 1096/5/175
f 1185/3/166 1139/2/166 1138/2/166
f 1169/3/166 1139/2/166 1185/3/166
f 1186/3/166 1123/2/166 1122/2/166
f 1165/3/166 1123/2/166 1186/3/166
f 1187/3/167 1143/2/167 1142/2/167
f 1142/2/167 1170/3/167 1187/3/167
f 1188/3/167 1127/2/167 1126/2/167
f 1126/2/167 1166/3/167 1188/3/167
f 1183/6/166 1091/9/166 1090/10/166
f 1091/9/166 1183/6/166 1173/3/166
f 1184/6/167 1094/9/167 1174/3/167
f 1094/9/167 1184/6/167 1095/10/167
f 1149/8/174 1106/7/174 1108/5/174
f 1106/7/174 1149/8/174 1177/6/174
f 1151/8/175 1115/7/175 1180/6/175
f 1115/7/175 1151/8/175 1116/5/175
f 1189/3/166 1099/2/166 1098/2/166
f 1167/3/166 1099/2/166 1189/3/166
f 1102/2/167 1168/3/167 1190/3/167
f 1190/3/167 1103/2/167 1102/2/167
f 1083/7/174 1191/8/174 1081/6/174
f 1191/8/174 1083/7/174 1130/5/174
f 1192/8/175 1087/7/175 1086/6/175
f 1087/7/175 1192/8/175 1132/5/175
f 1110/8/174 1133/7/174 1111/5/174
f 1133/7/174 1110/8/174 1175/6/174
f 1117/8/175 1136/7/175 1178/6/175
f 1136/7/175 1117/8/175 1119/5/175
f 1129/13/170 1191/8/170 1130/14/170
f 1191/8/170 1129/13/170 1181/1/170
f 1131/13/171 1192/8/171 1182/1/171
f 1192/8/171 1131/13/171 1132/14/171
f 1138/2/174 1145/1/174 1185/3/174
f 1145/1/174 1138/2/174 1140/4/174
f 1143/2/175 1187/3/175 1147/1/175
f 1144/4/175 1143/2/175 1147/1/175
f 1098/2/174 1161/1/174 1189/3/174
f 1161/1/174 1098/2/174 1100/4/174
f 1103/2/175 1190/3/175 1163/1/175
f 1104/4/175 1103/2/175 1163/1/175
f 1122/2/174 1153/1/174 1186/3/174
f 1153/1/174 1122/2/174 1124/4/174
f 1127/2/175 1188/3/175 1155/1/175
f 1128/4/175 1127/2/175 1155/1/175
f 1183/6/176 1158/1/176 1173/3/176
f 1158/1/176 1183/6/176 1157/8/176
f 1160/1/177 1184/6/177 1174/3/177
f 1184/6/177 1160/1/177 1159/8/177
f 1189/3/176 1162/1/176 1167/3/176
f 1162/1/176 1189/3/176 1161/1/176
f 1164/1/177 1190/3/177 1168/3/177
f 1190/3/177 1164/1/177 1163/1/177
f 1177/6/176 1150/1/176 1171/3/176
f 1150/1/176 1177/6/176 1149/8/176
f 1152/1/177 1180/6/177 1172/3/177
f 1180/6/177 1152/1/177 1151/8/177
f 1186/3/176 1154/1/176 1165/3/176
f 1154/1/176 1186/3/176 1153/1/176
f 1156/1/177 1188/3/177 1166/3/177
f 1188/3/177 1156/1/177 1155/1/177
f 1081/6/176 1181/1/176 1084/3/176
f 1181/1/176 1081/6/176 1191/8/176
f 1182/1/177 1086/6/177 1088/3/177
f 1086/6/177 1182/1/177 1192/8/177
f 1175/6/176 1112/1/176 1176/3/176
f 1112/1/176 1175/6/176 1110/8/176
f 1120/1/177 1178/6/177 1179/3/177
f 1178/6/177 1120/1/177 1117/8/177
f 1185/3/176 1146/1/176 1169/3/176
f 1146/1/176 1185/3/176 1145/1/176
f 1148/1/177 1187/3/177 1170/3/177
f 1187/3/177 1148/1/177 1147/1/177
o Cube.025
usemtl tex_macrauchenia_i028p015x
f 1193/5/68 1194/6/68 1195/8/68
f 1194/6/68 1193/5/68 1196/7/68
f 1197/3/63 1198/2/63 1199/1/63
f 1198/2/63 1200/4/63 1199/1/63
f 1201/5/68 1202/6/68 1203/8/68
f 1202/6/68 1201/5/68 1204/7/68
f 1205/3/63 1206/2/63 1207/1/63
f 1208/4/63 1207/1/63 1206/2/63
f 1209/5/178 1210/6/178 1211/8/178
f 1210/6/178 1209/5/178 1212/7/178
f 1213/3/179 1214/4/179 1215/1/179
f 1214/4/179 1213/3/179 1216/2/179
f 1205/3/5 1203/8/5 1202/6/5
f 1207/1/5 1203/8/5 1205/3/5
f 1201/11/6 1206/2/6 1204/12/6
f 1206/2/6 1201/11/6 1208/4/6
f 1212/10/72 1213/3/72 1210/6/72
f 1213/3/72 1212/10/72 1216/9/72
f 1215/1/67 1209/14/67 1211/8/67
f 1214/13/67 1209/14/67 1215/1/67
f 1197/3/5 1195/8/5 1194/6/5
f 1199/1/5 1195/8/5 1197/3/5
f 1193/11/6 1198/2/6 1196/12/6
f 1198/2/6 1193/11/6 1200/4/6
f 1199/1/67 1193/14/67 1195/8/67
f 1200/13/67 1193/14/67 1199/1/67
f 1197/3/72 1194/6/72 1198/9/72
f 1198/9/72 1194/6/72 1196/10/72
f 1207/1/67 1201/14/67 1203/8/67
f 1208/13/67 1201/14/67 1207/1/67
f 1205/3/72 1202/6/72 1206/9/72
f 1206/9/72 1202/6/72 1204/10/72
f 1213/3/5 1211/8/5 1210/6/5
f 1215/1/5 1211/8/5 1213/3/5
f 1209/11/6 1216/2/6 1212/12/6
f 1216/2/6 1209/11/6 1214/4/6
o Cube.022
usemtl tex_macrauchenia_i028p016x
f 1217/5/180 1218/6/180 1219/8/180
f 1218/6/180 1217/5/180 1220/7/180
f 1221/3/181 1222/2/181 1223/1/181
f 1222/2/181 1224/4/181 1223/1/181
f 1225/5/4 1226/6/4 1227/8/4
f 1226/6/4 1225/5/4 1228/7/4
f 1229/3/9 1230/2/9 1231/1/9
f 1232/4/9 1231/1/9 1230/2/9
f 1233/5/180 1234/6/180 1235/8/180
f 1234/6/180 1233/5/180 1236/7/180
f 1237/1/181 1238/3/181 1239/2/181
f 1239/2/181 1240/4/181 1237/1/181
f 1226/6/5 1229/3/5 1227/8/5
f 1231/1/5 1227/8/5 1229/3/5
f 1225/11/6 1230/2/6 1228/12/6
f 1230/2/6 1225/11/6 1232/4/6
f 1238/3/182 1234/6/182 1239/9/182
f 1239/9/182 1234/6/182 1236/10/182
f 1237/1/183 1233/14/183 1235/8/183
f 1240/13/183 1233/14/183 1237/1/183
f 1218/6/5 1221/3/5 1219/8/5
f 1223/1/5 1219/8/5 1221/3/5
f 1217/11/6 1222/2/6 1220/12/6
f 1222/2/6 1217/11/6 1224/4/6
f 1223/1/184 1217/14/184 1219/8/184
f 1224/13/184 1217/14/184 1223/1/184
f 1221/3/182 1218/6/182 1222/9/182
f 1222/9/182 1218/6/182 1220/10/182
f 1231/1/183 1225/14/183 1227/8/183
f 1232/13/183 1225/14/183 1231/1/183
f 1226/6/182 1230/9/182 1229/3/182
f 1230/9/182 1226/6/182 1228/10/182
f 1234/6/5 1238/3/5 1235/8/5
f 1238/3/5 1237/1/5 1235/8/5
f 1233/11/6 1239/2/6 1236/12/6
f 1239/2/6 1233/11/6 1240/4/6
o Cube.070
usemtl tex_macrauchenia_i028p017x
f 1241/1/185 1242/2/185 1243/3/185
f 1244/4/185 1242/2/185 1241/1/185
f 1245/2/185 1246/1/185 1247/3/185
f 1246/1/185 1245/2/185 1248/4/185
f 1249/5/186 1250/6/186 1251/7/186
f 1252/8/186 1250/6/186 1249/5/186
f 1253/6/186 1254/5/186 1255/7/186
f 1254/5/186 1253/6/186 1256/8/186
f 1257/5/186 1258/6/186 1259/7/186
f 1260/8/186 1258/6/186 1257/5/186
f 1261/1/185 1262/2/185 1263/3/185
f 1264/4/185 1262/2/185 1261/1/185
f 1265/6/186 1266/5/186 1267/7/186
f 1266/5/186 1265/6/186 1268/8/186
f 1269/2/185 1270/1/185 1271/3/185
f 1270/1/185 1269/2/185 1272/4/185
f 1273/2/5 1257/11/5 1259/12/5
f 1257/11/5 1273/2/5 1274/4/5
f 1266/11/6 1275/2/6 1267/12/6
f 1275/2/6 1266/11/6 1276/4/6
f 1262/2/5 1277/11/5 1278/12/5
f 1277/11/5 1262/2/5 1264/4/5
f 1279/11/6 1269/2/6 1280/12/6
f 1269/2/6 1279/11/6 1272/4/6
f 1281/2/5 1249/11/5 1251/12/5
f 1249/11/5 1281/2/5 1282/4/5
f 1254/11/6 1283/2/6 1255/12/6
f 1283/2/6 1254/11/6 1284/4/6
f 1282/13/187 1285/1/187 1249/14/187
f 1285/1/187 1252/8/187 1249/14/187
f 1286/1/187 1254/14/187 1256/8/187
f 1284/13/187 1254/14/187 1286/1/187
f 1242/2/5 1287/11/5 1288/12/5
f 1287/11/5 1242/2/5 1244/4/5
f 1289/11/6 1245/2/6 1290/12/6
f 1245/2/6 1289/11/6 1248/4/6
f 1274/13/187 1291/1/187 1257/14/187
f 1291/1/187 1260/8/187 1257/14/187
f 1292/1/187 1266/14/187 1268/8/187
f 1276/13/187 1266/14/187 1292/1/187
f 1244/13/7 1241/1/7 1287/14/7
f 1241/1/7 1293/8/7 1287/14/7
f 1246/1/7 1289/14/7 1294/8/7
f 1289/14/7 1246/1/7 1248/13/7
f 1264/13/7 1261/1/7 1277/14/7
f 1261/1/7 1295/8/7 1277/14/7
f 1270/1/7 1279/14/7 1296/8/7
f 1279/14/7 1270/1/7 1272/13/7
f 1297/6/8 1242/9/8 1288/10/8
f 1242/9/8 1297/6/8 1243/3/8
f 1298/6/8 1245/9/8 1247/3/8
f 1298/6/8 1290/10/8 1245/9/8
f 1299/6/8 1262/9/8 1278/10/8
f 1262/9/8 1299/6/8 1263/3/8
f 1300/6/8 1269/9/8 1271/3/8
f 1300/6/8 1280/10/8 1269/9/8
f 1250/6/188 1281/9/188 1251/10/188
f 1281/9/188 1250/6/188 1301/3/188
f 1253/6/188 1283/9/188 1302/3/188
f 1253/6/188 1255/10/188 1283/9/188
f 1258/6/188 1273/9/188 1259/10/188
f 1273/9/188 1258/6/188 1303/3/188
f 1265/6/188 1275/9/188 1304/3/188
f 1265/6/188 1267/10/188 1275/9/188
f 1260/8/6 1303/3/6 1258/6/6
f 1291/1/6 1303/3/6 1260/8/6
f 1304/3/5 1268/8/5 1265/6/5
f 1268/8/5 1304/3/5 1292/1/5
f 1295/8/6 1263/3/6 1299/6/6
f 1261/1/6 1263/3/6 1295/8/6
f 1271/3/5 1296/8/5 1300/6/5
f 1296/8/5 1271/3/5 1270/1/5
f 1252/8/6 1301/3/6 1250/6/6
f 1285/1/6 1301/3/6 1252/8/6
f 1302/3/5 1256/8/5 1253/6/5
f 1256/8/5 1302/3/5 1286/1/5
f 1293/8/6 1243/3/6 1297/6/6
f 1241/1/6 1243/3/6 1293/8/6
f 1247/3/5 1294/8/5 1298/6/5
f 1294/8/5 1247/3/5 1246/1/5
f 1285/1/189 1281/2/189 1301/3/189
f 1282/4/189 1281/2/189 1285/1/189
f 1283/2/189 1286/1/189 1302/3/189
f 1286/1/189 1283/2/189 1284/4/189
f 1287/5/143 1297/6/143 1288/7/143
f 1293/8/143 1297/6/143 1287/5/143
f 1298/6/143 1289/5/143 1290/7/143
f 1289/5/143 1298/6/143 1294/8/143
f 1291/1/190 1273/2/190 1303/3/190
f 1274/4/190 1273/2/190 1291/1/190
f 1275/2/190 1292/1/190 1304/3/190
f 1292/1/190 1275/2/190 1276/4/190
f 1277/5/143 1299/6/143 1278/7/143
f 1295/8/143 1299/6/143 1277/5/143
f 1300/6/143 1279/5/143 1280/7/143
f 1279/5/143 1300/6/143 1296/8/143
o Cube.003
usemtl tex_macrauchenia_i028p018x
f 1305/252/72 1306/253/72 1307/254/72
f 1306/253/72 1305/252/72 1308/255/72
f 1309/252/72 1310/253/72 1311/254/72
f 1310/253/72 1309/252/72 1312/255/72
f 1313/5/191 1314/6/191 1315/8/191
f 1314/6/191 1313/5/191 1316/7/191
f 1317/252/72 1318/253/72 1319/254/72
f 1318/253/72 1317/252/72 1320/255/72
f 1321/5/191 1322/6/191 1323/8/191
f 1322/6/191 1321/5/191 1324/7/191
f 1325/5/191 1326/6/191 1327/8/191
f 1326/6/191 1325/5/191 1328/7/191
f 1329/252/192 1330/253/192 1331/254/192
f 1330/253/192 1329/252/192 1332/255/192
f 1333/252/192 1334/253/192 1335/254/192
f 1334/253/192 1333/252/192 1336/255/192
f 1337/252/192 1338/253/192 1339/254/192
f 1338/253/192 1337/252/192 1340/255/192
f 1341/1/193 1325/14/193 1327/8/193
f 1325/14/193 1341/1/193 1342/13/193
f 1343/5/66 1344/6/66 1345/8/66
f 1344/6/66 1343/5/66 1346/7/66
f 1347/1/193 1313/14/193 1315/8/193
f 1348/13/193 1313/14/193 1347/1/193
f 1349/5/66 1350/6/66 1351/8/66
f 1350/6/66 1349/5/66 1352/7/66
f 1353/5/66 1354/6/66 1355/8/66
f 1354/6/66 1353/5/66 1356/7/66
f 1357/1/193 1321/14/193 1323/8/193
f 1358/13/193 1321/14/193 1357/1/193
f 1318/253/194 1359/256/194 1360/257/194
f 1320/258/194 1359/256/194 1318/253/194
f 1354/6/178 1361/9/178 1362/3/178
f 1354/6/178 1356/10/178 1361/9/178
f 1306/253/195 1363/256/195 1364/257/195
f 1308/258/195 1363/256/195 1306/253/195
f 1344/6/178 1365/9/178 1366/3/178
f 1344/6/178 1346/10/178 1365/9/178
f 1350/6/178 1367/9/178 1368/3/178
f 1350/6/178 1352/10/178 1367/9/178
f 1310/253/194 1369/256/194 1370/257/194
f 1312/258/194 1369/256/194 1310/253/194
f 1371/259/196 1337/260/196 1339/254/196
f 1371/259/196 1372/261/196 1337/260/196
f 1373/259/196 1329/260/196 1331/254/196
f 1373/259/196 1374/261/196 1329/260/196
f 1375/259/196 1333/260/196 1335/254/196
f 1375/259/196 1376/261/196 1333/260/196
f 1338/253/197 1377/256/197 1378/257/197
f 1340/258/197 1377/256/197 1338/253/197
f 1379/3/5 1323/8/5 1322/6/5
f 1323/8/5 1379/3/5 1357/1/5
f 1311/254/5 1370/257/5 1380/259/5
f 1370/257/5 1311/254/5 1310/253/5
f 1321/11/6 1381/2/6 1324/12/6
f 1381/2/6 1321/11/6 1358/4/6
f 1369/262/6 1309/252/6 1382/263/6
f 1309/252/6 1369/262/6 1312/255/6
f 1330/253/197 1383/256/197 1384/257/197
f 1383/256/197 1330/253/197 1332/258/197
f 1385/3/5 1315/8/5 1314/6/5
f 1315/8/5 1385/3/5 1347/1/5
f 1307/254/5 1364/257/5 1386/259/5
f 1364/257/5 1307/254/5 1306/253/5
f 1313/11/6 1387/2/6 1316/12/6
f 1387/2/6 1313/11/6 1348/4/6
f 1363/262/6 1305/252/6 1388/263/6
f 1305/252/6 1363/262/6 1308/255/6
f 1368/3/5 1351/8/5 1350/6/5
f 1351/8/5 1368/3/5 1389/1/5
f 1335/254/5 1390/257/5 1375/259/5
f 1390/257/5 1335/254/5 1334/253/5
f 1349/11/6 1367/2/6 1352/12/6
f 1367/2/6 1349/11/6 1391/4/6
f 1392/262/6 1333/252/6 1376/263/6
f 1333/252/6 1392/262/6 1336/255/6
f 1334/253/197 1392/256/197 1390/257/197
f 1392/256/197 1334/253/197 1336/258/197
f 1393/3/5 1327/8/5 1326/6/5
f 1327/8/5 1393/3/5 1341/1/5
f 1319/254/5 1360/257/5 1394/259/5
f 1360/257/5 1319/254/5 1318/253/5
f 1325/11/6 1395/2/6 1328/12/6
f 1395/2/6 1325/11/6 1342/4/6
f 1359/262/6 1317/252/6 1396/263/6
f 1317/252/6 1359/262/6 1320/255/6
f 1366/3/5 1345/8/5 1344/6/5
f 1345/8/5 1366/3/5 1397/1/5
f 1331/254/5 1384/257/5 1373/259/5
f 1384/257/5 1331/254/5 1330/253/5
f 1343/11/6 1365/2/6 1346/12/6
f 1365/2/6 1343/11/6 1398/4/6
f 1383/262/6 1329/252/6 1374/263/6
f 1329/252/6 1383/262/6 1332/255/6
f 1362/3/5 1355/8/5 1354/6/5
f 1355/8/5 1362/3/5 1399/1/5
f 1339/254/5 1378/257/5 1371/259/5
f 1378/257/5 1339/254/5 1338/253/5
f 1353/11/6 1361/2/6 1356/12/6
f 1361/2/6 1353/11/6 1400/4/6
f 1377/262/6 1337/252/6 1372/263/6
f 1337/252/6 1377/262/6 1340/255/6
f 1394/259/198 1317/260/198 1319/254/198
f 1394/259/198 1396/261/198 1317/260/198
f 1399/1/179 1353/14/179 1355/8/179
f 1400/13/179 1353/14/179 1399/1/179
f 1397/1/179 1343/14/179 1345/8/179
f 1398/13/179 1343/14/179 1397/1/179
f 1386/259/199 1305/260/199 1307/254/199
f 1386/259/199 1388/261/199 1305/260/199
f 1389/1/179 1349/14/179 1351/8/179
f 1391/13/179 1349/14/179 1389/1/179
f 1380/259/198 1309/260/198 1311/254/198
f 1380/259/198 1382/261/198 1309/260/198
f 1326/6/200 1395/9/200 1393/3/200
f 1326/6/200 1328/10/200 1395/9/200
f 1314/6/200 1387/9/200 1385/3/200
f 1314/6/200 1316/10/200 1387/9/200
f 1322/6/200 1381/9/200 1379/3/200
f 1322/6/200 1324/10/200 1381/9/200
f 1365/2/64 1397/1/64 1366/3/64
f 1397/1/64 1365/2/64 1398/4/64
f 1387/2/201 1347/1/201 1385/3/201
f 1347/1/201 1387/2/201 1348/4/201
f 1367/2/64 1389/1/64 1368/3/64
f 1389/1/64 1367/2/64 1391/4/64
f 1361/2/64 1399/1/64 1362/3/64
f 1399/1/64 1361/2/64 1400/4/64
f 1381/2/201 1357/1/201 1379/3/201
f 1357/1/201 1381/2/201 1358/4/201
f 1363/264/67 1386/259/67 1364/257/67
f 1386/259/67 1363/264/67 1388/265/67
f 1395/2/201 1341/1/201 1393/3/201
f 1341/1/201 1395/2/201 1342/4/201
f 1383/264/202 1373/259/202 1384/257/202
f 1373/259/202 1383/264/202 1374/265/202
f 1369/264/67 1380/259/67 1370/257/67
f 1380/259/67 1369/264/67 1382/265/67
f 1392/264/202 1375/259/202 1390/257/202
f 1375/259/202 1392/264/202 1376/265/202
f 1377/264/202 1371/259/202 1378/257/202
f 1371/259/202 1377/264/202 1372/265/202
f 1359/264/67 1394/259/67 1360/257/67
f 1394/259/67 1359/264/67 1396/265/67
o Cube.001
usemtl tex_macrauchenia_i028p019x
f 1401/253/72 1402/255/72 1403/252/72
f 1401/253/72 1403/252/72 1404/254/72
f 1405/253/72 1406/255/72 1407/252/72
f 1405/253/72 1407/252/72 1408/254/72
f 1409/5/191 1410/6/191 1411/7/191
f 1409/5/191 1412/8/191 1410/6/191
f 1413/255/72 1414/252/72 1415/253/72
f 1415/253/72 1414/252/72 1416/254/72
f 1417/5/191 1418/6/191 1419/7/191
f 1417/5/191 1420/8/191 1418/6/191
f 1421/5/191 1422/6/191 1423/7/191
f 1424/8/191 1422/6/191 1421/5/191
f 1425/255/192 1426/252/192 1427/253/192
f 1427/253/192 1426/252/192 1428/254/192
f 1429/253/192 1430/255/192 1431/252/192
f 1429/253/192 1431/252/192 1432/254/192
f 1433/255/192 1434/252/192 1435/253/192
f 1435/253/192 1434/252/192 1436/254/192
f 1437/13/193 1438/1/193 1421/14/193
f 1438/1/193 1424/8/193 1421/14/193
f 1439/5/66 1440/6/66 1441/7/66
f 1442/8/66 1440/6/66 1439/5/66
f 1443/13/193 1444/1/193 1409/14/193
f 1444/1/193 1412/8/193 1409/14/193
f 1445/5/66 1446/6/66 1447/7/66
f 1445/5/66 1448/8/66 1446/6/66
f 1449/5/66 1450/6/66 1451/7/66
f 1452/8/66 1450/6/66 1449/5/66
f 1453/13/193 1454/1/193 1417/14/193
f 1454/1/193 1420/8/193 1417/14/193
f 1413/258/194 1415/253/194 1455/256/194
f 1415/253/194 1456/257/194 1455/256/194
f 1450/6/178 1457/9/178 1451/10/178
f 1457/9/178 1450/6/178 1458/3/178
f 1402/258/195 1401/253/195 1459/256/195
f 1401/253/195 1460/257/195 1459/256/195
f 1440/6/178 1461/9/178 1441/10/178
f 1461/9/178 1440/6/178 1462/3/178
f 1446/6/178 1463/9/178 1447/10/178
f 1463/9/178 1446/6/178 1464/3/178
f 1406/258/194 1405/253/194 1465/256/194
f 1405/253/194 1466/257/194 1465/256/194
f 1467/259/196 1434/260/196 1468/261/196
f 1434/260/196 1467/259/196 1436/254/196
f 1469/259/196 1426/260/196 1470/261/196
f 1426/260/196 1469/259/196 1428/254/196
f 1471/259/196 1431/260/196 1472/261/196
f 1431/260/196 1471/259/196 1432/254/196
f 1433/258/197 1435/253/197 1473/256/197
f 1435/253/197 1474/257/197 1473/256/197
f 1475/2/5 1417/11/5 1419/12/5
f 1417/11/5 1475/2/5 1453/4/5
f 1407/252/5 1465/262/5 1476/263/5
f 1465/262/5 1407/252/5 1406/255/5
f 1420/8/6 1477/3/6 1418/6/6
f 1477/3/6 1420/8/6 1454/1/6
f 1466/257/6 1408/254/6 1478/259/6
f 1466/257/6 1405/253/6 1408/254/6
f 1425/258/197 1427/253/197 1479/256/197
f 1427/253/197 1480/257/197 1479/256/197
f 1481/2/5 1409/11/5 1411/12/5
f 1409/11/5 1481/2/5 1443/4/5
f 1403/252/5 1459/262/5 1482/263/5
f 1459/262/5 1403/252/5 1402/255/5
f 1412/8/6 1483/3/6 1410/6/6
f 1483/3/6 1412/8/6 1444/1/6
f 1460/257/6 1404/254/6 1484/259/6
f 1460/257/6 1401/253/6 1404/254/6
f 1463/2/5 1445/11/5 1447/12/5
f 1445/11/5 1463/2/5 1485/4/5
f 1431/252/5 1486/262/5 1472/263/5
f 1486/262/5 1431/252/5 1430/255/5
f 1464/3/6 1446/6/6 1448/8/6
f 1487/1/6 1464/3/6 1448/8/6
f 1432/254/6 1471/259/6 1488/257/6
f 1429/253/6 1432/254/6 1488/257/6
f 1430/258/197 1429/253/197 1486/256/197
f 1429/253/197 1488/257/197 1486/256/197
f 1489/2/5 1421/11/5 1423/12/5
f 1421/11/5 1489/2/5 1437/4/5
f 1414/252/5 1455/262/5 1490/263/5
f 1455/262/5 1414/252/5 1413/255/5
f 1424/8/6 1491/3/6 1422/6/6
f 1491/3/6 1424/8/6 1438/1/6
f 1416/254/6 1492/259/6 1456/257/6
f 1415/253/6 1416/254/6 1456/257/6
f 1461/2/5 1439/11/5 1441/12/5
f 1439/11/5 1461/2/5 1493/4/5
f 1426/252/5 1479/262/5 1470/263/5
f 1479/262/5 1426/252/5 1425/255/5
f 1462/3/6 1440/6/6 1442/8/6
f 1494/1/6 1462/3/6 1442/8/6
f 1428/254/6 1469/259/6 1480/257/6
f 1427/253/6 1428/254/6 1480/257/6
f 1457/2/5 1449/11/5 1451/12/5
f 1449/11/5 1457/2/5 1495/4/5
f 1434/252/5 1473/262/5 1468/263/5
f 1473/262/5 1434/252/5 1433/255/5
f 1458/3/6 1450/6/6 1452/8/6
f 1496/1/6 1458/3/6 1452/8/6
f 1436/254/6 1467/259/6 1474/257/6
f 1435/253/6 1436/254/6 1474/257/6
f 1492/259/198 1414/260/198 1490/261/198
f 1414/260/198 1492/259/198 1416/254/198
f 1495/13/179 1496/1/179 1449/14/179
f 1496/1/179 1452/8/179 1449/14/179
f 1493/13/179 1494/1/179 1439/14/179
f 1494/1/179 1442/8/179 1439/14/179
f 1484/259/199 1403/260/199 1482/261/199
f 1403/260/199 1484/259/199 1404/254/199
f 1485/13/179 1487/1/179 1445/14/179
f 1487/1/179 1448/8/179 1445/14/179
f 1478/259/198 1407/260/198 1476/261/198
f 1407/260/198 1478/259/198 1408/254/198
f 1422/6/200 1489/9/200 1423/10/200
f 1489/9/200 1422/6/200 1491/3/200
f 1410/6/200 1481/9/200 1411/10/200
f 1481/9/200 1410/6/200 1483/3/200
f 1418/6/200 1475/9/200 1419/10/200
f 1475/9/200 1418/6/200 1477/3/200
f 1493/4/64 1461/2/64 1494/1/64
f 1494/1/64 1461/2/64 1462/3/64
f 1444/1/201 1443/4/201 1481/2/201
f 1444/1/201 1481/2/201 1483/3/201
f 1487/1/64 1485/4/64 1463/2/64
f 1487/1/64 1463/2/64 1464/3/64
f 1495/4/64 1457/2/64 1496/1/64
f 1496/1/64 1457/2/64 1458/3/64
f 1454/1/201 1453/4/201 1475/2/201
f 1454/1/201 1475/2/201 1477/3/201
f 1459/264/67 1484/259/67 1482/265/67
f 1459/264/67 1460/257/67 1484/259/67
f 1437/4/201 1489/2/201 1438/1/201
f 1438/1/201 1489/2/201 1491/3/201
f 1479/264/202 1469/259/202 1470/265/202
f 1480/257/202 1469/259/202 1479/264/202
f 1465/264/67 1478/259/67 1476/265/67
f 1465/264/67 1466/257/67 1478/259/67
f 1486/264/202 1471/259/202 1472/265/202
f 1486/264/202 1488/257/202 1471/259/202
f 1473/264/202 1467/259/202 1468/265/202
f 1474/257/202 1467/259/202 1473/264/202
f 1455/264/67 1492/259/67 1490/265/67
f 1456/257/67 1492/259/67 1455/264/67
