# Roblox asset pack: lod_velociraptor (creatures), from the Studio model "PetLOD/Velociraptor". Exported with Export Selection, split by tools/build_creatures.py: one object per rigid body. Units: studs. +Y up, front faces -Z, pivot (bottom centre) at the origin.
mtllib lod_velociraptor.mtl

v -0.32900 0.22000 1.36000
v -0.64100 0.49000 1.49000
v -0.49000 0.01000 1.40000
v -0.80300 0.29000 1.53000
v 0.60000 0.26000 1.42000
v -0.61700 0.26000 1.42000
v 0.60000 0.00000 1.42000
v -0.61700 0.00000 1.42000
v 0.96100 2.54000 1.32000
v 0.17700 2.99000 1.32000
v 0.10500 1.05000 1.32000
v -0.67800 1.51000 1.32000
v -0.11300 1.72000 1.27000
v -0.58500 1.50000 1.27000
v 0.57800 0.24000 1.27000
v 0.10700 0.02000 1.27000
v -4.49200 4.74000 0.72000
v -5.10900 4.58000 0.61000
v -4.42800 4.50000 0.73000
v -5.04400 4.34000 0.62000
v -0.37000 0.22000 1.12000
v -0.70600 0.50000 1.12000
v -0.54000 0.02000 1.12000
v -0.87400 0.30000 1.12000
v -2.07900 2.94000 1.06000
v -2.49700 2.65000 1.06000
v -1.47900 2.08000 1.06000
v -1.89600 1.79000 1.06000
v -2.54200 1.84000 0.95000
v -2.67800 1.33000 0.95000
v -2.27500 1.76000 0.95000
v -2.41100 1.26000 0.95000
v -2.59300 1.94000 0.91000
v -2.52400 1.55000 0.91000
v -1.62800 2.11000 0.91000
v -1.55800 1.72000 0.91000
v 1.46900 3.18000 0.78000
v -0.88400 3.39000 0.78000
v 1.33600 1.66000 0.78000
v -1.01800 1.87000 0.78000
v -0.65600 3.28000 0.68000
v -2.33300 3.43000 0.68000
v -0.76600 2.04000 0.68000
v -2.44300 2.18000 0.68000
v -3.46400 3.81000 0.66000
v -4.48600 3.33000 0.66000
v -3.30700 3.48000 0.66000
v -4.33100 3.00000 0.66000
v -3.50800 4.78000 0.66000
v -4.67300 4.58000 0.66000
v -3.32700 3.75000 0.66000
v -4.49000 3.55000 0.66000
v -4.88300 4.46000 0.51000
v -4.95800 4.45000 0.51000
v -4.87100 4.39000 0.51000
v -4.94600 4.38000 0.51000
v 3.07400 3.07000 0.50000
v 0.86800 3.07000 0.50000
v 3.07400 1.88000 0.50000
v 0.86800 1.88000 0.50000
v -4.65200 4.49000 0.50000
v -6.24000 4.21000 0.50000
v -4.48600 3.55000 0.50000
v -6.07400 3.27000 0.50000
v -3.10400 4.80000 0.49000
v -3.58900 4.67000 0.49000
v -2.86000 3.89000 0.49000
v -3.34600 3.76000 0.49000
v -4.19700 3.46000 0.49000
v -5.93000 2.65000 0.49000
v -4.05300 3.15000 0.49000
v -5.78500 2.34000 0.49000
v -2.90600 3.60000 0.48000
v -3.27500 2.58000 0.48000
v -2.00300 3.27000 0.48000
v -2.37200 2.25000 0.48000
v -0.45100 0.35000 0.94000
v -0.94500 0.79000 0.74000
v -0.70600 0.03000 0.87000
v -1.20100 0.47000 0.67000
v -3.04900 4.12000 0.41000
v -3.86900 3.65000 0.41000
v -2.43300 3.06000 0.41000
v -3.25300 2.58000 0.41000
v 4.53300 3.12000 0.34000
v 2.94300 2.98000 0.34000
v 4.60500 2.28000 0.34000
v 3.01600 2.14000 0.34000
v 5.49700 3.23000 0.20000
v 4.42800 3.04000 0.20000
v 5.58900 2.72000 0.20000
v 4.52000 2.53000 0.20000
v 6.18200 3.29000 0.10000
v 5.47300 3.17000 0.10000
v 6.24100 2.96000 0.10000
v 5.53000 2.84000 0.10000
v -0.32900 0.33000 -0.54000
v -0.82600 0.77000 -0.34000
v -0.58500 0.01000 -0.47000
v -1.08100 0.45000 -0.27000
v -2.07900 2.94000 -0.47000
v -2.49700 2.65000 -0.47000
v -1.47900 2.08000 -0.47000
v -1.89600 1.79000 -0.47000
v -4.88300 4.46000 -0.48000
v -4.95800 4.45000 -0.48000
v -4.87100 4.39000 -0.48000
v -4.94600 4.38000 -0.48000
v 0.60000 0.26000 -0.48000
v -0.61700 0.26000 -0.48000
v 0.60000 0.00000 -0.48000
v -0.61700 0.00000 -0.48000
v 0.96100 2.54000 -0.58000
v 0.17700 2.99000 -0.58000
v 0.10500 1.05000 -0.58000
v -0.67800 1.51000 -0.58000
v -2.54200 1.84000 -0.58000
v -2.67800 1.33000 -0.58000
v -2.27500 1.76000 -0.58000
v -2.41100 1.26000 -0.58000
v -2.59300 1.94000 -0.61000
v -2.52400 1.55000 -0.61000
v -1.62800 2.11000 -0.61000
v -1.55800 1.72000 -0.61000
v -0.11300 1.72000 -0.63000
v -0.58500 1.50000 -0.63000
v 0.57800 0.24000 -0.63000
v 0.10700 0.02000 -0.63000
v -0.37000 0.22000 -0.78000
v -0.70600 0.50000 -0.78000
v -0.54000 0.02000 -0.78000
v -0.87400 0.30000 -0.78000
v -4.44600 4.72000 -0.53000
v -5.06300 4.56000 -0.42000
v -4.38200 4.47000 -0.52000
v -4.99900 4.32000 -0.41000
v -0.39600 0.23000 -1.10000
v -0.70900 0.50000 -1.23000
v -0.55800 0.02000 -1.15000
v -0.87000 0.30000 -1.28000
v -4.45300 4.75000 0.50000
v -5.07000 4.58000 0.39000
v -4.48200 4.70000 -0.75000
v -5.10000 4.54000 -0.64000
v -3.10400 4.80000 -0.51000
v -3.58900 4.67000 -0.51000
v -3.50800 4.78000 -0.68000
v -4.67300 4.58000 -0.68000
v -4.88300 4.46000 -0.53000
v -4.95800 4.45000 -0.53000
v -4.88300 4.46000 0.46000
v -4.95800 4.45000 0.46000
v -4.65200 4.49000 -0.52000
v -6.24000 4.21000 -0.52000
v -3.04900 4.12000 -0.46000
v -3.86900 3.65000 -0.46000
v -3.46400 3.81000 -0.68000
v -4.48600 3.33000 -0.68000
v -4.19700 3.46000 -0.51000
v -5.93000 2.65000 -0.51000
v 0.96100 2.54000 -1.33000
v 0.17700 2.99000 -1.33000
v 0.96100 2.54000 0.58000
v 0.17700 2.99000 0.58000
v 1.46900 3.18000 -0.83000
v -0.88400 3.39000 -0.83000
v -0.65600 3.28000 -0.73000
v -2.33300 3.43000 -0.73000
v -2.07900 2.94000 -1.09000
v -2.49700 2.65000 -1.09000
v -2.07900 2.94000 0.44000
v -2.49700 2.65000 0.44000
v 3.07400 3.07000 -0.55000
v 0.86800 3.07000 -0.55000
v -2.90600 3.60000 -0.53000
v -2.00300 3.27000 -0.53000
v 4.53300 3.12000 -0.38000
v 2.94300 2.98000 -0.38000
v -2.59300 1.94000 -1.02000
v -1.62800 2.11000 -1.02000
v -2.59300 1.94000 0.50000
v -1.62800 2.11000 0.50000
v 5.49700 3.23000 -0.24000
v 4.42800 3.04000 -0.24000
v 6.18200 3.29000 -0.15000
v 5.47300 3.17000 -0.15000
v -2.54200 1.84000 -1.05000
v -2.27500 1.76000 -1.05000
v -2.54200 1.84000 0.47000
v -2.27500 1.76000 0.47000
v -0.30700 0.32000 0.54000
v -0.80100 0.76000 0.34000
v -0.47300 0.35000 -0.94000
v -0.96800 0.79000 -0.74000
v -0.37000 0.22000 -1.05000
v -0.70600 0.50000 -1.05000
v -0.37000 0.22000 0.85000
v -0.70600 0.50000 0.85000
v -0.11300 1.72000 -1.27000
v -0.58500 1.50000 -1.27000
v -0.11300 1.72000 0.63000
v -0.58500 1.50000 0.63000
v -0.30700 0.21000 -1.36000
v -0.61800 0.49000 -1.49000
v -0.41900 0.23000 1.11000
v -0.73200 0.51000 1.23000
v 0.60000 0.26000 -1.46000
v -0.61700 0.26000 -1.46000
v 0.60000 0.26000 0.44000
v -0.61700 0.26000 0.44000
v -6.07400 3.27000 -0.52000
v -5.78500 2.34000 -0.51000
v -4.94600 4.38000 -0.53000
v -4.94600 4.38000 0.46000
v -5.03600 4.30000 -0.63000
v -5.00500 4.34000 0.40000
v -4.49000 3.55000 -0.68000
v -4.33100 3.00000 -0.68000
v -3.27500 2.58000 -0.53000
v -3.34600 3.76000 -0.51000
v -3.25300 2.58000 -0.46000
v -2.52400 1.55000 -1.02000
v -2.52400 1.55000 0.50000
v -2.44300 2.18000 -0.73000
v -2.67800 1.33000 -1.05000
v -2.67800 1.33000 0.47000
v -1.89600 1.79000 -1.09000
v -1.89600 1.79000 0.44000
v -1.01800 1.87000 -0.83000
v 0.10700 0.02000 -1.27000
v 0.10700 0.02000 0.63000
v -0.61700 0.00000 -1.46000
v -0.61700 0.00000 0.44000
v -0.67800 1.51000 -1.33000
v -0.67800 1.51000 0.58000
v -0.89300 0.31000 1.28000
v -0.78100 0.29000 -1.53000
v -1.22500 0.47000 -0.67000
v -1.05800 0.44000 0.27000
v -0.87400 0.30000 -1.05000
v -0.87400 0.30000 0.85000
v 0.86800 1.88000 -0.55000
v 3.01600 2.14000 -0.38000
v 4.52000 2.53000 -0.24000
v 5.53000 2.84000 -0.15000
v -0.46700 0.01000 -1.40000
v 0.60000 0.00000 -1.46000
v 0.10500 1.05000 -1.33000
v 0.57800 0.24000 -1.27000
v -1.47900 2.08000 -1.09000
v -0.54000 0.02000 -1.05000
v -4.41900 4.46000 -0.74000
v -2.41100 1.26000 -1.05000
v -1.55800 1.72000 -1.02000
v 1.33600 1.66000 -0.83000
v -0.76600 2.04000 -0.73000
v -3.30700 3.48000 -0.68000
v -3.32700 3.75000 -0.68000
v 3.07400 1.88000 -0.55000
v -4.87100 4.39000 -0.53000
v -4.48600 3.55000 -0.52000
v -2.37200 2.25000 -0.53000
v -4.05300 3.15000 -0.51000
v -2.86000 3.89000 -0.51000
v -0.72900 0.03000 -0.87000
v -2.43300 3.06000 -0.46000
v 4.60500 2.28000 -0.38000
v 5.58900 2.72000 -0.24000
v 6.24100 2.96000 -0.15000
v -0.56200 0.00000 0.47000
v 0.60000 0.00000 0.44000
v -1.47900 2.08000 0.44000
v -4.87100 4.39000 0.46000
v -2.41100 1.26000 0.47000
v -1.55800 1.72000 0.50000
v 0.10500 1.05000 0.58000
v 0.57800 0.24000 0.63000
v -0.54000 0.02000 0.85000
v -4.38900 4.50000 0.51000
v -0.58100 0.03000 1.15000
v 1.52200 2.98000 0.84000
v -0.94900 3.20000 0.84000
v 1.49100 2.62000 0.84000
v -0.98000 2.84000 0.84000
v -0.79900 3.15000 0.70000
v -2.39100 3.29000 0.70000
v -0.83100 2.78000 0.70000
v -2.42300 2.92000 0.70000
v -3.39500 4.69000 0.67000
v -4.60200 4.48000 0.67000
v -3.32000 4.27000 0.67000
v -4.52700 4.05000 0.67000
v 3.09900 2.89000 0.55000
v 1.35400 2.89000 0.55000
v 3.09900 2.59000 0.55000
v 1.35400 2.59000 0.55000
v -2.97900 3.83000 0.50000
v -3.21600 4.72000 0.50000
v -3.29900 3.74000 0.50000
v -3.53700 4.63000 0.50000
v -1.91500 2.99000 0.50000
v -2.91700 3.57000 0.50000
v -2.09700 2.67000 0.50000
v -3.10000 3.25000 0.50000
v -2.77700 3.40000 0.43000
v -3.11700 3.99000 0.43000
v -3.03500 3.26000 0.43000
v -3.37600 3.85000 0.43000
v 4.56400 2.99000 0.37000
v 3.06200 2.86000 0.37000
v 4.59000 2.71000 0.37000
v 3.08600 2.58000 0.37000
v -3.21600 4.72000 -0.54000
v -3.53700 4.63000 -0.54000
v -3.39500 4.69000 -0.71000
v -4.60200 4.48000 -0.71000
v -3.11700 3.99000 -0.48000
v -3.37600 3.85000 -0.48000
v 1.52200 2.98000 -0.88000
v -0.94900 3.20000 -0.88000
v -0.79900 3.15000 -0.75000
v -2.39100 3.29000 -0.75000
v 3.09900 2.89000 -0.59000
v 1.35400 2.89000 -0.59000
v -1.91500 2.99000 -0.54000
v -2.91700 3.57000 -0.54000
v 4.56400 2.99000 -0.41000
v 3.06200 2.86000 -0.41000
v -4.52700 4.05000 -0.71000
v -3.29900 3.74000 -0.54000
v -3.03500 3.26000 -0.48000
v -3.10000 3.25000 -0.54000
v -2.42300 2.92000 -0.75000
v -0.98000 2.84000 -0.88000
v 1.35400 2.59000 -0.59000
v 3.08600 2.58000 -0.41000
v 1.49100 2.62000 -0.88000
v -0.83100 2.78000 -0.75000
v -3.32000 4.27000 -0.71000
v 3.09900 2.59000 -0.59000
v -2.97900 3.83000 -0.54000
v -2.09700 2.67000 -0.54000
v -2.77700 3.40000 -0.48000
v 4.59000 2.71000 -0.41000
v -6.09200 3.95000 0.54000
v -6.22300 3.93000 0.54000
v -6.05000 3.72000 0.54000
v -6.18200 3.69000 0.54000
v -6.01400 3.29000 0.44000
v -5.97300 3.06000 0.44000
v -5.84600 3.32000 0.44000
v -5.16300 2.99000 0.44000
v -5.35700 3.09000 0.44000
v -5.28500 2.93000 0.44000
v -4.66900 3.22000 0.44000
v -4.86500 3.32000 0.44000
v -4.79400 3.16000 0.44000
v -4.62000 3.60000 0.44000
v -4.78800 3.57000 0.44000
v -4.74600 3.34000 0.44000
v -5.17800 3.44000 0.44000
v -5.34500 3.41000 0.44000
v -5.30300 3.17000 0.44000
v -5.62400 2.78000 0.44000
v -5.87800 2.92000 0.44000
v -5.77700 2.70000 0.44000
v -4.79000 4.34000 0.63000
v -4.88400 4.32000 0.60000
v -4.75300 4.13000 0.63000
v -4.84600 4.11000 0.60000
v -4.59600 4.43000 0.69000
v -4.72400 4.40000 0.64000
v -4.54300 4.13000 0.69000
v -4.67100 4.10000 0.64000
v -4.71200 4.42000 0.64000
v -4.96400 4.37000 0.55000
v -4.65400 4.08000 0.64000
v -4.90500 4.04000 0.55000
v -4.94900 4.32000 0.55000
v -5.03600 4.30000 0.52000
v -4.90800 4.08000 0.55000
v -4.99300 4.07000 0.52000
v -4.53800 4.44000 -0.53000
v -4.66500 4.42000 -0.48000
v -4.48400 4.14000 -0.53000
v -4.61200 4.11000 -0.48000
v -4.65400 4.43000 -0.49000
v -4.90500 4.38000 -0.40000
v -4.59500 4.09000 -0.49000
v -4.84600 4.05000 -0.40000
v -4.89100 4.33000 -0.40000
v -4.97800 4.32000 -0.37000
v -4.84900 4.09000 -0.40000
v -4.93500 4.08000 -0.37000
v -4.72900 4.35000 -0.47000
v -4.82300 4.33000 -0.43000
v -4.69000 4.14000 -0.47000
v -4.78500 4.12000 -0.43000
v -4.62000 3.60000 -0.37000
v -4.78800 3.57000 -0.37000
v -4.74600 3.34000 -0.37000
v -4.66900 3.22000 -0.37000
v -4.86500 3.32000 -0.37000
v -4.79400 3.16000 -0.37000
v -5.17800 3.44000 -0.37000
v -5.34500 3.41000 -0.37000
v -5.30300 3.17000 -0.37000
v -5.84600 3.32000 -0.37000
v -6.01400 3.29000 -0.37000
v -5.97200 3.05000 -0.37000
v -5.62300 2.78000 -0.37000
v -5.87800 2.92000 -0.37000
v -5.77700 2.70000 -0.37000
v -5.16300 2.99000 -0.37000
v -5.35700 3.09000 -0.37000
v -5.28500 2.93000 -0.37000
v -6.09200 3.95000 -0.43000
v -6.22300 3.93000 -0.43000
v -6.05000 3.72000 -0.43000
v -6.18200 3.69000 -0.43000
v -4.65200 4.43000 0.48000
v -4.90400 4.38000 0.38000
v -4.71500 4.42000 -0.66000
v -4.96500 4.37000 -0.57000
v -4.53500 4.44000 0.52000
v -4.66400 4.42000 0.47000
v -4.59800 4.43000 -0.70000
v -4.72500 4.40000 -0.65000
v -4.88900 4.33000 0.39000
v -4.97500 4.32000 0.35000
v -4.95200 4.32000 -0.57000
v -5.03800 4.30000 -0.53000
v -4.72900 4.35000 0.46000
v -4.82400 4.33000 0.43000
v -4.78900 4.34000 -0.64000
v -4.88300 4.32000 -0.60000
v -6.09200 3.95000 0.41000
v -6.22300 3.93000 0.41000
v -6.09200 3.95000 -0.56000
v -6.22300 3.93000 -0.56000
v -4.62000 3.60000 -0.47000
v -4.78800 3.57000 -0.47000
v -4.78800 3.57000 0.34000
v -4.62000 3.60000 0.34000
v -4.66900 3.22000 -0.47000
v -4.86500 3.32000 -0.47000
v -4.66900 3.22000 0.34000
v -4.86500 3.32000 0.34000
v -5.34500 3.41000 -0.47000
v -5.17800 3.44000 -0.47000
v -6.01400 3.29000 -0.47000
v -5.84600 3.32000 -0.47000
v -5.34500 3.41000 0.34000
v -5.17800 3.44000 0.34000
v -5.84600 3.32000 0.34000
v -6.01400 3.29000 0.34000
v -5.16300 2.99000 0.34000
v -5.35700 3.09000 0.34000
v -5.16300 2.99000 -0.47000
v -5.35700 3.09000 -0.47000
v -5.62400 2.78000 0.34000
v -5.87800 2.92000 0.34000
v -5.62300 2.78000 -0.47000
v -5.87800 2.92000 -0.47000
v -6.18200 3.69000 0.41000
v -6.18200 3.69000 -0.56000
v -5.77700 2.70000 0.34000
v -5.77700 2.70000 -0.47000
v -5.97200 3.06000 0.34000
v -5.97200 3.05000 -0.47000
v -5.28500 2.93000 0.34000
v -5.28500 2.93000 -0.47000
v -5.30300 3.17000 -0.47000
v -5.30300 3.17000 0.34000
v -4.79400 3.16000 -0.47000
v -4.79400 3.16000 0.34000
v -4.74600 3.34000 -0.47000
v -4.74600 3.34000 0.34000
v -4.99500 4.07000 -0.53000
v -4.93400 4.08000 0.35000
v -4.90600 4.04000 -0.57000
v -4.84400 4.05000 0.38000
v -4.84600 4.11000 -0.60000
v -4.78600 4.12000 0.43000
v -4.67200 4.10000 -0.65000
v -4.61100 4.11000 0.47000
v -6.05000 3.72000 -0.56000
v -4.75100 4.13000 -0.64000
v -4.65500 4.08000 -0.66000
v -4.54400 4.13000 -0.70000
v -4.90900 4.08000 -0.57000
v -4.59400 4.09000 0.48000
v -4.84800 4.09000 0.39000
v -4.48200 4.14000 0.52000
v -4.69100 4.14000 0.46000
v -5.97300 3.06000 0.34000
v -6.05000 3.72000 0.41000
v -0.65200 0.45000 1.45000
v -0.99300 0.52000 1.58000
v -0.68600 0.26000 1.45000
v -1.02700 0.32000 1.58000
v -1.00300 0.50000 1.54000
v -1.20600 0.28000 1.60000
v -0.91900 0.41000 1.51000
v -1.12100 0.19000 1.57000
v -0.70400 0.46000 1.08000
v -1.06800 0.53000 1.08000
v -0.73800 0.27000 1.08000
v -1.10200 0.34000 1.08000
v -1.06400 0.51000 1.05000
v -1.27700 0.29000 1.05000
v -0.97500 0.42000 1.05000
v -1.18800 0.20000 1.05000
v -2.55800 1.33000 0.92000
v -2.61700 1.11000 0.92000
v -2.46100 1.31000 0.92000
v -2.52000 1.09000 0.92000
v -2.53100 1.18000 0.90000
v -2.56800 1.11000 0.90000
v -2.35700 1.08000 0.90000
v -2.39600 1.01000 0.90000
v -2.55800 1.33000 0.76000
v -2.61700 1.11000 0.76000
v -2.46100 1.31000 0.76000
v -2.52000 1.09000 0.76000
v -2.53100 1.18000 0.75000
v -2.56800 1.11000 0.75000
v -2.35700 1.08000 0.75000
v -2.39600 1.01000 0.75000
v -2.55800 1.33000 0.61000
v -2.61700 1.11000 0.61000
v -2.46100 1.31000 0.61000
v -2.52000 1.09000 0.61000
v -2.53100 1.18000 0.59000
v -2.56800 1.11000 0.59000
v -2.35700 1.08000 0.59000
v -2.39600 1.01000 0.59000
v -4.40600 3.59000 0.59000
v -4.44900 3.57000 0.59000
v -4.27900 3.37000 0.59000
v -4.32200 3.35000 0.59000
v -0.92600 0.72000 0.69000
v -1.46700 0.82000 0.49000
v -0.97900 0.42000 0.69000
v -1.52100 0.51000 0.49000
v -1.44500 0.78000 0.44000
v -1.76700 0.44000 0.35000
v -1.31200 0.64000 0.50000
v -1.63300 0.30000 0.41000
v -0.84100 0.71000 -0.39000
v -1.38400 0.80000 -0.19000
v -0.89600 0.40000 -0.39000
v -1.43900 0.50000 -0.19000
v -1.39800 0.77000 -0.25000
v -1.72000 0.43000 -0.15000
v -1.26400 0.63000 -0.30000
v -1.58700 0.29000 -0.21000
v -2.55800 1.33000 -0.61000
v -2.61700 1.11000 -0.61000
v -2.46100 1.31000 -0.61000
v -2.52000 1.09000 -0.61000
v -2.53100 1.18000 -0.63000
v -2.56800 1.11000 -0.63000
v -2.35700 1.08000 -0.63000
v -2.39600 1.01000 -0.63000
v -2.55800 1.33000 -0.77000
v -2.61700 1.11000 -0.77000
v -2.46100 1.31000 -0.77000
v -2.52000 1.09000 -0.77000
v -2.53100 1.18000 -0.78000
v -2.56800 1.11000 -0.78000
v -2.35700 1.08000 -0.78000
v -2.39600 1.01000 -0.78000
v -0.70300 0.46000 -0.82000
v -1.06800 0.53000 -0.82000
v -0.73800 0.27000 -0.82000
v -1.10200 0.34000 -0.82000
v -1.06400 0.51000 -0.85000
v -1.27700 0.29000 -0.85000
v -0.97500 0.42000 -0.85000
v -1.18800 0.20000 -0.85000
v -2.55800 1.33000 -0.92000
v -2.61700 1.11000 -0.92000
v -2.46100 1.31000 -0.92000
v -2.52000 1.09000 -0.92000
v -2.53100 1.18000 -0.93000
v -2.56800 1.11000 -0.93000
v -2.35700 1.08000 -0.93000
v -2.39600 1.01000 -0.93000
v -0.69700 0.46000 -1.26000
v -1.03900 0.52000 -1.39000
v -0.73000 0.27000 -1.26000
v -1.07300 0.33000 -1.39000
v -1.02500 0.50000 -1.42000
v -1.22800 0.29000 -1.48000
v -0.94000 0.41000 -1.38000
v -1.14300 0.20000 -1.44000
v -4.40600 3.59000 -0.61000
v -4.44900 3.57000 -0.61000
v -1.37500 0.77000 0.25000
v -1.24200 0.63000 0.30000
v -1.47000 0.79000 -0.44000
v -1.33600 0.65000 -0.50000
v -2.55800 1.33000 0.81000
v -2.46100 1.31000 0.81000
v -2.55800 1.33000 0.66000
v -2.46100 1.31000 0.66000
v -2.55800 1.33000 0.50000
v -2.46100 1.31000 0.50000
v -2.55800 1.33000 -0.72000
v -2.46100 1.31000 -0.72000
v -2.55800 1.33000 -0.87000
v -2.46100 1.31000 -0.87000
v -2.55800 1.33000 -1.02000
v -2.46100 1.31000 -1.02000
v -0.97900 0.49000 -1.54000
v -0.89600 0.40000 -1.51000
v -1.04800 0.50000 1.42000
v -0.96400 0.42000 1.38000
v -0.81900 0.70000 0.39000
v -1.36100 0.80000 0.19000
v -0.94900 0.73000 -0.69000
v -1.49200 0.82000 -0.49000
v -2.53100 1.18000 0.82000
v -2.35700 1.08000 0.82000
v -2.53100 1.18000 0.67000
v -2.35700 1.08000 0.67000
v -2.53100 1.18000 0.52000
v -2.35700 1.08000 0.52000
v -2.53100 1.18000 -1.01000
v -2.35700 1.08000 -1.01000
v -2.53100 1.18000 -0.86000
v -2.35700 1.08000 -0.86000
v -2.53100 1.18000 -0.70000
v -2.35700 1.08000 -0.70000
v -0.72000 0.47000 1.26000
v -1.06100 0.53000 1.39000
v -0.70400 0.46000 0.88000
v -1.06800 0.53000 0.88000
v -0.70300 0.46000 -1.02000
v -1.06800 0.53000 -1.02000
v -0.63000 0.45000 -1.45000
v -0.97100 0.51000 -1.58000
v -1.25100 0.29000 1.48000
v -1.18200 0.28000 -1.60000
v -1.79000 0.45000 -0.35000
v -1.69500 0.43000 0.15000
v -4.32200 3.35000 -0.61000
v -2.61700 1.11000 0.81000
v -2.61700 1.11000 0.66000
v -2.61700 1.11000 0.50000
v -2.61700 1.11000 -0.72000
v -2.61700 1.11000 -0.87000
v -2.61700 1.11000 -1.02000
v -2.56800 1.11000 0.82000
v -2.56800 1.11000 0.67000
v -2.56800 1.11000 0.52000
v -2.56800 1.11000 -1.01000
v -2.56800 1.11000 -0.86000
v -2.56800 1.11000 -0.70000
v -1.27700 0.29000 0.92000
v -1.18800 0.20000 0.92000
v -1.27700 0.29000 -0.99000
v -1.18800 0.20000 -0.99000
v -1.09600 0.33000 1.39000
v -1.00500 0.32000 -1.58000
v -1.54600 0.52000 -0.49000
v -1.41500 0.49000 0.19000
v -1.06400 0.51000 0.92000
v -1.06400 0.51000 -0.99000
v -1.10200 0.34000 0.88000
v -1.10200 0.34000 -1.02000
v -0.66400 0.26000 -1.45000
v -1.09900 0.19000 -1.57000
v -2.52000 1.09000 -1.02000
v -0.73800 0.27000 -1.02000
v -2.39600 1.01000 -1.01000
v -0.97500 0.42000 -0.99000
v -2.52000 1.09000 -0.87000
v -2.39600 1.01000 -0.86000
v -2.52000 1.09000 -0.72000
v -2.39600 1.01000 -0.70000
v -4.27900 3.37000 -0.61000
v -1.00400 0.42000 -0.69000
v -1.65800 0.30000 -0.41000
v -0.87200 0.40000 0.39000
v -1.56200 0.29000 0.21000
v -2.52000 1.09000 0.50000
v -2.39600 1.01000 0.52000
v -2.52000 1.09000 0.66000
v -2.39600 1.01000 0.67000
v -2.52000 1.09000 0.81000
v -2.39600 1.01000 0.82000
v -0.73800 0.27000 0.88000
v -0.97500 0.42000 0.92000
v -0.75400 0.27000 1.26000
v -1.16700 0.20000 1.44000
v -3.62600 3.71000 0.64000
v -4.46300 3.56000 0.64000
v -4.27300 3.27000 0.64000
v -4.16400 3.41000 0.34000
v -5.67300 2.81000 0.34000
v -5.63200 2.72000 0.34000
v -4.20600 3.50000 0.34000
v -3.63100 3.72000 -0.58000
v -4.46700 3.56000 -0.58000
v -4.27800 3.28000 -0.58000
v -3.63100 3.72000 -0.65000
v -4.46700 3.56000 -0.65000
v -3.62600 3.71000 0.58000
v -4.46300 3.56000 0.58000
v -4.20600 3.50000 -0.36000
v -5.67300 2.81000 -0.36000
v -5.63200 2.72000 -0.36000
v -4.27300 3.27000 0.58000
v -4.27800 3.28000 -0.65000
v -4.16400 3.41000 -0.36000
vt 43.95880 -5.27294
vt 43.91980 -5.23831
vt 43.93870 -5.29833
vt 43.89960 -5.26370
vt 44.07510 -5.26699
vt 43.92280 -5.26699
vt 44.07510 -5.29991
vt 43.92280 -5.29990
vt 44.12020 -4.98289
vt 44.02220 -4.92632
vt 44.01320 -5.16811
vt 43.91520 -5.11155
vt 43.98580 -5.08483
vt 43.92680 -5.11232
vt 44.07230 -5.27034
vt 44.01330 -5.29784
vt 43.43840 -4.70679
vt 43.36140 -4.72741
vt 43.44640 -4.73732
vt 43.36940 -4.75794
vt 43.95370 -5.27203
vt 43.91180 -5.23690
vt 43.93260 -5.29725
vt 43.89070 -5.26213
vt 43.74010 -4.93211
vt 43.68780 -4.96871
vt 43.81520 -5.03951
vt 43.76290 -5.07611
vt 43.68220 -5.07043
vt 43.66520 -5.13396
vt 43.71560 -5.07937
vt 43.69860 -5.14291
vt 43.67580 -5.05770
vt 43.68440 -5.10651
vt 43.79660 -5.03641
vt 43.80520 -5.08521
vt 44.18370 -4.90205
vt 43.88940 -4.87629
vt 44.16710 -5.09202
vt 43.87280 -5.06626
vt 43.91790 -4.88936
vt 43.70830 -4.87103
vt 43.90430 -5.04551
vt 43.69460 -5.02716
vt 43.56710 -4.82339
vt 43.43920 -4.88304
vt 43.58670 -4.86532
vt 43.45870 -4.92498
vt 43.56140 -4.70237
vt 43.41590 -4.72800
vt 43.58410 -4.83091
vt 43.43870 -4.85654
vt 43.38960 -4.74225
vt 43.38020 -4.74393
vt 43.39110 -4.75078
vt 43.38170 -4.75245
vt 44.38430 -4.91670
vt 44.10860 -4.91669
vt 44.38430 -5.06439
vt 44.10860 -5.06439
vt 43.41840 -4.73819
vt 43.21990 -4.77316
vt 43.43920 -4.85608
vt 43.24070 -4.89105
vt 43.61190 -4.70009
vt 43.55130 -4.71632
vt 43.64240 -4.81386
vt 43.58180 -4.83010
vt 43.47530 -4.86786
vt 43.25880 -4.96884
vt 43.49340 -4.90665
vt 43.27680 -5.00763
vt 43.63680 -4.84986
vt 43.59060 -4.97700
vt 43.74970 -4.89097
vt 43.70340 -5.01811
vt 43.94370 -5.25627
vt 43.88180 -5.20135
vt 43.91170 -5.29654
vt 43.84980 -5.24161
vt 43.61880 -4.78435
vt 43.51630 -4.84350
vt 43.69580 -4.91785
vt 43.59340 -4.97700
vt 44.56660 -4.90998
vt 44.36780 -4.92735
vt 44.57570 -5.01552
vt 44.37710 -5.03290
vt 44.68720 -4.89577
vt 44.55360 -4.91934
vt 44.69860 -4.95986
vt 44.56490 -4.98343
vt 44.77280 -4.88854
vt 44.68410 -4.90417
vt 44.78010 -4.92963
vt 44.69130 -4.94525
vt 43.95880 -5.25892
vt 43.89680 -5.20395
vt 43.92680 -5.29922
vt 43.86480 -5.24426
vt 43.74010 -4.93210
vt 43.81520 -5.03950
vt 43.39110 -4.75079
vt 44.07510 -5.26696
vt 43.92280 -5.26696
vt 44.07510 -5.29989
vt 43.92280 -5.29989
vt 44.12020 -4.98287
vt 44.01320 -5.16810
vt 43.91520 -5.11154
vt 43.66520 -5.13395
vt 43.69860 -5.14290
vt 43.68440 -5.10650
vt 43.79660 -5.03640
vt 43.98580 -5.08481
vt 43.92680 -5.11231
vt 44.07230 -5.27031
vt 44.01330 -5.29782
vt 43.95370 -5.27201
vt 43.91180 -5.23689
vt 43.93260 -5.29722
vt 43.89070 -5.26210
vt 43.44420 -4.71012
vt 43.36710 -4.72993
vt 43.45220 -4.74065
vt 43.37510 -4.76045
vt 43.95040 -5.27142
vt 43.91130 -5.23680
vt 43.93020 -5.29682
vt 43.89120 -5.26219
vt 43.90970 -4.43844
vt 43.93720 -4.44331
vt 43.92370 -4.36144
vt 43.95120 -4.36631
vt 44.06630 -4.44419
vt 44.09380 -4.43969
vt 44.05220 -4.36706
vt 44.07970 -4.36244
vt 43.93840 -4.61194
vt 44.06360 -4.61194
vt 43.93840 -4.55131
vt 44.06360 -4.55131
vt 43.91720 -4.56144
vt 44.08470 -4.56144
vt 43.91720 -4.41594
vt 44.08470 -4.41594
vt 44.05940 -4.38956
vt 44.06610 -4.38956
vt 44.05940 -4.38019
vt 44.06610 -4.38019
vt 43.93630 -4.38956
vt 43.94310 -4.38956
vt 43.93630 -4.38019
vt 43.94310 -4.38019
vt 43.93790 -4.41844
vt 44.06530 -4.41844
vt 43.93790 -4.21994
vt 44.06530 -4.21994
vt 43.94860 -4.61881
vt 44.05720 -4.61881
vt 43.94860 -4.51631
vt 44.05720 -4.51631
vt 43.91710 -4.56706
vt 44.08490 -4.56706
vt 43.91710 -4.43919
vt 44.08490 -4.43919
vt 43.93920 -4.47531
vt 44.06410 -4.47531
vt 43.93920 -4.25881
vt 44.06410 -4.25881
vt 44.07240 -5.12019
vt 44.16580 -5.12019
vt 44.07240 -5.02219
vt 44.16580 -5.02219
vt 43.83470 -5.12019
vt 43.92810 -5.12019
vt 43.83470 -5.02219
vt 43.92810 -5.02219
vt 43.90230 -5.18369
vt 44.10360 -5.18369
vt 43.90230 -4.88944
vt 44.10360 -4.88944
vt 43.91510 -4.91794
vt 44.09080 -4.91794
vt 43.91510 -4.70831
vt 44.09080 -4.70831
vt 44.05830 -4.74006
vt 44.13590 -4.74006
vt 44.05830 -4.68781
vt 44.13590 -4.68781
vt 43.86730 -4.74006
vt 43.94490 -4.74006
vt 43.86730 -4.68781
vt 43.94490 -4.68781
vt 43.93740 -5.38431
vt 44.06840 -5.38431
vt 43.93740 -5.10856
vt 44.06840 -5.10856
vt 44.06570 -4.63681
vt 43.94010 -4.63681
vt 44.06570 -4.74969
vt 43.94010 -4.74969
vt 43.95780 -5.56656
vt 44.04790 -5.56656
vt 43.95780 -5.36781
vt 44.04790 -5.36781
vt 44.12790 -4.67581
vt 44.07680 -4.67581
vt 44.12790 -4.79656
vt 44.07680 -4.79656
vt 43.93690 -4.67581
vt 43.88580 -4.67581
vt 43.93690 -4.79656
vt 43.88580 -4.79656
vt 43.97540 -5.68719
vt 44.03040 -5.68719
vt 43.97540 -5.55356
vt 44.03040 -5.55356
vt 43.98710 -5.77281
vt 44.01880 -5.77281
vt 43.98710 -5.68406
vt 44.01880 -5.68406
vt 44.13180 -4.68219
vt 44.07280 -4.68219
vt 44.13180 -4.71556
vt 44.07280 -4.71556
vt 43.94080 -4.68219
vt 43.88180 -4.68219
vt 43.94080 -4.71556
vt 43.88180 -4.71556
vt 43.88220 -4.94369
vt 43.93220 -4.96169
vt 43.90780 -4.88181
vt 43.95790 -4.89981
vt 44.06780 -4.95881
vt 44.11780 -4.94081
vt 44.04210 -4.89681
vt 44.09220 -4.87894
vt 44.09810 -4.95369
vt 44.13170 -4.95369
vt 44.09810 -4.91181
vt 44.13170 -4.91181
vt 43.86030 -4.95369
vt 43.89390 -4.95369
vt 43.86030 -4.91181
vt 43.89390 -4.91181
vt 44.07930 -4.98581
vt 44.15880 -4.98581
vt 44.07930 -4.92681
vt 44.15880 -4.92681
vt 43.84170 -4.98581
vt 43.92120 -4.98581
vt 43.84170 -4.92681
vt 43.92120 -4.92681
vt 44.13810 -4.95044
vt 44.16970 -4.96169
vt 44.15430 -4.91131
vt 44.18580 -4.92269
vt 43.83030 -4.95881
vt 43.86180 -4.94756
vt 43.81410 -4.91981
vt 43.84570 -4.90844
vt 44.05980 -5.07506
vt 44.18260 -5.07506
vt 44.05980 -4.92281
vt 44.18260 -4.92281
vt 43.82220 -5.07506
vt 43.94490 -5.07506
vt 43.82220 -4.92281
vt 43.94490 -4.92281
vt 44.06210 -4.77316
vt 43.93470 -4.77316
vt 44.06210 -4.89105
vt 43.93470 -4.89105
vt 44.06080 -4.96884
vt 43.93590 -4.96884
vt 44.06080 -5.00763
vt 43.93590 -5.00763
vt 43.94060 -4.74393
vt 43.93390 -4.74393
vt 43.94060 -4.75245
vt 43.93390 -4.75245
vt 44.06370 -4.74393
vt 44.05690 -4.74393
vt 44.06370 -4.75245
vt 44.05690 -4.75245
vt 43.94780 -4.72993
vt 43.92030 -4.73195
vt 43.94880 -4.76045
vt 43.92130 -4.76249
vt 44.07630 -4.72741
vt 44.04880 -4.72697
vt 44.07730 -4.75794
vt 44.04980 -4.75751
vt 44.08280 -4.72800
vt 43.91530 -4.72800
vt 44.08280 -4.85654
vt 43.91530 -4.85654
vt 44.08290 -4.88304
vt 43.91510 -4.88304
vt 44.08290 -4.92498
vt 43.91510 -4.92498
vt 44.05990 -4.84986
vt 43.93430 -4.84986
vt 44.05990 -4.97700
vt 43.93430 -4.97700
vt 44.06160 -4.71632
vt 43.93640 -4.71632
vt 44.06160 -4.83010
vt 43.93640 -4.83010
vt 44.05140 -4.84350
vt 43.94280 -4.84350
vt 44.05140 -4.97700
vt 43.94280 -4.97700
vt 43.92320 -5.05770
vt 43.87210 -5.05770
vt 43.92320 -5.10650
vt 43.87210 -5.10650
vt 44.11420 -5.05770
vt 44.06310 -5.05770
vt 44.11420 -5.10651
vt 44.06310 -5.10651
vt 44.08490 -4.87103
vt 43.90920 -4.87103
vt 44.08490 -5.02716
vt 43.90920 -5.02716
vt 43.92720 -5.07043
vt 43.86820 -5.07043
vt 43.92720 -5.13395
vt 43.86820 -5.13395
vt 44.11820 -5.07043
vt 44.05920 -5.07043
vt 44.11820 -5.13396
vt 44.05920 -5.13396
vt 43.94170 -4.96871
vt 43.86410 -4.96871
vt 43.94170 -5.07611
vt 43.86410 -5.07611
vt 44.13270 -4.96871
vt 44.05510 -4.96871
vt 44.13270 -5.07611
vt 44.05510 -5.07611
vt 44.09770 -4.87629
vt 43.89640 -4.87629
vt 44.09770 -5.06626
vt 43.89640 -5.06626
vt 43.92070 -5.11231
vt 43.84120 -5.11231
vt 43.92070 -5.29782
vt 43.84120 -5.29782
vt 44.15830 -5.11232
vt 44.07880 -5.11232
vt 44.15830 -5.29784
vt 44.07880 -5.29784
vt 43.94020 -5.26696
vt 43.81740 -5.26696
vt 43.94020 -5.29989
vt 43.81740 -5.29989
vt 44.17780 -5.26699
vt 44.05510 -5.26699
vt 44.17780 -5.29990
vt 44.05510 -5.29990
vt 43.92760 -4.92632
vt 43.83420 -4.92632
vt 43.92760 -5.11154
vt 43.83420 -5.11154
vt 44.16530 -4.92632
vt 44.07190 -4.92632
vt 44.16530 -5.11155
vt 44.07190 -5.11155
vt 44.18590 -5.23831
vt 44.15430 -5.23631
vt 44.19160 -5.26370
vt 44.15990 -5.26170
vt 43.84570 -5.23680
vt 43.81420 -5.23880
vt 43.84010 -5.26219
vt 43.80840 -5.26419
vt 43.95790 -5.20395
vt 43.90780 -5.20079
vt 43.96680 -5.24426
vt 43.91680 -5.24109
vt 44.09220 -5.20135
vt 44.04210 -5.20451
vt 44.08320 -5.24161
vt 44.03320 -5.24479
vt 43.90190 -5.23689
vt 43.86830 -5.23689
vt 43.90190 -5.26210
vt 43.86830 -5.26210
vt 44.13970 -5.23690
vt 44.10610 -5.23690
vt 44.13970 -5.26213
vt 44.10610 -5.26213
vt 44.06260 -4.91669
vt 43.93160 -4.91669
vt 44.06260 -5.06439
vt 43.93160 -5.06439
vt 44.04220 -4.92735
vt 43.95210 -4.92735
vt 44.04220 -5.03290
vt 43.95210 -5.03290
vt 44.02460 -4.91934
vt 43.96960 -4.91934
vt 44.02460 -4.98343
vt 43.96960 -4.98343
vt 44.01290 -4.90417
vt 43.98120 -4.90417
vt 44.01290 -4.94525
vt 43.98120 -4.94525
vt 44.07730 -5.23880
vt 44.03830 -5.27343
vt 44.09760 -5.26419
vt 44.05840 -5.29881
vt 44.07720 -5.26696
vt 43.92490 -5.26696
vt 44.07720 -5.29989
vt 43.92490 -5.29989
vt 43.97780 -4.92632
vt 43.87980 -4.98287
vt 44.08480 -5.11154
vt 43.98680 -5.16810
vt 44.07320 -5.11231
vt 44.01420 -5.08481
vt 43.98670 -5.29782
vt 43.92770 -5.27031
vt 44.31220 -4.96871
vt 44.25990 -4.93210
vt 44.23710 -5.07611
vt 44.18480 -5.03950
vt 44.08820 -5.23689
vt 44.04630 -5.27201
vt 44.10930 -5.26210
vt 44.06740 -5.29722
vt 44.63760 -4.73195
vt 44.56030 -4.71215
vt 44.62960 -4.76249
vt 44.55230 -4.74269
vt 44.33480 -5.13395
vt 44.31780 -5.07043
vt 44.30140 -5.14290
vt 44.28440 -5.07937
vt 44.31560 -5.10650
vt 44.32420 -5.05770
vt 44.19480 -5.08521
vt 44.20340 -5.03640
vt 44.11060 -4.87629
vt 43.81630 -4.90205
vt 44.12720 -5.06626
vt 43.83290 -5.09202
vt 44.29170 -4.87103
vt 44.08210 -4.88936
vt 44.30540 -5.02716
vt 44.09570 -5.04551
vt 44.56080 -4.88304
vt 44.43290 -4.82339
vt 44.54130 -4.92498
vt 44.41330 -4.86532
vt 44.58410 -4.72800
vt 44.43860 -4.70237
vt 44.56130 -4.85654
vt 44.41590 -4.83091
vt 43.89140 -4.91669
vt 43.61570 -4.91670
vt 43.89140 -5.06439
vt 43.61570 -5.06439
vt 44.61980 -4.74393
vt 44.61040 -4.74225
vt 44.61830 -4.75245
vt 44.60890 -4.75079
vt 44.78010 -4.77316
vt 44.58160 -4.73819
vt 44.75930 -4.89105
vt 44.56080 -4.85608
vt 44.40940 -4.97700
vt 44.36320 -4.84986
vt 44.29660 -5.01811
vt 44.25030 -4.89097
vt 44.74120 -4.96884
vt 44.52470 -4.86786
vt 44.72320 -5.00763
vt 44.50660 -4.90665
vt 44.44870 -4.71632
vt 44.38810 -4.70009
vt 44.41820 -4.83010
vt 44.35760 -4.81386
vt 44.12110 -5.20079
vt 44.05920 -5.25575
vt 44.15320 -5.24109
vt 44.09120 -5.29606
vt 44.48370 -4.84350
vt 44.38120 -4.78435
vt 44.40660 -4.97700
vt 44.30420 -4.91785
vt 43.63220 -4.92735
vt 43.43340 -4.90998
vt 43.62290 -5.03290
vt 43.42430 -5.01552
vt 43.44640 -4.91934
vt 43.31280 -4.89577
vt 43.43510 -4.98343
vt 43.30140 -4.95986
vt 43.31590 -4.90417
vt 43.22720 -4.88854
vt 43.30870 -4.94525
vt 43.21990 -4.92963
vt 44.10020 -5.20451
vt 44.03830 -5.25944
vt 44.13230 -5.24479
vt 44.07030 -5.29970
vt 44.07720 -5.26699
vt 43.92490 -5.26699
vt 44.07720 -5.29990
vt 43.92490 -5.29991
vt 44.25990 -4.93211
vt 44.18480 -5.03951
vt 44.60890 -4.75078
vt 44.33480 -5.13396
vt 44.30140 -5.14291
vt 44.31560 -5.10651
vt 44.20340 -5.03641
vt 43.87980 -4.98289
vt 44.08480 -5.11155
vt 43.98680 -5.16811
vt 44.07320 -5.11232
vt 44.01420 -5.08483
vt 43.98670 -5.29784
vt 43.92770 -5.27034
vt 44.08820 -5.23690
vt 44.04630 -5.27203
vt 44.10930 -5.26213
vt 44.06740 -5.29725
vt 44.63370 -4.72697
vt 44.55670 -4.70636
vt 44.62570 -4.75751
vt 44.54870 -4.73689
vt 44.09160 -5.23631
vt 44.05240 -5.27094
vt 44.11170 -5.26170
vt 44.07270 -5.29634
vt 43.92070 -5.01331
vt 43.84120 -5.01331
vt 43.92070 -5.07231
vt 43.84120 -5.07231
vt 44.15830 -5.01331
vt 44.07880 -5.01331
vt 44.15830 -5.07231
vt 44.07880 -5.07231
vt 43.94020 -4.92281
vt 43.81740 -4.92281
vt 43.94020 -5.07506
vt 43.81740 -5.07506
vt 44.17780 -4.92281
vt 44.05510 -4.92281
vt 44.17780 -5.07506
vt 44.05510 -5.07506
vt 44.19160 -4.89956
vt 44.15990 -4.88831
vt 44.17530 -4.93869
vt 44.14380 -4.92731
vt 43.84010 -4.89119
vt 43.80840 -4.90244
vt 43.85620 -4.93019
vt 43.82470 -4.94156
vt 43.92720 -4.66519
vt 43.86820 -4.66519
vt 43.92720 -4.69856
vt 43.86820 -4.69856
vt 44.11820 -4.66519
vt 44.05920 -4.66519
vt 44.11820 -4.69856
vt 44.05920 -4.69856
vt 43.90190 -4.89069
vt 43.86830 -4.89069
vt 43.90190 -4.93256
vt 43.86830 -4.93256
vt 43.96680 -4.86481
vt 43.91680 -4.84681
vt 43.94120 -4.92681
vt 43.89110 -4.90881
vt 44.13970 -4.89069
vt 44.10610 -4.89069
vt 44.13970 -4.93256
vt 44.10610 -4.93256
vt 44.08320 -4.84981
vt 44.03320 -4.86769
vt 44.10890 -4.91169
vt 44.05880 -4.92969
vt 44.02460 -5.56494
vt 43.96960 -5.56494
vt 44.02460 -5.69856
vt 43.96960 -5.69856
vt 44.01290 -5.69131
vt 43.98120 -5.69131
vt 44.01290 -5.78006
vt 43.98120 -5.78006
vt 44.04220 -5.37706
vt 43.95210 -5.37706
vt 44.04220 -5.57569
vt 43.95210 -5.57569
vt 43.92320 -4.68444
vt 43.87210 -4.68444
vt 43.92320 -4.80519
vt 43.87210 -4.80519
vt 44.11420 -4.68444
vt 44.06310 -4.68444
vt 44.11420 -4.80519
vt 44.06310 -4.80519
vt 44.06260 -5.10856
vt 43.93160 -5.10856
vt 44.06260 -5.38431
vt 43.93160 -5.38431
vt 44.09770 -4.87281
vt 43.89640 -4.87281
vt 44.09770 -5.16706
vt 43.89640 -5.16706
vt 44.05990 -4.59056
vt 43.93430 -4.59056
vt 44.05990 -4.70344
vt 43.93430 -4.70344
vt 43.92760 -4.91519
vt 43.83420 -4.91519
vt 43.92760 -5.01319
vt 43.83420 -5.01319
vt 44.16530 -4.91519
vt 44.07190 -4.91519
vt 44.16530 -5.01319
vt 44.07190 -5.01319
vt 44.08490 -4.69456
vt 43.90920 -4.69456
vt 44.08490 -4.90431
vt 43.90920 -4.90431
vt 43.94170 -4.76294
vt 43.86410 -4.76294
vt 43.94170 -4.81519
vt 43.86410 -4.81519
vt 44.13270 -4.76294
vt 44.05510 -4.76294
vt 44.13270 -4.81519
vt 44.05510 -4.81519
vt 44.05140 -4.59344
vt 43.94280 -4.59344
vt 44.05140 -4.69581
vt 43.94280 -4.69581
vt 44.06210 -4.24069
vt 43.93470 -4.24069
vt 44.06210 -4.43919
vt 43.93470 -4.43919
vt 44.08280 -4.43869
vt 43.91530 -4.43869
vt 44.08280 -4.58406
vt 43.91530 -4.58406
vt 44.08290 -4.45869
vt 43.91510 -4.45869
vt 44.08290 -4.58669
vt 43.91510 -4.58669
vt 44.06080 -4.27681
vt 43.93590 -4.27681
vt 44.06080 -4.49344
vt 43.93590 -4.49344
vt 44.06160 -4.58181
vt 43.93640 -4.58181
vt 44.06160 -4.64244
vt 43.93640 -4.64244
vt 43.94060 -4.38169
vt 43.93390 -4.38169
vt 43.94060 -4.39106
vt 43.93390 -4.39106
vt 44.06370 -4.38169
vt 44.05690 -4.38169
vt 44.06370 -4.39106
vt 44.05690 -4.39106
vt 43.94880 -4.37506
vt 43.92130 -4.37044
vt 43.93460 -4.45219
vt 43.90720 -4.44769
vt 44.07730 -4.36944
vt 44.04980 -4.37431
vt 44.09120 -4.44644
vt 44.06370 -4.45131
vt 44.01880 -4.88854
vt 43.98710 -4.88854
vt 44.01880 -4.92963
vt 43.98710 -4.92963
vt 44.03040 -4.89577
vt 43.97540 -4.89577
vt 44.03040 -4.95986
vt 43.97540 -4.95986
vt 44.04790 -4.90998
vt 43.95780 -4.90998
vt 44.04790 -5.01552
vt 43.95780 -5.01552
vt 44.06840 -4.91670
vt 43.93740 -4.91670
vt 44.06840 -5.06439
vt 43.93740 -5.06439
vt 44.10360 -4.90205
vt 43.90230 -4.90205
vt 44.10360 -5.09202
vt 43.90230 -5.09202
vt 43.93220 -5.25944
vt 43.88220 -5.25627
vt 43.94120 -5.29970
vt 43.89110 -5.29654
vt 44.11780 -5.25575
vt 44.06780 -5.25892
vt 44.10890 -5.29606
vt 44.05880 -5.29922
vt 44.13170 -5.27201
vt 44.09810 -5.27201
vt 44.13170 -5.29722
vt 44.09810 -5.29722
vt 43.89390 -5.27203
vt 43.86030 -5.27203
vt 43.89390 -5.29725
vt 43.86030 -5.29725
vt 44.18260 -5.26696
vt 44.05980 -5.26696
vt 44.18260 -5.29989
vt 44.05980 -5.29989
vt 43.94490 -5.26699
vt 43.82220 -5.26699
vt 43.94490 -5.29991
vt 43.82220 -5.29991
vt 44.16580 -4.98287
vt 44.07240 -4.98287
vt 44.16580 -5.16810
vt 44.07240 -5.16810
vt 43.92810 -4.98289
vt 43.83470 -4.98289
vt 43.92810 -5.16811
vt 43.83470 -5.16811
vt 44.16970 -5.27343
vt 44.13810 -5.27142
vt 44.17530 -5.29881
vt 44.14380 -5.29682
vt 43.86180 -5.27094
vt 43.83030 -5.27294
vt 43.85620 -5.29634
vt 43.82470 -5.29833
vt 44.15880 -5.08481
vt 44.07930 -5.08481
vt 44.15880 -5.27031
vt 44.07930 -5.27031
vt 43.92120 -5.08483
vt 43.84170 -5.08483
vt 43.92120 -5.27034
vt 43.84170 -5.27034
vt 44.09080 -4.88936
vt 43.91510 -4.88936
vt 44.09080 -5.04551
vt 43.91510 -5.04551
vt 44.13590 -4.93210
vt 44.05830 -4.93210
vt 44.13590 -5.03950
vt 44.05830 -5.03950
vt 43.94490 -4.93211
vt 43.86730 -4.93211
vt 43.94490 -5.03951
vt 43.86730 -5.03951
vt 44.07680 -5.08521
vt 44.12790 -5.08521
vt 44.07680 -5.03640
vt 44.12790 -5.03640
vt 43.88580 -5.08521
vt 43.93690 -5.08521
vt 43.88580 -5.03641
vt 43.93690 -5.03641
vt 44.05720 -4.78435
vt 43.94860 -4.78435
vt 44.05720 -4.91785
vt 43.94860 -4.91785
vt 44.07280 -5.14290
vt 44.13180 -5.14290
vt 44.07280 -5.07937
vt 44.13180 -5.07937
vt 43.88180 -5.14291
vt 43.94080 -5.14291
vt 43.88180 -5.07937
vt 43.94080 -5.07937
vt 43.94010 -5.01811
vt 44.06570 -5.01811
vt 43.94010 -4.89097
vt 44.06570 -4.89097
vt 44.06360 -4.70009
vt 43.93840 -4.70009
vt 44.06360 -4.81386
vt 43.93840 -4.81386
vt 44.08490 -4.82339
vt 43.91710 -4.82339
vt 44.08490 -4.86532
vt 43.91710 -4.86532
vt 44.08470 -4.70237
vt 43.91720 -4.70237
vt 44.08470 -4.83091
vt 43.91720 -4.83091
vt 44.06410 -4.86786
vt 43.93920 -4.86786
vt 44.06410 -4.90665
vt 43.93920 -4.90665
vt 43.93720 -4.70636
vt 43.90970 -4.70679
vt 43.93630 -4.73689
vt 43.90880 -4.73732
vt 44.09380 -4.71215
vt 44.06630 -4.71012
vt 44.09280 -4.74269
vt 44.06540 -4.74065
vt 44.06530 -4.73819
vt 43.93790 -4.73819
vt 44.06530 -4.85608
vt 43.93790 -4.85608
vt 44.06610 -4.74225
vt 44.05940 -4.74225
vt 44.06610 -4.75079
vt 44.05940 -4.75079
vt 43.94310 -4.74225
vt 43.93630 -4.74225
vt 43.94310 -4.75078
vt 43.93630 -4.75078
vt 1.52849 0.33695
vt -0.94250 0.55325
vt 1.49650 -0.02725
vt -0.97449 0.18905
vt -0.79350 0.49895
vt -2.38550 0.63835
vt -0.82551 0.13475
vt -2.41749 0.27415
vt -3.38950 2.04595
vt -4.59550 1.83335
vt -3.31450 1.61905
vt -4.52051 1.40645
vt 3.10549 0.23725
vt 1.35950 0.23725
vt 3.10549 -0.05395
vt 1.35950 -0.05395
vt -2.97349 1.18255
vt -3.21049 2.07025
vt -3.29350 1.09675
vt -3.53150 1.98435
vt -1.90950 0.34085
vt -2.91051 0.91925
vt -2.09150 0.02425
vt -3.09350 0.60265
vt -2.77150 0.75695
vt -3.11149 1.34695
vt -3.02949 0.60815
vt -3.36950 1.19815
vt 4.57049 0.34215
vt 3.06850 0.21065
vt 4.59550 0.06115
vt 3.09249 -0.07025
vt -0.52049 4.21049
vt 0.52150 4.21049
vt -0.52049 4.53150
vt 0.52150 4.53150
vt -0.69050 4.38950
vt 0.69051 4.38950
vt -0.69050 5.59550
vt 0.69051 5.59550
vt -0.45250 4.11149
vt 0.45351 4.11149
vt -0.45250 4.36950
vt 0.45351 4.36950
vt -0.86050 -0.52850
vt 0.86050 -0.52850
vt -0.86050 1.94250
vt 0.86050 1.94250
vt -0.72450 1.79350
vt 0.72450 1.79350
vt -0.72450 3.38550
vt 0.72450 3.38550
vt -0.56850 -2.10549
vt 0.56950 -2.10549
vt -0.56850 -0.35950
vt 0.56950 -0.35950
vt -0.52049 2.90950
vt 0.52150 2.90950
vt -0.52049 3.91051
vt 0.52150 3.91051
vt -0.38950 -3.57049
vt 0.39050 -3.57049
vt -0.38950 -2.06850
vt 0.39050 -2.06850
vt 0.69050 1.83335
vt -0.69051 1.83335
vt 0.69050 1.40645
vt -0.69051 1.40645
vt 0.52049 1.98435
vt -0.52150 1.98435
vt 0.52049 1.09675
vt -0.52150 1.09675
vt 0.45250 1.19815
vt -0.45351 1.19815
vt 0.45250 0.60815
vt -0.45351 0.60815
vt 0.52049 0.91925
vt -0.52150 0.91925
vt 0.52049 0.60265
vt -0.52150 0.60265
vt 0.72450 0.63835
vt -0.72450 0.63835
vt 0.72450 0.27415
vt -0.72450 0.27415
vt 0.86050 0.55325
vt -0.86050 0.55325
vt 0.86050 0.18905
vt -0.86050 0.18905
vt 0.56850 0.23725
vt -0.56950 0.23725
vt 0.56850 -0.05395
vt -0.56950 -0.05395
vt 0.38950 0.21065
vt -0.39050 0.21065
vt 0.38950 -0.07025
vt -0.39050 -0.07025
vt 0.94250 0.55325
vt -1.52849 0.33695
vt 0.97449 0.18905
vt -1.49650 -0.02725
vt 2.38550 0.63835
vt 0.79350 0.49895
vt 2.41749 0.27415
vt 0.82551 0.13475
vt 4.59550 1.83335
vt 3.38950 2.04595
vt 4.52051 1.40645
vt 3.31450 1.61905
vt -1.35950 0.23725
vt -3.10549 0.23725
vt -1.35950 -0.05395
vt -3.10549 -0.05395
vt 3.21049 2.07025
vt 2.97349 1.18255
vt 3.53150 1.98435
vt 3.29350 1.09675
vt 2.91051 0.91925
vt 1.90950 0.34085
vt 3.09350 0.60265
vt 2.09150 0.02425
vt 3.11149 1.34695
vt 2.77150 0.75695
vt 3.36950 1.19815
vt 3.02949 0.60815
vt -3.06850 0.21065
vt -4.57049 0.34215
vt -3.09249 -0.07025
vt -4.59550 0.06115
vt 0.52049 4.09350
vt -0.52150 4.09350
vt 0.52049 3.09150
vt -0.52150 3.09150
vt 0.38950 -2.09249
vt -0.39050 -2.09249
vt 0.38950 -3.59550
vt -0.39050 -3.59550
vt 0.56850 -0.35950
vt -0.56950 -0.35950
vt 0.56850 -2.10549
vt -0.56950 -2.10549
vt 0.72450 3.41749
vt -0.72450 3.41749
vt 0.72450 1.82551
vt -0.72450 1.82551
vt 0.86050 1.97449
vt -0.86050 1.97449
vt 0.86050 -0.49650
vt -0.86050 -0.49650
vt -0.45351 3.77150
vt 0.45250 3.77150
vt -0.45351 4.02949
vt 0.45250 4.02949
vt -0.52150 3.97349
vt 0.52049 3.97349
vt -0.52150 4.29350
vt 0.52049 4.29350
vt 0.69050 5.52051
vt -0.69051 5.52051
vt 0.69050 4.31450
vt -0.69051 4.31450
vt 0.39050 0.34215
vt -0.38950 0.34215
vt 0.39050 0.06115
vt -0.38950 0.06115
vt 0.56950 0.23725
vt -0.56850 0.23725
vt 0.56950 -0.05395
vt -0.56850 -0.05395
vt 0.86050 0.33695
vt -0.86050 0.33695
vt 0.86050 -0.02725
vt -0.86050 -0.02725
vt 0.72450 0.49895
vt -0.72450 0.49895
vt 0.72450 0.13475
vt -0.72450 0.13475
vt 0.52150 0.34085
vt -0.52049 0.34085
vt 0.52150 0.02425
vt -0.52049 0.02425
vt -0.45250 0.75695
vt 0.45351 0.75695
vt -0.45250 1.34695
vt 0.45351 1.34695
vt -0.52049 1.18255
vt 0.52150 1.18255
vt -0.52049 2.07025
vt 0.52150 2.07025
vt 0.69051 2.04595
vt -0.69050 2.04595
vt 0.69051 1.61905
vt -0.69050 1.61905
vt 39.90760 -30.95260
vt 39.89120 -30.95550
vt 39.91280 -30.98200
vt 39.89630 -30.98490
vt 39.91740 -31.03530
vt 39.92260 -31.06450
vt 39.93830 -31.03160
vt 40.02380 -31.07240
vt 39.99940 -31.06040
vt 40.00840 -31.07960
vt 40.08540 -31.04370
vt 40.06110 -31.03170
vt 40.06990 -31.05090
vt 40.09160 -30.99600
vt 40.07070 -30.99960
vt 40.07580 -31.02890
vt 40.02190 -31.01680
vt 40.00110 -31.02050
vt 40.00620 -31.04980
vt 39.96610 -31.09940
vt 39.93430 -31.08140
vt 39.94690 -31.10830
vt 40.07040 -30.90400
vt 40.05860 -30.90610
vt 40.07510 -30.93070
vt 40.06330 -30.93270
vt 40.09470 -30.89300
vt 40.07870 -30.89580
vt 40.10130 -30.93060
vt 40.08530 -30.93340
vt 40.08010 -30.89420
vt 40.04870 -30.89980
vt 40.08740 -30.93640
vt 40.05610 -30.94190
vt 40.05040 -30.90640
vt 40.03960 -30.90830
vt 40.05570 -30.93630
vt 40.04490 -30.93820
vt 40.10190 -30.89170
vt 40.08610 -30.89450
vt 40.10860 -30.92930
vt 40.09270 -30.93210
vt 40.08740 -30.89290
vt 40.05610 -30.89850
vt 40.09480 -30.93510
vt 40.06340 -30.94060
vt 40.05780 -30.90510
vt 40.04690 -30.90700
vt 40.06310 -30.93500
vt 40.05230 -30.93690
vt 40.07810 -30.90270
vt 40.06630 -30.90480
vt 40.08280 -30.92930
vt 40.07090 -30.93140
vt 39.96620 -31.09940
vt 39.91860 -31.08010
vt 39.93960 -31.08760
vt 39.93020 -31.04870
vt 39.95120 -31.05620
vt 40.06030 -31.08740
vt 40.08130 -31.07980
vt 40.04870 -31.05610
vt 40.06980 -31.04860
vt 39.91330 -31.09470
vt 39.93430 -31.10220
vt 39.91920 -31.07870
vt 39.94020 -31.08620
vt 40.06560 -31.10190
vt 40.08670 -31.09440
vt 40.05970 -31.08610
vt 40.08080 -31.07860
vt 39.92990 -31.05040
vt 39.95090 -31.05790
vt 39.93390 -31.03960
vt 39.95490 -31.04720
vt 40.04890 -31.05780
vt 40.06990 -31.05020
vt 40.04490 -31.04690
vt 40.06590 -31.03940
vt 39.92030 -31.07040
vt 39.94130 -31.07790
vt 39.92470 -31.05860
vt 39.94570 -31.06610
vt 40.05760 -31.07810
vt 40.07870 -31.07060
vt 40.05330 -31.06630
vt 40.07430 -31.05880
vt 39.93130 -30.90760
vt 39.94770 -30.90760
vt 39.93130 -30.89120
vt 39.94770 -30.89120
vt 40.05290 -30.90760
vt 40.06930 -30.90760
vt 40.05290 -30.89120
vt 40.06930 -30.89120
vt 40.04520 -31.07070
vt 40.04520 -31.09160
vt 40.05790 -31.09160
vt 40.05790 -31.07070
vt 39.95690 -31.07070
vt 39.94420 -31.07070
vt 39.95690 -31.09160
vt 39.94420 -31.09160
vt 40.05790 -31.08540
vt 40.05790 -31.06110
vt 40.04520 -31.06110
vt 40.04520 -31.08540
vt 39.94420 -31.08540
vt 39.95690 -31.08540
vt 39.94420 -31.06110
vt 39.95690 -31.06110
vt 40.05790 -31.00110
vt 40.04520 -31.00110
vt 40.05790 -31.02190
vt 40.04520 -31.02190
vt 40.05790 -30.91740
vt 40.04520 -30.91740
vt 40.05790 -30.93830
vt 40.04520 -30.93830
vt 39.95690 -31.00110
vt 39.94420 -31.00110
vt 39.95690 -31.02190
vt 39.94420 -31.02190
vt 39.94420 -30.93830
vt 39.95690 -30.93830
vt 39.94420 -30.91740
vt 39.95690 -30.91740
vt 39.94420 -31.02380
vt 39.95690 -31.02380
vt 39.94420 -30.99940
vt 39.95690 -30.99940
vt 40.05790 -31.02380
vt 40.05790 -30.99940
vt 40.04520 -30.99940
vt 40.04520 -31.02380
vt 39.95690 -30.96610
vt 39.95690 -30.93430
vt 39.94420 -30.93430
vt 39.94420 -30.96610
vt 40.04520 -30.96620
vt 40.05790 -30.96620
vt 40.04520 -30.93430
vt 40.05790 -30.93430
vt 40.06870 -30.95550
vt 40.05230 -30.95550
vt 40.06870 -30.98490
vt 40.05230 -30.98490
vt 39.94710 -30.95550
vt 39.93070 -30.95550
vt 39.94710 -30.98490
vt 39.93070 -30.98490
vt 40.04310 -31.08140
vt 40.04310 -31.10830
vt 40.05580 -31.10830
vt 40.05580 -31.08140
vt 39.95480 -31.08140
vt 39.94210 -31.08140
vt 39.95480 -31.10830
vt 39.94210 -31.10830
vt 40.04310 -31.06450
vt 40.05580 -31.06450
vt 40.04310 -31.03530
vt 40.05580 -31.03530
vt 39.94210 -31.06450
vt 39.95480 -31.06450
vt 39.94210 -31.03530
vt 39.95480 -31.03530
vt 40.05580 -31.06040
vt 40.04310 -31.06040
vt 40.05580 -31.07960
vt 40.04310 -31.07960
vt 39.94210 -31.06040
vt 39.94210 -31.07960
vt 39.95480 -31.07960
vt 39.95480 -31.06040
vt 39.95480 -31.04980
vt 39.95480 -31.02050
vt 39.94210 -31.02050
vt 39.94210 -31.04980
vt 40.04310 -31.04980
vt 40.05580 -31.04980
vt 40.04310 -31.02050
vt 40.05580 -31.02050
vt 39.95480 -31.03170
vt 39.94210 -31.03170
vt 39.95480 -31.05090
vt 39.94210 -31.05090
vt 40.05580 -31.03170
vt 40.04310 -31.03170
vt 40.05580 -31.05090
vt 40.04310 -31.05090
vt 39.95480 -31.02890
vt 39.95480 -30.99960
vt 39.94210 -30.99960
vt 39.94210 -31.02890
vt 40.04310 -31.02890
vt 40.05580 -31.02890
vt 40.04310 -30.99960
vt 40.05580 -30.99960
vt 39.95510 -30.90700
vt 39.93410 -30.90840
vt 39.95510 -30.93690
vt 39.93410 -30.93830
vt 40.06610 -30.90830
vt 40.04510 -30.90700
vt 40.06610 -30.93820
vt 40.04510 -30.93690
vt 39.95130 -30.89850
vt 39.93020 -30.89980
vt 39.95130 -30.94060
vt 39.93020 -30.94190
vt 40.06980 -30.89980
vt 40.04880 -30.89840
vt 40.06980 -30.94190
vt 40.04880 -30.94060
vt 39.94670 -30.90480
vt 39.92570 -30.90610
vt 39.94670 -30.93140
vt 39.92570 -30.93270
vt 40.07530 -30.90610
vt 40.05430 -30.90480
vt 40.07530 -30.93270
vt 40.05430 -30.93140
vt 39.94030 -30.89450
vt 39.91920 -30.89580
vt 39.94030 -30.93210
vt 39.91920 -30.93340
vt 40.08080 -30.89580
vt 40.05980 -30.89450
vt 40.08080 -30.93340
vt 40.05980 -30.93200
vt 40.10880 -30.95550
vt 40.09240 -30.95260
vt 40.10370 -30.98490
vt 40.08720 -30.98200
vt 39.90840 -30.99600
vt 39.92420 -31.02890
vt 39.92930 -30.99960
vt 39.91460 -31.04370
vt 39.93010 -31.05090
vt 39.93890 -31.03170
vt 39.97810 -31.01680
vt 39.99380 -31.04980
vt 39.99890 -31.02050
vt 40.06170 -31.03160
vt 40.07740 -31.06450
vt 40.08260 -31.03530
vt 40.03380 -31.09940
vt 40.05310 -31.10830
vt 40.06570 -31.08140
vt 39.97620 -31.07240
vt 39.99160 -31.07960
vt 40.00060 -31.06040
vt 39.94120 -30.90610
vt 39.92940 -30.90400
vt 39.93660 -30.93270
vt 39.92470 -30.93060
vt 39.95140 -30.89980
vt 39.92020 -30.89430
vt 39.94410 -30.94190
vt 39.91270 -30.93640
vt 39.92140 -30.89580
vt 39.90560 -30.89300
vt 39.91480 -30.93340
vt 39.89890 -30.93060
vt 39.96060 -30.90840
vt 39.94980 -30.90650
vt 39.95530 -30.93830
vt 39.94440 -30.93640
vt 39.94380 -30.89840
vt 39.91240 -30.89290
vt 39.93630 -30.94060
vt 39.90510 -30.93500
vt 39.95280 -30.90700
vt 39.94210 -30.90510
vt 39.94760 -30.93690
vt 39.93680 -30.93500
vt 39.91380 -30.89450
vt 39.89780 -30.89170
vt 39.90720 -30.93200
vt 39.89120 -30.92920
vt 39.93390 -30.90480
vt 39.92210 -30.90270
vt 39.92920 -30.93140
vt 39.91730 -30.92930
vt 40.03390 -31.09940
vt 39.94210 -30.94690
vt 39.94210 -30.96620
vt 39.95480 -30.96620
vt 39.95480 -30.94690
vt 39.94210 -31.06990
vt 39.94210 -31.08540
vt 39.95480 -31.08540
vt 39.95480 -31.06990
vt 40.05580 -31.00840
vt 40.04310 -31.00840
vt 40.05580 -31.02380
vt 40.04310 -31.02380
vt 40.04310 -31.06990
vt 40.04310 -31.08540
vt 40.05580 -31.08540
vt 40.05580 -31.06990
vt 39.95480 -31.00840
vt 39.94210 -31.00840
vt 39.95480 -31.02380
vt 39.94210 -31.02380
vt 40.05580 -30.94690
vt 40.04310 -30.94690
vt 40.05580 -30.96610
vt 40.04310 -30.96610
vt 40.06870 -30.89630
vt 40.05230 -30.89630
vt 40.06870 -30.91280
vt 40.05230 -30.91280
vt 39.94710 -30.89630
vt 39.93070 -30.89630
vt 39.94710 -30.91280
vt 39.93070 -30.91280
vt 40.06980 -31.05610
vt 40.04880 -31.06370
vt 40.08140 -31.08740
vt 40.06040 -31.09490
vt 39.95130 -31.06340
vt 39.93020 -31.05590
vt 39.93970 -31.09480
vt 39.91870 -31.08730
vt 39.94030 -31.09270
vt 39.91920 -31.08520
vt 39.93440 -31.10860
vt 39.91330 -31.10110
vt 40.08080 -31.08530
vt 40.05980 -31.09280
vt 40.08670 -31.10130
vt 40.06570 -31.10880
vt 40.06610 -31.04490
vt 40.04510 -31.05240
vt 40.07010 -31.05570
vt 40.04910 -31.06320
vt 39.95510 -31.05230
vt 39.93410 -31.04470
vt 39.95110 -31.06310
vt 39.93010 -31.05560
vt 40.07530 -31.06330
vt 40.05430 -31.07080
vt 40.07970 -31.07510
vt 40.05870 -31.08270
vt 39.94670 -31.07090
vt 39.92570 -31.06340
vt 39.94240 -31.08280
vt 39.92130 -31.07530
vt 39.93430 -30.89170
vt 39.91330 -30.89300
vt 39.93430 -30.92920
vt 39.91330 -30.93060
vt 40.08670 -30.89300
vt 40.06560 -30.89170
vt 40.08670 -30.93060
vt 40.06560 -30.92930
vt 39.93960 -30.89290
vt 39.91860 -30.89420
vt 39.93960 -30.93500
vt 39.91860 -30.93640
vt 40.08130 -30.89430
vt 40.06030 -30.89290
vt 40.08130 -30.93640
vt 40.06030 -30.93510
vt 39.94130 -30.90270
vt 39.92030 -30.90400
vt 39.94130 -30.92930
vt 39.92030 -30.93070
vt 40.07870 -30.90400
vt 40.05760 -30.90270
vt 40.07870 -30.93060
vt 40.05760 -30.92930
vt 40.05790 -30.99600
vt 40.04520 -30.99600
vt 40.05790 -31.02890
vt 40.04520 -31.02890
vt 39.94420 -30.99600
vt 39.94420 -31.02890
vt 39.95690 -31.02890
vt 39.95690 -30.99600
vt 39.95090 -30.90510
vt 39.92990 -30.90640
vt 39.95090 -30.93500
vt 39.92990 -30.93630
vt 40.06990 -30.90650
vt 40.04890 -30.90510
vt 40.06990 -30.93640
vt 40.04890 -30.93500
vt 40.04520 -31.01680
vt 40.04520 -31.04980
vt 40.05790 -31.04980
vt 40.05790 -31.01680
vt 39.94420 -31.01680
vt 39.94420 -31.04980
vt 39.95690 -31.04980
vt 39.95690 -31.01680
vt 39.94420 -31.06450
vt 39.95690 -31.06450
vt 39.94420 -31.03160
vt 39.95690 -31.03160
vt 40.04520 -31.03160
vt 40.04520 -31.06450
vt 40.05790 -31.06450
vt 40.05790 -31.03160
vt 39.94770 -30.95260
vt 39.93130 -30.95260
vt 39.94770 -30.98200
vt 39.93130 -30.98200
vt 40.06930 -30.95260
vt 40.05290 -30.95260
vt 40.06930 -30.98200
vt 40.05290 -30.98200
vt 62.23580 -9.17937
vt 62.19320 -9.17185
vt 62.23160 -9.20344
vt 62.18890 -9.19590
vt 62.19210 -9.17414
vt 62.16670 -9.20100
vt 62.20260 -9.18528
vt 62.17720 -9.21212
vt 62.22930 -9.17824
vt 62.18390 -9.17021
vt 62.22520 -9.20229
vt 62.17970 -9.19427
vt 62.18430 -9.17278
vt 62.15770 -9.19940
vt 62.19560 -9.18405
vt 62.16890 -9.21068
vt 61.99760 -9.06961
vt 61.99020 -9.09714
vt 62.00980 -9.07286
vt 62.00240 -9.10040
vt 62.00110 -9.08899
vt 61.99630 -9.09711
vt 62.02270 -9.10149
vt 62.01790 -9.10962
vt 62.02270 -9.10150
vt 62.00980 -9.07288
vt 61.99630 -9.09713
vt 61.76670 -8.78739
vt 61.76130 -8.79054
vt 61.78260 -8.81475
vt 61.77710 -8.81790
vt 62.20170 -9.14599
vt 62.13390 -9.13404
vt 62.19490 -9.18414
vt 62.12720 -9.17220
vt 62.13670 -9.13847
vt 62.09660 -9.18108
vt 62.15330 -9.15614
vt 62.11320 -9.19872
vt 62.21220 -9.14779
vt 62.14430 -9.13584
vt 62.20540 -9.18599
vt 62.13760 -9.17402
vt 62.14260 -9.13949
vt 62.10240 -9.18213
vt 62.15930 -9.15716
vt 62.11910 -9.19979
vt 61.99760 -9.06960
vt 62.00240 -9.10039
vt 62.00110 -9.08897
vt 62.01790 -9.10961
vt 62.22940 -9.17821
vt 62.18390 -9.17020
vt 62.22520 -9.20228
vt 62.17970 -9.19426
vt 62.18430 -9.17276
vt 62.15770 -9.19939
vt 62.19560 -9.18402
vt 62.16890 -9.21066
vt 62.23030 -9.17838
vt 62.18760 -9.17085
vt 62.22610 -9.20243
vt 62.18330 -9.19490
vt 62.18930 -9.17364
vt 62.16390 -9.20050
vt 62.19980 -9.18478
vt 62.17440 -9.21163
vt 61.92670 -8.76669
vt 62.07660 -8.76669
vt 61.92670 -8.76131
vt 62.07660 -8.76131
vt 61.96920 -9.14556
vt 61.94440 -9.13669
vt 61.96220 -9.16219
vt 61.93740 -9.15331
vt 62.05540 -9.13369
vt 62.03070 -9.14256
vt 62.06260 -9.15044
vt 62.03780 -9.15931
vt 61.89880 -8.99756
vt 61.88560 -8.99756
vt 61.89880 -9.00981
vt 61.88560 -9.00981
vt 61.91790 -8.99756
vt 61.90470 -8.99756
vt 61.91790 -9.00981
vt 61.90470 -9.00981
vt 61.93710 -8.99756
vt 61.92380 -8.99756
vt 61.93710 -9.00981
vt 61.92380 -9.00981
vt 62.08980 -8.99756
vt 62.07670 -8.99756
vt 62.08980 -9.00981
vt 62.07670 -9.00981
vt 62.10890 -8.99756
vt 62.09570 -8.99756
vt 62.10890 -9.00981
vt 62.09570 -9.00981
vt 62.12810 -8.99756
vt 62.11480 -8.99756
vt 62.12810 -9.00981
vt 62.11480 -9.00981
vt 62.19310 -9.19494
vt 62.17740 -9.18931
vt 62.18860 -9.20544
vt 62.17290 -9.19981
vt 61.82260 -9.18644
vt 61.80690 -9.19206
vt 61.82710 -9.19694
vt 61.81140 -9.20256
vt 61.91360 -9.20169
vt 61.95110 -9.21506
vt 61.93870 -9.13394
vt 61.97610 -9.14731
vt 62.04890 -9.21219
vt 62.08640 -9.19869
vt 62.02390 -9.14431
vt 62.06130 -9.13094
vt 61.89690 -9.00106
vt 61.88760 -9.00106
vt 61.89690 -9.02269
vt 61.88760 -9.02269
vt 61.91610 -9.00106
vt 61.90670 -9.00106
vt 61.91610 -9.02269
vt 61.90670 -9.02269
vt 61.93510 -9.00106
vt 61.92570 -9.00106
vt 61.93510 -9.02269
vt 61.92570 -9.02269
vt 62.12620 -9.00106
vt 62.11680 -9.00106
vt 62.12620 -9.02269
vt 62.11680 -9.02269
vt 62.10710 -9.00106
vt 62.09770 -9.00106
vt 62.10710 -9.02269
vt 62.09770 -9.02269
vt 62.08790 -9.00106
vt 62.07860 -9.00106
vt 62.08790 -9.02269
vt 62.07860 -9.02269
vt 61.81840 -9.23581
vt 61.84210 -9.22744
vt 61.80270 -9.19319
vt 61.82630 -9.18469
vt 61.86460 -9.22931
vt 61.88970 -9.22931
vt 61.86460 -9.18394
vt 61.88970 -9.18394
vt 62.10230 -9.22944
vt 62.12740 -9.22944
vt 62.10230 -9.18394
vt 62.12740 -9.18394
vt 62.15790 -9.23031
vt 62.18160 -9.23869
vt 62.17370 -9.18756
vt 62.19730 -9.19606
vt 61.79960 -9.16669
vt 61.81520 -9.16106
vt 62.18480 -9.16394
vt 62.20040 -9.16956
vt 62.01890 -9.10244
vt 62.04380 -9.09356
vt 61.95620 -9.09656
vt 61.98090 -9.10544
vt 62.07330 -8.79054
vt 61.92340 -8.79054
vt 62.07330 -8.81790
vt 61.92340 -8.81790
vt 62.11440 -9.06961
vt 62.10120 -9.06961
vt 62.11440 -9.09714
vt 62.10120 -9.09714
vt 62.09530 -9.06961
vt 62.08210 -9.06961
vt 62.09530 -9.09714
vt 62.08210 -9.09714
vt 62.07620 -9.06961
vt 62.06290 -9.06961
vt 62.07620 -9.09714
vt 62.06290 -9.09714
vt 61.92330 -9.06960
vt 61.91020 -9.06960
vt 61.92330 -9.09714
vt 61.91020 -9.09714
vt 61.90430 -9.06960
vt 61.89110 -9.06960
vt 61.90430 -9.09714
vt 61.89110 -9.09714
vt 61.88520 -9.06961
vt 61.87190 -9.06961
vt 61.88520 -9.09714
vt 61.87190 -9.09714
vt 62.11240 -9.08899
vt 62.10310 -9.08899
vt 62.11240 -9.09711
vt 62.10310 -9.09711
vt 62.09330 -9.08899
vt 62.08390 -9.08899
vt 62.09330 -9.09711
vt 62.08390 -9.09711
vt 62.07430 -9.08899
vt 62.06490 -9.08899
vt 62.07430 -9.09713
vt 62.06490 -9.09713
vt 61.88320 -9.08899
vt 61.87380 -9.08899
vt 61.88320 -9.09713
vt 61.87380 -9.09713
vt 61.90230 -9.08897
vt 61.89290 -9.08897
vt 61.90230 -9.09711
vt 61.89290 -9.09711
vt 61.92140 -9.08897
vt 61.91210 -9.08897
vt 61.92140 -9.09711
vt 61.91210 -9.09711
vt 62.13120 -9.19940
vt 62.11460 -9.19940
vt 62.13120 -9.21068
vt 62.11460 -9.21068
vt 61.89340 -9.19939
vt 61.87680 -9.19939
vt 61.89340 -9.21066
vt 61.87680 -9.21066
vt 62.19730 -9.17185
vt 62.17370 -9.17035
vt 62.19730 -9.19590
vt 62.17370 -9.19441
vt 61.82630 -9.17085
vt 61.80270 -9.17234
vt 61.82630 -9.19490
vt 61.80270 -9.19639
vt 61.97610 -9.13584
vt 61.93870 -9.13348
vt 61.97610 -9.17402
vt 61.93870 -9.17166
vt 62.06130 -9.13404
vt 62.02390 -9.13640
vt 62.06130 -9.17220
vt 62.02390 -9.17456
vt 62.13120 -9.17278
vt 62.11460 -9.17278
vt 61.89340 -9.17276
vt 61.87680 -9.17276
vt 62.13540 -9.17021
vt 62.11030 -9.17021
vt 62.13540 -9.19427
vt 62.11030 -9.19427
vt 61.89770 -9.17020
vt 61.87260 -9.17020
vt 61.89770 -9.19426
vt 61.87260 -9.19426
vt 61.80390 -9.17234
vt 61.76130 -9.17986
vt 61.80820 -9.19639
vt 61.76560 -9.20393
vt 61.83040 -9.20149
vt 61.80510 -9.17463
vt 61.81990 -9.21261
vt 61.79460 -9.18576
vt 62.00980 -9.09714
vt 62.00240 -9.06961
vt 61.99760 -9.10040
vt 61.99020 -9.07286
vt 61.81610 -9.17020
vt 61.77060 -9.17821
vt 61.82030 -9.19426
vt 61.77480 -9.20228
vt 62.00370 -9.09713
vt 61.99890 -9.08899
vt 61.98210 -9.10962
vt 61.97730 -9.10150
vt 61.84230 -9.19939
vt 61.81570 -9.17276
vt 61.83110 -9.21066
vt 61.80440 -9.18402
vt 62.00240 -9.06960
vt 61.99760 -9.10039
vt 62.00370 -9.09711
vt 61.99890 -9.08897
vt 61.98210 -9.10961
vt 61.97730 -9.10149
vt 62.23870 -8.79054
vt 62.23330 -8.78739
vt 62.22290 -8.81790
vt 62.21740 -8.81475
vt 61.86910 -9.13348
vt 61.80130 -9.14542
vt 61.87580 -9.17166
vt 61.80810 -9.18361
vt 61.90640 -9.18055
vt 61.86630 -9.13791
vt 61.88980 -9.19823
vt 61.84960 -9.15559
vt 61.85270 -9.13640
vt 61.78490 -9.14835
vt 61.85940 -9.17456
vt 61.79170 -9.18651
vt 61.89460 -9.18264
vt 61.85440 -9.14004
vt 61.87790 -9.20030
vt 61.83780 -9.15770
vt 61.99020 -9.07288
vt 61.81610 -9.17021
vt 61.77070 -9.17824
vt 61.82030 -9.19427
vt 61.77480 -9.20229
vt 61.84230 -9.19940
vt 61.81570 -9.17278
vt 61.83110 -9.21068
vt 61.80440 -9.18405
vt 61.81530 -9.17035
vt 61.77260 -9.17789
vt 61.81960 -9.19441
vt 61.77680 -9.20194
vt 61.83890 -9.20001
vt 61.81360 -9.17315
vt 61.82840 -9.21114
vt 61.80310 -9.18429
vt 62.05080 -9.11319
vt 62.02610 -9.12206
vt 62.06260 -9.15331
vt 62.03780 -9.16219
vt 61.97390 -9.11906
vt 61.94920 -9.11019
vt 61.96220 -9.15931
vt 61.93740 -9.15044
vt 61.81970 -9.17444
vt 61.80410 -9.18006
vt 61.82710 -9.19981
vt 61.81140 -9.20544
vt 62.19590 -9.17719
vt 62.18030 -9.17156
vt 62.18860 -9.20256
vt 62.17290 -9.19694
vt 62.19730 -9.18894
vt 62.17370 -9.18044
vt 62.18160 -9.23156
vt 62.15790 -9.22319
vt 62.13540 -9.17969
vt 62.11030 -9.17969
vt 62.13540 -9.22519
vt 62.11030 -9.22519
vt 61.89770 -9.17969
vt 61.87260 -9.17969
vt 61.89770 -9.22519
vt 61.87260 -9.22519
vt 61.82630 -9.18331
vt 61.80270 -9.19181
vt 61.84210 -9.22606
vt 61.81840 -9.23444
vt 62.06130 -9.12719
vt 62.02390 -9.14056
vt 62.08640 -9.19494
vt 62.04890 -9.20831
vt 61.97610 -9.13756
vt 61.93870 -9.12419
vt 61.95110 -9.20544
vt 61.91360 -9.19194
vt 62.20040 -9.16669
vt 62.18480 -9.16106
vt 61.81520 -9.16394
vt 61.79960 -9.16956
vt 61.98110 -9.10244
vt 61.95620 -9.09356
vt 62.04380 -9.09656
vt 62.01910 -9.10544
vt 62.11240 -8.99631
vt 62.10310 -8.99631
vt 62.11240 -9.01794
vt 62.10310 -9.01794
vt 62.09330 -8.99631
vt 62.08390 -8.99631
vt 62.09330 -9.01794
vt 62.08390 -9.01794
vt 62.07430 -8.99631
vt 62.06490 -8.99631
vt 62.07430 -9.01794
vt 62.06490 -9.01794
vt 61.88320 -8.99631
vt 61.87380 -8.99631
vt 61.88320 -9.01794
vt 61.87380 -9.01794
vt 61.90230 -8.99631
vt 61.89290 -8.99631
vt 61.90230 -9.01794
vt 61.89290 -9.01794
vt 61.92140 -8.99631
vt 61.91210 -8.99631
vt 61.92140 -9.01794
vt 61.91210 -9.01794
vt 62.11440 -8.99019
vt 62.10120 -8.99019
vt 62.11440 -9.00244
vt 62.10120 -9.00244
vt 62.09530 -8.99019
vt 62.08210 -8.99019
vt 62.09530 -9.00244
vt 62.08210 -9.00244
vt 62.07620 -8.99019
vt 62.06290 -8.99019
vt 62.07620 -9.00244
vt 62.06290 -9.00244
vt 61.92330 -8.99019
vt 61.91020 -8.99019
vt 61.92330 -9.00244
vt 61.91020 -9.00244
vt 61.90430 -8.99019
vt 61.89110 -8.99019
vt 61.90430 -9.00244
vt 61.89110 -9.00244
vt 61.88520 -8.99019
vt 61.87190 -8.99019
vt 61.88520 -9.00244
vt 61.87190 -9.00244
vt 62.07330 -8.77706
vt 61.92340 -8.77706
vt 62.07330 -8.78256
vt 61.92340 -8.78256
vt 61.88970 -9.17824
vt 61.86460 -9.17824
vt 61.88970 -9.20229
vt 61.86460 -9.20229
vt 62.12740 -9.17821
vt 62.10230 -9.17821
vt 62.12740 -9.20228
vt 62.10230 -9.20228
vt 61.95110 -9.14835
vt 61.91360 -9.14599
vt 61.95110 -9.18651
vt 61.91360 -9.18414
vt 62.08640 -9.14542
vt 62.04890 -9.14779
vt 62.08640 -9.18361
vt 62.04890 -9.18599
vt 61.86880 -9.21068
vt 61.88540 -9.21068
vt 61.86880 -9.18405
vt 61.88540 -9.18405
vt 62.10660 -9.21066
vt 62.12320 -9.21066
vt 62.10660 -9.18402
vt 62.12320 -9.18402
vt 62.18160 -9.17986
vt 62.15790 -9.17838
vt 62.18160 -9.20393
vt 62.15790 -9.20243
vt 61.84210 -9.17789
vt 61.81840 -9.17937
vt 61.84210 -9.20194
vt 61.81840 -9.20344
vt 61.88540 -9.17278
vt 61.86880 -9.17278
vt 62.12320 -9.17276
vt 62.10660 -9.17276
vt 61.88760 -9.10962
vt 61.89690 -9.10962
vt 61.88760 -9.10149
vt 61.89690 -9.10149
vt 61.90670 -9.10962
vt 61.91610 -9.10962
vt 61.90670 -9.10150
vt 61.91610 -9.10150
vt 61.92570 -9.10962
vt 61.93510 -9.10962
vt 61.92570 -9.10150
vt 61.93510 -9.10150
vt 62.11680 -9.10962
vt 62.12620 -9.10962
vt 62.11680 -9.10150
vt 62.12620 -9.10150
vt 62.09770 -9.10961
vt 62.10710 -9.10961
vt 62.09770 -9.10149
vt 62.10710 -9.10149
vt 62.07860 -9.10961
vt 62.08790 -9.10961
vt 62.07860 -9.10149
vt 62.08790 -9.10149
vt 61.88560 -9.10040
vt 61.89880 -9.10040
vt 61.88560 -9.07286
vt 61.89880 -9.07286
vt 61.90470 -9.10040
vt 61.91790 -9.10040
vt 61.90470 -9.07286
vt 61.91790 -9.07286
vt 61.92380 -9.10040
vt 61.93710 -9.10040
vt 61.92380 -9.07288
vt 61.93710 -9.07288
vt 62.07670 -9.10039
vt 62.08980 -9.10039
vt 62.07670 -9.07286
vt 62.08980 -9.07286
vt 62.09570 -9.10039
vt 62.10890 -9.10039
vt 62.09570 -9.07286
vt 62.10890 -9.07286
vt 62.11480 -9.10040
vt 62.12810 -9.10040
vt 62.11480 -9.07286
vt 62.12810 -9.07286
vt 62.07660 -8.78739
vt 61.92670 -8.78739
vt 62.07660 -8.81475
vt 61.92670 -8.81475
vt 34.12800 -8.93871
vt 34.02340 -8.95831
vt 34.04710 -8.99346
vt 34.06070 -8.97664
vt 33.87200 -9.05111
vt 33.87730 -9.06219
vt 34.05550 -8.96556
vt 34.12740 -8.93781
vt 34.02280 -8.95731
vt 34.04650 -8.99247
vt 34.07230 -9.12738
vt 34.08060 -9.12738
vt 34.07230 -9.02275
vt 34.08060 -9.02275
vt 33.91940 -9.12800
vt 33.92790 -9.12800
vt 33.91940 -9.02338
vt 33.92790 -9.02338
vt 33.95760 -8.87200
vt 34.04510 -9.05550
vt 34.04510 -8.87200
vt 33.95760 -9.05550
vt 34.04240 -9.06219
vt 33.95490 -9.05111
vt 33.95490 -9.06219
vt 34.04240 -9.05111
vt 34.07210 -8.95831
vt 34.07210 -8.99346
vt 34.08060 -8.99346
vt 34.08060 -8.95831
vt 33.91940 -8.95731
vt 33.91940 -8.99247
vt 33.92770 -8.99247
vt 33.92770 -8.95731
vt 33.87260 -8.93781
vt 33.95350 -8.99247
vt 33.97720 -8.95731
vt 34.12270 -9.06219
vt 33.94450 -8.96556
vt 33.93930 -8.97664
vt 34.12800 -9.05111
vt 33.87200 -8.93871
vt 33.95290 -8.99346
vt 33.97660 -8.95831
vt 34.08060 -9.04713
vt 34.07210 -9.04713
vt 34.08060 -9.12800
vt 34.07210 -9.12800
vt 33.92770 -9.04650
vt 33.91940 -9.04650
vt 33.92770 -9.12738
vt 33.91940 -9.12738
vt 34.04240 -9.06075
vt 33.95490 -8.87725
vt 33.95490 -9.06075
vt 34.04240 -8.87725
vt 34.04510 -8.96556
vt 33.95760 -8.96556
vt 34.04510 -8.97664
vt 33.95760 -8.97664
vn 0.3386 -0.0630 0.9370
vn 0.0000 0.0000 1.0000
vn -0.1732 -0.0157 0.9843
vn -0.3386 0.0630 0.9370
vn 0.1654 0.0709 0.9843
vn -0.2520 0.9685 -0.0315
vn -0.2598 0.9685 0.0000
vn -0.1732 0.9843 0.0000
vn -0.4961 0.8661 0.0000
vn -0.4252 0.9055 0.0000
vn 0.5039 0.8661 0.0000
vn 0.0866 1.0000 0.0000
vn -0.5748 0.8189 0.0000
vn 0.0000 1.0000 0.0000
vn 0.3386 0.9370 0.0000
vn -0.0866 1.0000 0.0000
vn 0.2598 0.9685 0.0000
vn 0.6142 0.7717 0.1732
vn 0.6142 0.7717 -0.1732
vn 0.6457 0.7638 0.0000
vn -0.9843 -0.1732 0.0000
vn -0.9055 -0.4252 0.0000
vn -0.9528 -0.2441 0.1732
vn -0.9528 -0.2520 -0.1732
vn -0.9370 0.3386 0.0000
vn -0.9685 -0.2598 0.0000
vn -0.8661 -0.4961 0.0000
vn -1.0000 0.0866 0.0000
vn -0.9685 0.2598 0.0000
vn -0.8189 -0.5748 0.0000
vn -1.0000 0.0000 0.0000
vn -0.8661 0.5039 0.0000
vn -0.7165 0.6299 0.2992
vn -0.7165 0.6299 -0.2992
vn -0.7638 0.6457 0.0000
vn -1.0000 -0.0866 0.0000
vn 0.3386 -0.0630 -0.9370
vn 0.0000 0.0000 -1.0000
vn -0.1654 -0.0709 -0.9843
vn -0.3386 0.0630 -0.9370
vn 0.1732 0.0157 -0.9843
vn 0.4252 -0.9055 0.0000
vn 0.0000 -1.0000 0.0000
vn -0.6142 -0.7717 0.1732
vn -0.6142 -0.7717 -0.1732
vn -0.2598 -0.9685 0.0000
vn -0.6457 -0.7638 0.0000
vn 0.1732 -0.9843 0.0000
vn 0.0866 -1.0000 0.0000
vn -0.0866 -1.0000 0.0000
vn -0.3386 -0.9370 0.0000
vn -0.5039 -0.8661 0.0000
vn 0.5748 -0.8189 0.0000
vn 0.4961 -0.8661 0.0000
vn 0.2598 -0.9685 0.0000
vn 0.2520 -0.9685 0.0315
vn 0.9843 0.1732 0.0000
vn 1.0000 0.0866 0.0000
vn 1.0000 0.0000 0.0000
vn 1.0000 -0.0866 0.0000
vn 0.7165 -0.6299 0.2992
vn 0.7165 -0.6299 -0.2992
vn 0.7638 -0.6457 0.0000
vn 0.8661 -0.5039 0.0000
vn 0.9055 0.4252 0.0000
vn 0.8189 0.5748 0.0000
vn 0.8661 0.4961 0.0000
vn 0.9685 -0.2598 0.0000
vn 0.9370 -0.3386 0.0000
vn 0.9685 0.2598 0.0000
vn 0.9528 0.2520 0.1732
vn 0.9528 0.2441 -0.1732
vn -0.3386 -0.0630 0.9370
vn 0.3386 0.0630 0.9370
vn 0.4409 0.8976 0.0000
vn 0.4882 0.8740 0.0000
vn -0.9291 -0.1654 0.3386
vn -0.9291 -0.1654 -0.3386
vn -0.3386 -0.0630 -0.9370
vn 0.3386 0.0630 -0.9370
vn 0.9291 0.1654 0.3386
vn 0.9291 0.1654 -0.3386
vn 0.9055 -0.4331 0.0000
vn 0.6693 0.7165 0.1968
vn 0.6693 0.7165 -0.1968
vn 0.1732 0.9843 0.0000
vn -0.6614 0.7008 0.2835
vn -0.6614 0.7008 -0.2835
vn -0.7087 -0.7087 0.0000
vn -0.9291 0.1654 0.3386
vn -0.9291 0.1654 -0.3386
vn -0.7087 0.7087 0.0000
vn -0.9843 0.1732 0.0000
vn 0.6614 -0.7008 0.2835
vn 0.6614 -0.7008 -0.2835
vn -0.1732 -0.9843 0.0000
vn -0.6693 -0.7165 0.1968
vn -0.6693 -0.7165 -0.1968
vn 0.9843 -0.1732 0.0000
vn 0.9291 -0.1654 0.3386
vn 0.9291 -0.1654 -0.3386
vn 0.7087 -0.7087 0.0000
vn 0.7087 0.7087 0.0000
vn -0.1811 0.9843 0.0000
vn -0.8268 -0.5591 0.0000
vn 0.5591 -0.8268 0.0000

o lod_velociraptor
usemtl c_709578
f 1/1/1 2/2/1 3/3/1
f 3/3/1 2/2/1 4/4/1
f 5/5/2 6/6/2 7/7/2
f 7/7/2 6/6/2 8/8/2
f 9/9/2 10/10/2 11/11/2
f 11/11/2 10/10/2 12/12/2
f 13/13/2 14/14/2 15/15/2
f 15/15/2 14/14/2 16/16/2
f 17/17/3 18/18/3 19/19/3
f 19/19/3 18/18/3 20/20/3
f 21/21/2 22/22/2 23/23/2
f 23/23/2 22/22/2 24/24/2
f 25/25/2 26/26/2 27/27/2
f 27/27/2 26/26/2 28/28/2
f 29/29/2 30/30/2 31/31/2
f 31/31/2 30/30/2 32/32/2
f 33/33/2 34/34/2 35/35/2
f 35/35/2 34/34/2 36/36/2
f 37/37/2 38/38/2 39/39/2
f 39/39/2 38/38/2 40/40/2
f 41/41/2 42/42/2 43/43/2
f 43/43/2 42/42/2 44/44/2
f 45/45/2 46/46/2 47/47/2
f 47/47/2 46/46/2 48/48/2
f 49/49/2 50/50/2 51/51/2
f 51/51/2 50/50/2 52/52/2
f 53/53/2 54/54/2 55/55/2
f 55/55/2 54/54/2 56/56/2
f 57/57/2 58/58/2 59/59/2
f 59/59/2 58/58/2 60/60/2
f 61/61/2 62/62/2 63/63/2
f 63/63/2 62/62/2 64/64/2
f 65/65/2 66/66/2 67/67/2
f 67/67/2 66/66/2 68/68/2
f 69/69/2 70/70/2 71/71/2
f 71/71/2 70/70/2 72/72/2
f 73/73/2 74/74/2 75/75/2
f 75/75/2 74/74/2 76/76/2
f 77/77/4 78/78/4 79/79/4
f 79/79/4 78/78/4 80/80/4
f 81/81/2 82/82/2 83/83/2
f 83/83/2 82/82/2 84/84/2
f 85/85/2 86/86/2 87/87/2
f 87/87/2 86/86/2 88/88/2
f 89/89/2 90/90/2 91/91/2
f 91/91/2 90/90/2 92/92/2
f 93/93/2 94/94/2 95/95/2
f 95/95/2 94/94/2 96/96/2
f 97/97/1 98/98/1 99/99/1
f 99/99/1 98/98/1 100/100/1
f 101/101/2 102/26/2 103/102/2
f 103/102/2 102/26/2 104/28/2
f 105/53/2 106/54/2 107/103/2
f 107/103/2 106/54/2 108/56/2
f 109/104/2 110/105/2 111/106/2
f 111/106/2 110/105/2 112/107/2
f 113/108/2 114/10/2 115/109/2
f 115/109/2 114/10/2 116/110/2
f 117/29/2 118/111/2 119/31/2
f 119/31/2 118/111/2 120/112/2
f 121/33/2 122/113/2 123/114/2
f 123/114/2 122/113/2 124/36/2
f 125/115/2 126/116/2 127/117/2
f 127/117/2 126/116/2 128/118/2
f 129/119/2 130/120/2 131/121/2
f 131/121/2 130/120/2 132/122/2
f 133/123/5 134/124/5 135/125/5
f 135/125/5 134/124/5 136/126/5
f 137/127/4 138/128/4 139/129/4
f 139/129/4 138/128/4 140/130/4
f 17/131/6 141/132/6 18/133/6
f 18/133/6 141/132/6 142/134/6
f 133/135/6 143/136/6 134/137/6
f 134/137/6 143/136/6 144/138/6
f 65/139/7 145/140/7 66/141/7
f 66/141/7 145/140/7 146/142/7
f 49/143/8 147/144/8 50/145/8
f 50/145/8 147/144/8 148/146/8
f 105/147/8 149/148/8 106/149/8
f 106/149/8 149/148/8 150/150/8
f 53/151/8 151/152/8 54/153/8
f 54/153/8 151/152/8 152/154/8
f 61/155/8 153/156/8 62/157/8
f 62/157/8 153/156/8 154/158/8
f 81/159/9 155/160/9 82/161/9
f 82/161/9 155/160/9 156/162/9
f 45/163/10 157/164/10 46/165/10
f 46/165/10 157/164/10 158/166/10
f 69/167/10 159/168/10 70/169/10
f 70/169/10 159/168/10 160/170/10
f 113/171/11 161/172/11 114/173/11
f 114/173/11 161/172/11 162/174/11
f 9/175/11 163/176/11 10/177/11
f 10/177/11 163/176/11 164/178/11
f 37/179/12 165/180/12 38/181/12
f 38/181/12 165/180/12 166/182/12
f 41/183/12 167/184/12 42/185/12
f 42/185/12 167/184/12 168/186/12
f 101/187/13 169/188/13 102/189/13
f 102/189/13 169/188/13 170/190/13
f 25/191/13 171/192/13 26/193/13
f 26/193/13 171/192/13 172/194/13
f 57/195/14 173/196/14 58/197/14
f 58/197/14 173/196/14 174/198/14
f 175/199/15 73/200/15 176/201/15
f 176/201/15 73/200/15 75/202/15
f 85/203/16 177/204/16 86/205/16
f 86/205/16 177/204/16 178/206/16
f 179/207/8 121/208/8 180/209/8
f 180/209/8 121/208/8 123/210/8
f 181/211/8 33/212/8 182/213/8
f 182/213/8 33/212/8 35/214/8
f 89/215/8 183/216/8 90/217/8
f 90/217/8 183/216/8 184/218/8
f 93/219/8 185/220/8 94/221/8
f 94/221/8 185/220/8 186/222/8
f 187/223/17 117/224/17 188/225/17
f 188/225/17 117/224/17 119/226/17
f 189/227/17 29/228/17 190/229/17
f 190/229/17 29/228/17 31/230/17
f 77/231/18 191/232/18 78/233/18
f 78/233/18 191/232/18 192/234/18
f 97/235/19 193/236/19 98/237/19
f 98/237/19 193/236/19 194/238/19
f 129/239/20 195/240/20 130/241/20
f 130/241/20 195/240/20 196/242/20
f 21/243/20 197/244/20 22/245/20
f 22/245/20 197/244/20 198/246/20
f 125/247/10 199/248/10 126/249/10
f 126/249/10 199/248/10 200/250/10
f 13/251/10 201/252/10 14/253/10
f 14/253/10 201/252/10 202/254/10
f 137/255/18 203/256/18 138/257/18
f 138/257/18 203/256/18 204/258/18
f 1/259/19 205/260/19 2/261/19
f 2/261/19 205/260/19 206/262/19
f 109/263/14 207/264/14 110/265/14
f 110/265/14 207/264/14 208/266/14
f 5/267/14 209/268/14 6/269/14
f 6/269/14 209/268/14 210/270/14
f 62/271/21 154/272/21 64/273/21
f 64/273/21 154/272/21 211/274/21
f 70/275/22 160/276/22 72/277/22
f 72/277/22 160/276/22 212/278/22
f 106/279/21 150/280/21 108/281/21
f 108/281/21 150/280/21 213/282/21
f 54/283/21 152/284/21 56/285/21
f 56/285/21 152/284/21 214/286/21
f 134/287/23 144/288/23 136/289/23
f 136/289/23 144/288/23 215/290/23
f 18/291/24 142/292/24 20/293/24
f 20/293/24 142/292/24 216/294/24
f 50/295/21 148/296/21 52/297/21
f 52/297/21 148/296/21 217/298/21
f 46/299/22 158/300/22 48/301/22
f 48/301/22 158/300/22 218/302/22
f 73/303/25 175/304/25 74/305/25
f 74/305/25 175/304/25 219/306/25
f 66/307/26 146/308/26 68/309/26
f 68/309/26 146/308/26 220/310/26
f 82/311/27 156/312/27 84/313/27
f 84/313/27 156/312/27 221/314/27
f 121/315/21 179/316/21 122/317/21
f 122/317/21 179/316/21 222/318/21
f 33/319/21 181/320/21 34/321/21
f 34/321/21 181/320/21 223/322/21
f 42/323/28 168/324/28 44/325/28
f 44/325/28 168/324/28 224/326/28
f 117/327/29 187/328/29 118/329/29
f 118/329/29 187/328/29 225/330/29
f 29/331/29 189/332/29 30/333/29
f 30/333/29 189/332/29 226/334/29
f 102/335/30 170/336/30 104/337/30
f 104/337/30 170/336/30 227/338/30
f 26/339/30 172/340/30 28/341/30
f 28/341/30 172/340/30 228/342/30
f 38/343/28 166/344/28 40/345/28
f 40/345/28 166/344/28 229/346/28
f 126/347/22 200/348/22 128/349/22
f 128/349/22 200/348/22 230/350/22
f 14/351/22 202/352/22 16/353/22
f 16/353/22 202/352/22 231/354/22
f 110/355/31 208/356/31 112/357/31
f 112/357/31 208/356/31 232/358/31
f 6/359/31 210/360/31 8/361/31
f 8/361/31 210/360/31 233/362/31
f 114/363/32 162/364/32 116/365/32
f 116/365/32 162/364/32 234/366/32
f 10/367/32 164/368/32 12/369/32
f 12/369/32 164/368/32 235/370/32
f 2/371/33 206/372/33 4/373/33
f 4/373/33 206/372/33 236/374/33
f 138/375/34 204/376/34 140/377/34
f 140/377/34 204/376/34 237/378/34
f 98/379/33 194/380/33 100/381/33
f 100/381/33 194/380/33 238/382/33
f 78/383/34 192/384/34 80/385/34
f 80/385/34 192/384/34 239/386/34
f 130/387/35 196/388/35 132/389/35
f 132/389/35 196/388/35 240/390/35
f 22/391/35 198/392/35 24/393/35
f 24/393/35 198/392/35 241/394/35
f 58/395/31 174/396/31 60/397/31
f 60/397/31 174/396/31 242/398/31
f 86/399/36 178/400/36 88/401/36
f 88/401/36 178/400/36 243/402/36
f 90/403/21 184/404/21 92/405/21
f 92/405/21 184/404/21 244/406/21
f 94/407/21 186/408/21 96/409/21
f 96/409/21 186/408/21 245/410/21
f 204/411/37 203/412/37 237/413/37
f 237/413/37 203/412/37 246/414/37
f 208/415/38 207/416/38 232/417/38
f 232/417/38 207/416/38 247/418/38
f 162/419/38 161/420/38 234/421/38
f 234/421/38 161/420/38 248/422/38
f 200/423/38 199/424/38 230/425/38
f 230/425/38 199/424/38 249/426/38
f 170/427/38 169/428/38 227/429/38
f 227/429/38 169/428/38 250/430/38
f 196/431/38 195/432/38 240/433/38
f 240/433/38 195/432/38 251/434/38
f 144/435/39 143/436/39 215/437/39
f 215/437/39 143/436/39 252/438/39
f 225/439/38 187/440/38 253/441/38
f 253/441/38 187/440/38 188/442/38
f 222/443/38 179/444/38 254/445/38
f 254/445/38 179/444/38 180/446/38
f 166/447/38 165/448/38 229/449/38
f 229/449/38 165/448/38 255/450/38
f 168/451/38 167/452/38 224/453/38
f 224/453/38 167/452/38 256/454/38
f 158/455/38 157/456/38 218/457/38
f 218/457/38 157/456/38 257/458/38
f 148/459/38 147/460/38 217/461/38
f 217/461/38 147/460/38 258/462/38
f 174/463/38 173/464/38 242/465/38
f 242/465/38 173/464/38 259/466/38
f 150/467/38 149/468/38 213/469/38
f 213/469/38 149/468/38 260/470/38
f 154/471/38 153/472/38 211/473/38
f 211/473/38 153/472/38 261/474/38
f 219/475/38 175/476/38 262/477/38
f 262/477/38 175/476/38 176/478/38
f 160/479/38 159/480/38 212/481/38
f 212/481/38 159/480/38 263/482/38
f 146/483/38 145/484/38 220/485/38
f 220/485/38 145/484/38 264/486/38
f 194/487/40 193/488/40 238/489/40
f 238/489/40 193/488/40 265/490/40
f 156/491/38 155/492/38 221/493/38
f 221/493/38 155/492/38 266/494/38
f 178/495/38 177/496/38 243/497/38
f 243/497/38 177/496/38 267/498/38
f 184/499/38 183/500/38 244/501/38
f 244/501/38 183/500/38 268/502/38
f 186/503/38 185/504/38 245/505/38
f 245/505/38 185/504/38 269/506/38
f 192/507/37 191/508/37 239/509/37
f 239/509/37 191/508/37 270/510/37
f 210/511/38 209/512/38 233/513/38
f 233/513/38 209/512/38 271/514/38
f 172/427/38 171/515/38 228/429/38
f 228/429/38 171/515/38 272/516/38
f 152/467/38 151/468/38 214/469/38
f 214/469/38 151/468/38 273/517/38
f 226/518/38 189/440/38 274/519/38
f 274/519/38 189/440/38 190/442/38
f 223/520/38 181/444/38 275/445/38
f 275/445/38 181/444/38 182/521/38
f 164/419/38 163/522/38 235/523/38
f 235/523/38 163/522/38 276/524/38
f 202/525/38 201/526/38 231/527/38
f 231/527/38 201/526/38 277/528/38
f 198/529/38 197/530/38 241/531/38
f 241/531/38 197/530/38 278/532/38
f 142/533/41 141/534/41 216/535/41
f 216/535/41 141/534/41 279/536/41
f 206/537/40 205/538/40 236/539/40
f 236/539/40 205/538/40 280/540/40
f 128/541/42 230/542/42 127/543/42
f 127/543/42 230/542/42 249/544/42
f 16/545/42 231/546/42 15/547/42
f 15/547/42 231/546/42 277/548/42
f 112/549/43 232/550/43 111/551/43
f 111/551/43 232/550/43 247/552/43
f 8/553/43 233/554/43 7/555/43
f 7/555/43 233/554/43 271/556/43
f 4/557/44 236/558/44 3/559/44
f 3/559/44 236/558/44 280/560/44
f 140/561/45 237/562/45 139/563/45
f 139/563/45 237/562/45 246/564/45
f 118/565/46 225/566/46 120/567/46
f 120/567/46 225/566/46 253/568/46
f 30/569/46 226/570/46 32/571/46
f 32/571/46 226/570/46 274/572/46
f 132/573/47 240/574/47 131/575/47
f 131/575/47 240/574/47 251/576/47
f 100/577/44 238/578/44 99/579/44
f 99/579/44 238/578/44 265/580/44
f 24/581/47 241/582/47 23/583/47
f 23/583/47 241/582/47 278/584/47
f 80/585/45 239/586/45 79/587/45
f 79/587/45 239/586/45 270/588/45
f 92/589/48 244/590/48 91/591/48
f 91/591/48 244/590/48 268/592/48
f 96/593/48 245/594/48 95/595/48
f 95/595/48 245/594/48 269/596/48
f 88/597/49 243/598/49 87/599/49
f 87/599/49 243/598/49 267/600/49
f 122/601/48 222/602/48 124/603/48
f 124/603/48 222/602/48 254/604/48
f 34/605/48 223/606/48 36/607/48
f 36/607/48 223/606/48 275/608/48
f 60/609/43 242/610/43 59/611/43
f 59/611/43 242/610/43 259/612/43
f 40/613/50 229/614/50 39/615/50
f 39/615/50 229/614/50 255/616/50
f 74/617/51 219/618/51 76/619/51
f 76/619/51 219/618/51 262/620/51
f 116/621/52 234/622/52 115/623/52
f 115/623/52 234/622/52 248/624/52
f 12/625/52 235/626/52 11/627/52
f 11/627/52 235/626/52 276/628/52
f 44/629/50 224/630/50 43/631/50
f 43/631/50 224/630/50 256/632/50
f 104/633/53 227/634/53 103/635/53
f 103/635/53 227/634/53 250/636/53
f 28/637/53 228/638/53 27/639/53
f 27/639/53 228/638/53 272/640/53
f 84/641/54 221/642/54 83/643/54
f 83/643/54 221/642/54 266/644/54
f 64/645/48 211/646/48 63/647/48
f 63/647/48 211/646/48 261/648/48
f 52/649/48 217/650/48 51/651/48
f 51/651/48 217/650/48 258/652/48
f 48/653/42 218/654/42 47/655/42
f 47/655/42 218/654/42 257/656/42
f 72/657/42 212/658/42 71/659/42
f 71/659/42 212/658/42 263/660/42
f 68/661/55 220/662/55 67/663/55
f 67/663/55 220/662/55 264/664/55
f 108/665/48 213/666/48 107/667/48
f 107/667/48 213/666/48 260/668/48
f 56/669/48 214/670/48 55/671/48
f 55/671/48 214/670/48 273/672/48
f 136/673/56 215/674/56 135/675/56
f 135/675/56 215/674/56 252/676/56
f 20/677/56 216/678/56 19/679/56
f 19/679/56 216/678/56 279/680/56
f 185/681/57 93/682/57 269/683/57
f 269/683/57 93/682/57 95/684/57
f 183/685/57 89/686/57 268/687/57
f 268/687/57 89/686/57 91/688/57
f 177/689/58 85/690/58 267/691/58
f 267/691/58 85/690/58 87/692/58
f 173/693/59 57/694/59 259/695/59
f 259/695/59 57/694/59 59/696/59
f 165/697/60 37/698/60 255/699/60
f 255/699/60 37/698/60 39/700/60
f 191/701/61 77/702/61 270/703/61
f 270/703/61 77/702/61 79/704/61
f 193/705/62 97/706/62 265/707/62
f 265/707/62 97/706/62 99/708/62
f 195/709/63 129/710/63 251/711/63
f 251/711/63 129/710/63 131/712/63
f 197/713/63 21/714/63 278/715/63
f 278/715/63 21/714/63 23/716/63
f 207/717/59 109/718/59 247/719/59
f 247/719/59 109/718/59 111/720/59
f 209/721/59 5/722/59 271/723/59
f 271/723/59 5/722/59 7/724/59
f 161/725/64 113/726/64 248/727/64
f 248/727/64 113/726/64 115/728/64
f 163/729/64 9/730/64 276/731/64
f 276/731/64 9/730/64 11/732/64
f 203/733/61 137/734/61 246/735/61
f 246/735/61 137/734/61 139/736/61
f 205/737/62 1/738/62 280/739/62
f 280/739/62 1/738/62 3/740/62
f 199/741/65 125/742/65 249/743/65
f 249/743/65 125/742/65 127/744/65
f 201/745/65 13/746/65 277/747/65
f 277/747/65 13/746/65 15/748/65
f 167/749/60 41/750/60 256/751/60
f 256/751/60 41/750/60 43/752/60
f 169/753/66 101/754/66 250/755/66
f 250/755/66 101/754/66 103/756/66
f 171/757/66 25/758/66 272/759/66
f 272/759/66 25/758/66 27/760/66
f 124/761/57 254/762/57 123/763/57
f 123/763/57 254/762/57 180/764/57
f 36/765/57 275/766/57 35/767/57
f 35/767/57 275/766/57 182/768/57
f 155/769/67 81/770/67 266/771/67
f 266/771/67 81/770/67 83/772/67
f 120/773/68 253/774/68 119/775/68
f 119/775/68 253/774/68 188/776/68
f 32/777/68 274/778/68 31/779/68
f 31/779/68 274/778/68 190/780/68
f 76/781/69 262/782/69 75/783/69
f 75/783/69 262/782/69 176/784/69
f 145/785/70 65/786/70 264/787/70
f 264/787/70 65/786/70 67/788/70
f 157/789/65 45/790/65 257/791/65
f 257/791/65 45/790/65 47/792/65
f 147/793/57 49/794/57 258/795/57
f 258/795/57 49/794/57 51/796/57
f 159/797/65 69/798/65 263/799/65
f 263/799/65 69/798/65 71/800/65
f 141/801/71 17/802/71 279/803/71
f 279/803/71 17/802/71 19/804/71
f 143/805/72 133/806/72 252/807/72
f 252/807/72 133/806/72 135/808/72
f 153/809/57 61/810/57 261/811/57
f 261/811/57 61/810/57 63/812/57
f 149/813/57 105/814/57 260/815/57
f 260/815/57 105/814/57 107/816/57
f 151/817/57 53/818/57 273/819/57
f 273/819/57 53/818/57 55/820/57
usemtl c_335882
f 281/821/2 282/822/2 283/823/2
f 283/823/2 282/822/2 284/824/2
f 285/825/2 286/826/2 287/827/2
f 287/827/2 286/826/2 288/828/2
f 289/829/2 290/830/2 291/831/2
f 291/831/2 290/830/2 292/832/2
f 293/833/2 294/834/2 295/835/2
f 295/835/2 294/834/2 296/836/2
f 297/837/2 298/838/2 299/839/2
f 299/839/2 298/838/2 300/840/2
f 301/841/2 302/842/2 303/843/2
f 303/843/2 302/842/2 304/844/2
f 305/845/2 306/846/2 307/847/2
f 307/847/2 306/846/2 308/848/2
f 309/849/2 310/850/2 311/851/2
f 311/851/2 310/850/2 312/852/2
f 298/853/7 313/854/7 300/855/7
f 300/855/7 313/854/7 314/856/7
f 289/857/8 315/858/8 290/859/8
f 290/859/8 315/858/8 316/860/8
f 306/861/9 317/862/9 308/863/9
f 308/863/9 317/862/9 318/864/9
f 281/865/12 319/866/12 282/867/12
f 282/867/12 319/866/12 320/868/12
f 285/869/12 321/870/12 286/871/12
f 286/871/12 321/870/12 322/872/12
f 293/873/14 323/874/14 294/875/14
f 294/875/14 323/874/14 324/876/14
f 301/877/11 325/878/11 302/879/11
f 302/879/11 325/878/11 326/880/11
f 309/881/16 327/882/16 310/883/16
f 310/883/16 327/882/16 328/884/16
f 290/885/21 316/886/21 292/887/21
f 292/887/21 316/886/21 329/888/21
f 300/889/26 314/890/26 299/891/26
f 299/891/26 314/890/26 330/892/26
f 308/893/27 318/894/27 307/895/27
f 307/895/27 318/894/27 331/896/27
f 302/897/32 326/898/32 304/899/32
f 304/899/32 326/898/32 332/900/32
f 286/901/28 322/902/28 288/903/28
f 288/903/28 322/902/28 333/904/28
f 282/905/28 320/906/28 284/907/28
f 284/907/28 320/906/28 334/908/28
f 294/909/31 324/910/31 296/911/31
f 296/911/31 324/910/31 335/912/31
f 310/913/36 328/914/36 312/915/36
f 312/915/36 328/914/36 336/916/36
f 320/917/38 319/918/38 334/919/38
f 334/919/38 319/918/38 337/920/38
f 322/921/38 321/922/38 333/923/38
f 333/923/38 321/922/38 338/924/38
f 316/925/38 315/926/38 329/927/38
f 329/927/38 315/926/38 339/928/38
f 324/929/38 323/930/38 335/931/38
f 335/931/38 323/930/38 340/932/38
f 313/933/38 341/934/38 314/935/38
f 314/935/38 341/934/38 330/936/38
f 326/937/38 325/938/38 332/939/38
f 332/939/38 325/938/38 342/940/38
f 317/941/38 343/942/38 318/943/38
f 318/943/38 343/942/38 331/944/38
f 328/945/38 327/946/38 336/947/38
f 336/947/38 327/946/38 344/948/38
f 304/949/52 332/950/52 303/951/52
f 303/951/52 332/950/52 342/952/52
f 312/953/49 336/954/49 311/955/49
f 311/955/49 336/954/49 344/956/49
f 296/957/43 335/958/43 295/959/43
f 295/959/43 335/958/43 340/960/43
f 288/961/50 333/962/50 287/963/50
f 287/963/50 333/962/50 338/964/50
f 284/965/50 334/966/50 283/967/50
f 283/967/50 334/966/50 337/968/50
f 343/969/54 305/970/54 331/971/54
f 331/971/54 305/970/54 307/972/54
f 341/973/55 297/974/55 330/975/55
f 330/975/55 297/974/55 299/976/55
f 292/977/48 329/978/48 291/979/48
f 291/979/48 329/978/48 339/980/48
f 327/981/58 309/982/58 344/983/58
f 344/983/58 309/982/58 311/984/58
f 323/985/59 293/986/59 340/987/59
f 340/987/59 293/986/59 295/988/59
f 319/989/60 281/990/60 337/991/60
f 337/991/60 281/990/60 283/992/60
f 321/993/60 285/994/60 338/995/60
f 338/995/60 285/994/60 287/996/60
f 325/997/64 301/998/64 342/999/64
f 342/999/64 301/998/64 303/1000/64
f 305/1001/67 343/1002/67 306/1003/67
f 306/1003/67 343/1002/67 317/1004/67
f 297/1005/70 341/1006/70 298/1007/70
f 298/1007/70 341/1006/70 313/1008/70
f 315/1009/57 289/1010/57 339/1011/57
f 339/1011/57 289/1010/57 291/1012/57
usemtl c_f8f8f8
f 345/1013/2 346/1014/2 347/1015/2
f 347/1015/2 346/1014/2 348/1016/2
f 349/1017/2 350/1018/2 351/1019/2
f 352/1020/2 353/1021/2 354/1022/2
f 355/1023/2 356/1024/2 357/1025/2
f 358/1026/2 359/1027/2 360/1028/2
f 361/1029/2 362/1030/2 363/1031/2
f 364/1032/2 365/1033/2 366/1034/2
f 367/1035/73 368/1036/73 369/1037/73
f 369/1037/73 368/1036/73 370/1038/73
f 371/1039/73 372/1040/73 373/1041/73
f 373/1041/73 372/1040/73 374/1042/73
f 375/1043/73 376/1044/73 377/1045/73
f 377/1045/73 376/1044/73 378/1046/73
f 379/1047/73 380/1048/73 381/1049/73
f 381/1049/73 380/1048/73 382/1050/73
f 383/1051/74 384/1052/74 385/1053/74
f 385/1053/74 384/1052/74 386/1054/74
f 387/1055/74 388/1056/74 389/1057/74
f 389/1057/74 388/1056/74 390/1058/74
f 391/1059/74 392/1060/74 393/1061/74
f 393/1061/74 392/1060/74 394/1062/74
f 395/1063/74 396/1064/74 397/1065/74
f 397/1065/74 396/1064/74 398/1066/74
f 399/1026/2 400/1027/2 401/1028/2
f 402/1023/2 403/1024/2 404/1025/2
f 405/1029/2 406/1030/2 407/1031/2
f 408/1019/2 409/1017/2 410/1018/2
f 411/1067/2 412/1033/2 413/1034/2
f 414/1020/2 415/1021/2 416/1022/2
f 417/1013/2 418/1014/2 419/1015/2
f 419/1015/2 418/1014/2 420/1016/2
f 375/1068/8 421/1069/8 376/1070/8
f 376/1070/8 421/1069/8 422/1071/8
f 387/1072/8 423/1073/8 388/1074/8
f 388/1074/8 423/1073/8 424/1075/8
f 371/1076/8 425/1077/8 372/1078/8
f 372/1078/8 425/1077/8 426/1079/8
f 383/1080/8 427/1081/8 384/1082/8
f 384/1082/8 427/1081/8 428/1083/8
f 379/1084/8 429/1085/8 380/1086/8
f 380/1086/8 429/1085/8 430/1087/8
f 391/1088/8 431/1089/8 392/1090/8
f 392/1090/8 431/1089/8 432/1091/8
f 367/1092/8 433/1093/8 368/1094/8
f 368/1094/8 433/1093/8 434/1095/8
f 395/1096/8 435/1097/8 396/1098/8
f 396/1098/8 435/1097/8 436/1099/8
f 345/1100/8 437/1101/8 346/1102/8
f 346/1102/8 437/1101/8 438/1103/8
f 417/1104/8 439/1105/8 418/1106/8
f 418/1106/8 439/1105/8 440/1107/8
f 400/1108/8 399/1109/8 441/1110/8
f 442/1111/8 400/1108/8 441/1110/8
f 443/1112/8 359/1113/8 444/1114/8
f 359/1113/8 358/1115/8 444/1114/8
f 445/1116/75 446/1117/75 403/1118/75
f 402/1119/75 445/1116/75 403/1118/75
f 355/1120/75 447/1121/75 356/1122/75
f 447/1121/75 448/1123/75 356/1122/75
f 449/1124/8 406/1125/8 450/1126/8
f 406/1125/8 405/1127/8 450/1126/8
f 451/1128/8 409/1129/8 452/1130/8
f 409/1129/8 408/1131/8 452/1130/8
f 453/1132/8 362/1133/8 454/1134/8
f 362/1133/8 361/1135/8 454/1134/8
f 351/1136/8 455/1137/8 349/1138/8
f 349/1138/8 455/1137/8 456/1139/8
f 352/1140/75 457/1141/75 353/1142/75
f 457/1141/75 458/1143/75 353/1142/75
f 459/1144/75 460/1145/75 415/1146/75
f 414/1147/75 459/1144/75 415/1146/75
f 461/1148/76 462/1149/76 365/1150/76
f 364/1151/76 461/1148/76 365/1150/76
f 411/1152/76 463/1153/76 412/1154/76
f 463/1153/76 464/1155/76 412/1154/76
f 346/1156/21 438/1157/21 348/1158/21
f 348/1158/21 438/1157/21 465/1159/21
f 418/1160/21 440/1161/21 420/1162/21
f 420/1162/21 440/1161/21 466/1163/21
f 462/1164/22 467/1165/22 366/1166/22
f 365/1167/22 462/1164/22 366/1166/22
f 412/1168/22 464/1169/22 413/1170/22
f 464/1169/22 468/1171/22 413/1170/22
f 469/1172/21 350/1173/21 456/1174/21
f 456/1174/21 350/1173/21 349/1175/21
f 470/1176/21 410/1177/21 451/1178/21
f 410/1177/21 409/1179/21 451/1178/21
f 353/1180/22 458/1181/22 354/1182/22
f 458/1181/22 471/1183/22 354/1182/22
f 460/1184/22 472/1185/22 416/1186/22
f 415/1187/22 460/1184/22 416/1186/22
f 407/1188/21 406/1189/21 449/1190/21
f 473/1191/21 407/1188/21 449/1190/21
f 474/1192/21 363/1193/21 453/1194/21
f 363/1193/21 362/1195/21 453/1194/21
f 403/1196/22 446/1197/22 404/1198/22
f 446/1197/22 475/1199/22 404/1198/22
f 356/1200/22 448/1201/22 357/1202/22
f 448/1201/22 476/1203/22 357/1202/22
f 401/1204/21 400/1205/21 442/1206/21
f 477/1207/21 401/1204/21 442/1206/21
f 478/1208/21 360/1209/21 443/1210/21
f 360/1209/21 359/1211/21 443/1210/21
f 392/1212/77 432/1213/77 394/1214/77
f 394/1214/77 432/1213/77 479/1215/77
f 380/1216/78 430/1217/78 382/1218/78
f 382/1218/78 430/1217/78 480/1219/78
f 388/1220/77 424/1221/77 390/1222/77
f 390/1222/77 424/1221/77 481/1223/77
f 376/1224/78 422/1225/78 378/1226/78
f 378/1226/78 422/1225/78 482/1227/78
f 396/1228/77 436/1229/77 398/1230/77
f 398/1230/77 436/1229/77 483/1231/77
f 368/1232/78 434/1233/78 370/1234/78
f 370/1234/78 434/1233/78 484/1235/78
f 384/1236/77 428/1237/77 386/1238/77
f 386/1238/77 428/1237/77 485/1239/77
f 372/1240/78 426/1241/78 374/1242/78
f 374/1242/78 426/1241/78 486/1243/78
f 440/1244/38 439/1245/38 466/1246/38
f 466/1246/38 439/1245/38 487/1247/38
f 441/1248/38 477/1249/38 442/1250/38
f 445/1251/38 475/1252/38 446/1253/38
f 450/1254/38 473/1255/38 449/1256/38
f 452/1257/38 470/1258/38 451/1259/38
f 463/1260/38 468/1261/38 464/1262/38
f 459/1263/38 472/1264/38 460/1265/38
f 436/1266/79 435/1267/79 483/1268/79
f 483/1268/79 435/1267/79 488/1269/79
f 424/1270/79 423/1271/79 481/1272/79
f 481/1272/79 423/1271/79 489/1273/79
f 428/1274/79 427/1275/79 485/1276/79
f 485/1276/79 427/1275/79 490/1277/79
f 432/1278/79 431/1279/79 479/1280/79
f 479/1280/79 431/1279/79 491/1281/79
f 422/1282/80 421/1283/80 482/1284/80
f 482/1284/80 421/1283/80 492/1285/80
f 430/1286/80 429/1287/80 480/1288/80
f 480/1288/80 429/1287/80 493/1289/80
f 426/1290/80 425/1291/80 486/1292/80
f 486/1292/80 425/1291/80 494/1293/80
f 434/1294/80 433/1295/80 484/1296/80
f 484/1296/80 433/1295/80 495/1297/80
f 469/1258/38 496/1258/38 455/1257/38
f 455/1257/38 496/1258/38 456/1259/38
f 457/1263/38 471/1264/38 458/1265/38
f 447/1251/38 476/1252/38 448/1253/38
f 444/1248/38 478/1249/38 443/1250/38
f 454/1254/38 474/1255/38 453/1256/38
f 461/1298/38 467/1261/38 462/1262/38
f 438/1244/38 437/1245/38 465/1246/38
f 465/1246/38 437/1245/38 497/1247/38
f 468/1299/42 463/1300/42 411/1301/42
f 413/1302/42 468/1299/42 411/1301/42
f 475/1303/42 445/1304/42 402/1305/42
f 404/1306/42 475/1303/42 402/1305/42
f 354/1307/42 471/1308/42 352/1309/42
f 471/1308/42 457/1310/42 352/1309/42
f 476/1311/42 447/1312/42 355/1313/42
f 357/1314/42 476/1311/42 355/1313/42
f 416/1315/42 472/1316/42 414/1317/42
f 472/1316/42 459/1318/42 414/1317/42
f 366/1319/42 467/1320/42 364/1321/42
f 467/1320/42 461/1322/42 364/1321/42
f 348/1323/48 465/1324/48 347/1325/48
f 347/1325/48 465/1324/48 497/1326/48
f 420/1327/48 466/1328/48 419/1329/48
f 419/1329/48 466/1328/48 487/1330/48
f 378/1331/48 482/1332/48 377/1333/48
f 377/1333/48 482/1332/48 492/1334/48
f 390/1335/48 481/1336/48 389/1337/48
f 389/1337/48 481/1336/48 489/1338/48
f 386/1339/48 485/1340/48 385/1341/48
f 385/1341/48 485/1340/48 490/1342/48
f 374/1343/48 486/1344/48 373/1345/48
f 373/1345/48 486/1344/48 494/1346/48
f 382/1347/48 480/1348/48 381/1349/48
f 381/1349/48 480/1348/48 493/1350/48
f 394/1351/48 479/1352/48 393/1353/48
f 393/1353/48 479/1352/48 491/1354/48
f 370/1355/48 484/1356/48 369/1357/48
f 369/1357/48 484/1356/48 495/1358/48
f 398/1359/48 483/1360/48 397/1361/48
f 397/1361/48 483/1360/48 488/1362/48
f 425/1363/81 371/1364/81 494/1365/81
f 494/1365/81 371/1364/81 373/1366/81
f 427/1367/82 383/1368/82 490/1369/82
f 490/1369/82 383/1368/82 385/1370/82
f 421/1371/81 375/1372/81 492/1373/81
f 492/1373/81 375/1372/81 377/1374/81
f 423/1375/82 387/1376/82 489/1377/82
f 489/1377/82 387/1376/82 389/1378/82
f 433/1379/81 367/1380/81 495/1381/81
f 495/1381/81 367/1380/81 369/1382/81
f 435/1383/82 395/1384/82 488/1385/82
f 488/1385/82 395/1384/82 397/1386/82
f 441/1387/83 399/1388/83 477/1389/83
f 399/1388/83 401/1390/83 477/1389/83
f 358/1391/83 360/1392/83 478/1393/83
f 444/1394/83 358/1391/83 478/1393/83
f 429/1395/81 379/1396/81 493/1397/81
f 493/1397/81 379/1396/81 381/1398/81
f 431/1399/82 391/1400/82 491/1401/82
f 491/1401/82 391/1400/82 393/1402/82
f 405/1403/83 407/1404/83 473/1405/83
f 450/1406/83 405/1403/83 473/1405/83
f 361/1407/83 363/1408/83 474/1409/83
f 454/1410/83 361/1407/83 474/1409/83
f 350/1411/83 469/1412/83 351/1413/83
f 351/1413/83 469/1412/83 455/1414/83
f 408/1415/83 410/1416/83 470/1417/83
f 452/1418/83 408/1415/83 470/1417/83
f 437/1419/57 345/1420/57 497/1421/57
f 497/1421/57 345/1420/57 347/1422/57
f 439/1423/57 417/1424/57 487/1425/57
f 487/1425/57 417/1424/57 419/1426/57
usemtl c_1b2a35
f 498/1427/1 499/1428/1 500/1429/1
f 500/1429/1 499/1428/1 501/1430/1
f 502/1431/1 503/1432/1 504/1433/1
f 504/1433/1 503/1432/1 505/1434/1
f 506/1435/2 507/1436/2 508/1437/2
f 508/1437/2 507/1436/2 509/1438/2
f 510/1439/2 511/1440/2 512/1441/2
f 512/1441/2 511/1440/2 513/1442/2
f 514/1443/2 515/1444/2 516/1445/2
f 516/1445/2 515/1444/2 517/1446/2
f 518/1447/2 519/1448/2 520/1449/2
f 520/1449/2 519/1448/2 521/1450/2
f 522/1443/2 523/1444/2 524/1445/2
f 524/1445/2 523/1444/2 525/1446/2
f 526/1447/2 527/1448/2 528/1451/2
f 528/1451/2 527/1448/2 529/1450/2
f 530/1443/2 531/1444/2 532/1452/2
f 532/1452/2 531/1444/2 533/1446/2
f 534/1447/2 535/1453/2 536/1451/2
f 536/1451/2 535/1453/2 537/1450/2
f 538/1454/2 539/1455/2 540/1456/2
f 540/1456/2 539/1455/2 541/1457/2
f 542/1458/4 543/1459/4 544/1460/4
f 544/1460/4 543/1459/4 545/1461/4
f 546/1462/4 547/1463/4 548/1464/4
f 548/1464/4 547/1463/4 549/1465/4
f 550/1466/1 551/1467/1 552/1468/1
f 552/1468/1 551/1467/1 553/1469/1
f 554/1470/1 555/1471/1 556/1472/1
f 556/1472/1 555/1471/1 557/1473/1
f 558/1474/2 559/1444/2 560/1445/2
f 560/1445/2 559/1444/2 561/1475/2
f 562/1476/2 563/1448/2 564/1449/2
f 564/1449/2 563/1448/2 565/1477/2
f 566/1474/2 567/1444/2 568/1445/2
f 568/1445/2 567/1444/2 569/1475/2
f 570/1476/2 571/1448/2 572/1449/2
f 572/1449/2 571/1448/2 573/1477/2
f 574/1478/2 575/1479/2 576/1480/2
f 576/1480/2 575/1479/2 577/1481/2
f 578/1482/2 579/1483/2 580/1484/2
f 580/1484/2 579/1483/2 581/1485/2
f 582/1443/2 583/1444/2 584/1445/2
f 584/1445/2 583/1444/2 585/1446/2
f 586/1447/2 587/1453/2 588/1451/2
f 588/1451/2 587/1453/2 589/1450/2
f 590/1486/4 591/1487/4 592/1488/4
f 592/1488/4 591/1487/4 593/1489/4
f 594/1490/4 595/1491/4 596/1492/4
f 596/1492/4 595/1491/4 597/1493/4
f 538/1494/9 598/1495/9 539/1496/9
f 539/1496/9 598/1495/9 599/1497/9
f 600/1498/84 546/1499/84 601/1500/84
f 601/1500/84 546/1499/84 548/1501/84
f 602/1502/85 554/1503/85 603/1504/85
f 603/1504/85 554/1503/85 556/1505/85
f 604/1506/17 514/1507/17 605/1508/17
f 605/1508/17 514/1507/17 516/1509/17
f 606/1510/17 522/1511/17 607/1512/17
f 607/1512/17 522/1511/17 524/1513/17
f 608/1514/17 530/1515/17 609/1516/17
f 609/1516/17 530/1515/17 532/1517/17
f 610/1518/17 558/1519/17 611/1520/17
f 611/1520/17 558/1519/17 560/1521/17
f 612/1522/17 566/1523/17 613/1524/17
f 613/1524/17 566/1523/17 568/1525/17
f 614/1526/17 582/1527/17 615/1528/17
f 615/1528/17 582/1527/17 584/1529/17
f 616/1530/84 594/1531/84 617/1532/84
f 617/1532/84 594/1531/84 596/1533/84
f 618/1534/85 502/1535/85 619/1536/85
f 619/1536/85 502/1535/85 504/1537/85
f 542/1538/86 620/1539/86 543/1540/86
f 543/1540/86 620/1539/86 621/1541/86
f 550/1542/86 622/1543/86 551/1544/86
f 551/1544/86 622/1543/86 623/1545/86
f 624/1546/11 518/1547/11 625/1548/11
f 625/1548/11 518/1547/11 520/1549/11
f 626/1550/11 526/1551/11 627/1552/11
f 627/1552/11 526/1551/11 528/1553/11
f 628/1554/11 534/1555/11 629/1556/11
f 629/1556/11 534/1555/11 536/1557/11
f 630/1558/11 586/1559/11 631/1560/11
f 631/1560/11 586/1559/11 588/1561/11
f 632/1562/11 570/1563/11 633/1564/11
f 633/1564/11 570/1563/11 572/1565/11
f 634/1566/11 562/1567/11 635/1568/11
f 635/1568/11 562/1567/11 564/1569/11
f 498/1570/86 636/1571/86 499/1572/86
f 499/1572/86 636/1571/86 637/1573/86
f 506/1574/86 638/1575/86 507/1576/86
f 507/1576/86 638/1575/86 639/1577/86
f 574/1578/86 640/1579/86 575/1580/86
f 575/1580/86 640/1579/86 641/1581/86
f 590/1582/86 642/1583/86 591/1584/86
f 591/1584/86 642/1583/86 643/1585/86
f 502/1535/87 618/1534/87 503/1586/87
f 503/1586/87 618/1534/87 644/1587/87
f 594/1531/88 616/1530/88 595/1588/88
f 595/1588/88 616/1530/88 645/1589/88
f 554/1503/87 602/1502/87 555/1590/87
f 555/1590/87 602/1502/87 646/1591/87
f 546/1499/88 600/1498/88 547/1592/88
f 547/1592/88 600/1498/88 647/1593/88
f 539/1594/27 599/1595/27 541/1596/27
f 541/1596/27 599/1595/27 648/1597/27
f 514/1598/29 604/1599/29 515/1600/29
f 515/1600/29 604/1599/29 649/1601/29
f 522/1602/29 606/1603/29 523/1604/29
f 523/1604/29 606/1603/29 650/1605/29
f 530/1606/29 608/1607/29 531/1608/29
f 531/1608/29 608/1607/29 651/1609/29
f 558/1610/29 610/1611/29 559/1612/29
f 559/1612/29 610/1611/29 652/1613/29
f 566/1614/29 612/1615/29 567/1616/29
f 567/1616/29 612/1615/29 653/1617/29
f 582/1618/29 614/1619/29 583/1620/29
f 583/1620/29 614/1619/29 654/1621/29
f 518/1622/32 624/1623/32 519/1624/32
f 519/1624/32 624/1623/32 655/1625/32
f 526/1626/32 626/1627/32 527/1628/32
f 527/1628/32 626/1627/32 656/1629/32
f 534/1630/32 628/1631/32 535/1632/32
f 535/1632/32 628/1631/32 657/1633/32
f 586/1634/32 630/1635/32 587/1636/32
f 587/1636/32 630/1635/32 658/1637/32
f 570/1638/32 632/1639/32 571/1640/32
f 571/1640/32 632/1639/32 659/1641/32
f 562/1642/32 634/1643/32 563/1644/32
f 563/1644/32 634/1643/32 660/1645/32
f 511/1646/89 661/1647/89 513/1648/89
f 513/1648/89 661/1647/89 662/1649/89
f 579/1650/89 663/1651/89 581/1652/89
f 581/1652/89 663/1651/89 664/1653/89
f 499/1654/90 637/1655/90 501/1656/90
f 501/1656/90 637/1655/90 665/1657/90
f 591/1658/91 643/1659/91 593/1660/91
f 593/1660/91 643/1659/91 666/1661/91
f 551/1662/90 623/1663/90 553/1664/90
f 553/1664/90 623/1663/90 667/1665/90
f 543/1666/91 621/1667/91 545/1668/91
f 545/1668/91 621/1667/91 668/1669/91
f 510/1670/92 669/1671/92 511/1646/92
f 511/1646/92 669/1671/92 661/1647/92
f 578/1672/92 670/1673/92 579/1650/92
f 579/1650/92 670/1673/92 663/1651/92
f 507/1674/93 639/1675/93 509/1676/93
f 509/1676/93 639/1675/93 671/1677/93
f 575/1678/93 641/1679/93 577/1680/93
f 577/1680/93 641/1679/93 672/1681/93
f 643/1682/37 642/1683/37 666/1684/37
f 666/1684/37 642/1683/37 673/1685/37
f 645/1686/37 616/1687/37 674/1688/37
f 674/1688/37 616/1687/37 617/1689/37
f 654/1690/38 614/1691/38 675/1692/38
f 675/1692/38 614/1691/38 615/1693/38
f 641/1694/38 640/1695/38 672/1696/38
f 672/1696/38 640/1695/38 676/1697/38
f 658/1698/38 630/1699/38 677/1700/38
f 677/1700/38 630/1699/38 631/1701/38
f 663/1702/38 670/1703/38 664/1704/38
f 664/1704/38 670/1703/38 678/1705/38
f 653/1690/38 612/1706/38 679/1707/38
f 679/1707/38 612/1706/38 613/1693/38
f 659/1708/38 632/1709/38 680/1710/38
f 680/1710/38 632/1709/38 633/1711/38
f 652/1690/38 610/1706/38 681/1707/38
f 681/1707/38 610/1706/38 611/1693/38
f 660/1708/38 634/1709/38 682/1710/38
f 682/1710/38 634/1709/38 635/1711/38
f 599/1712/38 598/1713/38 648/1714/38
f 648/1714/38 598/1713/38 683/1715/38
f 623/1716/40 622/1717/40 667/1718/40
f 667/1718/40 622/1717/40 684/1719/40
f 646/1720/40 602/1721/40 685/1722/40
f 685/1722/40 602/1721/40 603/1723/40
f 621/1724/37 620/1725/37 668/1726/37
f 668/1726/37 620/1725/37 686/1727/37
f 647/1728/37 600/1729/37 687/1730/37
f 687/1730/37 600/1729/37 601/1731/37
f 651/1690/38 608/1691/38 688/1692/38
f 688/1692/38 608/1691/38 609/1732/38
f 657/1698/38 628/1699/38 689/1700/38
f 689/1700/38 628/1699/38 629/1701/38
f 650/1690/38 606/1691/38 690/1692/38
f 690/1692/38 606/1691/38 607/1693/38
f 656/1708/38 626/1699/38 691/1700/38
f 691/1700/38 626/1699/38 627/1701/38
f 649/1690/38 604/1691/38 692/1692/38
f 692/1692/38 604/1691/38 605/1693/38
f 655/1708/38 624/1699/38 693/1700/38
f 693/1700/38 624/1699/38 625/1711/38
f 639/1733/38 638/1734/38 671/1735/38
f 671/1735/38 638/1734/38 694/1736/38
f 661/1737/38 669/1738/38 662/1739/38
f 662/1739/38 669/1738/38 695/1740/38
f 637/1741/40 636/1742/40 665/1743/40
f 665/1743/40 636/1742/40 696/1744/40
f 644/1745/40 618/1746/40 697/1747/40
f 697/1747/40 618/1746/40 619/1748/40
f 549/1749/94 687/1750/94 548/1751/94
f 548/1751/94 687/1750/94 601/1752/94
f 557/1753/95 685/1754/95 556/1755/95
f 556/1755/95 685/1754/95 603/1756/95
f 597/1757/94 674/1758/94 596/1759/94
f 596/1759/94 674/1758/94 617/1760/94
f 505/1761/95 697/1762/95 504/1763/95
f 504/1763/95 697/1762/95 619/1764/95
f 501/1765/96 665/1766/96 500/1767/96
f 500/1767/96 665/1766/96 696/1768/96
f 509/1769/96 671/1770/96 508/1771/96
f 508/1771/96 671/1770/96 694/1772/96
f 577/1773/96 672/1774/96 576/1775/96
f 576/1775/96 672/1774/96 676/1776/96
f 593/1777/96 666/1778/96 592/1779/96
f 592/1779/96 666/1778/96 673/1780/96
f 545/1781/96 668/1782/96 544/1783/96
f 544/1783/96 668/1782/96 686/1784/96
f 553/1785/96 667/1786/96 552/1787/96
f 552/1787/96 667/1786/96 684/1788/96
f 503/1789/97 644/1790/97 505/1761/97
f 505/1761/97 644/1790/97 697/1762/97
f 595/1791/98 645/1792/98 597/1757/98
f 597/1757/98 645/1792/98 674/1758/98
f 555/1793/97 646/1794/97 557/1753/97
f 557/1753/97 646/1794/97 685/1754/97
f 547/1795/98 647/1796/98 549/1749/98
f 549/1749/98 647/1796/98 687/1750/98
f 519/1797/52 655/1798/52 521/1799/52
f 521/1799/52 655/1798/52 693/1800/52
f 527/1801/52 656/1802/52 529/1803/52
f 529/1803/52 656/1802/52 691/1804/52
f 535/1805/52 657/1806/52 537/1807/52
f 537/1807/52 657/1806/52 689/1808/52
f 587/1809/52 658/1810/52 589/1811/52
f 589/1811/52 658/1810/52 677/1812/52
f 571/1813/52 659/1814/52 573/1815/52
f 573/1815/52 659/1814/52 680/1816/52
f 563/1817/52 660/1818/52 565/1819/52
f 565/1819/52 660/1818/52 682/1820/52
f 515/1821/46 649/1822/46 517/1823/46
f 517/1823/46 649/1822/46 692/1824/46
f 523/1825/46 650/1826/46 525/1827/46
f 525/1827/46 650/1826/46 690/1828/46
f 531/1829/46 651/1830/46 533/1831/46
f 533/1831/46 651/1830/46 688/1832/46
f 559/1833/46 652/1834/46 561/1835/46
f 561/1835/46 652/1834/46 681/1836/46
f 567/1837/46 653/1838/46 569/1839/46
f 569/1839/46 653/1838/46 679/1840/46
f 583/1841/46 654/1842/46 585/1843/46
f 585/1843/46 654/1842/46 675/1844/46
f 541/1845/54 648/1846/54 540/1847/54
f 540/1847/54 648/1846/54 683/1848/54
f 638/1849/99 506/1850/99 694/1851/99
f 694/1851/99 506/1850/99 508/1852/99
f 640/1853/99 574/1854/99 676/1855/99
f 676/1855/99 574/1854/99 576/1856/99
f 620/1857/100 542/1858/100 686/1859/100
f 686/1859/100 542/1858/100 544/1860/100
f 622/1861/101 550/1862/101 684/1863/101
f 684/1863/101 550/1862/101 552/1864/101
f 513/1865/102 662/1866/102 512/1867/102
f 512/1867/102 662/1866/102 695/1868/102
f 581/1869/102 664/1870/102 580/1871/102
f 580/1871/102 664/1870/102 678/1872/102
f 642/1873/100 590/1874/100 673/1875/100
f 673/1875/100 590/1874/100 592/1876/100
f 636/1877/101 498/1878/101 696/1879/101
f 696/1879/101 498/1878/101 500/1880/101
f 669/1881/103 510/1882/103 695/1868/103
f 695/1868/103 510/1882/103 512/1867/103
f 670/1883/103 578/1884/103 678/1872/103
f 678/1872/103 578/1884/103 580/1871/103
f 521/1885/64 693/1886/64 520/1887/64
f 520/1887/64 693/1886/64 625/1888/64
f 529/1889/64 691/1890/64 528/1891/64
f 528/1891/64 691/1890/64 627/1892/64
f 537/1893/64 689/1894/64 536/1895/64
f 536/1895/64 689/1894/64 629/1896/64
f 589/1897/64 677/1898/64 588/1899/64
f 588/1899/64 677/1898/64 631/1900/64
f 573/1901/64 680/1902/64 572/1903/64
f 572/1903/64 680/1902/64 633/1904/64
f 565/1905/64 682/1906/64 564/1907/64
f 564/1907/64 682/1906/64 635/1908/64
f 517/1909/68 692/1910/68 516/1911/68
f 516/1911/68 692/1910/68 605/1912/68
f 525/1913/68 690/1914/68 524/1915/68
f 524/1915/68 690/1914/68 607/1916/68
f 533/1917/68 688/1918/68 532/1919/68
f 532/1919/68 688/1918/68 609/1920/68
f 561/1921/68 681/1922/68 560/1923/68
f 560/1923/68 681/1922/68 611/1924/68
f 569/1925/68 679/1926/68 568/1927/68
f 568/1927/68 679/1926/68 613/1928/68
f 585/1929/68 675/1930/68 584/1931/68
f 584/1931/68 675/1930/68 615/1932/68
f 598/1933/67 538/1934/67 683/1935/67
f 683/1935/67 538/1934/67 540/1936/67
usemtl c_ff5959
f 698/1937/2 699/1938/2 700/1939/2
f 701/1940/2 702/1941/2 703/1942/2
f 704/1943/2 702/1941/2 701/1940/2
f 705/1944/2 706/1945/2 707/1946/2
f 705/1947/104 708/1948/104 706/1949/104
f 708/1948/104 709/1950/104 706/1949/104
f 698/1951/104 710/1952/104 699/1953/104
f 710/1952/104 711/1954/104 699/1953/104
f 702/1955/10 712/1956/10 713/1957/10
f 704/1958/10 712/1956/10 702/1955/10
f 703/1959/22 713/1960/22 714/1961/22
f 702/1962/22 713/1960/22 703/1959/22
f 711/1963/105 715/1964/105 700/1965/105
f 699/1966/105 711/1963/105 700/1965/105
f 709/1967/105 716/1968/105 707/1969/105
f 706/1970/105 709/1967/105 707/1969/105
f 708/1971/38 716/1972/38 709/1973/38
f 714/1974/38 712/1975/38 717/1976/38
f 713/1977/38 712/1975/38 714/1974/38
f 710/1978/38 715/1979/38 711/1980/38
f 700/1981/106 715/1982/106 698/1983/106
f 715/1982/106 710/1984/106 698/1983/106
f 707/1985/106 716/1986/106 705/1987/106
f 716/1986/106 708/1988/106 705/1987/106
f 701/1989/42 714/1990/42 717/1991/42
f 703/1992/42 714/1990/42 701/1989/42
f 712/1993/65 704/1994/65 717/1995/65
f 717/1995/65 704/1994/65 701/1996/65
