# Roblox asset pack: rex_e1 (creatures), from the Studio model "Rex_E1". Exported with Export Selection, split by tools/build_creatures.py: one object per rigid body. Units: studs. +Y up, front faces -Z, pivot (bottom centre) at the origin.
mtllib rex_e1.mtl

v -1.43900 3.58990 -5.32000
v -1.43900 4.44990 -5.09000
v -1.43900 3.46990 -4.87000
v -1.43900 4.32990 -4.64000
v -2.40800 4.44990 -5.09000
v -2.40800 3.58990 -5.32000
v -2.40800 4.32990 -4.64000
v -2.40800 3.46990 -4.87000
v -1.66200 4.11990 -4.70000
v -1.66200 4.43990 -4.61000
v -1.66200 3.86990 -3.75000
v -1.66200 4.18990 -3.66000
v -2.27500 4.43990 -4.61000
v -2.27500 4.11990 -4.70000
v -2.27500 4.18990 -3.66000
v -2.27500 3.86990 -3.75000
v -1.46800 5.32990 -4.31000
v -1.46800 5.69990 -3.29000
v -1.46800 3.89990 -3.79000
v -1.46800 4.26990 -2.77000
v -2.52000 5.69990 -3.29000
v -2.52000 5.32990 -4.31000
v -2.52000 4.26990 -2.77000
v -2.52000 3.89990 -3.79000
v -2.19400 3.07990 -5.02000
v -2.19400 3.47990 -4.91000
v -2.03900 3.51990 -5.06000
v -2.19400 3.55990 -5.21000
v -2.34800 3.51990 -5.06000
v -1.65300 3.07990 -5.02000
v -1.65300 3.47990 -4.91000
v -1.49800 3.51990 -5.06000
v -1.65300 3.55990 -5.21000
v -1.80800 3.51990 -5.06000
v -1.52900 3.76990 -5.46000
v -1.52900 4.36990 -5.30000
v -1.52900 3.70990 -5.23000
v -1.52900 4.30990 -5.07000
v -2.31700 4.36990 -5.30000
v -2.31700 3.76990 -5.46000
v -2.31700 4.30990 -5.07000
v -2.31700 3.70990 -5.23000
v 2.38200 3.80990 -5.45000
v 2.38200 4.36990 -5.30000
v 2.38200 3.75990 -5.26000
v 2.38200 4.31990 -5.11000
v 1.59500 4.36990 -5.30000
v 1.59500 3.80990 -5.45000
v 1.59500 4.31990 -5.11000
v 1.59500 3.75990 -5.26000
v 2.25900 3.07990 -5.02000
v 2.25900 3.47990 -4.91000
v 2.41400 3.51990 -5.06000
v 2.25900 3.55990 -5.21000
v 2.10400 3.51990 -5.06000
v 1.71800 3.07990 -5.02000
v 1.71800 3.47990 -4.91000
v 1.87300 3.51990 -5.06000
v 1.71800 3.55990 -5.21000
v 1.56400 3.51990 -5.06000
v 2.34000 4.11990 -4.70000
v 2.34000 4.43990 -4.61000
v 2.34000 3.86990 -3.75000
v 2.34000 4.18990 -3.66000
v 1.72700 4.43990 -4.61000
v 1.72700 4.11990 -4.70000
v 1.72700 4.18990 -3.66000
v 1.72700 3.86990 -3.75000
v 2.47300 3.58990 -5.32000
v 2.47300 4.44990 -5.09000
v 2.47300 3.46990 -4.87000
v 2.47300 4.32990 -4.64000
v 1.50400 4.44990 -5.09000
v 1.50400 3.58990 -5.32000
v 1.50400 4.32990 -4.64000
v 1.50400 3.46990 -4.87000
v 2.44400 5.32990 -4.31000
v 2.44400 5.69990 -3.29000
v 2.44400 3.89990 -3.79000
v 2.44400 4.26990 -2.77000
v 1.39200 5.69990 -3.29000
v 1.39200 5.32990 -4.31000
v 1.39200 4.26990 -2.77000
v 1.39200 3.89990 -3.79000
v -1.42300 0.77990 -3.25000
v -1.42300 0.77990 -1.14000
v -1.42300 0.11990 -3.25000
v -1.42300 0.11990 -1.14000
v -3.70600 0.77990 -1.14000
v -3.70600 0.77990 -3.25000
v -3.70600 0.11990 -1.14000
v -3.70600 0.11990 -3.25000
v -1.98100 1.74990 -2.90000
v -1.98100 2.44990 -1.90000
v -1.98100 -0.00010 -1.67000
v -1.98100 0.69990 -0.67000
v -3.14700 2.44990 -1.90000
v -3.14700 1.74990 -2.90000
v -3.14700 0.69990 -0.67000
v -3.14700 -0.00010 -1.67000
v -1.75800 3.80990 -2.92000
v -1.75800 3.23990 0.25000
v -1.75800 1.91990 -3.26000
v -1.75800 1.35990 -0.08000
v -3.37000 3.23990 0.25000
v -3.37000 3.80990 -2.92000
v -3.37000 1.35990 -0.08000
v -3.37000 1.91990 -3.26000
v -1.37700 0.82990 -2.98000
v -1.37700 0.82990 -2.50000
v -1.37700 0.11990 -2.98000
v -1.37700 0.11990 -2.50000
v -3.75100 0.82990 -2.50000
v -3.75100 0.82990 -2.98000
v -3.75100 0.11990 -2.50000
v -3.75100 0.11990 -2.98000
v -2.10600 2.41990 -0.67000
v -2.10600 3.34990 -0.07000
v -2.10600 2.33990 -0.25000
v -2.10600 3.42990 -0.49000
v -2.38000 3.44990 -0.65000
v -2.38000 2.82990 -1.20000
v -2.38000 3.52990 -1.07000
v -2.38000 2.75990 -0.77000
v -3.37000 3.29990 -2.18000
v -3.37000 2.60990 -2.67000
v -3.37000 3.05990 -2.84000
v -3.37000 2.84990 -2.01000
v -3.37000 1.99990 -1.48000
v -3.37000 1.88990 -1.77000
v -3.37000 2.44990 -1.64000
v -3.37000 2.34990 -1.94000
v -3.41500 3.44990 -0.65000
v -3.41500 3.52990 -1.07000
v -3.41400 3.34990 -0.07000
v -3.41400 3.42990 -0.49000
v -3.45200 3.29990 -2.18000
v -3.45200 3.05990 -2.84000
v -3.45200 2.34990 -1.94000
v -3.45200 2.44990 -1.64000
v -3.41400 2.33990 -0.25000
v -3.41500 2.75990 -0.77000
v -3.45200 1.99990 -1.48000
v -3.45200 2.84990 -2.01000
v -3.45200 2.60990 -2.67000
v -3.45200 1.88990 -1.77000
v -3.41500 2.82990 -1.20000
v -3.41400 2.41990 -0.67000
v -2.20500 0.58990 -1.14000
v -2.20500 0.58990 -0.15000
v -2.20500 0.11990 -1.14000
v -2.20500 0.11990 -0.15000
v -2.92300 0.58990 -0.15000
v -2.92300 0.58990 -1.14000
v -2.92300 0.11990 -0.15000
v -2.92300 0.11990 -1.14000
v -1.77800 -0.00010 -3.23000
v -1.77800 -0.00010 -4.15000
v -1.44100 0.33990 -3.23000
v -1.77800 0.67990 -3.23000
v -3.23800 -0.00010 -4.15000
v -2.90200 0.33990 -3.23000
v -3.23800 -0.00010 -3.23000
v -3.23800 0.67990 -3.23000
v -2.50800 1.07990 -3.23000
v -1.99100 0.55990 -3.23000
v -2.50800 0.04990 -4.63000
v -2.11400 0.33990 -3.23000
v -3.57600 0.33990 -3.23000
v -2.50800 0.04990 -3.23000
v -3.02500 0.55990 -3.23000
v 3.70600 0.77990 -3.25000
v 3.70600 0.77990 -1.14000
v 3.70600 0.11990 -3.25000
v 3.70600 0.11990 -1.14000
v 1.42300 0.77990 -1.14000
v 1.42300 0.77990 -3.25000
v 1.42300 0.11990 -1.14000
v 1.42300 0.11990 -3.25000
v 3.14700 1.74990 -2.90000
v 3.14700 2.44990 -1.90000
v 3.14700 -0.00010 -1.67000
v 3.14700 0.69990 -0.67000
v 1.98100 2.44990 -1.90000
v 1.98100 1.74990 -2.90000
v 1.98100 0.69990 -0.67000
v 1.98100 -0.00010 -1.67000
v 3.37000 3.80990 -2.92000
v 3.37000 3.23990 0.25000
v 3.37000 1.91990 -3.26000
v 3.37000 1.35990 -0.08000
v 1.75800 3.23990 0.25000
v 1.75800 3.80990 -2.92000
v 1.75800 1.35990 -0.08000
v 1.75800 1.91990 -3.26000
v 3.42900 1.99990 -1.48000
v 3.42900 1.88990 -1.77000
v 3.42900 2.44990 -1.64000
v 3.42900 2.34990 -1.94000
v 3.42900 2.84990 -2.01000
v 3.42900 2.60990 -2.67000
v 3.42900 3.29990 -2.18000
v 3.42900 3.05990 -2.84000
v 3.42900 2.82990 -1.20000
v 3.42900 3.44990 -0.65000
v 3.42900 2.75990 -0.77000
v 3.42900 3.52990 -1.07000
v 3.42900 3.34990 -0.07000
v 3.42900 2.41990 -0.67000
v 3.42900 3.42990 -0.49000
v 3.42900 2.33990 -0.25000
v 2.39400 3.52990 -1.07000
v 2.39400 3.44990 -0.65000
v 2.12200 3.42990 -0.49000
v 2.12200 3.34990 -0.07000
v 3.34600 3.29990 -2.18000
v 3.34600 3.05990 -2.84000
v 3.34600 2.34990 -1.94000
v 3.34600 2.44990 -1.64000
v 2.12200 2.33990 -0.25000
v 2.39400 2.75990 -0.77000
v 3.34600 1.99990 -1.48000
v 3.34600 2.84990 -2.01000
v 2.12200 2.41990 -0.67000
v 2.39400 2.82990 -1.20000
v 3.34600 1.88990 -1.77000
v 3.34600 2.60990 -2.67000
v 3.75100 0.82990 -2.98000
v 3.75100 0.82990 -2.50000
v 3.75100 0.11990 -2.98000
v 3.75100 0.11990 -2.50000
v 1.37700 0.82990 -2.50000
v 1.37700 0.82990 -2.98000
v 1.37700 0.11990 -2.50000
v 1.37700 0.11990 -2.98000
v 3.35100 -0.00010 -3.23000
v 3.35100 -0.00010 -4.15000
v 3.68800 0.33990 -3.23000
v 3.35100 0.67990 -3.23000
v 2.62000 1.07990 -3.23000
v 3.13700 0.55990 -3.23000
v 2.62000 0.04990 -4.63000
v 2.62000 0.04990 -3.23000
v 1.89000 0.67990 -3.23000
v 2.22700 0.33990 -3.23000
v 1.89000 -0.00010 -4.15000
v 3.01400 0.33990 -3.23000
v 1.89000 -0.00010 -3.23000
v 1.55300 0.33990 -3.23000
v 2.10400 0.55990 -3.23000
v 2.92300 0.58990 -1.14000
v 2.92300 0.58990 -0.15000
v 2.92300 0.11990 -1.14000
v 2.92300 0.11990 -0.15000
v 2.20500 0.58990 -0.15000
v 2.20500 0.58990 -1.14000
v 2.20500 0.11990 -0.15000
v 2.20500 0.11990 -1.14000
v 1.43000 4.10990 1.56000
v 1.43000 3.96990 2.09000
v 1.43000 2.57990 1.15000
v 1.43000 2.43990 1.68000
v -1.41200 3.96990 2.09000
v -1.41200 4.10990 1.56000
v -1.41200 2.43990 1.68000
v -1.41200 2.57990 1.15000
v 1.31800 4.27990 0.35000
v 1.31800 3.57990 2.96000
v 1.31800 1.42990 -0.41000
v 1.31800 0.72990 2.20000
v -1.30100 3.57990 2.96000
v -1.30100 4.27990 0.35000
v -1.30100 0.72990 2.20000
v -1.30100 1.42990 -0.41000
v 1.31800 4.61990 -4.16000
v 1.31800 3.93990 -0.25000
v 1.31800 1.92990 -4.64000
v 1.31800 1.23990 -0.73000
v -1.30100 3.93990 -0.25000
v -1.30100 4.61990 -4.16000
v -1.30100 1.23990 -0.73000
v -1.30100 1.92990 -4.64000
v 1.98900 4.28990 -1.34000
v 1.98900 5.30990 -0.38000
v 1.98900 4.15990 -0.58000
v 1.98900 5.43990 -1.13000
v 1.80400 3.61990 -0.44000
v 1.80400 3.76990 -0.64000
v 1.80400 3.79990 -0.31000
v 1.80400 3.94990 -0.51000
v 1.80400 4.72990 -1.72000
v 1.80400 4.26990 -1.96000
v 1.80400 4.59990 -2.08000
v 1.80400 4.39990 -1.60000
v 1.62600 5.43990 -1.13000
v 1.62600 5.75990 -1.08000
v 1.62600 5.30990 -0.38000
v 1.62600 5.61990 -0.32000
v -1.60800 5.61990 -0.32000
v -1.60800 5.75990 -1.08000
v -1.97100 5.30990 -0.38000
v -1.60800 5.30990 -0.38000
v -1.60800 5.43990 -1.13000
v -1.97100 5.43990 -1.13000
v -1.78600 4.72990 -1.72000
v -1.78600 4.59990 -2.08000
v -1.78600 3.79990 -0.31000
v -1.78600 3.94990 -0.51000
v -1.78600 3.61990 -0.44000
v 1.62600 4.46990 -0.52000
v -1.60800 4.46990 -0.52000
v -1.97100 4.15990 -0.58000
v -1.78600 4.39990 -1.60000
v -1.97100 4.28990 -1.34000
v -1.78600 3.76990 -0.64000
v -1.78600 4.26990 -1.96000
v 1.23300 5.37990 -2.23000
v 1.23300 4.72990 -4.64000
v 1.23300 5.94990 -2.39000
v 1.23300 5.30990 -4.79000
v 1.23300 6.11990 -2.43000
v 1.23300 5.47990 -4.84000
v 1.23300 6.47990 -2.53000
v 1.23300 5.83990 -4.93000
v -1.21400 5.83990 -4.93000
v -1.21400 6.47990 -2.53000
v -1.21400 5.30990 -4.79000
v -1.21400 5.94990 -2.39000
v -1.21400 5.37990 -2.23000
v -1.21400 6.11990 -2.43000
v -1.21400 4.72990 -4.64000
v -1.21400 5.47990 -4.84000
v 1.49300 5.95990 -2.85000
v 1.49300 5.30990 0.81000
v 1.49300 5.59990 -2.91000
v 1.49300 4.95990 0.74000
v -1.46300 5.30990 0.81000
v -1.46300 5.95990 -2.85000
v -1.46300 4.95990 0.74000
v -1.46300 5.59990 -2.91000
v 1.18700 5.93990 -4.91000
v 1.18700 6.55990 -2.60000
v 1.18700 4.65990 -4.57000
v 1.18700 5.27990 -2.25000
v -1.16900 6.55990 -2.60000
v -1.16900 5.93990 -4.91000
v -1.16900 5.27990 -2.25000
v -1.16900 4.65990 -4.57000
v 1.76500 5.78990 -3.71000
v 1.76500 4.96990 0.93000
v 1.76500 2.02990 -4.37000
v 1.76500 1.20990 0.27000
v -1.74800 4.96990 0.93000
v -1.74800 5.78990 -3.71000
v -1.74800 1.20990 0.27000
v -1.74800 2.02990 -4.37000
v -0.49000 5.56990 -0.91000
v -0.49000 5.79990 0.85000
v -0.49000 5.27990 0.76000
v 0.43100 5.56990 -0.91000
v 0.43100 5.27990 0.76000
v 0.43100 5.79990 0.85000
v -0.45000 5.85990 -2.52000
v -0.45000 6.17990 -1.29000
v -0.45000 5.65990 -1.39000
v 0.39100 5.85990 -2.52000
v 0.39100 5.65990 -1.39000
v 0.39100 6.17990 -1.29000
v -0.49000 5.74990 -1.89000
v -0.49000 5.99990 -0.27000
v -0.49000 5.47990 -0.36000
v 0.43100 5.74990 -1.89000
v 0.43100 5.47990 -0.36000
v 0.43100 5.99990 -0.27000
v 0.98300 3.19990 3.38000
v 0.98300 3.10990 3.92000
v 0.98300 2.08990 3.19000
v 0.98300 1.99990 3.72000
v -0.96500 3.10990 3.92000
v -0.96500 3.19990 3.38000
v -0.96500 1.99990 3.72000
v -0.96500 2.08990 3.19000
v 0.90900 3.23990 2.18000
v 0.90900 2.76990 4.84000
v 0.90900 1.14990 1.81000
v 0.90900 0.67990 4.48000
v -0.89200 2.76990 4.84000
v -0.89200 3.23990 2.18000
v -0.89200 0.67990 4.48000
v -0.89200 1.14990 1.81000
v -0.87100 6.28990 -5.82000
v -0.87100 7.61990 -5.07000
v -0.87100 6.93990 -4.68000
v -0.69700 6.28990 -5.82000
v -0.69700 6.93990 -4.68000
v -0.69700 7.61990 -5.07000
v 0.67000 6.28990 -5.82000
v 0.67000 7.61990 -5.07000
v 0.67000 6.93990 -4.68000
v 0.84400 6.28990 -5.82000
v 0.84400 6.93990 -4.68000
v 0.84400 7.61990 -5.07000
v 0.59500 6.63990 -5.12000
v 0.79400 6.52990 -5.29000
v 0.59500 7.10990 -5.45000
v 0.61600 6.27990 -5.65000
v 0.85600 6.13990 -5.84000
v 0.61600 6.82990 -6.04000
v -0.60400 6.63990 -5.12000
v -0.40400 6.52990 -5.29000
v -0.60400 7.10990 -5.45000
v -0.62600 6.27990 -5.65000
v -0.38600 6.13990 -5.84000
v -0.62600 6.82990 -6.04000
v -0.80300 6.52990 -5.29000
v -0.86500 6.13990 -5.84000
v 0.39500 6.52990 -5.29000
v 0.37700 6.13990 -5.84000
v -0.60400 6.40990 -5.45000
v -0.62600 5.99990 -6.04000
v 0.59500 6.40990 -5.45000
v 0.61600 5.99990 -6.04000
v 0.43100 6.62990 -6.28000
v 0.43100 6.55990 -5.91000
v 0.43100 6.40990 -6.32000
v 0.43100 6.33990 -5.95000
v -0.44400 6.55990 -5.91000
v -0.44400 6.62990 -6.28000
v -0.44400 6.33990 -5.95000
v -0.44400 6.40990 -6.32000
v 0.43100 6.53990 -6.06000
v 0.43100 7.11990 -5.05000
v 0.43100 6.92990 -4.93000
v -0.44400 7.11990 -5.05000
v -0.44400 6.53990 -6.06000
v -0.44400 6.92990 -4.93000
v 0.89000 6.14990 -6.11000
v 0.89000 7.08990 -4.47000
v 0.89000 5.72990 -5.87000
v 0.89000 6.67990 -4.23000
v -0.90300 7.08990 -4.47000
v -0.90300 6.14990 -6.11000
v -0.90300 6.67990 -4.23000
v -0.90300 5.72990 -5.87000
v 0.70700 5.61990 -6.07000
v 0.70700 6.15990 -6.08000
v 0.70700 5.74990 -5.84000
v 0.70700 6.02990 -6.31000
v 0.48000 5.47990 -6.30000
v 0.48000 6.02990 -6.31000
v 0.48000 5.60990 -6.07000
v 0.48000 5.89990 -6.54000
v -0.45000 5.89990 -6.54000
v -0.45000 6.02990 -6.31000
v -0.72300 6.02990 -6.31000
v -0.72300 6.15990 -6.08000
v -0.72300 5.74990 -5.84000
v -0.45000 5.60990 -6.07000
v -0.72300 5.61990 -6.07000
v -0.45000 5.47990 -6.30000
v 0.66500 6.79990 -6.36000
v 0.66500 7.32990 -6.74000
v 0.85400 7.32990 -6.55000
v 0.44200 7.06990 -5.39000
v 0.55300 7.37990 -5.51000
v 0.44200 7.37990 -5.39000
v 0.57700 6.93990 -5.83000
v 0.73200 7.37990 -5.99000
v 0.57700 7.37990 -5.83000
v 0.57700 7.37990 -6.14000
v 0.66500 7.32990 -6.36000
v -0.67500 6.79990 -6.36000
v -0.67500 7.32990 -6.74000
v -0.48600 7.32990 -6.55000
v 0.44200 7.37990 -5.62000
v -0.58700 6.93990 -5.83000
v -0.58700 7.37990 -6.14000
v -0.43100 7.37990 -5.99000
v -0.67500 7.32990 -6.36000
v -0.74300 7.37990 -5.99000
v -0.58700 7.37990 -5.83000
v -0.34000 7.37990 -5.51000
v -0.45200 7.37990 -5.62000
v -0.45200 7.37990 -5.39000
v -0.56400 7.37990 -5.51000
v 0.33000 7.37990 -5.51000
v 0.42100 7.37990 -5.99000
v -0.86500 7.32990 -6.55000
v 0.47500 7.32990 -6.55000
v -0.45200 7.06990 -5.39000
v 0.65500 8.43990 -6.43000
v 0.65500 8.43990 -5.10000
v 0.65500 8.23990 -6.43000
v 0.65500 8.23990 -5.10000
v -0.66900 8.43990 -5.10000
v -0.66900 8.43990 -6.43000
v -0.66900 8.23990 -5.10000
v -0.66900 8.23990 -6.43000
v 0.95200 8.23990 -6.75000
v 0.95200 8.23990 -5.05000
v 0.95200 7.33990 -6.75000
v 0.95200 7.33990 -5.05000
v -0.96500 8.23990 -5.05000
v -0.96500 8.23990 -6.75000
v -0.96500 7.33990 -5.05000
v -0.96500 7.33990 -6.75000
v -0.49000 8.38990 -6.40000
v -0.49000 8.80990 -5.10000
v -0.49000 8.38990 -5.10000
v 0.47700 8.38990 -6.40000
v 0.47700 8.38990 -5.10000
v 0.47700 8.80990 -5.10000
v 0.77000 8.14990 -7.03000
v 0.77000 8.14990 -6.59000
v 0.77000 7.43990 -7.03000
v 0.77000 7.43990 -6.59000
v -0.73800 8.14990 -6.59000
v -0.73800 8.14990 -7.03000
v -0.73800 7.43990 -6.59000
v -0.73800 7.43990 -7.03000
v 1.07300 8.85990 -2.99000
v 1.07300 8.89990 -2.48000
v 1.07300 7.10990 -2.84000
v 1.07300 7.15990 -2.32000
v -1.09900 8.89990 -2.48000
v -1.09900 8.85990 -2.99000
v -1.09900 7.15990 -2.32000
v -1.09900 7.10990 -2.84000
v 1.08100 6.44990 -4.94000
v 1.08100 6.84990 -2.69000
v 1.08100 5.67990 -4.81000
v 1.08100 6.07990 -2.55000
v -1.10800 6.84990 -2.69000
v -1.10800 6.44990 -4.94000
v -1.10800 6.07990 -2.55000
v -1.10800 5.67990 -4.81000
v 1.11800 7.08990 -4.93000
v 1.11800 7.27990 -2.79000
v 1.11800 6.20990 -4.86000
v 1.11800 6.38990 -2.71000
v -1.14500 7.27990 -2.79000
v -1.14500 7.08990 -4.93000
v -1.14500 6.38990 -2.71000
v -1.14500 6.20990 -4.86000
v 1.23700 8.84990 -5.24000
v 1.23700 8.84990 -2.67000
v 1.23700 7.01990 -5.24000
v 1.23700 7.01990 -2.67000
v -1.24000 8.84990 -2.67000
v -1.24000 8.84990 -5.24000
v -1.24000 7.01990 -2.67000
v -1.24000 7.01990 -5.24000
v 0.13500 8.28990 -6.80000
v 0.13500 8.28990 -6.32000
v 0.13500 8.11990 -6.80000
v 0.13500 8.11990 -6.32000
v -0.19400 8.28990 -6.32000
v -0.19400 8.28990 -6.80000
v -0.19400 8.11990 -6.32000
v -0.19400 8.11990 -6.80000
v 0.29500 8.83990 -2.71000
v 0.29500 8.83990 -3.99000
v 0.29500 9.36990 -2.71000
v 0.29500 9.01990 -3.75000
v 0.29500 9.01990 -4.43000
v 0.29500 9.04990 -4.43000
v 0.29500 9.32990 -3.75000
v 0.29500 9.01990 -5.06000
v 0.29500 9.22990 -4.43000
v 0.29500 9.02990 -5.06000
v 0.29500 8.52990 -5.06000
v 0.29500 9.01990 -5.08000
v 0.29500 8.52990 -5.99000
v 0.29500 9.04990 -5.06000
v 0.29200 9.01990 -5.06000
v 0.29200 9.01990 -4.43000
v 0.29200 8.84990 -5.06000
v 0.29200 8.84990 -3.98000
v 0.29200 8.94990 -3.74000
v 0.29200 9.01990 -3.75000
v 0.29200 9.04990 -3.74000
v 0.29200 9.04990 -3.75000
v 0.29200 9.04990 -5.06000
v 0.29200 9.04990 -5.01000
v 0.29200 9.02990 -5.06000
v 0.13500 8.44990 -6.25000
v 0.13500 8.44990 -6.28000
v 0.13500 8.44990 -6.48000
v 0.13500 8.27990 -6.48000
v 0.13500 8.27990 -6.24000
v 0.13500 8.52990 -5.95000
v 0.13500 8.28990 -6.19000
v 0.13500 8.36990 -5.91000
v 0.13500 8.27990 -6.19000
v 0.13500 8.27990 -6.23000
v 0.13500 8.52990 -5.98000
v -0.30800 8.52990 -5.99000
v -0.30800 9.04990 -5.06000
v -0.30600 9.04990 -3.75000
v -0.30600 9.04990 -3.74000
v -0.30600 9.04990 -5.01000
v -0.30600 9.04990 -5.06000
v -0.30800 9.22990 -4.43000
v -0.30600 9.02990 -5.06000
v -0.30800 9.02990 -5.06000
v -0.30800 9.32990 -3.75000
v -0.30800 9.04990 -4.43000
v -0.19400 8.44990 -6.25000
v -0.19400 8.52990 -5.98000
v -0.19400 8.44990 -6.48000
v -0.30600 8.84990 -3.98000
v -0.30800 8.83990 -3.99000
v -0.30800 9.36990 -2.71000
v -0.30600 8.94990 -3.74000
v -0.30800 8.83990 -2.71000
v -0.30800 9.01990 -3.75000
v -0.30600 9.01990 -3.75000
v -0.30600 8.84990 -5.06000
v -0.30800 8.52990 -5.06000
v -0.30800 9.01990 -5.06000
v -0.30600 9.01990 -5.06000
v -0.19400 8.52990 -5.95000
v -0.19400 8.36990 -5.91000
v -0.19400 8.27990 -6.19000
v -0.19400 8.28990 -6.19000
v -0.30800 9.01990 -4.43000
v -0.30800 9.01990 -5.08000
v -0.30600 9.01990 -4.43000
v -0.19400 8.27990 -6.24000
v -0.19400 8.44990 -6.28000
v -0.19400 8.27990 -6.48000
v -0.19400 8.27990 -6.23000
v 0.13500 8.19990 -7.07000
v 0.13500 8.19990 -6.59000
v 0.13500 7.65990 -7.07000
v 0.13500 7.65990 -6.59000
v -0.19400 8.19990 -6.59000
v -0.19400 8.19990 -7.07000
v -0.19400 7.65990 -6.59000
v -0.19400 7.65990 -7.07000
v 0.99700 8.26990 -6.65000
v 0.99700 8.29990 -6.49000
v 0.99700 7.43990 -6.50000
v 0.99700 7.46990 -6.34000
v -1.01100 8.29990 -6.49000
v -1.01100 8.26990 -6.65000
v -1.01100 7.46990 -6.34000
v -1.01100 7.43990 -6.50000
v 1.16300 7.06990 -5.06000
v 1.16300 7.37990 -3.30000
v 1.16300 6.22990 -4.91000
v 1.16300 6.53990 -3.15000
v -1.16900 7.37990 -3.30000
v -1.16900 7.06990 -5.06000
v -1.16900 6.53990 -3.15000
v -1.16900 6.22990 -4.91000
v 1.20600 7.65990 -5.08000
v 1.64300 7.65990 -4.06000
v 1.20600 7.65990 -4.06000
v 1.20600 7.45990 -5.08000
v 1.20600 7.45990 -4.06000
v 1.64300 7.45990 -4.06000
v -1.21600 7.45990 -5.08000
v -1.65300 7.45990 -4.06000
v -1.21600 7.45990 -4.06000
v -1.21600 7.65990 -5.08000
v -1.21600 7.65990 -4.06000
v -1.65300 7.65990 -4.06000
v 0.60200 8.02990 -7.07000
v 0.60200 8.02990 -6.98000
v 0.46000 7.71990 -7.07000
v 0.46000 7.71990 -6.98000
v 0.43500 8.10990 -6.98000
v 0.43500 8.10990 -7.07000
v 0.29200 7.79990 -6.98000
v 0.29200 7.79990 -7.07000
v -0.48300 8.10990 -7.07000
v -0.48300 8.10990 -6.98000
v -0.34000 7.79990 -7.07000
v -0.34000 7.79990 -6.98000
v -0.65000 8.02990 -6.98000
v -0.65000 8.02990 -7.07000
v -0.50800 7.71990 -6.98000
v -0.50800 7.71990 -7.07000
v 0.64700 7.41990 -5.17000
v 0.64700 7.41990 -5.10000
v 0.64700 6.76990 -5.17000
v 0.64700 6.76990 -5.10000
v -0.66000 7.41990 -5.10000
v -0.66000 7.41990 -5.17000
v -0.66000 6.76990 -5.10000
v -0.66000 6.76990 -5.17000
v 0.84000 3.76990 -4.28000
v 0.84000 2.74990 -4.86000
v 0.84000 2.67990 -4.47000
v -0.80800 3.76990 -4.28000
v -0.80800 2.67990 -4.47000
v -0.80800 2.74990 -4.86000
v 0.61300 4.61990 -4.13000
v 0.61300 3.59990 -4.71000
v 0.61300 3.52990 -4.32000
v -0.58100 4.61990 -4.13000
v -0.58100 3.52990 -4.32000
v -0.58100 3.59990 -4.71000
v 0.99700 8.26990 -6.33000
v 0.99700 8.29990 -6.17000
v 0.99700 7.43990 -6.18000
v 0.99700 7.46990 -6.03000
v -1.01100 8.29990 -6.17000
v -1.01100 8.26990 -6.33000
v -1.01100 7.46990 -6.03000
v -1.01100 7.43990 -6.18000
v 1.20600 7.70990 -4.58000
v 1.64300 7.70990 -3.29000
v 1.20600 7.70990 -3.29000
v 1.20600 7.32990 -4.58000
v 1.20600 7.32990 -3.29000
v 1.64300 7.32990 -3.29000
v -1.21600 7.32990 -4.58000
v -1.65300 7.32990 -3.29000
v -1.21600 7.32990 -3.29000
v -1.21600 7.70990 -4.58000
v -1.21600 7.70990 -3.29000
v -1.65300 7.70990 -3.29000
v 0.99700 8.26990 -5.97000
v 0.99700 8.29990 -5.81000
v 0.99700 7.43990 -5.82000
v 0.99700 7.46990 -5.66000
v -1.01100 8.29990 -5.81000
v -1.01100 8.26990 -5.97000
v -1.01100 7.46990 -5.66000
v -1.01100 7.43990 -5.82000
v 1.20600 7.70990 -3.97000
v 1.77900 7.83990 -2.45000
v 1.20600 7.83990 -2.45000
v 1.20600 7.05990 -3.91000
v 1.20600 7.18990 -2.39000
v 1.77900 7.18990 -2.39000
v -1.08000 7.05990 -3.91000
v -1.65200 7.18990 -2.39000
v -1.08000 7.18990 -2.39000
v -1.08000 7.70990 -3.97000
v -1.08000 7.83990 -2.45000
v -1.65200 7.83990 -2.45000
v 0.67600 8.77990 -4.95000
v 0.67600 9.45990 -4.35000
v 0.67600 9.04990 -4.20000
v 0.87400 8.77990 -4.95000
v 0.87400 9.04990 -4.20000
v 0.87400 9.45990 -4.35000
v -0.86600 8.77990 -4.95000
v -0.86600 9.45990 -4.35000
v -0.86600 9.04990 -4.20000
v -0.66900 8.77990 -4.95000
v -0.66900 9.04990 -4.20000
v -0.66900 9.45990 -4.35000
v 0.54000 8.77990 -4.95000
v 0.54000 9.74990 -3.69000
v 0.54000 9.29990 -3.52000
v 1.01000 8.77990 -4.95000
v 1.01000 9.29990 -3.52000
v 1.01000 9.74990 -3.69000
v -1.01100 8.77990 -4.95000
v -1.01100 9.74990 -3.69000
v -1.01100 9.29990 -3.52000
v -0.54100 8.77990 -4.95000
v -0.54100 9.29990 -3.52000
v -0.54100 9.74990 -3.69000
v 1.55500 9.13990 -4.46000
v 1.25300 8.40990 -5.40000
v 1.25300 8.74990 -5.52000
v 1.55500 8.79990 -4.34000
v 1.31600 8.05990 -3.20000
v 1.31600 8.93990 -2.89000
v 1.31600 8.05990 -2.89000
v 1.31600 8.93990 -3.20000
v 1.31600 8.93990 -3.39000
v 1.31600 8.41990 -3.83000
v 1.31600 8.93990 -3.83000
v 1.31600 8.41990 -3.39000
v 1.24200 8.26990 -3.73000
v 1.24200 8.02990 -3.79000
v 1.24200 8.21990 -3.86000
v 1.24200 8.07990 -3.66000
v 1.24200 8.32990 -4.28000
v 1.24200 8.47990 -4.04000
v 1.24200 8.28990 -4.07000
v 1.24200 8.51990 -4.25000
v 1.10100 8.86990 -4.78000
v 1.10100 9.29990 -4.06000
v 1.10100 8.81990 -4.06000
v 1.10100 8.81990 -4.76000
v -0.47600 8.81990 -4.06000
v -0.47600 8.81990 -4.85000
v -0.47600 9.29990 -4.06000
v -1.12700 8.81990 -4.59000
v -1.12700 8.94990 -4.64000
v -1.21200 9.16990 -4.38000
v -1.21200 8.82990 -4.26000
v -0.91000 8.77990 -5.44000
v -1.06200 8.81990 -4.85000
v -0.91000 8.43990 -5.32000
v 0.92600 8.77990 -5.44000
v 1.22900 9.16990 -4.38000
v -1.23600 8.74990 -5.52000
v -1.53800 9.13990 -4.46000
v -1.12700 9.29990 -4.06000
v 1.07800 8.81990 -4.85000
v 0.45000 8.81990 -4.85000
v 0.45000 9.29990 -4.06000
v -1.29800 8.93990 -2.89000
v -1.29800 8.93990 -3.20000
v -1.29800 8.93990 -3.83000
v -1.29800 8.93990 -3.39000
v -1.22600 8.47990 -4.04000
v -1.22600 8.51990 -4.25000
v -1.22600 8.26990 -3.73000
v -1.22600 8.21990 -3.86000
v -1.29800 8.05990 -2.89000
v -1.29800 8.41990 -3.39000
v 1.22900 8.82990 -4.26000
v -1.53800 8.79990 -4.34000
v -1.22600 8.07990 -3.66000
v -1.22600 8.28990 -4.07000
v -1.12700 8.81990 -4.06000
v 0.45000 8.81990 -4.06000
v -1.23600 8.40990 -5.40000
v -1.29800 8.05990 -3.20000
v -1.29800 8.41990 -3.83000
v -1.22600 8.02990 -3.79000
v -1.22600 8.32990 -4.28000
v 0.92600 8.43990 -5.32000
v -1.21900 8.35990 -4.78000
v -1.21900 8.39990 -4.56000
v -1.21900 8.27990 -4.77000
v -1.21900 8.31990 -4.55000
v -1.26700 8.39990 -4.56000
v -1.26700 8.35990 -4.78000
v -1.26700 8.31990 -4.55000
v -1.26700 8.27990 -4.77000
v -1.21900 8.57990 -4.98000
v -1.21900 8.67990 -4.45000
v -1.21900 8.37990 -4.95000
v -1.21900 8.47990 -4.41000
v -1.26700 8.67990 -4.45000
v -1.26700 8.57990 -4.98000
v -1.26700 8.47990 -4.41000
v -1.26700 8.37990 -4.95000
v -1.21900 8.39990 -4.87000
v -1.21900 8.46990 -4.49000
v -1.21900 8.31990 -4.86000
v -1.21900 8.38990 -4.48000
v -1.26700 8.46990 -4.49000
v -1.26700 8.39990 -4.87000
v -1.26700 8.38990 -4.48000
v -1.26700 8.31990 -4.86000
v 1.28300 8.42990 -4.90000
v 1.28300 8.49990 -4.48000
v 1.28300 8.32990 -4.88000
v 1.28300 8.39990 -4.47000
v 1.23400 8.49990 -4.48000
v 1.23400 8.42990 -4.90000
v 1.23400 8.39990 -4.47000
v 1.23400 8.32990 -4.88000
v 1.28300 8.35990 -4.81000
v 1.28300 8.40990 -4.55000
v 1.28300 8.25990 -4.79000
v 1.28300 8.30990 -4.53000
v 1.23400 8.40990 -4.55000
v 1.23400 8.35990 -4.81000
v 1.23400 8.30990 -4.53000
v 1.23400 8.25990 -4.79000
v 1.28300 8.57990 -4.97000
v 1.28300 8.66990 -4.43000
v 1.28300 8.39990 -4.94000
v 1.28300 8.48990 -4.40000
v 1.23400 8.66990 -4.43000
v 1.23400 8.57990 -4.97000
v 1.23400 8.48990 -4.40000
v 1.23400 8.39990 -4.94000
v -1.18800 8.33990 -4.82000
v -1.18800 8.39990 -4.52000
v -1.18800 8.20990 -4.80000
v -1.18800 8.25990 -4.50000
v -1.24500 8.39990 -4.52000
v -1.24500 8.33990 -4.82000
v -1.24500 8.25990 -4.50000
v -1.24500 8.20990 -4.80000
v -1.18800 8.37990 -4.91000
v -1.18800 8.46990 -4.41000
v -1.18800 8.24990 -4.89000
v -1.18800 8.32990 -4.39000
v -1.24500 8.46990 -4.41000
v -1.24500 8.37990 -4.91000
v -1.24500 8.32990 -4.39000
v -1.24500 8.24990 -4.89000
v -1.18800 8.56990 -5.03000
v -1.18800 8.68990 -4.38000
v -1.18800 8.29990 -4.98000
v -1.18800 8.40990 -4.33000
v -1.24500 8.68990 -4.38000
v -1.24500 8.56990 -5.03000
v -1.24500 8.40990 -4.33000
v -1.24500 8.29990 -4.98000
v 1.25500 8.60990 -4.88000
v 1.25500 8.66990 -4.55000
v 1.25500 8.15990 -4.80000
v 1.25500 8.21990 -4.47000
v 1.20300 8.66990 -4.55000
v 1.20300 8.60990 -4.88000
v 1.20300 8.21990 -4.47000
v 1.20300 8.15990 -4.80000
v 1.25500 8.58990 -4.98000
v 1.25500 8.68990 -4.45000
v 1.25500 8.22990 -4.92000
v 1.25500 8.31990 -4.38000
v 1.20300 8.68990 -4.45000
v 1.20300 8.58990 -4.98000
v 1.20300 8.31990 -4.38000
v 1.20300 8.22990 -4.92000
v 1.25500 8.57990 -5.04000
v 1.25500 8.69990 -4.39000
v 1.25500 8.28990 -4.99000
v 1.25500 8.40990 -4.34000
v 1.20300 8.69990 -4.39000
v 1.20300 8.57990 -5.04000
v 1.20300 8.40990 -4.34000
v 1.20300 8.28990 -4.99000
v -1.25000 8.56990 -4.84000
v -1.25000 8.58990 -4.71000
v -1.25000 8.43990 -4.82000
v -1.25000 8.45990 -4.69000
v -1.27600 8.58990 -4.71000
v -1.27600 8.56990 -4.84000
v -1.27600 8.45990 -4.69000
v -1.27600 8.43990 -4.82000
v 1.29200 8.60990 -4.84000
v 1.29200 8.63990 -4.71000
v 1.29200 8.48990 -4.82000
v 1.29200 8.50990 -4.69000
v 1.19800 8.63990 -4.71000
v 1.19800 8.60990 -4.84000
v 1.19800 8.50990 -4.69000
v 1.19800 8.48990 -4.82000
v 0.32500 1.96990 6.04000
v 0.32500 1.96990 7.07000
v 0.32500 1.12990 6.04000
v 0.32500 1.12990 7.07000
v -0.30800 1.96990 7.07000
v -0.30800 1.96990 6.04000
v -0.30800 1.12990 7.07000
v -0.30800 1.12990 6.04000
v 0.55900 2.28990 4.49000
v 0.55900 2.28990 6.08000
v 0.55900 0.98990 4.49000
v 0.55900 0.98990 6.08000
v -0.54200 2.28990 6.08000
v -0.54200 2.28990 4.49000
v -0.54200 0.98990 6.08000
v -0.54200 0.98990 4.49000
vt 6.86129 -4.75000
vt 6.75000 -4.75000
vt 6.86129 -4.80849
vt 6.75000 -4.80849
vt 6.87115 -4.75000
vt 6.87115 -4.86129
vt 6.75000 -4.86129
vt 6.87115 -4.80849
vt 5.79143 -5.25000
vt 5.75000 -5.25000
vt 5.79143 -5.37262
vt 5.75000 -5.37262
vt 5.82661 -5.25000
vt 5.82661 -5.29143
vt 5.75000 -5.29143
vt 5.82661 -5.37262
vt 5.38635 0.50000
vt 5.25000 0.50000
vt 5.38635 0.30998
vt 5.25000 0.30998
vt 5.38145 0.50000
vt 5.38145 0.36365
vt 5.25000 0.36365
vt 5.38145 0.30998
vt 2.52735 -4.25000
vt 2.52735 -4.30249
vt 2.50000 -4.30249
vt 2.52735 -4.30919
vt 2.50000 -4.30919
vt 2.50000 -4.25000
vt 2.52735 -4.27735
vt 2.50000 -4.27735
vt 4.27735 -2.25000
vt 4.27735 -2.30249
vt 4.25000 -2.30249
vt 4.27735 -2.30919
vt 4.25000 -2.30919
vt 4.25000 -2.25000
vt 4.27735 -2.27735
vt 4.25000 -2.27735
vt 1.32725 0.75000
vt 1.25000 0.75000
vt 1.32725 0.71987
vt 1.25000 0.71987
vt 1.34846 0.75000
vt 1.34846 0.67275
vt 1.25000 0.67275
vt 1.34846 0.71987
vt 4.57158 -5.50000
vt 4.50000 -5.50000
vt 4.57158 -5.52445
vt 4.50000 -5.52445
vt 4.59846 -5.50000
vt 4.59846 -5.57158
vt 4.50000 -5.57158
vt 4.59846 -5.52445
vt 4.77735 -0.75000
vt 4.77735 -0.80249
vt 4.75000 -0.80249
vt 4.77735 -0.80919
vt 4.75000 -0.80919
vt 4.75000 -0.75000
vt 4.77735 -0.77735
vt 4.75000 -0.77735
vt 3.77735 -6.50000
vt 3.77735 -6.55249
vt 3.75000 -6.55249
vt 3.77735 -6.55919
vt 3.75000 -6.55919
vt 3.75000 -6.50000
vt 3.77735 -6.52735
vt 3.75000 -6.52735
vt 7.54143 -0.50000
vt 7.50000 -0.50000
vt 7.54143 -0.62262
vt 7.50000 -0.62262
vt 7.57661 -0.50000
vt 7.57661 -0.54143
vt 7.50000 -0.54143
vt 7.57661 -0.62262
vt 7.11129 -3.50000
vt 7.00000 -3.50000
vt 7.11129 -3.55849
vt 7.00000 -3.55849
vt 7.12115 -3.50000
vt 7.12115 -3.61129
vt 7.00000 -3.61129
vt 7.12115 -3.55849
vt 3.13660 0.75000
vt 3.00000 0.75000
vt 3.13660 0.55998
vt 3.00000 0.55998
vt 3.13145 0.75000
vt 3.13145 0.61340
vt 3.00000 0.61340
vt 3.13145 0.55998
vt 8.01376 -2.00000
vt 7.75000 -2.00000
vt 8.01376 -2.08224
vt 7.75000 -2.08224
vt 8.03540 -2.00000
vt 8.03540 -2.26376
vt 7.75000 -2.26376
vt 8.03540 -2.08224
vt 6.90198 -5.50000
vt 6.75000 -5.50000
vt 6.90198 -5.76744
vt 6.75000 -5.76744
vt 6.89568 -5.50000
vt 6.89568 -5.65198
vt 6.75000 -5.65198
vt 6.89568 -5.76744
vt 4.90347 -2.75000
vt 4.50000 -2.75000
vt 4.90347 -2.98950
vt 4.50000 -2.98950
vt 4.70157 -2.75000
vt 4.70157 -3.15347
vt 4.50000 -3.15347
vt 4.70157 -2.98950
vt 7.55954 -5.75000
vt 7.50000 -5.75000
vt 7.55954 -5.83791
vt 7.50000 -5.83791
vt 7.79674 -5.75000
vt 7.79674 -5.80954
vt 7.50000 -5.80954
vt 7.79674 -5.83791
vt -0.09765 -11.03700
vt -0.17305 -10.92000
vt -0.15075 -11.04630
vt -0.11995 -10.91060
vt -0.10045 -10.90720
vt -0.03195 -10.98510
vt -0.04735 -10.89780
vt -0.08505 -10.99440
vt 0.09035 -10.92640
vt 0.15245 -11.01310
vt 0.17305 -10.95650
vt 0.06975 -10.98300
vt 0.00325 -11.08880
vt 0.04015 -11.10220
vt 0.02385 -11.03220
vt 0.06075 -11.04560
vt 0.07950 -10.89950
vt -0.04990 -10.89950
vt 0.07950 -10.95260
vt -0.04990 -10.95260
vt 0.07930 -10.82700
vt -0.08410 -10.82700
vt 0.07930 -10.88000
vt -0.08410 -10.88000
vt 0.08410 -11.09040
vt 0.07390 -11.09040
vt 0.08410 -11.17300
vt 0.07390 -11.17300
vt 0.08410 -11.06070
vt 0.08410 -11.02380
vt 0.07390 -11.02380
vt 0.07390 -11.06070
vt -0.07930 -11.04630
vt 0.08410 -11.04630
vt -0.07930 -10.92000
vt 0.08410 -10.92000
vt -0.07950 -10.99440
vt 0.04990 -10.99440
vt -0.07950 -10.90720
vt 0.04990 -10.90720
vt -0.08410 -11.08880
vt -0.07390 -11.08880
vt -0.08410 -11.03220
vt -0.07390 -11.03220
vt -0.08410 -10.92640
vt -0.07390 -10.98300
vt -0.07390 -10.92640
vt -0.08410 -10.98300
vt -0.17305 -10.95650
vt -0.06975 -10.98300
vt -0.09035 -10.92640
vt -0.15245 -11.01310
vt -0.04015 -11.10220
vt -0.00325 -11.08880
vt -0.06075 -11.04560
vt -0.02385 -11.03220
vt 0.04735 -10.89780
vt 0.08505 -10.99440
vt 0.10045 -10.90720
vt 0.03195 -10.98510
vt 0.09765 -11.03700
vt 0.15075 -11.04630
vt 0.11995 -10.91060
vt 0.17305 -10.92000
vt -0.08410 -11.00330
vt -0.07390 -11.04010
vt -0.07390 -11.00330
vt -0.08410 -11.04010
vt 0.08410 -10.90230
vt 0.08410 -10.84920
vt -0.07930 -10.84920
vt -0.07930 -10.90230
vt -0.07950 -10.96800
vt 0.04990 -10.96800
vt -0.07950 -10.91490
vt 0.04990 -10.91490
vt -0.07390 -11.15240
vt -0.08410 -11.06970
vt -0.08410 -11.15240
vt -0.07390 -11.06970
vt 0.07390 -10.95650
vt 0.08410 -11.01310
vt 0.08410 -10.95650
vt 0.07390 -11.01310
vt 0.08410 -11.10220
vt 0.07390 -11.04560
vt 0.07390 -11.10220
vt 0.08410 -11.04560
vt 0.07950 -10.89780
vt -0.04990 -10.89780
vt 0.07950 -10.98510
vt -0.04990 -10.98510
vt 0.07930 -10.91060
vt -0.08410 -10.91060
vt 0.07930 -11.03700
vt -0.08410 -11.03700
vt 5.37404 -4.25000
vt 5.25000 -4.25000
vt 5.37404 -4.30787
vt 5.25000 -4.30787
vt 5.33980 -4.25000
vt 5.33980 -4.37404
vt 5.25000 -4.37404
vt 5.33980 -4.30787
vt 27.91240 -25.06730
vt 28.02670 -25.06730
vt 27.91240 -25.02520
vt 27.91240 -24.98300
vt 28.00000 -24.91240
vt 27.93530 -24.91240
vt 28.00000 -25.08760
vt 28.13340 -25.02520
vt 28.09140 -24.98300
vt 28.09140 -25.06730
vt 28.04920 -25.02520
vt 27.95090 -25.02520
vt 27.90870 -24.98300
vt 27.90870 -25.06730
vt 27.86660 -25.02520
vt 28.00000 -25.06180
vt 28.06470 -24.99720
vt 28.00000 -24.93260
vt 27.93540 -24.99720
vt 28.08760 -24.98300
vt 27.97330 -25.06730
vt 28.08760 -25.02520
vt 28.08760 -24.99720
vt 28.08760 -24.93260
vt 27.91240 -25.06180
vt 28.08760 -25.06180
vt 28.08760 -25.06730
vt 27.90870 -25.02670
vt 27.90870 -24.91240
vt 27.86660 -24.91240
vt 28.06470 -24.91240
vt 7.01376 -3.25000
vt 6.75000 -3.25000
vt 7.01376 -3.33224
vt 6.75000 -3.33224
vt 7.03540 -3.25000
vt 7.03540 -3.51376
vt 6.75000 -3.51376
vt 7.03540 -3.33224
vt 7.15198 -1.50000
vt 7.00000 -1.50000
vt 7.15198 -1.76744
vt 7.00000 -1.76744
vt 7.14568 -1.50000
vt 7.14568 -1.65198
vt 7.00000 -1.65198
vt 7.14568 -1.76744
vt 5.15347 1.00000
vt 4.75000 1.00000
vt 5.15347 0.76050
vt 4.75000 0.76050
vt 4.95157 1.00000
vt 4.95157 0.59653
vt 4.75000 0.59653
vt 4.95157 0.76050
vt 28.00330 -23.08880
vt 28.04010 -23.10220
vt 28.02380 -23.03220
vt 28.06070 -23.04560
vt 28.06970 -22.98300
vt 28.15240 -23.01310
vt 28.09040 -22.92640
vt 28.17300 -22.95650
vt 27.96800 -22.98510
vt 27.89950 -22.90720
vt 27.91490 -22.99440
vt 27.95260 -22.89780
vt 27.82700 -22.92000
vt 27.90230 -23.03700
vt 27.88000 -22.91060
vt 27.84920 -23.04630
vt 27.91830 -22.89950
vt 27.91830 -22.95260
vt 28.04770 -22.95260
vt 28.04770 -22.89950
vt 27.91830 -22.82700
vt 27.91830 -22.88000
vt 28.08170 -22.88000
vt 28.08170 -22.82700
vt 27.92860 -23.09040
vt 27.91830 -23.09040
vt 27.92860 -23.17300
vt 27.91830 -23.17300
vt 27.92860 -23.06070
vt 27.92860 -23.02380
vt 27.91830 -23.02380
vt 27.91830 -23.06070
vt 27.91830 -23.04630
vt 28.08170 -23.04630
vt 27.91830 -22.92000
vt 28.08170 -22.92000
vt 28.08170 -22.90720
vt 27.95230 -22.90720
vt 28.08170 -22.99440
vt 27.95230 -22.99440
vt 28.07140 -23.08880
vt 28.08170 -23.08880
vt 28.07140 -23.03220
vt 28.08170 -23.03220
vt 28.07140 -22.98300
vt 28.08170 -22.98300
vt 28.07140 -22.92640
vt 28.08170 -22.92640
vt 28.09770 -23.03700
vt 28.15080 -23.04630
vt 28.12000 -22.91060
vt 28.17300 -22.92000
vt 28.04740 -22.89780
vt 28.08510 -22.99440
vt 28.10050 -22.90720
vt 28.03200 -22.98510
vt 27.95990 -23.10220
vt 27.99670 -23.08880
vt 27.93930 -23.04560
vt 27.97620 -23.03220
vt 27.93030 -22.98300
vt 27.82700 -22.95650
vt 27.84760 -23.01310
vt 27.90960 -22.92640
vt 28.07140 -23.00330
vt 28.08170 -23.04010
vt 28.08170 -23.00330
vt 28.07140 -23.04010
vt 27.91830 -22.90230
vt 28.08170 -22.90230
vt 27.91830 -22.84920
vt 28.08170 -22.84920
vt 28.08170 -22.96800
vt 28.08170 -22.91490
vt 27.95230 -22.91490
vt 27.95230 -22.96800
vt 28.08170 -23.15240
vt 28.07140 -23.06970
vt 28.07140 -23.15240
vt 28.08170 -23.06970
vt 27.91830 -22.95650
vt 27.92860 -23.01310
vt 27.92860 -22.95650
vt 27.91830 -23.01310
vt 27.92860 -23.10220
vt 27.91830 -23.04560
vt 27.91830 -23.10220
vt 27.92860 -23.04560
vt 27.91830 -22.89780
vt 27.91830 -22.98510
vt 28.04770 -22.98510
vt 28.04770 -22.89780
vt 27.91830 -23.03700
vt 28.08170 -23.03700
vt 27.91830 -22.91060
vt 28.08170 -22.91060
vt 5.55954 0.25000
vt 5.50000 0.25000
vt 5.55954 0.16209
vt 5.50000 0.16209
vt 5.79674 0.25000
vt 5.79674 0.19046
vt 5.50000 0.19046
vt 5.79674 0.16209
vt 7.91240 -7.06735
vt 8.02670 -7.06735
vt 7.91240 -7.02515
vt 7.91240 -6.98305
vt 7.91240 -6.93265
vt 7.91240 -6.99725
vt 8.08760 -7.06185
vt 7.91240 -7.06185
vt 7.91240 -7.02525
vt 8.13345 -7.02515
vt 8.09135 -6.98305
vt 8.09135 -7.06735
vt 8.04915 -7.02525
vt 7.90865 -7.06735
vt 7.95085 -7.02525
vt 7.90865 -6.98305
vt 7.86655 -7.02525
vt 7.99995 -7.06185
vt 8.06455 -6.99725
vt 7.99995 -6.93265
vt 7.93545 -6.99725
vt 7.97330 -7.06735
vt 8.08760 -7.06735
vt 8.08760 -7.02525
vt 8.08760 -6.98305
vt 8.08760 -6.99725
vt 8.08760 -6.93265
vt 7.95085 -6.91240
vt 7.90865 -6.91240
vt 7.90865 -7.02670
vt 8.09135 -7.02670
vt 8.09135 -6.91240
vt 8.04915 -6.91240
vt 4.12404 -0.50000
vt 4.00000 -0.50000
vt 4.12404 -0.55787
vt 4.00000 -0.55787
vt 4.08980 -0.50000
vt 4.08980 -0.62404
vt 4.00000 -0.62404
vt 4.08980 -0.55787
vt 0.54523 1.00000
vt 0.00000 1.00000
vt 0.54523 -0.57589
vt 0.00000 -0.57589
vt 2.84205 1.00000
vt 2.84205 0.45477
vt 0.00000 0.45477
vt 2.84205 -0.57589
vt 4.83783 -2.25000
vt 4.50000 -2.25000
vt 4.83783 -2.61897
vt 4.50000 -2.61897
vt 4.82731 -2.25000
vt 4.82731 -2.58783
vt 4.50000 -2.58783
vt 4.82731 -2.61897
vt 3.96847 1.00000
vt 3.96847 -1.73745
vt 0.00000 -1.73745
vt 2.61851 1.00000
vt 2.61851 -2.96847
vt 0.00000 -2.96847
vt 2.61851 -1.73745
vt 50.01780 -47.04950
vt 49.89780 -46.92240
vt 49.92320 -47.06620
vt 49.99250 -46.90570
vt 49.90540 -47.13340
vt 49.93090 -47.11550
vt 49.88950 -47.11070
vt 49.91500 -47.09280
vt 50.06600 -46.99500
vt 50.09550 -47.05250
vt 50.11050 -47.01120
vt 50.05100 -47.03630
vt 49.98560 -46.86660
vt 49.89090 -46.88330
vt 50.20210 -46.89090
vt 49.79790 -46.89090
vt 50.20210 -46.98560
vt 49.79790 -46.98560
vt 49.79790 -46.89780
vt 49.75250 -46.89780
vt 49.75250 -46.99250
vt 49.79790 -46.99250
vt 50.24750 -46.89780
vt 50.20210 -46.89780
vt 50.20210 -46.99250
vt 50.24750 -46.99250
vt 50.22440 -47.06600
vt 49.77560 -47.06600
vt 50.22440 -47.11050
vt 49.77560 -47.11050
vt 50.22440 -46.88950
vt 49.77560 -46.88950
vt 50.22440 -46.91500
vt 49.77560 -46.91500
vt 50.22440 -47.11070
vt 49.77560 -47.11070
vt 50.22440 -47.13340
vt 49.77560 -47.13340
vt 50.20210 -47.02710
vt 49.79790 -47.02710
vt 50.24750 -47.06620
vt 49.75250 -47.06620
vt 50.24750 -46.92240
vt 49.79790 -46.92240
vt 49.75250 -46.92240
vt 50.20210 -46.92240
vt 49.79790 -46.88330
vt 50.20210 -46.88330
vt 50.22440 -46.99500
vt 49.77560 -46.99500
vt 50.22440 -47.03630
vt 49.77560 -47.03630
vt 49.98220 -47.04950
vt 50.07680 -47.06620
vt 50.00750 -46.90570
vt 50.10220 -46.92240
vt 50.11050 -47.11070
vt 50.08500 -47.09280
vt 50.09460 -47.13340
vt 50.06910 -47.11550
vt 49.88950 -47.01120
vt 49.94900 -47.03630
vt 49.93400 -46.99500
vt 49.90450 -47.05250
vt 50.10910 -46.88330
vt 50.01440 -46.86660
vt 49.77560 -46.93090
vt 50.22440 -46.93090
vt 49.77560 -46.90540
vt 50.22440 -46.90540
vt 50.24750 -46.92320
vt 49.75250 -46.92320
vt 50.24750 -47.01780
vt 49.75250 -47.01780
vt 49.77560 -47.09550
vt 50.22440 -47.09550
vt 49.77560 -47.05100
vt 50.22440 -47.05100
vt 49.77560 -47.01120
vt 49.77560 -47.05250
vt 50.22440 -47.05250
vt 50.22440 -47.01120
vt 49.75250 -46.90570
vt 49.75250 -47.04950
vt 50.24750 -47.04950
vt 49.79790 -46.90570
vt 50.20210 -46.90570
vt 50.24750 -46.90570
vt 50.20210 -46.86660
vt 49.79790 -46.86660
vt 49.77560 -47.09280
vt 49.77560 -47.11550
vt 50.22440 -47.11550
vt 50.22440 -47.09280
vt 47.83130 -35.02870
vt 48.13170 -35.10920
vt 47.85060 -34.95660
vt 48.15110 -35.03710
vt 47.85620 -34.93560
vt 48.15670 -35.01610
vt 47.86820 -34.89080
vt 48.16870 -34.97130
vt 47.84710 -34.86820
vt 47.84710 -35.16870
vt 48.15290 -35.16870
vt 48.15290 -34.86820
vt 47.84710 -34.85060
vt 47.84710 -35.15110
vt 48.15290 -35.15110
vt 48.15290 -34.85060
vt 48.15290 -34.95660
vt 47.84710 -34.95660
vt 48.15290 -35.02870
vt 47.84710 -35.02870
vt 48.15290 -34.89080
vt 47.84710 -34.89080
vt 48.15290 -34.93560
vt 47.84710 -34.93560
vt 48.14940 -34.95660
vt 47.84890 -35.03710
vt 48.16870 -35.02870
vt 47.86830 -35.10920
vt 48.13180 -34.89080
vt 47.83130 -34.97130
vt 48.14380 -34.93560
vt 47.84330 -35.01610
vt 48.15290 -35.13170
vt 48.15290 -34.83130
vt 47.84710 -34.83130
vt 47.84710 -35.13170
vt 48.15290 -35.15670
vt 48.15290 -34.85620
vt 47.84710 -34.85620
vt 47.84710 -35.15670
vt 47.84710 -35.03710
vt 47.84710 -35.10920
vt 48.15290 -35.10920
vt 48.15290 -35.03710
vt 47.84710 -34.97130
vt 47.84710 -35.01610
vt 48.15290 -35.01610
vt 48.15290 -34.97130
vt 6.96419 -6.75000
vt 6.50000 -6.75000
vt 6.96419 -6.79529
vt 6.50000 -6.79529
vt 6.86948 -6.75000
vt 6.86948 -7.21419
vt 6.50000 -7.21419
vt 6.86948 -6.79529
vt 2.54972 0.75000
vt 2.25000 0.75000
vt 2.54972 0.58456
vt 2.25000 0.58456
vt 2.54452 0.75000
vt 2.54452 0.45028
vt 2.25000 0.45028
vt 2.54452 0.58456
vt 2.58899 -3.75000
vt 2.00000 -3.75000
vt 2.58899 -4.22642
vt 2.00000 -4.22642
vt 2.43909 -3.75000
vt 2.43909 -4.33899
vt 2.00000 -4.33899
vt 2.43909 -4.22642
vt 0.52763 -0.69251
vt 0.00000 -0.69251
vt 0.92127 1.00000
vt 0.92127 -0.69251
vt 0.52763 1.00000
vt 0.92127 0.47237
vt 0.00000 0.47237
vt 0.92127 -0.77284
vt 0.00000 -0.77284
vt 0.52763 -0.14792
vt 0.00000 -0.14792
vt 0.84127 1.00000
vt 0.84127 -0.14792
vt 0.84127 0.47237
vt 0.84127 -0.26338
vt 0.00000 -0.26338
vt 0.52763 -0.55636
vt 0.00000 -0.55636
vt 0.92127 -0.55636
vt 0.92127 -0.64337
vt 0.00000 -0.64337
vt 0.54523 -0.12880
vt 0.00000 -0.12880
vt 1.94787 1.00000
vt 1.94787 0.45477
vt 1.94787 -0.12880
vt 4.83783 1.00000
vt 4.50000 1.00000
vt 4.83783 0.73531
vt 4.50000 0.73531
vt 4.72508 1.00000
vt 4.72508 0.66217
vt 4.50000 0.66217
vt 4.72508 0.73531
vt 1.75000 -2.75000
vt 1.84691 -2.91387
vt 1.75000 -2.91387
vt 1.77177 -2.75000
vt 1.77177 -2.91387
vt 1.84691 -2.75000
vt 1.77177 -2.84691
vt 1.75000 -2.84691
vt 1.77177 -2.94039
vt 1.75000 -2.94039
vt 2.75000 -4.75000
vt 2.84691 -4.91387
vt 2.75000 -4.91387
vt 2.77177 -4.75000
vt 2.77177 -4.91387
vt 2.84691 -4.75000
vt 2.77177 -4.84691
vt 2.75000 -4.84691
vt 2.77177 -4.94039
vt 2.75000 -4.94039
vt 55.94280 -46.98890
vt 55.96320 -47.00320
vt 55.98330 -46.93100
vt 56.00810 -47.03460
vt 56.03260 -47.05180
vt 56.05670 -46.96520
vt 56.01670 -46.93100
vt 56.03680 -47.00320
vt 56.05720 -46.98890
vt 55.94330 -46.96520
vt 55.96740 -47.05180
vt 55.99190 -47.03460
vt 55.92510 -46.98370
vt 55.95010 -46.96320
vt 55.92510 -46.94280
vt 55.90020 -46.96320
vt 55.92230 -47.05720
vt 55.95230 -47.03260
vt 55.92230 -47.00810
vt 55.89240 -47.03260
vt 56.07490 -46.98370
vt 56.09980 -46.96320
vt 56.07490 -46.94280
vt 56.04990 -46.96320
vt 56.07760 -47.05720
vt 56.10760 -47.03260
vt 56.07760 -47.00810
vt 56.04770 -47.03260
vt 56.07770 -46.96520
vt 56.07770 -47.06900
vt 56.10760 -47.05180
vt 55.92240 -46.96520
vt 55.89240 -47.05180
vt 55.92240 -47.06900
vt 56.07490 -46.93100
vt 56.07490 -47.01750
vt 56.09980 -47.00320
vt 55.92510 -46.93100
vt 55.90020 -47.00320
vt 55.92510 -47.01750
vt 56.04770 -47.05180
vt 55.95230 -47.05180
vt 56.04990 -47.00320
vt 55.95010 -47.00320
vt 0.54624 -1.00000
vt 0.50000 -1.00000
vt 0.54624 -1.02791
vt 0.50000 -1.02791
vt 0.60941 -1.00000
vt 0.60941 -1.04624
vt 0.50000 -1.04624
vt 0.60941 -1.02791
vt 7.39712 -6.25000
vt 7.25000 -6.25000
vt 7.39712 -6.27791
vt 7.25000 -6.27791
vt 7.35941 -6.25000
vt 7.35941 -6.39712
vt 7.25000 -6.39712
vt 7.35941 -6.27791
vt 1.98685 1.00000
vt 1.75000 1.00000
vt 1.98685 0.93963
vt 1.75000 0.93963
vt 1.97408 1.00000
vt 1.97408 0.76315
vt 1.75000 0.76315
vt 1.97408 0.93963
vt 33.98490 -49.02610
vt 33.98670 -48.95750
vt 33.95660 -49.00970
vt 34.01510 -48.97380
vt 34.01340 -49.04250
vt 34.01530 -48.97390
vt 33.98510 -49.02620
vt 34.04340 -48.99020
vt 33.93900 -49.01530
vt 33.93900 -49.04340
vt 34.05530 -49.04340
vt 34.05530 -49.01530
vt 33.91070 -48.98670
vt 33.91070 -49.01510
vt 34.08940 -49.01510
vt 34.08940 -48.98670
vt 34.08930 -48.95750
vt 33.91060 -48.95750
vt 34.08930 -49.00970
vt 33.91060 -49.00970
vt 34.06100 -48.97390
vt 33.94470 -48.97390
vt 34.06100 -49.02620
vt 33.94470 -49.02620
vt 34.01510 -49.02610
vt 34.04340 -49.00970
vt 33.98490 -48.97380
vt 34.01330 -48.95750
vt 33.98660 -49.04250
vt 34.01490 -49.02620
vt 33.95660 -48.99020
vt 33.98470 -48.97390
vt 34.06100 -49.01340
vt 34.06100 -48.98510
vt 33.94470 -48.98510
vt 33.94470 -49.01340
vt 34.08930 -48.98490
vt 34.08930 -48.95660
vt 33.91060 -48.95660
vt 33.91060 -48.98490
vt 33.93900 -49.04250
vt 34.05530 -49.04250
vt 33.93900 -48.99020
vt 34.05530 -48.99020
vt 33.91070 -49.02610
vt 34.08940 -49.02610
vt 33.91070 -48.97380
vt 34.08940 -48.97380
vt 6.03695 -49.03640
vt 6.08435 -48.96950
vt 6.06065 -48.96950
vt 5.91565 -49.00300
vt 5.92965 -48.96360
vt 5.91565 -48.96360
vt 5.97015 -49.01870
vt 5.98965 -48.96360
vt 5.97015 -48.96360
vt 6.00915 -48.96360
vt 6.03695 -48.96950
vt 5.94355 -48.96360
vt 6.07265 -49.00910
vt 6.09215 -48.98960
vt 6.07265 -48.97010
vt 6.05315 -48.98960
vt 6.04185 -48.92960
vt 6.05585 -48.94360
vt 6.05585 -48.91560
vt 6.06975 -48.92960
vt 5.93015 -48.92960
vt 5.94405 -48.94360
vt 5.94405 -48.91560
vt 5.95805 -48.92960
vt 5.92725 -49.00910
vt 5.94675 -48.98960
vt 5.92725 -48.97010
vt 5.90775 -48.98960
vt 6.08375 -49.08440
vt 6.10745 -49.06060
vt 6.08375 -49.03690
vt 6.06005 -49.06060
vt 5.91625 -49.08440
vt 5.93995 -49.06060
vt 5.91625 -49.03690
vt 5.89255 -49.06060
vt 5.92735 -48.96360
vt 5.90785 -48.96360
vt 5.92735 -49.01870
vt 5.94415 -49.00300
vt 5.95815 -48.96360
vt 5.94415 -48.96360
vt 6.05595 -48.96360
vt 6.04195 -48.96360
vt 6.05595 -49.00300
vt 5.94685 -48.96360
vt 6.07275 -48.96360
vt 6.05325 -48.96360
vt 6.07275 -49.01870
vt 5.96305 -49.03640
vt 5.93935 -48.96950
vt 5.91565 -48.96950
vt 6.08435 -48.96360
vt 6.07035 -48.96360
vt 6.08435 -49.00300
vt 6.02985 -49.01870
vt 6.01035 -48.96360
vt 5.99085 -48.96360
vt 5.96305 -48.96950
vt 6.05645 -48.96360
vt 6.05585 -49.00300
vt 6.05585 -48.96360
vt 6.04185 -48.96360
vt 5.94405 -49.00300
vt 5.95805 -48.96360
vt 5.94405 -48.96360
vt 1.33383 1.00000
vt 1.33383 0.80089
vt 0.00000 0.80089
vt 1.32358 1.00000
vt 1.32358 -0.33383
vt 0.00000 -0.33383
vt 1.32358 0.80089
vt 2.46272 -5.00000
vt 2.25000 -5.00000
vt 2.46272 -5.11206
vt 2.25000 -5.11206
vt 2.48965 -5.00000
vt 2.48965 -5.21272
vt 2.25000 -5.21272
vt 2.48965 -5.11206
vt 0.41871 -0.30222
vt 0.00000 -0.30222
vt 0.96665 1.00000
vt 0.96665 -0.30222
vt 0.41871 1.00000
vt 0.96665 0.58129
vt 0.00000 0.58129
vt 0.96665 -0.36788
vt 0.00000 -0.36788
vt 7.05388 -0.25000
vt 7.00000 -0.25000
vt 7.05388 -0.33937
vt 7.00000 -0.33937
vt 7.18860 -0.25000
vt 7.18860 -0.30388
vt 7.00000 -0.30388
vt 7.18860 -0.33937
vt 7.56487 -3.00000
vt 7.50000 -3.00000
vt 7.56487 -3.21907
vt 7.50000 -3.21907
vt 7.77149 -3.00000
vt 7.77149 -3.06487
vt 7.50000 -3.06487
vt 7.77149 -3.21907
vt 5.78613 -2.50000
vt 5.50000 -2.50000
vt 5.78613 -2.59784
vt 5.50000 -2.59784
vt 5.77360 -2.50000
vt 5.77360 -2.78613
vt 5.50000 -2.78613
vt 5.77360 -2.59784
vt 5.76909 -2.50000
vt 5.76909 -2.61128
vt 5.50000 -2.61128
vt 5.78284 -2.50000
vt 5.78284 -2.76909
vt 5.50000 -2.76909
vt 5.78284 -2.61128
vt 7.57105 -6.75000
vt 7.25000 -6.75000
vt 7.57105 -6.97949
vt 7.25000 -6.97949
vt 7.55958 -6.75000
vt 7.55958 -7.07105
vt 7.25000 -7.07105
vt 7.55958 -6.97949
vt 0.80956 -3.50000
vt 0.75000 -3.50000
vt 0.80956 -3.52130
vt 0.75000 -3.52130
vt 0.79110 -3.50000
vt 0.79110 -3.55956
vt 0.75000 -3.55956
vt 0.79110 -3.52130
vt 49.76400 -20.99780
vt 49.92450 -20.99780
vt 49.76400 -20.93180
vt 49.89440 -20.97510
vt 49.97950 -20.97510
vt 49.97950 -20.97210
vt 49.89440 -20.93750
vt 50.05890 -20.97510
vt 49.97950 -20.94890
vt 50.05890 -20.97460
vt 50.05890 -21.03750
vt 50.06060 -20.97510
vt 50.17410 -21.03750
vt 50.05890 -20.97160
vt 50.05890 -20.99700
vt 49.92270 -20.99700
vt 49.89290 -20.98480
vt 49.89290 -20.97220
vt 49.89440 -20.97220
vt 50.05890 -20.97220
vt 50.05150 -20.97220
vt 50.20680 -21.04640
vt 50.21100 -21.04750
vt 50.23600 -21.04640
vt 50.23600 -21.06770
vt 50.20560 -21.06770
vt 50.16970 -21.03750
vt 50.19910 -21.06640
vt 50.16440 -21.05710
vt 50.19910 -21.06770
vt 50.20400 -21.06770
vt 50.17370 -21.03750
vt 50.20550 -21.06810
vt 49.96230 -21.17410
vt 50.03770 -21.17410
vt 49.96230 -21.05890
vt 50.03770 -21.05890
vt 49.96270 -20.89440
vt 50.03740 -20.89440
vt 50.03740 -20.89290
vt 49.96270 -20.89290
vt 50.03740 -21.05150
vt 49.96270 -21.05150
vt 49.96270 -21.05890
vt 50.03740 -21.05890
vt 50.03770 -20.97950
vt 49.96230 -20.97950
vt 50.03770 -20.89440
vt 49.96230 -20.89440
vt 49.98230 -21.17370
vt 49.98230 -21.20680
vt 50.02340 -21.20680
vt 50.02340 -21.17370
vt 49.98230 -21.23600
vt 50.02340 -21.23600
vt 50.03740 -20.92270
vt 50.03770 -20.92450
vt 50.03770 -20.76400
vt 49.96270 -20.92270
vt 49.96230 -20.92450
vt 49.96230 -20.76400
vt 49.96230 -20.99780
vt 50.03770 -20.99780
vt 49.96230 -20.93180
vt 50.03770 -20.93180
vt 50.03730 -20.98480
vt 50.03730 -20.97220
vt 49.96260 -20.98480
vt 49.96260 -20.97220
vt 49.96230 -20.93750
vt 50.03770 -20.93750
vt 49.96230 -20.97510
vt 49.96260 -20.97510
vt 50.03730 -20.97510
vt 50.03770 -20.97510
vt 49.96230 -20.97210
vt 50.03770 -20.97210
vt 49.96230 -20.94890
vt 50.03770 -20.94890
vt 50.03730 -20.99700
vt 49.96260 -20.99700
vt 50.03770 -21.03750
vt 49.96230 -21.03750
vt 50.03770 -20.97460
vt 50.03770 -20.97160
vt 49.96230 -20.97160
vt 49.96230 -20.97460
vt 49.96260 -20.97460
vt 50.03730 -20.97460
vt 50.01770 -21.05710
vt 50.01770 -21.03750
vt 49.97660 -21.03750
vt 49.97660 -21.05710
vt 50.01770 -21.06770
vt 50.01770 -21.06640
vt 49.97660 -21.06770
vt 49.97660 -21.06640
vt 50.07550 -20.99780
vt 50.23600 -20.99780
vt 50.23600 -20.93180
vt 50.02050 -20.97510
vt 50.10560 -20.97510
vt 50.02050 -20.97210
vt 50.10560 -20.93750
vt 49.94110 -20.97510
vt 49.94110 -20.97460
vt 50.02050 -20.94890
vt 49.93940 -20.97510
vt 49.94110 -21.03750
vt 49.94110 -20.97160
vt 49.82590 -21.03750
vt 50.07730 -20.99700
vt 50.10710 -20.98480
vt 50.10710 -20.97220
vt 50.10560 -20.97220
vt 49.94110 -20.99700
vt 49.94850 -20.97220
vt 49.94110 -20.97220
vt 49.76400 -21.04640
vt 49.79440 -21.06770
vt 49.78900 -21.04750
vt 49.76400 -21.06770
vt 49.79320 -21.04640
vt 49.79600 -21.06770
vt 49.80090 -21.06640
vt 49.80090 -21.06770
vt 49.83560 -21.05710
vt 49.82630 -21.03750
vt 49.83030 -21.03750
vt 49.79450 -21.06810
vt 50.01770 -21.23600
vt 50.01770 -21.20560
vt 49.97660 -21.23600
vt 49.97660 -21.20560
vt 50.01770 -21.20400
vt 50.01770 -21.19910
vt 49.97660 -21.20400
vt 49.97660 -21.19910
vt 50.01770 -21.16970
vt 49.97660 -21.16970
vt 50.01770 -21.17370
vt 49.97660 -21.17370
vt 50.01770 -21.20550
vt 49.97660 -21.20550
vt 50.01770 -21.16440
vt 49.97660 -21.16440
vt 50.03730 -20.92270
vt 49.96260 -20.92270
vt 49.96260 -21.05890
vt 50.03730 -21.05890
vt 50.03730 -20.89440
vt 50.03730 -20.97950
vt 49.96260 -20.89440
vt 49.96260 -20.97950
vt 49.98230 -21.04640
vt 49.98230 -21.06770
vt 50.02340 -21.06770
vt 50.02340 -21.04640
vt 49.98230 -21.06810
vt 50.02340 -21.06810
vt 7.80956 -2.50000
vt 7.75000 -2.50000
vt 7.80956 -2.56668
vt 7.75000 -2.56668
vt 7.79110 -2.50000
vt 7.79110 -2.55956
vt 7.75000 -2.55956
vt 7.79110 -2.56668
vt 5.01985 -4.75000
vt 5.00000 -4.75000
vt 5.01985 -4.85513
vt 5.00000 -4.85513
vt 5.25100 -4.75000
vt 5.25100 -4.76985
vt 5.00000 -4.76985
vt 5.25100 -4.85513
vt 0.72371 -4.50000
vt 0.50000 -4.50000
vt 0.72371 -4.60561
vt 0.50000 -4.60561
vt 0.79150 -4.50000
vt 0.79150 -4.72371
vt 0.50000 -4.72371
vt 0.79150 -4.60561
vt 0.43644 -0.02427
vt 0.00000 -0.02427
vt 0.19729 1.00000
vt 0.19729 -0.02427
vt 0.43644 1.00000
vt 0.19729 0.56356
vt 0.00000 0.56356
vt 0.19729 -0.11338
vt 0.00000 -0.11338
vt 5.26154 0.00000
vt 5.25000 0.00000
vt 5.26154 -0.04212
vt 5.25000 -0.04212
vt 5.27309 0.00000
vt 5.27309 -0.01154
vt 5.25000 -0.01154
vt 5.27309 -0.04212
vt 1.51154 -0.25000
vt 1.50000 -0.25000
vt 1.51154 -0.29207
vt 1.50000 -0.29207
vt 1.52309 -0.25000
vt 1.52309 -0.26155
vt 1.50000 -0.26155
vt 1.52309 -0.29207
vt 2.50887 -2.75000
vt 2.50000 -2.75000
vt 2.50887 -2.83049
vt 2.50000 -2.83049
vt 2.66344 -2.75000
vt 2.66344 -2.75887
vt 2.50000 -2.75887
vt 2.66344 -2.83049
vt 0.39148 -0.10254
vt 0.00000 -0.10254
vt 1.64738 1.00000
vt 1.64738 -0.10254
vt 0.39148 1.00000
vt 1.64738 0.60852
vt 0.00000 0.60852
vt 1.64738 -0.16998
vt 0.00000 -0.16998
vt 1.19356 1.00000
vt 1.19356 -0.10254
vt 1.19356 0.60852
vt 1.19356 -0.16998
vt 7.26985 -2.00000
vt 7.25000 -2.00000
vt 7.26985 -2.10513
vt 7.25000 -2.10513
vt 7.50100 -2.00000
vt 7.50100 -2.01985
vt 7.25000 -2.01985
vt 7.50100 -2.10513
vt 0.43644 -0.29656
vt 0.00000 -0.29656
vt 0.37882 1.00000
vt 0.37882 -0.29656
vt 0.37882 0.56356
vt 0.37882 -0.36804
vt 0.00000 -0.36804
vt 5.51985 -2.75000
vt 5.50000 -2.75000
vt 5.51985 -2.85513
vt 5.50000 -2.85513
vt 5.75100 -2.75000
vt 5.75100 -2.76985
vt 5.50000 -2.76985
vt 5.75100 -2.85513
vt 0.57258 -0.52347
vt 0.00000 -0.52347
vt 0.65111 1.00000
vt 0.65111 -0.52347
vt 0.57258 1.00000
vt 0.65111 0.42742
vt 0.00000 0.42742
vt 0.65111 -0.62752
vt 0.00000 -0.62752
vt 0.43644 0.20264
vt 0.00000 0.20264
vt 0.19729 0.20264
vt 0.19729 0.09101
vt 0.00000 0.09101
vt 0.48182 -0.52347
vt 0.46958 1.00000
vt 0.46958 -0.52347
vt 0.48182 1.00000
vt 0.46958 0.51818
vt 0.00000 0.51818
vt 0.46958 -0.59785
vt 0.00000 -0.59785
vt 42.03220 -58.94140
vt 42.14910 -59.03210
vt 42.16460 -58.98960
vt 42.01680 -58.98400
vt 41.87370 -59.07560
vt 41.83540 -58.96540
vt 41.83540 -59.07560
vt 41.87370 -58.96540
vt 41.89840 -58.96540
vt 41.95260 -59.03150
vt 41.95260 -58.96540
vt 41.89840 -59.03150
vt 41.93980 -59.05010
vt 41.94780 -59.07960
vt 41.95630 -59.05610
vt 41.93130 -59.07360
vt 42.00960 -59.04270
vt 41.97890 -59.02290
vt 41.98330 -59.04720
vt 42.00530 -59.01820
vt 42.07170 -58.97520
vt 41.98130 -58.92040
vt 41.98130 -58.98070
vt 42.06960 -58.98070
vt 42.08090 -58.98070
vt 42.04820 -58.98070
vt 42.05410 -58.96450
vt 42.02200 -58.93760
vt 42.00650 -58.98020
vt 42.15440 -58.98590
vt 42.13880 -59.02840
vt 41.80660 -59.03220
vt 41.84440 -59.16460
vt 41.88520 -59.15440
vt 41.84750 -59.02200
vt 42.15250 -59.02200
vt 42.11470 -59.15440
vt 42.15550 -59.16460
vt 42.19340 -59.03220
vt 42.14190 -59.05410
vt 42.06060 -58.98130
vt 42.06060 -59.08090
vt 42.14190 -58.98130
vt 42.13380 -59.08090
vt 41.86620 -59.08090
vt 41.94480 -59.08090
vt 41.86340 -59.07170
vt 41.86340 -58.98130
vt 41.94480 -58.98130
vt 42.16330 -58.83540
vt 41.83650 -58.83540
vt 42.16330 -58.87370
vt 41.83650 -58.87370
vt 41.83650 -58.89840
vt 41.83650 -58.95260
vt 42.16330 -58.95260
vt 42.16330 -58.89840
vt 42.15420 -58.97890
vt 41.84570 -58.97890
vt 42.15420 -59.00530
vt 41.84570 -59.00530
vt 42.15420 -58.93980
vt 41.84570 -58.93980
vt 42.15420 -58.95630
vt 41.84570 -58.95630
vt 42.16350 -58.96540
vt 41.83670 -58.96540
vt 42.16350 -59.07560
vt 41.83670 -59.07560
vt 41.83670 -59.03150
vt 42.16350 -59.03150
vt 42.15250 -58.98020
vt 42.19340 -58.98400
vt 42.15250 -58.93760
vt 42.19340 -58.94140
vt 41.80660 -58.94140
vt 41.84750 -58.98020
vt 41.84750 -58.93760
vt 41.80660 -58.98400
vt 42.15430 -59.05010
vt 41.84580 -59.05010
vt 42.15430 -59.07360
vt 41.84580 -59.07360
vt 41.84580 -59.04720
vt 42.15430 -59.04720
vt 41.84580 -59.02290
vt 42.15430 -59.02290
vt 41.85810 -58.92040
vt 41.93940 -58.98070
vt 41.93940 -58.92040
vt 41.85810 -58.98070
vt 42.05520 -58.98070
vt 42.13660 -58.98070
vt 42.05520 -58.92040
vt 42.13660 -58.92040
vt 41.83540 -58.98960
vt 41.98320 -58.98400
vt 41.96780 -58.94140
vt 41.85090 -59.03210
vt 42.12630 -59.07560
vt 42.16460 -59.07560
vt 42.12630 -58.96540
vt 42.16460 -58.96540
vt 42.04740 -59.03150
vt 42.10160 -59.03150
vt 42.04740 -58.96540
vt 42.10160 -58.96540
vt 42.04370 -59.05610
vt 42.06870 -59.07360
vt 42.06020 -59.05010
vt 42.05220 -59.07960
vt 41.99040 -59.04270
vt 42.01670 -59.04720
vt 41.99470 -59.01820
vt 42.02110 -59.02290
vt 42.01870 -58.92040
vt 41.94590 -58.96450
vt 42.01870 -58.98070
vt 41.95180 -58.98070
vt 41.91910 -58.98070
vt 41.92830 -58.97520
vt 41.97800 -58.93760
vt 41.84560 -58.98590
vt 41.99350 -58.98020
vt 41.86120 -59.02840
vt 41.93040 -58.98070
vt 42.15430 -58.94780
vt 42.15430 -58.93130
vt 41.84580 -58.93130
vt 41.84580 -58.94780
vt 42.16350 -58.87370
vt 42.16350 -58.83540
vt 41.83670 -58.83540
vt 41.83670 -58.87370
vt 42.15430 -59.00960
vt 42.15430 -58.98330
vt 41.84580 -58.98330
vt 41.84580 -59.00960
vt 41.83670 -58.95260
vt 42.16350 -58.95260
vt 41.83670 -58.89840
vt 42.16350 -58.89840
vt 41.93940 -59.08090
vt 41.93940 -58.98130
vt 41.85810 -58.98130
vt 41.85810 -59.04820
vt 42.05520 -59.08090
vt 42.13660 -59.06960
vt 42.05520 -58.98130
vt 42.13660 -58.98130
vt 42.15560 -59.14910
vt 42.15250 -59.00650
vt 42.11480 -59.13880
vt 42.19340 -59.01680
vt 41.88530 -59.13880
vt 41.84750 -59.00650
vt 41.80660 -59.01680
vt 41.84450 -59.14910
vt 42.11470 -58.98590
vt 42.15550 -59.03210
vt 42.15550 -58.98960
vt 42.11470 -59.02840
vt 41.88520 -59.02840
vt 41.84440 -58.98960
vt 41.84440 -59.03210
vt 41.88520 -58.98590
vt 42.15420 -59.01820
vt 41.84570 -59.01820
vt 42.15420 -59.04270
vt 41.84570 -59.04270
vt 42.15420 -59.05610
vt 41.84570 -59.05610
vt 42.15420 -59.07960
vt 41.84570 -59.07960
vt 41.83650 -59.03150
vt 42.16330 -59.03150
vt 41.83650 -58.96540
vt 42.16330 -58.96540
vt 41.83650 -59.07560
vt 42.16330 -59.07560
vt 0.01071 1.01965
vt -0.01722 1.01965
vt 0.01071 1.00971
vt -0.01722 1.00971
vt -0.01112 1.01965
vt -0.01112 0.99171
vt -0.01722 0.99171
vt -0.01112 1.00971
vt 0.03900 1.04422
vt -0.02894 1.04422
vt 0.03900 1.01929
vt -0.02894 1.01929
vt -0.02284 1.04422
vt -0.02284 0.97628
vt -0.02894 0.97628
vt -0.02284 1.01929
vt 0.07799 1.01028
vt 0.03005 1.01028
vt 0.07799 1.00034
vt 0.03005 1.00034
vt 0.03615 1.01028
vt 0.03615 0.96234
vt 0.03005 0.96234
vt 0.03615 1.00034
vt 0.06362 0.98316
vt 0.01069 0.98316
vt 0.06362 0.97040
vt 0.01069 0.97040
vt 0.01680 0.98316
vt 0.01680 0.93023
vt 0.01069 0.93023
vt 0.01680 0.97040
vt 0.05449 1.02028
vt 0.02156 1.02028
vt 0.05449 1.00753
vt 0.02156 1.00753
vt 0.02766 1.02028
vt 0.02766 0.98736
vt 0.02156 0.98736
vt 0.02766 1.00753
vt 0.05745 1.01727
vt -0.01048 1.01727
vt 0.05745 0.99452
vt -0.01048 0.99452
vt -0.00437 1.01727
vt -0.00437 0.94934
vt -0.01048 0.94934
vt -0.00437 0.99452
vt 5.53848 -4.25000
vt 5.50000 -4.25000
vt 5.53848 -4.26689
vt 5.50000 -4.26689
vt 5.50718 -4.25000
vt 5.50718 -4.28848
vt 5.50000 -4.28848
vt 5.50718 -4.26689
vt 6.31348 -5.75000
vt 6.25000 -5.75000
vt 6.31348 -5.76689
vt 6.25000 -5.76689
vt 6.25718 -5.75000
vt 6.25718 -5.81348
vt 6.25000 -5.81348
vt 6.25718 -5.76689
vt 1.33268 -0.50000
vt 1.25000 -0.50000
vt 1.33268 -0.53482
vt 1.25000 -0.53482
vt 1.25718 -0.50000
vt 1.25718 -0.58268
vt 1.25000 -0.58268
vt 1.25718 -0.53482
vt 3.79268 -1.25000
vt 3.75000 -1.25000
vt 3.79268 -1.30672
vt 3.75000 -1.30672
vt 3.75643 -1.25000
vt 3.75643 -1.29268
vt 3.75000 -1.29268
vt 3.75643 -1.30672
vt 7.31768 -4.25000
vt 7.25000 -4.25000
vt 7.31768 -4.29672
vt 7.25000 -4.29672
vt 7.25643 -4.25000
vt 7.25643 -4.31768
vt 7.25000 -4.31768
vt 7.25643 -4.29672
vt 7.83268 -4.25000
vt 7.75000 -4.25000
vt 7.83268 -4.28672
vt 7.75000 -4.28672
vt 7.75643 -4.25000
vt 7.75643 -4.33268
vt 7.75000 -4.33268
vt 7.75643 -4.28672
vt 0.26651 0.00000
vt 0.25000 0.00000
vt 0.26651 -0.01624
vt 0.25000 -0.01624
vt 0.25330 0.00000
vt 0.25330 -0.01651
vt 0.25000 -0.01651
vt 0.25330 -0.01624
vt 5.51651 0.50000
vt 5.50000 0.50000
vt 5.51651 0.48376
vt 5.50000 0.48376
vt 5.51178 0.50000
vt 5.51178 0.48349
vt 5.50000 0.48349
vt 5.51178 0.48376
vt 2.87953 -6.75000
vt 2.75000 -6.75000
vt 2.87953 -6.85420
vt 2.75000 -6.85420
vt 2.82918 -6.75000
vt 2.82918 -6.87953
vt 2.75000 -6.87953
vt 2.82918 -6.85420
vt 6.94842 -1.50000
vt 6.75000 -1.50000
vt 6.94842 -1.66256
vt 6.75000 -1.66256
vt 6.88754 -1.50000
vt 6.88754 -1.69842
vt 6.75000 -1.69842
vt 6.88754 -1.66256
vn 1.0000 0.0000 0.0000
vn 0.0000 0.2598 -0.9685
vn 0.0000 0.9685 0.2598
vn -1.0000 0.0000 0.0000
vn 0.0000 -0.2598 0.9685
vn 0.0000 -0.9685 -0.2598
vn 0.0000 0.9370 -0.3386
vn 0.0000 0.3386 0.9370
vn 0.0000 -0.9370 0.3386
vn 0.0000 -0.3386 -0.9370
vn 0.7087 -0.1811 0.6850
vn 0.6299 -0.2835 -0.7244
vn -0.6299 -0.2835 -0.7244
vn -0.7087 -0.1811 0.6850
vn 0.0000 1.0000 0.0000
vn 0.0000 0.0000 1.0000
vn 0.0000 -1.0000 0.0000
vn 0.0000 0.0000 -1.0000
vn 0.0000 0.8189 -0.5748
vn 0.0000 0.5748 0.8189
vn 0.0000 -0.8189 0.5748
vn 0.0000 -0.5748 -0.8189
vn 0.0000 0.9843 0.1732
vn 0.0000 -0.1732 0.9843
vn 0.0000 -0.9843 -0.1732
vn 0.0000 0.1732 -0.9843
vn 0.7087 -0.7087 0.0000
vn 0.6299 0.6299 -0.4646
vn -0.6299 0.6299 -0.4646
vn -0.7087 -0.7087 0.0000
vn 0.0000 0.8189 0.5748
vn 0.0000 -0.5748 0.8189
vn 0.0000 -0.8189 -0.5748
vn 0.0000 0.5748 -0.8189
vn 0.0000 0.9685 -0.2598
vn 0.0000 0.2598 0.9685
vn 0.0000 -0.9685 0.2598
vn 0.0000 -0.2598 -0.9685
vn 0.0000 0.9921 -0.1260
vn 0.0000 0.9685 -0.2520
vn 0.0000 0.9921 -0.1496
vn 0.0000 -0.8661 0.4961
vn 0.0000 0.4961 0.8661
vn 0.0000 0.4882 -0.8740
vn 0.7087 0.4094 0.5827
vn -0.7087 0.4094 0.5827
vn -0.6299 0.0000 -0.7717
vn 0.6299 0.0000 -0.7717
vn 0.0000 0.8661 -0.4961
vn 0.0000 -0.4961 -0.8661
vn 0.6299 -0.4488 -0.6299
vn 0.7087 0.0000 0.7087
vn -0.7087 0.0000 0.7087
vn -0.6299 -0.4488 -0.6299
vn 0.0000 0.9528 -0.3071
vn 0.0000 1.0000 -0.0866
vn 0.0000 0.0866 1.0000
vn 0.0000 -1.0000 0.0866
vn 0.0000 -0.0866 -1.0000
vn 0.0000 0.9843 -0.1732
vn 0.0000 0.1732 0.9843
vn 0.0000 -0.9843 0.1732
vn 0.0000 -0.1732 -0.9843
vn 0.0000 0.9291 -0.3780
vn 0.0000 0.9213 -0.3780
vn 0.9213 0.0000 -0.3937
vn -0.9213 0.0000 -0.3937
vn 0.9055 -0.4252 0.0000
vn 0.4252 0.9055 0.0000
vn -0.9055 0.4252 0.0000
vn -0.4252 -0.9055 0.0000
vn 0.9055 0.4252 0.0000
vn -0.4252 0.9055 0.0000
vn -0.9055 -0.4252 0.0000
vn 0.4252 -0.9055 0.0000
vn 0.0000 0.4961 -0.8661
vn 0.9449 0.0000 -0.3228
vn -0.9449 0.0000 -0.3228
vn 0.9370 -0.0315 -0.3543
vn -0.9370 -0.0315 -0.3543
vn 0.0000 0.6614 -0.7480
vn 0.0000 0.7953 -0.6063
vn 0.9685 -0.0866 -0.2441
vn 0.9685 0.0866 0.2441
vn 0.0000 0.8583 -0.5197
vn 0.2598 0.3307 0.9055
vn -0.2598 0.3307 0.9055
vn -0.9685 -0.0866 -0.2441
vn -0.9685 0.0866 0.2441
vn 0.2598 -0.3307 -0.9055
vn -0.2598 -0.3307 -0.9055

o arm_L
usemtl c_aa5500
f 1/1/1 2/2/1 3/3/1
f 3/3/1 2/2/1 4/4/1
f 5/5/2 2/2/2 6/6/2
f 6/6/2 2/2/2 1/7/2
f 2/5/3 5/2/3 4/8/3
f 4/8/3 5/2/3 7/4/3
f 5/1/4 6/2/4 7/3/4
f 7/3/4 6/2/4 8/4/4
f 8/5/5 3/2/5 7/6/5
f 7/6/5 3/2/5 4/7/5
f 6/5/6 1/2/6 8/8/6
f 8/8/6 1/2/6 3/4/6
f 9/9/1 10/10/1 11/11/1
f 11/11/1 10/10/1 12/12/1
f 13/13/2 10/10/2 14/14/2
f 14/14/2 10/10/2 9/15/2
f 10/13/3 13/10/3 12/16/3
f 12/16/3 13/10/3 15/12/3
f 13/9/4 14/10/4 15/11/4
f 15/11/4 14/10/4 16/12/4
f 16/13/5 11/10/5 15/14/5
f 15/14/5 11/10/5 12/15/5
f 14/13/6 9/10/6 16/16/6
f 16/16/6 9/10/6 11/12/6
f 17/17/1 18/18/1 19/19/1
f 19/19/1 18/18/1 20/20/1
f 21/21/7 18/18/7 22/22/7
f 22/22/7 18/18/7 17/23/7
f 18/21/8 21/18/8 20/24/8
f 20/24/8 21/18/8 23/20/8
f 21/17/4 22/18/4 23/19/4
f 23/19/4 22/18/4 24/20/4
f 24/21/9 19/18/9 23/22/9
f 23/22/9 19/18/9 20/23/9
f 22/21/10 17/18/10 24/24/10
f 24/24/10 17/18/10 19/20/10
usemtl c_f8f8f8
f 25/25/11 25/25/11 26/26/11
f 26/26/11 25/25/11 27/27/11
f 25/25/12 25/25/12 27/28/12
f 27/28/12 25/25/12 28/29/12
f 25/30/13 25/30/13 28/28/13
f 28/28/13 25/30/13 29/29/13
f 29/25/3 26/30/3 28/31/3
f 28/31/3 26/30/3 27/32/3
f 25/30/14 25/30/14 29/26/14
f 29/26/14 25/30/14 26/27/14
f 30/33/11 30/33/11 31/34/11
f 31/34/11 30/33/11 32/35/11
f 30/33/12 30/33/12 32/36/12
f 32/36/12 30/33/12 33/37/12
f 30/38/13 30/38/13 33/36/13
f 33/36/13 30/38/13 34/37/13
f 34/33/3 31/38/3 33/39/3
f 33/39/3 31/38/3 32/40/3
f 30/38/14 30/38/14 34/34/14
f 34/34/14 30/38/14 31/35/14
usemtl c_111111
f 35/41/1 36/42/1 37/43/1
f 37/43/1 36/42/1 38/44/1
f 39/45/2 36/42/2 40/46/2
f 40/46/2 36/42/2 35/47/2
f 36/45/3 39/42/3 38/48/3
f 38/48/3 39/42/3 41/44/3
f 39/41/4 40/42/4 41/43/4
f 41/43/4 40/42/4 42/44/4
f 42/45/5 37/42/5 41/46/5
f 41/46/5 37/42/5 38/47/5
f 40/45/6 35/42/6 42/48/6
f 42/48/6 35/42/6 37/44/6
o arm_R
usemtl c_111111
f 43/49/1 44/50/1 45/51/1
f 45/51/1 44/50/1 46/52/1
f 47/53/2 44/50/2 48/54/2
f 48/54/2 44/50/2 43/55/2
f 44/53/3 47/50/3 46/56/3
f 46/56/3 47/50/3 49/52/3
f 47/49/4 48/50/4 49/51/4
f 49/51/4 48/50/4 50/52/4
f 50/53/5 45/50/5 49/54/5
f 49/54/5 45/50/5 46/55/5
f 48/53/6 43/50/6 50/56/6
f 50/56/6 43/50/6 45/52/6
usemtl c_f8f8f8
f 51/57/11 51/57/11 52/58/11
f 52/58/11 51/57/11 53/59/11
f 51/57/12 51/57/12 53/60/12
f 53/60/12 51/57/12 54/61/12
f 51/62/13 51/62/13 54/60/13
f 54/60/13 51/62/13 55/61/13
f 55/57/3 52/62/3 54/63/3
f 54/63/3 52/62/3 53/64/3
f 51/62/14 51/62/14 55/58/14
f 55/58/14 51/62/14 52/59/14
f 56/65/11 56/65/11 57/66/11
f 57/66/11 56/65/11 58/67/11
f 56/65/12 56/65/12 58/68/12
f 58/68/12 56/65/12 59/69/12
f 56/70/13 56/70/13 59/68/13
f 59/68/13 56/70/13 60/69/13
f 60/65/3 57/70/3 59/71/3
f 59/71/3 57/70/3 58/72/3
f 56/70/14 56/70/14 60/66/14
f 60/66/14 56/70/14 57/67/14
usemtl c_aa5500
f 61/73/1 62/74/1 63/75/1
f 63/75/1 62/74/1 64/76/1
f 65/77/2 62/74/2 66/78/2
f 66/78/2 62/74/2 61/79/2
f 62/77/3 65/74/3 64/80/3
f 64/80/3 65/74/3 67/76/3
f 65/73/4 66/74/4 67/75/4
f 67/75/4 66/74/4 68/76/4
f 68/77/5 63/74/5 67/78/5
f 67/78/5 63/74/5 64/79/5
f 66/77/6 61/74/6 68/80/6
f 68/80/6 61/74/6 63/76/6
f 69/81/1 70/82/1 71/83/1
f 71/83/1 70/82/1 72/84/1
f 73/85/2 70/82/2 74/86/2
f 74/86/2 70/82/2 69/87/2
f 70/85/3 73/82/3 72/88/3
f 72/88/3 73/82/3 75/84/3
f 73/81/4 74/82/4 75/83/4
f 75/83/4 74/82/4 76/84/4
f 76/85/5 71/82/5 75/86/5
f 75/86/5 71/82/5 72/87/5
f 74/85/6 69/82/6 76/88/6
f 76/88/6 69/82/6 71/84/6
f 77/89/1 78/90/1 79/91/1
f 79/91/1 78/90/1 80/92/1
f 81/93/7 78/90/7 82/94/7
f 82/94/7 78/90/7 77/95/7
f 78/93/8 81/90/8 80/96/8
f 80/96/8 81/90/8 83/92/8
f 81/89/4 82/90/4 83/91/4
f 83/91/4 82/90/4 84/92/4
f 84/93/9 79/90/9 83/94/9
f 83/94/9 79/90/9 80/95/9
f 82/93/10 77/90/10 84/96/10
f 84/96/10 77/90/10 79/92/10
o leg_L
usemtl c_aa5500
f 85/97/1 86/98/1 87/99/1
f 87/99/1 86/98/1 88/100/1
f 89/101/15 86/98/15 90/102/15
f 90/102/15 86/98/15 85/103/15
f 86/101/16 89/98/16 88/104/16
f 88/104/16 89/98/16 91/100/16
f 89/97/4 90/98/4 91/99/4
f 91/99/4 90/98/4 92/100/4
f 92/101/17 87/98/17 91/102/17
f 91/102/17 87/98/17 88/103/17
f 90/101/18 85/98/18 92/104/18
f 92/104/18 85/98/18 87/100/18
f 93/105/1 94/106/1 95/107/1
f 95/107/1 94/106/1 96/108/1
f 97/109/19 94/106/19 98/110/19
f 98/110/19 94/106/19 93/111/19
f 94/109/20 97/106/20 96/112/20
f 96/112/20 97/106/20 99/108/20
f 97/105/4 98/106/4 99/107/4
f 99/107/4 98/106/4 100/108/4
f 100/109/21 95/106/21 99/110/21
f 99/110/21 95/106/21 96/111/21
f 98/109/22 93/106/22 100/112/22
f 100/112/22 93/106/22 95/108/22
f 101/113/1 102/114/1 103/115/1
f 103/115/1 102/114/1 104/116/1
f 105/117/23 102/114/23 106/118/23
f 106/118/23 102/114/23 101/119/23
f 102/117/24 105/114/24 104/120/24
f 104/120/24 105/114/24 107/116/24
f 105/113/4 106/114/4 107/115/4
f 107/115/4 106/114/4 108/116/4
f 108/117/25 103/114/25 107/118/25
f 107/118/25 103/114/25 104/119/25
f 106/117/26 101/114/26 108/120/26
f 108/120/26 101/114/26 103/116/26
usemtl c_111111
f 109/121/1 110/122/1 111/123/1
f 111/123/1 110/122/1 112/124/1
f 113/125/15 110/122/15 114/126/15
f 114/126/15 110/122/15 109/127/15
f 110/125/16 113/122/16 112/128/16
f 112/128/16 113/122/16 115/124/16
f 113/121/4 114/122/4 115/123/4
f 115/123/4 114/122/4 116/124/4
f 116/125/17 111/122/17 115/126/17
f 115/126/17 111/122/17 112/127/17
f 114/125/18 109/122/18 116/128/18
f 116/128/18 109/122/18 111/124/18
f 117/129/1 118/130/1 119/131/1
f 118/130/1 117/129/1 120/132/1
f 121/133/1 122/134/1 123/135/1
f 122/134/1 121/133/1 124/136/1
f 125/137/1 126/138/1 127/139/1
f 128/140/1 126/138/1 125/137/1
f 129/141/1 130/142/1 131/143/1
f 131/143/1 130/142/1 132/144/1
f 133/145/23 121/146/23 134/147/23
f 121/146/23 123/148/23 134/147/23
f 135/149/23 118/150/23 136/151/23
f 118/150/23 120/152/23 136/151/23
f 137/153/7 125/154/7 138/155/7
f 125/154/7 127/156/7 138/155/7
f 139/157/7 140/158/7 131/159/7
f 139/157/7 131/159/7 132/160/7
f 141/161/24 119/162/24 135/163/24
f 118/164/24 135/163/24 119/162/24
f 142/165/24 124/166/24 133/167/24
f 121/168/24 133/167/24 124/166/24
f 143/169/8 129/170/8 140/171/8
f 140/171/8 129/170/8 131/172/8
f 137/173/8 128/174/8 125/175/8
f 144/176/8 128/174/8 137/173/8
f 138/177/4 144/178/4 137/179/4
f 144/178/4 138/177/4 145/180/4
f 146/181/4 143/182/4 139/183/4
f 139/183/4 143/182/4 140/184/4
f 134/185/4 142/186/4 133/187/4
f 147/188/4 142/186/4 134/185/4
f 148/189/4 141/190/4 136/191/4
f 136/191/4 141/190/4 135/192/4
f 143/193/9 130/194/9 129/195/9
f 130/194/9 143/193/9 146/196/9
f 117/197/25 119/198/25 141/199/25
f 148/200/25 117/197/25 141/199/25
f 147/201/25 122/202/25 142/203/25
f 122/202/25 124/204/25 142/203/25
f 126/205/9 144/206/9 145/207/9
f 144/206/9 126/205/9 128/208/9
f 127/209/10 145/210/10 138/211/10
f 145/210/10 127/209/10 126/212/10
f 146/213/10 132/214/10 130/215/10
f 132/214/10 146/213/10 139/216/10
f 134/217/26 123/218/26 147/219/26
f 123/218/26 122/220/26 147/219/26
f 136/221/26 120/222/26 148/223/26
f 117/224/26 148/223/26 120/222/26
usemtl c_1b2a35
f 149/225/1 150/226/1 151/227/1
f 151/227/1 150/226/1 152/228/1
f 153/229/15 150/226/15 154/230/15
f 154/230/15 150/226/15 149/231/15
f 150/229/16 153/226/16 152/232/16
f 152/232/16 153/226/16 155/228/16
f 153/225/4 154/226/4 155/227/4
f 155/227/4 154/226/4 156/228/4
f 156/229/17 151/226/17 155/230/17
f 155/230/17 151/226/17 152/231/17
f 154/229/18 149/226/18 156/232/18
f 156/232/18 149/226/18 151/228/18
f 157/233/27 158/234/27 159/235/27
f 160/236/28 159/235/28 158/234/28
f 161/234/27 162/235/27 163/233/27
f 162/235/28 161/234/28 164/236/28
f 165/237/28 166/238/28 167/239/28
f 159/240/16 160/241/16 157/242/16
f 168/243/16 157/242/16 160/241/16
f 162/244/16 164/245/16 163/246/16
f 169/247/16 163/246/16 164/245/16
f 170/248/16 166/249/16 165/250/16
f 170/248/16 165/250/16 171/251/16
f 164/252/29 161/253/29 169/254/29
f 171/255/29 165/256/29 167/257/29
f 167/257/30 170/258/30 171/255/30
f 158/253/30 157/259/30 168/254/30
f 158/253/29 168/254/29 160/252/29
f 161/260/30 163/261/30 169/262/30
f 166/263/27 170/237/27 167/239/27
o leg_R
usemtl c_aa5500
f 172/264/1 173/265/1 174/266/1
f 174/266/1 173/265/1 175/267/1
f 176/268/15 173/265/15 177/269/15
f 177/269/15 173/265/15 172/270/15
f 173/268/16 176/265/16 175/271/16
f 175/271/16 176/265/16 178/267/16
f 176/264/4 177/265/4 178/266/4
f 178/266/4 177/265/4 179/267/4
f 179/268/17 174/265/17 178/269/17
f 178/269/17 174/265/17 175/270/17
f 177/268/18 172/265/18 179/271/18
f 179/271/18 172/265/18 174/267/18
f 180/272/1 181/273/1 182/274/1
f 182/274/1 181/273/1 183/275/1
f 184/276/19 181/273/19 185/277/19
f 185/277/19 181/273/19 180/278/19
f 181/276/20 184/273/20 183/279/20
f 183/279/20 184/273/20 186/275/20
f 184/272/4 185/273/4 186/274/4
f 186/274/4 185/273/4 187/275/4
f 187/276/21 182/273/21 186/277/21
f 186/277/21 182/273/21 183/278/21
f 185/276/22 180/273/22 187/279/22
f 187/279/22 180/273/22 182/275/22
f 188/280/1 189/281/1 190/282/1
f 190/282/1 189/281/1 191/283/1
f 192/284/23 189/281/23 193/285/23
f 193/285/23 189/281/23 188/286/23
f 189/284/24 192/281/24 191/287/24
f 191/287/24 192/281/24 194/283/24
f 192/280/4 193/281/4 194/282/4
f 194/282/4 193/281/4 195/283/4
f 195/284/25 190/281/25 194/285/25
f 194/285/25 190/281/25 191/286/25
f 193/284/26 188/281/26 195/287/26
f 195/287/26 188/281/26 190/283/26
usemtl c_111111
f 196/288/1 197/289/1 198/290/1
f 198/290/1 197/289/1 199/291/1
f 200/292/1 201/293/1 202/294/1
f 202/294/1 201/293/1 203/295/1
f 204/296/1 205/297/1 206/298/1
f 205/297/1 204/296/1 207/299/1
f 208/300/1 209/301/1 210/302/1
f 209/301/1 208/300/1 211/303/1
f 205/304/23 207/305/23 212/306/23
f 213/307/23 205/304/23 212/306/23
f 208/308/23 210/309/23 214/310/23
f 215/311/23 208/308/23 214/310/23
f 216/312/7 202/313/7 217/314/7
f 202/313/7 203/315/7 217/314/7
f 218/316/7 219/317/7 198/318/7
f 218/316/7 198/318/7 199/319/7
f 220/320/24 211/321/24 215/322/24
f 208/323/24 215/322/24 211/321/24
f 205/324/24 213/325/24 206/326/24
f 221/327/24 206/326/24 213/325/24
f 222/328/8 196/329/8 219/330/8
f 219/330/8 196/329/8 198/331/8
f 223/332/8 200/333/8 216/334/8
f 216/334/8 200/333/8 202/335/8
f 224/336/4 220/337/4 214/338/4
f 214/338/4 220/337/4 215/339/4
f 212/340/4 221/341/4 213/342/4
f 225/343/4 221/341/4 212/340/4
f 226/344/4 222/345/4 218/346/4
f 218/346/4 222/345/4 219/347/4
f 223/348/4 217/349/4 227/350/4
f 217/349/4 223/348/4 216/351/4
f 222/352/9 197/353/9 196/354/9
f 197/353/9 222/352/9 226/355/9
f 224/356/25 209/357/25 220/358/25
f 209/357/25 211/359/25 220/358/25
f 204/360/25 206/361/25 221/362/25
f 225/363/25 204/360/25 221/362/25
f 201/364/9 223/365/9 227/366/9
f 223/365/9 201/364/9 200/367/9
f 203/368/10 227/369/10 217/370/10
f 227/369/10 203/368/10 201/371/10
f 226/372/10 199/373/10 197/374/10
f 199/373/10 226/372/10 218/375/10
f 207/376/26 204/377/26 225/378/26
f 212/379/26 207/376/26 225/378/26
f 209/380/26 224/381/26 210/382/26
f 214/383/26 210/382/26 224/381/26
f 228/384/1 229/385/1 230/386/1
f 230/386/1 229/385/1 231/387/1
f 232/388/15 229/385/15 233/389/15
f 233/389/15 229/385/15 228/390/15
f 229/388/16 232/385/16 231/391/16
f 231/391/16 232/385/16 234/387/16
f 232/384/4 233/385/4 234/386/4
f 234/386/4 233/385/4 235/387/4
f 235/388/17 230/385/17 234/389/17
f 234/389/17 230/385/17 231/390/17
f 233/388/18 228/385/18 235/391/18
f 235/391/18 228/385/18 230/387/18
f 236/392/27 237/393/27 238/394/27
f 239/395/28 238/394/28 237/393/28
f 240/396/28 241/397/28 242/398/28
f 241/397/27 243/399/27 242/398/27
f 244/395/28 245/400/28 246/393/28
f 238/401/16 239/402/16 236/403/16
f 247/404/16 236/403/16 239/402/16
f 248/405/16 245/406/16 244/407/16
f 249/408/16 248/405/16 244/407/16
f 243/409/16 241/410/16 240/411/16
f 243/409/16 240/411/16 250/412/16
f 246/413/30 248/414/30 249/415/30
f 244/416/29 246/413/29 249/415/29
f 250/417/29 240/418/29 242/399/29
f 242/399/30 243/398/30 250/417/30
f 247/415/29 239/416/29 237/413/29
f 245/419/27 248/420/27 246/421/27
f 237/422/30 236/423/30 247/424/30
usemtl c_1b2a35
f 251/425/1 252/426/1 253/427/1
f 253/427/1 252/426/1 254/428/1
f 255/429/15 252/426/15 256/430/15
f 256/430/15 252/426/15 251/431/15
f 252/429/16 255/426/16 254/432/16
f 254/432/16 255/426/16 257/428/16
f 255/425/4 256/426/4 257/427/4
f 257/427/4 256/426/4 258/428/4
f 258/429/17 253/426/17 257/430/17
f 257/430/17 253/426/17 254/431/17
f 256/429/18 251/426/18 258/432/18
f 258/432/18 251/426/18 253/428/18
o tail01
usemtl c_111111
f 259/433/1 260/434/1 261/435/1
f 261/435/1 260/434/1 262/436/1
f 263/437/3 260/434/3 264/438/3
f 264/438/3 260/434/3 259/439/3
f 260/437/5 263/434/5 262/440/5
f 262/440/5 263/434/5 265/436/5
f 263/433/4 264/434/4 265/435/4
f 265/435/4 264/434/4 266/436/4
f 266/437/6 261/434/6 265/438/6
f 265/438/6 261/434/6 262/439/6
f 264/437/2 259/434/2 266/440/2
f 266/440/2 259/434/2 261/436/2
usemtl c_aa5500
f 267/441/1 268/442/1 269/443/1
f 269/443/1 268/442/1 270/444/1
f 271/445/3 268/442/3 272/446/3
f 272/446/3 268/442/3 267/447/3
f 268/445/5 271/442/5 270/448/5
f 270/448/5 271/442/5 273/444/5
f 271/441/4 272/442/4 273/443/4
f 273/443/4 272/442/4 274/444/4
f 274/445/6 269/442/6 273/446/6
f 273/446/6 269/442/6 270/447/6
f 272/445/2 267/442/2 274/448/2
f 274/448/2 267/442/2 269/444/2
o torso
usemtl c_a1a5a2
f 275/449/1 276/434/1 277/450/1
f 277/450/1 276/434/1 278/451/1
f 279/452/23 276/434/23 280/453/23
f 280/453/23 276/434/23 275/454/23
f 276/452/24 279/434/24 278/455/24
f 278/455/24 279/434/24 281/451/24
f 279/449/4 280/434/4 281/450/4
f 281/450/4 280/434/4 282/451/4
f 282/452/25 277/434/25 281/453/25
f 281/453/25 277/434/25 278/454/25
f 280/452/26 275/434/26 282/455/26
f 282/455/26 275/434/26 277/451/26
usemtl c_111111
f 283/456/1 284/457/1 285/458/1
f 284/457/1 283/456/1 286/459/1
f 287/460/1 288/461/1 289/462/1
f 289/462/1 288/461/1 290/463/1
f 291/464/1 292/465/1 293/466/1
f 292/465/1 291/464/1 294/467/1
f 295/459/1 296/468/1 297/457/1
f 298/469/1 297/457/1 296/468/1
f 299/470/23 298/471/23 300/472/23
f 298/471/23 296/473/23 300/472/23
f 297/474/23 284/475/23 286/476/23
f 286/476/23 295/477/23 297/474/23
f 301/478/23 302/479/23 303/480/23
f 303/480/23 304/481/23 301/478/23
f 305/482/7 291/483/7 306/484/7
f 291/483/7 293/485/7 306/484/7
f 307/486/31 289/487/31 308/488/31
f 289/487/31 290/489/31 308/488/31
f 289/490/32 307/491/32 287/492/32
f 309/493/32 287/492/32 307/491/32
f 310/494/24 311/495/24 285/496/24
f 312/497/24 285/496/24 311/495/24
f 310/494/24 285/496/24 284/498/24
f 302/499/24 312/497/24 311/495/24
f 311/495/24 310/494/24 302/499/24
f 302/499/24 301/500/24 312/497/24
f 297/501/24 310/494/24 284/498/24
f 302/499/24 310/494/24 299/502/24
f 299/502/24 310/494/24 297/501/24
f 298/503/24 299/502/24 297/501/24
f 291/504/8 305/505/8 294/506/8
f 313/507/8 294/506/8 305/505/8
f 314/508/4 312/509/4 304/510/4
f 301/511/4 304/510/4 312/509/4
f 307/512/4 308/513/4 309/514/4
f 315/515/4 309/514/4 308/513/4
f 306/516/4 313/517/4 305/518/4
f 316/519/4 313/517/4 306/516/4
f 303/510/4 299/520/4 300/521/4
f 303/510/4 302/511/4 299/520/4
f 315/522/33 288/523/33 309/524/33
f 288/523/33 287/525/33 309/524/33
f 285/526/25 312/527/25 283/528/25
f 314/529/25 283/528/25 312/527/25
f 316/530/9 292/531/9 313/532/9
f 292/531/9 294/533/9 313/532/9
f 293/534/10 292/535/10 316/536/10
f 306/537/10 293/534/10 316/536/10
f 286/538/26 283/539/26 314/540/26
f 295/541/26 286/538/26 314/540/26
f 314/540/26 303/542/26 295/541/26
f 314/540/26 304/543/26 303/542/26
f 303/542/26 300/544/26 295/541/26
f 296/545/26 295/541/26 300/544/26
f 290/546/34 288/547/34 315/548/34
f 308/549/34 290/546/34 315/548/34
f 317/550/1 318/551/1 319/552/1
f 320/553/1 319/552/1 318/551/1
f 321/554/1 322/555/1 323/556/1
f 324/557/1 323/556/1 322/555/1
f 323/558/35 324/559/35 325/560/35
f 326/561/35 323/558/35 325/560/35
f 319/562/35 320/563/35 327/564/35
f 328/565/35 319/562/35 327/564/35
f 319/566/36 328/567/36 317/568/36
f 329/569/36 317/568/36 328/567/36
f 323/570/36 326/571/36 321/572/36
f 330/573/36 321/572/36 326/571/36
f 328/574/4 327/575/4 329/576/4
f 327/575/4 331/577/4 329/576/4
f 326/578/4 325/579/4 330/580/4
f 325/579/4 332/581/4 330/580/4
f 318/582/37 317/583/37 329/584/37
f 331/585/37 318/582/37 329/584/37
f 322/586/37 321/587/37 330/588/37
f 332/589/37 322/586/37 330/588/37
f 320/590/38 318/591/38 331/592/38
f 327/593/38 320/590/38 331/592/38
f 324/594/38 322/595/38 332/596/38
f 325/597/38 324/594/38 332/596/38
usemtl c_aa5500
f 333/598/1 334/599/1 335/600/1
f 335/600/1 334/599/1 336/601/1
f 337/602/23 334/599/23 338/603/23
f 338/603/23 334/599/23 333/604/23
f 334/602/24 337/599/24 336/605/24
f 336/605/24 337/599/24 339/601/24
f 337/598/4 338/599/4 339/600/4
f 339/600/4 338/599/4 340/601/4
f 340/602/25 335/599/25 339/603/25
f 339/603/25 335/599/25 336/604/25
f 338/602/26 333/599/26 340/605/26
f 340/605/26 333/599/26 335/601/26
f 341/606/1 342/607/1 343/608/1
f 343/608/1 342/607/1 344/609/1
f 345/610/35 342/607/35 346/611/35
f 346/611/35 342/607/35 341/612/35
f 342/610/36 345/607/36 344/613/36
f 344/613/36 345/607/36 347/609/36
f 345/606/4 346/607/4 347/608/4
f 347/608/4 346/607/4 348/609/4
f 348/610/37 343/607/37 347/611/37
f 347/611/37 343/607/37 344/612/37
f 346/610/38 341/607/38 348/613/38
f 348/613/38 341/607/38 343/609/38
f 349/614/1 350/615/1 351/616/1
f 351/616/1 350/615/1 352/617/1
f 353/618/23 350/615/23 354/619/23
f 354/619/23 350/615/23 349/620/23
f 350/618/24 353/615/24 352/621/24
f 352/621/24 353/615/24 355/617/24
f 353/614/4 354/615/4 355/616/4
f 355/616/4 354/615/4 356/617/4
f 356/618/25 351/615/25 355/619/25
f 355/619/25 351/615/25 352/620/25
f 354/618/26 349/615/26 356/621/26
f 356/621/26 349/615/26 351/617/26
usemtl c_564236
f 357/434/4 357/434/4 358/622/4
f 358/622/4 357/434/4 359/623/4
f 357/624/25 360/434/25 359/625/25
f 359/625/25 360/434/25 361/623/25
f 360/626/1 360/626/1 361/622/1
f 361/622/1 360/626/1 362/623/1
f 362/624/24 358/434/24 361/627/24
f 361/627/24 358/434/24 359/628/24
f 360/624/39 357/434/39 362/629/39
f 362/629/39 357/434/39 358/630/39
usemtl c_dfdfde
f 363/434/4 363/434/4 364/631/4
f 364/631/4 363/434/4 365/632/4
f 363/633/25 366/434/25 365/634/25
f 365/634/25 366/434/25 367/632/25
f 366/626/1 366/626/1 367/631/1
f 367/631/1 366/626/1 368/632/1
f 368/633/24 364/434/24 367/635/24
f 367/635/24 364/434/24 365/628/24
f 366/633/40 363/434/40 368/636/40
f 368/636/40 363/434/40 364/637/40
usemtl c_957977
f 369/434/4 369/434/4 370/638/4
f 370/638/4 369/434/4 371/639/4
f 369/624/25 372/434/25 371/640/25
f 371/640/25 372/434/25 373/639/25
f 372/626/1 372/626/1 373/638/1
f 373/638/1 372/626/1 374/639/1
f 374/624/24 370/434/24 373/627/24
f 373/627/24 370/434/24 371/628/24
f 372/624/41 369/434/41 374/641/41
f 374/641/41 369/434/41 370/642/41
o tail02
usemtl c_111111
f 375/433/1 376/434/1 377/643/1
f 377/643/1 376/434/1 378/644/1
f 379/645/23 376/434/23 380/646/23
f 380/646/23 376/434/23 375/439/23
f 376/645/24 379/434/24 378/647/24
f 378/647/24 379/434/24 381/644/24
f 379/433/4 380/434/4 381/643/4
f 381/643/4 380/434/4 382/644/4
f 382/645/25 377/434/25 381/646/25
f 381/646/25 377/434/25 378/439/25
f 380/645/26 375/434/26 382/647/26
f 382/647/26 375/434/26 377/644/26
usemtl c_aa5500
f 383/648/1 384/649/1 385/650/1
f 385/650/1 384/649/1 386/651/1
f 387/652/23 384/649/23 388/653/23
f 388/653/23 384/649/23 383/654/23
f 384/652/24 387/649/24 386/655/24
f 386/655/24 387/649/24 389/651/24
f 387/648/4 388/649/4 389/650/4
f 389/650/4 388/649/4 390/651/4
f 390/652/25 385/649/25 389/653/25
f 389/653/25 385/649/25 386/654/25
f 388/652/26 383/649/26 390/655/26
f 390/655/26 383/649/26 385/651/26
o mouth
usemtl c_966766
f 391/656/4 391/656/4 392/657/4
f 392/657/4 391/656/4 393/658/4
f 391/659/42 394/656/42 393/660/42
f 393/660/42 394/656/42 395/658/42
f 394/661/1 394/661/1 395/657/1
f 395/657/1 394/661/1 396/658/1
f 396/659/43 392/656/43 395/662/43
f 395/662/43 392/656/43 393/663/43
f 394/659/44 391/656/44 396/664/44
f 396/664/44 391/656/44 392/665/44
f 397/666/4 397/666/4 398/667/4
f 398/667/4 397/666/4 399/668/4
f 397/669/42 400/666/42 399/670/42
f 399/670/42 400/666/42 401/668/42
f 400/671/1 400/671/1 401/667/1
f 401/667/1 400/671/1 402/668/1
f 402/669/43 398/666/43 401/672/43
f 401/672/43 398/666/43 399/673/43
f 400/669/44 397/666/44 402/674/44
f 402/674/44 397/666/44 398/675/44
usemtl c_d7c59a
f 403/676/45 404/677/45 405/678/45
f 406/679/45 407/680/45 408/681/45
f 409/676/45 410/677/45 411/678/45
f 412/679/45 413/680/45 414/681/45
f 411/682/46 415/683/46 409/684/46
f 414/685/46 416/686/46 412/687/46
f 405/682/46 417/683/46 403/684/46
f 408/685/46 418/686/46 406/687/46
f 419/688/21 410/689/21 409/690/21
f 415/691/21 419/688/21 409/690/21
f 420/692/21 413/693/21 412/694/21
f 416/695/21 420/692/21 412/694/21
f 421/696/21 404/697/21 403/698/21
f 417/699/21 421/696/21 403/698/21
f 422/700/21 407/701/21 406/702/21
f 418/703/21 422/700/21 406/702/21
f 414/704/47 420/705/47 416/706/47
f 408/707/48 407/708/48 422/709/48
f 411/710/47 419/711/47 415/712/47
f 405/713/48 404/714/48 421/715/48
f 414/704/48 413/716/48 420/705/48
f 408/707/47 422/709/47 418/717/47
f 411/710/48 410/718/48 419/711/48
f 405/713/47 421/715/47 417/719/47
usemtl c_a34b4b
f 423/720/1 424/721/1 425/722/1
f 425/722/1 424/721/1 426/723/1
f 427/724/23 424/721/23 428/725/23
f 428/725/23 424/721/23 423/726/23
f 424/724/24 427/721/24 426/727/24
f 426/727/24 427/721/24 429/723/24
f 427/720/4 428/721/4 429/722/4
f 429/722/4 428/721/4 430/723/4
f 430/724/25 425/721/25 429/725/25
f 429/725/25 425/721/25 426/726/25
f 428/724/26 423/721/26 430/727/26
f 430/727/26 423/721/26 425/723/26
f 431/728/1 432/729/1 426/730/1
f 426/730/1 432/729/1 433/731/1
f 434/732/49 432/729/49 435/733/49
f 435/733/49 432/729/49 431/734/49
f 432/732/43 434/729/43 433/735/43
f 433/735/43 434/729/43 436/731/43
f 434/728/4 435/729/4 436/730/4
f 436/730/4 435/729/4 429/731/4
f 429/732/42 426/729/42 436/733/42
f 436/733/42 426/729/42 433/734/42
f 435/732/50 431/729/50 429/735/50
f 429/735/50 431/729/50 426/731/50
usemtl c_a1a5a2
f 437/736/1 438/737/1 439/738/1
f 439/738/1 438/737/1 440/739/1
f 441/740/49 438/737/49 442/741/49
f 442/741/49 438/737/49 437/742/49
f 438/740/43 441/737/43 440/743/43
f 440/743/43 441/737/43 443/739/43
f 441/736/4 442/737/4 443/738/4
f 443/738/4 442/737/4 444/739/4
f 444/740/42 439/737/42 443/741/42
f 443/741/42 439/737/42 440/742/42
f 442/740/50 437/737/50 444/743/50
f 444/743/50 437/737/50 439/739/50
f 445/744/1 446/745/1 447/746/1
f 446/745/1 445/744/1 448/747/1
f 449/748/1 450/749/1 451/750/1
f 450/749/1 449/748/1 452/751/1
f 450/752/49 452/753/49 453/754/49
f 454/755/49 450/752/49 453/754/49
f 446/756/49 448/757/49 455/758/49
f 456/759/49 446/756/49 455/758/49
f 446/760/43 456/761/43 447/762/43
f 457/763/43 447/762/43 456/761/43
f 450/764/43 454/765/43 451/766/43
f 458/767/43 451/766/43 454/765/43
f 459/768/4 457/769/4 455/770/4
f 455/770/4 457/769/4 456/771/4
f 460/772/4 458/773/4 453/774/4
f 453/774/4 458/773/4 454/775/4
f 449/776/42 451/777/42 458/778/42
f 460/779/42 449/776/42 458/778/42
f 445/780/42 447/781/42 457/782/42
f 459/783/42 445/780/42 457/782/42
f 449/784/50 460/785/50 452/786/50
f 453/787/50 452/786/50 460/785/50
f 445/788/50 459/789/50 448/790/50
f 455/791/50 448/790/50 459/789/50
o head
usemtl c_d7c59a
f 461/792/51 462/793/51 463/794/51
f 464/795/52 465/796/52 466/797/52
f 467/798/52 468/799/52 469/800/52
f 467/798/51 470/801/51 468/799/51
f 461/792/52 463/794/52 471/802/52
f 472/792/51 473/793/51 474/794/51
f 464/795/51 475/803/51 465/796/51
f 476/798/51 477/801/51 478/799/51
f 472/792/52 474/794/52 479/802/52
f 477/804/15 480/805/15 481/806/15
f 478/807/15 477/804/15 481/806/15
f 482/808/15 483/809/15 484/810/15
f 483/809/15 485/811/15 484/810/15
f 465/812/15 475/813/15 466/814/15
f 475/813/15 486/815/15 466/814/15
f 470/816/15 487/817/15 469/818/15
f 468/819/15 470/816/15 469/818/15
f 473/820/15 488/821/15 479/822/15
f 474/823/15 473/820/15 479/822/15
f 462/824/15 489/825/15 471/826/15
f 463/827/15 462/824/15 471/826/15
f 481/828/53 480/829/53 476/830/53
f 490/831/52 482/832/52 484/833/52
f 466/834/53 486/835/53 464/836/53
f 476/830/52 478/837/52 481/828/52
f 469/838/53 487/839/53 467/840/53
f 472/841/54 488/842/54 473/843/54
f 484/844/53 485/845/53 490/846/53
f 476/847/54 480/848/54 477/849/54
f 479/850/53 488/842/53 472/841/53
f 461/841/54 489/842/54 462/843/54
f 490/846/54 485/845/54 483/851/54
f 467/847/54 487/848/54 470/849/54
f 471/850/53 489/842/53 461/841/53
f 490/852/51 483/853/51 482/854/51
f 464/855/54 486/856/54 475/857/54
usemtl c_aa5500
f 491/858/1 492/434/1 493/859/1
f 493/859/1 492/434/1 494/860/1
f 495/861/15 492/434/15 496/862/15
f 496/862/15 492/434/15 491/863/15
f 492/861/16 495/434/16 494/864/16
f 494/864/16 495/434/16 497/860/16
f 495/858/4 496/434/4 497/859/4
f 497/859/4 496/434/4 498/860/4
f 498/861/17 493/434/17 497/862/17
f 497/862/17 493/434/17 494/863/17
f 496/861/18 491/434/18 498/864/18
f 498/864/18 491/434/18 493/860/18
f 499/865/1 500/866/1 501/867/1
f 501/867/1 500/866/1 502/868/1
f 503/869/15 500/866/15 504/870/15
f 504/870/15 500/866/15 499/871/15
f 500/869/16 503/866/16 502/872/16
f 502/872/16 503/866/16 505/868/16
f 503/865/4 504/866/4 505/867/4
f 505/867/4 504/866/4 506/868/4
f 506/869/17 501/866/17 505/870/17
f 505/870/17 501/866/17 502/871/17
f 504/869/18 499/866/18 506/872/18
f 506/872/18 499/866/18 501/868/18
f 507/434/4 507/434/4 508/873/4
f 508/873/4 507/434/4 509/874/4
f 507/875/17 510/434/17 509/876/17
f 509/876/17 510/434/17 511/874/17
f 510/877/1 510/877/1 511/873/1
f 511/873/1 510/877/1 512/874/1
f 512/875/16 508/434/16 511/878/16
f 511/878/16 508/434/16 509/879/16
f 510/875/55 507/434/55 512/880/55
f 512/880/55 507/434/55 508/881/55
f 513/882/1 514/883/1 515/884/1
f 515/884/1 514/883/1 516/885/1
f 517/886/15 514/883/15 518/887/15
f 518/887/15 514/883/15 513/888/15
f 514/886/16 517/883/16 516/889/16
f 516/889/16 517/883/16 519/885/16
f 517/882/4 518/883/4 519/884/4
f 519/884/4 518/883/4 520/885/4
f 520/886/17 515/883/17 519/887/17
f 519/887/17 515/883/17 516/888/17
f 518/886/18 513/883/18 520/889/18
f 520/889/18 513/883/18 515/885/18
f 521/890/1 522/891/1 523/892/1
f 523/892/1 522/891/1 524/893/1
f 525/894/56 522/891/56 526/895/56
f 526/895/56 522/891/56 521/896/56
f 522/894/57 525/891/57 524/897/57
f 524/897/57 525/891/57 527/893/57
f 525/890/4 526/891/4 527/892/4
f 527/892/4 526/891/4 528/893/4
f 528/894/58 523/891/58 527/895/58
f 527/895/58 523/891/58 524/896/58
f 526/894/59 521/891/59 528/897/59
f 528/897/59 521/891/59 523/893/59
f 529/898/1 530/899/1 531/900/1
f 531/900/1 530/899/1 532/901/1
f 533/902/60 530/899/60 534/903/60
f 534/903/60 530/899/60 529/904/60
f 530/902/61 533/899/61 532/905/61
f 532/905/61 533/899/61 535/901/61
f 533/898/4 534/899/4 535/900/4
f 535/900/4 534/899/4 536/901/4
f 536/902/62 531/899/62 535/903/62
f 535/903/62 531/899/62 532/904/62
f 534/902/63 529/899/63 536/905/63
f 536/905/63 529/899/63 531/901/63
f 537/906/1 538/899/1 539/907/1
f 539/907/1 538/899/1 540/908/1
f 541/909/56 538/899/56 542/910/56
f 542/910/56 538/899/56 537/911/56
f 538/909/57 541/899/57 540/912/57
f 540/912/57 541/899/57 543/908/57
f 541/906/4 542/899/4 543/907/4
f 543/907/4 542/899/4 544/908/4
f 544/909/58 539/899/58 543/910/58
f 543/910/58 539/899/58 540/911/58
f 542/909/59 537/899/59 544/912/59
f 544/912/59 537/899/59 539/908/59
f 545/913/1 546/914/1 547/915/1
f 547/915/1 546/914/1 548/916/1
f 549/917/15 546/914/15 550/918/15
f 550/918/15 546/914/15 545/919/15
f 546/917/16 549/914/16 548/920/16
f 548/920/16 549/914/16 551/916/16
f 549/913/4 550/914/4 551/915/4
f 551/915/4 550/914/4 552/916/4
f 552/917/17 547/914/17 551/918/17
f 551/918/17 547/914/17 548/919/17
f 550/917/18 545/914/18 552/920/18
f 552/920/18 545/914/18 547/916/18
usemtl c_a1a5a2
f 553/921/1 554/922/1 555/923/1
f 555/923/1 554/922/1 556/924/1
f 557/925/15 554/922/15 558/926/15
f 558/926/15 554/922/15 553/927/15
f 554/925/16 557/922/16 556/928/16
f 556/928/16 557/922/16 559/924/16
f 557/921/4 558/922/4 559/923/4
f 559/923/4 558/922/4 560/924/4
f 560/925/17 555/922/17 559/926/17
f 559/926/17 555/922/17 556/927/17
f 558/925/18 553/922/18 560/928/18
f 560/928/18 553/922/18 555/924/18
f 561/929/1 562/930/1 563/931/1
f 564/932/1 565/933/1 566/934/1
f 566/934/1 567/935/1 564/932/1
f 566/934/1 565/933/1 568/936/1
f 569/937/1 566/934/1 570/938/1
f 568/936/1 571/939/1 572/940/1
f 571/939/1 573/941/1 572/940/1
f 572/940/1 574/942/1 570/938/1
f 572/940/1 573/941/1 574/942/1
f 566/934/1 568/936/1 572/940/1
f 566/934/1 572/940/1 570/938/1
f 575/936/1 576/933/1 577/943/1
f 578/944/1 577/943/1 576/933/1
f 576/933/1 579/945/1 578/944/1
f 576/933/1 580/932/1 579/945/1
f 580/932/1 581/946/1 579/945/1
f 582/947/1 581/946/1 580/932/1
f 583/948/1 584/949/1 585/938/1
f 586/950/1 587/951/1 588/952/1
f 587/951/1 589/953/1 588/952/1
f 590/954/1 589/953/1 587/951/1
f 591/955/1 590/954/1 587/951/1
f 591/955/1 587/951/1 586/950/1
f 592/956/1 591/955/1 593/957/1
f 594/958/1 595/959/1 592/956/1
f 596/960/1 591/955/1 586/950/1
f 592/956/1 595/959/1 591/955/1
f 591/955/1 595/959/1 590/961/1
f 591/955/1 590/961/1 590/954/1
f 573/962/49 597/963/49 574/964/49
f 574/964/49 597/963/49 598/965/49
f 582/966/15 599/967/15 600/968/15
f 600/968/15 581/969/15 582/966/15
f 601/970/15 584/971/15 583/972/15
f 583/972/15 602/973/15 601/970/15
f 603/974/55 569/975/55 601/970/55
f 584/971/55 601/970/55 569/975/55
f 569/975/55 570/964/55 584/971/55
f 570/964/55 585/972/55 584/971/55
f 604/973/55 603/974/55 601/970/55
f 604/973/55 605/965/55 603/974/55
f 606/976/64 566/975/64 607/974/64
f 567/977/64 566/975/64 606/976/64
f 596/978/35 586/979/35 608/980/35
f 609/981/35 596/978/35 608/980/35
f 608/980/15 586/979/15 588/982/15
f 608/980/15 588/982/15 610/983/15
f 611/984/65 612/985/65 613/986/65
f 611/984/65 613/986/65 614/968/65
f 611/984/65 578/987/65 612/985/65
f 578/987/65 562/988/65 612/985/65
f 578/987/65 579/969/65 562/988/65
f 579/969/65 563/989/65 562/988/65
f 613/986/65 563/989/65 614/968/65
f 579/969/65 614/968/65 563/989/65
f 615/990/16 561/991/16 613/992/16
f 561/991/16 563/993/16 613/992/16
f 579/994/16 581/995/16 614/996/16
f 600/997/16 614/996/16 581/995/16
f 599/997/16 582/995/16 606/998/16
f 567/999/16 606/998/16 582/995/16
f 616/1000/16 617/1001/16 599/997/16
f 606/998/16 616/1000/16 599/997/16
f 580/1002/16 564/1003/16 567/999/16
f 582/995/16 580/1002/16 567/999/16
f 607/1004/16 566/1005/16 603/1006/16
f 566/1005/16 569/1007/16 603/1006/16
f 577/1008/16 618/1009/16 571/1010/16
f 577/1008/16 568/1003/16 575/1002/16
f 618/1009/16 619/1011/16 571/1010/16
f 618/1009/16 620/1000/16 619/1011/16
f 618/1009/16 621/1001/16 620/1000/16
f 571/1010/16 568/1003/16 577/1008/16
f 583/995/16 570/1012/16 574/1013/16
f 583/995/16 574/1013/16 598/1014/16
f 598/1014/16 602/997/16 583/995/16
f 602/997/16 605/1015/16 604/1016/16
f 598/1014/16 605/1015/16 602/997/16
f 583/995/16 585/1017/16 570/1012/16
f 593/1018/36 591/1019/36 622/1020/36
f 623/1021/36 593/1018/36 622/1020/36
f 594/1022/16 592/1023/16 624/1024/16
f 624/1024/16 592/1023/16 625/1025/16
f 612/1026/4 615/1027/4 613/1028/4
f 626/1029/4 616/1030/4 607/1031/4
f 606/1032/4 607/1031/4 616/1030/4
f 620/1033/4 626/1029/4 607/1031/4
f 605/1034/4 607/1031/4 603/1035/4
f 627/1036/4 619/1037/4 620/1033/4
f 627/1036/4 605/1034/4 598/1038/4
f 597/1039/4 619/1037/4 627/1036/4
f 598/1038/4 597/1039/4 627/1036/4
f 627/1036/4 620/1033/4 607/1031/4
f 627/1036/4 607/1031/4 605/1034/4
f 611/1040/4 614/1041/4 617/1030/4
f 614/1041/4 600/1042/4 617/1030/4
f 600/1042/4 599/1043/4 617/1030/4
f 617/1030/4 628/1029/4 611/1040/4
f 618/1044/4 611/1040/4 628/1029/4
f 621/1033/4 618/1044/4 628/1029/4
f 604/1034/4 601/1045/4 602/1046/4
f 610/1047/4 629/1048/4 630/1049/4
f 631/1050/4 629/1048/4 610/1047/4
f 610/1047/4 630/1049/4 608/1051/4
f 629/1048/4 632/1052/4 630/1049/4
f 625/1053/4 630/1049/4 632/1052/4
f 632/1052/4 624/1054/4 625/1053/4
f 625/1053/4 623/1055/4 630/1049/4
f 630/1049/4 623/1055/4 608/1051/4
f 623/1055/4 609/1056/4 608/1051/4
f 623/1055/4 622/1057/4 609/1056/4
f 629/1058/4 632/1052/4 629/1048/4
f 589/1059/17 590/1060/17 631/1061/17
f 631/1061/17 590/1060/17 629/1062/17
f 595/1063/17 594/1064/17 632/1065/17
f 632/1065/17 594/1064/17 624/1066/17
f 591/1067/17 573/963/17 619/964/17
f 573/963/17 571/965/17 619/964/17
f 622/1068/17 591/1067/17 619/964/17
f 573/963/17 591/1067/17 596/1069/17
f 622/1068/17 619/964/17 597/962/17
f 573/963/17 596/1069/17 597/962/17
f 597/962/17 609/1070/17 622/1068/17
f 597/962/17 596/1069/17 609/1070/17
f 590/1071/37 595/1063/37 632/1065/37
f 629/1072/37 590/1071/37 632/1065/37
f 592/1064/37 593/1073/37 623/1074/37
f 625/1066/37 592/1064/37 623/1074/37
f 562/985/17 561/986/17 615/989/17
f 612/988/17 562/985/17 615/989/17
f 578/1075/17 611/1076/17 618/1077/17
f 577/1078/17 578/1075/17 618/1077/17
f 580/1079/17 576/1080/17 564/976/17
f 576/1080/17 565/974/17 564/976/17
f 565/974/17 576/1080/17 575/1078/17
f 568/965/17 565/974/17 575/1078/17
f 617/1081/17 616/977/17 626/975/17
f 628/1082/17 617/1081/17 626/975/17
f 626/975/17 620/964/17 628/1082/17
f 620/964/17 621/1077/17 628/1082/17
f 588/1083/18 589/1084/18 631/1085/18
f 588/1083/18 631/1085/18 610/1086/18
f 590/1084/38 590/1087/38 629/1088/38
f 590/1084/38 629/1088/38 629/1085/38
f 633/1089/1 634/1090/1 635/1091/1
f 635/1091/1 634/1090/1 636/1092/1
f 637/1093/15 634/1090/15 638/1094/15
f 638/1094/15 634/1090/15 633/1095/15
f 634/1093/16 637/1090/16 636/1096/16
f 636/1096/16 637/1090/16 639/1092/16
f 637/1089/4 638/1090/4 639/1091/4
f 639/1091/4 638/1090/4 640/1092/4
f 640/1093/17 635/1090/17 639/1094/17
f 639/1094/17 635/1090/17 636/1095/17
f 638/1093/18 633/1090/18 640/1096/18
f 640/1096/18 633/1090/18 635/1092/18
f 641/1097/1 642/1098/1 643/1099/1
f 643/1099/1 642/1098/1 644/1100/1
f 645/1101/60 642/1098/60 646/1102/60
f 646/1102/60 642/1098/60 641/1103/60
f 642/1101/61 645/1098/61 644/1104/61
f 644/1104/61 645/1098/61 647/1100/61
f 645/1097/4 646/1098/4 647/1099/4
f 647/1099/4 646/1098/4 648/1100/4
f 648/1101/62 643/1098/62 647/1102/62
f 647/1102/62 643/1098/62 644/1103/62
f 646/1101/63 641/1098/63 648/1104/63
f 648/1104/63 641/1098/63 643/1100/63
f 649/1105/1 650/1106/1 651/1107/1
f 651/1107/1 650/1106/1 652/1108/1
f 653/1109/60 650/1106/60 654/1110/60
f 654/1110/60 650/1106/60 649/1111/60
f 650/1109/61 653/1106/61 652/1112/61
f 652/1112/61 653/1106/61 655/1108/61
f 653/1105/4 654/1106/4 655/1107/4
f 655/1107/4 654/1106/4 656/1108/4
f 656/1109/62 651/1106/62 655/1110/62
f 655/1110/62 651/1106/62 652/1111/62
f 654/1109/63 649/1106/63 656/1112/63
f 656/1112/63 649/1106/63 651/1108/63
f 657/434/15 657/434/15 658/1113/15
f 658/1113/15 657/434/15 659/1114/15
f 657/1115/4 660/434/4 659/1116/4
f 659/1116/4 660/434/4 661/1114/4
f 660/1117/17 660/1117/17 661/1113/17
f 661/1113/17 660/1117/17 662/1114/17
f 662/1115/16 658/434/16 661/1118/16
f 661/1118/16 658/434/16 659/1119/16
f 660/1115/66 657/434/66 662/1120/66
f 662/1120/66 657/434/66 658/1121/66
f 663/434/17 663/434/17 664/1113/17
f 664/1113/17 663/434/17 665/1114/17
f 663/1115/1 666/434/1 665/1116/1
f 665/1116/1 666/434/1 667/1114/1
f 666/1117/15 666/1117/15 667/1113/15
f 667/1113/15 666/1117/15 668/1114/15
f 668/1115/16 664/434/16 667/1118/16
f 667/1118/16 664/434/16 665/1119/16
f 666/1115/67 663/434/67 668/1120/67
f 668/1120/67 663/434/67 664/1121/67
usemtl c_111111
f 669/1122/68 670/1123/68 671/1124/68
f 671/1124/68 670/1123/68 672/1125/68
f 673/1126/69 670/1123/69 674/1127/69
f 674/1127/69 670/1123/69 669/1128/69
f 670/1126/16 673/1123/16 672/1129/16
f 672/1129/16 673/1123/16 675/1125/16
f 673/1122/70 674/1123/70 675/1124/70
f 675/1124/70 674/1123/70 676/1125/70
f 676/1126/71 671/1123/71 675/1127/71
f 675/1127/71 671/1123/71 672/1128/71
f 674/1126/18 669/1123/18 676/1129/18
f 676/1129/18 669/1123/18 671/1125/18
f 677/1130/72 678/1131/72 679/1132/72
f 679/1132/72 678/1131/72 680/1133/72
f 681/1134/73 678/1131/73 682/1135/73
f 682/1135/73 678/1131/73 677/1136/73
f 678/1134/16 681/1131/16 680/1137/16
f 680/1137/16 681/1131/16 683/1133/16
f 681/1130/74 682/1131/74 683/1132/74
f 683/1132/74 682/1131/74 684/1133/74
f 684/1134/75 679/1131/75 683/1135/75
f 683/1135/75 679/1131/75 680/1136/75
f 682/1134/18 677/1131/18 684/1137/18
f 684/1137/18 677/1131/18 679/1133/18
f 685/1138/1 686/1139/1 687/1140/1
f 687/1140/1 686/1139/1 688/1141/1
f 689/1142/15 686/1139/15 690/1143/15
f 690/1143/15 686/1139/15 685/1144/15
f 686/1142/16 689/1139/16 688/1145/16
f 688/1145/16 689/1139/16 691/1141/16
f 689/1138/4 690/1139/4 691/1140/4
f 691/1140/4 690/1139/4 692/1141/4
f 692/1142/17 687/1139/17 691/1143/17
f 691/1143/17 687/1139/17 688/1144/17
f 690/1142/18 685/1139/18 692/1145/18
f 692/1145/18 685/1139/18 687/1141/18
usemtl c_6d6e6c
f 693/434/1 693/434/1 694/1146/1
f 694/1146/1 693/434/1 695/1147/1
f 693/1148/24 696/434/24 695/1149/24
f 695/1149/24 696/434/24 697/1147/24
f 696/1150/4 696/1150/4 697/1146/4
f 697/1146/4 696/1150/4 698/1147/4
f 698/1148/25 694/434/25 697/1151/25
f 697/1151/25 694/434/25 695/1152/25
f 696/1148/76 693/434/76 698/1153/76
f 698/1153/76 693/434/76 694/1154/76
usemtl c_898788
f 699/434/1 699/434/1 700/1146/1
f 700/1146/1 699/434/1 701/1147/1
f 699/1155/24 702/434/24 701/1156/24
f 701/1156/24 702/434/24 703/1147/24
f 702/1150/4 702/1150/4 703/1146/4
f 703/1146/4 702/1150/4 704/1147/4
f 704/1155/25 700/434/25 703/1157/25
f 703/1157/25 700/434/25 701/1152/25
f 702/1155/76 699/434/76 704/1158/76
f 704/1158/76 699/434/76 700/1154/76
f 705/1159/1 706/1160/1 707/1161/1
f 707/1161/1 706/1160/1 708/1162/1
f 709/1163/60 706/1160/60 710/1164/60
f 710/1164/60 706/1160/60 705/1165/60
f 706/1163/61 709/1160/61 708/1166/61
f 708/1166/61 709/1160/61 711/1162/61
f 709/1159/4 710/1160/4 711/1161/4
f 711/1161/4 710/1160/4 712/1162/4
f 712/1163/62 707/1160/62 711/1164/62
f 711/1164/62 707/1160/62 708/1165/62
f 710/1163/63 705/1160/63 712/1166/63
f 712/1166/63 705/1160/63 707/1162/63
f 713/434/15 713/434/15 714/1167/15
f 714/1167/15 713/434/15 715/1168/15
f 713/1169/4 716/434/4 715/1170/4
f 715/1170/4 716/434/4 717/1168/4
f 716/1117/17 716/1117/17 717/1167/17
f 717/1167/17 716/1117/17 718/1168/17
f 718/1169/16 714/434/16 717/1171/16
f 717/1171/16 714/434/16 715/1119/16
f 716/1169/77 713/434/77 718/1172/77
f 718/1172/77 713/434/77 714/1173/77
f 719/434/17 719/434/17 720/1167/17
f 720/1167/17 719/434/17 721/1168/17
f 719/1169/1 722/434/1 721/1170/1
f 721/1170/1 722/434/1 723/1168/1
f 722/1117/15 722/1117/15 723/1167/15
f 723/1167/15 722/1117/15 724/1168/15
f 724/1169/16 720/434/16 723/1171/16
f 723/1171/16 720/434/16 721/1119/16
f 722/1169/78 719/434/78 724/1172/78
f 724/1172/78 719/434/78 720/1173/78
usemtl c_635f62
f 725/1174/1 726/1175/1 727/1176/1
f 727/1176/1 726/1175/1 728/1177/1
f 729/1178/60 726/1175/60 730/1179/60
f 730/1179/60 726/1175/60 725/1180/60
f 726/1178/61 729/1175/61 728/1181/61
f 728/1181/61 729/1175/61 731/1177/61
f 729/1174/4 730/1175/4 731/1176/4
f 731/1176/4 730/1175/4 732/1177/4
f 732/1178/62 727/1175/62 731/1179/62
f 731/1179/62 727/1175/62 728/1180/62
f 730/1178/63 725/1175/63 732/1181/63
f 732/1181/63 725/1175/63 727/1177/63
f 733/434/56 733/434/56 734/1182/56
f 734/1182/56 733/434/56 735/1183/56
f 733/1184/4 736/434/4 735/1185/4
f 735/1185/4 736/434/4 737/1183/4
f 736/1186/58 736/1186/58 737/1182/58
f 737/1182/58 736/1186/58 738/1183/58
f 738/1184/57 734/434/57 737/1187/57
f 737/1187/57 734/434/57 735/1188/57
f 736/1184/79 733/434/79 738/1189/79
f 738/1189/79 733/434/79 734/1190/79
f 739/434/58 739/434/58 740/1182/58
f 740/1182/58 739/434/58 741/1183/58
f 739/1184/1 742/434/1 741/1185/1
f 741/1185/1 742/434/1 743/1183/1
f 742/1186/56 742/1186/56 743/1182/56
f 743/1182/56 742/1186/56 744/1183/56
f 744/1184/57 740/434/57 743/1187/57
f 743/1187/57 740/434/57 741/1188/57
f 742/1184/80 739/434/80 744/1189/80
f 744/1189/80 739/434/80 740/1190/80
usemtl c_cf6024
f 745/434/4 745/434/4 746/1191/4
f 746/1191/4 745/434/4 747/1192/4
f 745/1115/9 748/434/9 747/1193/9
f 747/1193/9 748/434/9 749/1192/9
f 748/1117/1 748/1117/1 749/1191/1
f 749/1191/1 748/1117/1 750/1192/1
f 750/1115/8 746/434/8 749/1118/8
f 749/1118/8 746/434/8 747/1119/8
f 748/1115/81 745/434/81 750/1194/81
f 750/1194/81 745/434/81 746/1195/81
f 751/434/4 751/434/4 752/1191/4
f 752/1191/4 751/434/4 753/1192/4
f 751/1115/9 754/434/9 753/1193/9
f 753/1193/9 754/434/9 755/1192/9
f 754/1117/1 754/1117/1 755/1191/1
f 755/1191/1 754/1117/1 756/1192/1
f 756/1115/8 752/434/8 755/1118/8
f 755/1118/8 752/434/8 753/1119/8
f 754/1115/81 751/434/81 756/1194/81
f 756/1194/81 751/434/81 752/1195/81
f 757/434/4 757/434/4 758/1196/4
f 758/1196/4 757/434/4 759/1183/4
f 757/1197/9 760/434/9 759/1198/9
f 759/1198/9 760/434/9 761/1183/9
f 760/1199/1 760/1199/1 761/1196/1
f 761/1196/1 760/1199/1 762/1183/1
f 762/1197/8 758/434/8 761/1200/8
f 761/1200/8 758/434/8 759/1201/8
f 760/1197/82 757/434/82 762/1202/82
f 762/1202/82 757/434/82 758/1203/82
f 763/434/4 763/434/4 764/1196/4
f 764/1196/4 763/434/4 765/1183/4
f 763/1197/9 766/434/9 765/1198/9
f 765/1198/9 766/434/9 767/1183/9
f 766/1199/1 766/1199/1 767/1196/1
f 767/1196/1 766/1199/1 768/1183/1
f 768/1197/8 764/434/8 767/1200/8
f 767/1200/8 764/434/8 765/1201/8
f 766/1197/82 763/434/82 768/1202/82
f 768/1202/82 763/434/82 764/1203/82
usemtl c_564236
f 769/1204/83 770/1205/83 771/1206/83
f 772/1207/83 770/1205/83 769/1204/83
f 773/1208/1 774/1209/1 775/1210/1
f 774/1209/1 773/1208/1 776/1211/1
f 777/1212/1 778/1213/1 779/1214/1
f 778/1213/1 777/1212/1 780/1215/1
f 781/1216/1 782/1217/1 783/1218/1
f 782/1217/1 781/1216/1 784/1219/1
f 785/1220/1 786/1221/1 787/1222/1
f 786/1221/1 785/1220/1 788/1223/1
f 789/1224/1 790/1225/1 791/1226/1
f 791/1226/1 792/1227/1 789/1224/1
f 793/1226/1 794/1228/1 795/1225/1
f 796/1229/84 797/1230/84 798/1231/84
f 796/1229/84 798/1231/84 799/1232/84
f 800/1233/84 798/1231/84 797/1230/84
f 801/1228/84 800/1233/84 797/1230/84
f 796/1229/84 802/1234/84 801/1228/84
f 801/1228/84 802/1234/84 800/1233/84
f 796/1229/84 799/1232/84 802/1234/84
f 769/1235/7 771/1236/7 803/1237/7
f 804/1238/7 769/1235/7 803/1237/7
f 798/1239/7 800/1240/7 805/1241/7
f 806/1242/7 798/1239/7 805/1241/7
f 797/1243/85 795/1244/85 794/1245/85
f 797/1243/85 807/1246/85 795/1244/85
f 794/1245/85 801/1247/85 797/1243/85
f 808/1248/85 809/1249/85 789/1250/85
f 790/1251/85 789/1250/85 809/1249/85
f 810/1252/85 790/1251/85 809/1249/85
f 811/1253/15 774/1254/15 812/1255/15
f 774/1254/15 776/1256/15 812/1255/15
f 777/1257/15 779/1258/15 813/1259/15
f 814/1260/15 777/1257/15 813/1259/15
f 815/1261/23 786/1262/23 816/1263/23
f 786/1262/23 788/1264/23 816/1263/23
f 817/1265/7 781/1266/7 818/1267/7
f 781/1266/7 783/1268/7 818/1267/7
f 774/1269/16 811/1270/16 775/1271/16
f 819/1272/16 775/1271/16 811/1270/16
f 820/1273/16 780/1274/16 814/1270/16
f 777/1269/16 814/1270/16 780/1274/16
f 821/1275/86 772/1276/86 804/1277/86
f 804/1277/86 772/1276/86 769/1278/86
f 806/1279/87 799/1280/87 798/1281/87
f 822/1282/87 799/1280/87 806/1279/87
f 781/1283/8 817/1284/8 784/1285/8
f 823/1286/8 784/1285/8 817/1284/8
f 824/1287/24 787/1288/24 815/1289/24
f 786/1290/24 815/1289/24 787/1288/24
f 807/1291/16 793/1292/16 795/1293/16
f 825/1294/16 793/1292/16 807/1291/16
f 826/1295/16 791/1296/16 810/1297/16
f 810/1297/16 791/1296/16 790/1298/16
f 805/1299/88 822/1300/88 806/1301/88
f 827/1302/88 822/1300/88 805/1299/88
f 828/1303/4 819/1304/4 812/1305/4
f 812/1305/4 819/1304/4 811/1306/4
f 829/1307/4 820/1308/4 813/1309/4
f 813/1309/4 820/1308/4 814/1310/4
f 818/1311/4 823/1312/4 817/1313/4
f 830/1314/4 823/1312/4 818/1311/4
f 831/1315/4 824/1316/4 816/1317/4
f 816/1317/4 824/1316/4 815/1318/4
f 807/1319/4 797/1320/4 825/1321/4
f 796/1322/4 825/1321/4 797/1320/4
f 809/1323/4 826/1321/4 810/1319/4
f 789/1324/89 804/1325/89 803/1326/89
f 821/1327/89 804/1325/89 789/1324/89
f 808/1323/89 789/1324/89 803/1326/89
f 832/1328/89 821/1327/89 803/1326/89
f 803/1326/89 821/1327/89 792/1329/89
f 821/1327/89 789/1324/89 792/1329/89
f 808/1323/89 803/1326/89 792/1329/89
f 782/1330/9 784/1331/9 823/1332/9
f 830/1333/9 782/1330/9 823/1332/9
f 773/1334/17 775/1335/17 819/1336/17
f 828/1337/17 773/1334/17 819/1336/17
f 785/1338/25 787/1339/25 824/1340/25
f 831/1341/25 785/1338/25 824/1340/25
f 829/1342/17 778/1343/17 820/1344/17
f 778/1343/17 780/1345/17 820/1344/17
f 794/1346/17 793/1347/17 825/1348/17
f 796/1349/17 794/1346/17 825/1348/17
f 796/1349/17 801/1248/17 794/1346/17
f 809/1350/17 808/1247/17 792/1351/17
f 792/1351/17 826/1352/17 809/1350/17
f 826/1352/17 792/1351/17 791/1353/17
f 770/1354/9 821/1355/9 832/1356/9
f 770/1354/9 772/1357/9 821/1355/9
f 802/1358/9 799/1359/9 822/1360/9
f 802/1358/9 822/1360/9 827/1361/9
f 800/1362/90 827/1363/90 805/1364/90
f 827/1363/90 800/1362/90 802/1365/90
f 832/1366/91 771/1367/91 770/1368/91
f 771/1367/91 832/1366/91 803/1369/91
f 816/1370/26 788/1371/26 831/1372/26
f 788/1371/26 785/1373/26 831/1372/26
f 818/1374/10 783/1375/10 830/1376/10
f 783/1375/10 782/1377/10 830/1376/10
f 778/1378/18 829/1379/18 779/1380/18
f 813/1381/18 779/1380/18 829/1379/18
f 776/1380/18 773/1382/18 828/1383/18
f 812/1381/18 776/1380/18 828/1383/18
usemtl c_aa5500_neon
f 833/1384/1 834/1385/1 835/1386/1
f 835/1386/1 834/1385/1 836/1387/1
f 837/1388/60 834/1385/60 838/1389/60
f 838/1389/60 834/1385/60 833/1390/60
f 834/1388/61 837/1385/61 836/1391/61
f 836/1391/61 837/1385/61 839/1387/61
f 837/1384/4 838/1385/4 839/1386/4
f 839/1386/4 838/1385/4 840/1387/4
f 840/1388/62 835/1385/62 839/1389/62
f 839/1389/62 835/1385/62 836/1390/62
f 838/1388/63 833/1385/63 840/1391/63
f 840/1391/63 833/1385/63 835/1387/63
f 841/1392/1 842/1393/1 843/1394/1
f 843/1394/1 842/1393/1 844/1395/1
f 845/1396/60 842/1393/60 846/1397/60
f 846/1397/60 842/1393/60 841/1398/60
f 842/1396/61 845/1393/61 844/1399/61
f 844/1399/61 845/1393/61 847/1395/61
f 845/1392/4 846/1393/4 847/1394/4
f 847/1394/4 846/1393/4 848/1395/4
f 848/1396/62 843/1393/62 847/1397/62
f 847/1397/62 843/1393/62 844/1398/62
f 846/1396/63 841/1393/63 848/1399/63
f 848/1399/63 841/1393/63 843/1395/63
f 849/1400/1 850/1401/1 851/1402/1
f 851/1402/1 850/1401/1 852/1403/1
f 853/1404/60 850/1401/60 854/1405/60
f 854/1405/60 850/1401/60 849/1406/60
f 850/1404/61 853/1401/61 852/1407/61
f 852/1407/61 853/1401/61 855/1403/61
f 853/1400/4 854/1401/4 855/1402/4
f 855/1402/4 854/1401/4 856/1403/4
f 856/1404/62 851/1401/62 855/1405/62
f 855/1405/62 851/1401/62 852/1406/62
f 854/1404/63 849/1401/63 856/1407/63
f 856/1407/63 849/1401/63 851/1403/63
f 857/1408/1 858/1409/1 859/1410/1
f 859/1410/1 858/1409/1 860/1411/1
f 861/1412/60 858/1409/60 862/1413/60
f 862/1413/60 858/1409/60 857/1414/60
f 858/1412/61 861/1409/61 860/1415/61
f 860/1415/61 861/1409/61 863/1411/61
f 861/1408/4 862/1409/4 863/1410/4
f 863/1410/4 862/1409/4 864/1411/4
f 864/1412/62 859/1409/62 863/1413/62
f 863/1413/62 859/1409/62 860/1414/62
f 862/1412/63 857/1409/63 864/1415/63
f 864/1415/63 857/1409/63 859/1411/63
f 865/1416/1 866/1417/1 867/1418/1
f 867/1418/1 866/1417/1 868/1419/1
f 869/1420/60 866/1417/60 870/1421/60
f 870/1421/60 866/1417/60 865/1422/60
f 866/1420/61 869/1417/61 868/1423/61
f 868/1423/61 869/1417/61 871/1419/61
f 869/1416/4 870/1417/4 871/1418/4
f 871/1418/4 870/1417/4 872/1419/4
f 872/1420/62 867/1417/62 871/1421/62
f 871/1421/62 867/1417/62 868/1422/62
f 870/1420/63 865/1417/63 872/1423/63
f 872/1423/63 865/1417/63 867/1419/63
f 873/1424/1 874/1425/1 875/1426/1
f 875/1426/1 874/1425/1 876/1427/1
f 877/1428/60 874/1425/60 878/1429/60
f 878/1429/60 874/1425/60 873/1430/60
f 874/1428/61 877/1425/61 876/1431/61
f 876/1431/61 877/1425/61 879/1427/61
f 877/1424/4 878/1425/4 879/1426/4
f 879/1426/4 878/1425/4 880/1427/4
f 880/1428/62 875/1425/62 879/1429/62
f 879/1429/62 875/1425/62 876/1430/62
f 878/1428/63 873/1425/63 880/1431/63
f 880/1431/63 873/1425/63 875/1427/63
usemtl c_f8f8f8
f 881/1432/1 882/1433/1 883/1434/1
f 883/1434/1 882/1433/1 884/1435/1
f 885/1436/60 882/1433/60 886/1437/60
f 886/1437/60 882/1433/60 881/1438/60
f 882/1436/61 885/1433/61 884/1439/61
f 884/1439/61 885/1433/61 887/1435/61
f 885/1432/4 886/1433/4 887/1434/4
f 887/1434/4 886/1433/4 888/1435/4
f 888/1436/62 883/1433/62 887/1437/62
f 887/1437/62 883/1433/62 884/1438/62
f 886/1436/63 881/1433/63 888/1439/63
f 888/1439/63 881/1433/63 883/1435/63
f 889/1440/1 890/1441/1 891/1442/1
f 891/1442/1 890/1441/1 892/1443/1
f 893/1444/60 890/1441/60 894/1445/60
f 894/1445/60 890/1441/60 889/1446/60
f 890/1444/61 893/1441/61 892/1447/61
f 892/1447/61 893/1441/61 895/1443/61
f 893/1440/4 894/1441/4 895/1442/4
f 895/1442/4 894/1441/4 896/1443/4
f 896/1444/62 891/1441/62 895/1445/62
f 895/1445/62 891/1441/62 892/1446/62
f 894/1444/63 889/1441/63 896/1447/63
f 896/1447/63 889/1441/63 891/1443/63
f 897/1448/1 898/1449/1 899/1450/1
f 899/1450/1 898/1449/1 900/1451/1
f 901/1452/60 898/1449/60 902/1453/60
f 902/1453/60 898/1449/60 897/1454/60
f 898/1452/61 901/1449/61 900/1455/61
f 900/1455/61 901/1449/61 903/1451/61
f 901/1448/4 902/1449/4 903/1450/4
f 903/1450/4 902/1449/4 904/1451/4
f 904/1452/62 899/1449/62 903/1453/62
f 903/1453/62 899/1449/62 900/1454/62
f 902/1452/63 897/1449/63 904/1455/63
f 904/1455/63 897/1449/63 899/1451/63
f 905/1456/1 906/1457/1 907/1458/1
f 907/1458/1 906/1457/1 908/1459/1
f 909/1460/60 906/1457/60 910/1461/60
f 910/1461/60 906/1457/60 905/1462/60
f 906/1460/61 909/1457/61 908/1463/61
f 908/1463/61 909/1457/61 911/1459/61
f 909/1456/4 910/1457/4 911/1458/4
f 911/1458/4 910/1457/4 912/1459/4
f 912/1460/62 907/1457/62 911/1461/62
f 911/1461/62 907/1457/62 908/1462/62
f 910/1460/63 905/1457/63 912/1463/63
f 912/1463/63 905/1457/63 907/1459/63
f 913/1464/1 914/1465/1 915/1466/1
f 915/1466/1 914/1465/1 916/1467/1
f 917/1468/60 914/1465/60 918/1469/60
f 918/1469/60 914/1465/60 913/1470/60
f 914/1468/61 917/1465/61 916/1471/61
f 916/1471/61 917/1465/61 919/1467/61
f 917/1464/4 918/1465/4 919/1466/4
f 919/1466/4 918/1465/4 920/1467/4
f 920/1468/62 915/1465/62 919/1469/62
f 919/1469/62 915/1465/62 916/1470/62
f 918/1468/63 913/1465/63 920/1471/63
f 920/1471/63 913/1465/63 915/1467/63
f 921/1472/1 922/1473/1 923/1474/1
f 923/1474/1 922/1473/1 924/1475/1
f 925/1476/60 922/1473/60 926/1477/60
f 926/1477/60 922/1473/60 921/1478/60
f 922/1476/61 925/1473/61 924/1479/61
f 924/1479/61 925/1473/61 927/1475/61
f 925/1472/4 926/1473/4 927/1474/4
f 927/1474/4 926/1473/4 928/1475/4
f 928/1476/62 923/1473/62 927/1477/62
f 927/1477/62 923/1473/62 924/1478/62
f 926/1476/63 921/1473/63 928/1479/63
f 928/1479/63 921/1473/63 923/1475/63
usemtl c_1b2a35
f 929/1480/1 930/1481/1 931/1482/1
f 931/1482/1 930/1481/1 932/1483/1
f 933/1484/60 930/1481/60 934/1485/60
f 934/1485/60 930/1481/60 929/1486/60
f 930/1484/61 933/1481/61 932/1487/61
f 932/1487/61 933/1481/61 935/1483/61
f 933/1480/4 934/1481/4 935/1482/4
f 935/1482/4 934/1481/4 936/1483/4
f 936/1484/62 931/1481/62 935/1485/62
f 935/1485/62 931/1481/62 932/1486/62
f 934/1484/63 929/1481/63 936/1487/63
f 936/1487/63 929/1481/63 931/1483/63
f 937/1488/1 938/1489/1 939/1490/1
f 939/1490/1 938/1489/1 940/1491/1
f 941/1492/60 938/1489/60 942/1493/60
f 942/1493/60 938/1489/60 937/1494/60
f 938/1492/61 941/1489/61 940/1495/61
f 940/1495/61 941/1489/61 943/1491/61
f 941/1488/4 942/1489/4 943/1490/4
f 943/1490/4 942/1489/4 944/1491/4
f 944/1492/62 939/1489/62 943/1493/62
f 943/1493/62 939/1489/62 940/1494/62
f 942/1492/63 937/1489/63 944/1495/63
f 944/1495/63 937/1489/63 939/1491/63
o tail04
usemtl c_ffaf00
f 945/1496/1 946/1497/1 947/1498/1
f 947/1498/1 946/1497/1 948/1499/1
f 949/1500/15 946/1497/15 950/1501/15
f 950/1501/15 946/1497/15 945/1502/15
f 946/1500/16 949/1497/16 948/1503/16
f 948/1503/16 949/1497/16 951/1499/16
f 949/1496/4 950/1497/4 951/1498/4
f 951/1498/4 950/1497/4 952/1499/4
f 952/1500/17 947/1497/17 951/1501/17
f 951/1501/17 947/1497/17 948/1502/17
f 950/1500/18 945/1497/18 952/1503/18
f 952/1503/18 945/1497/18 947/1499/18
o tail03
usemtl c_cf6024
f 953/1504/1 954/1505/1 955/1506/1
f 955/1506/1 954/1505/1 956/1507/1
f 957/1508/15 954/1505/15 958/1509/15
f 958/1509/15 954/1505/15 953/1510/15
f 954/1508/16 957/1505/16 956/1511/16
f 956/1511/16 957/1505/16 959/1507/16
f 957/1504/4 958/1505/4 959/1506/4
f 959/1506/4 958/1505/4 960/1507/4
f 960/1508/17 955/1505/17 959/1509/17
f 959/1509/17 955/1505/17 956/1510/17
f 958/1508/18 953/1505/18 960/1511/18
f 960/1511/18 953/1505/18 955/1507/18
