# Roblox asset pack: animal_t_rex (creatures), from the Studio model "T-Rex". Exported with Export Selection, split by tools/build_creatures.py: one object per rigid body. Units: studs. +Y up, front faces -Z, pivot (bottom centre) at the origin.
mtllib animal_t_rex.mtl

v 10.20130 6.43000 0.15000
v 10.25120 6.68000 -0.10000
v 10.25120 6.68000 0.15000
v 10.20130 6.43000 -0.10000
v 7.79890 6.88000 -0.17000
v 7.81070 7.30000 0.14000
v 7.79890 6.88000 0.22000
v 7.81070 7.30000 -0.09000
v 6.99220 6.68000 0.29000
v 7.00830 7.26000 -0.13000
v 7.00830 7.26000 0.18000
v 6.99220 6.68000 -0.24000
v 7.97140 7.69000 0.08000
v 8.04540 7.62000 0.08000
v 7.97140 7.69000 -0.03000
v 8.04540 7.62000 -0.03000
v 7.32780 7.70000 -0.05000
v 7.22700 7.80000 0.09000
v 7.32780 7.70000 0.09000
v 7.22700 7.80000 -0.05000
v 4.70290 6.34000 0.59000
v 4.70290 6.34000 -0.54000
v 4.70290 7.47000 0.59000
v 4.70290 7.47000 -0.54000
v -9.88720 10.14000 1.37000
v -10.25124 8.50000 0.57000
v -10.25124 8.50000 1.66000
v -9.88720 10.14000 0.47000
v -10.25124 8.50000 -0.52000
v -9.88720 10.14000 -0.42000
v -9.88720 10.14000 -1.32000
v -10.25124 8.50000 -1.61000
v 3.74700 8.60000 -0.05000
v 3.66570 8.71000 0.09000
v 3.74700 8.60000 0.09000
v 3.66570 8.71000 -0.05000
v 3.93040 8.29000 -0.02000
v 3.88300 8.35000 0.06000
v 3.93040 8.29000 0.06000
v 3.88300 8.35000 -0.02000
v 2.33220 1.07000 1.58000
v 2.68600 2.72000 2.52000
v 2.33300 1.07000 2.98000
v 2.84580 2.79000 1.61000
v 2.33220 1.07000 -1.58000
v 2.33300 1.07000 -2.98000
v 2.68600 2.72000 -2.52000
v 2.84580 2.79000 -1.61000
v -9.79090 7.24000 1.40000
v -10.09036 8.61000 1.56000
v -10.09036 8.61000 1.23000
v -9.79090 7.24000 -1.35000
v -10.09036 8.61000 -1.19000
v -10.09036 8.61000 -1.51000
v 0.35730 0.00000 3.61000
v 0.24290 0.00000 1.39000
v 0.86980 0.04000 3.24000
v 0.75590 0.00000 1.35000
v 2.28740 0.05000 1.35000
v 2.28670 0.10000 3.25000
v 0.24290 0.00000 -1.39000
v 0.35730 0.00000 -3.61000
v 0.86980 0.04000 -3.24000
v 0.75590 0.00000 -1.35000
v 2.28740 0.05000 -1.35000
v 2.28670 0.10000 -3.25000
v 3.63330 7.74000 -0.13000
v 3.70270 8.07000 0.11000
v 3.63330 7.74000 0.18000
v 3.70270 8.07000 -0.06000
v -9.30010 7.77000 0.37000
v -9.29440 7.56000 -0.32000
v -9.29440 7.56000 0.37000
v -9.30010 7.77000 -0.32000
v -0.27180 0.00000 1.51000
v -0.15740 0.00000 3.61000
v -0.27180 0.00000 -1.51000
v -0.15740 0.00000 -3.61000
v -1.50630 0.18000 3.22000
v -1.85850 0.12000 3.39000
v -1.86180 0.12000 3.31000
v -1.50820 0.18000 3.47000
v -1.50630 0.18000 2.45000
v -1.85850 0.12000 2.62000
v -1.86180 0.12000 2.54000
v -1.50820 0.18000 2.70000
v -1.50630 0.18000 1.71000
v -1.85850 0.12000 1.88000
v -1.86180 0.12000 1.80000
v -1.50820 0.18000 1.96000
v -1.85850 0.12000 -1.88000
v -1.50630 0.18000 -1.71000
v -1.86180 0.12000 -1.80000
v -1.50820 0.18000 -1.96000
v -1.85850 0.12000 -3.39000
v -1.50630 0.18000 -3.22000
v -1.86180 0.12000 -3.31000
v -1.50820 0.18000 -3.47000
v -1.85850 0.12000 -2.62000
v -1.50630 0.18000 -2.45000
v -1.86180 0.12000 -2.54000
v -1.50820 0.18000 -2.70000
v -9.64110 6.40000 1.16000
v -9.44900 5.88000 -1.00000
v -9.44900 5.88000 1.05000
v -9.64110 6.40000 -1.12000
v -9.83320 6.92000 -1.23000
v -9.83320 6.92000 1.28000
v -0.13520 0.09000 2.97000
v -1.21080 0.10000 3.55000
v -1.23070 0.10000 3.09000
v -0.10840 0.09000 3.58000
v -0.13520 0.09000 2.20000
v -1.21080 0.10000 2.78000
v -1.23070 0.10000 2.32000
v -0.10840 0.09000 2.81000
v -1.21080 0.10000 2.04000
v -0.13520 0.09000 1.46000
v -0.10840 0.09000 2.07000
v -1.23070 0.10000 1.58000
v -1.21080 0.10000 -2.04000
v -0.13520 0.09000 -1.46000
v -1.23070 0.10000 -1.58000
v -0.10840 0.09000 -2.07000
v -1.21080 0.10000 -2.78000
v -0.13520 0.09000 -2.20000
v -1.23070 0.10000 -2.32000
v -0.10840 0.09000 -2.81000
v -1.21080 0.10000 -3.55000
v -0.13520 0.09000 -2.97000
v -1.23070 0.10000 -3.09000
v -0.10840 0.09000 -3.58000
v 3.23830 7.66000 0.29000
v 3.35700 8.23000 -0.13000
v 3.35700 8.23000 0.17000
v 3.23830 7.66000 -0.24000
v 2.44170 4.15000 3.18000
v 2.67170 5.86000 1.18000
v 2.39280 5.92000 3.17000
v 2.72530 4.17000 1.19000
v 2.72530 4.17000 -1.19000
v 2.44170 4.15000 -3.18000
v 2.67170 5.86000 -1.18000
v 2.39280 5.92000 -3.17000
v -9.95120 10.44000 1.30000
v -9.90250 10.21000 1.28000
v -9.93590 10.37000 1.24000
v -9.90250 10.21000 0.62000
v -9.95120 10.44000 0.71000
v -9.93590 10.37000 0.74000
v -9.90250 10.21000 -0.57000
v -9.90250 10.21000 -1.23000
v -9.95120 10.44000 -0.66000
v -9.93590 10.37000 -0.70000
v -9.93590 10.37000 -1.19000
v -9.95120 10.44000 -1.25000
v -1.17410 0.15000 3.51000
v -1.19060 0.15000 3.13000
v -1.17410 0.15000 -3.51000
v -1.19060 0.15000 -3.13000
v -1.17410 0.15000 2.74000
v -1.19060 0.15000 2.36000
v -1.17410 0.15000 2.00000
v -1.19060 0.15000 1.62000
v -1.17410 0.15000 -2.00000
v -1.19060 0.15000 -1.62000
v -1.17410 0.15000 -2.74000
v -1.19060 0.15000 -2.36000
v -9.80890 10.23000 1.28000
v -9.84230 10.39000 0.74000
v -9.80890 10.23000 0.62000
v -9.84230 10.39000 1.24000
v -9.84230 10.39000 -0.70000
v -9.80890 10.23000 -1.23000
v -9.80890 10.23000 -0.57000
v -9.84230 10.39000 -1.19000
v -9.55220 8.18000 1.11000
v -9.35410 6.79000 1.00000
v -9.44200 6.79000 1.31000
v -9.55220 8.18000 -1.06000
v -9.44200 6.79000 -1.26000
v -9.35410 6.79000 -0.95000
v -9.14370 7.56000 1.40000
v -9.35640 8.53000 1.51000
v -9.35640 8.53000 1.28000
v -9.14370 7.56000 -1.35000
v -9.35640 8.53000 -1.23000
v -9.35640 8.53000 -1.46000
v 0.20050 10.56000 -0.17000
v -0.09930 10.80000 0.22000
v 0.20050 10.56000 0.22000
v -0.09930 10.80000 -0.17000
v -8.84800 8.08000 1.40000
v -8.73420 7.09000 1.28000
v -8.73420 7.09000 1.51000
v -8.84800 8.08000 -1.35000
v -8.73420 7.09000 -1.46000
v -8.73420 7.09000 -1.23000
v 2.10320 3.67000 -1.61000
v 1.94450 3.63000 -2.76000
v 2.10320 3.67000 1.61000
v 1.94450 3.63000 2.76000
v 0.68560 9.94000 -0.07000
v 0.52120 10.03000 0.12000
v 0.68560 9.94000 0.12000
v 0.52120 10.03000 -0.07000
v -5.56630 11.07000 1.02000
v -7.11490 10.77000 0.02000
v -7.23130 10.87000 1.02000
v -5.66570 10.94000 0.02000
v -5.56630 11.07000 -0.97000
v -7.23130 10.87000 -0.97000
v -7.23130 11.06000 2.33000
v -5.56630 11.26000 2.33000
v -5.56630 11.26000 -2.28000
v -7.23130 11.06000 -2.28000
v 1.86740 7.22000 1.65000
v 1.72230 7.25000 2.68000
v -8.56210 7.55000 1.40000
v -8.77480 8.53000 1.51000
v -8.77480 8.53000 1.28000
v 1.72230 7.25000 -2.68000
v 1.86740 7.22000 -1.65000
v -8.56210 7.55000 -1.35000
v -8.77480 8.53000 -1.23000
v -8.77480 8.53000 -1.46000
v -8.30050 8.28000 1.59000
v -8.18670 7.29000 1.48000
v -8.18670 7.29000 1.70000
v -8.30050 8.28000 -1.54000
v -8.18670 7.29000 -1.66000
v -8.18670 7.29000 -1.43000
v -6.76380 10.66000 1.83000
v -3.14910 10.66000 1.83000
v -3.14910 10.66000 -1.78000
v -6.76380 10.66000 -1.78000
v -6.31780 10.14000 1.37000
v -8.40720 9.88000 -1.32000
v -8.40720 9.88000 1.37000
v -6.31780 10.14000 -1.32000
v -7.95590 7.70000 1.40000
v -8.16860 8.67000 1.51000
v -8.16860 8.67000 1.28000
v -7.95590 7.70000 -1.35000
v -8.16860 8.67000 -1.23000
v -8.16860 8.67000 -1.46000
v -1.09990 3.53000 -3.18000
v -0.00780 2.94000 -2.76000
v -1.09990 3.53000 3.18000
v -0.00780 2.94000 2.76000
v -7.67920 8.33000 1.69000
v -7.56540 7.35000 1.57000
v -7.56540 7.35000 1.80000
v 0.99250 9.03000 -1.21000
v 0.99250 9.03000 1.26000
v -7.67920 8.33000 -1.64000
v -7.56540 7.35000 -1.75000
v -7.56540 7.35000 -1.53000
v 0.62940 8.52000 0.38000
v 0.43730 9.27000 -0.18000
v 0.43730 9.27000 0.22000
v 0.62940 8.52000 -0.33000
v -7.24920 9.83000 2.30000
v -7.24920 10.25000 1.75000
v -7.24920 9.83000 1.75000
v -7.24920 10.25000 2.30000
v -7.05500 10.25000 2.11000
v -7.05500 10.25000 1.56000
v -6.70970 10.25000 2.30000
v -6.51550 10.25000 2.11000
v -7.24920 10.25000 -1.70000
v -7.24920 9.83000 -2.25000
v -7.24920 9.83000 -1.70000
v -7.24920 10.25000 -2.25000
v -7.05500 10.25000 -2.06000
v -7.05500 10.25000 -1.51000
v -6.70970 10.25000 -2.25000
v -6.51550 10.25000 -2.06000
v -7.23130 9.60000 1.02000
v -7.23130 9.21000 2.30000
v -7.23130 9.60000 2.30000
v -7.23130 9.21000 0.63000
v -7.23130 10.48000 1.02000
v -7.23130 10.48000 2.30000
v -7.23130 9.60000 -0.97000
v -7.23130 9.21000 -0.58000
v -7.23130 10.48000 -0.97000
v -7.23130 9.21000 -2.25000
v -7.23130 9.60000 -2.25000
v -7.23130 10.48000 -2.25000
v -7.11490 9.32000 0.02000
v -7.14340 9.60000 2.21000
v -7.14340 10.47000 1.05000
v -7.14340 9.60000 1.05000
v -7.14340 10.47000 2.21000
v -7.14340 9.60000 -1.00000
v -7.14340 10.47000 -2.16000
v -7.14340 9.60000 -2.16000
v -7.14340 10.47000 -1.00000
v 0.46560 0.77000 -3.38000
v 0.87140 1.07000 -2.96000
v 0.46560 0.77000 3.38000
v 0.87140 1.07000 2.96000
v -7.33330 7.92000 1.40000
v -7.54600 8.90000 1.51000
v -7.54600 8.90000 1.28000
v -7.33330 7.92000 -1.35000
v -7.54600 8.90000 -1.23000
v -7.54600 8.90000 -1.46000
v -8.28740 7.81000 -0.38000
v -8.28740 7.81000 0.43000
v -8.11860 7.89000 0.46000
v -8.11860 7.89000 -0.41000
v -5.95490 9.60000 2.30000
v -6.00500 9.60000 2.21000
v -5.95490 9.60000 -2.25000
v -6.00500 9.60000 -2.16000
v -6.76380 8.85000 -1.89000
v -6.76380 8.85000 1.94000
v -7.92270 7.97000 -0.45000
v -7.92270 7.97000 0.50000
v -7.71600 8.06000 -0.48000
v -7.71600 8.06000 0.53000
v -7.49150 8.16000 -0.52000
v -7.49150 8.16000 0.57000
v -7.19990 8.28000 0.62000
v -7.19990 8.28000 -0.57000
v -7.01850 8.33000 1.83000
v -6.90470 7.34000 1.71000
v -6.90470 7.34000 1.94000
v -7.01850 8.33000 -1.78000
v -6.90470 7.34000 -1.89000
v -6.90470 7.34000 -1.66000
v -6.00500 10.47000 2.21000
v -5.95490 10.48000 2.30000
v -6.00500 10.47000 -2.16000
v -5.95490 10.48000 -2.25000
v -1.21080 0.56000 -3.55000
v -0.10840 0.71000 -3.58000
v -1.21080 0.56000 3.55000
v -0.10840 0.71000 3.58000
v 1.19560 2.34000 -2.61000
v 1.19560 2.34000 2.61000
v -6.94300 8.37000 0.68000
v -6.94300 8.37000 -0.63000
v -6.67760 8.46000 -0.69000
v -6.67760 8.46000 0.74000
v -6.35760 8.57000 0.82000
v -6.35760 8.57000 -0.77000
v -0.15740 0.76000 -3.61000
v -2.64410 2.53000 -2.20000
v -2.57190 2.58000 -2.24000
v -2.47080 2.47000 -2.20000
v -2.64410 2.53000 2.20000
v -2.47080 2.47000 2.20000
v -2.57190 2.58000 2.24000
v -0.15740 0.76000 3.61000
v -6.32590 8.93000 1.23000
v -6.33810 8.45000 -1.18000
v -6.33810 8.45000 1.23000
v -6.32590 8.93000 -1.18000
v -7.37530 7.78000 2.01000
v -9.45800 7.05000 0.98000
v -7.29780 7.81000 1.62000
v -9.45800 7.05000 -0.93000
v -6.34900 8.15000 1.76000
v -7.37530 7.78000 -1.96000
v -7.29780 7.81000 -1.57000
v -6.34900 8.15000 -1.71000
v -5.97510 8.29000 2.22000
v -5.97510 8.29000 -2.17000
v -5.06950 8.81000 -2.20000
v -5.06950 8.81000 2.25000
v -2.64090 2.53000 1.70000
v -2.47080 2.47000 1.76000
v -2.64410 2.53000 1.76000
v -2.46890 2.47000 1.72000
v -8.89690 6.98000 1.46000
v -2.64090 2.53000 -1.70000
v -2.47080 2.47000 -1.76000
v -2.46890 2.47000 -1.72000
v -2.64410 2.53000 -1.76000
v -2.64090 2.53000 2.15000
v -2.46890 2.47000 2.17000
v -2.64090 2.53000 -2.15000
v -2.46890 2.47000 -2.17000
v -8.89690 6.98000 -1.41000
v -1.17700 6.35000 -3.17000
v -2.74680 2.61000 2.07000
v -2.61720 2.71000 2.28000
v -2.75890 2.61000 2.27000
v -2.60510 2.71000 2.08000
v -2.74680 2.61000 -2.07000
v -2.61720 2.71000 -2.28000
v -2.60510 2.71000 -2.08000
v -2.75890 2.61000 -2.27000
v -2.74680 2.61000 1.63000
v -2.61720 2.71000 1.83000
v -2.75890 2.61000 1.82000
v -2.60510 2.71000 1.63000
v -1.17700 6.35000 3.17000
v -2.74680 2.61000 -1.63000
v -2.75890 2.61000 -1.82000
v -2.61720 2.71000 -1.83000
v -2.60510 2.71000 -1.63000
v -2.64110 2.71000 -2.26000
v -2.75200 2.64000 -2.25000
v -0.13540 7.47000 -2.68000
v -2.64110 2.71000 2.26000
v -2.75200 2.64000 2.25000
v -0.13540 7.47000 2.68000
v -9.46710 10.35000 0.71000
v -9.46710 10.35000 1.30000
v -9.46710 10.35000 -0.66000
v -9.46710 10.35000 -1.25000
v -2.57190 2.58000 -1.79000
v -2.57190 2.58000 1.79000
v -9.14720 10.01000 1.37000
v -9.14720 10.01000 0.47000
v -9.14720 10.01000 -0.42000
v -9.14720 10.01000 -1.32000
v -7.12050 8.90000 1.51000
v -7.12050 8.90000 1.28000
v -7.12050 8.90000 -1.23000
v -7.12050 8.90000 -1.46000
v -1.21080 0.56000 -2.78000
v -0.10840 0.71000 -2.81000
v -0.44820 7.71000 0.76000
v -0.55580 9.29000 -0.39000
v -0.55580 9.29000 0.44000
v -0.44820 7.71000 -0.71000
v -1.21080 0.56000 2.78000
v -0.10840 0.71000 2.81000
v -2.64110 2.71000 -1.81000
v -2.75200 2.64000 -1.80000
v -2.64110 2.71000 1.81000
v -2.75200 2.64000 1.80000
v -2.68610 4.50000 -2.42000
v -3.29310 3.79000 -2.11000
v -3.74710 4.23000 -2.11000
v -1.92010 4.22000 -2.42000
v -3.04950 2.92000 2.32000
v -2.67080 3.17000 1.51000
v -2.67080 3.17000 2.32000
v -3.04950 2.92000 1.51000
v -3.04950 2.92000 -2.32000
v -2.67080 3.17000 -1.51000
v -3.04950 2.92000 -1.51000
v -2.67080 3.17000 -2.32000
v -3.29310 3.79000 2.11000
v -2.68610 4.50000 2.42000
v -3.74710 4.23000 2.11000
v -1.92010 4.22000 2.42000
v 5.07250 6.52000 -1.05000
v 3.19360 7.67000 1.94000
v 5.07250 6.52000 1.10000
v 3.19360 7.67000 -1.90000
v 0.32180 8.39000 -1.77000
v 0.32180 8.39000 1.82000
v -1.88170 7.98000 1.82000
v -1.88170 7.98000 -1.77000
v -3.51110 8.49000 -1.12000
v -3.51110 8.49000 1.17000
v -7.74310 8.67000 1.51000
v -7.74310 8.67000 1.28000
v -7.74310 8.67000 -1.23000
v -7.74310 8.67000 -1.46000
v -9.49130 8.61000 1.56000
v -9.49130 8.61000 1.23000
v -9.49130 8.61000 -1.19000
v -9.49130 8.61000 -1.51000
v -7.11350 7.29000 1.62000
v -9.27370 6.53000 -0.93000
v -9.27370 6.53000 0.98000
v -7.11350 7.29000 -1.57000
v -6.16470 7.63000 -1.71000
v -6.16470 7.63000 1.76000
v -2.86970 3.10000 -2.29000
v -3.05980 2.97000 -2.28000
v -8.93100 8.53000 1.51000
v -8.93100 8.53000 1.28000
v -8.93100 8.53000 -1.23000
v -8.93100 8.53000 -1.46000
v -2.86970 3.10000 2.29000
v -3.05980 2.97000 2.28000
v -8.34930 8.53000 1.28000
v -8.34930 8.53000 1.51000
v -3.12740 5.64000 -2.42000
v -2.41780 5.20000 -2.42000
v -3.12740 5.20000 -2.42000
v -2.41780 5.91000 -2.42000
v -8.34930 8.53000 -1.23000
v -8.34930 8.53000 -1.46000
v -1.53110 0.44000 -3.40000
v -1.17410 0.51000 -3.51000
v -2.41780 5.20000 2.42000
v -3.12740 5.64000 2.42000
v -3.12740 5.20000 2.42000
v -2.41780 5.91000 2.42000
v -1.53110 0.44000 3.40000
v -1.17410 0.51000 3.51000
v -7.24320 6.43000 -1.60000
v -7.30930 7.10000 -1.78000
v -6.42950 6.37000 -1.97000
v -5.97790 7.33000 -2.07000
v -2.50830 4.28000 1.93000
v 0.56450 3.74000 -1.87000
v 0.56450 3.74000 1.92000
v -2.50830 4.28000 -1.88000
v 2.83030 3.92000 1.94000
v 2.83030 3.92000 -1.90000
v 5.47100 4.41000 1.10000
v 5.47100 4.41000 -1.05000
v 7.03920 5.68000 0.69000
v 7.03920 5.68000 -0.64000
v 7.93810 6.22000 -0.44000
v 7.93810 6.22000 0.49000
v 8.43490 6.51000 -0.33000
v 8.43490 6.51000 0.38000
v 9.13440 6.50000 -0.23000
v 9.13440 6.50000 0.28000
v 9.70140 6.46000 0.21000
v 9.70140 6.46000 -0.17000
v 10.06450 6.44000 -0.12000
v 10.06450 6.44000 0.17000
v -3.75040 3.56000 2.11000
v -3.75040 3.56000 1.73000
v -3.75040 3.56000 -2.11000
v -3.75040 3.56000 -1.73000
v -5.30400 9.21000 2.30000
v -6.70970 9.83000 2.30000
v -5.30400 9.21000 -2.25000
v -5.15310 6.68000 -2.16000
v -4.61460 7.64000 -2.18000
v -6.70970 9.83000 -2.25000
v -4.61460 7.64000 2.23000
v -5.97790 7.33000 2.12000
v -5.15310 6.68000 2.21000
v -6.42950 6.37000 2.02000
v -7.30930 7.10000 1.83000
v -7.24320 6.43000 1.65000
v -5.96100 7.05000 2.04000
v -5.96100 7.05000 -1.99000
v -6.50220 7.48000 1.94000
v -6.50220 7.48000 -1.89000
v -3.33660 3.68000 -2.11000
v -1.92010 4.22000 1.73000
v -3.29310 3.79000 1.73000
v -1.92010 4.22000 -1.73000
v -3.29310 3.79000 -1.73000
v -3.33660 3.68000 2.11000
v -7.16290 7.48000 1.80000
v -8.45110 8.18000 1.66000
v -5.90990 8.50000 1.66000
v -2.56370 8.85000 1.94000
v -3.14910 7.05000 2.04000
v -7.16290 7.48000 -1.75000
v -5.90990 8.50000 -1.61000
v -8.45110 8.18000 -1.61000
v -2.74200 2.64000 1.64000
v -2.74200 2.64000 -1.64000
v -2.56370 8.85000 -1.89000
v -3.14910 7.05000 -1.99000
v -2.74200 2.64000 2.09000
v -2.86970 3.10000 -1.85000
v -3.05980 2.97000 -1.83000
v -2.74200 2.64000 -2.09000
v -1.21080 0.56000 -2.04000
v -0.10840 0.71000 -2.07000
v -2.86970 3.10000 1.85000
v -3.05980 2.97000 1.83000
v -7.78420 7.43000 1.70000
v -7.78420 7.43000 -1.66000
v -1.21080 0.56000 2.04000
v -0.10840 0.71000 2.07000
v -8.91030 7.78000 -0.34000
v -9.10700 7.77000 0.38000
v -8.91030 7.78000 0.39000
v -9.10700 7.77000 -0.33000
v -8.70870 7.79000 0.40000
v -8.70870 7.79000 -0.36000
v -8.49930 7.80000 0.42000
v -8.49930 7.80000 -0.37000
v 0.99250 6.57000 1.26000
v 0.99250 6.57000 -1.21000
v -3.04360 2.97000 1.57000
v -3.04360 2.97000 -1.57000
v -3.04360 2.97000 2.02000
v -3.04360 2.97000 -2.02000
v -9.35120 8.34000 1.66000
v -8.33180 7.23000 1.51000
v -8.33170 7.23000 -1.46000
v -1.28810 8.29000 -0.99000
v -1.28810 8.29000 1.04000
v 0.99250 8.82000 1.04000
v 0.99250 8.82000 -0.99000
v -4.80880 6.61000 1.17000
v 6.70350 6.93000 0.69000
v 7.79650 7.13000 0.49000
v 8.45040 7.22000 0.38000
v 9.23510 7.01000 0.28000
v 9.77520 6.84000 0.21000
v 10.12100 6.72000 0.17000
v -4.80880 6.61000 -1.12000
v 6.70350 6.93000 -0.64000
v 7.79650 7.13000 -0.44000
v 8.45040 7.22000 -0.33000
v 9.23510 7.01000 -0.23000
v 9.77520 6.84000 -0.17000
v 10.12100 6.72000 -0.12000
v -0.13540 7.47000 1.65000
v -0.13540 7.47000 -1.65000
v -7.05500 9.83000 -1.51000
v -7.05500 9.83000 1.56000
v -1.53110 0.44000 -2.63000
v -1.17410 0.51000 -2.74000
v -1.17410 0.51000 2.74000
v -1.53110 0.44000 2.63000
v -0.00780 2.94000 1.61000
v 1.19700 2.36000 1.61000
v -0.00780 2.94000 -1.61000
v 1.19700 2.36000 -1.61000
v -6.56700 8.05000 0.74000
v -6.84250 7.99000 0.68000
v -6.23490 8.11000 0.82000
v -7.09130 7.95000 0.62000
v -6.56700 8.05000 -0.69000
v -6.84250 7.99000 -0.63000
v -6.23490 8.11000 -0.77000
v -7.09130 7.95000 -0.57000
v -1.09990 3.53000 1.19000
v -1.31350 9.62000 0.44000
v -1.31350 9.62000 -0.39000
v -1.09990 3.53000 -1.19000
v -8.02580 7.64000 0.46000
v -8.24040 7.57000 0.43000
v -1.89670 7.92000 0.76000
v -8.02580 7.64000 -0.41000
v -8.24040 7.57000 -0.38000
v -7.37610 7.85000 0.57000
v 2.75120 7.88000 0.29000
v 3.12400 8.42000 0.17000
v -1.89670 7.92000 -0.71000
v -7.82280 7.71000 0.50000
v -7.60870 7.78000 0.53000
v -7.37610 7.85000 -0.52000
v 2.75120 7.88000 -0.24000
v 3.12400 8.42000 -0.13000
v -7.82280 7.71000 -0.45000
v -7.60870 7.78000 -0.48000
v 7.41670 6.97000 0.22000
v 7.61640 7.41000 0.14000
v 7.41670 6.97000 -0.17000
v 7.61640 7.41000 -0.09000
v 6.47200 6.81000 0.29000
v 6.74390 7.41000 0.18000
v -1.28810 6.26000 1.04000
v 0.99250 6.78000 1.04000
v 3.34890 7.87000 0.18000
v 3.56660 8.18000 0.11000
v 6.47200 6.81000 -0.24000
v 6.74390 7.41000 -0.13000
v 3.34890 7.87000 -0.13000
v 3.56660 8.18000 -0.06000
v 0.99250 6.78000 -0.99000
v -1.28810 6.26000 -0.99000
v -1.53110 0.44000 -1.89000
v -1.17410 0.51000 -2.00000
v -1.53110 0.44000 1.89000
v -1.17410 0.51000 2.00000
v -0.07990 8.50000 0.38000
v 0.04670 9.36000 0.22000
v -0.07990 8.50000 -0.33000
v 0.04670 9.36000 -0.18000
v -9.10110 7.56000 0.38000
v -8.90430 7.56000 0.39000
v -8.70250 7.57000 0.40000
v -8.49290 7.57000 0.42000
v -3.33660 3.68000 1.73000
v -3.33660 3.68000 -1.73000
v -9.10110 7.56000 -0.33000
v -8.90430 7.56000 -0.34000
v -8.70250 7.57000 -0.36000
v -8.49290 7.57000 -0.37000
v -2.41780 5.91000 1.37000
v -2.41780 5.20000 1.37000
v -2.41780 5.91000 -1.37000
v -2.41780 5.20000 -1.37000
v -3.74710 4.23000 1.73000
v -3.74710 4.23000 -1.73000
v -2.68610 4.50000 1.73000
v -3.12740 5.20000 1.37000
v -3.12740 5.20000 -1.37000
v -2.68610 4.50000 -1.73000
v -3.12740 5.64000 1.37000
v -3.12740 5.64000 -1.37000
v -5.43740 9.32000 0.02000
v -2.56840 2.59000 1.69000
v -2.63110 2.71000 1.65000
v -2.56840 2.59000 -1.69000
v -2.63110 2.71000 -1.65000
v -1.17700 6.35000 1.18000
v -2.56840 2.59000 2.13000
v -2.63110 2.71000 2.10000
v -8.33180 7.23000 -1.23000
v -8.33180 7.23000 1.28000
v -6.51550 9.83000 2.11000
v -2.56840 2.59000 -2.13000
v -2.63110 2.71000 -2.10000
v -1.17700 6.35000 -1.18000
v -6.51550 9.83000 -2.06000
v -7.78420 7.43000 -1.43000
v -7.78420 7.43000 1.48000
v -9.82630 8.42000 1.23000
v -8.45110 8.18000 1.23000
v -9.82630 8.42000 -1.18000
v -8.45110 8.18000 -1.18000
v -8.43890 8.67000 -1.18000
v -9.81410 8.91000 -1.18000
v -8.43890 8.67000 1.23000
v -9.81410 8.91000 1.23000
v -7.16290 7.48000 -1.53000
v -7.16290 7.48000 1.57000
v -2.85360 3.10000 2.03000
v -2.85360 3.10000 -2.03000
v -2.85360 3.10000 -1.59000
v -2.85360 3.10000 1.59000
v -6.50220 7.48000 -1.66000
v -6.50220 7.48000 1.71000
v 0.75590 1.07000 1.58000
v -1.23070 0.56000 3.09000
v 0.75590 1.07000 -1.58000
v -1.23070 0.56000 -3.09000
v -1.23070 0.56000 2.32000
v -1.23070 0.56000 -2.32000
v -1.23070 0.56000 1.58000
v -0.13520 0.71000 1.46000
v -5.30400 9.21000 0.63000
v -1.23070 0.56000 -1.58000
v -5.30400 9.21000 -0.58000
v -0.13520 0.71000 -1.46000
v -7.05500 9.83000 -2.06000
v -7.05500 9.83000 2.11000
v -0.27180 0.76000 1.51000
v 0.35120 0.77000 1.62000
v -8.80900 6.98000 -1.10000
v -8.80900 6.98000 1.15000
v -0.27180 0.76000 -1.51000
v 0.35120 0.77000 -1.62000
v -1.53660 0.44000 1.76000
v -1.19060 0.51000 1.62000
v -0.13520 0.71000 2.20000
v -1.53660 0.44000 -1.76000
v -1.19060 0.51000 -1.62000
v -0.13520 0.71000 -2.20000
v -1.53660 0.44000 2.51000
v -1.19060 0.51000 2.36000
v -1.53660 0.44000 -2.51000
v -1.19060 0.51000 -2.36000
v -0.13520 0.71000 2.97000
v -0.13520 0.71000 -2.97000
v -1.53660 0.44000 3.27000
v -1.19060 0.51000 3.13000
v -1.53660 0.44000 -3.27000
v -1.19060 0.51000 -3.13000
vt 0.59130 0.01184
vt 0.60018 0.00297
vt 0.60018 0.01184
vt 0.59130 0.00297
vt 1.54212 0.98008
vt 1.50812 0.95561
vt 1.54212 0.94880
vt 1.50812 0.97328
vt 1.46834 0.96033
vt 1.47657 0.96033
vt 1.46834 0.96856
vt 1.47657 0.96856
vt 0.74720 0.43093
vt 0.78638 0.43093
vt 0.74720 0.47011
vt 0.78638 0.47011
vt 0.52884 0.81937
vt 0.47062 0.84704
vt 0.47062 0.80931
vt 0.52884 0.85040
vt 0.47061 0.88477
vt 0.52884 0.88142
vt 0.52884 0.91245
vt 0.47061 0.92251
vt 1.41640 0.96609
vt 1.45498 0.99056
vt 1.41640 0.99737
vt 1.45498 0.97290
vt 0.67030 0.03843
vt 0.64016 0.09811
vt 0.62214 0.04055
vt 0.67216 0.10071
vt 1.67030 0.03843
vt 1.62214 0.04055
vt 1.64016 0.09811
vt 1.67216 0.10071
vt 0.84758 0.90126
vt 0.85429 0.95966
vt 0.84086 0.95966
vt 1.84758 0.90126
vt 1.85429 0.95966
vt 1.84086 0.95966
vt 0.00293 0.84542
vt 0.07980 0.84564
vt 0.01480 0.86386
vt 0.08021 0.86341
vt 0.07734 0.91629
vt 0.01195 0.91278
vt 1.07980 0.84564
vt 1.00293 0.84542
vt 1.01480 0.86386
vt 1.08021 0.86341
vt 1.07734 0.91629
vt 1.01195 0.91278
vt 0.99575 0.00297
vt 0.98858 0.02694
vt 0.98858 0.00297
vt 0.99574 0.02694
vt 0.07671 0.82765
vt 0.00390 0.82765
vt 1.07671 0.82765
vt 1.00390 0.82765
vt 1.01341 0.01555
vt 1.00823 0.00297
vt 1.01080 0.00297
vt 1.00497 0.01512
vt 0.01341 0.01555
vt 0.00823 0.00297
vt 0.01080 0.00297
vt 0.00497 0.01512
vt 0.96242 0.00680
vt 0.94332 0.08179
vt 0.94332 0.01065
vt 0.96242 0.08564
vt 0.98153 0.08948
vt 0.98153 0.00295
vt 1.96965 0.85130
vt 1.95105 0.81328
vt 1.96693 0.81328
vt 1.94835 0.85130
vt 0.96965 0.85130
vt 0.95105 0.81328
vt 0.96693 0.81328
vt 0.94835 0.85130
vt 0.61380 0.16288
vt 0.68100 0.22521
vt 0.61142 0.22425
vt 0.68328 0.16670
vt 1.68328 0.16670
vt 1.61380 0.16288
vt 1.68100 0.22521
vt 1.61142 0.22425
vt 0.53919 0.82194
vt 0.53131 0.82253
vt 0.53672 0.82387
vt 0.53131 0.84530
vt 0.53919 0.84223
vt 0.53672 0.84104
vt 0.53131 0.88652
vt 0.53131 0.90929
vt 0.53918 0.88959
vt 0.53671 0.89078
vt 0.53671 0.90795
vt 0.53918 0.90988
vt 1.00293 0.02663
vt 1.01610 0.02663
vt 0.00293 0.02663
vt 0.01610 0.02663
vt 0.98858 0.03071
vt 0.99399 0.04921
vt 0.98858 0.05348
vt 0.99399 0.03205
vt 0.33521 0.02685
vt 0.32981 0.04535
vt 0.32980 0.02258
vt 0.33521 0.04401
vt 0.67679 0.00296
vt 0.61144 0.00725
vt 1.67679 0.00296
vt 1.61144 0.00725
vt 0.47657 0.96856
vt 0.46834 0.96033
vt 0.47657 0.96033
vt 0.46834 0.96856
vt 0.98858 0.05722
vt 0.99189 0.07999
vt 0.98858 0.07999
vt 0.99189 0.05722
vt 0.00624 0.06485
vt 0.00624 0.08762
vt 0.00293 0.08762
vt 0.00293 0.06485
vt 1.66701 0.14009
vt 1.62702 0.13738
vt 0.66701 0.14009
vt 0.62702 0.13738
vt 0.61645 0.94196
vt 0.67024 0.90635
vt 0.67439 0.94100
vt 0.61981 0.90719
vt 0.08339 0.96146
vt 0.13718 0.99707
vt 0.08675 0.99623
vt 0.14133 0.96243
vt 0.67439 0.98664
vt 0.61645 0.98760
vt 0.08339 0.91582
vt 0.14133 0.91679
vt 0.65898 0.27764
vt 0.62277 0.27714
vt 1.62277 0.27714
vt 1.65898 0.27764
vt 0.81680 0.14536
vt 0.81680 0.27028
vt 0.69188 0.27028
vt 0.69188 0.14536
vt 0.80140 0.86424
vt 0.70837 0.79144
vt 0.80147 0.79135
vt 0.70826 0.86422
vt 1.29166 0.53580
vt 1.27576 0.64136
vt 1.30859 0.57776
vt 1.24934 0.65263
vt 0.27576 0.64136
vt 0.29166 0.53580
vt 0.30859 0.57776
vt 0.24934 0.65263
vt 0.86972 0.14208
vt 0.80754 0.00298
vt 0.89268 0.00297
vt 0.83054 0.14208
vt 0.05128 0.94610
vt 0.06010 0.95784
vt 0.05128 0.95784
vt 0.06010 0.94610
vt 0.05205 0.97753
vt 0.06037 0.97518
vt 0.05200 0.98340
vt 0.06042 0.96931
vt 0.04392 0.97518
vt 0.04397 0.96931
vt 0.08152 0.93978
vt 0.07270 0.95151
vt 0.07270 0.93978
vt 0.08152 0.95151
vt 0.04355 0.99585
vt 0.04590 0.98753
vt 0.05178 0.98748
vt 0.03768 0.99590
vt 0.04355 0.97940
vt 0.03768 0.97945
vt 0.91149 0.54868
vt 0.89807 0.50457
vt 0.91150 0.50457
vt 0.89806 0.56211
vt 0.94218 0.54868
vt 0.95560 0.54860
vt 0.94218 0.50457
vt 0.96203 0.50342
vt 0.55947 0.92125
vt 0.54604 0.90783
vt 0.59016 0.92125
vt 0.54605 0.96537
vt 0.55947 0.96536
vt 0.60359 0.92134
vt 0.59016 0.96536
vt 0.61001 0.96652
vt 0.95215 0.58332
vt 0.90207 0.58345
vt 0.24934 0.65639
vt 0.27942 0.69642
vt 0.24934 0.69642
vt 0.27942 0.65639
vt 0.60014 0.88662
vt 0.55005 0.88648
vt 0.57622 0.43314
vt 0.60630 0.47317
vt 0.57622 0.47317
vt 0.60630 0.43314
vt 0.96229 0.09543
vt 0.96229 0.13954
vt 0.95924 0.13650
vt 0.95924 0.09647
vt 0.49156 0.04625
vt 0.49156 0.00621
vt 0.49462 0.04729
vt 0.49461 0.00317
vt 1.08946 0.79784
vt 1.06878 0.81857
vt 1.08939 0.82604
vt 1.07315 0.78215
vt 0.06878 0.81857
vt 0.08946 0.79784
vt 0.08939 0.82604
vt 0.07315 0.78215
vt 0.57967 0.81097
vt 0.60771 0.81097
vt 0.60882 0.81737
vt 0.57857 0.81737
vt 0.91818 0.13976
vt 0.91989 0.13670
vt 0.45050 0.00297
vt 0.45221 0.00603
vt 0.69697 0.64060
vt 0.63452 0.76911
vt 0.63450 0.63702
vt 0.69698 0.76552
vt 0.57742 0.82475
vt 0.60997 0.82475
vt 0.57621 0.83254
vt 0.61118 0.83254
vt 0.57489 0.84100
vt 0.61250 0.84100
vt 0.61416 0.85197
vt 0.57323 0.85198
vt 0.45903 0.00986
vt 0.45552 0.04024
vt 0.45553 0.01016
vt 0.45902 0.04054
vt 0.00643 0.06078
vt 0.00293 0.03040
vt 0.00643 0.03070
vt 0.00293 0.06108
vt 1.97847 0.79345
vt 1.99479 0.83157
vt 1.99434 0.79345
vt 1.97350 0.83157
vt 1.04806 0.68745
vt 1.06751 0.73565
vt 1.11172 0.72018
vt 1.01802 0.71595
vt 0.06751 0.73565
vt 0.04806 0.68745
vt 0.11172 0.72018
vt 0.01802 0.71595
vt 0.61627 0.86135
vt 0.57112 0.86136
vt 0.56887 0.87105
vt 0.61852 0.87105
vt 0.62124 0.88274
vt 0.56616 0.88274
vt 1.11170 0.80363
vt 1.10688 0.82933
vt 1.11250 0.00849
vt 1.10910 0.00806
vt 1.10854 0.01334
vt 0.11250 0.00849
vt 0.10854 0.01334
vt 0.10910 0.00806
vt 0.11170 0.80363
vt 0.10688 0.82933
vt 0.51751 0.49800
vt 0.50079 0.58137
vt 0.50078 0.49800
vt 0.51752 0.58137
vt 0.23382 0.46747
vt 0.19809 0.39120
vt 0.20850 0.37746
vt 0.22035 0.47032
vt 0.13238 0.39121
vt 0.22534 0.50519
vt 0.12197 0.37747
vt 0.09666 0.46749
vt 0.11014 0.47034
vt 0.10516 0.50521
vt 0.24119 0.51892
vt 0.08932 0.51895
vt 0.08842 0.55508
vt 0.24211 0.55505
vt 1.22287 0.00820
vt 1.22142 0.01445
vt 1.22105 0.00820
vt 1.22251 0.01445
vt 1.87363 0.88018
vt 1.88611 0.93762
vt 1.86114 0.93762
vt 0.22287 0.00820
vt 0.22142 0.01445
vt 0.22105 0.00820
vt 0.22251 0.01445
vt 1.80474 0.04389
vt 1.68182 0.06211
vt 1.80477 0.14158
vt 1.68183 0.12354
vt 0.21196 0.00297
vt 0.20523 0.00883
vt 0.20523 0.00297
vt 0.21196 0.00883
vt 1.21195 0.00297
vt 1.20523 0.00883
vt 1.21196 0.00883
vt 1.20523 0.00297
vt 0.80474 0.04389
vt 0.80477 0.14158
vt 0.68182 0.06211
vt 0.68183 0.12354
vt 1.10854 0.00314
vt 1.11312 0.00296
vt 1.76722 0.00296
vt 1.70326 0.01245
vt 0.10854 0.00314
vt 0.11312 0.00296
vt 0.76722 0.00296
vt 0.70326 0.01245
vt 0.78174 0.73327
vt 0.80190 0.73359
vt 0.78166 0.75004
vt 0.80146 0.75053
vt 0.72772 0.75006
vt 0.70734 0.73367
vt 0.72770 0.73346
vt 0.70797 0.75077
vt 0.80258 0.76653
vt 0.77066 0.76492
vt 0.73885 0.76470
vt 0.76943 0.73798
vt 0.74000 0.73828
vt 0.70697 0.76672
vt 1.88025 0.94173
vt 1.88025 0.96671
vt 1.86682 0.96671
vt 1.86682 0.94173
vt 0.54212 0.94880
vt 0.50812 0.97328
vt 0.50812 0.95561
vt 0.54212 0.98008
vt 0.99479 0.83157
vt 0.97847 0.79345
vt 0.99434 0.79345
vt 0.97350 0.83157
vt 1.16184 0.44304
vt 1.17096 0.47599
vt 1.19165 0.46872
vt 1.13368 0.44133
vt 1.25437 0.50268
vt 1.28232 0.51837
vt 1.25437 0.51837
vt 1.28232 0.50268
vt 0.50487 0.39682
vt 0.60832 0.32068
vt 0.57908 0.39682
vt 0.47564 0.32067
vt 0.48008 0.21838
vt 0.60388 0.21838
vt 0.60403 0.14095
vt 0.47994 0.14095
vt 0.50247 0.08201
vt 0.58151 0.08201
vt 0.88025 0.94173
vt 0.88025 0.96671
vt 0.86682 0.96671
vt 0.86682 0.94173
vt 0.73681 0.58293
vt 0.81593 0.49496
vt 0.81594 0.56067
vt 0.73681 0.47272
vt 0.70194 0.46773
vt 0.70194 0.58791
vt 1.79854 0.00296
vt 1.78240 0.00899
vt 1.79854 0.01083
vt 1.78240 0.00313
vt 0.78240 0.00899
vt 0.79854 0.00296
vt 0.79854 0.01083
vt 0.78240 0.00313
vt 1.19166 0.41310
vt 1.16297 0.41742
vt 1.18542 0.42729
vt 1.17284 0.39497
vt 1.03611 0.00480
vt 1.02375 0.01536
vt 1.03536 0.01393
vt 1.02305 0.00296
vt 0.85166 0.29917
vt 0.83270 0.41935
vt 0.83269 0.29917
vt 0.85167 0.41935
vt 0.47319 0.38872
vt 0.44313 0.46766
vt 0.45376 0.38724
vt 0.46607 0.47577
vt 0.49260 0.39018
vt 0.48909 0.48351
vt 0.43153 0.49612
vt 0.45667 0.52273
vt 0.33522 0.11614
vt 0.46666 0.22392
vt 0.33566 0.22394
vt 0.46707 0.11612
vt 0.33483 0.30250
vt 0.46751 0.30248
vt 0.36408 0.39534
vt 0.43829 0.39533
vt 0.37810 0.46505
vt 0.42429 0.46504
vt 0.41736 0.50128
vt 0.38504 0.50129
vt 0.41336 0.52107
vt 0.38904 0.52107
vt 0.41015 0.54524
vt 0.39226 0.54525
vt 0.39466 0.56490
vt 0.40776 0.56489
vt 0.40622 0.57747
vt 0.39619 0.57748
vt 0.40565 0.58221
vt 0.39677 0.58222
vt 1.98913 0.49681
vt 1.96847 0.46413
vt 1.99642 0.46413
vt 1.97575 0.49681
vt 0.92557 0.68808
vt 0.92558 0.71876
vt 0.90309 0.73220
vt 0.91211 0.66133
vt 0.33302 0.07980
vt 0.32981 0.04942
vt 0.33302 0.04911
vt 0.32980 0.07950
vt 0.06163 0.95834
vt 0.07045 0.94681
vt 0.07045 0.95834
vt 0.06163 0.94681
vt 0.92559 0.94780
vt 0.90309 0.90369
vt 0.92559 0.91712
vt 0.91214 0.97455
vt 0.96970 0.73217
vt 0.96969 0.71874
vt 0.42535 0.54142
vt 0.44952 0.57074
vt 0.48759 0.53530
vt 0.49289 0.57104
vt 0.49073 0.08141
vt 0.49394 0.05103
vt 0.49394 0.08171
vt 0.49073 0.05133
vt 0.04061 0.94639
vt 0.04945 0.95791
vt 0.04063 0.95792
vt 0.04943 0.94637
vt 0.96970 0.90369
vt 0.96970 0.91712
vt 0.24468 0.82127
vt 0.29268 0.81404
vt 0.27404 0.84539
vt 0.31932 0.83914
vt 0.28006 0.78313
vt 0.24431 0.77790
vt 0.33185 0.78155
vt 0.33962 0.80456
vt 0.34776 0.82749
vt 0.42667 0.79731
vt 0.42817 0.81673
vt 0.42518 0.77790
vt 0.56616 0.63344
vt 0.56617 0.77270
vt 0.27942 0.70019
vt 0.24934 0.73954
vt 0.24934 0.70019
vt 0.27942 0.73954
vt 0.11347 0.73561
vt 0.08339 0.77495
vt 0.08339 0.73561
vt 0.11347 0.77495
vt 1.18197 0.48978
vt 1.17080 0.47990
vt 1.05713 0.51140
vt 1.03310 0.51140
vt 1.04375 0.46162
vt 1.05714 0.46162
vt 0.89708 0.63362
vt 0.87899 0.72026
vt 0.83751 0.63018
vt 0.82263 0.70142
vt 0.35216 0.77668
vt 0.41471 0.65926
vt 0.41472 0.75644
vt 0.35214 0.63153
vt 0.28960 0.75646
vt 0.28957 0.63154
vt 0.88221 0.20535
vt 0.84070 0.29542
vt 0.82263 0.20877
vt 0.89707 0.27659
vt 1.21917 0.00297
vt 1.22475 0.00297
vt 0.11859 0.67301
vt 0.18116 0.79042
vt 0.11860 0.77019
vt 0.18116 0.64527
vt 0.24372 0.77018
vt 0.24372 0.64526
vt 0.96966 0.66814
vt 0.96968 0.68802
vt 0.21917 0.00297
vt 0.22475 0.00297
vt 0.83287 0.57845
vt 0.83519 0.60431
vt 0.82416 0.59233
vt 0.82265 0.57541
vt 0.96968 0.96772
vt 0.96970 0.94784
vt 0.88686 0.15362
vt 0.89556 0.16750
vt 0.88454 0.17948
vt 0.89708 0.15058
vt 0.58094 0.78943
vt 0.60606 0.78262
vt 0.60645 0.78942
vt 0.58132 0.78262
vt 0.58170 0.77594
vt 0.60568 0.77594
vt 0.60684 0.79640
vt 0.58054 0.79640
vt 0.60726 0.80364
vt 0.58013 0.80364
vt 0.84836 0.56453
vt 0.88749 0.43641
vt 0.88747 0.56693
vt 0.80252 0.43120
vt 0.81257 0.73389
vt 0.85169 0.86202
vt 0.81258 0.86441
vt 0.89754 0.72869
vt 1.69084 0.01917
vt 1.68297 0.00297
vt 1.68970 0.00297
vt 1.68182 0.01917
vt 0.68297 0.00297
vt 0.69084 0.01917
vt 0.68182 0.01917
vt 0.68970 0.00297
vt 0.89144 0.57069
vt 0.89426 0.60216
vt 0.82829 0.14585
vt 0.69190 0.86799
vt 0.76224 0.86801
vt 0.76223 0.94886
vt 0.69188 0.94885
vt 0.02799 0.09919
vt 0.08922 0.00294
vt 0.15803 0.09657
vt 0.01785 0.03692
vt 0.16080 0.20434
vt 0.00295 0.17247
vt 0.01297 0.27436
vt 0.14314 0.28089
vt 0.04253 0.35038
vt 0.11305 0.37346
vt 0.06208 0.42304
vt 0.02079 0.40604
vt 0.03936 0.45211
vt 0.00881 0.44320
vt 0.02727 0.46828
vt 0.00293 0.46556
vt 0.00623 0.49356
vt 0.02413 0.49246
vt 0.02292 0.51221
vt 0.00984 0.51302
vt 0.01215 0.52549
vt 0.02216 0.52487
vt 0.01302 0.53018
vt 0.02188 0.52963
vt 0.24049 0.00296
vt 0.30171 0.09922
vt 0.17166 0.09658
vt 0.31185 0.03694
vt 0.16888 0.20435
vt 0.32674 0.17250
vt 0.31670 0.27439
vt 0.18653 0.28090
vt 0.28714 0.35041
vt 0.21661 0.37348
vt 0.26758 0.42306
vt 0.30887 0.40607
vt 0.29029 0.45213
vt 0.32084 0.44322
vt 0.30238 0.46830
vt 0.32672 0.46559
vt 0.32341 0.49359
vt 0.30552 0.49248
vt 0.30673 0.51224
vt 0.31981 0.51305
vt 0.31750 0.52551
vt 0.30748 0.52489
vt 0.31662 0.53021
vt 0.30777 0.52966
vt 0.14374 0.29819
vt 0.17959 0.36285
vt 0.14374 0.36796
vt 0.17959 0.29819
vt 1.17959 0.36285
vt 1.14374 0.29819
vt 1.14374 0.36796
vt 1.17959 0.29819
vt 0.07270 0.93390
vt 0.08152 0.93390
vt 0.05128 0.96371
vt 0.06010 0.96371
vt 0.58151 0.00297
vt 0.50247 0.00297
vt 0.02375 0.01536
vt 0.02304 0.00296
vt 0.03611 0.00480
vt 0.03536 0.01393
vt 1.15013 0.50015
vt 1.14179 0.48686
vt 1.04788 0.01520
vt 1.02037 0.81094
vt 1.02300 0.77605
vt 0.02037 0.81094
vt 0.02300 0.77605
vt 0.31635 0.62394
vt 0.34821 0.57558
vt 0.35076 0.62174
vt 1.34821 0.57558
vt 1.31635 0.62394
vt 1.35076 0.62174
vt 0.32170 0.96403
vt 0.33160 0.94985
vt 0.33163 0.96334
vt 0.32166 0.94920
vt 0.30972 0.96487
vt 0.30969 0.94842
vt 0.67708 0.46505
vt 0.67710 0.33296
vt 0.74273 0.46148
vt 0.74275 0.33656
vt 0.34061 0.96268
vt 0.34119 0.95046
vt 0.07830 0.51217
vt 0.06412 0.52207
vt 0.06481 0.51214
vt 0.07895 0.52211
vt 0.06328 0.53404
vt 0.07973 0.53408
vt 0.06547 0.50316
vt 0.07768 0.50258
vt 0.36044 0.53202
vt 0.49115 0.98584
vt 0.45498 0.97290
vt 0.49115 0.97761
vt 0.45498 0.99056
vt 1.36044 0.53202
vt 0.85724 0.92902
vt 0.84475 0.87158
vt 0.86973 0.87158
vt 1.85724 0.92902
vt 1.84475 0.87158
vt 1.86973 0.87158
vt 1.89628 0.91030
vt 1.90299 0.96869
vt 1.88956 0.96869
vt 0.38226 0.95650
vt 0.37496 0.96447
vt 0.37584 0.95547
vt 0.38282 0.96485
vt 0.26375 0.87766
vt 0.28502 0.91348
vt 0.25385 0.91090
vt 0.28113 0.87450
vt 0.26157 0.84371
vt 0.25414 0.84725
vt 0.07166 0.46152
vt 0.06369 0.46881
vt 0.06330 0.46095
vt 0.07268 0.46793
vt 0.35218 0.95204
vt 0.35108 0.96322
vt 1.26375 0.87766
vt 1.28502 0.91348
vt 1.25385 0.91090
vt 1.28113 0.87450
vt 1.26157 0.84371
vt 1.25414 0.84725
vt 0.15438 0.96121
vt 0.18833 0.96334
vt 0.18520 0.98073
vt 0.15790 0.95378
vt 0.22418 0.98456
vt 0.22155 0.95339
vt 0.36750 0.96408
vt 0.36845 0.95440
vt 0.35963 0.96367
vt 0.36065 0.95327
vt 0.07611 0.49159
vt 0.06493 0.49269
vt 1.18833 0.96334
vt 1.22155 0.95339
vt 1.22418 0.98456
vt 1.18520 0.98073
vt 1.15438 0.96121
vt 1.15790 0.95378
vt 0.06408 0.47627
vt 0.07375 0.47532
vt 0.06449 0.48414
vt 0.07488 0.48312
vt 0.65988 0.58745
vt 0.59130 0.60312
vt 0.59132 0.52227
vt 0.65989 0.50659
vt 0.24470 0.62740
vt 0.17953 0.55883
vt 0.26038 0.55882
vt 0.16385 0.62741
vt 0.44065 0.00297
vt 0.36161 0.00298
vt 0.39035 0.64030
vt 0.41899 0.65263
vt 1.39035 0.64030
vt 1.41899 0.65263
vt 0.04788 0.01520
vt 0.40997 0.95030
vt 0.41817 0.95582
vt 0.41169 0.95749
vt 0.41650 0.94886
vt 0.40509 0.95919
vt 0.40332 0.95178
vt 0.39650 0.95329
vt 0.39833 0.96093
vt 0.38942 0.95486
vt 0.39130 0.96274
vt 1.26165 0.54729
vt 1.27504 0.55121
vt 1.26165 0.55121
vt 1.27504 0.54729
vt 0.07930 0.42727
vt 0.07786 0.43380
vt 0.07234 0.42560
vt 0.07067 0.43208
vt 0.06897 0.43868
vt 0.07638 0.44045
vt 0.07487 0.44727
vt 0.06723 0.44544
vt 0.07330 0.45436
vt 0.06542 0.45247
vt 1.14374 0.04078
vt 1.18011 0.06530
vt 1.14374 0.06530
vt 1.18011 0.04078
vt 1.98914 0.51998
vt 1.97575 0.51998
vt 1.28069 0.48340
vt 1.25666 0.45504
vt 1.28069 0.45504
vt 1.24431 0.48340
vt 0.83767 0.86818
vt 0.76731 0.94902
vt 0.76733 0.86817
vt 0.83766 0.94904
vt 1.16777 0.00297
vt 1.14374 0.00297
vt 1.28069 0.49890
vt 1.24432 0.49890
vt 0.99437 0.78604
vt 0.93829 0.73596
vt 0.98838 0.73596
vt 0.93829 0.79393
vt 0.61142 0.46862
vt 0.61144 0.32936
vt 1.92923 0.77234
vt 1.90309 0.77235
vt 1.92922 0.73597
vt 1.90309 0.73597
vt 1.17425 0.06907
vt 1.16925 0.07305
vt 1.16872 0.06972
vt 1.17403 0.07365
vt 0.41640 0.96609
vt 0.41640 0.99737
vt 1.16385 0.07365
vt 0.51888 0.45491
vt 0.56507 0.45491
vt 0.55814 0.49332
vt 0.52581 0.49332
vt 0.55413 0.51610
vt 0.52981 0.51610
vt 0.55092 0.54411
vt 0.53302 0.54411
vt 0.54852 0.56376
vt 0.53542 0.56376
vt 0.54699 0.57634
vt 0.53695 0.57634
vt 0.54641 0.58108
vt 0.53753 0.58108
vt 1.49115 0.98584
vt 1.49115 0.97761
vt 0.70158 0.77411
vt 0.63940 0.90258
vt 0.61645 0.77409
vt 0.67858 0.90258
vt 1.65434 0.29687
vt 1.68277 0.29559
vt 1.66336 0.31968
vt 1.68108 0.26743
vt 0.78528 0.42706
vt 0.82867 0.27396
vt 0.82868 0.42765
vt 0.78527 0.27457
vt 0.55778 0.68227
vt 0.45120 0.71193
vt 0.42536 0.66127
vt 0.52011 0.72285
vt 0.17425 0.06907
vt 0.16924 0.07305
vt 0.16872 0.06972
vt 0.17403 0.07365
vt 0.06163 0.96421
vt 0.07045 0.96421
vt 1.45120 0.71193
vt 1.55778 0.68227
vt 1.42536 0.66127
vt 1.52011 0.72285
vt 0.15500 0.64884
vt 0.07646 0.55701
vt 0.15499 0.57770
vt 0.07647 0.66956
vt 0.04827 0.54440
vt 0.04830 0.68217
vt 0.00295 0.68894
vt 0.00293 0.53765
vt 0.04946 0.96378
vt 0.04064 0.96379
vt 0.81420 0.59024
vt 0.71702 0.72950
vt 0.71702 0.59024
vt 0.81420 0.72950
vt 0.16385 0.07365
vt 0.29401 0.01520
vt 0.28957 0.01989
vt 0.29044 0.01502
vt 0.29515 0.01989
vt 1.28957 0.01989
vt 1.29515 0.01989
vt 1.29401 0.01520
vt 1.29044 0.01502
vt 0.56616 0.48035
vt 0.58144 0.49493
vt 0.56687 0.51157
vt 0.58230 0.54243
vt 0.56736 0.54236
vt 0.60370 0.47983
vt 0.64129 0.47952
vt 0.66522 0.49397
vt 0.67807 0.47728
vt 0.68832 0.54193
vt 0.67368 0.54221
vt 0.55819 0.58457
vt 0.42535 0.60271
vt 1.55819 0.58457
vt 1.42535 0.60271
vt 0.97716 0.26608
vt 0.96847 0.21861
vt 0.98519 0.21808
vt 0.99389 0.26556
vt 0.98519 0.33864
vt 0.96847 0.33916
vt 0.97716 0.09324
vt 0.98519 0.14124
vt 0.96847 0.14072
vt 0.99388 0.09377
vt 0.97716 0.21380
vt 0.99389 0.21432
vt 0.16888 0.89197
vt 0.23777 0.89166
vt 0.22125 0.94466
vt 0.18540 0.94483
vt 1.22125 0.94466
vt 1.16888 0.89197
vt 1.18540 0.94483
vt 1.23777 0.89166
vt 0.20408 0.02493
vt 0.21310 0.02493
vt 1.20408 0.02493
vt 1.21310 0.02493
vt 1.64895 0.32538
vt 1.63153 0.30589
vt 1.31068 0.00998
vt 1.31252 0.02613
vt 1.30466 0.02613
vt 1.30482 0.00998
vt 0.87363 0.88018
vt 0.88611 0.93762
vt 0.86114 0.93762
vt 0.90318 0.00965
vt 0.92830 0.01645
vt 0.90279 0.01645
vt 0.92791 0.00965
vt 0.92753 0.00297
vt 0.90355 0.00297
vt 0.90239 0.02342
vt 0.92870 0.02342
vt 0.90198 0.03067
vt 0.92911 0.03067
vt 0.45976 0.81613
vt 0.42535 0.74699
vt 0.47438 0.77227
vt 0.45215 0.71768
vt 0.92956 0.03940
vt 0.90152 0.03940
vt 0.94120 0.29513
vt 0.85783 0.34340
vt 0.85783 0.29513
vt 0.94121 0.34339
vt 1.59130 0.05843
vt 1.60469 0.02056
vt 1.61534 0.05843
vt 1.59131 0.02056
vt 1.47438 0.77227
vt 1.42535 0.74699
vt 1.45976 0.81613
vt 1.45215 0.71768
vt 0.51365 0.72767
vt 0.52059 0.78170
vt 1.71391 0.30485
vt 1.72745 0.31617
vt 1.70618 0.32537
vt 1.71783 0.30477
vt 1.32981 0.01884
vt 1.34568 0.00297
vt 1.34568 0.01884
vt 1.32980 0.00297
vt 1.51365 0.72767
vt 1.52059 0.78170
vt 0.32981 0.01884
vt 0.34568 0.00297
vt 0.34568 0.01884
vt 0.32980 0.00297
vt 1.11859 0.82022
vt 1.11904 0.78210
vt 1.13492 0.78210
vt 1.13989 0.82022
vt 0.08842 0.85444
vt 0.14961 0.83310
vt 0.15351 0.86782
vt 0.09298 0.83309
vt 0.29963 0.90392
vt 0.36082 0.92526
vt 0.30419 0.92527
vt 0.36472 0.89055
vt 0.97344 0.65757
vt 0.90309 0.58722
vt 0.97344 0.58722
vt 0.90309 0.65757
vt 0.08854 0.91198
vt 0.15997 0.91300
vt 0.29975 0.84638
vt 0.37118 0.84537
vt 0.31068 0.00998
vt 0.31252 0.02613
vt 0.30466 0.02613
vt 0.30482 0.00998
vt 0.29291 0.00989
vt 0.29182 0.00989
vt 1.29182 0.00989
vt 1.29291 0.00989
vt 0.16889 0.79428
vt 0.23778 0.79396
vt 1.16889 0.79428
vt 1.23778 0.79396
vt 0.03797 0.97704
vt 0.00669 0.94577
vt 0.03797 0.94576
vt 0.00669 0.97705
vt 0.05439 0.98446
vt 0.06321 0.98446
vt 0.06321 0.99599
vt 0.05439 0.99599
vt 0.07416 0.98380
vt 0.06534 0.99533
vt 0.06534 0.98380
vt 0.07416 0.99533
vt 0.74720 0.27517
vt 0.74721 0.42646
vt 0.88298 0.90252
vt 0.94155 0.79938
vt 0.94155 0.89245
vt 0.88298 0.78932
vt 1.73853 0.28457
vt 1.72543 0.27593
vt 1.03797 0.97704
vt 1.00669 0.94577
vt 1.03797 0.94576
vt 1.00669 0.97705
vt 0.53774 0.94509
vt 0.45559 0.92634
vt 0.53778 0.92612
vt 0.45555 0.94531
vt 0.42032 0.94506
vt 0.42036 0.92610
vt 0.97371 0.34294
vt 0.99246 0.42509
vt 0.97350 0.42513
vt 0.99268 0.34290
vt 0.97374 0.46036
vt 0.99270 0.46032
vt 0.56012 0.79455
vt 0.53665 0.81614
vt 0.53194 0.79477
vt 0.56256 0.81264
vt 1.53665 0.81614
vt 1.56256 0.81264
vt 1.56012 0.79455
vt 1.53194 0.79477
vt 1.18557 0.01568
vt 1.19455 0.01453
vt 1.18397 0.02697
vt 1.19637 0.02761
vt 0.11859 0.82022
vt 0.11904 0.78210
vt 0.13492 0.78210
vt 0.13989 0.82022
vt 0.00293 0.37216
vt 0.01939 0.31708
vt 0.01938 0.37216
vt 0.00293 0.31708
vt 0.05653 0.00297
vt 0.05653 0.00854
vt 0.05322 0.00854
vt 0.05322 0.00297
vt 0.26443 0.00628
vt 0.27000 0.00297
vt 0.27000 0.00628
vt 0.26443 0.00297
vt 0.93601 0.08117
vt 0.89297 0.08992
vt 0.89508 0.08117
vt 0.93812 0.08992
vt 0.89072 0.09962
vt 0.94309 0.11131
vt 0.88800 0.11131
vt 0.94037 0.09962
vt 0.54958 0.72461
vt 0.55801 0.77690
vt 1.54957 0.72461
vt 1.55801 0.77690
vt 0.36098 0.42891
vt 0.36099 0.50172
vt 0.33483 0.42891
vt 0.33484 0.50172
vt 1.36099 0.50172
vt 1.33483 0.42891
vt 1.33484 0.50172
vt 1.36098 0.42891
vt 0.58135 0.61491
vt 0.56616 0.62948
vt 0.67929 0.63162
vt 0.66538 0.61605
vt 0.32306 0.07508
vt 0.31975 0.06820
vt 0.32306 0.06820
vt 0.31975 0.07508
vt 0.19231 0.03138
vt 0.19231 0.03826
vt 0.18900 0.03826
vt 0.18900 0.03138
vt 1.18397 0.00293
vt 0.93067 0.04719
vt 0.90042 0.04719
vt 0.93182 0.05457
vt 0.89927 0.05457
vt 0.93303 0.06236
vt 0.89806 0.06236
vt 0.93435 0.07082
vt 0.89674 0.07082
vt 0.95964 0.47831
vt 0.89304 0.42076
vt 0.95965 0.42077
vt 0.89303 0.47830
vt 0.96467 0.25286
vt 0.89806 0.19532
vt 0.96467 0.19532
vt 0.89806 0.25286
vt 0.89764 0.49964
vt 0.95562 0.49965
vt 0.90267 0.17398
vt 0.96065 0.17398
vt 0.18556 0.01568
vt 0.19455 0.01453
vt 0.18397 0.02697
vt 0.19637 0.02761
vt 0.85783 0.41699
vt 0.94121 0.41699
vt 0.18397 0.00293
vt 0.06986 0.93248
vt 0.06163 0.94084
vt 0.06399 0.93253
vt 0.05576 0.94089
vt 0.06163 0.92439
vt 0.05576 0.92444
vt 0.05312 0.93225
vt 0.04476 0.94048
vt 0.04481 0.93461
vt 0.05317 0.92638
vt 0.03667 0.93225
vt 0.03672 0.92638
vt 0.32364 0.04729
vt 0.32058 0.00621
vt 0.32363 0.00317
vt 0.32058 0.04625
vt 0.06344 0.98155
vt 0.07225 0.96982
vt 0.07225 0.98155
vt 0.06344 0.96982
vt 0.95224 0.08861
vt 0.94918 0.12968
vt 0.94919 0.08965
vt 0.95223 0.13272
vt 0.08141 0.95538
vt 0.07259 0.96712
vt 0.07259 0.95538
vt 0.08141 0.96712
vt 0.38009 0.82760
vt 0.46522 0.82760
vt 0.45783 0.83500
vt 0.45783 0.90534
vt 0.38748 0.83500
vt 0.46522 0.91274
vt 0.38009 0.91274
vt 0.38748 0.90534
vt 0.27952 0.00297
vt 0.28123 0.00603
vt 0.90812 0.13292
vt 0.90984 0.12986
vt 1.12733 0.01864
vt 1.12389 0.00297
vt 1.12646 0.00297
vt 1.12302 0.01864
vt 0.12733 0.01864
vt 0.12389 0.00297
vt 0.12646 0.00297
vt 0.12302 0.01864
vt 0.30264 0.93200
vt 0.25659 0.96793
vt 0.25730 0.92024
vt 0.30373 0.96645
vt 1.25659 0.96793
vt 1.30264 0.93200
vt 1.25730 0.92024
vt 1.30373 0.96645
vt 0.30969 0.38831
vt 0.33162 0.32235
vt 0.33163 0.39516
vt 0.31033 0.32737
vt 1.30969 0.38831
vt 1.33162 0.32235
vt 1.31033 0.32737
vt 1.33163 0.39516
vt 0.32306 0.05103
vt 0.31975 0.05103
vt 0.19231 0.05543
vt 0.18900 0.05543
vt 0.46558 0.07569
vt 0.48456 0.00998
vt 0.48455 0.07569
vt 0.46559 0.00998
vt 1.59633 0.10054
vt 1.59904 0.06220
vt 1.61492 0.06220
vt 1.61763 0.10054
vt 0.59633 0.10054
vt 0.59904 0.06220
vt 0.61492 0.06220
vt 0.61763 0.10054
vt 1.13176 0.03107
vt 1.11859 0.03107
vt 0.13176 0.03107
vt 0.11859 0.03107
vt 0.23929 0.96749
vt 0.23928 0.90655
vt 1.23929 0.96749
vt 1.23928 0.90655
vt 0.89628 0.91030
vt 0.90299 0.96869
vt 0.88956 0.96869
vt 0.97853 0.52376
vt 0.99525 0.60713
vt 0.97852 0.60713
vt 0.99526 0.52376
vn 0.9843 -0.1968 0.0000
vn 1.0000 -0.0315 0.0000
vn 0.7008 0.7165 0.0000
vn 0.8032 -0.5906 0.0000
vn 1.0000 0.0000 0.0000
vn -0.9764 0.2126 0.0000
vn 0.8110 0.5827 0.0000
vn 0.9921 -0.1496 0.0315
vn 0.9685 -0.2441 0.0630
vn 0.9921 -0.1339 0.0315
vn 0.9921 -0.1496 -0.0315
vn 0.9921 -0.1339 -0.0315
vn 0.9685 -0.2441 -0.0630
vn -0.9764 -0.2126 0.0000
vn 0.0157 -1.0000 0.0000
vn 0.0236 -1.0000 0.0079
vn 0.0394 -1.0000 0.0157
vn 0.0394 -1.0000 0.0236
vn 0.0236 -1.0000 -0.0079
vn 0.0394 -1.0000 -0.0157
vn 0.0394 -1.0000 -0.0236
vn 0.9764 -0.2047 0.0000
vn -1.0000 -0.0315 0.0000
vn 0.0000 -1.0000 0.0000
vn -0.0157 -1.0000 0.0000
vn 0.1654 -0.9843 0.0000
vn -0.0079 -1.0000 0.0000
vn -0.9370 -0.3465 0.0000
vn 0.1102 -0.9921 -0.0079
vn 0.1102 -0.9921 0.0079
vn 0.9921 0.0315 0.1417
vn 0.9921 0.0315 -0.1417
vn -0.0866 -0.9921 0.0000
vn 0.1339 -0.6063 0.7874
vn -0.9528 -0.1181 -0.2677
vn 1.0000 -0.0472 0.0000
vn -0.9528 -0.1181 0.2677
vn 0.6299 0.7795 0.0000
vn -0.9921 -0.1181 0.0000
vn -0.2126 0.9764 0.0000
vn 0.6693 -0.7402 -0.0787
vn 0.6693 -0.7402 0.0787
vn 0.4724 0.8819 0.0000
vn -0.1181 0.9843 -0.1102
vn -0.1181 0.9843 0.1102
vn -0.1181 0.9843 -0.1417
vn -0.1181 0.9843 0.1417
vn 0.8740 0.4803 0.1102
vn 0.8740 0.4803 -0.1102
vn 0.0000 1.0000 0.0000
vn -0.1260 0.9921 0.0000
vn 0.1339 -0.5591 -0.8189
vn 0.1339 -0.5591 0.8189
vn 0.3858 0.9213 0.0000
vn 0.9685 0.2520 0.0000
vn -1.0000 0.0000 0.0000
vn -0.9921 0.0157 -0.1417
vn -0.9921 0.0157 0.1417
vn -0.1024 0.9921 0.0000
vn 0.4803 0.1732 -0.8583
vn 0.6063 0.1890 -0.7717
vn 0.3937 0.1654 -0.9055
vn 0.6063 0.1890 0.7717
vn 0.4803 0.1732 0.8583
vn 0.3937 0.1654 0.9055
vn -0.4094 0.9134 0.0000
vn 0.0000 0.9921 0.1024
vn 0.0000 0.9921 -0.1024
vn -0.4016 0.9134 0.0000
vn -0.3937 0.9213 0.0000
vn -0.8661 0.0000 0.4961
vn -0.8661 0.0000 -0.4961
vn -0.0394 0.0000 -1.0000
vn -0.0945 0.0000 -0.9921
vn -0.0315 0.0000 -1.0000
vn -0.0945 0.0000 0.9921
vn -0.0394 0.0000 1.0000
vn -0.0315 0.0000 1.0000
vn 0.0709 -0.1575 -0.9843
vn 0.0315 0.0551 -1.0000
vn 0.0315 0.0709 -1.0000
vn 0.0315 0.0551 1.0000
vn 0.0709 -0.1575 0.9843
vn 0.0315 0.0709 1.0000
vn -0.3228 0.9449 0.0000
vn 0.1968 0.1339 -0.9685
vn -0.0315 -0.3071 -0.9528
vn -0.0394 -0.3150 -0.9449
vn -0.1181 -0.3858 -0.9134
vn -0.0315 -0.3071 0.9528
vn -0.1181 -0.3858 0.9134
vn -0.0394 -0.3150 0.9449
vn 0.1968 0.1339 0.9685
vn -1.0000 0.0236 0.0000
vn -0.3386 0.9449 0.0000
vn -0.3307 0.9449 0.0000
vn -0.3386 0.9370 0.0000
vn -0.4252 0.9055 0.0000
vn -0.4961 0.8661 0.0000
vn -0.2913 -0.9606 -0.0157
vn -0.3071 0.1102 0.9449
vn -0.2913 -0.9606 0.0157
vn -0.3071 0.1102 -0.9449
vn 0.6850 -0.7244 0.0000
vn 0.0000 0.0079 -1.0000
vn 0.5433 -0.8346 0.0315
vn 0.5433 -0.8346 -0.0315
vn 0.0000 0.0079 1.0000
vn -0.0079 -0.2835 -0.9606
vn 0.0472 0.3622 -0.9291
vn -0.0079 -0.2835 0.9606
vn 0.0472 0.3622 0.9291
vn 0.1732 0.9843 0.0000
vn 0.7717 0.6220 -0.1575
vn 0.7717 0.6220 0.1575
vn 1.0000 0.0709 0.0000
vn -0.0945 -0.1496 -0.9843
vn -0.1339 -0.2205 -0.9685
vn -0.1339 -0.2283 -0.9606
vn -0.0866 -0.1496 -0.9843
vn 0.5512 -0.8346 0.0000
vn -0.1339 -0.2205 0.9685
vn -0.0945 -0.1496 0.9843
vn -0.1339 -0.2283 0.9606
vn -0.0866 -0.1496 0.9843
vn 0.5197 0.8504 0.0000
vn 0.3701 0.9291 0.0000
vn 0.0315 1.0000 0.0000
vn 0.0236 1.0000 0.0000
vn 0.2992 0.9528 0.0000
vn 0.0157 -0.1181 -0.9921
vn -0.0157 -0.0709 -1.0000
vn -0.0236 -0.0630 -1.0000
vn -0.0157 -0.0709 1.0000
vn 0.0157 -0.1181 0.9921
vn -0.0236 -0.0630 1.0000
vn 0.0000 0.0000 -1.0000
vn -0.2283 0.1260 -0.9685
vn -0.2283 0.1024 -0.9685
vn -0.2362 0.1339 -0.9606
vn 0.0000 0.0000 1.0000
vn -0.2283 0.1260 0.9685
vn -0.2362 0.1339 0.9606
vn -0.2283 0.1024 0.9685
vn -0.9449 -0.3386 0.0000
vn -0.1890 -0.2677 -0.9449
vn -0.2362 -0.1890 -0.9528
vn -0.2047 -0.2047 -0.9606
vn -0.1575 -0.2126 -0.9685
vn -0.2283 -0.0709 -0.9685
vn -0.1260 -0.0787 -0.9921
vn -0.1732 -0.9843 0.0000
vn -0.0472 -1.0000 0.0000
vn 0.1260 -0.9921 0.0000
vn 0.3858 -0.9213 0.0000
vn 0.5827 -0.8110 0.0000
vn 0.5039 -0.8583 0.0000
vn 0.2835 -0.9606 0.0000
vn -0.0315 -1.0000 0.0000
vn -0.0709 -1.0000 0.0000
vn -0.6693 -0.7402 0.0000
vn -0.0236 -0.0157 1.0000
vn -0.3228 0.0000 0.9449
vn -0.0236 -0.0157 -1.0000
vn -0.1181 0.0000 -0.9921
vn -0.0630 -0.0394 -1.0000
vn -0.0709 -0.1024 -0.9921
vn -0.0394 -0.0630 -1.0000
vn -0.3228 0.0000 -0.9449
vn -0.0630 -0.0394 1.0000
vn -0.1260 -0.0787 0.9921
vn -0.1181 0.0000 0.9921
vn -0.2283 -0.0709 0.9685
vn -0.0709 -0.1024 0.9921
vn -0.0394 -0.0630 1.0000
vn -0.1575 -0.2126 0.9685
vn -0.2047 -0.2047 0.9606
vn -0.2362 -0.1890 0.9528
vn -0.1890 -0.2677 0.9449
vn -0.9134 -0.4094 0.0000
vn -0.0394 0.1102 0.9921
vn 0.9370 -0.3465 0.0000
vn -0.0394 0.1102 -0.9921
vn -0.0709 0.1496 -0.9843
vn -0.0709 0.1575 -0.9843
vn 0.2992 -0.9528 0.0000
vn -0.0709 0.1496 0.9843
vn -0.0709 0.1575 0.9843
vn -0.0236 0.1732 0.9843
vn 0.0000 0.0551 1.0000
vn -0.0236 0.1732 -0.9843
vn -0.7244 -0.6929 -0.0472
vn -0.7244 -0.6929 0.0472
vn 0.0000 0.0551 -1.0000
vn 0.0000 -0.0472 1.0000
vn 0.0472 0.2520 0.9685
vn 0.0000 -0.0472 -1.0000
vn 0.0472 0.2520 -0.9685
vn -0.0472 1.0000 0.0000
vn 0.1732 0.0000 0.9843
vn 0.1732 0.0000 -0.9843
vn -0.0394 1.0000 0.0000
vn -0.6142 -0.7874 -0.0394
vn -0.7480 -0.6614 -0.0472
vn -0.6142 -0.7874 0.0394
vn -0.7480 -0.6614 0.0472
vn 0.0315 0.1654 0.9843
vn 0.0315 0.1654 -0.9843
vn -0.2205 0.9764 0.0000
vn -0.1260 0.0630 0.9921
vn -0.2677 0.1102 0.9606
vn -0.1024 0.0551 0.9921
vn -0.0157 0.0157 1.0000
vn -0.0079 0.0236 1.0000
vn 0.1260 0.0079 0.9921
vn 0.1339 0.0079 0.9921
vn 0.2992 0.0236 0.9528
vn 0.2047 0.0472 0.9764
vn 0.1890 0.0315 0.9843
vn 0.1654 0.0000 0.9843
vn 0.1575 0.0000 0.9843
vn 0.1181 -0.0157 0.9921
vn 0.1181 -0.0236 0.9921
vn -0.2677 0.1102 -0.9606
vn -0.1260 0.0630 -0.9921
vn -0.1024 0.0551 -0.9921
vn -0.0157 0.0157 -1.0000
vn -0.0079 0.0236 -1.0000
vn 0.1260 0.0079 -0.9921
vn 0.1339 0.0079 -0.9921
vn 0.2992 0.0236 -0.9528
vn 0.2047 0.0472 -0.9764
vn 0.1890 0.0315 -0.9843
vn 0.1654 0.0000 -0.9843
vn 0.1575 0.0000 -0.9843
vn 0.1181 -0.0157 -0.9921
vn 0.1181 -0.0236 -0.9921
vn 0.1260 0.9921 -0.0079
vn 0.1260 0.9921 0.0079
vn -0.7087 0.0000 0.7087
vn -0.7087 0.0000 -0.7087
vn -0.8268 0.5669 0.0000
vn -0.1102 0.2283 -0.9685
vn -0.2520 0.2283 -0.9370
vn -0.1102 0.2283 0.9685
vn -0.2520 0.2283 0.9370
vn 0.1102 0.6378 0.7638
vn 0.1102 0.6378 -0.7638
vn -0.0157 0.2677 -0.9606
vn -0.0157 0.2677 0.9606
vn -0.4409 -0.8976 -0.0079
vn -0.4409 -0.8976 0.0079
vn -0.2205 -0.0551 0.9764
vn 0.9528 0.3071 0.0000
vn -0.2205 -0.0630 0.9764
vn -0.2205 -0.0551 -0.9764
vn -0.2205 -0.0630 -0.9764
vn -0.4724 -0.8819 0.0000
vn -0.6929 0.7165 0.0000
vn 0.0000 -0.1181 0.9921
vn 0.0000 -0.1181 -0.9921
vn -0.1496 -0.0472 0.9843
vn 0.0551 0.1654 0.9843
vn -0.1496 -0.0472 -0.9843
vn -0.1417 -0.0551 0.9843
vn 0.0945 0.1417 0.9843
vn 0.0551 0.1654 -0.9843
vn -0.1417 -0.0551 -0.9843
vn 0.0945 0.1417 -0.9843
vn 0.0709 0.1575 0.9843
vn 0.0709 0.1575 -0.9843
vn -0.7087 -0.7008 0.0000
vn 0.1339 -0.5748 -0.8110
vn 0.0236 0.1732 0.9843
vn 0.0236 0.1732 -0.9843
vn 0.1339 -0.5748 0.8110
vn -0.0551 0.0000 1.0000
vn 0.9213 -0.3858 0.0000
vn -0.0551 -0.0079 1.0000
vn -0.0551 0.0000 -1.0000
vn -0.0551 -0.0079 -1.0000
vn 0.9685 0.2598 0.0000
vn 0.9685 0.2362 0.0000
vn -1.0000 0.0079 0.0000
vn 0.8583 -0.5118 0.0000
vn -0.8425 -0.5354 0.0000
vn 0.2205 -0.9764 0.0000
vn 0.8898 0.4567 0.0000
vn 0.9528 -0.3071 0.0000
vn 0.1575 -0.2913 -0.9449
vn 0.1260 -0.2913 -0.9528
vn 0.1339 -0.2913 -0.9449
vn 0.1260 -0.2913 0.9528
vn 0.1575 -0.2913 0.9449
vn 0.1339 -0.2913 0.9449
vn -0.9449 0.3228 0.0000
vn 0.0315 -0.2913 -0.9528
vn -0.2441 0.9685 0.0000
vn -0.1575 0.9843 0.0000
vn 0.0472 1.0000 0.0000
vn 0.2756 0.9606 0.0000
vn 0.3150 0.9528 0.0000
vn 0.0315 -0.2913 0.9528
vn -0.8189 0.5748 0.0000
vn -0.0630 -1.0000 0.0000
vn -0.0551 -0.2756 -0.9606
vn -0.0394 -0.2047 -0.9764
vn -0.0472 -0.2362 -0.9685
vn 0.9291 0.3622 0.0000
vn -0.0394 -0.2047 0.9764
vn -0.0551 -0.2756 0.9606
vn -0.0472 -0.2362 0.9685
vn 0.0472 0.3543 -0.9370
vn -0.4803 0.8819 0.0000
vn 0.7087 0.0000 0.7087
vn 0.0472 0.3543 0.9370
vn 0.2362 -0.9685 0.0000
vn 0.0551 -1.0000 0.0000
vn 0.1102 -0.9921 0.0000
vn 0.2283 -0.9764 0.0000
vn 0.7087 0.0000 -0.7087
vn 0.8425 0.5354 0.0551
vn 0.8740 0.4803 0.0551
vn 0.8740 0.4803 -0.0551
vn 0.8425 0.5354 -0.0551
vn 0.0000 -0.0079 -1.0000
vn 0.0000 -0.0079 1.0000
vn -0.7323 0.6772 0.0000
vn 0.7795 0.6220 0.0472
vn 0.8346 0.5512 0.0551
vn 0.8346 0.5512 -0.0551
vn 0.7795 0.6220 -0.0472
vn 0.1024 -0.0709 -0.9921
vn 0.1339 -0.1181 -0.9843
vn 0.1024 -0.0630 -0.9921
vn 0.1024 -0.0709 0.9921
vn 0.1339 -0.1181 0.9843
vn 0.1024 -0.0630 0.9921
vn 0.0079 -1.0000 0.0000
vn -0.2520 0.9685 0.0000
vn 0.0000 0.0945 -0.9921
vn -0.0157 0.1260 -0.9921
vn 0.7244 0.6850 0.0000
vn -1.0000 0.0000 0.0472
vn 0.0000 0.0945 0.9921
vn -0.0157 0.1260 0.9921
vn -1.0000 0.0000 -0.0472
vn -0.1811 0.0000 -0.9843
vn -0.1260 0.0000 -0.9921
vn 0.9764 0.1575 -0.1417
vn 0.9764 0.1575 0.1417
vn 0.9921 0.1339 -0.0079
vn 0.9921 0.1339 0.0079
vn -0.1260 0.0000 0.9921
vn -0.1811 0.0000 0.9843
vn 0.7480 0.6614 0.0551
vn 0.7480 0.6614 -0.0551
vn -1.0000 -0.0236 0.0000
vn -0.1417 -0.9921 0.0000
vn 0.6063 0.7953 0.0000
vn 0.8740 -0.4882 0.0000
vn 0.9685 0.2441 0.0000
vn 0.8583 0.5197 0.0000
vn 0.0394 -1.0000 0.0000
vn 0.2520 0.0945 0.9606
vn 0.1968 0.0709 0.9764
vn 0.1339 0.0472 0.9921
vn 0.2520 0.0945 -0.9606
vn 0.1968 0.0709 -0.9764
vn 0.1339 0.0472 -0.9921
vn -0.0787 0.1968 -0.9764
vn -0.0079 0.1496 -0.9921
vn -0.1024 0.2126 -0.9685
vn 0.2362 0.1102 0.9685
vn 0.2362 0.1102 -0.9685
vn -0.0079 0.1496 0.9921
vn -0.0787 0.1968 0.9764
vn -0.1024 0.2126 0.9685
vn 0.3228 -0.9449 0.0000
vn -0.3228 0.0866 -0.9449
vn -0.3386 0.0630 -0.9370
vn 0.3150 -0.9449 0.0866
vn 0.0551 -0.2362 -0.9685
vn -0.3386 0.0630 0.9370
vn -0.3228 0.0866 0.9449
vn 0.3150 -0.9449 -0.0866
vn 0.0551 -0.2362 0.9685
vn 0.1890 -0.9843 0.0000
vn 0.0000 0.2126 -0.9764
vn -0.0394 0.2205 -0.9764
vn -0.9921 0.1417 0.0000
vn 0.0000 0.2126 0.9764
vn -0.0394 0.2205 0.9764
vn -1.0000 0.0000 0.0551
vn -1.0000 0.0000 -0.0551
vn 0.1339 -0.6063 -0.7874
vn -0.2362 -0.9685 0.0000
vn -0.2677 0.1575 -0.9528
vn 0.3071 -0.9528 0.0000
vn 0.3150 -0.9528 0.0000
vn -0.2677 0.1575 0.9528
vn 0.0000 -0.9843 -0.1890
vn 0.0000 -0.9843 0.1890
vn 0.8189 0.5197 0.2362
vn -0.1024 -0.9921 0.0000
vn 0.8189 0.5197 -0.2362
vn -0.4016 -0.9134 0.0000
vn 0.0000 -0.9921 0.1024
vn 0.0000 -0.9921 -0.1024
vn 0.9764 -0.2126 0.0000
vn -0.6929 0.7165 0.0315
vn -0.6929 0.7165 -0.0315
vn -0.9528 0.2913 0.0472
vn -0.9528 0.2913 -0.0472
vn -0.6220 0.7795 0.0000
vn -0.0315 1.0000 0.0000
vn 0.2126 -0.9764 0.0000
vn 0.9449 0.3386 0.0000
vn -0.3622 0.9291 0.0157
vn -0.1575 0.9843 0.0079
vn -0.1575 0.9843 -0.0079
vn -0.3622 0.9291 -0.0157
vn -0.2047 0.9764 0.0079
vn -0.2047 0.9764 -0.0079
vn -0.5669 0.8189 0.0394
vn -0.5669 0.8189 -0.0394
vn 1.0000 -0.0236 0.0000
vn -0.9134 0.4094 0.0000

o animal_t_rex
usemtl tex_animal_t_rex_i037p001x
f 1/1/1 2/2/1 3/3/1
f 4/4/1 2/2/1 1/1/1
f 5/5/2 6/6/2 7/7/2
f 6/6/2 5/5/2 8/8/2
f 9/7/2 10/8/2 11/6/2
f 9/7/2 12/5/2 10/8/2
f 13/9/3 14/10/3 15/11/3
f 15/11/3 14/10/3 16/12/3
f 17/12/3 18/9/3 19/10/3
f 18/9/3 17/12/3 20/11/3
f 6/6/4 16/12/4 14/10/4
f 8/8/4 16/12/4 6/6/4
f 21/13/5 22/14/5 23/15/5
f 22/14/5 24/16/5 23/15/5
f 25/17/6 26/18/6 27/19/6
f 26/18/6 25/17/6 28/20/6
f 28/20/6 29/21/6 26/18/6
f 29/21/6 28/20/6 30/22/6
f 31/23/6 29/21/6 30/22/6
f 29/21/6 31/23/6 32/24/6
f 11/6/4 17/12/4 19/10/4
f 10/8/4 17/12/4 11/6/4
f 33/25/7 34/26/7 35/27/7
f 34/26/7 33/25/7 36/28/7
f 37/25/7 38/26/7 39/27/7
f 38/26/7 37/25/7 40/28/7
f 41/29/8 42/30/9 43/31/10
f 42/30/9 41/29/8 44/32/9
f 45/33/11 46/34/12 47/35/13
f 45/33/11 47/35/13 48/36/13
f 49/37/14 50/38/14 51/39/14
f 52/40/14 53/41/14 54/42/14
f 55/43/15 56/44/16 57/45/17
f 57/45/17 56/44/16 58/46/17
f 59/47/18 57/45/17 58/46/17
f 57/45/17 59/47/18 60/48/18
f 61/49/19 62/50/15 63/51/20
f 61/49/19 63/51/20 64/52/20
f 63/51/20 65/53/21 64/52/20
f 65/53/21 63/51/20 66/54/21
f 67/12/22 68/9/22 69/10/22
f 68/9/22 67/12/22 70/11/22
f 71/55/23 72/56/23 73/57/23
f 71/55/23 74/58/23 72/56/23
f 75/59/24 55/43/15 76/60/24
f 55/43/15 75/59/24 56/44/16
f 77/61/24 62/50/15 61/49/19
f 77/61/24 78/62/24 62/50/15
f 79/63/25 80/64/26 81/65/26
f 80/64/26 79/63/25 82/66/27
f 83/67/25 84/68/26 85/69/26
f 84/68/26 83/67/25 86/70/27
f 87/63/25 88/64/26 89/65/26
f 88/64/26 87/63/25 90/66/27
f 91/64/26 92/63/25 93/65/26
f 92/63/25 91/64/26 94/66/27
f 95/64/26 96/63/25 97/65/26
f 96/63/25 95/64/26 98/66/27
f 99/64/26 100/63/25 101/65/26
f 100/63/25 99/64/26 102/66/27
f 103/71/28 104/72/28 105/73/28
f 104/72/28 103/71/28 106/74/28
f 106/74/28 103/71/28 107/75/28
f 108/76/28 107/75/28 103/71/28
f 109/77/29 110/78/24 111/79/24
f 110/78/24 109/77/29 112/80/29
f 113/81/29 114/82/24 115/83/24
f 114/82/24 113/81/29 116/84/29
f 117/78/24 118/77/29 119/80/29
f 118/77/29 117/78/24 120/79/24
f 121/78/24 122/77/30 123/79/24
f 122/77/30 121/78/24 124/80/30
f 125/78/24 126/77/30 127/79/24
f 126/77/30 125/78/24 128/80/30
f 129/78/24 130/77/30 131/79/24
f 130/77/30 129/78/24 132/80/30
f 133/10/22 134/11/22 135/9/22
f 133/10/22 136/12/22 134/11/22
f 137/85/31 138/86/31 139/87/31
f 138/86/31 137/85/31 140/88/31
f 141/89/32 142/90/32 143/91/32
f 142/90/32 144/92/32 143/91/32
f 145/93/14 146/94/14 25/17/14
f 146/94/14 145/93/14 147/95/14
f 148/96/14 25/17/14 146/94/14
f 25/17/14 148/96/14 28/20/14
f 149/97/14 147/95/14 145/93/14
f 147/95/14 149/97/14 150/98/14
f 148/96/14 150/98/14 149/97/14
f 149/97/14 28/20/14 148/96/14
f 31/23/14 30/22/14 151/99/14
f 31/23/14 151/99/14 152/100/14
f 153/101/14 151/99/14 30/22/14
f 151/99/14 153/101/14 154/102/14
f 153/101/14 155/103/14 154/102/14
f 153/101/14 156/104/14 155/103/14
f 156/104/14 31/23/14 152/100/14
f 156/104/14 152/100/14 155/103/14
f 79/63/25 157/105/33 82/66/27
f 157/105/33 79/63/25 158/106/33
f 96/63/25 98/66/27 159/105/33
f 159/105/33 160/106/33 96/63/25
f 83/67/25 161/107/33 86/70/27
f 161/107/33 83/67/25 162/108/33
f 87/63/25 163/105/33 90/66/27
f 163/105/33 87/63/25 164/106/33
f 92/63/25 94/66/27 165/105/33
f 165/105/33 166/106/33 92/63/25
f 100/63/25 102/66/27 167/105/33
f 167/105/33 168/106/33 100/63/25
f 169/109/34 170/110/34 171/111/34
f 170/110/34 169/109/34 172/112/34
f 173/113/34 174/114/34 175/115/34
f 173/113/34 176/116/34 174/114/34
f 177/40/35 178/41/35 179/42/35
f 59/117/36 43/31/10 60/118/36
f 43/31/10 59/117/36 41/29/8
f 180/40/37 181/41/37 182/42/37
f 65/119/36 66/120/36 46/34/12
f 65/119/36 46/34/12 45/33/11
f 183/40/14 184/41/14 185/42/14
f 186/40/14 187/41/14 188/42/14
f 189/121/38 190/122/38 191/123/38
f 190/122/38 189/121/38 192/124/38
f 193/40/39 194/41/39 195/42/39
f 171/125/40 146/126/40 169/127/40
f 146/126/40 171/125/40 148/128/40
f 152/129/40 151/130/40 175/131/40
f 152/129/40 175/131/40 174/132/40
f 196/40/39 197/41/39 198/42/39
f 199/133/41 142/90/41 141/89/41
f 142/90/41 199/133/41 200/134/41
f 201/135/42 137/85/42 202/136/42
f 137/85/42 201/135/42 140/88/42
f 203/12/43 204/9/43 205/10/43
f 204/9/43 203/12/43 206/11/43
f 207/137/44 208/138/44 209/139/44
f 208/138/44 207/137/44 210/140/44
f 211/141/45 208/142/45 210/143/45
f 208/142/45 211/141/45 212/144/45
f 209/139/46 213/145/46 207/137/46
f 213/145/46 214/146/46 207/137/46
f 212/144/47 215/147/47 216/148/47
f 215/147/47 212/144/47 211/141/47
f 139/87/48 217/149/48 218/150/48
f 138/86/48 217/149/48 139/87/48
f 219/40/14 220/41/14 221/42/14
f 144/92/49 222/151/49 223/152/49
f 143/91/49 144/92/49 223/152/49
f 224/40/14 225/41/14 226/42/14
f 227/40/39 228/41/39 229/42/39
f 230/40/39 231/41/39 232/42/39
f 233/153/50 234/154/50 235/155/50
f 236/156/50 233/153/50 235/155/50
f 237/157/51 238/158/51 239/159/51
f 238/158/51 237/157/51 240/160/51
f 241/40/14 242/41/14 243/42/14
f 244/40/14 245/41/14 246/42/14
f 247/161/52 200/162/52 248/163/52
f 200/162/52 247/161/52 142/164/52
f 202/165/53 249/166/53 250/167/53
f 249/166/53 202/165/53 137/168/53
f 251/40/39 252/41/39 253/42/39
f 23/169/54 254/170/54 255/171/54
f 254/170/54 23/169/54 24/172/54
f 256/40/39 257/41/39 258/42/39
f 259/7/55 260/8/55 261/6/55
f 259/7/55 262/5/55 260/8/55
f 263/173/56 264/174/56 265/175/56
f 264/174/56 263/173/56 266/176/56
f 267/177/50 264/178/50 266/179/50
f 264/178/50 267/177/50 268/180/50
f 266/179/50 269/181/50 267/177/50
f 267/177/50 269/181/50 270/182/50
f 271/183/56 272/184/56 273/185/56
f 271/183/56 274/186/56 272/184/56
f 271/187/50 275/188/50 274/189/50
f 275/188/50 271/187/50 276/190/50
f 277/191/50 274/189/50 275/188/50
f 275/188/50 278/192/50 277/191/50
f 279/193/56 280/194/56 281/195/56
f 280/194/56 279/193/56 282/196/56
f 283/197/56 282/196/56 279/193/56
f 209/198/56 282/196/56 283/197/56
f 209/198/56 284/199/56 213/200/56
f 284/199/56 209/198/56 283/197/56
f 285/201/56 286/202/56 287/203/56
f 285/201/56 288/204/56 286/202/56
f 288/204/56 285/201/56 289/205/56
f 286/202/56 212/206/56 287/203/56
f 212/206/56 290/207/56 287/203/56
f 290/207/56 212/206/56 216/208/56
f 208/209/57 282/196/57 209/198/57
f 282/196/57 208/209/57 291/210/57
f 292/211/56 293/212/56 294/213/56
f 293/212/56 292/211/56 295/214/56
f 208/215/58 286/202/58 291/216/58
f 212/206/58 286/202/58 208/215/58
f 296/217/56 297/218/56 298/219/56
f 297/218/56 296/217/56 299/220/56
f 279/221/59 281/222/59 292/223/59
f 279/221/59 292/223/59 294/224/59
f 296/225/59 298/226/59 285/227/59
f 289/228/59 285/227/59 298/226/59
f 300/229/60 63/230/61 62/231/62
f 63/230/61 300/229/60 301/232/61
f 57/233/63 302/234/64 55/235/65
f 302/234/64 57/233/63 303/236/63
f 304/40/14 305/41/14 306/42/14
f 307/40/14 308/41/14 309/42/14
f 310/237/66 311/238/66 312/239/66
f 310/237/66 312/239/66 313/240/66
f 314/241/67 292/223/67 281/222/67
f 292/223/67 314/241/67 315/242/67
f 298/226/68 316/243/68 289/228/68
f 316/243/68 298/226/68 317/244/68
f 233/245/56 318/246/56 319/247/56
f 318/246/56 233/245/56 236/248/56
f 320/249/69 312/239/69 321/250/69
f 312/239/69 320/249/69 313/240/69
f 322/251/69 321/250/69 323/252/69
f 321/250/69 322/251/69 320/249/69
f 324/253/69 323/252/69 325/254/69
f 323/252/69 324/253/69 322/251/69
f 324/253/70 325/254/70 326/255/70
f 324/253/70 326/255/70 327/256/70
f 328/40/39 329/41/39 330/42/39
f 331/40/39 332/41/39 333/42/39
f 314/257/71 334/258/71 315/259/71
f 334/258/71 314/257/71 335/260/71
f 336/261/72 316/262/72 317/263/72
f 337/264/72 316/262/72 336/261/72
f 338/265/73 132/266/74 129/267/75
f 132/266/74 338/265/73 339/268/74
f 112/266/76 340/265/77 110/267/78
f 340/265/77 112/266/76 341/268/76
f 200/269/79 342/270/80 248/271/79
f 342/270/80 200/269/79 47/272/81
f 343/273/82 202/274/83 250/275/83
f 202/274/83 343/273/82 42/276/84
f 327/256/85 326/255/85 344/277/85
f 327/256/85 344/277/85 345/278/85
f 346/279/85 344/277/85 347/280/85
f 344/277/85 346/279/85 345/278/85
f 346/279/85 347/280/85 348/281/85
f 346/279/85 348/281/85 349/282/85
f 350/283/86 62/231/62 78/284/86
f 62/231/62 350/283/86 300/229/60
f 351/285/87 352/286/88 353/287/89
f 354/288/90 355/289/91 356/290/92
f 55/235/65 357/291/93 76/292/93
f 357/291/93 55/235/65 302/234/64
f 358/293/94 359/294/94 360/295/94
f 358/293/94 361/296/94 359/294/94
f 362/297/95 363/298/96 108/299/96
f 363/298/96 362/297/95 364/300/95
f 365/301/96 108/299/96 363/298/96
f 362/297/95 366/302/97 364/300/95
f 108/299/96 365/301/96 107/303/96
f 367/304/95 107/303/96 365/301/96
f 365/301/96 368/305/95 367/304/95
f 369/306/97 367/304/95 368/305/95
f 362/297/95 370/307/98 366/302/97
f 369/306/97 366/302/97 370/307/98
f 367/304/95 369/306/97 371/308/98
f 369/306/97 370/307/98 371/308/98
f 370/307/98 372/309/99 371/308/98
f 372/309/99 370/307/98 373/310/99
f 374/311/100 375/312/100 376/313/100
f 375/312/100 374/311/100 377/314/100
f 177/315/101 179/316/101 378/317/101
f 379/311/102 380/312/102 381/314/102
f 382/313/102 380/312/102 379/311/102
f 383/318/100 355/319/100 354/320/100
f 355/319/100 383/318/100 384/321/100
f 385/311/102 353/312/102 386/314/102
f 351/313/102 353/312/102 385/311/102
f 180/315/103 387/316/103 181/317/103
f 70/8/104 39/10/104 68/6/104
f 39/10/104 70/8/104 37/12/104
f 388/322/105 144/323/105 247/324/105
f 247/324/105 144/323/105 142/325/105
f 389/326/106 390/327/106 391/328/106
f 390/327/106 389/326/106 392/329/106
f 393/330/107 394/331/107 395/332/107
f 393/330/107 396/333/107 394/331/107
f 397/330/106 398/331/106 399/333/106
f 398/331/106 397/330/106 400/332/106
f 401/334/108 249/335/108 139/336/108
f 249/335/108 137/337/108 139/336/108
f 402/330/107 403/333/107 404/331/107
f 402/330/107 404/331/107 405/332/107
f 351/285/87 406/338/109 352/286/88
f 406/338/109 351/285/87 407/339/109
f 408/340/110 144/323/110 388/322/110
f 144/323/110 408/340/110 222/341/110
f 354/288/90 356/290/92 409/342/111
f 409/342/111 410/343/111 354/288/90
f 139/336/112 411/344/112 401/334/112
f 411/344/112 139/336/112 218/345/112
f 149/346/113 145/347/113 412/348/113
f 145/347/113 413/349/113 412/348/113
f 414/350/113 156/351/113 153/352/113
f 156/351/113 414/350/113 415/353/113
f 382/285/87 416/286/88 380/287/89
f 376/285/90 375/287/91 417/286/92
f 134/8/104 35/10/104 135/6/104
f 35/10/104 134/8/104 33/12/104
f 418/354/113 239/159/113 419/355/113
f 239/159/113 238/158/113 419/355/113
f 419/355/113 238/158/113 420/356/113
f 28/357/113 419/355/113 420/356/113
f 30/358/113 28/357/113 420/356/113
f 420/356/113 238/158/113 421/359/113
f 305/360/50 422/361/50 423/362/50
f 423/362/50 306/363/50 305/360/50
f 308/361/50 424/362/50 309/360/50
f 309/360/50 424/362/50 425/363/50
f 47/35/114 199/133/114 48/36/114
f 199/133/114 47/35/114 200/134/114
f 42/30/115 201/135/115 202/136/115
f 201/135/115 42/30/115 44/32/115
f 426/265/73 128/266/74 125/267/75
f 128/266/74 426/265/73 427/268/74
f 428/364/116 429/365/116 430/366/116
f 428/364/116 431/367/116 429/365/116
f 116/368/76 432/369/77 114/370/78
f 432/369/77 116/368/76 433/371/76
f 434/338/109 382/285/87 435/339/109
f 382/285/87 434/338/109 416/286/88
f 436/338/111 437/339/111 376/285/90
f 376/285/90 417/286/92 436/338/111
f 438/372/117 439/373/118 440/374/119
f 439/373/118 438/372/117 441/375/120
f 442/376/121 443/377/121 444/378/121
f 442/376/121 445/379/121 443/377/121
f 446/376/121 447/377/121 448/379/121
f 447/377/121 446/376/121 449/378/121
f 450/373/122 451/372/123 452/374/124
f 451/372/123 450/373/122 453/375/125
f 454/380/126 455/381/127 456/382/126
f 455/381/127 454/380/126 457/383/127
f 458/384/128 455/381/127 457/383/127
f 459/385/128 455/381/127 458/384/128
f 458/384/128 460/386/129 459/385/128
f 460/386/129 458/384/128 461/387/129
f 462/388/130 460/386/129 461/387/129
f 460/386/129 462/388/130 463/389/130
f 242/360/50 464/361/50 465/362/50
f 465/362/50 243/363/50 242/360/50
f 245/361/50 466/362/50 246/360/50
f 246/360/50 466/362/50 467/363/50
f 50/390/50 468/391/50 469/392/50
f 469/392/50 51/393/50 50/390/50
f 53/361/50 470/362/50 54/360/50
f 54/360/50 470/362/50 471/363/50
f 472/394/95 473/395/96 474/396/96
f 473/395/96 472/394/95 475/397/95
f 472/394/95 476/398/97 475/397/95
f 476/398/97 472/394/95 477/399/97
f 478/400/131 396/401/132 479/402/131
f 396/401/132 478/400/131 394/403/133
f 480/361/50 185/363/50 184/360/50
f 185/363/50 480/361/50 481/362/50
f 187/361/50 482/362/50 188/360/50
f 188/360/50 482/362/50 483/363/50
f 391/404/134 484/405/135 485/406/135
f 484/405/135 391/404/134 390/407/136
f 486/362/50 221/363/50 220/360/50
f 220/360/50 487/361/50 486/362/50
f 488/408/137 489/409/137 490/410/137
f 489/409/137 488/408/137 491/411/137
f 438/372/117 490/410/137 489/409/137
f 489/409/137 441/375/120 438/372/117
f 225/361/50 492/362/50 226/360/50
f 226/360/50 492/362/50 493/363/50
f 494/412/138 159/413/139 98/414/140
f 159/413/139 494/412/138 495/415/139
f 496/409/141 497/408/141 498/410/141
f 497/408/141 496/409/141 499/411/141
f 451/372/123 496/409/141 498/410/141
f 451/372/123 453/375/125 496/409/141
f 500/412/142 82/414/143 157/413/144
f 157/413/144 501/415/144 500/412/142
f 366/416/145 476/417/145 477/418/145
f 476/417/145 366/416/145 369/419/145
f 106/420/146 502/421/147 104/422/146
f 502/421/147 106/420/146 503/423/148
f 107/424/146 503/423/148 106/420/146
f 503/423/148 107/424/146 367/425/149
f 503/423/148 504/426/150 502/421/147
f 504/426/150 503/423/148 505/427/151
f 506/428/152 507/429/153 508/430/153
f 509/431/152 507/429/153 506/428/152
f 507/429/153 510/432/154 508/430/153
f 510/432/154 507/429/153 511/433/154
f 511/433/154 512/434/155 510/432/154
f 512/434/155 511/433/154 513/435/155
f 513/435/155 514/436/156 512/434/155
f 514/436/156 513/435/155 515/437/156
f 516/438/157 514/436/156 515/437/156
f 514/436/156 516/438/157 517/439/157
f 516/438/157 518/440/158 517/439/157
f 517/439/157 518/440/158 519/441/158
f 518/440/158 520/442/159 519/441/158
f 519/441/158 520/442/159 521/443/159
f 520/442/159 522/444/160 521/443/159
f 522/444/160 520/442/159 523/445/160
f 524/446/160 522/444/160 523/445/160
f 522/444/160 524/446/160 525/447/160
f 525/447/160 524/446/160 4/448/160
f 525/447/160 4/448/160 1/449/160
f 526/450/161 445/451/161 442/452/161
f 527/453/161 445/451/161 526/450/161
f 528/450/161 448/451/161 529/453/161
f 528/450/161 446/452/161 448/451/161
f 335/454/162 314/455/162 530/456/162
f 530/456/162 214/457/162 335/454/162
f 279/458/163 293/459/163 283/460/163
f 293/459/163 279/458/163 294/461/163
f 269/462/141 263/463/141 531/464/141
f 263/463/141 269/462/141 266/465/141
f 337/466/164 532/467/164 316/468/164
f 215/469/164 532/467/164 337/466/164
f 280/470/141 530/456/141 314/455/141
f 280/470/141 314/455/141 281/471/141
f 505/427/151 533/472/165 504/426/150
f 533/472/165 505/427/151 534/473/166
f 371/474/167 534/473/166 505/427/151
f 534/473/166 371/474/167 372/475/168
f 299/476/169 285/477/169 287/478/169
f 285/477/169 299/476/169 296/479/169
f 272/480/137 277/481/137 535/482/137
f 277/481/137 272/480/137 274/483/137
f 532/467/137 288/484/137 316/468/137
f 289/485/137 316/468/137 288/484/137
f 536/486/170 537/487/171 538/488/172
f 539/489/173 538/488/172 537/487/171
f 537/487/171 536/486/170 370/490/174
f 370/490/174 536/486/170 373/491/175
f 537/487/171 362/492/176 540/493/177
f 362/492/176 537/487/171 370/490/174
f 537/487/171 540/493/177 539/489/173
f 539/489/173 540/493/177 541/494/178
f 541/494/178 103/495/179 105/496/179
f 103/495/179 541/494/178 540/493/177
f 540/493/177 108/497/179 103/495/179
f 108/497/179 540/493/177 362/492/176
f 318/246/180 542/498/180 319/247/180
f 542/498/180 318/246/180 543/499/180
f 328/315/181 330/316/181 544/317/181
f 261/6/182 203/12/182 205/10/182
f 260/8/182 203/12/182 261/6/182
f 292/500/141 334/501/141 295/502/141
f 334/501/141 292/500/141 315/503/141
f 367/425/149 505/427/151 503/423/148
f 505/427/151 367/425/149 371/474/167
f 331/315/183 545/316/183 332/317/183
f 297/504/137 317/505/137 298/506/137
f 317/505/137 297/504/137 336/507/137
f 528/508/184 439/373/118 546/509/185
f 528/508/184 440/374/119 439/373/118
f 547/510/186 453/511/186 450/512/186
f 548/513/186 547/510/186 450/512/186
f 439/512/186 549/510/186 550/513/186
f 549/510/186 439/512/186 441/511/186
f 452/374/124 526/508/187 450/373/122
f 450/373/122 526/508/187 551/509/188
f 251/315/181 253/316/181 552/317/181
f 553/514/189 554/515/189 239/516/189
f 239/516/189 554/515/189 237/517/189
f 555/518/190 542/519/190 556/520/190
f 542/519/190 555/518/190 319/521/190
f 234/522/190 319/521/190 555/518/190
f 319/521/190 234/522/190 233/523/190
f 256/315/183 557/316/183 257/317/183
f 238/524/191 558/525/191 559/526/191
f 558/525/191 238/524/191 240/527/191
f 374/311/192 437/528/192 560/529/192
f 437/528/192 374/311/192 376/313/192
f 435/528/193 379/311/193 561/529/193
f 379/311/193 435/528/193 382/313/193
f 543/530/194 562/531/194 563/532/194
f 318/533/194 562/531/194 543/530/194
f 318/533/194 235/534/194 562/531/194
f 236/535/194 235/534/194 318/533/194
f 335/454/195 213/536/195 284/537/195
f 213/536/195 335/454/195 214/457/195
f 410/538/192 383/318/192 354/320/192
f 383/318/192 410/538/192 564/539/192
f 25/540/196 418/541/196 413/542/196
f 413/542/196 145/543/196 25/540/196
f 565/400/131 403/401/132 566/402/131
f 403/401/132 565/400/131 404/403/133
f 407/528/193 385/311/193 567/529/193
f 385/311/193 407/528/193 351/313/193
f 216/544/197 337/466/197 290/545/197
f 337/466/197 216/544/197 215/469/197
f 31/546/198 415/547/198 421/548/198
f 415/547/198 31/546/198 156/549/198
f 568/265/73 124/266/74 121/267/75
f 124/266/74 568/265/73 569/268/74
f 570/400/135 399/401/134 398/403/136
f 399/401/134 570/400/135 571/402/135
f 227/315/181 229/316/181 572/317/181
f 230/315/183 573/316/183 231/317/183
f 119/266/76 574/265/77 117/267/78
f 574/265/77 119/266/76 575/268/76
f 576/550/199 577/551/199 578/552/199
f 577/551/199 576/550/199 579/553/199
f 74/554/199 71/555/199 577/551/199
f 74/554/199 577/551/199 579/553/199
f 580/556/199 576/550/199 578/552/199
f 576/550/199 580/556/199 581/557/199
f 581/557/199 580/556/199 582/558/199
f 581/557/199 582/558/199 583/559/199
f 23/560/200 584/561/200 21/562/200
f 584/561/200 23/560/200 255/563/200
f 585/564/201 24/565/201 22/566/201
f 254/567/201 24/565/201 585/564/201
f 583/559/202 582/558/202 311/238/202
f 583/559/202 311/238/202 310/237/202
f 571/568/203 397/569/204 399/570/204
f 397/569/204 571/568/203 586/571/203
f 566/568/205 402/569/206 587/571/205
f 402/569/206 566/568/205 403/570/206
f 389/572/204 485/573/203 588/574/203
f 485/573/203 389/572/204 391/575/204
f 479/568/205 393/569/206 589/571/205
f 393/569/206 479/568/205 396/570/206
f 418/541/207 27/576/207 590/577/207
f 27/576/207 418/541/207 25/540/207
f 590/577/207 239/516/207 418/541/207
f 239/516/207 590/577/207 553/514/207
f 193/315/181 195/316/181 591/317/181
f 421/548/208 32/578/208 31/546/208
f 32/578/208 421/548/208 559/526/208
f 559/526/208 421/548/208 238/524/208
f 196/315/183 592/316/183 197/317/183
f 593/579/209 594/580/209 595/581/209
f 593/579/209 595/581/209 596/582/209
f 460/583/210 597/584/211 506/585/212
f 597/584/211 460/583/210 463/586/211
f 506/585/212 508/587/213 460/583/210
f 460/583/210 508/587/213 459/588/214
f 508/587/213 455/589/215 459/588/214
f 455/589/215 508/587/213 510/590/216
f 510/590/216 456/591/217 455/589/215
f 456/591/217 510/590/216 512/592/217
f 514/593/218 456/591/217 512/592/217
f 456/591/217 514/593/218 598/594/218
f 517/595/219 598/594/218 514/593/218
f 598/594/218 517/595/219 599/596/219
f 519/597/220 599/596/219 517/595/219
f 599/596/219 519/597/220 600/598/221
f 519/597/220 601/599/222 600/598/221
f 601/599/222 519/597/220 521/600/222
f 521/600/222 522/601/223 601/599/222
f 601/599/222 522/601/223 602/602/223
f 522/601/223 603/603/223 602/602/223
f 603/603/223 522/601/223 525/604/223
f 525/604/223 3/605/223 603/603/223
f 3/605/223 525/604/223 1/606/223
f 604/607/224 461/608/225 509/609/226
f 461/608/225 604/607/224 462/610/224
f 461/608/225 507/611/227 509/609/226
f 507/611/227 461/608/225 458/612/228
f 458/612/228 457/613/229 507/611/227
f 507/611/227 457/613/229 511/614/230
f 454/615/231 511/614/230 457/613/229
f 511/614/230 454/615/231 513/616/231
f 454/615/231 515/617/232 513/616/231
f 515/617/232 454/615/231 605/618/232
f 605/618/232 516/619/233 515/617/232
f 516/619/233 605/618/232 606/620/233
f 606/620/233 518/621/234 516/619/233
f 518/621/234 606/620/233 607/622/235
f 608/623/236 518/621/234 607/622/235
f 518/621/234 608/623/236 520/624/236
f 608/623/236 523/625/237 520/624/236
f 523/625/237 608/623/236 609/626/237
f 610/627/237 523/625/237 609/626/237
f 523/625/237 610/627/237 524/628/237
f 2/629/237 524/628/237 610/627/237
f 524/628/237 2/629/237 4/630/237
f 611/631/238 218/632/238 217/633/238
f 218/632/238 611/631/238 411/634/238
f 222/635/239 612/636/239 223/637/239
f 612/636/239 222/635/239 408/638/239
f 271/183/240 273/185/240 613/639/240
f 613/639/240 276/640/240 271/183/240
f 264/174/241 614/641/241 265/175/241
f 268/642/241 614/641/241 264/174/241
f 462/388/242 597/643/242 463/389/242
f 597/643/242 462/388/242 604/644/242
f 615/412/138 167/413/139 102/414/140
f 167/413/139 615/412/138 616/415/139
f 161/645/144 617/646/144 618/647/142
f 618/647/142 86/648/143 161/645/144
f 546/509/185 446/649/243 528/508/184
f 446/649/243 546/509/185 449/650/243
f 494/412/138 98/414/140 95/651/244
f 444/650/245 551/509/188 442/649/245
f 551/509/188 526/508/187 442/649/245
f 500/412/142 80/651/246 82/414/143
f 414/350/247 153/352/247 30/358/247
f 30/358/247 420/356/247 414/350/247
f 412/348/248 28/357/248 149/346/248
f 28/357/248 412/348/248 419/355/248
f 63/230/249 301/232/249 66/652/249
f 301/232/249 46/653/249 66/652/249
f 342/270/80 46/653/249 301/232/249
f 46/653/249 342/270/80 47/272/81
f 57/233/250 60/654/250 303/236/250
f 303/236/250 60/654/250 43/655/250
f 343/656/251 619/657/251 620/658/251
f 619/657/251 343/656/251 250/167/251
f 343/273/82 303/236/250 43/655/250
f 43/655/250 42/276/84 343/273/82
f 621/659/252 342/660/252 622/661/252
f 621/659/252 248/163/252 342/660/252
f 623/662/253 344/663/253 624/664/253
f 344/663/253 623/662/253 347/665/253
f 625/666/253 347/665/253 623/662/253
f 347/665/253 625/666/253 348/667/253
f 555/668/254 562/669/254 234/670/254
f 235/671/254 234/670/254 562/669/254
f 344/663/255 626/672/255 624/664/255
f 626/672/255 344/663/255 326/673/255
f 345/674/256 627/675/256 628/676/256
f 627/675/256 345/674/256 346/677/256
f 346/677/256 629/678/256 627/675/256
f 629/678/256 346/677/256 349/679/256
f 630/680/257 327/681/257 345/674/257
f 630/680/257 345/674/257 628/676/257
f 249/166/258 619/657/258 250/167/258
f 249/166/258 631/682/258 619/657/258
f 192/683/259 632/684/259 190/685/259
f 632/684/259 192/683/259 633/686/259
f 247/161/258 621/659/258 634/687/258
f 621/659/258 247/161/258 248/163/258
f 49/688/260 468/689/260 50/690/260
f 52/691/261 54/692/261 471/693/261
f 219/694/260 487/695/260 220/696/260
f 183/694/260 480/695/260 184/696/260
f 186/694/261 188/695/261 483/696/261
f 224/694/261 226/695/261 493/696/261
f 241/694/260 464/695/260 242/696/260
f 244/694/261 246/695/261 467/696/261
f 304/694/260 422/695/260 305/696/260
f 307/694/261 309/695/261 425/696/261
f 311/697/262 635/698/262 312/699/262
f 635/698/262 311/697/262 636/700/262
f 430/701/263 637/702/263 428/703/263
f 637/702/263 430/701/263 632/704/263
f 190/705/263 632/704/263 430/701/263
f 430/701/263 191/706/263 190/705/263
f 310/707/264 638/708/264 639/709/264
f 638/708/264 310/707/264 313/710/264
f 626/672/265 325/711/265 640/712/265
f 325/711/265 626/672/265 326/673/265
f 135/713/266 641/714/266 133/715/266
f 641/714/266 135/713/266 642/716/266
f 34/717/266 642/716/266 135/713/266
f 135/713/266 35/718/266 34/717/266
f 192/719/267 429/720/267 633/721/267
f 429/720/267 192/719/267 189/722/267
f 643/723/267 633/721/267 429/720/267
f 643/723/267 429/720/267 431/724/267
f 644/725/265 312/699/265 635/698/265
f 312/699/265 644/725/265 321/726/265
f 645/727/265 321/726/265 644/725/265
f 321/726/265 645/727/265 323/728/265
f 640/712/265 323/728/265 645/727/265
f 323/728/265 640/712/265 325/711/265
f 324/729/268 630/680/268 646/730/268
f 630/680/268 324/729/268 327/681/268
f 134/731/269 136/732/269 647/733/269
f 647/733/269 648/734/269 134/731/269
f 36/735/269 134/731/269 648/734/269
f 134/731/269 36/735/269 33/736/269
f 313/710/268 649/737/268 638/708/268
f 649/737/268 313/710/268 320/738/268
f 320/738/268 650/739/268 649/737/268
f 650/739/268 320/738/268 322/740/268
f 322/740/268 646/730/268 650/739/268
f 646/730/268 322/740/268 324/729/268
f 651/714/270 6/713/270 652/716/270
f 6/713/270 651/714/270 7/715/270
f 13/717/270 652/716/270 6/713/270
f 6/713/270 14/718/270 13/717/270
f 653/733/271 654/734/271 8/731/271
f 8/731/271 5/732/271 653/733/271
f 15/735/271 8/731/271 654/734/271
f 8/731/271 15/735/271 16/736/271
f 11/713/270 655/714/270 9/715/270
f 655/714/270 11/713/270 656/716/270
f 18/717/270 656/716/270 11/713/270
f 11/713/270 19/718/270 18/717/270
f 594/741/141 657/742/141 658/743/141
f 658/743/141 595/744/141 594/741/141
f 68/713/266 659/714/266 69/715/266
f 659/714/266 68/713/266 660/716/266
f 38/717/266 660/716/266 68/713/266
f 68/713/266 39/718/266 38/717/266
f 10/731/271 12/732/271 661/733/271
f 661/733/271 662/734/271 10/731/271
f 20/735/271 10/731/271 662/734/271
f 10/731/271 20/735/271 17/736/271
f 70/731/269 67/732/269 663/733/269
f 663/733/269 664/734/269 70/731/269
f 40/735/269 70/731/269 664/734/269
f 70/731/269 40/735/269 37/736/269
f 593/745/137 665/746/137 666/747/137
f 665/746/137 593/745/137 596/748/137
f 667/412/138 165/413/139 94/414/140
f 165/413/139 667/412/138 668/415/139
f 669/412/142 90/414/143 163/413/144
f 163/413/144 670/415/144 669/412/142
f 604/749/272 506/428/272 597/750/272
f 506/428/272 604/749/272 509/431/272
f 631/682/273 201/751/273 619/657/273
f 631/682/273 140/752/273 201/751/273
f 261/713/274 671/714/274 259/715/274
f 671/714/274 261/713/274 672/716/274
f 204/717/274 672/716/274 261/713/274
f 261/713/274 205/718/274 204/717/274
f 673/733/275 260/731/275 262/732/275
f 673/733/275 674/734/275 260/731/275
f 206/735/275 260/731/275 674/734/275
f 260/731/275 206/735/275 203/736/275
f 615/412/138 102/414/140 99/651/244
f 199/753/276 634/687/276 621/659/276
f 141/754/276 634/687/276 199/753/276
f 618/647/142 84/755/246 86/648/143
f 577/756/277 73/757/277 675/758/277
f 73/757/277 577/756/277 71/759/277
f 676/760/277 577/756/277 675/758/277
f 577/756/277 676/760/277 578/761/277
f 580/762/277 676/760/277 677/763/277
f 676/760/277 580/762/277 578/761/277
f 582/764/277 677/763/277 678/765/277
f 677/763/277 582/764/277 580/762/277
f 551/766/278 548/767/278 450/768/278
f 551/766/278 679/769/278 548/767/278
f 678/765/279 311/697/279 582/764/279
f 311/697/279 678/765/279 636/700/279
f 546/766/278 550/767/278 680/769/278
f 550/767/278 546/766/278 439/768/278
f 74/770/280 579/771/280 72/772/280
f 72/772/280 579/771/280 681/773/280
f 579/771/280 682/774/280 681/773/280
f 682/774/280 579/771/280 576/775/280
f 682/774/280 581/776/280 683/777/280
f 576/775/280 581/776/280 682/774/280
f 683/777/280 583/778/280 684/779/280
f 581/776/280 583/778/280 683/777/280
f 583/778/281 310/707/281 684/779/281
f 684/779/281 310/707/281 639/709/281
f 496/780/282 685/781/5 499/782/5
f 496/780/282 686/783/283 685/781/5
f 489/780/282 687/781/5 688/783/283
f 687/781/5 489/780/282 491/782/5
f 452/784/284 527/453/284 526/450/284
f 527/453/284 452/784/284 689/785/284
f 690/785/284 440/784/284 529/453/284
f 440/784/284 528/450/284 529/453/284
f 430/366/285 189/121/285 191/123/285
f 429/365/285 189/121/285 430/366/285
f 498/786/286 691/787/286 451/788/286
f 692/789/286 691/787/286 498/786/286
f 693/789/286 490/786/286 694/787/286
f 490/786/286 438/788/286 694/787/286
f 666/790/287 658/791/287 657/792/287
f 658/791/287 666/790/287 665/793/287
f 547/794/288 496/780/282 453/795/288
f 496/780/282 547/794/288 686/783/283
f 549/794/288 489/780/282 688/783/283
f 489/780/282 549/794/288 441/795/288
f 667/412/138 94/414/140 91/651/244
f 669/412/142 88/651/246 90/414/143
f 497/796/56 692/789/56 498/786/56
f 497/796/56 695/797/56 692/789/56
f 488/796/56 693/789/56 696/797/56
f 693/789/56 488/796/56 490/786/56
f 210/798/137 291/799/137 208/800/137
f 291/799/137 210/798/137 697/801/137
f 556/802/289 563/803/289 555/668/289
f 562/669/289 555/668/289 563/803/289
f 497/804/50 499/805/50 695/806/50
f 695/806/50 499/805/50 685/807/50
f 696/806/50 687/807/50 491/805/50
f 488/804/50 696/806/50 491/805/50
f 560/808/290 698/809/291 374/810/292
f 698/809/291 560/808/290 699/811/290
f 700/809/293 561/808/294 379/810/295
f 561/808/294 700/809/293 701/811/294
f 633/686/296 637/812/296 632/684/296
f 637/812/296 633/686/296 643/813/296
f 377/814/297 374/810/292 698/809/291
f 605/815/40 456/382/298 598/816/40
f 456/382/298 605/815/40 454/380/298
f 598/816/40 599/817/299 605/815/40
f 605/815/40 599/817/299 606/818/299
f 599/817/299 600/819/300 606/818/299
f 606/818/299 600/819/300 607/820/300
f 600/819/300 601/821/301 607/820/300
f 607/820/300 601/821/301 608/822/301
f 602/823/302 608/822/301 601/821/301
f 608/822/301 602/823/302 609/824/302
f 602/823/302 603/825/302 609/824/302
f 609/824/302 603/825/302 610/826/302
f 610/826/302 603/825/302 3/827/302
f 610/826/302 3/827/302 2/828/302
f 381/814/303 700/809/293 379/810/295
f 206/829/304 672/28/304 204/830/304
f 672/28/304 206/829/304 674/26/304
f 585/831/305 21/832/305 584/833/305
f 21/832/305 585/831/305 22/834/305
f 686/835/306 691/836/307 692/837/307
f 691/836/307 686/835/306 547/838/308
f 536/839/309 372/840/309 373/841/309
f 372/840/309 536/839/309 534/842/309
f 694/836/310 688/835/311 693/837/310
f 688/835/311 694/836/310 549/838/312
f 702/843/313 217/844/313 138/845/313
f 217/844/313 702/843/313 611/846/313
f 36/829/314 642/28/314 34/830/314
f 642/28/314 36/829/314 648/26/314
f 564/847/290 703/848/291 383/849/292
f 703/848/291 564/847/290 704/850/290
f 196/694/181 198/695/181 705/696/181
f 193/694/183 706/695/183 194/696/183
f 269/462/315 531/464/315 270/851/315
f 707/852/315 270/851/315 531/464/315
f 708/809/293 567/808/294 385/810/295
f 567/808/294 708/809/293 709/811/294
f 223/853/316 710/854/316 143/855/316
f 710/854/316 223/853/316 612/856/316
f 104/857/317 541/858/318 105/859/317
f 104/857/317 502/860/318 541/858/318
f 502/860/318 539/861/319 541/858/318
f 539/861/319 502/860/318 504/862/319
f 539/861/319 504/862/319 533/863/320
f 539/861/319 533/863/320 538/864/320
f 535/482/321 278/865/321 711/866/321
f 535/482/321 277/481/321 278/865/321
f 542/867/24 563/868/24 556/869/24
f 563/868/24 542/867/24 543/870/24
f 384/871/297 383/849/292 703/848/291
f 386/814/303 708/809/293 385/810/295
f 703/872/322 409/873/323 356/874/322
f 409/873/323 703/872/322 704/875/323
f 406/876/324 709/877/324 708/878/325
f 708/878/325 352/879/325 406/876/324
f 230/694/181 232/695/181 712/696/181
f 227/694/183 713/695/183 228/696/183
f 698/878/322 436/876/323 417/879/322
f 436/876/323 698/878/322 699/877/323
f 27/880/152 714/881/152 590/882/152
f 714/881/152 715/883/152 590/882/152
f 715/883/152 553/884/152 590/882/152
f 714/881/152 27/880/152 26/885/152
f 29/886/152 714/881/152 26/885/152
f 714/881/152 29/886/152 716/887/152
f 434/876/324 701/877/324 700/878/325
f 700/878/325 416/879/325 434/876/324
f 716/887/152 29/886/152 32/888/152
f 716/887/152 559/889/152 717/890/152
f 559/889/152 716/887/152 32/888/152
f 138/845/326 631/891/326 702/843/326
f 631/891/326 138/845/326 140/892/326
f 634/893/327 143/855/327 710/854/327
f 143/855/327 634/893/327 141/894/327
f 718/895/141 719/896/141 716/897/141
f 716/897/141 717/898/141 718/895/141
f 359/899/141 718/895/141 717/898/141
f 718/895/141 359/899/141 361/900/141
f 714/901/137 720/902/137 715/903/137
f 720/902/137 714/901/137 721/904/137
f 720/902/137 360/905/137 715/903/137
f 360/905/137 720/902/137 358/906/137
f 702/907/328 401/908/328 411/909/328
f 702/907/328 411/909/328 611/910/328
f 408/911/328 710/912/328 612/913/328
f 710/912/328 408/911/328 388/914/328
f 256/694/181 258/695/181 722/696/181
f 251/694/183 723/695/183 252/696/183
f 484/915/329 390/327/330 392/329/330
f 392/329/330 724/916/329 484/915/329
f 395/332/331 478/917/332 725/918/332
f 394/331/331 478/917/332 395/332/331
f 40/829/314 660/28/314 38/830/314
f 660/28/314 40/829/314 664/26/314
f 405/332/331 565/917/332 726/918/332
f 404/331/331 565/917/332 405/332/331
f 570/917/329 398/331/330 400/332/330
f 400/332/330 727/918/329 570/917/329
f 695/919/137 686/835/306 692/837/307
f 686/835/306 695/919/137 685/920/137
f 397/921/333 586/922/334 727/923/334
f 727/923/334 400/924/335 397/921/333
f 402/921/336 726/923/337 587/922/337
f 726/923/337 402/921/336 405/924/338
f 696/919/141 693/837/310 688/835/311
f 688/835/311 687/920/141 696/919/141
f 331/694/181 333/695/181 728/696/181
f 328/694/183 729/695/183 329/696/183
f 52/315/260 470/316/260 53/317/260
f 49/925/261 51/926/261 469/927/261
f 186/315/260 482/316/260 187/317/260
f 224/315/260 492/316/260 225/317/260
f 183/315/261 185/316/261 481/317/261
f 219/315/261 221/316/261 486/317/261
f 675/928/339 682/929/339 676/930/339
f 682/929/339 675/928/339 681/931/339
f 72/932/339 675/928/339 73/933/339
f 675/928/339 72/932/339 681/931/339
f 682/929/339 677/934/339 676/930/339
f 677/934/339 682/929/339 683/935/339
f 683/935/339 678/936/339 677/934/339
f 678/936/339 683/935/339 684/937/339
f 244/315/260 466/316/260 245/317/260
f 241/315/261 243/316/261 465/317/261
f 307/315/260 424/316/260 308/317/260
f 304/315/261 306/316/261 423/317/261
f 619/938/137 201/939/137 620/940/105
f 44/941/105 620/940/105 201/939/137
f 678/936/15 639/942/15 636/943/15
f 678/936/15 684/937/15 639/942/15
f 719/944/152 720/945/152 721/946/152
f 720/945/152 719/944/152 718/947/152
f 691/948/340 452/949/340 451/950/340
f 452/949/340 691/948/340 689/951/340
f 694/948/340 440/949/340 690/951/340
f 440/949/340 694/948/340 438/950/340
f 622/952/108 199/953/141 621/954/141
f 622/952/108 48/955/108 199/953/141
f 620/940/105 41/956/341 730/957/342
f 41/956/341 620/940/105 44/941/105
f 548/958/137 527/959/184 689/960/137
f 527/959/184 548/958/137 679/961/185
f 691/836/307 548/958/137 689/960/137
f 547/838/308 548/958/137 691/836/307
f 412/348/343 418/354/343 419/355/343
f 418/354/343 412/348/343 413/349/343
f 421/359/343 414/350/343 420/356/343
f 414/350/343 421/359/343 415/353/343
f 731/962/344 110/963/344 340/964/344
f 110/963/344 731/962/344 111/965/344
f 45/966/345 622/952/108 732/967/346
f 622/952/108 45/966/345 48/955/108
f 733/962/347 129/963/347 131/965/347
f 733/962/347 338/964/347 129/963/347
f 529/959/187 550/958/141 690/960/141
f 550/958/141 529/959/187 680/961/188
f 694/836/310 690/960/141 550/958/141
f 550/958/141 549/838/312 694/836/310
f 734/968/344 114/969/344 432/970/344
f 114/969/344 734/968/344 115/971/344
f 735/962/347 125/963/347 127/965/347
f 735/962/347 426/964/347 125/963/347
f 118/972/348 120/973/165 736/974/349
f 736/974/349 737/975/348 118/972/348
f 736/962/344 117/963/344 574/964/344
f 117/963/344 736/962/344 120/965/344
f 738/976/350 210/977/350 207/978/350
f 210/977/350 738/976/350 697/979/350
f 739/962/347 121/963/347 123/965/347
f 739/962/347 568/964/347 121/963/347
f 740/980/351 210/981/351 697/982/351
f 210/981/351 740/980/351 211/983/351
f 594/984/56 666/985/56 657/986/56
f 666/985/56 594/984/56 593/987/56
f 207/978/352 530/988/352 738/976/352
f 530/988/352 207/978/352 214/989/352
f 532/990/353 211/983/353 740/980/353
f 211/983/353 532/990/353 215/991/353
f 389/992/333 588/993/334 724/994/334
f 724/994/334 392/995/335 389/992/333
f 739/974/354 122/972/355 741/975/355
f 123/973/172 122/972/355 739/974/354
f 384/996/356 356/874/322 355/997/356
f 356/874/322 384/996/356 703/872/322
f 353/998/357 352/879/325 386/999/357
f 352/879/325 708/878/325 386/999/357
f 377/999/356 417/879/322 375/998/356
f 417/879/322 377/999/356 698/878/322
f 416/879/325 700/878/325 381/999/357
f 380/998/357 416/879/325 381/999/357
f 393/921/336 725/923/337 589/922/337
f 725/923/337 393/921/336 395/924/338
f 401/908/358 631/1000/358 249/1001/358
f 401/908/358 702/907/358 631/1000/358
f 388/914/358 634/1002/358 710/912/358
f 634/1002/358 388/914/358 247/1003/358
f 643/1004/359 428/1005/359 637/1006/359
f 428/1005/359 643/1004/359 431/1007/359
f 443/377/360 551/766/360 444/378/360
f 551/766/360 443/377/360 679/769/360
f 447/377/360 546/766/360 680/769/360
f 546/766/360 447/377/360 449/378/360
f 275/1008/141 742/1009/141 711/1010/141
f 275/1008/141 711/1010/141 278/1011/141
f 267/1012/137 707/1013/137 743/1014/137
f 707/1013/137 267/1012/137 270/1015/137
f 533/1016/361 536/839/361 538/1017/361
f 536/839/361 533/1016/361 534/842/361
f 554/1018/362 240/1019/362 237/1020/362
f 554/1018/362 558/1021/362 240/1019/362
f 679/961/185 445/1022/243 527/959/184
f 445/1022/243 679/961/185 443/1023/243
f 328/691/363 544/692/363 729/693/363
f 448/1022/245 680/961/188 529/959/187
f 680/961/188 448/1022/245 447/1023/245
f 331/691/363 728/692/363 545/693/363
f 673/1024/364 259/1025/364 671/1026/364
f 259/1025/364 673/1024/364 262/1027/364
f 473/1028/365 368/1029/366 365/1030/365
f 473/1028/365 475/1031/366 368/1029/366
f 476/1032/367 368/1029/366 475/1031/366
f 368/1029/366 476/1032/367 369/1033/367
f 474/1034/368 364/1035/369 472/1036/369
f 364/1035/369 474/1034/368 363/1037/368
f 477/1038/370 472/1036/369 364/1035/369
f 364/1035/369 366/1039/370 477/1038/370
f 56/1040/371 744/1041/372 745/1042/373
f 744/1041/372 56/1040/371 75/1043/372
f 180/691/374 182/692/374 746/693/374
f 177/691/375 747/692/375 178/693/375
f 748/1044/376 77/1045/376 61/1046/377
f 748/1044/376 61/1046/377 749/1047/378
f 544/362/379 330/363/379 329/360/379
f 329/360/379 729/361/379 544/362/379
f 332/361/379 545/362/379 333/360/379
f 333/360/379 545/362/379 728/363/379
f 87/1048/380 750/1049/380 164/1050/381
f 750/1049/380 751/1051/381 164/1050/381
f 113/1052/348 115/1053/165 734/1054/349
f 734/1054/349 752/1055/348 113/1052/348
f 625/1056/282 349/1057/282 348/1058/282
f 625/1056/282 629/1059/282 349/1057/282
f 179/363/382 747/361/382 378/362/382
f 747/361/382 179/363/382 178/360/382
f 146/1060/383 147/1061/383 172/1062/383
f 146/1060/383 172/1062/383 169/1063/383
f 166/1050/384 753/1049/385 92/1048/385
f 753/1049/385 166/1050/384 754/1051/384
f 181/361/386 746/363/386 182/360/386
f 746/363/386 181/361/386 387/362/386
f 127/973/172 126/972/355 735/974/354
f 735/974/354 126/972/355 755/975/355
f 152/1064/387 176/1065/387 155/1066/387
f 176/1065/387 152/1064/387 174/1067/387
f 630/1068/388 624/1069/388 626/1070/388
f 624/1069/388 630/1068/388 628/1071/388
f 623/1072/388 629/1073/388 625/1074/388
f 623/1072/388 627/1075/388 629/1073/388
f 624/1069/388 627/1075/388 623/1072/388
f 624/1069/388 628/1071/388 627/1075/388
f 730/957/342 59/1076/389 58/1077/390
f 59/1076/389 730/957/342 41/956/341
f 672/28/391 673/27/391 671/25/391
f 673/27/391 672/28/391 674/26/391
f 552/362/379 253/363/379 252/360/379
f 252/360/379 723/361/379 552/362/379
f 257/361/379 557/362/379 258/360/379
f 258/360/379 557/362/379 722/363/379
f 65/1078/392 732/967/346 64/1079/393
f 732/967/346 65/1078/392 45/966/345
f 357/1080/394 744/1081/394 76/1082/394
f 75/1083/394 76/1082/394 744/1081/394
f 748/1084/395 78/1085/395 77/1086/395
f 748/1084/395 350/1087/395 78/1085/395
f 251/691/363 552/692/363 723/693/363
f 360/1088/154 553/884/154 715/883/154
f 553/884/154 360/1088/154 554/1089/154
f 360/1088/154 558/1090/154 554/1089/154
f 558/1090/154 360/1088/154 359/1091/154
f 559/889/154 359/1091/154 717/890/154
f 559/889/154 558/1090/154 359/1091/154
f 256/691/363 722/692/363 557/693/363
f 591/362/379 195/363/379 194/360/379
f 194/360/379 706/361/379 591/362/379
f 197/361/379 705/363/379 198/360/379
f 705/363/379 197/361/379 592/362/379
f 229/363/379 713/361/379 572/362/379
f 713/361/379 229/363/379 228/360/379
f 231/361/379 712/363/379 232/360/379
f 712/363/379 231/361/379 573/362/379
f 148/1092/34 170/1093/34 150/1094/34
f 170/1093/34 148/1092/34 171/1095/34
f 151/1096/396 154/1097/396 173/1098/396
f 151/1096/396 173/1098/396 175/1099/396
f 661/1024/397 9/1025/397 655/1026/397
f 9/1025/397 661/1024/397 12/1027/397
f 89/1100/398 750/1049/380 87/1048/380
f 636/943/399 638/1101/399 635/1102/399
f 636/943/399 639/942/399 638/1101/399
f 635/1102/400 649/1103/400 644/1104/400
f 635/1102/400 638/1101/400 649/1103/400
f 644/1104/400 650/1105/400 645/1106/400
f 644/1104/400 649/1103/400 650/1105/400
f 645/1106/400 646/1107/400 640/1108/400
f 645/1106/400 650/1105/400 646/1107/400
f 640/1108/399 630/1068/399 626/1070/399
f 640/1108/399 646/1107/399 630/1068/399
f 93/1100/401 92/1048/385 753/1049/385
f 282/1109/24 530/1110/24 280/1111/24
f 530/1110/24 282/1109/24 738/1112/24
f 288/1113/24 740/1114/24 286/1115/24
f 740/1114/24 288/1113/24 532/1116/24
f 282/1109/402 697/1117/402 738/1112/402
f 697/1117/402 282/1109/402 291/1118/402
f 286/1115/403 697/1119/403 291/1120/403
f 697/1119/403 286/1115/403 740/1114/403
f 83/1121/380 756/1122/380 162/1123/381
f 756/1122/380 757/1124/381 162/1123/381
f 718/947/154 358/1125/154 720/945/154
f 358/1125/154 718/947/154 361/1126/154
f 168/1050/384 758/1049/385 100/1048/385
f 758/1049/385 168/1050/384 759/1051/384
f 109/972/348 111/973/165 731/974/349
f 731/974/349 760/975/348 109/972/348
f 131/973/172 130/972/355 733/974/354
f 733/974/354 130/972/355 761/975/355
f 227/691/363 572/692/363 713/693/363
f 230/691/363 712/692/363 573/693/363
f 653/1024/397 7/1025/397 651/1026/397
f 7/1025/397 653/1024/397 5/1027/397
f 58/1077/390 745/1042/373 730/957/342
f 745/1042/373 58/1077/390 56/1040/371
f 749/1047/378 61/1046/377 64/1079/393
f 64/1079/393 732/967/346 749/1047/378
f 85/1127/398 756/1122/380 83/1121/380
f 101/1100/401 100/1048/385 758/1049/385
f 263/1128/24 265/1129/24 743/1130/24
f 614/1131/24 743/1130/24 265/1129/24
f 743/1130/24 531/1132/24 263/1128/24
f 531/1132/24 743/1130/24 707/1133/24
f 273/1134/24 272/1135/24 742/1136/24
f 273/1134/24 742/1136/24 613/1137/24
f 535/1138/24 742/1136/24 272/1135/24
f 742/1136/24 535/1138/24 711/1139/24
f 648/1025/242 641/1024/242 642/1027/242
f 641/1024/242 648/1025/242 647/1026/242
f 193/691/363 591/692/363 706/693/363
f 196/691/363 705/692/363 592/693/363
f 79/1048/380 762/1049/380 158/1050/381
f 762/1049/380 763/1051/381 158/1050/381
f 160/1050/384 764/1049/385 96/1048/385
f 764/1049/385 160/1050/384 765/1051/384
f 177/694/404 378/695/404 747/696/404
f 283/1140/405 295/1141/405 284/1142/405
f 295/1141/405 283/1140/405 293/1143/405
f 743/1144/5 268/1145/5 267/1146/5
f 614/1147/5 268/1145/5 743/1144/5
f 287/1148/405 297/1149/405 299/1150/405
f 297/1149/405 287/1148/405 290/1151/405
f 275/1152/5 613/1153/5 742/1154/5
f 613/1153/5 275/1152/5 276/1155/5
f 180/694/406 746/695/406 387/696/406
f 641/7/407 136/8/407 133/6/407
f 641/7/407 647/5/407 136/8/407
f 585/1156/56 584/1157/56 658/1158/56
f 584/1157/56 595/1159/56 658/1158/56
f 585/1156/56 658/1158/56 665/1160/56
f 584/1157/56 255/1161/56 595/1159/56
f 254/1162/56 585/1156/56 665/1160/56
f 255/1161/56 596/1163/56 595/1159/56
f 254/1162/56 665/1160/56 596/1163/56
f 596/1163/56 255/1161/56 254/1162/56
f 335/1164/408 284/1142/408 295/1141/408
f 335/1164/408 295/1141/408 334/1165/408
f 290/1151/409 337/1166/409 297/1149/409
f 297/1149/409 337/1166/409 336/1167/409
f 659/7/407 67/8/407 69/6/407
f 659/7/407 663/5/407 67/8/407
f 664/1025/242 659/1024/242 660/1027/242
f 659/1024/242 664/1025/242 663/1026/242
f 81/1100/398 762/1049/380 79/1048/380
f 97/1100/401 96/1048/385 764/1049/385
f 304/691/410 423/692/410 422/693/410
f 307/691/410 425/692/410 424/693/410
f 500/1168/411 81/1169/411 80/1170/411
f 81/1169/411 500/1168/411 762/1171/411
f 97/1169/412 494/1168/412 95/1170/412
f 494/1168/412 97/1169/412 764/1171/412
f 618/1172/411 85/1173/411 84/1174/411
f 85/1173/411 618/1172/411 756/1175/411
f 101/1169/412 615/1168/412 99/1170/412
f 615/1168/412 101/1169/412 758/1171/412
f 343/1176/413 730/1177/413 303/1178/413
f 730/1177/413 343/1176/413 620/1179/413
f 732/1180/414 342/1181/414 301/1182/414
f 342/1181/414 732/1180/414 622/1183/414
f 669/1168/411 89/1169/411 88/1170/411
f 89/1169/411 669/1168/411 750/1171/411
f 667/1168/412 93/1169/412 753/1171/412
f 93/1169/412 667/1168/412 91/1170/412
f 241/691/410 465/692/410 464/693/410
f 244/691/410 467/692/410 466/693/410
f 656/28/415 18/830/415 662/26/415
f 662/26/415 18/830/415 20/829/415
f 302/1184/416 744/1185/416 357/1186/416
f 744/1185/416 302/1184/416 745/1187/416
f 300/1188/416 748/1189/416 749/1190/416
f 748/1189/416 300/1188/416 350/1191/416
f 147/1192/417 150/1094/417 170/1093/417
f 147/1192/417 170/1093/417 172/1193/417
f 154/1097/417 155/1194/417 176/1195/417
f 154/1097/417 176/1195/417 173/1098/417
f 15/829/415 652/28/415 13/830/415
f 652/28/415 15/829/415 654/26/415
f 219/691/410 486/692/410 487/693/410
f 224/691/410 493/692/410 492/693/410
f 474/1196/418 365/1197/418 363/1198/418
f 474/1196/418 473/1199/418 365/1197/418
f 760/1200/419 731/1201/420 340/1202/420
f 340/1202/420 341/1203/419 760/1200/419
f 733/1201/421 761/1200/422 338/1202/421
f 338/1202/421 761/1200/422 339/1203/422
f 752/1204/419 734/1205/420 432/1206/420
f 432/1206/420 433/1207/419 752/1204/419
f 574/1202/420 575/1203/419 737/1200/419
f 737/1200/419 736/1201/420 574/1202/420
f 739/1201/421 741/1200/422 568/1202/421
f 568/1202/421 741/1200/422 569/1203/422
f 735/1201/421 755/1200/422 426/1202/421
f 426/1202/421 755/1200/422 427/1203/422
f 501/1208/423 762/1171/423 500/1168/423
f 762/1171/423 501/1208/423 763/1209/423
f 764/1171/424 495/1208/424 494/1168/424
f 495/1208/424 764/1171/424 765/1209/424
f 617/1210/423 756/1175/423 618/1172/423
f 756/1175/423 617/1210/423 757/1211/423
f 670/1208/423 750/1171/423 669/1168/423
f 750/1171/423 670/1208/423 751/1209/423
f 753/1171/424 668/1208/424 667/1168/424
f 668/1208/424 753/1171/424 754/1209/424
f 758/1171/424 616/1208/424 615/1168/424
f 616/1208/424 758/1171/424 759/1209/424
f 303/1178/425 745/1212/425 302/1213/425
f 745/1212/425 303/1178/425 730/1177/425
f 183/691/410 481/692/410 480/693/410
f 301/1182/426 749/1214/426 732/1180/426
f 749/1214/426 301/1182/426 300/1215/426
f 186/691/410 483/692/410 482/693/410
f 49/1216/410 469/1217/410 468/1218/410
f 716/1219/427 721/1220/427 714/1221/427
f 721/1220/427 716/1219/427 719/1222/427
f 52/694/410 471/695/410 470/696/410
f 662/26/428 655/25/428 656/28/428
f 655/25/428 662/26/428 661/27/428
f 654/26/428 651/25/428 652/28/428
f 651/25/428 654/26/428 653/27/428
