# Roblox asset pack: egg_designer_2 (props), from the Studio model "Egg2". Exported with Export Selection, split by tools/build_creatures.py: one object per rigid body. Units: studs. +Y up, front faces -Z, pivot (bottom centre) at the origin.
mtllib egg_designer_2.mtl

v -0.25860 0.34000 -1.62000
v -0.32470 0.34000 -1.59000
v -0.38070 0.39000 -1.64000
v -0.25860 0.39000 -1.69000
v -0.41820 0.47000 -1.68000
v -0.25860 0.47000 -1.75000
v 0.67930 0.84000 2.32000
v 0.82300 0.84000 2.33000
v 0.84130 0.92000 2.39000
v 0.65350 0.92000 2.37000
v -1.04050 0.75000 -1.55000
v -1.14330 0.75000 -1.50000
v -1.17490 0.81000 -1.54000
v -1.04050 0.81000 -1.59000
v 0.93180 0.84000 2.24000
v 0.98340 0.92000 2.26000
v -0.19250 0.34000 -1.59000
v -0.13650 0.39000 -1.64000
v -1.04050 0.70000 -1.48000
v -1.09620 0.70000 -1.46000
v -0.00670 4.68000 1.64000
v 0.11130 4.68000 1.69000
v 0.11130 4.73000 1.62000
v 0.04740 4.73000 1.59000
v -0.33740 0.40000 1.74000
v -0.28760 0.40000 1.77000
v -0.30280 0.44000 1.84000
v -0.39500 0.44000 1.77000
v 0.22930 4.68000 1.64000
v 0.17520 4.73000 1.59000
v -0.22710 0.40000 1.76000
v -0.19120 0.44000 1.82000
v 0.71790 0.78000 2.25000
v 0.79570 0.78000 2.25000
v 0.85450 0.78000 2.20000
v 0.11130 4.46000 -1.56000
v 0.03850 4.46000 -1.53000
v 0.07190 4.49000 -1.50000
v 0.11130 4.49000 -1.51000
v 0.18410 4.46000 -1.53000
v 0.15070 4.49000 -1.50000
v 2.19180 2.13000 1.73000
v 2.25570 2.13000 1.57000
v 2.27360 2.22000 1.57000
v 2.20450 2.22000 1.74000
v -2.06050 1.38000 -0.27000
v -2.04070 1.30000 -0.08000
v -2.07220 1.28000 0.10000
v -2.16250 1.38000 0.10000
v -2.04300 1.30000 0.27000
v -2.06050 1.38000 0.48000
v -2.25760 1.67000 0.10000
v -2.15120 1.67000 -0.34000
v -0.25860 0.32000 -1.52000
v -1.11920 0.70000 -1.40000
v -1.18590 0.75000 -1.40000
v 0.11130 4.74000 1.53000
v -0.14660 0.08000 -0.34000
v 0.11130 0.08000 -0.41000
v 0.11130 0.00000 0.10000
v -0.33530 0.08000 -0.15000
v 0.36920 0.08000 -0.34000
v -0.40440 0.08000 0.10000
v 0.55790 0.08000 -0.15000
v -1.23050 0.81000 -1.40000
v -0.33530 0.08000 0.36000
v 0.11130 4.88000 -0.40000
v -0.14100 4.88000 -0.33000
v 0.11130 4.98000 0.10000
v 0.62700 0.08000 0.10000
v 0.36360 4.88000 -0.33000
v -0.32570 4.88000 -0.15000
v -0.14660 0.08000 0.55000
v 0.55790 0.08000 0.36000
v 0.54830 4.88000 -0.15000
v -0.39330 4.88000 0.10000
v 0.36920 0.08000 0.55000
v -0.09900 0.47000 -1.68000
v 0.11130 0.08000 0.62000
v -0.32570 4.88000 0.36000
v 0.61590 4.88000 0.10000
v -2.15160 1.60000 0.53000
v -2.18250 1.65000 0.45000
v -2.16300 1.59000 0.47000
v -0.31300 0.51000 1.88000
v -0.43340 0.51000 1.80000
v 0.54830 4.88000 0.36000
v -0.14100 4.88000 0.54000
v 2.25570 2.31000 1.57000
v 2.19180 2.31000 1.73000
v 0.11130 4.88000 0.61000
v 0.36360 4.88000 0.54000
v -2.15120 1.67000 0.55000
v -2.27360 1.93000 0.10000
v -2.16250 1.93000 -0.36000
v -2.18710 1.72000 0.48000
v -2.15310 1.67000 0.57000
v -2.16410 1.73000 0.58000
v 0.11130 0.32000 -0.91000
v -0.39680 0.32000 -0.77000
v -2.17480 1.77000 0.56000
v -2.18420 1.77000 0.52000
v -0.16710 0.51000 1.86000
v 0.61940 0.32000 -0.77000
v -0.74000 0.32000 -0.44000
v 0.84770 1.03000 2.41000
v 0.64440 1.03000 2.39000
v 0.11130 4.41000 -1.59000
v 0.01620 4.41000 -1.55000
v 0.99140 0.32000 -0.40000
v -0.90490 0.32000 0.10000
v 0.20640 4.41000 -1.55000
v -1.99680 1.26000 -0.09000
v -2.01740 1.22000 0.10000
v 1.00160 1.03000 2.27000
v 1.12750 0.32000 0.10000
v -0.35210 0.34000 -1.52000
v -0.43130 0.39000 -1.52000
v -0.76880 0.32000 0.61000
v 0.11130 2.27000 -2.39000
v -0.04830 2.27000 -2.32000
v -0.06140 2.36000 -2.33000
v 0.11130 2.36000 -2.41000
v -0.26960 0.38000 1.69000
v 0.99140 0.32000 0.61000
v -1.99680 1.26000 0.30000
v -0.39680 0.32000 0.99000
v 0.27090 2.27000 -2.32000
v 0.28400 2.36000 -2.33000
v 0.61940 0.32000 0.99000
v 0.11130 0.32000 1.12000
v -1.14710 0.55000 -0.23000
v 0.11130 0.63000 -1.31000
v -0.04290 4.60000 1.68000
v 0.11130 4.60000 1.74000
v -1.18590 0.89000 -1.55000
v -1.04050 0.89000 -1.61000
v -0.62970 0.69000 -1.18000
v 0.85230 0.69000 -1.18000
v 0.26550 4.60000 1.68000
v -1.37070 0.69000 0.10000
v -1.89410 1.16000 0.10000
v -1.89410 1.20000 0.34000
v -1.93620 1.25000 0.33000
v -1.93710 1.19000 0.10000
v -1.25260 0.71000 -0.50000
v -0.96200 0.54000 -0.55000
v -1.22750 0.81000 -0.73000
v -0.04830 2.45000 -2.32000
v 0.11130 2.45000 -2.39000
v -1.29010 0.86000 -0.70000
v -1.30610 0.78000 -0.52000
v -1.46510 0.98000 -0.60000
v -2.16250 1.93000 0.57000
v -2.24470 2.20000 0.10000
v -2.14210 2.20000 -0.33000
v 1.39480 0.69000 -0.64000
v 2.15560 2.05000 1.69000
v 2.20450 2.05000 1.57000
v 0.27090 2.45000 -2.32000
v 0.02100 4.73000 1.53000
v 0.20160 4.73000 1.53000
v -1.18460 0.62000 0.57000
v -1.17220 0.69000 0.85000
v 0.11130 4.59000 -0.87000
v -0.37680 4.59000 -0.74000
v 0.59940 4.59000 -0.74000
v 1.52870 0.78000 -0.52000
v 1.45010 0.81000 -0.73000
v 1.51260 0.86000 -0.70000
v 1.68770 0.98000 -0.60000
v -0.73410 4.59000 -0.38000
v -0.22010 0.82000 -1.40000
v 0.11130 0.69000 -1.38000
v 1.99270 1.71000 -0.96000
v 2.02520 1.74000 -0.92000
v 2.00990 1.70000 -0.93000
v -0.35550 1.16000 -1.65000
v -0.15340 0.86000 -1.44000
v 0.02890 0.94000 -1.56000
v -0.28130 1.18000 -1.68000
v -0.07850 1.24000 -1.75000
v 1.59330 0.69000 0.10000
v -0.83200 1.18000 -1.53000
v 0.37600 0.86000 -1.44000
v 0.44270 0.82000 -1.40000
v -1.21850 1.13000 -1.11000
v 1.05460 1.18000 -1.53000
v 0.57810 1.16000 -1.65000
v 0.95660 4.59000 -0.38000
v 0.50390 1.18000 -1.68000
v 0.19360 0.94000 -1.56000
v 0.30110 1.24000 -1.75000
v -0.86480 4.59000 0.10000
v 2.02370 1.78000 -0.93000
v 1.98690 1.76000 -0.98000
v 1.99280 1.79000 -0.98000
v 1.39480 0.69000 0.85000
v 1.40720 0.62000 0.57000
v -1.27920 1.18000 -1.08000
v -1.44520 1.30000 -0.99000
v 0.11130 0.87000 -1.57000
v 1.47520 0.71000 -0.50000
v 0.11130 4.50000 -1.46000
v 1.44110 1.13000 -1.11000
v -1.50910 0.92000 -0.09000
v 1.08740 4.59000 0.10000
v -0.62970 0.69000 1.39000
v -1.54970 0.98000 -0.13000
v -1.56140 1.14000 -0.59000
v -1.56770 1.41000 -0.90000
v 2.00230 1.81000 -0.97000
v 2.01490 1.81000 -0.95000
v -0.73410 4.59000 0.59000
v 1.50180 1.18000 -1.08000
v -1.93710 1.23000 -0.12000
v -1.89410 1.20000 -0.13000
v 1.66780 1.30000 -0.99000
v -1.66070 1.15000 -0.24000
v -1.63590 1.01000 0.10000
v -1.77220 1.21000 0.14000
v 1.73170 0.92000 -0.09000
v 1.80860 0.94000 0.09000
v -0.02200 0.58000 1.42000
v -0.22200 0.65000 1.45000
v 0.11130 0.63000 1.51000
v -0.01260 0.63000 1.48000
v 0.11130 0.58000 1.44000
v -1.58600 0.94000 0.09000
v 0.11130 1.16000 -1.75000
v 0.85230 0.69000 1.39000
v -0.43130 0.57000 -1.69000
v -0.25860 0.57000 -1.77000
v -0.17470 0.69000 1.51000
v 0.95660 4.59000 0.59000
v 0.44460 0.65000 1.45000
v 0.24460 0.58000 1.42000
v 0.23520 0.63000 1.48000
v 2.03760 2.13000 1.79000
v 2.03760 2.22000 1.81000
v -0.37680 4.59000 0.95000
v 0.39730 0.69000 1.51000
v 1.77230 0.98000 -0.13000
v 1.79030 1.41000 -0.90000
v 1.78400 1.14000 -0.59000
v 2.08540 1.56000 -0.50000
v 2.07410 1.57000 -0.73000
v 2.12970 1.74000 -0.74000
v 2.15110 1.73000 -0.47000
v 1.94920 1.58000 -0.92000
v 1.98970 1.75000 -0.97000
v 2.14090 1.89000 -0.73000
v 2.16320 1.88000 -0.45000
v -0.60930 4.34000 1.23000
v -0.63060 4.33000 1.24000
v -0.64030 4.31000 1.27000
v -0.58980 4.34000 1.25000
v -1.22650 0.77000 0.88000
v -1.35280 1.06000 1.09000
v -1.38300 0.92000 0.84000
v 1.88330 1.15000 -0.24000
v -0.73040 4.17000 1.41000
v -0.55840 4.17000 1.47000
v -0.56510 4.26000 1.35000
v -0.68660 4.26000 1.31000
v -0.70960 4.30000 1.18000
v -0.77990 4.23000 1.23000
v -0.65230 4.32000 1.23000
v -1.50420 1.06000 0.82000
v -1.48060 1.17000 1.02000
v 0.59940 4.59000 0.95000
v 1.85850 1.01000 0.10000
v 1.99480 1.21000 0.14000
v 0.11130 4.59000 1.08000
v -1.43680 0.85000 0.35000
v -1.46580 0.90000 0.40000
v -1.23610 0.69000 0.61000
v -1.54520 1.05000 0.56000
v -1.37690 0.89000 0.71000
v -1.60980 1.17000 0.69000
v 1.60560 0.92000 0.84000
v 1.72680 1.06000 0.82000
v 1.57540 1.06000 1.09000
v 1.74110 1.16000 1.03000
v -0.63800 4.28000 1.30000
v -0.57630 4.32000 1.27000
v -0.62980 4.26000 1.34000
v -0.56760 4.29000 1.32000
v -0.60160 4.25000 1.37000
v -0.57300 4.27000 1.35000
v -0.61500 4.38000 1.15000
v -0.57750 4.32000 1.26000
v -0.54780 4.31000 1.25000
v -1.15290 1.13000 1.39000
v -1.16320 0.97000 1.17000
v -1.09380 0.93000 1.20000
v -1.71830 1.32000 -0.31000
v 1.44910 0.77000 0.88000
v -0.50910 4.16000 -1.17000
v -0.59910 4.16000 -1.11000
v -0.55830 4.20000 -1.09000
v -0.48950 4.20000 -1.13000
v -0.86040 1.12000 1.69000
v -1.07600 1.24000 1.57000
v 1.99480 1.91000 -0.97000
v 0.11130 0.79000 1.67000
v -1.86070 1.39000 0.17000
v 1.65940 0.85000 0.35000
v 1.45870 0.69000 0.61000
v 1.68840 0.90000 0.40000
v 1.76780 1.05000 0.56000
v 1.59950 0.89000 0.71000
v -0.08750 0.86000 1.68000
v -0.48490 0.93000 1.62000
v -1.21310 1.18000 1.36000
v 0.31010 0.86000 1.68000
v 1.94090 1.32000 -0.31000
v 1.31640 0.93000 1.20000
v 1.08300 1.12000 1.69000
v 1.37550 1.13000 1.39000
v 1.38580 0.97000 1.17000
v 0.70750 0.93000 1.62000
v 1.83240 1.17000 0.69000
v -1.89410 1.34000 -0.36000
v -1.93710 1.36000 -0.34000
v -0.89670 4.03000 1.35000
v -0.75430 4.08000 1.48000
v -0.86190 4.12000 1.30000
v -0.56810 4.08000 1.54000
v 2.08330 1.39000 0.17000
v -0.34760 0.40000 1.68000
v 1.99180 1.47000 -0.71000
v 1.94550 1.51000 -0.81000
v 1.97640 1.53000 -0.80000
v 2.02290 1.51000 -0.71000
v 0.01980 0.98000 1.80000
v 1.43570 1.18000 1.36000
v -0.43440 0.97000 1.67000
v -0.83200 1.18000 1.74000
v -0.29610 1.09000 1.81000
v -0.17860 1.19000 1.92000
v -0.72330 4.22000 1.33000
v -0.73120 4.22000 1.32000
v -0.74520 4.21000 1.33000
v -0.72400 4.22000 1.34000
v -0.71890 4.26000 1.26000
v -0.73630 4.26000 1.24000
v -0.76710 4.24000 1.24000
v -0.72060 4.25000 1.28000
v 0.20280 0.98000 1.80000
v -0.40610 4.15000 -1.20000
v -0.41060 4.19000 -1.16000
v -1.89410 1.34000 0.57000
v -1.93620 1.38000 0.54000
v -1.89410 1.65000 0.74000
v -1.93620 1.67000 0.71000
v 0.11130 1.18000 1.99000
v 0.65690 0.97000 1.67000
v 0.51870 1.09000 1.81000
v 0.40120 1.19000 1.92000
v -0.76060 4.19000 1.33000
v -0.73080 4.21000 1.35000
v -0.77240 4.18000 1.34000
v -0.74620 4.19000 1.36000
v -0.77390 4.17000 1.35000
v -0.76080 4.17000 1.36000
v -0.75440 1.35000 1.85000
v -0.16510 0.34000 -1.52000
v -0.19160 0.40000 1.71000
v -1.37760 1.32000 1.26000
v -0.80120 4.20000 1.26000
v -0.73540 4.23000 1.30000
v -0.82690 4.17000 1.27000
v -0.76950 4.19000 1.32000
v -0.83040 4.14000 1.31000
v -0.80150 4.16000 1.33000
v -0.05560 4.68000 1.53000
v -1.51750 1.44000 1.18000
v 0.91040 1.50000 1.97000
v 0.11130 0.94000 1.80000
v 0.97700 1.35000 1.87000
v 1.05460 1.18000 1.74000
v -0.52800 4.11000 -1.20000
v -0.62540 4.11000 -1.13000
v -2.14210 2.20000 0.54000
v -2.14220 2.55000 0.11000
v -2.06960 2.55000 -0.20000
v -2.06960 2.55000 0.41000
v -2.00200 2.78000 -0.08000
v -2.04670 2.78000 0.10000
v -2.19820 2.36000 0.04000
v -2.18080 2.35000 -0.05000
v -2.18970 2.30000 -0.07000
v -2.20920 2.30000 0.02000
v -2.20430 2.26000 -0.05000
v -2.21280 2.27000 -0.01000
v -0.50930 4.22000 -1.07000
v -0.47200 4.22000 -1.10000
v -1.04050 0.69000 -1.40000
v -1.06840 1.46000 -1.37000
v -2.17280 2.40000 -0.02000
v -2.18760 2.40000 0.05000
v 2.03760 2.31000 1.79000
v 0.27820 4.68000 1.53000
v -2.14290 2.47000 -0.02000
v -2.10460 2.44000 -0.22000
v -2.12430 2.34000 -0.27000
v -2.16710 2.34000 -0.08000
v -2.15640 2.25000 -0.24000
v -2.17500 2.26000 -0.15000
v 1.60020 1.32000 1.26000
v -1.63540 1.79000 1.20000
v -1.60530 1.79000 1.26000
v -1.61670 1.83000 1.26000
v -1.65600 1.83000 1.19000
v -2.08700 2.55000 -0.16000
v -2.11950 2.55000 -0.01000
v -0.68780 1.50000 1.91000
v 1.92270 1.44000 -0.68000
v 1.88060 1.47000 -0.81000
v 1.90680 1.50000 -0.81000
v 1.94690 1.46000 -0.69000
v 1.84090 1.56000 -0.94000
v 1.86930 1.58000 -0.93000
v 1.81210 1.74000 -1.03000
v 1.84210 1.76000 -1.01000
v 0.89480 4.20000 1.27000
v 0.85900 4.26000 1.22000
v 0.75100 4.24000 1.27000
v 0.75370 4.19000 1.34000
v 1.00940 4.19000 1.16000
v 0.94670 4.24000 1.14000
v -1.08850 1.33000 1.59000
v -1.11110 1.53000 -1.34000
v 0.11130 2.19000 -2.33000
v -0.01080 2.19000 -2.28000
v -0.42930 4.21000 -1.11000
v -0.41650 4.09000 -1.23000
v -1.24610 0.89000 -1.40000
v 1.85800 1.79000 1.20000
v 1.87860 1.83000 1.19000
v 1.83930 1.83000 1.26000
v 1.82790 1.79000 1.26000
v -1.58440 1.43000 0.96000
v 0.23340 2.19000 -2.28000
v 0.11130 4.12000 -1.28000
v -0.58040 4.12000 -1.09000
v -0.90830 4.49000 0.28000
v -0.85200 4.49000 0.49000
v -0.49390 1.41000 -1.66000
v 0.80300 4.12000 -1.09000
v -1.08670 4.12000 -0.59000
v -0.41370 0.44000 1.66000
v -0.90390 3.03000 -1.65000
v -1.05290 3.01000 -1.52000
v -1.02810 3.11000 -1.50000
v -0.89040 3.13000 -1.62000
v -0.73670 3.26000 -1.58000
v -0.71470 3.13000 -1.66000
v -0.86110 3.26000 -1.55000
v -1.62230 1.88000 1.26000
v -1.66490 1.88000 1.18000
v -0.44000 1.47000 -1.69000
v -0.87620 1.56000 -1.60000
v -0.90890 2.92000 -1.67000
v -1.05160 2.90000 -1.54000
v -2.09370 2.61000 -0.03000
v -2.07810 2.61000 -0.09000
v 2.03870 1.52000 -0.60000
v 1.29100 1.46000 -1.37000
v 1.33370 1.53000 -1.34000
v -2.17580 2.42000 0.04000
v -2.16870 2.43000 0.02000
v 1.09880 1.56000 -1.60000
v 0.71650 1.41000 -1.66000
v 0.66260 1.47000 -1.69000
v 0.04740 4.73000 1.46000
v 0.05560 4.49000 -1.46000
v -0.76900 3.99000 1.53000
v -0.59070 3.99000 1.59000
v 2.01600 1.49000 -0.59000
v 1.30930 4.12000 -0.59000
v 0.82630 4.28000 1.17000
v 0.76790 4.27000 1.20000
v -2.02640 2.76000 0.31000
v -2.10250 2.62000 0.21000
v -2.12660 2.52000 0.26000
v -2.05520 2.64000 0.38000
v -2.12140 2.48000 0.35000
v -2.08630 2.55000 0.40000
v -0.87730 1.65000 -1.61000
v -0.29250 1.64000 -1.76000
v 1.74010 1.44000 1.18000
v 0.17520 4.73000 1.46000
v 0.76340 0.76000 2.15000
v -1.05580 2.94000 -1.54000
v -1.04290 2.95000 -1.55000
v -1.02950 2.93000 -1.57000
v -1.06160 2.93000 -1.54000
v 0.92820 4.13000 1.32000
v 0.77540 4.12000 1.40000
v 0.16700 4.49000 -1.46000
v -1.27200 4.12000 0.10000
v 1.05220 4.12000 1.20000
v 0.87380 4.27000 1.13000
v -2.07460 2.72000 0.17000
v -2.01510 2.82000 0.26000
v 0.51510 1.64000 -1.76000
v 1.09990 1.65000 -1.61000
v -0.94160 4.36000 0.59000
v -1.04360 4.35000 0.24000
v -0.48430 0.47000 -1.52000
v -1.22810 1.72000 -1.27000
v -1.12280 1.58000 1.62000
v 1.45070 1.72000 -1.27000
v -1.08670 4.12000 0.80000
v 1.88740 1.88000 1.18000
v 1.84490 1.88000 1.26000
v -1.02120 2.90000 -1.58000
v -1.04700 2.88000 -1.55000
v -1.05980 2.90000 -1.54000
v 2.03760 2.05000 1.74000
v -2.01680 2.84000 0.20000
v -2.03910 2.81000 0.16000
v -0.98490 0.70000 -1.46000
v -0.93770 0.75000 -1.50000
v 0.99030 2.95000 -1.67000
v 0.97670 3.02000 -1.66000
v 1.07670 3.03000 -1.60000
v 1.08270 2.97000 -1.61000
v -0.71370 3.02000 -1.70000
v -0.72670 2.92000 -1.71000
v -0.95840 3.25000 -1.47000
v -0.75990 3.34000 -1.52000
v -0.83640 3.34000 -1.50000
v -1.60610 1.76000 1.21000
v -1.58980 1.76000 1.25000
v 2.01290 2.89000 0.97000
v 2.00540 2.89000 0.99000
v 1.99920 2.87000 1.01000
v 2.01720 2.87000 0.96000
v -1.13600 4.21000 0.35000
v -1.08300 4.21000 0.55000
v -1.55710 1.79000 1.30000
v -1.55380 1.84000 1.32000
v -1.63060 1.83000 -0.90000
v -1.76970 1.83000 -0.38000
v 1.49460 4.12000 0.10000
v 1.76250 2.88000 1.34000
v 1.92890 2.88000 1.19000
v 1.91100 3.00000 1.16000
v 1.73720 3.01000 1.33000
v 1.99580 2.97000 0.94000
v 2.01020 2.84000 0.98000
v -1.02730 2.87000 -1.57000
v 2.01690 2.84000 0.97000
v 2.01170 2.81000 0.99000
v 1.99670 2.84000 1.03000
v 2.00040 2.81000 1.02000
v -0.12540 0.44000 1.73000
v 0.95970 3.07000 -1.64000
v 1.05210 3.08000 -1.59000
v -0.16150 1.78000 -1.80000
v 0.11130 2.12000 -1.88000
v -0.54320 4.05000 -1.22000
v -0.63320 4.05000 -1.16000
v 0.38410 1.78000 -1.80000
v 1.25570 1.24000 1.55000
v 1.82870 1.76000 1.21000
v 1.81240 1.76000 1.25000
v -1.63060 1.83000 1.11000
v -1.31420 2.08000 1.60000
v -1.24350 2.10000 1.70000
v -1.26280 2.18000 1.70000
v -1.35520 2.15000 1.58000
v -1.62030 2.58000 -0.96000
v -1.66400 2.57000 -0.86000
v -1.66880 2.63000 -0.85000
v -1.62150 2.64000 -0.96000
v -0.32470 0.34000 -1.46000
v 1.77640 1.84000 1.32000
v 1.77970 1.79000 1.30000
v -1.14300 2.12000 1.77000
v -1.13140 2.20000 1.79000
v -2.00200 2.78000 0.29000
v -0.86540 3.32000 -1.50000
v -0.88880 3.28000 -1.51000
v -0.90870 3.33000 -1.45000
v -0.88460 3.35000 -1.45000
v -0.91670 3.24000 -1.52000
v -0.94070 3.28000 -1.46000
v -0.94760 3.23000 -1.50000
v -0.95690 3.25000 -1.48000
v -1.31880 1.88000 -1.21000
v -1.65740 2.70000 -0.85000
v -1.61370 2.70000 -0.95000
v -0.86300 3.36000 -1.46000
v -0.85330 3.35000 -1.48000
v 1.85320 1.83000 1.11000
v -0.58610 4.03000 1.58000
v -0.60220 4.03000 1.57000
v -0.62080 4.01000 1.57000
v -0.58020 4.01000 1.58000
v -0.82620 3.20000 -1.59000
v -0.81840 3.18000 -1.61000
v -0.85460 3.19000 -1.60000
v -0.85370 3.20000 -1.59000
v -0.81440 3.17000 -1.62000
v -0.84870 3.17000 -1.61000
v -0.82250 3.15000 -1.62000
v -0.83890 3.15000 -1.62000
v 1.30930 4.12000 0.80000
v -1.54480 2.58000 -1.04000
v -1.53980 2.64000 -1.04000
v -0.75510 3.26000 -1.58000
v -0.73800 3.21000 -1.61000
v -0.81740 3.23000 -1.58000
v -0.81560 3.26000 -1.56000
v -0.72910 3.18000 -1.63000
v -0.80460 3.18000 -1.61000
v -0.74690 3.14000 -1.64000
v -0.78290 3.15000 -1.63000
v -0.88020 1.89000 -1.63000
v 1.46610 2.10000 1.70000
v 1.48540 2.18000 1.70000
v 1.35400 2.20000 1.79000
v 1.36560 2.12000 1.77000
v 0.99850 2.90000 -1.67000
v 1.06920 2.91000 -1.62000
v -0.58040 4.12000 1.30000
v -1.90000 1.83000 0.10000
v -1.53820 2.70000 -1.03000
v 2.20450 2.39000 1.57000
v 2.15560 2.39000 1.69000
v 1.26830 1.33000 1.56000
v 1.53680 2.08000 1.60000
v 1.57780 2.15000 1.58000
v 1.54140 1.88000 -1.21000
v 1.85320 1.83000 -0.90000
v 1.10280 1.89000 -1.63000
v -1.27260 2.27000 1.69000
v -1.37260 2.24000 1.55000
v -0.63400 3.98000 1.58000
v -0.60210 3.96000 1.60000
v -0.58330 3.99000 1.59000
v -0.74400 2.79000 -1.69000
v -0.90010 2.79000 -1.66000
v -1.01840 2.78000 -1.55000
v -0.89630 3.33000 -1.44000
v -1.55420 1.89000 1.33000
v -0.44020 4.04000 -1.26000
v -1.13040 2.29000 1.78000
v 1.84290 2.58000 -0.96000
v 1.84410 2.64000 -0.96000
v 1.89140 2.63000 -0.85000
v 1.88660 2.57000 -0.86000
v 1.76740 2.58000 -1.04000
v 1.76240 2.64000 -1.04000
v -1.14930 1.80000 1.64000
v 0.80300 4.12000 1.30000
v 0.03150 4.46000 -1.51000
v 0.01260 4.46000 -1.47000
v 0.00830 4.46000 -1.46000
v 1.83630 2.70000 -0.95000
v 1.88000 2.70000 -0.85000
v 0.11130 4.12000 1.49000
v 1.99230 1.83000 -0.38000
v 1.87460 3.13000 1.13000
v 1.71400 3.13000 1.28000
v 1.95290 3.09000 0.92000
v 1.68800 3.28000 1.17000
v 1.80150 3.28000 1.06000
v -0.80170 3.28000 -1.55000
v -0.77720 3.28000 -1.56000
v -1.62130 1.93000 1.26000
v -1.66060 1.93000 1.19000
v -0.84740 3.21000 -1.58000
v -0.83630 3.21000 -1.58000
v 1.76080 2.70000 -1.03000
v -0.27490 3.95000 -1.27000
v 0.88600 2.93000 -1.69000
v 0.86380 2.99000 -1.68000
v 2.12720 2.05000 -0.72000
v 2.14790 2.04000 -0.46000
v 1.99220 2.06000 -0.94000
v 2.08780 2.24000 -0.51000
v 2.07320 2.26000 -0.69000
v 0.11130 3.36000 -1.70000
v 2.12260 1.83000 0.10000
v 1.49520 2.27000 1.69000
v 1.35300 2.29000 1.78000
v -0.80910 3.42000 -1.44000
v -1.56380 1.77000 1.27000
v 1.77680 1.89000 1.33000
v -1.23820 3.56000 -0.87000
v -0.85090 3.91000 -0.99000
v -0.79060 3.56000 -1.31000
v 0.21420 4.46000 -1.46000
v -0.82340 3.97000 -0.96000
v -1.22750 3.61000 -0.84000
v -0.76250 3.62000 -1.30000
v 1.59520 2.24000 1.55000
v -1.61040 2.52000 -0.95000
v -1.64380 2.52000 -0.88000
v 0.11130 1.83000 2.12000
v 0.95410 4.05000 1.36000
v 0.81300 4.04000 1.43000
v 1.30250 1.58000 1.60000
v -0.01080 2.53000 -2.28000
v 0.11130 2.53000 -2.33000
v 1.06870 4.04000 1.25000
v -0.87890 2.11000 -1.62000
v 0.11130 2.31000 -1.88000
v 0.49750 3.95000 -1.27000
v 0.98510 3.62000 -1.30000
v 1.92770 1.83000 0.83000
v 0.85540 3.05000 -1.66000
v -1.22380 3.56000 -0.85000
v -1.21660 3.59000 -0.83000
v -0.83330 3.91000 -0.97000
v 1.98820 1.47000 -0.56000
v 1.96540 1.46000 -0.55000
v 1.10150 2.11000 -1.62000
v 1.85700 3.25000 0.92000
v 1.67210 3.37000 1.08000
v 1.74200 3.37000 1.01000
v 0.23340 2.53000 -2.28000
v -1.55260 2.52000 -1.01000
v 1.78640 1.77000 1.27000
v 1.88320 1.93000 1.19000
v 1.84390 1.93000 1.26000
v 1.46080 3.56000 -0.87000
v 1.01320 3.56000 -1.31000
v 1.07350 3.91000 -0.99000
v -1.93710 3.01000 0.10000
v -1.93620 2.78000 0.34000
v -0.88300 2.31000 -1.62000
v 1.04600 3.97000 -0.96000
v 0.94200 3.12000 -1.62000
v 1.01270 3.13000 -1.57000
v 1.79300 3.35000 0.93000
v 1.80750 3.30000 1.00000
v 1.84200 3.25000 1.00000
v 1.83310 3.30000 0.92000
v 1.86690 3.23000 0.97000
v 1.86030 3.26000 0.93000
v -1.61700 2.12000 -0.89000
v -1.63160 2.75000 -0.86000
v -1.59820 2.75000 -0.94000
v -0.87820 2.53000 -1.61000
v 0.11130 2.53000 -1.87000
v 1.10560 2.31000 -1.62000
v -1.30400 3.78000 -0.49000
v 1.77530 3.35000 1.00000
v 1.76770 3.38000 0.94000
v 1.52660 3.78000 -0.49000
v 1.45010 3.61000 -0.84000
v -0.62650 3.96000 1.59000
v -1.25600 2.04000 1.63000
v -1.21780 2.05000 1.69000
v -1.54040 2.75000 -1.00000
v 0.11130 3.28000 -1.70000
v -0.29140 3.90000 -1.30000
v -1.58410 3.43000 -0.14000
v -1.52090 3.03000 -0.84000
v -1.32770 3.73000 -0.50000
v -1.16340 2.06000 1.72000
v -0.31660 0.59000 1.90000
v -0.44690 0.59000 1.80000
v 1.83300 2.52000 -0.95000
v 1.86640 2.52000 -0.88000
v 0.91860 2.88000 -1.68000
v 1.10080 2.53000 -1.61000
v 1.34450 1.83000 1.62000
v 1.77520 2.52000 -1.01000
v -1.61080 2.31000 -0.89000
v 1.77270 2.72000 1.32000
v 1.82540 2.68000 1.25000
v 1.89120 2.66000 1.18000
v 1.91800 2.72000 1.19000
v 1.92390 2.66000 1.10000
v 1.98180 2.69000 1.01000
v -1.60250 2.53000 -0.88000
v 1.75030 3.39000 0.96000
v 1.75120 3.38000 0.99000
v 1.11700 1.83000 1.85000
v 0.51400 3.90000 -1.30000
v 1.44030 2.05000 1.69000
v 1.38600 2.06000 1.72000
v -0.08590 0.57000 -1.69000
v 1.83960 2.12000 -0.89000
v -0.83100 3.03000 -1.53000
v 0.11130 3.03000 -1.78000
v -0.08590 0.39000 -1.52000
v -0.88300 3.82000 1.46000
v -0.77020 3.86000 1.56000
v -0.90540 3.94000 1.41000
v -0.61720 3.86000 1.61000
v 1.47860 2.04000 1.63000
v -1.27140 2.36000 1.67000
v -1.36380 2.33000 1.54000
v 1.82080 2.75000 -0.94000
v 1.85420 2.75000 -0.86000
v 0.11130 4.35000 -1.60000
v 0.00830 4.35000 -1.56000
v 1.05360 3.03000 -1.53000
v -1.14010 2.38000 1.76000
v 1.77610 3.36000 0.93000
v -0.67400 1.84000 1.94000
v 1.76300 2.75000 -1.00000
v -1.33550 3.74000 0.68000
v 1.55030 3.73000 -0.50000
v 1.74350 3.03000 -0.84000
v -1.93710 1.66000 -0.51000
v 1.82510 2.53000 -0.88000
v 1.83340 2.31000 -0.89000
v 0.21420 4.35000 -1.56000
v -1.59880 3.38000 -0.16000
v 0.11130 4.73000 1.44000
v 1.82310 3.20000 1.12000
v 1.79210 3.19000 1.16000
v 1.79450 3.17000 1.17000
v 1.82560 3.17000 1.14000
v 1.80730 3.15000 1.17000
v 1.82160 3.16000 1.16000
v -1.76500 2.31000 -0.31000
v -1.76570 2.12000 -0.34000
v -0.15870 0.59000 1.87000
v -0.31200 0.40000 1.63000
v -1.89410 1.65000 -0.53000
v 1.79250 3.21000 1.14000
v 1.81720 3.21000 1.11000
v -1.76380 2.53000 -0.28000
v -1.87730 2.31000 0.10000
v -1.88560 2.12000 0.10000
v -1.86770 2.53000 0.10000
v 1.49400 2.36000 1.67000
v 1.36270 2.38000 1.76000
v 1.70560 3.28000 1.16000
v 1.70480 3.23000 1.20000
v 1.77300 3.24000 1.12000
v 1.76000 3.28000 1.10000
v 1.71010 3.19000 1.23000
v 1.77840 3.19000 1.17000
v 1.73810 3.15000 1.24000
v 1.76970 3.15000 1.21000
v 1.81280 3.38000 -0.14000
v -1.55840 1.93000 1.32000
v -0.49140 3.09000 1.92000
v -0.33380 3.11000 1.98000
v -0.33200 3.19000 1.95000
v -0.47760 3.18000 1.89000
v 1.67660 3.47000 0.96000
v 1.58640 2.33000 1.54000
v -0.16230 3.11000 1.99000
v -0.17350 3.20000 1.96000
v -1.69020 3.03000 -0.21000
v -1.77340 3.03000 0.10000
v -0.20170 0.40000 1.65000
v 1.97770 2.26000 -0.85000
v 2.03110 2.38000 -0.55000
v 2.02210 2.39000 -0.67000
v 0.86210 3.10000 -1.63000
v -0.75520 3.50000 1.61000
v -0.94420 3.82000 1.17000
v 0.66680 0.78000 2.19000
v 0.58480 0.84000 2.21000
v -0.47760 3.00000 1.94000
v -0.33200 3.02000 2.00000
v 1.73880 3.30000 1.10000
v 1.71570 3.30000 1.12000
v 1.78100 1.93000 1.32000
v -1.36220 3.69000 0.68000
v -0.17350 3.02000 2.01000
v 1.98760 2.31000 -0.31000
v 1.98640 2.53000 -0.28000
v 1.98830 2.12000 -0.34000
v 2.09990 2.31000 0.10000
v 2.10820 2.12000 0.10000
v 2.09030 2.53000 0.10000
v 1.80760 3.22000 1.11000
v 1.79710 3.22000 1.12000
v 1.97310 2.39000 -0.78000
v 2.03320 2.30000 -0.74000
v 2.03560 2.24000 -0.78000
v 1.97660 2.32000 -0.82000
v 2.01710 2.22000 -0.82000
v 1.98930 2.26000 -0.84000
v -1.64300 2.36000 0.97000
v -1.63590 2.13000 1.03000
v -0.32680 3.26000 1.91000
v -0.43830 3.25000 1.86000
v -0.19250 0.34000 -1.46000
v -0.20560 3.26000 1.92000
v -1.64670 2.55000 0.91000
v 1.16680 3.82000 1.17000
v 1.91280 3.03000 -0.21000
v 1.82740 3.33000 -0.16000
v -1.30490 3.44000 1.07000
v 1.99600 3.03000 0.10000
v 2.02610 2.36000 -0.71000
v 1.97740 2.42000 -0.74000
v 0.11130 3.89000 1.61000
v -1.57790 3.01000 0.85000
v -1.31160 3.38000 1.09000
v 1.52750 3.44000 1.07000
v 1.55810 3.74000 0.68000
v 0.86000 0.78000 2.12000
v 0.94200 0.84000 2.09000
v 1.53420 3.38000 1.09000
v 1.74350 3.03000 1.05000
v 1.58480 3.69000 0.68000
v 0.97780 3.50000 1.61000
v -0.67260 2.56000 1.91000
v -1.10220 2.53000 1.64000
v -0.65720 2.31000 1.92000
v -1.15040 2.31000 1.60000
v -0.90620 0.81000 -1.54000
v -0.55240 4.00000 -1.24000
v -0.62130 4.00000 -1.19000
v -1.15290 2.12000 1.61000
v -0.83100 3.03000 1.74000
v 1.82510 2.53000 1.09000
v 1.83340 2.31000 1.10000
v 1.84070 2.12000 1.10000
v -0.66140 2.12000 1.92000
v -1.93710 1.93000 -0.54000
v 0.84130 1.13000 2.39000
v 0.65350 1.13000 2.37000
v -0.96220 3.76000 1.20000
v -0.75990 3.45000 1.61000
v 2.10890 2.16000 -0.63000
v 2.11820 2.13000 -0.62000
v 2.11150 2.14000 -0.67000
v 2.10480 2.17000 -0.67000
v 2.12630 2.10000 -0.61000
v 2.12190 2.11000 -0.66000
v 2.13200 2.08000 -0.62000
v 2.12940 2.09000 -0.64000
v 2.09330 2.20000 -0.62000
v 2.10810 2.18000 -0.50000
v 2.12590 2.12000 -0.49000
v 2.11620 2.13000 -0.60000
v 2.13840 2.07000 -0.51000
v 2.13250 2.08000 -0.56000
v 0.11130 2.53000 2.08000
v 1.96330 2.39000 -0.76000
v 0.11130 2.31000 2.09000
v 0.11130 2.12000 2.10000
v 1.98910 2.43000 -0.71000
v 2.00860 2.41000 -0.69000
v -1.09620 0.70000 -1.35000
v 2.08750 2.25000 -0.53000
v 2.07850 2.25000 -0.62000
v 0.98340 1.13000 2.26000
v -1.24030 3.03000 1.32000
v 0.99990 2.86000 -1.65000
v 1.03820 2.86000 -1.63000
v -1.61380 1.97000 1.25000
v -1.64390 1.97000 1.19000
v -0.47360 3.99000 -1.26000
v 1.10080 2.53000 1.82000
v 1.10560 2.31000 1.83000
v 1.10980 2.12000 1.83000
v -0.43820 2.92000 1.95000
v -0.32680 2.94000 2.00000
v -0.20550 2.94000 2.01000
v 0.96860 3.98000 1.38000
v 0.86060 3.97000 1.43000
v 0.11130 3.03000 1.99000
v 0.11130 3.85000 1.64000
v 1.05630 3.97000 1.29000
v 1.18480 3.76000 1.20000
v 1.05360 3.03000 1.74000
v 0.07190 4.49000 -1.42000
v 2.00750 1.53000 -0.42000
v 2.02890 1.55000 -0.44000
v 0.15070 4.49000 -1.42000
v 0.98250 3.45000 1.61000
v 1.86650 1.97000 1.19000
v 1.83640 1.97000 1.25000
v -1.25940 2.43000 1.64000
v -1.33020 2.41000 1.54000
v -1.15890 2.45000 1.71000
v -1.89410 1.92000 0.77000
v -1.93620 1.93000 0.74000
v 1.96310 2.53000 -0.64000
v -0.25860 0.34000 -1.43000
v -0.05560 4.51000 1.69000
v 0.11130 4.51000 1.76000
v 1.48200 2.43000 1.64000
v 1.38150 2.45000 1.71000
v 1.55280 2.41000 1.54000
v -0.53210 4.32000 1.23000
v -0.60430 4.38000 1.13000
v 0.27820 4.51000 1.69000
v 1.80930 1.91000 -1.03000
v 1.83940 1.91000 -1.02000
v 2.03760 2.39000 1.74000
v 2.10020 2.18000 -0.66000
v 2.10110 2.18000 -0.65000
v -1.59320 2.48000 -0.94000
v -1.61130 2.48000 -0.90000
v 2.06830 2.28000 -0.61000
v 2.07030 2.28000 -0.57000
v 0.95670 2.85000 -1.66000
v 2.10140 2.00000 1.64000
v 2.12790 2.00000 1.57000
v -1.56190 2.49000 -0.98000
v -0.50500 4.24000 1.33000
v -0.48680 4.24000 1.32000
v 1.81580 2.48000 -0.94000
v 1.83390 2.48000 -0.90000
v -1.56560 1.97000 1.30000
v 1.78450 2.49000 -0.98000
v -1.17490 0.97000 -1.54000
v -1.04050 0.97000 -1.59000
v -1.14330 0.75000 -1.30000
v -1.59530 2.78000 -0.88000
v -1.57720 2.79000 -0.92000
v -0.25160 0.40000 1.62000
v -1.54600 2.79000 -0.95000
v 1.78820 1.97000 1.30000
v -0.31910 3.30000 1.86000
v -0.37940 3.30000 1.84000
v -0.25350 3.30000 1.87000
v -0.62340 4.14000 -1.05000
v -0.57690 4.18000 -1.04000
v 0.92610 3.15000 -1.59000
v 0.96440 3.15000 -1.57000
v 1.79980 2.79000 -0.92000
v 1.81790 2.78000 -0.88000
v 1.83050 2.58000 1.15000
v 1.89260 2.59000 1.05000
v 1.90130 2.62000 1.06000
v 1.84470 2.61000 1.16000
v 1.94240 2.65000 0.94000
v 1.94840 2.67000 0.96000
v 1.96220 2.79000 0.84000
v 1.96700 2.81000 0.86000
v -1.62970 1.79000 1.16000
v -1.64860 1.83000 1.14000
v 1.76860 2.79000 -0.95000
v -0.45790 0.51000 1.65000
v 1.63030 3.37000 1.08000
v -0.10680 4.60000 1.53000
v -1.93710 2.21000 -0.49000
v 1.87500 2.63000 1.17000
v 1.91670 2.64000 1.08000
v 1.85230 1.79000 1.16000
v 1.87120 1.83000 1.14000
v -1.65690 1.88000 1.13000
v 0.53010 0.92000 2.23000
v -1.30640 3.73000 -0.50000
v 0.32940 4.60000 1.53000
v -0.71430 4.29000 1.15000
v -0.46570 4.13000 1.44000
v -0.44520 4.13000 1.43000
v -0.65160 4.09000 -1.07000
v 0.88290 3.14000 -1.60000
v 1.52900 3.73000 -0.50000
v 1.87950 1.88000 1.13000
v -0.85690 2.68000 -1.58000
v -0.94130 2.69000 -1.53000
v -0.94290 2.72000 -1.55000
v -0.86380 2.70000 -1.59000
v -1.01940 2.75000 -1.48000
v -1.01670 2.77000 -1.50000
v -1.07360 2.87000 -1.42000
v -1.06800 2.88000 -1.44000
v 0.99670 0.92000 2.08000
v -0.08130 0.51000 1.74000
v 0.68600 4.22000 1.27000
v 0.66870 4.15000 1.33000
v -1.89410 1.92000 -0.56000
v -0.96180 0.70000 -1.40000
v 1.80840 2.65000 1.24000
v -0.01490 4.41000 -1.48000
v -0.02320 4.41000 -1.46000
v 0.00490 4.41000 -1.53000
v 1.03030 4.15000 1.08000
v 0.96280 4.21000 1.07000
v 0.11130 4.49000 -1.40000
v -1.89410 2.21000 0.72000
v -1.93620 2.20000 0.69000
v -0.87810 2.72000 -1.62000
v -0.94400 2.73000 -1.57000
v -0.94140 2.75000 -1.59000
v -0.88640 2.74000 -1.63000
v 1.10510 3.02000 -1.54000
v 1.10890 2.96000 -1.55000
v -0.81310 2.75000 -1.66000
v -0.37940 2.87000 1.96000
v -0.31910 2.88000 1.98000
v -0.25340 2.88000 1.99000
v 0.24580 4.41000 -1.46000
v 2.03760 2.00000 1.67000
v -0.46620 4.04000 1.51000
v -0.44580 4.03000 1.50000
v -1.34030 3.69000 0.67000
v 1.94450 2.92000 0.79000
v 1.95040 2.93000 0.82000
v -0.38070 0.39000 -1.40000
v 0.68340 4.08000 1.39000
v 1.07840 3.08000 -1.53000
v -0.80190 2.73000 -1.65000
v -0.35040 4.12000 -1.18000
v -0.36800 4.17000 -1.14000
v -0.51930 4.21000 -1.05000
v 1.82140 2.07000 -1.00000
v 1.85080 2.07000 -0.99000
v -0.79000 4.20000 1.17000
v 0.11130 2.13000 -2.26000
v 0.04520 2.13000 -2.23000
v 1.44640 3.56000 -0.85000
v 1.05590 3.91000 -0.97000
v 1.07490 4.07000 1.11000
v 0.17740 2.13000 -2.23000
v -0.28300 3.90000 -1.27000
v 1.56290 3.69000 0.67000
v 0.50560 3.90000 -1.27000
v -1.60310 1.76000 1.19000
v -0.45940 4.22000 -1.07000
v -0.49390 3.95000 1.56000
v -0.47500 3.93000 1.56000
v -1.31370 2.07000 1.53000
v -1.35450 2.14000 1.48000
v -1.93710 2.56000 -0.31000
v 2.06200 1.72000 -0.34000
v -0.01810 4.68000 1.44000
v -0.04870 4.68000 1.51000
v -0.00670 4.68000 1.41000
v 1.26070 2.20000 1.78000
v 1.29420 2.12000 1.76000
v -1.07160 2.12000 1.76000
v -1.03810 2.20000 1.78000
v -0.41820 0.66000 -1.68000
v -0.25860 0.66000 -1.75000
v -0.70710 4.29000 1.13000
v -0.50290 0.57000 -1.52000
v -1.65320 1.93000 1.14000
v 1.82570 1.76000 1.19000
v -1.37190 2.22000 1.46000
v 0.22930 4.68000 1.41000
v -1.19080 0.97000 -1.50000
v -1.21870 0.97000 -1.43000
v -1.23050 0.97000 -1.40000
v 1.90350 3.06000 0.79000
v 1.91160 3.06000 0.81000
v -1.07590 2.98000 -1.39000
v -1.07020 2.99000 -1.41000
v -1.04800 3.09000 -1.38000
v -1.04380 3.09000 -1.40000
v -0.96860 3.23000 -1.40000
v -0.96850 3.24000 -1.38000
v -0.89730 3.34000 -1.39000
v -0.90130 3.33000 -1.41000
v 1.25200 2.30000 1.78000
v -1.04050 0.70000 -1.32000
v -1.02940 2.30000 1.78000
v 0.73270 4.26000 1.20000
v -1.93710 2.79000 -0.14000
v -0.94650 3.76000 1.18000
v 0.11130 3.85000 1.62000
v -0.35620 4.06000 -1.22000
v 1.08930 2.90000 -1.58000
v -0.77280 3.57000 -1.30000
v 1.53630 2.07000 1.53000
v 1.57710 2.14000 1.48000
v 0.80170 4.27000 1.14000
v 0.88250 4.26000 1.09000
v 1.83020 3.23000 0.85000
v 1.81740 3.24000 0.82000
v 1.74620 3.36000 0.87000
v 1.76290 3.35000 0.89000
v -1.23860 2.48000 1.61000
v -1.27680 2.47000 1.55000
v -0.87800 4.07000 1.20000
v -1.57770 3.38000 -0.15000
v 0.67230 0.78000 2.11000
v 1.87580 1.93000 1.14000
v -1.18420 2.49000 1.64000
v 1.59450 2.22000 1.46000
v 1.16910 3.76000 1.18000
v -1.65030 2.56000 -0.80000
v -1.65390 2.63000 -0.78000
v -0.65740 4.03000 -1.11000
v 0.80890 0.78000 2.06000
v 0.99540 3.57000 -1.30000
v 1.46110 2.48000 1.61000
v 1.40680 2.49000 1.64000
v -1.64370 2.69000 -0.79000
v -1.89410 2.57000 0.53000
v -1.93620 2.55000 0.51000
v -1.89410 2.82000 0.35000
v -0.40630 4.20000 -1.11000
v -0.80010 3.43000 -1.42000
v 1.49940 2.47000 1.55000
v -0.55430 3.96000 -1.23000
v -0.59150 3.96000 -1.21000
v 1.80640 3.33000 -0.15000
v 0.96950 3.92000 1.38000
v 0.91100 3.91000 1.41000
v 1.01700 3.91000 1.33000
v 1.87650 2.63000 -0.78000
v 1.87290 2.56000 -0.80000
v -1.60090 2.00000 1.24000
v -1.61720 2.00000 1.21000
v 2.04190 1.71000 -0.32000
v -0.03290 0.47000 -1.52000
v 1.65640 3.48000 0.95000
v -1.48180 2.58000 -1.05000
v -1.47150 2.64000 -1.05000
v 1.86630 2.69000 -0.79000
v -0.51160 3.95000 -1.25000
v 1.70440 2.58000 -1.05000
v 1.69410 2.64000 -1.05000
v -1.47520 2.70000 -1.04000
v 2.19180 2.13000 1.42000
v 2.20450 2.22000 1.41000
v -1.89410 3.04000 0.10000
v 1.77890 2.63000 1.25000
v 1.76230 2.61000 1.24000
v 1.69770 2.70000 -1.04000
v -1.57270 1.75000 1.23000
v -0.89510 0.89000 -1.55000
v 1.83980 2.00000 1.21000
v 1.82350 2.00000 1.24000
v -0.54270 3.07000 1.83000
v -0.52500 3.15000 1.81000
v 0.72800 4.00000 1.42000
v 1.03270 3.12000 -1.53000
v -0.73190 3.73000 1.53000
v -0.64690 3.76000 1.57000
v -0.65630 3.78000 1.57000
v -0.73820 3.75000 1.54000
v -0.55770 3.82000 1.59000
v -0.57200 3.84000 1.59000
v 1.79530 1.75000 1.23000
v -1.89410 2.21000 -0.51000
v -0.07730 3.10000 1.94000
v -0.09500 3.18000 1.91000
v -0.91470 3.97000 1.25000
v 1.08960 4.00000 1.17000
v 1.85870 2.28000 -0.88000
v 1.88610 2.27000 -0.88000
v 1.51940 3.39000 1.08000
v -0.72840 3.34000 -1.50000
v -1.51910 1.80000 1.30000
v -1.50410 1.84000 1.32000
v -1.36310 2.32000 1.45000
v -0.52500 2.98000 1.86000
v 1.26930 2.38000 1.75000
v -1.17490 0.81000 -1.27000
v 1.72670 1.84000 1.32000
v 1.74170 1.80000 1.30000
v -1.04670 2.38000 1.75000
v -0.09500 3.01000 1.96000
v 1.89260 2.42000 -0.78000
v 1.91810 2.40000 -0.78000
v 1.34730 2.06000 1.72000
v -1.25580 2.03000 1.59000
v -1.57490 2.00000 1.26000
v -1.12470 2.06000 1.72000
v -1.63330 2.51000 -0.83000
v -0.34800 0.44000 1.57000
v 1.58570 2.32000 1.45000
v 2.15560 2.05000 1.46000
v -0.98490 0.70000 -1.35000
v 1.47840 2.03000 1.59000
v 1.79750 2.00000 1.26000
v -0.60790 3.00000 -1.65000
v -0.61830 3.11000 -1.62000
v 0.04520 2.59000 -2.23000
v 0.11130 2.59000 -2.26000
v -1.18940 2.03000 1.66000
v -0.62640 2.89000 -1.67000
v 1.68670 2.68000 1.32000
v 1.70580 2.70000 1.32000
v -0.67390 3.25000 -1.55000
v 1.41200 2.03000 1.66000
v -0.47460 3.23000 1.80000
v -0.78040 2.72000 -1.63000
v -0.77040 2.70000 -1.62000
v 0.17740 2.59000 -2.23000
v 1.85590 2.51000 -0.83000
v -1.62110 2.74000 -0.81000
v -1.89410 2.82000 -0.14000
v -0.14550 3.25000 1.88000
v -1.50430 2.52000 -1.02000
v -1.50050 1.89000 1.33000
v 2.19180 2.31000 1.42000
v 1.72310 1.89000 1.33000
v 1.72690 2.52000 -1.02000
v -0.38450 4.01000 -1.24000
v 0.83070 2.91000 -1.67000
v 0.80400 2.97000 -1.66000
v -0.78560 4.20000 1.15000
v -0.14410 0.44000 1.62000
v 1.84370 2.74000 -0.81000
v -0.75260 3.78000 1.55000
v -0.67670 3.80000 1.58000
v -0.69260 3.82000 1.58000
v -0.75920 3.81000 1.56000
v -1.29680 3.39000 1.08000
v 2.12790 2.44000 1.57000
v 2.10140 2.44000 1.64000
v -1.49210 2.75000 -1.00000
v -0.68390 2.76000 -1.65000
v -0.69680 2.77000 -1.66000
v 1.71470 2.75000 -1.00000
v -0.92290 3.88000 1.31000
v -1.54320 1.77000 1.27000
v 0.80010 3.03000 -1.64000
v 1.76580 1.77000 1.27000
v 2.06960 1.87000 -0.31000
v 2.06270 2.04000 -0.33000
v 1.63130 2.85000 1.36000
v 1.59850 2.98000 1.34000
v 0.97210 3.45000 1.60000
v -0.81430 3.78000 1.50000
v -0.81590 3.80000 1.51000
v 0.51090 1.03000 2.24000
v 1.58730 3.11000 1.29000
v -1.89410 2.57000 -0.32000
v -0.47450 2.91000 1.89000
v 0.87630 2.87000 -1.66000
v 1.93940 2.54000 -0.63000
v 0.03850 4.46000 -1.39000
v -0.14540 2.93000 1.97000
v -0.31300 0.67000 1.88000
v -0.43340 0.67000 1.80000
v 0.73110 0.78000 2.06000
v 1.60510 3.27000 1.18000
v 0.11130 4.30000 -1.59000
v 0.01620 4.30000 -1.55000
v 0.18410 4.46000 -1.39000
v 0.20640 4.30000 -1.55000
v -0.71660 3.35000 -1.49000
v -0.09900 0.66000 -1.68000
v 1.01590 1.03000 2.07000
v -1.63820 1.97000 1.16000
v -0.16710 0.67000 1.86000
v 1.04910 2.86000 -1.61000
v -0.87670 4.06000 1.19000
v 1.86080 1.97000 1.16000
v -0.61090 2.88000 -1.66000
v 1.60940 2.84000 1.36000
v -1.50870 1.94000 1.32000
v 1.73130 1.94000 1.32000
v -0.63990 3.98000 -1.15000
v -0.89510 0.75000 -1.40000
v 0.81980 3.09000 -1.61000
v -1.32970 2.40000 1.47000
v -0.74950 3.45000 1.60000
v 1.31010 2.45000 1.70000
v -1.08750 2.45000 1.70000
v -0.13650 0.39000 -1.40000
v 2.03760 2.44000 1.67000
v 0.79560 3.94000 1.43000
v 0.11130 3.29000 -1.68000
v 1.55230 2.40000 1.47000
v 1.07230 3.94000 1.23000
v 1.60840 3.38000 1.07000
v 2.10140 2.00000 1.51000
v -0.47340 0.59000 1.65000
v -0.39910 3.29000 1.81000
v 2.04970 1.87000 -0.29000
v -0.22100 3.30000 1.85000
v -0.91470 3.96000 1.24000
v -0.66010 3.25000 -1.54000
v -0.59180 3.00000 -1.64000
v -0.11440 2.27000 -2.16000
v -0.13300 2.36000 -2.16000
v 0.11130 4.68000 1.36000
v -1.60560 2.48000 -0.88000
v 2.15560 2.39000 1.46000
v 0.82300 1.21000 2.33000
v 0.67930 1.21000 2.32000
v 0.33700 2.27000 -2.16000
v 0.35560 2.36000 -2.16000
v 0.93180 1.21000 2.24000
v 1.82820 2.48000 -0.88000
v 0.97520 3.15000 -1.54000
v -1.53580 2.48000 -0.98000
v -0.12480 4.51000 1.53000
v 1.75840 2.48000 -0.98000
v -0.03430 4.35000 -1.46000
v 0.99450 2.84000 -1.63000
v -0.06720 2.45000 -2.28000
v -0.10040 2.45000 -2.20000
v -0.11440 2.45000 -2.16000
v -0.60260 3.11000 -1.61000
v -0.31000 3.31000 1.82000
v 1.57550 2.97000 1.34000
v -0.04290 4.42000 1.68000
v 0.11130 4.42000 1.74000
v -0.43100 3.97000 -1.25000
v -0.06580 0.59000 1.74000
v -1.58970 2.78000 -0.85000
v 2.03300 2.25000 -0.42000
v 2.00450 2.39000 -0.51000
v 0.34740 4.51000 1.53000
v -0.92320 3.86000 1.30000
v -0.88380 3.79000 1.41000
v 0.26550 4.42000 1.68000
v 0.25690 4.35000 -1.46000
v -0.06140 2.19000 -2.16000
v 0.33700 2.45000 -2.16000
v 0.93380 2.84000 -1.65000
v 1.81230 2.78000 -0.85000
v -1.51980 2.79000 -0.96000
v 1.74240 2.79000 -0.96000
v 0.28400 2.19000 -2.16000
v 1.58240 3.27000 1.17000
v -0.81590 3.75000 1.48000
v -0.81240 3.73000 1.48000
v -0.88270 3.77000 1.40000
v -1.57140 2.47000 -0.93000
v 1.79390 2.47000 -0.93000
v -0.39900 2.86000 1.93000
v 1.56390 3.10000 1.29000
v -0.22090 2.87000 1.97000
v -0.41820 0.47000 -1.36000
v 0.59500 0.84000 2.07000
v 2.03760 1.98000 1.57000
v -1.14330 1.04000 -1.50000
v -1.04050 1.04000 -1.55000
v -1.55410 2.80000 -0.90000
v 0.84750 0.84000 1.99000
v -1.52760 1.98000 1.30000
v -0.25860 0.39000 -1.35000
v 1.75020 1.98000 1.30000
v 1.77670 2.80000 -0.90000
v -1.18590 0.89000 -1.26000
v 2.04260 2.04000 -0.31000
v -0.05420 2.53000 -2.18000
v -0.06140 2.53000 -2.16000
v -0.02250 2.53000 -2.26000
v 0.86000 3.13000 -1.59000
v -1.79150 1.25000 0.28000
v -1.85200 1.25000 0.33000
v -1.85110 1.19000 0.10000
v 0.91460 3.15000 -1.56000
v 0.28400 2.53000 -2.16000
v -0.23630 0.44000 1.55000
v -1.04050 0.75000 -1.26000
v -0.31000 2.85000 1.95000
v -0.90620 0.97000 -1.54000
v 0.01780 2.13000 -2.16000
v 1.98230 2.40000 -0.50000
v -0.43710 0.66000 -1.64000
v -0.47030 0.66000 -1.56000
v -0.48430 0.66000 -1.52000
v -0.01430 0.57000 -1.52000
v 0.20480 2.13000 -2.16000
v -0.09330 4.60000 1.49000
v -0.04290 4.60000 1.37000
v -0.06120 4.60000 1.42000
v 1.91950 2.05000 1.69000
v 1.88330 2.13000 1.73000
v 0.26550 4.60000 1.37000
v 0.11130 2.12000 -2.16000
v 1.87060 2.22000 1.74000
v -1.27660 2.46000 1.52000
v 1.36810 2.49000 1.64000
v -1.14550 2.49000 1.64000
v 1.49910 2.46000 1.52000
v 2.01180 2.26000 -0.41000
v -1.17990 1.04000 -1.42000
v -1.18590 1.04000 -1.40000
v -1.15320 1.04000 -1.48000
v 0.56540 1.13000 2.27000
v 0.53010 1.13000 2.23000
v 0.62730 1.13000 2.34000
v 1.97370 2.00000 1.64000
v 0.11130 4.46000 -1.35000
v -1.61420 2.00000 1.19000
v 1.83680 2.00000 1.19000
v 0.99670 1.13000 2.08000
v 0.87580 3.89000 1.41000
v 1.83400 1.50000 -0.76000
v 1.85990 1.50000 -0.80000
v 1.89900 1.46000 -0.68000
v 1.02560 3.89000 1.30000
v 2.10140 2.44000 1.51000
v 1.88330 2.31000 1.73000
v -0.60160 3.95000 -1.18000
v -0.37200 0.51000 1.53000
v -0.38070 0.74000 -1.64000
v -0.25860 0.74000 -1.69000
v 0.01780 2.59000 -2.16000
v 0.20480 2.59000 -2.16000
v -0.10570 0.51000 1.59000
v -1.21190 2.50000 1.58000
v 1.43450 2.50000 1.58000
v -0.85050 0.81000 -1.40000
v -0.48850 3.94000 -1.24000
v 0.01620 4.41000 -1.36000
v 0.20640 4.41000 -1.36000
v 0.11130 2.60000 -2.16000
v 1.91950 2.39000 1.69000
v 0.95660 3.88000 1.36000
v -1.55430 2.00000 1.27000
v 1.77690 2.00000 1.27000
v -0.93770 0.75000 -1.30000
v -0.45090 0.67000 1.69000
v -0.45790 0.67000 1.65000
v -0.43860 0.67000 1.77000
v -1.58470 2.01000 1.23000
v -0.54840 3.93000 -1.22000
v 1.80730 2.01000 1.23000
v 2.03760 2.46000 1.57000
v -0.30280 0.74000 1.84000
v -0.39500 0.74000 1.77000
v 0.11130 4.25000 -1.56000
v 0.03850 4.25000 -1.53000
v 0.18410 4.25000 -1.53000
v -1.85110 1.23000 -0.12000
v -1.79150 1.25000 -0.07000
v -0.13650 0.74000 -1.64000
v -0.02320 4.30000 -1.46000
v -0.19120 0.74000 1.82000
v 0.74140 4.24000 1.16000
v -0.08130 0.67000 1.74000
v 0.24580 4.30000 -1.46000
v 0.84730 4.24000 1.09000
v -0.49630 4.20000 -1.04000
v -0.09900 0.47000 -1.36000
v 2.03760 2.00000 1.48000
v -0.10680 4.42000 1.53000
v -1.17490 0.97000 -1.27000
v -1.70440 1.38000 0.44000
v -1.85200 1.38000 0.54000
v 0.54340 0.92000 2.04000
v 0.32940 4.42000 1.53000
v -0.41630 4.19000 -1.08000
v 1.97370 2.44000 1.64000
v 1.80510 1.76000 1.20000
v -1.58250 1.76000 1.20000
v 0.87330 0.92000 1.93000
v 0.70380 0.84000 1.98000
v -1.74890 1.25000 0.10000
v 1.34700 2.05000 1.68000
v 1.75940 1.58000 -0.83000
v 1.82240 1.58000 -0.91000
v 1.43970 2.03000 1.59000
v -0.43130 0.57000 -1.35000
v -1.21710 2.03000 1.59000
v -1.12440 2.05000 1.68000
v 1.76270 1.77000 1.25000
v -1.54020 1.77000 1.25000
v 1.94720 2.00000 1.57000
v -0.00670 4.34000 1.64000
v 0.11130 4.34000 1.69000
v 0.11130 4.60000 1.31000
v 0.22930 4.34000 1.64000
v -0.93770 1.04000 -1.50000
v 0.79570 1.27000 2.25000
v 0.71790 1.27000 2.25000
v 0.85450 1.27000 2.20000
v 0.04520 2.13000 -2.10000
v 0.17740 2.13000 -2.10000
v 0.66590 1.21000 2.31000
v 0.60670 1.21000 2.24000
v 0.58480 1.21000 2.21000
v -1.04050 0.81000 -1.21000
v 1.94030 1.47000 -0.55000
v 1.89850 1.49000 -0.56000
v -0.03290 0.66000 -1.52000
v -1.85110 1.36000 -0.34000
v -1.70440 1.38000 -0.23000
v 0.94200 1.21000 2.09000
v 1.83120 2.60000 1.04000
v 1.86760 2.61000 1.04000
v 1.81030 2.59000 1.13000
v 2.03760 2.05000 1.41000
v 1.84260 1.49000 -0.66000
v -0.05560 4.51000 1.36000
v -0.42410 0.74000 -1.54000
v -0.43130 0.74000 -1.52000
v -0.39240 0.74000 -1.62000
v 1.97370 2.00000 1.51000
v 0.27820 4.51000 1.36000
v -0.25860 0.47000 -1.30000
v -1.09620 1.08000 -1.46000
v -1.04050 1.08000 -1.48000
v -0.83490 0.89000 -1.40000
v -0.36660 3.28000 1.79000
v -0.24060 3.29000 1.81000
v -0.38040 0.59000 1.52000
v -0.22610 0.51000 1.51000
v -0.90020 2.70000 -1.50000
v -0.92730 2.71000 -1.52000
v -0.84790 2.69000 -1.56000
v 0.04520 2.59000 -2.10000
v 0.17740 2.59000 -2.10000
v 1.02620 2.85000 -1.60000
v 0.11130 2.13000 -2.07000
v -0.09220 0.59000 1.58000
v 0.78880 4.23000 1.12000
v -1.11920 1.08000 -1.40000
v 2.03760 2.13000 1.36000
v 0.00830 4.35000 -1.35000
v 2.03760 2.44000 1.48000
v 0.94470 2.84000 -1.63000
v -0.45360 4.19000 -1.06000
v 0.21420 4.35000 -1.35000
v 0.11130 4.41000 -1.32000
v -1.57950 2.48000 -0.88000
v 1.80210 2.48000 -0.88000
v -0.01080 2.19000 -2.04000
v 1.75270 2.48000 -0.96000
v -1.53010 2.48000 -0.96000
v 0.23340 2.19000 -2.04000
v -1.85110 1.66000 -0.51000
v 1.38530 2.04000 1.63000
v 1.77900 1.76000 1.22000
v -1.55640 1.76000 1.22000
v -1.16270 2.04000 1.63000
v -0.36650 2.86000 1.91000
v -0.24060 2.86000 1.93000
v 1.82610 2.65000 0.94000
v 1.91470 2.66000 0.94000
v 1.78610 2.78000 -0.86000
v -0.53120 4.29000 1.23000
v -0.53500 4.28000 1.20000
v -0.59810 4.36000 1.13000
v -1.56350 2.78000 -0.86000
v 1.73680 2.78000 -0.93000
v -1.14330 1.04000 -1.30000
v -1.51420 2.78000 -0.93000
v 0.52520 1.03000 2.03000
v -0.39760 0.74000 1.76000
v -0.40930 0.74000 1.69000
v -0.41370 0.74000 1.66000
v 0.95240 3.14000 -1.53000
v -1.85110 1.93000 -0.54000
v 1.87060 2.05000 1.57000
v 2.03760 2.22000 1.34000
v 1.94720 2.44000 1.57000
v 0.88240 1.03000 1.92000
v 0.00830 4.25000 -1.46000
v 1.70340 1.75000 -0.87000
v 1.79520 1.76000 -1.00000
v 1.81430 1.79000 1.16000
v -1.59170 1.79000 1.16000
v 0.70200 4.19000 1.20000
v -0.32470 0.79000 -1.59000
v -0.25860 0.79000 -1.62000
v -1.63710 1.67000 0.55000
v -1.85200 1.67000 0.71000
v 2.03760 2.39000 1.41000
v -0.12540 0.74000 1.73000
v 0.89770 4.18000 1.07000
v 0.21420 4.25000 -1.46000
v -0.53430 4.16000 -1.03000
v -1.63710 1.67000 -0.34000
v 0.11130 2.59000 -2.07000
v 0.87090 3.13000 -1.56000
v -1.85110 2.21000 -0.49000
v 1.74450 2.62000 1.22000
v 1.73230 2.62000 1.19000
v 1.29370 2.11000 1.69000
v 2.03760 2.31000 1.36000
v -0.01080 2.53000 -2.04000
v 1.46490 2.07000 1.53000
v -0.05560 4.34000 1.53000
v -1.24230 2.07000 1.53000
v -1.07110 2.11000 1.69000
v 0.23340 2.53000 -2.04000
v -0.90620 0.81000 -1.27000
v -0.69730 4.27000 1.13000
v -0.41820 0.66000 -1.36000
v 0.27820 4.34000 1.53000
v -0.08590 0.57000 -1.35000
v -0.77310 4.18000 1.14000
v -0.38660 4.15000 -1.10000
v -1.85110 2.56000 -0.31000
v -0.48850 4.22000 1.31000
v -0.49600 4.19000 1.25000
v 1.76470 2.60000 1.10000
v 0.66680 1.27000 2.19000
v -0.04830 2.27000 -2.00000
v -0.93510 2.75000 -1.43000
v -1.00110 2.76000 -1.47000
v 1.97370 2.44000 1.51000
v -0.30090 3.28000 1.79000
v 1.98100 1.55000 -0.42000
v 1.72920 3.34000 0.87000
v 1.68970 3.33000 0.87000
v 1.64220 3.46000 0.94000
v 0.86000 1.27000 2.12000
v -0.86110 4.05000 1.18000
v 0.27090 2.27000 -2.00000
v -0.28760 0.78000 1.77000
v -0.33740 0.78000 1.74000
v 0.11130 4.22000 -1.51000
v 0.07190 4.22000 -1.50000
v -0.19250 0.79000 -1.59000
v 0.15070 4.22000 -1.50000
v -1.85110 2.79000 -0.14000
v -0.22710 0.78000 1.76000
v -0.98490 1.08000 -1.46000
v -1.62580 1.38000 0.10000
v -0.64320 3.75000 1.52000
v -0.63980 3.76000 1.55000
v -0.72120 3.74000 1.51000
v -1.04050 0.89000 -1.20000
v 1.36780 2.48000 1.60000
v 1.73610 1.80000 1.27000
v -1.23790 2.46000 1.51000
v 1.46050 2.46000 1.51000
v -1.14520 2.48000 1.60000
v -0.08590 0.74000 -1.52000
v -0.88570 3.32000 -1.38000
v -0.85630 3.32000 -1.37000
v -0.79310 3.42000 -1.41000
v -1.51350 1.80000 1.27000
v -0.76450 2.71000 -1.60000
v -0.77040 2.71000 -1.57000
v -0.85050 0.97000 -1.40000
v -1.85110 3.01000 0.10000
v -0.41450 3.22000 1.77000
v 0.98300 2.84000 -1.60000
v -0.44910 4.11000 1.42000
v -0.46080 4.06000 1.33000
v -0.04830 2.45000 -2.00000
v -0.18180 3.24000 1.82000
v 1.87850 1.56000 -0.46000
v 2.01410 1.72000 -0.32000
v 1.86470 1.73000 -0.37000
v 1.79660 3.22000 0.82000
v 1.71660 3.21000 0.83000
v 1.67140 2.69000 1.30000
v 1.64330 2.67000 1.21000
v -1.85200 2.78000 0.34000
v -1.78620 2.78000 0.29000
v 1.80450 2.77000 0.84000
v 1.93340 2.80000 0.84000
v 0.27090 2.45000 -2.00000
v 0.68550 0.92000 1.92000
v -1.62580 1.93000 -0.36000
v 1.69590 1.91000 -0.87000
v 1.79250 1.91000 -1.01000
v -0.06140 2.36000 -1.99000
v -0.66710 4.26000 1.12000
v 1.04700 2.89000 -1.56000
v -0.60240 3.10000 -1.59000
v -0.65790 3.24000 -1.52000
v -0.71250 3.33000 -1.47000
v 0.11130 4.51000 1.29000
v -0.04290 4.42000 1.37000
v 1.77520 1.57000 -0.63000
v 0.28400 2.36000 -1.99000
v -1.62580 1.93000 0.57000
v -1.85200 1.93000 0.74000
v 1.77080 2.48000 -0.92000
v -0.30090 2.86000 1.91000
v 1.55290 3.10000 1.27000
v 1.57070 3.26000 1.16000
v -0.89780 3.95000 1.23000
v -0.82750 2.70000 -1.52000
v -1.54820 2.48000 -0.92000
v 1.59590 3.36000 1.06000
v 0.88450 3.88000 1.37000
v 0.99040 3.88000 1.30000
v 1.87790 3.05000 0.79000
v 1.75450 3.03000 0.80000
v 0.26550 4.42000 1.37000
v 0.04740 4.29000 1.59000
v 0.11130 4.29000 1.62000
v 0.17520 4.29000 1.59000
v 1.81940 2.13000 1.57000
v -0.95300 3.23000 -1.37000
v -0.89340 3.22000 -1.34000
v 1.56410 2.97000 1.32000
v -0.59200 2.99000 -1.62000
v -0.37200 0.67000 1.53000
v 1.75490 2.78000 -0.89000
v 1.87060 2.39000 1.57000
v -1.53230 2.78000 -0.89000
v -1.59360 2.00000 1.19000
v 1.81620 2.00000 1.19000
v -1.64620 2.20000 -0.33000
v -0.71080 4.16000 1.13000
v 1.87120 2.40000 -0.76000
v 1.84310 2.39000 -0.72000
v 1.91520 2.53000 -0.62000
v 2.02170 1.87000 -0.30000
v -0.35210 0.79000 -1.52000
v 1.78100 2.90000 0.81000
v 1.91670 2.92000 0.80000
v -1.85200 2.55000 0.51000
v -1.71870 2.55000 0.41000
v -0.41440 2.90000 1.86000
v 1.91950 2.05000 1.46000
v 1.59680 2.84000 1.34000
v -0.18170 2.91000 1.91000
v 1.71610 2.06000 -0.85000
v 1.80390 2.07000 -0.97000
v 1.82160 1.83000 1.14000
v -0.68090 2.76000 -1.63000
v -0.69530 2.76000 -1.56000
v -1.59900 1.83000 1.14000
v 0.76340 1.29000 2.15000
v 1.80760 2.51000 -0.84000
v 0.90910 3.13000 -1.54000
v -1.58510 2.51000 -0.84000
v 1.71640 2.52000 -0.98000
v -1.64620 2.20000 0.54000
v -1.85200 2.20000 0.69000
v -1.71870 2.55000 -0.20000
v -0.10570 0.67000 1.59000
v 0.99050 3.11000 -1.51000
v -0.61040 2.89000 -1.64000
v 0.54340 1.13000 2.04000
v -0.57850 3.94000 -1.18000
v -1.49380 2.52000 -0.98000
v -1.78620 2.78000 -0.08000
v 1.83920 2.27000 -0.86000
v 1.78230 2.26000 -0.78000
v -0.44970 4.02000 1.48000
v -0.46250 3.97000 1.39000
v 0.68960 4.11000 1.25000
v 0.01620 4.30000 -1.36000
v -0.56380 3.78000 1.50000
v -0.55550 3.82000 1.56000
v 1.26010 2.19000 1.69000
v 1.77380 2.00000 1.25000
v 1.79540 2.74000 -0.82000
v -0.95640 2.86000 -1.36000
v -1.05240 2.87000 -1.41000
v -0.76440 4.01000 1.15000
v -1.57290 2.74000 -0.82000
v -1.09620 1.08000 -1.35000
v -1.55120 2.00000 1.25000
v 1.70420 2.75000 -0.96000
v 0.94530 4.11000 1.07000
v 0.89640 2.86000 -1.62000
v 2.01480 2.04000 -0.32000
v 0.87330 1.13000 1.93000
v -0.25860 0.57000 -1.28000
v -0.49860 3.93000 -1.22000
v -0.56770 4.11000 -1.04000
v -1.26120 2.14000 1.48000
v 0.20640 4.30000 -1.36000
v 1.48380 2.14000 1.48000
v -1.03750 2.19000 1.69000
v -1.48160 2.75000 -0.96000
v -0.90600 3.86000 1.29000
v -0.22250 0.59000 1.49000
v 1.58570 3.34000 1.02000
v -0.71990 3.32000 -1.44000
v -0.95350 2.96000 -1.33000
v -1.05460 2.98000 -1.38000
v -0.93620 3.07000 -1.32000
v -1.02820 3.09000 -1.37000
v 1.55680 2.81000 1.21000
v 1.98510 2.25000 -0.41000
v 0.11130 2.19000 -1.99000
v -0.44650 3.14000 1.76000
v -0.47730 3.93000 1.53000
v -0.48950 3.88000 1.44000
v 1.54760 3.23000 1.08000
v -0.67170 3.22000 -1.46000
v -0.14240 3.16000 1.83000
v 1.80150 2.22000 1.57000
v 1.40610 2.47000 1.55000
v -1.04050 1.10000 -1.40000
v 1.51560 3.06000 1.15000
v 1.05370 2.94000 -1.53000
v -0.62290 3.08000 -1.49000
v -0.34760 0.78000 1.68000
v -0.37470 4.10000 -1.13000
v -1.18350 2.47000 1.55000
v 1.81940 2.31000 1.57000
v 0.83990 3.08000 -1.57000
v 1.95660 2.39000 -0.50000
v -0.79900 3.73000 1.46000
v -0.76890 3.73000 1.45000
v 1.30960 2.44000 1.63000
v 0.05560 4.22000 -1.46000
v -1.25820 2.40000 1.47000
v -0.63150 2.87000 -1.53000
v 1.48080 2.40000 1.47000
v -1.08700 2.44000 1.63000
v 0.11130 4.35000 -1.31000
v -0.19160 0.78000 1.71000
v 0.16700 4.22000 -1.46000
v -0.44650 2.96000 1.81000
v 1.86430 1.88000 -0.35000
v 1.52250 2.93000 1.19000
v -0.14240 2.98000 1.88000
v -0.38070 0.74000 -1.40000
v 1.82570 1.88000 1.13000
v 1.70330 2.65000 1.06000
v -1.60310 1.88000 1.13000
v 1.71940 1.84000 1.27000
v 1.02310 3.06000 -1.50000
v -0.61430 2.97000 -1.51000
v -0.89510 1.04000 -1.40000
v 1.25130 2.28000 1.68000
v -1.49680 1.84000 1.27000
v -0.69770 3.73000 1.47000
v -0.45770 3.05000 1.78000
v -1.27080 2.23000 1.45000
v 1.49340 2.23000 1.45000
v -1.02870 2.28000 1.68000
v -0.12860 3.07000 1.86000
v -0.80420 3.83000 1.26000
v -0.79110 3.92000 1.20000
v -1.04050 0.97000 -1.21000
v 1.80980 2.56000 -0.81000
v -1.58720 2.56000 -0.81000
v 0.02100 4.29000 1.53000
v 0.70610 4.03000 1.30000
v 1.69060 2.57000 -0.99000
v 0.93200 3.87000 1.33000
v 1.04530 3.00000 -1.51000
v -0.09900 0.66000 -1.36000
v 0.20160 4.29000 1.53000
v -0.86680 3.77000 1.39000
v 1.82280 1.97000 1.16000
v 0.98290 4.03000 1.10000
v -1.60020 1.97000 1.16000
v 1.80320 2.69000 -0.80000
v 0.81160 3.91000 1.36000
v -1.58060 2.69000 -0.80000
v -0.79620 3.75000 1.36000
v 0.11130 2.53000 -1.99000
v -1.46810 2.57000 -0.99000
v -0.59140 4.06000 -1.06000
v 1.68400 2.70000 -0.98000
v 1.00730 3.91000 1.23000
v 1.87170 2.04000 -0.37000
v -0.16510 0.79000 -1.52000
v -1.46150 2.70000 -0.98000
v 1.26870 2.37000 1.66000
v 1.91950 2.39000 1.46000
v -0.89510 0.89000 -1.26000
v 0.59500 1.21000 2.07000
v 1.82620 1.93000 1.14000
v -1.60360 1.93000 1.14000
v 1.79010 2.00000 1.21000
v -1.26980 2.32000 1.45000
v 1.49240 2.32000 1.45000
v -1.56750 2.00000 1.21000
v 0.78970 4.17000 1.12000
v -1.04610 2.37000 1.66000
v 1.89240 2.24000 -0.44000
v 1.36440 2.09000 1.60000
v 0.85700 2.91000 -1.61000
v 0.84750 1.21000 1.99000
v -0.59720 3.96000 -1.13000
v -1.14180 2.09000 1.60000
v 1.91090 2.38000 -0.51000
v 1.80830 2.62000 -0.79000
v -1.58570 2.62000 -0.79000
v 1.76620 1.79000 1.21000
v 1.67930 2.63000 -0.99000
v -1.54360 1.79000 1.21000
v -0.53580 3.93000 -1.19000
v 0.74890 3.96000 1.34000
v -0.00670 4.34000 1.41000
v -0.45540 4.15000 -1.05000
v 1.00460 3.96000 1.16000
v -1.45670 2.63000 -0.99000
v -0.25860 0.81000 -1.52000
v -0.34800 0.74000 1.57000
v -0.80070 2.74000 -1.47000
v -0.38250 4.04000 -1.16000
v 0.22930 4.34000 1.41000
v 0.82640 3.02000 -1.58000
v -1.53060 1.67000 0.10000
v -0.60170 4.00000 -1.09000
v -0.44950 3.95000 -1.20000
v 0.67230 1.27000 2.11000
v 1.74460 1.98000 1.26000
v -0.29320 3.22000 1.77000
v 0.80890 1.27000 2.06000
v -0.26960 0.80000 1.69000
v 1.90820 2.39000 1.48000
v 1.87760 2.39000 1.56000
v 1.71510 1.89000 1.28000
v -0.14410 0.74000 1.62000
v -0.59220 4.26000 1.15000
v -1.52200 1.98000 1.26000
v 1.88330 2.13000 1.42000
v 0.03850 4.25000 -1.39000
v 0.11130 4.21000 -1.46000
v 0.11130 4.42000 1.31000
v -1.49250 1.89000 1.28000
v -0.96180 1.08000 -1.40000
v 0.67910 1.03000 1.90000
v 0.83240 2.96000 -1.59000
v 0.18410 4.25000 -1.39000
v 1.61980 3.33000 0.94000
v -0.29310 2.90000 1.86000
v -0.40870 3.99000 -1.18000
v 0.11130 4.27000 1.53000
v 0.96710 2.87000 -1.58000
v -1.74160 2.78000 0.10000
v 1.63800 2.78000 1.00000
v -0.58910 4.16000 1.17000
v -0.32470 0.79000 -1.46000
v 1.72400 1.94000 1.27000
v -1.04050 1.04000 -1.26000
v -0.25860 0.66000 -1.30000
v -1.50140 1.94000 1.27000
v 1.74990 2.51000 -0.90000
v 0.11130 2.27000 -1.94000
v -1.51470 1.93000 0.10000
v -1.52730 2.51000 -0.90000
v 1.72480 1.74000 -0.60000
v 1.71820 1.89000 -0.59000
v -0.22610 0.67000 1.51000
v -1.64610 2.55000 0.10000
v 1.73770 2.74000 -0.88000
v -1.04050 1.08000 -1.32000
v 0.73110 1.27000 2.06000
v 1.60300 3.21000 0.94000
v 1.35250 2.16000 1.57000
v -1.51510 2.74000 -0.88000
v -0.76910 3.21000 -1.37000
v -0.77980 3.31000 -1.39000
v 0.91060 3.09000 -1.53000
v -1.12990 2.16000 1.57000
v -0.66450 3.75000 1.41000
v 0.80420 4.10000 1.14000
v -0.28800 3.14000 1.77000
v -1.54350 2.20000 0.10000
v 1.85210 2.39000 -0.61000
v 1.75860 1.83000 1.20000
v -0.13650 0.74000 -1.40000
v -0.59240 4.02000 1.21000
v 1.60730 2.90000 0.97000
v 1.88330 2.31000 1.42000
v -1.53610 1.83000 1.20000
v 1.38030 2.42000 1.54000
v 1.59400 3.03000 0.95000
v -0.31200 0.78000 1.63000
v 0.11130 2.45000 -1.94000
v -0.28800 2.97000 1.82000
v -1.15770 2.42000 1.54000
v 0.11130 4.30000 -1.32000
v -0.46470 4.09000 -1.07000
v -0.77420 2.85000 -1.41000
v 0.04740 4.29000 1.46000
v -0.98490 1.08000 -1.35000
v -0.20170 0.78000 1.65000
v -0.28620 3.05000 1.79000
v 0.17520 4.29000 1.46000
v 1.87060 2.22000 1.41000
v 0.07190 4.22000 -1.42000
v 1.35130 2.25000 1.54000
v 0.15070 4.22000 -1.42000
v -0.90620 0.97000 -1.27000
v -1.12870 2.25000 1.54000
v -0.76050 3.07000 -1.37000
v 0.94930 2.92000 -1.55000
v -0.76330 2.96000 -1.38000
v 0.89930 3.89000 1.28000
v 1.73430 2.56000 -0.89000
v 0.83010 4.02000 1.18000
v 1.79690 2.25000 -0.60000
v 1.36110 2.34000 1.53000
v 1.75760 1.88000 1.20000
v 1.72770 2.69000 -0.88000
v -1.51170 2.56000 -0.89000
v 0.91870 3.04000 -1.52000
v -0.60490 3.92000 1.26000
v 1.73670 2.05000 -0.59000
v -1.13850 2.34000 1.53000
v -1.53500 1.88000 1.20000
v 1.77470 1.97000 1.20000
v -1.50510 2.69000 -0.88000
v -1.55210 1.97000 1.20000
v -0.19250 0.79000 -1.46000
v 0.93230 2.97000 -1.53000
v 0.11130 2.36000 -1.92000
v 1.72660 2.63000 -0.88000
v 1.83300 2.31000 1.54000
v 1.86500 2.31000 1.46000
v -0.47990 4.04000 -1.09000
v 0.86350 3.95000 1.23000
v -1.50400 2.63000 -0.88000
v 0.11130 4.34000 1.36000
v 1.76320 1.93000 1.20000
v 0.68550 1.13000 1.92000
v -0.62590 3.83000 1.32000
v -1.54060 1.93000 1.20000
v -0.51840 3.95000 -1.16000
v -0.25860 0.79000 -1.43000
v -0.25160 0.78000 1.62000
v -0.25860 0.74000 -1.35000
v -0.49870 3.99000 -1.12000
v 0.11130 4.22000 -1.40000
v 0.11130 4.29000 1.44000
v -0.23630 0.74000 1.55000
v 0.70380 1.21000 1.98000
v -0.93770 1.04000 -1.30000
v 0.11130 4.25000 -1.35000
vt 0.59498 0.60069
vt 0.59545 0.60035
vt 0.59391 0.60136
vt 0.59305 0.60198
vt 0.59287 0.60309
vt 0.59176 0.60389
vt 0.59674 0.60106
vt 0.59986 0.60127
vt 0.60067 0.60298
vt 0.59657 0.60271
vt 0.60142 0.60186
vt 0.60270 0.60373
vt 0.59583 0.60101
vt 0.59464 0.60256
vt 0.59982 0.60960
vt 0.60138 0.61014
vt 0.59944 0.61144
vt 0.59860 0.61115
vt 0.59697 0.60018
vt 0.59866 0.60030
vt 0.60048 0.61071
vt 0.59896 0.61174
vt 0.59950 0.60062
vt 0.59299 0.61026
vt 0.59385 0.60968
vt 0.59537 0.61120
vt 0.59490 0.61150
vt 0.59458 0.61079
vt 0.59576 0.61179
vt 0.60151 0.60453
vt 0.59785 0.60490
vt 0.59789 0.60720
vt 0.60185 0.60681
vt 0.65972 0.61618
vt 0.65684 0.61750
vt 0.65391 0.61756
vt 0.65383 0.61636
vt 0.65131 0.61748
vt 0.64814 0.61606
vt 0.65372 0.61136
vt 0.66179 0.61118
vt 0.59724 0.60021
vt 0.59717 0.61192
vt 0.58989 0.60151
vt 0.58985 0.60162
vt 0.59128 0.60134
vt 0.59032 0.60143
vt 0.59103 0.60139
vt 0.59181 0.60140
vt 0.58932 0.60732
vt 0.59040 0.60729
vt 0.59029 0.60796
vt 0.59143 0.60733
vt 0.59244 0.60146
vt 0.59212 0.60744
vt 0.59384 0.60464
vt 0.59274 0.60156
vt 0.59228 0.60756
vt 0.58610 0.60576
vt 0.58415 0.60712
vt 0.58460 0.60563
vt 0.59192 0.60768
vt 0.59783 0.60933
vt 0.60149 0.60897
vt 0.59116 0.60776
vt 0.64595 0.61105
vt 0.65370 0.60664
vt 0.66214 0.60651
vt 0.58583 0.61061
vt 0.58813 0.60927
vt 0.58830 0.61060
vt 0.58846 0.60236
vt 0.58850 0.60218
vt 0.58792 0.61153
vt 0.58695 0.61162
vt 0.58933 0.60203
vt 0.60094 0.60517
vt 0.59650 0.60488
vt 0.59172 0.60837
vt 0.59283 0.60761
vt 0.59076 0.60195
vt 0.59380 0.60908
vt 0.60653 0.61392
vt 0.59491 0.61944
vt 0.59494 0.61371
vt 0.60595 0.61004
vt 0.60314 0.60597
vt 0.61765 0.60174
vt 0.59235 0.60198
vt 0.59249 0.60529
vt 0.59129 0.60614
vt 0.58286 0.61575
vt 0.58447 0.61190
vt 0.59360 0.60210
vt 0.59354 0.60692
vt 0.57138 0.60520
vt 0.59416 0.60227
vt 0.58936 0.60310
vt 0.58719 0.60352
vt 0.60064 0.60750
vt 0.60267 0.60822
vt 0.58718 0.60331
vt 0.58717 0.60332
vt 0.59049 0.60306
vt 0.59072 0.60585
vt 0.59111 0.60590
vt 0.59109 0.60596
vt 0.59072 0.60588
vt 0.58862 0.60346
vt 0.58835 0.60315
vt 0.58805 0.60367
vt 0.64470 0.59835
vt 0.64503 0.59825
vt 0.64487 0.59830
vt 0.59117 0.61084
vt 0.59131 0.61074
vt 0.59110 0.61073
vt 0.64558 0.60642
vt 0.65373 0.60176
vt 0.66150 0.60169
vt 0.60052 0.60248
vt 0.59772 0.60277
vt 0.59690 0.61105
vt 0.59744 0.61189
vt 0.59212 0.60308
vt 0.59293 0.60321
vt 0.58834 0.60577
vt 0.59050 0.60569
vt 0.65122 0.59736
vt 0.65138 0.59731
vt 0.65154 0.59726
vt 0.59260 0.60581
vt 0.59358 0.61071
vt 0.59426 0.61044
vt 0.59425 0.61031
vt 0.59121 0.61058
vt 0.59334 0.61135
vt 0.59372 0.61077
vt 0.64339 0.59846
vt 0.64300 0.59899
vt 0.64271 0.59938
vt 0.58680 0.60396
vt 0.58598 0.60486
vt 0.58604 0.60496
vt 0.58688 0.60478
vt 0.59349 0.61139
vt 0.59147 0.61137
vt 0.64951 0.59800
vt 0.64990 0.59747
vt 0.64923 0.59839
vt 0.59389 0.60609
vt 0.59133 0.61147
vt 0.64402 0.59892
vt 0.64349 0.59822
vt 0.64349 0.59823
vt 0.58963 0.60403
vt 0.65000 0.59723
vt 0.65000 0.59724
vt 0.59474 0.60322
vt 0.64575 0.59856
vt 0.52945 0.59245
vt 0.52973 0.59199
vt 0.52932 0.59269
vt 0.59408 0.60642
vt 0.59044 0.61108
vt 0.59034 0.60594
vt 0.59033 0.60591
vt 0.59037 0.61121
vt 0.65053 0.59793
vt 0.64619 0.59861
vt 0.59032 0.60409
vt 0.59516 0.60320
vt 0.59521 0.60334
vt 0.59394 0.61059
vt 0.59360 0.61060
vt 0.59395 0.61044
vt 0.59359 0.61045
vt 0.52991 0.59161
vt 0.53112 0.59256
vt 0.53145 0.59252
vt 0.53156 0.59188
vt 0.59525 0.60321
vt 0.59018 0.61114
vt 0.59315 0.61077
vt 0.59331 0.60670
vt 0.59303 0.61064
vt 0.53000 0.59195
vt 0.65226 0.59758
vt 0.59814 0.61057
vt 0.59635 0.60982
vt 0.59535 0.60701
vt 0.59967 0.60930
vt 0.64744 0.59823
vt 0.64790 0.59859
vt 0.64624 0.60166
vt 0.64859 0.59557
vt 0.65383 0.59553
vt 0.65723 0.59156
vt 0.65926 0.59556
vt 0.65393 0.59154
vt 0.53181 0.59155
vt 0.53251 0.59153
vt 0.53209 0.59177
vt 0.65270 0.59762
vt 0.59188 0.60688
vt 0.59121 0.60359
vt 0.59030 0.61111
vt 0.59039 0.61097
vt 0.59074 0.61063
vt 0.59088 0.61044
vt 0.59064 0.61085
vt 0.59078 0.61066
vt 0.64658 0.59835
vt 0.64697 0.59809
vt 0.53191 0.59118
vt 0.53134 0.59157
vt 0.53209 0.59120
vt 0.53140 0.59186
vt 0.53027 0.59202
vt 0.59006 0.61131
vt 0.59527 0.60323
vt 0.60061 0.60681
vt 0.59565 0.59935
vt 0.60102 0.60225
vt 0.59783 0.59717
vt 0.60032 0.59880
vt 0.65404 0.58764
vt 0.65073 0.59159
vt 0.65002 0.59164
vt 0.59057 0.61190
vt 0.59066 0.61142
vt 0.59082 0.61134
vt 0.52977 0.59236
vt 0.65395 0.59724
vt 0.65442 0.59760
vt 0.59364 0.60218
vt 0.59178 0.60207
vt 0.59215 0.60113
vt 0.59357 0.60120
vt 0.59576 0.60479
vt 0.59390 0.60402
vt 0.59448 0.60473
vt 0.59505 0.60517
vt 0.64809 0.59817
vt 0.64822 0.59828
vt 0.53012 0.59246
vt 0.65309 0.59736
vt 0.65348 0.59710
vt 0.64818 0.59824
vt 0.59226 0.61143
vt 0.64824 0.59895
vt 0.65469 0.59725
vt 0.65460 0.59718
vt 0.65473 0.59729
vt 0.66359 0.59565
vt 0.66335 0.59601
vt 0.66340 0.59599
vt 0.58996 0.60613
vt 0.58998 0.60616
vt 0.53599 0.59109
vt 0.53636 0.59094
vt 0.53640 0.59137
vt 0.65475 0.59796
vt 0.59238 0.61157
vt 0.59126 0.61216
vt 0.64827 0.59836
vt 0.53580 0.59161
vt 0.53621 0.59186
vt 0.53016 0.47934
vt 0.52609 0.47973
vt 0.52145 0.47549
vt 0.53175 0.47547
vt 0.59527 0.60356
vt 0.59532 0.60204
vt 0.59486 0.60111
vt 0.59148 0.60612
vt 0.59144 0.60618
vt 0.59178 0.60663
vt 0.59172 0.60665
vt 0.65710 0.61818
vt 0.65797 0.61832
vt 0.65406 0.61882
vt 0.66837 0.59626
vt 0.66792 0.59561
vt 0.66749 0.59621
vt 0.65478 0.59737
vt 0.51718 0.46788
vt 0.53103 0.46990
vt 0.59044 0.61203
vt 0.51442 0.46095
vt 0.52727 0.46102
vt 0.51631 0.45474
vt 0.52256 0.45529
vt 0.64876 0.59899
vt 0.59750 0.60112
vt 0.59902 0.60096
vt 0.53273 0.59217
vt 0.59668 0.60941
vt 0.59081 0.61225
vt 0.53231 0.59248
vt 0.66520 0.59709
vt 0.66672 0.59622
vt 0.66740 0.59559
vt 0.66766 0.59549
vt 0.53497 0.59221
vt 0.53527 0.59258
vt 0.65527 0.59800
vt 0.59366 0.60325
vt 0.59164 0.60313
vt 0.59270 0.60045
vt 0.59347 0.60049
vt 0.59120 0.61197
vt 0.66372 0.59643
vt 0.66447 0.59583
vt 0.66468 0.59676
vt 0.59185 0.61200
vt 0.59767 0.61097
vt 0.59483 0.60491
vt 0.59355 0.60502
vt 0.59363 0.60425
vt 0.59531 0.60411
vt 0.53656 0.59129
vt 0.64848 0.59919
vt 0.64359 0.59954
vt 0.59416 0.60044
vt 0.59548 0.60310
vt 0.67320 0.59704
vt 0.67365 0.59627
vt 0.67320 0.59590
vt 0.58744 0.60337
vt 0.59061 0.60320
vt 0.66972 0.59718
vt 0.59306 0.61184
vt 0.59365 0.60346
vt 0.64298 0.59947
vt 0.58571 0.60640
vt 0.58587 0.60584
vt 0.59230 0.61215
vt 0.59317 0.61196
vt 0.59176 0.61214
vt 0.67282 0.59708
vt 0.67291 0.59626
vt 0.64949 0.59848
vt 0.64311 0.59976
vt 0.58628 0.60598
vt 0.59541 0.60402
vt 0.64962 0.59877
vt 0.59478 0.60558
vt 0.59465 0.60505
vt 0.53171 0.59172
vt 0.53387 0.59282
vt 0.67497 0.59695
vt 0.65010 0.59855
vt 0.59555 0.60465
vt 0.59176 0.60414
vt 0.59412 0.60538
vt 0.59344 0.60544
vt 0.58207 0.61558
vt 0.58929 0.61598
vt 0.58279 0.61877
vt 0.58704 0.61885
vt 0.58454 0.61243
vt 0.58866 0.61258
vt 0.52952 0.59349
vt 0.59213 0.60494
vt 0.67563 0.59838
vt 0.67547 0.59699
vt 0.67536 0.59835
vt 0.67516 0.59669
vt 0.67507 0.59610
vt 0.67213 0.59821
vt 0.67130 0.59940
vt 0.67122 0.59597
vt 0.67031 0.59818
vt 0.67319 0.59825
vt 0.59230 0.61232
vt 0.67508 0.59854
vt 0.53071 0.59343
vt 0.53091 0.59377
vt 0.52942 0.59385
vt 0.66297 0.59810
vt 0.66329 0.59688
vt 0.52975 0.59396
vt 0.59439 0.60517
vt 0.67513 0.59832
vt 0.65499 0.59820
vt 0.66576 0.59841
vt 0.66444 0.59822
vt 0.59077 0.61250
vt 0.66174 0.61603
vt 0.53385 0.59337
vt 0.59450 0.60962
vt 0.59628 0.60945
vt 0.59242 0.60548
vt 0.66357 0.59818
vt 0.58900 0.60245
vt 0.58651 0.59955
vt 0.66279 0.59814
vt 0.59267 0.60540
vt 0.67425 0.60407
vt 0.67318 0.60528
vt 0.67344 0.60426
vt 0.59187 0.60256
vt 0.59374 0.60093
vt 0.59095 0.60066
vt 0.66290 0.59669
vt 0.66735 0.59812
vt 0.67422 0.59936
vt 0.67129 0.60007
vt 0.59082 0.60074
vt 0.66292 0.59811
vt 0.64312 0.59814
vt 0.65093 0.60209
vt 0.64264 0.59860
vt 0.66765 0.59930
vt 0.66564 0.60420
vt 0.66755 0.60435
vt 0.66701 0.60541
vt 0.67422 0.60005
vt 0.59095 0.60064
vt 0.67120 0.59810
vt 0.67555 0.59933
vt 0.52976 0.59445
vt 0.67417 0.60081
vt 0.67126 0.60086
vt 0.66762 0.60001
vt 0.59466 0.60202
vt 0.59376 0.60090
vt 0.67100 0.60347
vt 0.67179 0.60541
vt 0.59620 0.60064
vt 0.67512 0.60230
vt 0.67406 0.60448
vt 0.66761 0.60080
vt 0.53385 0.59338
vt 0.67552 0.59995
vt 0.67547 0.60067
vt 0.66421 0.59799
vt 0.66467 0.59809
vt 0.66778 0.60437
vt 0.66917 0.60547
vt 0.66447 0.59923
vt 0.67387 0.60251
vt 0.67111 0.60261
vt 0.66766 0.60256
vt 0.67039 0.59818
vt 0.59626 0.60304
vt 0.66503 0.60464
vt 0.66470 0.60237
vt 0.66467 0.61088
vt 0.66449 0.60065
vt 0.66448 0.59988
vt 0.67448 0.60306
vt 0.67523 0.59987
vt 0.67528 0.59927
vt 0.58966 0.60664
vt 0.58969 0.60665
vt 0.67517 0.60057
vt 0.67503 0.59981
vt 0.67506 0.59922
vt 0.67498 0.60050
vt 0.59622 0.60063
vt 0.67482 0.60213
vt 0.67468 0.60206
vt 0.66414 0.59810
vt 0.59521 0.60326
vt 0.59542 0.60390
vt 0.67278 0.60393
vt 0.66351 0.59979
vt 0.66348 0.60054
vt 0.66354 0.59916
vt 0.66284 0.59973
vt 0.66282 0.59911
vt 0.66286 0.60047
vt 0.67311 0.59968
vt 0.67314 0.59911
vt 0.67308 0.60034
vt 0.66364 0.60220
vt 0.66387 0.60316
vt 0.59650 0.60235
vt 0.66314 0.60212
vt 0.59256 0.60482
vt 0.67287 0.60184
vt 0.67221 0.60288
vt 0.59651 0.60233
vt 0.66388 0.60296
vt 0.66329 0.60188
vt 0.66401 0.60406
vt 0.67033 0.60022
vt 0.67104 0.60025
vt 0.67035 0.59957
vt 0.67122 0.59961
vt 0.67123 0.59905
vt 0.67025 0.60170
vt 0.66303 0.60030
vt 0.66301 0.59960
vt 0.66300 0.59901
vt 0.67037 0.59902
vt 0.66516 0.60624
vt 0.59654 0.60724
vt 0.67110 0.60399
vt 0.67014 0.60294
vt 0.66734 0.60017
vt 0.66734 0.59952
vt 0.66735 0.59897
vt 0.67155 0.60177
vt 0.66471 0.60020
vt 0.66470 0.59953
vt 0.66469 0.59897
vt 0.66739 0.60165
vt 0.66764 0.60417
vt 0.66485 0.60408
vt 0.66488 0.60171
vt 0.66516 0.60299
vt 0.59183 0.60708
vt 0.59178 0.60708
vt 0.59112 0.60851
vt 0.59114 0.60858
vt 0.59072 0.60897
vt 0.59072 0.60891
vt 0.59140 0.60812
vt 0.59144 0.60817
vt 0.65092 0.61811
vt 0.65396 0.61829
vt 0.65026 0.61791
vt 0.59085 0.60180
vt 0.59144 0.60093
vt 0.64661 0.61561
vt 0.64379 0.61057
vt 0.59520 0.60466
vt 0.59578 0.60380
vt 0.65817 0.59136
vt 0.66426 0.60150
vt 0.59600 0.60278
vt 0.64310 0.59842
vt 0.65233 0.60168
vt 0.65159 0.60240
vt 0.59170 0.60753
vt 0.59175 0.60755
vt 0.64332 0.60607
vt 0.59064 0.60282
vt 0.65253 0.60176
vt 0.58961 0.60709
vt 0.58964 0.60709
vt 0.64312 0.59820
vt 0.59576 0.60732
vt 0.59389 0.60750
vt 0.51802 0.49018
vt 0.51192 0.46948
vt 0.53081 0.46814
vt 0.53598 0.48910
vt 0.59580 0.60176
vt 0.59523 0.60090
vt 0.59084 0.60384
vt 0.64277 0.59852
vt 0.65367 0.60229
vt 0.65437 0.60173
vt 0.59231 0.60035
vt 0.65070 0.60261
vt 0.65094 0.60210
vt 0.66110 0.59541
vt 0.64719 0.59559
vt 0.65015 0.60248
vt 0.64947 0.60141
vt 0.64191 0.59854
vt 0.64417 0.60149
vt 0.65372 0.60162
vt 0.64963 0.60174
vt 0.65008 0.60210
vt 0.59433 0.60524
vt 0.59334 0.60014
vt 0.59142 0.60470
vt 0.59030 0.60858
vt 0.59031 0.60854
vt 0.65445 0.60231
vt 0.64225 0.59864
vt 0.65484 0.60224
vt 0.65507 0.60173
vt 0.64117 0.59876
vt 0.64246 0.59802
vt 0.59436 0.60033
vt 0.64296 0.59790
vt 0.64264 0.59804
vt 0.65012 0.60202
vt 0.64316 0.59799
vt 0.64257 0.59810
vt 0.59330 0.60546
vt 0.58969 0.60756
vt 0.58972 0.60754
vt 0.64242 0.59814
vt 0.59228 0.60527
vt 0.59000 0.60817
vt 0.59002 0.60814
vt 0.64262 0.59826
vt 0.64199 0.59838
vt 0.67219 0.60290
vt 0.67013 0.60296
vt 0.67336 0.60426
vt 0.66760 0.60436
vt 0.66706 0.60541
vt 0.64134 0.59749
vt 0.67311 0.60528
vt 0.66509 0.60464
vt 0.66567 0.60420
vt 0.67419 0.60406
vt 0.67399 0.60448
vt 0.66766 0.60417
vt 0.66520 0.60301
vt 0.66491 0.60409
vt 0.66394 0.60298
vt 0.67174 0.60541
vt 0.67273 0.60393
vt 0.67441 0.60307
vt 0.67107 0.60400
vt 0.67098 0.60348
vt 0.66918 0.60546
vt 0.66408 0.60406
vt 0.66393 0.60317
vt 0.65121 0.61746
vt 0.65039 0.61764
vt 0.65415 0.61854
vt 0.66780 0.60452
vt 0.66780 0.60455
vt 0.65800 0.61804
vt 0.65721 0.61753
vt 0.59253 0.60024
vt 0.59397 0.60023
vt 0.64883 0.61499
vt 0.64678 0.61537
vt 0.59394 0.60512
vt 0.65425 0.61737
vt 0.59250 0.60513
vt 0.66173 0.61578
vt 0.65978 0.61510
vt 0.59321 0.60019
vt 0.59035 0.60598
vt 0.59072 0.60592
vt 0.58999 0.60619
vt 0.64311 0.59818
vt 0.58971 0.60668
vt 0.59318 0.60507
vt 0.65015 0.59170
vt 0.65105 0.59174
vt 0.65412 0.58775
vt 0.58965 0.60711
vt 0.64703 0.60998
vt 0.64400 0.61039
vt 0.59447 0.60443
vt 0.59184 0.60073
vt 0.59450 0.60071
vt 0.66462 0.61070
vt 0.66172 0.61009
vt 0.58973 0.60756
vt 0.59182 0.60446
vt 0.59032 0.60855
vt 0.59072 0.60892
vt 0.59003 0.60815
vt 0.64736 0.59560
vt 0.64920 0.59561
vt 0.59108 0.60600
vt 0.65436 0.61483
vt 0.64437 0.60143
vt 0.64727 0.60129
vt 0.66510 0.60612
vt 0.66204 0.60573
vt 0.64673 0.60566
vt 0.64353 0.60596
vt 0.65734 0.59171
vt 0.65820 0.59142
vt 0.59140 0.60813
vt 0.59112 0.60852
vt 0.66422 0.60143
vt 0.66145 0.60132
vt 0.65934 0.59560
vt 0.66110 0.59542
vt 0.59482 0.60351
vt 0.59144 0.60621
vt 0.59169 0.60755
vt 0.59172 0.60668
vt 0.59139 0.60153
vt 0.59138 0.60354
vt 0.59484 0.60150
vt 0.59177 0.60711
vt 0.59495 0.60248
vt 0.59122 0.60251
vt 0.59310 0.60064
vt 0.59308 0.60435
vt 0.65444 0.60983
vt 0.65423 0.59176
vt 0.65432 0.59562
vt 0.65445 0.60555
vt 0.59301 0.60340
vt 0.59303 0.60140
vt 0.65442 0.60123
vt 0.59300 0.60237
vn -0.2205 -0.8110 -0.5433
vn -0.3228 -0.5276 -0.7874
vn -0.0630 -0.5276 0.8504
vn 0.5591 -0.5276 0.6457
vn 0.2205 -0.8110 -0.5433
vn -0.2205 0.8110 0.5433
vn -0.3386 -0.8110 0.4803
vn 0.2205 0.8110 0.5433
vn 0.0945 -0.8110 0.5748
vn -0.0394 -0.8110 0.5827
vn 0.3858 -0.8110 0.4409
vn -0.2205 0.8110 -0.5433
vn 0.2205 0.8110 -0.5433
vn 0.9055 -0.1811 0.3780
vn -0.7953 -0.4252 -0.4252
vn -0.7165 -0.6693 -0.2047
vn -0.7323 -0.6772 0.0000
vn -0.9213 -0.3937 0.0000
vn -0.7165 -0.6693 0.2047
vn -0.7874 -0.4409 0.4409
vn -0.9843 -0.1968 0.0000
vn -0.8661 -0.2047 -0.4488
vn -0.0787 -0.9764 -0.1968
vn -0.5433 -0.8110 -0.2205
vn -0.0787 0.9764 0.1968
vn 0.0787 0.9764 0.1968
vn -0.0394 -0.9843 -0.1575
vn -0.1102 -0.9843 -0.1102
vn 0.0394 -0.9843 -0.1575
vn -0.1575 -0.9843 -0.0394
vn 0.1102 -0.9843 -0.1102
vn -0.7874 -0.5276 -0.3228
vn -0.1575 -0.9843 0.0394
vn -0.0551 0.9764 -0.1968
vn 0.1575 -0.9843 -0.0394
vn 0.0551 0.9764 -0.1968
vn -0.1417 0.9764 -0.1417
vn -0.1102 -0.9843 0.1102
vn 0.1575 -0.9843 0.0394
vn 0.1417 0.9764 -0.1417
vn -0.1968 0.9764 -0.0551
vn 0.1102 -0.9843 0.1102
vn 0.3228 -0.5276 -0.7874
vn -0.0394 -0.9843 0.1575
vn 0.0394 -0.9843 0.1575
vn -0.1968 0.9764 0.0551
vn 0.1968 0.9764 -0.0551
vn -0.9528 -0.1654 0.2520
vn -0.9449 -0.2362 0.2205
vn -0.4961 -0.5276 0.6929
vn 0.1968 0.9764 0.0551
vn -0.1417 0.9764 0.1417
vn 0.9055 0.1811 0.3780
vn -0.0551 0.9764 0.1968
vn 0.1417 0.9764 0.1417
vn 0.0551 0.9764 0.1968
vn -0.8661 -0.2126 0.4567
vn -1.0000 0.0236 0.0000
vn -0.8819 0.0236 -0.4724
vn -0.9528 -0.1732 0.2520
vn -0.9528 -0.2047 0.2362
vn 0.0787 -0.9764 -0.1968
vn -0.1102 -0.8976 -0.4252
vn -0.9606 -0.1496 0.2283
vn 0.1417 -0.5276 0.8425
vn 0.1102 -0.8976 -0.4252
vn -0.3150 -0.8976 -0.3150
vn -0.3150 -0.8976 -0.3071
vn -0.0709 -0.1811 0.9843
vn -0.3228 0.5276 -0.7874
vn 0.3071 -0.8976 -0.3071
vn -0.4252 -0.8976 -0.1102
vn -0.4331 -0.8898 -0.1339
vn 0.3228 0.5276 -0.7874
vn -0.5433 -0.7795 -0.3071
vn -0.5748 -0.8189 0.0000
vn -0.4331 -0.8898 -0.1417
vn 0.6457 -0.1811 0.7402
vn 0.4252 -0.8976 -0.1102
vn -0.4252 -0.8976 0.1102
vn -0.3780 -0.1811 -0.9055
vn -0.1260 -0.9764 0.1732
vn 0.4252 -0.8976 0.1102
vn -0.4488 -0.8189 0.3465
vn -0.3071 -0.8976 0.3071
vn 0.3780 -0.1811 -0.9055
vn 0.0315 -0.9764 0.2047
vn 0.3071 -0.8976 0.3071
vn -0.1102 -0.8976 0.4252
vn -0.5512 -0.8189 -0.1732
vn -0.5591 -0.8032 -0.2047
vn -0.5591 -0.7953 -0.2205
vn 0.1102 -0.8976 0.4252
vn -0.1654 -0.7795 -0.6063
vn -0.1732 -0.7717 -0.6142
vn -0.3228 0.5276 0.7874
vn 0.1654 -0.7795 -0.6063
vn 0.1732 -0.7717 -0.6142
vn 0.3228 0.5276 0.7874
vn -0.6220 -0.7795 -0.0866
vn -0.6535 -0.7559 0.0157
vn -0.7323 -0.6299 0.2441
vn -0.5354 -0.7638 0.3543
vn -0.5354 -0.8425 0.0157
vn -0.5197 -0.8032 -0.2835
vn -0.5197 -0.7874 -0.3307
vn -0.5197 -0.7953 -0.3150
vn -0.5197 -0.7717 -0.3780
vn -0.3780 0.1811 -0.9055
vn -0.1968 -0.9764 -0.0787
vn -0.6535 -0.6850 -0.3228
vn -0.6693 -0.6693 -0.3307
vn -0.7008 -0.6299 -0.3307
vn -0.4724 -0.7638 -0.4331
vn -0.8740 0.0236 0.4803
vn -0.9764 0.1968 0.0000
vn -0.8583 0.2283 -0.4567
vn -0.4803 -0.7559 -0.4409
vn -0.4803 -0.7559 -0.4488
vn -0.4803 -0.7638 -0.4331
vn 0.4488 -0.7717 -0.4488
vn 0.7874 -0.5276 0.3228
vn -0.5827 -0.7480 -0.3150
vn 0.3780 0.1811 -0.9055
vn -0.1968 0.9764 0.0787
vn 0.1968 0.9764 0.0787
vn -0.5827 -0.7795 0.2362
vn -0.1417 0.8425 -0.5276
vn -0.5906 -0.7953 0.1575
vn -0.6063 -0.7795 0.1417
vn -0.6220 -0.7717 0.1260
vn 0.1417 0.8425 -0.5276
vn 0.7008 -0.6299 -0.3307
vn 0.6693 -0.6693 -0.3307
vn 0.6535 -0.6850 -0.3228
vn -0.3858 0.8425 -0.3858
vn -0.2126 -0.6457 -0.7323
vn -0.2362 -0.7008 -0.6772
vn -0.2441 -0.7087 -0.6614
vn -0.7087 -0.6220 -0.3386
vn 0.8268 -0.1575 -0.5433
vn 0.8268 -0.1496 -0.5433
vn 0.8346 -0.2205 -0.5118
vn -0.1102 -0.6142 -0.7795
vn -0.1811 -0.6378 -0.7480
vn -0.1890 -0.6378 -0.7480
vn -0.1811 -0.6063 -0.7717
vn -0.1575 -0.5827 -0.7953
vn -0.1260 -0.5591 -0.8189
vn 0.6142 -0.7717 -0.1654
vn -0.4803 -0.7323 -0.4882
vn -0.1890 -0.6457 -0.7402
vn -0.1968 -0.6299 -0.7480
vn -0.1968 -0.6378 -0.7402
vn -0.2047 -0.6299 -0.7480
vn -0.2205 -0.6457 -0.7323
vn 0.2047 -0.6220 -0.7559
vn 0.2126 -0.6457 -0.7323
vn 0.2362 -0.7008 -0.6772
vn 0.2441 -0.7087 -0.6614
vn -0.5354 -0.6378 -0.5512
vn -0.5354 -0.6299 -0.5591
vn -0.5354 -0.6299 -0.5669
vn -0.0945 -0.6063 -0.7874
vn -0.2047 -0.6220 -0.7559
vn -0.6457 -0.5748 -0.5039
vn -0.6693 -0.5512 -0.4961
vn 0.1890 -0.6457 -0.7402
vn 0.2047 -0.6378 -0.7480
vn 0.2205 -0.6299 -0.7480
vn 0.2126 -0.6299 -0.7480
vn 0.3858 0.8425 -0.3858
vn 0.0945 -0.6063 -0.7874
vn 0.1102 -0.6142 -0.7795
vn 0.1811 -0.6378 -0.7480
vn 0.1890 -0.6378 -0.7480
vn 0.1575 -0.5827 -0.7953
vn 0.1811 -0.6063 -0.7717
vn 0.1260 -0.5591 -0.8189
vn -0.5276 0.8425 -0.1417
vn 0.8268 -0.1890 -0.5276
vn 0.5827 -0.7795 0.2362
vn 0.5906 -0.7874 0.1732
vn 0.5984 -0.7795 0.1654
vn 0.6220 -0.7717 0.1260
vn 0.6063 -0.7795 0.1417
vn -0.6772 -0.5512 -0.4882
vn -0.6693 -0.5591 -0.4961
vn -0.6772 -0.5512 -0.4961
vn -0.2756 -0.7008 -0.6614
vn -0.2913 -0.6693 -0.6850
vn -0.2992 -0.6457 -0.7008
vn 0.7087 -0.6220 -0.3386
vn 0.0787 0.9764 -0.1968
vn -0.0787 0.9764 -0.1968
vn 0.5354 -0.6299 -0.5669
vn 0.5354 -0.6299 -0.5591
vn 0.5354 -0.6457 -0.5433
vn 0.5276 -0.6693 -0.5276
vn -0.7323 -0.6693 -0.1181
vn -0.7402 -0.6614 -0.1496
vn -0.7323 -0.6535 -0.1968
vn 0.2756 -0.7008 -0.6614
vn 0.2992 -0.6457 -0.7008
vn 0.2913 -0.6693 -0.6850
vn 0.5276 0.8425 -0.1417
vn -0.4488 -0.7717 0.4488
vn -0.7402 -0.6614 -0.1181
vn -0.7717 -0.6220 -0.1260
vn -0.7480 -0.6457 -0.1260
vn -0.7717 -0.4803 -0.4252
vn -0.7874 -0.4567 -0.4173
vn -0.7638 -0.4882 -0.4252
vn 0.8425 -0.1417 -0.5197
vn -0.5276 0.8425 0.1417
vn -0.7717 -0.6142 -0.1654
vn -0.7638 -0.6220 -0.1654
vn 0.6378 -0.5748 -0.5039
vn 0.6693 -0.5512 -0.4961
vn 0.6457 -0.5748 -0.5039
vn 0.6772 -0.5512 -0.4882
vn -0.5276 -0.7795 -0.3307
vn -0.5984 -0.7559 -0.2756
vn 0.6772 -0.5512 -0.4961
vn 0.6693 -0.5591 -0.4961
vn -0.7874 -0.6063 -0.1339
vn -0.7559 -0.6220 -0.2047
vn -0.8110 -0.5591 -0.1732
vn -0.7953 -0.5748 -0.1811
vn -0.8268 -0.5354 -0.1654
vn 0.7244 -0.6063 -0.3307
vn 0.6299 -0.7559 -0.1654
vn 0.6772 -0.6772 -0.2913
vn 0.7638 -0.6220 -0.1890
vn 0.7244 -0.6457 -0.2441
vn -0.7402 -0.6378 -0.2283
vn -0.1496 -0.7795 0.6063
vn -0.1654 -0.7717 0.6142
vn -0.1732 -0.7717 0.6142
vn -0.1654 -0.7874 0.5906
vn -0.1575 -0.7874 0.5984
vn -0.1417 -0.7717 0.6220
vn -0.7244 -0.6457 -0.2441
vn -0.7953 -0.4488 -0.4173
vn -0.2677 -0.5748 -0.7717
vn -0.2835 -0.5669 -0.7717
vn -0.3858 -0.5197 -0.7638
vn 0.4488 -0.7717 0.4488
vn -0.1575 -0.7638 0.6220
vn -0.1654 -0.7717 0.6220
vn -0.1417 -0.7638 0.6299
vn -0.8110 -0.5433 -0.2362
vn -0.7559 -0.6063 -0.2441
vn -0.7323 -0.6378 -0.2441
vn -0.1339 -0.7480 0.6457
vn -0.1575 -0.7638 0.6299
vn 0.5276 0.8425 0.1417
vn 0.1732 -0.7717 0.6142
vn 0.1654 -0.7717 0.6142
vn 0.1496 -0.7795 0.6063
vn 0.1417 -0.7717 0.6220
vn 0.1575 -0.7874 0.5984
vn 0.1575 -0.7874 0.5906
vn 0.3780 -0.1811 0.9055
vn -0.3858 0.8425 0.3858
vn -0.1339 -0.7480 0.6535
vn -0.8425 -0.4882 -0.2205
vn -0.8740 -0.4331 -0.2283
vn -0.8504 -0.4724 -0.2205
vn 0.1654 -0.7717 0.6220
vn 0.1575 -0.7638 0.6299
vn 0.1339 -0.7480 0.6457
vn 0.7402 -0.6614 -0.1181
vn 0.7480 -0.6535 -0.1260
vn 0.7717 -0.6220 -0.1260
vn 0.7638 -0.4882 -0.4252
vn 0.7874 -0.4567 -0.4173
vn 0.7717 -0.4803 -0.4252
vn 0.3858 -0.5197 -0.7638
vn 0.2835 -0.5669 -0.7717
vn 0.2677 -0.5748 -0.7717
vn 0.1575 -0.7638 0.6220
vn 0.1417 -0.7638 0.6299
vn 0.8819 -0.4488 0.1417
vn 0.8661 -0.3937 -0.2992
vn 0.9291 -0.1968 -0.3150
vn 0.9606 -0.2283 0.1496
vn 0.6063 -0.4173 -0.6850
vn 0.6772 -0.1890 -0.7087
vn 0.9528 0.0236 -0.3071
vn 0.9843 0.0079 0.1811
vn 0.7638 -0.6220 -0.1654
vn 0.7717 -0.6142 -0.1654
vn 0.1339 -0.7480 0.6535
vn -0.2362 0.8268 0.5039
vn -0.6142 -0.6142 0.4961
vn -0.5906 -0.6220 0.5197
vn -0.6772 -0.5984 0.4331
vn 0.7874 -0.6063 -0.1339
vn -0.4409 0.6772 0.5827
vn 0.0236 0.7087 0.7087
vn 0.0157 0.7953 0.6063
vn -0.4094 0.7638 0.5039
vn -0.6378 0.7559 0.1654
vn -0.7008 0.6850 0.2047
vn -0.3780 0.8110 0.4409
vn -0.7087 -0.5669 0.4173
vn 0.3858 0.8425 0.3858
vn 0.7559 -0.6220 -0.2047
vn 0.7953 -0.5748 -0.1811
vn 0.8110 -0.5591 -0.1732
vn 0.8268 -0.5354 -0.1654
vn -0.1417 0.8425 0.5276
vn -0.7559 -0.6220 0.2047
vn -0.7480 -0.6299 0.2047
vn -0.7402 -0.6378 0.2126
vn -0.7559 -0.6220 0.2205
vn -0.7795 -0.5827 0.2362
vn -0.7402 -0.6299 0.2126
vn -0.7717 -0.5984 0.2047
vn -0.7874 -0.5827 0.2047
vn -0.7480 -0.6457 0.1811
vn -0.7402 -0.6535 0.1732
vn -0.7323 -0.6693 0.1339
vn -0.7559 -0.6378 0.1339
vn -0.7638 -0.6299 0.1339
vn -0.7087 -0.5669 0.4252
vn 0.7559 -0.6063 -0.2441
vn 0.8032 -0.5433 -0.2362
vn 0.7323 -0.6378 -0.2441
vn -0.7795 -0.5984 0.1890
vn -0.8032 -0.5591 0.1968
vn -0.8504 -0.4724 0.2205
vn 0.1417 0.8425 0.5276
vn 0.7087 -0.5669 0.4252
vn 0.6614 -0.6378 0.3937
vn 0.6299 -0.6772 0.3780
vn 0.5591 -0.7559 0.3386
vn 0.7953 -0.4488 -0.4173
vn -0.8189 -0.5197 -0.2362
vn -0.7953 -0.5748 0.2047
vn -0.7008 -0.7087 0.0866
vn -0.2047 0.8032 0.5669
vn -0.2047 0.7953 0.5748
vn -0.2047 0.7953 0.5669
vn -0.8110 -0.5669 0.1417
vn -0.2520 0.9449 0.1968
vn 0.0157 0.8583 0.5197
vn 0.3858 0.8110 0.4331
vn -0.7008 -0.5669 0.4331
vn -0.5827 -0.6457 0.4882
vn -0.5512 -0.6693 0.4961
vn -0.8819 -0.4173 -0.2283
vn 0.6772 -0.5984 0.4331
vn 0.5906 -0.6142 0.5197
vn 0.6142 -0.6142 0.4961
vn -0.4016 0.7323 -0.5512
vn -0.5512 -0.6614 0.5039
vn -0.5433 -0.6693 0.5039
vn -0.8898 -0.4094 -0.2047
vn -0.8898 -0.4016 -0.1968
vn -0.8898 -0.4016 -0.2047
vn -0.6220 -0.5197 0.5906
vn 0.6850 0.0551 -0.7244
vn -0.1811 -0.6772 0.7087
vn -0.1968 -0.6693 0.7165
vn -0.1575 -0.6693 0.7244
vn 0.7402 -0.6378 0.2126
vn 0.7480 -0.6299 0.2047
vn 0.7559 -0.6220 0.2047
vn 0.7402 -0.6299 0.2126
vn 0.7795 -0.5827 0.2362
vn 0.7559 -0.6220 0.2205
vn 0.7874 -0.5827 0.2047
vn 0.7717 -0.5984 0.2047
vn 0.7402 -0.6535 0.1732
vn 0.7480 -0.6457 0.1811
vn 0.7638 -0.6299 0.1339
vn 0.7559 -0.6378 0.1339
vn 0.7323 -0.6693 0.1339
vn -0.7559 -0.6457 0.0787
vn -0.1024 -0.6614 0.7402
vn -0.1732 -0.6693 0.7244
vn -0.5512 -0.6220 0.5512
vn -0.7874 -0.5748 0.2362
vn -0.2520 -0.6614 0.7087
vn -0.2047 -0.6299 0.7480
vn -0.2520 -0.6693 0.7008
vn -0.6535 -0.5118 0.5591
vn -0.6299 -0.5433 0.5591
vn -0.8661 -0.4567 0.2205
vn 0.7008 -0.7087 0.0866
vn 0.1024 -0.6614 0.7402
vn 0.1732 -0.6693 0.7244
vn 0.1575 -0.6693 0.7244
vn 0.1811 -0.6772 0.7087
vn 0.1968 -0.6693 0.7165
vn 0.8425 -0.4882 -0.2205
vn 0.8504 -0.4724 -0.2205
vn 0.8740 -0.4331 -0.2283
vn 0.8819 -0.4173 -0.2283
vn 0.5512 -0.6614 0.5039
vn 0.5433 -0.6693 0.5039
vn 0.8189 -0.5197 -0.2362
vn 0.5827 -0.6457 0.4882
vn 0.7008 -0.5669 0.4331
vn 0.5512 -0.6693 0.4961
vn 0.7953 -0.5748 0.2047
vn 0.2520 -0.6693 0.7008
vn 0.2047 -0.6299 0.7480
vn 0.2520 -0.6614 0.7087
vn 0.8268 -0.5197 0.1968
vn -0.5669 -0.5669 -0.5984
vn -0.5433 -0.4961 -0.6772
vn 0.8110 -0.5669 0.1417
vn -0.8268 0.4252 0.3701
vn -0.4803 0.5433 0.6929
vn -0.7717 0.5827 0.2598
vn -0.0079 0.5433 0.8346
vn 0.8661 -0.4567 0.2205
vn 0.8032 -0.5591 0.1968
vn 0.8504 -0.4724 0.2205
vn 0.7795 -0.5984 0.1890
vn -0.2047 -0.9764 0.0315
vn 0.5354 -0.8189 -0.2126
vn 0.3071 -0.8032 -0.5118
vn 0.6063 -0.6535 -0.4488
vn 0.6850 -0.6772 -0.2598
vn 0.5512 -0.6220 0.5512
vn -0.1811 -0.6220 0.7638
vn -0.1968 -0.6299 0.7480
vn -0.2126 -0.6299 0.7480
vn 0.6299 -0.5433 0.5591
vn 0.6535 -0.5118 0.5591
vn 0.7559 -0.6457 0.0787
vn -0.2047 -0.6220 0.7559
vn -0.1339 -0.5591 0.8189
vn -0.1968 -0.6220 0.7638
vn -0.1890 -0.6142 0.7638
vn -0.1890 -0.6220 0.7638
vn 0.8898 -0.4094 -0.2047
vn 0.8898 -0.4016 -0.2047
vn -0.5591 0.7480 0.3543
vn -0.1811 -0.6299 0.7480
vn -0.1811 -0.6378 0.7480
vn 0.7874 -0.5748 0.2362
vn 0.1811 -0.6220 0.7638
vn 0.2126 -0.6299 0.7480
vn -0.0945 0.7087 -0.7008
vn -0.7480 -0.4646 0.4803
vn -0.5591 -0.4803 0.6772
vn -0.7008 -0.2520 0.6693
vn -0.5906 -0.2126 0.7795
vn -0.2362 -0.4409 0.8661
vn -0.2362 -0.6220 0.7480
vn -0.2205 -0.5669 0.7953
vn 0.1811 -0.6378 0.7480
vn 0.1811 -0.6299 0.7480
vn 0.2047 -0.6220 0.7559
vn 0.1890 -0.6220 0.7638
vn 0.1890 -0.6142 0.7638
vn -0.5906 0.7008 0.4016
vn -0.5906 0.6929 0.4016
vn -0.7244 -0.5433 0.4173
vn -0.5984 0.6929 0.4016
vn -0.1654 -0.5276 0.8346
vn -0.2283 -0.5669 0.7953
vn -0.2598 -0.5748 0.7717
vn 0.1968 -0.9764 -0.0787
vn 0.1732 -0.9764 0.1260
vn -0.7087 -0.4409 0.5512
vn -0.6850 -0.4488 0.5748
vn -0.7008 -0.4331 0.5669
vn -0.6929 -0.4409 0.5669
vn -0.5433 0.8110 0.2205
vn -0.7953 -0.2126 0.5669
vn -0.7402 -0.3622 0.5669
vn -0.7087 -0.4252 0.5669
vn -0.7008 -0.4252 0.5669
vn 0.2283 -0.5118 0.8268
vn 0.2205 -0.5984 0.7717
vn 0.2205 -0.5433 0.8110
vn 0.2362 -0.6220 0.7480
vn 0.2756 -0.5984 0.7480
vn 0.1890 -0.5118 0.8346
vn 0.2047 -0.5276 0.8268
vn 0.2520 -0.5591 0.7953
vn 0.2598 -0.5669 0.7874
vn 0.1496 -0.5433 0.8268
vn 0.1811 -0.5591 0.8110
vn 0.2205 -0.5827 0.7795
vn 0.2441 -0.5906 0.7638
vn -0.4646 0.5827 -0.6614
vn -0.8583 0.2362 0.4646
vn -0.9528 0.3150 0.0000
vn -0.8425 0.3543 -0.4094
vn -0.8346 0.3622 0.4173
vn -0.8189 0.4409 -0.3701
vn -0.9213 0.3937 0.0000
vn -0.9370 0.2835 -0.2205
vn -0.9370 0.2756 -0.2205
vn -0.2677 0.8976 -0.3543
vn 0.1968 -0.6220 0.7638
vn 0.1339 -0.5591 0.8189
vn 0.1260 -0.5512 0.8268
vn 0.9449 -0.1732 -0.2756
vn 0.8976 -0.3386 -0.2835
vn 0.9449 -0.1732 -0.2677
vn -0.6220 -0.2756 -0.7323
vn -0.6929 -0.1968 -0.7008
vn -0.6142 -0.2835 -0.7323
vn 0.7244 -0.5433 0.4173
vn -0.9370 0.2835 -0.2126
vn 0.3780 0.1811 0.9055
vn 0.5433 0.8110 0.2205
vn 0.7087 -0.4409 0.5512
vn -0.8425 -0.3071 0.4488
vn -0.2756 -0.5984 0.7480
vn -0.1732 -0.3937 0.9055
vn -0.2913 -0.4961 0.8189
vn -0.3228 -0.5118 0.7953
vn 0.6063 -0.7480 -0.2520
vn 0.6142 -0.6220 -0.4882
vn 0.3937 -0.7480 -0.5433
vn 0.4961 -0.8425 -0.2205
vn 0.5591 -0.4331 -0.7087
vn 0.3150 -0.4409 -0.8346
vn 0.4567 -0.2205 -0.8583
vn 0.3150 -0.1732 -0.9291
vn -0.2913 -0.6457 0.7087
vn 0.2205 0.7638 0.5984
vn 0.4961 0.7638 0.4094
vn -0.6850 -0.3701 0.6220
vn -0.7244 -0.2126 0.6535
vn -0.7165 -0.2677 0.6457
vn -0.6063 -0.2677 -0.7480
vn -0.6299 -0.2283 -0.7402
vn -0.6535 -0.1732 -0.7323
vn 0.2913 -0.6457 0.7087
vn 0.0000 0.8740 -0.4882
vn -0.1496 0.5591 -0.8110
vn -0.1260 -0.5512 0.8268
vn -0.9055 -0.1811 -0.3780
vn 0.8425 -0.3071 0.4488
vn -0.5827 -0.2677 0.7638
vn -0.5827 -0.1890 0.7874
vn -0.5827 -0.2913 0.7559
vn -0.8976 -0.2756 0.3386
vn -0.8583 -0.3307 0.3937
vn -0.1968 0.6457 -0.7402
vn -0.7008 0.6929 0.1890
vn -0.2362 -0.3780 0.8976
vn -0.2598 -0.1811 -0.9449
vn -0.2756 -0.2047 -0.9370
vn -0.2835 -0.2047 -0.9370
vn 0.1968 0.6457 -0.7402
vn -0.5433 0.6457 -0.5433
vn -0.5748 -0.8110 0.0945
vn -0.4488 0.2441 -0.8583
vn -0.8189 0.2047 -0.5276
vn -0.7795 0.4016 -0.4724
vn -0.4331 0.4094 -0.8032
vn 0.0079 0.5433 -0.8425
vn 0.0315 0.4252 -0.9055
vn -0.4094 0.5197 -0.7559
vn -0.8819 -0.1181 0.4646
vn -0.2835 -0.1968 -0.9370
vn -0.2756 -0.1732 -0.9449
vn -0.2756 -0.1811 -0.9449
vn -0.2362 -0.2047 -0.9528
vn -0.2441 -0.1968 -0.9528
vn -0.2520 -0.1890 -0.9528
vn -0.2205 -0.0945 -0.9685
vn -0.2362 -0.1811 -0.9528
vn -0.2362 -0.1968 -0.9528
vn -0.1181 -0.4961 0.8583
vn -0.4567 0.0236 -0.8898
vn -0.8110 -0.0315 -0.5827
vn -0.9134 0.3543 -0.2047
vn 0.7323 -0.6772 -0.0630
vn 0.6142 -0.2835 -0.7323
vn 0.6929 -0.1968 -0.7008
vn 0.6220 -0.2756 -0.7323
vn 0.7008 -0.1811 -0.6929
vn -0.9055 -0.2992 0.3071
vn -0.9055 -0.2992 0.2992
vn -0.9055 -0.3071 0.2913
vn 0.2362 -0.2047 -0.9528
vn 0.2441 -0.1968 -0.9528
vn 0.2520 -0.1890 -0.9528
vn 0.2835 -0.1968 -0.9370
vn 0.2756 -0.1811 -0.9449
vn 0.2756 -0.1732 -0.9449
vn 0.5197 -0.5118 0.6850
vn 0.5748 -0.4488 0.6772
vn 0.6299 -0.3937 0.6693
vn -0.1968 0.9764 -0.0787
vn -0.5039 0.3465 0.7874
vn -0.0551 0.3386 0.9370
vn 0.6063 -0.7953 0.0866
vn -0.3780 -0.3858 -0.8425
vn 0.5433 0.6457 -0.5433
vn 0.2520 -0.1811 -0.9528
vn 0.2598 -0.1811 -0.9449
vn 0.2756 -0.2047 -0.9370
vn 0.2835 -0.2047 -0.9370
vn 0.1024 0.9134 0.3858
vn -0.9134 0.3386 0.2047
vn -0.9213 0.3386 0.2047
vn -0.2520 -0.1811 -0.9528
vn -0.2520 -0.0945 -0.9606
vn -0.2520 -0.1417 -0.9528
vn 0.6772 -0.3307 0.6535
vn 0.1968 0.9764 -0.0787
vn -0.0157 -0.9764 0.2126
vn -0.6535 0.0551 -0.7559
vn 0.2913 0.6299 0.7165
vn -0.7087 -0.2047 -0.6772
vn -0.7402 0.6457 -0.1968
vn 0.1417 -0.9764 0.1575
vn 0.5827 0.6299 0.5118
vn 0.3386 0.9134 0.2205
vn -0.9134 0.3465 0.2047
vn -0.7165 -0.1732 -0.6772
vn -0.7323 -0.0787 -0.6772
vn -0.7087 -0.1968 -0.6693
vn 0.2520 -0.1417 -0.9528
vn 0.2520 -0.0945 -0.9606
vn -0.7165 0.6457 0.2598
vn -0.7165 0.6535 0.2520
vn -0.7165 0.6535 0.2362
vn -0.7480 0.6535 0.1496
vn -0.7480 0.6378 0.1575
vn -0.7480 0.6457 0.1496
vn -0.7402 0.6535 0.1575
vn -0.7008 -0.1811 -0.6929
vn -0.6929 -0.1811 -0.6929
vn -0.6929 -0.1339 -0.7087
vn -0.6929 -0.0866 -0.7165
vn -0.2677 -0.1654 -0.9449
vn -0.4567 -0.4803 -0.7480
vn 0.3780 -0.3858 -0.8425
vn -0.6614 -0.2913 0.6929
vn -0.7008 -0.1811 0.6929
vn -0.6772 -0.2520 0.6929
vn -0.9055 -0.2598 0.3228
vn 0.6693 -0.1496 -0.7323
vn 0.6299 -0.2283 -0.7402
vn 0.6535 -0.1732 -0.7323
vn 0.6063 -0.2677 -0.7480
vn -0.7323 0.6378 0.2441
vn 0.8740 -0.1181 0.4646
vn 0.2677 -0.1654 -0.9449
vn -0.6693 0.0394 -0.7402
vn 0.3228 -0.5276 0.7874
vn -0.9055 0.4016 0.1575
vn 0.4882 0.2283 -0.8425
vn 0.0236 0.2362 -0.9685
vn -0.0157 0.0079 -1.0000
vn -0.7244 0.5197 -0.4488
vn -0.0079 0.6220 -0.7795
vn -0.3858 0.5906 -0.7087
vn -0.7244 -0.5591 0.4016
vn 0.9370 0.1024 0.3465
vn -0.7402 0.6457 0.1968
vn -0.6693 -0.1496 -0.7323
vn -0.6693 -0.1496 -0.7244
vn -0.6772 -0.1417 -0.7244
vn -0.6929 -0.1102 -0.7165
vn 0.7087 -0.2047 -0.6772
vn 0.4567 -0.4803 -0.7480
vn -0.6535 0.0079 -0.7559
vn -0.6299 -0.2913 0.7165
vn -0.9528 -0.1417 -0.2598
vn -0.9449 -0.1732 -0.2677
vn -0.9528 -0.1339 -0.2598
vn -0.9449 -0.1732 -0.2756
vn -0.8976 -0.3386 -0.2835
vn 0.7402 0.6457 -0.1968
vn -0.7559 0.6299 0.1732
vn -0.5984 -0.2205 0.7717
vn -0.5984 -0.2047 0.7717
vn -0.5984 -0.1890 0.7795
vn 0.7087 -0.1968 -0.6693
vn 0.7323 -0.0787 -0.6772
vn 0.7165 -0.1732 -0.6772
vn -0.7402 0.6299 0.2283
vn 0.4882 0.0787 0.8661
vn 0.8268 0.0787 0.5512
vn 0.8032 0.2992 0.5118
vn 0.4409 0.3071 0.8425
vn 0.9685 0.2283 0.0551
vn 0.9921 0.0000 0.1181
vn 0.6929 -0.0866 -0.7165
vn 0.6929 -0.1339 -0.7087
vn 0.6929 -0.1811 -0.6929
vn -0.6378 -0.0236 -0.7638
vn 0.9449 0.0866 0.3228
vn 0.9449 0.0787 0.3228
vn 0.9370 0.0472 0.3465
vn 0.9291 0.0236 0.3622
vn 0.4803 -0.8110 0.3386
vn 0.4488 0.3858 -0.8032
vn -0.1339 -0.1260 -0.9843
vn -0.5118 0.4409 -0.7323
vn 0.1339 -0.1260 -0.9843
vn -0.1181 -0.3543 0.9291
vn 0.6693 -0.2520 0.6929
vn 0.6929 -0.1968 0.6929
vn 0.6614 -0.2835 0.6929
vn 0.7244 -0.5591 0.4016
vn -0.9291 -0.2205 0.3071
vn -0.7717 -0.2047 0.6063
vn -0.9134 0.0000 -0.4016
vn -0.1968 -0.9764 0.0787
vn 0.6299 -0.2913 0.7165
vn -0.5276 -0.1496 0.8346
vn -0.8032 0.4567 0.3858
vn -0.5669 0.5354 -0.6220
vn -0.5748 0.5276 -0.6220
vn -0.5748 0.5276 -0.6299
vn 0.2126 -0.0787 -0.9764
vn 0.2205 -0.0945 -0.9685
vn 0.2362 -0.1811 -0.9528
vn 0.2362 -0.1968 -0.9528
vn 0.6929 -0.1102 -0.7165
vn 0.6772 -0.1417 -0.7244
vn 0.6693 -0.1496 -0.7244
vn -0.1496 -0.1024 -0.9843
vn -0.1181 -0.1024 -0.9843
vn -0.0551 -0.0866 -0.9921
vn -0.9055 0.1654 -0.3858
vn -0.6929 -0.1024 -0.7087
vn 0.0551 -0.0866 -0.9921
vn 0.1181 -0.1024 -0.9843
vn 0.1496 -0.1024 -0.9843
vn -0.5197 0.5827 -0.6299
vn 0.8976 -0.1968 0.3858
vn -0.2913 0.4094 0.8661
vn -0.2126 0.4961 -0.8425
vn -0.2047 0.4882 -0.8504
vn -0.2047 0.4803 -0.8504
vn 0.7402 0.6457 0.1968
vn -0.7244 0.0079 -0.6929
vn -0.6850 -0.0945 -0.7244
vn -0.6929 -0.0551 -0.7244
vn -0.6929 0.0157 -0.7244
vn 0.5276 -0.1496 0.8346
vn 0.5197 0.0394 -0.8583
vn -0.5433 0.6457 0.5433
vn -0.2520 -0.0787 -0.9606
vn -0.9606 -0.1181 -0.2677
vn -0.9606 -0.1260 -0.2598
vn -0.7087 0.1811 -0.6772
vn 0.7874 0.5276 0.3228
vn -0.5984 -0.1811 0.7795
vn -0.0472 -0.0866 -0.9921
vn 0.6457 -0.2598 0.7165
vn 0.6535 -0.2126 0.7244
vn 0.6614 -0.1968 0.7244
vn 0.0472 -0.0866 -0.9921
vn -0.7795 0.5906 0.2126
vn 0.7717 -0.2047 0.6063
vn -0.5827 -0.1811 0.7953
vn 0.2520 -0.0787 -0.9606
vn -0.8032 -0.0157 0.5906
vn -0.6929 -0.0709 -0.7165
vn 0.6929 -0.1024 -0.7087
vn -0.2677 0.3937 0.8819
vn -0.0157 -0.2283 -0.9764
vn -0.4488 -0.1811 -0.8740
vn -0.7795 -0.2677 -0.5669
vn -0.6693 0.6063 -0.4173
vn -0.6614 -0.1024 0.7402
vn -0.1968 0.4173 -0.8898
vn -0.5512 0.0394 0.8346
vn 0.9134 0.0000 -0.4016
vn 0.7244 0.0079 -0.6929
vn -0.7323 -0.1811 0.6535
vn -0.7087 -0.1654 0.6850
vn 0.5433 0.6457 0.5433
vn -0.5433 0.8110 -0.2205
vn 0.9055 0.1654 -0.3858
vn -0.1968 0.6457 0.7402
vn -0.5748 -0.1496 0.8032
vn -0.5748 -0.1102 0.8110
vn -0.5748 -0.1654 0.8032
vn 0.9528 -0.1417 -0.2598
vn 0.9528 -0.1339 -0.2598
vn 0.7559 0.4567 0.4646
vn 0.3937 0.4961 0.7717
vn 0.9055 0.4173 0.0079
vn 0.3858 0.6063 0.7008
vn 0.7087 0.5591 0.4252
vn -0.2047 0.5591 -0.8032
vn -0.8898 0.0551 0.4567
vn 0.7087 0.1811 -0.6772
vn -0.2205 0.4803 -0.8504
vn -0.2283 0.4724 -0.8504
vn -0.2520 0.4567 -0.8583
vn -0.2126 -0.0787 -0.9764
vn 0.1968 0.6457 0.7402
vn 0.1654 0.1732 -0.9685
vn 0.9370 0.1968 -0.2913
vn 0.9606 0.2047 0.1811
vn 0.6772 0.2598 -0.6929
vn 0.9291 0.3307 0.1496
vn 0.9055 0.3150 -0.2756
vn -0.2205 0.4724 -0.8504
vn 0.9606 -0.1260 -0.2598
vn 0.5512 0.0394 0.8346
vn -0.2992 0.8032 -0.5118
vn -0.5433 -0.5512 0.6378
vn 0.6614 -0.1024 0.7402
vn -0.6220 0.4803 -0.6220
vn 0.5433 0.8110 -0.2205
vn 0.6929 -0.0709 -0.7165
vn 0.9606 -0.1181 -0.2677
vn 0.8032 -0.0157 0.5906
vn -0.8976 -0.1968 -0.4016
vn -0.1732 -0.1890 0.9685
vn 0.3465 0.4961 0.7953
vn 0.6299 -0.2283 0.7402
vn 0.6378 -0.2126 0.7402
vn -0.2913 0.3622 0.8898
vn 0.7008 -0.2205 0.6772
vn 0.6378 0.4882 0.5984
vn -0.2598 0.0000 -0.9685
vn -0.2520 -0.0315 -0.9685
vn -0.2520 -0.0394 -0.9685
vn -0.2283 -0.0236 -0.9764
vn -0.2205 0.0315 -0.9764
vn -0.2283 -0.0079 -0.9764
vn 0.2205 0.4724 -0.8504
vn 0.2205 0.4803 -0.8504
vn 0.2283 0.4724 -0.8504
vn 0.2441 0.4567 -0.8583
vn 0.2520 0.4488 -0.8583
vn 0.9528 -0.1890 0.2441
vn 0.9528 -0.1890 0.2520
vn 0.9449 -0.1890 0.2520
vn 0.1260 0.3307 -0.9370
vn -0.6299 0.5039 -0.5984
vn -0.5039 0.2520 -0.8268
vn -0.4016 0.1339 -0.9055
vn -0.9449 -0.2047 0.2520
vn -0.9449 -0.0945 0.3071
vn -0.9449 -0.1654 0.2677
vn -0.9449 -0.0394 0.3307
vn 0.5906 -0.7953 0.1181
vn 0.6457 -0.7638 0.0394
vn -0.2520 0.4488 -0.8583
vn -0.7323 -0.0630 -0.6772
vn 0.2520 -0.0315 -0.9685
vn 0.2598 0.0000 -0.9685
vn 0.2520 -0.0394 -0.9685
vn 0.8425 0.5433 0.0079
vn 0.3701 0.6772 0.6299
vn 0.6693 0.6299 0.3937
vn -0.7087 -0.1811 -0.6850
vn 0.5433 -0.5512 0.6378
vn 0.8898 0.0551 0.4646
vn 0.6220 0.4803 -0.6220
vn -0.7559 0.6535 0.0079
vn -0.5433 0.5197 0.6535
vn -0.2598 0.0079 -0.9685
vn 0.2283 -0.0236 -0.9685
vn 0.2283 -0.0079 -0.9764
vn 0.2205 0.0315 -0.9764
vn 0.6850 0.4724 -0.5591
vn -0.7402 -0.1024 0.6693
vn 0.3858 0.5512 -0.7402
vn 0.7953 0.5669 0.2362
vn 0.7953 0.5591 0.2362
vn -0.7087 0.0315 -0.7087
vn -0.7008 0.0000 -0.7087
vn -0.7008 -0.0079 -0.7087
vn 0.6929 0.0315 -0.7244
vn 0.6929 -0.0551 -0.7244
vn 0.6929 0.0157 -0.7244
vn 0.6850 -0.0945 -0.7244
vn -0.8661 0.3465 -0.3622
vn -0.2598 0.0394 -0.9685
vn 0.6929 -0.1811 0.6929
vn 0.6929 -0.1890 0.6929
vn 0.2598 0.0079 -0.9685
vn -0.8425 0.4646 -0.2677
vn -0.8425 0.4567 -0.2913
vn -0.8425 0.4803 -0.2283
vn 0.7874 0.5669 0.2362
vn -0.8032 -0.1811 0.5669
vn 0.8189 0.4252 -0.3858
vn 0.7008 0.4646 -0.5354
vn -0.3071 0.3307 0.8898
vn -0.6614 -0.4724 0.5827
vn -0.6929 0.0315 -0.7244
vn 0.6614 -0.1811 0.7244
vn 0.7008 -0.1811 0.6929
vn 0.7008 -0.1890 0.6929
vn -0.6772 0.3622 -0.6378
vn -0.2441 0.4173 -0.8740
vn -0.8583 0.4646 -0.2205
vn -0.8189 0.4094 -0.3937
vn -0.4488 -0.4252 0.7874
vn -0.5748 -0.1811 0.8032
vn 0.8976 -0.1968 -0.4016
vn 0.2047 -0.0157 -0.9764
vn -0.5748 -0.0945 0.8110
vn 0.2598 0.0394 -0.9685
vn 0.6535 -0.1811 0.7402
vn 0.9685 -0.0551 0.2598
vn 0.9370 -0.1496 0.3150
vn 0.9449 -0.1339 0.3071
vn 0.9134 -0.2047 0.3465
vn -0.8189 0.4252 -0.3858
vn 0.7087 -0.1811 -0.6850
vn 0.7323 -0.0630 -0.6772
vn 0.4882 -0.1575 0.8583
vn 0.5906 -0.4252 0.6850
vn 0.7165 -0.4488 0.5276
vn 0.8189 -0.1260 0.5669
vn 0.8189 -0.4567 0.3465
vn 0.9606 -0.2362 0.1417
vn -0.7087 0.0394 -0.7087
vn 0.7402 0.6220 0.2598
vn 0.6929 -0.1732 0.6929
vn 0.2441 0.4173 -0.8740
vn 0.4488 -0.4252 0.7874
vn -0.7008 0.0551 -0.7087
vn -0.7008 0.0630 -0.7087
vn 0.7008 0.0000 -0.7087
vn 0.7087 0.0315 -0.7087
vn 0.7008 -0.0079 -0.7087
vn -0.2598 0.3780 -0.8898
vn -0.2520 0.3307 -0.9055
vn -0.2598 0.3701 -0.8898
vn -0.2441 0.2992 -0.9213
vn 0.5433 -0.8110 -0.2205
vn -0.8189 0.0000 0.5669
vn -0.5118 0.1496 0.8504
vn -0.8425 0.2205 0.4961
vn -0.0709 0.1024 0.9921
vn 0.6614 -0.4724 0.5827
vn -0.8110 0.1496 0.5591
vn 0.8661 0.3465 -0.3622
vn -0.2520 0.1811 -0.9528
vn 0.2441 0.2992 -0.9213
vn 0.2520 0.3307 -0.9055
vn 0.2598 0.3701 -0.8898
vn 0.2598 0.3780 -0.8898
vn -0.5591 0.2047 0.8032
vn -0.2205 0.0394 -0.9764
vn 0.7795 0.6299 0.0000
vn -0.5276 -0.0551 0.8425
vn 0.6772 0.3622 -0.6378
vn -0.9055 0.3937 0.1654
vn -0.8898 0.4173 0.1811
vn -0.8425 0.4803 0.2283
vn -0.6693 0.3150 -0.6693
vn 0.8189 0.4094 -0.3937
vn -0.5827 -0.2205 -0.7874
vn 0.2520 0.1811 -0.9528
vn 0.7087 0.0394 -0.7087
vn 0.2205 0.0394 -0.9764
vn -0.6929 0.1811 -0.6929
vn -0.8740 0.3780 -0.2992
vn -0.8898 0.3543 -0.2835
vn -0.8976 0.3465 -0.2835
vn 0.5827 0.5433 0.6063
vn -0.9685 0.0394 -0.2598
vn -0.2205 -0.0787 0.9764
vn 0.1654 -0.1811 0.9685
vn -0.1732 -0.9764 -0.1181
vn -0.5197 -0.2992 -0.8032
vn 0.5827 0.5512 0.5984
vn 0.7008 0.0551 -0.7087
vn 0.7008 0.0630 -0.7087
vn 0.5591 0.2047 0.8032
vn -0.9606 0.0551 -0.2598
vn -0.9606 0.0472 -0.2598
vn -0.9685 0.0551 -0.2598
vn -0.9685 0.0472 -0.2598
vn 0.8740 0.4409 -0.2047
vn 0.8661 0.4567 -0.2126
vn 0.8425 0.4803 -0.2283
vn -0.6693 0.0709 0.7402
vn -0.3937 0.3307 0.8583
vn 0.4961 0.8346 0.2441
vn 0.8110 0.1496 0.5669
vn -0.0551 0.3543 0.9370
vn -0.6850 0.2992 0.6614
vn 0.6693 0.3150 -0.6693
vn -0.9291 0.2756 -0.2520
vn 0.7087 -0.0866 0.7008
vn 0.2047 -0.9764 -0.0315
vn 0.6929 0.1811 -0.6929
vn 0.6693 0.3780 -0.6378
vn 0.8976 0.4252 0.1181
vn 0.8819 0.3937 -0.2598
vn 0.0787 0.5039 -0.8583
vn -0.9528 0.1811 -0.2520
vn -0.6220 0.4803 0.6220
vn -0.4409 -0.8110 0.3858
vn -0.3937 0.1654 0.9055
vn 0.5591 0.6063 0.5669
vn 0.6693 0.0709 0.7402
vn -0.8740 0.4882 0.0630
vn -0.0551 0.1890 0.9843
vn 0.9685 0.0394 -0.2598
vn 0.8110 0.3543 -0.4646
vn 0.8189 0.3465 -0.4646
vn 0.9685 0.0472 -0.2598
vn 0.9606 0.0472 -0.2598
vn -0.9685 0.0394 0.2598
vn 0.9685 0.0551 -0.2598
vn -0.3858 0.5039 0.7717
vn 0.1968 -0.9764 0.0787
vn -0.0551 0.5276 0.8504
vn -0.9685 0.0472 0.2598
vn -0.9606 0.0394 0.2598
vn -0.9606 0.0472 0.2598
vn -0.9606 0.0551 0.2598
vn 0.6299 0.4724 0.6142
vn 0.6378 0.4724 0.6142
vn 0.6220 0.4803 0.6220
vn 0.9213 0.3071 -0.2441
vn 0.8976 0.3622 -0.2677
vn 0.8976 0.3543 -0.2677
vn 0.8898 0.3701 -0.2677
vn -0.7638 0.3307 0.5512
vn -0.7323 0.4488 0.5118
vn -0.7008 0.5433 0.4646
vn 0.8110 0.3543 -0.4567
vn 0.2520 0.1890 0.9449
vn 0.1339 -0.1181 0.9843
vn 0.1968 0.0394 0.9764
vn 0.1024 -0.1890 0.9764
vn -0.2205 0.4803 0.8504
vn -0.8504 0.3622 0.3780
vn 0.8268 0.4173 0.3858
vn 0.5827 -0.8110 0.0394
vn 0.8032 0.4252 0.4173
vn 0.6457 0.4567 0.6063
vn 0.9528 0.1811 -0.2520
vn 0.2205 0.4803 0.8504
vn 0.2283 0.4724 0.8504
vn -0.5354 -0.0079 0.8425
vn -0.5354 -0.0157 0.8425
vn -0.9055 0.3465 0.2441
vn -0.5512 0.2598 -0.7953
vn -0.7402 0.0551 0.6693
vn -0.7402 0.0787 0.6614
vn -0.7559 0.1260 0.6457
vn -0.2283 0.4724 0.8504
vn -0.5354 0.1260 0.8346
vn -0.9528 0.1811 0.2520
vn -0.7638 0.0394 0.6457
vn -0.7717 0.0630 0.6378
vn -0.7717 0.1260 0.6220
vn 0.8583 0.5118 0.0315
vn 0.9685 0.0394 0.2598
vn -0.5354 0.0472 0.8425
vn 0.9685 0.0472 0.2598
vn -0.5906 0.0315 -0.8032
vn -0.0709 0.1811 0.9843
vn -0.9213 0.3701 0.1417
vn -0.6457 0.4173 0.6378
vn -0.6614 0.3780 0.6535
vn -0.6614 0.3465 0.6614
vn -0.6693 0.3150 0.6693
vn 0.9606 0.2756 -0.0709
vn 0.9606 0.2677 -0.0630
vn 0.9606 0.2756 -0.0630
vn -0.7795 0.0709 0.6220
vn -0.7874 0.0866 0.6142
vn -0.7874 0.1496 0.5984
vn -0.2205 0.0157 0.9764
vn -0.2205 0.0236 0.9764
vn -0.2205 0.0394 0.9764
vn -0.5354 0.0709 0.8425
vn -0.5354 0.0787 0.8425
vn 0.9055 0.3543 0.2441
vn 0.6535 0.4724 -0.5906
vn -0.2283 0.0394 0.9764
vn 0.8189 0.4094 -0.4016
vn -0.1575 -0.9764 0.1417
vn -0.2205 0.0709 0.9764
vn -0.2205 0.0551 0.9764
vn -0.2283 0.0472 0.9764
vn 0.6457 0.1811 0.7402
vn -0.6850 0.2835 0.6693
vn 0.8425 0.4803 0.2283
vn 0.8976 0.4094 0.1732
vn 0.9134 0.3858 0.1575
vn 0.9291 0.3543 0.1339
vn -0.6929 0.2441 0.6772
vn 0.5276 -0.2520 -0.8110
vn 0.9528 0.1811 0.2520
vn -0.8661 0.2441 0.4409
vn 0.2126 -0.9764 0.0157
vn -0.2441 0.2362 -0.9370
vn 0.7087 0.0394 0.7087
vn 0.7087 0.0472 0.7087
vn -0.3858 -0.0236 0.9213
vn -0.8032 0.1968 0.5669
vn -0.0551 0.0000 1.0000
vn -0.2126 0.0709 0.9764
vn 0.4016 0.3150 0.8583
vn -0.2126 0.1811 0.9606
vn -0.2283 0.2126 0.9528
vn -0.2362 0.2362 0.9449
vn -0.2047 0.3858 0.8976
vn -0.2205 0.3543 0.9055
vn -0.2126 0.3701 0.9055
vn -0.7874 0.1654 0.5984
vn -0.7717 0.1417 0.6142
vn 0.6772 0.3150 0.6614
vn 0.6378 0.3780 0.6693
vn 0.6614 0.3543 0.6614
vn 0.6457 0.3543 0.6772
vn 0.6693 0.3150 0.6693
vn 0.2598 0.0394 0.9685
vn -0.7874 0.1732 0.5906
vn -0.7953 0.1811 0.5827
vn -0.7953 0.2047 0.5669
vn 0.7165 -0.5906 0.3701
vn 0.7165 -0.5276 0.4488
vn -0.2441 0.3150 0.9134
vn 0.2598 0.0472 0.9685
vn -0.2520 0.2520 0.9370
vn 0.6929 0.1811 0.6929
vn 0.2047 0.3858 0.8976
vn 0.2126 0.3701 0.9055
vn 0.2205 0.3543 0.9055
vn 0.2441 0.3150 0.9134
vn 0.8661 0.2441 0.4409
vn -0.7953 0.3307 0.5118
vn -0.5512 0.3858 0.7402
vn -0.6535 0.0157 0.7559
vn -0.5984 0.0315 0.8032
vn -0.7559 0.1496 0.6378
vn 0.7323 0.6535 -0.2047
vn -0.0787 -0.9764 0.1968
vn 0.2520 0.1811 0.9528
vn -0.3780 0.1811 0.9055
vn 0.5512 0.3858 0.7402
vn 0.7953 0.3307 0.5118
vn 0.3071 0.8504 0.4331
vn -0.1811 0.9764 0.0787
vn 0.3858 0.0551 -0.9213
vn 0.3228 0.0709 -0.9449
vn 0.9370 0.3465 -0.0709
vn -0.8032 -0.4646 -0.3780
vn 0.2520 -0.2913 -0.9213
vn 0.5433 -0.8110 0.2205
vn -0.6378 -0.4567 -0.6220
vn 0.4252 0.7323 0.5354
vn 0.3465 0.7559 0.5512
vn 0.7402 0.3071 0.5906
vn 0.8032 -0.4646 -0.3780
vn -0.6614 0.2598 0.7087
vn 0.6378 -0.4567 -0.6220
vn -0.5433 -0.8110 0.2205
vn -0.7402 0.5984 -0.2913
vn -0.0315 -0.9764 -0.2047
vn -0.5748 0.6142 -0.5354
vn 0.0787 -0.9764 0.1968
vn 0.6535 0.2598 0.7087
vn -0.3386 0.7244 0.5984
vn 0.1260 -0.9764 -0.1732
vn -0.0472 0.7480 0.6614
vn -0.6772 0.7323 -0.0236
vn 0.2677 0.7638 -0.5827
vn 0.7402 0.5984 -0.2913
vn 0.6772 -0.5433 0.4961
vn 0.8504 -0.4252 0.3228
vn 0.7795 -0.6142 0.1496
vn 0.5984 -0.6614 0.4488
vn 0.9606 -0.2756 0.0945
vn 0.9213 -0.3543 -0.1654
vn 0.9843 -0.1024 -0.1260
vn 0.9528 -0.1024 -0.2913
vn -0.8661 -0.4803 -0.1260
vn 0.5748 0.6142 -0.5354
vn -0.8425 -0.5276 0.1417
vn -0.0315 0.7165 0.7008
vn -0.7874 0.5276 0.3228
vn -0.5748 0.2677 -0.7717
vn 0.6142 -0.6299 0.4803
vn 0.7087 -0.6929 0.1260
vn 0.8661 -0.4803 -0.1260
vn -0.9685 -0.1890 -0.1417
vn -0.6457 -0.5276 0.5591
vn -0.8268 0.1260 -0.5433
vn -0.7874 0.0000 -0.6142
vn -0.8346 0.1260 -0.5433
vn -0.7244 0.6535 -0.2205
vn 0.4331 0.6299 0.6457
vn 0.3780 0.6457 0.6614
vn -0.8346 0.5197 -0.1732
vn -0.0079 0.7244 -0.6929
vn 0.7795 0.0000 -0.6220
vn 0.8346 0.1260 -0.5433
vn 0.8346 0.1260 -0.5354
vn 0.9685 -0.1890 -0.1417
vn -0.3701 -0.5906 -0.7165
vn -0.5984 -0.4646 -0.6614
vn -0.6142 -0.6378 -0.4646
vn -0.3150 -0.7087 -0.6378
vn -0.7953 -0.2992 -0.5197
vn -0.8898 -0.3622 -0.2756
vn -0.9291 -0.1102 -0.3543
vn -0.9764 -0.1024 -0.1968
vn 0.8504 -0.5276 0.0630
vn 0.6929 -0.5276 0.4961
vn -0.3780 0.7165 0.5827
vn -0.4646 0.0236 -0.8819
vn -0.9606 0.0866 -0.2520
vn -0.9764 -0.0315 -0.2126
vn -0.9685 0.0787 -0.2520
vn 0.4094 -0.5669 0.7087
vn -0.7874 0.5276 -0.3228
vn 0.6850 0.7087 -0.1575
vn -0.6220 0.2677 0.7323
vn -0.5748 0.2677 0.7717
vn -0.3150 -0.6693 -0.6693
vn -0.5748 -0.7165 -0.4016
vn -0.5591 -0.4961 -0.6614
vn -0.3780 -0.5039 -0.7795
vn 0.9055 0.1732 -0.3858
vn -0.1890 -0.4882 -0.8504
vn -0.3386 -0.3071 0.8898
vn -0.0472 -0.2913 0.9528
vn 0.7874 0.5276 -0.3228
vn 0.2205 -0.8110 0.5433
vn 0.4094 0.4488 0.7953
vn 0.3386 0.4567 0.8189
vn -0.9291 -0.1732 0.3307
vn -0.9606 0.0630 0.2677
vn 0.9449 0.1339 -0.2913
vn 0.9213 0.1339 -0.3543
vn -0.3071 0.5118 0.8032
vn -0.9843 0.0787 0.1339
vn -0.9921 -0.1417 0.0000
vn -0.9843 0.0866 0.1417
vn 0.8346 0.4409 -0.3307
vn -0.0315 -0.6299 -0.7795
vn 0.4882 0.6457 -0.5827
vn -0.4016 0.8976 0.1654
vn 0.3701 0.2992 -0.8740
vn 0.3150 0.2992 -0.8976
vn -0.0315 -0.3543 -0.9370
vn -0.8189 0.5433 -0.1811
vn 0.4016 0.1417 -0.9055
vn 0.4016 0.1339 -0.9055
vn 0.8661 0.5039 -0.0157
vn -0.6142 0.1654 -0.7717
vn -0.8110 -0.1496 -0.5591
vn -0.6299 0.1496 -0.7638
vn 0.9921 -0.1417 0.0000
vn 0.9843 0.0787 0.1339
vn 0.9843 0.0866 0.1417
vn -0.0079 0.0945 -0.9921
vn 0.0315 0.0315 -1.0000
vn -0.0315 0.0315 -1.0000
vn 0.0079 0.0945 -0.9921
vn -0.6378 -0.7638 -0.0866
vn 0.0394 0.9921 0.1024
vn 0.3543 0.2283 0.9055
vn 0.1890 0.2441 0.9528
vn -0.8819 -0.4724 0.0787
vn -0.5512 0.4173 -0.7244
vn 0.7874 -0.2598 0.5591
vn -0.0551 -0.2677 0.9606
vn 0.0551 -0.2677 0.9606
vn -0.6850 0.6693 -0.2913
vn -0.9843 0.0945 -0.1496
vn 0.6378 -0.7638 -0.0866
vn 0.1732 0.9843 0.0394
vn -0.9843 -0.1890 0.0236
vn -0.9055 0.1811 -0.3780
vn 0.9764 -0.0394 -0.2126
vn 0.9764 -0.0315 -0.2126
vn 0.9685 0.0787 -0.2520
vn 0.9606 0.0866 -0.2520
vn 0.8661 0.3701 -0.3386
vn 0.8504 0.3543 -0.3937
vn -0.9685 0.1339 -0.2126
vn -0.9764 0.1417 -0.1417
vn -0.9134 0.3701 -0.1417
vn -0.9291 0.3622 -0.0866
vn -0.8661 0.4961 -0.0630
vn -0.8425 0.5118 -0.1417
vn -0.7559 0.6457 -0.1339
vn -0.7874 0.6063 -0.0630
vn -0.0394 0.0394 1.0000
vn 0.0394 0.0394 1.0000
vn -0.4173 0.8740 0.2520
vn -0.5354 0.5433 -0.6457
vn -0.4173 0.1575 0.8976
vn -0.3307 0.0472 0.9449
vn -0.4173 0.1496 0.8976
vn -0.0472 0.0866 0.9921
vn 0.0630 -0.1890 0.9764
vn -0.0394 0.0709 1.0000
vn -0.8819 0.1102 0.4646
vn -0.8819 0.0945 0.4567
vn -0.9291 -0.1575 0.3228
vn 0.4488 0.4252 -0.7874
vn 0.8976 -0.1339 -0.4173
vn -0.9213 0.1811 -0.3543
vn -0.9134 0.1811 -0.3543
vn 0.8819 -0.4724 0.0787
vn -0.0315 0.9843 -0.1890
vn -0.1575 0.9843 -0.1024
vn 0.3858 0.8661 -0.3150
vn 0.7795 0.4882 -0.4016
vn 0.7953 0.5118 -0.3228
vn 0.7165 0.6378 -0.2913
vn 0.7087 0.5984 -0.3701
vn -0.7087 0.5827 0.3937
vn -0.8976 0.4252 -0.1181
vn -0.7874 -0.0079 -0.6220
vn -0.2126 -0.9764 -0.0157
vn 0.9843 0.0945 -0.1496
vn -0.4961 0.6299 0.5984
vn 0.9843 -0.1890 0.0236
vn 0.9291 -0.1575 0.3228
vn 0.8819 0.0945 0.4567
vn 0.8819 0.1102 0.4646
vn -0.9764 -0.1102 0.2047
vn -0.9134 0.2756 -0.2992
vn 0.1575 -0.9764 -0.1417
vn 0.9134 0.1811 -0.3543
vn 0.9213 0.1811 -0.3543
vn 0.4961 0.6299 0.5984
vn -0.9606 0.1732 0.2283
vn -0.6220 0.4094 0.6693
vn -0.5512 0.4094 0.7244
vn -0.5984 0.5433 0.5906
vn 0.4803 0.8346 -0.2598
vn -0.2520 0.8819 -0.4016
vn 0.7087 0.5827 0.3937
vn -0.5591 -0.0236 -0.8268
vn 0.7795 -0.0079 -0.6299
vn 0.4488 0.0315 0.8976
vn 0.6929 0.0315 0.7244
vn 0.9764 -0.1102 0.2047
vn -0.9764 -0.0394 -0.2126
vn -0.7717 0.5118 0.3780
vn 0.7323 -0.3386 0.5906
vn 0.7874 -0.5276 -0.3228
vn 0.3937 0.9055 0.1732
vn -0.1811 -0.0551 -0.9843
vn 0.9606 0.1732 0.2283
vn -0.2913 -0.0472 -0.9528
vn 0.1811 -0.0551 -0.9843
vn -0.1654 0.2283 -0.9606
vn 0.9055 -0.1811 -0.3780
vn -0.6535 0.7559 0.0079
vn 0.3858 -0.5748 0.7165
vn 0.4724 -0.5354 0.7008
vn 0.1654 0.2283 -0.9606
vn -0.3307 -0.9213 0.2126
vn 0.7717 0.5118 0.3780
vn -0.8504 0.2756 0.4409
vn -0.2126 0.2835 0.9370
vn 0.6850 0.6850 -0.2362
vn -0.4252 -0.2913 0.8583
vn -0.2520 -0.1102 0.9606
vn -0.0787 -0.3150 0.9449
vn -0.3858 -0.4252 0.8189
vn -0.0236 0.0709 1.0000
vn 0.2283 -0.0157 0.9764
vn 0.3307 -0.9213 0.2126
vn -0.4409 0.3071 -0.8425
vn 0.5354 0.3622 0.7638
vn -0.9764 0.2362 0.0079
vn 0.9213 -0.1811 0.3465
vn 0.9213 -0.1732 0.3465
vn 0.9606 0.0630 0.2677
vn 0.9528 0.2677 0.1181
vn 0.3858 0.4409 -0.8110
vn 0.3150 0.4488 -0.8425
vn 0.3307 0.0394 0.9449
vn 0.3307 0.0472 0.9449
vn 0.4173 0.1496 0.8976
vn 0.4173 0.1575 0.8976
vn 0.3701 0.6693 -0.6457
vn -0.0709 -0.4173 0.9055
vn -0.9921 0.0945 -0.0236
vn -0.8504 0.0000 0.5197
vn -0.0315 0.3150 0.9449
vn -0.2441 -0.9134 0.3307
vn -0.7874 -0.5276 0.3228
vn 0.0787 -0.4173 0.9055
vn 0.0315 0.3150 0.9449
vn 0.2441 -0.9134 0.3307
vn 0.5354 0.0866 0.8425
vn 0.4016 0.5748 -0.7165
vn 0.3228 0.5591 -0.7638
vn -0.0551 -0.5984 0.7953
vn -0.6457 -0.7559 0.1339
vn -0.5906 0.5197 0.6142
vn 0.0551 -0.5984 0.7953
vn -0.8976 -0.4016 0.1575
vn -0.4803 -0.8110 -0.3386
vn 0.9921 0.0945 -0.0236
vn 0.6457 -0.7559 0.1339
vn 0.5906 0.5197 0.6142
vn 0.4488 0.1890 -0.8740
vn 0.4488 0.4094 -0.7953
vn -0.2992 -0.8661 0.4094
vn -0.1968 -0.8425 0.5118
vn 0.4173 -0.0630 -0.9055
vn 0.2283 -0.3386 0.9134
vn 0.1575 -0.2756 0.9528
vn 0.4252 0.5512 -0.7165
vn 0.1968 -0.8425 0.5118
vn -0.7795 0.5433 0.3228
vn 0.0000 -0.6378 -0.7717
vn -0.0866 -0.5906 -0.8032
vn 0.2992 -0.8661 0.4094
vn 0.8976 -0.4016 0.1575
vn -0.8583 0.4646 0.2283
vn -0.4724 0.5984 -0.6457
vn 0.4882 0.6220 0.6063
vn -0.1811 -0.3543 -0.9213
vn -0.0945 -0.1260 0.9843
vn 0.9055 0.1811 -0.3780
vn 0.0945 -0.1260 0.9843
vn 0.1811 -0.3543 -0.9213
vn 0.3701 0.1811 -0.9134
vn -0.4094 -0.0472 -0.9134
vn -0.7953 0.5197 -0.3150
vn 0.5748 -0.8110 -0.0945
vn 0.8583 0.4646 0.2283
vn -0.4173 -0.3937 0.8189
vn -0.0551 -0.4094 0.9134
vn -0.2835 -0.1575 0.9449
vn -0.4646 -0.1890 0.8661
vn -0.3307 0.0394 0.9449
vn -0.1339 0.5118 -0.8504
vn 0.2283 -0.4016 -0.8819
vn 0.3150 -0.3386 -0.8819
vn 0.1339 0.5118 -0.8504
vn -0.9921 0.0157 0.1339
vn -0.0394 -0.7244 0.6929
vn -0.4724 0.2205 -0.8504
vn 0.0394 -0.7244 0.6929
vn 0.8110 -0.0079 0.5827
vn 0.7874 0.2283 0.5748
vn 0.0709 0.0079 1.0000
vn 0.0236 0.2598 0.9685
vn -0.0630 -0.1968 0.9764
vn -0.0630 -0.1890 0.9764
vn 0.0394 0.0709 1.0000
vn 0.0472 0.0866 0.9921
vn -0.6614 -0.4094 0.6299
vn -0.6299 -0.2126 0.7480
vn -0.7402 -0.1811 0.6457
vn -0.0236 0.4724 0.8819
vn -0.4331 0.4646 -0.7717
vn -0.7795 -0.2913 0.5591
vn -0.2992 -0.3307 -0.8976
vn 0.6378 0.7559 -0.1732
vn 0.4882 -0.2126 0.8425
vn -0.5748 0.1811 0.8032
vn -0.1417 -0.9764 -0.1575
vn -0.0394 0.6063 0.7953
vn 0.0157 -0.9764 -0.2126
vn 0.4016 0.7087 -0.5748
vn 0.9843 -0.1811 0.0709
vn -0.9134 0.3858 -0.1417
vn -0.9921 -0.1496 -0.0079
vn 0.1654 0.1811 0.9685
vn 0.7795 -0.4882 -0.4016
vn -0.8898 0.3780 -0.2677
vn 0.9134 0.3858 -0.1417
vn 0.9921 -0.1496 -0.0079
vn 0.4567 -0.1496 -0.8740
vn 0.0236 -0.0787 1.0000
vn -0.1102 0.1575 0.9843
vn 0.1102 0.1575 0.9843
vn -0.9134 -0.0079 -0.4016
vn -0.6378 0.6850 -0.3465
vn -0.5748 0.6693 -0.4724
vn -0.6378 0.6850 -0.3543
vn -0.5039 0.4882 -0.7087
vn -0.9213 0.3858 -0.0787
vn -0.4252 0.9055 -0.0236
vn -0.4173 0.9055 -0.1181
vn -0.0079 0.5906 0.8110
vn 0.0079 0.5906 0.8110
vn 0.4488 0.6535 -0.6063
vn 0.4724 0.6535 -0.5906
vn 0.4488 0.6614 -0.6063
vn -0.4488 0.6535 -0.6063
vn -0.4488 0.6614 -0.6063
vn -0.4724 0.6535 -0.5906
vn -0.0945 0.0079 0.9921
vn 0.8189 -0.1575 -0.5591
vn 0.8110 -0.1496 -0.5591
vn 0.6299 0.1496 -0.7638
vn 0.6142 0.1654 -0.7717
vn 0.9213 0.3858 -0.0787
vn 0.9685 0.0000 0.2520
vn -0.0866 0.7559 0.6457
vn -0.9685 -0.1811 0.1654
vn -0.5827 0.8032 0.1339
vn 0.7165 -0.0157 0.6929
vn 0.3701 0.8583 0.3465
vn -0.1732 0.9055 -0.3937
vn -0.3701 0.8740 -0.3150
vn 0.3701 0.8740 -0.3150
vn 0.1732 0.9055 -0.3937
vn 0.1654 0.9055 -0.3937
vn 0.0236 0.9291 0.3622
vn 0.0709 -0.1968 0.9764
vn -0.9843 0.1496 -0.1181
vn 0.5197 0.5748 -0.6299
vn 0.5748 0.1575 -0.8032
vn -0.3858 0.8976 -0.2205
vn -0.0709 0.8976 -0.4409
vn -0.0630 0.5276 0.8504
vn 0.4173 0.9055 -0.1181
vn 0.4252 0.9055 -0.0236
vn 0.5591 0.5276 0.6457
vn 0.3701 0.9055 0.1968
vn 0.4173 0.9055 -0.0866
vn -0.9291 -0.1654 0.3150
vn -0.1575 -0.6693 -0.7244
vn -0.9055 0.1811 0.3780
vn 0.1575 -0.6693 -0.7244
vn 0.4173 -0.7244 -0.5433
vn 0.5748 0.4252 -0.7008
vn -0.1654 0.9764 0.1260
vn -0.0236 0.9843 0.1654
vn -0.1181 0.2205 0.9685
vn 0.5748 0.6693 -0.4724
vn 0.6378 0.6850 -0.3465
vn -0.3780 -0.1811 0.9055
vn 0.8032 -0.1811 0.5748
vn -0.5591 0.8032 0.1968
vn -0.5039 0.7323 0.4567
vn -0.6220 0.7559 0.2047
vn 0.7559 0.3780 0.5354
vn 0.7165 0.5039 0.4724
vn 0.1181 0.8032 0.5906
vn 0.1260 0.8032 0.5906
vn 0.3543 0.7717 0.5276
vn 0.9291 -0.1654 0.3150
vn -0.9921 -0.0866 0.1260
vn -0.2205 -0.9764 -0.0157
vn -0.1260 -0.6378 -0.7638
vn 0.2835 -0.7480 -0.5984
vn -0.3937 0.8189 0.4252
vn -0.3858 0.8189 0.4252
vn 0.2205 -0.9764 -0.0157
vn 0.6220 0.7559 0.2047
vn -0.3150 0.7795 0.5433
vn -0.2126 0.7638 0.6063
vn -0.0787 0.7874 -0.6063
vn 0.3858 0.8189 0.4252
vn 0.3937 0.8189 0.4252
vn -0.5197 0.7323 0.4331
vn -0.5118 0.7323 0.4488
vn 0.0787 0.7874 -0.6063
vn -0.0315 0.9370 -0.3386
vn -0.0551 0.9370 -0.3386
vn -0.1654 0.6299 0.7638
vn 0.5118 0.7323 0.4488
vn 0.5197 0.7323 0.4331
vn -0.6693 -0.4252 0.6063
vn -0.6535 -0.3543 0.6693
vn 0.7087 0.6457 -0.2835
vn 0.7480 0.6299 -0.2126
vn -0.8819 -0.2520 0.3937
vn -0.4331 -0.8661 -0.2441
vn -0.3543 -0.8583 -0.3622
vn 0.4331 -0.8661 -0.2441
vn -0.5827 -0.6142 0.5276
vn -0.1732 0.4803 0.8583
vn 0.3543 -0.8583 -0.3622
vn 0.3701 -0.5512 0.7480
vn -0.7087 0.6457 -0.2835
vn -0.7480 0.6299 -0.2126
vn -0.0551 -0.8976 0.4331
vn -0.2205 -0.9606 0.1732
vn 0.0551 -0.8976 0.4331
vn -0.5827 -0.8110 -0.0394
vn 0.2205 -0.9606 0.1732
vn 0.0157 -0.9606 0.2835
vn -0.0157 -0.9606 0.2835
vn -0.3386 0.9370 -0.0945
vn 0.4409 -0.8110 -0.3858
vn 0.0630 0.9213 -0.3858
vn 0.0079 0.9213 -0.3937
vn -0.1181 0.4488 0.8898
vn -0.2598 0.9449 -0.2205
vn -0.2205 -0.8110 0.5433
vn 0.1181 0.4488 0.8898
vn 0.3386 0.9370 -0.0945
vn 0.2598 0.9449 -0.2205
vn -0.9055 -0.1811 0.3780
vn 0.6850 0.2677 0.6772
vn -0.8189 -0.1575 -0.5591
vn -0.4803 0.7559 -0.4488
vn 0.5906 -0.7638 0.2598
vn 0.5276 -0.7559 0.3858
vn 0.5669 -0.8189 0.0157
vn -0.0236 0.9843 -0.1575
vn -0.3543 0.7717 0.5276
vn -0.1260 0.8032 0.5906
vn -0.3465 0.7717 0.5276
vn -0.1181 0.8032 0.5906
vn -0.0945 -0.8110 -0.5748
vn -0.1654 -0.7638 0.6220
vn -0.0236 -0.7559 0.6535
vn -0.1575 0.9606 -0.2126
vn 0.3386 -0.8110 -0.4803
vn 0.3228 0.7323 0.5984
vn 0.2283 0.7244 0.6535
vn 0.6535 0.5669 0.4961
vn 0.5591 0.8032 0.1968
vn 0.5039 0.7323 0.4567
vn -0.3228 -0.5276 0.7874
vn -0.7165 0.6850 -0.1260
vn 0.0079 0.8425 0.5354
vn -0.0079 0.8425 0.5354
vn 0.7165 0.6929 -0.1260
vn 0.6614 0.4252 0.6220
vn -0.7402 0.1811 0.6457
vn -0.7087 0.7008 -0.1181
vn 0.7087 0.7008 -0.1181
vn 0.9843 0.1811 0.0709
vn 0.0630 -0.3307 0.9449
vn -0.6535 -0.7480 -0.1024
vn -0.6378 -0.7323 -0.2362
vn -0.5591 -0.8189 0.1260
vn 0.8661 -0.3386 0.3780
vn -0.8032 -0.3543 -0.4803
vn -0.6929 -0.5276 -0.4961
vn -0.2283 0.9606 -0.1339
vn 0.1417 0.9921 -0.0472
vn 0.4646 -0.8268 -0.2992
vn 0.8425 -0.5276 -0.1417
vn -0.3858 0.9213 0.0866
vn -0.2835 0.9449 0.1890
vn 0.2835 0.9449 0.1890
vn 0.3858 0.9213 0.0866
vn 0.0787 -0.4173 -0.9055
vn 0.1181 -0.8898 -0.4409
vn -0.3071 -0.9528 -0.0236
vn -0.0945 -0.9370 -0.3386
vn 0.3071 -0.9528 -0.0236
vn 0.0945 -0.9370 -0.3386
vn 0.5512 -0.5039 0.6614
vn 0.4331 -0.5039 0.7480
vn -0.1024 0.7402 0.6614
vn 0.1024 0.7402 0.6614
vn -0.2047 0.9685 0.1339
vn 0.2126 0.9685 0.1339
vn 0.0079 0.9843 -0.1811
vn -0.0079 0.9843 -0.1811
vn -0.9685 0.1811 0.1654
vn -0.4173 0.8898 0.1811
vn -0.2283 -0.8898 0.3937
vn 0.1417 -0.8661 0.4724
vn 0.0000 0.9921 0.1102
vn -0.4567 -0.5591 -0.6929
vn 0.4173 0.8898 0.1811
vn -0.3228 -0.5669 -0.7559
vn -0.4961 0.5276 0.6929
vn -0.3228 0.8976 0.2992
vn 0.3307 0.8976 0.2992
vn 0.5197 -0.7717 -0.3622
vn 0.6299 -0.7402 -0.2441
vn 0.1417 0.5276 0.8425
vn -0.5591 0.6850 -0.4646
vn 0.8032 0.1811 0.5748
vn -0.2441 0.6850 -0.6850
vn -0.3543 0.9370 -0.0315
vn 0.1496 0.7480 0.6535
vn 0.7953 -0.4488 0.4016
vn 0.5827 -0.4803 0.6535
vn -0.8504 -0.5276 -0.0630
vn 0.4961 0.7165 0.4882
vn -0.0709 -0.9685 -0.2441
vn 0.0709 -0.9685 -0.2441
vn 0.6457 -0.5276 -0.5591
vn -0.3858 -0.8110 -0.4409
vn 0.0394 -0.8110 -0.5827
vn 0.6929 -0.7165 0.0000
vn -0.3150 -0.9370 0.1732
vn -0.8898 -0.4331 -0.1575
vn -0.7638 -0.4488 -0.4646
vn -0.0394 -0.9921 -0.0866
vn 0.0394 -0.9921 -0.0866
vn 0.3150 -0.9370 0.1732
vn -0.3071 -0.9528 0.0551
vn 0.3071 -0.9528 0.0551
vn -0.0394 0.8110 0.5827
vn 0.3858 0.8110 0.4409
vn -0.3150 0.9370 -0.1732
vn 0.0394 0.9921 0.0866
vn -0.0394 0.9921 0.0866
vn 0.3150 0.9370 -0.1732
vn -0.6457 0.5276 0.5591
vn -0.4016 -0.7874 0.4646
vn -0.5354 -0.7480 0.3858
vn 0.5669 -0.4961 -0.6535
vn 0.8110 -0.4409 -0.3937
vn 0.8504 0.5276 0.0630
vn -0.1890 -0.9134 -0.3622
vn -0.0709 -0.8976 -0.4331
vn -0.2992 -0.9449 -0.1260
vn -0.6693 -0.7165 0.1811
vn 0.2441 -0.6850 0.6850
vn 0.5591 -0.6850 0.4646
vn -0.3071 0.9528 -0.0630
vn 0.3071 0.9528 -0.0630
vn -0.1417 0.8661 -0.4724
vn 0.2283 0.8898 -0.3937
vn -0.8032 -0.1811 -0.5748
vn -0.4961 -0.7165 -0.4882
vn -0.1417 -0.5276 -0.8425
vn 0.4961 -0.5276 -0.6929
vn -0.1496 -0.7480 -0.6535
vn -0.0236 -0.8819 0.4724
vn -0.1575 -0.8661 0.4724
vn 0.1890 -0.9291 0.3228
vn 0.3543 -0.9370 0.0315
vn -0.0709 0.9685 0.2441
vn 0.0709 0.9685 0.2441
vn 0.9685 -0.1811 -0.1654
vn -0.5512 0.5039 -0.6614
vn -0.4331 0.5039 -0.7480
vn 0.6535 -0.7559 0.0157
vn 0.5984 -0.7559 -0.2756
vn 0.0000 -0.9921 -0.1102
vn 0.3228 0.5669 0.7559
vn 0.5669 -0.5669 -0.5984
vn 0.4567 0.5591 0.6929
vn -0.0079 -0.9843 0.1811
vn 0.0079 -0.9843 0.1811
vn 0.7559 0.1811 -0.6299
vn -0.2047 -0.9685 -0.1339
vn 0.2047 -0.9685 -0.1339
vn 0.5197 -0.2992 -0.8032
vn 0.5906 -0.2362 -0.7717
vn -0.3858 -0.9213 -0.0866
vn -0.3228 -0.8976 -0.2992
vn -0.2835 -0.9449 -0.1890
vn 0.3307 -0.8976 -0.2992
vn 0.2835 -0.9449 -0.1890
vn 0.3858 -0.9213 -0.0866
vn -0.1417 -0.9921 0.0472
vn 0.2283 -0.9606 0.1339
vn -0.4173 -0.8898 -0.1811
vn -0.3307 -0.6850 -0.6457
vn -0.0157 -0.6693 -0.7402
vn -0.0945 0.9370 0.3386
vn 0.9134 0.2441 -0.3307
vn 0.7953 0.0079 -0.6063
vn 0.4803 0.1496 -0.8661
vn 0.0945 0.9370 0.3386
vn -0.3071 0.9528 0.0236
vn 0.4173 -0.8898 -0.1811
vn 0.3071 0.9528 0.0236
vn -0.9843 -0.1811 -0.0709
vn -0.8425 0.5276 0.1417
vn -0.1181 0.8898 0.4409
vn 0.4646 0.0236 -0.8819
vn 0.5906 0.0315 -0.8032
vn 0.7402 -0.1811 -0.6457
vn -0.9606 -0.1890 -0.1968
vn -0.8110 -0.1890 -0.5591
vn -0.1024 -0.7402 -0.6614
vn 0.1024 -0.7402 -0.6614
vn -0.8661 0.3386 -0.3780
vn 0.8583 -0.2126 0.4724
vn 0.5984 -0.2283 0.7638
vn 0.6929 0.5276 0.4961
vn -0.0630 0.3307 -0.9449
vn -0.0787 0.4173 0.9055
vn 0.8661 -0.2126 -0.4646
vn -0.4646 0.8268 0.2992
vn 0.4409 0.3071 -0.8425
vn 0.5748 0.2677 -0.7717
vn -0.4803 -0.8583 0.1968
vn -0.5039 -0.8583 0.0394
vn -0.6378 -0.7559 0.1496
vn -0.4961 -0.7638 0.4094
vn -0.7165 -0.6929 0.1260
vn -0.0079 -0.8425 -0.5354
vn 0.0079 -0.8425 -0.5354
vn 0.7165 -0.6929 0.1260
vn -0.2047 0.0866 -0.9764
vn -0.2283 0.1732 -0.9606
vn 0.4488 0.2913 -0.8425
vn -0.2913 -0.0315 -0.9606
vn -0.3701 0.0630 -0.9291
vn 0.8032 0.3543 0.4803
vn 0.4409 0.4646 -0.7717
vn 0.5512 0.4173 -0.7244
vn 0.9606 0.1496 -0.2441
vn 0.8189 -0.0787 -0.5669
vn -0.4252 -0.8819 -0.2047
vn -0.4409 0.8110 0.3858
vn -0.0315 -0.6299 0.7795
vn -0.3543 -0.6220 0.7008
vn 0.0236 0.7559 -0.6535
vn -0.3622 -0.5984 0.7165
vn -0.3465 -0.5276 0.7717
vn 0.1654 0.7638 -0.6220
vn -0.1732 0.2992 -0.9370
vn -0.5197 0.1811 -0.8346
vn -0.7323 0.4173 -0.5433
vn 0.5827 0.8110 0.0394
vn -0.3465 -0.1811 -0.9213
vn -0.4646 -0.0866 -0.8819
vn -0.3386 0.8110 0.4803
vn 0.7323 -0.6299 0.2441
vn 0.4724 0.5984 -0.6457
vn 0.5354 0.5433 -0.6457
vn 0.0945 0.8110 0.5748
vn 0.9134 -0.4094 0.0000
vn 0.3858 -0.9134 0.1102
vn 0.4646 -0.8661 0.2047
vn 0.1496 -0.9921 0.0315
vn -0.2205 0.9606 -0.1732
vn -0.7087 -0.7008 0.1181
vn -0.0551 0.8976 -0.4331
vn 0.0551 0.8976 -0.4331
vn 0.2205 0.9606 -0.1732
vn -0.2992 0.3701 0.8819
vn 0.0551 0.2520 0.9685
vn 0.3858 0.4646 0.7953
vn 0.7087 -0.7008 0.1181
vn 0.4961 -0.8583 0.1260
vn 0.4488 -0.8504 0.2756
vn 0.6535 0.7559 0.0079
vn 0.7559 0.6535 0.0079
vn -0.3701 0.5512 -0.7480
vn 0.1575 -0.9606 0.2126
vn 0.9843 0.0236 -0.1575
vn 0.8504 -0.1890 -0.4882
vn 0.5827 0.6142 -0.5276
vn -0.6535 -0.4567 0.5984
vn -0.3307 -0.2756 0.9055
vn -0.6850 -0.2362 0.6929
vn -0.1181 0.1811 -0.9764
vn -0.5039 0.0866 -0.8583
vn -0.2520 -0.3386 0.9055
vn -0.7323 -0.5827 0.3543
vn -0.7874 -0.6142 0.0000
vn 0.5433 0.5197 0.6535
vn 0.8032 0.4567 0.3858
vn -0.7874 -0.6220 -0.0315
vn -0.3858 -0.4803 -0.7874
vn -0.0157 -0.4488 -0.8976
vn -0.5591 -0.5276 -0.6457
vn 0.0236 -0.9843 0.1575
vn 0.8819 0.0236 -0.4724
vn -0.9843 0.0551 -0.1890
vn -0.8110 0.0709 -0.5748
vn 0.0630 -0.5276 -0.8504
vn 0.4803 -0.7559 0.4488
vn 0.9685 0.1575 0.1968
vn 0.9134 0.3858 0.1260
vn 0.9213 0.3071 0.2283
vn 0.8268 0.5039 0.2441
vn 0.8583 0.4252 0.2835
vn -0.8740 -0.4094 0.2598
vn 0.8819 0.2205 -0.4094
vn 0.9449 0.1102 -0.3150
vn 0.8740 0.0236 0.4803
vn 0.5984 0.0315 0.8032
vn -0.2598 -0.9449 0.2205
vn -0.3386 -0.9370 0.0945
vn 0.0236 -0.9843 -0.1654
vn -0.9449 0.1575 0.2835
vn -0.8819 0.2362 0.4016
vn -0.8740 0.3858 0.3071
vn -0.9291 0.3071 0.2205
vn 0.1654 -0.9764 -0.1260
vn -0.4016 -0.3937 -0.8268
vn -0.5276 -0.3386 -0.7795
vn 0.2598 -0.8583 0.4488
vn 0.2598 -0.9449 0.2205
vn -0.8504 0.4961 0.1575
vn -0.8976 0.4173 0.1339
vn 0.3386 -0.9370 0.0945
vn 0.0709 -0.8976 0.4409
vn 0.3780 -0.8976 0.2205
vn -0.0866 0.0315 -0.9921
vn -0.4724 -0.0472 -0.8819
vn 0.3465 0.5906 0.7323
vn -0.3622 0.2520 0.8976
vn 0.0315 0.1496 0.9843
vn -0.6693 0.5433 -0.5118
vn -0.9370 -0.0709 0.3465
vn -0.8740 -0.0394 0.4803
vn 0.9843 -0.0709 0.1496
vn 1.0000 -0.0472 0.0079
vn -0.8032 0.1811 -0.5748
vn -0.3543 0.8583 0.3622
vn -0.4331 0.8661 0.2441
vn 0.3543 0.8583 0.3622
vn 0.4331 0.8661 0.2441
vn -0.0157 0.9606 -0.2835
vn 0.0157 0.9606 -0.2835
vn 0.8583 0.2283 -0.4567
vn 0.1102 -0.1968 -0.9764
vn -0.7087 0.5512 -0.4331
vn -0.8740 0.4724 -0.0945
vn -0.7165 0.6535 0.2598
vn -0.1732 -0.0236 0.9843
vn -0.3150 -0.0079 0.9449
vn -0.4488 -0.2520 -0.8583
vn -0.0394 -0.1968 -0.9764
vn 0.5512 0.4094 0.7244
vn 0.8346 0.3622 0.4173
vn -0.3701 -0.8583 -0.3465
vn -0.8661 -0.3307 0.3780
vn -0.8110 -0.3701 0.4567
vn -0.2598 0.3071 -0.9134
vn 0.5827 -0.8032 -0.1339
vn -0.9528 0.2520 -0.1654
vn -0.7795 0.2992 -0.5433
vn -0.1181 -0.4488 -0.8898
vn 0.7480 -0.4646 0.4803
vn 0.8032 -0.5906 0.0866
vn 0.6850 -0.5984 0.4252
vn 0.9764 -0.0079 -0.2126
vn 0.1181 -0.4488 -0.8898
vn -0.0157 0.9764 0.2126
vn 0.1417 0.9764 0.1575
vn -0.0787 -0.7874 0.6063
vn -0.2835 0.7480 0.5984
vn 0.0787 -0.7874 0.6063
vn -0.6220 -0.7559 -0.2047
vn 0.8583 0.2362 0.4646
vn 0.5748 0.2677 0.7717
vn 0.8425 0.3543 -0.4094
vn 0.9685 0.1811 -0.1654
vn 0.1260 0.6378 0.7638
vn 0.9370 -0.3386 0.1102
vn 0.9213 -0.3780 0.0157
vn -0.9843 0.1811 -0.0709
vn -0.3701 -0.9055 -0.1968
vn 0.6220 -0.7559 -0.2047
vn -0.4173 0.7244 0.5433
vn 0.8189 0.4409 -0.3701
vn -0.7480 0.4488 -0.4961
vn -0.9134 0.3780 -0.1260
vn 0.7008 -0.2520 0.6693
vn 0.9843 -0.1811 -0.0394
vn 0.8425 -0.3701 -0.3937
vn -0.6850 -0.6535 0.3228
vn -0.8661 -0.4331 -0.2441
vn -0.9685 0.0079 -0.2520
vn 0.6535 -0.7480 -0.1260
vn 0.7638 -0.6220 0.1654
vn -0.3780 -0.9055 -0.1890
vn -0.4961 -0.8661 0.0787
vn -0.9213 -0.3858 0.0787
vn -0.2205 0.9764 0.0157
vn -0.1575 0.6693 0.7244
vn -0.0472 -0.4094 0.9134
vn -0.4252 -0.3858 0.8189
vn 0.0630 -0.3150 -0.9449
vn 0.1575 0.6693 0.7244
vn 0.2205 0.9764 0.0157
vn -0.7008 0.7087 -0.0866
vn 0.0945 -0.0079 -0.9921
vn -0.4173 -0.9055 0.0866
vn -0.1575 0.2677 0.9528
vn -0.2992 0.2283 0.9291
vn 0.7402 0.1811 -0.6457
vn -0.2047 0.1654 -0.9685
vn -0.1417 0.0236 -0.9921
vn -0.0236 -0.9291 -0.3622
vn -0.2520 0.0945 0.9606
vn -0.0079 -0.5906 -0.8110
vn -0.2047 0.3780 0.9055
vn 0.0079 -0.5906 -0.8110
vn 0.9213 -0.3858 0.0787
vn 0.7008 0.7087 -0.0866
vn 0.6535 0.0157 0.7559
vn -0.1102 -0.2205 -0.9685
vn -0.4173 -0.6142 -0.6693
vn -0.4882 -0.6299 -0.6063
vn -0.8740 -0.2205 -0.4252
vn -0.8504 0.0551 -0.5197
vn -0.8189 0.2992 -0.4961
vn -0.1654 -0.1811 -0.9685
vn -0.9528 0.2283 -0.2126
vn 0.7323 0.2598 0.6299
vn 0.5984 0.5433 0.5827
vn -0.0236 -0.1811 0.9843
vn -0.4409 -0.1260 0.8898
vn -0.0079 0.0236 1.0000
vn -0.4016 0.1024 0.9055
vn 0.7480 -0.6535 0.0945
vn 0.6220 0.2677 0.7323
vn -0.9134 -0.4016 -0.0236
vn 0.5748 -0.1811 -0.8032
vn -0.1732 0.4252 0.8898
vn -0.2992 0.3780 0.8740
vn -0.1496 -0.4882 -0.8583
vn -0.4882 0.2126 -0.8425
vn 0.9134 -0.4094 0.0787
vn 0.7795 -0.5669 -0.2598
vn -0.9764 0.1417 -0.1732
vn 0.7717 0.1732 0.6142
vn 0.7795 0.2913 -0.5591
vn -0.2835 0.2362 0.9291
vn -0.3543 0.0945 0.9291
vn 0.6220 0.4094 0.6693
vn -0.2992 0.8661 -0.4094
vn -0.9921 0.0157 -0.1181
vn -0.1968 0.8425 -0.5039
vn 0.5039 -0.4882 0.7087
vn 0.8110 0.0472 0.5827
vn -0.5748 0.8110 0.0945
vn 0.9134 0.0079 0.4016
vn 0.2992 0.8661 -0.4094
vn 0.1968 0.8425 -0.5039
vn -0.7874 0.4409 -0.4252
vn -0.7795 0.4882 0.4016
vn -0.2441 0.5669 0.7874
vn -0.3071 0.5039 0.8110
vn -0.1890 -0.9685 -0.1417
vn -0.0315 -0.9843 -0.1811
vn 0.4567 -0.8583 0.2283
vn -0.6457 0.7559 -0.1339
vn -0.1575 0.9764 0.1417
vn -0.3780 -0.1496 0.9134
vn -0.0551 0.5984 -0.7953
vn 0.7874 -0.3780 0.4882
vn 0.2283 -0.8819 0.4173
vn 0.0551 0.5984 -0.7953
vn 0.2126 0.9764 0.0157
vn -0.3386 -0.8268 -0.4488
vn 0.6457 0.7559 -0.1339
vn -0.6142 0.7559 0.2283
vn -0.7480 0.5748 -0.3465
vn 0.4803 0.8110 0.3386
vn -0.2520 -0.6850 -0.6850
vn -0.4882 -0.6220 -0.6142
vn -0.6929 0.0000 0.7244
vn 0.9685 -0.2283 -0.0945
vn 0.8661 -0.4961 -0.0315
vn 0.7795 -0.5433 -0.3228
vn -0.1102 -0.1575 -0.9843
vn -0.6614 -0.6457 -0.3858
vn 0.1102 -0.1575 -0.9843
vn -0.9134 -0.3858 0.1417
vn 0.2992 0.3307 0.8976
vn 0.8189 -0.1496 0.5512
vn -0.9921 -0.0945 0.0236
vn 0.9134 -0.3858 0.1417
vn 0.2126 -0.9685 -0.1181
vn -0.5354 -0.0866 -0.8346
vn -0.2913 -0.4252 0.8583
vn -0.0315 -0.3150 -0.9449
vn 0.0315 -0.3150 -0.9449
vn 0.9921 -0.0945 0.0236
vn 0.8504 0.0000 -0.5197
vn -0.0157 -0.6929 -0.7244
vn 0.0236 -0.5039 -0.8661
vn -0.1339 -0.5118 0.8504
vn 0.1339 -0.5118 0.8504
vn -0.9528 -0.2677 -0.1181
vn -0.8583 -0.4646 -0.2283
vn 0.0315 -0.9843 0.1890
vn 0.4724 -0.2205 0.8504
vn 0.1575 -0.9843 0.1024
vn -0.5354 -0.3622 -0.7638
vn -0.3701 -0.8032 -0.4646
vn -0.3307 -0.8504 -0.4016
vn -0.0394 0.7244 -0.6929
vn 0.2126 -0.2835 -0.9370
vn 0.0394 0.7244 -0.6929
vn -0.1811 0.3543 0.9213
vn -0.3858 -0.8661 0.3150
vn 0.8504 -0.2756 -0.4409
vn 0.1811 0.3543 0.9213
vn -0.0236 -0.8425 -0.5354
vn 0.8583 -0.4646 -0.2283
vn -0.3701 -0.1811 0.9134
vn -0.8976 0.4016 -0.1575
vn 0.4173 -0.8740 -0.2520
vn 0.4094 0.0472 0.9134
vn -0.6772 0.2047 0.7087
vn 0.8976 0.4016 -0.1575
vn -0.8819 0.4724 -0.0787
vn -0.8504 0.5276 -0.0630
vn -0.9843 0.1890 -0.0236
vn -0.0945 0.1260 -0.9843
vn 0.0945 0.1260 -0.9843
vn -0.2441 0.9134 -0.3307
vn -0.0551 0.2677 -0.9606
vn 0.0551 0.2677 -0.9606
vn 0.2441 0.9134 -0.3307
vn -0.6929 -0.0315 -0.7244
vn 0.8819 0.4724 -0.0787
vn -0.4488 -0.0394 -0.8976
vn -0.6693 0.3307 0.6693
vn -0.7087 -0.5827 -0.3937
vn 0.0394 -0.0394 -1.0000
vn -0.0394 -0.0394 -1.0000
vn -0.6850 -0.6850 0.2362
vn -0.4961 -0.6299 -0.5984
vn -0.1181 -0.6299 0.7638
vn 0.9843 0.1890 -0.0236
vn 0.0709 -0.7874 0.6142
vn 0.6457 0.5276 -0.5591
vn -0.3307 0.9213 -0.2126
vn -0.4803 -0.8346 0.2598
vn 0.7087 -0.5827 -0.3937
vn 0.4961 -0.6299 -0.5984
vn -0.6535 0.4252 0.6220
vn 0.3307 0.9213 -0.2126
vn -0.0709 0.4173 -0.9055
vn -0.1654 -0.2283 0.9606
vn 0.0709 0.4173 -0.9055
vn 0.1654 -0.2283 0.9606
vn -0.5906 -0.5197 -0.6142
vn -0.1811 0.0551 0.9843
vn 0.1811 0.0551 0.9843
vn -0.9606 -0.1732 -0.2283
vn 0.5906 -0.5197 -0.6142
vn -0.1732 -0.9843 -0.0394
vn -0.8661 -0.5039 0.0157
vn -0.9764 0.1102 -0.2047
vn 0.2913 0.0472 0.9528
vn -0.0394 -0.9921 -0.1024
vn 0.3071 -0.5118 -0.8032
vn 0.9606 -0.1732 -0.2283
vn -0.6929 0.5276 -0.4961
vn 0.3858 -0.5984 0.7008
vn -0.6850 -0.7087 0.1654
vn 0.9764 0.1102 -0.2047
vn 0.9134 -0.2756 0.2992
vn -0.8976 0.1339 0.4173
vn 0.5591 0.0236 0.8268
vn 0.3780 -0.7165 -0.5827
vn -0.7717 -0.5118 -0.3780
vn 0.9843 -0.1811 0.0000
vn 0.7717 -0.5118 -0.3780
vn 0.4016 -0.8976 -0.1575
vn -0.0709 -0.9843 -0.1654
vn -0.2126 0.9764 -0.0157
vn -0.6378 0.7638 0.0866
vn 0.3386 0.3071 -0.8898
vn 0.0472 0.2913 -0.9528
vn 0.1575 0.9764 -0.1417
vn -0.1260 0.9764 0.1732
vn -0.9843 -0.0945 0.1496
vn 0.8425 0.5276 -0.1417
vn 0.5118 -0.1496 -0.8504
vn 0.6378 0.7638 0.0866
vn 0.0315 0.9764 0.2047
vn 0.6929 -0.7165 -0.0551
vn -0.4882 -0.6457 0.5827
vn 0.9843 -0.0945 0.1496
vn -0.6457 -0.1811 -0.7402
vn -0.8346 -0.4409 0.3307
vn 0.2047 -0.9764 -0.0630
vn -0.5827 0.8110 -0.0394
vn 0.0709 -0.1811 -0.9843
vn 0.4409 0.8110 -0.3858
vn -0.9055 -0.1732 0.3937
vn -0.8189 0.1260 -0.5669
vn 0.0472 -0.7480 -0.6614
vn 0.3386 -0.7244 -0.5984
vn 0.8346 -0.5197 0.1732
vn 0.0079 -0.7244 0.6929
vn 0.9213 0.3937 0.0000
vn -0.7638 -0.4488 -0.4724
vn 0.5118 -0.2362 -0.8268
vn 0.6772 -0.7323 0.0236
vn -0.9685 0.1890 0.1417
vn -0.2047 0.9764 0.0315
vn -0.8661 0.4803 0.1260
vn 0.9685 0.1890 0.1417
vn -0.5748 -0.6142 0.5354
vn 0.1732 0.9764 0.1260
vn -0.7402 -0.6063 0.2913
vn -0.2677 -0.7638 0.5827
vn 0.4567 -0.8819 -0.0709
vn 0.8661 0.4803 0.1260
vn 1.0000 0.0236 0.0000
vn 0.5748 -0.6142 0.5354
vn -0.9370 -0.1811 0.2913
vn -0.9528 0.0236 0.3071
vn 0.7402 -0.6063 0.2913
vn -0.1654 0.1811 -0.9685
vn 0.9528 0.3150 0.0000
vn -0.6378 0.4567 0.6220
vn -0.8032 0.4646 0.3780
vn -0.1417 0.9764 -0.1575
vn -0.8268 0.0394 -0.5591
vn -0.7953 -0.3307 -0.5118
vn 0.0157 0.9764 -0.2126
vn -0.5512 -0.3858 -0.7402
vn 0.6378 0.4567 0.6220
vn 0.4567 0.0945 0.8898
vn 0.4488 0.1811 0.8740
vn -0.2520 0.2913 0.9213
vn 0.8032 0.4646 0.3780
vn 0.5512 -0.3858 -0.7402
vn 0.5748 0.1811 -0.8032
vn 0.7953 -0.3307 -0.5118
vn 0.3701 -0.8189 -0.4331
vn -0.6772 -0.3150 -0.6614
vn -0.4016 -0.3150 -0.8583
vn 0.0551 0.0000 -1.0000
vn 0.3858 0.0236 -0.9213
vn 0.9764 0.1968 0.0000
vn -0.8661 0.3937 0.2992
vn -0.6614 -0.2598 -0.7087
vn 0.5039 -0.3465 -0.7874
vn -0.8110 -0.2520 -0.5276
vn -0.5276 0.2520 0.8110
vn 0.6535 -0.2598 -0.7087
vn -0.6614 0.4724 -0.5827
vn -0.4488 0.4252 -0.7874
vn -0.8268 -0.0787 -0.5512
vn -0.4803 0.8110 -0.3386
vn 0.0551 -0.5197 -0.8504
vn 0.6614 0.4724 -0.5827
vn 0.3858 -0.5039 -0.7717
vn 0.2441 -0.2362 0.9370
vn 0.4331 -0.3937 0.8110
vn -0.8661 -0.2441 -0.4409
vn 0.5748 0.8110 -0.0945
vn 0.0551 -0.1890 -0.9843
vn 0.3937 -0.1654 -0.9055
vn 0.8661 -0.2441 -0.4409
vn 0.5512 -0.2598 0.7953
vn 0.0551 -0.3543 -0.9370
vn -0.8110 -0.1496 -0.5669
vn 0.3937 -0.3307 -0.8583
vn -0.5591 -0.2047 -0.8032
vn 0.5591 -0.2047 -0.8032
vn 0.4567 -0.0236 0.8898
vn 0.8110 -0.1496 -0.5669
vn -0.0709 -0.5039 0.8583
vn -0.1732 0.9764 -0.1181
vn 0.4567 -0.1968 0.8661
vn 0.2047 0.9764 -0.0315
vn -0.3386 -0.9134 -0.2205
vn -0.6772 -0.3622 0.6378
vn -0.1024 -0.9134 -0.3858
vn -0.6378 -0.4882 -0.5984
vn -0.8661 -0.3465 0.3622
vn -0.3465 -0.4961 -0.7953
vn -0.8976 0.3150 0.3071
vn -0.8032 0.0157 -0.5906
vn -0.7717 0.2047 -0.6063
vn -0.5512 -0.0394 -0.8346
vn -0.5276 0.1496 -0.8346
vn -0.6693 -0.0709 -0.7402
vn -0.7087 0.1811 0.6850
vn 0.6772 -0.3622 0.6378
vn -0.8976 0.1968 0.4016
vn -0.2047 0.0157 0.9764
vn 0.4882 -0.5039 -0.7165
vn -0.9291 0.1968 0.3150
vn 0.8661 -0.3465 0.3622
vn 0.8032 0.0157 -0.5906
vn 0.5512 -0.0394 -0.8346
vn 0.7717 0.2047 -0.6063
vn 0.5276 0.1496 -0.8346
vn 0.6693 -0.0709 -0.7402
vn -0.3858 -0.5512 0.7402
vn -0.5433 0.5512 -0.6378
vn 0.7087 0.1811 0.6850
vn 0.8976 0.1968 0.4016
vn 0.5433 0.5512 -0.6378
vn -0.1260 -0.3307 0.9370
vn -0.1654 -0.1732 0.9685
vn -0.7087 -0.1811 0.6772
vn -0.9055 -0.1654 0.3858
vn -0.5197 -0.0394 0.8504
vn -0.8898 -0.0551 -0.4567
vn -0.7244 -0.0079 0.6929
vn 0.1968 -0.4173 0.8898
vn -0.9134 0.0000 0.4016
vn -0.5827 -0.6299 -0.5118
vn -0.7244 0.5591 -0.4016
vn -0.2913 -0.6299 -0.7165
vn 0.7087 -0.1811 0.6772
vn -0.6614 0.1024 -0.7402
vn -0.6457 0.1811 -0.7402
vn 0.7244 -0.0079 0.6929
vn 0.9055 -0.1654 0.3858
vn 0.8898 -0.0551 -0.4646
vn -0.4961 -0.7638 -0.4094
vn 0.4409 -0.6693 -0.5984
vn 0.9134 0.0000 0.4016
vn 0.7244 0.5591 -0.4016
vn -0.2205 -0.7638 -0.5984
vn 0.6614 0.1024 -0.7402
vn 0.0709 0.1811 -0.9843
vn 0.0000 -0.8740 0.4803
vn 0.5118 -0.4409 0.7323
vn -0.4488 -0.3858 0.8032
vn -0.6299 0.2913 -0.7165
vn -0.4882 -0.2283 0.8425
vn 0.6299 0.2913 -0.7165
vn -0.0315 0.9764 -0.2047
vn 0.2677 -0.8976 0.3543
vn 0.1260 0.9764 -0.1732
vn -0.8819 0.1181 -0.4646
vn 0.1496 -0.5591 0.8110
vn 0.8740 0.1181 -0.4646
vn -0.8425 0.2992 -0.4488
vn -0.1417 0.5276 -0.8425
vn 0.0945 -0.7087 0.7008
vn 0.4724 -0.5827 0.6614
vn 0.8425 0.2992 -0.4488
vn -0.3858 0.8110 -0.4409
vn 0.4961 0.5276 -0.6929
vn 0.0394 0.8110 -0.5827
vn 0.4016 -0.7323 0.5512
vn -0.5591 0.5276 -0.6457
vn 0.0630 0.5276 -0.8504
vn -0.0945 0.8110 -0.5748
vn 0.3386 0.8110 -0.4803

o egg_designer_2
usemtl tex_egg_designer_2_i006p001x
f 1/1/1 2/2/1 3/3/1
f 1/1/1 3/3/1 4/4/1
f 4/4/2 3/3/2 5/5/2
f 4/4/2 5/5/2 6/6/2
f 7/7/3 8/8/3 9/9/3
f 7/7/3 9/9/3 10/10/3
f 11/4/2 12/3/2 13/5/2
f 11/4/2 13/5/2 14/6/2
f 8/8/4 15/11/4 16/12/4
f 8/8/4 16/12/4 9/9/4
f 17/13/5 1/1/5 4/4/5
f 17/13/5 4/4/5 18/14/5
f 19/1/1 20/2/1 12/3/1
f 19/1/1 12/3/1 11/4/1
f 21/15/6 22/16/6 23/17/6
f 21/15/6 23/17/6 24/18/6
f 25/19/7 26/20/7 27/8/7
f 25/19/7 27/8/7 28/7/7
f 22/16/8 29/21/8 30/22/8
f 22/16/8 30/22/8 23/17/8
f 26/20/9 31/23/9 32/11/9
f 26/20/9 32/11/9 27/8/9
f 33/19/10 34/20/10 8/8/10
f 33/19/10 8/8/10 7/7/10
f 34/20/11 35/23/11 15/11/11
f 34/20/11 15/11/11 8/8/11
f 36/24/12 37/25/12 38/26/12
f 36/24/12 38/26/12 39/27/12
f 40/28/13 36/24/13 39/27/13
f 40/28/13 39/27/13 41/29/13
f 42/30/14 43/31/14 44/32/14
f 42/30/14 44/32/14 45/33/14
f 46/34/15 47/35/16 48/36/17
f 46/34/15 48/36/17 49/37/18
f 48/36/17 50/38/19 51/39/20
f 48/36/17 51/39/20 49/37/18
f 46/34/15 49/37/18 52/40/21
f 46/34/15 52/40/21 53/41/22
f 2/2/23 1/1/23 54/42/23
f 20/2/24 55/19/24 56/7/24
f 20/2/24 56/7/24 12/3/24
f 24/18/25 23/17/25 57/43/25
f 23/17/26 30/22/26 57/43/26
f 58/44/27 59/45/27 60/46/27
f 61/47/28 58/44/28 60/46/28
f 62/44/29 60/46/29 59/45/29
f 63/48/30 61/47/30 60/46/30
f 64/47/31 60/46/31 62/44/31
f 12/3/32 56/7/32 65/10/32
f 12/3/32 65/10/32 13/5/32
f 66/49/33 63/48/33 60/46/33
f 67/50/34 68/51/34 69/52/34
f 70/48/35 60/46/35 64/47/35
f 67/50/36 69/52/36 71/51/36
f 68/51/37 72/53/37 69/52/37
f 73/54/38 66/49/38 60/46/38
f 74/49/39 60/46/39 70/48/39
f 71/51/40 69/52/40 75/53/40
f 72/53/41 76/55/41 69/52/41
f 77/54/42 60/46/42 74/49/42
f 18/14/43 4/4/43 6/6/43
f 18/14/43 6/6/43 78/56/43
f 79/57/44 73/54/44 60/46/44
f 79/57/45 60/46/45 77/54/45
f 76/55/46 80/58/46 69/52/46
f 75/53/47 69/52/47 81/55/47
f 82/59/48 83/60/48 84/61/49
f 28/7/50 27/8/50 85/9/50
f 28/7/50 85/9/50 86/10/50
f 81/55/51 69/52/51 87/58/51
f 80/58/52 88/62/52 69/52/52
f 45/33/53 44/32/53 89/63/53
f 45/33/53 89/63/53 90/64/53
f 88/62/54 91/65/54 69/52/54
f 87/58/55 69/52/55 92/62/55
f 92/62/56 69/52/56 91/65/56
f 49/37/18 51/39/20 93/66/57
f 49/37/18 93/66/57 52/40/21
f 53/41/22 52/40/21 94/67/58
f 53/41/22 94/67/58 95/68/59
f 96/69/48 97/70/60 98/71/61
f 1/1/62 17/13/62 54/42/62
f 59/45/63 58/44/63 99/72/63
f 99/72/63 58/44/63 100/73/63
f 101/74/64 102/75/64 96/69/64
f 101/74/64 96/69/64 98/71/64
f 27/8/65 32/11/65 103/12/65
f 27/8/65 103/12/65 85/9/65
f 59/45/66 99/72/66 62/44/66
f 62/44/66 99/72/66 104/73/66
f 96/69/48 83/60/48 82/59/48
f 96/69/48 82/59/48 97/70/60
f 61/47/67 105/76/68 58/44/68
f 58/44/68 105/76/68 100/73/68
f 10/10/69 9/9/69 106/77/69
f 10/10/69 106/77/69 107/78/69
f 108/79/70 109/80/70 37/25/70
f 108/79/70 37/25/70 36/24/70
f 62/44/71 104/73/71 64/47/71
f 64/47/71 104/73/71 110/76/71
f 63/48/72 111/81/73 61/47/73
f 112/82/74 108/79/74 36/24/74
f 112/82/74 36/24/74 40/28/74
f 113/83/75 114/84/76 48/85/17
f 113/83/75 48/85/17 47/86/16
f 61/47/73 111/81/73 105/76/77
f 9/9/78 16/12/78 115/87/78
f 9/9/78 115/87/78 106/77/78
f 113/83/75 47/86/16 46/88/15
f 64/47/79 110/76/79 70/48/79
f 70/48/79 110/76/79 116/81/79
f 2/2/24 117/19/24 118/7/24
f 2/2/24 118/7/24 3/3/24
f 63/48/80 66/49/80 111/81/80
f 111/81/80 66/49/80 119/89/80
f 120/6/81 121/5/81 122/90/81
f 120/6/81 122/90/81 123/91/81
f 26/20/82 25/19/82 124/42/82
f 70/48/83 116/81/83 74/49/83
f 74/49/83 116/81/83 125/89/83
f 114/84/76 126/92/84 50/93/19
f 114/84/76 50/93/19 48/85/17
f 66/49/85 73/54/85 119/89/85
f 119/89/85 73/54/85 127/94/85
f 128/56/86 120/6/86 123/91/86
f 128/56/86 123/91/86 129/95/86
f 31/23/87 26/20/87 124/42/87
f 50/93/19 126/92/84 51/96/20
f 74/49/88 125/89/88 77/54/88
f 77/54/88 125/89/88 130/94/88
f 73/54/89 79/57/89 127/94/89
f 127/94/89 79/57/89 131/97/89
f 111/81/90 132/98/91 105/76/92
f 77/54/93 130/94/93 79/57/93
f 79/57/93 130/94/93 131/97/93
f 99/72/94 100/73/95 133/99/95
f 134/100/96 135/101/96 22/16/96
f 134/100/96 22/16/96 21/15/96
f 14/6/81 13/5/81 136/90/81
f 14/6/81 136/90/81 137/91/81
f 133/99/95 100/73/95 138/102/95
f 99/72/97 133/99/98 104/73/98
f 104/73/98 133/99/98 139/103/98
f 135/101/99 140/64/99 29/21/99
f 135/101/99 29/21/99 22/16/99
f 132/98/100 111/81/100 141/104/100
f 142/105/101 143/106/102 144/107/103
f 142/105/101 144/107/103 145/108/104
f 132/98/105 146/109/106 147/110/107
f 147/110/107 146/109/106 148/111/108
f 123/91/109 122/90/109 149/80/109
f 123/91/109 149/80/109 150/79/109
f 117/19/110 2/2/110 54/42/110
f 151/112/111 152/113/111 153/114/111
f 151/115/111 148/116/112 152/117/113
f 148/111/114 138/102/114 147/110/114
f 52/40/21 93/66/57 154/118/115
f 52/40/21 154/118/115 94/67/58
f 95/68/59 94/67/58 155/119/116
f 95/68/59 155/119/116 156/120/117
f 100/73/118 147/110/119 138/102/120
f 104/73/121 139/103/121 110/76/121
f 110/76/121 139/103/121 157/110/121
f 158/121/122 159/122/122 43/31/122
f 158/121/122 43/31/122 42/30/122
f 105/76/92 132/98/91 147/110/123
f 129/95/124 123/91/124 150/79/124
f 129/95/124 150/79/124 160/82/124
f 161/123/125 24/18/125 57/43/125
f 30/22/126 162/124/126 57/43/126
f 163/125/127 119/89/127 164/126/127
f 165/127/128 166/128/128 67/50/128
f 67/50/128 166/128/128 68/51/128
f 119/89/129 163/125/130 111/81/130
f 111/81/130 163/125/130 141/104/131
f 165/127/132 67/50/132 167/128/132
f 167/128/132 67/50/132 71/51/132
f 168/117/133 169/116/134 170/115/135
f 170/129/135 171/130/135 168/131/135
f 166/128/136 172/132/136 68/51/136
f 68/51/136 172/132/136 72/53/136
f 173/133/137 174/134/138 133/135/139
f 152/117/113 148/116/112 146/136/140
f 175/59/141 176/60/142 177/61/143
f 178/137/144 179/138/145 173/133/146
f 180/139/147 181/140/148 182/141/149
f 110/76/150 157/110/150 116/81/150
f 116/81/150 157/110/150 183/104/150
f 105/76/151 147/110/119 100/73/118
f 133/99/152 138/102/153 173/142/154
f 138/102/153 184/143/155 173/142/154
f 184/143/155 178/144/156 173/142/154
f 185/138/157 186/133/158 174/134/159
f 174/134/159 186/133/158 133/135/160
f 148/111/161 187/145/162 138/102/162
f 138/102/162 187/145/162 184/143/163
f 181/146/164 179/138/145 178/137/144
f 179/138/165 174/134/138 173/133/137
f 151/115/166 187/147/167 148/116/166
f 179/139/165 181/140/148 180/139/147
f 133/99/168 186/142/168 139/103/169
f 188/143/170 139/103/169 189/144/171
f 186/142/168 189/144/171 139/103/169
f 167/128/172 71/51/172 190/132/172
f 190/132/172 71/51/172 75/53/172
f 191/146/173 189/137/174 185/138/175
f 185/138/175 189/137/174 186/133/176
f 191/148/177 192/149/178 193/150/179
f 172/132/180 194/151/180 72/53/180
f 72/53/180 194/151/180 76/55/180
f 195/69/142 196/70/141 197/71/181
f 198/126/182 125/89/183 199/125/184
f 183/104/185 199/125/184 116/81/186
f 116/81/186 199/125/184 125/89/183
f 185/149/157 192/149/178 191/148/177
f 200/152/187 187/147/167 151/115/166
f 151/112/188 153/114/167 200/153/167
f 200/153/167 153/114/167 201/153/189
f 174/154/190 179/139/191 202/155/192
f 203/136/193 169/116/134 168/117/133
f 41/29/194 39/27/194 204/43/194
f 39/27/195 38/26/195 204/43/195
f 188/143/196 205/145/197 139/103/197
f 205/145/197 169/111/198 139/103/197
f 139/103/197 169/111/198 157/110/199
f 146/109/200 132/98/201 206/156/202
f 174/157/203 202/158/204 185/149/205
f 190/132/206 75/53/206 207/151/206
f 207/151/206 75/53/206 81/55/206
f 195/69/142 176/60/142 175/59/141
f 195/69/142 175/59/141 196/70/141
f 119/89/207 127/94/207 164/126/207
f 164/126/207 127/94/207 208/159/207
f 152/113/208 209/160/209 153/114/210
f 201/161/211 210/162/212 211/163/213
f 212/74/214 213/75/214 195/69/214
f 212/74/214 195/69/214 197/71/214
f 194/151/215 214/164/215 76/55/215
f 76/55/215 214/164/215 80/58/215
f 206/165/216 152/117/217 146/136/217
f 169/116/218 205/147/219 170/115/220
f 170/115/220 205/147/219 215/152/221
f 216/166/222 217/167/223 142/105/101
f 216/166/222 142/105/101 145/108/104
f 209/168/216 152/117/217 206/165/216
f 218/169/224 171/130/219 215/169/219
f 215/169/219 171/130/219 170/129/225
f 153/114/210 209/160/209 219/160/226
f 209/160/227 220/170/228 219/160/229
f 219/160/229 220/170/228 221/170/230
f 169/111/231 203/109/232 157/110/233
f 157/110/233 203/109/232 183/104/234
f 203/109/232 222/156/234 183/104/234
f 222/156/234 223/171/235 183/104/234
f 132/98/201 141/104/236 206/156/202
f 224/172/237 225/173/238 127/94/239
f 127/94/239 225/173/238 208/159/239
f 226/174/240 227/175/237 228/176/241
f 228/176/241 227/175/237 224/177/242
f 141/104/236 229/171/243 206/156/202
f 153/178/244 210/162/212 201/161/211
f 182/179/245 230/180/246 180/181/247
f 125/89/248 198/126/248 130/94/248
f 130/94/248 198/126/248 231/159/248
f 224/172/249 131/97/250 228/182/251
f 6/6/81 5/5/81 232/90/81
f 6/6/81 232/90/81 233/91/81
f 229/183/252 209/168/253 206/165/254
f 227/175/250 234/184/255 224/177/256
f 207/151/257 81/55/257 235/164/257
f 235/164/257 81/55/257 87/58/257
f 231/159/258 236/173/259 130/94/258
f 130/94/258 236/173/259 237/172/260
f 237/177/261 238/175/260 228/176/262
f 228/176/262 238/175/260 226/174/263
f 127/94/250 131/97/250 224/172/249
f 239/12/264 42/30/264 45/33/264
f 239/12/264 45/33/264 240/87/264
f 214/164/265 241/185/265 80/58/265
f 80/58/265 241/185/265 88/62/265
f 224/177/256 234/184/255 225/186/266
f 153/178/267 219/187/268 210/162/269
f 238/175/270 237/177/271 242/184/272
f 168/131/273 171/130/274 243/188/275
f 244/163/276 245/162/277 218/161/278
f 192/181/279 230/180/280 193/179/281
f 130/94/270 237/172/282 131/97/270
f 131/97/270 237/172/282 228/182/283
f 246/34/284 247/37/285 248/40/286
f 246/34/284 248/40/286 249/41/287
f 247/37/285 250/39/288 251/66/289
f 247/37/285 251/66/289 248/40/286
f 249/41/287 248/40/286 252/67/290
f 249/41/287 252/67/290 253/68/291
f 168/117/292 222/165/293 203/136/292
f 242/184/272 237/177/271 236/186/294
f 254/189/295 255/190/295 256/191/295
f 254/189/295 256/191/295 257/192/295
f 243/168/293 222/165/293 168/117/292
f 258/193/296 259/194/297 260/193/298
f 243/188/275 171/130/274 261/188/299
f 262/119/300 263/195/301 264/196/302
f 262/119/300 264/196/302 265/197/303
f 265/197/303 266/198/304 267/199/305
f 265/197/303 268/200/306 266/198/304
f 269/201/307 259/202/307 270/203/307
f 235/164/308 87/58/308 271/185/308
f 271/185/308 87/58/308 92/62/308
f 243/188/309 261/188/310 272/204/311
f 272/204/311 261/188/310 273/204/312
f 241/185/313 274/205/313 88/62/313
f 88/62/313 274/205/313 91/65/313
f 163/125/314 275/206/315 141/104/315
f 141/104/315 275/206/315 229/171/316
f 276/207/314 275/208/314 277/209/314
f 277/209/314 275/208/314 163/210/314
f 276/207/317 229/183/318 275/208/319
f 258/211/314 277/209/314 164/212/314
f 164/212/314 277/209/314 163/210/314
f 276/213/314 278/213/320 220/170/321
f 277/214/314 279/214/314 276/213/314
f 276/213/314 279/214/314 278/213/314
f 277/214/314 258/193/322 279/214/323
f 279/215/324 269/201/325 278/216/326
f 260/217/327 259/202/307 269/201/307
f 243/168/328 223/183/329 222/165/330
f 278/216/331 280/218/332 221/219/333
f 271/185/334 92/62/334 274/205/334
f 274/205/334 92/62/334 91/65/334
f 281/217/335 282/201/336 283/202/337
f 283/202/337 282/201/336 284/203/338
f 218/161/278 245/162/277 171/178/339
f 220/220/340 209/168/253 229/183/252
f 220/170/321 278/213/320 221/170/341
f 279/214/323 258/193/322 260/193/342
f 256/191/343 285/221/344 286/222/345
f 256/191/343 286/222/345 257/192/343
f 286/222/345 285/221/344 287/223/344
f 286/222/345 287/223/344 288/224/344
f 288/224/344 289/225/344 290/226/344
f 288/224/344 287/223/344 289/225/344
f 278/216/326 269/201/325 280/218/346
f 266/198/304 268/200/306 291/227/347
f 268/200/306 292/228/348 291/227/347
f 292/228/348 293/229/349 291/227/347
f 294/230/350 295/231/351 296/232/352
f 210/162/269 219/187/268 297/233/353
f 281/234/354 283/235/355 298/234/356
f 299/236/357 300/237/357 301/238/357
f 299/236/357 301/238/357 302/239/357
f 265/197/303 264/196/302 292/228/348
f 265/197/303 292/228/348 268/200/306
f 208/159/358 303/240/358 296/241/358
f 296/241/358 303/240/358 294/242/359
f 219/187/360 221/219/361 297/233/362
f 303/240/363 304/243/363 294/242/363
f 248/40/286 251/66/289 305/118/364
f 248/40/286 305/118/364 252/67/290
f 226/244/365 306/245/366 227/244/367
f 297/233/362 221/219/361 307/246/362
f 223/171/368 308/206/369 183/104/369
f 183/104/369 308/206/369 199/125/370
f 199/210/370 308/208/370 309/209/370
f 309/209/370 308/208/370 310/207/370
f 308/208/371 223/183/372 310/207/373
f 298/211/370 198/212/370 309/209/370
f 309/209/370 198/212/370 199/210/370
f 272/204/374 311/247/375 310/247/370
f 311/247/370 312/248/370 310/247/370
f 310/247/370 312/248/370 309/248/370
f 309/248/370 312/248/376 298/234/377
f 311/216/378 282/201/379 312/215/380
f 279/215/381 260/217/381 269/201/381
f 234/249/382 227/244/367 313/249/383
f 164/126/384 208/159/384 296/241/384
f 220/220/385 229/183/318 276/207/317
f 295/231/384 258/211/384 296/232/384
f 296/232/384 258/211/384 164/212/384
f 234/184/386 314/250/387 225/186/388
f 295/194/384 259/194/297 258/193/296
f 295/194/384 315/251/389 259/194/390
f 221/219/333 280/218/332 307/246/391
f 298/234/377 312/248/376 281/234/392
f 242/252/393 316/252/394 238/253/395
f 226/253/396 238/253/395 306/254/397
f 171/178/398 245/162/399 261/187/400
f 261/187/400 245/162/399 317/233/401
f 231/159/402 318/241/402 319/240/402
f 319/240/402 318/241/402 320/242/403
f 272/220/404 223/183/329 243/168/328
f 321/231/405 320/230/406 318/232/407
f 273/204/408 311/247/375 272/204/374
f 313/249/383 227/244/367 306/245/366
f 236/186/409 322/250/410 242/184/411
f 282/255/412 323/256/412 284/257/412
f 324/258/413 217/167/223 216/166/222
f 324/258/413 216/166/222 325/259/414
f 323/218/415 282/201/379 311/216/378
f 326/68/416 327/67/417 262/119/300
f 326/68/416 262/119/300 328/120/418
f 327/67/417 329/118/419 263/195/301
f 327/67/417 263/195/301 262/119/300
f 262/119/300 267/199/305 328/120/418
f 262/119/300 265/197/303 267/199/305
f 316/252/394 306/254/397 238/253/395
f 330/246/420 323/218/421 273/219/422
f 273/219/422 323/218/421 311/216/423
f 25/19/424 331/2/424 124/42/424
f 332/84/425 333/92/426 334/93/427
f 332/84/425 334/93/427 335/85/428
f 198/126/429 318/241/429 231/159/429
f 313/260/430 306/261/431 336/262/432
f 321/231/429 318/232/429 298/211/429
f 298/211/429 318/232/429 198/212/429
f 298/234/356 283/235/355 321/235/429
f 321/235/429 283/235/433 337/263/434
f 312/215/435 282/201/435 281/217/435
f 335/36/428 334/38/427 250/39/288
f 335/36/428 250/39/288 247/37/285
f 338/264/436 314/250/387 234/184/386
f 338/264/436 339/265/437 314/250/438
f 234/249/436 313/249/436 338/266/436
f 338/266/436 313/249/436 340/266/436
f 313/260/439 336/262/440 340/267/440
f 340/267/440 336/262/440 341/268/440
f 261/187/441 317/233/442 273/219/442
f 273/219/442 317/233/442 330/246/442
f 342/269/443 343/270/443 344/271/443
f 342/269/443 344/271/443 345/272/443
f 346/269/443 347/270/443 348/271/443
f 346/269/443 348/271/443 349/272/443
f 225/173/444 314/273/445 208/159/444
f 208/159/444 314/273/445 303/240/445
f 310/207/373 223/183/372 272/220/446
f 316/260/447 350/262/448 306/261/410
f 351/274/449 299/236/449 302/239/449
f 351/274/449 302/239/449 352/275/449
f 144/107/103 143/106/102 353/276/450
f 144/107/103 353/276/450 354/277/451
f 354/277/451 355/278/452 356/279/453
f 354/277/451 353/276/450 355/278/452
f 113/280/75 216/281/222 145/282/104
f 341/283/454 336/284/455 357/285/456
f 319/240/457 322/273/457 231/159/458
f 231/159/458 322/273/457 236/173/458
f 242/184/411 322/250/410 358/264/459
f 359/286/459 316/252/459 358/286/459
f 358/286/459 316/252/459 242/252/459
f 360/268/460 350/262/460 359/267/460
f 359/267/460 350/262/460 316/260/461
f 334/93/427 333/92/426 250/96/288
f 344/271/462 361/287/463 362/288/462
f 344/271/462 362/288/462 345/272/462
f 315/289/464 295/231/351 294/230/350
f 362/288/462 361/287/463 363/290/465
f 362/288/462 363/290/465 364/291/465
f 364/291/465 365/292/465 366/293/465
f 364/291/465 363/290/465 365/292/465
f 367/294/466 338/266/467 340/266/468
f 17/13/469 368/295/469 54/42/469
f 369/296/470 31/23/470 124/42/470
f 259/194/390 315/251/389 370/251/471
f 259/202/472 370/297/473 270/203/474
f 348/271/462 371/287/463 372/288/462
f 348/271/462 372/288/462 349/272/462
f 372/288/462 371/287/463 373/290/465
f 372/288/462 373/290/465 374/291/465
f 374/291/465 375/292/465 376/293/465
f 374/291/465 373/290/465 375/292/465
f 377/298/475 21/15/475 24/18/475
f 377/298/475 24/18/475 161/123/475
f 304/299/476 315/289/477 294/230/478
f 270/203/474 370/297/473 378/300/479
f 379/301/480 357/285/481 360/302/482
f 360/302/482 357/285/481 350/303/483
f 380/304/484 350/303/483 357/285/481
f 381/305/485 379/306/486 359/267/487
f 359/267/487 379/306/486 360/268/488
f 382/307/489 381/307/490 358/286/491
f 358/286/491 381/307/490 359/286/492
f 383/308/493 384/309/493 300/237/493
f 383/308/493 300/237/493 299/236/493
f 94/67/58 154/118/115 385/195/494
f 94/67/58 385/195/494 155/119/116
f 155/119/116 386/197/495 387/199/496
f 155/119/116 387/199/496 156/120/117
f 155/119/116 385/195/494 388/196/497
f 155/119/116 388/196/497 386/197/495
f 386/197/495 389/198/498 387/199/496
f 386/197/495 390/200/499 389/198/498
f 391/288/500 392/287/500 393/290/501
f 391/288/500 393/290/501 394/291/501
f 394/291/501 395/292/501 396/293/501
f 394/291/501 393/290/501 395/292/501
f 302/239/502 301/238/502 397/310/502
f 302/239/502 397/310/502 398/311/502
f 358/264/459 322/250/503 382/265/504
f 382/265/504 322/250/503 319/312/505
f 317/313/506 245/314/507 244/315/508
f 20/2/23 19/1/23 399/42/23
f 200/152/509 400/316/510 187/147/511
f 337/289/512 320/230/406 321/231/405
f 401/271/513 392/287/500 391/288/500
f 401/271/513 391/288/500 402/272/513
f 240/87/514 45/33/514 90/64/514
f 240/87/514 90/64/514 403/101/514
f 29/21/515 404/317/515 162/124/515
f 29/21/515 162/124/515 30/22/515
f 405/288/500 406/287/500 407/290/501
f 405/288/500 407/290/501 408/291/501
f 408/291/501 409/292/501 410/293/501
f 408/291/501 407/290/501 409/292/501
f 337/263/434 283/235/433 411/263/516
f 412/318/517 413/319/517 414/320/517
f 412/318/517 414/320/517 415/321/517
f 416/271/513 406/287/500 405/288/500
f 416/271/513 405/288/500 417/272/513
f 380/304/518 357/285/456 336/284/455
f 418/306/519 340/267/520 341/268/521
f 419/105/522 420/106/523 421/107/524
f 419/105/522 421/107/524 422/108/525
f 421/107/524 420/106/523 423/276/526
f 421/107/524 423/276/526 424/277/527
f 424/277/527 423/276/526 425/278/528
f 424/277/527 425/278/528 426/279/529
f 336/262/432 306/261/431 380/322/530
f 427/236/531 428/239/531 429/238/531
f 427/236/531 429/238/531 430/237/531
f 431/274/532 432/275/532 428/239/532
f 431/274/532 428/239/532 427/236/532
f 315/251/533 433/323/534 370/251/535
f 200/153/536 201/153/537 434/324/538
f 306/261/410 350/262/448 380/322/539
f 435/4/2 436/3/2 121/5/2
f 435/4/2 121/5/2 120/6/2
f 352/275/540 302/239/540 398/311/540
f 352/275/540 398/311/540 437/325/540
f 438/326/541 383/308/541 299/236/541
f 438/326/541 299/236/541 351/274/541
f 314/250/438 339/265/437 303/312/542
f 13/5/543 65/10/543 439/78/543
f 13/5/543 439/78/543 136/90/543
f 440/318/544 441/321/544 442/320/544
f 440/318/544 442/320/544 443/319/544
f 339/265/545 304/299/546 303/312/547
f 444/327/548 280/328/548 269/329/549
f 445/14/43 435/4/43 120/6/43
f 445/14/43 120/6/43 128/56/43
f 446/330/550 447/331/550 165/127/550
f 165/127/550 447/331/550 166/128/550
f 194/151/551 448/151/551 214/164/551
f 214/164/551 448/151/551 449/164/551
f 418/332/552 341/283/454 357/285/456
f 450/333/553 181/146/554 178/137/555
f 446/330/556 165/127/556 451/331/556
f 451/331/556 165/127/556 167/128/556
f 447/331/557 452/334/557 166/128/557
f 166/128/557 452/334/557 172/132/557
f 55/19/110 20/2/110 399/42/110
f 331/2/558 25/19/558 28/7/558
f 331/2/558 28/7/558 453/3/558
f 454/67/559 455/118/560 456/195/561
f 454/67/559 456/195/561 457/119/562
f 457/119/562 458/199/563 459/120/564
f 457/119/562 460/197/565 458/199/563
f 415/321/566 414/320/566 461/308/566
f 415/321/566 461/308/566 462/326/566
f 181/140/567 463/335/568 182/141/569
f 464/336/570 450/337/571 184/143/571
f 184/143/571 450/337/571 178/144/572
f 464/338/573 463/339/574 450/333/575
f 339/294/576 338/266/467 367/294/466
f 465/40/577 466/66/578 455/118/560
f 465/40/577 455/118/560 454/67/559
f 467/269/579 468/270/579 416/271/579
f 467/269/579 416/271/579 417/272/579
f 246/34/284 469/35/580 335/36/428
f 246/34/284 335/36/428 247/37/285
f 205/147/581 470/316/582 215/152/583
f 215/152/583 470/316/582 471/340/584
f 472/269/579 473/270/579 401/271/579
f 472/269/579 401/271/579 402/272/579
f 378/341/585 444/327/586 270/342/587
f 270/342/587 444/327/586 269/329/587
f 474/336/588 188/143/589 475/337/589
f 475/337/589 188/143/589 189/144/590
f 191/148/591 193/150/592 476/343/593
f 283/202/594 284/203/595 411/297/596
f 477/26/597 161/123/597 57/43/597
f 38/26/597 478/123/597 204/43/597
f 479/40/598 480/66/599 329/118/419
f 479/40/598 329/118/419 327/67/417
f 481/83/600 332/84/425 335/85/428
f 481/83/600 335/85/428 469/86/580
f 481/83/600 469/86/580 246/88/284
f 202/155/192 179/139/191 180/139/601
f 451/331/602 167/128/602 482/334/602
f 482/334/602 167/128/602 190/132/602
f 476/339/603 475/333/604 191/146/605
f 191/146/605 475/333/604 189/137/606
f 428/239/607 483/311/607 484/310/607
f 428/239/607 484/310/607 429/238/607
f 485/222/608 486/221/609 487/223/609
f 485/222/608 487/223/609 488/224/609
f 488/224/609 489/225/609 490/226/609
f 488/224/609 487/223/609 489/225/609
f 463/339/610 181/146/554 450/333/553
f 463/335/610 491/344/611 492/335/612
f 411/297/596 284/203/595 493/300/613
f 162/124/614 494/29/614 57/43/614
f 34/20/615 33/19/615 495/42/615
f 496/74/616 497/75/616 498/69/616
f 496/74/616 498/69/616 499/71/616
f 500/308/617 427/236/617 430/237/617
f 500/308/617 430/237/617 501/309/617
f 502/124/614 41/29/614 204/43/614
f 187/145/618 400/345/618 184/143/618
f 184/143/618 400/345/618 464/336/618
f 452/334/619 503/346/619 172/132/619
f 172/132/619 503/346/619 194/151/619
f 35/23/620 34/20/620 495/42/620
f 504/326/621 431/274/621 427/236/621
f 504/326/621 427/236/621 500/308/621
f 432/275/622 505/325/622 483/311/622
f 432/275/622 483/311/622 428/239/622
f 506/191/623 486/221/609 485/222/608
f 506/191/623 485/222/608 507/192/623
f 434/340/624 464/338/625 400/316/626
f 476/343/603 508/343/627 509/347/628
f 510/348/629 214/164/630 449/164/631
f 194/151/632 503/346/633 511/349/634
f 194/151/632 511/349/634 448/151/635
f 3/3/32 118/7/32 512/10/32
f 3/3/32 512/10/32 5/5/32
f 434/340/636 400/316/510 200/152/509
f 434/324/637 513/324/638 491/344/639
f 182/141/569 463/335/568 492/335/640
f 180/181/247 230/180/246 202/350/641
f 185/149/205 202/158/204 192/149/642
f 370/297/643 514/351/644 378/300/645
f 307/352/646 280/328/548 444/327/548
f 515/353/647 218/169/648 471/353/649
f 471/353/649 218/169/648 215/169/650
f 214/164/630 510/348/629 516/354/651
f 441/321/652 517/326/652 518/308/652
f 441/321/652 518/308/652 442/320/652
f 476/343/593 193/150/592 508/343/653
f 498/69/654 519/60/654 520/59/654
f 498/69/654 520/59/654 521/70/654
f 522/11/655 158/121/655 42/30/655
f 522/11/655 42/30/655 239/12/655
f 523/189/656 524/190/656 506/191/656
f 523/189/656 506/191/656 507/192/656
f 525/13/5 19/1/5 11/4/5
f 525/13/5 11/4/5 526/14/5
f 527/320/657 528/308/657 529/309/657
f 527/320/657 529/309/657 530/355/657
f 531/68/658 454/67/559 457/119/562
f 531/68/658 457/119/562 459/120/564
f 532/41/659 465/40/577 454/67/559
f 532/41/659 454/67/559 531/68/658
f 457/119/562 456/195/561 533/196/660
f 457/119/562 533/196/660 460/197/565
f 460/197/565 534/198/661 458/199/563
f 460/197/565 535/200/662 534/198/661
f 536/356/663 537/357/663 413/319/663
f 536/356/663 413/319/663 412/318/663
f 538/74/664 539/75/664 540/69/664
f 538/74/664 540/69/664 541/71/664
f 511/358/665 510/359/665 448/360/665
f 448/360/665 510/359/665 449/361/665
f 542/362/665 543/363/665 511/358/665
f 511/358/665 543/363/665 510/359/665
f 434/324/538 201/153/537 513/324/666
f 201/161/667 211/163/668 513/364/669
f 474/336/670 470/345/670 188/143/670
f 188/143/670 470/345/670 205/145/670
f 202/350/671 230/180/280 192/181/279
f 498/69/654 521/70/654 499/71/672
f 413/319/673 544/365/673 545/355/673
f 413/319/673 545/355/673 414/320/673
f 546/366/674 211/367/675 547/368/676
f 547/368/676 211/367/675 297/369/677
f 211/367/675 210/370/678 297/369/677
f 482/334/679 190/132/679 548/346/679
f 548/346/679 190/132/679 207/151/679
f 511/349/634 503/346/633 542/346/680
f 339/294/681 367/294/682 433/323/683
f 470/316/684 474/338/685 471/340/686
f 516/354/651 510/348/629 543/354/687
f 549/41/688 550/40/689 551/67/690
f 549/41/688 551/67/690 552/68/691
f 550/40/689 553/118/692 551/67/690
f 550/40/689 554/66/693 553/118/692
f 509/347/694 515/353/695 471/353/696
f 520/59/654 519/60/654 555/61/697
f 540/69/698 556/70/699 541/71/700
f 540/69/698 557/59/699 556/70/699
f 540/69/698 558/60/699 557/59/699
f 557/59/699 558/60/699 559/61/701
f 31/23/702 369/296/702 560/121/702
f 31/23/702 560/121/702 32/11/702
f 528/308/703 561/236/703 562/237/703
f 528/308/703 562/237/703 529/309/703
f 563/371/704 564/372/704 230/373/704
f 565/320/705 566/355/705 384/309/705
f 565/320/705 384/309/705 383/308/705
f 564/372/706 567/374/706 230/373/706
f 367/305/707 340/267/520 418/306/519
f 337/289/708 568/299/709 320/230/710
f 569/356/711 440/318/711 443/319/711
f 569/356/711 443/319/711 570/357/711
f 571/375/712 444/327/712 378/341/712
f 572/318/713 573/319/713 574/320/713
f 572/318/713 574/320/713 575/321/713
f 576/320/714 577/355/714 578/309/714
f 576/320/714 578/309/714 579/308/714
f 580/20/715 117/19/715 54/42/715
f 443/319/716 442/320/716 581/355/716
f 443/319/716 581/355/716 582/365/716
f 573/319/717 583/365/717 584/355/717
f 573/319/717 584/355/717 574/320/717
f 386/197/495 388/196/497 585/228/718
f 386/197/495 585/228/718 390/200/499
f 586/191/719 587/221/720 588/222/720
f 586/191/719 588/222/720 589/192/719
f 588/222/720 587/221/720 590/223/721
f 588/222/720 590/223/721 591/224/721
f 591/224/721 592/225/721 593/226/721
f 591/224/721 590/223/721 592/225/721
f 509/376/722 474/338/723 476/339/724
f 476/339/724 474/338/723 475/333/725
f 515/364/726 244/163/727 218/161/728
f 211/367/669 546/366/669 594/377/669
f 492/378/729 563/379/730 182/179/731
f 579/308/732 578/309/732 595/237/732
f 579/308/732 595/237/732 596/236/732
f 513/364/669 211/163/668 594/380/733
f 193/179/734 567/379/735 508/378/736
f 597/189/737 598/190/737 586/191/737
f 597/189/737 586/191/737 589/192/737
f 284/257/738 599/381/738 493/382/738
f 600/74/739 601/75/739 602/69/739
f 600/74/739 602/69/739 603/71/739
f 604/271/740 605/287/741 606/288/741
f 604/271/740 606/288/741 607/272/740
f 606/288/741 605/287/741 608/290/741
f 606/288/741 608/290/741 609/291/741
f 609/291/741 610/292/742 611/293/742
f 609/291/741 608/290/741 610/292/742
f 548/346/743 207/151/743 612/354/743
f 612/354/743 207/151/743 235/164/743
f 613/321/744 576/320/744 579/308/744
f 613/321/744 579/308/744 614/326/744
f 615/271/740 616/287/741 617/288/741
f 615/271/740 617/288/741 618/272/740
f 617/288/741 616/287/741 619/290/741
f 617/288/741 619/290/741 620/291/741
f 620/291/741 621/292/741 622/293/741
f 620/291/741 619/290/741 621/292/741
f 513/364/745 594/380/746 623/383/747
f 624/319/748 625/320/748 626/355/748
f 624/319/748 626/355/748 627/365/748
f 628/319/749 527/320/749 530/355/749
f 628/319/749 530/355/749 629/365/749
f 516/354/750 630/384/750 214/164/750
f 214/164/750 630/384/750 241/185/750
f 492/335/612 491/344/611 623/344/751
f 307/352/752 631/385/753 297/369/753
f 297/369/753 631/385/753 547/368/753
f 614/326/754 579/308/754 596/236/754
f 614/326/754 596/236/754 632/274/754
f 90/64/755 89/63/755 633/317/755
f 90/64/755 633/317/755 634/21/755
f 433/323/683 367/294/682 514/323/756
f 182/179/731 563/379/730 230/180/757
f 337/263/758 411/263/759 635/386/760
f 230/180/761 567/379/735 193/179/734
f 503/346/762 516/354/762 542/346/762
f 542/346/762 516/354/762 543/354/762
f 636/318/763 637/321/763 625/320/763
f 636/318/763 625/320/763 624/319/763
f 244/315/726 638/387/726 639/388/726
f 433/389/764 304/299/546 339/265/545
f 509/347/628 508/343/627 640/347/765
f 575/321/766 574/320/766 641/308/766
f 575/321/766 641/308/766 642/326/766
f 216/281/222 113/280/75 46/34/15
f 216/281/222 46/34/15 325/390/414
f 491/344/639 513/324/638 623/344/767
f 638/380/768 244/163/727 515/364/726
f 602/69/769 643/60/769 644/59/769
f 602/69/769 644/59/769 645/70/769
f 646/34/770 647/37/771 465/40/577
f 646/34/770 465/40/577 532/41/659
f 647/37/771 466/66/578 465/40/577
f 647/37/771 648/39/772 466/66/578
f 460/197/565 533/196/660 649/228/773
f 460/197/565 649/228/773 535/200/662
f 414/320/774 545/355/774 650/309/774
f 414/320/774 650/309/774 461/308/774
f 651/321/775 565/320/775 383/308/775
f 651/321/775 383/308/775 438/326/775
f 574/320/776 584/355/776 652/309/776
f 574/320/776 652/309/776 641/308/776
f 653/320/777 654/308/777 655/309/777
f 653/320/777 655/309/777 656/355/777
f 657/321/778 658/326/778 654/308/778
f 657/321/778 654/308/778 653/320/778
f 370/251/535 433/323/534 514/323/779
f 378/300/645 514/351/644 659/391/780
f 612/354/781 235/164/781 660/384/781
f 660/384/781 235/164/781 271/185/781
f 38/26/782 661/392/782 662/393/782
f 38/26/782 662/393/782 478/123/782
f 37/25/782 661/392/782 38/26/782
f 478/123/782 662/393/782 663/298/782
f 654/308/783 664/236/783 665/237/783
f 654/308/783 665/237/783 655/309/783
f 630/384/784 666/394/784 241/185/784
f 241/185/784 666/394/784 274/205/784
f 514/351/785 418/306/786 659/391/787
f 639/388/788 667/395/789 244/315/508
f 552/68/691 551/67/690 668/119/790
f 552/68/691 668/119/790 669/120/791
f 551/67/690 553/118/692 670/195/792
f 551/67/690 670/195/792 668/119/790
f 668/119/790 671/199/793 669/120/791
f 668/119/790 672/197/794 671/199/793
f 673/269/795 674/270/795 615/271/795
f 673/269/795 615/271/795 618/272/795
f 462/326/796 461/308/796 675/236/796
f 462/326/796 675/236/796 676/274/796
f 677/269/795 678/270/795 604/271/795
f 677/269/795 604/271/795 607/272/795
f 658/326/797 679/274/797 664/236/797
f 658/326/797 664/236/797 654/308/797
f 446/330/798 680/396/799 447/331/800
f 491/376/801 463/339/574 464/338/573
f 660/384/802 271/185/802 666/394/802
f 666/394/802 271/185/802 274/205/802
f 667/395/789 317/313/506 244/315/508
f 681/321/803 682/326/803 528/308/803
f 681/321/803 528/308/803 527/320/803
f 253/68/291 252/67/290 683/119/804
f 253/68/291 683/119/804 684/120/805
f 252/67/290 305/118/364 685/195/806
f 252/67/290 685/195/806 683/119/804
f 683/119/804 686/199/807 684/120/805
f 683/119/804 687/197/808 686/199/807
f 688/397/809 680/396/799 446/330/798
f 667/395/810 689/398/810 317/313/810
f 625/320/811 690/308/811 691/309/811
f 625/320/811 691/309/811 626/355/811
f 535/200/662 649/228/773 692/227/812
f 537/357/813 693/399/813 544/365/813
f 537/357/813 544/365/813 413/319/813
f 442/320/814 518/308/814 694/309/814
f 442/320/814 694/309/814 581/355/814
f 695/400/815 696/401/815 697/402/815
f 698/317/816 40/28/816 41/29/816
f 698/317/816 41/29/816 502/124/816
f 447/331/815 699/403/815 452/334/815
f 452/334/815 699/403/815 700/404/815
f 701/405/815 699/403/815 447/331/815
f 640/347/817 515/353/695 509/347/694
f 317/313/810 689/398/810 330/406/818
f 637/321/819 702/326/819 690/308/819
f 637/321/819 690/308/819 625/320/819
f 703/319/820 704/365/820 577/355/820
f 703/319/820 577/355/820 576/320/820
f 418/332/821 357/285/821 705/407/821
f 706/320/822 500/308/822 501/309/822
f 706/320/822 501/309/822 707/355/822
f 411/297/823 493/300/824 708/351/78
f 602/69/769 645/70/769 603/71/825
f 150/79/70 149/80/70 709/25/70
f 150/79/70 709/25/70 710/24/70
f 319/240/826 320/242/826 568/243/826
f 711/321/827 504/326/827 500/308/827
f 711/321/827 500/308/827 706/320/827
f 712/408/828 713/409/829 564/372/830
f 492/378/831 623/383/832 563/379/833
f 688/397/834 446/330/835 714/396/836
f 446/330/835 451/331/837 714/396/836
f 714/396/836 451/331/837 715/410/838
f 323/256/839 716/411/840 284/257/839
f 284/257/839 716/411/840 599/381/841
f 712/408/829 564/372/829 563/371/829
f 682/326/842 717/274/842 561/236/842
f 682/326/842 561/236/842 528/308/842
f 718/412/843 719/413/844 720/414/845
f 571/375/846 631/385/847 444/327/848
f 444/327/848 631/385/847 307/352/849
f 721/166/850 722/167/851 419/105/522
f 721/166/850 419/105/522 422/108/525
f 447/331/800 680/396/799 701/405/852
f 491/376/853 464/338/625 434/340/624
f 713/409/854 723/415/855 564/372/856
f 668/119/790 670/195/792 724/196/857
f 668/119/790 724/196/857 672/197/794
f 672/197/794 725/198/858 671/199/793
f 672/197/794 726/200/859 725/198/858
f 160/82/74 150/79/74 710/24/74
f 160/82/74 710/24/74 727/28/74
f 728/318/860 703/319/860 576/320/860
f 728/318/860 576/320/860 613/321/860
f 570/357/861 443/319/861 582/365/861
f 570/357/861 582/365/861 729/399/861
f 517/326/862 730/274/862 731/236/862
f 517/326/862 731/236/862 518/308/862
f 723/415/854 567/374/854 564/372/854
f 732/416/863 733/417/863 734/418/863
f 389/198/498 390/200/499 735/227/864
f 390/200/499 585/228/718 735/227/864
f 585/228/718 736/229/865 735/227/864
f 737/419/866 713/409/829 712/408/828
f 508/378/867 567/379/868 640/383/869
f 482/334/870 738/403/863 451/331/863
f 738/403/863 715/420/863 451/331/863
f 659/421/871 571/375/871 378/341/871
f 561/236/872 739/239/872 740/238/872
f 561/236/872 740/238/872 562/237/872
f 741/222/873 742/221/874 743/223/874
f 741/222/873 743/223/874 744/224/874
f 744/224/874 745/225/874 746/226/874
f 744/224/874 743/223/874 745/225/874
f 747/422/875 737/419/876 712/408/877
f 723/423/878 638/380/879 640/383/880
f 640/383/880 638/380/879 515/364/881
f 534/198/661 535/200/662 692/227/812
f 596/236/882 595/237/882 748/238/882
f 596/236/882 748/238/882 749/239/882
f 750/424/883 751/425/883 737/419/883
f 737/419/883 751/425/883 713/409/883
f 319/312/709 568/299/884 382/265/885
f 752/426/886 723/415/855 713/409/854
f 452/334/887 753/427/888 503/346/889
f 754/191/890 742/221/874 741/222/873
f 754/191/890 741/222/873 755/192/890
f 433/389/891 315/289/477 304/299/476
f 756/427/892 757/428/893 482/334/870
f 482/334/870 757/428/893 738/403/863
f 644/59/769 643/60/769 758/61/894
f 759/356/895 760/357/895 573/319/895
f 759/356/895 573/319/895 572/318/895
f 623/383/747 594/380/746 712/423/896
f 635/386/760 411/263/759 708/386/897
f 635/386/898 381/307/899 382/307/899
f 632/274/900 596/236/900 749/239/900
f 632/274/900 749/239/900 761/275/900
f 762/429/901 697/402/901 763/430/901
f 503/346/902 753/427/902 764/431/902
f 765/432/903 766/433/903 695/400/903
f 760/357/904 767/399/904 583/365/904
f 760/357/904 583/365/904 573/319/904
f 86/10/905 85/9/905 768/77/905
f 86/10/905 768/77/905 769/78/905
f 770/319/906 653/320/906 656/355/906
f 770/319/906 656/355/906 771/365/906
f 772/318/907 681/321/907 527/320/907
f 772/318/907 527/320/907 628/319/907
f 367/305/908 418/306/786 514/351/785
f 773/434/909 752/426/909 751/425/909
f 751/425/909 752/426/909 713/409/909
f 708/351/78 493/300/824 774/435/910
f 689/398/911 716/411/912 330/406/913
f 330/406/913 716/411/912 323/256/914
f 700/404/915 753/427/888 452/334/887
f 19/1/62 525/13/62 399/42/62
f 775/318/916 657/321/916 653/320/916
f 775/318/916 653/320/916 770/319/916
f 776/436/875 737/419/876 747/422/875
f 471/340/686 474/338/685 509/376/917
f 777/34/918 778/35/919 779/36/920
f 777/34/918 779/36/920 780/37/921
f 779/36/920 781/38/922 782/39/923
f 779/36/920 782/39/923 780/37/921
f 780/37/921 554/66/693 550/40/689
f 780/37/921 782/39/923 554/66/693
f 777/34/918 780/37/921 550/40/689
f 777/34/918 550/40/689 549/41/688
f 783/437/924 750/424/924 776/436/924
f 776/436/924 750/424/924 737/419/924
f 382/265/885 568/299/884 635/389/884
f 635/389/884 568/299/709 337/289/708
f 708/386/898 381/307/899 635/386/898
f 774/435/898 379/306/898 708/351/898
f 784/189/925 785/190/925 754/191/925
f 784/189/925 754/191/925 755/192/925
f 379/301/926 774/438/926 786/439/926
f 733/440/927 762/429/927 787/441/927
f 708/351/898 379/306/898 381/305/898
f 788/357/928 624/319/928 627/365/928
f 788/357/928 627/365/928 789/399/928
f 78/56/86 6/6/86 233/91/86
f 78/56/86 233/91/86 790/95/86
f 546/366/929 747/422/929 594/377/930
f 752/426/931 791/442/932 723/415/933
f 697/402/934 762/429/935 792/443/936
f 792/443/936 762/429/935 793/444/937
f 368/295/938 17/13/938 18/14/938
f 368/295/938 18/14/938 794/122/938
f 795/34/939 796/37/940 479/40/598
f 795/34/939 479/40/598 797/41/941
f 796/37/940 798/39/942 480/66/599
f 796/37/940 480/66/599 479/40/598
f 797/41/941 479/40/598 327/67/417
f 797/41/941 327/67/417 326/68/416
f 799/356/943 636/318/943 624/319/943
f 799/356/943 624/319/943 788/357/943
f 642/326/944 641/308/944 800/236/944
f 642/326/944 800/236/944 801/274/944
f 664/236/945 802/239/945 803/238/945
f 664/236/945 803/238/945 665/237/945
f 804/91/109 805/90/109 109/80/109
f 804/91/109 109/80/109 108/79/109
f 751/425/946 750/424/946 793/444/946
f 793/444/946 750/424/946 792/443/946
f 793/444/947 762/429/948 806/445/949
f 806/445/949 762/429/948 733/440/950
f 641/308/951 652/309/951 807/237/951
f 641/308/951 807/237/951 800/236/951
f 563/379/833 623/383/832 712/423/952
f 594/377/930 747/422/929 712/408/930
f 672/197/794 724/196/857 808/228/953
f 672/197/794 808/228/953 726/200/859
f 418/332/954 809/446/954 659/421/954
f 679/274/955 810/275/955 802/239/955
f 679/274/955 802/239/955 664/236/955
f 503/346/956 811/447/957 516/354/958
f 765/432/959 695/400/959 792/443/959
f 792/443/959 695/400/959 697/402/959
f 812/448/960 813/449/960 732/416/960
f 325/390/414 46/34/15 53/41/22
f 325/390/414 53/41/22 814/450/961
f 751/425/962 793/444/962 773/434/962
f 773/434/962 793/444/962 806/445/962
f 815/451/963 816/452/963 773/434/963
f 773/434/963 816/452/963 752/426/963
f 640/383/869 567/379/868 723/423/964
f 816/452/932 791/442/932 752/426/931
f 817/95/124 804/91/124 108/79/124
f 817/95/124 108/79/124 112/82/124
f 750/424/965 783/437/965 792/443/965
f 792/443/965 783/437/965 765/432/965
f 766/433/966 765/432/967 818/453/968
f 819/27/195 477/26/195 57/43/195
f 820/288/969 821/287/969 822/290/969
f 820/288/969 822/290/969 823/291/969
f 823/291/969 824/292/969 825/293/969
f 823/291/969 822/290/969 824/292/969
f 826/454/970 776/436/970 827/455/970
f 827/455/970 776/436/970 747/422/970
f 494/29/194 819/27/194 57/43/194
f 418/332/971 705/407/971 809/446/971
f 85/9/972 103/12/972 828/87/972
f 85/9/972 828/87/972 768/77/972
f 331/2/973 829/1/973 124/42/973
f 830/456/974 324/258/413 325/259/414
f 830/456/974 325/259/414 814/457/961
f 831/271/975 821/287/969 820/288/969
f 831/271/975 820/288/969 832/272/975
f 833/458/970 783/437/970 826/454/970
f 826/454/970 783/437/970 776/436/970
f 834/459/970 826/454/970 835/460/970
f 835/460/970 826/454/970 827/455/970
f 836/461/970 833/458/970 834/459/970
f 834/459/970 833/458/970 826/454/970
f 639/388/976 638/387/977 791/442/976
f 690/308/978 837/236/978 838/237/978
f 690/308/978 838/237/978 691/309/978
f 839/271/975 840/287/969 841/288/969
f 839/271/975 841/288/969 842/272/975
f 841/288/969 840/287/969 843/290/969
f 841/288/969 843/290/969 844/291/969
f 844/291/969 845/292/969 846/293/969
f 844/291/969 843/290/969 845/292/969
f 546/366/979 547/368/980 747/422/981
f 747/422/981 547/368/980 827/455/980
f 547/368/982 631/385/980 827/455/982
f 827/455/982 631/385/980 835/460/980
f 847/462/983 756/427/984 548/346/984
f 548/346/984 756/427/984 482/334/985
f 461/308/986 650/309/986 848/237/986
f 461/308/986 848/237/986 675/236/986
f 849/326/987 850/308/987 851/236/987
f 849/326/987 851/236/987 852/274/987
f 726/200/859 808/228/953 853/227/988
f 702/326/989 854/274/989 837/236/989
f 702/326/989 837/236/989 690/308/989
f 850/308/990 855/309/990 856/237/990
f 850/308/990 856/237/990 851/236/990
f 791/442/976 638/387/977 723/415/977
f 733/417/991 732/416/992 733/440/992
f 813/449/992 806/445/992 732/416/992
f 806/445/992 733/440/992 732/416/992
f 818/453/993 857/463/993 858/464/993
f 774/438/991 493/382/994 774/465/994
f 493/382/994 599/381/994 774/465/994
f 818/453/968 765/432/967 857/463/993
f 859/295/995 369/296/995 124/42/995
f 773/434/996 806/445/996 815/451/996
f 815/451/996 806/445/996 813/449/996
f 683/119/804 685/195/806 860/196/997
f 683/119/804 860/196/997 687/197/808
f 687/197/808 861/198/998 686/199/807
f 687/197/808 862/200/999 861/198/998
f 717/274/1000 863/275/1000 739/239/1000
f 717/274/1000 739/239/1000 561/236/1000
f 783/437/1001 833/458/1001 765/432/1001
f 765/432/1001 833/458/1001 857/463/1001
f 864/466/1002 630/384/1002 865/467/1002
f 865/467/1002 630/384/1002 516/354/1002
f 833/458/1001 836/461/1001 857/463/1001
f 857/463/1001 836/461/1001 858/464/1001
f 866/2/1003 33/19/1003 7/7/1003
f 866/2/1003 7/7/1003 867/3/1003
f 868/321/1004 869/320/1004 850/308/1004
f 868/321/1004 850/308/1004 849/326/1004
f 870/269/1005 871/270/1005 839/271/1005
f 870/269/1005 839/271/1005 842/272/1005
f 518/308/1006 731/236/1006 872/237/1006
f 518/308/1006 872/237/1006 694/309/1006
f 858/464/1007 873/468/1007 818/453/1007
f 869/320/1008 874/355/1008 855/309/1008
f 869/320/1008 855/309/1008 850/308/1008
f 816/452/1009 815/451/1009 875/469/1009
f 875/469/1009 815/451/1009 876/470/1009
f 791/442/1009 816/452/1009 877/471/1009
f 877/471/1009 816/452/1009 875/469/1009
f 878/472/1009 879/473/1009 875/469/1009
f 875/469/1009 879/473/1009 877/471/1009
f 880/474/1009 878/472/1009 876/470/1009
f 876/470/1009 878/472/1009 875/469/1009
f 881/269/1005 882/270/1005 831/271/1005
f 881/269/1005 831/271/1005 832/272/1005
f 883/222/1010 884/221/1011 885/223/1011
f 883/222/1010 885/223/1011 886/224/1011
f 886/224/1011 887/225/1011 888/226/1011
f 886/224/1011 885/223/1011 887/225/1011
f 879/473/1012 689/398/1013 877/471/1012
f 877/471/1012 689/398/1013 667/395/1012
f 889/475/1014 835/460/1014 890/476/1014
f 639/388/1015 791/442/1015 667/395/1013
f 667/395/1013 791/442/1015 877/471/1013
f 852/274/1016 851/236/1016 891/239/1016
f 852/274/1016 891/239/1016 892/275/1016
f 834/459/1014 835/460/1014 889/475/1014
f 368/295/1017 893/296/1017 54/42/1017
f 851/236/1018 856/237/1018 894/238/1018
f 851/236/1018 894/238/1018 891/239/1018
f 481/280/600 721/281/850 422/282/525
f 571/375/1019 890/476/1019 631/385/1019
f 631/385/1019 890/476/1019 835/460/1019
f 836/461/1020 834/459/1021 895/477/1022
f 895/477/1022 834/459/1021 889/475/1022
f 896/467/1023 612/354/1024 660/384/1025
f 897/478/1026 813/449/1027 898/479/1028
f 898/479/1028 813/449/1027 812/448/1029
f 516/354/1030 811/447/1031 865/467/1031
f 865/467/1031 811/447/1031 899/480/1032
f 898/479/1026 900/481/1026 897/478/1026
f 901/191/1033 884/221/1011 883/222/1010
f 901/191/1033 883/222/1010 902/192/1033
f 786/439/1034 705/407/1035 379/301/1036
f 379/301/1036 705/407/1035 357/285/1037
f 903/482/1038 630/384/1038 864/466/1038
f 873/468/1039 904/483/1039 905/484/1039
f 906/485/1040 907/447/1040 612/354/1040
f 35/23/1041 908/296/1041 909/121/1041
f 35/23/1041 909/121/1041 15/11/1041
f 910/486/1042 911/487/1042 912/488/1042
f 906/485/1043 612/354/1024 896/467/1023
f 913/466/1025 896/467/1023 660/384/1025
f 815/451/1044 813/449/1044 876/470/1044
f 876/470/1044 813/449/1044 897/478/1044
f 913/466/1045 660/384/1045 903/482/1045
f 903/482/1045 660/384/1045 666/394/1046
f 900/481/1044 880/474/1044 897/478/1044
f 897/478/1044 880/474/1044 876/470/1044
f 914/489/1047 915/490/1048 916/491/1047
f 916/491/1047 915/490/1048 917/492/1048
f 526/14/43 11/4/43 14/6/43
f 526/14/43 14/6/43 918/56/43
f 904/483/1049 873/468/1049 858/464/1049
f 919/319/1050 920/365/1050 566/355/1050
f 919/319/1050 566/355/1050 565/320/1050
f 659/421/1051 921/493/1052 571/375/1053
f 666/394/1054 630/384/1038 903/482/1038
f 922/494/1055 915/490/1055 914/489/1055
f 895/477/1056 904/483/1056 836/461/1056
f 836/461/1056 904/483/1056 858/464/1056
f 921/493/1057 917/492/1058 890/476/1059
f 912/488/1060 900/481/1060 898/479/1060
f 923/495/1061 924/496/1061 880/474/1061
f 880/474/1061 924/496/1061 878/472/1061
f 924/496/1061 925/497/1061 878/472/1061
f 878/472/1061 925/497/1061 879/473/1061
f 917/492/1062 921/493/1062 916/491/1062
f 916/491/1062 921/493/1062 926/498/1062
f 925/497/1063 599/381/1063 716/411/1063
f 814/450/961 53/41/22 95/68/59
f 814/450/961 95/68/59 927/499/1064
f 689/398/1063 879/473/1063 716/411/1063
f 716/411/1063 879/473/1063 925/497/1063
f 107/78/1065 106/77/1065 928/100/1065
f 107/78/1065 928/100/1065 929/500/1065
f 764/431/1066 811/447/957 503/346/956
f 930/501/1067 905/484/1068 931/502/1069
f 931/502/1069 905/484/1068 922/494/1070
f 932/271/1071 933/287/1072 934/288/1073
f 932/271/1071 934/288/1073 935/272/1071
f 934/288/1073 933/287/1072 936/290/1072
f 934/288/1073 936/290/1072 937/291/1072
f 937/291/1072 938/292/1072 939/293/1072
f 937/291/1072 936/290/1072 938/292/1072
f 917/492/1074 915/490/1075 889/475/1076
f 940/288/1073 941/287/1072 942/290/1072
f 940/288/1073 942/290/1072 943/291/1072
f 943/291/1072 944/292/1072 945/293/1072
f 943/291/1072 942/290/1072 944/292/1072
f 914/489/1077 916/491/1078 946/503/1079
f 659/421/1080 809/446/1081 921/493/1081
f 912/488/1082 911/487/1082 900/481/1082
f 687/197/808 860/196/997 947/228/1083
f 687/197/808 947/228/1083 862/200/999
f 946/503/1079 916/491/1078 948/504/1084
f 948/504/1084 916/491/1084 949/505/1084
f 949/505/1084 916/491/1084 926/498/1084
f 921/493/1081 809/446/1081 926/498/1081
f 950/189/1085 951/190/1085 901/191/1085
f 950/189/1085 901/191/1085 902/192/1085
f 952/20/715 55/19/715 399/42/715
f 33/19/1086 866/2/1086 495/42/1086
f 953/271/1071 941/287/1072 940/288/1073
f 953/271/1071 940/288/1073 954/272/1071
f 926/498/1087 705/407/1088 949/505/1089
f 106/77/1090 115/87/1090 955/101/1090
f 106/77/1090 955/101/1090 928/100/1090
f 922/494/1091 905/484/1091 956/506/1091
f 612/354/1092 907/447/1093 548/346/1094
f 548/346/1094 907/447/1093 847/462/1095
f 956/506/1096 915/490/1096 922/494/1096
f 957/357/1097 628/319/1097 629/365/1097
f 957/357/1097 629/365/1097 958/399/1097
f 880/474/1098 900/481/1098 923/495/1098
f 923/495/1098 900/481/1098 911/487/1098
f 676/274/1099 675/236/1099 959/239/1099
f 676/274/1099 959/239/1099 960/275/1099
f 908/296/1100 35/23/1100 495/42/1100
f 961/318/1101 919/319/1101 565/320/1101
f 961/318/1101 565/320/1101 651/321/1101
f 962/507/1102 963/508/1102 923/495/1102
f 923/495/1102 963/508/1102 924/496/1102
f 963/508/1102 964/509/1102 924/496/1102
f 924/496/1102 964/509/1102 925/497/1102
f 774/465/1103 964/509/1103 786/439/1103
f 965/318/1104 966/319/1104 869/320/1104
f 965/318/1104 869/320/1104 868/321/1104
f 599/381/1103 925/497/1103 774/465/1103
f 774/465/1103 925/497/1103 964/509/1103
f 956/506/1105 905/484/1105 904/483/1105
f 966/319/1106 967/365/1106 874/355/1106
f 966/319/1106 874/355/1106 869/320/1106
f 809/446/1107 705/407/1088 926/498/1087
f 968/319/1108 706/320/1108 707/355/1108
f 968/319/1108 707/355/1108 969/365/1108
f 946/503/1109 970/510/1110 914/489/1111
f 971/511/1112 931/502/1113 970/510/1114
f 889/475/1076 915/490/1075 895/477/1115
f 890/476/1059 917/492/1058 889/475/1116
f 972/318/1117 711/321/1117 706/320/1117
f 972/318/1117 706/320/1117 968/319/1117
f 973/512/1118 974/513/1119 910/486/1120
f 910/486/1120 974/513/1119 911/487/1121
f 946/503/1122 948/504/1122 962/507/1122
f 962/507/1122 948/504/1122 963/508/1122
f 948/504/1122 949/505/1122 963/508/1122
f 963/508/1122 949/505/1122 964/509/1122
f 915/490/1115 956/506/1123 895/477/1124
f 895/477/1124 956/506/1123 904/483/1125
f 478/123/125 975/18/125 204/43/125
f 976/258/1126 722/167/851 721/166/850
f 976/258/1126 721/166/850 977/259/1127
f 970/510/1114 931/502/1113 922/494/1128
f 786/439/1129 964/509/1129 705/407/1129
f 705/407/1129 964/509/1129 949/505/1129
f 914/489/1111 970/510/1110 922/494/1130
f 978/22/126 502/124/126 204/43/126
f 923/495/1131 911/487/1131 962/507/1131
f 962/507/1131 911/487/1131 974/513/1131
f 971/511/1132 970/510/1133 979/514/1134
f 979/514/1134 970/510/1133 974/513/1135
f 730/274/1136 980/275/1136 981/239/1136
f 730/274/1136 981/239/1136 731/236/1136
f 801/274/1137 800/236/1137 982/239/1137
f 801/274/1137 982/239/1137 983/275/1137
f 800/236/1138 807/237/1138 984/238/1138
f 800/236/1138 984/238/1138 982/239/1138
f 356/279/453 355/278/452 985/515/1139
f 356/279/453 985/515/1139 986/516/1140
f 571/375/1053 921/493/1052 890/476/1141
f 862/200/999 947/228/1083 987/227/1142
f 988/23/1143 580/20/1143 54/42/1143
f 962/507/1144 974/513/1144 946/503/1144
f 946/503/1144 974/513/1144 970/510/1144
f 989/77/1145 990/87/1145 135/101/1145
f 989/77/1145 135/101/1145 134/100/1145
f 837/236/1146 991/239/1146 992/238/1146
f 837/236/1146 992/238/1146 838/237/1146
f 854/274/1147 993/275/1147 991/239/1147
f 854/274/1147 991/239/1147 837/236/1147
f 293/517/349 994/518/1148 995/519/1149
f 293/517/349 995/519/1149 291/520/347
f 990/87/514 996/33/514 140/64/514
f 990/87/514 140/64/514 135/101/514
f 426/279/529 425/278/528 997/515/1150
f 426/279/529 997/515/1150 998/516/1151
f 403/101/99 90/64/99 634/21/99
f 403/101/99 634/21/99 999/16/99
f 1000/269/1152 1001/270/1152 932/271/1152
f 1000/269/1152 932/271/1152 935/272/1152
f 1002/357/1153 1003/399/1153 704/365/1153
f 1002/357/1153 704/365/1153 703/319/1153
f 1004/269/1152 1005/270/1152 953/271/1152
f 1004/269/1152 953/271/1152 954/272/1152
f 1006/356/1154 772/318/1154 628/319/1154
f 1006/356/1154 628/319/1154 957/357/1154
f 1007/296/1155 1008/295/1155 159/122/1155
f 1007/296/1155 159/122/1155 158/121/1155
f 1009/356/1156 1002/357/1156 703/319/1156
f 1009/356/1156 703/319/1156 728/318/1156
f 1010/521/1157 1011/522/1158 994/518/1148
f 1010/521/1157 994/518/1148 293/517/349
f 979/514/1159 974/513/1119 973/512/1118
f 1012/357/1160 770/319/1160 771/365/1160
f 1012/357/1160 771/365/1160 1013/399/1160
f 675/236/1161 848/237/1161 1014/238/1161
f 675/236/1161 1014/238/1161 959/239/1161
f 1015/356/1162 775/318/1162 770/319/1162
f 1015/356/1162 770/319/1162 1012/357/1162
f 137/91/109 136/90/109 1016/80/109
f 137/91/109 1016/80/109 1017/79/109
f 55/19/1163 952/20/1163 1018/8/1163
f 55/19/1163 1018/8/1163 56/7/1163
f 749/239/1164 748/238/1164 1019/310/1164
f 749/239/1164 1019/310/1164 1020/311/1164
f 126/523/84 114/524/76 145/282/104
f 144/525/103 126/523/84 145/282/104
f 829/1/1165 1021/13/1165 124/42/1165
f 761/275/1166 749/239/1166 1020/311/1166
f 761/275/1166 1020/311/1166 1022/325/1166
f 893/296/1167 988/23/1167 54/42/1167
f 731/236/1168 981/239/1168 1023/238/1168
f 731/236/1168 1023/238/1168 872/237/1168
f 892/275/1169 891/239/1169 1024/311/1169
f 892/275/1169 1024/311/1169 1025/325/1169
f 1021/13/1170 859/295/1170 124/42/1170
f 891/239/1171 894/238/1171 1026/310/1171
f 891/239/1171 1026/310/1171 1024/311/1171
f 300/237/1172 1027/526/1172 1028/527/1172
f 300/237/1172 1028/527/1172 301/238/1172
f 739/239/1173 1029/311/1173 1030/310/1173
f 739/239/1173 1030/310/1173 740/238/1173
f 802/239/1174 1031/311/1174 1032/310/1174
f 802/239/1174 1032/310/1174 803/238/1174
f 51/39/20 354/528/451 356/529/453
f 51/39/20 356/529/453 93/66/57
f 1033/105/1175 1034/106/1176 1035/107/1177
f 1033/105/1175 1035/107/1177 1036/108/1178
f 1035/107/1177 1034/106/1176 1037/276/1179
f 1035/107/1177 1037/276/1179 1038/277/1180
f 1038/277/1180 1039/278/1181 1040/279/1182
f 1038/277/1180 1037/276/1179 1039/278/1181
f 1041/530/1183 412/318/1183 415/321/1183
f 1041/530/1183 415/321/1183 1042/531/1183
f 810/275/1184 1043/325/1184 1031/311/1184
f 810/275/1184 1031/311/1184 802/239/1184
f 453/3/1185 28/7/1185 86/10/1185
f 453/3/1185 86/10/1185 1044/5/1185
f 1045/532/1186 725/198/858 853/227/988
f 725/198/858 726/200/859 853/227/988
f 1046/500/1187 134/100/1187 21/15/1187
f 1046/500/1187 21/15/1187 377/298/1187
f 927/499/1064 95/68/59 156/120/117
f 927/499/1064 156/120/117 1047/533/1188
f 861/198/998 862/200/999 987/227/1142
f 114/524/76 113/280/75 145/282/104
f 1048/84/1189 1049/92/1190 781/93/922
f 1048/84/1189 781/93/922 779/85/920
f 1050/530/1191 1051/531/1191 441/321/1191
f 1050/530/1191 441/321/1191 440/318/1191
f 1042/531/1192 415/321/1192 462/326/1192
f 1042/531/1192 462/326/1192 1052/534/1192
f 250/39/288 424/528/527 426/529/529
f 250/39/288 426/529/529 251/66/289
f 867/3/1193 7/7/1193 10/10/1193
f 867/3/1193 10/10/1193 1053/5/1193
f 1054/535/1194 764/536/1195 753/537/1196
f 140/64/755 1055/63/755 404/317/755
f 140/64/755 404/317/755 29/21/755
f 1056/532/1197 266/198/304 291/227/347
f 1057/538/1198 1058/539/1199 1011/522/1158
f 1057/538/1198 1011/522/1158 1010/521/1157
f 93/66/57 356/529/453 986/540/1140
f 93/66/57 986/540/1140 154/118/115
f 781/93/922 1049/92/1190 782/96/923
f 384/309/1200 1059/541/1200 1027/526/1200
f 384/309/1200 1027/526/1200 300/237/1200
f 126/523/84 144/525/103 354/528/451
f 126/523/84 354/528/451 51/39/20
f 863/275/1201 1060/325/1201 1029/311/1201
f 863/275/1201 1029/311/1201 739/239/1201
f 847/542/1202 1061/535/1203 756/537/1204
f 1051/531/1205 1062/534/1205 517/326/1205
f 1051/531/1205 517/326/1205 441/321/1205
f 251/66/289 426/529/529 998/540/1151
f 251/66/289 998/540/1151 305/118/364
f 1063/105/1206 1064/106/1207 1065/107/1208
f 1063/105/1206 1065/107/1208 1066/108/1209
f 1065/107/1208 1064/106/1207 1067/276/1210
f 1065/107/1208 1067/276/1210 1068/277/1211
f 1068/277/1211 1069/278/1212 1070/279/1213
f 1068/277/1211 1067/276/1210 1069/278/1212
f 15/11/1214 909/121/1214 1071/30/1214
f 15/11/1214 1071/30/1214 16/12/1214
f 32/11/1215 560/121/1215 1072/30/1215
f 32/11/1215 1072/30/1215 103/12/1215
f 430/237/1216 429/238/1216 1073/527/1216
f 430/237/1216 1073/527/1216 1074/526/1216
f 1075/543/1217 830/456/974 814/457/961
f 1075/543/1217 814/457/961 927/544/1064
f 525/13/469 1076/295/469 399/42/469
f 753/537/1218 700/545/1219 1054/535/1220
f 1077/83/1221 1048/84/1189 779/85/920
f 1077/83/1221 779/85/920 778/86/919
f 662/393/1222 1078/546/1222 1079/500/1222
f 662/393/1222 1079/500/1222 663/298/1222
f 109/80/1222 1080/547/1222 661/392/1222
f 109/80/1222 661/392/1222 37/25/1222
f 661/548/1222 1080/549/1222 1078/550/1222
f 661/548/1222 1078/550/1222 662/551/1222
f 1081/552/1223 1082/553/1223 432/275/1223
f 1081/552/1223 432/275/1223 431/274/1223
f 975/18/25 1083/17/25 204/43/25
f 1083/17/26 978/22/26 204/43/26
f 986/516/1140 985/515/1139 1084/539/1224
f 986/516/1140 1084/539/1224 1085/538/1225
f 1086/84/1226 1087/92/1227 1088/93/1228
f 1086/84/1226 1088/93/1228 1089/85/1229
f 530/355/1230 529/309/1230 1090/541/1230
f 530/355/1230 1090/541/1230 1091/554/1230
f 1077/83/1221 778/86/919 777/88/918
f 646/34/770 1092/35/1231 1089/36/1229
f 646/34/770 1089/36/1229 647/37/771
f 1089/36/1229 648/39/772 647/37/771
f 1089/36/1229 1088/38/1228 648/39/772
f 1093/356/1232 1094/357/1232 966/319/1232
f 1093/356/1232 966/319/1232 965/318/1232
f 1094/357/1233 1095/399/1233 967/365/1233
f 1094/357/1233 967/365/1233 966/319/1233
f 421/525/524 333/523/426 422/282/525
f 1096/63/1234 112/82/1234 40/28/1234
f 1096/63/1234 40/28/1234 698/317/1234
f 1097/23/1235 1007/296/1235 158/121/1235
f 1097/23/1235 158/121/1235 522/11/1235
f 1098/516/1236 1099/515/1237 1058/539/1199
f 1098/516/1236 1058/539/1199 1057/538/1198
f 764/536/1238 1100/555/1239 811/556/1239
f 1040/279/1182 1039/278/1181 1101/515/1240
f 1040/279/1182 1101/515/1240 1102/516/1241
f 1088/93/1228 1087/92/1227 648/96/772
f 117/19/1163 580/20/1163 1103/8/1163
f 117/19/1163 1103/8/1163 118/7/1163
f 501/309/1242 430/237/1242 1074/526/1242
f 501/309/1242 1074/526/1242 1104/541/1242
f 1100/555/1243 899/557/1244 811/556/1245
f 529/309/1246 562/237/1246 1105/526/1246
f 529/309/1246 1105/526/1246 1090/541/1246
f 1106/83/1247 1086/84/1226 1089/85/1229
f 1106/83/1247 1089/85/1229 1092/86/1231
f 1107/552/1248 351/274/1248 352/275/1248
f 1107/552/1248 352/275/1248 1108/553/1248
f 301/238/1249 1028/527/1249 1109/558/1249
f 301/238/1249 1109/558/1249 397/310/1249
f 998/516/1151 997/515/1150 1110/539/1250
f 998/516/1151 1110/539/1250 1111/538/1251
f 699/559/845 720/414/845 700/560/1252
f 1112/561/1253 267/199/305 266/198/304
f 1112/561/1253 266/198/304 1056/532/1197
f 1113/1/1 1114/2/1 436/3/1
f 1113/1/1 436/3/1 435/4/1
f 1115/412/1254 1116/414/1255 757/413/1254
f 757/413/1254 1116/414/1255 738/559/1255
f 1117/534/1256 1081/552/1256 431/274/1256
f 1117/534/1256 431/274/1256 504/326/1256
f 1118/13/5 1113/1/5 435/4/5
f 1118/13/5 435/4/5 445/14/5
f 264/196/302 1010/562/1157 293/229/349
f 264/196/302 293/229/349 292/228/348
f 680/563/1257 688/564/1258 1119/565/1259
f 1106/83/1247 1092/86/1231 646/88/770
f 263/195/301 1057/566/1198 1010/562/1157
f 263/195/301 1010/562/1157 264/196/302
f 906/567/1260 1120/555/1261 907/556/1262
f 680/563/1263 1119/565/1263 701/568/1264
f 715/569/1265 1121/565/1266 714/563/1266
f 1122/570/1267 536/356/1267 412/318/1267
f 1122/570/1267 412/318/1267 1041/530/1267
f 398/311/1268 397/310/1268 1123/571/1268
f 1124/279/1269 1125/278/1270 1099/515/1237
f 1124/279/1269 1099/515/1237 1098/516/1236
f 333/523/426 421/525/524 424/528/527
f 333/523/426 424/528/527 250/39/288
f 1126/530/1271 572/318/1271 575/321/1271
f 1126/530/1271 575/321/1271 1127/531/1271
f 1047/533/1188 156/120/117 387/199/496
f 1047/533/1188 387/199/496 1128/561/1272
f 721/281/850 481/280/600 246/34/284
f 721/281/850 246/34/284 977/390/1127
f 977/390/1127 246/34/284 249/41/287
f 977/390/1127 249/41/287 1129/450/1273
f 477/26/782 1130/392/782 1131/393/782
f 477/26/782 1131/393/782 161/123/782
f 1132/25/782 1130/392/782 477/26/782
f 161/123/782 1131/393/782 377/298/782
f 627/365/1274 626/355/1274 1133/554/1274
f 627/365/1274 1133/554/1274 1134/572/1274
f 583/365/1275 1135/572/1275 1136/554/1275
f 583/365/1275 1136/554/1275 584/355/1275
f 233/91/109 232/90/109 1137/80/109
f 233/91/109 1137/80/109 1138/79/109
f 995/519/1149 1139/573/1276 1056/574/1197
f 995/519/1149 1056/574/1197 291/520/347
f 5/5/543 512/10/543 1140/78/543
f 5/5/543 1140/78/543 232/90/543
f 1052/534/1277 462/326/1277 676/274/1277
f 1052/534/1277 676/274/1277 1141/552/1277
f 1142/570/1278 1050/530/1278 440/318/1278
f 1142/570/1278 440/318/1278 569/356/1278
f 437/325/1279 398/311/1279 1123/571/1279
f 1127/531/1280 575/321/1280 642/326/1280
f 1127/531/1280 642/326/1280 1143/534/1280
f 404/317/816 1144/28/816 494/29/816
f 404/317/816 494/29/816 162/124/816
f 136/90/1281 1145/547/1281 1016/80/1281
f 1146/546/1281 439/78/1281 1147/500/1281
f 136/90/1281 439/78/1281 1146/546/1281
f 136/90/1281 1146/546/1281 1145/547/1281
f 1115/412/1282 757/413/1283 1061/535/1284
f 1061/535/1284 757/413/1283 756/537/1285
f 1102/516/1241 1101/515/1240 1148/539/1286
f 1102/516/1241 1148/539/1286 1149/538/1287
f 1070/279/1213 1069/278/1212 1150/515/1288
f 1070/279/1213 1150/515/1288 1151/516/1289
f 1151/516/1289 1152/539/1290 1153/538/1291
f 1151/516/1289 1150/515/1288 1152/539/1290
f 1154/521/1292 1155/522/1293 1156/518/1294
f 1154/521/1292 1156/518/1294 1157/517/1295
f 626/355/1296 691/309/1296 1158/541/1296
f 626/355/1296 1158/541/1296 1133/554/1296
f 1159/23/1143 952/20/1143 399/42/1143
f 584/355/1297 1136/554/1297 1160/541/1297
f 584/355/1297 1160/541/1297 652/309/1297
f 429/238/1298 484/310/1298 1161/558/1298
f 429/238/1298 1161/558/1298 1073/527/1298
f 1162/532/1299 389/198/498 735/227/864
f 865/575/1300 899/557/1301 1163/576/1302
f 903/577/1303 864/578/1304 1164/579/1305
f 865/575/1306 1163/576/1307 864/578/1308
f 1165/534/1309 438/326/1309 351/274/1309
f 1165/534/1309 351/274/1309 1107/552/1309
f 629/365/1310 530/355/1310 1091/554/1310
f 629/365/1310 1091/554/1310 1166/572/1310
f 1128/561/1272 387/199/496 389/198/498
f 1128/561/1272 389/198/498 1162/532/1299
f 720/414/1311 701/568/1312 1167/580/1312
f 1168/530/1313 1169/531/1313 637/321/1313
f 1168/530/1313 637/321/1313 636/318/1313
f 505/325/1314 1170/571/1314 483/311/1314
f 483/311/1315 1170/571/1315 484/310/1315
f 1082/553/1316 1171/581/1316 505/325/1316
f 1082/553/1316 505/325/1316 432/275/1316
f 329/118/419 1098/540/1236 1057/566/1198
f 329/118/419 1057/566/1198 263/195/301
f 699/559/1311 701/568/1312 720/414/1311
f 1172/521/1317 1173/522/1318 1174/518/1319
f 1172/521/1317 1174/518/1319 1175/517/1320
f 983/275/1321 982/239/1321 1176/311/1321
f 983/275/1321 1176/311/1321 1177/325/1321
f 1178/533/1322 328/120/418 267/199/305
f 1178/533/1322 267/199/305 1112/561/1253
f 305/118/364 998/540/1151 1111/566/1251
f 305/118/364 1111/566/1251 685/195/806
f 1179/582/1323 764/536/1195 1054/535/1194
f 866/2/1324 1180/1/1324 495/42/1324
f 1062/534/1325 1181/552/1325 730/274/1325
f 1062/534/1325 730/274/1325 517/326/1325
f 982/239/1326 984/238/1326 1182/310/1326
f 982/239/1326 1182/310/1326 1176/311/1326
f 1169/531/1327 1183/534/1327 702/326/1327
f 1169/531/1327 702/326/1327 637/321/1327
f 913/578/1328 1184/576/1329 896/575/1330
f 577/355/1331 1185/554/1331 1186/541/1331
f 577/355/1331 1186/541/1331 578/309/1331
f 566/355/1332 1187/554/1332 1059/541/1332
f 566/355/1332 1059/541/1332 384/309/1332
f 1188/295/1333 908/296/1333 495/42/1333
f 1189/583/1334 715/584/1334 1116/414/1335
f 1116/414/1335 715/584/1334 738/559/1335
f 991/239/1336 1190/311/1336 1191/310/1336
f 991/239/1336 1191/310/1336 992/238/1336
f 578/309/1337 1186/541/1337 1192/526/1337
f 578/309/1337 1192/526/1337 595/237/1337
f 1085/538/1225 1084/539/1224 1193/522/1338
f 1085/538/1225 1193/522/1338 1194/521/1339
f 1194/521/1339 1195/518/1340 736/517/865
f 1194/521/1339 1193/522/1338 1195/518/1340
f 1108/553/1341 352/275/1341 437/325/1341
f 1108/553/1341 437/325/1341 1196/581/1341
f 1157/517/1295 1156/518/1294 1197/519/1342
f 1157/517/1295 1197/519/1342 692/520/812
f 993/275/1343 1198/325/1343 1190/311/1343
f 993/275/1343 1190/311/1343 991/239/1343
f 1199/357/1344 1200/399/1344 920/365/1344
f 1199/357/1344 920/365/1344 919/319/1344
f 1201/585/1345 1061/535/1203 847/542/1202
f 1149/538/1287 1148/539/1286 1173/522/1318
f 1149/538/1287 1173/522/1318 1172/521/1317
f 1153/538/1291 1152/539/1290 1155/522/1293
f 1153/538/1291 1155/522/1293 1154/521/1292
f 1202/357/1346 968/319/1346 969/365/1346
f 1202/357/1346 969/365/1346 1203/399/1346
f 333/523/426 332/524/425 422/282/525
f 1204/356/1347 972/318/1347 968/319/1347
f 1204/356/1347 968/319/1347 1202/357/1347
f 554/66/693 1040/529/1182 1102/540/1241
f 554/66/693 1102/540/1241 553/118/692
f 656/355/1348 655/309/1348 1205/541/1348
f 656/355/1348 1205/541/1348 1206/554/1348
f 1054/535/1220 700/545/1219 718/412/1349
f 960/275/1350 959/239/1350 1207/311/1350
f 960/275/1350 1207/311/1350 1208/325/1350
f 1209/456/1351 976/258/1126 977/259/1127
f 1209/456/1351 977/259/1127 1129/457/1273
f 794/122/1352 18/14/1352 78/56/1352
f 794/122/1352 78/56/1352 1210/31/1352
f 1175/517/1320 1174/518/1319 1211/519/1353
f 1175/517/1320 1211/519/1353 853/520/988
f 1212/531/1354 613/321/1354 614/326/1354
f 1212/531/1354 614/326/1354 1213/534/1354
f 655/309/1355 665/237/1355 1214/526/1355
f 655/309/1355 1214/526/1355 1205/541/1355
f 701/568/1264 1119/565/1263 1167/580/1264
f 1189/586/1265 1121/565/1266 715/569/1265
f 1215/356/1356 1199/357/1356 919/319/1356
f 1215/356/1356 919/319/1356 961/318/1356
f 1216/531/1357 1217/534/1357 658/326/1357
f 1216/531/1357 658/326/1357 657/321/1357
f 1213/534/1358 614/326/1358 632/274/1358
f 1213/534/1358 632/274/1358 1218/552/1358
f 43/31/1359 1219/56/1359 1220/95/1359
f 43/31/1359 1220/95/1359 44/32/1359
f 736/517/865 1195/518/1340 1221/519/1360
f 736/517/865 1221/519/1360 735/520/864
f 1222/166/1361 1223/167/1362 1033/105/1175
f 1222/166/1361 1033/105/1175 1036/108/1178
f 553/118/692 1102/540/1241 1149/566/1287
f 553/118/692 1149/566/1287 670/195/792
f 1217/534/1363 1224/552/1363 679/274/1363
f 1217/534/1363 679/274/1363 658/326/1363
f 537/357/1364 536/356/1364 1225/587/1364
f 918/56/86 14/6/86 137/91/86
f 918/56/86 137/91/86 1226/95/86
f 980/275/1365 1227/325/1365 1228/311/1365
f 980/275/1365 1228/311/1365 981/239/1365
f 1229/534/1366 849/326/1366 852/274/1366
f 1229/534/1366 852/274/1366 1230/552/1366
f 707/355/1367 501/309/1367 1104/541/1367
f 707/355/1367 1104/541/1367 1231/554/1367
f 154/118/115 986/540/1140 1085/566/1225
f 154/118/115 1085/566/1225 385/195/494
f 385/195/494 1194/562/1339 388/196/497
f 385/195/494 1085/566/1225 1194/562/1339
f 562/237/1368 740/238/1368 1232/527/1368
f 562/237/1368 1232/527/1368 1105/526/1368
f 1233/105/1369 1234/106/1370 1235/107/1371
f 1233/105/1369 1235/107/1371 1236/108/1372
f 1235/107/1371 1234/106/1370 1237/276/1373
f 1235/107/1371 1237/276/1373 1238/277/1374
f 1238/277/1374 1125/278/1270 1124/279/1269
f 1238/277/1374 1237/276/1373 1125/278/1270
f 570/357/1375 1239/587/1375 569/356/1375
f 1240/588/1376 1075/543/1217 927/544/1064
f 1240/588/1376 927/544/1064 1047/589/1188
f 855/309/1377 1241/541/1377 1242/526/1377
f 855/309/1377 1242/526/1377 856/237/1377
f 1243/499/1378 326/68/416 328/120/418
f 1243/499/1378 328/120/418 1178/533/1322
f 1201/585/1379 847/542/1380 1120/555/1381
f 1120/555/1381 847/542/1380 907/556/1381
f 1244/531/1382 1117/534/1382 504/326/1382
f 1244/531/1382 504/326/1382 711/321/1382
f 1111/538/1251 1110/539/1250 1245/522/1383
f 1111/538/1251 1245/522/1383 1246/521/1384
f 1247/590/1385 906/567/1386 1184/576/1387
f 1184/576/1387 906/567/1386 896/575/1388
f 1248/532/1389 534/198/661 692/227/812
f 544/365/1390 1249/572/1390 1250/554/1390
f 544/365/1390 1250/554/1390 545/355/1390
f 1143/534/1391 642/326/1391 801/274/1391
f 1143/534/1391 801/274/1391 1251/552/1391
f 1252/531/1392 868/321/1392 849/326/1392
f 1252/531/1392 849/326/1392 1229/534/1392
f 455/118/560 1151/540/1289 1153/566/1291
f 455/118/560 1153/566/1291 456/195/561
f 691/309/1393 838/237/1393 1253/526/1393
f 691/309/1393 1253/526/1393 1158/541/1393
f 693/399/1394 537/357/1394 1225/587/1394
f 56/7/1395 1018/8/1395 1254/9/1395
f 56/7/1395 1254/9/1395 65/10/1395
f 582/365/1396 581/355/1396 1255/554/1396
f 582/365/1396 1255/554/1396 1256/572/1396
f 466/66/578 1070/529/1213 1151/540/1289
f 466/66/578 1151/540/1289 455/118/560
f 652/309/1397 1160/541/1397 1257/526/1397
f 652/309/1397 1257/526/1397 807/237/1397
f 480/66/599 1124/529/1269 1098/540/1236
f 480/66/599 1098/540/1236 329/118/419
f 729/399/1398 1239/587/1398 570/357/1398
f 874/355/1399 1258/554/1399 1241/541/1399
f 874/355/1399 1241/541/1399 855/309/1399
f 1246/521/1384 1245/522/1383 1259/518/1400
f 1246/521/1384 1259/518/1400 1260/517/1401
f 789/399/1402 627/365/1402 1134/572/1402
f 789/399/1402 1134/572/1402 1261/591/1402
f 1262/570/1403 759/356/1403 572/318/1403
f 1262/570/1403 572/318/1403 1126/530/1403
f 959/239/1404 1014/238/1404 1263/310/1404
f 959/239/1404 1263/310/1404 1207/311/1404
f 767/399/1405 1264/591/1405 1135/572/1405
f 767/399/1405 1135/572/1405 583/365/1405
f 704/365/1406 1265/572/1406 1185/554/1406
f 704/365/1406 1185/554/1406 577/355/1406
f 829/1/1407 331/2/1407 453/3/1407
f 829/1/1407 453/3/1407 1266/4/1407
f 1183/534/1408 1267/552/1408 854/274/1408
f 1183/534/1408 854/274/1408 702/326/1408
f 159/122/1352 1268/14/1352 1219/56/1352
f 159/122/1352 1219/56/1352 43/31/1352
f 1076/295/1017 1269/296/1017 399/42/1017
f 332/524/425 481/280/600 422/282/525
f 1270/570/1409 1168/530/1409 636/318/1409
f 1270/570/1409 636/318/1409 799/356/1409
f 981/239/1410 1228/311/1410 1271/310/1410
f 981/239/1410 1271/310/1410 1023/238/1410
f 1272/499/1411 531/68/658 459/120/564
f 1272/499/1411 459/120/564 1273/533/1412
f 710/24/12 709/25/12 1274/26/12
f 710/24/12 1274/26/12 1275/27/12
f 760/357/1413 759/356/1413 1276/587/1413
f 767/399/1414 760/357/1414 1276/587/1414
f 1277/450/1415 532/41/659 531/68/658
f 1277/450/1415 531/68/658 1272/499/1411
f 1278/258/1416 1223/167/1362 1222/166/1361
f 1278/258/1416 1222/166/1361 1279/259/1417
f 1280/561/1418 458/199/563 534/198/661
f 1280/561/1418 534/198/661 1248/532/1389
f 789/399/1419 1281/587/1419 788/357/1419
f 1230/552/1420 852/274/1420 892/275/1420
f 1230/552/1420 892/275/1420 1282/553/1420
f 1283/166/1421 1284/167/1422 1063/105/1206
f 1283/166/1421 1063/105/1206 1066/108/1209
f 788/357/1423 1281/587/1423 799/356/1423
f 727/28/13 710/24/13 1275/27/13
f 727/28/13 1275/27/13 1285/29/13
f 670/195/792 1149/566/1287 1172/562/1317
f 670/195/792 1172/562/1317 724/196/857
f 771/365/1424 656/355/1424 1206/554/1424
f 771/365/1424 1206/554/1424 1286/572/1424
f 595/237/1425 1192/526/1425 1287/527/1425
f 595/237/1425 1287/527/1425 748/238/1425
f 1221/519/1360 1288/573/1426 1162/574/1299
f 1221/519/1360 1162/574/1299 735/520/864
f 856/237/1427 1242/526/1427 1289/527/1427
f 856/237/1427 1289/527/1427 894/238/1427
f 1290/530/1428 728/318/1428 613/321/1428
f 1290/530/1428 613/321/1428 1212/531/1428
f 456/195/561 1153/566/1291 1154/562/1292
f 456/195/561 1154/562/1292 533/196/660
f 545/355/1429 1250/554/1429 1291/541/1429
f 545/355/1429 1291/541/1429 650/309/1429
f 44/32/1430 1220/95/1430 1292/82/1430
f 44/32/1430 1292/82/1430 89/63/1430
f 581/355/1431 694/309/1431 1293/541/1431
f 581/355/1431 1293/541/1431 1255/554/1431
f 1294/530/1432 1216/531/1432 657/321/1432
f 1294/530/1432 657/321/1432 775/318/1432
f 1295/531/1433 651/321/1433 438/326/1433
f 1295/531/1433 438/326/1433 1165/534/1433
f 1296/531/1434 1297/534/1434 682/326/1434
f 1296/531/1434 682/326/1434 681/321/1434
f 1273/533/1412 459/120/564 458/199/563
f 1273/533/1412 458/199/563 1280/561/1418
f 1139/573/1276 1298/592/1435 1112/593/1253
f 1139/573/1276 1112/593/1253 1056/574/1197
f 369/296/1436 859/295/1436 1299/122/1436
f 369/296/1436 1299/122/1436 560/121/1436
f 1269/296/1167 1159/23/1167 399/42/1167
f 665/237/1437 803/238/1437 1300/527/1437
f 665/237/1437 1300/527/1437 1214/526/1437
f 1301/84/1438 1302/92/1439 1303/93/1440
f 1301/84/1438 1303/93/1440 1304/85/1441
f 782/39/923 1038/528/1180 1040/529/1182
f 782/39/923 1040/529/1182 554/66/693
f 1163/576/1302 899/557/1301 1305/594/1442
f 1077/280/1221 1222/281/1361 1036/282/1178
f 634/21/515 633/317/515 1306/124/515
f 634/21/515 1306/124/515 1307/22/515
f 1218/552/1443 632/274/1443 761/275/1443
f 1218/552/1443 761/275/1443 1308/553/1443
f 1309/258/1444 1284/167/1422 1283/166/1421
f 1309/258/1444 1283/166/1421 1310/259/1445
f 1224/552/1446 1311/553/1446 810/275/1446
f 1224/552/1446 810/275/1446 679/274/1446
f 1304/36/1441 1303/38/1440 798/39/942
f 1304/36/1441 798/39/942 796/37/940
f 1312/450/1447 797/41/941 326/68/416
f 1312/450/1447 326/68/416 1243/499/1378
f 693/399/1448 1313/591/1448 1249/572/1448
f 693/399/1448 1249/572/1448 544/365/1448
f 1297/534/1449 1314/552/1449 717/274/1449
f 1297/534/1449 717/274/1449 682/326/1449
f 729/399/1450 582/365/1450 1256/572/1450
f 729/399/1450 1256/572/1450 1315/591/1450
f 724/196/857 1172/562/1317 1175/229/1320
f 724/196/857 1175/229/1320 808/228/953
f 533/196/660 1154/562/1292 1157/229/1295
f 533/196/660 1157/229/1295 649/228/773
f 1129/450/1273 249/41/287 253/68/291
f 1129/450/1273 253/68/291 1316/499/1451
f 1316/499/1451 253/68/291 684/120/805
f 1316/499/1451 684/120/805 1317/533/1452
f 1318/450/1453 549/41/688 552/68/691
f 1318/450/1453 552/68/691 1319/499/1454
f 1320/595/1455 913/578/1456 1164/579/1457
f 1164/579/1457 913/578/1456 903/577/1458
f 1303/93/1440 1302/92/1439 798/96/942
f 685/195/806 1111/566/1251 1246/562/1384
f 685/195/806 1246/562/1384 860/196/997
f 1321/83/1459 1301/84/1438 1304/85/1441
f 1321/83/1459 1304/85/1441 1322/86/1460
f 1179/582/1238 1100/555/1239 764/536/1238
f 1053/5/1461 10/10/1461 107/78/1461
f 1053/5/1461 107/78/1461 1323/90/1461
f 1319/499/1454 552/68/691 669/120/791
f 1319/499/1454 669/120/791 1324/533/1462
f 388/196/497 1194/562/1339 736/229/865
f 388/196/497 736/229/865 585/228/718
f 795/34/939 1322/35/1460 1304/36/1441
f 795/34/939 1304/36/1441 796/37/940
f 1288/573/1426 1325/592/1463 1128/593/1272
f 1288/573/1426 1128/593/1272 1162/574/1299
f 1326/530/1464 965/318/1464 868/321/1464
f 1326/530/1464 868/321/1464 1252/531/1464
f 1325/592/1463 1240/588/1376 1047/589/1188
f 1325/592/1463 1047/589/1188 1128/593/1272
f 1327/530/1465 1296/531/1465 681/321/1465
f 1327/530/1465 681/321/1465 772/318/1465
f 1260/517/1401 1259/518/1400 1328/519/1466
f 1260/517/1401 1328/519/1466 987/520/1142
f 663/298/475 1329/15/475 975/18/475
f 663/298/475 975/18/475 478/123/475
f 967/365/1467 1330/572/1467 1258/554/1467
f 967/365/1467 1258/554/1467 874/355/1467
f 769/78/1468 768/77/1468 1331/100/1468
f 769/78/1468 1331/100/1468 1332/500/1468
f 1180/1/1469 1333/13/1469 495/42/1469
f 1321/83/1459 1322/86/1460 795/88/939
f 1334/561/1470 671/199/793 725/198/858
f 1334/561/1470 725/198/858 1045/532/1186
f 1333/13/1471 1188/295/1471 495/42/1471
f 1335/6/81 1336/5/81 805/90/81
f 1335/6/81 805/90/81 804/91/81
f 1337/21/515 698/317/515 502/124/515
f 1337/21/515 502/124/515 978/22/515
f 1338/56/86 1335/6/86 804/91/86
f 1338/56/86 804/91/86 817/95/86
f 1197/519/1342 1339/573/1472 1248/574/1389
f 1197/519/1342 1248/574/1389 692/520/812
f 649/228/773 1157/229/1295 692/227/812
f 790/95/124 233/91/124 1138/79/124
f 790/95/124 1138/79/124 1340/82/124
f 16/12/1473 1071/30/1473 1341/33/1473
f 16/12/1473 1341/33/1473 115/87/1473
f 1310/390/1445 646/34/770 532/41/659
f 1310/390/1445 532/41/659 1277/450/1415
f 1141/552/1474 676/274/1474 960/275/1474
f 1141/552/1474 960/275/1474 1342/553/1474
f 1305/594/1475 899/557/1244 1100/555/1243
f 808/228/953 1175/229/1320 853/227/988
f 1324/533/1462 669/120/791 671/199/793
f 1324/533/1462 671/199/793 1334/561/1470
f 1106/280/1247 1283/281/1421 1066/282/1209
f 768/77/1476 828/87/1476 1343/101/1476
f 768/77/1476 1343/101/1476 1331/100/1476
f 958/399/1477 629/365/1477 1166/572/1477
f 958/399/1477 1166/572/1477 1344/591/1477
f 1298/592/1435 1345/588/1478 1178/589/1322
f 1298/592/1435 1178/589/1322 1112/593/1253
f 1279/390/1417 777/34/918 549/41/688
f 1279/390/1417 549/41/688 1318/450/1453
f 648/39/772 1068/528/1211 1070/529/1213
f 648/39/772 1070/529/1213 466/66/578
f 1181/552/1479 1346/553/1479 980/275/1479
f 1181/552/1479 980/275/1479 730/274/1479
f 1247/590/1480 1120/555/1261 906/567/1260
f 1347/456/1481 1309/258/1444 1310/259/1445
f 1347/456/1481 1310/259/1445 1277/457/1415
f 1348/456/1482 1278/258/1416 1279/259/1417
f 1348/456/1482 1279/259/1417 1318/457/1453
f 650/309/1483 1291/541/1483 1349/526/1483
f 650/309/1483 1349/526/1483 848/237/1483
f 694/309/1484 872/237/1484 1350/526/1484
f 694/309/1484 1350/526/1484 1293/541/1484
f 920/365/1485 1351/572/1485 1187/554/1485
f 920/365/1485 1187/554/1485 566/355/1485
f 905/484/1486 930/501/1487 1305/596/1488
f 1076/295/938 525/13/938 526/14/938
f 1076/295/938 526/14/938 1352/122/938
f 1314/552/1489 1353/553/1489 863/275/1489
f 1314/552/1489 863/275/1489 717/274/1489
f 1251/552/1490 801/274/1490 983/275/1490
f 1251/552/1490 983/275/1490 1354/553/1490
f 931/502/1491 971/511/1492 1355/597/1491
f 838/237/1493 992/238/1493 1356/527/1493
f 838/237/1493 1356/527/1493 1253/526/1493
f 807/237/1494 1257/526/1494 1357/527/1494
f 807/237/1494 1357/527/1494 984/238/1494
f 697/402/1495 696/401/1496 1167/598/1497
f 893/296/1155 368/295/1155 794/122/1155
f 893/296/1155 794/122/1155 1358/121/1155
f 860/196/997 1246/562/1384 1260/229/1401
f 860/196/997 1260/229/1401 947/228/1083
f 999/16/8 634/21/8 1307/22/8
f 999/16/8 1307/22/8 1359/17/8
f 733/417/1498 1189/599/1499 734/418/1500
f 734/418/1500 1189/599/1499 1116/600/1500
f 969/365/1501 707/355/1501 1231/554/1501
f 969/365/1501 1231/554/1501 1360/572/1501
f 1361/601/1502 688/564/1503 1121/565/1504
f 1121/565/1504 688/564/1503 714/563/1505
f 1267/552/1506 1362/553/1506 993/275/1506
f 1267/552/1506 993/275/1506 854/274/1506
f 1363/530/1507 1244/531/1507 711/321/1507
f 1363/530/1507 711/321/1507 972/318/1507
f 1211/519/1353 1364/573/1508 1045/574/1186
f 1211/519/1353 1045/574/1186 853/520/988
f 1008/295/938 1365/13/938 1268/14/938
f 1008/295/938 1268/14/938 159/122/938
f 1044/5/1509 86/10/1509 769/78/1509
f 1044/5/1509 769/78/1509 1366/90/1509
f 1282/553/1510 892/275/1510 1025/325/1510
f 1282/553/1510 1025/325/1510 1367/581/1510
f 1222/281/1361 1077/280/1221 777/34/918
f 1222/281/1361 777/34/918 1279/390/1417
f 1368/543/1511 1209/456/1351 1129/457/1273
f 1368/543/1511 1129/457/1273 1316/544/1451
f 894/238/1512 1289/527/1512 1369/558/1512
f 894/238/1512 1369/558/1512 1026/310/1512
f 1167/598/1497 696/401/1496 720/602/1496
f 1061/603/1513 812/448/1513 1115/604/1514
f 718/605/1515 766/433/1516 1054/606/1517
f 397/310/1518 1109/558/1518 1123/571/1518
f 1164/579/1305 864/578/1304 1355/595/1519
f 1345/588/1478 1370/543/1520 1243/544/1378
f 1345/588/1478 1243/544/1378 1178/589/1322
f 1339/573/1472 1371/592/1521 1280/593/1418
f 1339/573/1472 1280/593/1418 1248/574/1389
f 1372/543/1522 1347/456/1481 1277/457/1415
f 1372/543/1522 1277/457/1415 1272/544/1411
f 121/5/543 1373/10/543 1374/78/543
f 121/5/543 1374/78/543 122/90/543
f 1375/24/12 1132/25/12 477/26/12
f 1375/24/12 477/26/12 819/27/12
f 1144/28/13 1375/24/13 819/27/13
f 1144/28/13 819/27/13 494/29/13
f 484/310/1523 1170/571/1523 1161/558/1523
f 1003/399/342 1376/591/342 1265/572/342
f 1003/399/342 1265/572/342 704/365/342
f 89/63/1234 1292/82/1234 1377/28/1234
f 89/63/1234 1377/28/1234 633/317/1234
f 1171/581/1524 1170/571/1524 505/325/1524
f 929/500/1525 928/100/1525 1378/15/1525
f 929/500/1525 1378/15/1525 1379/298/1525
f 1164/607/1526 971/511/1526 1320/608/1527
f 1320/608/1527 971/511/1526 979/514/1527
f 1380/31/1359 128/56/1359 129/95/1359
f 1380/31/1359 129/95/1359 1381/32/1359
f 928/100/1528 955/101/1528 1382/16/1528
f 928/100/1528 1382/16/1528 1378/15/1528
f 1196/581/1529 437/325/1529 1123/571/1529
f 1013/399/392 771/365/392 1286/572/392
f 1013/399/392 1286/572/392 1383/591/392
f 740/238/1530 1030/310/1530 1384/558/1530
f 740/238/1530 1384/558/1530 1232/527/1530
f 798/39/942 1238/528/1374 1124/529/1269
f 798/39/942 1124/529/1269 480/66/599
f 864/578/1308 1163/576/1307 1355/595/1531
f 1385/570/1532 1009/356/1532 728/318/1532
f 1385/570/1532 728/318/1532 1290/530/1532
f 1386/78/1533 989/77/1533 134/100/1533
f 1386/78/1533 134/100/1533 1046/500/1533
f 1387/570/1534 1294/530/1534 775/318/1534
f 1387/570/1534 775/318/1534 1015/356/1534
f 805/90/1281 1080/547/1281 109/80/1281
f 1078/546/1281 1388/78/1281 1079/500/1281
f 805/90/1281 1388/78/1281 1078/546/1281
f 805/90/1281 1078/546/1281 1080/547/1281
f 958/399/1535 1389/587/1535 957/357/1535
f 122/90/1281 1390/547/1281 149/80/1281
f 1391/546/1281 1374/78/1281 1392/500/1281
f 122/90/1281 1374/78/1281 1391/546/1281
f 122/90/1281 1391/546/1281 1390/547/1281
f 1393/588/1536 1372/543/1522 1272/544/1411
f 1393/588/1536 1272/544/1411 1273/589/1412
f 1025/325/1537 1024/311/1537 1394/571/1537
f 1024/311/1538 1026/310/1538 1394/571/1538
f 1395/543/1539 1348/456/1482 1318/457/1453
f 1395/543/1539 1318/457/1453 1319/544/1454
f 1184/609/1540 973/512/1540 1247/610/1541
f 1247/610/1541 973/512/1540 910/486/1541
f 1371/592/1521 1393/588/1536 1273/589/1412
f 1371/592/1521 1273/589/1412 1280/593/1418
f 1283/281/1421 1106/280/1247 646/34/770
f 1283/281/1421 646/34/770 1310/390/1445
f 1396/9/1542 1397/12/1542 990/87/1542
f 1396/9/1542 990/87/1542 989/77/1542
f 1398/530/628 961/318/628 651/321/628
f 1398/530/628 651/321/628 1295/531/628
f 103/12/1543 1072/30/1543 1399/33/1543
f 103/12/1543 1399/33/1543 828/87/1543
f 763/430/1544 1167/598/1545 1119/611/1544
f 748/238/1546 1287/527/1546 1400/558/1546
f 748/238/1546 1400/558/1546 1019/310/1546
f 1317/533/1452 684/120/805 686/199/807
f 1317/533/1452 686/199/807 1401/561/1547
f 1401/561/1547 686/199/807 861/198/998
f 1401/561/1547 861/198/998 1402/532/1548
f 1100/612/1549 873/468/1550 1305/596/1551
f 1320/595/1552 1184/576/1329 913/578/1328
f 996/33/53 1403/32/53 1055/63/53
f 996/33/53 1055/63/53 140/64/53
f 1370/543/1520 1404/456/1553 1312/457/1447
f 1370/543/1520 1312/457/1447 1243/544/1378
f 1405/390/712 795/34/939 797/41/941
f 1405/390/712 797/41/941 1312/450/1447
f 1397/12/264 1406/30/264 996/33/264
f 1397/12/264 996/33/264 990/87/264
f 1407/32/1430 817/95/1430 112/82/1430
f 1407/32/1430 112/82/1430 1096/63/1430
f 436/3/32 1408/7/32 1373/10/32
f 436/3/32 1373/10/32 121/5/32
f 1381/32/1430 129/95/1430 160/82/1430
f 1381/32/1430 160/82/1430 1409/63/1430
f 536/356/1554 1122/570/1554 1225/587/1554
f 1410/570/1555 1327/530/1555 772/318/1555
f 1410/570/1555 772/318/1555 1006/356/1555
f 1355/597/1491 971/511/1492 1164/607/1492
f 957/357/1556 1389/587/1556 1006/356/1556
f 979/514/1557 973/512/1558 1320/608/1557
f 1320/608/1557 973/512/1558 1184/609/1558
f 569/356/1559 1239/587/1559 1142/570/1559
f 803/238/1560 1032/310/1560 1411/558/1560
f 803/238/1560 1411/558/1560 1300/527/1560
f 1402/532/1548 861/198/998 987/227/1142
f 1179/613/1561 766/433/1562 818/453/1561
f 1308/553/1563 761/275/1563 1022/325/1563
f 1308/553/1563 1022/325/1563 1412/581/1563
f 947/228/1083 1260/229/1401 987/227/1142
f 1163/614/1564 930/501/1564 1355/597/1565
f 695/400/1566 718/605/1566 696/401/1567
f 1311/553/1568 1413/581/1568 1043/325/1568
f 1311/553/1568 1043/325/1568 810/275/1568
f 1355/597/1565 930/501/1564 931/502/1565
f 1414/122/1352 445/14/1352 128/56/1352
f 1414/122/1352 128/56/1352 1380/31/1352
f 1179/613/1569 873/468/1570 1100/612/1570
f 1364/573/1508 1415/592/1571 1334/593/1470
f 1364/573/1508 1334/593/1470 1045/574/1186
f 734/418/1572 1115/604/1573 732/416/1573
f 1416/166/1574 1417/167/1575 1233/105/1369
f 1416/166/1574 1233/105/1369 1236/108/1372
f 1035/525/1177 1049/523/1190 1036/282/1178
f 1119/611/1576 1361/615/1577 763/430/1576
f 1418/258/1578 1417/167/1575 1416/166/1574
f 1418/258/1578 1416/166/1574 1405/259/712
f 1003/399/1579 1002/357/1579 1419/587/1579
f 1404/456/1553 1418/258/1578 1405/259/712
f 1404/456/1553 1405/259/712 1312/457/1447
f 1002/357/1580 1009/356/1580 1419/587/1580
f 696/401/1567 718/605/1566 720/602/1567
f 1013/399/1581 1420/587/1581 1012/357/1581
f 1421/570/1582 1093/356/1582 965/318/1582
f 1421/570/1582 965/318/1582 1326/530/1582
f 1422/588/1583 1395/543/1539 1319/544/1454
f 1422/588/1583 1319/544/1454 1324/589/1462
f 1012/357/1584 1420/587/1584 1015/356/1584
f 1095/399/1585 1423/591/1585 1330/572/1585
f 1095/399/1585 1330/572/1585 967/365/1585
f 818/453/1569 873/468/1570 1179/613/1569
f 1049/523/1190 1035/525/1177 1038/528/1180
f 1049/523/1190 1038/528/1180 782/39/923
f 1121/616/1586 787/441/1586 1361/615/1587
f 1361/615/1587 787/441/1586 762/429/1587
f 1116/600/1572 1115/604/1573 734/418/1572
f 1305/596/1488 930/501/1487 1163/614/1487
f 1261/591/1588 1281/587/1588 789/399/1588
f 759/356/1589 1262/570/1589 1276/587/1589
f 1264/591/1590 767/399/1590 1276/587/1590
f 118/7/1395 1103/8/1395 1424/9/1395
f 118/7/1395 1424/9/1395 512/10/1395
f 1180/1/1591 866/2/1591 867/3/1591
f 1180/1/1591 867/3/1591 1425/4/1591
f 1415/592/1571 1422/588/1583 1324/589/1462
f 1415/592/1571 1324/589/1462 1334/593/1470
f 799/356/1592 1281/587/1592 1270/570/1592
f 1008/295/1017 1007/296/1017 1426/42/1017
f 1313/591/1593 693/399/1593 1225/587/1593
f 1315/591/1594 1239/587/1594 729/399/1594
f 1017/79/70 1016/80/70 1427/25/70
f 1017/79/70 1427/25/70 1428/24/70
f 1020/311/1595 1019/310/1595 1429/571/1595
f 908/296/1596 1188/295/1596 1430/122/1596
f 908/296/1596 1430/122/1596 909/121/1596
f 1120/617/1597 912/488/1597 1201/618/1598
f 1201/618/1598 912/488/1597 898/479/1598
f 848/237/1599 1349/526/1599 1431/527/1599
f 848/237/1599 1431/527/1599 1014/238/1599
f 1022/325/1600 1020/311/1600 1429/571/1600
f 580/20/1601 988/23/1601 1432/11/1601
f 580/20/1601 1432/11/1601 1103/8/1601
f 872/237/1602 1023/238/1602 1433/527/1602
f 872/237/1602 1433/527/1602 1350/526/1602
f 1031/311/1603 1434/571/1603 1032/310/1603
f 1043/325/1604 1434/571/1604 1031/311/1604
f 65/10/1605 1254/9/1605 1435/77/1605
f 65/10/1605 1435/77/1605 439/78/1605
f 1436/588/1606 1368/543/1511 1316/544/1451
f 1436/588/1606 1316/544/1451 1317/589/1452
f 1437/393/1222 1391/546/1222 1392/500/1222
f 1437/393/1222 1392/500/1222 1438/298/1222
f 149/80/1222 1390/547/1222 1439/392/1222
f 149/80/1222 1439/392/1222 709/25/1222
f 1439/548/1222 1390/549/1222 1391/550/1222
f 1439/548/1222 1391/550/1222 1437/551/1222
f 1119/565/1259 688/564/1258 1361/601/1607
f 1007/296/1167 1097/23/1167 1426/42/1167
f 1353/553/1608 1440/581/1608 1060/325/1608
f 1353/553/1608 1060/325/1608 863/275/1608
f 1441/619/1609 1442/620/1610 1443/621/1611
f 1029/311/1612 1444/571/1612 1030/310/1612
f 1409/63/1234 160/82/1234 727/28/1234
f 1409/63/1234 727/28/1234 1445/317/1234
f 910/486/1613 912/488/1614 1247/610/1615
f 1247/610/1615 912/488/1614 1120/617/1616
f 1021/13/1617 829/1/1617 1266/4/1617
f 1021/13/1617 1266/4/1617 1446/14/1617
f 952/20/1601 1159/23/1601 1447/11/1601
f 952/20/1601 1447/11/1601 1018/8/1601
f 1094/357/1618 1093/356/1618 1448/587/1618
f 1095/399/1619 1094/357/1619 1448/587/1619
f 1049/523/1190 1048/524/1189 1036/282/1178
f 1226/95/124 137/91/124 1017/79/124
f 1226/95/124 1017/79/124 1449/82/124
f 763/430/1576 1361/615/1577 762/429/1577
f 1060/325/1620 1444/571/1620 1029/311/1620
f 859/295/1621 1021/13/1621 1446/14/1621
f 859/295/1621 1446/14/1621 1299/122/1621
f 1321/280/1459 1416/281/1574 1236/282/1372
f 898/479/1622 812/448/1623 1201/618/1622
f 1201/618/1622 812/448/1623 1061/603/1623
f 1065/525/1208 1087/523/1227 1066/282/1209
f 1114/2/24 1450/19/24 1408/7/24
f 1114/2/24 1408/7/24 436/3/24
f 1328/519/1466 1451/573/1624 1402/574/1548
f 1328/519/1466 1402/574/1548 987/520/1142
f 232/90/1281 1452/547/1281 1137/80/1281
f 1453/546/1281 1140/78/1281 1454/500/1281
f 232/90/1281 1140/78/1281 1453/546/1281
f 232/90/1281 1453/546/1281 1452/547/1281
f 1210/31/1359 78/56/1359 790/95/1359
f 1210/31/1359 790/95/1359 1455/32/1359
f 1456/295/938 1118/13/938 445/14/938
f 1456/295/938 445/14/938 1414/122/938
f 1131/393/1222 1457/546/1222 1046/500/1222
f 1131/393/1222 1046/500/1222 377/298/1222
f 1458/80/1222 1459/547/1222 1130/392/1222
f 1458/80/1222 1130/392/1222 1132/25/1222
f 1130/548/1222 1459/549/1222 1457/550/1222
f 1130/548/1222 1457/550/1222 1131/551/1222
f 1054/606/1562 766/433/1562 1179/613/1561
f 1121/616/1625 1189/622/1626 787/441/1625
f 787/441/1625 1189/622/1626 733/623/1626
f 1460/8/1627 522/11/1627 239/12/1627
f 1460/8/1627 239/12/1627 1461/9/1627
f 1087/523/1227 1065/525/1208 1068/528/1211
f 1087/523/1227 1068/528/1211 648/39/772
f 1055/63/1234 1462/82/1234 1144/28/1234
f 1055/63/1234 1144/28/1234 404/317/1234
f 1048/524/1189 1077/280/1221 1036/282/1178
f 1113/1/62 1118/13/62 1463/42/62
f 1114/2/23 1113/1/23 1463/42/23
f 1461/9/1542 239/12/1542 240/87/1542
f 1461/9/1542 240/87/1542 1464/77/1542
f 1354/553/1628 983/275/1628 1177/325/1628
f 1354/553/1628 1177/325/1628 1465/581/1628
f 992/238/1629 1191/310/1629 1466/558/1629
f 992/238/1629 1466/558/1629 1356/527/1629
f 984/238/1630 1357/527/1630 1467/558/1630
f 984/238/1630 1467/558/1630 1182/310/1630
f 1362/553/1631 1468/581/1631 1198/325/1631
f 1362/553/1631 1198/325/1631 993/275/1631
f 988/23/1235 893/296/1235 1358/121/1235
f 988/23/1235 1358/121/1235 1432/11/1235
f 1451/573/1624 1469/592/1632 1401/593/1547
f 1451/573/1624 1401/593/1547 1402/574/1548
f 1469/592/1632 1436/588/1606 1317/589/1452
f 1469/592/1632 1317/589/1452 1401/593/1547
f 1470/393/1222 1146/546/1222 1147/500/1222
f 1470/393/1222 1147/500/1222 1471/298/1222
f 1016/80/1222 1145/547/1222 1472/392/1222
f 1016/80/1222 1472/392/1222 1427/25/1222
f 1472/548/1222 1145/549/1222 1146/550/1222
f 1472/548/1222 1146/550/1222 1470/551/1222
f 1323/90/1633 1473/547/1633 1474/80/1633
f 1475/546/1633 107/78/1633 929/500/1633
f 1323/90/1633 107/78/1633 1475/546/1633
f 1323/90/1633 1475/546/1633 1473/547/1633
f 1476/20/1601 1097/23/1601 522/11/1601
f 1476/20/1601 522/11/1601 1460/8/1601
f 1329/15/6 1477/16/6 1083/17/6
f 1329/15/6 1083/17/6 975/18/6
f 1115/604/1514 812/448/1513 732/416/1514
f 1342/553/1634 960/275/1634 1208/325/1634
f 1342/553/1634 1208/325/1634 1478/581/1634
f 1477/16/8 1337/21/8 978/22/8
f 1477/16/8 978/22/8 1083/17/8
f 695/400/1515 766/433/1516 718/605/1515
f 1365/13/469 1008/295/469 1426/42/469
f 1346/553/1635 1479/581/1635 1227/325/1635
f 1346/553/1635 1227/325/1635 980/275/1635
f 115/87/1636 1341/33/1636 1480/64/1636
f 115/87/1636 1480/64/1636 955/101/1636
f 1203/399/1637 969/365/1637 1360/572/1637
f 1203/399/1637 1360/572/1637 1481/591/1637
f 1482/619/1638 1483/620/1639 1484/621/1640
f 1485/570/1641 1363/530/1641 972/318/1641
f 1485/570/1641 972/318/1641 1204/356/1641
f 633/317/816 1377/28/816 1486/29/816
f 633/317/816 1486/29/816 1306/124/816
f 1086/524/1226 1106/280/1247 1066/282/1209
f 1087/523/1227 1086/524/1226 1066/282/1209
f 1464/77/1145 240/87/1145 403/101/1145
f 1464/77/1145 403/101/1145 1487/100/1145
f 1200/399/1642 1488/591/1642 1351/572/1642
f 1200/399/1642 1351/572/1642 920/365/1642
f 1266/4/1643 453/3/1643 1044/5/1643
f 1266/4/1643 1044/5/1643 1489/6/1643
f 1416/281/1574 1321/280/1459 795/34/939
f 1416/281/1574 795/34/939 1405/390/712
f 1138/79/70 1137/80/70 1490/25/70
f 1138/79/70 1490/25/70 1491/24/70
f 1367/581/1644 1025/325/1644 1394/571/1644
f 1026/310/1645 1369/558/1645 1394/571/1645
f 1344/591/1646 1389/587/1646 958/399/1646
f 1274/26/782 1439/392/782 1437/393/782
f 1274/26/782 1437/393/782 1492/123/782
f 709/25/782 1439/392/782 1274/26/782
f 1492/123/782 1437/393/782 1438/298/782
f 1305/596/1551 873/468/1550 905/484/1551
f 1445/317/816 727/28/816 1285/29/816
f 1445/317/816 1285/29/816 1493/124/816
f 560/121/1647 1299/122/1647 1494/31/1647
f 560/121/1647 1494/31/1647 1072/30/1647
f 1177/325/1648 1176/311/1648 1495/571/1648
f 1176/311/1649 1182/310/1649 1495/571/1649
f 1190/311/1650 1496/571/1650 1191/310/1650
f 1198/325/1651 1496/571/1651 1190/311/1651
f 1352/122/1352 526/14/1352 918/56/1352
f 1352/122/1352 918/56/1352 1497/31/1352
f 1498/570/1652 1215/356/1652 961/318/1652
f 1498/570/1652 961/318/1652 1398/530/1652
f 1097/23/1143 1476/20/1143 1426/42/1143
f 1079/500/1187 1499/100/1187 1329/15/1187
f 1079/500/1187 1329/15/1187 663/298/1187
f 1006/356/1653 1389/587/1653 1410/570/1653
f 1500/64/755 1096/63/755 698/317/755
f 1500/64/755 698/317/755 1337/21/755
f 1275/27/195 1274/26/195 1501/43/195
f 1285/29/194 1275/27/194 1501/43/194
f 1376/591/1654 1003/399/1654 1419/587/1654
f 697/402/1545 1167/598/1545 763/430/1544
f 1487/100/96 403/101/96 999/16/96
f 1487/100/96 999/16/96 1502/15/96
f 1450/19/110 1114/2/110 1463/42/110
f 1009/356/1655 1385/570/1655 1419/587/1655
f 1383/591/1656 1420/587/1656 1013/399/1656
f 1015/356/1657 1420/587/1657 1387/570/1657
f 1118/13/469 1456/295/469 1463/42/469
f 1202/357/1658 1503/587/1658 1204/356/1658
f 1203/399/1659 1503/587/1659 1202/357/1659
f 1014/238/1660 1431/527/1660 1504/558/1660
f 1014/238/1660 1504/558/1660 1263/310/1660
f 1023/238/1661 1271/310/1661 1505/558/1661
f 1023/238/1661 1505/558/1661 1433/527/1661
f 1269/296/1155 1076/295/1155 1352/122/1155
f 1269/296/1155 1352/122/1155 1506/121/1155
f 1019/310/1662 1400/558/1662 1429/571/1662
f 1032/310/1663 1434/571/1663 1411/558/1663
f 1412/581/1664 1022/325/1664 1429/571/1664
f 1413/581/1665 1434/571/1665 1043/325/1665
f 719/413/844 700/560/1252 720/414/845
f 1366/90/1666 1507/547/1666 1508/80/1666
f 1366/90/1666 1509/546/1666 1507/547/1666
f 1366/90/1666 769/78/1666 1509/546/1666
f 1509/546/1666 769/78/1666 1332/500/1666
f 1208/325/1667 1207/311/1667 1510/571/1667
f 1093/356/1668 1421/570/1668 1448/587/1668
f 1302/523/1439 1235/525/1371 1238/528/1374
f 1302/523/1439 1238/528/1374 798/39/942
f 1423/591/1669 1095/399/1669 1448/587/1669
f 1030/310/1670 1444/571/1670 1384/558/1670
f 1200/399/1671 1199/357/1671 1511/587/1671
f 1227/325/1672 1512/571/1672 1228/311/1672
f 1235/525/1371 1302/523/1439 1236/282/1372
f 1307/22/126 1306/124/126 1513/43/126
f 1199/357/1673 1215/356/1673 1511/587/1673
f 1332/500/1674 1331/100/1674 1514/15/1674
f 1332/500/1674 1514/15/1674 1515/298/1674
f 1516/4/2 1517/3/2 1336/5/2
f 1516/4/2 1336/5/2 1335/6/2
f 1207/311/1675 1263/310/1675 1510/571/1675
f 1518/14/43 1516/4/43 1335/6/43
f 1518/14/43 1335/6/43 1338/56/43
f 1228/311/1676 1512/571/1676 1271/310/1676
f 1519/624/1677 1520/625/1678 1443/621/1611
f 1340/82/74 1138/79/74 1491/24/74
f 1340/82/74 1491/24/74 1521/28/74
f 1336/5/543 1522/10/543 1388/78/543
f 1336/5/543 1388/78/543 805/90/543
f 1331/100/1679 1343/101/1679 1523/16/1679
f 1331/100/1679 1523/16/1679 1514/15/1679
f 1161/558/1680 1170/571/1680 1524/626/1680
f 828/87/1681 1399/33/1681 1525/64/1681
f 828/87/1681 1525/64/1681 1343/101/1681
f 1526/31/1359 1338/56/1359 817/95/1359
f 1526/31/1359 817/95/1359 1407/32/1359
f 1359/17/26 1307/22/26 1513/43/26
f 1527/627/1682 1170/571/1682 1171/581/1682
f 1440/581/1683 1444/571/1683 1060/325/1683
f 1109/558/1684 1528/626/1684 1123/571/1684
f 1358/121/122 794/122/122 1210/31/122
f 1358/121/122 1210/31/122 1529/30/122
f 1530/1/62 1365/13/62 1426/42/62
f 1159/23/1235 1269/296/1235 1506/121/1235
f 1159/23/1235 1506/121/1235 1447/11/1235
f 1531/10/1605 1396/9/1605 989/77/1605
f 1531/10/1605 989/77/1605 1386/78/1605
f 439/78/1533 1435/77/1533 1532/100/1533
f 439/78/1533 1532/100/1533 1147/500/1533
f 1442/620/1610 1441/619/1609 1533/628/1685
f 1442/620/1610 1533/628/1685 1534/629/1686
f 1425/4/1687 867/3/1687 1053/5/1687
f 1425/4/1687 1053/5/1687 1535/6/1687
f 1406/30/14 1536/31/14 1403/32/14
f 1406/30/14 1403/32/14 996/33/14
f 1537/627/1688 1196/581/1688 1123/571/1688
f 1502/15/6 999/16/6 1359/17/6
f 1502/15/6 1359/17/6 1538/18/6
f 1142/570/1689 1239/587/1689 1539/630/1689
f 1122/570/1690 1540/630/1690 1225/587/1690
f 909/121/1691 1430/122/1691 1541/31/1691
f 909/121/1691 1541/31/1691 1071/30/1691
f 1333/13/1692 1180/1/1692 1425/4/1692
f 1333/13/1692 1425/4/1692 1542/14/1692
f 1188/295/1693 1333/13/1693 1542/14/1693
f 1188/295/1693 1542/14/1693 1430/122/1693
f 1274/26/597 1492/123/597 1501/43/597
f 1302/523/1439 1301/524/1438 1236/282/1372
f 1493/124/614 1285/29/614 1501/43/614
f 1520/625/1678 1543/631/1694 1443/621/1611
f 1544/632/1695 1281/587/1695 1261/591/1695
f 1483/620/1639 1482/619/1638 1545/628/1696
f 1483/620/1639 1545/628/1696 1546/629/1697
f 1270/570/1698 1281/587/1698 1547/630/1698
f 512/10/1605 1424/9/1605 1548/77/1605
f 512/10/1605 1548/77/1605 1140/78/1605
f 1262/570/1699 1549/630/1699 1276/587/1699
f 1550/632/1700 1264/591/1700 1276/587/1700
f 1543/631/1694 1441/619/1609 1443/621/1611
f 1301/524/1438 1321/280/1459 1236/282/1372
f 1551/632/1701 1239/587/1701 1315/591/1701
f 1552/632/1702 1313/591/1702 1225/587/1702
f 1476/20/715 1553/19/715 1426/42/715
f 1306/124/614 1486/29/614 1513/43/614
f 1554/8/1627 1555/11/1627 1397/12/1627
f 1554/8/1627 1397/12/1627 1396/9/1627
f 1556/79/70 1458/80/70 1132/25/70
f 1556/79/70 1132/25/70 1375/24/70
f 1555/11/655 1557/121/655 1406/30/655
f 1555/11/655 1406/30/655 1397/12/655
f 1462/82/74 1556/79/74 1375/24/74
f 1462/82/74 1375/24/74 1144/28/74
f 1449/82/74 1017/79/74 1428/24/74
f 1449/82/74 1428/24/74 1558/28/74
f 1379/298/1703 1378/15/1703 1559/18/1703
f 1379/298/1703 1559/18/1703 1560/123/1703
f 1378/15/1704 1382/16/1704 1561/17/1704
f 1378/15/1704 1561/17/1704 1559/18/1704
f 1465/581/1705 1177/325/1705 1495/571/1705
f 1191/310/1706 1496/571/1706 1466/558/1706
f 1182/310/1707 1467/558/1707 1495/571/1707
f 1562/20/715 1450/19/715 1463/42/715
f 1468/581/1708 1496/571/1708 1198/325/1708
f 1456/295/1017 1563/296/1017 1463/42/1017
f 1564/393/1709 1475/546/1709 929/500/1709
f 1564/393/1709 929/500/1709 1379/298/1709
f 1474/80/1709 1473/547/1709 1565/392/1709
f 1474/80/1709 1565/392/1709 1566/25/1709
f 1565/548/1709 1473/549/1709 1475/550/1709
f 1565/548/1709 1475/550/1709 1564/551/1709
f 1018/8/1627 1447/11/1627 1567/12/1627
f 1018/8/1627 1567/12/1627 1254/9/1627
f 1568/624/1710 1569/625/1711 1484/621/1640
f 1455/32/1430 790/95/1430 1340/82/1430
f 1455/32/1430 1340/82/1430 1570/63/1430
f 1520/625/1678 1519/624/1677 1571/633/1712
f 1520/625/1678 1571/633/1712 1572/634/1713
f 955/101/1714 1480/64/1714 1573/21/1714
f 955/101/1714 1573/21/1714 1382/16/1714
f 1574/619/1715 1575/620/1716 1576/621/1717
f 1365/13/5 1530/1/5 1577/4/5
f 1365/13/5 1577/4/5 1268/14/5
f 1578/631/1718 1482/619/1638 1484/621/1640
f 1538/18/25 1359/17/25 1513/43/25
f 1579/90/1281 1459/547/1281 1458/80/1281
f 1457/546/1281 1386/78/1281 1046/500/1281
f 1579/90/1281 1457/546/1281 1459/547/1281
f 1579/90/1281 1386/78/1281 1457/546/1281
f 1580/393/1222 1453/546/1222 1454/500/1222
f 1580/393/1222 1454/500/1222 1581/298/1222
f 1137/80/1222 1452/547/1222 1582/392/1222
f 1137/80/1222 1582/392/1222 1490/25/1222
f 1582/548/1222 1452/549/1222 1453/550/1222
f 1582/548/1222 1453/550/1222 1580/551/1222
f 1583/2/23 1530/1/23 1426/42/23
f 1481/591/1719 1503/587/1719 1203/399/1719
f 1204/356/1720 1503/587/1720 1485/570/1720
f 1403/32/1430 1584/95/1430 1462/82/1430
f 1403/32/1430 1462/82/1430 1055/63/1430
f 1569/625/1711 1578/631/1718 1484/621/1640
f 1103/8/1627 1432/11/1627 1585/12/1627
f 1103/8/1627 1585/12/1627 1424/9/1627
f 1428/24/12 1427/25/12 1586/26/12
f 1428/24/12 1586/26/12 1587/27/12
f 1553/19/110 1583/2/110 1426/42/110
f 1478/581/1721 1208/325/1721 1510/571/1721
f 1497/31/1359 918/56/1359 1226/95/1359
f 1497/31/1359 1226/95/1359 1588/32/1359
f 1479/581/1722 1512/571/1722 1227/325/1722
f 786/439/926 774/438/926 774/465/991
f 733/440/991 733/623/991 733/417/991
f 733/623/991 733/440/927 787/441/927
f 733/417/991 733/623/991 1189/599/991
f 733/623/991 1189/622/991 1189/599/991
f 1189/583/991 1189/586/991 715/584/991
f 1189/586/991 715/569/991 715/584/991
f 715/410/991 451/331/863 715/420/863
f 1589/627/1723 1367/581/1723 1394/571/1723
f 1369/558/1724 1590/626/1724 1394/571/1724
f 1489/6/1725 1044/5/1725 1366/90/1725
f 1489/6/1725 1366/90/1725 1591/91/1725
f 1488/591/1726 1200/399/1726 1511/587/1726
f 1446/14/1727 1266/4/1727 1489/6/1727
f 1446/14/1727 1489/6/1727 1592/56/1727
f 1299/122/1728 1446/14/1728 1592/56/1728
f 1299/122/1728 1592/56/1728 1494/31/1728
f 1215/356/1729 1498/570/1729 1511/587/1729
f 1593/619/1730 1594/620/1731 1595/621/1732
f 1492/123/125 1596/18/125 1501/43/125
f 1597/22/126 1493/124/126 1501/43/126
f 1598/632/1733 1389/587/1733 1344/591/1733
f 1263/310/1734 1504/558/1734 1510/571/1734
f 1271/310/1735 1512/571/1735 1505/558/1735
f 1599/23/1143 1562/20/1143 1463/42/1143
f 1563/296/1167 1599/23/1167 1463/42/1167
f 1072/30/1736 1494/31/1736 1600/32/1736
f 1072/30/1736 1600/32/1736 1399/33/1736
f 1524/626/1737 1170/571/1737 1601/635/1737
f 1586/26/782 1472/392/782 1470/393/782
f 1586/26/782 1470/393/782 1602/123/782
f 1427/25/782 1472/392/782 1586/26/782
f 1602/123/782 1470/393/782 1471/298/782
f 1601/635/1738 1170/571/1738 1527/627/1738
f 1268/14/43 1577/4/43 1603/6/43
f 1268/14/43 1603/6/43 1219/56/43
f 1388/78/1533 1604/77/1533 1499/100/1533
f 1388/78/1533 1499/100/1533 1079/500/1533
f 142/105/1739 217/167/1740 1519/636/1677
f 142/105/1739 1519/636/1677 1443/637/1611
f 1486/29/194 1605/27/194 1513/43/194
f 1410/570/1741 1389/587/1741 1606/630/1741
f 1528/626/1742 1607/635/1742 1123/571/1742
f 1519/636/1677 217/167/1740 324/258/1743
f 1519/636/1677 324/258/1743 1571/638/1712
f 1608/33/53 1407/32/53 1096/63/53
f 1608/33/53 1096/63/53 1500/64/53
f 1499/100/96 1609/101/96 1477/16/96
f 1499/100/96 1477/16/96 1329/15/96
f 1607/635/1744 1537/627/1744 1123/571/1744
f 1609/101/99 1500/64/99 1337/21/99
f 1609/101/99 1337/21/99 1477/16/99
f 1610/632/1745 1376/591/1745 1419/587/1745
f 1611/632/1746 1420/587/1746 1383/591/1746
f 1450/19/1163 1562/20/1163 1612/8/1163
f 1450/19/1163 1612/8/1163 1408/7/1163
f 718/412/1747 700/545/1747 719/639/1747
f 1387/570/1748 1420/587/1748 1613/630/1748
f 1385/570/1749 1614/630/1749 1419/587/1749
f 1563/296/1155 1456/295/1155 1414/122/1155
f 1563/296/1155 1414/122/1155 1615/121/1155
f 1571/638/1712 324/258/1743 830/456/1750
f 1571/638/1712 830/456/1750 1616/640/1751
f 1617/641/1752 1281/587/1752 1544/632/1752
f 1539/630/1753 1239/587/1753 1618/641/1753
f 1547/630/1754 1281/587/1754 1617/641/1754
f 1540/630/1755 1619/641/1755 1225/587/1755
f 1549/630/1756 1620/641/1756 1276/587/1756
f 1620/641/1757 1550/632/1757 1276/587/1757
f 1421/570/1758 1621/630/1758 1448/587/1758
f 1622/632/1759 1423/591/1759 1448/587/1759
f 1432/11/655 1358/121/655 1529/30/655
f 1432/11/655 1529/30/655 1585/12/655
f 1618/641/1760 1239/587/1760 1551/632/1760
f 1575/620/1716 1574/619/1715 1623/628/1761
f 1575/620/1716 1623/628/1761 1624/629/1762
f 1411/558/1763 1434/571/1763 1625/626/1763
f 1626/642/1764 1627/643/1765 1628/644/1766
f 1400/558/1767 1629/626/1767 1429/571/1767
f 1630/627/1768 1434/571/1768 1413/581/1768
f 1619/641/1769 1552/632/1769 1225/587/1769
f 1147/500/1187 1532/100/1187 1631/15/1187
f 1147/500/1187 1631/15/1187 1471/298/1187
f 1632/627/1770 1412/581/1770 1429/571/1770
f 1535/6/1771 1053/5/1771 1323/90/1771
f 1535/6/1771 1323/90/1771 1633/91/1771
f 1634/393/1772 1509/546/1772 1332/500/1772
f 1634/393/1772 1332/500/1772 1515/298/1772
f 1508/80/1772 1507/547/1772 1635/392/1772
f 1508/80/1772 1635/392/1772 1636/25/1772
f 1635/548/1772 1507/549/1772 1509/550/1772
f 1635/548/1772 1509/550/1772 1634/551/1772
f 1384/558/1773 1444/571/1773 1637/626/1773
f 1616/640/1751 830/456/1750 1075/543/1774
f 1616/640/1751 1075/543/1774 1638/645/1775
f 1553/19/1163 1476/20/1163 1460/8/1163
f 1553/19/1163 1460/8/1163 1639/7/1163
f 1219/56/86 1603/6/86 1640/91/86
f 1219/56/86 1640/91/86 1220/95/86
f 1641/123/125 1538/18/125 1513/43/125
f 1071/30/1776 1541/31/1776 1642/32/1776
f 1071/30/1776 1642/32/1776 1341/33/1776
f 1517/3/32 1643/7/32 1522/10/32
f 1517/3/32 1522/10/32 1336/5/32
f 1546/629/1697 1545/628/1696 1644/646/1777
f 1546/629/1697 1644/646/1777 1645/647/1778
f 1539/630/1779 1646/648/1779 1050/530/1779
f 1539/630/1779 1050/530/1779 1142/570/1779
f 1540/630/1780 1122/570/1780 1041/530/1780
f 1540/630/1780 1041/530/1780 1647/648/1780
f 1073/527/1781 1161/558/1781 1524/626/1781
f 1073/527/1781 1524/626/1781 1648/649/1781
f 1491/24/12 1490/25/12 1649/26/12
f 1491/24/12 1649/26/12 1650/27/12
f 1534/629/1686 1533/628/1685 1651/646/1782
f 1534/629/1686 1651/646/1782 1652/647/1783
f 1377/28/13 1653/24/13 1605/27/13
f 1377/28/13 1605/27/13 1486/29/13
f 1343/101/1784 1525/64/1784 1654/21/1784
f 1343/101/1784 1654/21/1784 1523/16/1784
f 1655/650/1785 1527/627/1785 1171/581/1785
f 1655/650/1785 1171/581/1785 1082/553/1785
f 1656/122/1352 1518/14/1352 1338/56/1352
f 1656/122/1352 1338/56/1352 1526/31/1352
f 1028/527/1786 1657/649/1786 1528/626/1786
f 1028/527/1786 1528/626/1786 1109/558/1786
f 1572/634/1713 1571/633/1712 1616/651/1751
f 1572/634/1713 1616/651/1751 1658/652/1787
f 1596/18/25 1659/17/25 1501/43/25
f 1659/17/26 1597/22/26 1501/43/26
f 1660/627/1788 1444/571/1788 1440/581/1788
f 1638/645/1775 1075/543/1774 1240/588/1789
f 1638/645/1775 1240/588/1789 1661/653/1790
f 1662/624/1791 1663/625/1792 1576/621/1717
f 419/105/1793 722/167/1794 1568/636/1710
f 419/105/1793 1568/636/1710 1484/637/1640
f 1261/591/1795 1134/572/1795 1664/654/1795
f 1261/591/1795 1664/654/1795 1544/632/1795
f 1220/95/124 1640/91/124 1665/79/124
f 1220/95/124 1665/79/124 1292/82/124
f 1438/298/475 1666/15/475 1596/18/475
f 1438/298/475 1596/18/475 1492/123/475
f 1547/630/1796 1667/648/1796 1168/530/1796
f 1547/630/1796 1168/530/1796 1270/570/1796
f 1668/7/1395 1554/8/1395 1396/9/1395
f 1668/7/1395 1396/9/1395 1531/10/1395
f 1549/630/1797 1262/570/1797 1126/530/1797
f 1549/630/1797 1126/530/1797 1669/648/1797
f 1264/591/1798 1550/632/1798 1670/654/1798
f 1264/591/1798 1670/654/1798 1135/572/1798
f 1292/82/74 1665/79/74 1653/24/74
f 1292/82/74 1653/24/74 1377/28/74
f 1671/21/515 1445/317/515 1493/124/515
f 1671/21/515 1493/124/515 1597/22/515
f 1506/121/122 1352/122/122 1497/31/122
f 1506/121/122 1497/31/122 1672/30/122
f 1673/655/1799 1139/573/1800 995/519/1801
f 1673/655/1799 995/519/1801 1628/656/1766
f 1140/78/1533 1548/77/1533 1674/100/1533
f 1140/78/1533 1674/100/1533 1454/500/1533
f 1557/121/122 1675/122/122 1536/31/122
f 1557/121/122 1536/31/122 1406/30/122
f 1529/30/14 1210/31/14 1455/32/14
f 1529/30/14 1455/32/14 1676/33/14
f 1677/657/1802 1298/592/1803 1139/573/1800
f 1677/657/1802 1139/573/1800 1673/655/1799
f 1678/650/1804 1108/553/1804 1196/581/1804
f 1678/650/1804 1196/581/1804 1537/627/1804
f 1661/653/1790 1240/588/1789 1325/592/1805
f 1661/653/1790 1325/592/1805 1679/657/1806
f 1680/658/1807 1681/659/1808 1627/643/1765
f 1680/658/1807 1627/643/1765 1626/642/1764
f 1682/631/1809 1574/619/1715 1576/621/1717
f 1683/26/1810 1565/392/1810 1564/393/1810
f 1683/26/1810 1564/393/1810 1560/123/1810
f 1566/25/1810 1565/392/1810 1683/26/1810
f 1560/123/1810 1564/393/1810 1379/298/1810
f 1408/7/1395 1612/8/1395 1684/9/1395
f 1408/7/1395 1684/9/1395 1373/10/1395
f 1594/620/1731 1593/619/1730 1685/628/1811
f 1594/620/1731 1685/628/1811 1686/629/1812
f 1605/27/195 1687/26/195 1513/43/195
f 1688/635/1813 1589/627/1813 1394/571/1813
f 1568/636/1710 722/167/1794 976/258/1814
f 1568/636/1710 976/258/1814 1689/638/1815
f 1590/626/1816 1688/635/1816 1394/571/1816
f 1690/642/1817 1691/643/1818 1692/644/1819
f 1663/625/1792 1682/631/1809 1576/621/1717
f 1382/16/1820 1573/21/1820 1693/22/1820
f 1382/16/1820 1693/22/1820 1561/17/1820
f 1694/653/1821 1345/588/1822 1298/592/1803
f 1694/653/1821 1298/592/1803 1677/657/1802
f 1615/121/122 1414/122/122 1380/31/122
f 1615/121/122 1380/31/122 1695/30/122
f 1515/298/1823 1514/15/1823 1696/18/1823
f 1515/298/1823 1696/18/1823 1697/123/1823
f 1698/1/1 1699/2/1 1517/3/1
f 1698/1/1 1517/3/1 1516/4/1
f 1442/660/1610 143/106/1824 142/105/1739
f 1442/660/1610 142/105/1739 1443/637/1611
f 1521/28/13 1491/24/13 1650/27/13
f 1521/28/13 1650/27/13 1700/29/13
f 1701/13/5 1698/1/5 1516/4/5
f 1701/13/5 1516/4/5 1518/14/5
f 1679/657/1806 1325/592/1805 1288/573/1825
f 1679/657/1806 1288/573/1825 1702/655/1826
f 1514/15/1827 1523/16/1827 1703/17/1827
f 1514/15/1827 1703/17/1827 1696/18/1827
f 1558/28/13 1428/24/13 1587/27/13
f 1558/28/13 1587/27/13 1704/29/13
f 1543/631/1694 1520/625/1678 1572/634/1713
f 1543/631/1694 1572/634/1713 1705/661/1828
f 1706/619/1829 1707/620/1830 1708/621/1831
f 1687/26/597 1641/123/597 1513/43/597
f 1254/9/1542 1567/12/1542 1709/87/1542
f 1254/9/1542 1709/87/1542 1435/77/1542
f 1466/558/1832 1496/571/1832 1710/626/1832
f 1315/591/1833 1256/572/1833 1711/654/1833
f 1315/591/1833 1711/654/1833 1551/632/1833
f 1712/627/1834 1465/581/1834 1495/571/1834
f 1713/627/1835 1496/571/1835 1468/581/1835
f 1467/558/1836 1714/626/1836 1495/571/1836
f 1441/619/1609 1543/631/1694 1705/661/1828
f 1441/619/1609 1705/661/1828 1533/628/1685
f 1570/63/1234 1340/82/1234 1521/28/1234
f 1570/63/1234 1521/28/1234 1715/317/1234
f 1716/642/1837 1717/643/1838 1718/644/1839
f 1313/591/1840 1552/632/1840 1719/654/1840
f 1313/591/1840 1719/654/1840 1249/572/1840
f 1720/624/1841 1721/625/1842 1595/621/1732
f 1588/32/1430 1226/95/1430 1449/82/1430
f 1588/32/1430 1449/82/1430 1722/63/1430
f 1702/655/1826 1288/573/1825 1221/519/1843
f 1702/655/1826 1221/519/1843 1723/656/1844
f 1724/650/1845 1282/553/1845 1367/581/1845
f 1724/650/1845 1367/581/1845 1589/627/1845
f 1725/641/1846 1389/587/1846 1598/632/1846
f 1726/662/1847 1727/663/1848 1681/659/1808
f 1726/662/1847 1681/659/1808 1680/658/1807
f 1392/500/1187 1728/100/1187 1666/15/1187
f 1392/500/1187 1666/15/1187 1438/298/1187
f 1447/11/655 1506/121/655 1672/30/655
f 1447/11/655 1672/30/655 1567/12/655
f 1289/527/1849 1729/649/1849 1590/626/1849
f 1289/527/1849 1590/626/1849 1369/558/1849
f 1569/625/1711 1568/624/1710 1689/633/1815
f 1569/625/1711 1689/633/1815 1730/634/1850
f 1730/634/1850 1731/651/1851 1732/652/1852
f 1730/634/1850 1689/633/1815 1731/651/1851
f 1733/658/1853 1734/659/1854 1691/643/1818
f 1733/658/1853 1691/643/1818 1690/642/1817
f 1689/638/1815 976/258/1814 1209/456/1855
f 1689/638/1815 1209/456/1855 1731/640/1851
f 1663/625/1792 1662/624/1791 1735/633/1856
f 1663/625/1792 1735/633/1856 1736/634/1857
f 1737/642/1858 1738/643/1859 1723/644/1844
f 1483/660/1639 420/106/1860 419/105/1793
f 1483/660/1639 419/105/1793 1484/637/1640
f 1624/629/1762 1623/628/1761 1739/646/1861
f 1624/629/1762 1739/646/1861 1740/647/1862
f 1741/64/755 1409/63/755 1445/317/755
f 1741/64/755 1445/317/755 1671/21/755
f 1542/14/1863 1425/4/1863 1535/6/1863
f 1542/14/1863 1535/6/1863 1742/56/1863
f 1606/630/1864 1389/587/1864 1725/641/1864
f 1658/652/1787 1616/651/1751 1638/664/1775
f 1658/652/1787 1638/664/1775 1743/665/1865
f 1645/647/1778 1644/646/1777 1744/666/1866
f 1645/647/1778 1744/666/1866 1745/667/1867
f 1373/10/1605 1684/9/1605 1746/77/1605
f 1373/10/1605 1746/77/1605 1374/78/1605
f 1430/122/1868 1542/14/1868 1742/56/1868
f 1430/122/1868 1742/56/1868 1541/31/1868
f 1747/668/736 1673/669/1799 1628/644/1766
f 1344/591/1869 1166/572/1869 1748/654/1869
f 1344/591/1869 1748/654/1869 1598/632/1869
f 1749/653/1870 1393/588/692 1371/592/1871
f 1749/653/1870 1371/592/1871 1750/657/1872
f 1750/657/1872 1371/592/1871 1339/573/1873
f 1750/657/1872 1339/573/1873 1751/655/1874
f 1752/91/109 1579/90/109 1458/80/109
f 1752/91/109 1458/80/109 1556/79/109
f 1753/5/543 1531/10/543 1386/78/543
f 1753/5/543 1386/78/543 1579/90/543
f 1482/619/1638 1578/631/1718 1754/661/1875
f 1482/619/1638 1754/661/1875 1545/628/1696
f 1695/30/14 1380/31/14 1381/32/14
f 1695/30/14 1381/32/14 1755/33/14
f 994/518/1876 1011/522/1877 1680/670/1807
f 994/518/1876 1680/670/1807 1626/671/1764
f 995/519/1801 1626/671/1764 1628/656/1766
f 995/519/1801 994/518/1876 1626/671/1764
f 1652/647/1783 1651/646/1782 1756/666/1878
f 1652/647/1783 1756/666/1878 1757/667/1879
f 1584/95/124 1752/91/124 1556/79/124
f 1584/95/124 1556/79/124 1462/82/124
f 1758/641/1880 1420/587/1880 1611/632/1880
f 1613/630/1881 1420/587/1881 1758/641/1881
f 1621/630/1882 1759/641/1882 1448/587/1882
f 1760/653/1883 1422/588/1884 1415/592/1885
f 1760/653/1883 1415/592/1885 1761/657/1886
f 1759/641/1887 1622/632/1887 1448/587/1887
f 1762/645/1888 1370/543/1889 1345/588/1822
f 1762/645/1888 1345/588/1822 1694/653/1821
f 1763/631/1890 1593/619/1730 1595/621/1732
f 1764/641/1891 1610/632/1891 1419/587/1891
f 1761/657/1886 1415/592/1885 1364/573/1892
f 1761/657/1886 1364/573/1892 1765/655/1893
f 1614/630/1894 1764/641/1894 1419/587/1894
f 1766/632/1895 1503/587/1895 1481/591/1895
f 1374/78/1533 1746/77/1533 1728/100/1533
f 1374/78/1533 1728/100/1533 1392/500/1533
f 1485/570/1896 1503/587/1896 1767/630/1896
f 1721/625/1842 1763/631/1890 1595/621/1732
f 1768/662/1897 1769/663/1898 1734/659/1854
f 1768/662/1897 1734/659/1854 1733/658/1853
f 1536/31/1359 1770/56/1359 1584/95/1359
f 1536/31/1359 1584/95/1359 1403/32/1359
f 1771/20/1601 1772/23/1601 1555/11/1601
f 1771/20/1601 1555/11/1601 1554/8/1601
f 1751/655/1874 1339/573/1873 1197/519/1899
f 1751/655/1874 1197/519/1899 1718/656/1839
f 1772/23/1235 1773/296/1235 1557/121/1235
f 1772/23/1235 1557/121/1235 1555/11/1235
f 1639/7/1395 1460/8/1395 1461/9/1395
f 1639/7/1395 1461/9/1395 1774/10/1395
f 1775/658/1900 1776/659/1901 1717/643/1838
f 1775/658/1900 1717/643/1838 1716/642/1837
f 1755/33/53 1381/32/53 1409/63/53
f 1755/33/53 1409/63/53 1741/64/53
f 1765/655/1893 1364/573/1892 1211/519/1902
f 1765/655/1893 1211/519/1902 1692/656/1819
f 1777/645/1903 1395/543/1904 1422/588/1884
f 1777/645/1903 1422/588/1884 1760/653/1883
f 1778/645/1905 1372/543/1906 1393/588/692
f 1778/645/1905 1393/588/692 1749/653/1870
f 1591/91/1907 1366/90/1907 1508/80/1907
f 1591/91/1907 1508/80/1907 1779/79/1907
f 1625/626/1908 1434/571/1908 1780/635/1908
f 1780/635/1909 1434/571/1909 1630/627/1909
f 1781/298/475 1502/15/475 1538/18/475
f 1781/298/475 1538/18/475 1641/123/475
f 1629/626/1910 1782/635/1910 1429/571/1910
f 1578/631/1718 1569/625/1711 1730/634/1850
f 1578/631/1718 1730/634/1850 1754/661/1875
f 1782/635/1911 1632/627/1911 1429/571/1911
f 1783/627/1912 1478/581/1912 1510/571/1912
f 1784/627/1913 1512/571/1913 1479/581/1913
f 1743/665/1865 1638/664/1775 1661/672/1790
f 1743/665/1865 1661/672/1790 1785/673/1914
f 1786/674/1915 1677/675/1802 1673/669/1799
f 1786/674/1915 1673/669/1799 1747/668/736
f 1787/642/1916 1788/643/1917 1789/644/1918
f 1731/640/1851 1209/456/1855 1368/543/1919
f 1731/640/1851 1368/543/1919 1790/645/1920
f 1649/26/782 1582/392/782 1580/393/782
f 1649/26/782 1580/393/782 1791/123/782
f 1490/25/782 1582/392/782 1649/26/782
f 1791/123/782 1580/393/782 1581/298/782
f 1740/647/1862 1739/646/1861 1792/666/1921
f 1740/647/1862 1792/666/1921 1793/667/1922
f 1794/658/1923 1795/659/1924 1738/643/1859
f 1794/658/1923 1738/643/1859 1737/642/1858
f 1793/667/1922 1792/666/1921 1769/663/1898
f 1793/667/1922 1769/663/1898 1768/662/1897
f 1621/630/1925 1421/570/1925 1326/530/1925
f 1621/630/1925 1326/530/1925 1796/648/1925
f 1530/1/1 1583/2/1 1797/3/1
f 1530/1/1 1797/3/1 1577/4/1
f 1798/640/1926 1348/456/1927 1395/543/1904
f 1798/640/1926 1395/543/1904 1777/645/1903
f 1211/519/1902 1174/518/1928 1690/671/1817
f 1211/519/1902 1690/671/1817 1692/656/1819
f 1423/591/1929 1622/632/1929 1799/654/1929
f 1423/591/1929 1799/654/1929 1330/572/1929
f 1745/667/1867 1744/666/1866 1800/663/1930
f 1745/667/1867 1800/663/1930 1801/662/1931
f 1646/648/1932 1802/676/1932 1051/531/1932
f 1646/648/1932 1051/531/1932 1050/530/1932
f 353/276/1933 143/106/1824 1442/660/1610
f 353/276/1933 1442/660/1610 1534/677/1686
f 1721/625/1842 1720/624/1841 1803/633/1934
f 1721/625/1842 1803/633/1934 1804/634/1935
f 1011/522/1877 1058/539/1936 1726/678/1847
f 1011/522/1877 1726/678/1847 1680/670/1807
f 1647/648/1937 1041/530/1937 1042/531/1937
f 1647/648/1937 1042/531/1937 1805/676/1937
f 1560/123/1938 1559/18/1938 1806/43/1938
f 1559/18/1939 1561/17/1939 1806/43/1939
f 1383/591/1940 1286/572/1940 1807/654/1940
f 1383/591/1940 1807/654/1940 1611/632/1940
f 1637/626/1941 1444/571/1941 1808/635/1941
f 1376/591/1942 1610/632/1942 1809/654/1942
f 1376/591/1942 1809/654/1942 1265/572/1942
f 1613/630/1943 1810/648/1943 1294/530/1943
f 1613/630/1943 1294/530/1943 1387/570/1943
f 1757/667/1879 1756/666/1878 1811/663/1944
f 1757/667/1879 1811/663/1944 1812/662/1945
f 1785/673/1914 1661/672/1790 1679/675/1806
f 1785/673/1914 1679/675/1806 1813/674/1946
f 1399/33/1947 1600/32/1947 1814/63/1947
f 1399/33/1947 1814/63/1947 1525/64/1947
f 1232/527/1948 1384/558/1948 1637/626/1948
f 1232/527/1948 1637/626/1948 1815/649/1948
f 1816/640/1949 1347/456/1950 1372/543/1906
f 1816/640/1949 1372/543/1906 1778/645/1905
f 1633/91/1951 1323/90/1951 1474/80/1951
f 1633/91/1951 1474/80/1951 1817/79/1951
f 1818/632/1952 1488/591/1952 1511/587/1952
f 1614/630/1953 1385/570/1953 1290/530/1953
f 1614/630/1953 1290/530/1953 1819/648/1953
f 1808/635/1954 1444/571/1954 1660/627/1954
f 1812/662/1945 1811/663/1944 1795/659/1924
f 1812/662/1945 1795/659/1924 1794/658/1923
f 1813/674/1946 1679/675/1806 1702/669/1826
f 1813/674/1946 1702/669/1826 1820/668/1955
f 1821/658/1956 1822/659/1957 1788/643/1917
f 1821/658/1956 1788/643/1917 1787/642/1916
f 355/278/1958 353/276/1933 1534/677/1686
f 355/278/1958 1534/677/1686 1652/679/1783
f 1823/667/1959 1824/666/1960 1727/663/1848
f 1823/667/1959 1727/663/1848 1726/662/1847
f 1735/638/1856 1278/258/1961 1348/456/1927
f 1735/638/1856 1348/456/1927 1798/640/1926
f 423/276/1962 420/106/1860 1483/660/1639
f 423/276/1962 1483/660/1639 1546/677/1697
f 1074/526/1963 1073/527/1963 1648/649/1963
f 1074/526/1963 1648/649/1963 1825/680/1963
f 1522/10/1605 1826/9/1605 1604/77/1605
f 1522/10/1605 1604/77/1605 1388/78/1605
f 1707/620/1830 1706/619/1829 1827/628/1964
f 1707/620/1830 1827/628/1964 1828/629/1965
f 1033/105/1966 1223/167/1967 1662/636/1791
f 1033/105/1966 1662/636/1791 1576/637/1717
f 1134/572/1968 1133/554/1968 1829/681/1968
f 1134/572/1968 1829/681/1968 1664/654/1968
f 1505/558/1969 1512/571/1969 1830/626/1969
f 1300/527/1970 1411/558/1970 1625/626/1970
f 1300/527/1970 1625/626/1970 1831/649/1970
f 1686/629/1812 1685/628/1811 1832/646/1971
f 1686/629/1812 1832/646/1971 1833/647/1972
f 1834/673/1973 1694/672/1821 1677/675/1802
f 1834/673/1973 1677/675/1802 1786/674/1915
f 1801/662/1931 1800/663/1930 1822/659/1957
f 1801/662/1931 1822/659/1957 1821/658/1956
f 1287/527/1974 1835/649/1974 1629/626/1974
f 1287/527/1974 1629/626/1974 1400/558/1974
f 1471/298/475 1631/15/475 1836/18/475
f 1471/298/475 1836/18/475 1602/123/475
f 1504/558/1975 1837/626/1975 1510/571/1975
f 1838/650/1976 1630/627/1976 1413/581/1976
f 1838/650/1976 1413/581/1976 1311/553/1976
f 1839/682/1977 1655/650/1977 1082/553/1977
f 1839/682/1977 1082/553/1977 1081/552/1977
f 1606/630/1978 1840/648/1978 1327/530/1978
f 1606/630/1978 1327/530/1978 1410/570/1978
f 1790/645/1920 1368/543/1919 1436/588/1979
f 1790/645/1920 1436/588/1979 1841/653/1980
f 1341/33/1981 1642/32/1981 1842/63/1981
f 1341/33/1981 1842/63/1981 1480/64/1981
f 1173/522/1982 1148/539/1983 1768/678/1897
f 1173/522/1982 1768/678/1897 1733/670/1853
f 1424/9/1542 1585/12/1542 1843/87/1542
f 1424/9/1542 1843/87/1542 1548/77/1542
f 1498/570/1984 1844/630/1984 1511/587/1984
f 1027/526/1985 1845/680/1985 1657/649/1985
f 1027/526/1985 1657/649/1985 1028/527/1985
f 1662/636/1791 1223/167/1967 1278/258/1961
f 1662/636/1791 1278/258/1961 1735/638/1856
f 1669/648/1986 1126/530/1986 1127/531/1986
f 1669/648/1986 1127/531/1986 1846/676/1986
f 1847/30/14 1526/31/14 1407/32/14
f 1847/30/14 1407/32/14 1608/33/14
f 1197/519/1899 1156/518/1987 1716/671/1837
f 1197/519/1899 1716/671/1837 1718/656/1839
f 1667/648/1988 1848/676/1988 1169/531/1988
f 1667/648/1988 1169/531/1988 1168/530/1988
f 1135/572/1989 1670/654/1989 1849/681/1989
f 1135/572/1989 1849/681/1989 1136/554/1989
f 1850/650/1990 1308/553/1990 1412/581/1990
f 1850/650/1990 1412/581/1990 1632/627/1990
f 985/515/1991 355/278/1958 1652/679/1783
f 985/515/1991 1652/679/1783 1757/683/1879
f 1148/539/1983 1101/515/1992 1793/683/1922
f 1148/539/1983 1793/683/1922 1768/678/1897
f 1851/640/1993 1404/456/1994 1370/543/1889
f 1851/640/1993 1370/543/1889 1762/645/1888
f 1174/518/1928 1173/522/1982 1733/670/1853
f 1174/518/1928 1733/670/1853 1690/671/1817
f 425/278/1995 423/276/1962 1546/677/1697
f 425/278/1995 1546/677/1697 1645/679/1778
f 997/515/1996 425/278/1995 1645/679/1778
f 997/515/1996 1645/679/1778 1745/683/1867
f 1110/539/1997 1745/683/1867 1801/678/1931
f 1110/539/1997 997/515/1996 1745/683/1867
f 1592/56/1998 1489/6/1998 1591/91/1998
f 1592/56/1998 1591/91/1998 1852/95/1998
f 1853/668/1999 1765/669/1893 1692/644/1819
f 1854/668/2000 1751/669/1874 1718/644/1839
f 1221/519/1843 1195/518/2001 1737/671/1858
f 1221/519/1843 1737/671/1858 1723/656/1844
f 1833/647/1972 1832/646/1971 1855/666/2002
f 1833/647/1972 1855/666/2002 1856/667/2003
f 1856/667/2003 1855/666/2002 1857/663/2004
f 1856/667/2003 1857/663/2004 1858/662/2005
f 1858/662/2005 1776/659/1901 1775/658/1900
f 1858/662/2005 1857/663/2004 1776/659/1901
f 1803/638/1934 1309/258/2006 1347/456/1950
f 1803/638/1934 1347/456/1950 1816/640/1949
f 1084/539/2007 985/515/1991 1757/683/1879
f 1084/539/2007 1757/683/1879 1812/678/1945
f 1583/2/24 1553/19/24 1639/7/24
f 1583/2/24 1639/7/24 1797/3/24
f 1736/634/1857 1735/633/1856 1798/651/1926
f 1736/634/1857 1798/651/1926 1859/652/2008
f 1494/31/2009 1592/56/2009 1852/95/2009
f 1494/31/2009 1852/95/2009 1600/32/2009
f 1841/653/1980 1436/588/1979 1469/592/2010
f 1841/653/1980 1469/592/2010 1860/657/2011
f 1101/515/1992 1039/278/2012 1740/679/1862
f 1101/515/1992 1740/679/1862 1793/683/1922
f 1562/20/1601 1599/23/1601 1861/11/1601
f 1562/20/1601 1861/11/1601 1612/8/1601
f 1862/682/2013 1230/552/2013 1282/553/2013
f 1862/682/2013 1282/553/2013 1724/650/2013
f 1863/647/2014 1864/646/2015 1824/666/1960
f 1863/647/2014 1824/666/1960 1823/667/1959
f 1865/674/2016 1761/675/1886 1765/669/1893
f 1865/674/2016 1765/669/1893 1853/668/1999
f 1866/674/2017 1750/675/1872 1751/669/1874
f 1866/674/2017 1751/669/1874 1854/668/2000
f 1599/23/1235 1563/296/1235 1615/121/1235
f 1599/23/1235 1615/121/1235 1861/11/1235
f 1242/526/2018 1867/680/2018 1729/649/2018
f 1242/526/2018 1729/649/2018 1289/527/2018
f 1155/522/2019 1152/539/2020 1858/678/2005
f 1155/522/2019 1858/678/2005 1775/670/1900
f 1774/10/1605 1461/9/1605 1464/77/1605
f 1774/10/1605 1464/77/1605 1868/78/1605
f 1193/522/2021 1084/539/2007 1812/678/1945
f 1193/522/2021 1812/678/1945 1794/670/1923
f 1710/626/2022 1496/571/2022 1869/635/2022
f 1587/27/195 1586/26/195 1870/43/195
f 1871/673/2023 1760/672/1883 1761/675/1886
f 1871/673/2023 1761/675/1886 1865/674/2016
f 1869/635/2024 1496/571/2024 1713/627/2024
f 1166/572/2025 1091/554/2025 1872/681/2025
f 1166/572/2025 1872/681/2025 1748/654/2025
f 1873/673/2026 1749/672/1870 1750/675/1872
f 1873/673/2026 1750/675/1872 1866/674/2017
f 1874/26/2027 1635/392/2027 1634/393/2027
f 1874/26/2027 1634/393/2027 1697/123/2027
f 1636/25/2027 1635/392/2027 1874/26/2027
f 1697/123/2027 1634/393/2027 1515/298/2027
f 1156/518/1987 1155/522/2019 1775/670/1900
f 1156/518/1987 1775/670/1900 1716/671/1837
f 1875/682/2028 1107/552/2028 1108/553/2028
f 1875/682/2028 1108/553/2028 1678/650/2028
f 1714/626/2029 1876/635/2029 1495/571/2029
f 1876/635/2030 1712/627/2030 1495/571/2030
f 1245/522/2031 1110/539/1997 1801/678/1931
f 1245/522/2031 1801/678/1931 1821/670/1956
f 1877/500/1187 1487/100/1187 1502/15/1187
f 1877/500/1187 1502/15/1187 1781/298/1187
f 1878/650/2032 1660/627/2032 1440/581/2032
f 1878/650/2032 1440/581/2032 1353/553/2032
f 1860/657/2011 1469/592/2010 1451/573/2033
f 1860/657/2011 1451/573/2033 1879/655/2034
f 1880/624/2035 1881/625/2036 1708/621/1831
f 1828/629/1965 1827/628/1964 1864/646/2015
f 1828/629/1965 1864/646/2015 1863/647/2014
f 1720/636/1841 1284/167/2037 1309/258/2006
f 1720/636/1841 1309/258/2006 1803/638/1934
f 1356/527/2038 1466/558/2038 1710/626/2038
f 1356/527/2038 1710/626/2038 1882/649/2038
f 1683/26/2039 1560/123/2039 1806/43/2039
f 1699/2/24 1883/19/24 1643/7/24
f 1699/2/24 1643/7/24 1517/3/24
f 1152/539/2020 1150/515/2040 1856/683/2003
f 1152/539/2020 1856/683/2003 1858/678/2005
f 1884/650/2041 1354/553/2041 1465/581/2041
f 1884/650/2041 1465/581/2041 1712/627/2041
f 1195/518/2001 1193/522/2021 1794/670/1923
f 1195/518/2001 1794/670/1923 1737/671/1858
f 1804/634/1935 1803/633/1934 1816/651/1949
f 1804/634/1935 1816/651/1949 1885/652/2042
f 1063/105/2043 1284/167/2037 1720/636/1841
f 1063/105/2043 1720/636/1841 1595/637/1732
f 1886/650/2044 1713/627/2044 1468/581/2044
f 1886/650/2044 1468/581/2044 1362/553/2044
f 1586/26/597 1602/123/597 1870/43/597
f 1561/17/2045 1693/22/2045 1806/43/2045
f 1575/660/1716 1034/106/2046 1033/105/1966
f 1575/660/1716 1033/105/1966 1576/637/1717
f 1357/527/2047 1887/649/2047 1714/626/2047
f 1357/527/2047 1714/626/2047 1467/558/2047
f 1604/77/1145 1888/87/1145 1609/101/1145
f 1604/77/1145 1609/101/1145 1499/100/1145
f 1328/519/2048 1259/518/2049 1787/671/1916
f 1328/519/2048 1787/671/1916 1789/656/1918
f 1523/16/2050 1654/21/2050 1889/22/2050
f 1523/16/2050 1889/22/2050 1703/17/2050
f 1039/278/2012 1037/276/2051 1624/677/1762
f 1039/278/2012 1624/677/1762 1740/679/1862
f 1890/295/938 1701/13/938 1518/14/938
f 1890/295/938 1518/14/938 1656/122/938
f 1796/648/2052 1326/530/2052 1252/531/2052
f 1796/648/2052 1252/531/2052 1891/676/2052
f 1888/87/514 1608/33/514 1500/64/514
f 1888/87/514 1500/64/514 1609/101/514
f 1732/652/1852 1731/651/1851 1790/664/1920
f 1732/652/1852 1790/664/1920 1892/665/2053
f 1859/652/2008 1798/651/1926 1777/664/1903
f 1859/652/2008 1777/664/1903 1893/665/1771
f 1893/665/1771 1777/664/1903 1760/672/1883
f 1893/665/1771 1760/672/1883 1871/673/2023
f 1099/515/2054 1125/278/2055 1863/679/2014
f 1099/515/2054 1863/679/2014 1823/683/1959
f 1058/539/1936 1823/683/1959 1726/678/1847
f 1058/539/1936 1099/515/2054 1823/683/1959
f 1330/572/2056 1799/654/2056 1894/681/2056
f 1330/572/2056 1894/681/2056 1258/554/2056
f 1454/500/1187 1674/100/1187 1895/15/1187
f 1454/500/1187 1895/15/1187 1581/298/1187
f 1802/676/2057 1896/684/2057 1062/534/2057
f 1802/676/2057 1062/534/2057 1051/531/2057
f 1574/619/1715 1682/631/1809 1897/661/2058
f 1574/619/1715 1897/661/2058 1623/628/1761
f 1805/676/2059 1042/531/2059 1052/534/2059
f 1805/676/2059 1052/534/2059 1898/684/2059
f 1256/572/2060 1255/554/2060 1899/681/2060
f 1256/572/2060 1899/681/2060 1711/654/2060
f 1868/78/1533 1464/77/1533 1487/100/1533
f 1868/78/1533 1487/100/1533 1877/500/1533
f 1105/526/2061 1232/527/2061 1815/649/2061
f 1105/526/2061 1815/649/2061 1900/680/2061
f 1901/665/2062 1778/664/1905 1749/672/1870
f 1901/665/2062 1749/672/1870 1873/673/2026
f 1722/63/1234 1449/82/1234 1558/28/1234
f 1722/63/1234 1558/28/1234 1902/317/1234
f 1259/518/2049 1245/522/2031 1821/670/1956
f 1259/518/2049 1821/670/1956 1787/671/1916
f 1879/655/2034 1451/573/2033 1328/519/2048
f 1879/655/2034 1328/519/2048 1789/656/1918
f 1133/554/2063 1158/541/2063 1903/685/2063
f 1133/554/2063 1903/685/2063 1829/681/2063
f 1249/572/2064 1719/654/2064 1904/681/2064
f 1249/572/2064 1904/681/2064 1250/554/2064
f 1905/631/2065 1706/619/1829 1708/621/1831
f 1885/652/2042 1816/651/1949 1778/664/1905
f 1885/652/2042 1778/664/1905 1901/665/2062
f 1906/684/2066 1229/534/2066 1230/552/2066
f 1906/684/2066 1230/552/2066 1862/682/2066
f 1150/515/2040 1069/278/2067 1833/679/1972
f 1150/515/2040 1833/679/1972 1856/683/2003
f 1846/676/2068 1127/531/2068 1143/534/2068
f 1846/676/2068 1143/534/2068 1907/684/2068
f 1881/625/2036 1905/631/2065 1708/621/1831
f 1848/676/2069 1908/684/2069 1183/534/2069
f 1848/676/2069 1183/534/2069 1169/531/2069
f 1136/554/2070 1849/681/2070 1909/685/2070
f 1136/554/2070 1909/685/2070 1160/541/2070
f 1241/541/2071 1910/685/2071 1867/680/2071
f 1241/541/2071 1867/680/2071 1242/526/2071
f 1911/652/2072 1851/651/1993 1762/664/1888
f 1911/652/2072 1762/664/1888 1912/665/2073
f 1912/665/2073 1694/672/1821 1834/673/1973
f 1912/665/2073 1762/664/1888 1694/672/1821
f 1435/77/1145 1709/87/1145 1913/101/1145
f 1435/77/1145 1913/101/1145 1532/100/1145
f 1286/572/2074 1206/554/2074 1914/681/2074
f 1286/572/2074 1914/681/2074 1807/654/2074
f 1265/572/2075 1809/654/2075 1915/681/2075
f 1265/572/2075 1915/681/2075 1185/554/2075
f 1916/19/1163 1771/20/1163 1554/8/1163
f 1916/19/1163 1554/8/1163 1668/7/1163
f 1104/541/2076 1074/526/2076 1825/680/2076
f 1104/541/2076 1825/680/2076 1917/685/2076
f 1810/648/2077 1918/676/2077 1216/531/2077
f 1810/648/2077 1216/531/2077 1294/530/2077
f 1919/641/2078 1503/587/2078 1766/632/2078
f 1091/554/2079 1090/541/2079 1920/685/2079
f 1091/554/2079 1920/685/2079 1872/681/2079
f 1676/33/53 1455/32/53 1570/63/53
f 1676/33/53 1570/63/53 1921/64/53
f 1767/630/2080 1503/587/2080 1919/641/2080
f 1891/676/2081 1252/531/2081 1229/534/2081
f 1891/676/2081 1229/534/2081 1906/684/2081
f 1773/296/1155 1922/295/1155 1675/122/1155
f 1773/296/1155 1675/122/1155 1557/121/1155
f 1923/638/2082 1418/258/2083 1404/456/1994
f 1923/638/2082 1404/456/1994 1851/640/1993
f 1585/12/264 1529/30/264 1676/33/264
f 1585/12/264 1676/33/264 1843/87/264
f 1924/650/2084 1784/627/2084 1479/581/2084
f 1924/650/2084 1479/581/2084 1346/553/2084
f 1925/684/2085 1839/682/2085 1081/552/2085
f 1925/684/2085 1081/552/2085 1117/534/2085
f 1926/650/2086 1342/553/2086 1478/581/2086
f 1926/650/2086 1478/581/2086 1783/627/2086
f 1214/526/2087 1300/527/2087 1831/649/2087
f 1214/526/2087 1831/649/2087 1927/680/2087
f 1481/591/2088 1360/572/2088 1928/654/2088
f 1481/591/2088 1928/654/2088 1766/632/2088
f 1258/554/2089 1894/681/2089 1910/685/2089
f 1258/554/2089 1910/685/2089 1241/541/2089
f 1192/526/2090 1929/680/2090 1835/649/2090
f 1192/526/2090 1835/649/2090 1287/527/2090
f 1881/625/2036 1880/624/2035 1923/633/2082
f 1881/625/2036 1923/633/2082 1930/634/2091
f 1037/276/2051 1034/106/2046 1575/660/1716
f 1037/276/2051 1575/660/1716 1624/677/1762
f 1666/15/6 1931/16/6 1659/17/6
f 1666/15/6 1659/17/6 1596/18/6
f 1819/648/2092 1290/530/2092 1212/531/2092
f 1819/648/2092 1212/531/2092 1932/676/2092
f 1931/16/8 1671/21/8 1597/22/8
f 1931/16/8 1597/22/8 1659/17/8
f 1059/541/2093 1933/685/2093 1845/680/2093
f 1059/541/2093 1845/680/2093 1027/526/2093
f 1934/682/2094 1838/650/2094 1311/553/2094
f 1934/682/2094 1311/553/2094 1224/552/2094
f 1767/630/2095 1935/648/2095 1363/530/2095
f 1767/630/2095 1363/530/2095 1485/570/2095
f 1090/541/2096 1105/526/2096 1900/680/2096
f 1090/541/2096 1900/680/2096 1920/685/2096
f 1704/29/194 1587/27/194 1870/43/194
f 1892/665/2053 1790/664/1920 1841/672/1980
f 1892/665/2053 1841/672/1980 1936/673/2097
f 1715/317/816 1521/28/816 1700/29/816
f 1715/317/816 1700/29/816 1937/124/816
f 1938/682/2098 1218/552/2098 1308/553/2098
f 1938/682/2098 1308/553/2098 1850/650/2098
f 1253/526/2099 1356/527/2099 1882/649/2099
f 1253/526/2099 1882/649/2099 1939/680/2099
f 1653/24/12 1940/25/12 1687/26/12
f 1653/24/12 1687/26/12 1605/27/12
f 1672/30/14 1497/31/14 1588/32/14
f 1672/30/14 1588/32/14 1941/33/14
f 1817/79/2100 1474/80/2100 1566/25/2100
f 1817/79/2100 1566/25/2100 1942/24/2100
f 1158/541/2101 1253/526/2101 1939/680/2101
f 1158/541/2101 1939/680/2101 1903/685/2101
f 1896/684/2102 1943/682/2102 1181/552/2102
f 1896/684/2102 1181/552/2102 1062/534/2102
f 1898/684/2103 1052/534/2103 1141/552/2103
f 1898/684/2103 1141/552/2103 1944/682/2103
f 1945/635/2104 1512/571/2104 1784/627/2104
f 1946/682/2105 1251/552/2105 1354/553/2105
f 1946/682/2105 1354/553/2105 1884/650/2105
f 1947/682/2106 1886/650/2106 1362/553/2106
f 1947/682/2106 1362/553/2106 1267/552/2106
f 1948/635/2107 1783/627/2107 1510/571/2107
f 1648/649/2108 1524/626/2108 1601/635/2108
f 1648/649/2108 1601/635/2108 1949/686/2108
f 1257/526/2109 1950/680/2109 1887/649/2109
f 1257/526/2109 1887/649/2109 1357/527/2109
f 1949/686/2110 1601/635/2110 1527/627/2110
f 1949/686/2110 1527/627/2110 1655/650/2110
f 1936/673/2097 1841/672/1980 1860/675/2011
f 1936/673/2097 1860/675/2011 1951/674/2111
f 1544/632/2112 1664/654/2112 1952/687/2112
f 1544/632/2112 1952/687/2112 1617/641/2112
f 1908/684/2113 1947/682/2113 1267/552/2113
f 1908/684/2113 1267/552/2113 1183/534/2113
f 1907/684/2114 1143/534/2114 1251/552/2114
f 1907/684/2114 1251/552/2114 1946/682/2114
f 1840/648/2115 1953/676/2115 1296/531/2115
f 1840/648/2115 1296/531/2115 1327/530/2115
f 1617/641/2116 1952/687/2116 1667/648/2116
f 1617/641/2116 1667/648/2116 1547/630/2116
f 1069/278/2067 1067/276/2117 1686/677/1812
f 1069/278/2067 1686/677/1812 1833/679/1972
f 1160/541/2118 1909/685/2118 1950/680/2118
f 1160/541/2118 1950/680/2118 1257/526/2118
f 1594/660/1731 1064/106/2119 1063/105/2043
f 1594/660/1731 1063/105/2043 1595/637/1732
f 1480/64/2120 1842/63/2120 1954/317/2120
f 1480/64/2120 1954/317/2120 1573/21/2120
f 1930/634/2091 1923/633/2082 1851/651/1993
f 1930/634/2091 1851/651/1993 1911/652/2072
f 1830/626/2121 1512/571/2121 1945/635/2121
f 1488/591/2122 1818/632/2122 1955/654/2122
f 1488/591/2122 1955/654/2122 1351/572/2122
f 1550/632/2123 1620/641/2123 1956/687/2123
f 1550/632/2123 1956/687/2123 1670/654/2123
f 1620/641/2124 1549/630/2124 1669/648/2124
f 1620/641/2124 1669/648/2124 1956/687/2124
f 1951/674/2111 1860/675/2011 1879/669/2034
f 1951/674/2111 1879/669/2034 1957/668/2125
f 1837/626/2126 1948/635/2126 1510/571/2126
f 1943/682/2127 1924/650/2127 1346/553/2127
f 1943/682/2127 1346/553/2127 1181/552/2127
f 1206/554/2128 1205/541/2128 1958/685/2128
f 1206/554/2128 1958/685/2128 1914/681/2128
f 1944/682/2129 1141/552/2129 1342/553/2129
f 1944/682/2129 1342/553/2129 1926/650/2129
f 1185/554/2130 1915/681/2130 1959/685/2130
f 1185/554/2130 1959/685/2130 1186/541/2130
f 1618/641/2131 1960/687/2131 1646/648/2131
f 1618/641/2131 1646/648/2131 1539/630/2131
f 1205/541/2132 1214/526/2132 1927/680/2132
f 1205/541/2132 1927/680/2132 1958/685/2132
f 1186/541/2133 1959/685/2133 1929/680/2133
f 1186/541/2133 1929/680/2133 1192/526/2133
f 1918/676/2134 1961/684/2134 1217/534/2134
f 1918/676/2134 1217/534/2134 1216/531/2134
f 1619/641/2135 1540/630/2135 1647/648/2135
f 1619/641/2135 1647/648/2135 1962/687/2135
f 1963/641/2136 1818/632/2136 1511/587/2136
f 1231/554/2137 1104/541/2137 1917/685/2137
f 1231/554/2137 1917/685/2137 1964/681/2137
f 1602/123/125 1836/18/125 1870/43/125
f 1961/684/2138 1934/682/2138 1224/552/2138
f 1961/684/2138 1224/552/2138 1217/534/2138
f 1965/3/32 1668/7/32 1531/10/32
f 1965/3/32 1531/10/32 1753/5/32
f 1657/649/2139 1966/686/2139 1607/635/2139
f 1657/649/2139 1607/635/2139 1528/626/2139
f 1844/630/2140 1963/641/2140 1511/587/2140
f 1967/676/2141 1925/684/2141 1117/534/2141
f 1967/676/2141 1117/534/2141 1244/531/2141
f 1932/676/2142 1212/531/2142 1213/534/2142
f 1932/676/2142 1213/534/2142 1968/684/2142
f 1650/27/195 1649/26/195 1969/43/195
f 1779/79/2143 1508/80/2143 1636/25/2143
f 1779/79/2143 1636/25/2143 1970/24/2143
f 1593/619/1730 1763/631/1890 1971/661/2144
f 1593/619/1730 1971/661/2144 1685/628/1811
f 1763/631/1890 1804/634/1935 1971/661/2144
f 1763/631/1890 1721/625/1842 1804/634/1935
f 1360/572/2145 1231/554/2145 1964/681/2145
f 1360/572/2145 1964/681/2145 1928/654/2145
f 1968/684/2146 1213/534/2146 1218/552/2146
f 1968/684/2146 1218/552/2146 1938/682/2146
f 1972/684/2147 1165/534/2147 1107/552/2147
f 1972/684/2147 1107/552/2147 1875/682/2147
f 1675/122/1352 1973/14/1352 1770/56/1352
f 1675/122/1352 1770/56/1352 1536/31/1352
f 1974/682/2148 1878/650/2148 1353/553/2148
f 1974/682/2148 1353/553/2148 1314/552/2148
f 1966/686/2149 1678/650/2149 1537/627/2149
f 1966/686/2149 1537/627/2149 1607/635/2149
f 1935/648/2150 1967/676/2150 1244/531/2150
f 1935/648/2150 1244/531/2150 1363/530/2150
f 1551/632/2151 1711/654/2151 1960/687/2151
f 1551/632/2151 1960/687/2151 1618/641/2151
f 1533/628/1685 1705/661/1828 1975/688/2152
f 1533/628/1685 1975/688/2152 1651/646/1782
f 1187/554/904 1976/681/904 1933/685/904
f 1187/554/904 1933/685/904 1059/541/904
f 1552/632/2153 1619/641/2153 1962/687/2153
f 1552/632/2153 1962/687/2153 1719/654/2153
f 1844/630/2154 1498/570/2154 1398/530/2154
f 1844/630/2154 1398/530/2154 1977/648/2154
f 1880/636/2035 1417/167/2155 1418/258/2083
f 1880/636/2035 1418/258/2083 1923/638/2082
f 1978/27/2156 1683/26/2156 1806/43/2156
f 1433/527/2157 1505/558/2157 1830/626/2157
f 1433/527/2157 1830/626/2157 1979/649/2157
f 1067/276/2117 1064/106/2119 1594/660/1731
f 1067/276/2117 1594/660/1731 1686/677/1812
f 1729/649/2158 1980/686/2158 1688/635/2158
f 1729/649/2158 1688/635/2158 1590/626/2158
f 1980/686/2159 1724/650/2159 1589/627/2159
f 1980/686/2159 1589/627/2159 1688/635/2159
f 1700/29/194 1650/27/194 1969/43/194
f 1693/22/2160 1981/124/2160 1806/43/2160
f 1697/123/2161 1696/18/2161 1982/43/2161
f 1687/26/782 1983/392/782 1984/393/782
f 1687/26/782 1984/393/782 1641/123/782
f 1940/25/782 1983/392/782 1687/26/782
f 1641/123/782 1984/393/782 1781/298/782
f 1255/554/2162 1293/541/2162 1985/685/2162
f 1255/554/2162 1985/685/2162 1899/681/2162
f 1525/64/2163 1814/63/2163 1986/317/2163
f 1525/64/2163 1986/317/2163 1654/21/2163
f 1627/643/1765 1987/689/2164 1628/644/1766
f 1431/527/2165 1988/649/2165 1837/626/2165
f 1431/527/2165 1837/626/2165 1504/558/2165
f 1696/18/2166 1703/17/2166 1982/43/2166
f 1125/278/2055 1237/276/2167 1828/677/1965
f 1125/278/2055 1828/677/1965 1863/679/2014
f 1351/572/2168 1955/654/2168 1976/681/2168
f 1351/572/2168 1976/681/2168 1187/554/2168
f 1577/4/2 1797/3/2 1989/5/2
f 1577/4/2 1989/5/2 1603/6/2
f 1643/7/1395 1990/8/1395 1826/9/1395
f 1643/7/1395 1826/9/1395 1522/10/1395
f 1699/2/23 1698/1/23 1991/42/23
f 1698/1/62 1701/13/62 1991/42/62
f 1992/6/81 1753/5/81 1579/90/81
f 1992/6/81 1579/90/81 1752/91/81
f 1250/554/2169 1904/681/2169 1993/685/2169
f 1250/554/2169 1993/685/2169 1291/541/2169
f 1902/317/816 1558/28/816 1704/29/816
f 1902/317/816 1704/29/816 1994/124/816
f 1742/56/2170 1535/6/2170 1633/91/2170
f 1742/56/2170 1633/91/2170 1995/95/2170
f 1953/676/2171 1996/684/2171 1297/534/2171
f 1953/676/2171 1297/534/2171 1296/531/2171
f 1233/105/2172 1417/167/2155 1880/636/2035
f 1233/105/2172 1880/636/2035 1708/637/1831
f 1770/56/86 1992/6/86 1752/91/86
f 1770/56/86 1752/91/86 1584/95/86
f 1942/24/2173 1566/25/2173 1683/26/2173
f 1942/24/2173 1683/26/2173 1978/27/2173
f 1997/121/122 1656/122/122 1526/31/122
f 1997/121/122 1526/31/122 1847/30/122
f 1987/689/2164 1747/668/736 1628/644/1766
f 1541/31/2174 1742/56/2174 1995/95/2174
f 1541/31/2174 1995/95/2174 1642/32/2174
f 1567/12/264 1672/30/264 1941/33/264
f 1567/12/264 1941/33/264 1709/87/264
f 1573/21/2175 1954/317/2175 1981/124/2175
f 1573/21/2175 1981/124/2175 1693/22/2175
f 1996/684/2176 1974/682/2176 1314/552/2176
f 1996/684/2176 1314/552/2176 1297/534/2176
f 1649/26/597 1791/123/597 1969/43/597
f 1691/643/1818 1998/689/2177 1692/644/1819
f 1759/641/2178 1621/630/2178 1796/648/2178
f 1759/641/2178 1796/648/2178 1999/687/2178
f 1622/632/2179 1759/641/2179 1999/687/2179
f 1622/632/2179 1999/687/2179 1799/654/2179
f 1994/124/614 1704/29/614 1870/43/614
f 2000/676/2180 1295/531/2180 1165/534/2180
f 2000/676/2180 1165/534/2180 1972/684/2180
f 1772/23/1143 1771/20/1143 2001/42/1143
f 1598/632/2181 1748/654/2181 2002/687/2181
f 1598/632/2181 2002/687/2181 1725/641/2181
f 1738/643/1859 2003/689/2182 1723/644/1844
f 2003/689/2182 1820/668/1955 1723/644/1844
f 1820/668/1955 1702/669/1826 1723/644/1844
f 1682/631/1809 1663/625/1792 1736/634/1857
f 1682/631/1809 1736/634/1857 1897/661/2058
f 1897/661/2058 1859/652/2008 2004/688/2183
f 1897/661/2058 1736/634/1857 1859/652/2008
f 1773/296/1167 1772/23/1167 2001/42/1167
f 1681/659/1808 2005/690/2184 1987/689/2164
f 1681/659/1808 1987/689/2164 1627/643/1765
f 2005/690/2184 1747/668/736 1987/689/2164
f 2005/690/2184 1786/674/1915 1747/668/736
f 1581/298/475 1895/15/475 2006/18/475
f 1581/298/475 2006/18/475 1791/123/475
f 1977/648/2185 1398/530/2185 1295/531/2185
f 1977/648/2185 1295/531/2185 2000/676/2185
f 1998/689/2177 1853/668/1999 1692/644/1819
f 1293/541/2186 1350/526/2186 2007/680/2186
f 1293/541/2186 2007/680/2186 1985/685/2186
f 1532/100/96 1913/101/96 2008/16/96
f 1532/100/96 2008/16/96 1631/15/96
f 1874/26/2187 1697/123/2187 1982/43/2187
f 1350/526/2188 1433/527/2188 1979/649/2188
f 1350/526/2188 1979/649/2188 2007/680/2188
f 1623/628/1761 1897/661/2058 2004/688/2183
f 1623/628/1761 2004/688/2183 1739/646/1861
f 1548/77/1145 1843/87/1145 2009/101/1145
f 1548/77/1145 2009/101/1145 1674/100/1145
f 1291/541/2189 1993/685/2189 2010/680/2189
f 1291/541/2189 2010/680/2189 1349/526/2189
f 1611/632/2190 1807/654/2190 2011/687/2190
f 1611/632/2190 2011/687/2190 1758/641/2190
f 1703/17/2191 1889/22/2191 1982/43/2191
f 1758/641/2192 2011/687/2192 1810/648/2192
f 1758/641/2192 1810/648/2192 1613/630/2192
f 1612/8/1627 1861/11/1627 2012/12/1627
f 1612/8/1627 2012/12/1627 1684/9/1627
f 1725/641/2193 2002/687/2193 1840/648/2193
f 1725/641/2193 1840/648/2193 1606/630/2193
f 1707/660/1830 1234/106/2194 1233/105/2172
f 1707/660/1830 1233/105/2172 1708/637/1831
f 1349/526/2195 2010/680/2195 1988/649/2195
f 1349/526/2195 1988/649/2195 1431/527/2195
f 1705/661/1828 1572/634/1713 1658/652/1787
f 1705/661/1828 1658/652/1787 1975/688/2152
f 1651/646/1782 1975/688/2152 2013/691/2196
f 1651/646/1782 2013/691/2196 1756/666/1878
f 1975/688/2152 1658/652/1787 1743/665/1865
f 1975/688/2152 1743/665/1865 2013/691/2196
f 1883/19/110 1699/2/110 1991/42/110
f 1861/11/655 1615/121/655 1695/30/655
f 1861/11/655 1695/30/655 2012/12/655
f 1610/632/2197 1764/641/2197 2014/687/2197
f 1610/632/2197 2014/687/2197 1809/654/2197
f 1701/13/469 1890/295/469 1991/42/469
f 1545/628/1696 1754/661/1875 2015/688/2198
f 1545/628/1696 2015/688/2198 1644/646/1777
f 1754/661/1875 1730/634/1850 1732/652/1852
f 1754/661/1875 1732/652/1852 2015/688/2198
f 1644/646/1777 2015/688/2198 2016/691/2199
f 1644/646/1777 2016/691/2199 1744/666/1866
f 1764/641/2200 1614/630/2200 1819/648/2200
f 1764/641/2200 1819/648/2200 2014/687/2200
f 1852/95/2201 1591/91/2201 1779/79/2201
f 1852/95/2201 1779/79/2201 2017/82/2201
f 2018/690/2202 1813/674/1946 1820/668/1955
f 2018/690/2202 1820/668/1955 2003/689/2182
f 1831/649/2203 1625/626/2203 1780/635/2203
f 1831/649/2203 1780/635/2203 2019/686/2203
f 2019/686/2204 1780/635/2204 1630/627/2204
f 2019/686/2204 1630/627/2204 1838/650/2204
f 1836/18/25 2020/17/25 1870/43/25
f 2021/29/2205 1978/27/2205 1806/43/2205
f 1734/659/1854 2022/690/2206 1998/689/2177
f 1734/659/1854 1998/689/2177 1691/643/1818
f 2022/690/2206 1853/668/1999 1998/689/2177
f 2022/690/2206 1865/674/2016 1853/668/1999
f 1664/654/2207 1829/681/2207 2023/692/2207
f 1664/654/2207 2023/692/2207 1952/687/2207
f 1981/124/2208 2021/29/2208 1806/43/2208
f 1937/124/614 1700/29/614 1969/43/614
f 1952/687/2209 2023/692/2209 1848/676/2209
f 1952/687/2209 1848/676/2209 1667/648/2209
f 1835/649/2210 2024/686/2210 1782/635/2210
f 1835/649/2210 1782/635/2210 1629/626/2210
f 1237/276/2167 1234/106/2194 1707/660/1830
f 1237/276/2167 1707/660/1830 1828/677/1965
f 1776/659/1901 2025/690/2211 2026/689/2212
f 1776/659/1901 2026/689/2212 1717/643/1838
f 1717/643/1838 2026/689/2212 1718/644/1839
f 2026/689/2212 1854/668/2000 1718/644/1839
f 1815/649/2213 1637/626/2213 1808/635/2213
f 1815/649/2213 1808/635/2213 2027/686/2213
f 1795/659/1924 2018/690/2202 2003/689/2182
f 1795/659/1924 2003/689/2182 1738/643/1859
f 2024/686/2214 1850/650/2214 1632/627/2214
f 2024/686/2214 1632/627/2214 1782/635/2214
f 1956/687/2215 1669/648/2215 1846/676/2215
f 1956/687/2215 1846/676/2215 2028/692/2215
f 1600/32/2216 1852/95/2216 2017/82/2216
f 1600/32/2216 2017/82/2216 1814/63/2216
f 1797/3/32 1639/7/32 1774/10/32
f 1797/3/32 1774/10/32 1989/5/32
f 1670/654/2217 1956/687/2217 2028/692/2217
f 1670/654/2217 2028/692/2217 1849/681/2217
f 1706/619/1829 1905/631/2065 2029/661/2218
f 1706/619/1829 2029/661/2218 1827/628/1964
f 1905/631/2065 1930/634/2091 2029/661/2218
f 1905/631/2065 1881/625/2036 1930/634/2091
f 1825/680/2219 1648/649/2219 1949/686/2219
f 1825/680/2219 1949/686/2219 2030/693/2219
f 2030/693/2220 1949/686/2220 1655/650/2220
f 2030/693/2220 1655/650/2220 1839/682/2220
f 2031/693/2221 1862/682/2221 1724/650/2221
f 2031/693/2221 1724/650/2221 1980/686/2221
f 2025/690/2211 1866/674/2017 1854/668/2000
f 2025/690/2211 1854/668/2000 2026/689/2212
f 1867/680/2222 2031/693/2222 1980/686/2222
f 1867/680/2222 1980/686/2222 1729/649/2222
f 2032/694/2223 1785/673/1914 1813/674/1946
f 2032/694/2223 1813/674/1946 2018/690/2202
f 2033/689/2224 1957/668/2125 1789/644/1918
f 1957/668/2125 1879/669/2034 1789/644/1918
f 1771/20/715 1916/19/715 2001/42/715
f 1960/687/2225 2034/692/2225 1802/676/2225
f 1960/687/2225 1802/676/2225 1646/648/2225
f 1921/64/755 1570/63/755 1715/317/755
f 1921/64/755 1715/317/755 2035/21/755
f 1727/663/1848 2036/694/2226 2005/690/2184
f 1727/663/1848 2005/690/2184 1681/659/1808
f 2036/694/2226 1786/674/1915 2005/690/2184
f 2036/694/2226 1834/673/1973 1786/674/1915
f 1739/646/1861 2004/688/2183 2037/691/2227
f 1739/646/1861 2037/691/2227 1792/666/1921
f 1922/295/1017 1773/296/1017 2001/42/1017
f 1665/79/70 2038/80/70 1940/25/70
f 1665/79/70 1940/25/70 1653/24/70
f 2027/686/2228 1808/635/2228 1660/627/2228
f 2027/686/2228 1660/627/2228 1878/650/2228
f 1962/687/2229 1647/648/2229 1805/676/2229
f 1962/687/2229 1805/676/2229 2039/692/2229
f 1882/649/2230 1710/626/2230 1869/635/2230
f 1882/649/2230 1869/635/2230 2040/686/2230
f 2040/686/2231 1869/635/2231 1713/627/2231
f 2040/686/2231 1713/627/2231 1886/650/2231
f 1756/666/1878 2013/691/2196 2032/694/2223
f 1756/666/1878 2032/694/2223 1811/663/1944
f 1769/663/1898 2041/694/2232 2022/690/2206
f 1769/663/1898 2022/690/2206 1734/659/1854
f 2041/694/2232 1865/674/2016 2022/690/2206
f 2041/694/2232 1871/673/2023 1865/674/2016
f 1970/24/2233 1636/25/2233 1874/26/2233
f 1970/24/2233 1874/26/2233 2042/27/2233
f 1788/643/1917 2033/689/2224 1789/644/1918
f 1728/100/96 2043/101/96 1931/16/96
f 1728/100/96 1931/16/96 1666/15/96
f 1999/687/2234 1796/648/2234 1891/676/2234
f 1999/687/2234 1891/676/2234 2044/692/2234
f 1887/649/2235 2045/686/2235 1876/635/2235
f 1887/649/2235 1876/635/2235 1714/626/2235
f 2045/686/1309 1884/650/1309 1712/627/1309
f 2045/686/1309 1712/627/1309 1876/635/1309
f 1799/654/2236 1999/687/2236 2044/692/2236
f 1799/654/2236 2044/692/2236 1894/681/2236
f 2043/101/99 1741/64/99 1671/21/99
f 2043/101/99 1671/21/99 1931/16/99
f 1826/9/1542 2046/12/1542 1888/87/1542
f 1826/9/1542 1888/87/1542 1604/77/1542
f 1631/15/6 2008/16/6 2020/17/6
f 1631/15/6 2020/17/6 1836/18/6
f 1845/680/2237 2047/693/2237 1966/686/2237
f 1845/680/2237 1966/686/2237 1657/649/2237
f 2046/12/264 1847/30/264 1608/33/264
f 2046/12/264 1608/33/264 1888/87/264
f 1685/628/1811 1971/661/2144 2048/688/2238
f 1685/628/1811 2048/688/2238 1832/646/1971
f 1791/123/125 2006/18/125 1969/43/125
f 2004/688/2183 1859/652/2008 1893/665/1771
f 2004/688/2183 1893/665/1771 2037/691/2227
f 1711/654/2239 1899/681/2239 2034/692/2239
f 1711/654/2239 2034/692/2239 1960/687/2239
f 2049/2/24 1916/19/24 1668/7/24
f 2049/2/24 1668/7/24 1965/3/24
f 2050/22/126 1994/124/126 1870/43/126
f 1654/21/2240 1986/317/2240 2051/124/2240
f 1654/21/2240 2051/124/2240 1889/22/2240
f 2052/695/2241 1906/684/2241 1862/682/2241
f 2052/695/2241 1862/682/2241 2031/693/2241
f 2015/688/2198 1732/652/1852 1892/665/2053
f 2015/688/2198 1892/665/2053 2016/691/2199
f 1910/685/2242 2052/695/2242 2031/693/2242
f 1910/685/2242 2031/693/2242 1867/680/2242
f 1922/295/938 2053/13/938 1973/14/938
f 1922/295/938 1973/14/938 1675/122/938
f 1971/661/2144 1804/634/1935 1885/652/2042
f 1971/661/2144 1885/652/2042 2048/688/2238
f 1603/6/81 1989/5/81 2054/90/81
f 1603/6/81 2054/90/81 1640/91/81
f 1719/654/2243 1962/687/2243 2039/692/2243
f 1719/654/2243 2039/692/2243 1904/681/2243
f 2047/693/2244 1875/682/2244 1678/650/2244
f 2047/693/2244 1678/650/2244 1966/686/2244
f 1883/19/1163 2055/20/1163 1990/8/1163
f 1883/19/1163 1990/8/1163 1643/7/1163
f 2044/692/2245 1891/676/2245 1906/684/2245
f 2044/692/2245 1906/684/2245 2052/695/2245
f 1829/681/2246 1903/685/2246 2056/695/2246
f 1829/681/2246 2056/695/2246 2023/692/2246
f 1894/681/2247 2044/692/2247 2052/695/2247
f 1894/681/2247 2052/695/2247 1910/685/2247
f 2023/692/2248 2056/695/2248 1908/684/2248
f 2023/692/2248 1908/684/2248 1848/676/2248
f 2057/296/1155 1890/295/1155 1656/122/1155
f 2057/296/1155 1656/122/1155 1997/121/1155
f 1792/666/1921 2037/691/2227 2041/694/2232
f 1792/666/1921 2041/694/2232 1769/663/1898
f 2037/691/2227 1871/673/2023 2041/694/2232
f 2037/691/2227 1893/665/1771 1871/673/2023
f 1941/33/53 1588/32/53 1722/63/53
f 1941/33/53 1722/63/53 2058/64/53
f 2028/692/2249 1846/676/2249 1907/684/2249
f 2028/692/2249 1907/684/2249 2059/695/2249
f 2013/691/2196 1743/665/1865 1785/673/1914
f 2013/691/2196 1785/673/1914 2032/694/2223
f 1811/663/1944 2032/694/2223 2018/690/2202
f 1811/663/1944 2018/690/2202 1795/659/1924
f 1857/663/2004 2060/694/2250 2025/690/2211
f 1857/663/2004 2025/690/2211 1776/659/1901
f 2060/694/2250 1866/674/2017 2025/690/2211
f 2060/694/2250 1873/673/2026 1866/674/2017
f 1849/681/2251 2028/692/2251 2059/695/2251
f 1849/681/2251 2059/695/2251 1909/685/2251
f 2020/17/26 2050/22/26 1870/43/26
f 1748/654/2252 1872/681/2252 2061/692/2252
f 1748/654/2252 2061/692/2252 2002/687/2252
f 2042/27/2253 1874/26/2253 1982/43/2253
f 1855/666/2002 2062/691/2254 2060/694/2250
f 1855/666/2002 2060/694/2250 1857/663/2004
f 1889/22/2255 2051/124/2255 1982/43/2255
f 1832/646/1971 2048/688/2238 2062/691/2254
f 1832/646/1971 2062/691/2254 1855/666/2002
f 1766/632/2256 1928/654/2256 2063/687/2256
f 1766/632/2256 2063/687/2256 1919/641/2256
f 1807/654/2257 1914/681/2257 2064/692/2257
f 1807/654/2257 2064/692/2257 2011/687/2257
f 1919/641/2258 2063/687/2258 1935/648/2258
f 1919/641/2258 1935/648/2258 1767/630/2258
f 1917/685/2259 1825/680/2259 2030/693/2259
f 1917/685/2259 2030/693/2259 2065/695/2259
f 2062/691/2254 1901/665/2062 1873/673/2026
f 2062/691/2254 1873/673/2026 2060/694/2250
f 2011/687/2260 2064/692/2260 1918/676/2260
f 2011/687/2260 1918/676/2260 1810/648/2260
f 2065/695/2261 2030/693/2261 1839/682/2261
f 2065/695/2261 1839/682/2261 1925/684/2261
f 1822/659/1957 2066/690/2262 2033/689/2224
f 1822/659/1957 2033/689/2224 1788/643/1917
f 2066/690/2262 1957/668/2125 2033/689/2224
f 2066/690/2262 1951/674/2111 1957/668/2125
f 1903/685/2263 1939/680/2263 2067/693/2263
f 1903/685/2263 2067/693/2263 2056/695/2263
f 1939/680/2264 1882/649/2264 2040/686/2264
f 1939/680/2264 2040/686/2264 2067/693/2264
f 2056/695/2265 2067/693/2265 1947/682/2265
f 2056/695/2265 1947/682/2265 1908/684/2265
f 2067/693/2266 2040/686/2266 1886/650/2266
f 2067/693/2266 1886/650/2266 1947/682/2266
f 2034/692/2267 2068/695/2267 1896/684/2267
f 2034/692/2267 1896/684/2267 1802/676/2267
f 1843/87/514 1676/33/514 1921/64/514
f 1843/87/514 1921/64/514 2009/101/514
f 2055/20/715 1883/19/715 1991/42/715
f 1927/680/2268 1831/649/2268 2019/686/2268
f 1927/680/2268 2019/686/2268 2069/693/2268
f 2048/688/2238 1885/652/2042 1901/665/2062
f 2048/688/2238 1901/665/2062 2062/691/2254
f 1809/654/2269 2014/687/2269 2070/692/2269
f 1809/654/2269 2070/692/2269 1915/681/2269
f 2069/693/2270 2019/686/2270 1838/650/2270
f 2069/693/2270 1838/650/2270 1934/682/2270
f 1890/295/1017 2057/296/1017 1991/42/1017
f 1900/680/2271 1815/649/2271 2027/686/2271
f 1900/680/2271 2027/686/2271 2071/693/2271
f 1824/666/1960 2072/691/2272 2036/694/2226
f 1824/666/1960 2036/694/2226 1727/663/1848
f 2072/691/2272 1834/673/1973 2036/694/2226
f 2072/691/2272 1912/665/2073 1834/673/1973
f 2073/694/2273 1936/673/2097 1951/674/2111
f 2073/694/2273 1951/674/2111 2066/690/2262
f 1640/91/109 2054/90/109 2038/80/109
f 1640/91/109 2038/80/109 1665/79/109
f 2014/687/2274 1819/648/2274 1932/676/2274
f 2014/687/2274 1932/676/2274 2070/692/2274
f 1909/685/2275 2059/695/2275 2074/693/2275
f 1909/685/2275 2074/693/2275 1950/680/2275
f 2059/695/2276 1907/684/2276 1946/682/2276
f 2059/695/2276 1946/682/2276 2074/693/2276
f 1950/680/2277 2074/693/2277 2045/686/2277
f 1950/680/2277 2045/686/2277 1887/649/2277
f 2074/693/2278 1946/682/2278 1884/650/2278
f 2074/693/2278 1884/650/2278 2045/686/2278
f 2039/692/2279 1805/676/2279 1898/684/2279
f 2039/692/2279 1898/684/2279 2075/695/2279
f 2002/687/2280 2061/692/2280 1953/676/2280
f 2002/687/2280 1953/676/2280 1840/648/2280
f 1744/666/1866 2016/691/2199 2073/694/2273
f 1744/666/1866 2073/694/2273 1800/663/1930
f 2016/691/2199 1892/665/2053 1936/673/2097
f 2016/691/2199 1936/673/2097 2073/694/2273
f 1800/663/1930 2073/694/2273 2066/690/2262
f 1800/663/1930 2066/690/2262 1822/659/1957
f 2076/686/2281 1945/635/2281 1784/627/2281
f 2076/686/2281 1784/627/2281 1924/650/2281
f 1929/680/2282 2077/693/2282 2024/686/2282
f 1929/680/2282 2024/686/2282 1835/649/2282
f 2077/693/2283 1938/682/2283 1850/650/2283
f 2077/693/2283 1850/650/2283 2024/686/2283
f 2078/686/2284 1926/650/2284 1783/627/2284
f 2078/686/2284 1783/627/2284 1948/635/2284
f 2079/22/126 1937/124/126 1969/43/126
f 1916/19/110 2049/2/110 2001/42/110
f 2053/13/469 1922/295/469 2001/42/469
f 1872/681/2285 1920/685/2285 2080/695/2285
f 1872/681/2285 2080/695/2285 2061/692/2285
f 1684/9/1542 2012/12/1542 2081/87/1542
f 1684/9/1542 2081/87/1542 1746/77/1542
f 1920/685/2286 1900/680/2286 2071/693/2286
f 1920/685/2286 2071/693/2286 2080/695/2286
f 1914/681/2287 1958/685/2287 2082/695/2287
f 1914/681/2287 2082/695/2287 2064/692/2287
f 1984/393/1222 2083/546/1222 1877/500/1222
f 1984/393/1222 1877/500/1222 1781/298/1222
f 2038/80/1222 2084/547/1222 1983/392/1222
f 2038/80/1222 1983/392/1222 1940/25/1222
f 1983/548/1222 2084/549/1222 2083/550/1222
f 1983/548/1222 2083/550/1222 1984/551/1222
f 2012/12/264 1695/30/264 1755/33/264
f 2012/12/264 1755/33/264 2081/87/264
f 2064/692/2288 2082/695/2288 1961/684/2288
f 2064/692/2288 1961/684/2288 1918/676/2288
f 2071/693/2289 2027/686/2289 1878/650/2289
f 2071/693/2289 1878/650/2289 1974/682/2289
f 1899/681/2290 1985/685/2290 2068/695/2290
f 1899/681/2290 2068/695/2290 2034/692/2290
f 1958/685/2291 1927/680/2291 2069/693/2291
f 1958/685/2291 2069/693/2291 2082/695/2291
f 1933/685/2292 2085/695/2292 2047/693/2292
f 1933/685/2292 2047/693/2292 1845/680/2292
f 2082/695/2293 2069/693/2293 1934/682/2293
f 2082/695/2293 1934/682/2293 1961/684/2293
f 1964/681/2294 1917/685/2294 2065/695/2294
f 1964/681/2294 2065/695/2294 2086/692/2294
f 1979/649/2295 1830/626/2295 1945/635/2295
f 1979/649/2295 1945/635/2295 2076/686/2295
f 2086/692/2296 2065/695/2296 1925/684/2296
f 2086/692/2296 1925/684/2296 1967/676/2296
f 1915/681/2297 2070/692/2297 2087/695/2297
f 1915/681/2297 2087/695/2297 1959/685/2297
f 2088/4/2 1965/3/2 1753/5/2
f 2088/4/2 1753/5/2 1992/6/2
f 2068/695/2298 2089/693/2298 1943/682/2298
f 2068/695/2298 1943/682/2298 1896/684/2298
f 1995/95/2299 1633/91/2299 1817/79/2299
f 1995/95/2299 1817/79/2299 2090/82/2299
f 1959/685/2300 2087/695/2300 2077/693/2300
f 1959/685/2300 2077/693/2300 1929/680/2300
f 2070/692/2301 1932/676/2301 1968/684/2301
f 2070/692/2301 1968/684/2301 2087/695/2301
f 1904/681/2302 2039/692/2302 2075/695/2302
f 1904/681/2302 2075/695/2302 1993/685/2302
f 1973/14/43 2088/4/43 1992/6/43
f 1973/14/43 1992/6/43 1770/56/43
f 2035/21/515 1715/317/515 1937/124/515
f 2035/21/515 1937/124/515 2079/22/515
f 1928/654/2303 1964/681/2303 2086/692/2303
f 1928/654/2303 2086/692/2303 2063/687/2303
f 1864/646/2015 2091/688/2304 2072/691/2272
f 1864/646/2015 2072/691/2272 1824/666/1960
f 2091/688/2304 1912/665/2073 2072/691/2272
f 2091/688/2304 1911/652/2072 1912/665/2073
f 2087/695/2305 1968/684/2305 1938/682/2305
f 2087/695/2305 1938/682/2305 2077/693/2305
f 1988/649/2306 2078/686/2306 1948/635/2306
f 1988/649/2306 1948/635/2306 1837/626/2306
f 2063/687/2307 2086/692/2307 1967/676/2307
f 2063/687/2307 1967/676/2307 1935/648/2307
f 1746/77/1145 2081/87/1145 2043/101/1145
f 1746/77/1145 2043/101/1145 1728/100/1145
f 2075/695/2308 1898/684/2308 1944/682/2308
f 2075/695/2308 1944/682/2308 2092/693/2308
f 1642/32/2309 1995/95/2309 2090/82/2309
f 1642/32/2309 2090/82/2309 1842/63/2309
f 1818/632/2310 1963/641/2310 2093/687/2310
f 1818/632/2310 2093/687/2310 1955/654/2310
f 2085/695/2311 1972/684/2311 1875/682/2311
f 2085/695/2311 1875/682/2311 2047/693/2311
f 1827/628/1964 2029/661/2218 2091/688/2304
f 1827/628/1964 2091/688/2304 1864/646/2015
f 2029/661/2218 1911/652/2072 2091/688/2304
f 2029/661/2218 1930/634/2091 1911/652/2072
f 2061/692/2312 2080/695/2312 1996/684/2312
f 2061/692/2312 1996/684/2312 1953/676/2312
f 2081/87/514 1755/33/514 1741/64/514
f 2081/87/514 1741/64/514 2043/101/514
f 2089/693/2313 2076/686/2313 1924/650/2313
f 2089/693/2313 1924/650/2313 1943/682/2313
f 2006/18/25 2094/17/25 1969/43/25
f 2080/695/2314 2071/693/2314 1974/682/2314
f 2080/695/2314 1974/682/2314 1996/684/2314
f 2092/693/2315 1944/682/2315 1926/650/2315
f 2092/693/2315 1926/650/2315 2078/686/2315
f 2095/29/2316 2042/27/2316 1982/43/2316
f 1963/641/2317 1844/630/2317 1977/648/2317
f 1963/641/2317 1977/648/2317 2093/687/2317
f 2051/124/2318 2095/29/2318 1982/43/2318
f 1709/87/514 1941/33/514 2058/64/514
f 1709/87/514 2058/64/514 1913/101/514
f 1985/685/2319 2007/680/2319 2089/693/2319
f 1985/685/2319 2089/693/2319 2068/695/2319
f 1674/100/96 2009/101/96 2096/16/96
f 1674/100/96 2096/16/96 1895/15/96
f 1976/681/2320 2097/692/2320 2085/695/2320
f 1976/681/2320 2085/695/2320 1933/685/2320
f 2098/23/1143 2055/20/1143 1991/42/1143
f 1989/5/543 1774/10/543 1868/78/543
f 1989/5/543 1868/78/543 2054/90/543
f 2094/17/26 2079/22/26 1969/43/26
f 2057/296/1167 2098/23/1167 1991/42/1167
f 1993/685/2321 2075/695/2321 2092/693/2321
f 1993/685/2321 2092/693/2321 2010/680/2321
f 2049/2/23 2099/1/23 2001/42/23
f 2007/680/2322 1979/649/2322 2076/686/2322
f 2007/680/2322 2076/686/2322 2089/693/2322
f 2099/1/62 2053/13/62 2001/42/62
f 2017/82/2323 1779/79/2323 1970/24/2323
f 2017/82/2323 1970/24/2323 2100/28/2323
f 1955/654/2324 2093/687/2324 2097/692/2324
f 1955/654/2324 2097/692/2324 1976/681/2324
f 2097/692/2325 2000/676/2325 1972/684/2325
f 2097/692/2325 1972/684/2325 2085/695/2325
f 2010/680/2326 2092/693/2326 2078/686/2326
f 2010/680/2326 2078/686/2326 1988/649/2326
f 2101/28/2327 1942/24/2327 1978/27/2327
f 2101/28/2327 1978/27/2327 2021/29/2327
f 1814/63/2328 2017/82/2328 2100/28/2328
f 1814/63/2328 2100/28/2328 1986/317/2328
f 1954/317/2329 2101/28/2329 2021/29/2329
f 1954/317/2329 2021/29/2329 1981/124/2329
f 2093/687/2330 1977/648/2330 2000/676/2330
f 2093/687/2330 2000/676/2330 2097/692/2330
f 2058/64/755 1722/63/755 1902/317/755
f 2058/64/755 1902/317/755 2102/21/755
f 2102/21/515 1902/317/515 1994/124/515
f 2102/21/515 1994/124/515 2050/22/515
f 2054/90/1281 2084/547/1281 2038/80/1281
f 2083/546/1281 1868/78/1281 1877/500/1281
f 2054/90/1281 1868/78/1281 2083/546/1281
f 2054/90/1281 2083/546/1281 2084/547/1281
f 1990/8/1627 2103/11/1627 2046/12/1627
f 1990/8/1627 2046/12/1627 1826/9/1627
f 2103/11/655 1997/121/655 1847/30/655
f 2103/11/655 1847/30/655 2046/12/655
f 2099/1/1 2049/2/1 1965/3/1
f 2099/1/1 1965/3/1 2088/4/1
f 2053/13/5 2099/1/5 2088/4/5
f 2053/13/5 2088/4/5 1973/14/5
f 2090/82/2331 1817/79/2331 1942/24/2331
f 2090/82/2331 1942/24/2331 2101/28/2331
f 1895/15/6 2096/16/6 2094/17/6
f 1895/15/6 2094/17/6 2006/18/6
f 1842/63/2332 2090/82/2332 2101/28/2332
f 1842/63/2332 2101/28/2332 1954/317/2332
f 2100/28/2333 1970/24/2333 2042/27/2333
f 2100/28/2333 2042/27/2333 2095/29/2333
f 1986/317/2334 2100/28/2334 2095/29/2334
f 1986/317/2334 2095/29/2334 2051/124/2334
f 2008/16/8 2102/21/8 2050/22/8
f 2008/16/8 2050/22/8 2020/17/8
f 2009/101/99 1921/64/99 2035/21/99
f 2009/101/99 2035/21/99 2096/16/99
f 2055/20/1601 2098/23/1601 2103/11/1601
f 2055/20/1601 2103/11/1601 1990/8/1601
f 2098/23/1235 2057/296/1235 1997/121/1235
f 2098/23/1235 1997/121/1235 2103/11/1235
f 1913/101/99 2058/64/99 2102/21/99
f 1913/101/99 2102/21/99 2008/16/99
f 2096/16/8 2035/21/8 2079/22/8
f 2096/16/8 2079/22/8 2094/17/8
