# Roblox asset pack: stegosaurus_2 (creatures), from the Studio model "Stegosaurus". Exported with Export Selection, split by tools/build_creatures.py: one object per rigid body. Units: studs. +Y up, front faces -Z, pivot (bottom centre) at the origin.
mtllib stegosaurus_2.mtl

v 0.12200 4.47000 5.38950
v -0.02400 3.97000 4.82950
v 0.12200 4.49000 5.10950
v 0.12200 4.51000 4.87950
v 0.12200 4.56000 4.36950
v 0.31700 5.24000 4.93950
v 0.33500 5.30000 4.94950
v -0.18200 4.56000 4.60950
v -0.39400 5.33000 4.94950
v -0.18200 4.54000 4.87950
v -0.18200 4.49000 5.38950
v -0.18200 4.58000 4.36950
v -0.07900 4.14000 4.99950
v -0.07900 4.17000 4.68950
v -0.07900 4.16000 4.84950
v -0.23500 4.52000 4.87950
v -0.22800 4.53000 4.87950
v -0.27300 4.51000 4.87950
v -0.22800 4.50000 5.14950
v 0.11500 4.51000 4.87950
v -0.28100 4.51000 4.87950
v -0.28100 4.49000 5.14950
v 0.07700 4.52000 4.87950
v 0.06900 4.53000 4.87950
v 0.02300 4.56000 4.64950
v 0.02300 4.54000 4.87950
v 0.06900 4.55000 4.63950
v -0.28100 4.47000 5.38950
v -0.49400 5.30000 4.94950
v 0.23600 5.33000 4.94950
v 0.02300 4.49000 5.38950
v -0.08000 4.14000 4.99950
v -0.14200 4.06000 4.83950
v -0.15000 4.06000 4.83950
v -0.46500 5.19000 4.93950
v -0.26800 4.52000 4.87950
v 0.22200 5.26000 4.93950
v 0.02700 4.54000 4.87950
v -0.07200 4.19000 4.84950
v -0.19600 4.54000 4.87950
v -0.12300 4.00000 4.82950
v -0.08000 3.98000 4.82950
v -0.13500 3.97000 4.82950
v -0.07900 3.98000 4.82950
v 0.20200 5.21000 4.93950
v -0.28100 4.56000 4.36950
v 0.02300 4.58000 4.36950
v -0.07900 4.10000 4.74950
v 0.03100 4.54000 4.87950
v -0.57700 3.23000 3.94950
v -0.57700 3.15000 6.29950
v 0.46900 3.23000 3.94950
v 0.46900 3.15000 6.29950
v -0.57700 2.80000 6.28950
v -0.57700 2.88000 3.93950
v 0.46900 2.80000 6.28950
v 0.46900 2.88000 3.93950
v -0.57500 4.29000 3.89950
v -0.57500 4.21000 6.30950
v 0.44500 4.29000 3.89950
v 0.44500 4.21000 6.30950
v -0.57500 3.03000 6.26950
v -0.57500 3.12000 3.85950
v 0.44500 3.03000 6.26950
v 0.44500 3.12000 3.85950
v -0.20100 3.16000 5.93950
v -0.20100 3.27000 8.07950
v 0.26700 3.16000 5.93950
v 0.26700 3.27000 8.07950
v -0.20100 3.03000 8.08950
v -0.20100 2.91000 5.94950
v 0.26700 3.03000 8.08950
v 0.26700 2.91000 5.94950
v 0.79400 4.79000 7.37950
v 0.20700 3.58000 7.00950
v 0.22500 3.66000 6.81950
v 0.93100 4.75000 8.18950
v 0.23600 3.59000 7.82950
v 0.25400 3.67000 7.63950
v -0.87700 4.68000 8.11950
v -0.02200 3.70000 7.59950
v -0.04000 3.78000 7.40950
v -0.77100 4.68000 7.28950
v -0.01500 3.64000 6.74950
v -0.03300 3.72000 6.55950
v 0.05800 3.69000 7.85950
v -0.20000 3.60000 7.56950
v 0.02100 3.66000 7.02950
v -0.20100 3.55000 6.72950
v -0.22000 3.63000 6.53950
v -0.21900 3.69000 7.38950
v 0.07600 3.77000 7.66950
v 0.03900 3.75000 6.83950
v -0.23600 3.72000 6.15950
v -0.23600 3.82000 8.04950
v 0.27100 3.72000 6.15950
v 0.27100 3.82000 8.04950
v -0.23600 3.29000 8.07950
v -0.23600 3.19000 6.18950
v 0.27100 3.29000 8.07950
v 0.27100 3.19000 6.18950
v -0.98000 3.03000 1.43950
v -0.98000 3.08000 4.11950
v 0.93600 3.03000 1.43950
v 0.93600 3.08000 4.11950
v -0.98000 2.61000 4.12950
v -0.98000 2.56000 1.44950
v 0.93600 2.61000 4.12950
v 0.93600 2.56000 1.44950
v 0.22900 4.91000 3.94950
v -0.00300 4.11000 3.20950
v -0.00100 4.12000 3.20950
v 0.03900 4.27000 3.12950
v 0.22900 5.03000 2.61950
v 0.03900 4.26000 3.21950
v 0.22900 4.97000 3.28950
v 0.03900 4.26000 3.31950
v 0.47500 5.89000 3.36950
v -0.40500 5.91000 3.36950
v -0.15900 5.00000 3.28950
v -0.15900 5.06000 2.61950
v -0.15900 4.94000 3.95950
v -0.01900 4.46000 3.50950
v -0.01900 4.48000 3.23950
v -0.01900 4.50000 2.97950
v 0.07300 4.14000 3.20950
v -0.51300 5.89000 3.36950
v -0.26700 4.91000 3.94950
v 0.36700 5.91000 3.36950
v 0.12000 4.94000 3.95950
v -0.03600 4.11000 3.20950
v -0.01900 4.11000 3.20950
v -0.11100 4.14000 3.20950
v -0.03800 4.12000 3.20950
v -0.07700 4.26000 3.31950
v -0.07300 4.49000 3.23950
v -0.07700 4.26000 3.21950
v -0.09600 4.43000 3.23950
v -0.26700 4.97000 3.28950
v -0.26700 5.03000 2.61950
v -0.07700 4.27000 3.12950
v 0.12100 5.00000 3.28950
v 0.12100 5.06000 2.61950
v -0.96100 4.62000 1.67950
v -0.96100 4.66000 4.07950
v 0.87800 4.62000 1.67950
v 0.87800 4.66000 4.07950
v -0.96100 3.06000 4.10950
v -0.96100 3.02000 1.70950
v 0.87800 3.06000 4.10950
v 0.87800 3.02000 1.70950
v -1.31000 0.15000 -0.51050
v -1.44400 0.49000 -0.01050
v -1.35900 0.01000 -0.33050
v -1.39600 0.62000 -0.19050
v -1.66900 0.49000 -0.05050
v -1.66900 0.01000 -0.38050
v -1.66900 0.23000 -0.26050
v -1.66900 0.15000 -0.57050
v -1.66900 0.59000 -0.26050
v -1.66900 0.49000 -0.07050
v -1.66900 0.62000 -0.24050
v -1.66900 0.60000 -0.25050
v -1.95000 0.14000 -0.35050
v -1.96400 0.03000 -0.43050
v -2.03500 0.16000 -0.60050
v -1.95000 0.58000 -0.21050
v -1.97800 0.63000 -0.28050
v -1.95000 0.62000 -0.24050
v -1.95000 0.49000 -0.05050
v -1.95000 0.50000 -0.09050
v -2.24300 0.60000 -0.19050
v -2.17200 0.47000 -0.02050
v -1.66700 0.62000 -0.27050
v -1.67200 0.60000 -0.25050
v -1.95000 0.01000 -0.38050
v -1.63000 0.01000 -0.40050
v -2.22900 0.00000 -0.34050
v -2.30100 0.13000 -0.52050
v -1.95000 0.15000 -0.57050
v -1.58100 0.15000 -0.58050
v -1.31400 0.05000 -0.68050
v -1.38700 0.21000 -0.41050
v -1.38700 0.05000 -0.41050
v -1.31400 0.21000 -0.68050
v -1.71200 0.05000 -0.74050
v -1.71200 0.21000 -0.45050
v -1.71100 0.05000 -0.45050
v -1.71100 0.21000 -0.74050
v -2.11600 0.05000 -0.71050
v -2.01600 0.21000 -0.43050
v -2.01600 0.05000 -0.43050
v -2.11600 0.21000 -0.71050
v -1.48700 0.21000 -0.73050
v -1.55900 0.21000 -0.46050
v -1.91500 0.21000 -0.74050
v -1.91500 0.21000 -0.45050
v -2.20700 0.21000 -0.36050
v -2.30800 0.21000 -0.64050
v -1.91500 0.05000 -0.45050
v -2.20800 0.05000 -0.36050
v -1.55900 0.05000 -0.46050
v -2.30800 0.05000 -0.64050
v -1.91500 0.05000 -0.74050
v -1.48600 0.05000 -0.73050
v -1.42200 0.66000 -0.26050
v -1.42200 0.66000 0.71950
v -1.42200 0.04000 -0.26050
v -1.42200 0.04000 0.71950
v -2.22600 0.66000 0.71950
v -2.22600 0.66000 -0.26050
v -2.22600 0.04000 0.71950
v -2.22600 0.04000 -0.26050
v 1.27300 2.69000 -3.31050
v 1.27300 2.79000 -1.81050
v 1.27300 1.94000 -3.26050
v 1.27300 2.05000 -1.76050
v -1.33900 2.79000 -1.81050
v -1.33900 2.69000 -3.31050
v -1.33900 2.05000 -1.76050
v -1.33900 1.94000 -3.26050
v 1.42400 3.02000 0.93950
v 1.42400 3.02000 2.31950
v 1.42400 2.38000 0.93950
v 1.42400 2.38000 2.31950
v -1.49000 3.02000 2.31950
v -1.49000 3.02000 0.93950
v -1.49000 2.38000 2.31950
v -1.49000 2.38000 0.93950
v 1.71600 2.71000 -1.95050
v 1.71600 2.98000 1.16950
v 1.71600 1.90000 -1.88050
v 1.71600 2.17000 1.24950
v -1.78100 2.98000 1.16950
v -1.78100 2.71000 -1.95050
v -1.78100 2.17000 1.24950
v -1.78100 1.90000 -1.88050
v 1.23500 4.72000 -3.42050
v 1.23500 4.86000 -1.40050
v 1.23500 2.02000 -3.23050
v 1.23500 2.16000 -1.21050
v -1.30000 4.86000 -1.40050
v -1.30000 4.72000 -3.42050
v -1.30000 2.16000 -1.21050
v -1.30000 2.02000 -3.23050
v 1.42400 5.09000 0.67950
v 1.42400 5.09000 2.31950
v 1.42400 3.02000 0.67950
v -1.49000 5.09000 2.31950
v -1.49000 5.09000 0.67950
v -1.49000 3.02000 0.67950
v 1.71600 5.33000 -2.17050
v 1.71600 5.60000 0.88950
v 1.71600 2.70000 -1.94050
v 1.71600 2.97000 1.11950
v -1.78100 5.60000 0.88950
v -1.78100 5.33000 -2.17050
v -1.78100 2.97000 1.11950
v -1.78100 2.70000 -1.94050
v 0.33100 5.30000 2.43950
v 0.12500 4.59000 1.68950
v 0.33100 5.36000 1.75950
v 0.33100 5.42000 1.07950
v 0.65500 6.56000 1.85950
v -0.23300 5.45000 1.07950
v -0.55700 6.59000 1.86950
v -0.23300 5.39000 1.75950
v -0.23300 5.33000 2.43950
v -0.02700 4.62000 1.68950
v 0.54500 6.59000 1.86950
v 0.22100 5.33000 2.43950
v -0.66600 6.56000 1.85950
v -0.34300 5.30000 2.43950
v -0.13700 4.59000 1.68950
v 0.01500 4.62000 1.68950
v -0.34300 5.36000 1.75950
v 0.22100 5.39000 1.75950
v -0.34300 5.42000 1.07950
v 0.22100 5.45000 1.07950
v 0.47100 5.84000 -1.74050
v 0.47100 5.91000 -0.88050
v 0.23200 4.95000 -1.67050
v 0.85700 7.28000 -1.87050
v 0.47100 5.76000 -2.60050
v 0.38500 6.10000 1.34950
v 0.14700 5.12000 0.33950
v 0.38500 6.01000 0.25950
v 0.38500 5.91000 -0.83050
v 0.86100 7.78000 0.10950
v -0.71900 7.81000 0.09950
v -0.24300 6.04000 0.25950
v -0.24300 5.94000 -0.83050
v -0.24300 6.13000 1.34950
v -0.18400 5.82000 0.27950
v -0.07500 5.41000 0.30950
v -0.00500 5.15000 0.33950
v -0.14800 4.98000 -1.67050
v -0.38600 5.87000 -1.75050
v -0.38600 5.94000 -0.89050
v -0.77300 7.31000 -1.87050
v -0.38600 5.79000 -2.60050
v 0.35900 5.87000 -1.75050
v 0.35900 5.94000 -0.89050
v 0.35900 5.79000 -2.60050
v 0.27400 6.04000 0.25950
v 0.27400 6.13000 1.34950
v 0.27400 5.94000 -0.83050
v -0.35400 6.01000 0.25950
v -0.27100 6.03000 0.25950
v -0.35400 6.10000 1.34950
v -0.35400 5.91000 -0.83050
v 0.75000 7.81000 0.09950
v -0.83000 7.78000 0.10950
v -0.11600 5.12000 0.33950
v 0.03600 5.15000 0.33950
v -0.21100 5.81000 0.27950
v -0.49700 5.84000 -1.74050
v 0.12100 4.98000 -1.67050
v -0.49700 5.91000 -0.88050
v -0.25900 4.95000 -1.67050
v -0.88400 7.28000 -1.87050
v 0.74600 7.31000 -1.87050
v -0.49700 5.76000 -2.60050
v -0.42000 5.86000 -1.74050
v 0.36300 5.20000 -2.36050
v 0.36300 5.23000 -2.19050
v 0.12800 4.25000 -2.71050
v 0.60000 5.98000 -3.02050
v 0.36300 5.11000 -2.87050
v 0.36300 5.00000 -3.54050
v 0.65700 6.19000 -3.06050
v -0.31500 5.26000 -2.20050
v -0.07900 4.28000 -2.72050
v -0.31500 5.21000 -2.47050
v -0.31500 5.14000 -2.87050
v -0.60900 6.22000 -3.06050
v -0.51900 5.90000 -3.00050
v -0.31500 5.02000 -3.54050
v -0.34600 5.13000 -2.87050
v -0.32800 5.21000 -2.47050
v 0.29500 5.13000 -2.87050
v 0.26300 5.14000 -2.87050
v 0.34600 5.21000 -2.36050
v -0.34800 5.13000 -2.87050
v -0.39300 5.12000 -2.87050
v -0.42400 5.03000 -3.34050
v -0.42400 5.11000 -2.87050
v 0.34100 5.12000 -2.87050
v 0.25300 5.05000 -3.41050
v 0.35800 5.20000 -2.36050
v 0.34100 5.02000 -3.40050
v 0.25300 5.14000 -2.87050
v -0.34600 5.05000 -3.35050
v 0.25300 5.26000 -2.20050
v 0.54700 6.22000 -3.06050
v -0.42400 5.23000 -2.19050
v -0.71800 6.19000 -3.06050
v -0.18900 4.25000 -2.71050
v 0.01800 4.28000 -2.72050
v 0.38900 5.38000 -2.91050
v 0.51100 6.01000 -3.02050
v 0.32100 5.13000 -2.87050
v -0.59600 5.87000 -3.00050
v -0.39100 5.12000 -2.87050
v 0.16300 4.81000 -2.81050
v -0.26000 4.51000 -2.76050
v -0.42400 5.00000 -3.54050
v -0.58200 5.69000 -2.97050
v 0.25300 5.02000 -3.54050
v 0.27500 5.14000 -2.87050
v -0.87400 0.14000 -3.13050
v -1.00700 0.49000 -2.63050
v -0.92200 0.01000 -2.95050
v -0.96000 0.62000 -2.81050
v -1.23200 0.49000 -2.67050
v -1.23200 0.01000 -3.00050
v -1.23200 0.23000 -2.87050
v -1.23200 0.49000 -2.69050
v -1.23200 0.14000 -3.19050
v -1.23200 0.59000 -2.87050
v -1.23200 0.62000 -2.85050
v -1.23200 0.60000 -2.86050
v -1.51300 0.14000 -2.97050
v -1.52700 0.03000 -3.05050
v -1.59800 0.16000 -3.22050
v -1.51300 0.58000 -2.83050
v -1.54200 0.63000 -2.90050
v -1.51300 0.62000 -2.85050
v -1.51300 0.49000 -2.67050
v -1.51300 0.50000 -2.71050
v -1.80600 0.60000 -2.81050
v -1.73600 0.47000 -2.63050
v -1.23000 0.62000 -2.88050
v -1.23600 0.60000 -2.86050
v -1.51300 0.01000 -3.00050
v -1.19300 0.01000 -3.02050
v -1.79200 0.00000 -2.96050
v -1.86500 0.13000 -3.13050
v -1.51300 0.14000 -3.19050
v -1.14500 0.14000 -3.20050
v -0.98600 0.66000 -2.87050
v -0.98600 0.66000 -2.01050
v -0.98600 0.04000 -2.87050
v -0.98600 0.04000 -2.01050
v -1.79000 0.66000 -2.01050
v -1.79000 0.66000 -2.87050
v -1.79000 0.04000 -2.01050
v -1.79000 0.04000 -2.87050
v -0.87800 0.21000 -3.30050
v -0.95100 0.21000 -3.03050
v -0.87800 0.05000 -3.30050
v -0.95100 0.05000 -3.03050
v -1.27500 0.05000 -3.36050
v -1.27500 0.21000 -3.06050
v -1.27500 0.05000 -3.06050
v -1.27500 0.21000 -3.36050
v -1.68000 0.21000 -3.32050
v -1.57900 0.21000 -3.05050
v -1.68000 0.05000 -3.32050
v -1.57900 0.05000 -3.05050
v -1.87100 0.21000 -3.25050
v -1.77000 0.21000 -2.98050
v -1.47800 0.21000 -3.36050
v -1.47800 0.21000 -3.06050
v -1.12200 0.21000 -3.08050
v -1.04900 0.21000 -3.35050
v -1.47800 0.05000 -3.06050
v -1.77000 0.05000 -2.98050
v -1.12200 0.05000 -3.08050
v -1.87100 0.05000 -3.25050
v -1.47800 0.05000 -3.36050
v -1.04900 0.05000 -3.35050
v 1.76400 0.05000 -3.30050
v 1.69100 0.21000 -3.03050
v 1.69100 0.05000 -3.03050
v 1.76400 0.21000 -3.30050
v 1.36700 0.05000 -3.36050
v 1.36700 0.21000 -3.06050
v 1.36700 0.05000 -3.06050
v 1.36700 0.21000 -3.36050
v 0.96200 0.05000 -3.32050
v 1.06300 0.21000 -3.05050
v 1.06300 0.05000 -3.05050
v 0.96200 0.21000 -3.33050
v 1.59200 0.21000 -3.35050
v 1.51900 0.21000 -3.08050
v 1.16300 0.21000 -3.36050
v 1.16300 0.21000 -3.06050
v 0.87100 0.21000 -2.98050
v 0.77100 0.21000 -3.25050
v 1.16300 0.05000 -3.06050
v 0.87100 0.05000 -2.98050
v 1.51900 0.05000 -3.08050
v 0.77000 0.05000 -3.25050
v 1.16300 0.05000 -3.36050
v 1.59200 0.05000 -3.35050
v 1.63400 0.49000 -2.63050
v 1.76800 0.14000 -3.13050
v 1.68300 0.62000 -2.81050
v 1.72000 0.01000 -2.95050
v 1.40900 0.01000 -3.00050
v 1.40900 0.14000 -3.18050
v 1.40900 0.23000 -2.87050
v 1.40900 0.59000 -2.87050
v 1.40900 0.49000 -2.67050
v 1.40900 0.49000 -2.69050
v 1.40900 0.62000 -2.85050
v 1.40900 0.60000 -2.86050
v 1.12800 0.14000 -2.97050
v 1.11400 0.03000 -3.05050
v 1.04300 0.16000 -3.22050
v 1.12800 0.58000 -2.83050
v 1.10100 0.63000 -2.90050
v 1.12800 0.62000 -2.85050
v 1.12800 0.49000 -2.67050
v 0.83500 0.60000 -2.81050
v 1.12800 0.50000 -2.71050
v 0.90700 0.47000 -2.63050
v 1.41100 0.62000 -2.88050
v 1.40600 0.60000 -2.86050
v 1.12800 0.01000 -3.00050
v 1.44800 0.01000 -3.02050
v 0.84900 0.00000 -2.96050
v 0.77800 0.13000 -3.13050
v 1.12800 0.14000 -3.18050
v 1.49700 0.14000 -3.20050
v 1.65600 0.66000 -2.87050
v 1.65600 0.66000 -2.01050
v 1.65600 0.04000 -2.87050
v 1.65600 0.04000 -2.01050
v 0.85200 0.66000 -2.01050
v 0.85200 0.66000 -2.87050
v 0.85200 0.04000 -2.01050
v 0.85200 0.04000 -2.87050
v 2.30700 0.15000 -0.51050
v 2.17400 0.49000 -0.01050
v 2.25900 0.01000 -0.33050
v 2.22100 0.62000 -0.19050
v 1.94900 0.49000 -0.05050
v 1.94900 0.01000 -0.38050
v 1.94900 0.23000 -0.26050
v 1.94900 0.14000 -0.57050
v 1.94900 0.59000 -0.26050
v 1.94900 0.49000 -0.07050
v 1.94900 0.62000 -0.24050
v 1.94900 0.60000 -0.25050
v 1.66800 0.14000 -0.35050
v 1.65400 0.03000 -0.43050
v 1.58300 0.16000 -0.60050
v 1.66800 0.58000 -0.21050
v 1.63900 0.63000 -0.28050
v 1.66800 0.62000 -0.24050
v 1.66800 0.49000 -0.05050
v 1.66800 0.50000 -0.09050
v 1.37500 0.60000 -0.19050
v 1.44500 0.47000 -0.02050
v 1.95100 0.62000 -0.27050
v 1.94500 0.60000 -0.25050
v 1.66800 0.01000 -0.38050
v 1.98800 0.01000 -0.40050
v 1.38900 0.00000 -0.34050
v 1.31600 0.13000 -0.52050
v 1.66800 0.14000 -0.57050
v 2.03600 0.15000 -0.59050
v 2.30300 0.05000 -0.68050
v 2.23000 0.21000 -0.41050
v 2.23000 0.05000 -0.41050
v 2.30300 0.21000 -0.68050
v 1.90600 0.05000 -0.74050
v 1.90600 0.21000 -0.45050
v 1.90600 0.05000 -0.45050
v 1.90600 0.21000 -0.74050
v 1.50100 0.05000 -0.71050
v 1.60200 0.21000 -0.43050
v 1.60200 0.05000 -0.43050
v 1.50100 0.21000 -0.71050
v 2.13200 0.21000 -0.73050
v 2.05900 0.21000 -0.46050
v 1.70300 0.21000 -0.74050
v 1.70300 0.21000 -0.45050
v 1.41100 0.21000 -0.36050
v 1.31000 0.21000 -0.64050
v 1.70300 0.05000 -0.45050
v 1.41100 0.05000 -0.36050
v 2.05900 0.05000 -0.46050
v 1.31000 0.05000 -0.64050
v 1.70300 0.05000 -0.74050
v 2.13200 0.05000 -0.73050
v 2.19500 0.66000 -0.26050
v 2.19500 0.66000 0.71950
v 2.19500 0.04000 -0.26050
v 2.19500 0.04000 0.71950
v 1.39100 0.66000 0.71950
v 1.39100 0.66000 -0.26050
v 1.39100 0.04000 0.71950
v 1.39100 0.04000 -0.26050
v 0.76000 3.09000 -4.64050
v 0.76000 2.93000 -3.15050
v 0.76000 2.65000 -4.69050
v 0.76000 2.50000 -3.19050
v -0.82600 2.93000 -3.15050
v -0.82600 3.09000 -4.64050
v -0.82600 2.50000 -3.19050
v -0.82600 2.65000 -4.69050
v 0.28600 4.49000 -3.97050
v 0.28600 4.49000 -3.45050
v 0.14000 3.95000 -3.97050
v 0.28600 4.49000 -4.48050
v 0.51200 5.34000 -3.97050
v -0.46900 5.36000 -3.97050
v -0.24300 4.52000 -3.97050
v -0.24300 4.52000 -4.48050
v -0.09700 3.98000 -3.97050
v -0.24300 4.52000 -3.45050
v -0.34200 4.49000 -3.97050
v -0.32900 4.50000 -4.41050
v -0.25600 4.52000 -4.41050
v 0.18700 4.52000 -3.97050
v 0.18700 4.52000 -3.45050
v 0.18700 4.52000 -4.48050
v -0.34200 4.49000 -3.45050
v -0.56800 5.34000 -3.97050
v 0.41300 5.36000 -3.97050
v 0.04100 3.98000 -3.97050
v -0.19600 3.95000 -3.97050
v -0.34200 4.49000 -4.48050
v 0.77300 4.30000 -4.53050
v 0.77300 4.14000 -2.92050
v 0.77300 3.09000 -4.65050
v 0.77300 2.92000 -3.05050
v -0.83800 4.14000 -2.92050
v -0.83800 4.30000 -4.53050
v -0.83800 2.92000 -3.05050
v -0.83800 3.09000 -4.65050
v 0.17500 4.38000 -4.63050
v 0.10300 4.11000 -4.99050
v 0.17500 4.38000 -4.99050
v 0.04200 3.89000 -4.99050
v 0.17500 4.38000 -5.35050
v 0.30800 4.88000 -4.99050
v 0.00100 3.90000 -4.99050
v -0.03000 4.01000 -4.92050
v 0.00400 3.89000 -4.99050
v -0.12900 4.38000 -5.35050
v -0.12900 4.38000 -4.63050
v -0.12900 4.38000 -4.99050
v -0.03000 4.01000 -4.99050
v -0.03000 4.01000 -5.07050
v -0.26200 4.88000 -4.99050
v 0.12100 4.40000 -4.99050
v 0.07600 4.41000 -4.99050
v 0.07600 4.41000 -4.63050
v 0.07600 4.41000 -5.35050
v -0.22800 4.36000 -4.63050
v -0.22800 4.36000 -4.96050
v -0.21900 4.36000 -4.99050
v -0.22800 4.36000 -5.35050
v -0.22800 4.36000 -4.99050
v 0.20900 4.90000 -4.99050
v -0.36100 4.85000 -4.99050
v -0.09500 3.86000 -4.99050
v -0.01800 4.04000 -4.99050
v 0.05300 4.14000 -4.99050
v -0.00500 3.92000 -4.99050
v 0.00900 3.90000 -4.99050
v 0.41100 3.47000 -6.48050
v 0.41100 3.10000 -4.41050
v 0.41100 3.06000 -6.55050
v 0.41100 2.70000 -4.48050
v -0.55100 3.10000 -4.41050
v -0.55100 3.47000 -6.48050
v -0.55100 2.70000 -4.48050
v -0.55100 3.06000 -6.55050
v 0.52600 4.23000 -5.49050
v 0.52600 4.12000 -4.48050
v 0.52600 3.25000 -5.59050
v 0.52600 3.14000 -4.58050
v -0.56200 4.12000 -4.48050
v -0.56200 4.23000 -5.49050
v -0.56200 3.14000 -4.58050
v -0.56200 3.25000 -5.59050
v 0.27300 3.76000 -7.90050
v 0.27300 3.39000 -8.19050
v 0.27300 3.39000 -7.90050
v -0.30200 3.76000 -7.90050
v -0.30200 3.39000 -7.90050
v -0.30200 3.39000 -8.19050
v 0.39600 4.21000 -6.53050
v 0.39600 3.77000 -7.88050
v 0.39600 3.77000 -6.53050
v -0.42500 4.21000 -6.53050
v -0.42500 3.77000 -6.53050
v -0.42500 3.77000 -7.88050
v 0.40300 3.79000 -7.90050
v 0.40300 3.77000 -6.53050
v 0.40300 3.38000 -7.90050
v 0.40300 3.36000 -6.54050
v -0.43100 3.77000 -6.53050
v -0.43100 3.79000 -7.90050
v -0.43100 3.36000 -6.54050
v -0.43100 3.38000 -7.90050
v 0.65600 4.39000 -6.58050
v 0.65600 4.39000 -5.47050
v 0.65600 3.11000 -6.58050
v 0.65600 3.11000 -5.47050
v -0.62100 4.39000 -5.47050
v -0.62100 4.39000 -6.58050
v -0.62100 3.11000 -5.47050
v -0.62100 3.11000 -6.58050
v 0.70800 4.13000 -6.17050
v 0.66300 4.13000 -6.17050
v 0.70800 3.92000 -6.17050
v 0.66300 3.92000 -6.17050
v 0.66300 4.13000 -6.28050
v 0.70800 4.13000 -6.28050
v 0.66300 3.92000 -6.28050
v 0.70800 3.92000 -6.28050
v 0.70800 4.01000 -6.28050
v 0.66300 4.01000 -6.28050
v 0.66300 4.01000 -6.49050
v 0.70800 4.01000 -6.49050
v 0.66300 3.92000 -6.49050
v 0.70800 3.92000 -6.49050
v -0.62600 4.00000 -6.25050
v -0.67200 4.00000 -6.25050
v -0.62600 3.91000 -6.25050
v -0.67200 3.91000 -6.25050
v -0.67200 4.00000 -6.46050
v -0.62600 4.00000 -6.46050
v -0.67200 3.91000 -6.46050
v -0.62600 3.91000 -6.46050
v -0.62600 4.11000 -6.14050
v -0.67200 4.11000 -6.14050
v -0.62600 3.91000 -6.14050
v -0.67200 3.91000 -6.14050
v -0.67200 4.11000 -6.25050
v -0.62600 4.11000 -6.25050
v 0.70800 4.12000 -6.28050
v 0.66300 4.12000 -6.28050
v 0.66300 4.12000 -6.49050
v 0.70800 4.12000 -6.49050
v -0.67200 4.11000 -6.46050
v -0.62600 4.11000 -6.46050
v 0.33800 3.86000 -7.66050
v 0.33800 3.81000 -7.79050
v 0.33800 3.77000 -7.63050
v 0.33800 3.72000 -7.76050
v 0.41000 3.81000 -7.79050
v 0.41000 3.86000 -7.66050
v 0.41000 3.72000 -7.76050
v 0.41000 3.77000 -7.63050
v -0.43700 3.86000 -7.66050
v -0.43700 3.81000 -7.79050
v -0.43700 3.77000 -7.63050
v -0.43700 3.72000 -7.76050
v -0.36500 3.81000 -7.79050
v -0.36500 3.86000 -7.66050
v -0.36500 3.72000 -7.76050
v -0.36500 3.77000 -7.63050
v 0.28100 3.39000 -8.19050
v 0.28100 3.39000 -7.88050
v 0.28100 3.12000 -8.19050
v 0.28100 3.12000 -7.88050
v -0.30200 3.39000 -7.88050
v -0.30200 3.12000 -7.88050
v -0.30200 3.12000 -8.19050
v 0.36300 3.38000 -7.89050
v 0.36300 3.38000 -6.50050
v 0.36300 3.11000 -7.89050
v 0.36300 3.11000 -6.50050
v -0.38300 3.38000 -6.50050
v -0.38300 3.38000 -7.89050
v -0.38300 3.11000 -6.50050
v -0.38300 3.11000 -7.89050
v -1.01600 1.78000 -2.68050
v -1.01600 1.67000 -1.90050
v -1.01600 0.39000 -2.88050
v -1.01600 0.28000 -2.10050
v -1.76100 1.67000 -1.90050
v -1.76100 1.78000 -2.68050
v -1.76100 0.28000 -2.10050
v -1.76100 0.39000 -2.88050
v -0.99100 2.63000 -3.48050
v -0.99100 3.12000 -2.45050
v -0.99100 1.02000 -2.73050
v -0.99100 1.50000 -1.70050
v -1.77700 3.12000 -2.45050
v -1.77700 2.63000 -3.48050
v -1.77700 1.50000 -1.70050
v -1.77700 1.02000 -2.73050
v 2.16500 1.79000 -0.30050
v 2.16500 1.88000 0.58950
v 2.16500 0.44000 -0.15050
v 2.16500 0.53000 0.72950
v 1.42000 1.88000 0.58950
v 1.42000 1.79000 -0.30050
v 1.42000 0.53000 0.72950
v 1.42000 0.44000 -0.15050
v 1.65200 2.63000 -3.48050
v 1.65200 3.12000 -2.45050
v 1.65200 1.02000 -2.73050
v 1.65200 1.50000 -1.70050
v 0.86600 3.12000 -2.45050
v 0.86600 2.63000 -3.48050
v 0.86600 1.50000 -1.70050
v 0.86600 1.02000 -2.73050
v -1.42500 3.79000 -0.04050
v -1.42500 3.36000 1.35950
v -1.42500 1.74000 -0.67050
v -1.42500 1.31000 0.72950
v -2.22800 3.36000 1.35950
v -2.22800 3.79000 -0.04050
v -2.22800 1.31000 0.72950
v -2.22800 1.74000 -0.67050
v 2.19200 3.79000 -0.04050
v 2.19200 3.36000 1.35950
v 2.19200 1.74000 -0.67050
v 2.19200 1.31000 0.72950
v 1.38900 3.36000 1.35950
v 1.38900 3.79000 -0.04050
v 1.38900 1.31000 0.72950
v 1.38900 1.74000 -0.67050
v -1.45200 1.79000 -0.30050
v -1.45200 1.88000 0.58950
v -1.45200 0.44000 -0.15050
v -1.45200 0.53000 0.72950
v -2.19700 1.88000 0.58950
v -2.19700 1.79000 -0.30050
v -2.19700 0.53000 0.72950
v -2.19700 0.44000 -0.15050
v 1.62700 1.78000 -2.68050
v 1.62700 1.67000 -1.90050
v 1.62700 0.39000 -2.88050
v 1.62700 0.28000 -2.10050
v 0.88100 1.67000 -1.90050
v 0.88100 1.78000 -2.68050
v 0.88100 0.28000 -2.10050
v 0.88100 0.39000 -2.88050
vt 45.93620 -13.02270
vt 46.00610 -13.08490
vt 45.97090 -13.01970
vt 46.00010 -13.01710
vt 46.06400 -13.01140
vt 45.99220 -12.92660
vt 45.99150 -12.91830
vt 46.03420 -13.01070
vt 45.99120 -12.91510
vt 45.99990 -13.01370
vt 45.93600 -13.01930
vt 46.06380 -13.00820
vt 45.98500 -13.06310
vt 46.02310 -13.05980
vt 46.00400 -13.06140
vt 46.01280 -12.99990
vt 46.01280 -13.03420
vt 46.01940 -13.00000
vt 46.01860 -13.00000
vt 46.02420 -13.00010
vt 46.01860 -12.96560
vt 45.97570 -13.00010
vt 45.97480 -12.97090
vt 45.97480 -13.00010
vt 46.02520 -13.00010
vt 46.02520 -12.96580
vt 45.98040 -13.00000
vt 45.98140 -13.00000
vt 45.98720 -13.02930
vt 45.98720 -12.99990
vt 45.98140 -13.02940
vt 45.97480 -13.02270
vt 45.98720 -13.01930
vt 45.94820 -12.91830
vt 45.96070 -12.91510
vt 46.05180 -12.91830
vt 46.03940 -12.91510
vt 46.02520 -13.02270
vt 46.01280 -13.01930
vt 45.99990 -13.06320
vt 46.00690 -13.08490
vt 46.00010 -13.06310
vt 45.99220 -13.07380
vt 46.00010 -13.06140
vt 45.99120 -13.07410
vt 45.95180 -12.93180
vt 45.97640 -13.01660
vt 45.98060 -13.01560
vt 45.97480 -13.01710
vt 45.97580 -13.01680
vt 46.01860 -13.01530
vt 46.03770 -12.92340
vt 46.01330 -13.01390
vt 46.00090 -13.05770
vt 46.01280 -13.01380
vt 45.98540 -13.01420
vt 45.98720 -13.01370
vt 45.99460 -13.08170
vt 46.02430 -13.01680
vt 46.02520 -13.01710
vt 46.04960 -12.92660
vt 45.99990 -13.08310
vt 45.99310 -13.08490
vt 46.00010 -13.08310
vt 46.03520 -12.93040
vt 46.00850 -12.91830
vt 45.93600 -13.01140
vt 46.00730 -12.93180
vt 45.99990 -13.01710
vt 46.03420 -13.02010
vt 46.06380 -13.02270
vt 45.99390 -13.08490
vt 46.01500 -13.06310
vt 45.99630 -13.05770
vt 45.99600 -13.06140
vt 45.97070 -13.01120
vt 46.00010 -13.01380
vt 46.06400 -13.01930
vt 46.00740 -12.93040
vt 46.00880 -12.91510
vt 45.93620 -13.00820
vt 45.97690 -13.05980
vt 45.99990 -12.98510
vt 45.99990 -13.00600
vt 46.00010 -13.00600
vt 46.00690 -13.00610
vt 46.01280 -12.93600
vt 46.02520 -12.93620
vt 46.00010 -12.98500
vt 45.99310 -13.00610
vt 45.97480 -12.93620
vt 45.98720 -12.93600
vt 46.01330 -12.99990
vt 46.01860 -13.02940
vt 46.01280 -13.02930
vt 46.02520 -12.97090
vt 46.01960 -13.00000
vt 45.97480 -12.96580
vt 45.98140 -12.96560
vt 45.98540 -12.99990
vt 45.98720 -13.03420
vt 45.98060 -13.00000
vt 46.02520 -13.01140
vt 46.03930 -12.91510
vt 46.01280 -13.00820
vt 45.98720 -13.00820
vt 45.96060 -12.91510
vt 45.97480 -13.01140
vt 45.99990 -13.06920
vt 45.99990 -13.05980
vt 46.00780 -13.07380
vt 46.00880 -13.07410
vt 46.01460 -13.01420
vt 45.99910 -13.05770
vt 45.98720 -13.01380
vt 45.98670 -13.01390
vt 45.98620 -13.01410
vt 45.96230 -12.92340
vt 46.04820 -12.93180
vt 45.98040 -13.01560
vt 45.97570 -13.01680
vt 45.95040 -12.92660
vt 46.01280 -13.01370
vt 45.99990 -13.06140
vt 46.00540 -13.08170
vt 46.02420 -13.01680
vt 2.35139 1.00000
vt 0.00000 1.00000
vt 2.35139 -0.04548
vt 0.00000 -0.04548
vt 0.35183 1.00000
vt 0.35183 -1.35139
vt 0.00000 -1.35139
vt 0.35183 -0.04548
vt 1.80199 -2.00000
vt 1.50000 -2.00000
vt 1.80199 -2.12754
vt 1.50000 -2.12754
vt 1.64742 -2.00000
vt 1.64742 -2.30199
vt 1.50000 -2.30199
vt 1.64742 -2.12754
vt 2.14399 1.00000
vt 2.14399 0.53298
vt 0.00000 0.53298
vt 0.24922 1.00000
vt 0.24922 -1.14399
vt 0.00000 -1.14399
vt 0.24922 0.53298
vt 59.99820 -32.92230
vt 60.04510 -33.07410
vt 60.06840 -33.06370
vt 59.89690 -32.92780
vt 59.94220 -33.07280
vt 59.96540 -33.06240
vt 59.90560 -32.93660
vt 59.97080 -33.05890
vt 59.99420 -33.04860
vt 60.00940 -32.93630
vt 60.07720 -33.06720
vt 60.10060 -33.05680
vt 60.11300 -32.92780
vt 60.00390 -33.06060
vt 60.02610 -33.07280
vt 59.97160 -33.07130
vt 59.99390 -33.05890
vt 59.88700 -32.93660
vt 60.09590 -32.92230
vt 59.99920 -33.06360
vt 60.02250 -33.07410
vt 59.97150 -33.07770
vt 59.99470 -33.06720
vt 59.90020 -32.93630
vt 59.99060 -32.93630
vt 59.89690 -33.06730
vt 59.92030 -33.07770
vt 60.09440 -32.93660
vt 60.00260 -33.06080
vt 60.02580 -33.07130
vt 60.10310 -32.92780
vt 60.03780 -33.05010
vt 60.06120 -33.06060
vt 60.00180 -32.92230
vt 59.93410 -33.05310
vt 59.95730 -33.06360
vt 59.99250 -33.10060
vt 59.99470 -33.07720
vt 59.97150 -33.07970
vt 59.96910 -33.10310
vt 60.02250 -33.04510
vt 59.99920 -33.04270
vt 60.02470 -33.06840
vt 60.00150 -33.06590
vt 59.99160 -32.99420
vt 59.99390 -32.97080
vt 59.97160 -32.97420
vt 59.96920 -32.99740
vt 60.02610 -32.94220
vt 60.00390 -32.93880
vt 60.02840 -32.96540
vt 60.00610 -32.96220
vt 60.09980 -32.93630
vt 60.00750 -33.05680
vt 60.03090 -33.06730
vt 59.97530 -33.06370
vt 59.99850 -33.05310
vt 59.90410 -32.92230
vt 60.11300 -32.93660
vt 60.00840 -33.04860
vt 60.03080 -33.06080
vt 59.97160 -33.06240
vt 59.99390 -33.05010
vt 59.88700 -32.92780
vt 6.98677 -2.50000
vt 6.75000 -2.50000
vt 6.98677 -2.56326
vt 6.75000 -2.56326
vt 6.81714 -2.50000
vt 6.81714 -2.73677
vt 6.75000 -2.73677
vt 6.81714 -2.56326
vt 2.67940 1.00000
vt 2.67940 -0.91648
vt 0.00000 -0.91648
vt 0.46828 1.00000
vt 0.46828 -1.67940
vt 0.00000 -1.67940
vt 0.46828 -0.91648
vt 33.91650 -7.01250
vt 34.00950 -7.11287
vt 34.00950 -7.11175
vt 34.02010 -7.09237
vt 34.08380 -6.99787
vt 34.00790 -7.09350
vt 34.00010 -7.00512
vt 33.99560 -7.09450
vt 33.99010 -6.89075
vt 33.98970 -6.88712
vt 33.99980 -7.00162
vt 34.08340 -6.99425
vt 33.91630 -7.00887
vt 33.97240 -7.06950
vt 34.00550 -7.06650
vt 34.03860 -7.06362
vt 34.00930 -7.10925
vt 33.93830 -6.89075
vt 33.98250 -7.00887
vt 33.95180 -6.88712
vt 33.96900 -7.01250
vt 34.03100 -7.01250
vt 34.04830 -6.88725
vt 34.01740 -7.00887
vt 34.06170 -6.89075
vt 34.00000 -7.06950
vt 33.99790 -7.11287
vt 34.00000 -7.11237
vt 34.00200 -7.11287
vt 34.00730 -7.09450
vt 34.00230 -7.11175
vt 34.01150 -7.10925
vt 33.98850 -7.10925
vt 33.99760 -7.11175
vt 33.99280 -7.09450
vt 33.99330 -7.06475
vt 33.99280 -7.09350
vt 34.00000 -7.06650
vt 33.99040 -7.07262
vt 33.99050 -7.11287
vt 33.96140 -7.06362
vt 33.96140 -7.06375
vt 33.91620 -6.99787
vt 33.99990 -7.00525
vt 34.00990 -6.89075
vt 34.08350 -7.01250
vt 33.97990 -7.09237
vt 33.99210 -7.09350
vt 34.00440 -7.09450
vt 33.99050 -7.11175
vt 34.02760 -7.06950
vt 34.00020 -7.00162
vt 33.99450 -7.06650
vt 34.08370 -7.00887
vt 34.01030 -6.88725
vt 33.91660 -6.99425
vt 33.99070 -7.10925
vt 33.98250 -6.99425
vt 33.95170 -6.88725
vt 33.96900 -6.99787
vt 34.04820 -6.88712
vt 34.03100 -6.99787
vt 34.01750 -6.99425
vt 34.00000 -7.06375
vt 34.00210 -7.11287
vt 34.00000 -7.06362
vt 33.99770 -7.11175
vt 33.99270 -7.09237
vt 33.99800 -7.11287
vt 34.00240 -7.11175
vt 34.00720 -7.09237
vt 34.00960 -7.07262
vt 34.00670 -7.06475
vt 34.00720 -7.09350
vt 3.04979 -1.75000
vt 2.75000 -1.75000
vt 3.04979 -1.97979
vt 2.75000 -1.97979
vt 2.94963 -1.75000
vt 2.94963 -2.04979
vt 2.75000 -2.04979
vt 2.94963 -1.97979
vt 60.02560 -55.02130
vt 59.96290 -54.97870
vt 60.00290 -55.03780
vt 59.98560 -54.96220
vt 59.96760 -54.97870
vt 60.00900 -55.03780
vt 59.99360 -55.01070
vt 60.03250 -55.02130
vt 59.99360 -54.96580
vt 59.97050 -54.97870
vt 59.99110 -54.96220
vt 59.99220 -54.96390
vt 60.00550 -55.02180
vt 60.01520 -55.03590
vt 60.03710 -55.01970
vt 59.98790 -54.96680
vt 59.99640 -54.96060
vt 59.98290 -54.96760
vt 59.98290 -54.99110
vt 60.01810 -54.99110
vt 60.01810 -54.96760
vt 60.01810 -54.98790
vt 60.02160 -54.99640
vt 60.01810 -54.97260
vt 60.05470 -54.98550
vt 60.04580 -54.96350
vt 59.98290 -54.99220
vt 59.98290 -54.97050
vt 59.95480 -54.96290
vt 59.98270 -54.99470
vt 59.94880 -54.98560
vt 59.98330 -54.99240
vt 60.01710 -54.97870
vt 59.98190 -54.97870
vt 60.01710 -55.03780
vt 59.98190 -55.03780
vt 60.05580 -55.03780
vt 60.01710 -55.01070
vt 60.04520 -54.97870
vt 60.02190 -55.03780
vt 59.98190 -55.02180
vt 59.98190 -54.97740
vt 59.95420 -54.98030
vt 59.98020 -55.03590
vt 59.94710 -55.03940
vt 59.97380 -55.02320
vt 59.99580 -55.03940
vt 60.01450 -54.96410
vt 60.03650 -54.98030
vt 59.99450 -55.02180
vt 59.99100 -55.03780
vt 60.03240 -54.97870
vt 60.02740 -54.97740
vt 60.00890 -54.96220
vt 60.01210 -54.96680
vt 59.96750 -55.02130
vt 60.00640 -54.96580
vt 60.00760 -54.96390
vt 60.00530 -54.96220
vt 60.00640 -55.01070
vt 59.96540 -55.02130
vt 59.98800 -55.03780
vt 60.06190 -55.02560
vt 60.05580 -55.00290
vt 60.02190 -55.01200
vt 60.02810 -55.03460
vt 59.97130 -55.03710
vt 59.98020 -55.01520
vt 59.94710 -55.00420
vt 59.93810 -55.02620
vt 60.01710 -55.03250
vt 60.01710 -55.00900
vt 59.98190 -55.00900
vt 59.98190 -55.03250
vt 60.06190 -55.02320
vt 60.02160 -54.96060
vt 60.02870 -55.01970
vt 60.05470 -54.96410
vt 59.97190 -55.02130
vt 59.94880 -54.96220
vt 59.93810 -55.02130
vt 59.98270 -54.96220
vt 59.98290 -54.96580
vt 59.98290 -55.02130
vt 60.01810 -55.02130
vt 59.98330 -54.96390
vt 60.01810 -54.96220
vt 59.98290 -54.96220
vt 59.98290 -54.96390
vt 44.01660 -61.01040
vt 43.98270 -60.98960
vt 43.98270 -61.01040
vt 44.01660 -60.98960
vt 44.02380 -61.01040
vt 43.98700 -60.98960
vt 43.98700 -61.01040
vt 44.02380 -60.98960
vt 44.01950 -61.01040
vt 43.98500 -60.98960
vt 43.98500 -61.01040
vt 44.01950 -60.98960
vt 43.95950 -61.02240
vt 43.94700 -60.98270
vt 43.93790 -61.01660
vt 43.96850 -60.98850
vt 44.01300 -61.02380
vt 43.98760 -60.98700
vt 43.98750 -61.02380
vt 44.01300 -60.98700
vt 44.04950 -60.97620
vt 44.02560 -60.98500
vt 44.06210 -61.01070
vt 44.03810 -61.01950
vt 44.01240 -60.98960
vt 44.01250 -61.01040
vt 43.97440 -61.01040
vt 43.95050 -60.98960
vt 43.95040 -61.01040
vt 43.97440 -60.98960
vt 44.05300 -61.01040
vt 44.03150 -60.98960
vt 44.03150 -61.01040
vt 44.05300 -60.98960
vt 43.98930 -60.98960
vt 43.98930 -61.01040
vt 44.01300 -61.01040
vt 43.97620 -60.98960
vt 43.97620 -61.01040
vt 44.01300 -60.98960
vt 44.01150 -61.01040
vt 43.97760 -60.98960
vt 43.97760 -61.01040
vt 44.01150 -60.98960
vt 44.03150 -60.98850
vt 44.06210 -61.01660
vt 44.05300 -60.98270
vt 44.04060 -61.02240
vt 43.98700 -60.98700
vt 44.01240 -61.02380
vt 44.01250 -60.98700
vt 43.98700 -61.02380
vt 43.95040 -60.97620
vt 43.96190 -61.01950
vt 43.97440 -60.98500
vt 43.93790 -61.01070
vt 43.95940 -61.01040
vt 43.93790 -60.98960
vt 43.93790 -61.01040
vt 43.95950 -60.98960
vt 44.06210 -61.01040
vt 44.03810 -60.98960
vt 44.03810 -61.01040
vt 44.06210 -60.98960
vt 43.98750 -60.98960
vt 43.98760 -61.01040
vt 1.62254 -3.00000
vt 1.50000 -3.00000
vt 1.62254 -3.07798
vt 1.50000 -3.07798
vt 1.60050 -3.00000
vt 1.60050 -3.12254
vt 1.50000 -3.12254
vt 1.60050 -3.07798
vt 1.50540 1.00000
vt 1.50540 0.25465
vt 0.00000 0.25465
vt 2.61220 1.00000
vt 2.61220 -0.50540
vt 0.00000 -0.50540
vt 2.61220 0.25465
vt 1.37996 1.00000
vt 1.37996 0.35726
vt 0.00000 0.35726
vt 2.91391 1.00000
vt 2.91391 -0.37996
vt 0.00000 -0.37996
vt 2.91391 0.35726
vt 3.13274 1.00000
vt 3.13274 0.18442
vt 0.00000 0.18442
vt 3.49722 1.00000
vt 3.49722 -2.13274
vt 0.00000 -2.13274
vt 3.49722 0.18442
vt 0.50326 -4.00000
vt 0.25000 -4.00000
vt 0.50326 -4.33858
vt 0.25000 -4.33858
vt 0.56680 -4.00000
vt 0.56680 -4.25325
vt 0.25000 -4.25325
vt 0.56680 -4.33858
vt 5.95456 -5.50000
vt 5.75000 -5.50000
vt 5.95456 -5.75790
vt 5.75000 -5.75790
vt 6.11424 -5.50000
vt 6.11424 -5.70456
vt 5.75000 -5.70456
vt 6.11424 -5.75790
vt 7.13403 0.00000
vt 6.75000 0.00000
vt 7.13403 -0.33001
vt 6.75000 -0.33001
vt 7.18715 0.00000
vt 7.18715 -0.38403
vt 6.75000 -0.38403
vt 7.18715 -0.33001
vt 53.91520 -9.03662
vt 54.00840 -9.12488
vt 54.00010 -9.02913
vt 54.08510 -9.02175
vt 53.98690 -8.87875
vt 54.08470 -9.01813
vt 53.98670 -8.87513
vt 53.99980 -9.02550
vt 53.91490 -9.03300
vt 54.00820 -9.12125
vt 54.08260 -8.87875
vt 54.06880 -8.87513
vt 54.04210 -9.03662
vt 54.02830 -9.03288
vt 53.91740 -8.87875
vt 53.97160 -9.03300
vt 53.93110 -8.87513
vt 53.95780 -9.03662
vt 53.99730 -9.12125
vt 53.98360 -9.12488
vt 54.01630 -9.12488
vt 54.00260 -9.12125
vt 53.97160 -9.02550
vt 53.95780 -9.02913
vt 54.02830 -9.02550
vt 54.04210 -9.02913
vt 53.91490 -9.02175
vt 53.99990 -9.02913
vt 54.01310 -8.87875
vt 54.08480 -9.03662
vt 53.99160 -9.12488
vt 53.99180 -9.12125
vt 54.08510 -9.03288
vt 54.00020 -9.02550
vt 54.01330 -8.87513
vt 53.91530 -9.01813
vt 54.04220 -9.02175
vt 54.06890 -8.87513
vt 54.02840 -9.01813
vt 53.95790 -9.02175
vt 53.97170 -9.01813
vt 53.93120 -8.87513
vt 54.00270 -9.12125
vt 54.01640 -9.12488
vt 53.98370 -9.12488
vt 53.99740 -9.12125
vt 54.04220 -9.02913
vt 54.02840 -9.02550
vt 53.95790 -9.02913
vt 53.97170 -9.02550
vt 8.13944 -45.06780
vt 8.03206 -45.05840
vt 8.12981 -45.17860
vt 8.15519 -44.88810
vt 8.24681 -45.07730
vt 8.12981 -45.17840
vt 7.75281 -45.03460
vt 7.87919 -45.15710
vt 7.88881 -45.04640
vt 8.02481 -45.05830
vt 7.90819 -44.82520
vt 7.90856 -44.82140
vt 7.88919 -45.04270
vt 8.02519 -45.05460
vt 7.75306 -45.03080
vt 7.88669 -45.07030
vt 7.88231 -45.12080
vt 7.87944 -45.15330
vt 8.13006 -45.17480
vt 8.13981 -45.06420
vt 8.03231 -45.05480
vt 8.15544 -44.88430
vt 8.24719 -45.07360
vt 7.93969 -45.03210
vt 7.93969 -45.13940
vt 7.95369 -45.13980
vt 7.95369 -45.03230
vt 7.95369 -45.24720
vt 7.93969 -45.24680
vt 7.96431 -44.88920
vt 7.95044 -44.75280
vt 7.95044 -44.88880
vt 7.96431 -44.75310
vt 7.96431 -45.02520
vt 7.95044 -45.02480
vt 8.04281 -44.88880
vt 8.02894 -44.75310
vt 8.03244 -44.88910
vt 8.04281 -44.75280
vt 8.04281 -45.02480
vt 8.02894 -44.88920
vt 8.02894 -45.02520
vt 8.09519 -44.82140
vt 8.04956 -45.03460
vt 8.10906 -44.82520
vt 8.03569 -45.03080
vt 7.89769 -44.82520
vt 7.97106 -45.03080
vt 7.91156 -44.82140
vt 7.95719 -45.03460
vt 8.00081 -45.15330
vt 7.98694 -45.15710
vt 8.01981 -45.15710
vt 8.00594 -45.15330
vt 7.96756 -45.04370
vt 7.97506 -45.07190
vt 7.97844 -45.07030
vt 7.97106 -45.04270
vt 7.93931 -45.06780
vt 7.95319 -45.06420
vt 8.04631 -45.05480
vt 8.03044 -45.17860
vt 8.06031 -45.05840
vt 8.01656 -45.17480
vt 7.98294 -45.17480
vt 7.93931 -45.05840
vt 7.96906 -45.17860
vt 7.95319 -45.05480
vt 7.89094 -44.88810
vt 7.90481 -44.88430
vt 8.09469 -44.88430
vt 8.10856 -44.88810
vt 8.04631 -45.06420
vt 8.03044 -45.17840
vt 8.06031 -45.06780
vt 7.87019 -45.17860
vt 7.96794 -45.05840
vt 7.86056 -45.06780
vt 7.84481 -44.88810
vt 7.75319 -45.07730
vt 7.97519 -45.05830
vt 8.11119 -45.04640
vt 8.09181 -44.82520
vt 8.24719 -45.03460
vt 8.12081 -45.15710
vt 8.12056 -45.15330
vt 8.24694 -45.03080
vt 8.11081 -45.04270
vt 8.09144 -44.82140
vt 7.97481 -45.05460
vt 7.86994 -45.17480
vt 7.96769 -45.05480
vt 7.86019 -45.06420
vt 7.75281 -45.07360
vt 7.84456 -44.88430
vt 7.96756 -45.05480
vt 8.04631 -45.24720
vt 8.06031 -45.24680
vt 8.01656 -45.13010
vt 8.03044 -45.12980
vt 7.95319 -45.24720
vt 7.96906 -45.12980
vt 7.93931 -45.24680
vt 7.98294 -45.13010
vt 7.97106 -45.02520
vt 7.98694 -44.87920
vt 7.95719 -45.02480
vt 8.00081 -44.87940
vt 8.01981 -44.87920
vt 8.00594 -44.87940
vt 8.04956 -45.02480
vt 8.03569 -45.02520
vt 7.95719 -44.88880
vt 7.97106 -44.88920
vt 7.95719 -44.75280
vt 7.97106 -44.75310
vt 8.04956 -44.88880
vt 8.03569 -44.88920
vt 8.03569 -44.75310
vt 8.04956 -44.75280
vt 8.04631 -45.13980
vt 8.06031 -45.13940
vt 8.04631 -45.03240
vt 8.06031 -45.03210
vt 8.09519 -44.88430
vt 8.06069 -45.07730
vt 8.10906 -44.88810
vt 8.04681 -45.07360
vt 7.89144 -44.88810
vt 7.95369 -45.07360
vt 7.90531 -44.88430
vt 7.93969 -45.07730
vt 8.03094 -45.17860
vt 8.06069 -45.06780
vt 8.05106 -45.06530
vt 8.04681 -45.06420
vt 8.01706 -45.17480
vt 7.95369 -45.06420
vt 7.93969 -45.06780
vt 7.98344 -45.17480
vt 7.96956 -45.17860
vt 7.89094 -44.82520
vt 7.96431 -45.05460
vt 7.90481 -44.82140
vt 7.95044 -45.05830
vt 8.08844 -44.82140
vt 8.04281 -45.05830
vt 8.10231 -44.82520
vt 8.02894 -45.05460
vt 8.02494 -45.07190
vt 8.02894 -45.04270
vt 8.02156 -45.07030
vt 8.03244 -45.04370
vt 25.93640 0.99588
vt 25.91580 0.99950
vt 25.98070 0.87662
vt 26.01890 1.09350
vt 25.99970 0.98475
vt 26.08360 0.96988
vt 26.02360 1.11975
vt 25.91670 1.00312
vt 25.91640 1.00312
vt 25.98130 0.88025
vt 25.95070 0.99712
vt 26.00030 0.98825
vt 26.02420 1.12337
vt 26.01690 1.08237
vt 26.00030 0.98838
vt 26.08420 0.97350
vt 26.03560 1.04931
vt 26.03940 0.99981
vt 26.03720 1.04944
vt 25.95930 0.99994
vt 25.96330 0.99969
vt 25.95290 1.06344
vt 26.03970 0.99981
vt 26.04530 1.00006
vt 26.04920 0.94068
vt 26.04920 1.00031
vt 25.95360 1.00019
vt 25.96460 0.93231
vt 25.95140 1.06356
vt 25.95080 1.06356
vt 25.95080 1.00031
vt 25.95360 0.93294
vt 25.96460 0.99969
vt 26.03560 0.99969
vt 26.03940 0.94031
vt 26.03540 1.00312
vt 26.04920 0.99950
vt 26.07220 1.12337
vt 26.08590 1.11975
vt 25.95080 0.99950
vt 25.96440 1.00312
vt 25.91410 1.11975
vt 25.92770 1.12337
vt 25.99390 0.88025
vt 25.98020 0.87662
vt 26.01980 0.87662
vt 26.00610 0.88025
vt 25.95080 0.98475
vt 25.95470 0.98575
vt 26.05240 1.01750
vt 26.04920 0.98475
vt 26.06770 1.09637
vt 26.04640 0.98537
vt 26.07880 1.09350
vt 26.04390 0.98613
vt 25.96440 0.98825
vt 25.92930 1.07975
vt 25.96060 0.98725
vt 25.93890 1.08237
vt 25.95490 0.98575
vt 25.96280 0.99662
vt 26.02420 0.94688
vt 26.04070 0.98687
vt 26.03540 0.98825
vt 25.97130 0.90937
vt 25.96030 0.98725
vt 26.01930 0.87662
vt 26.08420 0.99950
vt 26.01360 0.90937
vt 25.91640 0.96988
vt 26.00030 0.98475
vt 25.94070 0.97425
vt 25.97640 1.11975
vt 25.98760 1.05725
vt 26.00690 0.94688
vt 26.08360 1.00312
vt 25.99970 0.98838
vt 25.97580 1.12337
vt 26.01870 0.88025
vt 25.91580 0.97350
vt 25.93230 0.97638
vt 25.99970 0.98825
vt 25.99390 1.01869
vt 25.98020 1.01931
vt 25.96440 0.91581
vt 25.95080 0.91644
vt 26.01980 1.01931
vt 26.00610 1.01869
vt 26.04920 0.91644
vt 26.03540 0.91581
vt 25.95470 1.00006
vt 25.96060 0.94031
vt 25.95490 1.00006
vt 25.96280 1.04944
vt 26.03670 0.99969
vt 26.04640 0.93294
vt 26.03820 0.99981
vt 26.04710 1.06344
vt 26.04390 1.00006
vt 26.04920 1.06356
vt 25.95080 0.94068
vt 25.96060 0.99981
vt 25.96440 0.99969
vt 25.96440 1.04931
vt 26.03540 0.99969
vt 26.03540 0.93231
vt 26.04640 1.00019
vt 26.04860 1.06356
vt 25.96460 0.97350
vt 25.92780 1.12337
vt 25.95080 0.96988
vt 26.07230 1.12337
vt 26.04920 0.96988
vt 26.03560 0.97350
vt 25.97580 0.94688
vt 25.96330 0.98800
vt 25.95930 0.98687
vt 26.04530 0.98575
vt 26.02870 0.90937
vt 26.03970 0.98725
vt 26.06110 1.08237
vt 26.04510 0.98575
vt 26.07070 1.07975
vt 25.92120 1.09350
vt 25.94760 1.01750
vt 25.95610 0.98613
vt 25.93230 1.09637
vt 26.03560 0.98838
vt 25.96460 0.98838
vt 20.02550 -33.02140
vt 19.96290 -32.97860
vt 20.00290 -33.03780
vt 19.98560 -32.96220
vt 19.96750 -32.97860
vt 20.00900 -33.03790
vt 19.99360 -33.01060
vt 19.97040 -32.97860
vt 20.03250 -33.02140
vt 19.99360 -32.96580
vt 19.99100 -32.96210
vt 19.99230 -32.96390
vt 20.00540 -33.02190
vt 20.01510 -33.03590
vt 20.03710 -33.01980
vt 19.98790 -32.96690
vt 19.99640 -32.96060
vt 19.98290 -32.96750
vt 19.98290 -32.99100
vt 20.01810 -32.99100
vt 20.01810 -32.96750
vt 20.01810 -32.98790
vt 20.02160 -32.99640
vt 20.01810 -32.97260
vt 20.05470 -32.98540
vt 20.04580 -32.96350
vt 19.98290 -32.99230
vt 19.98290 -32.97040
vt 19.95480 -32.96290
vt 19.98270 -32.99460
vt 19.94880 -32.98560
vt 19.98330 -32.99230
vt 20.01710 -32.97860
vt 19.98190 -32.97860
vt 20.01710 -33.03790
vt 19.98190 -33.03790
vt 20.05580 -33.03780
vt 20.01710 -33.01060
vt 20.04520 -32.97860
vt 20.02190 -33.03780
vt 19.98190 -33.02190
vt 19.98190 -32.97740
vt 19.95420 -32.98030
vt 19.98020 -33.03590
vt 19.94710 -33.03940
vt 19.97390 -33.02330
vt 19.99570 -33.03940
vt 20.01460 -32.96410
vt 20.03650 -32.98030
vt 19.99460 -33.02190
vt 19.99100 -33.03790
vt 20.03250 -32.97860
vt 20.02740 -32.97740
vt 19.96750 -33.02140
vt 20.01210 -32.96690
vt 20.00900 -32.96210
vt 20.00640 -32.96580
vt 20.00770 -32.96400
vt 20.00540 -32.96220
vt 20.00640 -33.01060
vt 19.96540 -33.02140
vt 19.98810 -33.03780
vt 20.06190 -33.02550
vt 20.05580 -33.00290
vt 20.02190 -33.01190
vt 20.02810 -33.03460
vt 19.97130 -33.03710
vt 19.98020 -33.01510
vt 19.94710 -33.00430
vt 19.93810 -33.02610
vt 20.01710 -33.03250
vt 20.01710 -33.00900
vt 19.98190 -33.00900
vt 19.98190 -33.03250
vt 20.06190 -33.02330
vt 20.02160 -32.96060
vt 20.02870 -33.01980
vt 20.05470 -32.96410
vt 19.97190 -33.02140
vt 19.94880 -32.96220
vt 19.93810 -33.02140
vt 19.98270 -32.96220
vt 19.98290 -32.96580
vt 19.98290 -33.02140
vt 20.01810 -33.02140
vt 19.98330 -32.96400
vt 20.01810 -32.96210
vt 19.98290 -32.96210
vt 19.98290 -32.96390
vt 0.85811 0.50000
vt 0.75000 0.50000
vt 0.85811 0.42202
vt 0.75000 0.42202
vt 0.85050 0.50000
vt 0.85050 0.39189
vt 0.75000 0.39189
vt 0.85050 0.42202
vt 58.01660 -24.98960
vt 57.98260 -24.98960
vt 58.01660 -25.01040
vt 57.98260 -25.01040
vt 58.02380 -25.01040
vt 57.98700 -24.98960
vt 57.98700 -25.01040
vt 58.02380 -24.98960
vt 58.01940 -24.98960
vt 57.98490 -24.98960
vt 58.01940 -25.01040
vt 57.98490 -25.01040
vt 58.06210 -25.01070
vt 58.02560 -24.98490
vt 58.03810 -25.01940
vt 58.04950 -24.97620
vt 58.01300 -25.02380
vt 57.98750 -24.98700
vt 57.98750 -25.02380
vt 58.01300 -24.98700
vt 57.96850 -24.98850
vt 57.94700 -24.98260
vt 57.95940 -25.02240
vt 57.93790 -25.01660
vt 58.01250 -24.98960
vt 58.01250 -25.01040
vt 57.97440 -25.01040
vt 57.95050 -24.98960
vt 57.95050 -25.01040
vt 57.97440 -24.98960
vt 58.05300 -24.98960
vt 58.03150 -24.98960
vt 58.05300 -25.01040
vt 58.03150 -25.01040
vt 57.98930 -24.98960
vt 57.98930 -25.01040
vt 58.01300 -25.01040
vt 57.97620 -24.98960
vt 57.97620 -25.01040
vt 58.01300 -24.98960
vt 58.01150 -24.98960
vt 57.97760 -24.98960
vt 58.01160 -25.01040
vt 57.97760 -25.01040
vt 57.95050 -24.97620
vt 57.96190 -25.01940
vt 57.97440 -24.98490
vt 57.93790 -25.01070
vt 57.98700 -24.98700
vt 58.01250 -25.02380
vt 58.01250 -24.98700
vt 57.98700 -25.02380
vt 58.04060 -25.02240
vt 58.06210 -25.01660
vt 58.03150 -24.98840
vt 58.05300 -24.98260
vt 57.95940 -24.98960
vt 57.93790 -24.98960
vt 57.95940 -25.01040
vt 57.93790 -25.01040
vt 58.06210 -24.98960
vt 58.03810 -24.98960
vt 58.06210 -25.01040
vt 58.03810 -25.01040
vt 57.98750 -24.98960
vt 57.98750 -25.01040
vt 56.01660 -15.01030
vt 55.98270 -14.98960
vt 55.98260 -15.01030
vt 56.01660 -14.98960
vt 56.02380 -15.01040
vt 55.98700 -14.98960
vt 55.98700 -15.01030
vt 56.02380 -14.98960
vt 56.01940 -15.01040
vt 55.98500 -14.98960
vt 55.98490 -15.01030
vt 56.01950 -14.98960
vt 55.95940 -15.02240
vt 55.94700 -14.98270
vt 55.93790 -15.01660
vt 55.96850 -14.98850
vt 56.01300 -15.02380
vt 55.98750 -14.98700
vt 55.98750 -15.02380
vt 56.01300 -14.98700
vt 56.04950 -14.97620
vt 56.02550 -14.98500
vt 56.06200 -15.01070
vt 56.03810 -15.01950
vt 56.01250 -14.98960
vt 56.01250 -15.01030
vt 55.97450 -15.01030
vt 55.95050 -14.98960
vt 55.95050 -15.01030
vt 55.97450 -14.98960
vt 56.05300 -15.01030
vt 56.03150 -14.98960
vt 56.03150 -15.01030
vt 56.05300 -14.98960
vt 56.02380 -15.01030
vt 55.98930 -14.98960
vt 55.98930 -15.01040
vt 56.01300 -15.01030
vt 55.97620 -14.98960
vt 55.97620 -15.01040
vt 56.01300 -14.98960
vt 56.01150 -15.01030
vt 55.97760 -14.98960
vt 55.97760 -15.01030
vt 56.01150 -14.98960
vt 55.98700 -14.98700
vt 56.01250 -15.02380
vt 56.01250 -14.98700
vt 55.98700 -15.02380
vt 55.95050 -14.97620
vt 55.96190 -15.01940
vt 55.97450 -14.98490
vt 55.93790 -15.01070
vt 56.03150 -14.98850
vt 56.06210 -15.01660
vt 56.05300 -14.98260
vt 56.04060 -15.02240
vt 55.95940 -15.01030
vt 55.93790 -14.98960
vt 55.93790 -15.01030
vt 55.95940 -14.98960
vt 56.06210 -15.01040
vt 56.03810 -14.98960
vt 56.03810 -15.01040
vt 56.06200 -14.98960
vt 56.01300 -15.01040
vt 55.98750 -14.98960
vt 55.98750 -15.01040
vt 3.96288 -0.97863
vt 4.02563 -1.02138
vt 3.98563 -0.96225
vt 4.00288 -1.03775
vt 4.00900 -1.03788
vt 4.03250 -1.02138
vt 3.99363 -1.01075
vt 3.99363 -0.96588
vt 3.96750 -0.97863
vt 3.97038 -0.97863
vt 3.99113 -0.96213
vt 3.99225 -0.96388
vt 4.00550 -1.02175
vt 4.01513 -1.03588
vt 4.03713 -1.01975
vt 3.98788 -0.96688
vt 3.99638 -0.96062
vt 3.98300 -0.96750
vt 3.98300 -0.99113
vt 4.01812 -0.99113
vt 4.01812 -0.96750
vt 4.05475 -0.98538
vt 4.01812 -0.97263
vt 4.02150 -0.99638
vt 4.04575 -0.96350
vt 4.01812 -0.98788
vt 3.95487 -0.96288
vt 3.94875 -0.98563
vt 3.98275 -0.99475
vt 3.98300 -0.99225
vt 3.98300 -0.97038
vt 3.98338 -0.99225
vt 4.01700 -0.97863
vt 3.98188 -0.97863
vt 4.01700 -1.03788
vt 3.98188 -1.03788
vt 4.05588 -1.03775
vt 4.01700 -1.01075
vt 4.04513 -0.97863
vt 4.02188 -1.03775
vt 3.98013 -1.03588
vt 3.95425 -0.98025
vt 3.94700 -1.03938
vt 3.98188 -1.02175
vt 3.98188 -0.97738
vt 4.01462 -0.96413
vt 3.99575 -1.03938
vt 4.03650 -0.98025
vt 3.97387 -1.02325
vt 4.01212 -0.96688
vt 4.00887 -0.96213
vt 3.96750 -1.02138
vt 4.02737 -0.97738
vt 3.99450 -1.02175
vt 3.99100 -1.03788
vt 4.03250 -0.97863
vt 4.00637 -0.96588
vt 4.00775 -0.96400
vt 4.00525 -0.96225
vt 4.00637 -1.01075
vt 3.98800 -1.03775
vt 3.96537 -1.02138
vt 4.06188 -1.02563
vt 4.05588 -1.00288
vt 4.02188 -1.01200
vt 4.02800 -1.03463
vt 3.97125 -1.03713
vt 3.94700 -1.00425
vt 3.93813 -1.02613
vt 3.98013 -1.01513
vt 4.01700 -1.03250
vt 4.01700 -1.00900
vt 3.98188 -1.00900
vt 3.98188 -1.03250
vt 4.02150 -0.96062
vt 4.06187 -1.02325
vt 4.05475 -0.96413
vt 4.02875 -1.01975
vt 3.94875 -0.96225
vt 3.97200 -1.02138
vt 3.98275 -0.96225
vt 3.93812 -1.02138
vt 4.01812 -0.96213
vt 3.98300 -0.96213
vt 4.01812 -1.02138
vt 3.98338 -0.96400
vt 3.98300 -0.96388
vt 3.98300 -0.96588
vt 3.98300 -1.02138
vt 4.60811 -0.50000
vt 4.50000 -0.50000
vt 4.60811 -0.57798
vt 4.50000 -0.57798
vt 4.60050 -0.50000
vt 4.60050 -0.60811
vt 4.50000 -0.60811
vt 4.60050 -0.57798
vt 6.02562 -3.02131
vt 5.96288 -2.97869
vt 6.00287 -3.03781
vt 5.98562 -2.96219
vt 5.96762 -2.97869
vt 6.00900 -3.03781
vt 5.99362 -3.01069
vt 6.03250 -3.02144
vt 5.99362 -2.96581
vt 5.97050 -2.97869
vt 5.99112 -2.96219
vt 5.99225 -2.96394
vt 6.00550 -3.02181
vt 6.01525 -3.03594
vt 6.03712 -3.01969
vt 5.98787 -2.96694
vt 5.99637 -2.96056
vt 5.98294 -2.96762
vt 5.98294 -2.99112
vt 6.01806 -2.99112
vt 6.01806 -2.96762
vt 6.01806 -2.98787
vt 6.02156 -2.99637
vt 6.01806 -2.97262
vt 6.05469 -2.98550
vt 6.04581 -2.96350
vt 5.98294 -2.99225
vt 5.98294 -2.97050
vt 5.95481 -2.96288
vt 5.98269 -2.99475
vt 5.94881 -2.98562
vt 5.98331 -2.99237
vt 6.01706 -2.97869
vt 5.98194 -2.97869
vt 6.01706 -3.03781
vt 5.98194 -3.03781
vt 6.05581 -3.03781
vt 6.01706 -3.01069
vt 6.04519 -2.97869
vt 6.02194 -3.03781
vt 5.98194 -3.02181
vt 5.98194 -2.97744
vt 5.95419 -2.98031
vt 5.98019 -3.03594
vt 5.94706 -3.03944
vt 5.97375 -3.02319
vt 5.99575 -3.03944
vt 6.01450 -2.96406
vt 6.03650 -2.98031
vt 5.99450 -3.02181
vt 5.99100 -3.03781
vt 6.03238 -2.97869
vt 5.96750 -3.02144
vt 6.02738 -2.97744
vt 6.01213 -2.96694
vt 6.00888 -2.96219
vt 6.00638 -2.96581
vt 6.00763 -2.96394
vt 6.00525 -2.96219
vt 6.00638 -3.01069
vt 5.96525 -3.02131
vt 5.98800 -3.03781
vt 6.06194 -3.02562
vt 6.05581 -3.00287
vt 6.02194 -3.01200
vt 6.02806 -3.03475
vt 5.97131 -3.03712
vt 5.98019 -3.01525
vt 5.94706 -3.00425
vt 5.93806 -3.02625
vt 6.01706 -3.03250
vt 6.01706 -3.00900
vt 5.98194 -3.00900
vt 5.98194 -3.03250
vt 6.06194 -3.02319
vt 6.02156 -2.96056
vt 6.02869 -3.01969
vt 6.05469 -2.96406
vt 5.97194 -3.02131
vt 5.94881 -2.96219
vt 5.93806 -3.02131
vt 5.98269 -2.96219
vt 5.98294 -2.96581
vt 5.98294 -3.02144
vt 6.01806 -3.02144
vt 5.98331 -2.96394
vt 6.01806 -2.96219
vt 5.98294 -2.96219
vt 5.98294 -2.96394
vt 14.01660 -11.01040
vt 13.98270 -10.98960
vt 13.98270 -11.01040
vt 14.01660 -10.98960
vt 14.02380 -11.01040
vt 13.98710 -10.98960
vt 13.98710 -11.01040
vt 14.02380 -10.98960
vt 14.01950 -11.01040
vt 13.98500 -10.98960
vt 13.98500 -11.01040
vt 14.01950 -10.98960
vt 13.95940 -11.02240
vt 13.94700 -10.98270
vt 13.93790 -11.01660
vt 13.96850 -10.98850
vt 14.01300 -11.02380
vt 13.98750 -10.98710
vt 13.98750 -11.02380
vt 14.01300 -10.98710
vt 14.04950 -10.97620
vt 14.02560 -10.98500
vt 14.06210 -11.01070
vt 14.03810 -11.01950
vt 14.01250 -10.98960
vt 13.98700 -10.98960
vt 14.01250 -11.01040
vt 13.98700 -11.01040
vt 13.97440 -11.01040
vt 13.95050 -10.98960
vt 13.95050 -11.01040
vt 13.97440 -10.98960
vt 14.05300 -11.01040
vt 14.03150 -10.98960
vt 14.03150 -11.01040
vt 14.05300 -10.98960
vt 13.98930 -10.98960
vt 13.98930 -11.01040
vt 14.01290 -11.01040
vt 13.97620 -10.98960
vt 13.97620 -11.01040
vt 14.01290 -10.98960
vt 14.01150 -11.01040
vt 13.97760 -10.98960
vt 13.97760 -11.01040
vt 14.01150 -10.98960
vt 14.03150 -10.98850
vt 14.06210 -11.01660
vt 14.05300 -10.98270
vt 14.04060 -11.02240
vt 13.98700 -10.98710
vt 14.01250 -11.02380
vt 14.01250 -10.98710
vt 13.98700 -11.02380
vt 13.95050 -10.97620
vt 13.96190 -11.01950
vt 13.97440 -10.98500
vt 13.93790 -11.01070
vt 13.95940 -11.01040
vt 13.93790 -10.98960
vt 13.93790 -11.01040
vt 13.95940 -10.98960
vt 14.06210 -11.01040
vt 14.03810 -10.98960
vt 14.03810 -11.01040
vt 14.06210 -10.98960
vt 14.01300 -11.01040
vt 13.98750 -10.98960
vt 13.98750 -11.01040
vt 14.01300 -10.98960
vt 7.62254 -0.25000
vt 7.50000 -0.25000
vt 7.62254 -0.32798
vt 7.50000 -0.32798
vt 7.60050 -0.25000
vt 7.60050 -0.37254
vt 7.50000 -0.37254
vt 7.60050 -0.32798
vt 1.50540 0.56249
vt 0.00000 0.56249
vt 1.58606 1.00000
vt 1.58606 -0.50540
vt 1.58606 0.56249
vt 18.00000 -13.02030
vt 17.93590 -13.02030
vt 18.00000 -13.08840
vt 18.06410 -13.02030
vt 18.00000 -12.91490
vt 18.00000 -12.91170
vt 18.00000 -13.01690
vt 18.06410 -13.01690
vt 18.00000 -13.08510
vt 17.93590 -13.01690
vt 18.03920 -13.00000
vt 18.02690 -13.00000
vt 18.03760 -13.05570
vt 18.02850 -13.05570
vt 17.96080 -12.93590
vt 17.96080 -13.00000
vt 17.97310 -13.00000
vt 17.97310 -12.93590
vt 17.97310 -13.06410
vt 17.96080 -13.06410
vt 17.96080 -13.02030
vt 17.97310 -13.01690
vt 17.93250 -12.91490
vt 17.94490 -12.91170
vt 18.03920 -13.02030
vt 18.05510 -12.91160
vt 18.02690 -13.01690
vt 18.06750 -12.91490
vt 18.00860 -13.08510
vt 18.02100 -13.08840
vt 17.97900 -13.08840
vt 17.99140 -13.08510
vt 18.00000 -12.91160
vt 18.03920 -13.06410
vt 18.02690 -13.06410
vt 18.02690 -12.93590
vt 18.03920 -12.93590
vt 17.97150 -13.05570
vt 17.96240 -13.05570
vt 18.05510 -12.91170
vt 17.94490 -12.91160
vt 2.95195 1.00000
vt 2.75000 1.00000
vt 2.95195 0.84741
vt 2.75000 0.84741
vt 2.95136 1.00000
vt 2.95136 0.79805
vt 2.75000 0.79805
vt 2.95136 0.84741
vt 53.95510 -5.00000
vt 54.00000 -5.03375
vt 54.00000 -5.00000
vt 54.00000 -5.06200
vt 54.04490 -5.00000
vt 54.00000 -4.93800
vt 54.00000 -5.06050
vt 53.99100 -5.04612
vt 54.00000 -5.04612
vt 54.00910 -5.04612
vt 53.98160 -5.00000
vt 53.97480 -4.95513
vt 53.97480 -5.00000
vt 53.98720 -5.00000
vt 53.98720 -4.95513
vt 53.98720 -5.04488
vt 53.97480 -5.04488
vt 54.02520 -4.95513
vt 54.01280 -4.95513
vt 54.02520 -4.99613
vt 54.02410 -5.00000
vt 54.01280 -5.00000
vt 54.02520 -5.04488
vt 54.01280 -5.04488
vt 54.02520 -5.00000
vt 54.02940 -4.93475
vt 54.04180 -4.93800
vt 54.01280 -4.99662
vt 53.97480 -5.00325
vt 53.95820 -4.94138
vt 53.97060 -4.93800
vt 53.97480 -5.00338
vt 54.00380 -5.06200
vt 53.99140 -5.06525
vt 53.99960 -5.04612
vt 54.00340 -5.06050
vt 54.00860 -5.06200
vt 54.01840 -4.99812
vt 54.00110 -5.04337
vt 54.00990 -5.03025
vt 54.01620 -5.03375
vt 54.00270 -5.05788
vt 54.00440 -5.06075
vt 54.00000 -5.06525
vt 54.00390 -5.00325
vt 54.00000 -5.00325
vt 54.04490 -5.00338
vt 53.95510 -5.00325
vt 54.00000 -4.94138
vt 54.04490 -5.00325
vt 54.04490 -4.99662
vt 54.00900 -5.04612
vt 54.00000 -4.99662
vt 53.99090 -5.04612
vt 53.95510 -4.99662
vt 54.00000 -4.93475
vt 53.97590 -5.00000
vt 53.97480 -4.99613
vt 53.97060 -4.93475
vt 53.95820 -4.93800
vt 53.98720 -4.99662
vt 54.02520 -5.00325
vt 54.02940 -4.93800
vt 54.04180 -4.94138
vt 54.00860 -5.06525
vt 53.99620 -5.06200
vt 54.00040 -5.04612
vt 53.99140 -5.06200
vt 53.99660 -5.06050
vt 53.98160 -4.99812
vt 53.99890 -5.04337
vt 53.99010 -5.03025
vt 53.98380 -5.03375
vt 53.99560 -5.06075
vt 53.99730 -5.05788
vt 2.10691 1.00000
vt 2.10691 0.58628
vt 0.00000 0.58628
vt 0.96152 1.00000
vt 0.96152 -1.10691
vt 0.00000 -1.10691
vt 0.96152 0.58628
vt 3.62734 -0.75000
vt 3.50000 -0.75000
vt 3.62734 -0.87342
vt 3.50000 -0.87342
vt 3.63594 -0.75000
vt 3.63594 -0.87734
vt 3.50000 -0.87734
vt 3.63594 -0.87342
vt 4.75000 0.00000
vt 4.78676 -0.04611
vt 4.75000 -0.04611
vt 4.82183 0.00000
vt 4.82183 -0.04611
vt 4.78676 0.00000
vt 4.82183 -0.03676
vt 4.75000 -0.03676
vt 4.82183 -0.05897
vt 4.75000 -0.05897
vt 1.35104 0.55929
vt 0.00000 0.55929
vt 0.82091 1.00000
vt 0.82091 0.55929
vt 1.35104 1.00000
vt 0.82091 -0.35104
vt 0.00000 -0.35104
vt 0.82091 -0.42110
vt 0.00000 -0.42110
vt 5.17082 -4.25000
vt 5.00000 -4.25000
vt 5.17082 -4.30084
vt 5.00000 -4.30084
vt 5.10426 -4.25000
vt 5.10426 -4.42082
vt 5.00000 -4.42082
vt 5.10426 -4.30084
vt 7.88895 -2.00000
vt 7.75000 -2.00000
vt 7.88895 -2.16021
vt 7.75000 -2.16021
vt 7.90954 -2.00000
vt 7.90954 -2.13895
vt 7.75000 -2.13895
vt 7.90954 -2.16021
vt 4.25568 0.00000
vt 4.25000 0.00000
vt 4.25568 -0.02557
vt 4.25000 -0.02557
vt 4.26411 0.00000
vt 4.26411 -0.00568
vt 4.25000 -0.00568
vt 4.26411 -0.02557
vt 6.75568 -2.25000
vt 6.75000 -2.25000
vt 6.75568 -2.26137
vt 6.75000 -2.26137
vt 6.77565 -2.25000
vt 6.77565 -2.25568
vt 6.75000 -2.25568
vt 6.77565 -2.26137
vt 2.50568 -4.50000
vt 2.50000 -4.50000
vt 2.50568 -4.51137
vt 2.50000 -4.51137
vt 2.52565 -4.50000
vt 2.52565 -4.50568
vt 2.50000 -4.50568
vt 2.52565 -4.51137
vt 6.25568 -1.00000
vt 6.25000 -1.00000
vt 6.25568 -1.02557
vt 6.25000 -1.02557
vt 6.26411 -1.00000
vt 6.26411 -1.00568
vt 6.25000 -1.00568
vt 6.26411 -1.02557
vt 1.75568 -3.00000
vt 1.75000 -3.00000
vt 1.75568 -3.01411
vt 1.75000 -3.01411
vt 1.77565 -3.00000
vt 1.77565 -3.00568
vt 1.75000 -3.00568
vt 1.77565 -3.01411
vt 2.75568 -5.25000
vt 2.75000 -5.25000
vt 2.75568 -5.26411
vt 2.75000 -5.26411
vt 2.77565 -5.25000
vt 2.77565 -5.25568
vt 2.75000 -5.25568
vt 2.77565 -5.26411
vt 0.76713 1.00000
vt 0.75000 1.00000
vt 0.76713 0.98812
vt 0.75000 0.98812
vt 0.75898 1.00000
vt 0.75898 0.98287
vt 0.75000 0.98287
vt 0.75898 0.98812
vt 4.01713 -4.75000
vt 4.00000 -4.75000
vt 4.01713 -4.76188
vt 4.00000 -4.76188
vt 4.00898 -4.75000
vt 4.00898 -4.76713
vt 4.00000 -4.76713
vt 4.00898 -4.76188
vt 7.78835 -4.50000
vt 7.75000 -4.50000
vt 7.78835 -4.53376
vt 7.75000 -4.53376
vt 7.82285 -4.50000
vt 7.82285 -4.53835
vt 7.75000 -4.53835
vt 7.82285 -4.53376
vt 2.92432 -5.75000
vt 2.75000 -5.75000
vt 2.92432 -5.78376
vt 2.75000 -5.78376
vt 2.84324 -5.75000
vt 2.84324 -5.92432
vt 2.75000 -5.92432
vt 2.84324 -5.78376
vt 7.34823 1.00000
vt 7.25000 1.00000
vt 7.34823 0.82379
vt 7.25000 0.82379
vt 7.34317 1.00000
vt 7.34317 0.90177
vt 7.25000 0.90177
vt 7.34317 0.82379
vt 1.89272 -1.75000
vt 1.75000 -1.75000
vt 1.89272 -1.97269
vt 1.75000 -1.97269
vt 1.84825 -1.75000
vt 1.84825 -1.89272
vt 1.75000 -1.89272
vt 1.84825 -1.97269
vt 7.61106 -0.75000
vt 7.50000 -0.75000
vt 7.61106 -0.91980
vt 7.50000 -0.91980
vt 7.59317 -0.75000
vt 7.59317 -0.86106
vt 7.50000 -0.86106
vt 7.59317 -0.91980
vt 7.89272 -2.50000
vt 7.75000 -2.50000
vt 7.89272 -2.72269
vt 7.75000 -2.72269
vt 7.84825 -2.50000
vt 7.84825 -2.64272
vt 7.75000 -2.64272
vt 7.84825 -2.72269
vt 1.43321 0.75000
vt 1.25000 0.75000
vt 1.43321 0.48218
vt 1.25000 0.48218
vt 1.35039 0.75000
vt 1.35039 0.56679
vt 1.25000 0.56679
vt 1.35039 0.48218
vt 3.93321 -0.75000
vt 3.75000 -0.75000
vt 3.93321 -1.01782
vt 3.75000 -1.01782
vt 3.85039 -0.75000
vt 3.85039 -0.93321
vt 3.75000 -0.93321
vt 3.85039 -1.01782
vt 0.86106 -3.00000
vt 0.75000 -3.00000
vt 0.86106 -3.16980
vt 0.75000 -3.16980
vt 0.84317 -3.00000
vt 0.84317 -3.11106
vt 0.75000 -3.11106
vt 0.84317 -3.16980
vt 5.59823 -3.00000
vt 5.50000 -3.00000
vt 5.59823 -3.17621
vt 5.50000 -3.17621
vt 5.59317 -3.00000
vt 5.59317 -3.09823
vt 5.50000 -3.09823
vt 5.59317 -3.17621
vn 0.9685 -0.2598 -0.0236
vn 0.9685 0.2598 0.0236
vn -0.2598 0.9606 0.0866
vn 0.2598 0.9606 0.0866
vn -0.1339 0.4331 0.8898
vn 0.1339 0.4331 0.8898
vn -0.1732 -0.7087 0.6772
vn 0.0000 -0.0866 1.0000
vn -0.2598 -0.9606 -0.0866
vn -0.9685 0.2598 0.0236
vn -0.9685 -0.2598 -0.0236
vn 0.1732 -0.7087 0.6772
vn 0.2598 -0.9606 -0.0866
vn -0.1339 0.5827 -0.8032
vn 0.1339 0.5827 -0.8032
vn -0.1732 -0.5827 -0.7953
vn 0.1732 -0.5827 -0.7953
vn 0.0000 0.0866 -1.0000
vn 0.0000 1.0000 0.0315
vn -1.0000 0.0000 0.0000
vn 0.0000 -0.0315 1.0000
vn 0.0000 -1.0000 -0.0315
vn 1.0000 0.0000 0.0000
vn 0.0000 0.0315 -1.0000
vn 0.0000 1.0000 -0.0551
vn 0.0000 0.0551 1.0000
vn 0.0000 -1.0000 0.0551
vn 0.0000 -0.0551 -1.0000
vn 0.9055 -0.4094 -0.0945
vn 0.8661 -0.4803 -0.1339
vn 0.7874 0.5906 0.1890
vn 0.8346 0.5276 0.1575
vn -0.0157 -0.2913 0.9606
vn 0.0866 -0.4094 0.9055
vn -0.0236 -0.2835 0.9606
vn -0.9055 -0.4094 -0.0945
vn -0.8661 -0.4803 -0.1339
vn -0.7874 0.5906 0.1890
vn -0.8346 0.5276 0.1575
vn 0.4094 -0.8189 -0.4094
vn -0.4094 -0.8189 -0.4094
vn 0.4882 -0.7795 -0.3937
vn -0.4882 -0.7795 -0.3937
vn -0.1496 0.5197 -0.8425
vn 0.0866 0.4094 -0.9055
vn -0.1575 0.5197 -0.8425
vn 0.0000 1.0000 -0.0157
vn 0.0000 0.0157 1.0000
vn 0.0000 -1.0000 0.0157
vn 0.0000 -0.0157 -1.0000
vn -0.1496 0.4803 0.8661
vn 0.1496 0.4803 0.8661
vn 0.1575 -0.6457 0.7480
vn -0.1575 -0.6457 0.7480
vn 0.1575 -0.5039 -0.8504
vn -0.1575 -0.5039 -0.8504
vn 0.1496 0.6299 -0.7638
vn -0.1496 0.6299 -0.7638
vn 0.9685 0.0000 0.2598
vn 0.9449 0.1024 -0.3150
vn 0.0000 0.8189 0.5748
vn 0.1024 0.8189 0.5669
vn -0.1496 0.8189 0.5512
vn 0.0000 -0.5748 0.8189
vn -0.2126 -0.5748 0.7953
vn 0.3150 -0.5669 0.7638
vn -0.9449 -0.1024 0.3150
vn -0.9685 0.0000 -0.2598
vn 0.1496 -0.8189 -0.5512
vn -0.1024 -0.8189 -0.5669
vn 0.0000 -0.8189 -0.5748
vn -0.3150 0.5669 -0.7638
vn 0.2126 0.5748 -0.7953
vn 0.0000 0.5748 -0.8189
vn 0.9370 0.0000 -0.3386
vn 0.0000 1.0000 0.0000
vn 0.0000 0.0000 1.0000
vn 0.3386 0.0000 0.9370
vn -0.2598 0.0000 0.9685
vn -0.9370 0.0000 0.3386
vn 0.0000 -1.0000 0.0000
vn 0.2598 0.0000 -0.9685
vn -0.3386 0.0000 -0.9370
vn 0.0000 0.0000 -1.0000
vn 0.0000 1.0000 -0.0709
vn 0.0000 0.0709 1.0000
vn 0.0000 -1.0000 0.0709
vn 0.0000 -0.0709 -1.0000
vn 0.0000 1.0000 -0.0866
vn 0.0000 0.0866 1.0000
vn 0.0000 -1.0000 0.0866
vn 0.0000 -0.0866 -1.0000
vn 0.1260 0.3858 0.9134
vn -0.1260 0.3858 0.9134
vn 0.1654 -0.6929 0.7008
vn -0.1654 -0.6929 0.7008
vn -0.1260 0.5354 -0.8346
vn 0.1260 0.5354 -0.8346
vn 0.1654 -0.5591 -0.8110
vn -0.1654 -0.5591 -0.8110
vn 0.9685 -0.2598 0.0236
vn 0.9685 0.2598 -0.0236
vn 0.2598 0.9606 -0.0866
vn -0.2598 0.9606 -0.0866
vn 0.1339 0.5669 0.8110
vn -0.1339 0.5669 0.8110
vn 0.1968 -0.6772 0.7087
vn -0.1968 -0.6772 0.7087
vn -0.1732 -0.5984 0.7874
vn 0.1732 -0.5984 0.7874
vn -0.1260 0.5591 0.8189
vn 0.1260 0.5591 0.8189
vn -0.9685 -0.2598 0.0236
vn -0.9685 0.2598 -0.0236
vn -0.1732 -0.7244 -0.6693
vn 0.1732 -0.7244 -0.6693
vn 0.1968 -0.7953 -0.5748
vn -0.1968 -0.7953 -0.5748
vn 0.2598 -0.9606 0.0866
vn -0.2598 -0.9606 0.0866
vn -0.1260 0.4016 -0.9055
vn 0.1260 0.4016 -0.9055
vn 0.1339 0.4173 -0.8976
vn -0.1339 0.4173 -0.8976
vn 0.9685 -0.2520 0.0472
vn 0.9685 0.2520 -0.0472
vn -0.2598 0.9528 -0.1654
vn 0.2598 0.9528 -0.1654
vn 0.1339 0.6378 0.7559
vn -0.1339 0.6378 0.7559
vn 0.1575 -0.4331 0.8898
vn -0.1575 -0.4331 0.8898
vn -0.9685 -0.2520 0.0472
vn 0.0000 -0.1732 -0.9843
vn 0.0000 0.1732 0.9843
vn 0.2598 -0.9528 0.1654
vn -0.9685 0.2520 -0.0472
vn 0.1575 -0.7087 -0.6850
vn -0.1575 -0.7087 -0.6850
vn -0.2598 -0.9528 0.1654
vn 0.1339 0.3386 -0.9291
vn -0.1339 0.3386 -0.9291
vn 0.0000 0.9921 0.1024
vn 0.0000 -0.1024 0.9921
vn 0.0000 -0.9921 -0.1024
vn 0.0000 0.1024 -0.9921
vn 0.9685 -0.2598 0.0000
vn 0.9685 0.2598 0.0000
vn -0.2598 0.9685 0.0000
vn 0.2598 0.9685 0.0000
vn -0.1339 0.4882 0.8583
vn 0.1339 0.4882 0.8583
vn -0.1732 -0.6535 0.7402
vn 0.1732 -0.6535 0.7402
vn -0.9685 -0.2598 0.0000
vn -0.9685 0.2598 0.0000
vn -0.2598 -0.9685 0.0000
vn 0.2598 -0.9685 0.0000
vn -0.1339 0.4882 -0.8583
vn 0.1339 0.4882 -0.8583
vn -0.1732 -0.6535 -0.7402
vn 0.1732 -0.6535 -0.7402
vn 0.1496 0.5512 0.8189
vn -0.1496 0.5512 0.8189
vn 0.1496 -0.5512 0.8189
vn -0.1496 -0.5512 0.8189
vn 0.1496 0.5512 -0.8189
vn -0.1496 0.5512 -0.8189
vn 0.1496 -0.5512 -0.8189
vn -0.1496 -0.5512 -0.8189
vn 0.0000 0.9843 0.1732
vn 0.0000 -0.1732 0.9843
vn 0.0000 -0.9843 -0.1732
vn 0.0000 0.1732 -0.9843
vn 0.0000 0.6220 -0.7795
vn 0.0000 0.9528 -0.3071
vn 0.0000 1.0000 0.0157
vn 0.0000 -0.0157 1.0000
vn 0.0000 -1.0000 -0.0157
vn 0.0000 0.0157 -1.0000
vn 0.0000 0.9370 -0.3386
vn 0.0000 -0.3386 -0.9370
vn 0.0000 -0.9370 0.3386
vn 0.0000 0.3386 0.9370
vn 0.0000 0.9921 0.1417
vn 0.0000 -0.1417 0.9921
vn 0.0000 -0.9921 -0.1417
vn 0.0000 0.1417 -0.9921
vn 0.0000 0.9055 -0.4252
vn 0.0000 0.4252 0.9055
vn 0.0000 -0.9055 0.4252
vn 0.0000 -0.4252 -0.9055
vn 0.0000 0.9921 -0.1024
vn 0.0000 0.1024 0.9921
vn 0.0000 -0.9921 0.1024
vn 0.0000 -0.1024 -0.9921
vn 0.0000 0.9528 0.2913
vn 0.0000 -0.2913 0.9528
vn 0.0000 -0.9528 -0.2913
vn 0.0000 0.2913 -0.9528

o tail02
usemtl c_a34b4b
f 1/1/1 2/2/1 3/3/1
f 4/4/1 2/2/1 5/5/1
f 3/3/1 2/2/1 4/4/1
f 6/6/1 4/4/1 5/5/1
f 6/6/1 3/3/1 4/4/1
f 6/6/1 5/5/1 7/7/1
f 3/3/1 6/6/1 7/7/1
f 1/1/1 3/3/1 7/7/1
f 8/8/2 9/9/2 10/10/2
f 10/10/2 9/9/2 11/11/2
f 9/9/2 8/8/2 12/12/2
f 11/11/2 13/13/2 10/10/2
f 12/12/2 8/8/2 14/14/2
f 15/15/2 10/10/2 13/13/2
f 8/8/2 10/10/2 15/15/2
f 8/8/2 15/15/2 14/14/2
f 10/16/3 8/17/3 16/18/3
f 17/19/3 18/20/3 19/21/3
f 20/22/4 3/23/4 4/24/4
f 19/21/3 21/25/3 22/26/3
f 21/25/3 19/21/3 18/20/3
f 23/27/4 3/23/4 20/22/4
f 24/28/4 25/29/4 26/30/4
f 25/29/4 24/28/4 27/31/4
f 28/32/5 11/33/5 29/34/5
f 29/34/5 11/33/5 9/35/5
f 7/36/6 30/37/6 1/38/6
f 31/39/6 1/38/6 30/37/6
f 32/40/7 2/41/7 13/42/7
f 33/43/8 15/44/8 34/45/8
f 31/39/9 1/38/9 31/39/9
f 35/46/8 36/47/8 16/48/8
f 16/48/8 36/47/8 15/44/8
f 35/46/8 21/49/8 18/50/8
f 24/51/8 37/52/8 38/53/8
f 15/44/8 18/50/8 34/45/8
f 39/54/8 24/51/8 26/55/8
f 16/48/8 40/56/8 35/46/8
f 15/44/8 10/57/8 16/48/8
f 33/43/8 41/58/8 15/44/8
f 24/51/8 39/54/8 20/59/8
f 20/59/8 37/52/8 24/51/8
f 4/60/8 6/61/8 37/52/8
f 4/60/8 37/52/8 20/59/8
f 36/47/8 35/46/8 18/50/8
f 18/50/8 15/44/8 36/47/8
f 42/62/8 43/63/8 44/64/8
f 31/39/10 45/65/10 31/39/10
f 29/66/11 46/67/11 35/68/11
f 21/69/11 35/68/11 46/67/11
f 35/68/11 22/70/11 29/66/11
f 21/69/11 22/70/11 35/68/11
f 22/70/11 28/71/11 29/66/11
f 21/69/11 46/67/11 43/72/11
f 22/70/11 21/69/11 43/72/11
f 28/71/11 22/70/11 43/72/11
f 13/73/10 39/74/10 15/75/10
f 15/75/10 39/74/10 25/76/10
f 13/73/10 26/77/10 39/74/10
f 26/77/10 13/73/10 31/78/10
f 25/76/10 39/74/10 26/77/10
f 31/78/10 45/79/10 26/77/10
f 25/76/10 26/77/10 45/79/10
f 30/80/10 25/76/10 45/79/10
f 31/78/10 30/80/10 45/79/10
f 47/81/10 25/76/10 30/80/10
f 14/82/10 15/75/10 47/81/10
f 47/81/10 15/75/10 25/76/10
f 32/83/7 42/84/7 44/85/7
f 2/86/7 32/83/7 44/85/7
f 31/87/7 2/86/7 1/88/7
f 2/86/7 31/87/7 13/89/7
f 42/84/12 32/83/12 43/90/12
f 32/83/12 28/91/12 43/90/12
f 28/91/12 32/83/12 11/92/12
f 32/83/12 13/89/12 11/92/12
f 24/19/9 38/93/9 27/94/9
f 27/94/9 26/16/9 25/95/9
f 26/16/9 27/94/9 38/93/9
f 4/25/9 3/96/9 23/97/9
f 17/28/13 22/98/13 21/24/13
f 19/99/13 22/98/13 17/28/13
f 10/30/13 40/100/13 8/101/13
f 16/102/13 8/101/13 40/100/13
f 46/103/14 9/104/14 12/105/14
f 9/104/14 46/103/14 29/36/14
f 7/34/15 47/106/15 30/107/15
f 47/106/15 7/34/15 5/108/15
f 48/109/16 5/108/16 44/62/16
f 5/108/16 2/63/16 44/62/16
f 47/106/16 48/109/16 14/110/16
f 47/106/16 5/108/16 48/109/16
f 48/109/17 44/62/17 43/41/17
f 48/109/17 43/41/17 12/105/17
f 12/105/17 43/41/17 46/103/17
f 48/109/17 12/105/17 14/110/17
f 33/111/18 34/112/18 40/113/18
f 39/114/18 26/115/18 38/116/18
f 49/117/18 39/114/18 38/116/18
f 38/116/18 37/118/18 49/117/18
f 35/119/18 17/51/18 21/60/18
f 39/114/18 49/117/18 23/120/18
f 23/120/18 49/117/18 37/118/18
f 23/120/18 20/121/18 39/114/18
f 37/118/18 4/49/18 23/120/18
f 37/118/18 6/122/18 4/49/18
f 10/123/18 15/124/18 41/125/18
f 10/123/18 33/111/18 40/113/18
f 10/123/18 41/125/18 33/111/18
f 17/51/18 34/112/18 18/126/18
f 40/113/18 17/51/18 35/119/18
f 40/113/18 34/112/18 17/51/18
usemtl c_dcbc81
f 50/127/19 51/128/19 52/129/19
f 52/129/19 51/128/19 53/130/19
f 54/131/20 51/128/20 55/132/20
f 55/132/20 51/128/20 50/133/20
f 51/131/21 54/128/21 53/134/21
f 53/134/21 54/128/21 56/130/21
f 54/127/22 55/128/22 56/129/22
f 56/129/22 55/128/22 57/130/22
f 57/131/23 52/128/23 56/132/23
f 56/132/23 52/128/23 53/133/23
f 55/131/24 50/128/24 57/134/24
f 57/134/24 50/128/24 52/130/24
usemtl c_506d54
f 58/135/19 59/136/19 60/137/19
f 60/137/19 59/136/19 61/138/19
f 62/139/20 59/136/20 63/140/20
f 63/140/20 59/136/20 58/141/20
f 59/139/21 62/136/21 61/142/21
f 61/142/21 62/136/21 64/138/21
f 62/135/22 63/136/22 64/137/22
f 64/137/22 63/136/22 65/138/22
f 65/139/23 60/136/23 64/140/23
f 64/140/23 60/136/23 61/141/23
f 63/139/24 58/136/24 65/142/24
f 65/142/24 58/136/24 60/138/24
o tail03
usemtl c_dcbc81
f 66/143/25 67/128/25 68/144/25
f 68/144/25 67/128/25 69/145/25
f 70/146/20 67/128/20 71/147/20
f 71/147/20 67/128/20 66/148/20
f 67/146/26 70/128/26 69/149/26
f 69/149/26 70/128/26 72/145/26
f 70/143/27 71/128/27 72/144/27
f 72/144/27 71/128/27 73/145/27
f 73/146/23 68/128/23 72/147/23
f 72/147/23 68/128/23 69/148/23
f 71/146/28 66/128/28 73/149/28
f 73/149/28 66/128/28 68/145/28
usemtl c_6c584b
f 74/150/29 75/151/29 76/152/29
f 77/153/30 78/154/30 79/155/30
f 80/156/31 81/157/31 82/158/31
f 83/159/32 84/160/32 85/161/32
f 77/162/33 86/163/33 78/164/33
f 87/165/34 81/166/34 80/167/34
f 74/168/35 88/169/35 75/170/35
f 89/171/34 84/172/34 83/173/34
f 83/174/36 90/175/36 89/176/36
f 80/177/37 91/178/37 87/179/37
f 77/180/38 92/181/38 86/182/38
f 74/183/39 93/184/39 88/185/39
f 85/186/40 84/187/40 89/188/40
f 90/189/40 85/186/40 89/188/40
f 75/190/41 88/191/41 76/192/41
f 88/191/41 93/193/41 76/192/41
f 82/194/42 81/195/42 87/196/42
f 91/197/42 82/194/42 87/196/42
f 78/198/43 86/199/43 79/200/43
f 86/199/43 92/201/43 79/200/43
f 83/202/44 85/203/44 90/204/44
f 76/205/45 93/206/45 74/207/45
f 80/208/46 82/209/46 91/210/46
f 79/211/45 92/212/45 77/213/45
usemtl c_506d54
f 94/214/25 95/215/25 96/216/25
f 96/216/25 95/215/25 97/217/25
f 98/218/20 95/215/20 99/219/20
f 99/219/20 95/215/20 94/220/20
f 95/218/26 98/215/26 97/221/26
f 97/221/26 98/215/26 100/217/26
f 98/214/27 99/215/27 100/216/27
f 100/216/27 99/215/27 101/217/27
f 101/218/23 96/215/23 100/219/23
f 100/219/23 96/215/23 97/220/23
f 99/218/28 94/215/28 101/221/28
f 101/221/28 94/215/28 96/217/28
o tail01
usemtl c_dcbc81
f 102/222/47 103/128/47 104/223/47
f 104/223/47 103/128/47 105/224/47
f 106/225/20 103/128/20 107/226/20
f 107/226/20 103/128/20 102/227/20
f 103/225/48 106/128/48 105/228/48
f 105/228/48 106/128/48 108/224/48
f 106/222/49 107/128/49 108/223/49
f 108/223/49 107/128/49 109/224/49
f 109/225/23 104/128/23 108/226/23
f 108/226/23 104/128/23 105/227/23
f 107/225/50 102/128/50 109/228/50
f 109/228/50 102/128/50 104/224/50
usemtl c_a34b4b
f 110/229/1 111/230/1 112/231/1
f 112/231/1 111/230/1 113/232/1
f 111/230/1 114/233/1 113/232/1
f 114/233/1 115/234/1 113/232/1
f 116/235/1 115/234/1 114/233/1
f 116/235/1 117/236/1 115/234/1
f 110/229/1 117/236/1 116/235/1
f 110/229/1 112/231/1 117/236/1
f 116/235/1 118/237/1 110/229/1
f 118/237/1 116/235/1 114/233/1
f 119/238/2 120/239/2 121/240/2
f 122/241/2 120/239/2 119/238/2
f 122/241/2 123/242/2 120/239/2
f 123/242/2 124/243/2 120/239/2
f 121/240/2 120/239/2 124/243/2
f 125/244/2 121/240/2 124/243/2
f 117/236/2 126/245/2 115/234/2
f 115/234/2 126/245/2 113/232/2
f 127/246/51 122/247/51 119/248/51
f 128/249/51 122/247/51 127/246/51
f 110/250/52 129/251/52 130/252/52
f 129/251/52 110/250/52 118/253/52
f 123/254/53 128/249/53 131/255/53
f 128/249/53 123/254/53 122/247/53
f 123/254/53 131/255/53 132/256/53
f 123/254/53 123/254/53 122/247/53
f 111/257/54 123/254/54 132/256/54
f 111/257/54 110/250/54 130/252/54
f 130/252/54 123/254/54 111/257/54
f 123/254/54 111/257/54 123/254/54
f 123/254/54 132/256/54 132/256/54
f 117/258/53 112/259/53 126/260/53
f 133/261/54 134/262/54 135/263/54
f 136/264/8 137/265/8 124/266/8
f 137/265/8 136/264/8 138/267/8
f 132/256/8 131/255/8 132/256/8
f 131/268/55 125/269/55 125/270/55
f 125/269/56 114/271/56 125/270/56
f 139/272/11 127/273/11 140/271/11
f 128/274/11 127/273/11 139/272/11
f 141/275/11 137/276/11 139/272/11
f 141/275/11 139/272/11 140/271/11
f 137/276/11 128/274/11 139/272/11
f 137/276/11 135/277/11 128/274/11
f 131/268/11 128/274/11 135/277/11
f 141/275/11 140/271/11 134/278/11
f 131/268/11 135/277/11 134/278/11
f 140/271/11 131/268/11 134/278/11
f 123/279/10 142/280/10 124/281/10
f 123/279/10 130/282/10 142/280/10
f 142/280/10 130/282/10 129/283/10
f 142/280/10 129/283/10 143/284/10
f 142/280/10 143/284/10 124/281/10
f 124/281/10 143/284/10 125/269/10
f 133/285/10 135/277/10 137/276/10
f 141/275/10 133/285/10 137/276/10
f 118/246/57 143/286/57 129/287/57
f 143/286/57 118/246/57 114/288/57
f 127/253/58 119/289/58 140/290/58
f 119/289/58 121/291/58 140/290/58
f 125/292/55 132/256/55 131/293/55
f 121/291/55 131/293/55 140/290/55
f 125/294/55 131/293/55 121/291/55
f 126/261/55 112/295/55 113/296/55
f 114/288/56 111/297/56 132/256/56
f 125/292/56 114/288/56 132/256/56
f 125/294/56 143/286/56 114/288/56
f 134/298/56 133/260/56 141/299/56
f 138/300/18 136/301/18 124/266/18
f 138/300/18 124/266/18 137/302/18
usemtl c_506d54
f 144/303/47 145/304/47 146/305/47
f 146/305/47 145/304/47 147/306/47
f 148/307/20 145/304/20 149/308/20
f 149/308/20 145/304/20 144/309/20
f 145/307/48 148/304/48 147/310/48
f 147/310/48 148/304/48 150/306/48
f 148/303/49 149/304/49 150/305/49
f 150/305/49 149/304/49 151/306/49
f 151/307/23 146/304/23 150/308/23
f 150/308/23 146/304/23 147/309/23
f 149/307/50 144/304/50 151/310/50
f 151/310/50 144/304/50 146/306/50
o leg_L_hand
usemtl c_5a4c42
f 152/311/59 153/312/59 154/313/59
f 153/312/59 152/311/59 155/314/59
f 156/315/23 157/316/23 158/317/23
f 157/316/23 159/318/23 158/317/23
f 158/317/23 159/318/23 160/319/23
f 161/320/23 156/315/23 158/317/23
f 161/320/23 162/321/23 156/315/23
f 161/320/23 163/322/23 162/321/23
f 164/323/60 165/324/60 166/325/60
f 164/323/60 166/325/60 167/326/60
f 167/326/60 166/325/60 168/327/60
f 156/328/61 162/329/61 169/330/61
f 170/331/61 156/328/61 169/330/61
f 167/332/62 168/333/62 171/334/62
f 172/335/62 171/334/62 168/333/62
f 171/334/62 172/335/62 173/336/62
f 163/337/63 161/338/63 153/339/63
f 163/337/63 153/339/63 174/340/63
f 153/339/63 155/341/63 174/340/63
f 174/340/63 175/342/63 163/337/63
f 156/343/64 170/344/64 157/345/64
f 176/346/64 157/345/64 170/344/64
f 154/347/65 161/343/65 158/348/65
f 161/343/65 154/347/65 153/349/65
f 158/348/65 177/350/65 154/347/65
f 164/351/66 171/352/66 173/353/66
f 173/353/66 165/354/66 164/351/66
f 165/354/66 173/353/66 178/355/66
f 179/356/67 178/357/67 172/358/67
f 172/358/67 178/357/67 173/359/67
f 164/360/20 176/361/20 170/362/20
f 171/363/20 164/360/20 170/362/20
f 171/363/20 170/362/20 169/364/20
f 167/365/20 171/363/20 169/364/20
f 167/365/20 169/364/20 180/366/20
f 180/366/20 176/361/20 164/360/20
f 167/365/20 180/366/20 164/360/20
f 160/367/68 175/368/68 174/369/68
f 174/369/68 158/370/68 160/367/68
f 181/371/68 177/372/68 174/369/68
f 174/369/68 177/372/68 158/370/68
f 152/373/69 154/374/69 177/375/69
f 152/373/69 177/375/69 181/376/69
f 166/377/70 165/378/70 178/379/70
f 166/377/70 178/379/70 179/380/70
f 159/381/71 157/382/71 176/383/71
f 180/384/71 159/381/71 176/383/71
f 179/385/72 168/386/72 166/387/72
f 168/386/72 179/385/72 172/388/72
f 181/389/73 155/390/73 152/391/73
f 155/390/73 181/389/73 174/392/73
f 160/393/74 159/394/74 180/395/74
f 160/393/74 180/395/74 175/396/74
f 169/397/74 162/398/74 180/395/74
f 180/395/74 162/398/74 175/396/74
f 162/398/74 163/399/74 175/396/74
f 182/400/59 183/401/59 184/402/59
f 185/403/59 183/401/59 182/400/59
f 186/404/23 187/405/23 188/406/23
f 189/407/23 187/405/23 186/404/23
f 190/408/75 191/409/75 192/410/75
f 193/411/75 191/409/75 190/408/75
f 194/412/76 183/413/76 185/414/76
f 195/415/76 183/413/76 194/412/76
f 196/416/76 187/417/76 189/418/76
f 197/419/76 187/417/76 196/416/76
f 198/420/76 191/421/76 199/422/76
f 199/422/76 191/421/76 193/423/76
f 187/424/77 197/405/77 188/425/77
f 188/425/77 197/405/77 200/406/77
f 192/426/78 198/427/78 201/428/78
f 191/429/78 198/427/78 192/426/78
f 184/430/79 195/431/79 202/432/79
f 183/433/79 195/431/79 184/430/79
f 201/404/80 199/434/80 203/435/80
f 198/407/80 199/434/80 201/404/80
f 200/436/20 196/437/20 204/438/20
f 197/439/20 196/437/20 200/436/20
f 202/440/68 194/441/68 205/442/68
f 195/443/68 194/441/68 202/440/68
f 202/444/81 182/445/81 184/446/81
f 205/447/81 182/445/81 202/444/81
f 200/448/81 186/449/81 188/450/81
f 204/451/81 186/449/81 200/448/81
f 201/452/81 190/453/81 192/454/81
f 203/455/81 190/453/81 201/452/81
f 205/456/82 185/457/82 182/458/82
f 194/459/82 185/457/82 205/456/82
f 203/460/83 193/461/83 190/462/83
f 199/463/83 193/461/83 203/460/83
f 204/436/84 189/464/84 186/465/84
f 196/439/84 189/464/84 204/436/84
usemtl c_506d54
f 206/466/23 207/467/23 208/468/23
f 208/468/23 207/467/23 209/469/23
f 210/470/76 207/467/76 211/471/76
f 211/471/76 207/467/76 206/472/76
f 207/470/77 210/467/77 209/473/77
f 209/473/77 210/467/77 212/469/77
f 210/466/20 211/467/20 212/468/20
f 212/468/20 211/467/20 213/469/20
f 213/470/81 208/467/81 212/471/81
f 212/471/81 208/467/81 209/472/81
f 211/470/84 206/467/84 213/473/84
f 213/473/84 206/467/84 208/469/84
o torso
usemtl c_dcbc81
f 214/474/23 215/128/23 216/475/23
f 216/475/23 215/128/23 217/476/23
f 218/477/85 215/128/85 219/478/85
f 219/478/85 215/128/85 214/479/85
f 215/477/86 218/128/86 217/480/86
f 217/480/86 218/128/86 220/476/86
f 218/474/20 219/128/20 220/475/20
f 220/475/20 219/128/20 221/476/20
f 221/477/87 216/128/87 220/478/87
f 220/478/87 216/128/87 217/479/87
f 219/477/88 214/128/88 221/480/88
f 221/480/88 214/128/88 216/476/88
f 222/481/23 223/128/23 224/482/23
f 224/482/23 223/128/23 225/483/23
f 226/484/76 223/128/76 227/485/76
f 227/485/76 223/128/76 222/486/76
f 223/484/77 226/128/77 225/487/77
f 225/487/77 226/128/77 228/483/77
f 226/481/20 227/128/20 228/482/20
f 228/482/20 227/128/20 229/483/20
f 229/484/81 224/128/81 228/485/81
f 228/485/81 224/128/81 225/486/81
f 227/484/84 222/128/84 229/487/84
f 229/487/84 222/128/84 224/483/84
f 230/488/23 231/128/23 232/489/23
f 232/489/23 231/128/23 233/490/23
f 234/491/89 231/128/89 235/492/89
f 235/492/89 231/128/89 230/493/89
f 231/491/90 234/128/90 233/494/90
f 233/494/90 234/128/90 236/490/90
f 234/488/20 235/128/20 236/489/20
f 236/489/20 235/128/20 237/490/20
f 237/491/91 232/128/91 236/492/91
f 236/492/91 232/128/91 233/493/91
f 235/491/92 230/128/92 237/494/92
f 237/494/92 230/128/92 232/490/92
usemtl c_506d54
f 238/495/23 239/496/23 240/497/23
f 240/497/23 239/496/23 241/498/23
f 242/499/85 239/496/85 243/500/85
f 243/500/85 239/496/85 238/501/85
f 239/499/86 242/496/86 241/502/86
f 241/502/86 242/496/86 244/498/86
f 242/495/20 243/496/20 244/497/20
f 244/497/20 243/496/20 245/498/20
f 245/499/87 240/496/87 244/500/87
f 244/500/87 240/496/87 241/501/87
f 243/499/88 238/496/88 245/502/88
f 245/502/88 238/496/88 240/498/88
f 246/503/23 247/504/23 248/505/23
f 248/505/23 247/504/23 223/506/23
f 249/507/76 247/504/76 250/508/76
f 250/508/76 247/504/76 246/509/76
f 247/507/77 249/504/77 223/510/77
f 223/510/77 249/504/77 226/506/77
f 249/503/20 250/504/20 226/505/20
f 226/505/20 250/504/20 251/506/20
f 251/507/81 248/504/81 226/508/81
f 226/508/81 248/504/81 223/509/81
f 250/507/84 246/504/84 251/510/84
f 251/510/84 246/504/84 248/506/84
f 252/511/23 253/512/23 254/513/23
f 254/513/23 253/512/23 255/514/23
f 256/515/89 253/512/89 257/516/89
f 257/516/89 253/512/89 252/517/89
f 253/515/90 256/512/90 255/518/90
f 255/518/90 256/512/90 258/514/90
f 256/511/20 257/512/20 258/513/20
f 258/513/20 257/512/20 259/514/20
f 259/515/91 254/512/91 258/516/91
f 258/516/91 254/512/91 255/517/91
f 257/515/92 252/512/92 259/518/92
f 259/518/92 252/512/92 254/514/92
usemtl c_a34b4b
f 260/519/1 261/520/1 262/521/1
f 261/520/1 263/522/1 262/521/1
f 260/519/1 262/521/1 264/523/1
f 264/523/1 262/521/1 263/522/1
f 265/524/2 266/525/2 267/526/2
f 267/526/2 266/525/2 268/527/2
f 269/528/2 265/524/2 267/526/2
f 268/527/2 269/528/2 267/526/2
f 264/529/93 270/530/93 260/531/93
f 271/532/93 260/531/93 270/530/93
f 272/533/94 268/534/94 266/535/94
f 273/536/94 268/534/94 272/533/94
f 273/536/95 269/537/95 268/534/95
f 269/537/95 273/536/95 274/538/95
f 271/532/96 261/539/96 260/531/96
f 261/539/96 271/532/96 275/540/96
f 272/533/8 267/541/8 266/535/8
f 276/542/8 267/541/8 272/533/8
f 276/542/8 269/537/8 267/541/8
f 269/537/8 276/542/8 274/538/8
f 277/543/8 275/540/8 261/539/8
f 277/543/8 261/539/8 262/544/8
f 277/543/8 262/544/8 270/530/8
f 270/530/8 262/544/8 264/529/8
f 278/545/11 276/546/11 272/547/11
f 276/546/11 273/548/11 272/547/11
f 278/545/11 274/549/11 276/546/11
f 274/549/11 273/548/11 276/546/11
f 275/550/10 271/551/10 277/552/10
f 271/551/10 270/553/10 277/552/10
f 275/550/10 277/552/10 279/554/10
f 279/554/10 277/552/10 270/553/10
f 278/555/97 266/556/97 265/557/97
f 272/529/97 266/556/97 278/555/97
f 264/533/98 263/558/98 279/559/98
f 270/560/98 264/533/98 279/559/98
f 269/561/99 274/562/99 265/557/99
f 265/557/99 274/562/99 278/555/99
f 261/563/100 275/564/100 263/558/100
f 275/564/100 279/559/100 263/558/100
f 266/556/18 276/565/18 272/529/18
f 266/556/18 267/566/18 276/565/18
f 267/566/18 274/562/18 276/565/18
f 267/566/18 269/561/18 274/562/18
f 262/567/18 261/563/18 275/564/18
f 275/564/18 277/568/18 262/567/18
f 277/568/18 264/533/18 262/567/18
f 264/533/18 277/568/18 270/560/18
f 280/569/101 281/570/101 282/571/101
f 281/570/101 280/569/101 283/572/101
f 280/569/101 284/573/101 283/572/101
f 284/573/101 280/569/101 282/574/101
f 285/575/101 286/576/101 287/577/101
f 287/577/101 286/576/101 288/578/101
f 289/579/101 285/575/101 287/577/101
f 287/577/101 288/578/101 289/579/101
f 290/580/102 291/581/102 292/582/102
f 293/583/102 291/581/102 290/580/102
f 294/584/102 292/582/102 291/581/102
f 294/584/102 291/581/102 293/583/102
f 295/585/102 292/582/102 294/584/102
f 295/585/102 294/584/102 293/583/102
f 295/585/102 296/586/102 292/582/102
f 295/585/102 293/583/102 296/586/102
f 297/587/102 298/588/102 299/589/102
f 298/588/102 300/590/102 299/589/102
f 301/591/102 300/590/102 298/588/102
f 298/588/102 297/587/102 301/591/102
f 281/592/103 280/593/103 302/594/103
f 303/595/103 281/592/103 302/594/103
f 302/594/103 280/593/103 304/596/103
f 280/593/103 284/597/103 304/596/103
f 305/598/103 285/599/103 287/600/103
f 306/601/103 285/599/103 305/598/103
f 305/598/103 287/600/103 307/602/103
f 307/602/103 287/600/103 288/603/103
f 308/604/104 293/605/104 309/606/104
f 310/607/104 293/605/104 308/604/104
f 311/608/104 308/604/104 309/606/104
f 309/606/104 293/605/104 291/609/104
f 291/609/104 311/608/104 309/606/104
f 311/608/104 291/609/104 292/610/104
f 312/611/105 285/612/105 289/613/105
f 306/614/105 285/612/105 312/611/105
f 313/615/106 293/616/106 290/617/106
f 310/618/106 293/616/106 313/615/106
f 296/619/107 310/618/107 314/620/107
f 310/618/107 296/619/107 293/616/107
f 286/621/108 306/614/108 315/622/108
f 306/614/108 286/621/108 285/612/108
f 309/623/90 316/624/90 294/625/90
f 309/623/90 294/625/90 291/626/90
f 313/615/92 290/617/92 290/617/92
f 317/627/104 298/628/104 298/628/104
f 303/629/109 282/630/109 281/631/109
f 282/630/109 303/629/109 318/632/109
f 297/633/110 319/634/110 320/635/110
f 319/634/110 297/633/110 299/636/110
f 321/637/111 299/636/111 300/638/111
f 299/636/111 321/637/111 319/634/111
f 322/639/112 281/631/112 283/640/112
f 303/629/112 281/631/112 322/639/112
f 293/616/102 290/617/102 290/617/102
f 297/633/102 298/628/102 298/628/102
f 297/633/90 317/627/90 320/635/90
f 317/627/90 297/633/90 298/628/90
f 321/637/90 298/628/90 300/638/90
f 317/627/90 298/628/90 321/637/90
f 302/641/90 282/642/90 280/643/90
f 282/642/90 302/641/90 318/632/90
f 302/641/90 280/643/90 322/639/90
f 322/639/90 280/643/90 283/640/90
f 320/644/113 319/645/113 317/646/113
f 317/646/113 319/645/113 321/647/113
f 317/646/113 323/648/113 320/644/113
f 323/648/113 317/646/113 321/647/113
f 311/649/113 308/650/113 313/651/113
f 308/650/113 310/652/113 313/651/113
f 314/653/113 310/652/113 308/650/113
f 314/653/113 308/650/113 311/649/113
f 315/654/114 306/655/114 305/656/114
f 305/656/114 306/655/114 312/657/114
f 307/658/114 315/654/114 305/656/114
f 307/658/114 305/656/114 312/657/114
f 318/659/114 303/660/114 302/661/114
f 318/659/114 302/661/114 304/662/114
f 302/661/114 322/663/114 304/662/114
f 303/664/114 322/663/114 302/661/114
f 304/665/115 284/666/115 318/667/115
f 284/666/115 282/668/115 318/667/115
f 301/669/116 320/670/116 323/671/116
f 297/672/116 320/670/116 301/669/116
f 292/673/117 314/674/117 311/675/117
f 296/676/117 314/674/117 292/673/117
f 286/677/118 315/678/118 288/679/118
f 288/679/118 315/678/118 307/680/118
f 292/673/119 308/681/119 311/675/119
f 291/682/119 308/681/119 292/673/119
f 291/682/119 310/683/119 308/681/119
f 293/684/119 310/683/119 291/682/119
f 287/685/120 305/686/120 288/679/120
f 288/679/120 305/686/120 307/680/120
f 287/685/120 306/687/120 305/686/120
f 306/687/120 287/685/120 285/688/120
f 304/665/120 284/666/120 302/689/120
f 280/690/120 302/689/120 284/666/120
f 302/689/120 280/690/120 303/691/120
f 281/692/120 303/691/120 280/690/120
f 300/693/121 323/694/121 321/695/121
f 300/693/121 301/696/121 323/694/121
f 283/697/122 304/698/122 322/699/122
f 283/697/122 284/700/122 304/698/122
f 320/701/92 317/702/92 324/703/92
f 324/703/92 317/702/92 300/693/92
f 300/693/92 317/702/92 321/695/92
f 324/703/92 300/693/92 298/704/92
f 298/704/92 320/701/92 324/703/92
f 298/704/92 297/705/92 320/701/92
f 302/706/92 280/707/92 318/708/92
f 280/707/92 282/709/92 318/708/92
f 283/697/92 280/707/92 302/706/92
f 283/697/92 302/706/92 322/699/92
f 289/710/123 307/711/123 312/712/123
f 289/710/123 288/713/123 307/711/123
f 290/714/124 311/715/124 313/716/124
f 311/715/124 290/714/124 292/717/124
f 316/718/92 291/719/92 294/720/92
f 291/719/92 316/718/92 309/721/92
f 325/722/125 326/723/125 327/724/125
f 325/722/125 328/725/125 326/723/125
f 325/722/125 327/724/125 329/726/125
f 329/726/125 327/724/125 330/727/125
f 325/722/125 329/726/125 328/725/125
f 330/727/125 328/725/125 329/726/125
f 328/725/125 331/728/125 326/723/125
f 330/727/125 331/728/125 328/725/125
f 332/729/126 332/730/126 333/731/126
f 332/729/126 333/731/126 334/732/126
f 333/731/126 335/733/126 334/732/126
f 336/734/126 332/729/126 334/732/126
f 332/729/126 336/734/126 332/730/126
f 334/732/126 337/735/126 336/734/126
f 337/735/126 334/732/126 335/736/126
f 337/735/126 335/733/126 338/737/126
f 335/733/126 333/731/126 338/737/126
f 337/735/126 338/737/126 336/734/126
f 334/738/127 339/739/127 340/740/127
f 341/741/128 342/742/128 343/743/128
f 344/744/127 345/745/127 340/740/127
f 346/746/127 347/747/127 344/744/127
f 341/741/128 343/743/128 348/748/128
f 341/741/128 348/748/128 349/749/128
f 343/743/128 350/750/128 348/748/128
f 350/750/128 325/751/128 329/752/128
f 348/748/128 350/750/128 329/752/128
f 349/749/128 348/748/128 351/753/128
f 352/754/128 341/741/128 349/749/128
f 339/739/127 334/738/127 335/755/127
f 346/746/127 339/739/127 353/756/127
f 339/739/127 344/744/127 340/740/127
f 344/744/127 339/739/127 346/746/127
f 354/757/129 326/758/129 355/759/129
f 355/759/129 326/758/129 331/760/129
f 356/761/130 332/762/130 357/763/130
f 357/763/130 332/762/130 336/764/130
f 333/765/131 356/761/131 358/766/131
f 356/761/131 333/765/131 332/762/131
f 327/767/132 354/757/132 359/768/132
f 354/757/132 327/767/132 326/758/132
f 347/769/133 347/769/133 356/761/133
f 345/770/134 347/769/134 347/769/134
f 360/771/135 329/772/135 361/773/135
f 360/771/135 348/774/135 329/772/135
f 329/772/135 328/775/135 361/773/135
f 360/771/135 362/776/135 348/774/135
f 335/777/135 363/778/135 339/779/135
f 363/778/135 335/777/135 337/780/135
f 363/778/135 364/781/135 339/779/135
f 340/782/136 345/770/136 345/770/136
f 345/770/136 347/769/136 345/770/136
f 365/783/135 341/784/135 352/785/135
f 366/786/135 344/787/135 347/769/135
f 358/788/133 356/789/133 366/790/133
f 366/790/133 367/791/133 358/788/133
f 366/790/133 356/789/133 347/792/133
f 366/790/133 347/792/133 346/793/133
f 367/791/133 346/793/133 357/794/133
f 346/793/133 347/792/133 368/795/133
f 347/792/133 356/789/133 368/795/133
f 367/791/133 366/790/133 346/793/133
f 357/794/133 346/793/133 368/795/133
f 368/795/133 356/789/133 357/794/133
f 365/796/137 354/797/137 352/798/137
f 354/797/137 355/799/137 352/798/137
f 359/800/137 354/797/137 365/796/137
f 359/800/137 365/796/137 369/801/137
f 352/798/137 355/799/137 349/802/137
f 365/796/137 352/803/137 349/802/137
f 355/799/137 369/801/137 349/802/137
f 369/801/137 365/796/137 349/802/137
f 333/804/138 358/805/138 338/806/138
f 338/806/138 358/805/138 367/807/138
f 327/808/139 359/809/139 330/810/139
f 330/810/139 359/809/139 369/811/139
f 345/812/136 353/813/136 364/814/136
f 364/814/136 340/815/136 345/812/136
f 342/816/140 351/817/140 370/818/140
f 343/819/140 342/816/140 370/818/140
f 362/820/140 329/747/140 343/819/140
f 343/819/140 329/747/140 325/821/140
f 370/818/140 351/817/140 362/820/140
f 362/820/140 343/819/140 370/818/140
f 353/813/136 347/752/136 346/822/136
f 345/812/136 347/752/136 353/813/136
f 364/814/136 353/813/136 339/823/136
f 364/814/136 335/824/136 340/815/136
f 340/815/136 335/824/136 334/825/136
f 351/817/140 352/826/140 349/827/140
f 342/816/140 352/826/140 351/817/140
f 351/817/140 348/828/140 362/820/140
f 343/819/140 325/821/140 350/829/140
f 331/763/141 369/830/141 355/831/141
f 331/763/141 330/832/141 369/830/141
f 336/833/142 367/834/142 357/760/142
f 367/834/142 336/833/142 338/835/142
f 365/836/134 342/837/134 341/838/134
f 345/839/134 366/840/134 347/772/134
f 366/840/134 345/839/134 344/841/134
f 337/842/134 364/843/134 363/844/134
f 328/845/134 329/769/134 360/846/134
f 329/769/134 362/847/134 360/846/134
f 360/846/134 361/848/134 328/845/134
f 337/842/134 335/849/134 364/843/134
f 342/837/134 365/836/134 352/850/134
o arm_L_Hand
usemtl c_506d54
f 371/851/59 372/852/59 373/853/59
f 372/852/59 371/851/59 374/854/59
f 375/855/23 376/856/23 377/857/23
f 378/858/23 375/855/23 377/857/23
f 376/856/23 379/859/23 377/857/23
f 377/857/23 379/859/23 380/860/23
f 378/858/23 381/861/23 375/855/23
f 378/858/23 382/862/23 381/861/23
f 383/863/60 384/864/60 385/865/60
f 383/863/60 385/865/60 386/866/60
f 386/866/60 385/865/60 387/867/60
f 375/868/61 381/869/61 388/870/61
f 389/871/61 375/868/61 388/870/61
f 386/872/62 387/873/62 390/874/62
f 391/875/62 390/874/62 387/873/62
f 390/874/62 391/875/62 392/876/62
f 382/877/63 378/878/63 372/879/63
f 382/877/63 372/879/63 393/880/63
f 372/879/63 374/881/63 393/880/63
f 393/880/63 394/882/63 382/877/63
f 375/883/64 389/884/64 376/885/64
f 395/886/64 376/885/64 389/884/64
f 373/887/65 378/883/65 377/888/65
f 378/883/65 373/887/65 372/889/65
f 377/888/65 396/890/65 373/887/65
f 383/891/66 390/892/66 392/893/66
f 392/893/66 384/894/66 383/891/66
f 384/894/66 392/893/66 397/895/66
f 398/896/67 397/897/67 391/898/67
f 391/898/67 397/897/67 392/899/67
f 383/900/20 395/901/20 389/902/20
f 390/903/20 383/900/20 389/902/20
f 399/904/20 395/901/20 383/900/20
f 386/905/20 399/904/20 383/900/20
f 390/903/20 389/902/20 388/906/20
f 386/905/20 390/903/20 388/906/20
f 386/905/20 388/906/20 399/904/20
f 380/907/68 394/908/68 393/909/68
f 393/909/68 377/910/68 380/907/68
f 400/911/68 396/912/68 393/909/68
f 393/909/68 396/912/68 377/910/68
f 371/913/69 373/914/69 396/915/69
f 371/913/69 396/915/69 400/916/69
f 385/917/70 384/918/70 397/919/70
f 385/917/70 397/919/70 398/920/70
f 379/921/71 376/922/71 395/923/71
f 399/924/71 379/921/71 395/923/71
f 398/925/72 387/926/72 385/927/72
f 387/926/72 398/925/72 391/928/72
f 400/929/73 374/930/73 371/931/73
f 374/930/73 400/929/73 393/932/73
f 380/933/74 379/934/74 399/935/74
f 380/933/74 399/935/74 394/936/74
f 388/937/74 381/938/74 399/935/74
f 399/935/74 381/938/74 394/936/74
f 381/938/74 382/939/74 394/936/74
f 401/940/23 402/941/23 403/942/23
f 403/942/23 402/941/23 404/943/23
f 405/944/76 402/941/76 406/945/76
f 406/945/76 402/941/76 401/946/76
f 402/944/77 405/941/77 404/947/77
f 404/947/77 405/941/77 407/943/77
f 405/940/20 406/941/20 407/942/20
f 407/942/20 406/941/20 408/943/20
f 408/944/81 403/941/81 407/945/81
f 407/945/81 403/941/81 404/946/81
f 406/944/84 401/941/84 408/947/84
f 408/947/84 401/941/84 403/943/84
usemtl c_5a4c42
f 409/948/59 410/949/59 411/950/59
f 411/950/59 410/949/59 412/951/59
f 413/952/23 414/953/23 415/954/23
f 416/955/23 414/953/23 413/952/23
f 417/956/75 418/957/75 419/958/75
f 419/958/75 418/957/75 420/959/75
f 421/960/76 418/961/76 417/962/76
f 422/963/76 418/961/76 421/960/76
f 423/964/76 414/965/76 416/966/76
f 424/967/76 414/965/76 423/964/76
f 425/968/76 410/969/76 426/970/76
f 426/970/76 410/969/76 409/971/76
f 414/972/77 424/953/77 415/973/77
f 415/973/77 424/953/77 427/954/77
f 420/974/78 422/975/78 428/976/78
f 418/977/78 422/975/78 420/974/78
f 410/978/79 425/979/79 412/980/79
f 412/980/79 425/979/79 429/981/79
f 422/955/80 421/982/80 428/952/80
f 428/952/80 421/982/80 430/983/80
f 427/984/20 423/985/20 431/986/20
f 424/987/20 423/985/20 427/984/20
f 425/988/68 426/989/68 429/990/68
f 429/990/68 426/989/68 432/991/68
f 428/992/81 419/993/81 420/994/81
f 430/995/81 419/993/81 428/992/81
f 427/996/81 413/997/81 415/998/81
f 431/999/81 413/997/81 427/996/81
f 432/1000/81 411/1001/81 429/1002/81
f 429/1002/81 411/1001/81 412/1003/81
f 426/1004/82 409/1005/82 432/1006/82
f 432/1006/82 409/1005/82 411/1007/82
f 421/1008/83 417/1009/83 430/1010/83
f 430/1010/83 417/1009/83 419/1011/83
f 431/984/84 416/1012/84 413/1013/84
f 423/987/84 416/1012/84 431/984/84
o arm_R_Hand
usemtl c_5a4c42
f 433/1014/59 434/1015/59 435/1016/59
f 436/1017/59 434/1015/59 433/1014/59
f 437/1018/23 438/1019/23 439/1020/23
f 440/1021/23 438/1019/23 437/1018/23
f 441/1022/75 442/1023/75 443/1024/75
f 444/1025/75 442/1023/75 441/1022/75
f 445/1026/76 434/1027/76 436/1028/76
f 446/1029/76 434/1027/76 445/1026/76
f 447/1030/76 438/1031/76 440/1032/76
f 448/1033/76 438/1031/76 447/1030/76
f 449/1034/76 442/1035/76 450/1036/76
f 450/1036/76 442/1035/76 444/1037/76
f 438/1038/77 448/1019/77 439/1039/77
f 439/1039/77 448/1019/77 451/1020/77
f 443/1040/78 449/1041/78 452/1042/78
f 442/1043/78 449/1041/78 443/1040/78
f 435/1044/79 446/1045/79 453/1046/79
f 434/1047/79 446/1045/79 435/1044/79
f 452/1048/80 450/1049/80 454/1050/80
f 449/1021/80 450/1049/80 452/1048/80
f 451/1051/20 447/1052/20 455/1053/20
f 448/1054/20 447/1052/20 451/1051/20
f 453/1055/68 445/1056/68 456/1057/68
f 446/1058/68 445/1056/68 453/1055/68
f 451/1059/81 437/1060/81 439/1061/81
f 455/1062/81 437/1060/81 451/1059/81
f 452/1063/81 441/1064/81 443/1065/81
f 454/1066/81 441/1064/81 452/1063/81
f 453/1067/81 433/1068/81 435/1069/81
f 456/1070/81 433/1068/81 453/1067/81
f 456/1071/82 436/1072/82 433/1073/82
f 445/1074/82 436/1072/82 456/1071/82
f 454/1075/83 444/1076/83 441/1077/83
f 450/1078/83 444/1076/83 454/1075/83
f 455/1079/84 440/1080/84 437/1081/84
f 447/1054/84 440/1080/84 455/1079/84
usemtl c_506d54
f 457/1082/59 458/1083/59 459/1084/59
f 458/1083/59 457/1082/59 460/1085/59
f 461/1086/23 462/1087/23 463/1088/23
f 463/1088/23 462/1087/23 464/1089/23
f 465/1090/23 461/1086/23 463/1088/23
f 466/1091/23 465/1090/23 463/1088/23
f 466/1091/23 467/1092/23 465/1090/23
f 466/1091/23 468/1093/23 467/1092/23
f 469/1094/60 470/1095/60 471/1096/60
f 469/1094/60 471/1096/60 472/1097/60
f 472/1097/60 471/1096/60 473/1098/60
f 465/1099/61 467/1100/61 474/1101/61
f 475/1102/61 465/1099/61 474/1101/61
f 476/1103/62 477/1104/62 473/1105/62
f 477/1104/62 476/1103/62 478/1106/62
f 472/1107/62 473/1105/62 477/1104/62
f 457/1108/63 459/1109/63 479/1110/63
f 468/1111/63 457/1108/63 479/1110/63
f 468/1111/63 466/1112/63 457/1108/63
f 479/1110/63 480/1113/63 468/1111/63
f 465/1114/64 475/1115/64 461/1116/64
f 481/1117/64 461/1116/64 475/1115/64
f 460/1118/65 466/1114/65 463/1119/65
f 466/1114/65 460/1118/65 457/1120/65
f 463/1119/65 482/1121/65 460/1118/65
f 470/1122/66 478/1123/66 483/1124/66
f 478/1123/66 470/1122/66 469/1125/66
f 469/1125/66 477/1126/66 478/1123/66
f 476/1127/67 483/1128/67 478/1129/67
f 484/1130/67 483/1128/67 476/1127/67
f 472/1131/20 474/1132/20 485/1133/20
f 472/1131/20 477/1134/20 474/1132/20
f 472/1131/20 485/1133/20 469/1135/20
f 485/1133/20 481/1136/20 469/1135/20
f 477/1134/20 469/1135/20 475/1137/20
f 477/1134/20 475/1137/20 474/1132/20
f 469/1135/20 481/1136/20 475/1137/20
f 464/1138/68 480/1139/68 479/1140/68
f 479/1140/68 463/1141/68 464/1138/68
f 479/1140/68 482/1142/68 463/1141/68
f 486/1143/68 482/1142/68 479/1140/68
f 458/1144/69 460/1145/69 482/1146/69
f 458/1144/69 482/1146/69 486/1147/69
f 471/1148/70 483/1149/70 484/1150/70
f 471/1148/70 470/1151/70 483/1149/70
f 462/1152/71 461/1153/71 481/1154/71
f 485/1155/71 462/1152/71 481/1154/71
f 473/1156/72 484/1157/72 476/1158/72
f 484/1157/72 473/1156/72 471/1159/72
f 459/1160/73 486/1161/73 479/1162/73
f 486/1161/73 459/1160/73 458/1163/73
f 474/1164/74 467/1165/74 485/1166/74
f 485/1166/74 467/1165/74 480/1167/74
f 467/1165/74 468/1168/74 480/1167/74
f 464/1169/74 485/1166/74 480/1167/74
f 464/1169/74 462/1170/74 485/1166/74
f 487/1171/23 488/1172/23 489/1173/23
f 489/1173/23 488/1172/23 490/1174/23
f 491/1175/76 488/1172/76 492/1176/76
f 492/1176/76 488/1172/76 487/1177/76
f 488/1175/77 491/1172/77 490/1178/77
f 490/1178/77 491/1172/77 493/1174/77
f 491/1171/20 492/1172/20 493/1173/20
f 493/1173/20 492/1172/20 494/1174/20
f 494/1175/81 489/1172/81 493/1176/81
f 493/1176/81 489/1172/81 490/1177/81
f 492/1175/84 487/1172/84 494/1178/84
f 494/1178/84 487/1172/84 489/1174/84
o leg_R_hand
usemtl c_5a4c42
f 495/1179/59 496/1180/59 497/1181/59
f 496/1180/59 495/1179/59 498/1182/59
f 499/1183/23 500/1184/23 501/1185/23
f 500/1184/23 502/1186/23 501/1185/23
f 501/1185/23 502/1186/23 503/1187/23
f 504/1188/23 499/1183/23 501/1185/23
f 504/1188/23 505/1189/23 499/1183/23
f 504/1188/23 506/1190/23 505/1189/23
f 507/1191/60 508/1192/60 509/1193/60
f 507/1191/60 509/1193/60 510/1194/60
f 510/1194/60 509/1193/60 511/1195/60
f 499/1196/61 505/1197/61 512/1198/61
f 513/1199/61 499/1196/61 512/1198/61
f 510/1200/62 511/1201/62 514/1202/62
f 515/1203/62 514/1202/62 511/1201/62
f 514/1202/62 515/1203/62 516/1204/62
f 506/1205/63 504/1206/63 496/1207/63
f 506/1205/63 496/1207/63 517/1208/63
f 496/1207/63 498/1209/63 517/1208/63
f 517/1208/63 518/1210/63 506/1205/63
f 499/1211/64 513/1212/64 500/1213/64
f 519/1214/64 500/1213/64 513/1212/64
f 497/1215/65 504/1211/65 501/1216/65
f 504/1211/65 497/1215/65 496/1217/65
f 501/1216/65 520/1218/65 497/1215/65
f 507/1219/66 514/1220/66 516/1221/66
f 516/1221/66 508/1222/66 507/1219/66
f 508/1222/66 516/1221/66 521/1223/66
f 522/1224/67 521/1225/67 515/1226/67
f 515/1226/67 521/1225/67 516/1227/67
f 507/1228/20 519/1229/20 513/1230/20
f 523/1231/20 519/1229/20 507/1228/20
f 514/1232/20 507/1228/20 513/1230/20
f 510/1233/20 523/1231/20 507/1228/20
f 510/1233/20 514/1232/20 512/1234/20
f 514/1232/20 513/1230/20 512/1234/20
f 510/1233/20 512/1234/20 523/1231/20
f 503/1235/68 518/1236/68 517/1237/68
f 517/1237/68 501/1238/68 503/1235/68
f 524/1239/68 520/1240/68 517/1237/68
f 517/1237/68 520/1240/68 501/1238/68
f 495/1241/69 497/1242/69 520/1243/69
f 495/1241/69 520/1243/69 524/1244/69
f 509/1245/70 508/1246/70 521/1247/70
f 509/1245/70 521/1247/70 522/1248/70
f 502/1249/71 500/1250/71 519/1251/71
f 523/1252/71 502/1249/71 519/1251/71
f 522/1253/72 511/1254/72 509/1255/72
f 511/1254/72 522/1253/72 515/1256/72
f 524/1257/73 498/1258/73 495/1259/73
f 498/1258/73 524/1257/73 517/1260/73
f 503/1261/74 502/1262/74 523/1263/74
f 503/1261/74 523/1263/74 518/1264/74
f 512/1265/74 505/1266/74 523/1263/74
f 523/1263/74 505/1266/74 518/1264/74
f 505/1266/74 506/1267/74 518/1264/74
f 525/1268/59 526/1269/59 527/1270/59
f 528/1271/59 526/1269/59 525/1268/59
f 529/1272/23 530/1273/23 531/1274/23
f 532/1275/23 530/1273/23 529/1272/23
f 533/1276/75 534/1277/75 535/1278/75
f 536/1279/75 534/1277/75 533/1276/75
f 537/1280/76 526/1281/76 528/1282/76
f 538/1283/76 526/1281/76 537/1280/76
f 539/1284/76 530/1285/76 532/1286/76
f 540/1287/76 530/1285/76 539/1284/76
f 541/1288/76 534/1289/76 542/1290/76
f 542/1290/76 534/1289/76 536/1291/76
f 530/1292/77 540/1293/77 531/1294/77
f 531/1294/77 540/1293/77 543/1295/77
f 535/1296/78 541/1297/78 544/1298/78
f 534/1299/78 541/1297/78 535/1296/78
f 527/1300/79 538/1301/79 545/1302/79
f 526/1303/79 538/1301/79 527/1300/79
f 544/1272/80 542/1304/80 546/1305/80
f 541/1275/80 542/1304/80 544/1272/80
f 543/1306/20 539/1307/20 547/1308/20
f 540/1309/20 539/1307/20 543/1306/20
f 545/1310/68 537/1311/68 548/1312/68
f 538/1313/68 537/1311/68 545/1310/68
f 545/1314/81 525/1315/81 527/1316/81
f 548/1317/81 525/1315/81 545/1314/81
f 543/1318/81 529/1319/81 531/1320/81
f 547/1321/81 529/1319/81 543/1318/81
f 544/1322/81 533/1323/81 535/1324/81
f 546/1325/81 533/1323/81 544/1322/81
f 548/1326/82 528/1327/82 525/1328/82
f 537/1329/82 528/1327/82 548/1326/82
f 546/1330/83 536/1331/83 533/1332/83
f 542/1333/83 536/1331/83 546/1330/83
f 547/1334/84 532/1335/84 529/1336/84
f 539/1337/84 532/1335/84 547/1334/84
usemtl c_506d54
f 549/1338/23 550/1339/23 551/1340/23
f 551/1340/23 550/1339/23 552/1341/23
f 553/1342/76 550/1339/76 554/1343/76
f 554/1343/76 550/1339/76 549/1344/76
f 550/1342/77 553/1339/77 552/1345/77
f 552/1345/77 553/1339/77 555/1341/77
f 553/1338/20 554/1339/20 555/1340/20
f 555/1340/20 554/1339/20 556/1341/20
f 556/1342/81 551/1339/81 555/1343/81
f 555/1343/81 551/1339/81 552/1344/81
f 554/1342/84 549/1339/84 556/1345/84
f 556/1345/84 549/1339/84 551/1341/84
o neck
usemtl c_dcbc81
f 557/474/23 558/128/23 559/1346/23
f 559/1346/23 558/128/23 560/1347/23
f 561/1348/143 558/128/143 562/1349/143
f 562/1349/143 558/128/143 557/479/143
f 558/1348/144 561/128/144 560/1350/144
f 560/1350/144 561/128/144 563/1347/144
f 561/474/20 562/128/20 563/1346/20
f 563/1346/20 562/128/20 564/1347/20
f 564/1348/145 559/128/145 563/1349/145
f 563/1349/145 559/128/145 560/479/145
f 562/1348/146 557/128/146 564/1350/146
f 564/1350/146 557/128/146 559/1347/146
usemtl c_a34b4b
f 565/1351/147 566/1352/147 567/1353/147
f 568/1354/147 565/1351/147 567/1353/147
f 569/1355/147 565/1351/147 568/1354/147
f 565/1351/147 569/1355/147 566/1352/147
f 570/1356/148 571/1357/148 572/1358/148
f 571/1357/148 573/1359/148 572/1358/148
f 571/1357/148 570/1356/148 574/1360/148
f 574/1360/148 573/1359/148 571/1357/148
f 575/1361/149 571/1362/149 576/1363/149
f 577/1364/149 576/1363/149 571/1362/149
f 566/1365/150 565/1366/150 578/1367/150
f 579/1368/150 566/1365/150 578/1367/150
f 578/1367/150 565/1366/150 580/1369/150
f 565/1366/150 568/1370/150 580/1369/150
f 581/1371/151 574/1372/151 582/1373/151
f 582/1373/151 574/1372/151 570/1374/151
f 566/1375/152 583/1376/152 579/1377/152
f 566/1375/152 569/1378/152 583/1376/152
f 579/1377/153 584/1379/153 567/1380/153
f 579/1377/153 567/1380/153 566/1375/153
f 581/1371/154 585/1381/154 573/1382/154
f 581/1371/154 573/1382/154 574/1372/154
f 586/1352/155 575/1351/155 582/1355/155
f 575/1351/155 581/1354/155 582/1355/155
f 585/1353/155 575/1351/155 586/1352/155
f 585/1353/155 581/1354/155 575/1351/155
f 584/1359/156 579/1358/156 578/1357/156
f 584/1359/156 578/1357/156 580/1360/156
f 578/1357/156 583/1383/156 580/1360/156
f 579/1358/156 583/1383/156 578/1357/156
f 565/1361/157 578/1362/157 568/1384/157
f 568/1384/157 578/1362/157 580/1385/157
f 565/1361/157 579/1386/157 578/1362/157
f 579/1386/157 565/1361/157 566/1387/157
f 571/1367/158 575/1366/158 577/1388/158
f 576/1389/158 577/1388/158 575/1366/158
f 582/1378/159 570/1390/159 586/1375/159
f 570/1390/159 572/1377/159 586/1375/159
f 569/1373/160 568/1371/160 580/1372/160
f 569/1373/160 580/1372/160 583/1391/160
f 567/1381/161 584/1382/161 568/1371/161
f 580/1372/161 568/1371/161 584/1382/161
f 585/1380/162 572/1377/162 573/1379/162
f 572/1377/162 585/1380/162 586/1375/162
usemtl c_506d54
f 587/1392/23 588/1393/23 589/1394/23
f 589/1394/23 588/1393/23 590/1395/23
f 591/1396/143 588/1393/143 592/1397/143
f 592/1397/143 588/1393/143 587/1398/143
f 588/1396/144 591/1393/144 590/1399/144
f 590/1399/144 591/1393/144 593/1395/144
f 591/1392/20 592/1393/20 593/1394/20
f 593/1394/20 592/1393/20 594/1395/20
f 594/1396/145 589/1393/145 593/1397/145
f 593/1397/145 589/1393/145 590/1398/145
f 592/1396/146 587/1393/146 594/1399/146
f 594/1399/146 587/1393/146 589/1395/146
o neck1
usemtl c_a34b4b
f 595/1400/147 596/1401/147 597/1402/147
f 595/1400/147 598/1403/147 596/1401/147
f 596/1401/147 599/1404/147 597/1402/147
f 596/1401/147 598/1403/147 599/1404/147
f 600/1405/147 597/1402/147 599/1404/147
f 595/1400/147 597/1402/147 600/1405/147
f 601/1406/148 602/1407/148 603/1403/148
f 603/1403/148 604/1404/148 601/1406/148
f 602/1407/148 605/1400/148 603/1403/148
f 605/1400/148 602/1407/148 606/1402/148
f 607/1408/148 606/1402/148 602/1407/148
f 607/1408/148 604/1404/148 606/1402/148
f 601/1406/148 604/1404/148 608/1409/148
f 608/1409/148 604/1404/148 607/1408/148
f 609/1405/148 606/1402/148 604/1404/148
f 605/1400/148 606/1402/148 609/1405/148
f 610/1410/150 595/1411/150 597/1412/150
f 595/1411/150 610/1410/150 611/1413/150
f 612/1414/150 595/1411/150 611/1413/150
f 610/1410/150 613/1415/150 611/1413/150
f 610/1410/150 597/1412/150 613/1415/150
f 613/1415/150 597/1412/150 599/1416/150
f 614/1417/149 605/1418/149 615/1419/149
f 605/1418/149 616/1420/149 615/1419/149
f 605/1418/149 606/1421/149 616/1420/149
f 616/1420/149 606/1421/149 617/1422/149
f 604/1423/149 617/1422/149 606/1421/149
f 617/1422/149 618/1424/149 616/1420/149
f 619/1425/163 595/1424/163 600/1426/163
f 612/1427/163 595/1424/163 619/1425/163
f 614/1428/164 605/1413/164 620/1429/164
f 620/1429/164 605/1413/164 609/1430/164
f 614/1431/165 603/1432/165 605/1413/165
f 603/1432/165 614/1431/165 621/1433/165
f 602/1434/166 601/1435/166 612/1427/166
f 612/1427/166 598/1436/166 595/1424/166
f 598/1436/166 612/1427/166 601/1435/166
f 610/1437/77 622/1438/77 623/1439/77
f 596/1440/77 597/1424/77 610/1437/77
f 596/1440/77 610/1437/77 623/1439/77
f 596/1440/77 623/1439/77 624/1441/77
f 625/1442/77 624/1441/77 601/1435/77
f 625/1442/77 596/1440/77 624/1441/77
f 621/1443/155 615/1444/155 618/1445/155
f 621/1443/155 614/1446/155 615/1444/155
f 621/1443/155 618/1445/155 617/1447/155
f 617/1447/155 618/1445/155 620/1448/155
f 618/1445/155 615/1444/155 620/1448/155
f 615/1444/155 614/1449/155 620/1448/155
f 612/1450/156 607/1408/156 602/1451/156
f 607/1408/156 612/1450/156 611/1452/156
f 608/1453/156 607/1408/156 611/1452/156
f 611/1452/156 613/1454/156 608/1453/156
f 611/1452/156 619/1455/156 613/1454/156
f 612/1450/156 619/1455/156 611/1452/156
f 604/1415/158 616/1456/158 618/1412/158
f 604/1415/158 618/1412/158 617/1416/158
f 606/1413/158 616/1456/158 604/1415/158
f 606/1413/158 614/1411/158 616/1456/158
f 605/1414/158 614/1411/158 606/1413/158
f 616/1456/158 614/1411/158 615/1457/158
f 613/1423/157 599/1422/157 611/1421/157
f 597/1424/157 611/1421/157 599/1422/157
f 597/1424/157 612/1418/157 611/1421/157
f 595/1417/157 612/1418/157 597/1424/157
f 619/1458/167 600/1459/167 613/1460/167
f 600/1459/167 599/1412/167 613/1460/167
f 604/1421/168 617/1461/168 609/1462/168
f 620/1463/168 609/1462/168 617/1461/168
f 604/1421/169 621/1464/169 617/1461/169
f 604/1421/169 603/1465/169 621/1464/169
f 608/1466/170 613/1460/170 599/1412/170
f 599/1412/170 598/1467/170 601/1468/170
f 599/1412/170 601/1468/170 608/1466/170
f 610/1469/84 597/1412/84 622/1470/84
f 597/1412/84 623/1471/84 622/1470/84
f 596/1472/84 601/1468/84 597/1412/84
f 623/1471/84 597/1412/84 601/1468/84
f 596/1472/84 625/1473/84 601/1468/84
f 601/1468/84 624/1474/84 623/1471/84
usemtl c_dcbc81
f 626/1475/23 627/128/23 628/1476/23
f 628/1476/23 627/128/23 629/1477/23
f 630/1478/171 627/128/171 631/1479/171
f 631/1479/171 627/128/171 626/1480/171
f 627/1478/172 630/128/172 629/1481/172
f 629/1481/172 630/128/172 632/1477/172
f 630/1475/20 631/128/20 632/1476/20
f 632/1476/20 631/128/20 633/1477/20
f 633/1478/173 628/128/173 632/1479/173
f 632/1479/173 628/128/173 629/1480/173
f 631/1478/174 626/128/174 633/1481/174
f 633/1481/174 626/128/174 628/1477/174
usemtl c_506d54
f 634/1482/23 635/1483/23 636/1484/23
f 636/1484/23 635/1483/23 637/1485/23
f 638/1486/143 635/1483/143 639/1487/143
f 639/1487/143 635/1483/143 634/1488/143
f 635/1486/144 638/1483/144 637/1489/144
f 637/1489/144 638/1483/144 640/1485/144
f 638/1482/20 639/1483/20 640/1484/20
f 640/1484/20 639/1483/20 641/1485/20
f 641/1486/145 636/1483/145 640/1487/145
f 640/1487/145 636/1483/145 637/1488/145
f 639/1486/146 634/1483/146 641/1489/146
f 641/1489/146 634/1483/146 636/1485/146
o head
usemtl c_6c584b
f 642/1490/23 642/1490/23 643/1491/23
f 643/1491/23 642/1490/23 644/1492/23
f 642/1493/77 645/1490/77 644/1494/77
f 644/1494/77 645/1490/77 646/1492/77
f 645/1495/20 645/1495/20 646/1491/20
f 646/1491/20 645/1495/20 647/1492/20
f 647/1493/81 643/1490/81 646/1496/81
f 646/1496/81 643/1490/81 644/1497/81
f 645/1493/175 642/1490/175 647/1498/175
f 647/1498/175 642/1490/175 643/1499/175
usemtl c_506d54
f 648/128/23 648/128/23 649/1500/23
f 649/1500/23 648/128/23 650/1501/23
f 648/1502/77 651/128/77 650/1503/77
f 650/1503/77 651/128/77 652/1501/77
f 651/1504/20 651/1504/20 652/1500/20
f 652/1500/20 651/1504/20 653/1501/20
f 653/1502/81 649/128/81 652/1505/81
f 652/1505/81 649/128/81 650/1506/81
f 651/1502/176 648/128/176 653/1507/176
f 653/1507/176 648/128/176 649/1508/176
f 654/1509/23 655/1510/23 656/1511/23
f 656/1511/23 655/1510/23 657/1512/23
f 658/1513/177 655/1510/177 659/1514/177
f 659/1514/177 655/1510/177 654/1515/177
f 655/1513/178 658/1510/178 657/1516/178
f 657/1516/178 658/1510/178 660/1512/178
f 658/1509/20 659/1510/20 660/1511/20
f 660/1511/20 659/1510/20 661/1512/20
f 661/1513/179 656/1510/179 660/1514/179
f 660/1514/179 656/1510/179 657/1515/179
f 659/1513/180 654/1510/180 661/1516/180
f 661/1516/180 654/1510/180 656/1512/180
f 662/1517/23 663/1518/23 664/1519/23
f 664/1519/23 663/1518/23 665/1520/23
f 666/1521/76 663/1518/76 667/1522/76
f 667/1522/76 663/1518/76 662/1523/76
f 663/1521/77 666/1518/77 665/1524/77
f 665/1524/77 666/1518/77 668/1520/77
f 666/1517/20 667/1518/20 668/1519/20
f 668/1519/20 667/1518/20 669/1520/20
f 669/1521/81 664/1518/81 668/1522/81
f 668/1522/81 664/1518/81 665/1523/81
f 667/1521/84 662/1518/84 669/1524/84
f 669/1524/84 662/1518/84 664/1520/84
usemtl c_111111
f 670/1525/77 671/1526/77 672/1527/77
f 672/1527/77 671/1526/77 673/1528/77
f 674/1529/76 671/1526/76 675/1530/76
f 675/1530/76 671/1526/76 670/1531/76
f 671/1529/20 674/1526/20 673/1532/20
f 673/1532/20 674/1526/20 676/1528/20
f 674/1525/84 675/1526/84 676/1527/84
f 676/1527/84 675/1526/84 677/1528/84
f 677/1529/81 672/1526/81 676/1530/81
f 676/1530/81 672/1526/81 673/1531/81
f 675/1529/23 670/1526/23 677/1532/23
f 677/1532/23 670/1526/23 672/1528/23
f 678/1533/77 679/1534/77 677/1535/77
f 677/1535/77 679/1534/77 676/1536/77
f 680/1537/76 679/1534/76 681/1538/76
f 681/1538/76 679/1534/76 678/1539/76
f 679/1537/20 680/1534/20 676/1540/20
f 676/1540/20 680/1534/20 682/1536/20
f 680/1533/84 681/1534/84 682/1535/84
f 682/1535/84 681/1534/84 683/1536/84
f 683/1537/81 677/1534/81 682/1538/81
f 682/1538/81 677/1534/81 676/1539/81
f 681/1537/23 678/1534/23 683/1540/23
f 683/1540/23 678/1534/23 677/1536/23
f 684/1541/77 685/1542/77 686/1543/77
f 686/1543/77 685/1542/77 687/1544/77
f 688/1545/76 685/1542/76 689/1546/76
f 689/1546/76 685/1542/76 684/1547/76
f 685/1545/20 688/1542/20 687/1548/20
f 687/1548/20 688/1542/20 690/1544/20
f 688/1541/84 689/1542/84 690/1543/84
f 690/1543/84 689/1542/84 691/1544/84
f 691/1545/81 686/1542/81 690/1546/81
f 690/1546/81 686/1542/81 687/1547/81
f 689/1545/23 684/1542/23 691/1548/23
f 691/1548/23 684/1542/23 686/1544/23
f 692/1549/77 693/1550/77 694/1551/77
f 694/1551/77 693/1550/77 695/1552/77
f 696/1553/76 693/1550/76 697/1554/76
f 697/1554/76 693/1550/76 692/1555/76
f 693/1553/20 696/1550/20 695/1556/20
f 695/1556/20 696/1550/20 687/1552/20
f 696/1549/84 697/1550/84 687/1551/84
f 687/1551/84 697/1550/84 686/1552/84
f 686/1553/81 694/1550/81 687/1554/81
f 687/1554/81 694/1550/81 695/1555/81
f 697/1553/23 692/1550/23 686/1556/23
f 686/1556/23 692/1550/23 694/1552/23
usemtl c_f8f8f8
f 698/1557/77 699/1558/77 678/1559/77
f 678/1559/77 699/1558/77 679/1560/77
f 700/1561/76 699/1558/76 701/1562/76
f 701/1562/76 699/1558/76 698/1563/76
f 699/1561/20 700/1558/20 679/1564/20
f 679/1564/20 700/1558/20 680/1560/20
f 700/1557/84 701/1558/84 680/1559/84
f 680/1559/84 701/1558/84 681/1560/84
f 681/1561/81 678/1558/81 680/1562/81
f 680/1562/81 678/1558/81 679/1563/81
f 701/1561/23 698/1558/23 681/1564/23
f 681/1564/23 698/1558/23 678/1560/23
f 697/1565/77 696/1566/77 684/1567/77
f 684/1567/77 696/1566/77 685/1568/77
f 702/1569/76 696/1566/76 703/1570/76
f 703/1570/76 696/1566/76 697/1571/76
f 696/1569/20 702/1566/20 685/1572/20
f 685/1572/20 702/1566/20 688/1568/20
f 702/1565/84 703/1566/84 688/1567/84
f 688/1567/84 703/1566/84 689/1568/84
f 689/1569/81 684/1566/81 688/1570/81
f 688/1570/81 684/1566/81 685/1571/81
f 703/1569/23 697/1566/23 689/1572/23
f 689/1572/23 697/1566/23 684/1568/23
usemtl c_1b2a35
f 704/1573/20 705/1574/20 706/1575/20
f 706/1575/20 705/1574/20 707/1576/20
f 708/1577/181 705/1574/181 709/1578/181
f 709/1578/181 705/1574/181 704/1579/181
f 705/1577/182 708/1574/182 707/1580/182
f 707/1580/182 708/1574/182 710/1576/182
f 708/1573/23 709/1574/23 710/1575/23
f 710/1575/23 709/1574/23 711/1576/23
f 711/1577/183 706/1574/183 710/1578/183
f 710/1578/183 706/1574/183 707/1579/183
f 709/1577/184 704/1574/184 711/1580/184
f 711/1580/184 704/1574/184 706/1576/184
f 712/1581/20 713/1582/20 714/1583/20
f 714/1583/20 713/1582/20 715/1584/20
f 716/1585/181 713/1582/181 717/1586/181
f 717/1586/181 713/1582/181 712/1587/181
f 713/1585/182 716/1582/182 715/1588/182
f 715/1588/182 716/1582/182 718/1584/182
f 716/1581/23 717/1582/23 718/1583/23
f 718/1583/23 717/1582/23 719/1584/23
f 719/1585/183 714/1582/183 718/1586/183
f 718/1586/183 714/1582/183 715/1587/183
f 717/1585/184 712/1582/184 719/1588/184
f 719/1588/184 712/1582/184 714/1584/184
o mouth
usemtl c_6c584b
f 720/1589/23 721/1590/23 722/1591/23
f 722/1591/23 721/1590/23 723/1592/23
f 724/1593/76 721/1590/76 647/1594/76
f 647/1594/76 721/1590/76 720/1595/76
f 721/1593/77 724/1590/77 723/1596/77
f 723/1596/77 724/1590/77 725/1592/77
f 724/1589/20 647/1590/20 725/1591/20
f 725/1591/20 647/1590/20 726/1592/20
f 726/1593/81 722/1590/81 725/1594/81
f 725/1594/81 722/1590/81 723/1595/81
f 647/1593/84 720/1590/84 726/1596/84
f 726/1596/84 720/1590/84 722/1592/84
usemtl c_425a45
f 727/1597/23 728/1598/23 729/1599/23
f 729/1599/23 728/1598/23 730/1600/23
f 731/1601/76 728/1598/76 732/1602/76
f 732/1602/76 728/1598/76 727/1603/76
f 728/1601/77 731/1598/77 730/1604/77
f 730/1604/77 731/1598/77 733/1600/77
f 731/1597/20 732/1598/20 733/1599/20
f 733/1599/20 732/1598/20 734/1600/20
f 734/1601/81 729/1598/81 733/1602/81
f 733/1602/81 729/1598/81 730/1603/81
f 732/1601/84 727/1598/84 734/1604/84
f 734/1604/84 727/1598/84 729/1600/84
o arm_L_lower
usemtl c_506d54
f 735/1605/23 736/1606/23 737/1607/23
f 737/1607/23 736/1606/23 738/1608/23
f 739/1609/185 736/1606/185 740/1610/185
f 740/1610/185 736/1606/185 735/1611/185
f 736/1609/186 739/1606/186 738/1612/186
f 738/1612/186 739/1606/186 741/1608/186
f 739/1605/20 740/1606/20 741/1607/20
f 741/1607/20 740/1606/20 742/1608/20
f 742/1609/187 737/1606/187 741/1610/187
f 741/1610/187 737/1606/187 738/1611/187
f 740/1609/188 735/1606/188 742/1612/188
f 742/1612/188 735/1606/188 737/1608/188
o arm_L
usemtl c_506d54
f 743/1613/23 744/1614/23 745/1615/23
f 745/1615/23 744/1614/23 746/1616/23
f 747/1617/189 744/1614/189 748/1618/189
f 748/1618/189 744/1614/189 743/1619/189
f 744/1617/190 747/1614/190 746/1620/190
f 746/1620/190 747/1614/190 749/1616/190
f 747/1613/20 748/1614/20 749/1615/20
f 749/1615/20 748/1614/20 750/1616/20
f 750/1617/191 745/1614/191 749/1618/191
f 749/1618/191 745/1614/191 746/1619/191
f 748/1617/192 743/1614/192 750/1620/192
f 750/1620/192 743/1614/192 745/1616/192
o leg_R_lower
usemtl c_506d54
f 751/1621/23 752/1622/23 753/1623/23
f 753/1623/23 752/1622/23 754/1624/23
f 755/1625/193 752/1622/193 756/1626/193
f 756/1626/193 752/1622/193 751/1627/193
f 752/1625/194 755/1622/194 754/1628/194
f 754/1628/194 755/1622/194 757/1624/194
f 755/1621/20 756/1622/20 757/1623/20
f 757/1623/20 756/1622/20 758/1624/20
f 758/1625/195 753/1622/195 757/1626/195
f 757/1626/195 753/1622/195 754/1627/195
f 756/1625/196 751/1622/196 758/1628/196
f 758/1628/196 751/1622/196 753/1624/196
o arm_R
usemtl c_506d54
f 759/1629/23 760/1630/23 761/1631/23
f 761/1631/23 760/1630/23 762/1632/23
f 763/1633/189 760/1630/189 764/1634/189
f 764/1634/189 760/1630/189 759/1635/189
f 760/1633/190 763/1630/190 762/1636/190
f 762/1636/190 763/1630/190 765/1632/190
f 763/1629/20 764/1630/20 765/1631/20
f 765/1631/20 764/1630/20 766/1632/20
f 766/1633/191 761/1630/191 765/1634/191
f 765/1634/191 761/1630/191 762/1635/191
f 764/1633/192 759/1630/192 766/1636/192
f 766/1636/192 759/1630/192 761/1632/192
o leg_L
usemtl c_506d54
f 767/1637/23 768/1638/23 769/1639/23
f 769/1639/23 768/1638/23 770/1640/23
f 771/1641/197 768/1638/197 772/1642/197
f 772/1642/197 768/1638/197 767/1643/197
f 768/1641/198 771/1638/198 770/1644/198
f 770/1644/198 771/1638/198 773/1640/198
f 771/1637/20 772/1638/20 773/1639/20
f 773/1639/20 772/1638/20 774/1640/20
f 774/1641/199 769/1638/199 773/1642/199
f 773/1642/199 769/1638/199 770/1643/199
f 772/1641/200 767/1638/200 774/1644/200
f 774/1644/200 767/1638/200 769/1640/200
o leg_R
usemtl c_506d54
f 775/1645/23 776/1646/23 777/1647/23
f 777/1647/23 776/1646/23 778/1648/23
f 779/1649/197 776/1646/197 780/1650/197
f 780/1650/197 776/1646/197 775/1651/197
f 776/1649/198 779/1646/198 778/1652/198
f 778/1652/198 779/1646/198 781/1648/198
f 779/1645/20 780/1646/20 781/1647/20
f 781/1647/20 780/1646/20 782/1648/20
f 782/1649/199 777/1646/199 781/1650/199
f 781/1650/199 777/1646/199 778/1651/199
f 780/1649/200 775/1646/200 782/1652/200
f 782/1652/200 775/1646/200 777/1648/200
o leg_L_lower
usemtl c_506d54
f 783/1653/23 784/1654/23 785/1655/23
f 785/1655/23 784/1654/23 786/1656/23
f 787/1657/193 784/1654/193 788/1658/193
f 788/1658/193 784/1654/193 783/1659/193
f 784/1657/194 787/1654/194 786/1660/194
f 786/1660/194 787/1654/194 789/1656/194
f 787/1653/20 788/1654/20 789/1655/20
f 789/1655/20 788/1654/20 790/1656/20
f 790/1657/195 785/1654/195 789/1658/195
f 789/1658/195 785/1654/195 786/1659/195
f 788/1657/196 783/1654/196 790/1660/196
f 790/1660/196 783/1654/196 785/1656/196
o arm_R_lower
usemtl c_506d54
f 791/1661/23 792/1662/23 793/1663/23
f 793/1663/23 792/1662/23 794/1664/23
f 795/1665/185 792/1662/185 796/1666/185
f 796/1666/185 792/1662/185 791/1667/185
f 792/1665/186 795/1662/186 794/1668/186
f 794/1668/186 795/1662/186 797/1664/186
f 795/1661/20 796/1662/20 797/1663/20
f 797/1663/20 796/1662/20 798/1664/20
f 798/1665/187 793/1662/187 797/1666/187
f 797/1666/187 793/1662/187 794/1667/187
f 796/1665/188 791/1662/188 798/1668/188
f 798/1668/188 791/1662/188 793/1664/188
