# Roblox asset pack: triceratops_3 (creatures), from the Studio model "Triceratops". Exported with Export Selection, split by tools/build_creatures.py: one object per rigid body. Units: studs. +Y up, front faces -Z, pivot (bottom centre) at the origin.
mtllib triceratops_3.mtl

v 1.39000 4.44000 -4.60000
v 2.38500 4.71000 -3.16000
v 1.24500 3.16000 -4.52000
v 2.13500 2.58000 -3.16000
v 2.70300 4.77000 -0.66000
v 2.41900 2.35000 -0.66000
v 2.13500 2.58000 1.71000
v 2.38500 4.71000 1.71000
v 1.46400 3.11000 3.17000
v 1.63500 4.58000 3.17000
v 2.13500 6.85000 1.71000
v 2.41900 7.19000 -0.66000
v 2.13500 6.85000 -3.16000
v 1.46400 6.04000 3.17000
v 1.24500 5.71000 -4.68000
v 0.00000 7.65000 -3.16000
v -1.24500 5.71000 -4.68000
v -2.13500 6.85000 -3.16000
v -1.46400 6.04000 3.17000
v 0.00000 6.74000 3.17000
v 0.00000 7.65000 1.71000
v -2.13500 6.85000 1.71000
v 0.00000 8.03000 -0.66000
v -2.41900 7.19000 -0.66000
v 0.00000 6.37000 -4.68000
v 1.15000 5.73000 3.17000
v 1.28500 4.58000 3.17000
v 0.00000 6.04000 3.17000
v -1.15000 5.73000 3.17000
v -1.63500 4.58000 3.17000
v -1.28500 4.58000 3.17000
v -1.15000 3.43000 3.17000
v -1.46400 3.11000 3.17000
v 0.00000 3.09000 3.17000
v 0.00000 3.44000 3.17000
v 1.15000 3.43000 3.17000
v -2.38500 4.71000 -3.16000
v -1.24500 3.16000 -4.52000
v -2.13500 2.58000 -3.16000
v -2.38500 4.71000 1.71000
v -2.13500 2.58000 1.71000
v -2.70300 4.77000 -0.66000
v -2.41900 2.35000 -0.66000
v -1.39000 4.44000 -4.60000
v 0.00000 2.49000 -3.16000
v 0.00000 2.22000 -0.66000
v 0.00000 3.14000 -4.52000
v 0.00000 2.49000 1.71000
v 0.00000 4.59000 -4.60000
v 2.88400 6.23000 -2.74000
v 2.88400 3.63000 -2.74000
v 3.06100 5.02000 -3.86000
v 2.88400 3.63000 -3.98000
v 2.66400 5.84000 -1.57000
v 2.87800 3.17000 -3.80000
v 2.83300 4.17000 -1.31000
v 2.87800 3.17000 -2.79000
v 2.88400 3.63000 -1.50000
v 2.87800 3.17000 -1.77000
v 2.80300 2.03000 -3.42000
v 2.80300 2.03000 -2.49000
v 2.80300 2.03000 -1.56000
v 2.71700 0.45000 -2.41000
v 2.71700 0.01000 -2.41000
v 2.93600 0.01000 -3.23000
v 2.93600 0.45000 -3.23000
v 2.71700 0.01000 -4.06000
v 2.71700 0.45000 -4.06000
v 0.85700 5.84000 -1.57000
v 1.76100 5.84000 -1.57000
v 0.85700 6.23000 -2.74000
v 1.87100 6.23000 -2.74000
v 2.01300 2.03000 -1.56000
v 2.01300 0.45000 -2.15000
v 2.01300 0.01000 -2.15000
v 1.31000 0.45000 -2.41000
v 1.22400 2.03000 -1.56000
v 1.31000 0.01000 -2.41000
v 1.84500 4.17000 -1.31000
v 0.85700 4.17000 -1.31000
v 0.85700 3.63000 -1.50000
v 1.87100 3.63000 -1.50000
v 1.14900 3.17000 -1.77000
v 2.01300 3.17000 -1.77000
v 0.85700 3.63000 -2.74000
v 1.03400 5.02000 -3.86000
v 1.14900 3.17000 -2.79000
v 0.85700 3.63000 -3.98000
v 1.14900 3.17000 -3.80000
v 1.22400 2.03000 -2.49000
v 1.22400 2.03000 -3.42000
v 1.09000 0.45000 -3.23000
v 1.31000 0.45000 -4.06000
v 1.09000 0.01000 -3.23000
v 1.31000 0.01000 -4.06000
v 2.01300 0.01000 -3.23000
v 2.01300 0.01000 -4.32000
v 2.04800 5.02000 -3.86000
v 1.87100 3.63000 -3.98000
v 2.01300 3.17000 -3.80000
v 2.01300 2.03000 -3.42000
v 2.01300 0.45000 -4.32000
v 2.74600 0.13000 -4.37000
v 2.76700 0.14000 -4.67000
v 2.74600 0.34000 -4.37000
v 2.65800 0.44000 -3.93000
v 2.65800 0.02000 -3.93000
v 2.11200 0.12000 -4.71000
v 1.99600 0.13000 -5.01000
v 2.11200 0.35000 -4.71000
v 2.22900 0.47000 -4.23000
v 2.22900 0.00000 -4.23000
v 1.72000 0.44000 -4.11000
v 1.43800 0.13000 -4.46000
v 1.43800 0.34000 -4.46000
v 1.72000 0.02000 -4.11000
v 1.88000 0.35000 -4.71000
v 1.22500 0.14000 -4.67000
v 1.24600 0.34000 -4.37000
v 2.55400 0.34000 -4.46000
v 1.76400 0.47000 -4.23000
v 2.27300 0.44000 -4.11000
v 1.33500 0.44000 -3.93000
v 1.76400 0.00000 -4.23000
v 2.27300 0.02000 -4.11000
v 1.33500 0.02000 -3.93000
v 1.24600 0.13000 -4.37000
v 1.88000 0.12000 -4.71000
v 2.55400 0.13000 -4.46000
v -0.85700 6.23000 -2.74000
v -0.85700 3.63000 -2.74000
v -1.03400 5.02000 -3.86000
v -0.85700 3.63000 -3.98000
v -0.85700 5.84000 -1.57000
v -0.85700 4.17000 -1.31000
v -0.85700 3.63000 -1.50000
v -1.14900 3.17000 -1.77000
v -1.14900 3.17000 -3.80000
v -1.14900 3.17000 -2.79000
v -1.22400 2.03000 -3.42000
v -1.22400 2.03000 -2.49000
v -1.09000 0.45000 -3.23000
v -1.31000 0.45000 -2.41000
v -1.31000 0.01000 -2.41000
v -1.09000 0.01000 -3.23000
v -1.31000 0.45000 -4.06000
v -1.31000 0.01000 -4.06000
v -1.22400 2.03000 -1.56000
v -1.76100 5.84000 -1.57000
v -1.87100 6.23000 -2.74000
v -2.66400 5.84000 -1.57000
v -2.88400 6.23000 -2.74000
v -2.80300 2.03000 -1.56000
v -2.71700 0.45000 -2.41000
v -2.01300 2.03000 -1.56000
v -2.01300 0.45000 -2.15000
v -2.71700 0.01000 -2.41000
v -2.01300 0.01000 -2.15000
v -1.84500 4.17000 -1.31000
v -2.83300 4.17000 -1.31000
v -1.87100 3.63000 -1.50000
v -2.88400 3.63000 -1.50000
v -2.01300 3.17000 -1.77000
v -2.87800 3.17000 -1.77000
v -2.93600 0.45000 -3.23000
v -2.80300 2.03000 -3.42000
v -2.71700 0.45000 -4.06000
v -2.88400 3.63000 -2.74000
v -3.06100 5.02000 -3.86000
v -2.88400 3.63000 -3.98000
v -2.87800 3.17000 -3.80000
v -2.87800 3.17000 -2.79000
v -2.80300 2.03000 -2.49000
v -2.93600 0.01000 -3.23000
v -2.71700 0.01000 -4.06000
v -2.01300 0.01000 -4.32000
v -2.01300 0.01000 -3.23000
v -2.04800 5.02000 -3.86000
v -1.87100 3.63000 -3.98000
v -2.01300 3.17000 -3.80000
v -2.01300 2.03000 -3.42000
v -2.01300 0.45000 -4.32000
v -1.24600 0.34000 -4.37000
v -1.24600 0.13000 -4.37000
v -1.22500 0.14000 -4.67000
v -1.33500 0.44000 -3.93000
v -1.33500 0.02000 -3.93000
v -1.88000 0.35000 -4.71000
v -1.88000 0.12000 -4.71000
v -1.99600 0.13000 -5.01000
v -1.76400 0.47000 -4.23000
v -1.76400 0.00000 -4.23000
v -2.27300 0.44000 -4.11000
v -2.55400 0.13000 -4.46000
v -2.55400 0.34000 -4.46000
v -2.27300 0.02000 -4.11000
v -2.11200 0.35000 -4.71000
v -1.43800 0.34000 -4.46000
v -2.74600 0.34000 -4.37000
v -2.76700 0.14000 -4.67000
v -2.22900 0.47000 -4.23000
v -2.65800 0.44000 -3.93000
v -1.72000 0.44000 -4.11000
v -2.22900 0.00000 -4.23000
v -2.65800 0.02000 -3.93000
v -1.72000 0.02000 -4.11000
v -2.74600 0.13000 -4.37000
v -2.11200 0.12000 -4.71000
v -1.43800 0.13000 -4.46000
v 4.34100 6.25000 -4.19000
v 4.04100 5.20000 -4.47000
v 4.01900 6.18000 -5.01000
v 3.74500 5.26000 -5.19000
v 2.68300 2.11000 -5.61000
v 2.91100 3.24000 -5.88000
v 3.15100 3.03000 -5.23000
v 2.48400 2.40000 -6.30000
v 4.34100 3.81000 -4.94000
v 3.74500 4.92000 -5.28000
v 4.04100 4.86000 -4.56000
v 4.01900 3.97000 -5.67000
v 2.68300 8.37000 -3.78000
v 3.15100 7.29000 -4.02000
v 2.48400 8.12000 -4.64000
v 2.91100 7.14000 -4.80000
v 3.15800 7.08000 -4.98000
v 3.45700 7.26000 -4.00000
v 3.38900 7.00000 -4.07000
v 3.14900 6.85000 -4.85000
v 1.35000 2.47000 -6.21000
v 1.44100 2.20000 -5.54000
v 1.32100 1.98000 -5.61000
v 1.20600 2.32000 -6.44000
v 2.60200 5.79000 -3.55000
v 2.60200 5.10000 -3.72000
v 2.70500 5.27000 -3.85000
v 2.70500 5.83000 -3.71000
v 2.60200 4.42000 -3.93000
v 2.70500 4.94000 -3.94000
v 2.70500 4.40000 -4.10000
v 2.30700 6.30000 -3.62000
v 2.10500 6.39000 -3.44000
v 3.14900 3.48000 -5.79000
v 3.38900 3.27000 -5.14000
v 3.45700 3.02000 -5.23000
v 3.15800 3.28000 -6.03000
v 2.06900 6.59000 -3.57000
v 1.67200 7.08000 -3.51000
v 1.60800 7.00000 -3.36000
v 1.44100 8.46000 -3.83000
v 1.35000 8.19000 -4.61000
v 1.20600 8.39000 -4.75000
v 1.32100 8.72000 -3.76000
v -3.38900 7.00000 -3.97000
v -4.01900 6.18000 -4.95000
v -4.34100 6.25000 -4.11000
v -3.14900 6.85000 -4.77000
v 1.05600 8.57000 -3.81000
v 0.00000 8.87000 -4.52000
v 0.00000 9.19000 -3.64000
v 0.96500 8.31000 -4.60000
v -0.96500 8.31000 -4.52000
v -1.05600 8.57000 -3.72000
v -1.44100 8.46000 -3.72000
v -2.48400 8.12000 -4.54000
v -2.68300 8.37000 -3.66000
v -1.35000 8.19000 -4.52000
v -1.02800 7.27000 -3.44000
v -1.60800 7.00000 -3.27000
v -0.80400 7.24000 -3.30000
v -1.67100 7.08000 -3.42000
v 1.02800 7.27000 -3.53000
v 0.80400 7.24000 -3.39000
v 0.00000 7.47000 -3.36000
v -0.64300 7.39000 -3.44000
v 0.00000 7.58000 -3.48000
v 0.64300 7.39000 -3.51000
v 4.27300 5.01000 -4.50000
v 3.90300 5.08000 -5.40000
v -4.27300 5.01000 -4.59000
v -3.74500 5.26000 -5.24000
v -3.90300 5.08000 -5.47000
v -4.04100 5.20000 -4.54000
v -1.32100 8.72000 -3.65000
v -1.20600 8.39000 -4.65000
v -3.15100 7.29000 -3.91000
v -3.15800 7.08000 -4.88000
v -3.45700 7.26000 -3.88000
v -2.91100 7.14000 -4.70000
v 0.70100 3.60000 -5.10000
v 0.94500 3.49000 -5.14000
v 1.50600 3.60000 -5.06000
v 1.83500 4.17000 -4.85000
v 2.09000 4.19000 -4.84000
v -3.14900 3.48000 -5.95000
v -1.83500 4.17000 -4.92000
v -3.15800 3.28000 -6.21000
v -2.09000 4.19000 -4.92000
v 0.96500 2.39000 -6.25000
v 0.00000 3.28000 -5.29000
v 0.56100 3.41000 -5.18000
v -0.70100 3.60000 -5.18000
v -1.20600 2.32000 -6.53000
v -1.35000 2.47000 -6.30000
v -0.94500 3.49000 -5.22000
v -1.50600 3.60000 -5.15000
v -2.48400 2.40000 -6.43000
v -2.60200 5.10000 -3.75000
v -2.70500 5.27000 -3.86000
v -2.10500 3.93000 -4.17000
v -3.38900 3.27000 -5.29000
v -3.45700 3.02000 -5.38000
v -2.30700 4.00000 -4.32000
v 2.10500 3.93000 -4.09000
v 2.30700 4.00000 -4.23000
v -4.04100 4.86000 -4.66000
v -2.70500 4.40000 -4.18000
v -2.70500 4.94000 -3.98000
v -4.34100 3.81000 -5.10000
v -2.10500 6.39000 -3.38000
v -2.06900 6.59000 -3.50000
v -2.30700 6.30000 -3.56000
v -2.70500 5.83000 -3.69000
v 2.06900 3.76000 -4.32000
v 1.67200 3.36000 -4.47000
v 1.02800 3.24000 -4.55000
v 0.80400 3.28000 -4.37000
v -3.15100 3.03000 -5.38000
v -1.67100 3.36000 -4.56000
v -2.06900 3.76000 -4.41000
v -2.68300 2.11000 -5.72000
v -1.44100 2.20000 -5.64000
v -1.02800 3.24000 -4.63000
v -0.80400 3.28000 -4.44000
v -1.32100 1.98000 -5.71000
v 0.00000 3.01000 -4.71000
v 1.05600 2.11000 -5.58000
v 0.64300 3.16000 -4.59000
v 0.00000 1.57000 -5.85000
v -1.05600 2.11000 -5.66000
v -0.64300 3.16000 -4.65000
v -2.60200 5.79000 -3.53000
v -2.60200 4.42000 -4.00000
v -1.60800 3.44000 -4.36000
v 0.00000 3.10000 -4.52000
v 1.60800 3.44000 -4.27000
v -2.91100 3.24000 -6.04000
v -3.74500 4.92000 -5.36000
v -4.01900 3.97000 -5.82000
v -0.96500 2.39000 -6.33000
v 0.00000 1.89000 -6.56000
v -2.43700 5.80000 -4.38000
v -2.09000 6.21000 -4.28000
v -2.26800 5.76000 -4.39000
v -1.83500 6.27000 -4.26000
v -0.70100 6.98000 -4.20000
v -1.40200 6.78000 -4.18000
v -1.85300 6.50000 -4.21000
v -0.94500 7.07000 -4.16000
v -1.50600 6.90000 -4.14000
v 1.40200 3.74000 -5.01000
v 1.85300 3.95000 -4.93000
v 1.83500 6.27000 -4.31000
v 0.70100 6.98000 -4.27000
v 0.00000 7.18000 -4.26000
v -0.56100 7.18000 -4.16000
v 0.56100 7.18000 -4.22000
v 0.00000 7.34000 -4.20000
v 1.40200 6.78000 -4.25000
v 0.94500 7.07000 -4.24000
v 1.85300 6.50000 -4.27000
v 1.50600 6.90000 -4.22000
v 2.26800 5.17000 -4.55000
v 2.26800 5.76000 -4.41000
v 2.09000 6.21000 -4.32000
v 2.43700 5.80000 -4.40000
v 2.43700 5.33000 -4.51000
v 2.26800 4.60000 -4.71000
v 2.43700 5.00000 -4.60000
v 2.43700 4.53000 -4.73000
v -2.43700 4.53000 -4.80000
v -2.26800 4.60000 -4.77000
v -2.43700 5.00000 -4.64000
v -2.26800 5.17000 -4.57000
v -2.43700 5.33000 -4.52000
v 0.00000 3.44000 -5.24000
v -0.56100 3.41000 -5.24000
v -1.40200 3.74000 -5.09000
v -1.85300 3.95000 -5.01000
v 2.88400 6.23000 1.54000
v 2.88400 3.63000 1.54000
v 3.06100 5.02000 0.03000
v 2.88400 3.63000 0.30000
v 2.66400 5.84000 2.72000
v 2.83300 4.17000 2.97000
v 2.88400 3.63000 2.78000
v 2.87800 3.17000 2.51000
v 2.87800 3.17000 0.48000
v 2.87800 3.17000 1.50000
v 2.80300 2.03000 0.87000
v 2.91700 0.45000 1.05000
v 2.80300 2.03000 1.80000
v 2.71700 0.45000 1.88000
v 2.71700 0.45000 0.22000
v 2.71700 0.01000 0.22000
v 2.80300 2.03000 2.73000
v 2.91700 0.01000 1.05000
v 2.71700 0.01000 1.88000
v 0.85700 5.84000 2.72000
v 1.76100 5.84000 2.72000
v 0.85700 6.23000 1.54000
v 1.87100 6.23000 1.54000
v 1.03400 5.02000 0.03000
v 2.04800 5.02000 0.03000
v 2.01300 2.03000 2.73000
v 2.01300 0.45000 2.07000
v 2.01300 0.01000 2.07000
v 1.31000 0.45000 1.88000
v 1.22400 2.03000 2.73000
v 1.31000 0.01000 1.88000
v 1.84500 4.17000 2.97000
v 0.85700 4.17000 2.97000
v 0.85700 3.63000 2.78000
v 1.87100 3.63000 2.78000
v 1.14900 3.17000 2.51000
v 2.01300 3.17000 2.51000
v 0.85700 3.63000 1.54000
v 1.14900 3.17000 1.50000
v 0.85700 3.63000 0.30000
v 1.14900 3.17000 0.48000
v 1.22400 2.03000 1.80000
v 1.11000 0.45000 1.05000
v 1.22400 2.03000 0.87000
v 1.31000 0.45000 0.22000
v 1.11000 0.01000 1.05000
v 1.31000 0.01000 0.22000
v 2.01300 0.01000 0.93000
v 2.01300 0.01000 -0.22000
v 1.87100 3.63000 0.30000
v 2.01300 3.17000 0.48000
v 2.01300 2.03000 0.87000
v 2.01300 0.45000 -0.22000
v 2.74600 0.13000 -0.15000
v 2.76700 0.14000 -0.44000
v 2.74600 0.34000 -0.15000
v 2.65800 0.44000 0.30000
v 2.65800 0.02000 0.30000
v 2.11200 0.12000 -0.48000
v 1.99600 0.13000 -0.79000
v 2.11200 0.35000 -0.48000
v 2.22900 0.47000 0.00000
v 2.22900 0.00000 0.00000
v 1.72000 0.44000 0.12000
v 1.43800 0.13000 -0.23000
v 1.43800 0.34000 -0.23000
v 1.72000 0.02000 0.12000
v 1.88000 0.35000 -0.48000
v 1.22500 0.14000 -0.44000
v 1.24600 0.34000 -0.15000
v 2.55400 0.34000 -0.23000
v 1.76400 0.47000 0.00000
v 1.33500 0.44000 0.30000
v 2.27300 0.44000 0.12000
v 1.76400 0.00000 0.00000
v 2.27300 0.02000 0.12000
v 1.33500 0.02000 0.30000
v 1.24600 0.13000 -0.15000
v 1.88000 0.12000 -0.48000
v 2.55400 0.13000 -0.23000
v -0.85700 6.23000 1.54000
v -0.85700 3.63000 1.54000
v -1.03400 5.02000 0.03000
v -0.85700 3.63000 0.30000
v -0.85700 5.84000 2.72000
v -0.85700 4.17000 2.97000
v -0.85700 3.63000 2.78000
v -1.14900 3.17000 0.48000
v -1.14900 3.17000 2.51000
v -1.14900 3.17000 1.50000
v -1.22400 2.03000 0.87000
v -1.22400 2.03000 1.80000
v -1.22400 2.03000 2.73000
v -1.31000 0.45000 1.88000
v -1.11000 0.45000 1.05000
v -1.31000 0.01000 1.88000
v -1.11000 0.01000 1.05000
v -1.31000 0.45000 0.22000
v -1.31000 0.01000 0.22000
v -1.76100 5.84000 2.72000
v -1.87100 6.23000 1.54000
v -2.66400 5.84000 2.72000
v -2.88400 6.23000 1.54000
v -2.04800 5.02000 0.03000
v -3.06100 5.02000 0.03000
v -2.80300 2.03000 2.73000
v -2.71700 0.45000 1.88000
v -2.01300 2.03000 2.73000
v -2.01300 0.45000 2.07000
v -2.71700 0.01000 1.88000
v -2.01300 0.01000 2.07000
v -1.84500 4.17000 2.97000
v -2.83300 4.17000 2.97000
v -1.87100 3.63000 2.78000
v -2.88400 3.63000 2.78000
v -2.01300 3.17000 2.51000
v -2.87800 3.17000 2.51000
v -2.87800 3.17000 0.48000
v -2.80300 2.03000 0.87000
v -2.87800 3.17000 1.50000
v -2.80300 2.03000 1.80000
v -2.91700 0.45000 1.05000
v -2.71700 0.45000 0.22000
v -2.71700 0.01000 0.22000
v -2.88400 3.63000 1.54000
v -2.88400 3.63000 0.30000
v -2.91700 0.01000 1.05000
v -2.01300 0.01000 -0.22000
v -2.01300 0.01000 0.93000
v -1.87100 3.63000 0.30000
v -2.01300 3.17000 0.48000
v -2.01300 2.03000 0.87000
v -2.01300 0.45000 -0.22000
v -1.24600 0.34000 -0.15000
v -1.24600 0.13000 -0.15000
v -1.22500 0.14000 -0.44000
v -1.33500 0.44000 0.30000
v -1.33500 0.02000 0.30000
v -1.88000 0.35000 -0.48000
v -1.88000 0.12000 -0.48000
v -1.99600 0.13000 -0.79000
v -1.76400 0.47000 0.00000
v -1.76400 0.00000 0.00000
v -2.27300 0.44000 0.12000
v -2.55400 0.13000 -0.23000
v -2.55400 0.34000 -0.23000
v -2.27300 0.02000 0.12000
v -2.11200 0.35000 -0.48000
v -1.43800 0.34000 -0.23000
v -2.74600 0.34000 -0.15000
v -2.76700 0.14000 -0.44000
v -2.22900 0.47000 0.00000
v -1.72000 0.44000 0.12000
v -2.65800 0.44000 0.30000
v -2.22900 0.00000 0.00000
v -2.65800 0.02000 0.30000
v -1.72000 0.02000 0.12000
v -2.74600 0.13000 -0.15000
v -2.11200 0.12000 -0.48000
v -1.43800 0.13000 -0.23000
v 2.03900 6.51000 -4.37000
v 2.24300 5.62000 -5.70000
v 2.03900 6.90000 -5.70000
v 2.03900 5.52000 -4.37000
v 2.31300 5.18000 -5.70000
v 2.03900 5.18000 -4.37000
v 2.31300 4.12000 -5.70000
v 2.03900 4.12000 -4.37000
v 1.55700 4.39000 -7.03000
v 1.55700 5.45000 -7.24000
v 1.55700 5.18000 -8.38000
v 1.55700 4.12000 -8.38000
v 1.55700 5.72000 -7.19000
v 1.64400 5.94000 -6.92000
v 1.55700 6.51000 -7.03000
v 2.11600 5.87000 -5.92000
v 1.65900 6.32000 -6.85000
v 1.98700 6.41000 -5.92000
v 1.79800 6.70000 -6.36000
v 1.82300 6.46000 -6.38000
v 0.00000 7.23000 -6.39000
v -1.55700 6.51000 -7.03000
v -1.79800 6.70000 -6.36000
v 0.00000 7.04000 -7.16000
v 0.00000 7.42000 -5.62000
v -2.03900 6.90000 -5.70000
v -1.01900 7.22000 -4.22000
v -2.03900 6.51000 -4.37000
v 0.00000 7.49000 -4.08000
v 1.01900 7.22000 -4.22000
v 1.96800 5.87000 -5.92000
v 1.52900 5.94000 -6.92000
v -1.96800 5.87000 -5.92000
v -1.64400 5.94000 -6.92000
v -2.11500 5.87000 -5.92000
v -1.52900 5.94000 -6.92000
v 0.00000 5.68000 -7.37000
v -1.55700 5.18000 -8.38000
v -1.55700 5.45000 -7.24000
v 0.00000 5.41000 -8.72000
v -1.01900 5.79000 -3.92000
v -2.03900 5.52000 -4.37000
v 0.00000 5.94000 -3.46000
v 0.00000 5.41000 -3.25000
v -1.01900 5.30000 -3.81000
v -2.03900 5.18000 -4.37000
v 0.00000 3.79000 -3.25000
v -2.03900 4.12000 -4.37000
v -1.01900 3.82000 -3.81000
v 1.01900 5.30000 -3.81000
v 1.01900 3.82000 -3.81000
v 1.01900 5.79000 -3.92000
v -1.54400 6.32000 -6.85000
v -1.65900 6.32000 -6.85000
v 1.54400 6.32000 -6.85000
v -2.31300 5.18000 -5.70000
v -2.31300 4.12000 -5.70000
v -2.24300 5.62000 -5.70000
v -1.55700 4.39000 -7.03000
v -1.55700 4.12000 -8.38000
v -1.55700 5.72000 -7.19000
v -1.98700 6.41000 -5.92000
v -1.82300 6.46000 -6.38000
v 0.77900 3.82000 -8.55000
v 0.77900 4.09000 -7.09000
v 0.00000 3.79000 -8.72000
v -0.77900 4.09000 -7.09000
v -0.77900 3.82000 -8.55000
v -1.15700 3.82000 -5.66000
v 1.15700 3.82000 -5.66000
v -1.69600 6.46000 -6.38000
v -1.84800 6.41000 -5.92000
v 1.84800 6.41000 -5.92000
v 1.69600 6.46000 -6.38000
v 0.00000 6.03000 -7.31000
v 1.77200 6.52000 -6.15000
v 1.91300 5.88000 -6.05000
v 1.85800 5.89000 -6.17000
v 1.81000 6.56000 -6.03000
v -1.77200 6.52000 -6.15000
v -1.91300 5.88000 -6.05000
v -1.81000 6.56000 -6.03000
v -1.85800 5.89000 -6.17000
v 1.57200 7.92000 -6.43000
v 1.85700 7.81000 -6.98000
v 1.60100 7.98000 -6.52000
v 1.65000 6.40000 -6.10000
v 1.23200 7.11000 -5.42000
v 1.63200 8.30000 -6.78000
v 1.80900 8.20000 -7.05000
v 1.73700 8.42000 -7.03000
v 1.55200 8.81000 -6.93000
v 1.57100 8.81000 -6.96000
v -0.74100 6.40000 -6.66000
v -1.42400 7.81000 -7.24000
v -1.06300 7.92000 -6.74000
v -0.32200 7.11000 -5.98000
v -1.13500 7.98000 -6.81000
v -1.51500 8.20000 -7.23000
v -1.35100 8.30000 -6.95000
v -1.52500 8.42000 -7.16000
v -1.52200 8.81000 -6.95000
v -1.54100 8.81000 -6.98000
v -1.57100 8.81000 -6.96000
v -1.55200 8.81000 -6.93000
v 1.52200 8.81000 -6.95000
v 1.54100 8.81000 -6.98000
v -1.60100 7.98000 -6.52000
v -1.57200 7.92000 -6.43000
v -1.23200 7.11000 -5.42000
v 1.06300 7.92000 -6.74000
v 1.13500 7.98000 -6.81000
v 0.32200 7.11000 -5.98000
v -1.63200 8.30000 -6.78000
v 1.35100 8.30000 -6.95000
v -1.65000 6.40000 -6.10000
v -1.85700 7.81000 -6.98000
v -1.80900 8.20000 -7.05000
v -1.73700 8.42000 -7.03000
v 0.74100 6.40000 -6.66000
v 1.42400 7.81000 -7.24000
v 1.51500 8.20000 -7.23000
v 1.52500 8.42000 -7.16000
v 0.29900 5.71000 -8.45000
v 0.53400 6.31000 -7.29000
v 0.53400 5.29000 -6.97000
v 0.25400 5.10000 -8.60000
v 0.27300 5.65000 -8.55000
v 0.16500 5.56000 -8.94000
v 0.17200 5.22000 -8.98000
v 0.12500 5.37000 -9.15000
v 0.01800 5.69000 -9.43000
v 0.01800 5.66000 -9.45000
v -0.27300 5.65000 -8.55000
v -0.16500 5.56000 -8.94000
v -0.53400 6.31000 -7.29000
v -0.29900 5.71000 -8.45000
v -0.01800 5.69000 -9.43000
v -0.53400 5.29000 -6.97000
v -0.25400 5.10000 -8.60000
v -0.17200 5.22000 -8.98000
v -0.12500 5.37000 -9.15000
v -0.01800 5.66000 -9.45000
v 1.84800 6.59000 -5.92000
v -1.84800 6.59000 -5.92000
v 1.38500 5.19000 -6.73000
v 1.30000 3.14000 -5.02000
v 1.38500 3.14000 -6.73000
v 1.30000 5.19000 -4.74000
v 0.73300 4.76000 -8.13000
v 1.11200 3.25000 -7.11000
v 0.73300 3.56000 -8.13000
v 1.11200 5.07000 -7.11000
v 0.00000 5.34000 -6.76000
v 0.00000 5.34000 -4.47000
v -1.30000 5.19000 -4.74000
v -1.38500 5.19000 -6.73000
v -1.11200 5.07000 -7.11000
v 0.00000 5.21000 -7.20000
v -0.73300 4.76000 -8.13000
v 0.00000 4.85000 -8.37000
v 0.00000 2.99000 -4.75000
v -1.30000 3.14000 -5.02000
v -1.38500 3.14000 -6.73000
v -1.11200 3.25000 -7.11000
v -0.73300 3.56000 -8.13000
v 0.00000 3.12000 -7.20000
v 0.00000 2.99000 -6.76000
v 0.00000 3.48000 -8.37000
v 0.55700 3.41000 6.90000
v 0.76400 3.35000 4.71000
v 0.85400 4.04000 5.03000
v 0.76400 4.74000 5.35000
v 0.49900 3.90000 6.80000
v 0.17000 3.87000 8.43000
v 0.19000 3.74000 8.53000
v 0.00000 4.19000 9.45000
v 0.17000 3.60000 8.63000
v 0.49900 2.92000 7.00000
v 0.00000 4.92000 5.35000
v -0.76400 4.74000 5.35000
v 0.00000 3.98000 6.80000
v -0.49900 3.90000 6.80000
v 0.00000 3.95000 8.43000
v -0.17000 3.87000 8.43000
v -0.85400 4.04000 5.03000
v -0.76400 3.35000 4.71000
v -0.55700 3.41000 6.90000
v -0.49900 2.92000 7.00000
v -0.19000 3.74000 8.53000
v -0.17000 3.60000 8.63000
v 0.00000 2.88000 7.00000
v 0.00000 3.64000 8.63000
v 0.00000 3.36000 4.71000
vt 6.48082 -39.08650
vt 6.30078 -39.05170
vt 6.47087 -39.24620
vt 6.30078 -39.31850
vt 5.98854 -39.04520
vt 5.98854 -39.34760
vt 5.69242 -39.31850
vt 5.69242 -39.05170
vt 5.50923 -39.25200
vt 5.50923 -39.06900
vt 5.69242 -38.78480
vt 5.98854 -38.74280
vt 6.30078 -38.78480
vt 5.50923 -38.88600
vt 6.49077 -38.92670
vt 6.00000 -39.30080
vt 6.15557 -39.49080
vt 6.26685 -39.30080
vt 6.18300 -38.50920
vt 6.00000 -38.50920
vt 6.00000 -38.69240
vt 6.26685 -38.69240
vt 6.00000 -38.98850
vt 6.30244 -38.98850
vt 6.00000 -39.49080
vt 5.84443 -39.49080
vt 5.73315 -39.30080
vt 5.69756 -38.98850
vt 5.73315 -38.69240
vt 5.81700 -38.50920
vt 6.20442 -39.06900
vt 6.18300 -38.88600
vt 6.14376 -38.92520
vt 6.16059 -39.06900
vt 6.00000 -38.79900
vt 6.00000 -38.88550
vt 5.85624 -38.92520
vt 5.81700 -38.88600
vt 5.79558 -39.06900
vt 5.83942 -39.06900
vt 5.85624 -39.21270
vt 5.81700 -39.25200
vt 6.00000 -39.25480
vt 6.00000 -39.21040
vt 6.14376 -39.21270
vt 6.18300 -39.25200
vt 5.69922 -39.05170
vt 5.52913 -39.24620
vt 5.69922 -39.31850
vt 6.49077 -39.06900
vt 6.30758 -39.05170
vt 6.49077 -39.25200
vt 6.30758 -39.31850
vt 6.01146 -39.04520
vt 6.01146 -39.34760
vt 5.51918 -39.08650
vt 5.69922 -38.78480
vt 6.01146 -38.74280
vt 6.30758 -38.78480
vt 5.50923 -38.92670
vt 6.49077 -38.88600
vt 5.84443 -39.47090
vt 6.00000 -39.47090
vt 6.15557 -39.47090
vt 5.84443 -38.92670
vt 6.00000 -39.06770
vt 6.00000 -38.84500
vt 5.82621 -39.08650
vt 6.15557 -38.92670
vt 6.17379 -39.08650
vt 5.84443 -39.24620
vt 6.00000 -39.24830
vt 6.15557 -39.24620
vt 17.99090 -4.61109
vt 17.99100 -4.93576
vt 18.13080 -4.76200
vt 18.14600 -4.93575
vt 17.84390 -4.65977
vt 18.12330 -4.99356
vt 17.81230 -4.86891
vt 17.99630 -4.99356
vt 17.83610 -4.93576
vt 17.86930 -4.99356
vt 18.07500 -5.13653
vt 17.95890 -5.13653
vt 17.84290 -5.13653
vt 17.94910 -5.33382
vt 17.94910 -5.38891
vt 18.05240 -5.38891
vt 18.05240 -5.33382
vt 18.15580 -5.38891
vt 18.15580 -5.33382
vt 18.13780 -4.84386
vt 18.02480 -4.84386
vt 18.13780 -4.99085
vt 18.01110 -4.99085
vt 17.91190 -4.84386
vt 17.88440 -4.99085
vt 18.09470 -5.33382
vt 18.10550 -5.13653
vt 18.00680 -5.13653
vt 18.00680 -5.33382
vt 18.09470 -5.38891
vt 18.00680 -5.38891
vt 17.91880 -5.33382
vt 17.90810 -5.13653
vt 17.91880 -5.38891
vt 17.97520 -4.65977
vt 17.98570 -4.86891
vt 18.08810 -4.65977
vt 18.10920 -4.86891
vt 17.86220 -4.86891
vt 17.86220 -4.65977
vt 17.86220 -4.93576
vt 17.98890 -4.93576
vt 17.89870 -4.99356
vt 18.11560 -4.93576
vt 18.00680 -4.99356
vt 18.11480 -4.99356
vt 18.15610 -4.65977
vt 18.00900 -4.93576
vt 18.18770 -4.86891
vt 18.16390 -4.93576
vt 18.00910 -4.61109
vt 18.13070 -4.99356
vt 17.86920 -4.76200
vt 18.00370 -4.99356
vt 17.85400 -4.93575
vt 17.87670 -4.99356
vt 18.05090 -5.33382
vt 18.15710 -5.13653
vt 18.04110 -5.13653
vt 17.92500 -5.13653
vt 17.94760 -5.33382
vt 18.05090 -5.38891
vt 17.84420 -5.33382
vt 17.94760 -5.38891
vt 17.84420 -5.38891
vt 18.09470 -5.15584
vt 18.00680 -5.05245
vt 18.00680 -5.18774
vt 17.91880 -5.15584
vt 18.12220 -5.05245
vt 17.89140 -5.05245
vt 18.09470 -4.94906
vt 17.91880 -4.94906
vt 18.00680 -4.91715
vt 18.13780 -4.61109
vt 18.01110 -4.61109
vt 18.11560 -4.76200
vt 17.98890 -4.76200
vt 17.88440 -4.61109
vt 17.86220 -4.76200
vt 18.01110 -4.93575
vt 18.13780 -4.93575
vt 18.10130 -4.99356
vt 17.99320 -4.99356
vt 17.88440 -4.93575
vt 17.88520 -4.99356
vt 17.89450 -5.13653
vt 18.09190 -5.13653
vt 17.99320 -5.13653
vt 18.08120 -5.33382
vt 17.99320 -5.33382
vt 18.08120 -5.38891
vt 17.99320 -5.38891
vt 17.90530 -5.33382
vt 17.90530 -5.38891
vt 61.98760 -29.01290
vt 62.02450 -29.01170
vt 61.98760 -28.98640
vt 61.93230 -28.97360
vt 61.93230 -29.02660
vt 62.02980 -29.01400
vt 62.06770 -29.01270
vt 62.02980 -28.98500
vt 61.96980 -28.97090
vt 61.96980 -29.02910
vt 61.95480 -28.97360
vt 61.99880 -29.01290
vt 61.99880 -28.98640
vt 61.95480 -29.02660
vt 61.98550 -29.02980
vt 62.00000 -29.06770
vt 62.01450 -29.02980
vt 62.06980 -28.99880
vt 62.09640 -29.02450
vt 62.09370 -28.98760
vt 61.90630 -28.98760
vt 61.90360 -29.02450
vt 61.93020 -28.99880
vt 62.02910 -28.96980
vt 61.97090 -28.96980
vt 61.96540 -28.95480
vt 61.91730 -28.93230
vt 62.03460 -28.95480
vt 62.08270 -28.93230
vt 62.02910 -28.97090
vt 61.97090 -28.97090
vt 61.97090 -29.02910
vt 62.02910 -29.02910
vt 62.08270 -28.97360
vt 62.03460 -28.97360
vt 62.03460 -29.02660
vt 62.08270 -29.02660
vt 61.96540 -28.97360
vt 61.91730 -28.97360
vt 61.91730 -29.02660
vt 61.96540 -29.02660
vt 62.01240 -28.98640
vt 61.97550 -29.01170
vt 62.01240 -29.01290
vt 62.06770 -28.97360
vt 62.06770 -29.02660
vt 61.97020 -28.98500
vt 61.93230 -29.01270
vt 61.97020 -29.01400
vt 62.03020 -28.97090
vt 62.03020 -29.02910
vt 62.04520 -28.97360
vt 62.00120 -28.98640
vt 62.00120 -29.01290
vt 62.04520 -29.02660
vt 61.93020 -28.98640
vt 61.90360 -29.01170
vt 61.93020 -29.01290
vt 62.06980 -29.01290
vt 62.09640 -29.01170
vt 62.06980 -28.98640
vt 25.99090 -46.61110
vt 25.99100 -46.93580
vt 26.13080 -46.76200
vt 26.14600 -46.93570
vt 25.84390 -46.65980
vt 25.81230 -46.86890
vt 25.83610 -46.93580
vt 25.86930 -46.99360
vt 26.12330 -46.99360
vt 25.99630 -46.99360
vt 26.07500 -47.13650
vt 25.95890 -47.13650
vt 26.05240 -47.33380
vt 25.94910 -47.33380
vt 25.94910 -47.38890
vt 26.05240 -47.38890
vt 26.15580 -47.33380
vt 26.15580 -47.38890
vt 25.84290 -47.13650
vt 25.86220 -46.84390
vt 25.86220 -46.99080
vt 25.97520 -46.84390
vt 25.98890 -46.99080
vt 26.08810 -46.84390
vt 26.11560 -46.99080
vt 25.89450 -47.13650
vt 25.90530 -47.33380
vt 25.99320 -47.13650
vt 25.99320 -47.33380
vt 25.90530 -47.38890
vt 25.99320 -47.38890
vt 26.08120 -47.33380
vt 26.09190 -47.13650
vt 26.08120 -47.38890
vt 25.91190 -46.65980
vt 26.01430 -46.86890
vt 26.02480 -46.65980
vt 25.89080 -46.86890
vt 26.13780 -46.86890
vt 26.13780 -46.65980
vt 26.13780 -46.93580
vt 26.01110 -46.93580
vt 26.10130 -46.99360
vt 25.88440 -46.93580
vt 25.99320 -46.99360
vt 25.88520 -46.99360
vt 25.94760 -47.33380
vt 25.92500 -47.13650
vt 25.84420 -47.33380
vt 26.15610 -46.65980
vt 26.00900 -46.93580
vt 26.18770 -46.86890
vt 26.16390 -46.93580
vt 26.00910 -46.61110
vt 25.86920 -46.76200
vt 25.85400 -46.93570
vt 26.13070 -46.99360
vt 25.87670 -46.99360
vt 26.00370 -46.99360
vt 26.04110 -47.13650
vt 26.15710 -47.13650
vt 26.05090 -47.33380
vt 25.94760 -47.38890
vt 26.05090 -47.38890
vt 25.84420 -47.38890
vt 25.90530 -47.15580
vt 25.99320 -47.18770
vt 25.99320 -47.05240
vt 26.08120 -47.15580
vt 25.87780 -47.05240
vt 26.10860 -47.05240
vt 25.90530 -46.94910
vt 26.08120 -46.94910
vt 25.99320 -46.91720
vt 25.86220 -46.61110
vt 25.88440 -46.76200
vt 25.98890 -46.61110
vt 26.01110 -46.76200
vt 26.11560 -46.61110
vt 26.13780 -46.76200
vt 25.98890 -46.93570
vt 25.86220 -46.93570
vt 25.89870 -46.99360
vt 26.11560 -46.93570
vt 26.00680 -46.99360
vt 26.11480 -46.99360
vt 26.10550 -47.13650
vt 26.00680 -47.13650
vt 25.90810 -47.13650
vt 25.91880 -47.33380
vt 26.00680 -47.33380
vt 25.91880 -47.38890
vt 26.00680 -47.38890
vt 26.09470 -47.33380
vt 26.09470 -47.38890
vt 11.98760 -46.98640
vt 11.98760 -47.01290
vt 12.02450 -47.01170
vt 11.93230 -46.97360
vt 11.93230 -47.02660
vt 12.02980 -46.98500
vt 12.02980 -47.01400
vt 12.06770 -47.01270
vt 11.96980 -46.97090
vt 11.96980 -47.02910
vt 11.95480 -46.97360
vt 11.99880 -47.01290
vt 11.99880 -46.98640
vt 11.95480 -47.02660
vt 12.01450 -47.02980
vt 11.98550 -47.02980
vt 12.00000 -47.06770
vt 11.93020 -46.99880
vt 11.90630 -46.98760
vt 11.90360 -47.02450
vt 12.09370 -46.98760
vt 12.06980 -46.99880
vt 12.09640 -47.02450
vt 11.97090 -46.96980
vt 12.02910 -46.96980
vt 12.03460 -46.95480
vt 12.08270 -46.93230
vt 11.91730 -46.93230
vt 11.96540 -46.95480
vt 11.97090 -46.97090
vt 12.02910 -47.02910
vt 12.02910 -46.97090
vt 11.97090 -47.02910
vt 11.91730 -46.97360
vt 11.96540 -47.02660
vt 11.96540 -46.97360
vt 11.91730 -47.02660
vt 12.03460 -46.97360
vt 12.08270 -47.02660
vt 12.08270 -46.97360
vt 12.03460 -47.02660
vt 12.01240 -47.01290
vt 12.01240 -46.98640
vt 11.97550 -47.01170
vt 12.06770 -46.97360
vt 12.06770 -47.02660
vt 11.97020 -47.01400
vt 11.97020 -46.98500
vt 11.93230 -47.01270
vt 12.03020 -46.97090
vt 12.03020 -47.02910
vt 12.04520 -46.97360
vt 12.00120 -47.01290
vt 12.04520 -47.02660
vt 12.00120 -46.98640
vt 12.06980 -46.98640
vt 12.06980 -47.01290
vt 12.09640 -47.01170
vt 11.93020 -47.01290
vt 11.93020 -46.98640
vt 11.90360 -47.01170
vt 47.90940 -2.89103
vt 47.94420 -3.02253
vt 48.01210 -2.90021
vt 48.03380 -3.01559
vt 48.08640 -3.40868
vt 48.12060 -3.26745
vt 48.03960 -3.29406
vt 48.17290 -3.37225
vt 48.00250 -3.19620
vt 48.04550 -3.05749
vt 47.95600 -3.06443
vt 48.09410 -3.17612
vt 47.85800 -2.62568
vt 47.88760 -2.76083
vt 47.96540 -2.65780
vt 47.98500 -2.77951
vt 48.00730 -2.78803
vt 47.88560 -2.76468
vt 47.89420 -2.79733
vt 47.99160 -2.81601
vt 48.16110 -3.36364
vt 48.07790 -3.39793
vt 48.08630 -3.42526
vt 48.19030 -3.38240
vt 47.82960 -2.94824
vt 47.85040 -3.03494
vt 47.86610 -3.01354
vt 47.84950 -2.94418
vt 47.87610 -3.11946
vt 47.87790 -3.05544
vt 47.89850 -3.12305
vt 47.83820 -2.88461
vt 47.81550 -2.87378
vt 48.10930 -3.23721
vt 48.02840 -3.26382
vt 48.03850 -3.29542
vt 48.13970 -3.26216
vt 47.83160 -2.84811
vt 47.82370 -2.78747
vt 47.80570 -2.79797
vt 47.86370 -2.61532
vt 47.96220 -2.64834
vt 47.97880 -2.62406
vt 47.85570 -2.58279
vt 47.49770 -3.01214
vt 47.57640 -2.89424
vt 47.45740 -2.90937
vt 47.60640 -2.99162
vt 48.42360 -2.88185
vt 48.50230 -3.00381
vt 48.54260 -2.89857
vt 48.39360 -2.98103
vt 47.86790 -2.86122
vt 48.00000 -2.95030
vt 48.00000 -2.84069
vt 47.87940 -2.95975
vt 48.12060 -2.95006
vt 48.13210 -2.85002
vt 47.81980 -2.86370
vt 47.68950 -2.96536
vt 47.83130 -2.96224
vt 47.66460 -2.85797
vt 48.18020 -2.85024
vt 48.31050 -2.95297
vt 48.33540 -2.84344
vt 48.16870 -2.95028
vt 48.12850 -2.81553
vt 48.20100 -2.79417
vt 48.10050 -2.79828
vt 48.20890 -2.81224
vt 47.79900 -2.80566
vt 47.87150 -2.82665
vt 47.89950 -2.80936
vt 47.79110 -2.82369
vt 48.00000 -2.80533
vt 48.08040 -2.81531
vt 48.00000 -2.82094
vt 47.91960 -2.82417
vt 47.46580 -2.94797
vt 47.51210 -3.05995
vt 47.53190 -3.03376
vt 47.49480 -2.94418
vt 48.53420 -2.95958
vt 48.46810 -3.04068
vt 48.48790 -3.06948
vt 48.50520 -2.95276
vt 48.16510 -2.84167
vt 48.15080 -2.96672
vt 47.83490 -2.85567
vt 47.84920 -2.97884
vt 47.60530 -3.00728
vt 47.60620 -2.88760
vt 47.56780 -2.88555
vt 47.63610 -2.98498
vt 48.39380 -2.87366
vt 48.39470 -2.99492
vt 48.43220 -2.87095
vt 48.36390 -2.97284
vt 47.91240 -3.02326
vt 47.83130 -3.16110
vt 47.84920 -3.19033
vt 47.88180 -3.02744
vt 47.81170 -3.01804
vt 47.68950 -3.17291
vt 47.60530 -3.13968
vt 47.77070 -2.99115
vt 47.73870 -2.99051
vt 47.60640 -3.10933
vt 48.39360 -3.12960
vt 48.22930 -3.00013
vt 48.39470 -3.16197
vt 48.26130 -3.00012
vt 47.87940 -3.16666
vt 48.00000 -3.04710
vt 47.92990 -3.03300
vt 48.08760 -3.03317
vt 48.15080 -3.20215
vt 48.16870 -3.17315
vt 48.11820 -3.03796
vt 48.18830 -3.02901
vt 48.31050 -3.18891
vt 47.67470 -3.03494
vt 47.49480 -3.02253
vt 47.46580 -3.04618
vt 47.66190 -3.01354
vt 47.73680 -3.18137
vt 47.57640 -3.26382
vt 47.56780 -3.29542
vt 47.71160 -3.17258
vt 48.26320 -3.18137
vt 48.43220 -3.29542
vt 48.42360 -3.26382
vt 48.28840 -3.17258
vt 48.32530 -3.03494
vt 48.53420 -3.04618
vt 48.50520 -3.02253
vt 48.33810 -3.01354
vt 47.49480 -3.06443
vt 47.66190 -3.12305
vt 47.66190 -3.05544
vt 47.45740 -3.19620
vt 48.33810 -2.94418
vt 48.42360 -2.79733
vt 48.28840 -2.88461
vt 48.26320 -2.87378
vt 48.43220 -2.76468
vt 48.54260 -2.89103
vt 47.73680 -2.87378
vt 47.60620 -2.76083
vt 47.56780 -2.76468
vt 47.74140 -2.84811
vt 48.39380 -2.76083
vt 48.25860 -2.84811
vt 48.33810 -3.12305
vt 48.54260 -3.19620
vt 48.50520 -3.06443
vt 48.33810 -3.05544
vt 47.57640 -2.79733
vt 47.71160 -2.88461
vt 47.66190 -2.94418
vt 47.45740 -2.89103
vt 47.89950 -2.76802
vt 47.83490 -2.58279
vt 47.81980 -2.61532
vt 47.87150 -2.76351
vt 47.79110 -2.78747
vt 47.66460 -2.62568
vt 48.39380 -3.29406
vt 48.25860 -3.20281
vt 48.20890 -3.25218
vt 48.33540 -3.40868
vt 48.18020 -3.39793
vt 48.12850 -3.26744
vt 48.10050 -3.26215
vt 48.16510 -3.42526
vt 48.20890 -2.78747
vt 48.33540 -2.62568
vt 48.18020 -2.61532
vt 48.12850 -2.76351
vt 48.10050 -2.76802
vt 48.16510 -2.58279
vt 47.60620 -3.29406
vt 47.79110 -3.25218
vt 47.74140 -3.20281
vt 47.66460 -3.40868
vt 47.81980 -3.39793
vt 47.87150 -3.26744
vt 47.89950 -3.26215
vt 47.83490 -3.42526
vt 48.13210 -2.60099
vt 48.08040 -2.74918
vt 48.00000 -2.72528
vt 48.00000 -2.52387
vt 47.86790 -2.60099
vt 47.91960 -2.74918
vt 48.00000 -3.29644
vt 48.13210 -3.40827
vt 48.08040 -3.27779
vt 48.00000 -3.47613
vt 47.86790 -3.40827
vt 47.91960 -3.27779
vt 47.79900 -2.79797
vt 47.67470 -2.94824
vt 47.67470 -3.11946
vt 47.79900 -3.24307
vt 48.00000 -2.73815
vt 48.00000 -3.28547
vt 48.20100 -2.79797
vt 48.20100 -3.24307
vt 48.32530 -3.11946
vt 48.32530 -2.94824
vt 47.99620 -2.90021
vt 48.04720 -3.02253
vt 48.10140 -2.89103
vt 47.95930 -3.01559
vt 47.89970 -3.40868
vt 47.85900 -3.26745
vt 47.81110 -3.37225
vt 47.94220 -3.29406
vt 47.94440 -3.05749
vt 47.97750 -3.19620
vt 48.03230 -3.06443
vt 47.88670 -3.17612
vt 48.04700 -2.65780
vt 48.12630 -2.76083
vt 48.15660 -2.62568
vt 48.02720 -2.77951
vt 48.00510 -2.78803
vt 48.11810 -2.79733
vt 48.12910 -2.76468
vt 48.01900 -2.81601
vt 47.82690 -3.36364
vt 47.90150 -3.42526
vt 47.90980 -3.39793
vt 47.79790 -3.38240
vt 48.16910 -2.88461
vt 48.17390 -2.94824
vt 48.19280 -2.87378
vt 48.15400 -2.94418
vt 48.13190 -3.01354
vt 48.14620 -3.03494
vt 47.87040 -3.23721
vt 47.94200 -3.29542
vt 47.95360 -3.26382
vt 47.83800 -3.26216
vt 48.17730 -2.84811
vt 48.20580 -2.79797
vt 48.18780 -2.78747
vt 48.03330 -2.62406
vt 48.14980 -2.61532
vt 48.15830 -2.58279
vt 48.04970 -2.64834
vt 48.11490 -3.11946
vt 48.11690 -3.05544
vt 48.09190 -3.12305
vt 47.57640 -3.04639
vt 47.49770 -3.11335
vt 47.60640 -3.12960
vt 47.45740 -3.02250
vt 48.39360 -3.10933
vt 48.50230 -3.09411
vt 48.42360 -3.02839
vt 48.54260 -3.00252
vt 47.87940 -3.17611
vt 48.00000 -3.11649
vt 47.86790 -3.09318
vt 48.00000 -3.20583
vt 48.13210 -3.08342
vt 48.12060 -3.16666
vt 47.81980 -3.09021
vt 47.68950 -3.18891
vt 47.83130 -3.17315
vt 47.66460 -3.10027
vt 48.16870 -3.16110
vt 48.31050 -3.17291
vt 48.18020 -3.07785
vt 48.33540 -3.08642
vt 47.49480 -2.96769
vt 47.51210 -3.06948
vt 47.53190 -3.05560
vt 47.46580 -2.95958
vt 48.50520 -2.95596
vt 48.46810 -3.04555
vt 48.48790 -3.05995
vt 48.53420 -2.94797
vt 48.16510 -3.08628
vt 48.15080 -3.19033
vt 47.83490 -3.09848
vt 47.84920 -3.20215
vt 47.60620 -3.05780
vt 47.60530 -3.16197
vt 47.63610 -3.14100
vt 47.56780 -3.05797
vt 48.39380 -3.03964
vt 48.36390 -3.12058
vt 48.39470 -3.13968
vt 48.43220 -3.03851
vt 47.66190 -2.88307
vt 47.67470 -2.85381
vt 47.71160 -2.92486
vt 47.67470 -2.88513
vt 47.66190 -2.90812
vt 47.73680 -2.90605
vt 48.28840 -2.91467
vt 48.33810 -2.89848
vt 48.32530 -2.87612
vt 48.26320 -2.89635
vt 48.33810 -2.87788
vt 48.32530 -2.85037
vt 48.25860 -2.92591
vt 48.20100 -2.91951
vt 48.20890 -2.94444
vt 48.12850 -2.95373
vt 48.10050 -2.93112
vt 47.79900 -2.92984
vt 47.74140 -2.93626
vt 47.79110 -2.95530
vt 47.87150 -2.96416
vt 47.89950 -2.94091
vt 48.08040 -2.95929
vt 48.00000 -2.95018
vt 48.00000 -2.97454
vt 47.91960 -2.96712
vt 48.30460 -2.94723
vt 48.46810 -3.01559
vt 48.50230 -2.90021
vt 48.39360 -2.81601
vt 48.26130 -2.89677
vt 48.28350 -2.95206
vt 48.22930 -2.88898
vt 48.39470 -2.78803
vt 48.08760 -2.80004
vt 48.08760 -3.22256
vt 47.91240 -3.22256
vt 48.17520 -2.82540
vt 48.23160 -2.86027
vt 48.11820 -2.78912
vt 48.18830 -2.80941
vt 48.36390 -2.77951
vt 48.31050 -2.65780
vt 48.16870 -2.64834
vt 48.15080 -2.62406
vt 47.81170 -3.22207
vt 47.63610 -3.26745
vt 47.68950 -3.37225
vt 47.88180 -3.23577
vt 47.82480 -3.20544
vt 47.76840 -3.17902
vt 47.77070 -3.15163
vt 47.60530 -3.26216
vt 47.77070 -2.88898
vt 47.91240 -2.80004
vt 48.00000 -2.77526
vt 48.07010 -2.77479
vt 47.92990 -2.77479
vt 48.00000 -2.75497
vt 48.12060 -2.63401
vt 48.00000 -2.56357
vt 47.87940 -2.63401
vt 47.84920 -2.62406
vt 47.82480 -2.82540
vt 47.88180 -2.78912
vt 47.76840 -2.86027
vt 47.83130 -2.64834
vt 47.81170 -2.80941
vt 47.68950 -2.65780
vt 47.63610 -2.77951
vt 47.60530 -2.78803
vt 47.71650 -3.02564
vt 47.71650 -2.95206
vt 47.73870 -2.89677
vt 47.60640 -2.81601
vt 47.69540 -2.94723
vt 47.49770 -2.90021
vt 47.53190 -3.01559
vt 47.69540 -3.00609
vt 47.51210 -3.03750
vt 47.71650 -3.09807
vt 47.69540 -3.04799
vt 47.73870 -3.14879
vt 47.69540 -3.10594
vt 47.60640 -3.23721
vt 47.49770 -3.17612
vt 47.53190 -3.05749
vt 48.22930 -3.15163
vt 48.39360 -3.23721
vt 48.30460 -3.10594
vt 48.26130 -3.14879
vt 48.50230 -3.17612
vt 48.46810 -3.05749
vt 48.28350 -3.09807
vt 48.30460 -3.04799
vt 48.48790 -3.03750
vt 48.28350 -3.02564
vt 48.30460 -3.00609
vt 48.00000 -3.24304
vt 47.92990 -3.24611
vt 48.07010 -3.24611
vt 48.00000 -3.26250
vt 47.87940 -3.37398
vt 47.84920 -3.38240
vt 48.00000 -3.43643
vt 48.12060 -3.37398
vt 48.15080 -3.38240
vt 48.18830 -3.22207
vt 48.31050 -3.37225
vt 48.36390 -3.26745
vt 48.17520 -3.20544
vt 48.11820 -3.23577
vt 48.23160 -3.17902
vt 48.39470 -3.26216
vt 27.97900 -42.61110
vt 27.97920 -42.93580
vt 28.16810 -42.76200
vt 28.13410 -42.93570
vt 27.83200 -42.65980
vt 27.80040 -42.86890
vt 27.82420 -42.93580
vt 27.85740 -42.99360
vt 28.11140 -42.99360
vt 27.98440 -42.99360
vt 28.06310 -43.13650
vt 28.04060 -43.33380
vt 27.94700 -43.13650
vt 27.93720 -43.33380
vt 28.14400 -43.33380
vt 28.14400 -43.38890
vt 27.83100 -43.13650
vt 28.04060 -43.38890
vt 27.93720 -43.38890
vt 28.13780 -42.83200
vt 28.02480 -42.83200
vt 28.13780 -42.97900
vt 28.01110 -42.97900
vt 27.91190 -42.83200
vt 27.88440 -42.97900
vt 28.11560 -43.16810
vt 27.98890 -43.16810
vt 27.86220 -43.16810
vt 28.09470 -43.33380
vt 28.10550 -43.13650
vt 28.00680 -43.13650
vt 28.00680 -43.33380
vt 28.09470 -43.38890
vt 28.00680 -43.38890
vt 27.91880 -43.33380
vt 27.90810 -43.13650
vt 27.91880 -43.38890
vt 27.97520 -42.65980
vt 27.98570 -42.86890
vt 28.08810 -42.65980
vt 28.10920 -42.86890
vt 27.86220 -42.86890
vt 27.86220 -42.65980
vt 27.86220 -42.93580
vt 27.98890 -42.93580
vt 27.89870 -42.99360
vt 28.11560 -42.93580
vt 28.00680 -42.99360
vt 28.11480 -42.99360
vt 28.16800 -42.65980
vt 28.02080 -42.93580
vt 28.19960 -42.86890
vt 28.17580 -42.93580
vt 28.02100 -42.61110
vt 28.14260 -42.99360
vt 27.83190 -42.76200
vt 28.01560 -42.99360
vt 27.86590 -42.93570
vt 27.88860 -42.99360
vt 28.06280 -43.33380
vt 28.16900 -43.13650
vt 28.05300 -43.13650
vt 27.95940 -43.33380
vt 27.93690 -43.13650
vt 27.85600 -43.33380
vt 27.95940 -43.38890
vt 27.85600 -43.38890
vt 28.06280 -43.38890
vt 28.09470 -43.14400
vt 28.00680 -43.05610
vt 28.00680 -43.19960
vt 27.91880 -43.14400
vt 28.11970 -43.04060
vt 27.89390 -43.04060
vt 28.09470 -42.93720
vt 27.91880 -42.93720
vt 28.00680 -42.91250
vt 28.11560 -42.76200
vt 27.98890 -42.76200
vt 28.01110 -42.93570
vt 28.13780 -42.93570
vt 28.10130 -42.99360
vt 27.99320 -42.99360
vt 27.88440 -42.93570
vt 27.86220 -42.76200
vt 27.88520 -42.99360
vt 28.09190 -43.13650
vt 27.99320 -43.13650
vt 27.89450 -43.13650
vt 28.08120 -43.33380
vt 27.99320 -43.33380
vt 28.08120 -43.38890
vt 27.99320 -43.38890
vt 27.90530 -43.33380
vt 27.90530 -43.38890
vt 1.98760 -41.01290
vt 2.02453 -41.01170
vt 1.98760 -40.98640
vt 1.93234 -40.97360
vt 1.93234 -41.02660
vt 2.02978 -41.01400
vt 2.06766 -41.01270
vt 2.02978 -40.98500
vt 1.96982 -40.97090
vt 1.96982 -41.02910
vt 1.95478 -40.97360
vt 1.99876 -41.01290
vt 1.99876 -40.98640
vt 1.95478 -41.02660
vt 1.98553 -41.02980
vt 2.00000 -41.06770
vt 2.01447 -41.02980
vt 2.06978 -40.99880
vt 2.09637 -41.02450
vt 2.09373 -40.98760
vt 1.90627 -40.98760
vt 1.90363 -41.02450
vt 1.93022 -40.99880
vt 2.02907 -40.96980
vt 1.97093 -40.96980
vt 2.03456 -40.95480
vt 2.08268 -40.93230
vt 1.96544 -40.95480
vt 1.91732 -40.93230
vt 2.02907 -40.97090
vt 1.97093 -40.97090
vt 1.97093 -41.02910
vt 2.02907 -41.02910
vt 2.08268 -40.97360
vt 2.03456 -40.97360
vt 2.03456 -41.02660
vt 2.08268 -41.02660
vt 1.96544 -40.97360
vt 1.91732 -40.97360
vt 1.91732 -41.02660
vt 1.96544 -41.02660
vt 2.01240 -40.98640
vt 1.97547 -41.01170
vt 2.01240 -41.01290
vt 2.06766 -40.97360
vt 2.06766 -41.02660
vt 1.97022 -40.98500
vt 1.93234 -41.01270
vt 1.97022 -41.01400
vt 2.03018 -40.97090
vt 2.03018 -41.02910
vt 2.04522 -40.97360
vt 2.00124 -40.98640
vt 2.00124 -41.01290
vt 2.04522 -41.02660
vt 1.93022 -40.98640
vt 1.90363 -41.01170
vt 1.93022 -41.01290
vt 2.06978 -41.01290
vt 2.09637 -41.01170
vt 2.06978 -40.98640
vt 35.97900 -32.61110
vt 35.97920 -32.93580
vt 36.16810 -32.76200
vt 36.13420 -32.93570
vt 35.83200 -32.65980
vt 35.80040 -32.86890
vt 35.82420 -32.93580
vt 36.11140 -32.99360
vt 35.85740 -32.99360
vt 35.98440 -32.99360
vt 36.06310 -33.13650
vt 35.94700 -33.13650
vt 35.83100 -33.13650
vt 35.93720 -33.33380
vt 36.04060 -33.33380
vt 35.93720 -33.38890
vt 36.04060 -33.38890
vt 36.14400 -33.33380
vt 36.14400 -33.38890
vt 35.86220 -32.83200
vt 35.86220 -32.97900
vt 35.97520 -32.83200
vt 35.98890 -32.97900
vt 36.08810 -32.83200
vt 36.11560 -32.97900
vt 35.88440 -33.16810
vt 36.01110 -33.16810
vt 36.13780 -33.16810
vt 35.89450 -33.13650
vt 35.90530 -33.33380
vt 35.99320 -33.13650
vt 35.99320 -33.33380
vt 35.90530 -33.38890
vt 35.99320 -33.38890
vt 36.08120 -33.33380
vt 36.09190 -33.13650
vt 36.08120 -33.38890
vt 35.91190 -32.65980
vt 36.01430 -32.86890
vt 36.02480 -32.65980
vt 35.89080 -32.86890
vt 36.13780 -32.86890
vt 36.13780 -32.65980
vt 36.13780 -32.93580
vt 36.01110 -32.93580
vt 36.10130 -32.99360
vt 35.88440 -32.93580
vt 35.99320 -32.99360
vt 35.88520 -32.99360
vt 35.88860 -32.99360
vt 35.93690 -33.13650
vt 36.01560 -32.99360
vt 36.05300 -33.13650
vt 36.14260 -32.99360
vt 35.95940 -33.33380
vt 35.85600 -33.33380
vt 35.85600 -33.38890
vt 36.16800 -32.65980
vt 36.02080 -32.93580
vt 36.19960 -32.86890
vt 36.17580 -32.93580
vt 36.02100 -32.61110
vt 35.83190 -32.76200
vt 35.86580 -32.93570
vt 36.16900 -33.13650
vt 36.06280 -33.33380
vt 35.95940 -33.38890
vt 36.06280 -33.38890
vt 35.90530 -33.14400
vt 35.99320 -33.19960
vt 35.99320 -33.05610
vt 36.08120 -33.14400
vt 35.88030 -33.04060
vt 36.10610 -33.04060
vt 35.90530 -32.93720
vt 36.08120 -32.93720
vt 35.99320 -32.91250
vt 35.88440 -32.76200
vt 35.98890 -32.93570
vt 36.01110 -32.76200
vt 35.86220 -32.93570
vt 35.89870 -32.99360
vt 36.11560 -32.93570
vt 36.13780 -32.76200
vt 36.00680 -32.99360
vt 35.90810 -33.13650
vt 36.11480 -32.99360
vt 36.00680 -33.13650
vt 36.10550 -33.13650
vt 35.91880 -33.33380
vt 36.00680 -33.33380
vt 35.91880 -33.38890
vt 36.00680 -33.38890
vt 36.09470 -33.33380
vt 36.09470 -33.38890
vt 25.98760 -60.98640
vt 25.98760 -61.01290
vt 26.02450 -61.01170
vt 25.93230 -60.97360
vt 25.93230 -61.02660
vt 26.02980 -60.98500
vt 26.02980 -61.01400
vt 26.06770 -61.01270
vt 25.96980 -60.97090
vt 25.96980 -61.02910
vt 25.95480 -60.97360
vt 25.99880 -61.01290
vt 25.99880 -60.98640
vt 25.95480 -61.02660
vt 26.01450 -61.02980
vt 25.98550 -61.02980
vt 26.00000 -61.06770
vt 25.93020 -60.99880
vt 25.90630 -60.98760
vt 25.90360 -61.02450
vt 26.09370 -60.98760
vt 26.06980 -60.99880
vt 26.09640 -61.02450
vt 25.97090 -60.96980
vt 26.02910 -60.96980
vt 25.91730 -60.93230
vt 25.96540 -60.95480
vt 26.08270 -60.93230
vt 26.03460 -60.95480
vt 25.97090 -60.97090
vt 26.02910 -61.02910
vt 26.02910 -60.97090
vt 25.97090 -61.02910
vt 25.91730 -60.97360
vt 25.96540 -61.02660
vt 25.96540 -60.97360
vt 25.91730 -61.02660
vt 26.03460 -60.97360
vt 26.08270 -61.02660
vt 26.08270 -60.97360
vt 26.03460 -61.02660
vt 26.01240 -61.01290
vt 26.01240 -60.98640
vt 25.97550 -61.01170
vt 26.06770 -60.97360
vt 26.06770 -61.02660
vt 25.97020 -61.01400
vt 25.97020 -60.98500
vt 25.93230 -61.01270
vt 26.03020 -60.97090
vt 26.03020 -61.02910
vt 26.04520 -60.97360
vt 26.00120 -61.01290
vt 26.04520 -61.02660
vt 26.00120 -60.98640
vt 26.06980 -60.98640
vt 26.06980 -61.01290
vt 26.09640 -61.01170
vt 25.93020 -61.01290
vt 25.93020 -60.98640
vt 25.90360 -61.01170
vt 21.79850 -58.89080
vt 21.96460 -59.00220
vt 21.96460 -58.84250
vt 21.79850 -59.01450
vt 21.96460 -59.05690
vt 21.79850 -59.05690
vt 21.96460 -59.19020
vt 21.79850 -59.19020
vt 22.13070 -59.15640
vt 22.15740 -59.02280
vt 22.29900 -59.05690
vt 22.29900 -59.19020
vt 22.15060 -58.98910
vt 22.11690 -58.96200
vt 22.13070 -58.89080
vt 21.99220 -58.97060
vt 22.10820 -58.91420
vt 21.99150 -58.90290
vt 22.04770 -58.86660
vt 22.04990 -58.89740
vt 22.00000 -59.05030
vt 22.19470 -59.13070
vt 22.22480 -59.04770
vt 22.00000 -59.14650
vt 21.80530 -59.13070
vt 21.77520 -59.04770
vt 22.00000 -58.95400
vt 22.25490 -58.96460
vt 21.74510 -58.96460
vt 22.12740 -58.78000
vt 22.25490 -58.79850
vt 22.00000 -58.76150
vt 21.87260 -58.78000
vt 21.74510 -58.79850
vt 21.79450 -59.11690
vt 21.75400 -58.99220
vt 21.73560 -58.99220
vt 21.80880 -59.11690
vt 22.24600 -58.99220
vt 22.20550 -59.11690
vt 22.26440 -58.99220
vt 22.19120 -59.11690
vt 22.00000 -59.17310
vt 22.19470 -59.29900
vt 22.19470 -59.15740
vt 22.00000 -59.34160
vt 21.80530 -59.29900
vt 21.80530 -59.15740
vt 21.74510 -58.89080
vt 21.87260 -58.98100
vt 21.87260 -58.80150
vt 21.74510 -59.01450
vt 22.00000 -58.96200
vt 22.00000 -58.76870
vt 22.00000 -59.02820
vt 21.87260 -59.04260
vt 21.74510 -59.05690
vt 22.00000 -59.23130
vt 21.74510 -59.19020
vt 21.87260 -59.22720
vt 22.12740 -59.04260
vt 22.25490 -59.19020
vt 22.25490 -59.05690
vt 22.12740 -59.22720
vt 22.25490 -59.01450
vt 22.12740 -58.98100
vt 22.25490 -58.89080
vt 22.12740 -58.80150
vt 21.80710 -58.91420
vt 21.79450 -58.96200
vt 21.80880 -58.96200
vt 21.79260 -58.91420
vt 22.19290 -58.91420
vt 22.20550 -58.96200
vt 22.20740 -58.91420
vt 22.19120 -58.96200
vt 22.03540 -59.05690
vt 22.20150 -59.19020
vt 22.20150 -59.05690
vt 22.03540 -59.19020
vt 22.20150 -59.01450
vt 22.03540 -59.00220
vt 22.20150 -58.89080
vt 22.03540 -58.84250
vt 21.86930 -59.15640
vt 21.70100 -59.05690
vt 21.70100 -59.19020
vt 21.84260 -59.02280
vt 21.84940 -58.98910
vt 21.88310 -58.96200
vt 21.86930 -58.89080
vt 22.00780 -58.97060
vt 21.89180 -58.91420
vt 22.00850 -58.90290
vt 21.95230 -58.86660
vt 21.95010 -58.89740
vt 22.09730 -59.32030
vt 22.09730 -59.13860
vt 21.90270 -59.13860
vt 21.90270 -59.32030
vt 21.85540 -58.95930
vt 21.71080 -58.96460
vt 21.87260 -58.72850
vt 22.14460 -58.95930
vt 22.28920 -58.96460
vt 22.12740 -58.72850
vt 22.00000 -58.65840
vt 21.78800 -59.04990
vt 21.79260 -59.10820
vt 21.80710 -59.10820
vt 21.77210 -59.04990
vt 21.76890 -58.99150
vt 21.75160 -58.99150
vt 22.23110 -58.99150
vt 22.21200 -59.04990
vt 22.22790 -59.04990
vt 22.24840 -58.99150
vt 22.20740 -59.10820
vt 22.19290 -59.10820
vt 21.90270 -59.22720
vt 22.09730 -59.22720
vt 21.80530 -59.05690
vt 21.80530 -59.19020
vt 22.19470 -59.05690
vt 22.19470 -59.19020
vt 22.19470 -58.89080
vt 22.00000 -58.95100
vt 22.19470 -58.98910
vt 22.00000 -58.82510
vt 21.80530 -58.89080
vt 21.80530 -58.98910
vt 22.00000 -58.99410
vt 22.19470 -59.02280
vt 21.80530 -59.02280
vt 21.75400 -58.97060
vt 21.76890 -58.90290
vt 21.75160 -58.90290
vt 21.73560 -58.97060
vt 22.24600 -58.97060
vt 22.24840 -58.90290
vt 22.23110 -58.90290
vt 22.26440 -58.97060
vt 1.55505 -1.20021
vt 1.54218 -1.28078
vt 1.55776 -1.27970
vt 1.54048 -1.19601
vt 1.54319 -1.20021
vt 1.55606 -1.28078
vt 1.55776 -1.19601
vt 1.54048 -1.27970
vt 52.01180 -20.96070
vt 52.08030 -20.97490
vt 52.02370 -20.95290
vt 51.97150 -21.15050
vt 51.88640 -21.06200
vt 52.05580 -20.91290
vt 52.09010 -20.92600
vt 52.08690 -20.89870
vt 52.07480 -20.84990
vt 52.07860 -20.84950
vt 52.04130 -21.15050
vt 52.11360 -20.97490
vt 52.05090 -20.96070
vt 51.95630 -21.06200
vt 52.05950 -20.95290
vt 52.11260 -20.92600
vt 52.07740 -20.91290
vt 52.10320 -20.89870
vt 52.07710 -20.84990
vt 52.08090 -20.84950
vt 52.19030 -21.07710
vt 52.19640 -21.07860
vt 52.19400 -21.07480
vt 52.19260 -21.08090
vt 51.80970 -21.07710
vt 51.80360 -21.07860
vt 51.80740 -21.08090
vt 51.80600 -21.07480
vt 52.13290 -21.05090
vt 52.20020 -21.02370
vt 52.19650 -21.01180
vt 52.04030 -20.95630
vt 52.15400 -20.88640
vt 52.14190 -21.05950
vt 51.86710 -21.05090
vt 51.79980 -21.02370
vt 51.85810 -21.05950
vt 51.80350 -21.01180
vt 51.95970 -20.95630
vt 51.84600 -20.88640
vt 51.79980 -20.95290
vt 51.85810 -20.95290
vt 51.83110 -20.91290
vt 51.79600 -20.91290
vt 51.80970 -20.84990
vt 51.80600 -20.84990
vt 52.20020 -20.95290
vt 52.16890 -20.91290
vt 52.14190 -20.95290
vt 52.20400 -20.91290
vt 52.19030 -20.84990
vt 52.19400 -20.84990
vt 52.11360 -21.06200
vt 51.98820 -20.96070
vt 52.02850 -21.15050
vt 51.91970 -20.97490
vt 51.97630 -20.95290
vt 51.94420 -20.91290
vt 51.90990 -20.92600
vt 51.91310 -20.89870
vt 51.92520 -20.84990
vt 51.92140 -20.84950
vt 51.95870 -21.15050
vt 51.94910 -20.96070
vt 51.88640 -20.97490
vt 52.04370 -21.06200
vt 51.94050 -20.95290
vt 51.88740 -20.92600
vt 51.92260 -20.91290
vt 51.89680 -20.89870
vt 51.92290 -20.84990
vt 51.91910 -20.84950
vt 51.90740 -21.04130
vt 51.79380 -20.97150
vt 52.09260 -21.04130
vt 52.20620 -20.97150
vt 52.17800 -20.97490
vt 52.20620 -21.15050
vt 52.23210 -20.97490
vt 52.09260 -21.15050
vt 52.18940 -20.92600
vt 52.22610 -20.92600
vt 52.21720 -20.89870
vt 52.19060 -20.89870
vt 52.19640 -20.84950
vt 52.19260 -20.84950
vt 51.79380 -21.15050
vt 51.82200 -20.97490
vt 51.76790 -20.97490
vt 51.90740 -21.15050
vt 51.81060 -20.92600
vt 51.77390 -20.92600
vt 51.78280 -20.89870
vt 51.80940 -20.89870
vt 51.80360 -20.84950
vt 51.80740 -20.84950
vt 8.03009 -22.99980
vt 7.88441 -22.92420
vt 7.84519 -23.05180
vt 8.04905 -23.07580
vt 8.04214 -23.00750
vt 8.09078 -23.01760
vt 8.09566 -23.06020
vt 8.11751 -23.04210
vt 8.15261 -23.00150
vt 8.15481 -23.00540
vt 7.96582 -23.04210
vt 7.97940 -23.09080
vt 8.03418 -23.04210
vt 8.02060 -23.09080
vt 8.06671 -22.88440
vt 7.93329 -22.88440
vt 7.96266 -23.03010
vt 8.03734 -23.03010
vt 7.99779 -23.15260
vt 8.00221 -23.15260
vt 8.06671 -22.92420
vt 7.93329 -22.92420
vt 7.93329 -23.05180
vt 8.06671 -23.05180
vt 7.95095 -23.07580
vt 7.96991 -22.99980
vt 7.95786 -23.00750
vt 8.15481 -23.05180
vt 8.11559 -22.92420
vt 7.90922 -23.01760
vt 7.90434 -23.06020
vt 7.88249 -23.04210
vt 7.84739 -23.00150
vt 7.84519 -23.00540
vt 8.00221 -23.15480
vt 8.01559 -23.11750
vt 7.99779 -23.15480
vt 7.98441 -23.11750
vt 8.02153 -23.09570
vt 7.97847 -23.09570
vt 8.03177 -23.04910
vt 8.06671 -22.84520
vt 7.96823 -23.04910
vt 7.93329 -22.84520
vt 7.99779 -23.00150
vt 7.99779 -23.00540
vt 8.00221 -23.00150
vt 8.00221 -23.00540
vt 1.66802 2.47038
vt 1.65414 2.38453
vt 1.66972 2.38560
vt 1.65344 2.47458
vt 1.65514 2.47038
vt 1.66903 2.38453
vt 1.66972 2.47458
vt 1.65344 2.38560
vt 1.62784 -1.17023
vt 1.71259 -1.11599
vt 1.62513 -1.09075
vt 1.72135 -1.16376
vt 1.63389 -1.11599
vt 1.71864 -1.17023
vt 1.72135 -1.09075
vt 1.62513 -1.16376
vt 48.03890 -32.87190
vt 47.82560 -33.12810
vt 48.03890 -33.12810
vt 47.79060 -32.87190
vt 48.21350 -32.92510
vt 48.08620 -33.11370
vt 48.21350 -33.07490
vt 48.08620 -32.88630
vt 47.83760 -32.79060
vt 48.00000 -33.04290
vt 48.00000 -32.75670
vt 48.16240 -32.79060
vt 47.82680 -33.03890
vt 48.17320 -33.03890
vt 47.86100 -33.08620
vt 48.13900 -33.08620
vt 48.00000 -33.09720
vt 47.90840 -33.21350
vt 48.09160 -33.21350
vt 48.00000 -33.24330
vt 47.83760 -32.87190
vt 48.00000 -33.14710
vt 48.00000 -32.85290
vt 47.83760 -33.12810
vt 48.16240 -32.87190
vt 48.16240 -33.12810
vt 47.96110 -32.87190
vt 48.17440 -33.12810
vt 48.20940 -32.87190
vt 47.96110 -33.12810
vt 47.78650 -32.92510
vt 47.91380 -33.11370
vt 47.91380 -32.88630
vt 47.78650 -33.07490
vt 47.83760 -32.82560
vt 48.00000 -32.79180
vt 48.16240 -32.82560
vt 47.90840 -32.92510
vt 48.00000 -33.08600
vt 48.00000 -32.91400
vt 47.90840 -33.07490
vt 48.09160 -32.92510
vt 48.09160 -33.07490
vt -0.07373 -57.13100
vt 0.19977 -57.13890
vt 0.15965 -57.05220
vt 0.11952 -56.96550
vt 0.39222 -56.98550
vt 0.39222 -56.84180
vt -0.06148 -57.06980
vt -0.26487 -57.07310
vt -0.27759 -57.09010
vt -0.39222 -57.03380
vt -0.29031 -57.10720
vt -0.08598 -57.19210
vt 0.39222 -57.12930
vt 0.00000 -57.11950
vt 0.00000 -57.39220
vt 0.09552 -57.11950
vt 0.14376 -57.39220
vt 0.00000 -56.93850
vt 0.06234 -56.93850
vt -0.06234 -56.93850
vt -0.09552 -57.11950
vt -0.14376 -57.39220
vt -0.02126 -56.73510
vt 0.00000 -56.73510
vt 0.00000 -56.60780
vt 0.02126 -56.73510
vt -0.15965 -57.05220
vt -0.39222 -56.98550
vt -0.19977 -57.13890
vt -0.39222 -57.12930
vt 0.07373 -57.13100
vt 0.08598 -57.19210
vt 0.27759 -57.09010
vt 0.29031 -57.10720
vt 0.39222 -57.03380
vt 0.26487 -57.07310
vt 0.06148 -57.06980
vt -0.11952 -56.96550
vt -0.39222 -56.84180
vt 0.02126 -56.70970
vt 0.00000 -56.91400
vt 0.06234 -56.91400
vt 0.00000 -56.70970
vt -0.02126 -56.70970
vt -0.06234 -56.91400
vt 0.09552 -57.19980
vt 0.00000 -57.19980
vt -0.09552 -57.19980
vn 0.8189 -0.1102 -0.5669
vn 0.9370 -0.1181 -0.3307
vn 0.9370 -0.1181 -0.3228
vn 0.9921 -0.1181 0.0000
vn 0.9528 -0.1102 0.2756
vn 0.9528 -0.1102 0.2835
vn 0.8898 -0.1024 0.4488
vn 0.9528 0.1102 0.2677
vn 0.9921 0.1181 0.0000
vn 0.9449 0.1024 -0.3071
vn 0.9449 0.1102 0.3071
vn 0.8819 0.1024 0.4567
vn 0.9291 0.1024 -0.3622
vn 0.8189 0.0787 -0.5591
vn -0.3307 0.8583 -0.3937
vn -0.2992 0.7008 -0.6457
vn -0.3228 0.7795 0.5354
vn -0.3386 0.8819 0.3386
vn -0.3386 0.9370 0.0079
vn 0.2992 0.7008 -0.6457
vn 0.3307 0.8583 -0.3937
vn 0.3386 0.9370 0.0079
vn 0.3386 0.8819 0.3386
vn 0.3228 0.7795 0.5354
vn 0.0000 0.0000 1.0000
vn -0.9370 -0.1181 -0.3307
vn -0.8189 -0.1102 -0.5669
vn -0.9370 -0.1181 -0.3228
vn -0.8898 -0.1024 0.4488
vn -0.9528 -0.1102 0.2835
vn -0.9528 -0.1102 0.2756
vn -0.9921 -0.1181 0.0000
vn -0.9449 0.1024 -0.3071
vn -0.9921 0.1181 0.0000
vn -0.9528 0.1102 0.2677
vn -0.9291 0.1024 -0.3622
vn -0.8189 0.0787 -0.5669
vn -0.9449 0.1102 0.3071
vn -0.8819 0.1024 0.4567
vn -0.0394 -0.9764 -0.2283
vn 0.0000 -0.9685 -0.2598
vn 0.0000 -1.0000 0.0000
vn -0.0472 -1.0000 0.0000
vn -0.0315 -0.9055 -0.4173
vn 0.0000 -0.9055 -0.4173
vn 0.0315 -0.9055 -0.4173
vn 0.0394 -0.9764 -0.2283
vn 0.0472 -1.0000 0.0000
vn -0.0394 -0.9764 0.2126
vn 0.0394 -0.9764 0.2126
vn 0.0000 -0.9685 0.2362
vn -0.0315 -0.9291 0.3701
vn 0.0315 -0.9291 0.3701
vn 0.0000 -0.9291 0.3701
vn -0.0157 -0.0551 -1.0000
vn 0.0000 -0.0551 -1.0000
vn 0.0157 -0.0551 -1.0000
vn 0.9921 0.0079 0.0945
vn 1.0000 0.0000 0.0472
vn 1.0000 0.0000 0.0551
vn 1.0000 -0.0315 0.0000
vn 1.0000 -0.0394 0.0000
vn 1.0000 0.0000 0.0630
vn 1.0000 0.0000 -0.0630
vn 1.0000 -0.0394 0.0157
vn 1.0000 -0.0551 0.0551
vn 0.9843 -0.0236 0.1811
vn 0.9685 0.0000 0.2598
vn 1.0000 0.0000 0.0000
vn 1.0000 0.0157 -0.0157
vn 0.9685 0.0000 -0.2598
vn 0.9764 0.0315 -0.1968
vn 0.0000 0.9528 0.3150
vn 0.2598 -0.2047 0.9449
vn 0.1496 -0.4173 0.8976
vn 0.0000 -0.4173 0.9055
vn 0.0000 -0.2283 0.9764
vn 0.3386 0.0000 0.9370
vn -0.2598 -0.2047 0.9449
vn -0.1496 -0.4173 0.8976
vn -0.3386 0.0000 0.9370
vn 0.0000 0.1496 0.9921
vn 0.0000 -0.0945 0.9921
vn 0.0000 -0.1102 0.9921
vn 0.0000 -0.4016 0.9134
vn 0.0000 -0.4961 0.8661
vn 0.0000 0.1811 0.9843
vn -1.0000 0.0236 -0.0394
vn -0.9606 -0.2677 -0.0236
vn -0.9843 -0.1890 -0.0315
vn -0.9449 -0.3228 0.0000
vn -0.9528 -0.3071 0.0000
vn -0.9685 -0.2441 -0.0236
vn -0.9370 -0.3543 0.0000
vn -0.9843 -0.0236 0.1811
vn -1.0000 -0.0551 0.0551
vn -1.0000 -0.0394 0.0157
vn -1.0000 0.0000 -0.0630
vn -1.0000 0.0157 -0.0157
vn -0.9685 0.0000 0.2598
vn -0.9764 0.0315 -0.1968
vn -1.0000 0.0000 0.0000
vn -0.9685 0.0000 -0.2598
vn 0.0000 0.6772 -0.7323
vn 0.0000 0.0866 -1.0000
vn 0.0000 -0.1417 -0.9921
vn 0.0000 -0.1024 -0.9921
vn 0.0000 -0.3465 -0.9370
vn 0.0000 -0.1339 -0.9921
vn 0.0000 -0.3228 -0.9449
vn -0.2520 0.2362 -0.9370
vn -0.1496 0.4331 -0.8898
vn 0.0000 0.4409 -0.8976
vn 0.0000 0.2205 -0.9764
vn -0.3386 0.0000 -0.9370
vn 0.2520 0.2362 -0.9370
vn 0.3386 0.0000 -0.9370
vn 0.1496 0.4331 -0.8898
vn 1.0000 0.0000 0.0709
vn 0.9843 0.0000 0.1968
vn 0.9370 0.0000 -0.3543
vn 0.9685 0.0000 -0.2362
vn 0.7795 0.0000 -0.6220
vn 0.0000 0.8110 -0.5906
vn -0.2520 0.8110 -0.5354
vn 0.2520 0.8110 -0.5354
vn 0.0000 0.9764 -0.2283
vn 0.0945 0.9764 -0.2047
vn -0.0945 0.9764 -0.2047
vn -0.4252 0.0000 0.9055
vn 0.4252 0.0000 0.9055
vn -1.0000 0.0000 0.0709
vn -0.9843 0.0000 0.1968
vn -0.9370 0.0000 -0.3543
vn -0.9685 0.0000 -0.2362
vn -0.7795 0.0000 -0.6220
vn 0.0000 -0.9685 -0.2441
vn 0.1024 -0.9685 -0.2205
vn -0.1024 -0.9685 -0.2205
vn 0.0000 -1.0000 -0.0315
vn 0.0157 -1.0000 -0.0315
vn -0.0157 -1.0000 -0.0315
vn -0.6929 0.0000 -0.7165
vn 0.6929 0.0000 -0.7165
vn 1.0000 0.0236 -0.0394
vn 0.9606 -0.2677 -0.0236
vn 0.9685 -0.2441 -0.0236
vn 0.9843 -0.1890 -0.0315
vn 0.9449 -0.3228 0.0000
vn 0.9370 -0.3543 0.0000
vn 0.9528 -0.3071 0.0000
vn -0.9921 0.0079 0.0945
vn -1.0000 0.0000 0.0472
vn -1.0000 0.0000 0.0630
vn -1.0000 0.0000 0.0551
vn -1.0000 -0.0394 0.0000
vn -1.0000 -0.0315 0.0000
vn 0.9134 -0.1811 -0.3622
vn 0.8819 -0.2677 -0.3937
vn 0.8740 0.3701 -0.3150
vn 0.8425 0.4331 -0.3307
vn 0.9528 -0.1811 -0.2598
vn 0.8740 -0.3937 -0.2835
vn 0.8425 -0.1260 0.5197
vn 0.8504 -0.1575 0.5118
vn 0.6929 0.4724 0.5433
vn 0.9134 0.3228 -0.2362
vn 0.6693 0.4724 0.5669
vn 0.4724 0.6535 0.5906
vn 0.4567 0.6693 0.5906
vn 0.8504 0.4567 -0.2520
vn 0.5591 0.7717 -0.3071
vn -0.5591 0.7795 -0.2992
vn 0.4488 0.8346 -0.3150
vn -0.4724 0.8268 -0.3150
vn 0.0630 0.9449 -0.3150
vn -0.0709 0.9528 -0.3071
vn -0.2126 0.8032 0.5591
vn -0.4567 0.6693 0.5906
vn -0.4803 0.6535 0.5906
vn 0.2205 0.7953 0.5591
vn 0.0315 0.7717 0.6378
vn -0.1811 0.7559 0.6220
vn 0.0394 0.7717 0.6378
vn 0.2441 0.7480 0.6142
vn 0.6063 0.7717 -0.1890
vn -0.5906 0.7795 -0.1890
vn 0.4173 0.8740 -0.2441
vn -0.4409 0.8661 -0.2362
vn 0.1102 0.9685 -0.2205
vn -0.1102 0.9685 -0.2205
vn 0.0630 0.3780 -0.9213
vn 0.1181 0.7402 -0.6614
vn 0.2362 0.7480 -0.6220
vn 0.1024 0.6142 -0.7795
vn -0.0945 0.5433 -0.8346
vn -0.1732 0.6457 -0.7480
vn -0.0551 0.7717 -0.6378
vn -0.0787 0.3701 -0.9291
vn -0.0945 0.5591 -0.8189
vn -0.1496 0.7008 -0.7008
vn 0.1575 0.7244 -0.6693
vn 0.0945 0.3858 -0.9213
vn 0.0709 0.7874 -0.6142
vn 0.1102 0.5984 -0.7953
vn -0.2598 0.6378 -0.7244
vn 0.0394 0.5433 -0.8425
vn -0.1181 0.5197 -0.8425
vn 0.0315 0.4173 -0.9055
vn -0.2283 0.7480 -0.6220
vn -0.1102 0.7402 -0.6614
vn -0.0866 0.6220 -0.7795
vn 0.1102 0.5512 -0.8268
vn 0.1968 0.6457 -0.7402
vn -0.4409 0.2992 0.8425
vn -0.6220 -0.1181 0.7795
vn 0.6063 -0.0866 0.7874
vn 0.4094 0.3701 0.8346
vn -0.3543 -0.5276 0.7717
vn -0.5039 -0.4803 0.7165
vn -0.5827 -0.4409 0.6850
vn -0.3228 -0.4646 0.8268
vn -0.2362 -0.6063 0.7638
vn -0.4409 -0.6850 0.5827
vn 0.3228 -0.0630 0.9449
vn 0.4331 -0.1260 0.8898
vn 0.4567 -0.1654 0.8740
vn 0.5433 -0.3465 0.7638
vn 0.3307 -0.1102 0.9370
vn 0.3622 -0.2913 0.8819
vn 0.0079 0.5118 0.8583
vn 0.0079 0.5354 0.8504
vn 0.2126 -0.5906 0.7795
vn 0.3937 -0.5118 0.7638
vn 0.4331 -0.6772 0.5984
vn 0.2992 -0.4331 0.8504
vn 0.3386 -0.5039 0.7953
vn 0.3228 -0.5433 0.7717
vn -0.4252 -0.1732 0.8898
vn -0.4488 -0.2126 0.8661
vn -0.5354 -0.3937 0.7480
vn -0.3150 -0.1339 0.9370
vn -0.3228 -0.1890 0.9291
vn -0.3622 -0.3858 0.8504
vn -0.5197 0.0157 0.8504
vn -0.2992 0.1102 0.9449
vn -0.3071 0.1024 0.9449
vn -0.1496 0.1024 0.9843
vn -0.1654 0.0945 0.9843
vn -0.3150 -0.0236 0.9449
vn 0.1102 -0.7008 0.7087
vn 0.2756 -0.7323 0.6220
vn 0.2362 -0.7244 0.6457
vn 0.1654 -0.5984 0.7795
vn 0.2756 -0.5984 0.7559
vn 0.2520 -0.7323 0.6299
vn 0.4882 -0.4961 0.7244
vn 0.1575 0.1181 0.9764
vn 0.1732 0.1102 0.9764
vn 0.2992 0.1260 0.9449
vn 0.3307 0.0000 0.9449
vn 0.3150 0.1181 0.9449
vn 0.5197 0.0315 0.8504
vn -0.1339 -0.7008 0.7008
vn -0.2520 -0.7323 0.6378
vn -0.2913 -0.7402 0.6063
vn -0.1811 -0.5984 0.7795
vn -0.2835 -0.5984 0.7480
vn -0.2598 -0.7323 0.6220
vn -0.4961 -0.4882 0.7165
vn -0.1260 0.2598 0.9606
vn -0.3307 0.3386 0.8819
vn -0.1102 0.2520 0.9606
vn 0.0472 0.1417 0.9921
vn 0.1968 0.2598 0.9449
vn 0.4016 0.3386 0.8504
vn -0.0315 -0.7717 0.6299
vn -0.1417 -0.7008 0.7008
vn -0.0394 -0.8032 0.5984
vn -0.0315 -0.6378 0.7638
vn 0.0945 -0.7008 0.7087
vn -0.0079 -0.7953 0.6063
vn 0.0000 -0.2677 0.9606
vn -0.9213 -0.1339 -0.3701
vn -0.8740 -0.2913 -0.3858
vn -0.8661 0.3937 -0.3150
vn -0.8425 0.4331 -0.3228
vn -0.9528 -0.1654 -0.2598
vn -0.8740 -0.3937 -0.2835
vn -0.7087 0.4488 0.5433
vn -0.8425 -0.1654 0.5118
vn -0.9134 0.3307 -0.2205
vn -0.6850 0.4646 0.5669
vn -0.8504 0.4646 -0.2520
vn -0.7559 -0.4409 0.4882
vn -0.8425 -0.1890 0.4961
vn -0.5039 -0.7638 -0.4094
vn 0.5039 -0.7638 -0.4094
vn -0.4882 -0.7874 -0.3701
vn 0.5039 -0.7795 -0.3701
vn 0.0945 -0.9291 -0.3622
vn -0.0866 -0.9291 -0.3701
vn -0.5669 -0.7717 -0.2992
vn 0.5669 -0.7717 -0.2913
vn -0.4567 -0.8425 -0.2835
vn 0.4724 -0.8346 -0.2756
vn 0.0394 -0.9528 -0.2913
vn -0.0236 -0.9528 -0.3071
vn -0.2835 -0.7244 0.6299
vn -0.5669 -0.7087 0.4252
vn 0.5591 -0.7087 0.4331
vn 0.2677 -0.7087 0.6535
vn -0.0472 -0.8032 0.5906
vn 0.3543 -0.8346 0.4173
vn 0.5512 -0.7165 0.4331
vn 0.1339 -0.9134 0.3780
vn -0.3622 -0.8346 0.4094
vn -0.5512 -0.7165 0.4252
vn -0.1339 -0.9213 0.3701
vn 0.0236 -0.8110 0.5827
vn -0.3150 -0.7165 0.6220
vn -0.1102 -0.8346 0.5433
vn -0.0157 -0.9134 0.4094
vn 0.0630 -0.8346 0.5433
vn 0.2677 -0.7244 0.6378
vn 0.2283 0.1654 -0.9606
vn 0.3858 0.5118 -0.7717
vn 0.3858 0.1496 -0.9055
vn 0.2362 -0.2913 -0.9291
vn 0.1260 -0.0945 -0.9843
vn -0.0079 0.2677 -0.9606
vn -0.0157 0.2520 -0.9685
vn 0.1417 -0.4331 -0.8898
vn -0.0394 0.2598 -0.9606
vn -0.0472 0.2362 -0.9685
vn 0.2598 0.1575 -0.9528
vn -0.1339 -0.1260 -0.9843
vn 0.0866 -0.0157 -1.0000
vn 0.4646 0.1181 -0.8740
vn 0.5197 0.2362 -0.8189
vn 0.2205 -0.1575 -0.9606
vn -0.1417 -0.3465 -0.9291
vn -0.2913 -0.3858 -0.8819
vn -0.4488 0.4016 -0.8032
vn 0.0157 0.3307 -0.9449
vn -0.2913 0.3858 -0.8740
vn -0.5433 0.2677 -0.7953
vn 0.0157 0.2441 -0.9685
vn 0.0236 0.2598 -0.9685
vn -0.0236 0.2913 -0.9528
vn 0.1181 0.0236 -0.9921
vn -0.1968 0.0315 -0.9764
vn -0.0472 0.0000 -1.0000
vn 0.2992 -0.1732 -0.9370
vn 0.4488 -0.1181 -0.8819
vn -0.0394 -0.2283 -0.9685
vn -0.3622 -0.1575 -0.9134
vn -0.5039 -0.1102 -0.8583
vn 0.0472 0.2205 -0.9764
vn 0.1260 -0.1417 -0.9843
vn -0.2677 0.1260 -0.9528
vn 0.2756 -0.3937 -0.8740
vn 0.1339 -0.3543 -0.9213
vn -0.0866 -0.0394 -0.9921
vn -0.2283 -0.1811 -0.9606
vn -0.4724 0.0945 -0.8740
vn -0.5354 0.2047 -0.8189
vn -0.0630 0.3228 -0.9449
vn 0.0157 0.2362 -0.9685
vn -0.1260 -0.1417 -0.9843
vn -0.1417 -0.4803 -0.8661
vn -0.2362 -0.3465 -0.9134
vn -0.2283 0.1024 -0.9685
vn -0.3937 0.0709 -0.9134
vn -0.3858 0.4488 -0.8032
vn -0.2441 0.3701 -0.8976
vn -0.3543 0.5669 -0.7402
vn -0.0079 0.2835 -0.9606
vn -0.2992 0.1024 -0.9528
vn -0.2283 0.3780 -0.8976
vn -0.3465 0.4409 -0.8268
vn -0.4567 0.0157 -0.8898
vn -0.4646 -0.1732 -0.8661
vn 0.2520 0.4173 -0.8740
vn 0.3543 0.4803 -0.7953
vn 0.4803 0.0709 -0.8740
vn 0.0236 0.3150 -0.9528
vn 0.3228 0.1496 -0.9370
vn 0.4882 -0.1181 -0.8661
vn 0.0709 0.3465 -0.9370
vn 0.3543 0.6063 -0.7087
vn 0.2441 0.4252 -0.8740
vn 0.0315 0.2835 -0.9606
vn 0.1968 0.5118 -0.8346
vn -0.3937 0.5827 -0.7087
vn 0.0315 0.6850 -0.7244
vn 0.3228 0.6220 -0.7165
vn 0.4488 0.5591 -0.7008
vn 0.4803 0.4016 -0.7795
vn -0.0079 0.3465 -0.9370
vn 0.3150 0.4016 -0.8583
vn 0.5748 0.2756 -0.7717
vn 1.0000 0.0079 0.0866
vn 1.0000 0.0000 -0.0551
vn 1.0000 0.0079 -0.0157
vn 0.9843 -0.0315 0.1654
vn 0.9843 0.0236 -0.1811
vn 1.0000 -0.0551 0.0472
vn 0.9685 0.0000 0.2362
vn 0.0000 0.7795 -0.6220
vn 0.2047 -0.2126 0.9528
vn 0.1181 -0.4331 0.8976
vn 0.0000 -0.4331 0.9055
vn 0.2677 0.0000 0.9606
vn -0.2047 -0.2126 0.9528
vn -0.1181 -0.4331 0.8976
vn -0.2677 0.0000 0.9606
vn -1.0000 0.0157 -0.0394
vn -0.9843 -0.1968 -0.0236
vn -0.9764 -0.2205 -0.0236
vn -0.9843 -0.0315 0.1654
vn -1.0000 -0.0551 0.0472
vn -1.0000 0.0079 -0.0157
vn -1.0000 0.0000 -0.0551
vn -0.9843 0.0236 -0.1811
vn -0.9685 0.0000 0.2362
vn 0.0000 -0.1890 -0.9843
vn 0.0000 -0.2835 -0.9606
vn 0.0000 -0.2677 -0.9606
vn 0.0000 -0.2756 -0.9606
vn -0.4016 0.2598 -0.8819
vn -0.2520 0.4646 -0.8504
vn 0.0000 0.4803 -0.8819
vn 0.0000 0.2362 -0.9685
vn -0.5354 0.0000 -0.8425
vn 0.4016 0.2598 -0.8819
vn 0.5354 0.0000 -0.8425
vn 0.2520 0.4646 -0.8504
vn 1.0000 0.0157 -0.0394
vn 0.9764 -0.2205 -0.0236
vn 0.9843 -0.1968 -0.0236
vn -1.0000 0.0079 0.0866
vn 0.9921 0.0866 0.0945
vn 0.9843 0.0866 0.1339
vn 0.9843 0.0866 0.1417
vn 0.9843 0.0472 0.1890
vn 0.9764 0.0000 0.2047
vn 0.8898 0.0236 -0.4488
vn 0.9606 -0.0236 -0.2677
vn 0.9528 0.0315 -0.2913
vn 0.8819 -0.0472 -0.4724
vn 0.8976 0.1339 -0.4252
vn 0.9055 0.1102 -0.4094
vn 0.9134 0.0945 -0.4016
vn 0.9213 0.0945 -0.3780
vn 0.8898 0.1417 -0.4331
vn 0.9055 0.1260 -0.4094
vn 0.9291 0.0945 -0.3543
vn 0.9213 0.1102 -0.3858
vn 0.9291 0.1024 -0.3543
vn 0.0000 0.9528 -0.3071
vn -0.2992 0.9055 -0.2913
vn -0.2677 0.9213 -0.2913
vn 0.2992 0.9055 -0.2913
vn 0.2677 0.9213 -0.2913
vn 0.0000 0.9921 -0.1260
vn -0.3071 0.9449 -0.1181
vn 0.3071 0.9449 -0.1181
vn -0.3465 0.9370 0.0315
vn 0.3465 0.9370 0.0315
vn 0.0000 1.0000 0.0709
vn 0.0000 0.9764 -0.2126
vn -0.1732 0.9606 -0.2126
vn 0.1732 0.9606 -0.2126
vn -0.3307 0.1181 0.9370
vn -0.3937 0.1968 0.8976
vn -0.3307 0.2205 0.9213
vn -0.4094 0.1181 0.9055
vn -0.3937 0.2677 0.8819
vn -0.3228 0.2756 0.9055
vn -0.4724 0.1339 0.8740
vn -0.4724 0.0945 0.8740
vn -0.4724 0.0551 0.8819
vn -0.4803 0.0000 0.8740
vn 0.4724 0.0945 0.8740
vn 0.4803 0.0000 0.8740
vn 0.4724 0.0551 0.8819
vn 0.4094 0.1181 0.9055
vn 0.4724 0.1339 0.8740
vn 0.3937 0.1968 0.8976
vn 0.3307 0.1181 0.9370
vn 0.3937 0.2677 0.8819
vn 0.3307 0.2205 0.9213
vn 0.3228 0.2756 0.9055
vn 0.0000 -0.1811 0.9843
vn -0.9843 0.0472 0.1890
vn -0.9764 0.0000 0.2047
vn -0.9843 0.0866 0.1417
vn -0.9843 0.0866 0.1339
vn -0.9921 0.0866 0.0945
vn -0.9606 -0.0236 -0.2677
vn -0.9528 0.0315 -0.2913
vn -0.8898 0.0236 -0.4488
vn -0.8819 -0.0472 -0.4724
vn -0.8976 0.1339 -0.4252
vn -0.9055 0.1102 -0.4094
vn -0.9134 0.0945 -0.4016
vn -0.9213 0.0945 -0.3780
vn -0.8898 0.1417 -0.4331
vn -0.9055 0.1260 -0.4094
vn -0.9291 0.0945 -0.3543
vn -0.9213 0.1102 -0.3858
vn -0.9291 0.1024 -0.3543
vn 0.1417 -0.9764 0.1811
vn 0.1496 -0.9921 -0.0236
vn 0.0000 -0.9843 0.1811
vn 0.3228 -0.9291 0.1811
vn 0.3071 -0.9449 -0.1024
vn -0.1496 -0.9921 -0.0236
vn -0.1417 -0.9764 0.1811
vn -0.3228 -0.9291 0.1811
vn -0.3071 -0.9449 -0.1024
vn -0.1575 -0.9843 -0.1181
vn -0.2835 -0.9528 -0.1181
vn -0.2677 -0.9606 0.0394
vn -0.0866 -1.0000 0.0079
vn 0.1575 -0.9843 -0.1181
vn 0.2835 -0.9528 -0.1181
vn 0.2677 -0.9606 0.0394
vn 0.0866 -1.0000 0.0079
vn 0.0000 -1.0000 -0.0079
vn 0.0000 -0.9921 0.1339
vn 0.0000 -0.9606 0.2756
vn 0.0000 -1.0000 0.0551
vn 0.0000 -0.9921 -0.0945
vn 0.0000 0.0000 -1.0000
vn 0.2126 0.0000 -0.9764
vn -0.2126 0.0000 -0.9764
vn -0.1260 0.1732 -0.9764
vn 0.0000 0.1732 -0.9843
vn -0.1181 0.1732 -0.9764
vn 0.1260 0.1732 -0.9764
vn 0.1181 0.1732 -0.9764
vn -0.1102 0.1732 -0.9764
vn 0.1102 0.1732 -0.9764
vn 0.0000 0.0079 -1.0000
vn 0.9213 0.1417 -0.3701
vn -0.9213 0.1417 -0.3701
vn 0.8976 0.1339 0.4252
vn 0.8819 0.1811 0.4252
vn 0.8898 0.1732 0.4252
vn 0.8583 0.2441 0.4567
vn 0.8583 0.2362 0.4488
vn 0.8425 0.2598 0.4803
vn 0.7795 0.1339 -0.6063
vn 0.7795 0.1811 -0.5984
vn 0.7795 0.1732 -0.5984
vn 0.7874 0.2362 -0.5669
vn 0.7953 0.2441 -0.5591
vn 0.8032 0.2598 -0.5354
vn 0.0472 0.9921 0.0787
vn -0.0472 0.9921 0.0787
vn 0.3071 0.8110 0.4961
vn 0.3465 0.7480 0.5669
vn 0.3228 0.7874 0.5276
vn -0.3071 0.8110 0.4961
vn -0.3465 0.7480 0.5669
vn -0.3228 0.7874 0.5276
vn 0.4724 0.4252 0.7717
vn 0.5197 0.1732 0.8425
vn -0.4724 0.4252 0.7717
vn -0.5197 0.1732 0.8425
vn -0.8976 0.1339 0.4252
vn -0.8819 0.1811 0.4252
vn -0.8898 0.1732 0.4252
vn -0.8583 0.2441 0.4567
vn -0.8583 0.2362 0.4488
vn -0.8425 0.2598 0.4803
vn -0.7795 0.1339 -0.6063
vn -0.7795 0.1811 -0.5984
vn -0.7795 0.1732 -0.5984
vn -0.7874 0.2362 -0.5669
vn -0.7953 0.2441 -0.5591
vn -0.8032 0.2598 -0.5354
vn 0.3465 -0.7480 0.5669
vn -0.3465 -0.7480 0.5669
vn -0.4882 -0.3465 -0.8032
vn -0.4488 -0.5197 -0.7323
vn -0.5197 0.0551 -0.8504
vn -0.5039 0.2992 -0.8110
vn -0.4882 0.3465 -0.8032
vn 0.4488 -0.5197 -0.7323
vn 0.4882 -0.3465 -0.8032
vn 0.5197 0.0551 -0.8504
vn 0.5039 0.2992 -0.8110
vn 0.4882 0.3465 -0.8032
vn 0.9843 -0.0394 -0.1732
vn 0.9685 0.0157 -0.2441
vn 0.9685 0.0787 -0.2520
vn 0.0000 0.9764 -0.2047
vn 0.0000 0.8898 -0.4567
vn 0.0000 0.8425 -0.5433
vn 0.0000 0.9685 0.2520
vn 0.0000 0.2913 0.9528
vn -0.9843 -0.0394 -0.1732
vn -0.9685 0.0157 -0.2441
vn -0.9685 0.0787 -0.2520
vn 0.0000 -0.7087 -0.7008
vn 0.0000 -0.7717 -0.6378
vn 0.0000 -0.9921 0.1181
vn 0.0000 -0.9449 -0.3150
vn 0.0000 0.4961 -0.8661
vn 0.9134 0.1496 -0.3701
vn -0.9134 0.1496 -0.3701
vn 0.9213 0.0945 -0.3701
vn -0.9213 0.0945 -0.3701
vn 0.9370 0.0000 -0.3465
vn 0.8740 0.0000 -0.4882
vn 0.8110 0.0000 -0.5827
vn 0.1102 0.9921 0.0000
vn 0.0000 0.9843 -0.1654
vn 0.0000 1.0000 0.0000
vn -0.1102 0.9921 0.0000
vn 0.1181 0.9843 -0.1260
vn -0.1181 0.9843 -0.1260
vn 0.1417 0.9370 -0.3228
vn -0.1417 0.9370 -0.3228
vn 0.0000 0.9449 -0.3228
vn 0.1654 0.9370 -0.3150
vn -0.1654 0.9370 -0.3150
vn 0.0000 0.9449 -0.3150
vn -0.2047 -0.1260 0.9685
vn 0.0000 -0.1260 0.9921
vn 0.2047 -0.1260 0.9685
vn -0.9370 0.0000 -0.3465
vn -0.8740 0.0000 -0.4882
vn -0.8110 0.0000 -0.5827
vn 0.0000 -0.9449 -0.3228
vn -0.1417 -0.9370 -0.3228
vn -0.1654 -0.9370 -0.3150
vn 0.0000 -0.9843 -0.1654
vn -0.1102 -0.9921 0.0000
vn -0.1181 -0.9843 -0.1260
vn 0.1102 -0.9921 0.0000
vn 0.1181 -0.9843 -0.1260
vn 0.1417 -0.9370 -0.3228
vn 0.1654 -0.9370 -0.3150
vn 0.3071 0.0000 -0.9528
vn -0.3071 0.0000 -0.9528
vn 0.9843 -0.1024 0.1496
vn 0.9764 -0.1496 0.1575
vn 0.9764 -0.1496 0.1496
vn 0.9764 0.0787 0.2126
vn 0.9685 0.0787 0.2283
vn 0.9685 0.1417 0.1968
vn 0.9764 0.1181 0.1968
vn 0.9685 0.1575 0.1732
vn 0.9843 0.0709 0.1811
vn 0.9843 0.1102 0.1496
vn 0.9843 0.0394 0.1811
vn 0.9843 -0.0945 0.1654
vn 0.9685 -0.1496 0.2047
vn 0.0000 0.8740 0.4882
vn 0.0000 0.8898 0.4488
vn -0.2047 0.8504 0.4803
vn -0.2283 0.8661 0.4409
vn 0.0000 0.9528 0.3071
vn -0.2047 0.9291 0.3150
vn 0.2047 0.9291 0.3150
vn 0.2047 0.8504 0.4803
vn 0.2283 0.8661 0.4409
vn 0.1339 0.9843 -0.0787
vn 0.0000 1.0000 -0.0709
vn -0.1339 0.9921 -0.0787
vn -0.9764 -0.1496 0.1496
vn -0.9685 -0.1496 0.2047
vn -0.9764 -0.1496 0.1575
vn -0.9843 -0.1024 0.1496
vn -0.9843 -0.0945 0.1654
vn -0.9843 0.0709 0.1811
vn -0.9843 0.0394 0.1811
vn -0.9843 0.1102 0.1496
vn -0.9685 0.1575 0.1732
vn -0.9685 0.1417 0.1968
vn -0.9764 0.0787 0.2126
vn -0.9764 0.1181 0.1968
vn -0.9685 0.0787 0.2283
vn 0.0079 -0.8819 0.4724
vn 0.0000 -0.9134 0.4094
vn 0.0079 -0.9134 0.4094
vn 0.0000 -0.8740 0.4803
vn 0.0000 -0.8346 0.5591
vn -0.0079 -0.8819 0.4724
vn -0.0079 -0.9134 0.4094
vn 0.0079 -0.9921 -0.1181
vn 0.0000 -1.0000 -0.0551
vn -0.0157 -1.0000 -0.0551
vn 0.0000 -0.9921 -0.1260
vn 0.0315 -0.9843 -0.1968
vn 0.0000 -0.9843 -0.1968
vn -0.0315 -0.9843 -0.1890
vn -0.0079 -0.9921 -0.1181
vn 0.0157 -1.0000 -0.0551

o Torso
usemtl c_473c34
f 1/1/1 2/2/2 3/3/1
f 2/2/2 4/4/3 3/3/1
f 5/5/4 4/4/3 2/2/2
f 4/4/3 5/5/4 6/6/4
f 5/5/4 7/7/5 6/6/4
f 7/7/5 5/5/4 8/8/6
f 8/8/6 9/9/7 7/7/5
f 9/9/7 8/8/6 10/10/7
f 11/11/8 5/5/9 12/12/9
f 5/5/9 13/13/10 12/12/9
f 5/5/9 11/11/8 8/8/11
f 14/14/12 8/8/11 11/11/8
f 8/8/11 14/14/12 10/10/12
f 13/13/10 5/5/9 2/2/13
f 2/2/13 15/15/14 13/13/10
f 15/15/14 2/2/13 1/1/14
f 16/16/15 17/17/16 18/18/15
f 19/19/17 20/20/17 21/21/18
f 21/21/18 22/22/18 19/19/17
f 21/21/18 23/23/19 22/22/18
f 22/22/18 23/23/19 24/24/19
f 23/23/19 18/18/15 24/24/19
f 18/18/15 23/23/19 16/16/15
f 17/17/16 16/16/15 25/25/16
f 15/26/20 16/16/21 13/27/21
f 16/16/21 15/26/20 25/25/20
f 23/23/22 13/27/21 16/16/21
f 12/28/22 13/27/21 23/23/22
f 23/23/22 11/29/23 12/28/22
f 11/29/23 23/23/22 21/21/23
f 21/21/23 14/30/24 11/29/23
f 14/30/24 21/21/23 20/20/24
f 10/31/25 14/32/25 26/33/25
f 10/31/25 26/33/25 27/34/25
f 20/35/25 26/33/25 14/32/25
f 26/33/25 20/35/25 28/36/25
f 20/35/25 29/37/25 28/36/25
f 29/37/25 20/35/25 19/38/25
f 30/39/25 29/37/25 19/38/25
f 29/37/25 30/39/25 31/40/25
f 32/41/25 31/40/25 30/39/25
f 30/39/25 33/42/25 32/41/25
f 34/43/25 32/41/25 33/42/25
f 32/41/25 34/43/25 35/44/25
f 36/45/25 35/44/25 34/43/25
f 34/43/25 9/46/25 36/45/25
f 10/31/25 36/45/25 9/46/25
f 36/45/25 10/31/25 27/34/25
f 37/47/26 38/48/27 39/49/28
f 30/50/29 40/51/30 33/52/29
f 40/51/30 41/53/31 33/52/29
f 42/54/32 41/53/31 40/51/30
f 41/53/31 42/54/32 43/55/32
f 42/54/32 39/49/28 43/55/32
f 39/49/28 42/54/32 37/47/26
f 38/48/27 37/47/26 44/56/27
f 18/57/33 42/54/34 24/58/34
f 42/54/34 22/59/35 24/58/34
f 42/54/34 18/57/33 37/47/36
f 37/47/36 18/57/33 17/60/37
f 37/47/36 17/60/37 44/56/37
f 22/59/35 42/54/34 40/51/38
f 40/51/38 19/61/39 22/59/35
f 19/61/39 40/51/38 30/50/39
f 39/27/40 45/16/41 46/23/42
f 39/27/40 46/23/42 43/28/43
f 45/16/41 39/27/40 38/62/44
f 38/62/44 47/63/45 45/16/41
f 3/64/46 45/16/41 47/63/45
f 45/16/41 3/64/46 4/18/47
f 4/18/47 46/23/42 45/16/41
f 46/23/42 4/18/47 6/24/48
f 46/23/42 41/29/49 43/28/43
f 46/23/42 6/24/48 7/22/50
f 41/29/49 46/23/42 48/21/51
f 46/23/42 7/22/50 48/21/51
f 48/21/51 33/30/52 41/29/49
f 7/22/50 9/19/53 48/21/51
f 33/30/52 48/21/51 34/20/54
f 48/21/51 9/19/53 34/20/54
f 15/65/55 49/66/56 25/67/56
f 49/66/56 15/65/55 1/68/55
f 49/66/56 17/69/57 25/67/56
f 17/69/57 49/66/56 44/70/57
f 49/66/56 3/71/56 47/72/56
f 3/71/56 49/66/56 1/68/56
f 38/73/56 49/66/56 47/72/56
f 49/66/56 38/73/56 44/70/56
o RightArm
usemtl c_5a4c42
f 50/74/58 51/75/59 52/76/58
f 52/76/58 51/75/59 53/77/60
f 51/75/59 50/74/58 54/78/58
f 51/75/59 55/79/61 53/77/60
f 56/80/58 51/75/59 54/78/58
f 55/79/61 51/75/59 57/81/62
f 51/75/59 56/80/58 58/82/63
f 51/75/59 59/83/62 57/81/62
f 59/83/62 51/75/59 58/82/63
f 60/84/64 55/79/61 57/81/62
f 57/81/62 61/85/65 60/84/64
f 57/81/62 59/83/62 61/85/65
f 59/83/62 62/86/66 61/85/65
f 63/87/67 61/85/65 62/86/66
f 64/88/68 65/89/69 63/87/67
f 66/90/70 63/87/67 65/89/69
f 65/89/69 67/91/71 66/90/70
f 68/92/72 66/90/70 67/91/71
f 66/90/70 60/84/64 61/85/65
f 60/84/64 66/90/70 68/92/72
f 61/85/65 63/87/67 66/90/70
f 69/93/73 70/94/73 71/95/73
f 70/94/73 72/96/73 71/95/73
f 70/94/73 54/97/73 72/96/73
f 54/97/73 50/98/73 72/96/73
f 63/99/74 62/100/75 73/101/76
f 73/101/76 74/102/77 63/99/74
f 63/99/74 74/102/77 64/103/78
f 74/102/77 75/104/78 64/103/78
f 73/101/76 76/105/79 74/102/77
f 76/105/79 73/101/76 77/106/80
f 74/102/77 76/105/79 75/104/81
f 76/105/79 78/107/81 75/104/81
f 70/108/82 79/109/83 54/110/82
f 54/110/82 79/109/83 56/111/84
f 70/108/82 80/112/83 79/109/83
f 69/113/82 80/112/83 70/108/82
f 79/109/83 80/112/83 81/114/85
f 56/111/84 79/109/83 82/115/76
f 79/109/83 81/114/85 82/115/76
f 83/116/86 82/115/76 81/114/85
f 56/111/84 82/115/76 58/117/76
f 82/115/76 83/116/86 84/118/86
f 84/118/86 58/117/76 82/115/76
f 58/117/76 84/118/86 59/119/86
f 59/119/87 84/118/87 62/100/87
f 84/118/87 73/101/87 62/100/87
f 84/118/87 77/106/87 73/101/87
f 77/106/87 84/118/87 83/116/87
f 69/120/88 85/121/89 80/122/88
f 80/122/88 85/121/89 81/123/90
f 85/121/89 69/120/88 71/124/88
f 81/123/90 85/121/89 83/125/91
f 86/126/88 85/121/89 71/124/88
f 83/125/91 85/121/89 87/127/92
f 85/121/89 86/126/88 88/128/93
f 85/121/89 89/129/94 87/127/92
f 89/129/94 85/121/89 88/128/93
f 76/130/95 77/131/96 90/132/97
f 83/125/91 90/132/97 77/131/96
f 90/132/97 83/125/91 87/127/92
f 87/127/92 91/133/98 90/132/97
f 91/133/98 87/127/92 89/129/94
f 76/130/95 92/134/99 78/135/100
f 91/133/98 93/136/101 92/134/99
f 94/137/102 78/135/100 92/134/99
f 92/134/99 93/136/101 94/137/102
f 95/138/103 94/137/102 93/136/101
f 90/132/97 92/134/99 76/130/95
f 92/134/99 90/132/97 91/133/98
f 67/139/42 96/140/42 97/141/42
f 96/140/42 95/142/42 97/141/42
f 96/140/42 67/139/42 65/143/42
f 95/142/42 96/140/42 94/144/42
f 64/145/42 96/140/42 65/143/42
f 96/140/42 78/146/42 94/144/42
f 96/140/42 64/145/42 75/147/42
f 78/146/42 96/140/42 75/147/42
f 71/148/104 72/149/104 86/150/104
f 72/149/104 98/151/104 86/150/104
f 72/149/104 50/152/104 98/151/104
f 50/152/104 52/153/104 98/151/104
f 86/150/105 98/151/105 99/154/106
f 86/150/105 99/154/106 88/155/107
f 88/155/107 99/154/106 89/156/108
f 89/156/108 99/154/106 100/157/108
f 98/151/105 53/158/109 99/154/106
f 53/158/109 100/157/108 99/154/106
f 98/151/105 52/153/105 53/158/109
f 100/157/108 53/158/109 55/159/108
f 60/160/110 100/157/108 55/159/108
f 89/156/108 100/157/108 91/161/110
f 100/157/108 101/162/110 91/161/110
f 100/157/108 60/160/110 101/162/110
f 93/163/111 91/161/112 101/162/113
f 101/162/113 102/164/114 93/163/111
f 93/163/111 102/164/114 95/165/115
f 102/164/114 97/166/115 95/165/115
f 101/162/113 68/167/116 102/164/114
f 102/164/114 68/167/116 97/166/117
f 68/167/116 67/168/117 97/166/117
f 68/167/116 101/162/113 60/160/118
usemtl c_766457
f 103/169/119 104/170/119 105/171/119
f 106/172/120 103/169/120 105/171/120
f 103/169/120 106/172/120 107/173/120
f 108/174/121 109/175/121 110/176/121
f 111/177/122 108/174/122 110/176/122
f 108/174/122 111/177/122 112/178/122
f 113/179/123 114/180/123 115/181/123
f 114/180/123 113/179/123 116/182/123
f 110/183/124 109/184/124 117/185/124
f 115/186/125 118/187/125 119/188/125
f 105/189/126 104/190/126 120/191/126
f 121/192/127 111/193/127 117/185/127
f 111/193/127 110/183/127 117/185/127
f 122/194/128 105/189/128 120/191/128
f 105/189/128 122/194/128 106/195/128
f 119/188/129 113/196/129 115/186/129
f 113/196/129 119/188/129 123/197/129
f 111/198/25 121/199/25 124/200/25
f 111/198/25 124/200/25 112/201/25
f 106/202/130 122/203/130 125/204/130
f 106/202/130 125/204/130 107/205/130
f 113/206/131 123/207/131 126/208/131
f 113/206/131 126/208/131 116/209/131
f 119/210/132 118/211/132 127/212/132
f 123/213/133 119/210/133 127/212/133
f 123/213/133 127/212/133 126/214/133
f 117/215/134 109/216/134 128/217/134
f 121/218/135 117/215/135 128/217/135
f 121/218/135 128/217/135 124/219/135
f 122/220/136 120/221/136 129/222/136
f 122/220/136 129/222/136 125/223/136
f 112/192/137 128/183/137 108/185/137
f 128/183/137 112/192/137 124/193/137
f 103/188/138 107/197/138 125/196/138
f 103/188/138 125/196/138 129/186/138
f 127/189/139 116/194/139 126/195/139
f 116/194/139 127/189/139 114/191/139
f 128/183/140 109/184/140 108/185/140
f 129/186/141 104/187/141 103/188/141
f 127/189/142 118/190/142 114/191/142
f 120/224/143 104/225/143 129/226/143
f 114/227/144 118/228/144 115/229/144
o LeftArm
usemtl c_5a4c42
f 130/230/145 131/231/146 132/232/145
f 133/233/147 132/232/145 131/231/146
f 131/231/146 130/230/145 134/234/145
f 131/231/146 134/234/145 135/235/145
f 131/231/146 135/235/145 136/236/148
f 131/231/146 136/236/148 137/237/149
f 131/231/146 138/238/150 133/233/147
f 131/231/146 137/237/149 139/239/151
f 138/238/150 131/231/146 139/239/151
f 139/239/151 140/240/64 138/238/150
f 141/241/65 142/242/70 140/240/64
f 141/241/65 143/243/67 142/242/70
f 142/242/70 144/244/68 145/245/69
f 145/245/69 146/246/72 142/242/70
f 146/246/72 145/245/69 147/247/71
f 148/248/66 143/243/67 141/241/65
f 141/241/65 137/237/149 148/248/66
f 137/237/149 141/241/65 139/239/151
f 140/240/64 139/239/151 141/241/65
f 140/240/64 142/242/70 146/246/72
f 144/244/68 142/242/70 143/243/67
f 134/249/73 130/250/73 149/251/73
f 149/251/73 130/250/73 150/252/73
f 149/251/73 150/252/73 151/253/73
f 151/253/73 150/252/73 152/254/73
f 153/255/80 154/256/79 155/257/76
f 155/257/76 154/256/79 156/258/77
f 154/256/79 157/259/81 156/258/77
f 156/258/77 157/259/81 158/260/81
f 143/261/74 155/257/76 156/258/77
f 155/257/76 143/261/74 148/262/75
f 156/258/77 158/260/78 143/261/74
f 143/261/74 158/260/78 144/263/78
f 151/264/82 159/265/83 149/266/82
f 159/265/83 151/264/82 160/267/84
f 135/268/83 149/266/82 159/265/83
f 149/266/82 135/268/83 134/269/82
f 159/265/83 136/270/85 135/268/83
f 160/267/84 161/271/76 159/265/83
f 136/270/85 159/265/83 161/271/76
f 161/271/76 137/272/86 136/270/85
f 161/271/76 160/267/84 162/273/76
f 137/272/86 161/271/76 163/274/86
f 162/273/76 163/274/86 161/271/76
f 163/274/86 162/273/76 164/275/86
f 153/255/87 163/274/87 164/275/87
f 163/274/87 153/255/87 155/257/87
f 148/262/87 163/274/87 155/257/87
f 163/274/87 148/262/87 137/272/87
f 165/276/99 166/277/98 167/278/101
f 151/279/152 168/280/153 160/281/152
f 160/281/152 168/280/153 162/282/154
f 152/283/152 168/280/153 151/279/152
f 168/280/153 152/283/152 169/284/152
f 169/284/152 170/285/155 168/280/153
f 168/280/153 164/286/156 162/282/154
f 168/280/153 170/285/155 171/287/157
f 168/280/153 171/287/157 172/288/156
f 164/286/156 168/280/153 172/288/156
f 171/287/157 166/277/98 172/288/156
f 172/288/156 173/289/97 164/286/156
f 172/288/156 166/277/98 173/289/97
f 164/286/156 173/289/97 153/290/96
f 173/289/97 154/291/95 153/290/96
f 166/277/98 165/276/99 173/289/97
f 154/291/95 173/289/97 165/276/99
f 154/291/95 165/276/99 174/292/102
f 154/291/95 174/292/102 157/293/100
f 165/276/99 175/294/103 174/292/102
f 165/276/99 167/278/101 175/294/103
f 175/295/42 176/296/42 177/297/42
f 147/298/42 177/297/42 176/296/42
f 177/297/42 174/299/42 175/295/42
f 177/297/42 147/298/42 145/300/42
f 177/297/42 157/301/42 174/299/42
f 177/297/42 145/300/42 144/302/42
f 157/301/42 177/297/42 158/303/42
f 177/297/42 144/302/42 158/303/42
f 130/304/104 132/305/104 150/306/104
f 150/306/104 132/305/104 178/307/104
f 150/306/104 178/307/104 152/308/104
f 152/308/104 178/307/104 169/309/104
f 132/305/105 179/310/106 178/307/105
f 179/310/106 132/305/105 133/311/107
f 179/310/106 133/311/107 138/312/108
f 170/313/109 178/307/105 179/310/106
f 178/307/105 170/313/109 169/309/105
f 138/312/108 180/314/108 179/310/106
f 170/313/109 179/310/106 180/314/108
f 170/313/109 180/314/108 171/315/108
f 180/314/108 166/316/110 171/315/108
f 166/316/110 180/314/108 181/317/110
f 180/314/108 140/318/110 181/317/110
f 138/312/108 140/318/110 180/314/108
f 146/319/116 181/317/113 140/318/118
f 181/317/113 146/319/116 182/320/114
f 146/319/116 147/321/117 182/320/114
f 182/320/114 147/321/117 176/322/117
f 167/323/111 181/317/113 182/320/114
f 181/317/113 167/323/111 166/316/112
f 182/320/114 176/322/115 167/323/111
f 167/323/111 176/322/115 175/324/115
usemtl c_766457
f 183/325/119 184/326/119 185/327/119
f 186/328/120 184/326/120 183/325/120
f 184/326/120 186/328/120 187/329/120
f 188/330/121 189/331/121 190/332/121
f 191/333/122 189/331/122 188/330/122
f 189/331/122 191/333/122 192/334/122
f 193/335/123 194/336/123 195/337/123
f 194/336/123 193/335/123 196/338/123
f 197/339/124 188/340/124 190/341/124
f 198/342/126 183/343/126 185/344/126
f 199/345/125 195/346/125 200/347/125
f 191/348/127 188/340/127 201/349/127
f 201/349/127 188/340/127 197/339/127
f 193/350/129 199/345/129 202/351/129
f 199/345/129 193/350/129 195/346/129
f 186/352/128 183/343/128 203/353/128
f 198/342/128 203/353/128 183/343/128
f 201/354/25 192/355/25 191/356/25
f 192/355/25 201/354/25 204/357/25
f 202/358/131 196/359/131 193/360/131
f 196/359/131 202/358/131 205/361/131
f 203/362/130 187/363/130 186/364/130
f 187/363/130 203/362/130 206/365/130
f 207/366/132 199/367/132 200/368/132
f 202/369/133 207/366/133 205/370/133
f 207/366/133 202/369/133 199/367/133
f 208/371/134 197/372/134 190/373/134
f 201/374/135 208/371/135 204/375/135
f 208/371/135 201/374/135 197/372/135
f 203/376/136 209/377/136 206/378/136
f 209/377/136 203/376/136 198/379/136
f 204/348/137 189/339/137 192/349/137
f 189/339/137 204/348/137 208/340/137
f 207/343/139 196/353/139 205/352/139
f 196/353/139 207/343/139 194/342/139
f 184/345/138 206/350/138 209/346/138
f 206/350/138 184/345/138 187/351/138
f 189/339/140 208/340/140 190/341/140
f 194/342/142 207/343/142 200/344/142
f 184/345/141 209/346/141 185/347/141
f 195/380/144 194/381/144 200/382/144
f 209/383/143 198/384/143 185/385/143
o Tuft
usemtl c_473c34
f 210/386/158 211/387/158 212/388/158
f 212/388/158 211/387/158 213/389/158
f 214/390/159 215/391/159 216/392/159
f 215/391/159 214/390/159 217/393/159
f 218/394/160 219/395/160 220/396/160
f 219/395/160 218/394/160 221/397/160
f 222/398/161 223/399/161 224/400/161
f 224/400/161 223/399/161 225/401/161
f 226/402/162 227/403/162 228/404/162
f 226/402/162 228/404/162 229/405/162
f 230/406/163 231/407/163 232/408/163
f 232/408/163 233/409/163 230/406/163
f 234/410/164 235/411/164 236/412/164
f 234/410/164 236/412/164 237/413/164
f 238/414/165 239/415/165 235/411/165
f 239/415/165 238/414/165 240/416/165
f 241/417/166 234/410/166 237/413/166
f 234/410/166 241/417/166 242/418/166
f 243/419/167 244/420/167 245/421/167
f 245/421/167 246/422/167 243/419/167
f 247/423/168 248/424/169 249/425/170
f 249/425/170 242/418/168 247/423/168
f 250/426/171 251/427/171 252/428/171
f 252/428/171 253/429/171 250/426/171
f 212/430/172 228/431/172 210/432/172
f 228/431/172 212/430/172 229/433/172
f 254/434/173 255/435/173 256/436/173
f 255/435/173 254/434/173 257/437/173
f 258/438/174 259/439/174 260/440/174
f 259/439/174 258/438/174 261/441/174
f 260/440/175 262/442/175 263/443/175
f 262/442/175 260/440/175 259/439/175
f 250/444/176 224/445/176 251/446/176
f 224/445/176 250/444/176 222/447/176
f 264/448/177 265/449/177 266/450/177
f 265/449/177 264/448/177 267/451/177
f 268/452/178 269/453/179 270/454/178
f 269/453/179 268/452/178 271/455/180
f 249/456/170 272/457/181 273/458/181
f 272/457/181 249/456/170 248/459/169
f 274/460/182 275/461/183 270/454/183
f 275/461/183 274/460/182 276/462/184
f 274/460/182 277/463/185 276/462/184
f 277/463/185 274/460/182 273/458/185
f 278/464/186 279/465/186 213/466/186
f 278/464/186 213/466/186 211/467/186
f 280/468/187 281/469/187 282/470/187
f 281/469/187 280/468/187 283/471/187
f 284/472/188 262/442/188 285/473/188
f 262/442/188 284/472/188 263/443/188
f 261/441/189 258/438/189 253/474/189
f 253/474/189 252/475/189 261/441/189
f 226/476/190 223/477/190 227/478/190
f 223/477/190 226/476/190 225/479/190
f 286/480/191 287/481/191 288/482/191
f 287/481/191 286/480/191 289/483/191
f 290/484/192 230/485/193 233/486/194
f 230/485/193 290/484/192 291/487/195
f 292/488/196 230/485/193 291/487/195
f 230/485/193 292/488/196 217/489/197
f 246/490/198 293/491/199 294/492/200
f 294/492/200 243/493/201 246/490/198
f 295/494/202 296/495/203 297/496/204
f 296/495/203 295/494/202 298/497/205
f 299/498/206 300/499/207 301/500/208
f 302/501/209 303/502/210 304/503/211
f 302/501/209 304/503/211 305/504/212
f 304/503/211 306/505/213 305/504/212
f 306/505/213 304/503/211 307/506/214
f 308/507/215 283/508/215 280/509/215
f 283/508/215 308/507/215 309/510/215
f 310/511/216 311/512/216 312/513/216
f 311/512/216 310/511/216 313/514/216
f 314/515/217 245/516/217 244/517/217
f 314/515/217 244/517/217 315/518/217
f 235/519/218 278/520/218 211/521/218
f 235/519/218 211/521/218 236/522/218
f 316/523/219 317/524/220 318/525/221
f 317/524/220 316/523/219 319/526/222
f 317/524/220 319/526/222 311/512/223
f 311/512/223 313/514/224 317/524/220
f 237/527/225 228/528/226 241/529/227
f 228/528/226 242/530/228 241/529/227
f 242/530/228 228/528/226 227/531/228
f 228/528/226 237/527/225 210/532/229
f 237/527/225 211/521/230 210/532/229
f 211/521/230 237/527/225 236/522/230
f 320/533/231 286/534/231 288/535/231
f 286/534/231 320/533/231 321/536/231
f 223/537/232 247/538/232 242/530/232
f 242/530/232 227/531/232 223/537/232
f 244/517/233 240/539/234 315/518/235
f 240/539/234 244/517/233 218/540/236
f 220/541/237 240/539/234 218/540/236
f 220/541/237 239/542/238 240/539/234
f 254/543/239 322/544/240 320/533/241
f 320/533/241 288/535/241 254/543/239
f 254/543/239 323/545/242 322/544/240
f 323/545/242 254/543/239 256/546/243
f 323/545/242 256/546/243 283/508/244
f 323/545/242 283/508/244 309/510/244
f 270/547/245 284/548/245 264/549/246
f 270/547/245 264/549/246 268/550/247
f 264/549/246 271/551/248 268/550/247
f 271/551/248 264/549/246 266/552/249
f 286/534/250 271/551/248 266/552/249
f 271/551/248 286/534/250 321/536/250
f 216/553/251 324/554/252 325/555/253
f 325/555/253 214/556/254 216/553/251
f 325/555/253 231/557/255 214/556/254
f 231/557/255 325/555/253 326/558/256
f 327/559/257 231/557/255 326/558/256
f 327/559/257 232/560/257 231/557/255
f 248/561/258 222/562/259 250/563/260
f 248/561/258 223/537/261 222/562/259
f 223/537/261 248/561/258 247/538/261
f 250/563/260 272/564/262 248/561/258
f 250/563/260 273/565/263 272/564/262
f 273/565/263 250/563/260 253/566/263
f 328/567/264 329/568/265 330/569/266
f 329/568/265 328/567/264 331/570/267
f 332/571/268 329/568/265 331/570/267
f 329/568/265 332/571/268 333/572/269
f 332/571/268 334/573/270 333/572/269
f 334/573/270 332/571/268 335/574/270
f 258/575/271 273/565/272 253/566/272
f 273/565/272 258/575/271 277/576/273
f 258/575/271 276/577/274 277/576/273
f 276/577/274 258/575/271 260/578/274
f 260/578/274 263/579/275 276/577/274
f 263/579/275 275/580/275 276/577/274
f 263/579/275 270/547/276 275/580/275
f 270/547/276 263/579/275 284/548/276
f 336/581/277 337/582/278 338/583/279
f 336/581/277 339/584/280 337/582/278
f 336/581/277 340/585/281 339/584/280
f 340/585/281 336/581/277 341/586/282
f 320/533/283 334/573/283 270/547/283
f 320/533/283 270/547/283 269/587/283
f 308/507/283 320/533/283 342/588/283
f 310/511/283 320/533/283 308/507/283
f 310/511/283 308/507/283 343/589/283
f 310/511/283 334/573/283 320/533/283
f 334/573/283 310/511/283 344/590/283
f 270/547/283 334/573/283 273/565/283
f 270/547/283 273/565/283 274/591/283
f 334/573/283 327/559/283 273/565/283
f 327/559/283 334/573/283 345/592/283
f 327/559/283 242/530/283 273/565/283
f 273/565/283 242/530/283 249/593/283
f 314/515/283 242/530/283 327/559/283
f 314/515/283 327/559/283 346/594/283
f 242/530/283 314/515/283 235/519/283
f 235/519/283 314/515/283 238/595/283
f 235/519/283 234/596/283 242/530/283
f 255/597/284 283/598/284 256/599/284
f 283/598/284 255/597/284 281/600/284
f 331/601/285 347/602/285 307/603/285
f 347/602/285 331/601/285 328/604/285
f 348/605/286 319/606/286 316/607/286
f 319/606/286 348/605/286 349/608/286
f 265/609/287 286/610/287 266/611/287
f 286/610/287 265/609/287 289/612/287
f 287/613/288 254/614/288 288/615/288
f 254/614/288 287/613/288 257/616/288
f 304/617/289 335/618/289 332/619/289
f 335/618/289 304/617/289 303/620/289
f 322/621/290 342/622/290 320/623/290
f 342/622/290 322/621/290 323/624/290
f 342/622/291 309/625/291 308/626/291
f 309/625/291 342/622/291 323/624/291
f 295/627/292 312/628/292 311/629/292
f 312/628/292 295/627/292 297/630/292
f 321/631/293 269/632/179 271/633/180
f 269/632/179 321/631/293 320/623/293
f 285/634/294 264/635/294 284/636/294
f 264/635/294 285/634/294 267/637/294
f 343/638/295 318/639/221 317/640/220
f 318/639/221 343/638/295 308/626/296
f 311/641/297 349/642/297 295/643/297
f 349/642/297 311/641/297 319/644/297
f 243/645/298 221/646/298 244/647/298
f 221/646/298 218/648/298 244/647/298
f 350/649/299 339/650/299 340/651/299
f 339/650/299 350/649/299 351/652/299
f 337/653/300 339/650/300 299/654/300
f 351/652/300 299/654/300 339/650/300
f 332/655/301 307/656/301 304/657/301
f 307/656/301 332/655/301 331/658/301
f 230/659/302 217/660/302 231/661/302
f 217/660/302 214/662/302 231/661/302
f 316/663/303 282/664/303 348/665/303
f 282/664/303 316/663/303 280/666/303
f 220/667/304 219/668/304 279/669/304
f 279/669/304 278/670/304 220/667/304
f 299/654/305 232/671/305 337/653/305
f 232/671/305 299/654/305 233/672/305
f 335/673/306 303/674/306 350/649/306
f 335/673/306 350/649/306 340/651/306
f 328/675/307 297/676/307 347/677/307
f 297/676/307 328/675/307 312/678/307
f 216/679/308 215/680/308 246/681/308
f 246/681/308 245/682/308 216/679/308
f 280/666/309 318/683/221 308/684/309
f 318/683/221 280/666/309 316/663/219
f 313/685/224 343/686/295 317/687/220
f 343/686/295 313/685/224 310/688/310
f 315/689/235 240/690/234 238/691/311
f 238/691/311 314/692/311 315/689/235
f 278/670/312 239/693/238 220/667/237
f 278/670/312 235/694/312 239/693/238
f 314/692/313 216/679/251 245/682/313
f 216/679/251 314/692/313 324/695/252
f 324/695/252 346/696/314 325/697/253
f 346/696/314 324/695/252 314/692/315
f 326/698/256 325/697/253 346/696/314
f 346/696/314 327/699/316 326/698/256
f 344/700/317 330/701/266 329/702/265
f 330/701/266 344/700/317 310/688/318
f 333/703/269 344/700/317 329/702/265
f 344/700/317 333/703/269 334/704/319
f 328/675/264 330/701/266 310/688/320
f 310/688/320 312/678/320 328/675/264
f 232/671/321 327/699/322 338/705/279
f 232/671/321 338/705/279 337/653/278
f 345/706/323 338/705/279 327/699/322
f 338/705/279 345/706/323 336/707/277
f 341/708/282 336/707/277 345/706/323
f 345/706/323 334/704/324 341/708/282
f 334/704/324 340/651/281 341/708/282
f 340/651/281 334/704/324 335/673/325
f 352/709/326 281/710/327 255/711/328
f 257/712/329 352/709/326 255/711/328
f 353/713/330 354/714/331 352/709/326
f 352/709/326 257/712/329 353/713/330
f 354/714/331 353/713/330 355/715/332
f 287/716/333 353/713/330 257/712/329
f 287/716/333 355/715/333 353/713/330
f 355/715/332 356/717/334 302/718/209
f 356/717/334 290/719/192 302/718/209
f 356/717/334 355/715/332 357/720/335
f 358/721/336 357/720/335 355/715/332
f 357/720/335 359/722/337 356/717/334
f 357/720/335 358/721/336 360/723/338
f 359/722/337 357/720/335 360/723/338
f 289/724/339 360/723/338 358/721/336
f 289/724/339 358/721/336 355/715/340
f 355/715/340 287/716/340 289/724/339
f 360/723/338 289/724/339 265/725/341
f 360/723/338 265/725/341 267/726/342
f 267/726/342 359/722/337 360/723/338
f 285/727/343 359/722/337 267/726/342
f 285/727/343 356/717/343 359/722/337
f 292/728/196 215/729/344 217/730/197
f 291/731/195 361/732/345 292/728/196
f 361/732/345 291/731/195 290/719/192
f 215/729/344 292/728/196 362/733/346
f 362/733/346 292/728/196 361/732/345
f 293/734/199 215/729/344 362/733/346
f 361/732/345 293/734/199 362/733/346
f 290/719/192 293/734/199 361/732/345
f 293/734/199 246/735/347 215/729/344
f 293/734/199 290/719/192 363/736/348
f 364/737/349 363/736/348 290/719/192
f 356/717/334 364/737/349 290/719/192
f 364/737/349 356/717/334 365/738/350
f 365/738/350 356/717/334 366/739/351
f 365/738/350 367/740/352 364/737/349
f 366/739/351 368/741/353 365/738/350
f 367/740/352 365/738/350 368/741/353
f 262/742/354 368/741/353 366/739/351
f 356/717/355 262/742/354 366/739/351
f 262/742/354 356/717/355 285/727/355
f 368/741/353 262/742/354 259/743/356
f 259/743/356 261/744/357 368/741/353
f 261/744/357 367/740/352 368/741/353
f 261/744/357 364/737/358 367/740/352
f 364/737/358 261/744/357 252/745/358
f 363/736/348 364/737/349 369/746/359
f 369/746/359 364/737/349 370/747/360
f 369/746/359 371/748/361 363/736/348
f 252/745/362 370/747/360 364/737/362
f 370/747/360 252/745/362 251/749/363
f 370/747/360 372/750/364 369/746/359
f 251/749/363 372/750/364 370/747/360
f 371/748/361 369/746/359 372/750/364
f 372/750/364 251/749/363 224/751/365
f 225/752/366 372/750/364 224/751/365
f 372/750/364 225/752/366 371/748/361
f 225/752/366 363/736/367 371/748/361
f 363/736/367 225/752/366 226/753/367
f 363/736/348 373/754/368 293/734/199
f 373/754/368 363/736/348 374/755/369
f 374/755/369 363/736/348 375/756/370
f 226/753/371 375/756/370 363/736/371
f 375/756/370 226/753/371 229/757/372
f 229/757/372 376/758/373 375/756/370
f 374/755/369 375/756/370 376/758/373
f 376/758/373 229/757/372 212/759/374
f 376/758/373 212/759/374 213/760/375
f 377/761/376 374/755/369 376/758/373
f 376/758/373 213/760/375 377/761/376
f 374/755/369 377/761/376 373/754/368
f 213/760/375 373/754/368 377/761/376
f 373/754/368 213/760/375 279/762/377
f 293/734/199 373/754/368 378/763/378
f 378/763/378 373/754/368 379/764/379
f 378/763/378 294/765/200 293/734/199
f 294/765/200 378/763/378 380/766/380
f 243/767/201 294/765/200 380/766/380
f 379/764/379 380/766/380 378/763/378
f 380/766/380 221/768/381 243/767/201
f 380/766/380 219/769/382 221/768/381
f 219/769/382 380/766/380 379/764/379
f 379/764/379 279/762/383 219/769/382
f 279/762/383 379/764/379 373/754/383
f 302/718/209 296/770/203 355/715/332
f 295/771/202 381/772/384 298/773/205
f 381/772/384 295/771/202 349/774/385
f 348/775/386 381/772/384 349/774/385
f 298/773/205 381/772/384 382/776/387
f 382/776/387 296/770/203 298/773/205
f 348/775/386 383/777/388 381/772/384
f 383/777/388 382/776/387 381/772/384
f 282/778/389 383/777/388 348/775/386
f 282/778/389 384/779/389 383/777/388
f 382/776/387 383/777/388 384/779/390
f 384/779/390 296/770/203 382/776/387
f 296/770/203 384/779/390 355/715/332
f 384/779/390 282/778/391 281/710/327
f 384/779/390 281/710/327 385/780/392
f 354/714/331 384/779/390 385/780/392
f 355/715/332 384/779/390 354/714/331
f 281/710/327 352/709/326 385/780/392
f 385/780/392 352/709/326 354/714/331
f 302/718/209 290/719/192 386/781/393
f 386/781/393 290/719/192 301/782/208
f 386/781/393 387/783/394 302/718/209
f 386/781/393 301/782/208 300/784/207
f 387/783/394 386/781/393 300/784/207
f 290/719/395 299/785/206 301/782/208
f 290/719/395 233/786/395 299/785/206
f 300/784/207 299/785/206 351/787/396
f 300/784/207 351/787/396 350/788/397
f 300/784/207 350/788/397 387/783/394
f 350/788/397 302/718/209 387/783/394
f 302/718/209 350/788/397 303/789/398
f 306/790/213 307/791/214 347/792/399
f 388/793/400 305/794/212 306/790/213
f 388/793/400 302/718/209 305/794/212
f 347/792/399 389/795/401 306/790/213
f 389/795/401 388/793/400 306/790/213
f 347/792/399 296/770/203 389/795/401
f 388/793/400 389/795/401 296/770/203
f 296/770/203 347/792/399 297/796/402
f 296/770/203 302/718/209 388/793/400
o RightLeg
usemtl c_5a4c42
f 390/797/403 391/798/59 392/799/403
f 392/799/403 391/798/59 393/800/60
f 391/798/59 390/797/403 394/801/403
f 395/802/403 391/798/59 394/801/403
f 391/798/59 395/802/403 396/803/60
f 397/804/62 391/798/59 396/803/60
f 391/798/59 398/805/61 393/800/60
f 391/798/59 397/804/62 399/806/62
f 398/805/61 391/798/59 399/806/62
f 400/807/404 398/805/61 399/806/62
f 401/808/405 400/807/404 402/809/65
f 402/809/65 403/810/406 401/808/405
f 404/811/407 401/808/405 405/812/122
f 399/806/62 402/809/65 400/807/404
f 399/806/62 397/804/62 402/809/65
f 397/804/62 406/813/408 402/809/65
f 403/810/406 402/809/65 406/813/408
f 400/807/404 401/808/405 404/811/407
f 401/808/405 403/810/406 407/814/69
f 408/815/409 407/814/69 403/810/406
f 407/814/69 405/812/122 401/808/405
f 409/816/73 410/817/73 411/818/73
f 410/817/73 412/819/73 411/818/73
f 410/817/73 394/820/73 412/819/73
f 394/820/73 390/821/73 412/819/73
f 413/822/410 411/818/410 412/819/410
f 412/819/410 414/823/410 413/822/410
f 414/823/410 412/819/410 390/821/410
f 390/821/410 392/824/410 414/823/410
f 403/825/411 406/826/412 415/827/413
f 415/827/413 416/828/77 403/825/411
f 403/825/411 416/828/77 408/829/414
f 416/828/77 417/830/25 408/829/414
f 415/827/413 418/831/415 416/828/77
f 416/828/77 418/831/415 417/830/25
f 418/831/415 415/827/413 419/832/416
f 418/831/415 420/833/417 417/830/25
f 410/834/82 421/835/83 394/836/82
f 394/836/82 421/835/83 395/837/84
f 410/834/82 422/838/83 421/835/83
f 409/839/82 422/838/83 410/834/82
f 421/835/83 422/838/83 423/840/85
f 395/837/84 421/835/83 424/841/76
f 421/835/83 423/840/85 424/841/76
f 425/842/86 424/841/76 423/840/85
f 395/837/84 424/841/76 396/843/76
f 424/841/76 425/842/86 426/844/86
f 426/844/86 396/843/76 424/841/76
f 396/843/76 426/844/86 397/845/86
f 397/845/87 426/844/87 406/826/87
f 426/844/87 415/827/87 406/826/87
f 426/844/87 419/832/87 415/827/87
f 419/832/87 426/844/87 425/842/87
f 409/846/418 427/847/89 422/848/418
f 422/848/418 427/847/89 423/849/419
f 427/847/89 409/846/418 411/850/418
f 423/849/419 427/847/89 425/851/91
f 413/852/418 427/847/89 411/850/418
f 425/851/91 427/847/89 428/853/92
f 427/847/89 413/852/418 429/854/420
f 427/847/89 430/855/94 428/853/92
f 430/855/94 427/847/89 429/854/420
f 418/856/421 419/857/422 431/858/97
f 425/851/91 431/858/97 419/857/422
f 431/858/97 432/859/423 418/856/421
f 431/858/97 425/851/91 428/853/92
f 428/853/92 433/860/424 431/858/97
f 433/860/424 428/853/92 430/855/94
f 433/860/424 434/861/425 432/859/423
f 432/859/423 434/861/425 435/862/102
f 436/863/135 435/862/102 434/861/425
f 435/862/102 420/864/426 432/859/423
f 418/856/421 432/859/423 420/864/426
f 432/859/423 431/858/97 433/860/424
f 405/865/42 437/866/42 438/867/42
f 437/866/42 436/868/42 438/867/42
f 437/866/42 405/865/42 407/869/42
f 436/868/42 437/866/42 435/870/42
f 408/871/42 437/866/42 407/869/42
f 437/866/42 420/872/42 435/870/42
f 437/866/42 408/871/42 417/873/42
f 420/872/42 437/866/42 417/873/42
f 413/874/427 414/875/427 439/876/428
f 413/874/427 439/876/428 429/877/429
f 429/877/429 439/876/428 430/878/108
f 430/878/108 439/876/428 440/879/108
f 414/875/427 393/880/430 439/876/428
f 393/880/430 440/879/108 439/876/428
f 414/875/427 392/881/427 393/880/430
f 440/879/108 393/880/430 398/882/108
f 430/878/108 440/879/108 433/883/110
f 440/879/108 441/884/110 433/883/110
f 440/879/108 400/885/110 441/884/110
f 400/885/110 440/879/108 398/882/108
f 434/886/431 433/883/432 441/884/433
f 441/884/433 442/887/434 434/886/431
f 434/886/431 442/887/434 436/888/435
f 442/887/434 438/889/435 436/888/435
f 441/884/433 404/890/436 442/887/434
f 442/887/434 404/890/436 438/889/437
f 404/890/436 405/891/437 438/889/437
f 404/890/436 441/884/433 400/885/438
usemtl c_766457
f 443/892/119 444/893/119 445/894/119
f 446/895/120 443/892/120 445/894/120
f 443/892/120 446/895/120 447/896/120
f 448/897/121 449/898/121 450/899/121
f 451/900/122 448/897/122 450/899/122
f 448/897/122 451/900/122 452/901/122
f 453/902/123 454/903/123 455/904/123
f 454/903/123 453/902/123 456/905/123
f 450/906/124 449/907/124 457/908/124
f 455/909/125 458/910/125 459/911/125
f 445/912/126 444/913/126 460/914/126
f 461/915/127 451/916/127 457/908/127
f 451/916/127 450/906/127 457/908/127
f 459/911/129 453/917/129 455/909/129
f 453/917/129 459/911/129 462/918/129
f 460/914/128 463/919/128 446/920/128
f 460/914/128 446/920/128 445/912/128
f 451/921/25 461/922/25 464/923/25
f 451/921/25 464/923/25 452/924/25
f 446/925/130 463/926/130 465/927/130
f 446/925/130 465/927/130 447/928/130
f 453/929/131 462/930/131 466/931/131
f 453/929/131 466/931/131 456/932/131
f 459/933/132 458/934/132 467/935/132
f 462/936/133 459/933/133 467/935/133
f 462/936/133 467/935/133 466/937/133
f 457/938/134 449/939/134 468/940/134
f 461/941/135 457/938/135 468/940/135
f 461/941/135 468/940/135 464/942/135
f 463/943/136 460/944/136 469/945/136
f 463/943/136 469/945/136 465/946/136
f 452/915/137 468/906/137 448/908/137
f 468/906/137 452/915/137 464/916/137
f 467/912/139 456/919/139 466/920/139
f 456/919/139 467/912/139 454/914/139
f 447/918/138 469/909/138 443/911/138
f 469/909/138 447/918/138 465/917/138
f 468/906/140 449/907/140 448/908/140
f 469/909/141 444/910/141 443/911/141
f 467/912/142 458/913/142 454/914/142
f 460/947/143 444/948/143 469/949/143
f 454/950/144 458/951/144 455/952/144
o LeftLeg
usemtl c_5a4c42
f 470/953/439 471/954/146 472/955/439
f 472/955/439 471/954/146 473/956/440
f 474/957/439 471/954/146 470/953/439
f 471/954/146 474/957/439 475/958/439
f 471/954/146 475/958/439 476/959/441
f 471/954/146 477/960/150 473/956/440
f 471/954/146 476/959/441 478/961/149
f 477/960/150 471/954/146 479/962/151
f 471/954/146 478/961/149 479/962/151
f 479/962/151 480/963/404 477/960/150
f 481/964/65 478/961/149 482/965/408
f 482/965/408 483/966/406 481/964/65
f 481/964/65 483/966/406 484/967/405
f 484/967/405 483/966/406 485/968/409
f 484/967/405 485/968/409 486/969/69
f 487/970/407 484/967/405 486/969/69
f 487/970/407 486/969/69 488/971/122
f 478/961/149 481/964/65 479/962/151
f 480/963/404 479/962/151 481/964/65
f 481/964/65 484/967/405 480/963/404
f 480/963/404 484/967/405 487/970/407
f 474/972/73 470/973/73 489/974/73
f 489/974/73 470/973/73 490/975/73
f 489/974/73 490/975/73 491/976/73
f 491/976/73 490/975/73 492/977/73
f 470/973/410 472/978/410 490/975/410
f 490/975/410 472/978/410 493/979/410
f 490/975/410 493/979/410 492/977/410
f 492/977/410 493/979/410 494/980/410
f 495/981/416 496/982/415 497/983/413
f 497/983/413 496/982/415 498/984/77
f 496/982/415 499/985/417 498/984/77
f 498/984/77 499/985/417 500/986/25
f 483/987/411 497/983/413 498/984/77
f 498/984/77 500/986/25 483/987/411
f 497/983/413 483/987/411 482/988/412
f 483/987/411 500/986/25 485/989/414
f 491/990/82 501/991/83 489/992/82
f 501/991/83 491/990/82 502/993/84
f 475/994/83 489/992/82 501/991/83
f 489/992/82 475/994/83 474/995/82
f 501/991/83 476/996/85 475/994/83
f 502/993/84 503/997/76 501/991/83
f 476/996/85 501/991/83 503/997/76
f 503/997/76 478/998/86 476/996/85
f 503/997/76 502/993/84 504/999/76
f 478/998/86 503/997/76 505/1000/86
f 504/999/76 505/1000/86 503/997/76
f 505/1000/86 504/999/76 506/1001/86
f 495/981/87 505/1000/87 506/1001/87
f 505/1000/87 495/981/87 497/983/87
f 482/988/87 505/1000/87 497/983/87
f 505/1000/87 482/988/87 478/998/87
f 507/1002/157 508/1003/424 509/1004/156
f 509/1004/156 508/1003/424 510/1005/97
f 509/1004/156 510/1005/97 506/1006/156
f 511/1007/423 508/1003/424 512/1008/425
f 513/1009/135 511/1007/423 512/1008/425
f 491/1010/442 514/1011/153 502/1012/442
f 504/1013/155 502/1012/442 514/1011/153
f 514/1011/153 491/1010/442 492/1014/442
f 514/1011/153 492/1014/442 494/1015/442
f 514/1011/153 494/1015/442 515/1016/155
f 514/1011/153 515/1016/155 507/1002/157
f 514/1011/153 507/1002/157 509/1004/156
f 514/1011/153 506/1006/156 504/1013/155
f 506/1006/156 514/1011/153 509/1004/156
f 506/1006/156 510/1005/97 495/1017/422
f 510/1005/97 496/1018/421 495/1017/422
f 496/1018/421 510/1005/97 511/1007/423
f 508/1003/424 511/1007/423 510/1005/97
f 516/1019/102 496/1018/421 511/1007/423
f 496/1018/421 516/1019/102 499/1020/426
f 511/1007/423 513/1009/135 516/1019/102
f 513/1021/42 517/1022/42 518/1023/42
f 488/1024/42 518/1023/42 517/1022/42
f 518/1023/42 516/1025/42 513/1021/42
f 518/1023/42 488/1024/42 486/1026/42
f 518/1023/42 499/1027/42 516/1025/42
f 518/1023/42 486/1026/42 485/1028/42
f 499/1027/42 518/1023/42 500/1029/42
f 518/1023/42 485/1028/42 500/1029/42
f 472/1030/427 519/1031/428 493/1032/427
f 519/1031/428 472/1030/427 473/1033/429
f 519/1031/428 473/1033/429 477/1034/108
f 515/1035/430 493/1032/427 519/1031/428
f 493/1032/427 515/1035/430 494/1036/427
f 477/1034/108 520/1037/108 519/1031/428
f 515/1035/430 519/1031/428 520/1037/108
f 477/1034/108 480/1038/110 520/1037/108
f 515/1035/430 520/1037/108 507/1039/108
f 520/1037/108 480/1038/110 521/1040/110
f 520/1037/108 508/1041/110 507/1039/108
f 508/1041/110 520/1037/108 521/1040/110
f 521/1040/433 487/1042/436 522/1043/434
f 487/1042/436 488/1044/437 522/1043/434
f 522/1043/434 488/1044/437 517/1045/437
f 512/1046/431 521/1040/433 522/1043/434
f 521/1040/433 512/1046/431 508/1041/432
f 522/1043/434 517/1045/435 512/1046/431
f 512/1046/431 517/1045/435 513/1047/435
f 487/1042/436 521/1040/433 480/1038/438
usemtl c_766457
f 523/1048/119 524/1049/119 525/1050/119
f 526/1051/120 524/1049/120 523/1048/120
f 524/1049/120 526/1051/120 527/1052/120
f 528/1053/121 529/1054/121 530/1055/121
f 531/1056/122 529/1054/122 528/1053/122
f 529/1054/122 531/1056/122 532/1057/122
f 533/1058/123 534/1059/123 535/1060/123
f 534/1059/123 533/1058/123 536/1061/123
f 537/1062/124 528/1063/124 530/1064/124
f 538/1065/126 523/1066/126 525/1067/126
f 539/1068/125 535/1069/125 540/1070/125
f 531/1071/127 528/1063/127 541/1072/127
f 541/1072/127 528/1063/127 537/1062/127
f 526/1073/128 523/1066/128 542/1074/128
f 538/1065/128 542/1074/128 523/1066/128
f 535/1069/129 543/1075/129 533/1076/129
f 543/1075/129 535/1069/129 539/1068/129
f 541/1077/25 532/1078/25 531/1079/25
f 532/1078/25 541/1077/25 544/1080/25
f 543/1081/131 536/1082/131 533/1083/131
f 536/1082/131 543/1081/131 545/1084/131
f 542/1085/130 527/1086/130 526/1087/130
f 527/1086/130 542/1085/130 546/1088/130
f 547/1089/132 539/1090/132 540/1091/132
f 543/1092/133 547/1089/133 545/1093/133
f 547/1089/133 543/1092/133 539/1090/133
f 548/1094/134 537/1095/134 530/1096/134
f 541/1097/135 548/1094/135 544/1098/135
f 548/1094/135 541/1097/135 537/1095/135
f 542/1099/136 549/1100/136 546/1101/136
f 549/1100/136 542/1099/136 538/1102/136
f 544/1071/137 529/1062/137 532/1072/137
f 529/1062/137 544/1071/137 548/1063/137
f 524/1068/138 546/1076/138 549/1069/138
f 546/1076/138 524/1068/138 527/1075/138
f 545/1073/139 534/1065/139 536/1074/139
f 534/1065/139 545/1073/139 547/1066/139
f 529/1062/140 548/1063/140 530/1064/140
f 534/1065/142 547/1066/142 540/1067/142
f 524/1068/141 549/1069/141 525/1070/141
f 535/1103/144 534/1104/144 540/1105/144
f 549/1106/143 538/1107/143 525/1108/143
o Head
usemtl c_5a4c42
f 550/1109/443 551/1110/444 552/1111/443
f 551/1110/444 550/1109/443 553/1112/445
f 553/1112/445 554/1113/446 551/1110/444
f 554/1113/446 553/1112/445 555/1114/446
f 555/1114/446 556/1115/447 554/1113/446
f 556/1115/447 555/1114/446 557/1116/447
f 554/1113/448 558/1117/449 559/1118/450
f 558/1117/449 554/1113/448 556/1115/451
f 558/1117/449 560/1119/69 559/1118/450
f 560/1119/69 558/1117/449 561/1120/69
f 559/1118/450 551/1110/452 554/1113/448
f 551/1110/452 559/1118/450 562/1121/453
f 551/1110/452 562/1121/453 563/1122/454
f 564/1123/455 563/1122/454 562/1121/453
f 551/1110/452 563/1122/454 565/1124/456
f 563/1122/454 564/1123/455 566/1125/455
f 567/1126/457 551/1110/452 565/1124/456
f 568/1127/458 566/1125/455 564/1123/455
f 551/1110/452 567/1126/457 552/1111/459
f 552/1111/459 567/1126/457 568/1127/458
f 566/1125/455 568/1127/458 569/1128/460
f 568/1127/458 567/1126/457 569/1128/460
f 570/1129/461 571/1130/462 572/1131/463
f 571/1130/462 570/1129/461 573/1132/462
f 570/1129/461 564/1133/464 573/1132/464
f 570/1129/461 568/1134/465 564/1133/464
f 572/1131/463 574/1135/466 570/1129/461
f 574/1135/466 568/1134/465 570/1129/461
f 574/1135/466 572/1131/463 575/1136/467
f 568/1134/465 574/1135/466 552/1137/468
f 575/1136/467 576/1138/469 574/1135/466
f 576/1138/469 575/1136/467 577/1139/469
f 578/1140/469 574/1135/466 576/1138/469
f 574/1135/466 579/1141/470 552/1137/468
f 552/1137/468 579/1141/470 550/1142/470
f 579/1141/470 574/1135/466 578/1140/470
f 563/1143/471 580/1144/471 565/1145/471
f 580/1144/471 563/1143/471 581/1146/471
f 582/1147/471 583/1148/471 584/1149/471
f 583/1148/471 582/1147/471 585/1150/471
f 586/1151/472 587/1152/473 588/1153/473
f 587/1152/473 586/1151/472 589/1154/472
f 586/1151/472 560/1155/474 589/1154/472
f 559/1156/474 560/1155/474 586/1151/472
f 577/1157/475 590/1158/476 576/1159/477
f 590/1158/476 577/1157/475 591/1160/478
f 592/1161/479 576/1159/477 590/1158/476
f 576/1159/477 592/1161/479 578/1162/480
f 590/1158/476 593/1163/481 592/1161/479
f 591/1160/478 594/1164/482 590/1158/476
f 593/1163/481 590/1158/476 594/1164/482
f 594/1164/482 591/1160/478 595/1165/483
f 594/1164/482 596/1166/484 593/1163/481
f 597/1167/484 594/1164/482 595/1165/483
f 596/1166/484 594/1164/482 598/1168/484
f 594/1164/482 597/1167/484 598/1168/484
f 599/1169/485 557/1170/486 555/1171/487
f 557/1170/486 599/1169/485 600/1172/486
f 599/1169/485 596/1166/486 600/1172/486
f 553/1173/488 599/1169/485 555/1171/487
f 596/1166/486 599/1169/485 593/1163/489
f 599/1169/485 553/1173/488 601/1174/490
f 601/1174/490 593/1163/489 599/1169/485
f 550/1175/491 601/1174/490 553/1173/488
f 593/1163/489 601/1174/490 592/1161/492
f 601/1174/490 550/1175/491 579/1176/493
f 579/1176/493 592/1161/492 601/1174/490
f 592/1161/492 579/1176/493 578/1162/494
f 602/1177/495 583/1178/495 585/1179/495
f 583/1178/495 602/1177/495 603/1180/495
f 604/1181/495 563/1182/495 566/1183/495
f 563/1182/495 604/1181/495 581/1184/495
f 605/1185/496 597/1186/497 595/1187/496
f 597/1186/497 605/1185/496 606/1188/497
f 591/1189/498 605/1185/496 595/1187/496
f 605/1185/496 591/1189/498 607/1190/499
f 577/1191/500 607/1190/499 591/1189/498
f 607/1190/499 577/1191/500 575/1192/500
f 608/1193/501 587/1194/102 609/1195/102
f 587/1194/102 608/1193/501 588/1196/502
f 608/1193/501 605/1185/503 588/1196/502
f 605/1185/503 608/1193/501 606/1188/504
f 607/1190/505 588/1196/502 605/1185/503
f 588/1196/502 607/1190/505 610/1197/506
f 607/1190/505 583/1198/507 610/1197/506
f 571/1199/508 610/1197/506 583/1198/507
f 583/1198/507 607/1190/505 584/1200/509
f 571/1199/508 583/1198/507 603/1201/508
f 607/1190/505 611/1202/510 584/1200/509
f 603/1201/508 572/1203/511 571/1199/508
f 607/1190/505 575/1192/512 611/1202/510
f 572/1203/511 611/1202/510 575/1192/512
f 572/1203/511 603/1201/508 612/1204/513
f 611/1202/510 572/1203/511 612/1204/513
f 613/1205/514 614/1206/515 615/1154/516
f 561/1152/517 614/1206/515 613/1205/514
f 614/1206/515 561/1152/517 558/1130/518
f 616/1207/519 615/1154/516 614/1206/515
f 615/1154/516 616/1207/519 617/1208/520
f 609/1155/521 617/1208/520 616/1207/519
f 609/1155/521 616/1207/519 608/1133/522
f 616/1207/519 618/1209/523 608/1133/522
f 614/1206/515 618/1209/523 616/1207/519
f 618/1209/523 606/1210/524 608/1133/522
f 618/1209/523 597/1142/525 606/1210/524
f 597/1142/525 618/1209/523 598/1211/526
f 618/1209/523 614/1206/515 619/1212/527
f 558/1130/518 619/1212/527 614/1206/515
f 619/1212/527 598/1211/526 618/1209/523
f 619/1212/527 558/1130/518 556/1213/528
f 619/1212/527 556/1213/528 557/1139/529
f 619/1212/527 557/1139/529 600/1214/530
f 600/1214/530 598/1211/526 619/1212/527
f 598/1211/526 600/1214/530 596/1215/531
f 620/1216/532 603/1217/533 602/1218/533
f 603/1217/533 620/1216/532 612/1219/534
f 621/1220/535 612/1219/534 620/1216/532
f 612/1219/534 621/1220/535 611/1221/535
f 622/1222/535 623/1223/532 569/1224/534
f 569/1224/534 567/1225/535 622/1222/535
f 566/1226/533 569/1224/534 623/1223/532
f 623/1223/532 604/1227/533 566/1226/533
f 589/1163/536 613/1228/537 615/1166/536
f 617/1229/538 589/1163/536 615/1166/536
f 560/1230/537 613/1228/537 589/1163/536
f 613/1228/537 560/1230/537 561/1231/537
f 617/1229/538 587/1232/538 589/1163/536
f 587/1232/538 617/1229/538 609/1233/538
f 571/1234/539 624/1235/540 610/1236/541
f 624/1235/540 571/1234/539 573/1237/540
f 564/1238/542 624/1235/540 573/1237/540
f 624/1235/540 564/1238/542 562/1239/543
f 586/1240/540 610/1236/541 624/1235/540
f 562/1239/543 586/1240/540 624/1235/540
f 610/1236/541 586/1240/540 588/1241/544
f 586/1240/540 562/1239/543 559/1242/545
f 580/1243/546 622/1244/546 567/1245/546
f 567/1245/546 565/1246/546 580/1243/546
f 582/1247/546 611/1248/546 621/1249/546
f 611/1248/546 582/1247/546 584/1250/546
usemtl c_37383e_neon
f 625/1251/547 626/1252/547 627/1253/547
f 626/1252/547 625/1251/547 628/1254/547
f 629/1255/548 630/1256/548 631/1257/548
f 630/1256/548 629/1255/548 632/1258/548
usemtl c_766457
f 633/1259/549 634/1260/550 635/1261/551
f 634/1260/550 633/1259/549 636/1262/549
f 636/1262/549 633/1259/549 637/1263/549
f 634/1260/550 638/1264/552 635/1261/551
f 638/1264/552 634/1260/550 639/1265/553
f 639/1265/553 640/1266/554 638/1264/552
f 640/1266/554 641/1267/554 638/1264/552
f 641/1267/554 640/1266/554 642/1268/554
f 643/1269/555 644/1270/556 645/1271/555
f 643/1269/555 645/1271/555 646/1272/555
f 645/1271/555 644/1270/556 647/1273/557
f 648/1274/558 647/1273/557 644/1270/556
f 647/1273/557 648/1274/558 649/1275/559
f 649/1275/559 648/1274/558 650/1276/560
f 650/1276/560 651/1277/560 649/1275/559
f 651/1277/560 650/1276/560 652/1278/560
f 651/1279/561 653/1280/561 654/1281/561
f 653/1280/561 651/1279/561 652/1282/561
f 655/1283/562 642/1284/562 656/1285/562
f 642/1284/562 655/1283/562 641/1286/562
f 645/1287/563 657/1288/564 658/1289/563
f 658/1289/563 646/1290/565 645/1287/563
f 646/1290/565 658/1289/563 659/1291/565
f 657/1288/564 645/1287/563 647/1292/564
f 660/1293/566 635/1294/567 661/1295/567
f 635/1294/567 660/1293/566 633/1296/566
f 662/1297/568 633/1296/566 660/1293/566
f 633/1296/566 662/1297/568 637/1298/568
f 657/1299/564 647/1300/564 649/1301/569
f 649/1301/569 663/1302/569 657/1299/564
f 651/1303/570 663/1302/569 649/1301/569
f 654/1304/570 663/1302/569 651/1303/570
f 635/1305/567 664/1306/571 661/1307/567
f 664/1306/571 635/1305/567 638/1308/571
f 655/1309/572 664/1306/571 638/1308/571
f 638/1308/571 641/1310/572 655/1309/572
f 659/1311/573 658/1312/573 665/1313/573
f 658/1312/573 666/1314/574 665/1313/573
f 666/1314/574 658/1312/573 657/1315/575
f 666/1314/574 657/1315/575 663/1316/576
f 667/1317/577 666/1314/574 663/1316/576
f 667/1317/577 663/1316/576 668/1318/578
f 668/1318/578 663/1316/576 654/1319/578
f 653/1320/578 668/1318/578 654/1319/578
f 669/1321/579 660/1322/579 670/1323/580
f 660/1322/579 669/1321/579 662/1324/579
f 670/1323/580 660/1322/579 661/1325/581
f 661/1325/581 671/1326/582 670/1323/580
f 671/1326/582 661/1325/581 664/1327/583
f 672/1328/584 671/1326/582 664/1327/583
f 655/1329/584 672/1328/584 664/1327/583
f 672/1328/584 655/1329/584 656/1330/584
f 659/1298/585 643/1331/585 646/1297/585
f 643/1331/585 659/1298/585 665/1332/585
f 637/1291/586 669/1333/586 636/1334/586
f 669/1333/586 637/1291/586 662/1290/586
f 644/1335/587 665/1336/588 666/1337/587
f 665/1336/588 644/1335/587 643/1338/588
f 666/1337/587 648/1339/589 644/1335/587
f 648/1339/589 666/1337/587 667/1340/589
f 668/1341/590 648/1339/589 667/1340/589
f 650/1342/590 648/1339/589 668/1341/590
f 650/1342/590 668/1341/590 653/1343/591
f 652/1344/591 650/1342/590 653/1343/591
f 636/1345/592 670/1346/593 634/1347/593
f 670/1346/593 636/1345/592 669/1348/592
f 671/1349/594 634/1347/593 670/1346/593
f 634/1347/593 671/1349/594 639/1350/594
f 640/1351/595 639/1350/594 671/1349/594
f 672/1352/595 640/1351/595 671/1349/594
f 672/1352/595 642/1353/596 640/1351/595
f 642/1353/596 672/1352/595 656/1354/596
f 673/1355/597 674/1356/597 675/1357/597
f 673/1355/597 675/1357/597 676/1358/597
f 676/1358/597 677/1359/597 673/1355/597
f 678/1360/598 676/1358/598 679/1361/598
f 676/1358/598 678/1360/598 677/1359/598
f 680/1362/599 681/1363/599 678/1360/599
f 681/1363/599 680/1362/599 682/1364/599
f 678/1360/599 679/1361/599 680/1362/599
f 677/1365/600 678/1366/600 683/1367/600
f 683/1367/600 678/1366/600 684/1368/600
f 685/1369/601 674/1370/601 673/1371/601
f 685/1369/601 673/1371/601 686/1372/601
f 686/1372/602 673/1371/602 677/1365/602
f 686/1372/602 677/1365/602 683/1367/602
f 678/1366/603 681/1373/603 684/1368/603
f 684/1368/603 681/1373/603 687/1374/603
f 674/1375/604 685/1376/604 688/1377/604
f 674/1375/604 688/1377/604 675/1378/604
f 689/1379/605 686/1380/605 683/1381/605
f 686/1380/605 689/1379/605 688/1382/605
f 686/1380/605 688/1382/605 685/1383/605
f 684/1384/606 689/1379/606 683/1381/606
f 689/1379/606 684/1384/606 690/1385/606
f 684/1384/607 691/1386/607 690/1385/607
f 684/1384/607 687/1387/607 691/1386/607
f 691/1386/607 687/1387/607 692/1388/607
f 682/1389/608 680/1390/608 692/1391/608
f 680/1390/608 691/1392/608 692/1391/608
f 691/1392/609 680/1390/609 679/1393/609
f 691/1392/609 679/1393/609 690/1394/609
f 676/1395/610 675/1396/610 689/1397/610
f 675/1396/610 688/1398/610 689/1397/610
f 676/1395/611 689/1397/611 690/1394/611
f 676/1395/611 690/1394/611 679/1393/611
f 681/1399/612 682/1400/612 687/1401/612
f 687/1401/612 682/1400/612 692/1402/612
usemtl c_a0a0a0_neon
f 628/1403/613 580/1404/613 626/1405/613
f 580/1404/613 628/1403/613 693/1406/613
f 631/1407/614 582/1408/614 694/1409/614
f 582/1408/614 631/1407/614 630/1410/614
usemtl c_2a2a30_neon
f 627/1411/615 604/1412/615 625/1413/615
f 604/1412/615 627/1411/615 581/1414/615
f 602/1415/616 632/1416/616 629/1417/616
f 632/1416/616 602/1415/616 585/1418/616
o Jaw
usemtl c_766457
f 695/1419/59 696/1420/59 697/1421/59
f 696/1420/59 695/1419/59 698/1422/59
f 699/1423/617 700/1424/618 701/1425/617
f 700/1424/618 699/1423/617 702/1426/618
f 700/1424/618 702/1426/618 695/1419/619
f 695/1419/619 697/1421/619 700/1424/618
f 698/1427/620 703/1428/621 704/1429/622
f 704/1429/622 703/1428/621 705/1430/623
f 703/1428/621 698/1427/620 695/1431/624
f 705/1430/623 703/1428/621 706/1432/625
f 703/1428/621 695/1431/624 702/1433/626
f 703/1428/621 707/1434/627 706/1432/625
f 703/1428/621 702/1433/626 708/1435/628
f 707/1434/627 703/1428/621 708/1435/628
f 702/1433/626 699/1436/629 708/1435/628
f 708/1435/628 709/1437/630 707/1434/627
f 708/1435/628 699/1436/629 710/1438/631
f 709/1437/630 708/1435/628 710/1438/631
f 705/1439/632 711/1440/633 704/1441/633
f 711/1440/633 705/1439/632 712/1442/632
f 711/1440/633 698/1443/634 704/1441/633
f 698/1443/634 711/1440/633 696/1444/634
f 706/1445/153 712/1446/153 705/1447/153
f 712/1446/153 706/1445/153 713/1448/153
f 709/1449/635 714/1450/636 707/1451/636
f 714/1450/636 706/1445/637 707/1451/636
f 706/1445/637 714/1450/636 713/1448/637
f 714/1450/636 709/1449/635 715/1452/635
f 716/1435/638 714/1433/639 715/1436/640
f 717/1428/641 712/1453/642 713/1431/643
f 712/1453/642 717/1428/641 711/1454/42
f 717/1428/641 713/1431/643 714/1433/639
f 717/1428/641 696/1455/644 711/1454/42
f 717/1428/641 697/1432/645 696/1455/644
f 717/1428/641 700/1434/646 697/1432/645
f 714/1433/639 716/1435/638 717/1428/641
f 700/1434/646 717/1428/641 716/1435/638
f 716/1435/638 701/1437/647 700/1434/646
f 701/1437/647 716/1435/638 718/1438/611
f 715/1436/640 718/1438/611 716/1435/638
f 699/1456/648 718/1457/648 710/1458/648
f 718/1457/648 699/1456/648 701/1459/648
f 709/1460/649 718/1457/649 715/1461/649
f 718/1457/649 709/1460/649 710/1458/649
o Tail
usemtl c_5a4c42
f 719/1462/650 720/1463/651 721/1464/652
f 722/1465/653 27/1466/654 26/1467/654
f 719/1462/655 721/1464/653 723/1468/656
f 723/1468/656 721/1464/653 722/1465/653
f 27/1466/654 722/1465/653 721/1464/653
f 724/1469/657 719/1462/655 723/1468/656
f 719/1462/655 724/1469/657 725/1470/658
f 725/1470/658 726/1471/659 727/1472/660
f 724/1469/657 726/1471/659 725/1470/658
f 728/1473/661 725/1470/658 727/1472/660
f 725/1470/658 728/1473/661 719/1462/650
f 720/1463/651 719/1462/650 728/1473/661
f 27/1466/662 720/1463/651 36/1474/662
f 720/1463/651 27/1466/662 721/1464/652
f 729/1475/663 28/1476/664 730/1477/665
f 28/1476/664 29/1478/666 730/1477/665
f 731/1479/667 729/1475/663 732/1480/668
f 729/1475/663 730/1477/665 732/1480/668
f 723/1481/669 729/1475/663 731/1479/667
f 729/1475/663 723/1481/669 722/1482/670
f 722/1482/670 28/1476/664 729/1475/663
f 28/1476/664 722/1482/670 26/1483/671
f 731/1479/667 724/1484/672 723/1481/669
f 724/1484/672 731/1479/667 733/1485/673
f 726/1486/127 724/1484/672 733/1485/673
f 733/1485/673 734/1487/674 726/1486/127
f 733/1485/673 731/1479/667 734/1487/674
f 731/1479/667 732/1480/668 734/1487/674
f 735/1488/675 31/1489/676 736/1490/677
f 31/1489/676 32/1491/676 736/1490/677
f 736/1490/677 737/1492/678 735/1488/675
f 737/1492/678 736/1490/677 738/1493/679
f 738/1493/679 739/1494/680 737/1492/678
f 739/1494/680 738/1493/679 740/1495/681
f 726/1496/682 739/1494/680 740/1495/681
f 726/1496/682 734/1497/683 739/1494/680
f 734/1497/683 737/1492/684 739/1494/680
f 735/1488/685 732/1498/686 730/1499/685
f 732/1498/686 735/1488/685 737/1492/684
f 737/1492/684 734/1497/683 732/1498/686
f 730/1499/685 31/1489/687 735/1488/685
f 31/1489/687 730/1499/685 29/1500/687
f 727/1501/688 741/1502/689 728/1503/690
f 741/1502/689 727/1501/688 742/1504/691
f 727/1501/688 726/1486/692 742/1504/691
f 726/1486/692 740/1505/693 742/1504/691
f 740/1505/693 741/1502/689 742/1504/691
f 741/1502/689 740/1505/693 738/1506/694
f 720/1507/695 35/1476/696 36/1478/697
f 35/1476/696 720/1507/695 743/1508/698
f 720/1507/695 728/1503/699 743/1508/698
f 743/1508/698 728/1503/699 741/1502/700
f 738/1506/701 743/1508/698 741/1502/700
f 743/1508/698 738/1506/701 736/1509/702
f 736/1509/702 35/1476/696 743/1508/698
f 35/1476/696 736/1509/702 32/1483/703
