# Roblox asset pack: tribolite (creatures), from the Studio model "Tribolite". Exported with Export Selection, split by tools/build_creatures.py: one object per rigid body. Units: studs. +Y up, front faces -Z, pivot (bottom centre) at the origin.
mtllib tribolite.mtl

v -0.20600 0.30000 1.34000
v -0.54700 0.30000 1.34000
v -0.37600 0.02000 1.68000
v -0.24900 0.47000 0.97000
v -0.28400 0.85000 0.00000
v -0.50400 0.47000 0.97000
v -0.02900 0.85000 0.00000
v -0.24900 0.35000 1.15000
v -0.50400 0.35000 1.15000
v -0.20600 0.09000 1.29000
v -0.24900 0.29000 0.86000
v -0.24900 0.18000 1.03000
v -0.02900 0.76000 0.00000
v -0.02900 0.67000 0.00000
v -0.54700 0.09000 1.29000
v -0.50400 0.18000 1.03000
v -0.50400 0.29000 0.86000
v -0.28400 0.67000 0.00000
v -0.28400 0.76000 0.00000
v 1.27600 0.30000 1.34000
v 1.44700 0.02000 1.68000
v 1.61700 0.30000 1.34000
v 1.31900 0.47000 0.97000
v 1.44300 0.85000 0.00000
v 1.18900 0.85000 0.00000
v 1.57400 0.47000 0.97000
v 1.31900 0.35000 1.15000
v 1.57400 0.35000 1.15000
v 1.61700 0.09000 1.29000
v 1.57400 0.18000 1.03000
v 1.57400 0.29000 0.86000
v 1.44300 0.67000 0.00000
v 1.44300 0.76000 0.00000
v 1.27600 0.09000 1.29000
v 1.31900 0.18000 1.03000
v 1.31900 0.29000 0.86000
v 1.18900 0.67000 0.00000
v 1.18900 0.76000 0.00000
v 0.58300 0.30000 1.34000
v 0.24200 0.30000 1.34000
v 0.41200 0.02000 1.68000
v 0.54000 0.47000 0.97000
v 0.32000 0.85000 0.00000
v 0.28500 0.47000 0.97000
v 0.57500 0.85000 0.00000
v 0.54000 0.35000 1.15000
v 0.28500 0.35000 1.15000
v 0.58300 0.09000 1.29000
v 0.54000 0.29000 0.86000
v 0.54000 0.18000 1.03000
v 0.57500 0.76000 0.00000
v 0.57500 0.67000 0.00000
v 0.24200 0.09000 1.29000
v 0.28500 0.18000 1.03000
v 0.28500 0.29000 0.86000
v 0.32000 0.67000 0.00000
v 0.32000 0.76000 0.00000
v -1.05500 0.09000 1.07000
v -0.90800 0.35000 0.98000
v -0.81700 0.18000 0.89000
v -1.09200 0.30000 1.10000
v -0.83400 0.30000 1.29000
v -1.22800 0.02000 1.45000
v -0.57000 0.85000 0.00000
v -0.63600 0.47000 0.99000
v -0.31600 0.85000 0.00000
v -0.85500 0.47000 0.89000
v -0.71600 0.35000 1.12000
v -0.62500 0.18000 1.03000
v -0.79600 0.09000 1.25000
v -0.56500 0.29000 0.90000
v -0.31600 0.76000 0.00000
v -0.31600 0.67000 0.00000
v -0.78400 0.29000 0.79000
v -0.57000 0.67000 0.00000
v -0.57000 0.76000 0.00000
v 1.68000 0.30000 1.34000
v 1.85100 0.02000 1.68000
v 2.02100 0.30000 1.34000
v 1.72300 0.47000 0.97000
v 1.75800 0.85000 0.00000
v 1.50300 0.85000 0.00000
v 1.97800 0.47000 0.97000
v 1.72300 0.35000 1.15000
v 1.97800 0.35000 1.15000
v 2.02100 0.09000 1.29000
v 1.97800 0.18000 1.03000
v 1.97800 0.29000 0.86000
v 1.75800 0.67000 0.00000
v 1.75800 0.76000 0.00000
v 1.68000 0.09000 1.29000
v 1.72300 0.18000 1.03000
v 1.72300 0.29000 0.86000
v 1.50300 0.67000 0.00000
v 1.50300 0.76000 0.00000
v 0.89100 0.30000 1.34000
v 1.06200 0.02000 1.68000
v 1.23300 0.30000 1.34000
v 0.93500 0.47000 0.97000
v 1.15400 0.85000 0.00000
v 0.89900 0.85000 0.00000
v 1.18900 0.47000 0.97000
v 0.93500 0.35000 1.15000
v 1.18900 0.35000 1.15000
v 1.23300 0.09000 1.29000
v 1.18900 0.18000 1.03000
v 1.18900 0.29000 0.86000
v 1.15400 0.67000 0.00000
v 1.15400 0.76000 0.00000
v 0.89100 0.09000 1.29000
v 0.93500 0.18000 1.03000
v 0.93500 0.29000 0.86000
v 0.89900 0.67000 0.00000
v 0.89900 0.76000 0.00000
v 2.38200 0.35000 0.98000
v 2.56600 0.30000 1.10000
v 2.52900 0.09000 1.07000
v 2.29100 0.18000 0.89000
v 2.30800 0.30000 1.29000
v 2.70300 0.02000 1.45000
v 2.11000 0.47000 0.99000
v 2.04500 0.85000 0.00000
v 1.79000 0.85000 0.00000
v 2.32900 0.47000 0.89000
v 2.19000 0.35000 1.12000
v 2.04500 0.67000 0.00000
v 2.25900 0.29000 0.79000
v 2.04500 0.76000 0.00000
v 2.27100 0.09000 1.25000
v 2.09900 0.18000 1.03000
v 2.03900 0.29000 0.90000
v 1.79000 0.67000 0.00000
v 1.79000 0.76000 0.00000
v 0.90200 0.30000 1.34000
v 0.56100 0.30000 1.34000
v 0.73200 0.02000 1.68000
v 0.85900 0.47000 0.97000
v 0.61300 0.85000 0.00000
v 0.60400 0.47000 0.97000
v 0.86700 0.85000 0.00000
v 0.85900 0.35000 1.15000
v 0.60400 0.35000 1.15000
v 0.90200 0.09000 1.29000
v 0.85900 0.29000 0.86000
v 0.85900 0.18000 1.03000
v 0.86700 0.76000 0.00000
v 0.86700 0.67000 0.00000
v 0.56100 0.09000 1.29000
v 0.60400 0.18000 1.03000
v 0.60400 0.29000 0.86000
v 0.61300 0.67000 0.00000
v 0.61300 0.76000 0.00000
v 0.19800 0.30000 1.34000
v -0.14300 0.30000 1.34000
v 0.02700 0.02000 1.68000
v 0.15500 0.47000 0.97000
v 0.03100 0.85000 0.00000
v -0.10000 0.47000 0.97000
v 0.28500 0.85000 0.00000
v 0.15500 0.35000 1.15000
v -0.10000 0.35000 1.15000
v 0.19800 0.09000 1.29000
v 0.15500 0.29000 0.86000
v 0.15500 0.18000 1.03000
v 0.28500 0.76000 0.00000
v 0.28500 0.67000 0.00000
v -0.14300 0.09000 1.29000
v -0.10000 0.18000 1.03000
v -0.10000 0.29000 0.86000
v 0.03100 0.67000 0.00000
v 0.03100 0.76000 0.00000
v 1.71100 0.83000 -0.97000
v 1.24300 0.73000 -1.08000
v 1.30700 0.88000 -1.08000
v 1.77400 0.66000 -0.94000
v 1.30700 1.12000 -0.54000
v 1.30700 1.12000 0.54000
v 1.71100 1.07000 0.48000
v 1.71100 0.83000 0.97000
v 1.30700 0.88000 1.08000
v 1.71100 1.07000 -0.48000
v 1.77400 0.84000 0.47000
v 1.77400 0.84000 -0.47000
v 1.77400 0.66000 0.94000
v 1.24300 0.73000 1.08000
v 1.24300 0.91000 0.54000
v 1.24300 0.91000 -0.54000
v -0.39800 0.85000 -0.53000
v -0.18000 0.73000 -0.67000
v -0.42700 0.69000 -0.52000
v -0.20900 0.88000 -0.67000
v 1.85000 0.85000 -0.53000
v 1.63200 0.73000 -0.67000
v 1.66200 0.88000 -0.67000
v 1.87900 0.69000 -0.52000
v 0.11300 0.92000 -0.63000
v 0.33100 0.79000 -0.80000
v 0.08300 0.76000 -0.62000
v 0.30100 0.94000 -0.79000
v 1.12200 0.79000 -0.80000
v 1.34000 0.92000 -0.63000
v 1.36900 0.76000 -0.62000
v 1.15100 0.94000 -0.79000
v 0.63200 0.95000 -0.71000
v 0.84900 0.79000 -0.71000
v 0.60200 0.79000 -0.71000
v 0.82000 0.95000 -0.71000
v -0.39800 1.08000 -0.27000
v -0.39800 1.08000 0.27000
v -0.20900 1.11000 0.33000
v -0.39800 0.85000 0.53000
v -0.20900 0.88000 0.67000
v -0.20900 1.11000 -0.33000
v 1.66200 1.11000 -0.33000
v 1.66200 1.11000 0.33000
v 1.85000 1.08000 0.27000
v 1.85000 0.85000 0.53000
v 1.66200 0.88000 0.67000
v 1.85000 1.08000 -0.27000
v 0.11300 1.16000 -0.32000
v 0.11300 1.16000 0.32000
v 0.30100 1.17000 0.40000
v 0.11300 0.92000 0.63000
v 0.30100 0.94000 0.79000
v 0.30100 1.17000 -0.40000
v 1.15100 1.17000 -0.40000
v 1.15100 1.17000 0.40000
v 1.34000 1.16000 0.32000
v 1.34000 0.92000 0.63000
v 1.15100 0.94000 0.79000
v 1.34000 1.16000 -0.32000
v 0.63200 1.19000 -0.35000
v 0.63200 1.19000 0.35000
v 0.82000 1.19000 0.35000
v 0.63200 0.95000 0.71000
v 0.82000 0.95000 0.71000
v 0.82000 1.19000 -0.35000
v 1.87900 0.87000 0.26000
v 1.87900 0.87000 -0.26000
v 1.87900 0.69000 0.52000
v 1.36900 0.94000 0.31000
v 1.36900 0.94000 -0.31000
v 1.36900 0.76000 0.62000
v 0.84900 0.97000 0.35000
v 0.84900 0.97000 -0.35000
v 0.84900 0.79000 0.71000
v 0.33100 0.96000 0.40000
v 0.33100 0.96000 -0.40000
v 0.33100 0.79000 0.80000
v -0.18000 0.91000 0.33000
v -0.18000 0.91000 -0.33000
v -0.18000 0.73000 0.67000
v -0.42700 0.69000 0.52000
v 1.63200 0.73000 0.67000
v 0.08300 0.76000 0.62000
v 1.12200 0.79000 0.80000
v 0.60200 0.79000 0.71000
v 0.60200 0.97000 0.35000
v 0.60200 0.97000 -0.35000
v 0.08300 0.94000 0.31000
v 0.08300 0.94000 -0.31000
v 1.12200 0.96000 0.40000
v 1.12200 0.96000 -0.40000
v 1.63200 0.91000 0.33000
v 1.63200 0.91000 -0.33000
v -0.42700 0.87000 0.26000
v -0.42700 0.87000 -0.26000
v 0.94400 0.96000 -0.11000
v 0.48500 0.96000 -0.11000
v 0.78400 1.36000 -0.05000
v 0.98200 1.36000 -0.05000
v 1.29700 1.67000 0.00000
v 0.78700 1.37000 0.05000
v 0.94400 0.96000 0.11000
v 0.98200 1.36000 0.05000
v 0.48500 0.96000 0.11000
v -0.13200 1.41000 -0.04000
v 0.06700 1.05000 -0.10000
v -0.34800 1.01000 -0.10000
v 0.04400 1.42000 -0.04000
v 0.28400 1.73000 0.00000
v -0.13000 1.41000 0.04000
v 0.06700 1.05000 0.10000
v 0.04400 1.42000 0.04000
v -0.34800 1.01000 0.10000
v 1.80800 0.98000 -0.09000
v 1.68500 1.28000 -0.04000
v 1.83500 1.28000 -0.04000
v 2.07300 1.51000 0.00000
v 1.46300 0.98000 -0.09000
v 1.68700 1.28000 0.04000
v 1.80800 0.98000 0.09000
v 1.83600 1.28000 0.04000
v 1.46300 0.98000 0.09000
v 2.19500 0.96000 -0.06000
v 2.16500 1.20000 -0.03000
v 2.27600 1.18000 -0.03000
v 2.49600 1.31000 0.00000
v 1.94300 1.01000 -0.06000
v 1.94300 1.01000 0.06000
v 2.16600 1.20000 0.03000
v 2.19500 0.96000 0.06000
v 2.27600 1.18000 0.03000
v 1.34500 0.98000 -0.10000
v 1.19700 1.35000 -0.04000
v 1.37800 1.35000 -0.04000
v 1.66600 1.63000 0.00000
v 0.92600 0.98000 -0.10000
v 1.19900 1.35000 0.04000
v 1.34500 0.98000 0.10000
v 1.37900 1.35000 0.04000
v 0.92600 0.98000 0.10000
v -0.97100 0.71000 -0.36000
v 0.63100 0.45000 -0.53000
v -0.97100 0.45000 -0.24000
v 0.63100 0.79000 -0.80000
v 2.23300 0.45000 -0.24000
v 2.23300 0.79000 -0.36000
v 0.63100 0.79000 0.80000
v -0.97100 0.71000 0.36000
v 2.23300 0.79000 0.36000
v 2.23300 0.45000 0.24000
v 0.63100 0.45000 0.53000
v -0.97100 0.45000 0.24000
v 0.27600 0.89000 -1.12000
v 0.74300 0.76000 -1.14000
v 0.21300 0.73000 -1.10000
v 0.68000 0.91000 -1.15000
v 0.27600 1.13000 -0.56000
v 0.27600 1.13000 0.56000
v 0.68000 1.15000 0.57000
v 0.27600 0.89000 1.12000
v 0.68000 0.91000 1.15000
v 0.68000 1.15000 -0.57000
v 0.74300 0.93000 0.57000
v 0.74300 0.93000 -0.57000
v 0.74300 0.76000 1.14000
v 0.21300 0.73000 1.10000
v 0.21300 0.91000 0.55000
v 0.21300 0.91000 -0.55000
v -0.23900 0.83000 -1.00000
v 0.22800 0.73000 -1.10000
v -0.30200 0.67000 -0.98000
v 0.16500 0.88000 -1.10000
v -0.23900 1.07000 -0.50000
v -0.23900 1.07000 0.50000
v 0.16500 1.12000 0.55000
v -0.23900 0.83000 1.00000
v 0.16500 0.88000 1.10000
v 0.16500 1.12000 -0.55000
v 0.22800 0.91000 0.55000
v 0.22800 0.91000 -0.55000
v 0.22800 0.73000 1.10000
v -0.30200 0.67000 0.98000
v -0.30200 0.85000 0.49000
v -0.30200 0.85000 -0.49000
v -0.59700 1.22000 -0.03000
v -0.41400 1.01000 -0.07000
v -0.67800 0.94000 -0.07000
v -0.48500 1.25000 -0.03000
v -0.37500 1.48000 0.00000
v -0.41400 1.01000 0.07000
v -0.48500 1.25000 0.03000
v -0.59600 1.23000 0.03000
v -0.67800 0.94000 0.07000
v -0.75400 0.75000 -0.77000
v -0.28700 0.67000 -0.98000
v -0.81800 0.59000 -0.76000
v -0.35000 0.81000 -0.97000
v -0.75400 0.99000 -0.39000
v -0.75400 0.99000 0.39000
v -0.35000 1.05000 0.48000
v -0.75400 0.75000 0.77000
v -0.35000 0.81000 0.97000
v -0.35000 1.05000 -0.48000
v -0.28700 0.85000 0.49000
v -0.28700 0.85000 -0.49000
v -0.28700 0.67000 0.98000
v -0.81800 0.59000 0.76000
v -0.81800 0.77000 -0.38000
v -0.81800 0.77000 0.38000
v 2.35400 0.37000 -0.69000
v 1.97600 0.68000 -0.81000
v 2.08800 0.72000 -0.80000
v 2.37700 0.48000 -0.70000
v 2.05500 0.76000 -0.40000
v 2.05500 0.76000 0.40000
v 2.19400 0.82000 0.40000
v 2.08800 0.72000 0.80000
v 1.97600 0.68000 0.81000
v 2.19400 0.82000 -0.40000
v 2.48100 0.59000 0.35000
v 2.37700 0.48000 0.70000
v 2.48100 0.59000 -0.35000
v 2.43100 0.45000 0.35000
v 2.43100 0.45000 -0.35000
v 2.35400 0.37000 0.69000
v 0.55300 1.02000 -0.11000
v 0.09200 1.02000 -0.11000
v 0.39400 1.43000 -0.05000
v 0.59100 1.43000 -0.05000
v 0.90700 1.73000 0.00000
v 0.39700 1.43000 0.05000
v 0.55300 1.02000 0.11000
v 0.59200 1.43000 0.05000
v 0.09200 1.02000 0.11000
v 2.23000 0.75000 -0.82000
v 1.76200 0.67000 -0.95000
v 1.82600 0.81000 -0.93000
v 2.29300 0.59000 -0.81000
v 1.82600 1.05000 -0.47000
v 1.82600 1.05000 0.47000
v 2.23000 0.99000 0.41000
v 2.23000 0.75000 0.82000
v 1.82600 0.81000 0.93000
v 2.23000 0.99000 -0.41000
v 2.29300 0.76000 0.40000
v 2.29300 0.76000 -0.40000
v 2.29300 0.59000 0.81000
v 1.76200 0.67000 0.95000
v 1.76200 0.85000 -0.47000
v 1.76200 0.85000 0.47000
v 0.72800 0.76000 -1.14000
v 1.19500 0.89000 -1.10000
v 1.25900 0.73000 -1.08000
v 0.79100 0.91000 -1.14000
v 1.19500 1.13000 0.55000
v 0.79100 1.15000 -0.57000
v 0.79100 1.15000 0.57000
v 1.19500 0.89000 1.10000
v 0.79100 0.91000 1.14000
v 1.19500 1.13000 -0.55000
v 1.25900 0.91000 0.54000
v 1.25900 0.91000 -0.54000
v 1.25900 0.73000 1.08000
v 0.72800 0.76000 1.14000
v 0.72800 0.93000 0.57000
v 0.72800 0.93000 -0.57000
v -0.73100 0.39000 -1.20000
v 0.00700 0.34000 -1.33000
v -0.73100 0.25000 -1.15000
v 0.00700 0.47000 -1.38000
v 0.74400 0.38000 -1.42000
v 0.74400 0.51000 -1.47000
v 1.48100 0.47000 -1.38000
v 1.48100 0.34000 -1.33000
v 2.21800 0.39000 -1.20000
v 2.21800 0.25000 -1.15000
v -0.73100 0.62000 -1.08000
v 0.00700 0.69000 -1.26000
v 0.74400 0.73000 -1.35000
v 1.48100 0.69000 -1.26000
v 2.21800 0.61000 -1.08000
v 0.00700 0.93000 -0.67000
v -0.73100 0.85000 -0.48000
v 0.74400 0.95000 -0.76000
v 1.48100 0.92000 -0.67000
v 2.21800 0.84000 -0.48000
v 2.21800 0.71000 -0.44000
v 2.21800 0.48000 -1.03000
v 0.00700 0.80000 -0.62000
v 0.74400 0.82000 -0.71000
v -0.73100 0.72000 -0.44000
v 1.48100 0.79000 -0.62000
v -0.73100 0.49000 -1.03000
v 0.00700 0.56000 -1.21000
v 0.74400 0.60000 -1.30000
v 1.48100 0.56000 -1.21000
v 0.74400 0.82000 0.71000
v 0.00700 0.80000 0.62000
v 0.00700 0.93000 0.67000
v -0.73100 0.85000 0.49000
v -0.73100 0.72000 0.44000
v 0.74400 0.95000 0.76000
v 1.48100 0.92000 0.67000
v 1.48100 0.79000 0.62000
v 2.21800 0.84000 0.49000
v 2.21800 0.71000 0.44000
v 0.00700 0.34000 1.33000
v -0.73100 0.25000 1.15000
v -0.73100 0.49000 1.03000
v 0.00700 0.56000 1.21000
v 0.74400 0.38000 1.42000
v 0.74400 0.60000 1.30000
v 1.48100 0.56000 1.21000
v 1.48100 0.34000 1.33000
v 2.21800 0.48000 1.03000
v 2.21800 0.25000 1.15000
v -0.73100 0.62000 1.08000
v 0.00700 0.69000 1.26000
v 0.74400 0.73000 1.35000
v 1.48100 0.69000 1.26000
v 2.21800 0.61000 1.08000
v 2.21800 0.39000 1.20000
v -0.73100 0.39000 1.20000
v 0.00700 0.47000 1.38000
v 0.74400 0.51000 1.47000
v 1.48100 0.47000 1.38000
v -0.36000 0.94000 -0.77000
v 0.72900 0.94000 -0.88000
v -0.36000 0.86000 -0.73000
v 0.72900 1.01000 -0.91000
v 1.81900 0.94000 -0.77000
v 1.81900 0.86000 -0.73000
v 0.03800 1.05000 -0.86000
v 0.72900 1.09000 -0.94000
v 1.42100 1.05000 -0.86000
v -0.36000 1.03000 0.55000
v 0.72900 1.03000 0.66000
v -0.36000 0.95000 0.51000
v 0.72900 1.11000 0.69000
v 0.03800 1.15000 0.64000
v 0.72900 1.18000 0.72000
v 1.81900 1.03000 0.55000
v 1.81900 0.95000 0.51000
v 1.42100 1.15000 0.64000
v 1.81900 0.94000 0.77000
v 1.42100 1.05000 0.86000
v 1.42100 1.15000 -0.64000
v 1.81900 1.03000 -0.55000
v -0.36000 0.94000 0.77000
v 0.03800 1.05000 0.86000
v 0.03800 1.15000 -0.64000
v -0.36000 1.03000 -0.55000
v 0.72900 1.09000 0.94000
v 0.72900 1.18000 -0.72000
v 1.81900 0.86000 0.73000
v 1.81900 0.95000 -0.51000
v -0.36000 0.86000 0.73000
v 0.72900 0.94000 0.88000
v 0.72900 1.01000 0.91000
v 0.72900 1.03000 -0.66000
v -0.36000 0.95000 -0.51000
v 0.72900 1.11000 -0.69000
v -1.21800 0.44000 -0.83000
v -0.70300 0.19000 -0.78000
v -1.21800 0.19000 -0.78000
v -0.70300 0.44000 -0.83000
v -0.95900 0.64000 -0.86000
v -0.70300 0.64000 -0.86000
v -0.95900 0.79000 -0.32000
v -0.70300 0.79000 -0.32000
v -1.21800 0.54000 -0.27000
v -0.70300 0.29000 -0.23000
v -0.70300 0.54000 -0.27000
v -1.21800 0.29000 -0.23000
v -1.21800 0.54000 0.27000
v -0.70300 0.54000 0.27000
v -1.21800 0.29000 0.23000
v -0.70300 0.29000 0.23000
v -0.95900 0.79000 0.32000
v -0.70300 0.79000 0.32000
v -0.95900 0.64000 0.86000
v -0.70300 0.64000 0.86000
v -1.21800 0.44000 0.83000
v -0.70300 0.19000 0.78000
v -0.70300 0.44000 0.83000
v -1.21800 0.19000 0.78000
v -1.43400 0.34000 -0.33000
v -0.83300 0.34000 -0.33000
v -1.43400 0.21000 -0.33000
v -0.83300 0.21000 -0.33000
v -1.13200 0.12000 -0.33000
v -0.83300 0.12000 -0.33000
v -1.43400 0.34000 0.33000
v -0.83300 0.34000 0.33000
v -0.83300 0.21000 0.33000
v -0.83300 0.12000 0.33000
v -1.43400 0.21000 0.33000
v -1.13200 0.12000 0.33000
v -1.37900 0.35000 -0.26000
v -1.43000 0.21000 -0.18000
v -1.48000 0.35000 -0.26000
v -1.48000 0.35000 0.18000
v -1.37900 0.35000 0.18000
v -1.43000 0.21000 0.18000
v -1.37900 0.35000 0.26000
v -1.37900 0.35000 -0.18000
v -1.48000 0.35000 0.26000
v -1.48000 0.35000 -0.18000
v -1.20800 0.57000 -0.72000
v -1.20800 0.39000 -0.72000
v -1.29900 0.57000 -0.72000
v -1.29900 0.39000 -0.72000
v -1.29900 0.39000 0.54000
v -1.29900 0.57000 0.54000
v -1.20800 0.57000 0.54000
v -1.20800 0.39000 0.54000
v -1.29900 0.57000 0.72000
v -1.20800 0.57000 0.72000
v -1.29900 0.57000 -0.54000
v -1.20800 0.57000 -0.54000
v -1.20800 0.39000 0.72000
v -1.20800 0.39000 -0.54000
v -1.29900 0.39000 0.72000
v -1.29900 0.39000 -0.54000
v -1.48500 0.51000 -0.38000
v -0.78300 0.33000 -0.38000
v -1.48500 0.33000 -0.38000
v -0.78300 0.51000 -0.38000
v -1.13200 0.85000 -0.38000
v -0.78300 0.85000 -0.38000
v -1.13200 0.85000 0.38000
v -0.78300 0.85000 0.38000
v -1.48500 0.51000 0.38000
v -0.78300 0.33000 0.38000
v -0.78300 0.51000 0.38000
v -1.48500 0.33000 0.38000
v -1.49800 0.10000 -0.51000
v -1.28900 0.10000 -0.51000
v -1.49800 0.00000 -0.44000
v -1.28900 0.00000 -0.44000
v -1.28900 0.25000 -0.51000
v -1.49800 0.25000 -0.51000
v -1.49800 0.04000 -0.40000
v -1.49800 0.25000 -0.43000
v -1.28900 0.04000 -0.40000
v -1.28900 0.25000 -0.43000
v -1.28900 0.10000 -0.34000
v -1.28900 0.25000 -0.34000
v -1.49800 0.10000 -0.34000
v -1.49800 0.25000 -0.34000
v -1.25700 0.28000 -0.47000
v -1.15900 0.37000 -0.47000
v -1.10400 0.30000 -0.47000
v -1.31200 0.35000 -0.47000
v -1.31200 0.35000 -0.38000
v -1.31200 0.35000 -0.43000
v -1.15900 0.37000 -0.43000
v -1.15900 0.37000 -0.38000
v -1.10400 0.30000 -0.43000
v -1.10400 0.30000 -0.38000
v -1.25700 0.28000 -0.38000
v -1.25700 0.28000 -0.43000
v -0.79600 0.09000 -1.25000
v -1.22800 0.02000 -1.45000
v -0.83400 0.30000 -1.29000
v 2.27100 0.09000 -1.25000
v 2.30800 0.30000 -1.29000
v 2.70300 0.02000 -1.45000
v 2.56600 0.30000 -1.10000
v -1.09200 0.30000 -1.10000
v -0.85500 0.47000 -0.89000
v -0.63600 0.47000 -0.99000
v -0.71600 0.35000 -1.12000
v -0.90800 0.35000 -0.98000
v 2.19000 0.35000 -1.12000
v 2.32900 0.47000 -0.89000
v 2.38200 0.35000 -0.98000
v 2.11000 0.47000 -0.99000
v -0.20600 0.30000 -1.34000
v -0.37600 0.02000 -1.68000
v -0.54700 0.30000 -1.34000
v 0.19800 0.30000 -1.34000
v 0.02700 0.02000 -1.68000
v -0.14300 0.30000 -1.34000
v 0.58300 0.30000 -1.34000
v 0.41200 0.02000 -1.68000
v 0.24200 0.30000 -1.34000
v 0.90200 0.30000 -1.34000
v 0.73200 0.02000 -1.68000
v 0.56100 0.30000 -1.34000
v 0.89100 0.30000 -1.34000
v 1.23300 0.30000 -1.34000
v 1.06200 0.02000 -1.68000
v 1.27600 0.30000 -1.34000
v 1.61700 0.30000 -1.34000
v 1.44700 0.02000 -1.68000
v 1.68000 0.30000 -1.34000
v 2.02100 0.30000 -1.34000
v 1.85000 0.02000 -1.68000
v -0.50400 0.35000 -1.15000
v -0.50400 0.47000 -0.97000
v -0.24900 0.35000 -1.15000
v -0.24900 0.47000 -0.97000
v -0.10000 0.35000 -1.15000
v -0.10000 0.47000 -0.97000
v 0.15500 0.35000 -1.15000
v 0.15500 0.47000 -0.97000
v 0.28500 0.35000 -1.15000
v 0.28500 0.47000 -0.97000
v 0.54000 0.35000 -1.15000
v 0.54000 0.47000 -0.97000
v 0.60400 0.35000 -1.15000
v 0.60400 0.47000 -0.97000
v 0.85900 0.35000 -1.15000
v 0.85900 0.47000 -0.97000
v 0.93500 0.35000 -1.15000
v 0.93500 0.47000 -0.97000
v 1.18900 0.47000 -0.97000
v 1.18900 0.35000 -1.15000
v 1.31900 0.35000 -1.15000
v 1.31900 0.47000 -0.97000
v 1.57400 0.47000 -0.97000
v 1.57400 0.35000 -1.15000
v 1.72300 0.35000 -1.15000
v 1.72300 0.47000 -0.97000
v 1.97800 0.47000 -0.97000
v 1.97800 0.35000 -1.15000
v 2.52900 0.09000 -1.07000
v 2.25900 0.29000 -0.79000
v 2.29100 0.18000 -0.89000
v 2.02100 0.09000 -1.29000
v 1.97800 0.18000 -1.03000
v 1.97800 0.29000 -0.86000
v 1.61700 0.09000 -1.29000
v 1.57400 0.18000 -1.03000
v 1.57400 0.29000 -0.86000
v 1.23300 0.09000 -1.29000
v 1.18900 0.18000 -1.03000
v 1.18900 0.29000 -0.86000
v 0.90200 0.09000 -1.29000
v 0.85900 0.29000 -0.86000
v 0.85900 0.18000 -1.03000
v 0.58300 0.09000 -1.29000
v 0.54000 0.29000 -0.86000
v 0.54000 0.18000 -1.03000
v 0.19800 0.09000 -1.29000
v 0.15500 0.29000 -0.86000
v 0.15500 0.18000 -1.03000
v -0.20600 0.09000 -1.29000
v -0.24900 0.29000 -0.86000
v -0.24900 0.18000 -1.03000
v -0.62500 0.18000 -1.03000
v -0.56500 0.29000 -0.90000
v -1.05500 0.09000 -1.07000
v -0.81700 0.18000 -0.89000
v -0.54700 0.09000 -1.29000
v -0.14300 0.09000 -1.29000
v 0.24200 0.09000 -1.29000
v 0.56100 0.09000 -1.29000
v 0.89100 0.09000 -1.29000
v 1.27600 0.09000 -1.29000
v 1.68000 0.09000 -1.29000
v -0.50400 0.18000 -1.03000
v -0.10000 0.18000 -1.03000
v 0.28500 0.18000 -1.03000
v 0.60400 0.18000 -1.03000
v 0.93500 0.18000 -1.03000
v 1.31900 0.18000 -1.03000
v 1.72300 0.18000 -1.03000
v -0.50400 0.29000 -0.86000
v -0.10000 0.29000 -0.86000
v 0.28500 0.29000 -0.86000
v 0.60400 0.29000 -0.86000
v 0.93500 0.29000 -0.86000
v 1.31900 0.29000 -0.86000
v 1.72300 0.29000 -0.86000
v -0.78400 0.29000 -0.79000
v 2.03900 0.29000 -0.90000
v 2.09900 0.18000 -1.03000
v -2.28100 1.01000 -0.70000
v -2.70300 1.31000 -0.61000
v -2.25600 1.08000 -0.70000
v -1.16100 0.71000 -0.32000
v -1.72800 0.88000 -0.56000
v -1.70400 0.94000 -0.56000
v -1.21100 0.58000 -0.32000
v -1.71200 0.95000 -0.50000
v -1.17700 0.72000 -0.19000
v -2.22900 1.08000 -0.64000
v -1.22800 0.59000 -0.18000
v -1.73700 0.89000 -0.49000
v -2.25400 1.01000 -0.64000
v -1.73700 0.89000 0.49000
v -2.22900 1.08000 0.64000
v -1.71200 0.95000 0.50000
v -2.25400 1.01000 0.64000
v -1.17700 0.72000 0.19000
v -1.22800 0.59000 0.18000
v -2.70300 1.31000 0.61000
v -1.70400 0.94000 0.56000
v -1.16100 0.71000 0.33000
v -2.25600 1.08000 0.71000
v -1.21100 0.58000 0.32000
v -2.28100 1.01000 0.70000
v -1.72800 0.88000 0.56000
v -1.31200 0.35000 0.38000
v -1.15900 0.37000 0.38000
v -1.25700 0.28000 0.38000
v -1.10400 0.30000 0.38000
v -1.28900 0.25000 0.34000
v -1.49800 0.25000 0.34000
v -1.49800 0.25000 0.43000
v -1.31200 0.35000 0.47000
v -1.49800 0.25000 0.51000
v -1.31200 0.35000 0.43000
v -1.15900 0.37000 0.43000
v -1.15900 0.37000 0.47000
v -1.10400 0.30000 0.43000
v -1.10400 0.30000 0.47000
v -1.25700 0.28000 0.47000
v -1.28900 0.25000 0.51000
v -1.25700 0.28000 0.43000
v -1.28900 0.25000 0.43000
v -1.49800 0.10000 0.34000
v -1.28900 0.10000 0.34000
v -1.49800 0.04000 0.40000
v -1.28900 0.04000 0.40000
v -1.49800 0.00000 0.44000
v -1.28900 0.00000 0.44000
v -1.28900 0.10000 0.51000
v -1.49800 0.10000 0.51000
vt 2.06277 -32.98970
vt 2.06277 -33.03240
vt 2.10478 -33.01100
vt 2.01687 -32.99510
vt 1.89522 -32.99950
vt 2.01687 -33.02690
vt 1.89522 -32.96760
vt 2.03890 -32.99510
vt 2.03890 -33.02690
vt 1.94310 -33.04290
vt 1.93723 -33.01730
vt 1.89522 -33.05180
vt 1.99753 -33.01790
vt 1.98313 -32.99590
vt 1.97550 -33.03230
vt 1.96110 -33.01030
vt 2.10478 -32.96010
vt 2.10478 -32.97030
vt 2.10478 -32.94820
vt 1.94310 -33.03240
vt 1.94310 -32.98970
vt 1.89522 -33.01100
vt 1.97550 -33.02690
vt 1.97550 -32.99510
vt 1.99753 -33.02690
vt 1.99753 -32.99510
vt 2.10478 -32.99950
vt 2.10478 -32.96760
vt 2.06277 -33.01730
vt 2.05690 -33.04290
vt 2.10478 -33.05180
vt 2.02450 -33.03230
vt 2.01687 -32.99590
vt 2.00247 -33.01790
vt 2.03890 -33.01030
vt 1.89522 -32.97030
vt 1.89522 -32.96010
vt 1.89522 -32.94820
vt 54.06280 -45.01590
vt 54.10480 -44.99460
vt 54.06280 -44.97320
vt 54.01690 -45.01050
vt 53.89520 -44.99500
vt 53.89520 -45.02680
vt 54.01690 -44.97860
vt 54.03890 -45.01050
vt 54.03890 -44.97860
vt 53.93720 -45.01730
vt 53.89520 -45.05180
vt 53.94310 -45.04290
vt 53.98310 -44.99590
vt 53.97550 -45.03230
vt 53.99750 -45.01790
vt 53.96110 -45.01030
vt 54.10480 -44.97030
vt 54.10480 -44.96010
vt 54.10480 -44.94820
vt 53.94310 -44.97320
vt 53.89520 -44.99460
vt 53.94310 -45.01590
vt 53.97550 -45.01050
vt 53.97550 -44.97860
vt 53.99750 -45.01050
vt 53.99750 -44.97860
vt 54.10480 -45.02680
vt 54.10480 -44.99500
vt 54.05690 -45.04290
vt 54.10480 -45.05180
vt 54.06280 -45.01730
vt 54.02450 -45.03230
vt 54.03890 -45.01030
vt 54.01690 -44.99590
vt 54.00250 -45.01790
vt 53.89520 -44.97030
vt 53.89520 -44.96010
vt 53.89520 -44.94820
vt 54.06280 -22.97870
vt 54.06280 -23.02130
vt 54.10480 -23.00000
vt 54.01690 -22.98410
vt 53.89520 -23.01150
vt 54.01690 -23.01590
vt 53.89520 -22.97970
vt 54.03890 -22.98410
vt 54.03890 -23.01590
vt 53.94310 -23.04290
vt 53.93720 -23.01730
vt 53.89520 -23.05180
vt 53.99750 -23.01790
vt 53.98310 -22.99590
vt 53.97550 -23.03230
vt 53.96110 -23.01030
vt 54.10480 -22.96010
vt 54.10480 -22.97030
vt 54.10480 -22.94820
vt 53.94310 -23.02130
vt 53.94310 -22.97870
vt 53.89520 -23.00000
vt 53.97550 -22.98410
vt 53.97550 -23.01590
vt 53.99750 -23.01590
vt 53.99750 -22.98410
vt 54.10480 -23.01150
vt 54.10480 -22.97970
vt 54.06280 -23.01730
vt 54.05690 -23.04290
vt 54.10480 -23.05180
vt 54.02450 -23.03230
vt 54.01690 -22.99590
vt 54.00250 -23.01790
vt 54.03890 -23.01030
vt 53.89520 -22.97030
vt 53.89520 -22.96010
vt 53.89520 -22.94820
vt 58.03530 -17.04290
vt 58.01700 -17.01030
vt 58.00560 -17.03230
vt 58.04000 -17.01730
vt 58.07030 -17.00770
vt 58.04720 -17.04000
vt 58.09060 -17.05700
vt 57.90940 -16.97480
vt 58.03380 -16.98300
vt 57.90940 -16.94300
vt 58.02040 -17.01040
vt 58.03210 -17.01700
vt 58.04930 -16.99290
vt 57.95070 -17.01030
vt 57.92970 -17.01730
vt 57.96160 -17.03230
vt 57.93410 -17.04290
vt 57.97860 -17.01790
vt 57.96620 -16.99590
vt 58.09060 -16.96010
vt 58.09060 -16.97030
vt 58.09060 -16.94820
vt 57.99700 -17.04290
vt 57.99230 -17.01730
vt 57.94300 -17.05180
vt 57.95720 -17.03530
vt 57.93410 -17.00300
vt 57.90940 -17.05700
vt 57.97880 -17.00560
vt 57.96160 -16.98150
vt 57.97860 -16.97410
vt 57.99200 -17.00150
vt 58.09060 -16.97480
vt 58.09060 -16.94300
vt 58.04720 -17.01730
vt 58.04280 -17.04290
vt 58.09060 -17.05180
vt 58.02040 -16.99590
vt 57.90940 -16.97030
vt 58.00800 -17.01790
vt 57.90940 -16.96010
vt 57.90940 -16.94820
vt 58.03210 -17.01030
vt 58.02120 -17.03230
vt 10.06280 -55.01030
vt 10.10480 -54.98900
vt 10.06280 -54.96760
vt 10.01690 -55.00490
vt 9.89522 -55.00050
vt 9.89522 -55.03240
vt 10.01690 -54.97310
vt 10.03890 -55.00490
vt 10.03890 -54.97310
vt 9.93723 -55.01730
vt 9.89522 -55.05180
vt 9.94310 -55.04290
vt 9.98313 -54.99590
vt 9.97550 -55.03230
vt 9.99753 -55.01790
vt 9.96110 -55.01030
vt 10.10480 -54.97030
vt 10.10480 -54.96010
vt 10.10480 -54.94820
vt 9.94310 -54.96760
vt 9.89522 -54.98900
vt 9.94310 -55.01030
vt 9.97550 -55.00490
vt 9.97550 -54.97310
vt 9.99753 -55.00490
vt 9.99753 -54.97310
vt 10.10480 -55.03240
vt 10.10480 -55.00050
vt 10.05690 -55.04290
vt 10.10480 -55.05180
vt 10.06280 -55.01730
vt 10.02450 -55.03230
vt 10.03890 -55.01030
vt 10.01690 -54.99590
vt 10.00250 -55.01790
vt 9.89522 -54.97030
vt 9.89522 -54.96010
vt 9.89522 -54.94820
vt 4.06277 -29.02130
vt 4.10478 -29.00000
vt 4.06277 -28.97870
vt 4.01687 -29.01590
vt 3.89522 -28.98850
vt 3.89522 -29.02030
vt 4.01687 -28.98410
vt 4.03890 -29.01590
vt 4.03890 -28.98410
vt 3.93723 -29.01730
vt 3.89522 -29.05180
vt 3.94310 -29.04290
vt 3.98313 -28.99590
vt 3.97550 -29.03230
vt 3.99753 -29.01790
vt 3.96110 -29.01030
vt 4.10478 -28.97030
vt 4.10478 -28.96010
vt 4.10478 -28.94820
vt 3.94310 -28.97870
vt 3.89522 -29.00000
vt 3.94310 -29.02130
vt 3.97550 -29.01590
vt 3.97550 -28.98410
vt 3.99753 -29.01590
vt 3.99753 -28.98410
vt 4.10478 -29.02030
vt 4.10478 -28.98850
vt 4.05690 -29.04290
vt 4.10478 -29.05180
vt 4.06277 -29.01730
vt 4.02450 -29.03230
vt 4.03890 -29.01030
vt 4.01687 -28.99590
vt 4.00247 -29.01790
vt 3.89522 -28.97030
vt 3.89522 -28.96010
vt 3.89522 -28.94820
vt 33.98300 -43.01030
vt 33.96000 -43.01730
vt 33.96470 -43.04290
vt 33.99440 -43.03230
vt 34.07030 -42.99230
vt 34.09060 -42.94300
vt 34.04720 -42.96000
vt 34.03380 -43.01700
vt 33.90940 -43.02520
vt 33.90940 -43.05700
vt 34.02040 -42.98960
vt 34.04930 -43.00710
vt 34.03210 -42.98300
vt 33.95280 -43.01730
vt 33.90940 -43.05180
vt 33.95720 -43.04290
vt 34.09060 -42.97030
vt 33.97960 -42.99590
vt 33.99200 -43.01790
vt 34.09060 -42.96010
vt 34.09060 -42.94820
vt 33.96790 -43.01030
vt 33.97880 -43.03230
vt 34.00300 -43.04290
vt 34.05700 -43.05180
vt 34.00770 -43.01730
vt 33.95720 -42.96470
vt 33.90940 -42.94300
vt 33.93410 -42.99700
vt 33.97880 -42.99440
vt 33.96160 -43.01850
vt 33.97860 -43.02590
vt 33.99200 -42.99850
vt 34.09060 -43.05700
vt 34.09060 -43.02520
vt 34.03840 -43.03230
vt 34.07030 -43.01730
vt 34.04930 -43.01030
vt 34.06590 -43.04290
vt 34.02140 -43.01790
vt 34.03380 -42.99590
vt 33.90940 -42.97030
vt 33.90940 -42.96010
vt 33.90940 -42.94820
vt 0.06277 -22.97870
vt 0.06277 -23.02130
vt 0.10478 -23.00000
vt 0.01687 -22.98410
vt -0.10478 -23.01490
vt 0.01687 -23.01590
vt -0.10478 -22.98300
vt 0.03890 -22.98410
vt 0.03890 -23.01590
vt -0.05690 -23.04290
vt -0.06277 -23.01730
vt -0.10478 -23.05180
vt -0.00247 -23.01790
vt -0.01687 -22.99590
vt -0.02450 -23.03230
vt -0.03890 -23.01030
vt 0.10478 -22.96010
vt 0.10478 -22.97030
vt 0.10478 -22.94820
vt -0.05690 -23.02130
vt -0.05690 -22.97870
vt -0.10478 -23.00000
vt -0.02450 -23.01590
vt -0.02450 -22.98410
vt -0.00247 -23.01590
vt -0.00247 -22.98410
vt 0.10478 -23.01490
vt 0.10478 -22.98300
vt 0.06277 -23.01730
vt 0.05690 -23.04290
vt 0.10478 -23.05180
vt 0.02450 -23.03230
vt 0.01687 -22.99590
vt 0.00247 -23.01790
vt 0.03890 -23.01030
vt -0.10478 -22.97030
vt -0.10478 -22.96010
vt -0.10478 -22.94820
vt 6.06277 -20.98410
vt 6.06277 -21.02680
vt 6.10478 -21.00540
vt 6.01687 -20.98950
vt 5.89522 -21.00500
vt 6.01687 -21.02140
vt 5.89522 -20.97320
vt 6.03890 -20.98950
vt 6.03890 -21.02140
vt 5.94310 -21.04290
vt 5.93723 -21.01730
vt 5.89522 -21.05180
vt 5.99753 -21.01790
vt 5.98313 -20.99590
vt 5.97550 -21.03230
vt 5.96110 -21.01030
vt 6.10478 -20.96010
vt 6.10478 -20.97030
vt 6.10478 -20.94820
vt 5.94310 -21.02680
vt 5.94310 -20.98410
vt 5.89522 -21.00540
vt 5.97550 -21.02140
vt 5.97550 -20.98950
vt 5.99753 -21.02140
vt 5.99753 -20.98950
vt 6.10478 -21.00500
vt 6.10478 -20.97320
vt 6.06277 -21.01730
vt 6.05690 -21.04290
vt 6.10478 -21.05180
vt 6.02450 -21.03230
vt 6.01687 -20.99590
vt 6.00247 -21.01790
vt 6.03890 -21.01030
vt 5.89522 -20.97030
vt 5.89522 -20.96010
vt 5.89522 -20.94820
vt 49.97480 -59.00830
vt 50.03320 -59.02020
vt 50.02520 -59.00120
vt 49.96680 -59.02840
vt 49.93270 -59.02520
vt 50.06730 -59.02520
vt 50.06040 -58.97480
vt 50.12080 -58.97480
vt 50.13460 -59.02520
vt 49.93960 -58.97480
vt 49.87920 -58.97480
vt 49.86540 -59.02520
vt 49.94150 -59.00600
vt 50.05850 -59.00600
vt 50.06040 -58.97810
vt 50.12080 -59.00830
vt 50.11770 -59.02840
vt 49.93960 -58.97810
vt 49.87920 -59.00830
vt 49.88230 -59.02840
vt 50.02520 -59.00830
vt 49.97480 -59.00120
vt 49.96680 -59.02020
vt 50.03320 -59.02840
vt 49.93250 -59.03320
vt 50.06750 -59.03320
vt 50.05850 -58.96680
vt 50.11770 -58.96680
vt 50.13540 -59.03320
vt 49.94150 -58.96680
vt 49.88230 -58.96680
vt 49.86460 -59.03320
vt 50.06730 -58.97160
vt 49.93270 -58.97160
vt 49.93250 -58.99790
vt 49.86540 -59.00120
vt 49.86460 -59.02020
vt 50.06750 -58.99790
vt 50.13460 -59.00120
vt 50.13540 -59.02020
vt 44.14050 -35.01120
vt 44.11330 -35.02590
vt 44.14420 -35.03120
vt 44.11690 -35.00750
vt 43.85950 -35.01120
vt 43.88670 -35.02590
vt 43.88310 -35.00750
vt 43.85580 -35.03120
vt 44.07670 -35.00230
vt 44.04950 -35.01900
vt 44.08040 -35.02170
vt 44.05320 -35.00010
vt 43.95050 -35.01900
vt 43.92330 -35.00230
vt 43.91960 -35.02170
vt 43.94680 -35.00010
vt 44.01180 -34.99840
vt 43.98460 -35.01780
vt 44.01550 -35.01780
vt 43.98830 -34.99840
vt 43.96680 -35.14050
vt 44.03320 -35.14050
vt 44.04160 -35.11690
vt 44.06640 -35.14050
vt 44.08320 -35.11690
vt 43.95840 -35.11690
vt 43.93360 -35.14050
vt 43.91680 -35.11690
vt 43.95840 -34.88310
vt 44.04160 -34.88310
vt 44.03320 -34.85950
vt 44.06640 -34.85950
vt 44.08320 -34.88310
vt 43.96680 -34.85950
vt 43.93360 -34.85950
vt 43.91680 -34.88310
vt 43.96050 -35.07670
vt 44.03950 -35.07670
vt 44.04940 -35.05320
vt 44.07900 -35.07670
vt 44.09890 -35.05320
vt 43.95060 -35.05320
vt 43.92100 -35.07670
vt 43.90110 -35.05320
vt 43.95060 -34.94680
vt 44.04940 -34.94680
vt 44.03950 -34.92330
vt 44.07900 -34.92330
vt 44.09890 -34.94680
vt 43.96050 -34.92330
vt 43.92100 -34.92330
vt 43.90110 -34.94680
vt 43.95580 -35.01180
vt 44.04420 -35.01180
vt 44.04420 -34.98830
vt 44.08880 -35.01180
vt 44.08880 -34.98830
vt 43.95580 -34.98830
vt 43.91120 -35.01180
vt 43.91120 -34.98830
vt 43.96750 -35.00900
vt 44.03250 -35.00900
vt 44.03320 -34.98180
vt 44.06640 -35.01120
vt 44.06520 -35.03120
vt 43.96680 -34.98180
vt 43.93360 -35.01120
vt 43.93480 -35.03120
vt 43.96130 -34.99970
vt 44.03870 -34.99970
vt 44.03950 -34.97260
vt 44.07900 -35.00230
vt 44.07750 -35.02170
vt 43.96050 -34.97260
vt 43.92100 -35.00230
vt 43.92250 -35.02170
vt 43.95580 -34.99590
vt 44.04420 -34.99590
vt 44.04420 -34.96880
vt 44.08880 -34.99840
vt 44.08880 -35.01780
vt 43.95580 -34.96880
vt 43.91120 -34.99840
vt 43.91120 -35.01780
vt 43.95030 -34.99700
vt 44.04970 -34.99700
vt 44.04940 -34.97040
vt 44.09890 -35.00010
vt 44.10010 -35.01900
vt 43.95060 -34.97040
vt 43.90110 -35.00010
vt 43.89990 -35.01900
vt 43.95820 -35.00400
vt 44.04180 -35.00400
vt 44.04160 -34.97790
vt 44.08320 -35.00750
vt 44.08420 -35.02590
vt 43.95840 -34.97790
vt 43.91680 -35.00750
vt 43.91580 -35.02590
vt 43.98820 -34.99840
vt 44.01540 -35.01780
vt 44.01170 -34.99840
vt 43.98450 -35.01780
vt 43.95580 -35.01550
vt 44.04420 -35.01550
vt 44.04420 -34.98460
vt 44.08880 -35.01550
vt 44.08880 -34.98460
vt 43.95580 -34.98460
vt 43.91120 -35.01550
vt 43.91120 -34.98460
vt 43.96130 -35.08040
vt 44.03870 -35.08040
vt 44.04970 -35.04950
vt 44.07750 -35.08040
vt 44.10010 -35.04950
vt 43.95030 -35.04950
vt 43.92250 -35.08040
vt 43.89990 -35.04950
vt 43.95030 -34.95050
vt 44.04970 -34.95050
vt 44.03870 -34.91960
vt 44.07750 -34.91960
vt 44.10010 -34.95050
vt 43.96130 -34.91960
vt 43.92250 -34.91960
vt 43.89990 -34.95050
vt 43.95820 -34.88670
vt 44.04180 -34.88670
vt 44.03250 -34.85580
vt 44.06520 -34.85580
vt 44.08420 -34.88670
vt 43.96750 -34.85580
vt 43.93480 -34.85580
vt 43.91580 -34.88670
vt 43.96750 -35.14420
vt 44.03250 -35.14420
vt 44.04180 -35.11330
vt 44.06520 -35.14420
vt 44.08420 -35.11330
vt 43.95820 -35.11330
vt 43.93480 -35.14420
vt 43.91580 -35.11330
vt 43.96750 -35.00890
vt 44.03250 -35.00890
vt 44.04160 -34.97800
vt 43.95840 -34.97800
vt 11.99330 -45.04420
vt 12.05070 -45.04420
vt 12.01330 -44.99380
vt 11.98870 -44.99380
vt 11.94930 -44.95580
vt 11.99390 -45.01330
vt 12.00610 -45.01300
vt 12.00000 -44.94930
vt 12.01420 -45.04420
vt 12.00610 -44.99380
vt 11.98580 -45.04420
vt 11.99390 -44.99370
vt 11.98700 -44.99360
vt 12.00670 -45.04420
vt 12.01140 -44.99370
vt 11.94930 -45.04420
vt 12.05070 -44.95580
vt 11.99390 -44.98860
vt 12.00610 -44.98870
vt 11.99390 -44.99380
vt 12.00610 -44.99360
vt 0.01254 -28.99530
vt -0.01233 -29.03930
vt 0.03955 -29.04490
vt -0.00946 -28.99310
vt -0.03955 -28.95510
vt -0.00551 -29.01250
vt 0.00548 -29.01230
vt -0.00000 -28.96040
vt 0.01296 -29.03930
vt 0.00554 -28.99310
vt -0.01296 -29.03930
vt -0.00553 -28.99300
vt 0.00000 -28.95510
vt -0.01229 -28.99500
vt 0.01233 -29.03930
vt 0.00951 -28.99300
vt -0.03955 -29.04490
vt 0.03955 -28.95510
vt -0.00551 -28.99530
vt 0.01296 -29.04490
vt 0.00548 -28.99500
vt -0.01296 -29.04490
vt 39.99500 -21.03330
vt 40.01040 -20.99560
vt 39.99160 -20.99550
vt 39.96180 -20.96670
vt 40.03820 -21.03330
vt 39.99540 -21.01040
vt 40.00460 -21.01020
vt 40.00000 -20.96180
vt 39.98930 -21.03330
vt 40.00460 -20.99550
vt 39.99540 -20.99540
vt 40.01070 -21.03330
vt 39.98980 -20.99550
vt 39.96180 -21.03330
vt 40.00500 -21.03330
vt 40.00850 -20.99540
vt 40.03820 -20.96670
vt 39.99540 -20.99150
vt 40.00460 -20.99160
vt 39.99540 -20.99560
vt 40.00310 -23.02200
vt 40.00690 -22.99250
vt 39.99300 -22.99490
vt 39.96550 -22.97800
vt 40.03450 -23.01600
vt 39.99650 -23.00690
vt 39.99200 -23.03450
vt 40.00800 -23.03450
vt 40.00350 -23.00670
vt 40.00000 -22.96550
vt 39.99200 -23.02200
vt 40.00350 -22.99490
vt 39.99650 -22.99490
vt 40.00800 -23.02200
vt 39.99690 -23.02200
vt 39.99330 -22.99240
vt 39.96550 -23.01600
vt 40.00710 -22.99490
vt 40.03450 -22.97800
vt 39.99650 -22.99290
vt 40.00350 -22.99300
vt 17.99390 -7.04033
vt 18.01240 -6.99452
vt 17.98970 -6.99441
vt 17.95370 -6.95967
vt 18.04630 -7.04033
vt 17.99440 -7.01236
vt 18.00560 -7.01207
vt 18.00000 -6.95375
vt 17.98700 -7.04033
vt 18.00560 -6.99441
vt 17.99440 -6.99434
vt 18.01300 -7.04033
vt 17.98790 -6.99429
vt 17.95370 -7.04033
vt 18.00610 -7.04033
vt 18.01040 -6.99434
vt 18.04630 -6.95967
vt 17.99440 -6.98964
vt 18.00560 -6.98970
vt 17.99440 -6.99452
vt 18.00560 -6.99429
vt 4.20025 -56.98900
vt 4.00000 -57.02140
vt 4.20025 -57.02140
vt 4.00000 -56.97860
vt 3.79975 -57.02140
vt 3.79975 -56.97860
vt 4.10047 -57.00000
vt 3.95534 -57.20030
vt 4.04466 -57.20030
vt 3.89953 -57.00000
vt 4.04466 -56.79970
vt 3.95534 -56.79970
vt 4.04466 -56.97860
vt 3.95534 -56.97860
vt 3.97036 -57.02140
vt 4.02964 -57.02140
vt 3.79975 -56.98900
vt 4.20025 -56.97860
vt 4.02964 -57.20030
vt 4.06667 -57.00000
vt 3.97036 -57.20030
vt 3.93333 -57.00000
vt 4.02964 -56.79970
vt 3.97036 -56.79970
vt 4.04466 -56.98900
vt 3.95534 -56.98900
vt 24.02520 -41.00570
vt 23.96680 -41.02270
vt 24.03320 -41.02630
vt 23.97480 -41.00340
vt 23.92990 -41.02520
vt 24.07010 -41.02520
vt 24.07160 -40.97480
vt 24.14000 -41.02520
vt 24.14320 -40.97480
vt 23.92840 -40.97480
vt 23.86000 -41.02520
vt 23.85680 -40.97480
vt 23.92850 -41.00080
vt 24.07150 -41.00080
vt 24.07160 -40.97370
vt 24.14320 -41.00340
vt 24.14290 -41.02270
vt 23.92840 -40.97370
vt 23.85680 -41.00340
vt 23.85710 -41.02270
vt 23.97480 -41.00570
vt 24.03320 -41.02270
vt 24.02520 -41.00340
vt 23.96680 -41.02630
vt 23.93130 -41.03320
vt 24.06870 -41.03320
vt 24.07150 -40.96680
vt 24.13760 -41.03320
vt 24.14290 -40.96680
vt 23.92850 -40.96680
vt 23.86240 -41.03320
vt 23.85710 -40.96680
vt 24.07010 -40.97600
vt 23.92990 -40.97600
vt 23.93130 -41.00380
vt 23.86000 -41.00570
vt 23.86240 -41.02630
vt 24.06870 -41.00380
vt 24.14000 -41.00570
vt 24.13760 -41.02630
vt 0.02524 -59.00830
vt -0.03315 -59.02030
vt 0.03315 -59.02840
vt -0.02524 -59.00130
vt -0.06263 -59.02520
vt 0.06263 -59.02520
vt 0.06889 -58.97480
vt 0.12520 -59.02520
vt 0.13761 -58.97480
vt -0.06889 -58.97480
vt -0.12520 -59.02520
vt -0.13761 -58.97480
vt -0.06887 -58.99780
vt 0.06887 -58.99780
vt 0.06889 -58.97160
vt 0.13761 -59.00130
vt 0.13796 -59.02030
vt -0.06889 -58.97160
vt -0.13761 -59.00130
vt -0.13796 -59.02030
vt -0.02524 -59.00830
vt 0.03315 -59.02030
vt 0.02524 -59.00130
vt -0.03315 -59.02840
vt -0.06072 -59.03320
vt 0.06072 -59.03320
vt 0.06887 -58.96680
vt 0.12214 -59.03320
vt 0.13796 -58.96680
vt -0.06887 -58.96680
vt -0.12214 -59.03320
vt -0.13796 -58.96680
vt 0.06263 -58.97790
vt -0.06263 -58.97790
vt -0.06072 -59.00570
vt -0.12520 -59.00830
vt -0.12214 -59.02840
vt 0.06072 -59.00570
vt 0.12520 -59.00830
vt 0.12214 -59.02840
vt 60.00880 1.00195
vt 59.98600 0.97559
vt 60.01900 0.96653
vt 59.99490 1.00557
vt 59.98100 1.03347
vt 60.00860 0.97559
vt 60.00370 1.00557
vt 59.99140 0.97559
vt 59.99630 1.00562
vt 60.00000 1.03347
vt 60.01400 0.97559
vt 59.99130 1.00213
vt 59.98100 0.96653
vt 60.00520 1.00562
vt 60.01900 1.03347
vt 59.99640 1.00195
vt 60.00860 0.96653
vt 60.00360 1.00213
vt 59.99140 0.96653
vt 48.02520 -25.00840
vt 47.96680 -25.01930
vt 48.03320 -25.02890
vt 47.97480 -25.00130
vt 47.95160 -25.02520
vt 48.04840 -25.02520
vt 48.06060 -24.97480
vt 48.09680 -25.02520
vt 48.12120 -24.97480
vt 47.93940 -24.97480
vt 47.90320 -25.02520
vt 47.87880 -24.97480
vt 47.93900 -24.99660
vt 48.06100 -24.99660
vt 48.06060 -24.97110
vt 48.12120 -25.00130
vt 48.12270 -25.01930
vt 47.93940 -24.97110
vt 47.87880 -25.00130
vt 47.87730 -25.01930
vt 47.97480 -25.00840
vt 48.03320 -25.01930
vt 48.02520 -25.00130
vt 47.96680 -25.02890
vt 48.04740 -25.03320
vt 48.06100 -24.96680
vt 47.95260 -25.03320
vt 48.09510 -25.03320
vt 48.12270 -24.96680
vt 47.93900 -24.96680
vt 47.90490 -25.03320
vt 47.87730 -24.96680
vt 48.04840 -24.97900
vt 47.95160 -24.97900
vt 47.95260 -25.00700
vt 47.90320 -25.00840
vt 47.90490 -25.02890
vt 48.04740 -25.00700
vt 48.09680 -25.00840
vt 48.09510 -25.02890
vt 9.98425 -17.02820
vt 10.03160 -16.98940
vt 10.01750 -16.98530
vt 9.98144 -17.01490
vt 9.94973 -17.02170
vt 10.05030 -17.02170
vt 10.04980 -17.00430
vt 10.09960 -17.01750
vt 10.10110 -17.03160
vt 9.95019 -17.00430
vt 9.90037 -17.01750
vt 9.89890 -17.03160
vt 10.04400 -16.96840
vt 10.08810 -16.98140
vt 9.95596 -16.96840
vt 9.91192 -16.98140
vt 9.95688 -17.01830
vt 10.04310 -17.01830
vt 10.04400 -17.00150
vt 10.08810 -17.01490
vt 10.08650 -17.02820
vt 9.95596 -17.00150
vt 9.91192 -17.01490
vt 9.91352 -17.02820
vt 10.01570 -17.02820
vt 9.98254 -16.98530
vt 9.96843 -16.98940
vt 10.01860 -17.01490
vt 10.04310 -16.97460
vt 10.08650 -16.98430
vt 9.95688 -16.97460
vt 9.91352 -16.98430
vt 27.99330 -23.04440
vt 28.05100 -23.04440
vt 28.01320 -22.99360
vt 27.98850 -22.99370
vt 27.94900 -22.95560
vt 27.99390 -23.01320
vt 28.00610 -23.01280
vt 28.00000 -22.94900
vt 28.00610 -22.99370
vt 27.98570 -23.04440
vt 28.01430 -23.04440
vt 27.99390 -22.99360
vt 27.98720 -22.99340
vt 28.00670 -23.04440
vt 28.01150 -22.99360
vt 27.94900 -23.04440
vt 28.05100 -22.95560
vt 27.99390 -22.98850
vt 28.00610 -22.98850
vt 28.00610 -22.99340
vt 33.97480 -51.00850
vt 34.03320 -51.01900
vt 34.02520 -51.00100
vt 33.96680 -51.02890
vt 33.94180 -51.02520
vt 34.05820 -51.02520
vt 34.05150 -50.97480
vt 34.10290 -50.97480
vt 34.11640 -51.02520
vt 33.94850 -50.97480
vt 33.89710 -50.97480
vt 33.88360 -51.02520
vt 33.94960 -51.00700
vt 34.05040 -51.00700
vt 34.05150 -50.97900
vt 34.10290 -51.00850
vt 34.10110 -51.02890
vt 33.94850 -50.97900
vt 33.89710 -51.00850
vt 33.89890 -51.02890
vt 34.02520 -51.00850
vt 33.97480 -51.00100
vt 33.96680 -51.01900
vt 34.03320 -51.02890
vt 34.05880 -51.03320
vt 34.05040 -50.96680
vt 33.94120 -51.03320
vt 34.10110 -50.96680
vt 34.11820 -51.03320
vt 33.94960 -50.96680
vt 33.89890 -50.96680
vt 33.88180 -51.03320
vt 34.05820 -50.97110
vt 33.94180 -50.97110
vt 33.94120 -50.99650
vt 33.88360 -51.00100
vt 33.88180 -51.01900
vt 34.05880 -50.99650
vt 34.11640 -51.00100
vt 34.11820 -51.01900
vt 22.03320 -19.02270
vt 21.97480 -19.00570
vt 21.96680 -19.02630
vt 22.02520 -19.00330
vt 22.06880 -18.97480
vt 21.92850 -19.02520
vt 22.07150 -19.02520
vt 22.13750 -18.97480
vt 22.14280 -19.02520
vt 21.93120 -18.97480
vt 21.86250 -18.97480
vt 21.85720 -19.02520
vt 21.93270 -19.00390
vt 22.06730 -19.00390
vt 22.06880 -18.97600
vt 22.13750 -19.00570
vt 22.13500 -19.02630
vt 21.93120 -18.97600
vt 21.86250 -19.00570
vt 21.86500 -19.02630
vt 22.02520 -19.00570
vt 21.97480 -19.00330
vt 21.96680 -19.02270
vt 22.03320 -19.02630
vt 21.92850 -19.03320
vt 22.07150 -19.03320
vt 22.06730 -18.96680
vt 22.13500 -18.96680
vt 22.14300 -19.03320
vt 21.93270 -18.96680
vt 21.86500 -18.96680
vt 21.85700 -19.03320
vt 22.07150 -18.97370
vt 21.92850 -18.97370
vt 21.92850 -19.00080
vt 21.85720 -19.00330
vt 21.85700 -19.02270
vt 22.07150 -19.00080
vt 22.14280 -19.00330
vt 22.14300 -19.02270
vt 30.18430 -15.02690
vt 30.09210 -15.03310
vt 30.18430 -15.04360
vt 30.09210 -15.01680
vt 30.00000 -15.02780
vt 30.00000 -15.01160
vt 29.90790 -15.01680
vt 29.90790 -15.03310
vt 29.81570 -15.02700
vt 29.81570 -15.04360
vt 30.18430 -14.99850
vt 30.09210 -14.98920
vt 30.00000 -14.98450
vt 29.90790 -14.98950
vt 29.81570 -14.99910
vt 30.03600 -15.09210
vt 29.98480 -15.18430
vt 30.05870 -15.18430
vt 29.96200 -15.09210
vt 30.02470 -15.00000
vt 29.95080 -15.00000
vt 29.96200 -14.90790
vt 30.03600 -14.90790
vt 29.98480 -14.81570
vt 30.05870 -14.81570
vt 29.93510 -14.98620
vt 30.01520 -14.99910
vt 29.94130 -14.96990
vt 30.00900 -15.01530
vt 30.03090 -15.02700
vt 30.02470 -15.04360
vt 29.90790 -14.97560
vt 30.00000 -14.97270
vt 29.90790 -14.95960
vt 29.81570 -14.96920
vt 29.81570 -14.98550
vt 30.00000 -14.95640
vt 30.09210 -14.96020
vt 30.09210 -14.97620
vt 30.18430 -14.96990
vt 30.18430 -14.98620
vt 29.81570 -15.01470
vt 29.90790 -15.00600
vt 30.00000 -15.00070
vt 30.09210 -15.00600
vt 30.18430 -15.01530
vt 30.00900 -15.18430
vt 29.95790 -15.09210
vt 29.93510 -15.18430
vt 30.03180 -15.09210
vt 29.96910 -15.00000
vt 30.04310 -15.00000
vt 30.03180 -14.90790
vt 29.95790 -14.90790
vt 30.00900 -14.81570
vt 29.93510 -14.81570
vt 29.99100 -15.01470
vt 30.06490 -14.98550
vt 29.98480 -14.99850
vt 30.05870 -14.96920
vt 29.96910 -15.02690
vt 29.97530 -15.04360
vt 42.00000 -40.97270
vt 42.09210 -40.97560
vt 42.09210 -40.95960
vt 42.18430 -40.96920
vt 42.18430 -40.98550
vt 42.00000 -40.95640
vt 41.90790 -40.96020
vt 41.90790 -40.97620
vt 41.81570 -40.96990
vt 41.81570 -40.98620
vt 42.09210 -41.03310
vt 42.18430 -41.04360
vt 42.18430 -41.01470
vt 42.09210 -41.00600
vt 42.00000 -41.02780
vt 42.00000 -41.00070
vt 41.90790 -41.00600
vt 41.90790 -41.03310
vt 41.81570 -41.01530
vt 41.81570 -41.04360
vt 42.01520 -41.18430
vt 41.96400 -41.09210
vt 41.94130 -41.18430
vt 42.03800 -41.09210
vt 41.97530 -41.00000
vt 42.04920 -41.00000
vt 42.03800 -40.90790
vt 41.96400 -40.90790
vt 42.01520 -40.81570
vt 41.94130 -40.81570
vt 42.06490 -40.98620
vt 41.98480 -40.99910
vt 41.99100 -41.01530
vt 42.05870 -40.96990
vt 41.96910 -41.02700
vt 41.97530 -41.04360
vt 41.81570 -41.02690
vt 41.90790 -41.01680
vt 42.00000 -41.01160
vt 42.09210 -41.01680
vt 42.18430 -41.02700
vt 41.81570 -40.99850
vt 41.90790 -40.98920
vt 42.00000 -40.98450
vt 42.09210 -40.98950
vt 42.18430 -40.99910
vt 42.06490 -41.18430
vt 42.04210 -41.09210
vt 41.99100 -41.18430
vt 41.96820 -41.09210
vt 42.03090 -41.00000
vt 41.95690 -41.00000
vt 41.96820 -40.90790
vt 42.04210 -40.90790
vt 41.99100 -40.81570
vt 42.06490 -40.81570
vt 41.93510 -40.98550
vt 42.01520 -40.99850
vt 41.94130 -40.96920
vt 42.00900 -41.01470
vt 42.03090 -41.02690
vt 42.02470 -41.04360
vt 54.13620 -21.01050
vt 54.00000 -21.01070
vt 54.13620 -21.01980
vt 54.00000 -21.00100
vt 53.86380 -21.01070
vt 53.86380 -21.01990
vt 54.08650 -20.99580
vt 54.00000 -20.99170
vt 53.91350 -20.99590
vt 54.13620 -20.99910
vt 54.00000 -20.99900
vt 54.13620 -21.00820
vt 54.00000 -20.98940
vt 54.08650 -20.98420
vt 54.00000 -20.98010
vt 53.86380 -20.99920
vt 53.86380 -21.00840
vt 53.91350 -20.98400
vt 54.09580 -20.86380
vt 54.07970 -20.91350
vt 54.10720 -20.91350
vt 54.06820 -20.86380
vt 53.92030 -20.91350
vt 53.90420 -20.86380
vt 53.89280 -20.91350
vt 53.93180 -20.86380
vt 54.09580 -21.13620
vt 54.07970 -21.08650
vt 54.06820 -21.13620
vt 54.10720 -21.08650
vt 53.92030 -21.08650
vt 53.90420 -21.13620
vt 53.93180 -21.13620
vt 53.89280 -21.08650
vt 54.09020 -21.00000
vt 54.11770 -21.00000
vt 53.90980 -21.00000
vt 53.88230 -21.00000
vt 53.93180 -20.99920
vt 53.90830 -21.01990
vt 53.93580 -21.00840
vt 53.90420 -21.01070
vt 54.09170 -21.01990
vt 54.06820 -20.99920
vt 54.06420 -21.00840
vt 54.09580 -21.01070
vt 53.86380 -21.01980
vt 53.86380 -21.01050
vt 54.13620 -21.01070
vt 54.13620 -21.01990
vt 53.91350 -20.99580
vt 54.08650 -20.99590
vt 53.86380 -20.99910
vt 53.86380 -21.00820
vt 53.91350 -20.98420
vt 54.13620 -20.99920
vt 54.13620 -21.00840
vt 54.08650 -20.98400
vt 53.93580 -21.13620
vt 53.91780 -21.00000
vt 53.90830 -21.13620
vt 53.89020 -21.00000
vt 53.90830 -20.86380
vt 53.93580 -20.86380
vt 54.08220 -21.00000
vt 54.06420 -21.13620
vt 54.09170 -21.13620
vt 54.10980 -21.00000
vt 54.09170 -20.86380
vt 54.06420 -20.86380
vt 54.09170 -21.01980
vt 54.06820 -20.99910
vt 54.06420 -21.00820
vt 54.09580 -21.01050
vt 53.90830 -21.01980
vt 53.93180 -20.99910
vt 53.90420 -21.01050
vt 53.93580 -21.00820
vt 6.03217 -31.00570
vt 5.96783 -31.03780
vt 6.03217 -31.03780
vt 5.96783 -31.00570
vt 5.99982 -30.98130
vt 5.96783 -30.98130
vt 6.02841 -30.99980
vt 5.96032 -30.96780
vt 5.96032 -30.99980
vt 6.02841 -30.96780
vt 5.96467 -31.03220
vt 6.03395 -31.03220
vt 5.96032 -31.02540
vt 6.02961 -31.03780
vt 5.96605 -30.99330
vt 6.03533 -31.00570
vt 6.03968 -30.98130
vt 5.97159 -30.96220
vt 5.96783 -31.02540
vt 6.03217 -30.99330
vt 5.96783 -30.99330
vt 6.03217 -31.02540
vt 6.00018 -30.96220
vt 6.03217 -30.96220
vt 5.96032 -31.03220
vt 6.02961 -31.03220
vt 6.02961 -30.96780
vt 5.97039 -31.03780
vt 6.03395 -30.99330
vt 5.96467 -31.00570
vt 6.03968 -31.02540
vt 20.03220 -10.99330
vt 19.96780 -10.99330
vt 20.03220 -11.02540
vt 19.96780 -11.02540
vt 19.99980 -10.96220
vt 19.96780 -10.96220
vt 19.97160 -10.99980
vt 20.03970 -10.99980
vt 20.03970 -10.96780
vt 19.97160 -10.96780
vt 20.03530 -11.03220
vt 19.96600 -11.03220
vt 20.03400 -10.99330
vt 19.97040 -11.03780
vt 20.03970 -11.02540
vt 19.96470 -11.00570
vt 19.96030 -10.98130
vt 20.02840 -10.96220
vt 19.96780 -11.03780
vt 20.03220 -11.03780
vt 19.96780 -11.00570
vt 20.03220 -11.00570
vt 20.00020 -10.98130
vt 20.03220 -10.98130
vt 19.97040 -11.03220
vt 20.03970 -11.03220
vt 19.97040 -10.96780
vt 19.96600 -10.99330
vt 20.02960 -11.03780
vt 20.03530 -11.00570
vt 19.96030 -11.02540
vt 0.03755 -52.98590
vt -0.03755 -52.98590
vt 0.03755 -53.00280
vt -0.03755 -53.00280
vt -0.00021 -53.01410
vt -0.03755 -53.01410
vt 0.04107 -53.03760
vt 0.04107 -52.96240
vt -0.04107 -53.03760
vt -0.04107 -52.96240
vt -0.04107 -53.00280
vt 0.04107 -53.00280
vt 0.04107 -52.98590
vt -0.04107 -52.98590
vt -0.04107 -53.01410
vt 0.04107 -53.01410
vt 0.00021 -53.01410
vt 0.03755 -53.01410
vt 0.04107 -52.99980
vt -0.04107 -52.99980
vt 53.99360 -50.99130
vt 54.00000 -51.00870
vt 54.00640 -50.99130
vt 53.97800 -50.99130
vt 53.96750 -50.99130
vt 53.97710 -51.00870
vt 54.02200 -50.99130
vt 54.02290 -51.00870
vt 54.03250 -50.99130
vt 13.99430 -54.98880
vt 13.99430 -55.01120
vt 14.00570 -54.98880
vt 14.00570 -55.01120
vt 14.08950 -55.00570
vt 14.06700 -54.99430
vt 14.06700 -55.00570
vt 14.08950 -54.99430
vt 13.91050 -55.00570
vt 13.93300 -55.00570
vt 13.93300 -54.99430
vt 13.91050 -54.99430
vt 13.91050 -55.01120
vt 13.93300 -55.01120
vt 13.91050 -54.98880
vt 13.93300 -54.98880
vt 14.08950 -55.01120
vt 14.08950 -54.98880
vt 14.06700 -55.01120
vt 14.06700 -54.98880
vt 56.04390 -59.01040
vt 55.95610 -59.03260
vt 56.04390 -59.03260
vt 55.95610 -59.01040
vt 55.99980 -58.96740
vt 55.95610 -58.96740
vt 55.95200 -58.99980
vt 56.04800 -58.99980
vt 56.04800 -58.95610
vt 55.95200 -58.95610
vt 55.95200 -59.04390
vt 56.04800 -59.04390
vt 55.95200 -59.03260
vt 56.04800 -59.03260
vt 56.04800 -59.01040
vt 55.95200 -59.01040
vt 56.04800 -58.96740
vt 55.95200 -58.96740
vt 56.00020 -58.96740
vt 56.04390 -58.96740
vt 26.01300 -23.00260
vt 25.98700 -23.00260
vt 26.01300 -23.01540
vt 25.98700 -23.01540
vt 25.98700 -22.98460
vt 26.01300 -22.98460
vt 26.01300 -23.01020
vt 25.98700 -23.01020
vt 25.98920 -23.00260
vt 26.00000 -22.98460
vt 25.98920 -22.98460
vt 25.99660 -23.01020
vt 26.01080 -23.00260
vt 26.00190 -23.01540
vt 26.01080 -22.98460
vt 26.00340 -23.01020
vt 25.99810 -23.01540
vt 29.99450 -11.00440
vt 29.98230 -10.99200
vt 29.97540 -11.00140
vt 30.00140 -10.99500
vt 29.99860 -11.00800
vt 30.02460 -11.00800
vt 30.00000 -11.02460
vt 30.00550 -11.00140
vt 30.00000 -11.00140
vt 29.99450 -11.00140
vt 29.98920 -11.02460
vt 30.01080 -11.02460
vt 30.00000 -10.98230
vt 30.00550 -10.98230
vt 29.99450 -10.98230
vt 29.99450 -10.99200
vt 30.00000 -10.99200
vt 30.00550 -10.99200
vt 30.00550 -11.00440
vt 30.02460 -11.00140
vt 30.01770 -10.99200
vt 29.99860 -10.99500
vt 30.00140 -11.00800
vt 29.97540 -11.00800
vt 30.00000 -10.99450
vt 30.00000 -10.97540
vt 29.99450 -10.99450
vt 29.99450 -10.97540
vt 30.00550 -10.99450
vt 30.00550 -10.97540
vt 30.00000 -10.99860
vt 29.98920 -10.99860
vt 30.01080 -10.99860
vt 60.19170 -61.04290
vt 60.24570 -61.05180
vt 60.19630 -61.01730
vt 59.80830 -61.04290
vt 59.80370 -61.01730
vt 59.75430 -61.05180
vt 59.94390 -60.80370
vt 59.96700 -60.77140
vt 59.92370 -60.75430
vt 59.94390 -61.19630
vt 59.92370 -61.24570
vt 59.96700 -61.22860
vt 59.99380 -61.19900
vt 59.98040 -61.17160
vt 59.96490 -61.18160
vt 59.98210 -61.20570
vt 59.96490 -60.81840
vt 59.99380 -60.80100
vt 59.98210 -60.79430
vt 59.98040 -60.82840
vt 60.10480 -61.16340
vt 60.10480 -61.13160
vt 60.10480 -60.83660
vt 60.10480 -60.86840
vt 59.93720 -61.11780
vt 59.89520 -61.13920
vt 59.93720 -61.16050
vt 59.93720 -61.06740
vt 59.89520 -61.08870
vt 59.93720 -61.11000
vt 59.93720 -61.01930
vt 59.89520 -61.04060
vt 59.93720 -61.06190
vt 59.93720 -60.97940
vt 59.89520 -61.00070
vt 59.93720 -61.02200
vt 59.93720 -60.98070
vt 59.93720 -60.93810
vt 59.89520 -60.95940
vt 59.93720 -60.93260
vt 59.93720 -60.89000
vt 59.89520 -60.91130
vt 59.93720 -60.88220
vt 59.93720 -60.83950
vt 59.89520 -60.86080
vt 59.96110 -61.15510
vt 59.98310 -61.15510
vt 59.96110 -61.12330
vt 59.98310 -61.12330
vt 59.96110 -61.10460
vt 59.98310 -61.10460
vt 59.96110 -61.07280
vt 59.98310 -61.07280
vt 59.96110 -61.05650
vt 59.98310 -61.05650
vt 59.96110 -61.02470
vt 59.98310 -61.02470
vt 59.96110 -61.01660
vt 59.98310 -61.01660
vt 59.96110 -60.98480
vt 59.98310 -60.98480
vt 59.96110 -60.97530
vt 59.98310 -60.97530
vt 59.98310 -60.94350
vt 59.96110 -60.94350
vt 59.96110 -60.92720
vt 59.98310 -60.92720
vt 59.98310 -60.89540
vt 59.96110 -60.89540
vt 59.96110 -60.87670
vt 59.98310 -60.87670
vt 59.98310 -60.84490
vt 59.96110 -60.84490
vt 60.10480 -61.12760
vt 60.10480 -61.09580
vt 60.10480 -61.08830
vt 60.10480 -61.05650
vt 60.10480 -61.05210
vt 60.10480 -61.02030
vt 60.10480 -61.01560
vt 60.10480 -60.98370
vt 60.10480 -60.94790
vt 60.10480 -60.97970
vt 60.10480 -60.91170
vt 60.10480 -60.94350
vt 60.10480 -60.87240
vt 60.10480 -60.90420
vt 60.03300 -61.01730
vt 60.02860 -61.04290
vt 60.07630 -61.05180
vt 59.89520 -60.96010
vt 60.00620 -60.99590
vt 59.89520 -60.94820
vt 59.89520 -60.97030
vt 59.99380 -61.01790
vt 60.01790 -61.01030
vt 60.00700 -61.03230
vt 60.06280 -61.01730
vt 60.05690 -61.04290
vt 60.10480 -61.05180
vt 60.01690 -60.99590
vt 60.02450 -61.03230
vt 60.03890 -61.01030
vt 60.00250 -61.01790
vt 60.02420 -61.03230
vt 60.05160 -61.04290
vt 60.05610 -61.01730
vt 60.03510 -61.01030
vt 60.00720 -61.01790
vt 60.01960 -60.99590
vt 59.77600 -61.04290
vt 59.80570 -61.03230
vt 59.79430 -61.01030
vt 59.77140 -61.01730
vt 60.19430 -61.03230
vt 60.22400 -61.04290
vt 60.20570 -61.01030
vt 60.22860 -61.01730
vt 60.05690 -61.16050
vt 60.10480 -61.13920
vt 60.05690 -61.11780
vt 60.05690 -61.11000
vt 60.10480 -61.08870
vt 60.05690 -61.06740
vt 60.05690 -61.06190
vt 60.10480 -61.04060
vt 60.05690 -61.01930
vt 60.05690 -61.02200
vt 60.10480 -61.00070
vt 60.05690 -60.97940
vt 60.05690 -60.93810
vt 60.05690 -60.98070
vt 60.10480 -60.95940
vt 60.05690 -60.89000
vt 60.05690 -60.93260
vt 60.10480 -60.91130
vt 60.05690 -60.83950
vt 60.05690 -60.88220
vt 60.10480 -60.86080
vt 60.02450 -61.15510
vt 60.02450 -61.12330
vt 60.02450 -61.10460
vt 60.02450 -61.07280
vt 60.02450 -61.02470
vt 60.02450 -61.05650
vt 60.02450 -61.01660
vt 60.02450 -60.98480
vt 60.02450 -60.94350
vt 60.02450 -60.97530
vt 60.02450 -60.92720
vt 60.02450 -60.89540
vt 60.02450 -60.84490
vt 60.02450 -60.87670
vt 60.00250 -61.12330
vt 60.00250 -61.15510
vt 60.00250 -61.07280
vt 60.00250 -61.10460
vt 60.00250 -61.02470
vt 60.00250 -61.05650
vt 60.00250 -60.98480
vt 60.00250 -61.01660
vt 60.00250 -60.97530
vt 60.00250 -60.94350
vt 60.00250 -60.92720
vt 60.00250 -60.89540
vt 60.00250 -60.87670
vt 60.00250 -60.84490
vt 59.89520 -61.12760
vt 59.89520 -61.09580
vt 59.89520 -61.08830
vt 59.89520 -61.05650
vt 59.89520 -61.05210
vt 59.89520 -61.02030
vt 59.89520 -61.01560
vt 59.89520 -60.98370
vt 59.89520 -60.94790
vt 59.89520 -60.97970
vt 59.89520 -60.91170
vt 59.89520 -60.94350
vt 59.89520 -60.87240
vt 59.89520 -60.90420
vt 60.02860 -61.22400
vt 60.07630 -61.24570
vt 60.05160 -61.19170
vt 60.02860 -60.77600
vt 60.05160 -60.80830
vt 60.07630 -60.75430
vt 60.00720 -61.16280
vt 59.89520 -61.16340
vt 59.99380 -61.19020
vt 59.89520 -61.13160
vt 59.99380 -60.80980
vt 59.89520 -60.83660
vt 60.00720 -60.83720
vt 59.89520 -60.86840
vt 60.02420 -61.17020
vt 60.00700 -61.19430
vt 60.00700 -60.80570
vt 60.02420 -60.82980
vt 59.96700 -61.01730
vt 59.92370 -61.05180
vt 59.97140 -61.04290
vt 59.99380 -60.99590
vt 60.10480 -60.96010
vt 60.10480 -60.94820
vt 60.10480 -60.97030
vt 60.00620 -61.01790
vt 59.98210 -61.01030
vt 59.99300 -61.03230
vt 59.93720 -61.01730
vt 59.89520 -61.05180
vt 59.94310 -61.04290
vt 59.97550 -61.03230
vt 59.98310 -60.99590
vt 59.96110 -61.01030
vt 59.99750 -61.01790
vt 59.97580 -61.03230
vt 59.94390 -61.01730
vt 59.94840 -61.04290
vt 59.96490 -61.01030
vt 59.99280 -61.01790
vt 59.98040 -60.99590
vt 20.04360 -42.99150
vt 20.09640 -42.95420
vt 20.04050 -42.98350
vt 19.90360 -43.02950
vt 19.97460 -43.00850
vt 19.97150 -43.00050
vt 19.91000 -43.04580
vt 20.01460 -42.90360
vt 19.98500 -42.97150
vt 19.99330 -42.97250
vt 20.03160 -42.90570
vt 19.97520 -43.03720
vt 19.96720 -43.04050
vt 19.97850 -43.09640
vt 19.96720 -43.04400
vt 19.98540 -43.02950
vt 19.96840 -43.02770
vt 19.98420 -43.04580
vt 19.96280 -42.98380
vt 20.02440 -43.00770
vt 20.02750 -42.99960
vt 19.95970 -42.99180
vt 20.09430 -43.02770
vt 20.08800 -43.04400
vt 19.90360 -42.95420
vt 20.02430 -43.04030
vt 20.02150 -43.09640
vt 20.03220 -43.04360
vt 20.01440 -42.97460
vt 20.00610 -42.97560
vt 19.98420 -42.91000
vt 19.96720 -42.91200
vt 61.97560 -15.00770
vt 62.03720 -14.98380
vt 61.97250 -14.99960
vt 62.04030 -14.99180
vt 61.90570 -15.02770
vt 61.91200 -15.04400
vt 62.09640 -14.95420
vt 62.01500 -14.97150
vt 61.98540 -14.90360
vt 62.00670 -14.97250
vt 61.96840 -14.90570
vt 62.02480 -15.03720
vt 62.03280 -15.04050
vt 62.02150 -15.09640
vt 62.03280 -15.04400
vt 62.01460 -15.02950
vt 62.01580 -15.04580
vt 62.03160 -15.02770
vt 61.97520 -14.98380
vt 61.97850 -14.95420
vt 61.95640 -14.99150
vt 61.95950 -14.98350
vt 61.90360 -14.95420
vt 62.09640 -15.02950
vt 62.02850 -15.00050
vt 62.02540 -15.00850
vt 62.09000 -15.04580
vt 61.96780 -15.04360
vt 61.97850 -15.09640
vt 61.97570 -15.04030
vt 61.98560 -14.97460
vt 61.99390 -14.97560
vt 62.01580 -14.91000
vt 62.03280 -14.91200
vt 14.00140 -26.99500
vt 13.98230 -26.99200
vt 13.99450 -27.00440
vt 13.97540 -27.00140
vt 13.99860 -27.00800
vt 14.02460 -27.00800
vt 14.00000 -27.02460
vt 13.99450 -27.00140
vt 13.98920 -27.02460
vt 14.00550 -27.00140
vt 14.01080 -27.02460
vt 14.00000 -27.00140
vt 14.00000 -26.98230
vt 13.99450 -26.98230
vt 14.00550 -26.98230
vt 14.00550 -26.99200
vt 14.00000 -26.99200
vt 13.99450 -26.99200
vt 14.00550 -27.00440
vt 14.01770 -26.99200
vt 13.99860 -26.99500
vt 14.02460 -27.00140
vt 14.00140 -27.00800
vt 13.97540 -27.00800
vt 14.00550 -26.99450
vt 14.00000 -26.97540
vt 14.00000 -26.99450
vt 14.00550 -26.97540
vt 13.99450 -26.99450
vt 13.99450 -26.97540
vt 14.00000 -26.99860
vt 14.01080 -26.99860
vt 13.98920 -26.99860
vt 48.01300 -11.00260
vt 47.98700 -11.00260
vt 48.01300 -11.01020
vt 47.98700 -11.01020
vt 48.01300 -10.98460
vt 47.98700 -10.98460
vt 48.01300 -11.01540
vt 47.98700 -11.01540
vt 48.00000 -10.98460
vt 48.01080 -11.00260
vt 48.01080 -10.98460
vt 48.00340 -11.01020
vt 47.98920 -11.00260
vt 47.99810 -11.01540
vt 47.98920 -10.98460
vt 47.99660 -11.01020
vt 48.00190 -11.01540
vn 0.0000 0.7717 0.6378
vn 0.0000 0.9291 0.3622
vn 0.0000 0.8346 0.5433
vn 0.0000 0.9606 0.2835
vn 0.9134 -0.0866 0.3937
vn 1.0000 0.0000 0.0000
vn 0.9764 -0.0709 0.2047
vn 0.9843 0.0709 -0.1654
vn 0.0000 -0.9843 -0.1811
vn 0.0000 -0.9528 -0.3071
vn 0.0000 -0.8346 -0.5512
vn 0.0000 -0.9134 -0.4094
vn -0.9134 -0.0866 0.3937
vn -1.0000 0.0000 0.0000
vn -0.9764 0.0709 -0.2047
vn -0.9843 0.0709 -0.1654
vn 0.9921 0.0394 -0.1260
vn -0.9921 -0.0394 0.1260
vn 1.0000 -0.0079 0.0315
vn -1.0000 0.0079 -0.0315
vn -0.5827 0.0630 -0.8110
vn -0.3543 0.7953 0.4961
vn -0.0787 0.9291 0.3543
vn -0.3386 0.7402 0.5748
vn -0.1496 0.9685 0.2126
vn 0.7874 0.0709 0.6142
vn 0.8346 0.1024 0.5354
vn 0.9449 0.0945 0.3228
vn 0.4252 -0.0787 0.8976
vn 0.1024 -0.9843 -0.1417
vn 0.1654 -0.9606 -0.2362
vn 0.3465 -0.7402 -0.5748
vn 0.0866 -0.9134 -0.3937
vn -0.8976 -0.0866 -0.4252
vn -0.9449 -0.0945 -0.3228
vn -0.8504 -0.1260 -0.5118
vn 0.9764 0.0709 -0.2047
vn -0.9764 -0.0709 0.2047
vn 1.0000 0.0079 -0.0315
vn -1.0000 -0.0079 0.0315
vn 0.5827 0.0630 -0.8110
vn 0.3543 0.7953 0.4961
vn 0.0787 0.9291 0.3543
vn 0.3386 0.7402 0.5748
vn 0.1496 0.9685 0.2126
vn 0.8976 -0.0866 -0.4252
vn 0.9449 -0.0945 -0.3228
vn 0.8504 -0.1260 -0.5118
vn -0.4252 -0.0787 0.8976
vn -0.1024 -0.9843 -0.1417
vn -0.1732 -0.9606 -0.2362
vn -0.3386 -0.7402 -0.5748
vn -0.0866 -0.9134 -0.3937
vn -0.7874 0.0709 0.6142
vn -0.8346 0.1024 0.5354
vn -0.9449 0.0945 0.3228
vn 1.0000 0.0000 0.0079
vn -1.0000 0.0000 -0.0079
vn 0.9921 -0.0394 0.1260
vn -0.9921 0.0394 -0.1260
vn 0.2520 -0.0551 -0.9685
vn 0.1654 0.9764 -0.1654
vn 0.1654 0.9764 0.1654
vn 0.1575 0.9764 0.1417
vn 0.2047 0.8898 0.4173
vn 0.1575 0.9764 -0.1417
vn 0.2047 0.8898 -0.4173
vn 0.9606 0.2835 0.0472
vn 0.9606 0.2835 -0.0472
vn 0.9606 0.2835 -0.0315
vn 0.9449 0.2992 -0.1339
vn 0.9606 0.2835 0.0315
vn 0.9449 0.2992 0.1339
vn 0.2520 -0.0551 0.9685
vn -0.1417 -0.9843 -0.1260
vn -0.1417 -0.9843 0.1260
vn -0.1417 -0.9843 0.1024
vn -0.1811 -0.9291 0.3307
vn -0.1417 -0.9843 -0.1102
vn -0.1811 -0.9291 -0.3307
vn -0.9528 0.2992 0.0315
vn -0.9528 0.2992 -0.0315
vn -0.9528 0.2992 -0.0472
vn -0.9370 0.3307 -0.1260
vn -0.9528 0.2992 0.0472
vn -0.9370 0.3307 0.1260
vn -0.5512 -0.0079 -0.8346
vn 0.5512 -0.0079 -0.8346
vn -0.6142 -0.0079 -0.7874
vn 0.6142 -0.0079 -0.7874
vn 0.0000 0.0000 -1.0000
vn -0.2598 0.9449 -0.2047
vn -0.2598 0.9449 0.2047
vn -0.3071 0.9055 0.2992
vn -0.4173 0.7165 0.5669
vn -0.3071 0.9055 -0.2992
vn -0.4173 0.7165 -0.5669
vn 0.3071 0.9055 -0.2992
vn 0.3071 0.9055 0.2992
vn 0.2598 0.9449 0.2047
vn 0.4173 0.7165 0.5669
vn 0.2598 0.9449 -0.2047
vn 0.4173 0.7165 -0.5669
vn -0.1890 0.9685 -0.1654
vn -0.1890 0.9685 0.1654
vn -0.2598 0.9291 0.2756
vn -0.3937 0.7638 0.5118
vn -0.2598 0.9291 -0.2756
vn -0.3937 0.7638 -0.5118
vn 0.2598 0.9291 -0.2756
vn 0.2598 0.9291 0.2756
vn 0.1890 0.9685 0.1654
vn 0.3937 0.7638 0.5118
vn 0.1890 0.9685 -0.1654
vn 0.3937 0.7638 -0.5118
vn 0.0000 0.9764 -0.2205
vn 0.0000 0.9764 0.2205
vn 0.0000 0.8346 0.5512
vn 0.0000 0.8346 -0.5512
vn 0.9921 0.1417 0.0472
vn 0.9921 0.1417 -0.0472
vn 0.9921 0.1417 -0.0236
vn 0.9843 0.1496 -0.1181
vn 0.9921 0.1417 0.0236
vn 0.9843 0.1496 0.1181
vn 0.9921 0.1417 0.0394
vn 0.9921 0.1417 -0.0394
vn 0.9843 0.1496 -0.1024
vn 0.9843 0.1496 0.1024
vn 0.9921 0.1417 0.0315
vn 0.9921 0.1417 -0.0315
vn 0.9921 0.1417 -0.0157
vn 0.9843 0.1575 -0.0866
vn 0.9921 0.1417 0.0157
vn 0.9843 0.1575 0.0866
vn 0.9843 0.1654 -0.0866
vn 0.9843 0.1654 0.0866
vn 0.9843 0.1496 0.0394
vn 0.9843 0.1496 -0.0394
vn 0.9843 0.1654 -0.1024
vn 0.9843 0.1654 0.1024
vn -0.5512 -0.0079 0.8346
vn 0.5512 -0.0079 0.8346
vn -0.6142 -0.0079 0.7874
vn 0.6142 -0.0079 0.7874
vn 0.0000 0.0000 1.0000
vn 0.0000 -0.9843 -0.1654
vn 0.0000 -0.9843 0.1654
vn 0.0000 -0.8976 0.4409
vn 0.0000 -0.8976 -0.4409
vn 0.1496 -0.9843 -0.1260
vn 0.1496 -0.9843 0.1260
vn 0.1968 -0.9606 0.2047
vn 0.3071 -0.8583 0.4252
vn 0.1968 -0.9606 -0.2047
vn 0.3071 -0.8583 -0.4252
vn -0.1968 -0.9606 -0.2047
vn -0.1968 -0.9606 0.2047
vn -0.1496 -0.9843 0.1260
vn -0.3071 -0.8583 0.4252
vn -0.1496 -0.9843 -0.1260
vn -0.3071 -0.8583 -0.4252
vn -0.2598 -0.9370 -0.2283
vn -0.2598 -0.9370 0.2283
vn -0.2283 -0.9606 0.1575
vn -0.3543 -0.8110 0.4724
vn -0.2283 -0.9606 -0.1575
vn -0.3543 -0.8110 -0.4724
vn 0.2283 -0.9606 -0.1575
vn 0.2283 -0.9606 0.1575
vn 0.2598 -0.9370 0.2283
vn 0.3543 -0.8110 0.4724
vn 0.2598 -0.9370 -0.2283
vn 0.3543 -0.8110 -0.4724
vn -0.9921 0.1417 0.0236
vn -0.9921 0.1417 -0.0236
vn -0.9921 0.1417 -0.0472
vn -0.9843 0.1496 -0.1181
vn -0.9921 0.1417 0.0472
vn -0.9843 0.1496 0.1181
vn -0.9921 0.1417 -0.0394
vn -0.9843 0.1496 -0.1024
vn -0.9921 0.1417 0.0394
vn -0.9843 0.1496 0.1024
vn -0.9921 0.1417 0.0157
vn -0.9921 0.1417 -0.0157
vn -0.9921 0.1417 -0.0315
vn -0.9843 0.1575 -0.0866
vn -0.9921 0.1417 0.0315
vn -0.9843 0.1575 0.0866
vn -0.9843 0.1654 -0.0866
vn -0.9843 0.1654 0.0866
vn -0.9843 0.1496 -0.0394
vn -0.9843 0.1654 -0.1024
vn -0.9843 0.1496 0.0394
vn -0.9843 0.1654 0.1024
vn 0.0000 0.1575 -0.9843
vn -0.7480 0.6693 0.0000
vn -0.7402 0.6693 0.0000
vn -0.5118 0.8583 0.0000
vn 0.9921 -0.0945 0.0000
vn 0.9685 -0.2362 0.0000
vn 0.0000 0.1575 0.9843
vn 0.6929 -0.7165 0.0000
vn -0.8032 0.5984 0.0000
vn -0.0157 0.1575 -0.9843
vn -0.8268 0.5591 0.0000
vn -0.6142 0.7953 0.0000
vn 1.0000 0.0630 0.0000
vn 1.0000 -0.0866 0.0000
vn 0.7874 -0.6220 0.0000
vn -0.0157 0.1575 0.9843
vn -0.8819 0.4803 0.0000
vn -0.8032 0.5906 0.0000
vn 0.0315 0.1575 -0.9843
vn -0.5827 0.8110 0.0000
vn -0.6457 0.7638 0.0000
vn -0.5748 0.8189 0.0000
vn -0.3307 0.9449 0.0000
vn 0.9370 -0.3465 0.0000
vn 0.8819 -0.4803 0.0000
vn 0.8740 -0.4803 0.0000
vn 0.0315 0.1575 0.9843
vn 0.5197 -0.8504 0.0000
vn -0.1811 -0.5354 -0.8268
vn 0.0157 -0.5197 -0.8583
vn 0.0236 -0.5197 -0.8504
vn 0.1968 -0.4882 -0.8504
vn -0.0236 1.0000 0.0000
vn -0.0551 1.0000 0.0000
vn 0.0000 1.0000 0.0000
vn -0.1811 -0.5354 0.8268
vn 0.0157 -0.5197 0.8583
vn 0.0236 -0.5197 0.8583
vn 0.1968 -0.4882 0.8504
vn 0.0000 -1.0000 0.0000
vn -0.0709 -0.0630 -0.9921
vn -0.0551 0.9921 -0.1339
vn -0.0551 0.9921 0.1339
vn -0.0551 0.9921 0.1417
vn -0.0630 0.9213 0.3858
vn -0.0551 0.9921 -0.1417
vn -0.0630 0.9213 -0.3858
vn 0.9528 0.2913 0.0394
vn 0.9528 0.2913 -0.0394
vn 0.9528 0.2913 -0.0315
vn 0.9370 0.3228 -0.1181
vn 0.9528 0.2913 0.0315
vn 0.9370 0.3228 0.1181
vn -0.0709 -0.0630 0.9921
vn 0.0551 -0.9921 -0.1024
vn 0.0551 -0.9921 0.1024
vn 0.0551 -0.9921 0.1102
vn 0.0630 -0.9528 0.2992
vn 0.0551 -0.9921 -0.1102
vn 0.0630 -0.9528 -0.2992
vn -0.9606 0.2835 0.0315
vn -0.9606 0.2835 -0.0315
vn -0.9606 0.2835 -0.0394
vn -0.9449 0.2992 -0.1102
vn -0.9606 0.2835 0.0394
vn -0.9449 0.2992 0.1102
vn -0.2283 -0.0709 -0.9685
vn -0.1496 0.9764 -0.1417
vn -0.1496 0.9764 0.1417
vn -0.1575 0.9764 0.1575
vn -0.1968 0.8898 0.4094
vn -0.1575 0.9764 -0.1575
vn -0.1968 0.8898 -0.4094
vn 0.9528 0.2992 0.0394
vn 0.9528 0.2992 -0.0394
vn 0.9528 0.2992 -0.0315
vn 0.9370 0.3307 -0.1260
vn 0.9528 0.2992 0.0315
vn 0.9370 0.3307 0.1260
vn -0.2283 -0.0709 0.9685
vn 0.1339 -0.9843 -0.1024
vn 0.1339 -0.9843 0.1024
vn 0.1417 -0.9843 0.1260
vn 0.1732 -0.9291 0.3228
vn 0.1417 -0.9843 -0.1260
vn 0.1732 -0.9291 -0.3228
vn -0.9606 0.2835 -0.0472
vn -0.9449 0.2992 -0.1260
vn -0.9606 0.2835 0.0472
vn -0.9449 0.2992 0.1260
vn -0.0394 0.1496 -0.9843
vn 0.9606 0.2835 0.0000
vn 0.9921 0.1496 0.0000
vn 0.9921 0.1417 0.0000
vn 0.8976 -0.4409 0.0000
vn -0.0394 0.1496 0.9843
vn -0.9291 0.3701 0.0000
vn -0.9606 0.2756 0.0000
vn -0.7480 0.6614 0.0000
vn -0.4016 -0.0079 -0.9134
vn -0.2047 0.9685 -0.1496
vn -0.2047 0.9685 0.1496
vn -0.2205 0.9528 0.2047
vn -0.2913 0.8425 0.4567
vn -0.2205 0.9528 -0.2047
vn -0.2913 0.8425 -0.4567
vn 0.9449 0.3150 0.0551
vn 0.9449 0.3150 -0.0551
vn 0.9528 0.3071 -0.0315
vn 0.9291 0.3465 -0.1496
vn 0.9528 0.3071 0.0315
vn 0.9291 0.3465 0.1496
vn -0.4016 -0.0079 0.9134
vn 0.1890 -0.9764 0.1181
vn 0.1968 -0.9685 0.1496
vn 0.1890 -0.9764 -0.1181
vn 0.2520 -0.8976 0.3701
vn 0.1968 -0.9685 -0.1496
vn 0.2520 -0.8976 -0.3701
vn -0.9606 0.2756 0.0394
vn -0.9606 0.2756 -0.0394
vn -0.9606 0.2835 -0.0551
vn -0.9449 0.2992 -0.1575
vn -0.9606 0.2835 0.0551
vn -0.9449 0.2992 0.1575
vn 0.1654 -0.1732 -0.9685
vn -0.3701 0.9291 -0.0472
vn -0.3701 0.9291 0.0472
vn -0.3780 0.9213 0.0394
vn -0.3307 0.9291 0.1417
vn -0.3780 0.9213 -0.0394
vn -0.3307 0.9291 -0.1417
vn 0.6535 0.7480 -0.1496
vn 0.6535 0.7480 0.1496
vn 0.6535 0.7480 0.1181
vn 0.6457 0.6693 0.3701
vn 0.6535 0.7480 -0.1181
vn 0.6457 0.6693 -0.3701
vn 0.9449 -0.3307 0.0551
vn 0.9449 -0.3307 -0.0551
vn 0.9449 -0.3307 -0.0472
vn 0.9449 -0.2913 -0.1654
vn 0.9449 -0.3307 0.0472
vn 0.9449 -0.2913 0.1654
vn 0.1654 -0.1732 0.9685
vn -0.6457 -0.7559 -0.1102
vn -0.6457 -0.7559 0.1102
vn -0.6457 -0.7559 0.0866
vn -0.6457 -0.7087 0.2835
vn -0.6457 -0.7559 -0.0866
vn -0.6457 -0.7087 -0.2835
vn 0.2520 -0.0079 -0.9685
vn 0.1890 0.9606 -0.1890
vn 0.1890 0.9606 0.1890
vn 0.1811 0.9685 0.1654
vn 0.2205 0.8583 0.4646
vn 0.1811 0.9685 -0.1654
vn 0.2205 0.8583 -0.4646
vn 0.9606 0.2835 0.0551
vn 0.9606 0.2835 -0.0551
vn 0.9606 0.2756 -0.0394
vn 0.9449 0.2992 -0.1496
vn 0.9606 0.2756 0.0394
vn 0.9449 0.2992 0.1496
vn 0.2520 -0.0079 0.9685
vn -0.1811 -0.9764 0.1417
vn -0.1732 -0.9764 0.1260
vn -0.1811 -0.9764 -0.1417
vn -0.2126 -0.9055 0.3622
vn -0.1732 -0.9764 -0.1260
vn -0.2126 -0.9055 -0.3701
vn -0.9528 0.3071 0.0394
vn -0.9528 0.3071 -0.0394
vn -0.9449 0.3150 -0.0551
vn -0.9291 0.3465 -0.1496
vn -0.9449 0.3150 0.0551
vn -0.9291 0.3465 0.1575
vn 0.1102 -0.0630 -0.9921
vn 0.0551 0.9921 0.1339
vn 0.0551 0.9843 -0.1417
vn 0.0551 0.9843 0.1417
vn 0.0709 0.9213 0.3858
vn 0.0551 0.9921 -0.1339
vn 0.0709 0.9213 -0.3858
vn 0.9606 0.2835 0.0394
vn 0.9606 0.2835 -0.0394
vn 0.9449 0.2992 -0.1102
vn 0.9449 0.2992 0.1102
vn 0.1102 -0.0630 0.9921
vn -0.0551 -0.9921 -0.1102
vn -0.0551 -0.9921 0.1102
vn -0.0551 -0.9921 0.1024
vn -0.0787 -0.9528 0.2992
vn -0.0551 -0.9921 -0.1024
vn -0.0787 -0.9528 -0.2992
vn -0.9528 0.2913 0.0315
vn -0.9528 0.2913 -0.0315
vn -0.9528 0.2913 -0.0394
vn -0.9370 0.3228 -0.1181
vn -0.9528 0.2913 0.0394
vn -0.9370 0.3228 0.1181
vn -0.1890 -0.3465 -0.9213
vn -0.1496 -0.3465 -0.9291
vn -0.1339 -0.3465 -0.9291
vn 0.0000 -0.3543 -0.9370
vn 0.1339 -0.3465 -0.9291
vn 0.1496 -0.3465 -0.9291
vn 0.1890 -0.3465 -0.9213
vn -0.2598 0.4724 -0.8425
vn -0.1968 0.4803 -0.8504
vn 0.0000 0.4961 -0.8661
vn 0.1968 0.4882 -0.8504
vn 0.2598 0.4724 -0.8425
vn -0.1417 0.9213 -0.3622
vn -0.1811 0.9134 -0.3622
vn -0.1260 0.9213 -0.3622
vn 0.0000 0.9291 -0.3622
vn 0.1339 0.9213 -0.3622
vn 0.1417 0.9213 -0.3622
vn 0.1890 0.9134 -0.3622
vn 0.1496 0.3543 0.9213
vn 0.0000 0.3543 0.9370
vn 0.1417 0.3543 0.9213
vn 0.1890 0.3543 0.9134
vn -0.1417 0.3543 0.9213
vn -0.1496 0.3543 0.9213
vn -0.1890 0.3543 0.9134
vn 0.2598 -0.4724 0.8425
vn 0.1968 -0.4803 0.8504
vn 0.0000 -0.4961 0.8661
vn -0.1968 -0.4882 0.8504
vn -0.2598 -0.4724 0.8425
vn 0.1811 -0.9134 0.3701
vn 0.1417 -0.9213 0.3701
vn 0.1339 -0.9213 0.3701
vn 0.0000 -0.9291 0.3622
vn -0.1339 -0.9213 0.3622
vn -0.1417 -0.9213 0.3622
vn -0.1890 -0.9134 0.3622
vn 0.0000 0.3543 -0.9370
vn 0.1496 0.3543 -0.9213
vn 0.1417 0.3543 -0.9213
vn 0.1890 0.3543 -0.9134
vn -0.1417 0.3543 -0.9213
vn -0.1496 0.3543 -0.9213
vn -0.1890 0.3543 -0.9134
vn 0.1968 -0.4803 -0.8504
vn 0.2598 -0.4724 -0.8425
vn 0.0000 -0.4961 -0.8661
vn -0.1968 -0.4882 -0.8504
vn -0.2598 -0.4724 -0.8425
vn -0.1811 0.9134 0.3622
vn -0.1417 0.9213 0.3622
vn -0.1260 0.9213 0.3622
vn 0.1339 0.9213 0.3622
vn 0.1417 0.9213 0.3622
vn 0.1890 0.9134 0.3622
vn -0.1890 -0.3465 0.9213
vn -0.1496 -0.3465 0.9291
vn -0.1339 -0.3465 0.9291
vn 0.0000 -0.3543 0.9370
vn 0.1339 -0.3543 0.9291
vn 0.1496 -0.3465 0.9291
vn 0.1890 -0.3465 0.9213
vn -0.2598 0.4724 0.8425
vn -0.1968 0.4803 0.8504
vn 0.0000 0.4961 0.8661
vn 0.1968 0.4882 0.8504
vn 0.2598 0.4803 0.8425
vn 0.1811 -0.9134 -0.3701
vn 0.1417 -0.9213 -0.3701
vn 0.1339 -0.9213 -0.3701
vn 0.0000 -0.9291 -0.3622
vn -0.1339 -0.9213 -0.3622
vn -0.1417 -0.9213 -0.3622
vn -0.1890 -0.9134 -0.3622
vn -0.0945 -0.3937 -0.9134
vn 0.0000 -0.3937 -0.9213
vn 0.0945 -0.3937 -0.9134
vn 0.0945 0.3937 -0.9134
vn 0.0000 0.3937 -0.9213
vn 0.0000 0.3858 -0.9213
vn -0.0945 0.3937 -0.9134
vn -0.0945 0.3858 -0.9213
vn 0.3465 0.8661 0.3622
vn 0.3465 0.8661 -0.3622
vn -0.3386 0.8661 0.3622
vn -0.3386 0.8661 -0.3622
vn 0.0000 0.9213 0.3937
vn 0.0945 0.9134 0.3937
vn 0.0000 0.9213 -0.3937
vn 0.0945 0.9134 -0.3937
vn -0.0945 0.9213 0.3858
vn -0.0945 0.9213 -0.3858
vn -0.0945 -0.3937 0.9134
vn 0.0000 -0.3937 0.9213
vn 0.0945 -0.3937 0.9134
vn 0.0000 0.3937 0.9213
vn 0.0945 0.3937 0.9134
vn 0.0000 0.3858 0.9213
vn -0.0945 0.3937 0.9134
vn -0.0945 0.3858 0.9213
vn 0.1102 -0.9134 -0.3858
vn 0.0000 -0.9213 -0.3858
vn -0.1102 -0.9134 -0.3858
vn 0.0000 -0.9213 0.3858
vn 0.1102 -0.9134 0.3858
vn -0.1102 -0.9134 0.3858
vn 0.0000 -0.1732 -0.9843
vn 0.0000 0.9606 -0.2677
vn -0.6535 0.7323 -0.1654
vn 0.0000 0.1732 0.9843
vn 0.0000 -0.9843 0.1732
vn 0.0000 0.1732 -0.9843
vn 0.0000 0.9606 0.2677
vn -0.6535 0.7323 0.1654
vn 0.0000 -0.1732 0.9843
vn 0.0000 -0.9843 -0.1732
vn -0.2835 -0.9606 0.0000
vn 0.0000 -0.4803 -0.8740
vn 0.0000 -0.0551 -1.0000
vn 0.0000 -0.4803 0.8740
vn 0.0000 -0.0551 1.0000
vn -0.9370 -0.3465 0.0000
vn -0.7008 0.7165 0.0000
vn 0.0000 -0.5669 -0.8268
vn 0.0000 -0.1339 -0.9921
vn 0.0000 -0.7008 0.7165
vn 0.0000 -0.0630 1.0000
vn 0.1102 0.3937 -0.9134
vn -0.4882 0.8740 0.0000
vn -0.1575 0.9843 0.0000
vn 0.8032 0.5984 0.0000
vn 0.1102 0.3937 0.9134
vn 0.1575 -0.9843 0.0000
vn 0.6614 -0.7480 0.0000
vn 0.4252 -0.0787 -0.8976
vn -0.4252 -0.0787 -0.8976
vn 0.3543 0.7953 -0.4961
vn -0.3543 0.7953 -0.4961
vn -0.3386 0.7402 -0.5748
vn 0.3386 0.7402 -0.5748
vn -0.1496 0.9685 -0.2126
vn 0.1496 0.9685 -0.2126
vn -0.0787 0.9291 -0.3543
vn 0.0787 0.9291 -0.3543
vn 0.0000 0.7717 -0.6378
vn 0.0000 0.9606 -0.2835
vn 0.8976 -0.0866 0.4252
vn 0.9449 -0.0945 0.3228
vn 0.8504 -0.1181 0.5118
vn 0.9134 -0.0866 -0.3937
vn 0.9764 0.0709 0.2047
vn 0.9843 0.0709 0.1654
vn 0.9921 0.0394 0.1260
vn 1.0000 0.0079 0.0315
vn 1.0000 0.0000 -0.0079
vn 1.0000 -0.0079 -0.0315
vn 0.9921 -0.0394 -0.1260
vn 0.9764 -0.0709 -0.2047
vn 0.7874 0.0630 -0.6142
vn 0.8346 0.1024 -0.5354
vn 0.9449 0.0945 -0.3228
vn -0.5827 0.0630 0.8110
vn 0.5827 0.0630 0.8110
vn 0.0000 -0.9843 0.1811
vn 0.0000 -0.9528 0.3071
vn 0.0000 -0.8346 0.5433
vn 0.0000 -0.9134 0.4094
vn 0.0945 -0.9843 0.1339
vn -0.0945 -0.9843 0.1339
vn 0.0866 -0.9134 0.3937
vn -0.0866 -0.9134 0.3937
vn 0.1654 -0.9606 0.2362
vn -0.1654 -0.9606 0.2362
vn 0.3386 -0.7402 0.5748
vn -0.3386 -0.7402 0.5748
vn -0.8976 -0.0866 0.4252
vn -0.9449 -0.0945 0.3228
vn -0.8504 -0.1181 0.5118
vn -0.9134 -0.0866 -0.3937
vn -0.9764 0.0709 0.2047
vn -0.9843 0.0709 0.1654
vn -0.9921 0.0394 0.1260
vn -1.0000 0.0079 0.0315
vn -1.0000 0.0000 0.0079
vn -1.0000 -0.0079 -0.0315
vn -0.9921 -0.0394 -0.1260
vn -0.9764 -0.0709 -0.2047
vn -0.7874 0.0630 -0.6142
vn -0.8346 0.1024 -0.5354
vn -0.9449 0.0945 -0.3228
vn -0.1968 0.0079 -0.9843
vn 0.3228 -0.1890 -0.9291
vn 0.2126 -0.1496 -0.9685
vn 0.4094 0.9134 -0.0472
vn 0.2520 0.9606 -0.0709
vn 0.4331 0.8898 -0.1496
vn 0.9291 -0.3465 0.1496
vn -0.2283 0.1575 0.9606
vn -0.4094 0.2205 0.8819
vn 0.0787 0.0394 1.0000
vn -0.5433 -0.8189 0.1890
vn -0.2520 -0.9606 0.0709
vn -0.5118 -0.8583 0.0236
vn -0.2283 0.1575 -0.9606
vn -0.4094 0.2205 -0.8819
vn 0.0787 0.0394 -1.0000
vn 0.4094 0.9134 0.0472
vn 0.2520 0.9606 0.0709
vn 0.4331 0.8898 0.1496
vn 0.9291 -0.3465 -0.1496
vn -0.1968 0.0079 0.9843
vn 0.3228 -0.1890 0.9291
vn 0.2126 -0.1496 0.9685
vn -0.5433 -0.8189 -0.1890
vn -0.2520 -0.9606 -0.0709
vn -0.5118 -0.8583 -0.0236
vn 0.0000 -0.7008 -0.7165
vn 0.0000 -0.0630 -1.0000
vn 0.0000 -0.5669 0.8268
vn 0.0000 -0.1339 0.9921

o Meshes/set_4_Tribolite_004
usemtl c_9d6d51
f 1/1/1 2/2/1 3/3/1
f 4/4/2 5/5/2 6/6/2
f 5/5/2 4/4/2 7/7/2
f 8/8/3 6/6/3 9/9/3
f 6/6/3 8/8/3 4/4/3
f 9/9/4 1/1/4 8/8/4
f 1/1/4 9/9/4 2/2/4
f 10/10/5 1/11/5 3/12/5
f 11/13/6 4/14/6 12/15/6
f 4/14/6 8/16/6 12/15/6
f 13/17/7 4/14/7 14/18/7
f 14/18/7 4/14/7 11/13/7
f 7/19/7 4/14/7 13/17/7
f 8/16/8 10/10/8 12/15/8
f 10/10/8 8/16/8 1/11/8
f 15/20/9 10/21/9 3/22/9
f 15/20/10 16/23/10 10/21/10
f 16/23/10 12/24/10 10/21/10
f 16/23/11 17/25/11 11/26/11
f 16/23/11 11/26/11 12/24/11
f 18/27/12 11/26/12 17/25/12
f 11/26/12 18/27/12 14/28/12
f 2/29/13 15/30/13 3/31/13
f 16/32/14 6/33/14 17/34/14
f 6/33/14 16/32/14 9/35/14
f 6/33/15 18/36/15 17/34/15
f 18/36/15 6/33/15 19/37/15
f 19/37/15 6/33/15 5/38/15
f 15/30/16 2/29/16 9/35/16
f 9/35/16 16/32/16 15/30/16
f 20/39/1 21/40/1 22/41/1
f 23/42/2 24/43/2 25/44/2
f 24/43/2 23/42/2 26/45/2
f 27/46/3 26/45/3 23/42/3
f 26/45/3 27/46/3 28/47/3
f 20/39/4 22/41/4 27/46/4
f 27/46/4 22/41/4 28/47/4
f 22/48/5 21/49/5 29/50/5
f 26/51/6 30/52/6 31/53/6
f 30/52/6 26/51/6 28/54/6
f 32/55/17 26/51/17 31/53/17
f 26/51/17 32/55/17 33/56/17
f 26/51/17 33/56/17 24/57/17
f 29/50/8 30/52/8 28/54/8
f 28/54/8 22/48/8 29/50/8
f 29/58/9 21/59/9 34/60/9
f 35/61/10 29/58/10 34/60/10
f 29/58/10 35/61/10 30/62/10
f 35/61/11 36/63/11 30/62/11
f 36/63/11 31/64/11 30/62/11
f 36/63/12 37/65/12 32/66/12
f 36/63/12 32/66/12 31/64/12
f 34/67/13 21/68/13 20/69/13
f 35/70/14 27/71/14 23/72/14
f 35/70/14 23/72/14 36/73/14
f 37/74/18 36/73/18 23/72/18
f 23/72/18 38/75/18 37/74/18
f 23/72/18 25/76/18 38/75/18
f 27/71/16 34/67/16 20/69/16
f 34/67/16 27/71/16 35/70/16
f 39/77/1 40/78/1 41/79/1
f 42/80/2 43/81/2 44/82/2
f 43/81/2 42/80/2 45/83/2
f 46/84/3 44/82/3 47/85/3
f 44/82/3 46/84/3 42/80/3
f 40/78/4 46/84/4 47/85/4
f 46/84/4 40/78/4 39/77/4
f 48/86/5 39/87/5 41/88/5
f 49/89/6 42/90/6 50/91/6
f 42/90/6 46/92/6 50/91/6
f 51/93/19 42/90/19 52/94/19
f 52/94/19 42/90/19 49/89/19
f 45/95/19 42/90/19 51/93/19
f 46/92/8 48/86/8 50/91/8
f 48/86/8 46/92/8 39/87/8
f 53/96/9 48/97/9 41/98/9
f 53/96/10 50/99/10 48/97/10
f 50/99/10 53/96/10 54/100/10
f 54/100/11 55/101/11 49/102/11
f 54/100/11 49/102/11 50/99/11
f 56/103/12 49/102/12 55/101/12
f 49/102/12 56/103/12 52/104/12
f 40/105/13 53/106/13 41/107/13
f 54/108/14 44/109/14 55/110/14
f 44/109/14 54/108/14 47/111/14
f 44/109/20 56/112/20 55/110/20
f 56/112/20 44/109/20 57/113/20
f 57/113/20 44/109/20 43/114/20
f 53/106/16 40/105/16 47/111/16
f 47/111/16 54/108/16 53/106/16
f 58/115/21 59/116/21 60/117/21
f 59/116/21 58/115/21 61/118/21
f 62/119/22 61/120/22 63/121/22
f 64/122/23 65/123/23 66/124/23
f 65/123/23 64/122/23 67/125/23
f 59/126/24 68/127/24 67/125/24
f 65/123/24 67/125/24 68/127/24
f 59/126/25 62/119/25 68/127/25
f 62/119/25 59/126/25 61/120/25
f 68/128/26 62/129/26 69/130/26
f 69/130/26 62/129/26 70/131/26
f 68/128/27 71/132/27 65/133/27
f 71/132/27 68/128/27 69/130/27
f 72/134/28 65/133/28 73/135/28
f 73/135/28 65/133/28 71/132/28
f 66/136/28 65/133/28 72/134/28
f 70/137/29 62/138/29 63/139/29
f 58/140/30 70/141/30 63/142/30
f 70/141/31 60/143/31 69/144/31
f 60/143/31 70/141/31 58/140/31
f 69/144/32 60/143/32 71/145/32
f 74/146/32 71/145/32 60/143/32
f 71/145/33 75/147/33 73/148/33
f 75/147/33 71/145/33 74/146/33
f 61/149/34 58/150/34 63/151/34
f 67/152/35 75/153/35 74/154/35
f 75/153/35 67/152/35 76/155/35
f 76/155/35 67/152/35 64/156/35
f 59/157/36 74/154/36 60/158/36
f 74/154/36 59/157/36 67/152/36
f 77/159/1 78/160/1 79/161/1
f 80/162/2 81/163/2 82/164/2
f 81/163/2 80/162/2 83/165/2
f 84/166/3 83/165/3 80/162/3
f 83/165/3 84/166/3 85/167/3
f 77/159/4 79/161/4 84/166/4
f 84/166/4 79/161/4 85/167/4
f 79/168/5 78/169/5 86/170/5
f 83/171/6 87/172/6 88/173/6
f 87/172/6 83/171/6 85/174/6
f 89/175/37 83/171/37 88/173/37
f 83/171/37 89/175/37 90/176/37
f 83/171/37 90/176/37 81/177/37
f 86/170/8 87/172/8 85/174/8
f 85/174/8 79/168/8 86/170/8
f 86/178/9 78/179/9 91/180/9
f 91/180/10 92/181/10 87/182/10
f 91/180/10 87/182/10 86/178/10
f 92/181/11 93/183/11 87/182/11
f 93/183/11 88/184/11 87/182/11
f 93/183/12 94/185/12 89/186/12
f 93/183/12 89/186/12 88/184/12
f 91/187/13 78/188/13 77/189/13
f 92/190/14 84/191/14 80/192/14
f 92/190/14 80/192/14 93/193/14
f 94/194/38 93/193/38 80/192/38
f 80/192/38 95/195/38 94/194/38
f 80/192/38 82/196/38 95/195/38
f 84/191/16 91/187/16 77/189/16
f 91/187/16 84/191/16 92/190/16
f 96/197/1 97/198/1 98/199/1
f 99/200/2 100/201/2 101/202/2
f 100/201/2 99/200/2 102/203/2
f 103/204/3 102/203/3 99/200/3
f 102/203/3 103/204/3 104/205/3
f 96/197/4 98/199/4 103/204/4
f 103/204/4 98/199/4 104/205/4
f 98/206/5 97/207/5 105/208/5
f 102/209/6 106/210/6 107/211/6
f 106/210/6 102/209/6 104/212/6
f 108/213/39 102/209/39 107/211/39
f 102/209/39 108/213/39 109/214/39
f 102/209/39 109/214/39 100/215/39
f 105/208/8 106/210/8 104/212/8
f 104/212/8 98/206/8 105/208/8
f 105/216/9 97/217/9 110/218/9
f 110/218/10 111/219/10 106/220/10
f 110/218/10 106/220/10 105/216/10
f 111/219/11 112/221/11 106/220/11
f 112/221/11 107/222/11 106/220/11
f 112/221/12 113/223/12 108/224/12
f 112/221/12 108/224/12 107/222/12
f 110/225/13 97/226/13 96/227/13
f 111/228/14 103/229/14 99/230/14
f 111/228/14 99/230/14 112/231/14
f 113/232/40 112/231/40 99/230/40
f 99/230/40 114/233/40 113/232/40
f 99/230/40 101/234/40 114/233/40
f 103/229/16 110/225/16 96/227/16
f 110/225/16 103/229/16 111/228/16
f 115/235/41 116/236/41 117/237/41
f 115/235/41 117/237/41 118/238/41
f 119/239/42 120/240/42 116/241/42
f 121/242/43 122/243/43 123/244/43
f 122/243/43 121/242/43 124/245/43
f 125/246/44 115/247/44 124/245/44
f 125/246/44 124/245/44 121/242/44
f 119/239/45 115/247/45 125/246/45
f 115/247/45 119/239/45 116/241/45
f 116/248/46 120/249/46 117/250/46
f 126/251/47 124/252/47 127/253/47
f 124/252/47 126/251/47 128/254/47
f 124/252/47 128/254/47 122/255/47
f 124/252/48 115/256/48 127/253/48
f 127/253/48 115/256/48 118/257/48
f 129/258/49 120/259/49 119/260/49
f 117/261/50 120/262/50 129/263/50
f 129/263/51 118/264/51 117/261/51
f 118/264/51 129/263/51 130/265/51
f 118/264/52 130/265/52 131/266/52
f 131/266/52 127/267/52 118/264/52
f 131/266/53 132/268/53 126/269/53
f 131/266/53 126/269/53 127/267/53
f 130/270/54 119/271/54 125/272/54
f 119/271/54 130/270/54 129/273/54
f 125/272/55 131/274/55 130/270/55
f 131/274/55 125/272/55 121/275/55
f 132/276/56 131/274/56 121/275/56
f 121/275/56 133/277/56 132/276/56
f 121/275/56 123/278/56 133/277/56
f 134/279/1 135/280/1 136/281/1
f 137/282/2 138/283/2 139/284/2
f 138/283/2 137/282/2 140/285/2
f 141/286/3 139/284/3 142/287/3
f 139/284/3 141/286/3 137/282/3
f 142/287/4 134/279/4 141/286/4
f 134/279/4 142/287/4 135/280/4
f 143/288/5 134/289/5 136/290/5
f 144/291/6 137/292/6 145/293/6
f 137/292/6 141/294/6 145/293/6
f 146/295/57 137/292/57 147/296/57
f 147/296/57 137/292/57 144/291/57
f 140/297/57 137/292/57 146/295/57
f 141/294/8 143/288/8 145/293/8
f 143/288/8 141/294/8 134/289/8
f 148/298/9 143/299/9 136/300/9
f 148/298/10 149/301/10 143/299/10
f 149/301/10 145/302/10 143/299/10
f 149/301/11 150/303/11 144/304/11
f 149/301/11 144/304/11 145/302/11
f 151/305/12 144/304/12 150/303/12
f 144/304/12 151/305/12 147/306/12
f 135/307/13 148/308/13 136/309/13
f 149/310/14 139/311/14 150/312/14
f 139/311/14 149/310/14 142/313/14
f 139/311/58 151/314/58 150/312/58
f 151/314/58 139/311/58 152/315/58
f 152/315/58 139/311/58 138/316/58
f 148/308/16 135/307/16 142/313/16
f 142/313/16 149/310/16 148/308/16
f 153/317/1 154/318/1 155/319/1
f 156/320/2 157/321/2 158/322/2
f 157/321/2 156/320/2 159/323/2
f 160/324/3 158/322/3 161/325/3
f 158/322/3 160/324/3 156/320/3
f 154/318/4 160/324/4 161/325/4
f 160/324/4 154/318/4 153/317/4
f 162/326/5 153/327/5 155/328/5
f 163/329/6 156/330/6 164/331/6
f 156/330/6 160/332/6 164/331/6
f 165/333/59 156/330/59 166/334/59
f 166/334/59 156/330/59 163/329/59
f 159/335/59 156/330/59 165/333/59
f 160/332/8 162/326/8 164/331/8
f 162/326/8 160/332/8 153/327/8
f 167/336/9 162/337/9 155/338/9
f 167/336/10 168/339/10 162/337/10
f 168/339/10 164/340/10 162/337/10
f 168/339/11 169/341/11 163/342/11
f 168/339/11 163/342/11 164/340/11
f 170/343/12 163/342/12 169/341/12
f 163/342/12 170/343/12 166/344/12
f 154/345/13 167/346/13 155/347/13
f 168/348/14 158/349/14 169/350/14
f 158/349/14 168/348/14 161/351/14
f 158/349/60 170/352/60 169/350/60
f 170/352/60 158/349/60 171/353/60
f 171/353/60 158/349/60 157/354/60
f 167/346/16 154/345/16 161/351/16
f 161/351/16 168/348/16 167/346/16
o Torso
usemtl c_9d6d51
f 172/355/61 173/356/61 174/357/61
f 173/356/61 172/355/61 175/358/61
f 176/359/62 177/360/63 178/361/64
f 177/360/63 179/362/65 178/361/64
f 179/362/65 177/360/63 180/363/65
f 176/359/62 178/361/64 181/364/66
f 172/365/67 176/359/62 181/364/66
f 176/359/62 172/365/67 174/366/67
f 182/367/68 183/368/69 181/369/70
f 183/368/69 172/370/71 181/369/70
f 183/368/69 175/371/71 172/370/71
f 182/367/68 181/369/70 178/372/72
f 178/372/72 179/373/73 182/367/68
f 184/374/73 182/367/68 179/373/73
f 179/375/74 180/376/74 185/377/74
f 185/377/74 184/378/74 179/375/74
f 186/379/75 187/380/76 183/381/77
f 187/380/76 175/382/78 183/381/77
f 187/380/76 173/383/78 175/382/78
f 186/379/75 183/381/77 182/384/79
f 186/379/75 182/384/79 184/385/80
f 185/386/80 186/379/75 184/385/80
f 177/387/81 176/388/82 187/389/83
f 174/390/84 187/389/83 176/388/82
f 187/389/83 174/390/84 173/391/84
f 177/387/81 187/389/83 186/392/85
f 186/392/85 180/393/86 177/387/81
f 180/393/86 186/392/85 185/394/86
f 188/395/87 189/396/87 190/397/87
f 189/396/87 188/395/87 191/398/87
f 192/399/88 193/400/88 194/401/88
f 193/400/88 192/399/88 195/402/88
f 196/403/89 197/404/89 198/405/89
f 197/404/89 196/403/89 199/406/89
f 200/407/90 201/408/90 202/409/90
f 201/408/90 200/407/90 203/410/90
f 204/411/91 205/412/91 206/413/91
f 205/412/91 204/411/91 207/414/91
f 208/415/92 209/416/93 210/417/94
f 211/418/95 210/417/94 209/416/93
f 210/417/94 211/418/95 212/419/95
f 208/415/92 210/417/94 213/420/96
f 208/415/92 213/420/96 188/421/97
f 188/421/97 213/420/96 191/422/97
f 214/423/98 215/424/99 216/425/100
f 217/426/101 216/425/100 215/424/99
f 215/424/99 218/427/101 217/426/101
f 214/423/98 216/425/100 219/428/102
f 214/423/98 219/428/102 192/429/103
f 194/430/103 214/423/98 192/429/103
f 220/431/104 221/432/105 222/433/106
f 223/434/107 222/433/106 221/432/105
f 222/433/106 223/434/107 224/435/107
f 220/431/104 222/433/106 225/436/108
f 220/431/104 225/436/108 196/437/109
f 196/437/109 225/436/108 199/438/109
f 226/439/110 227/440/111 228/441/112
f 229/442/113 228/441/112 227/440/111
f 227/440/111 230/443/113 229/442/113
f 226/439/110 228/441/112 231/444/114
f 226/439/110 231/444/114 201/445/115
f 203/446/115 226/439/110 201/445/115
f 232/447/116 233/448/117 234/449/117
f 235/450/118 234/449/117 233/448/117
f 234/449/117 235/450/118 236/451/118
f 232/447/116 234/449/117 237/452/116
f 204/453/119 232/447/116 237/452/116
f 204/453/119 237/452/116 207/454/119
f 238/455/120 239/456/121 219/457/122
f 239/456/121 192/458/123 219/457/122
f 192/458/123 239/456/121 195/459/123
f 238/455/120 219/457/122 216/460/124
f 217/461/125 238/455/120 216/460/124
f 238/455/120 217/461/125 240/462/125
f 241/463/126 242/464/127 231/465/122
f 242/464/127 201/466/128 231/465/122
f 201/466/128 242/464/127 202/467/128
f 241/463/126 231/465/122 228/468/124
f 229/469/129 241/463/126 228/468/124
f 241/463/126 229/469/129 243/470/129
f 244/471/130 245/472/131 237/473/132
f 245/472/131 207/474/133 237/473/132
f 245/472/131 205/475/133 207/474/133
f 244/471/130 237/473/132 234/476/134
f 234/476/134 236/477/135 244/471/130
f 246/478/135 244/471/130 236/477/135
f 247/479/130 248/480/131 225/481/132
f 248/480/131 199/482/136 225/481/132
f 248/480/131 197/483/136 199/482/136
f 247/479/130 225/481/132 222/484/134
f 222/484/134 224/485/137 247/479/130
f 249/486/137 247/479/130 224/485/137
f 250/487/138 251/488/139 213/489/122
f 251/488/139 191/490/140 213/489/122
f 251/488/139 189/491/140 191/490/140
f 250/487/138 213/489/122 210/492/124
f 210/492/124 212/493/141 250/487/138
f 252/494/141 250/487/138 212/493/141
f 252/400/142 211/399/142 253/402/142
f 211/399/142 252/400/142 212/401/142
f 217/395/143 218/398/143 254/396/143
f 254/396/143 240/397/143 217/395/143
f 223/408/144 249/407/144 224/410/144
f 249/407/144 223/408/144 255/409/144
f 230/406/145 256/404/145 229/403/145
f 256/404/145 243/405/145 229/403/145
f 235/495/146 246/496/146 236/497/146
f 246/496/146 235/495/146 257/498/146
f 258/499/147 259/500/148 245/501/148
f 206/502/149 245/501/148 259/500/148
f 245/501/148 206/502/149 205/503/149
f 258/499/147 245/501/148 244/504/147
f 244/504/147 257/505/150 258/499/147
f 257/505/150 244/504/147 246/506/150
f 260/507/151 261/508/152 248/509/153
f 198/510/154 248/509/153 261/508/152
f 248/509/153 198/510/154 197/511/154
f 260/507/151 248/509/153 247/512/155
f 247/512/155 255/513/156 260/507/151
f 255/513/156 247/512/155 249/514/156
f 262/515/157 263/516/158 242/517/159
f 263/516/158 202/518/160 242/517/159
f 202/518/160 263/516/158 200/519/160
f 262/515/157 242/517/159 241/520/161
f 243/521/162 262/515/157 241/520/161
f 262/515/157 243/521/162 256/522/162
f 264/523/163 265/524/164 239/525/165
f 265/524/164 195/526/166 239/525/165
f 195/526/166 265/524/164 193/527/166
f 264/523/163 239/525/165 238/528/167
f 240/529/168 264/523/163 238/528/167
f 264/523/163 240/529/168 254/530/168
f 266/531/169 267/532/170 251/533/171
f 190/534/172 251/533/171 267/532/170
f 251/533/171 190/534/172 189/535/172
f 266/531/169 251/533/171 250/536/173
f 250/536/173 253/537/174 266/531/169
f 253/537/174 250/536/173 252/538/174
f 209/457/175 208/460/176 267/539/177
f 188/461/178 267/539/177 208/460/176
f 267/539/177 188/461/178 190/462/178
f 209/457/175 267/539/177 266/540/179
f 266/540/179 211/458/180 209/457/175
f 211/458/180 266/540/179 253/459/180
f 221/465/175 220/468/176 261/463/181
f 196/469/182 261/463/181 220/468/176
f 261/463/181 196/469/182 198/470/182
f 221/465/175 261/463/181 260/464/183
f 260/464/183 223/466/184 221/465/175
f 223/466/184 260/464/183 255/467/184
f 233/473/185 232/476/186 259/471/187
f 204/477/188 259/471/187 232/476/186
f 259/471/187 204/477/188 206/478/188
f 233/473/185 259/471/187 258/472/189
f 258/472/189 235/474/190 233/473/185
f 235/474/190 258/472/189 257/475/190
f 227/481/185 226/484/186 263/479/187
f 203/485/191 263/479/187 226/484/186
f 200/486/191 263/479/187 203/485/191
f 227/481/185 263/479/187 262/480/189
f 230/482/192 227/481/185 262/480/189
f 262/480/189 256/483/192 230/482/192
f 215/541/175 214/542/176 265/487/193
f 265/487/193 214/542/176 194/493/194
f 193/494/194 265/487/193 194/493/194
f 215/541/175 265/487/193 264/488/195
f 218/490/196 215/541/175 264/488/195
f 264/488/195 254/491/196 218/490/196
f 268/543/197 269/544/197 270/545/197
f 268/543/197 270/545/197 271/546/197
f 271/546/197 270/545/197 272/547/197
f 270/548/198 273/549/199 272/550/200
f 268/551/201 271/552/202 274/553/201
f 274/553/201 271/552/202 275/554/202
f 273/555/203 274/556/203 275/557/203
f 274/556/203 273/555/203 276/558/203
f 273/555/203 275/557/203 272/559/203
f 275/560/202 271/561/202 272/550/204
f 270/562/198 276/551/205 273/563/199
f 276/551/205 270/562/198 269/553/205
f 277/564/206 278/565/206 279/566/206
f 278/565/206 277/564/206 280/567/206
f 280/567/206 277/564/206 281/568/206
f 277/569/207 282/570/207 281/571/208
f 278/572/209 280/573/210 283/574/209
f 283/574/209 280/573/210 284/575/210
f 284/575/210 280/573/210 281/576/211
f 282/577/212 283/578/212 284/579/212
f 283/578/212 282/577/212 285/580/212
f 282/577/212 284/579/212 281/581/212
f 277/582/207 285/583/213 282/584/207
f 285/583/213 277/582/207 279/585/213
f 286/586/197 287/587/197 288/588/197
f 288/588/197 287/587/197 289/589/197
f 287/587/197 286/586/197 290/590/197
f 287/591/198 291/592/199 289/593/200
f 292/594/201 288/595/202 293/596/202
f 288/595/202 292/594/201 286/597/201
f 291/598/203 294/599/203 292/600/203
f 291/598/203 292/600/203 293/601/203
f 291/598/203 293/601/203 289/602/203
f 293/603/202 288/604/202 289/593/204
f 294/597/214 287/605/198 290/594/214
f 287/605/198 294/597/214 291/595/199
f 295/606/215 296/607/215 297/608/215
f 297/608/215 296/607/215 298/609/215
f 296/607/215 295/606/215 299/610/215
f 296/611/216 299/612/217 300/613/217
f 300/613/217 301/614/218 296/611/216
f 296/611/216 301/614/218 298/615/219
f 302/616/220 297/617/221 303/618/222
f 297/617/221 302/616/220 295/619/220
f 302/620/223 301/621/223 300/622/223
f 301/621/223 302/620/223 303/623/223
f 301/621/223 303/623/223 298/624/223
f 303/625/222 297/626/221 298/615/224
f 304/627/197 305/628/197 306/629/197
f 306/629/197 305/628/197 307/630/197
f 305/628/197 304/627/197 308/631/197
f 305/632/198 309/633/199 307/634/200
f 310/635/201 306/636/202 311/637/202
f 306/636/202 310/635/201 304/638/201
f 309/639/203 312/640/203 310/641/203
f 309/639/203 310/641/203 311/642/203
f 309/639/203 311/642/203 307/643/203
f 311/644/202 306/645/202 307/634/204
f 312/638/205 305/646/198 308/635/205
f 305/646/198 312/638/205 309/647/199
f 313/648/225 314/649/226 315/650/225
f 314/649/226 313/648/225 316/651/227
f 316/651/227 317/652/228 314/649/226
f 317/652/228 316/651/227 318/653/228
f 319/654/229 313/655/230 320/656/230
f 313/655/230 319/654/229 316/657/229
f 321/658/231 316/657/229 319/654/229
f 316/657/229 321/658/231 318/659/231
f 318/660/6 321/661/6 322/662/6
f 318/660/6 322/662/6 317/663/6
f 320/664/232 323/649/233 319/651/234
f 323/649/233 320/664/232 324/652/232
f 323/649/233 322/650/235 319/651/234
f 319/651/234 322/650/235 321/665/235
f 315/666/236 314/667/236 324/668/236
f 314/667/236 323/669/236 324/668/236
f 314/667/236 317/670/236 323/669/236
f 323/669/236 317/670/236 322/671/236
f 320/672/14 313/673/14 315/662/14
f 320/672/14 315/662/14 324/663/14
f 325/674/237 326/675/237 327/676/237
f 326/675/237 325/674/237 328/677/237
f 329/678/238 330/679/239 331/680/240
f 332/681/241 331/680/240 330/679/239
f 331/680/240 332/681/241 333/682/241
f 329/678/238 331/680/240 334/683/242
f 329/678/238 334/683/242 325/684/243
f 325/684/243 334/683/242 328/685/243
f 335/686/244 336/687/245 334/688/246
f 336/687/245 328/689/247 334/688/246
f 336/687/245 326/690/247 328/689/247
f 335/686/244 334/688/246 331/691/248
f 331/691/248 333/692/249 335/686/244
f 337/693/249 335/686/244 333/692/249
f 332/694/250 337/695/250 333/696/250
f 337/695/250 332/694/250 338/697/250
f 339/698/251 340/699/252 336/700/253
f 327/701/254 336/700/253 340/699/252
f 336/700/253 327/701/254 326/702/254
f 339/698/251 336/700/253 335/703/255
f 335/703/255 338/704/256 339/698/251
f 338/704/256 335/703/255 337/705/256
f 330/706/257 329/707/258 340/708/259
f 325/709/260 340/708/259 329/707/258
f 340/708/259 325/709/260 327/710/260
f 330/706/257 340/708/259 339/711/261
f 339/711/261 332/712/262 330/706/257
f 332/712/262 339/711/261 338/713/262
f 341/714/263 342/715/263 343/716/263
f 342/715/263 341/714/263 344/717/263
f 345/718/264 346/719/265 347/720/266
f 348/721/267 347/720/266 346/719/265
f 347/720/266 348/721/267 349/722/267
f 345/718/264 347/720/266 350/723/268
f 345/718/264 350/723/268 341/724/269
f 341/724/269 350/723/268 344/725/269
f 351/726/270 352/727/271 350/728/272
f 352/727/271 344/729/273 350/728/272
f 352/727/271 342/730/273 344/729/273
f 351/726/270 350/728/272 347/731/274
f 347/731/274 349/732/275 351/726/270
f 353/733/275 351/726/270 349/732/275
f 348/734/276 353/735/276 349/736/276
f 353/735/276 348/734/276 354/737/276
f 355/738/277 356/739/278 352/740/279
f 343/741/280 352/740/279 356/739/278
f 352/740/279 343/741/280 342/742/280
f 355/738/277 352/740/279 351/743/281
f 351/743/281 354/744/282 355/738/277
f 354/744/282 351/743/281 353/745/282
f 346/746/257 345/747/258 356/748/283
f 341/749/284 356/748/283 345/747/258
f 356/748/283 341/749/284 343/750/284
f 346/746/257 356/748/283 355/751/285
f 355/751/285 348/752/286 346/746/257
f 348/752/286 355/751/285 354/753/286
f 357/754/287 358/755/287 359/756/287
f 358/755/287 357/754/287 360/757/287
f 360/757/287 357/754/287 361/758/287
f 358/759/288 360/760/289 362/761/288
f 362/761/288 360/760/289 363/762/290
f 363/762/290 360/760/289 361/763/291
f 362/764/292 364/765/292 365/766/292
f 364/765/292 362/764/292 363/767/292
f 364/765/292 363/767/292 361/768/292
f 357/769/293 365/770/294 364/771/293
f 365/770/294 357/769/293 359/772/294
f 357/769/293 364/771/293 361/763/295
f 366/773/296 367/774/296 368/775/296
f 367/774/296 366/773/296 369/776/296
f 370/777/297 371/778/298 372/779/299
f 373/780/300 372/779/299 371/778/298
f 372/779/299 373/780/300 374/781/300
f 370/777/297 372/779/299 375/782/301
f 370/777/297 375/782/301 366/783/302
f 366/783/302 375/782/301 369/784/302
f 376/785/303 377/786/304 375/787/305
f 377/786/304 369/788/306 375/787/305
f 377/786/304 367/789/306 369/788/306
f 376/785/303 375/787/305 372/790/307
f 372/790/307 374/791/308 376/785/303
f 378/792/308 376/785/303 374/791/308
f 373/793/309 378/794/309 374/795/309
f 378/794/309 373/793/309 379/796/309
f 380/797/310 377/798/311 381/799/312
f 368/800/313 377/798/311 380/797/310
f 377/798/311 368/800/313 367/801/313
f 381/799/312 377/798/311 376/802/314
f 376/802/314 379/803/315 381/799/312
f 379/803/315 376/802/314 378/804/315
f 371/805/316 370/806/317 380/807/318
f 366/808/319 380/807/318 370/806/317
f 380/807/318 366/808/319 368/809/319
f 371/805/316 380/807/318 381/810/320
f 381/810/320 373/811/321 371/805/316
f 373/811/321 381/810/320 379/812/321
f 382/813/322 383/814/322 384/815/322
f 382/813/322 384/815/322 385/816/322
f 386/817/323 387/818/324 388/819/325
f 387/818/324 389/820/326 388/819/325
f 389/820/326 387/818/324 390/821/326
f 386/817/323 388/819/325 391/822/327
f 384/823/328 386/817/323 391/822/327
f 386/817/323 384/823/328 383/824/328
f 391/822/329 388/819/330 392/825/331
f 388/819/330 393/826/332 392/825/331
f 393/826/332 388/819/330 389/820/332
f 391/822/329 392/825/331 394/827/333
f 385/828/334 391/822/329 394/827/333
f 391/822/329 385/828/334 384/823/334
f 395/829/335 396/830/336 394/831/337
f 396/830/336 385/832/338 394/831/337
f 396/830/336 382/833/338 385/832/338
f 395/829/335 394/831/337 392/834/339
f 392/834/339 393/835/340 395/829/335
f 397/836/340 395/829/335 393/835/340
f 397/837/341 389/838/341 390/839/341
f 389/838/341 397/837/341 393/840/341
f 387/817/342 386/818/343 396/841/344
f 382/842/345 396/841/344 386/818/343
f 386/818/343 383/821/345 382/842/345
f 387/817/342 396/841/344 395/843/346
f 387/817/342 395/843/346 397/844/347
f 390/824/347 387/817/342 397/844/347
f 398/845/197 399/846/197 400/847/197
f 398/845/197 400/847/197 401/848/197
f 401/848/197 400/847/197 402/849/197
f 400/850/198 403/851/199 402/852/200
f 401/853/202 404/854/201 398/855/201
f 404/854/201 401/853/202 405/856/202
f 403/857/203 404/858/203 405/859/203
f 404/858/203 403/857/203 406/860/203
f 403/857/203 405/859/203 402/861/203
f 405/862/202 401/863/202 402/852/204
f 400/856/198 406/855/205 403/864/199
f 406/855/205 400/856/198 399/854/205
f 407/865/348 408/866/348 409/867/348
f 408/866/348 407/865/348 410/868/348
f 411/869/349 412/870/350 413/871/351
f 412/870/350 414/872/352 413/871/351
f 414/872/352 412/870/350 415/873/352
f 411/869/349 413/871/351 416/874/353
f 407/875/354 411/869/349 416/874/353
f 411/869/349 407/875/354 409/876/354
f 417/877/355 418/878/356 416/879/357
f 418/878/356 407/880/358 416/879/357
f 418/878/356 410/881/358 407/880/358
f 417/877/355 416/879/357 413/882/359
f 413/882/359 414/883/360 417/877/355
f 419/884/360 417/877/355 414/883/360
f 414/885/361 415/886/361 420/887/361
f 420/887/361 419/888/361 414/885/361
f 421/889/362 418/890/363 422/891/364
f 421/889/362 410/892/365 418/890/363
f 421/889/362 408/893/365 410/892/365
f 422/891/364 418/890/363 417/894/366
f 422/891/364 417/894/366 419/895/367
f 420/896/367 422/891/364 419/895/367
f 412/897/368 411/898/369 421/899/370
f 409/900/371 421/899/370 411/898/369
f 421/899/370 409/900/371 408/901/371
f 412/897/368 421/899/370 422/902/372
f 422/902/372 415/903/373 412/897/368
f 415/903/373 422/902/372 420/904/373
f 423/905/374 424/906/374 425/907/374
f 424/906/374 423/905/374 426/908/374
f 427/909/375 428/910/376 429/911/377
f 429/911/377 430/912/378 427/909/375
f 430/912/378 429/911/377 431/913/378
f 428/910/376 427/909/375 432/914/379
f 424/915/380 428/910/376 432/914/379
f 428/910/376 424/915/380 426/916/380
f 433/917/381 434/918/382 432/919/70
f 434/918/382 424/920/383 432/919/70
f 434/918/382 425/921/383 424/920/383
f 433/917/381 432/919/70 427/922/72
f 427/922/72 430/923/384 433/917/381
f 435/924/384 433/917/381 430/923/384
f 430/925/385 431/926/385 436/927/385
f 436/927/385 435/928/385 430/925/385
f 437/929/386 438/930/387 434/931/388
f 438/930/387 425/932/389 434/931/388
f 438/930/387 423/933/389 425/932/389
f 437/929/386 434/931/388 433/934/390
f 437/929/386 433/934/390 435/935/391
f 436/936/391 437/929/386 435/935/391
f 429/937/392 428/938/393 438/939/394
f 426/940/395 438/939/394 428/938/393
f 438/939/394 426/940/395 423/941/395
f 429/937/392 438/939/394 437/942/396
f 437/942/396 431/943/397 429/937/392
f 431/943/397 437/942/396 436/944/397
usemtl c_6d4c38
f 439/945/398 440/946/399 441/947/398
f 440/946/399 439/945/398 442/948/400
f 442/948/400 443/949/401 440/946/399
f 443/949/401 442/948/400 444/950/401
f 444/950/401 445/951/402 443/949/401
f 443/949/401 445/951/402 446/952/403
f 447/953/404 446/952/403 445/951/402
f 446/952/403 447/953/404 448/954/404
f 449/955/405 442/948/406 439/945/405
f 442/948/406 449/955/405 450/956/406
f 450/956/406 444/950/407 442/948/406
f 444/950/407 450/956/406 451/957/407
f 451/957/407 452/958/408 444/950/407
f 444/950/407 452/958/408 445/951/408
f 452/958/408 453/959/409 445/951/408
f 453/959/409 447/953/409 445/951/408
f 454/960/410 449/961/411 455/962/411
f 449/961/411 454/960/410 450/963/412
f 450/963/412 454/960/410 456/964/413
f 450/963/412 456/964/413 451/965/413
f 456/964/413 452/966/414 451/965/413
f 452/966/414 456/964/413 457/967/415
f 453/968/416 452/966/414 457/967/415
f 457/967/415 458/969/416 453/968/416
f 459/970/6 453/971/6 458/972/6
f 453/971/6 459/970/6 460/973/6
f 447/974/6 453/971/6 460/973/6
f 460/973/6 448/975/6 447/974/6
f 461/976/417 462/977/418 454/978/419
f 455/979/420 461/976/417 454/978/419
f 461/976/417 455/979/420 463/980/420
f 454/978/419 462/977/418 456/981/418
f 462/977/418 457/982/421 456/981/418
f 457/982/421 462/977/418 464/983/422
f 464/983/422 458/984/423 457/982/421
f 458/984/423 464/983/422 459/985/423
f 465/986/424 440/952/425 466/987/425
f 440/952/425 443/949/426 466/987/425
f 466/987/425 443/949/426 467/988/426
f 443/949/426 468/989/427 467/988/426
f 468/989/427 443/949/426 446/946/427
f 460/990/428 468/989/427 446/946/427
f 446/946/427 448/947/428 460/990/428
f 441/954/424 440/952/425 465/986/424
f 465/991/429 461/992/430 463/993/429
f 461/992/430 465/991/429 466/994/431
f 466/994/431 462/995/432 461/992/430
f 462/995/432 466/994/431 467/996/432
f 467/996/432 468/997/433 462/995/432
f 462/995/432 468/997/433 464/998/434
f 460/999/435 464/998/434 468/997/433
f 464/998/434 460/999/435 459/1000/435
f 465/1001/14 463/1002/14 449/1003/14
f 449/1003/14 463/1002/14 455/1004/14
f 465/1001/14 439/1005/14 441/1006/14
f 439/1005/14 465/1001/14 449/1003/14
f 469/1007/436 470/1008/437 471/1009/438
f 470/1008/437 472/1010/439 471/1009/438
f 472/1010/439 470/1008/437 473/1011/439
f 471/1009/438 474/1012/436 469/1007/436
f 475/1013/440 469/1007/436 474/1012/436
f 469/1007/436 475/1013/440 476/1014/441
f 477/1015/442 476/1014/441 475/1013/440
f 476/1014/441 477/1015/442 478/1016/442
f 479/1017/443 480/1018/444 481/1019/444
f 481/1019/444 482/1020/443 479/1017/443
f 483/1021/445 479/1017/443 482/1020/443
f 482/1020/443 484/1022/445 483/1021/445
f 485/1023/446 483/1021/445 484/1022/445
f 483/1021/445 485/1023/446 486/1024/446
f 485/1023/446 487/1025/447 486/1024/446
f 486/1024/446 487/1025/447 488/1026/447
f 489/1027/448 471/1028/449 472/1029/448
f 471/1028/449 489/1027/448 490/1030/450
f 490/1030/450 474/1031/2 471/1028/449
f 474/1031/2 490/1030/450 491/1032/2
f 492/1033/451 474/1031/2 491/1032/2
f 474/1031/2 492/1033/451 475/1034/452
f 492/1033/451 493/1035/453 475/1034/452
f 475/1034/452 493/1035/453 477/1036/453
f 478/1037/6 493/1038/6 487/1039/6
f 493/1038/6 478/1037/6 477/1040/6
f 493/1038/6 494/1041/6 487/1039/6
f 487/1039/6 494/1041/6 488/1042/6
f 495/1043/454 479/1024/455 496/1044/456
f 479/1024/455 495/1043/454 480/1026/454
f 483/1021/457 496/1044/456 479/1024/455
f 496/1044/456 483/1021/457 497/1045/457
f 498/1046/458 497/1045/457 483/1021/457
f 483/1021/457 486/1017/459 498/1046/458
f 486/1017/459 494/1047/460 498/1046/458
f 494/1047/460 486/1017/459 488/1018/460
f 495/1043/461 496/1044/462 489/1048/461
f 496/1044/462 490/1049/462 489/1048/461
f 497/1045/463 490/1049/462 496/1044/462
f 490/1049/462 497/1045/463 491/1050/463
f 492/1051/464 491/1050/463 497/1045/463
f 497/1045/463 498/1046/464 492/1051/464
f 498/1046/464 493/1052/465 492/1051/464
f 493/1052/465 498/1046/464 494/1047/465
f 473/1053/466 470/1054/467 481/1055/466
f 470/1054/467 482/1056/468 481/1055/466
f 469/1057/469 482/1056/468 470/1054/467
f 482/1056/468 469/1057/469 484/1058/469
f 484/1058/469 469/1057/469 485/1059/470
f 469/1057/469 476/1060/471 485/1059/470
f 476/1060/471 487/1061/472 485/1059/470
f 487/1061/472 476/1060/471 478/1062/472
f 473/1063/14 489/1064/14 472/1065/14
f 489/1064/14 473/1063/14 481/1066/14
f 495/1067/14 481/1066/14 480/1068/14
f 481/1066/14 495/1067/14 489/1064/14
f 499/1069/473 500/1070/474 501/1071/473
f 500/1070/474 499/1069/473 502/1072/474
f 502/1072/474 503/1073/475 500/1070/474
f 500/1070/474 503/1073/475 504/1074/475
f 502/1072/474 499/1069/473 505/1075/473
f 505/1075/473 506/1076/474 502/1072/474
f 503/1073/475 502/1072/474 507/1077/475
f 507/1077/475 502/1072/474 506/1076/474
f 508/1078/476 509/1079/477 510/1080/476
f 509/1079/477 508/1078/476 511/1081/477
f 511/1081/478 508/1078/476 512/1082/476
f 511/1081/478 512/1082/476 513/1083/478
f 509/1079/477 514/1084/479 515/1085/479
f 514/1084/479 509/1079/477 511/1081/477
f 513/1083/478 516/1086/480 511/1081/478
f 514/1084/480 511/1081/478 516/1086/480
f 517/1087/481 516/1088/481 518/1089/481
f 516/1088/481 517/1087/481 514/1090/481
f 519/1091/482 503/1092/482 507/1093/482
f 503/1092/482 519/1091/482 520/1094/482
f 521/1095/483 512/1096/483 508/1097/483
f 512/1096/483 521/1095/483 522/1098/483
f 523/1099/484 499/1100/484 524/1101/484
f 499/1100/484 523/1099/484 505/1102/484
f 513/1103/485 518/1089/486 516/1088/486
f 518/1089/486 513/1103/485 525/1104/485
f 526/1105/487 507/1093/488 506/1106/487
f 507/1093/488 526/1105/487 519/1091/488
f 522/1098/489 513/1103/485 512/1096/489
f 513/1103/485 522/1098/489 525/1104/485
f 526/1105/487 505/1102/490 523/1099/490
f 505/1102/490 526/1105/487 506/1106/487
f 514/1107/6 527/1108/6 515/1109/6
f 527/1108/6 514/1107/6 517/1110/6
f 504/1111/6 520/1112/6 528/1113/6
f 520/1112/6 504/1111/6 503/1114/6
f 529/1115/491 530/1070/492 521/1116/491
f 530/1070/492 531/1072/492 521/1116/491
f 517/1117/493 531/1072/492 530/1070/492
f 530/1070/492 527/1118/493 517/1117/493
f 521/1116/491 531/1072/492 522/1119/491
f 522/1119/491 531/1072/492 525/1076/492
f 531/1072/492 518/1120/493 525/1076/492
f 531/1072/492 517/1117/493 518/1120/493
f 532/1079/494 524/1121/495 533/1122/495
f 524/1121/495 532/1079/494 534/1081/494
f 524/1121/495 534/1081/496 523/1123/495
f 534/1081/496 526/1083/496 523/1123/495
f 532/1079/494 520/1124/497 534/1081/494
f 520/1124/497 532/1079/494 528/1125/497
f 519/1126/498 526/1083/496 534/1081/496
f 534/1081/496 520/1124/498 519/1126/498
f 510/1127/499 509/1128/500 529/1129/499
f 529/1129/499 509/1128/500 530/1130/500
f 509/1128/500 527/1131/501 530/1130/500
f 527/1131/501 509/1128/500 515/1132/501
f 532/1133/502 533/1134/503 501/1135/503
f 501/1135/503 500/1136/502 532/1133/502
f 500/1136/502 504/1137/504 532/1133/502
f 504/1137/504 528/1138/504 532/1133/502
f 529/1139/14 508/1140/14 510/1141/14
f 508/1140/14 529/1139/14 521/1142/14
f 501/1143/14 524/1144/14 499/1145/14
f 524/1144/14 501/1143/14 533/1146/14
o Meshes/set_4_Tribolite_037
usemtl c_9d6d51
f 535/1147/505 536/1148/505 537/1149/505
f 536/1148/505 535/1147/505 538/1150/505
f 538/1150/505 539/1151/505 540/1152/505
f 539/1151/505 538/1150/505 535/1147/505
f 541/1153/506 540/1154/506 539/1155/506
f 540/1154/506 541/1153/506 542/1156/506
f 541/1153/507 535/1157/507 543/1158/507
f 535/1157/507 541/1153/507 539/1155/507
f 544/1159/6 536/1160/6 545/1161/6
f 536/1160/6 538/1162/6 545/1161/6
f 545/1161/6 540/1163/6 542/1164/6
f 540/1163/6 545/1161/6 538/1162/6
f 546/1165/508 545/1166/508 543/1167/508
f 545/1166/508 546/1165/508 544/1168/508
f 541/1169/508 543/1167/508 545/1166/508
f 541/1169/508 545/1166/508 542/1170/508
f 546/1171/509 537/1172/509 544/1154/509
f 537/1172/509 536/1173/509 544/1154/509
f 537/1174/14 543/1175/14 535/1176/14
f 543/1175/14 537/1174/14 546/1177/14
f 547/1178/510 548/1179/510 549/1180/510
f 549/1180/510 548/1179/510 550/1181/510
f 548/1179/510 547/1178/510 551/1182/510
f 548/1179/510 551/1182/510 552/1183/510
f 551/1184/511 553/1185/511 554/1186/511
f 551/1184/511 554/1186/511 552/1187/511
f 555/1188/512 551/1184/512 547/1189/512
f 551/1184/512 555/1188/512 553/1185/512
f 548/1190/6 556/1191/6 550/1192/6
f 556/1191/6 548/1190/6 557/1193/6
f 548/1190/6 554/1194/6 557/1193/6
f 554/1194/6 548/1190/6 552/1195/6
f 558/1196/513 556/1197/513 555/1198/513
f 555/1198/513 556/1197/513 557/1199/513
f 557/1199/513 553/1200/513 555/1198/513
f 553/1200/513 557/1199/513 554/1201/513
f 550/1186/514 558/1202/514 549/1203/514
f 558/1202/514 550/1186/514 556/1204/514
f 547/1205/14 558/1206/14 555/1207/14
f 558/1206/14 547/1205/14 549/1208/14
f 559/1209/91 560/1210/91 561/1211/91
f 561/1211/91 560/1210/91 562/1212/91
f 562/1212/91 563/1213/91 561/1211/91
f 563/1213/91 562/1212/91 564/1214/91
f 565/1215/231 566/1216/231 559/1217/231
f 559/1217/231 566/1216/231 560/1218/231
f 567/1219/6 562/1220/6 560/1221/6
f 567/1219/6 560/1221/6 566/1222/6
f 568/1223/6 564/1224/6 562/1220/6
f 568/1223/6 562/1220/6 567/1219/6
f 569/1212/146 566/1209/146 565/1210/146
f 566/1209/146 569/1212/146 567/1211/146
f 567/1211/146 569/1212/146 570/1225/146
f 567/1211/146 570/1225/146 568/1226/146
f 569/1217/515 561/1215/515 563/1227/515
f 569/1217/515 563/1227/515 570/1228/515
f 570/1228/236 563/1227/236 564/1216/236
f 570/1228/236 564/1216/236 568/1218/236
f 565/1221/14 559/1222/14 561/1219/14
f 565/1221/14 561/1219/14 569/1220/14
usemtl c_d7c59a
f 571/1229/516 572/1230/516 573/1231/516
f 574/1231/517 575/1229/517 576/1230/517
f 575/1232/220 577/1233/220 576/1234/220
f 578/1235/220 572/1236/220 571/1237/220
f 577/1231/518 579/1229/518 576/1230/518
f 580/1229/519 572/1230/519 578/1231/519
f 579/1237/520 574/1235/520 576/1236/520
f 573/1233/520 572/1234/520 580/1232/520
usemtl c_111111
f 581/1238/91 582/1239/91 583/1240/91
f 584/1241/91 583/1240/91 582/1239/91
f 585/1241/91 586/1240/91 587/1238/91
f 585/1241/91 587/1238/91 588/1239/91
f 589/1242/231 587/1243/231 586/1244/231
f 587/1243/231 589/1242/231 590/1245/231
f 583/1246/231 591/1247/231 592/1248/231
f 583/1246/231 592/1248/231 581/1249/231
f 593/1250/6 588/1251/6 590/1252/6
f 588/1251/6 587/1253/6 590/1252/6
f 582/1254/6 581/1255/6 594/1256/6
f 594/1256/6 581/1255/6 592/1257/6
f 593/1241/146 589/1238/146 595/1239/146
f 589/1238/146 593/1241/146 590/1240/146
f 596/1239/146 592/1240/146 591/1238/146
f 592/1240/146 596/1239/146 594/1241/146
f 588/1248/236 593/1249/236 585/1247/236
f 595/1246/236 585/1247/236 593/1249/236
f 582/1245/236 596/1244/236 584/1242/236
f 596/1244/236 582/1245/236 594/1243/236
f 589/1255/14 586/1257/14 595/1254/14
f 586/1257/14 585/1256/14 595/1254/14
f 583/1252/14 584/1250/14 591/1253/14
f 591/1253/14 584/1250/14 596/1251/14
usemtl c_6d4c38
f 597/1258/91 598/1259/91 599/1260/91
f 598/1259/91 597/1258/91 600/1261/91
f 600/1261/91 597/1258/91 601/1262/91
f 600/1261/91 601/1262/91 602/1263/91
f 601/1264/231 603/1265/231 604/1266/231
f 601/1264/231 604/1266/231 602/1267/231
f 597/1268/521 605/1269/521 603/1265/521
f 597/1268/521 603/1265/521 601/1264/521
f 606/1270/6 598/1271/6 600/1272/6
f 606/1270/6 600/1272/6 607/1273/6
f 602/1274/6 607/1273/6 600/1272/6
f 607/1273/6 602/1274/6 604/1275/6
f 608/1259/146 606/1260/146 605/1261/146
f 605/1261/146 606/1260/146 607/1258/146
f 607/1258/146 603/1276/146 605/1261/146
f 603/1276/146 607/1258/146 604/1277/146
f 598/1266/236 608/1268/236 599/1269/236
f 608/1268/236 598/1266/236 606/1267/236
f 605/1272/14 597/1273/14 599/1270/14
f 605/1272/14 599/1270/14 608/1271/14
o Meshes/set_4_Tribolite_020
usemtl c_6d4c38
f 609/1278/522 610/1279/522 611/1280/522
f 611/1280/522 610/1279/522 612/1281/522
f 613/1282/91 609/1278/91 614/1283/91
f 609/1278/91 613/1282/91 610/1279/91
f 615/1284/523 616/1283/523 617/1285/523
f 616/1283/523 618/1282/523 617/1285/523
f 619/1286/6 618/1287/6 620/1288/6
f 618/1287/6 619/1286/6 617/1289/6
f 610/1290/6 618/1287/6 612/1291/6
f 618/1287/6 610/1290/6 613/1292/6
f 615/1285/524 619/1278/524 621/1279/524
f 619/1278/524 615/1285/524 617/1284/524
f 622/1282/146 621/1279/146 619/1278/146
f 622/1282/146 619/1278/146 620/1283/146
f 616/1282/525 611/1281/525 618/1283/525
f 611/1281/525 612/1280/525 618/1283/525
f 616/1287/14 621/1290/14 622/1292/14
f 614/1288/14 609/1286/14 616/1287/14
f 616/1287/14 615/1293/14 621/1290/14
f 611/1294/14 616/1287/14 609/1286/14
f 623/1295/91 624/1296/91 625/1297/91
f 624/1296/91 623/1295/91 626/1298/91
f 613/1299/526 626/1298/526 623/1295/526
f 626/1298/526 613/1299/526 614/1300/526
f 616/1301/527 627/1302/527 628/1303/527
f 626/1304/527 616/1301/527 628/1303/527
f 616/1301/527 626/1304/527 614/1305/527
f 627/1302/527 616/1301/527 622/1306/527
f 629/1307/528 628/1303/528 627/1302/528
f 627/1302/528 630/1308/528 629/1307/528
f 628/1303/528 629/1307/528 626/1304/528
f 626/1304/528 629/1307/528 624/1309/528
f 631/1303/529 630/1310/529 632/1304/529
f 630/1310/529 631/1303/529 629/1311/529
f 631/1303/529 624/1312/529 629/1311/529
f 625/1302/529 624/1312/529 631/1303/529
f 633/1313/146 632/1314/146 630/1315/146
f 633/1313/146 630/1315/146 627/1316/146
f 627/1316/530 620/1317/530 633/1313/530
f 627/1316/530 622/1318/530 620/1317/530
f 634/1319/531 631/1320/531 633/1321/531
f 633/1321/531 631/1320/531 632/1322/531
f 631/1320/531 634/1319/531 623/1323/531
f 623/1323/531 625/1324/531 631/1320/531
f 618/1325/532 633/1321/532 620/1326/532
f 633/1321/532 618/1325/532 634/1319/532
f 618/1325/532 623/1323/532 634/1319/532
f 623/1323/532 618/1325/532 613/1327/532
o Meshes/set_4_Tribolite_005
usemtl c_9d6d51
f 635/1328/533 636/1329/533 637/1330/533
f 638/1331/534 639/1332/534 640/1333/534
f 639/1334/535 641/1335/535 640/1336/535
f 637/1337/536 636/1338/536 642/1339/536
f 643/1340/537 644/1341/537 645/1342/537
f 643/1340/537 645/1342/537 646/1343/537
f 647/1344/538 648/1345/538 649/1346/538
f 648/1345/538 647/1344/538 650/1347/538
f 637/1337/539 646/1343/539 645/1342/539
f 646/1343/539 637/1337/539 642/1339/539
f 639/1334/540 649/1346/540 641/1335/540
f 649/1346/540 639/1334/540 647/1344/540
f 64/1348/541 644/1341/541 643/1340/541
f 644/1341/541 64/1348/541 66/1349/541
f 650/1347/542 122/1350/542 648/1345/542
f 122/1350/542 650/1347/542 123/1351/542
f 651/1352/543 652/1353/543 653/1354/543
f 654/1355/543 655/1356/543 656/1357/543
f 657/1358/543 658/1359/543 659/1360/543
f 660/1361/543 661/1362/543 662/1363/543
f 663/1364/543 664/1365/543 665/1366/543
f 666/1367/543 667/1368/543 668/1369/543
f 669/1370/543 670/1371/543 671/1372/543
f 672/1373/119 673/1374/119 674/1375/119
f 673/1374/119 675/1376/119 674/1375/119
f 676/1377/119 677/1378/119 678/1379/119
f 677/1378/119 679/1380/119 678/1379/119
f 680/1381/119 681/1382/119 682/1383/119
f 681/1382/119 683/1384/119 682/1383/119
f 684/1385/119 685/1386/119 686/1387/119
f 685/1386/119 687/1388/119 686/1387/119
f 688/1389/119 689/1390/119 690/1391/119
f 688/1389/119 690/1391/119 691/1392/119
f 692/1393/119 693/1394/119 694/1395/119
f 692/1393/119 694/1395/119 695/1396/119
f 696/1397/119 697/1398/119 698/1399/119
f 696/1397/119 698/1399/119 699/1400/119
f 5/1401/413 675/1376/413 673/1374/413
f 675/1376/413 5/1401/413 7/1402/413
f 157/1403/413 679/1380/413 677/1378/413
f 679/1380/413 157/1403/413 159/1404/413
f 43/1405/413 683/1384/413 681/1382/413
f 683/1384/413 43/1405/413 45/1406/413
f 138/1407/413 687/1388/413 685/1386/413
f 687/1388/413 138/1407/413 140/1408/413
f 689/1390/413 100/1409/413 690/1391/413
f 100/1409/413 689/1390/413 101/1410/413
f 693/1394/413 24/1411/413 694/1395/413
f 24/1411/413 693/1394/413 25/1412/413
f 697/1398/413 81/1413/413 698/1399/413
f 81/1413/413 697/1398/413 82/1414/413
f 672/1373/544 651/1352/544 653/1354/544
f 651/1352/544 672/1373/544 674/1375/544
f 656/1357/544 676/1377/544 678/1379/544
f 656/1357/544 678/1379/544 654/1355/544
f 659/1360/544 680/1381/544 682/1383/544
f 659/1360/544 682/1383/544 657/1358/544
f 684/1385/544 660/1361/544 662/1363/544
f 660/1361/544 684/1385/544 686/1387/544
f 663/1364/544 688/1389/544 664/1365/544
f 688/1389/544 691/1392/544 664/1365/544
f 666/1367/544 692/1393/544 667/1368/544
f 692/1393/544 695/1396/544 667/1368/544
f 669/1370/544 696/1397/544 670/1371/544
f 696/1397/544 699/1400/544 670/1371/544
f 641/1415/545 700/1416/545 640/1417/545
f 128/1418/546 648/1419/546 122/1420/546
f 126/1421/546 648/1419/546 128/1418/546
f 648/1419/546 126/1421/546 701/1422/546
f 648/1419/547 701/1422/547 649/1423/547
f 701/1422/547 702/1424/547 649/1423/547
f 670/1425/548 703/1426/548 671/1427/548
f 698/1428/6 704/1429/6 699/1430/6
f 704/1429/6 698/1428/6 705/1431/6
f 90/1418/549 698/1428/549 81/1420/549
f 89/1421/549 698/1428/549 90/1418/549
f 698/1428/549 89/1421/549 705/1431/549
f 704/1429/550 703/1426/550 699/1430/550
f 699/1430/550 703/1426/550 670/1425/550
f 667/1425/548 706/1426/548 668/1427/548
f 694/1428/6 707/1429/6 695/1430/6
f 707/1429/6 694/1428/6 708/1431/6
f 33/1418/551 694/1428/551 24/1420/551
f 32/1421/551 694/1428/551 33/1418/551
f 694/1428/551 32/1421/551 708/1431/551
f 707/1429/550 706/1426/550 695/1430/550
f 695/1430/550 706/1426/550 667/1425/550
f 664/1425/548 709/1426/548 665/1427/548
f 690/1428/6 710/1429/6 691/1430/6
f 710/1429/6 690/1428/6 711/1431/6
f 109/1418/552 690/1428/552 100/1420/552
f 108/1421/552 690/1428/552 109/1418/552
f 690/1428/552 108/1421/552 711/1431/552
f 710/1429/550 709/1426/550 691/1430/550
f 691/1430/550 709/1426/550 664/1425/550
f 712/1426/548 661/1427/548 660/1425/548
f 713/1431/6 714/1429/6 687/1428/6
f 687/1428/6 714/1429/6 686/1430/6
f 687/1428/553 147/1421/553 713/1431/553
f 147/1421/553 687/1428/553 146/1418/553
f 146/1418/553 687/1428/553 140/1420/553
f 712/1426/550 686/1430/550 714/1429/550
f 686/1430/550 712/1426/550 660/1425/550
f 715/1426/548 658/1427/548 657/1425/548
f 716/1431/6 717/1429/6 683/1428/6
f 683/1428/6 717/1429/6 682/1430/6
f 683/1428/554 52/1421/554 716/1431/554
f 52/1421/554 683/1428/554 51/1418/554
f 51/1418/554 683/1428/554 45/1420/554
f 715/1426/550 682/1430/550 717/1429/550
f 682/1430/550 715/1426/550 657/1425/550
f 718/1426/548 655/1427/548 654/1425/548
f 679/1428/555 166/1421/555 719/1431/555
f 166/1421/555 679/1428/555 165/1418/555
f 165/1418/555 679/1428/555 159/1420/555
f 719/1431/6 720/1429/6 679/1428/6
f 679/1428/6 720/1429/6 678/1430/6
f 718/1426/550 678/1430/550 720/1429/550
f 678/1430/550 718/1426/550 654/1425/550
f 721/1426/548 652/1427/548 651/1425/548
f 675/1428/556 14/1421/556 722/1431/556
f 14/1421/556 675/1428/556 13/1418/556
f 13/1418/556 675/1428/556 7/1420/556
f 722/1431/6 723/1429/6 675/1428/6
f 675/1428/6 723/1429/6 674/1430/6
f 721/1426/550 674/1430/550 723/1429/550
f 674/1430/550 721/1426/550 651/1425/550
f 724/1432/557 635/1433/557 637/1434/557
f 724/1432/557 637/1434/557 645/1435/557
f 725/1436/558 645/1435/558 644/1437/558
f 645/1435/558 725/1436/558 724/1432/558
f 644/1437/559 73/1421/559 725/1436/559
f 73/1421/559 644/1437/559 72/1418/559
f 72/1418/559 644/1437/559 66/1420/559
f 726/1438/560 727/1439/560 646/1440/560
f 726/1438/560 646/1440/560 642/1441/560
f 702/1442/561 700/1443/561 649/1444/561
f 649/1444/561 700/1443/561 641/1445/561
f 728/1446/562 652/1447/562 721/1448/562
f 729/1449/562 655/1450/562 718/1451/562
f 730/1452/562 658/1453/562 715/1454/562
f 731/1455/562 661/1456/562 712/1457/562
f 709/1458/562 732/1459/562 665/1460/562
f 706/1461/562 733/1462/562 668/1463/562
f 703/1464/562 734/1465/562 671/1466/562
f 728/1446/563 721/1448/563 735/1467/563
f 735/1467/563 721/1448/563 723/1468/563
f 729/1449/563 718/1451/563 736/1469/563
f 736/1469/563 718/1451/563 720/1470/563
f 730/1452/563 717/1471/563 737/1472/563
f 717/1471/563 730/1452/563 715/1454/563
f 731/1455/563 712/1457/563 738/1473/563
f 738/1473/563 712/1457/563 714/1474/563
f 732/1459/563 710/1475/563 739/1476/563
f 710/1475/563 732/1459/563 709/1458/563
f 740/1477/563 706/1461/563 707/1478/563
f 706/1461/563 740/1477/563 733/1462/563
f 734/1465/563 704/1479/563 741/1480/563
f 704/1479/563 734/1465/563 703/1464/563
f 735/1467/564 722/1481/564 742/1482/564
f 722/1481/564 735/1467/564 723/1468/564
f 736/1469/564 719/1483/564 743/1484/564
f 719/1483/564 736/1469/564 720/1470/564
f 737/1472/564 716/1485/564 744/1486/564
f 716/1485/564 737/1472/564 717/1471/564
f 738/1473/564 713/1487/564 745/1488/564
f 713/1487/564 738/1473/564 714/1474/564
f 739/1476/564 710/1475/564 746/1489/564
f 746/1489/564 710/1475/564 711/1490/564
f 740/1477/564 707/1478/564 747/1491/564
f 747/1491/564 707/1478/564 708/1492/564
f 741/1480/564 704/1479/564 748/1493/564
f 748/1493/564 704/1479/564 705/1494/564
f 18/1495/565 742/1482/565 722/1481/565
f 18/1495/565 722/1481/565 14/1496/565
f 170/1497/565 743/1484/565 719/1483/565
f 170/1497/565 719/1483/565 166/1498/565
f 56/1499/565 744/1486/565 716/1485/565
f 56/1499/565 716/1485/565 52/1500/565
f 151/1501/565 745/1488/565 713/1487/565
f 151/1501/565 713/1487/565 147/1502/565
f 711/1490/565 108/1503/565 746/1489/565
f 113/1504/565 746/1489/565 108/1503/565
f 708/1492/565 32/1505/565 747/1491/565
f 37/1506/565 747/1491/565 32/1505/565
f 705/1494/565 89/1507/565 748/1493/565
f 94/1508/565 748/1493/565 89/1507/565
f 726/1509/566 636/1510/566 635/1511/566
f 700/1512/567 638/1513/567 640/1514/567
f 725/1515/568 75/1516/568 749/1517/568
f 75/1516/568 725/1515/568 73/1518/568
f 701/1519/569 126/1520/569 750/1521/569
f 132/1522/569 750/1521/569 126/1520/569
f 724/1523/570 727/1524/570 635/1511/570
f 727/1524/570 726/1509/570 635/1511/570
f 638/1513/571 700/1512/571 702/1525/571
f 702/1525/571 751/1526/571 638/1513/571
f 727/1524/572 725/1515/572 749/1517/572
f 725/1515/572 727/1524/572 724/1523/572
f 702/1525/573 750/1521/573 751/1526/573
f 750/1521/573 702/1525/573 701/1519/573
f 642/1527/574 636/1528/574 726/1529/574
f 643/1530/575 76/1531/575 64/1532/575
f 643/1530/575 75/1533/575 76/1531/575
f 75/1533/575 643/1530/575 749/1534/575
f 646/1535/576 727/1536/576 749/1534/576
f 749/1534/576 643/1530/576 646/1535/576
f 653/1537/577 652/1538/577 728/1539/577
f 735/1540/14 673/1541/14 672/1542/14
f 673/1541/14 735/1540/14 742/1543/14
f 673/1541/578 19/1531/578 5/1532/578
f 673/1541/578 18/1533/578 19/1531/578
f 18/1533/578 673/1541/578 742/1543/578
f 728/1539/579 672/1542/579 653/1537/579
f 672/1542/579 728/1539/579 735/1540/579
f 656/1537/577 655/1538/577 729/1539/577
f 736/1540/14 677/1541/14 676/1542/14
f 677/1541/14 736/1540/14 743/1543/14
f 677/1541/580 171/1531/580 157/1532/580
f 677/1541/580 170/1533/580 171/1531/580
f 170/1533/580 677/1541/580 743/1543/580
f 729/1539/579 676/1542/579 656/1537/579
f 676/1542/579 729/1539/579 736/1540/579
f 659/1537/577 658/1538/577 730/1539/577
f 737/1540/14 681/1541/14 680/1542/14
f 681/1541/14 737/1540/14 744/1543/14
f 681/1541/581 57/1531/581 43/1532/581
f 681/1541/581 56/1533/581 57/1531/581
f 56/1533/581 681/1541/581 744/1543/581
f 730/1539/579 680/1542/579 659/1537/579
f 680/1542/579 730/1539/579 737/1540/579
f 662/1537/577 661/1538/577 731/1539/577
f 738/1540/14 685/1541/14 684/1542/14
f 685/1541/14 738/1540/14 745/1543/14
f 685/1541/582 152/1531/582 138/1532/582
f 685/1541/582 151/1533/582 152/1531/582
f 151/1533/582 685/1541/582 745/1543/582
f 731/1539/579 684/1542/579 662/1537/579
f 684/1542/579 731/1539/579 738/1540/579
f 732/1539/577 663/1537/577 665/1538/577
f 739/1540/14 689/1541/14 688/1542/14
f 689/1541/14 739/1540/14 746/1543/14
f 113/1533/583 689/1541/583 746/1543/583
f 114/1531/583 689/1541/583 113/1533/583
f 101/1532/583 689/1541/583 114/1531/583
f 732/1539/579 688/1542/579 663/1537/579
f 688/1542/579 732/1539/579 739/1540/579
f 733/1539/577 666/1537/577 668/1538/577
f 37/1533/584 693/1541/584 747/1543/584
f 38/1531/584 693/1541/584 37/1533/584
f 25/1532/584 693/1541/584 38/1531/584
f 740/1540/14 693/1541/14 692/1542/14
f 693/1541/14 740/1540/14 747/1543/14
f 733/1539/579 692/1542/579 666/1537/579
f 692/1542/579 733/1539/579 740/1540/579
f 734/1539/577 669/1537/577 671/1538/577
f 94/1533/585 697/1541/585 748/1543/585
f 95/1531/585 697/1541/585 94/1533/585
f 82/1532/585 697/1541/585 95/1531/585
f 741/1540/14 697/1541/14 696/1542/14
f 697/1541/14 741/1540/14 748/1543/14
f 734/1539/579 696/1542/579 669/1537/579
f 696/1542/579 734/1539/579 741/1540/579
f 751/1544/586 639/1545/586 638/1546/586
f 639/1545/586 751/1544/586 647/1547/586
f 750/1548/587 647/1547/587 751/1544/587
f 647/1547/587 750/1548/587 650/1549/587
f 132/1533/588 650/1549/588 750/1548/588
f 133/1531/588 650/1549/588 132/1533/588
f 123/1532/588 650/1549/588 133/1531/588
o Meshes/set_4_Tribolite_001
usemtl c_6d4c38
f 752/1550/589 753/1551/589 754/1552/589
f 755/1553/590 756/1554/590 757/1555/590
f 756/1554/590 755/1553/590 758/1556/590
f 754/1552/591 757/1555/591 756/1554/591
f 754/1552/591 756/1554/591 752/1550/591
f 755/1557/592 757/1558/592 759/1559/592
f 759/1559/592 760/1560/592 755/1557/592
f 761/1561/593 757/1558/593 754/1562/593
f 757/1558/593 761/1561/593 759/1559/593
f 753/1563/594 761/1561/594 754/1562/594
f 762/1564/595 755/1565/595 760/1566/595
f 755/1565/595 762/1564/595 758/1567/595
f 761/1568/596 763/1569/596 759/1570/596
f 763/1569/596 761/1568/596 764/1571/596
f 760/1572/597 763/1569/597 762/1573/597
f 763/1569/597 760/1572/597 759/1570/597
f 761/1568/598 753/1574/598 764/1571/598
f 764/1575/599 753/1576/599 752/1577/599
f 756/1578/600 764/1575/600 752/1577/600
f 764/1575/600 756/1578/600 763/1579/600
f 758/1580/601 763/1579/601 756/1578/601
f 763/1579/601 758/1580/601 762/1581/601
o Meshes/set_4_Tribolite_028
usemtl c_6d4c38
f 765/1582/602 766/1583/602 767/1584/602
f 766/1583/602 765/1582/602 768/1585/602
f 769/1586/603 765/1582/603 767/1584/603
f 765/1582/603 769/1586/603 770/1587/603
f 766/1583/604 768/1585/604 771/1588/604
f 772/1589/605 773/1590/605 767/1591/605
f 767/1591/605 773/1590/605 769/1592/605
f 767/1591/606 766/1593/606 772/1589/606
f 774/1594/606 772/1589/606 766/1593/606
f 774/1594/607 766/1593/607 771/1595/607
f 770/1596/608 773/1597/608 775/1598/608
f 773/1597/608 770/1596/608 769/1599/608
f 766/1600/607 771/1601/607 771/1601/607
f 776/1602/609 774/1603/609 771/1604/609
f 773/1605/610 772/1606/610 777/1607/610
f 773/1605/610 777/1607/610 775/1608/610
f 776/1602/611 777/1607/611 774/1603/611
f 774/1603/611 777/1607/611 772/1606/611
f 776/1609/612 771/1610/612 768/1611/612
f 768/1611/613 777/1612/613 776/1609/613
f 777/1612/613 768/1611/613 765/1613/613
f 765/1613/614 775/1614/614 777/1612/614
f 775/1614/614 765/1613/614 770/1615/614
o Meshes/set_4_Tribolite_021
usemtl c_6d4c38
f 778/1616/91 779/1617/91 780/1618/91
f 781/1619/91 780/1618/91 779/1617/91
f 778/1616/526 780/1618/526 782/1620/526
f 782/1620/526 783/1621/526 778/1616/526
f 784/1622/527 778/1623/527 783/1624/527
f 785/1625/527 784/1622/527 786/1626/527
f 778/1623/527 784/1622/527 787/1627/527
f 784/1622/527 785/1625/527 787/1627/527
f 788/1628/528 778/1623/528 787/1627/528
f 778/1623/528 788/1628/528 779/1629/528
f 785/1625/528 788/1628/528 787/1627/528
f 788/1628/528 785/1625/528 789/1630/528
f 790/1627/529 781/1625/529 779/1631/529
f 790/1627/529 779/1631/529 788/1632/529
f 790/1627/529 788/1632/529 789/1633/529
f 791/1623/529 790/1627/529 789/1633/529
f 792/1634/146 789/1635/146 785/1636/146
f 789/1635/146 792/1634/146 791/1637/146
f 785/1636/530 793/1638/530 792/1634/530
f 793/1638/530 785/1636/530 786/1639/530
f 780/1640/531 790/1641/531 794/1642/531
f 790/1641/531 780/1640/531 781/1643/531
f 794/1642/531 790/1641/531 792/1644/531
f 792/1644/531 790/1641/531 791/1645/531
f 795/1646/532 780/1640/532 794/1642/532
f 780/1640/532 795/1646/532 782/1647/532
f 792/1644/532 795/1646/532 794/1642/532
f 795/1646/532 792/1644/532 793/1648/532
f 796/1649/615 797/1650/615 798/1651/615
f 798/1651/615 797/1650/615 799/1652/615
f 783/1653/91 797/1650/91 796/1649/91
f 797/1650/91 783/1653/91 782/1654/91
f 784/1653/616 795/1654/616 800/1655/616
f 800/1655/616 795/1654/616 801/1656/616
f 795/1657/6 797/1658/6 782/1659/6
f 797/1658/6 795/1657/6 799/1660/6
f 795/1657/6 802/1661/6 801/1662/6
f 802/1661/6 795/1657/6 793/1663/6
f 802/1649/617 803/1650/617 800/1656/617
f 800/1656/617 801/1655/617 802/1649/617
f 786/1654/146 803/1650/146 793/1653/146
f 803/1650/146 802/1649/146 793/1653/146
f 798/1652/618 799/1651/618 784/1654/618
f 784/1654/618 799/1651/618 795/1653/618
f 784/1657/14 796/1661/14 798/1664/14
f 784/1657/14 800/1665/14 803/1658/14
f 784/1657/14 783/1663/14 796/1661/14
f 786/1659/14 784/1657/14 803/1658/14
