# Roblox asset pack: komodo_dragon (creatures), from the Studio model "KomodoDragon". Exported with Export Selection, split by tools/build_creatures.py: one object per rigid body. Units: studs. +Y up, front faces -Z, pivot (bottom centre) at the origin.
mtllib komodo_dragon.mtl

v -4.50000 7.80000 -6.22050
v -4.50000 8.83000 -2.36050
v -4.50000 3.93000 -5.19050
v -4.50000 4.97000 -1.32050
v -8.50000 8.83000 -2.36050
v -8.50000 7.80000 -6.22050
v -8.50000 4.97000 -1.32050
v -8.50000 3.93000 -5.19050
v -5.00000 4.06000 -4.70050
v -5.00000 4.84000 -1.81050
v -5.00000 0.20000 -3.67050
v -5.00000 0.97000 -0.77050
v -8.00000 4.84000 -1.81050
v -8.00000 4.06000 -4.70050
v -8.00000 0.97000 -0.77050
v -8.00000 0.20000 -3.67050
v 1.50000 25.53000 -12.86050
v 1.50000 26.82000 -8.03050
v 1.50000 24.56000 -12.60050
v 1.50000 25.86000 -7.77050
v -1.50000 26.82000 -8.03050
v -1.50000 25.53000 -12.86050
v -1.50000 25.86000 -7.77050
v -1.50000 24.56000 -12.60050
v -2.00000 26.82000 -8.03050
v -2.00000 25.53000 -12.86050
v -2.00000 25.86000 -7.77050
v -2.00000 24.56000 -12.60050
v 1.00000 25.27000 -13.83050
v 1.00000 25.53000 -12.86050
v 1.00000 24.31000 -13.57050
v 1.00000 24.56000 -12.60050
v -1.00000 25.53000 -12.86050
v -1.00000 25.27000 -13.83050
v -1.00000 24.56000 -12.60050
v -1.00000 24.31000 -13.57050
v 1.50000 25.40000 -13.34050
v 1.50000 24.43000 -13.08050
v -1.50000 25.40000 -13.34050
v -1.50000 24.43000 -13.08050
v 2.00000 25.53000 -12.86050
v 2.00000 26.82000 -8.03050
v 2.00000 24.56000 -12.60050
v 2.00000 25.86000 -7.77050
v 1.50000 24.08000 -12.47050
v 1.50000 25.38000 -7.64050
v -1.50000 25.38000 -7.64050
v -1.50000 24.08000 -12.47050
v 1.00000 23.82000 -13.44050
v 1.00000 24.08000 -12.47050
v -1.00000 24.08000 -12.47050
v -1.00000 23.82000 -13.44050
v -1.50000 26.08000 -12.75050
v -1.50000 26.21000 -12.27050
v -1.50000 25.60000 -12.62050
v -1.50000 25.72000 -12.14050
v -2.00000 26.21000 -12.27050
v -2.00000 26.08000 -12.75050
v -2.00000 25.72000 -12.14050
v -2.00000 25.60000 -12.62050
v -0.50000 25.88000 -13.47050
v -0.50000 26.01000 -12.99050
v -0.50000 25.40000 -13.34050
v -0.50000 25.53000 -12.86050
v -1.00000 26.01000 -12.99050
v -1.00000 25.88000 -13.47050
v -1.00000 25.40000 -13.34050
v -1.50000 26.73000 -10.33050
v -1.50000 26.85000 -9.85050
v -1.50000 26.24000 -10.20050
v -1.50000 26.37000 -9.72050
v -2.00000 26.85000 -9.85050
v -2.00000 26.73000 -10.33050
v -2.00000 26.37000 -9.72050
v -2.00000 26.24000 -10.20050
v -1.50000 26.40000 -11.54050
v -1.50000 26.53000 -11.06050
v -1.50000 25.92000 -11.41050
v -1.50000 26.05000 -10.93050
v -2.00000 26.53000 -11.06050
v -2.00000 26.40000 -11.54050
v -2.00000 26.05000 -10.93050
v -2.00000 25.92000 -11.41050
v 2.00000 26.73000 -10.33050
v 2.00000 26.85000 -9.85050
v 2.00000 26.24000 -10.20050
v 2.00000 26.37000 -9.72050
v 1.50000 26.85000 -9.85050
v 1.50000 26.73000 -10.33050
v 1.50000 26.37000 -9.72050
v 1.50000 26.24000 -10.20050
v 2.00000 26.08000 -12.75050
v 2.00000 26.21000 -12.27050
v 2.00000 25.60000 -12.62050
v 2.00000 25.72000 -12.14050
v 1.50000 26.21000 -12.27050
v 1.50000 26.08000 -12.75050
v 1.50000 25.72000 -12.14050
v 1.50000 25.60000 -12.62050
v 1.00000 25.88000 -13.47050
v 1.00000 26.01000 -12.99050
v 1.00000 25.40000 -13.34050
v 0.50000 26.01000 -12.99050
v 0.50000 25.88000 -13.47050
v 0.50000 25.53000 -12.86050
v 0.50000 25.40000 -13.34050
v 2.00000 26.40000 -11.54050
v 2.00000 26.53000 -11.06050
v 2.00000 25.92000 -11.41050
v 2.00000 26.05000 -10.93050
v 1.50000 26.53000 -11.06050
v 1.50000 26.40000 -11.54050
v 1.50000 26.05000 -10.93050
v 1.50000 25.92000 -11.41050
v 8.00000 4.06000 -4.70050
v 8.00000 4.84000 -1.81050
v 8.00000 0.20000 -3.67050
v 8.00000 0.97000 -0.77050
v 5.00000 4.84000 -1.81050
v 5.00000 4.06000 -4.70050
v 5.00000 0.97000 -0.77050
v 5.00000 0.20000 -3.67050
v 8.50000 7.80000 -6.22050
v 8.50000 8.83000 -2.36050
v 8.50000 3.93000 -5.19050
v 8.50000 4.97000 -1.32050
v 4.50000 8.83000 -2.36050
v 4.50000 7.80000 -6.22050
v 4.50000 4.97000 -1.32050
v 4.50000 3.93000 -5.19050
v 2.50000 31.18000 -9.45050
v 2.50000 31.18000 -4.45050
v 2.50000 26.18000 -9.45050
v 2.50000 26.18000 -4.45050
v -2.50000 31.18000 -4.45050
v -2.50000 31.18000 -9.45050
v -2.50000 26.18000 -4.45050
v -2.50000 26.18000 -9.45050
v 0.75000 30.68000 -11.45050
v 0.75000 30.68000 -9.45050
v 0.75000 29.68000 -11.45050
v 0.75000 29.68000 -9.45050
v -0.75000 30.68000 -9.45050
v -0.75000 30.68000 -11.45050
v -0.75000 29.68000 -9.45050
v -0.75000 29.68000 -11.45050
v 2.33700 31.42000 -10.45050
v 2.33700 31.42000 -9.45050
v 2.59500 30.45000 -10.45050
v 2.59500 30.45000 -9.45050
v 0.40500 30.90000 -9.45050
v 0.40500 30.90000 -10.45050
v 0.66300 29.94000 -9.45050
v 0.66300 29.94000 -10.45050
v 2.50000 25.65000 -7.43050
v 2.50000 28.15000 -3.10050
v 2.50000 22.18000 -5.43050
v 2.50000 24.68000 -1.10050
v -2.50000 28.15000 -3.10050
v -2.50000 25.65000 -7.43050
v -2.50000 24.68000 -1.10050
v -2.50000 22.18000 -5.43050
v -0.40500 30.90000 -10.45050
v -0.40500 30.90000 -9.45050
v -0.66300 29.94000 -10.45050
v -0.66300 29.94000 -9.45050
v -2.33700 31.42000 -9.45050
v -2.33700 31.42000 -10.45050
v -2.59500 30.45000 -9.45050
v -2.59500 30.45000 -10.45050
v 2.00000 29.36000 -6.76050
v 2.00000 30.86000 -4.16050
v 2.00000 26.76000 -5.26050
v 2.00000 28.26000 -2.66050
v -2.00000 30.86000 -4.16050
v -2.00000 29.36000 -6.76050
v -2.00000 28.26000 -2.66050
v -2.00000 26.76000 -5.26050
v 2.50000 29.18000 -12.45050
v 2.50000 29.18000 -9.45050
v 2.50000 27.18000 -12.45050
v 2.50000 27.18000 -9.45050
v -2.50000 29.18000 -9.45050
v -2.50000 29.18000 -12.45050
v -2.50000 27.18000 -9.45050
v -2.50000 27.18000 -12.45050
v 4.50000 27.77000 -7.52050
v 4.50000 28.29000 -5.59050
v 4.50000 25.84000 -7.01050
v 4.50000 26.36000 -5.07050
v -4.50000 28.29000 -5.59050
v -4.50000 27.77000 -7.52050
v -4.50000 26.36000 -5.07050
v -4.50000 25.84000 -7.01050
v 1.00000 29.18000 -14.45050
v 1.00000 29.18000 -12.45050
v 1.00000 27.18000 -14.45050
v 1.00000 27.18000 -12.45050
v -1.00000 29.18000 -12.45050
v -1.00000 29.18000 -14.45050
v -1.00000 27.18000 -12.45050
v -1.00000 27.18000 -14.45050
v 3.50000 28.48000 -8.75050
v 3.50000 29.51000 -4.88050
v 3.50000 24.62000 -7.71050
v 3.50000 25.65000 -3.85050
v -3.50000 29.51000 -4.88050
v -3.50000 28.48000 -8.75050
v -3.50000 25.65000 -3.85050
v -3.50000 24.62000 -7.71050
v 1.00000 29.68000 -13.45050
v 1.00000 29.68000 -9.45050
v 1.00000 29.18000 -13.45050
v 1.00000 29.18000 -9.45050
v -1.00000 29.68000 -9.45050
v -1.00000 29.68000 -13.45050
v -1.00000 29.18000 -9.45050
v -1.00000 29.18000 -13.45050
v 2.00000 31.68000 -8.95050
v 2.00000 31.68000 -4.95050
v 2.00000 30.68000 -8.95050
v 2.00000 30.68000 -4.95050
v -2.00000 31.68000 -4.95050
v -2.00000 31.68000 -8.95050
v -2.00000 30.68000 -4.95050
v -2.00000 30.68000 -8.95050
v 2.25000 27.18000 -12.20050
v 2.25000 27.18000 -11.70050
v 2.25000 26.68000 -12.20050
v 2.25000 26.68000 -11.70050
v 1.75000 27.18000 -11.70050
v 1.75000 27.18000 -12.20050
v 1.75000 26.68000 -11.70050
v 1.75000 26.68000 -12.20050
v -1.25000 27.18000 -13.20050
v -1.25000 27.18000 -12.70050
v -1.25000 26.68000 -13.20050
v -1.25000 26.68000 -12.70050
v -1.75000 27.18000 -12.70050
v -1.75000 27.18000 -13.20050
v -1.75000 26.68000 -12.70050
v -1.75000 26.68000 -13.20050
v -0.50000 27.18000 -14.20050
v -0.50000 27.18000 -13.70050
v -0.50000 26.68000 -14.20050
v -0.50000 26.68000 -13.70050
v -1.00000 27.18000 -13.70050
v -1.00000 27.18000 -14.20050
v -1.00000 26.68000 -13.70050
v -1.00000 26.68000 -14.20050
v 1.75000 27.18000 -13.20050
v 1.75000 27.18000 -12.70050
v 1.75000 26.68000 -13.20050
v 1.75000 26.68000 -12.70050
v 1.25000 27.18000 -12.70050
v 1.25000 27.18000 -13.20050
v 1.25000 26.68000 -12.70050
v 1.25000 26.68000 -13.20050
v 2.25000 27.18000 -10.95050
v 2.25000 27.18000 -10.45050
v 2.25000 26.68000 -10.95050
v 2.25000 26.68000 -10.45050
v 1.75000 27.18000 -10.45050
v 1.75000 27.18000 -10.95050
v 1.75000 26.68000 -10.45050
v 1.75000 26.68000 -10.95050
v 1.00000 27.18000 -14.20050
v 1.00000 27.18000 -13.70050
v 1.00000 26.68000 -14.20050
v 1.00000 26.68000 -13.70050
v 0.50000 27.18000 -13.70050
v 0.50000 27.18000 -14.20050
v 0.50000 26.68000 -13.70050
v 0.50000 26.68000 -14.20050
v -1.75000 27.18000 -10.95050
v -1.75000 27.18000 -10.45050
v -1.75000 26.68000 -10.95050
v -1.75000 26.68000 -10.45050
v -2.25000 27.18000 -10.45050
v -2.25000 27.18000 -10.95050
v -2.25000 26.68000 -10.45050
v -2.25000 26.68000 -10.95050
v -1.75000 27.18000 -12.20050
v -1.75000 27.18000 -11.70050
v -1.75000 26.68000 -12.20050
v -1.75000 26.68000 -11.70050
v -2.25000 27.18000 -11.70050
v -2.25000 27.18000 -12.20050
v -2.25000 26.68000 -11.70050
v -2.25000 26.68000 -12.20050
v 0.50000 27.43000 -13.95050
v 0.50000 27.43000 -12.95050
v 0.50000 26.93000 -13.95050
v 0.50000 26.93000 -12.95050
v -0.50000 27.43000 -12.95050
v -0.50000 27.43000 -13.95050
v -0.50000 26.93000 -12.95050
v -0.50000 26.93000 -13.95050
v 1.50000 27.43000 -12.95050
v 1.50000 27.43000 -9.45050
v 1.50000 26.93000 -12.95050
v 1.50000 26.93000 -9.45050
v -1.50000 27.43000 -9.45050
v -1.50000 27.43000 -12.95050
v -1.50000 26.93000 -9.45050
v -1.50000 26.93000 -12.95050
v -1.00000 30.18000 -9.95050
v -1.00000 30.18000 -9.45050
v -1.00000 29.18000 -9.95050
v -2.00000 30.18000 -9.45050
v -2.00000 30.18000 -9.95050
v -2.00000 29.18000 -9.45050
v -2.00000 29.18000 -9.95050
v 2.00000 30.18000 -9.95050
v 2.00000 30.18000 -9.45050
v 2.00000 29.18000 -9.95050
v 2.00000 29.18000 -9.45050
v 1.00000 30.18000 -9.45050
v 1.00000 30.18000 -9.95050
v 1.00000 29.18000 -9.95050
v 0.50000 27.71000 -2.85050
v 0.50000 28.21000 -1.98050
v 0.50000 25.12000 -1.35050
v 0.50000 25.62000 -0.48050
v -0.50000 28.21000 -1.98050
v -0.50000 27.71000 -2.85050
v -0.50000 25.62000 -0.48050
v -0.50000 25.12000 -1.35050
v 0.50000 27.35000 -1.48050
v 0.50000 27.85000 -0.62050
v 0.50000 26.48000 -0.98050
v 0.50000 26.98000 -0.12050
v -0.50000 27.85000 -0.62050
v -0.50000 27.35000 -1.48050
v -0.50000 26.98000 -0.12050
v -0.50000 26.48000 -0.98050
v 0.50000 30.43000 -3.91050
v 0.50000 30.93000 -3.05050
v 0.50000 28.70000 -2.91050
v 0.50000 29.20000 -2.05050
v -0.50000 30.93000 -3.05050
v -0.50000 30.43000 -3.91050
v -0.50000 29.20000 -2.05050
v -0.50000 28.70000 -2.91050
v 1.50000 24.71000 -8.04050
v 1.50000 25.21000 -7.18050
v 1.50000 22.98000 -7.04050
v 1.50000 23.48000 -6.18050
v -1.50000 25.21000 -7.18050
v -1.50000 24.71000 -8.04050
v -1.50000 23.48000 -6.18050
v -1.50000 22.98000 -7.04050
v 0.50000 6.33000 6.38950
v 0.50000 7.30000 6.64950
v 0.50000 6.07000 7.35950
v 0.50000 7.04000 7.61950
v -0.50000 7.30000 6.64950
v -0.50000 6.33000 6.38950
v -0.50000 7.04000 7.61950
v -0.50000 6.07000 7.35950
v -0.50000 9.11000 4.19950
v -0.50000 9.98000 4.69950
v -0.50000 8.61000 5.06950
v -0.50000 9.48000 5.56950
v -1.50000 9.98000 4.69950
v -1.50000 9.11000 4.19950
v -1.50000 9.48000 5.56950
v -1.50000 8.61000 5.06950
v 1.50000 9.11000 4.19950
v 1.50000 9.98000 4.69950
v 1.50000 8.61000 5.06950
v 1.50000 9.48000 5.56950
v 0.50000 9.98000 4.69950
v 0.50000 9.11000 4.19950
v 0.50000 9.48000 5.56950
v 0.50000 8.61000 5.06950
v -0.50000 7.38000 3.20950
v -0.50000 8.25000 3.70950
v -0.50000 5.88000 5.79950
v -0.50000 6.75000 6.29950
v -1.50000 8.25000 3.70950
v -1.50000 7.38000 3.20950
v -1.50000 6.75000 6.29950
v -1.50000 5.88000 5.79950
v -0.50000 9.11000 4.20950
v -0.50000 7.25000 5.43950
v -0.50000 8.11000 5.93950
v -1.50000 9.11000 4.20950
v -1.50000 8.11000 5.93950
v -1.50000 7.25000 5.43950
v 1.50000 7.38000 3.20950
v 1.50000 8.25000 3.70950
v 1.50000 5.88000 5.79950
v 1.50000 6.75000 6.29950
v 0.50000 8.25000 3.70950
v 0.50000 7.38000 3.20950
v 0.50000 6.75000 6.29950
v 0.50000 5.88000 5.79950
v 1.50000 9.11000 4.20950
v 1.50000 7.25000 5.43950
v 1.50000 8.11000 5.93950
v 0.50000 9.11000 4.20950
v 0.50000 8.11000 5.93950
v 0.50000 7.25000 5.43950
v 0.50000 3.73000 11.20950
v 0.50000 4.70000 10.94950
v 0.50000 3.99000 12.16950
v 0.50000 4.96000 11.90950
v -0.50000 4.70000 10.94950
v -0.50000 3.73000 11.20950
v -0.50000 4.96000 11.90950
v -0.50000 3.99000 12.16950
v 0.50000 4.27000 8.45950
v 0.50000 5.27000 8.45950
v 0.50000 4.27000 10.45950
v 0.50000 5.27000 10.45950
v -0.50000 5.27000 8.45950
v -0.50000 4.27000 8.45950
v -0.50000 5.27000 10.45950
v -0.50000 4.27000 10.45950
v 0.50000 6.27000 8.45950
v 0.50000 5.27000 9.45950
v 0.50000 6.27000 9.45950
v -0.50000 6.27000 8.45950
v -0.50000 6.27000 9.45950
v -0.50000 5.27000 9.45950
v 0.50000 5.36000 6.13950
v 0.50000 4.85000 8.06950
v 0.50000 5.81000 8.32950
v -0.50000 5.36000 6.13950
v -0.50000 5.81000 8.32950
v -0.50000 4.85000 8.06950
v 0.50000 2.60000 12.70950
v 0.50000 3.47000 12.20950
v 0.50000 3.60000 14.44950
v 0.50000 4.47000 13.94950
v -0.50000 3.47000 12.20950
v -0.50000 2.60000 12.70950
v -0.50000 4.47000 13.94950
v -0.50000 3.60000 14.44950
v 1.50000 1.27000 6.95950
v 1.50000 4.27000 6.95950
v 1.50000 1.27000 10.95950
v 1.50000 4.27000 10.95950
v -1.50000 4.27000 6.95950
v -1.50000 1.27000 6.95950
v -1.50000 4.27000 10.95950
v -1.50000 1.27000 10.95950
v 1.00000 1.41000 10.26950
v 1.00000 3.34000 9.75950
v 1.00000 2.19000 13.16950
v 1.00000 4.12000 12.64950
v -1.00000 3.34000 9.75950
v -1.00000 1.41000 10.26950
v -1.00000 4.12000 12.64950
v -1.00000 2.19000 13.16950
v 2.50000 3.30000 0.26950
v 2.50000 7.63000 2.76950
v 2.50000 1.30000 3.73950
v 2.50000 5.63000 6.23950
v -2.50000 7.63000 2.76950
v -2.50000 3.30000 0.26950
v -2.50000 5.63000 6.23950
v -2.50000 1.30000 3.73950
v 2.00000 1.89000 3.64950
v 2.00000 5.75000 4.68950
v 2.00000 0.85000 7.50950
v 2.00000 4.72000 8.54950
v -2.00000 5.75000 4.68950
v -2.00000 1.89000 3.64950
v -2.00000 4.72000 8.54950
v -2.00000 0.85000 7.50950
v 3.00000 5.80000 -4.06050
v 3.00000 10.13000 -1.56050
v 3.00000 3.30000 0.26950
v 3.00000 7.63000 2.76950
v -3.00000 10.13000 -1.56050
v -3.00000 5.80000 -4.06050
v -3.00000 7.63000 2.76950
v -3.00000 3.30000 0.26950
v 2.50000 4.94000 -4.56050
v 2.50000 5.80000 -4.06050
v 2.50000 2.44000 -0.23050
v -2.50000 5.80000 -4.06050
v -2.50000 4.94000 -4.56050
v -2.50000 2.44000 -0.23050
v 10.00000 11.61000 -5.18050
v 10.00000 11.11000 -4.31050
v 10.00000 10.74000 -5.68050
v 10.00000 10.24000 -4.81050
v 9.00000 11.11000 -4.31050
v 9.00000 11.61000 -5.18050
v 9.00000 10.24000 -4.81050
v 9.00000 10.74000 -5.68050
v 10.00000 9.88000 -6.17050
v 10.00000 8.38000 -3.58050
v 10.00000 9.01000 -6.67050
v 10.00000 7.51000 -4.08050
v 9.00000 8.38000 -3.58050
v 9.00000 9.88000 -6.17050
v 9.00000 7.51000 -4.08050
v 9.00000 9.01000 -6.67050
v 10.00000 9.74000 -3.94050
v 10.00000 9.88000 -6.18050
v 10.00000 8.88000 -4.44050
v 9.00000 9.74000 -3.94050
v 9.00000 8.88000 -4.44050
v 9.00000 9.88000 -6.18050
v 8.50000 13.53000 -3.49050
v 8.50000 11.03000 0.83950
v 8.50000 12.66000 -3.99050
v 8.50000 10.16000 0.33950
v 4.50000 11.03000 0.83950
v 4.50000 13.53000 -3.49050
v 4.50000 10.16000 0.33950
v 4.50000 12.66000 -3.99050
v 9.00000 12.91000 -4.43050
v 9.00000 9.91000 0.76950
v 9.00000 8.58000 -6.93050
v 9.00000 5.58000 -1.73050
v 4.00000 9.91000 0.76950
v 4.00000 12.91000 -4.43050
v 4.00000 5.58000 -1.73050
v 4.00000 8.58000 -6.93050
v 7.00000 1.00000 -7.37050
v 7.00000 1.00000 -6.37050
v 7.00000 0.00000 -7.37050
v 7.00000 0.00000 -6.37050
v 6.00000 1.00000 -6.37050
v 6.00000 1.00000 -7.37050
v 6.00000 0.00000 -6.37050
v 6.00000 0.00000 -7.37050
v 5.50000 1.00000 -7.37050
v 5.50000 1.00000 -6.37050
v 5.50000 0.00000 -7.37050
v 5.50000 0.00000 -6.37050
v 4.50000 1.00000 -6.37050
v 4.50000 1.00000 -7.37050
v 4.50000 0.00000 -6.37050
v 4.50000 0.00000 -7.37050
v 8.50000 1.00000 -7.37050
v 8.50000 1.00000 -6.37050
v 8.50000 0.00000 -7.37050
v 8.50000 0.00000 -6.37050
v 7.50000 1.00000 -6.37050
v 7.50000 1.00000 -7.37050
v 7.50000 0.00000 -6.37050
v 7.50000 0.00000 -7.37050
v 8.50000 1.00000 -2.37050
v 8.50000 0.00000 -2.37050
v 4.50000 1.00000 -2.37050
v 4.50000 0.00000 -2.37050
v 8.00000 1.00000 -2.37050
v 8.00000 1.00000 -0.37050
v 8.00000 0.00000 -2.37050
v 8.00000 0.00000 -0.37050
v 5.00000 1.00000 -0.37050
v 5.00000 1.00000 -2.37050
v 5.00000 0.00000 -0.37050
v 5.00000 0.00000 -2.37050
v 8.00000 2.00000 -5.37050
v 8.00000 2.00000 -1.37050
v 8.00000 1.00000 -5.37050
v 8.00000 1.00000 -1.37050
v 5.00000 2.00000 -1.37050
v 5.00000 2.00000 -5.37050
v 5.00000 1.00000 -1.37050
v 5.00000 1.00000 -5.37050
v -5.37760 17.71000 -4.42050
v -6.05000 15.67000 -2.32050
v -5.70110 15.98000 -6.20050
v -6.37350 13.95000 -4.10050
v -7.98190 16.17000 -2.45050
v -7.30950 18.21000 -4.55050
v -8.30540 14.45000 -4.23050
v -7.63290 16.48000 -6.33050
v -4.78500 19.09000 -4.08050
v -5.17310 18.36000 -1.19050
v -5.45740 16.28000 -4.88050
v -5.84550 15.55000 -1.99050
v -7.58790 18.99000 -1.36050
v -7.19980 19.71000 -4.25050
v -8.26040 16.18000 -2.16050
v -7.87220 16.90000 -5.04050
v -7.29670 15.32000 -8.07050
v -7.52080 14.64000 -7.37050
v -7.42610 14.62000 -8.78050
v -7.65020 13.95000 -8.08050
v -8.48680 14.89000 -7.44050
v -8.26260 15.57000 -8.14050
v -8.61610 14.20000 -8.15050
v -8.39200 14.87000 -8.85050
v -7.53300 14.96000 -8.49050
v -7.75710 14.28000 -7.79050
v -7.16220 14.24000 -9.07050
v -7.38630 13.56000 -8.37050
v -8.65840 14.15000 -8.21050
v -8.43430 14.83000 -8.90050
v -8.28750 13.43000 -8.79050
v -8.06340 14.11000 -9.49050
v -7.63290 14.30000 -7.02050
v -7.85700 13.62000 -6.32050
v -7.76230 13.61000 -7.73050
v -7.98640 12.93000 -7.03050
v -8.82290 13.87000 -6.39050
v -8.59880 14.55000 -7.09050
v -8.95230 13.18000 -7.10050
v -8.72820 13.86000 -7.80050
v -7.86920 13.94000 -7.44050
v -8.09330 13.26000 -6.74050
v -7.49840 13.22000 -8.02050
v -7.72250 12.54000 -7.33050
v -8.99460 13.13000 -7.16050
v -8.77050 13.81000 -7.86050
v -8.62370 12.41000 -7.74050
v -8.39960 13.09000 -8.44050
v -5.10610 16.20000 -6.51050
v -6.00270 13.48000 -3.71050
v -5.36490 14.82000 -7.94050
v -6.26150 12.10000 -5.14050
v -8.90050 14.23000 -3.92050
v -8.00390 16.95000 -6.71050
v -9.15920 12.85000 -5.34050
v -8.26270 15.57000 -8.14050
v -5.36460 14.82000 -7.94050
v -5.58870 14.14000 -7.24050
v -5.49390 14.12000 -8.65050
v -5.71810 13.45000 -7.95050
v -6.55460 14.39000 -7.30050
v -6.33050 15.07000 -8.00050
v -6.68400 13.70000 -8.01050
v -6.45990 14.37000 -8.71050
v -8.20540 12.92000 -6.39050
v -8.42950 12.25000 -5.69050
v -7.83450 12.20000 -6.98050
v -8.05860 11.52000 -6.28050
v -9.33070 12.12000 -6.11050
v -9.10660 12.79000 -6.81050
v -8.95990 11.39000 -6.69050
v -8.73580 12.07000 -7.39050
v -7.96910 13.28000 -5.97050
v -8.19320 12.60000 -5.27050
v -8.09840 12.59000 -6.68050
v -8.32260 11.91000 -5.98050
v -9.15910 12.85000 -5.34050
v -8.93500 13.53000 -6.04050
v -9.28850 12.16000 -6.05050
v -9.06440 12.84000 -6.75050
v -7.44330 14.03000 -9.00050
v -7.55540 13.70000 -8.65050
v -7.25790 13.67000 -9.29050
v -7.37000 13.33000 -8.94050
v -8.00600 13.63000 -8.86050
v -7.89400 13.97000 -9.21050
v -7.82060 13.27000 -9.15050
v -7.70850 13.61000 -9.50050
v -5.79160 14.02000 -8.49050
v -5.90370 13.68000 -8.14050
v -5.85630 13.67000 -8.84050
v -5.96840 13.33000 -8.50050
v -6.38660 13.80000 -8.17050
v -6.27460 14.14000 -8.52050
v -6.45130 13.46000 -8.53050
v -6.33930 13.80000 -8.88050
v -8.11590 12.00000 -6.90050
v -8.22800 11.66000 -6.55050
v -7.93050 11.64000 -7.19050
v -8.04260 11.30000 -6.84050
v -8.67860 11.59000 -6.76050
v -8.56660 11.93000 -7.11050
v -8.49320 11.23000 -7.05050
v -8.38110 11.57000 -7.40050
v -7.77980 13.02000 -7.95050
v -7.89180 12.68000 -7.60050
v -7.59430 12.66000 -8.24050
v -7.70640 12.32000 -7.89050
v -8.34240 12.61000 -7.81050
v -8.23040 12.95000 -8.16050
v -8.15700 12.25000 -8.10050
v -8.04500 12.59000 -8.45050
v -8.22810 16.27000 -6.01050
v -8.67640 14.91000 -4.62050
v -8.35750 15.58000 -6.73050
v -8.80570 14.22000 -5.33050
v -9.64230 15.16000 -4.68050
v -9.19400 16.52000 -6.08050
v -9.77170 14.47000 -5.39050
v -9.32340 15.83000 -6.79050
v -4.50000 13.53000 -3.49050
v -4.50000 11.03000 0.83950
v -4.50000 12.66000 -3.99050
v -4.50000 10.16000 0.33950
v -8.50000 11.03000 0.83950
v -8.50000 13.53000 -3.49050
v -8.50000 10.16000 0.33950
v -8.50000 12.66000 -3.99050
v -4.00000 12.91000 -4.43050
v -4.00000 9.91000 0.76950
v -4.00000 8.58000 -6.93050
v -4.00000 5.58000 -1.73050
v -9.00000 9.91000 0.76950
v -9.00000 12.91000 -4.43050
v -9.00000 5.58000 -1.73050
v -9.00000 8.58000 -6.93050
v -9.00000 9.88000 -6.17050
v -9.00000 8.38000 -3.58050
v -9.00000 9.01000 -6.67050
v -9.00000 7.51000 -4.08050
v -10.00000 8.38000 -3.58050
v -10.00000 9.88000 -6.17050
v -10.00000 7.51000 -4.08050
v -10.00000 9.01000 -6.67050
v -9.00000 11.61000 -5.18050
v -9.00000 11.11000 -4.31050
v -9.00000 10.74000 -5.68050
v -9.00000 10.24000 -4.81050
v -10.00000 11.11000 -4.31050
v -10.00000 11.61000 -5.18050
v -10.00000 10.24000 -4.81050
v -10.00000 10.74000 -5.68050
v -9.00000 9.74000 -3.94050
v -9.00000 9.88000 -6.18050
v -9.00000 8.88000 -4.44050
v -10.00000 9.74000 -3.94050
v -10.00000 8.88000 -4.44050
v -10.00000 9.88000 -6.18050
v 3.00000 18.78000 -7.99050
v 3.00000 18.78000 -6.99050
v 3.00000 11.78000 -7.99050
v 3.00000 11.78000 -6.99050
v -3.00000 18.78000 -6.99050
v -3.00000 18.78000 -7.99050
v -3.00000 11.78000 -6.99050
v -3.00000 11.78000 -7.99050
v 2.50000 21.78000 -7.99050
v 2.50000 21.78000 -6.99050
v 2.50000 18.78000 -7.99050
v 2.50000 18.78000 -6.99050
v -2.50000 21.78000 -6.99050
v -2.50000 21.78000 -7.99050
v -2.50000 18.78000 -6.99050
v -2.50000 18.78000 -7.99050
v 2.50000 18.78000 -8.99050
v 2.50000 17.78000 -8.99050
v 2.50000 17.78000 -7.99050
v -2.50000 18.78000 -8.99050
v -2.50000 17.78000 -7.99050
v -2.50000 17.78000 -8.99050
v 2.50000 12.78000 -8.99050
v 2.50000 12.78000 -7.99050
v 2.50000 11.78000 -8.99050
v 2.50000 11.78000 -7.99050
v -2.50000 12.78000 -7.99050
v -2.50000 12.78000 -8.99050
v -2.50000 11.78000 -7.99050
v -2.50000 11.78000 -8.99050
v 2.50000 15.78000 -8.99050
v 2.50000 15.78000 -7.99050
v 2.50000 14.78000 -8.99050
v 2.50000 14.78000 -7.99050
v -2.50000 15.78000 -7.99050
v -2.50000 15.78000 -8.99050
v -2.50000 14.78000 -7.99050
v -2.50000 14.78000 -8.99050
v -3.00000 12.78000 4.00950
v -3.00000 12.78000 5.00950
v -3.00000 11.78000 4.00950
v -3.00000 11.78000 5.00950
v -4.00000 12.78000 5.00950
v -4.00000 12.78000 4.00950
v -4.00000 11.78000 5.00950
v -4.00000 11.78000 4.00950
v 1.50000 24.33000 -0.50050
v 1.50000 24.59000 0.46950
v 1.50000 21.44000 0.27950
v 1.50000 21.70000 1.23950
v 0.50000 24.59000 0.46950
v 0.50000 24.33000 -0.50050
v 0.50000 21.70000 1.23950
v 0.50000 21.44000 0.27950
v -3.00000 18.78000 4.00950
v -3.00000 18.78000 5.00950
v -3.00000 17.78000 4.00950
v -3.00000 17.78000 5.00950
v -4.00000 18.78000 5.00950
v -4.00000 18.78000 4.00950
v -4.00000 17.78000 5.00950
v -4.00000 17.78000 4.00950
v -0.50000 23.63000 0.72950
v -0.50000 23.89000 1.68950
v -0.50000 22.66000 0.98950
v -0.50000 22.92000 1.94950
v -1.50000 23.89000 1.68950
v -1.50000 23.63000 0.72950
v -1.50000 22.92000 1.94950
v -1.50000 22.66000 0.98950
v 4.00000 12.78000 4.00950
v 4.00000 12.78000 5.00950
v 4.00000 11.78000 4.00950
v 4.00000 11.78000 5.00950
v 3.00000 12.78000 5.00950
v 3.00000 12.78000 4.00950
v 3.00000 11.78000 5.00950
v 3.00000 11.78000 4.00950
v -1.50000 20.78000 2.00950
v -1.50000 20.78000 3.00950
v -1.50000 19.78000 2.00950
v -1.50000 19.78000 3.00950
v -2.50000 20.78000 3.00950
v -2.50000 20.78000 2.00950
v -2.50000 19.78000 3.00950
v -2.50000 19.78000 2.00950
v 4.00000 15.78000 5.00950
v 4.00000 15.78000 6.00950
v 4.00000 14.78000 5.00950
v 4.00000 14.78000 6.00950
v 3.00000 15.78000 6.00950
v 3.00000 15.78000 5.00950
v 3.00000 14.78000 6.00950
v 3.00000 14.78000 5.00950
v -1.50000 21.78000 1.00950
v -1.50000 21.78000 2.00950
v -1.50000 18.78000 1.00950
v -1.50000 18.78000 2.00950
v -2.50000 21.78000 2.00950
v -2.50000 21.78000 1.00950
v -2.50000 18.78000 2.00950
v -2.50000 18.78000 1.00950
v 4.00000 18.78000 4.00950
v 4.00000 18.78000 5.00950
v 4.00000 17.78000 4.00950
v 4.00000 17.78000 5.00950
v 3.00000 18.78000 5.00950
v 3.00000 18.78000 4.00950
v 3.00000 17.78000 5.00950
v 3.00000 17.78000 4.00950
v 4.00000 16.78000 4.00950
v 4.00000 16.78000 5.00950
v 4.00000 13.78000 4.00950
v 4.00000 13.78000 5.00950
v 3.00000 16.78000 5.00950
v 3.00000 16.78000 4.00950
v 3.00000 13.78000 5.00950
v 3.00000 13.78000 4.00950
v 4.00000 18.78000 3.00950
v 4.00000 11.78000 3.00950
v 3.00000 18.78000 3.00950
v 3.00000 11.78000 3.00950
v 4.50000 18.78000 2.00950
v 4.50000 18.78000 3.00950
v 4.50000 11.78000 2.00950
v 4.50000 11.78000 3.00950
v 2.50000 18.78000 3.00950
v 2.50000 18.78000 2.00950
v 2.50000 11.78000 3.00950
v 2.50000 11.78000 2.00950
v -0.50000 24.33000 -0.50050
v -0.50000 24.59000 0.46950
v -0.50000 21.44000 0.27950
v -0.50000 21.70000 1.23950
v -1.50000 24.59000 0.46950
v -1.50000 24.33000 -0.50050
v -1.50000 21.70000 1.23950
v -1.50000 21.44000 0.27950
v 2.50000 20.78000 2.00950
v 2.50000 20.78000 3.00950
v 2.50000 19.78000 2.00950
v 2.50000 19.78000 3.00950
v 1.50000 20.78000 3.00950
v 1.50000 20.78000 2.00950
v 1.50000 19.78000 3.00950
v 1.50000 19.78000 2.00950
v 2.50000 21.78000 1.00950
v 2.50000 21.78000 2.00950
v 2.50000 18.78000 1.00950
v 1.50000 21.78000 2.00950
v 1.50000 21.78000 1.00950
v 1.50000 18.78000 2.00950
v 1.50000 18.78000 1.00950
v -3.00000 18.78000 3.00950
v -3.00000 11.78000 3.00950
v -4.00000 18.78000 3.00950
v -4.00000 11.78000 3.00950
v -3.00000 15.78000 5.00950
v -3.00000 15.78000 6.00950
v -3.00000 14.78000 5.00950
v -3.00000 14.78000 6.00950
v -4.00000 15.78000 6.00950
v -4.00000 15.78000 5.00950
v -4.00000 14.78000 6.00950
v -4.00000 14.78000 5.00950
v -2.50000 18.78000 3.00950
v -2.50000 11.78000 2.00950
v -2.50000 11.78000 3.00950
v -4.50000 18.78000 3.00950
v -4.50000 18.78000 2.00950
v -4.50000 11.78000 3.00950
v -4.50000 11.78000 2.00950
v 1.50000 23.63000 0.72950
v 1.50000 23.89000 1.68950
v 1.50000 22.66000 0.98950
v 1.50000 22.92000 1.94950
v 0.50000 23.89000 1.68950
v 0.50000 23.63000 0.72950
v 0.50000 22.92000 1.94950
v 0.50000 22.66000 0.98950
v -3.00000 16.78000 4.00950
v -3.00000 16.78000 5.00950
v -3.00000 13.78000 4.00950
v -3.00000 13.78000 5.00950
v -4.00000 16.78000 5.00950
v -4.00000 16.78000 4.00950
v -4.00000 13.78000 5.00950
v -4.00000 13.78000 4.00950
v 3.50000 23.01000 -7.39050
v 3.50000 24.82000 -0.63050
v 3.50000 19.14000 -6.35050
v 3.50000 20.95000 0.40950
v -3.50000 24.82000 -0.63050
v -3.50000 23.01000 -7.39050
v -3.50000 20.95000 0.40950
v -3.50000 19.14000 -6.35050
v 4.00000 21.78000 -6.99050
v 4.00000 21.78000 1.00950
v 4.00000 18.78000 -6.99050
v 4.00000 18.78000 1.00950
v -4.00000 21.78000 1.00950
v -4.00000 21.78000 -6.99050
v -4.00000 18.78000 1.00950
v -4.00000 18.78000 -6.99050
v 4.50000 18.78000 -6.99050
v 4.50000 11.78000 -6.99050
v -4.50000 18.78000 -6.99050
v -4.50000 11.78000 -6.99050
v 4.50000 18.78000 -7.99050
v 4.50000 11.78000 -7.99050
v 3.50000 18.78000 -6.99050
v 3.50000 18.78000 -7.99050
v 3.50000 11.78000 -6.99050
v 3.50000 11.78000 -7.99050
v -3.50000 18.78000 -7.99050
v -3.50000 18.78000 -6.99050
v -3.50000 11.78000 -7.99050
v -3.50000 11.78000 -6.99050
v -4.50000 18.78000 -7.99050
v -4.50000 11.78000 -7.99050
v 2.50000 11.41000 1.56950
v 2.50000 11.67000 2.53950
v 2.50000 8.51000 2.34950
v 2.50000 8.77000 3.30950
v 1.50000 11.67000 2.53950
v 1.50000 11.41000 1.56950
v 1.50000 8.77000 3.30950
v 1.50000 8.51000 2.34950
v -1.50000 11.93000 3.49950
v -1.50000 12.19000 4.46950
v -1.50000 10.96000 3.75950
v -1.50000 11.22000 4.72950
v -2.50000 12.19000 4.46950
v -2.50000 11.93000 3.49950
v -2.50000 11.22000 4.72950
v -2.50000 10.96000 3.75950
v 2.50000 11.93000 3.49950
v 2.50000 9.74000 3.05950
v 2.50000 10.00000 4.01950
v 1.50000 11.93000 3.49950
v 1.50000 10.00000 4.01950
v 1.50000 9.74000 3.05950
v -1.50000 11.67000 2.53950
v -1.50000 9.74000 3.05950
v -1.50000 10.00000 4.01950
v -2.50000 11.67000 2.53950
v -2.50000 10.00000 4.01950
v -2.50000 9.74000 3.05950
v 2.50000 12.19000 4.46950
v 2.50000 10.96000 3.75950
v 2.50000 11.22000 4.72950
v 1.50000 12.19000 4.46950
v 1.50000 11.22000 4.72950
v 1.50000 10.96000 3.75950
v -1.50000 11.41000 1.56950
v -1.50000 8.51000 2.34950
v -1.50000 8.77000 3.30950
v -2.50000 11.41000 1.56950
v -2.50000 8.77000 3.30950
v -2.50000 8.51000 2.34950
v 4.00000 12.24000 -6.93050
v 4.00000 14.31000 0.79950
v 4.00000 5.48000 -5.12050
v 4.00000 7.55000 2.60950
v -4.00000 14.31000 0.79950
v -4.00000 12.24000 -6.93050
v -4.00000 7.55000 2.60950
v -4.00000 5.48000 -5.12050
v 3.00000 11.50000 -7.77050
v 3.00000 11.75000 -6.80050
v 3.00000 5.70000 -6.21050
v 3.00000 5.96000 -5.25050
v -3.00000 11.75000 -6.80050
v -3.00000 11.50000 -7.77050
v -3.00000 5.96000 -5.25050
v -3.00000 5.70000 -6.21050
v -7.57860 21.45000 -3.50050
v -7.57870 21.97000 -1.57050
v -7.83740 20.52000 -3.25050
v -7.83750 21.03000 -1.32050
v -8.54460 22.22000 -1.64050
v -8.54460 21.70000 -3.57050
v -8.80340 21.28000 -1.39050
v -8.80340 20.77000 -3.32050
v -7.31990 22.64000 -2.78050
v -7.31990 22.90000 -1.82050
v -7.57870 21.71000 -2.53050
v -8.28580 23.15000 -1.89050
v -8.28580 22.89000 -2.85050
v -8.54460 21.96000 -2.60050
v -4.45700 19.25000 -4.46050
v -4.45700 20.03000 -1.57050
v -4.97500 17.39000 -3.96050
v -4.97500 18.16000 -1.07050
v -7.35480 20.78000 -1.77050
v -7.35470 20.00000 -4.67050
v -7.87240 18.91000 -1.27050
v -7.87230 18.14000 -4.17050
v -3.90500 23.24000 -5.01050
v -3.90500 23.76000 -3.08050
v -4.16300 22.31000 -4.76050
v -4.16300 22.82000 -2.83050
v -5.83640 24.26000 -3.22050
v -5.83640 23.74000 -5.15050
v -6.09520 23.32000 -2.97050
v -6.09520 22.81000 -4.90050
v -3.19700 21.80000 -5.66050
v -3.19700 22.83000 -1.80050
v -3.97400 19.00000 -4.91050
v -3.97400 20.03000 -1.05050
v -7.06120 23.83000 -2.07050
v -7.06110 22.80000 -5.93050
v -7.83760 21.03000 -1.32050
v -7.83750 20.00000 -5.18050
v -7.50000 1.00000 -7.37050
v -7.50000 1.00000 -6.37050
v -7.50000 0.00000 -7.37050
v -7.50000 0.00000 -6.37050
v -8.50000 1.00000 -6.37050
v -8.50000 1.00000 -7.37050
v -8.50000 0.00000 -6.37050
v -8.50000 0.00000 -7.37050
v -6.00000 1.00000 -7.37050
v -6.00000 1.00000 -6.37050
v -6.00000 0.00000 -7.37050
v -6.00000 0.00000 -6.37050
v -7.00000 1.00000 -6.37050
v -7.00000 1.00000 -7.37050
v -7.00000 0.00000 -6.37050
v -7.00000 0.00000 -7.37050
v -4.50000 1.00000 -7.37050
v -4.50000 1.00000 -6.37050
v -4.50000 0.00000 -7.37050
v -4.50000 0.00000 -6.37050
v -5.50000 1.00000 -6.37050
v -5.50000 1.00000 -7.37050
v -5.50000 0.00000 -6.37050
v -5.50000 0.00000 -7.37050
v -5.00000 2.00000 -5.37050
v -5.00000 2.00000 -1.37050
v -5.00000 1.00000 -5.37050
v -5.00000 1.00000 -1.37050
v -8.00000 2.00000 -1.37050
v -8.00000 2.00000 -5.37050
v -8.00000 1.00000 -1.37050
v -8.00000 1.00000 -5.37050
v -5.00000 1.00000 -2.37050
v -5.00000 1.00000 -0.37050
v -5.00000 0.00000 -2.37050
v -5.00000 0.00000 -0.37050
v -8.00000 1.00000 -0.37050
v -8.00000 1.00000 -2.37050
v -8.00000 0.00000 -0.37050
v -8.00000 0.00000 -2.37050
v -4.50000 1.00000 -2.37050
v -4.50000 0.00000 -2.37050
v -8.50000 1.00000 -2.37050
v -8.50000 0.00000 -2.37050
v 7.06100 22.80000 -5.93050
v 7.06100 23.83000 -2.07050
v 7.83700 20.00000 -5.18050
v 7.83800 21.03000 -1.32050
v 3.19700 22.83000 -1.80050
v 3.19700 21.80000 -5.66050
v 3.97400 20.03000 -1.05050
v 3.97400 19.00000 -4.91050
v 7.35500 20.00000 -4.67050
v 7.35500 20.78000 -1.77050
v 7.87200 18.14000 -4.17050
v 7.87200 18.91000 -1.27050
v 4.45700 20.03000 -1.57050
v 4.45700 19.25000 -4.46050
v 4.97500 18.16000 -1.07050
v 4.97500 17.39000 -3.96050
v 5.83600 23.74000 -5.15050
v 5.83600 24.26000 -3.22050
v 6.09500 22.81000 -4.90050
v 6.09500 23.32000 -2.97050
v 3.90500 23.76000 -3.08050
v 3.90500 23.24000 -5.01050
v 4.16300 22.82000 -2.83050
v 4.16300 22.31000 -4.76050
v 8.54500 21.70000 -3.57050
v 8.54500 22.22000 -1.64050
v 8.80300 20.77000 -3.32050
v 8.80300 21.28000 -1.39050
v 7.57900 21.97000 -1.57050
v 7.57900 21.45000 -3.50050
v 7.83700 20.52000 -3.25050
v 8.28600 22.89000 -2.85050
v 8.28600 23.15000 -1.89050
v 8.54500 21.96000 -2.60050
v 7.32000 22.90000 -1.82050
v 7.32000 22.64000 -2.78050
v 7.57900 21.71000 -2.53050
v 8.26300 15.57000 -8.14050
v 8.48700 14.89000 -7.44050
v 8.39200 14.87000 -8.85050
v 8.61600 14.20000 -8.15050
v 7.52100 14.64000 -7.37050
v 7.29700 15.32000 -8.07050
v 7.65000 13.95000 -8.08050
v 7.42600 14.62000 -8.78050
v 6.33100 15.07000 -8.00050
v 6.55500 14.39000 -7.30050
v 6.46000 14.37000 -8.71050
v 6.68400 13.70000 -8.01050
v 5.58900 14.14000 -7.24050
v 5.36500 14.82000 -7.94050
v 5.71800 13.45000 -7.95050
v 5.49400 14.12000 -8.65050
v 8.59900 14.55000 -7.09050
v 8.82300 13.87000 -6.39050
v 8.72800 13.86000 -7.80050
v 8.95200 13.18000 -7.10050
v 7.85700 13.62000 -6.32050
v 7.63300 14.30000 -7.02050
v 7.98600 12.93000 -7.03050
v 7.76200 13.61000 -7.73050
v 8.43400 14.83000 -8.90050
v 8.65800 14.15000 -8.21050
v 8.06300 14.11000 -9.49050
v 8.28800 13.43000 -8.79050
v 7.75700 14.28000 -7.79050
v 7.53300 14.96000 -8.49050
v 7.38600 13.56000 -8.37050
v 7.16200 14.24000 -9.07050
v 8.00400 16.95000 -6.71050
v 8.90000 14.23000 -3.92050
v 9.15900 12.85000 -5.34050
v 6.00300 13.48000 -3.71050
v 5.10600 16.20000 -6.51050
v 6.26100 12.10000 -5.14050
v 8.77000 13.81000 -7.85050
v 8.99500 13.13000 -7.16050
v 8.40000 13.09000 -8.44050
v 8.62400 12.41000 -7.74050
v 8.09300 13.26000 -6.74050
v 7.86900 13.94000 -7.44050
v 7.72200 12.54000 -7.32050
v 7.49800 13.22000 -8.02050
v 8.93500 13.53000 -6.04050
v 9.06400 12.84000 -6.75050
v 9.28900 12.16000 -6.05050
v 8.19300 12.60000 -5.27050
v 7.96900 13.28000 -5.97050
v 8.32300 11.91000 -5.98050
v 8.09800 12.59000 -6.68050
v 9.10700 12.79000 -6.81050
v 9.33100 12.12000 -6.11050
v 8.73600 12.07000 -7.39050
v 8.96000 11.39000 -6.69050
v 8.43000 12.24000 -5.69050
v 8.20500 12.92000 -6.39050
v 8.05900 11.52000 -6.28050
v 7.83500 12.20000 -6.97050
v 6.27500 14.14000 -8.52050
v 6.38700 13.80000 -8.17050
v 6.34000 13.80000 -8.88050
v 6.45200 13.46000 -8.53050
v 5.90400 13.68000 -8.14050
v 5.79200 14.02000 -8.49050
v 5.96900 13.33000 -8.50050
v 5.85700 13.67000 -8.84050
v 8.56700 11.93000 -7.11050
v 8.67900 11.59000 -6.76050
v 8.38100 11.57000 -7.40050
v 8.49300 11.23000 -7.05050
v 8.22800 11.66000 -6.55050
v 8.11600 12.00000 -6.90050
v 8.04300 11.30000 -6.85050
v 7.93100 11.64000 -7.19050
v 7.89400 13.97000 -9.21050
v 8.00600 13.63000 -8.86050
v 7.70900 13.61000 -9.50050
v 7.82100 13.27000 -9.15050
v 7.55500 13.70000 -8.65050
v 7.44300 14.03000 -9.00050
v 7.37000 13.33000 -8.94050
v 7.25800 13.67000 -9.29050
v 8.23000 12.95000 -8.16050
v 8.34200 12.61000 -7.81050
v 8.04500 12.59000 -8.45050
v 8.15700 12.25000 -8.10050
v 7.89200 12.68000 -7.60050
v 7.78000 13.02000 -7.95050
v 7.70600 12.32000 -7.89050
v 7.59400 12.66000 -8.24050
v 9.19400 16.52000 -6.08050
v 9.64200 15.16000 -4.68050
v 9.32300 15.83000 -6.79050
v 9.77200 14.47000 -5.39050
v 8.67600 14.91000 -4.61050
v 8.22800 16.27000 -6.01050
v 8.80600 14.22000 -5.33050
v 8.35700 15.58000 -6.73050
v 7.20000 19.72000 -4.25050
v 7.58800 18.99000 -1.36050
v 7.87200 16.90000 -5.04050
v 8.26000 16.18000 -2.16050
v 5.17300 18.36000 -1.19050
v 4.78500 19.09000 -4.08050
v 5.84500 15.55000 -1.99050
v 5.45700 16.28000 -4.88050
v 7.30900 18.21000 -4.55050
v 7.98200 16.17000 -2.45050
v 7.63300 16.48000 -6.33050
v 8.30500 14.45000 -4.23050
v 6.05000 15.67000 -2.32050
v 5.37800 17.71000 -4.42050
v 6.37300 13.95000 -4.10050
v 5.70100 15.98000 -6.20050
vt 4.25000 -5.00000
vt 3.75000 -5.00000
vt 4.25000 -5.50000
vt 3.75000 -5.50000
vt 5.37500 0.25000
vt 5.00000 0.25000
vt 5.37500 -0.25000
vt 5.00000 -0.25000
vt 5.37500 -0.12500
vt 5.00000 -0.12500
vt 1.62500 -0.75000
vt 1.00000 -0.75000
vt 1.62500 -0.87500
vt 1.00000 -0.87500
vt 1.37500 -0.75000
vt 1.37500 -1.37500
vt 1.00000 -1.37500
vt 1.37500 -0.87500
vt 5.62500 -6.50000
vt 5.00000 -6.50000
vt 5.62500 -6.62500
vt 5.00000 -6.62500
vt 5.06250 -6.50000
vt 5.06250 -7.12500
vt 5.00000 -7.12500
vt 5.06250 -6.62500
vt 7.62500 -6.25000
vt 7.50000 -6.25000
vt 7.62500 -6.37500
vt 7.50000 -6.37500
vt 7.75000 -6.25000
vt 7.75000 -6.37500
vt 2.81250 -3.75000
vt 2.75000 -3.75000
vt 2.81250 -3.87500
vt 2.75000 -3.87500
vt 3.12500 -3.75000
vt 3.12500 -3.81250
vt 2.75000 -3.81250
vt 3.12500 -3.87500
vt 4.62500 -2.75000
vt 4.00000 -2.75000
vt 4.62500 -2.87500
vt 4.00000 -2.87500
vt 4.06250 -2.75000
vt 4.06250 -3.37500
vt 4.00000 -3.37500
vt 4.06250 -2.87500
vt 6.87500 -5.50000
vt 6.25000 -5.50000
vt 6.87500 -5.56250
vt 6.25000 -5.56250
vt 6.62500 -5.50000
vt 6.62500 -6.12500
vt 6.25000 -6.12500
vt 6.62500 -5.56250
vt 3.87500 0.00000
vt 3.75000 0.00000
vt 3.87500 -0.06250
vt 3.75000 -0.06250
vt 4.00000 0.00000
vt 4.00000 -0.12500
vt 3.75000 -0.12500
vt 4.00000 -0.06250
vt 6.56250 0.25000
vt 6.50000 0.25000
vt 6.56250 0.18750
vt 6.50000 0.18750
vt 3.81250 -3.50000
vt 3.75000 -3.50000
vt 3.81250 -3.56250
vt 3.75000 -3.56250
vt 5.56250 0.50000
vt 5.50000 0.50000
vt 5.56250 0.43750
vt 5.50000 0.43750
vt 7.81250 1.00000
vt 7.75000 1.00000
vt 7.81250 0.93750
vt 7.75000 0.93750
vt 4.06250 -3.00000
vt 4.00000 -3.00000
vt 4.06250 -3.06250
vt 4.00000 -3.06250
vt 0.81250 -1.00000
vt 0.75000 -1.00000
vt 0.81250 -1.06250
vt 0.75000 -1.06250
vt 5.81250 -4.25000
vt 5.75000 -4.25000
vt 5.81250 -4.31250
vt 5.75000 -4.31250
vt 6.56250 -3.00000
vt 6.50000 -3.00000
vt 6.56250 -3.06250
vt 6.50000 -3.06250
vt 0.87500 1.00000
vt 0.50000 1.00000
vt 0.87500 0.50000
vt 0.50000 0.50000
vt 0.87500 0.62500
vt 0.50000 0.62500
vt 2.00000 -1.25000
vt 1.50000 -1.25000
vt 2.00000 -1.75000
vt 1.50000 -1.75000
vt 3.62500 -1.00000
vt 3.00000 -1.00000
vt 3.62500 -1.62500
vt 3.00000 -1.62500
vt 1.00000 -1.25000
vt 0.75000 -1.25000
vt 0.75000 -1.37500
vt 0.93750 -1.25000
vt 0.93750 -1.50000
vt 0.75000 -1.50000
vt 0.93750 -1.37500
vt 0.62500 -6.75000
vt 0.50000 -6.75000
vt 0.62500 -6.87500
vt 0.50000 -6.87500
vt 0.75000 -6.75000
vt 0.75000 -6.87500
vt 6.37500 0.00000
vt 5.75000 0.00000
vt 6.37500 -0.50000
vt 5.75000 -0.50000
vt 6.37500 -0.62500
vt 5.75000 -0.62500
vt 6.87500 -4.00000
vt 6.75000 -4.00000
vt 6.87500 -4.12500
vt 6.75000 -4.12500
vt 7.00000 -4.00000
vt 7.00000 -4.12500
vt 5.62500 -1.25000
vt 5.25000 -1.25000
vt 5.62500 -1.62500
vt 5.25000 -1.62500
vt 5.75000 -1.25000
vt 5.75000 -1.62500
vt 1.37500 -3.75000
vt 1.00000 -3.75000
vt 1.37500 -4.00000
vt 1.00000 -4.00000
vt 1.62500 -3.75000
vt 1.62500 -4.12500
vt 1.00000 -4.12500
vt 1.62500 -4.00000
vt 7.25000 -1.25000
vt 7.00000 -1.25000
vt 7.25000 -1.50000
vt 7.00000 -1.50000
vt 8.12500 -1.25000
vt 8.12500 -1.50000
vt 5.00000 -5.00000
vt 4.75000 -5.00000
vt 5.00000 -5.25000
vt 4.75000 -5.25000
vt 2.50000 -4.50000
vt 2.75000 -4.68750
vt 2.50000 -4.68750
vt 2.75000 -4.50000
vt 2.75000 -4.75000
vt 2.50000 -4.75000
vt 2.75000 -4.81250
vt 2.50000 -4.81250
vt 8.00000 -0.25000
vt 7.50000 -0.25000
vt 8.00000 -0.75000
vt 7.50000 -0.75000
vt 8.37500 -0.25000
vt 8.37500 -0.75000
vt 5.50000 -6.75000
vt 5.00000 -6.75000
vt 5.50000 -6.81250
vt 5.00000 -6.81250
vt 5.25000 -6.75000
vt 5.25000 -7.25000
vt 5.00000 -7.25000
vt 5.25000 -6.81250
vt 2.75000 0.25000
vt 3.00000 0.06250
vt 2.75000 0.06250
vt 3.00000 0.25000
vt 3.00000 0.00000
vt 2.75000 0.00000
vt 3.00000 -0.06250
vt 2.75000 -0.06250
vt 6.25000 0.75000
vt 5.75000 0.75000
vt 6.25000 0.62500
vt 5.75000 0.62500
vt 6.25000 0.25000
vt 5.75000 0.25000
vt 7.06250 -0.75000
vt 7.00000 -0.75000
vt 7.06250 -0.81250
vt 7.00000 -0.81250
vt 0.81250 0.75000
vt 0.75000 0.75000
vt 0.81250 0.68750
vt 0.75000 0.68750
vt 7.31250 -5.50000
vt 7.25000 -5.50000
vt 7.31250 -5.56250
vt 7.25000 -5.56250
vt 3.31250 -1.25000
vt 3.25000 -1.25000
vt 3.31250 -1.31250
vt 3.25000 -1.31250
vt 3.31250 -1.75000
vt 3.25000 -1.75000
vt 3.31250 -1.81250
vt 3.25000 -1.81250
vt 2.81250 -1.50000
vt 2.75000 -1.50000
vt 2.81250 -1.56250
vt 2.75000 -1.56250
vt 1.56250 -3.75000
vt 1.50000 -3.75000
vt 1.56250 -3.81250
vt 1.50000 -3.81250
vt 0.06250 -4.00000
vt 0.00000 -4.00000
vt 0.06250 -4.06250
vt 0.00000 -4.06250
vt 2.87500 0.25000
vt 2.87500 0.18750
vt 2.75000 0.18750
vt 2.87500 0.12500
vt 2.75000 0.12500
vt 1.43750 -0.75000
vt 1.43750 -0.81250
vt 1.00000 -0.81250
vt 1.37500 -1.18750
vt 1.00000 -1.18750
vt 1.37500 -0.81250
vt 7.06250 -0.87500
vt 7.00000 -0.87500
vt 7.12500 -0.75000
vt 7.12500 -0.81250
vt 7.12500 -0.87500
vt 4.56250 -4.50000
vt 4.50000 -4.50000
vt 4.56250 -4.62500
vt 4.50000 -4.62500
vt 4.62500 -4.50000
vt 4.62500 -4.56250
vt 4.50000 -4.56250
vt 4.62500 -4.62500
vt 4.87500 0.75000
vt 4.75000 0.75000
vt 4.87500 0.37500
vt 4.75000 0.37500
vt 4.87500 0.62500
vt 4.75000 0.62500
vt 0.12500 -4.75000
vt 0.00000 -4.75000
vt 0.12500 -4.87500
vt 0.00000 -4.87500
vt 3.12500 -2.00000
vt 3.00000 -2.00000
vt 3.12500 -2.25000
vt 3.00000 -2.25000
vt 3.12500 -2.12500
vt 3.00000 -2.12500
vt 3.62500 -4.25000
vt 3.50000 -4.25000
vt 3.62500 -4.50000
vt 3.50000 -4.50000
vt 3.87500 -4.25000
vt 3.87500 -4.37500
vt 3.50000 -4.37500
vt 3.87500 -4.50000
vt 7.37500 -0.25000
vt 7.25000 -0.25000
vt 7.37500 -0.37500
vt 7.25000 -0.37500
vt 0.87500 -1.00000
vt 0.87500 -1.12500
vt 0.75000 -1.12500
vt 1.12500 -5.50000
vt 1.00000 -5.50000
vt 1.12500 -5.62500
vt 1.00000 -5.62500
vt 0.37500 0.25000
vt 0.25000 0.25000
vt 0.37500 -0.12500
vt 0.25000 -0.12500
vt 0.37500 0.12500
vt 0.25000 0.12500
vt 0.62500 -3.50000
vt 0.50000 -3.50000
vt 0.62500 -3.75000
vt 0.50000 -3.75000
vt 0.62500 -3.62500
vt 0.50000 -3.62500
vt 6.12500 -4.50000
vt 6.00000 -4.50000
vt 6.12500 -4.87500
vt 6.00000 -4.87500
vt 6.12500 -4.62500
vt 6.00000 -4.62500
vt 0.62500 -0.75000
vt 0.50000 -0.75000
vt 0.62500 -1.00000
vt 0.50000 -1.00000
vt 0.62500 -0.87500
vt 0.50000 -0.87500
vt 2.12500 -0.75000
vt 2.00000 -0.75000
vt 2.12500 -0.87500
vt 2.00000 -0.87500
vt 7.37500 -5.75000
vt 7.25000 -5.75000
vt 7.37500 -6.00000
vt 7.25000 -6.00000
vt 7.37500 -5.87500
vt 7.25000 -5.87500
vt 4.12500 -0.75000
vt 4.00000 -0.75000
vt 4.12500 -0.87500
vt 4.00000 -0.87500
vt 4.12500 0.00000
vt 4.12500 -0.25000
vt 4.00000 -0.25000
vt 4.12500 -0.12500
vt 5.12500 0.75000
vt 5.00000 0.75000
vt 5.12500 0.50000
vt 5.00000 0.50000
vt 5.12500 0.62500
vt 5.00000 0.62500
vt 7.62500 -4.50000
vt 7.25000 -4.50000
vt 7.62500 -5.00000
vt 7.25000 -5.00000
vt 7.62500 -4.87500
vt 7.25000 -4.87500
vt 5.00000 -3.25000
vt 4.75000 -3.25000
vt 5.00000 -3.62500
vt 4.75000 -3.62500
vt 5.00000 -3.50000
vt 4.75000 -3.50000
vt 5.12500 -4.50000
vt 5.12500 -5.00000
vt 4.50000 -5.00000
vt 5.12500 -5.12500
vt 4.50000 -5.12500
vt 5.50000 -4.75000
vt 5.00000 -4.75000
vt 5.50000 -5.25000
vt 7.12500 -4.75000
vt 6.50000 -4.75000
vt 7.12500 -5.37500
vt 6.50000 -5.37500
vt 7.25000 -4.75000
vt 7.25000 -5.37500
vt 7.87500 -4.00000
vt 7.75000 -4.00000
vt 7.87500 -4.62500
vt 7.75000 -4.62500
vt 8.37500 -4.00000
vt 8.37500 -4.12500
vt 7.75000 -4.12500
vt 8.37500 -4.62500
vt 3.12500 -2.50000
vt 3.00000 -2.50000
vt 3.12500 -2.62500
vt 3.00000 -2.62500
vt 1.12500 -1.25000
vt 1.12500 -1.37500
vt 0.87500 -1.25000
vt 0.87500 -1.62500
vt 0.75000 -1.62500
vt 0.87500 -1.37500
vt 8.00000 -1.75000
vt 7.75000 -1.75000
vt 8.00000 -1.87500
vt 7.75000 -1.87500
vt 7.87500 -1.75000
vt 7.87500 -2.00000
vt 7.75000 -2.00000
vt 7.87500 -1.87500
vt 7.62500 -6.00000
vt 7.00000 -6.00000
vt 7.62500 -6.12500
vt 7.00000 -6.12500
vt 7.50000 -6.00000
vt 7.50000 -6.62500
vt 7.00000 -6.62500
vt 7.50000 -6.12500
vt 4.00000 -5.00000
vt 4.75000 -5.62500
vt 4.00000 -5.62500
vt 4.62500 -5.00000
vt 4.62500 -5.75000
vt 4.00000 -5.75000
vt 4.62500 -5.62500
vt 3.87500 -5.00000
vt 3.87500 -5.12500
vt 3.75000 -5.12500
vt 0.87500 -1.75000
vt 0.75000 -1.75000
vt 0.87500 -1.87500
vt 0.75000 -1.87500
vt 2.87500 -0.25000
vt 2.75000 -0.25000
vt 2.87500 -0.37500
vt 2.75000 -0.37500
vt 3.50000 -1.00000
vt 3.50000 -1.12500
vt 3.00000 -1.12500
vt 3.50000 -1.50000
vt 3.00000 -1.50000
vt 0.87500 -6.75000
vt 0.87500 -7.00000
vt 0.50000 -7.00000
vt 0.87500 -6.87500
vt 4.50000 -4.75000
vt 5.00000 -4.87500
vt 4.50000 -4.87500
vt 4.87500 -4.75000
vt 4.87500 -5.25000
vt 4.50000 -5.25000
vt 4.87500 -4.87500
vt 3.62500 -0.25000
vt 3.25000 -0.25000
vt 3.62500 -0.56250
vt 3.25000 -0.56250
vt 3.50000 -0.25000
vt 3.50000 -0.62500
vt 3.25000 -0.62500
vt 3.50000 -0.56250
vt 0.37500 -0.75000
vt 0.00000 -0.75000
vt 0.37500 -1.12500
vt 0.00000 -1.12500
vt 0.31250 -0.75000
vt 0.31250 -1.12500
vt 6.37500 -4.50000
vt 6.25000 -4.50000
vt 6.37500 -4.62500
vt 6.25000 -4.62500
vt 7.37500 -4.25000
vt 7.25000 -4.25000
vt 7.37500 -4.37500
vt 7.25000 -4.37500
vt 7.37500 -4.50000
vt 7.37500 -4.62500
vt 7.25000 -4.62500
vt 2.62500 0.75000
vt 2.50000 0.75000
vt 2.62500 0.62500
vt 2.50000 0.62500
vt 7.00000 -5.00000
vt 6.50000 -5.00000
vt 7.00000 -5.25000
vt 6.50000 -5.25000
vt 6.87500 -5.00000
vt 6.50000 -5.50000
vt 6.87500 -5.25000
vt 6.62500 0.00000
vt 6.50000 0.00000
vt 6.62500 -0.12500
vt 6.50000 -0.12500
vt 5.62500 -4.75000
vt 5.62500 -4.87500
vt 5.50000 -4.87500
vt 5.87500 -0.25000
vt 5.75000 -0.25000
vt 5.87500 -0.37500
vt 5.75000 -0.37500
vt 1.31250 -5.00000
vt 1.25000 -5.00000
vt 1.31250 -5.06250
vt 1.25000 -5.06250
vt 5.56250 0.25000
vt 5.50000 0.25000
vt 5.56250 0.18750
vt 5.50000 0.18750
vt 4.81250 -5.00000
vt 4.81250 -5.06250
vt 4.75000 -5.06250
vt 3.56250 -6.75000
vt 3.50000 -6.75000
vt 3.56250 -6.81250
vt 3.50000 -6.81250
vt 3.00000 -4.00000
vt 2.75000 -4.00000
vt 3.00000 -4.12500
vt 2.75000 -4.12500
vt 2.87500 -4.00000
vt 2.87500 -4.25000
vt 2.75000 -4.25000
vt 2.87500 -4.12500
vt 4.37500 -2.00000
vt 3.75000 -2.00000
vt 4.37500 -2.12500
vt 3.75000 -2.12500
vt 4.25000 -2.00000
vt 4.25000 -2.62500
vt 3.75000 -2.62500
vt 4.25000 -2.12500
vt 2.50000 -2.00000
vt 1.75000 -2.00000
vt 2.50000 -2.62500
vt 1.75000 -2.62500
vt 2.37500 -2.00000
vt 2.37500 -2.75000
vt 1.75000 -2.75000
vt 2.37500 -2.62500
vt 6.87500 -5.75000
vt 6.50000 -5.75000
vt 6.87500 -5.87500
vt 6.50000 -5.87500
vt 6.62500 -5.75000
vt 6.50000 -6.12500
vt 6.62500 -5.87500
vt 5.87500 -4.50000
vt 5.75000 -4.50000
vt 5.87500 -4.62500
vt 5.75000 -4.62500
vt 5.50000 0.00000
vt 5.75000 -0.12500
vt 5.50000 -0.12500
vt 5.62500 0.00000
vt 5.62500 -0.25000
vt 5.50000 -0.25000
vt 5.62500 -0.12500
vt 0.12500 -1.25000
vt 0.00000 -1.25000
vt 0.12500 -2.12500
vt 0.00000 -2.12500
vt 0.00000 -1.37500
vt 0.75000 -2.12500
vt 5.87500 -3.00000
vt 5.75000 -3.00000
vt 5.87500 -3.37500
vt 5.75000 -3.37500
vt 6.37500 -3.00000
vt 6.37500 -3.12500
vt 5.75000 -3.12500
vt 6.37500 -3.37500
vt 3.62500 -4.62500
vt 3.50000 -4.62500
vt 4.12500 -4.50000
vt 4.12500 -4.62500
vt 2.87500 -2.75000
vt 2.75000 -2.75000
vt 2.87500 -2.87500
vt 2.75000 -2.87500
vt 3.37500 -2.75000
vt 3.37500 -2.87500
vt 0.87500 -5.50000
vt 0.75000 -5.50000
vt 0.87500 -5.62500
vt 0.75000 -5.62500
vt 1.37500 -5.50000
vt 1.37500 -5.62500
vt 5.37500 -6.00000
vt 5.25000 -6.00000
vt 5.37500 -6.12500
vt 5.25000 -6.12500
vt 1.12500 -1.00000
vt 1.00000 -1.00000
vt 1.12500 -1.12500
vt 1.00000 -1.12500
vt 5.12500 1.00000
vt 5.00000 1.00000
vt 5.12500 0.87500
vt 5.00000 0.87500
vt 6.75000 -5.50000
vt 6.87500 -5.62500
vt 6.75000 -5.62500
vt 4.12500 -3.00000
vt 4.12500 -3.12500
vt 4.00000 -3.12500
vt 3.87500 -6.00000
vt 3.75000 -6.00000
vt 3.87500 -6.12500
vt 3.75000 -6.12500
vt 5.37500 -1.00000
vt 5.25000 -1.00000
vt 5.37500 -1.12500
vt 5.25000 -1.12500
vt 1.37500 -2.00000
vt 1.25000 -2.00000
vt 1.37500 -2.37500
vt 1.25000 -2.37500
vt 1.37500 -2.12500
vt 1.25000 -2.12500
vt 4.37500 -0.50000
vt 4.25000 -0.50000
vt 4.37500 -0.62500
vt 4.25000 -0.62500
vt 3.62500 -2.75000
vt 3.50000 -2.75000
vt 3.62500 -3.12500
vt 3.50000 -3.12500
vt 3.62500 -2.87500
vt 3.50000 -2.87500
vt 3.37500 -0.75000
vt 3.25000 -0.75000
vt 3.37500 -1.62500
vt 3.25000 -1.62500
vt 3.37500 -0.87500
vt 3.25000 -0.87500
vt 7.87500 0.75000
vt 7.75000 0.75000
vt 7.87500 -0.12500
vt 7.75000 -0.12500
vt 8.00000 0.75000
vt 8.00000 0.62500
vt 7.75000 0.62500
vt 8.00000 -0.12500
vt 7.12500 -1.00000
vt 7.00000 -1.00000
vt 7.12500 -1.37500
vt 7.00000 -1.37500
vt 7.12500 -1.12500
vt 7.00000 -1.12500
vt 7.37500 -4.75000
vt 7.37500 -4.87500
vt 1.87500 -5.25000
vt 1.75000 -5.25000
vt 1.87500 -5.62500
vt 1.75000 -5.62500
vt 1.87500 -5.37500
vt 1.75000 -5.37500
vt 2.62500 -3.00000
vt 2.50000 -3.00000
vt 2.62500 -3.87500
vt 2.50000 -3.87500
vt 2.62500 -3.12500
vt 2.50000 -3.12500
vt 7.87500 -6.25000
vt 7.87500 -6.37500
vt 4.62500 -1.50000
vt 4.50000 -1.50000
vt 4.62500 -2.37500
vt 4.50000 -2.37500
vt 4.75000 -1.50000
vt 4.75000 -1.62500
vt 4.50000 -1.62500
vt 4.75000 -2.37500
vt 4.87500 -1.50000
vt 4.87500 -1.62500
vt 7.37500 -1.00000
vt 7.25000 -1.00000
vt 7.37500 -1.37500
vt 7.25000 -1.37500
vt 7.37500 -1.12500
vt 7.25000 -1.12500
vt 3.37500 -1.50000
vt 2.50000 -1.50000
vt 3.37500 -2.00000
vt 3.37500 -2.37500
vt 2.50000 -2.37500
vt 1.25000 -4.00000
vt 0.25000 -4.00000
vt 1.25000 -4.37500
vt 0.25000 -4.37500
vt 0.25000 -5.00000
vt 8.87500 -2.00000
vt 8.87500 -2.87500
vt 7.75000 -2.87500
vt 8.87500 -3.12500
vt 7.75000 -3.12500
vt 1.12500 0.75000
vt 1.00000 0.75000
vt 1.12500 -0.12500
vt 1.00000 -0.12500
vt 1.12500 0.62500
vt 1.00000 0.62500
vt 4.62500 -4.25000
vt 4.50000 -4.25000
vt 4.62500 -5.12500
vt 4.62500 -4.37500
vt 4.50000 -4.37500
vt 1.12500 -0.75000
vt 1.12500 -0.87500
vt 5.12500 -3.25000
vt 5.12500 -3.37500
vt 5.00000 -3.37500
vt 2.12500 -2.50000
vt 2.00000 -2.50000
vt 2.12500 -2.75000
vt 2.00000 -2.75000
vt 2.12500 -2.62500
vt 2.00000 -2.62500
vt 3.37500 -0.25000
vt 3.37500 -0.50000
vt 3.25000 -0.50000
vt 3.37500 -0.37500
vt 3.25000 -0.37500
vt 3.25000 -2.00000
vt 3.37500 -2.12500
vt 3.25000 -2.12500
vt 1.37500 -5.00000
vt 1.37500 -5.37500
vt 1.25000 -5.37500
vt 1.37500 -5.12500
vt 1.25000 -5.12500
vt 1.75000 -4.25000
vt 2.75000 -5.12500
vt 1.75000 -5.12500
vt 2.75000 -5.25000
vt 7.87500 -3.00000
vt 7.75000 -3.00000
vt 7.87500 -3.75000
vt 7.75000 -3.75000
vt 8.50000 -3.00000
vt 8.50000 -3.12500
vt 8.50000 -3.75000
vt 2.75000 -1.25000
vt 2.50000 -1.25000
vt 2.75000 -1.37500
vt 2.50000 -1.37500
vt 2.62500 -1.25000
vt 2.62500 -1.50000
vt 2.62500 -1.37500
vt 2.87500 -6.00000
vt 2.75000 -6.00000
vt 2.87500 -6.12500
vt 2.75000 -6.12500
vt 3.12500 0.25000
vt 3.12500 0.00000
vt 3.12500 -0.12500
vt 2.75000 -0.12500
vt 2.25000 -2.00000
vt 2.50000 -2.12500
vt 2.25000 -2.12500
vt 2.50000 -2.25000
vt 2.25000 -2.25000
vt 3.50000 1.00000
vt 3.00000 1.00000
vt 3.50000 0.62500
vt 3.00000 0.62500
vt 3.50000 0.50000
vt 3.00000 0.50000
vt 4.37500 0.00000
vt 4.25000 0.00000
vt 4.37500 -0.12500
vt 4.25000 -0.12500
vt 1.12500 -4.75000
vt 1.00000 -4.75000
vt 1.12500 -4.87500
vt 1.00000 -4.87500
vt 2.87500 -3.25000
vt 2.75000 -3.25000
vt 2.87500 -3.37500
vt 2.75000 -3.37500
vt 6.75000 -2.50000
vt 6.25000 -2.50000
vt 6.75000 -2.62500
vt 6.25000 -2.62500
vt 6.62500 -2.50000
vt 6.62500 -3.00000
vt 6.25000 -3.00000
vt 6.62500 -2.62500
vt 0.75000 -0.25000
vt 0.50000 -0.25000
vt 0.75000 -0.37500
vt 0.50000 -0.37500
vt 0.87500 -0.25000
vt 0.87500 -0.50000
vt 0.50000 -0.50000
vt 0.87500 -0.37500
vt 6.00000 0.00000
vt 6.00000 -0.12500
vt 6.00000 -0.50000
vt 5.50000 -0.50000
vt 0.75000 -2.00000
vt 0.75000 -2.37500
vt 1.25000 -2.50000
vt 0.75000 -2.50000
vt 7.37500 -5.00000
vt 7.37500 -5.25000
vt 7.37500 -5.37500
vt 7.00000 -5.37500
vt 1.75000 -0.75000
vt 1.75000 -0.87500
vt 2.00000 -1.00000
vt 1.75000 -1.00000
vt 0.50000 -2.50000
vt 0.75000 -2.62500
vt 0.50000 -2.62500
vt 0.62500 -2.50000
vt 0.62500 -2.75000
vt 0.50000 -2.75000
vt 0.62500 -2.62500
vt 3.87500 -6.25000
vt 3.75000 -6.25000
vt 3.87500 -6.37500
vt 3.75000 -6.37500
vt 7.62500 -2.00000
vt 7.50000 -2.00000
vt 7.62500 -2.12500
vt 7.50000 -2.12500
vt 4.62500 -1.62500
vt 7.12500 -1.25000
vt 3.00000 -2.75000
vt 2.50000 -2.75000
vt 3.00000 -3.00000
vt 2.50000 -3.25000
vt 2.87500 -3.00000
vt 4.12500 -2.50000
vt 4.00000 -2.50000
vt 4.12500 -2.62500
vt 4.00000 -2.62500
vt 6.87500 -1.50000
vt 6.75000 -1.50000
vt 6.87500 -1.62500
vt 6.75000 -1.62500
vt 4.37500 -4.00000
vt 4.25000 -4.00000
vt 4.37500 -4.12500
vt 4.25000 -4.12500
vt 0.06250 -1.25000
vt 0.06250 -1.31250
vt 0.00000 -1.31250
vt 2.31250 0.00000
vt 2.25000 0.00000
vt 2.31250 -0.06250
vt 2.25000 -0.06250
vt 7.06250 -0.50000
vt 7.00000 -0.50000
vt 7.06250 -0.56250
vt 7.00000 -0.56250
vt 3.81250 -5.25000
vt 3.75000 -5.25000
vt 3.81250 -5.31250
vt 3.75000 -5.31250
vt 6.25000 -4.00000
vt 6.00000 -4.00000
vt 6.25000 -4.12500
vt 6.00000 -4.12500
vt 6.12500 -4.00000
vt 6.12500 -4.25000
vt 6.00000 -4.25000
vt 6.12500 -4.12500
vt 2.62500 -6.50000
vt 2.25000 -6.50000
vt 2.62500 -6.87500
vt 2.25000 -6.87500
vt 2.56250 -6.50000
vt 2.56250 -6.87500
vt 4.37500 -0.75000
vt 4.37500 -1.06250
vt 4.00000 -1.06250
vt 4.25000 -0.75000
vt 4.25000 -1.12500
vt 4.00000 -1.12500
vt 4.25000 -1.06250
vn 1.0000 0.0000 0.0000
vn 0.0000 0.9685 -0.2598
vn 0.0000 0.2598 0.9685
vn -1.0000 0.0000 0.0000
vn 0.0000 -0.9685 0.2598
vn 0.0000 -0.2598 -0.9685
vn 0.0000 1.0000 0.0000
vn 0.0000 0.0000 1.0000
vn 0.0000 -1.0000 0.0000
vn 0.0000 0.0000 -1.0000
vn 0.9685 0.2598 0.0000
vn -0.2598 0.9685 0.0000
vn -0.9685 -0.2598 0.0000
vn 0.2598 -0.9685 0.0000
vn 0.0000 0.8661 -0.5039
vn 0.0000 0.5039 0.8661
vn 0.0000 -0.8661 0.5039
vn 0.0000 -0.5039 -0.8661
vn 0.9685 -0.2598 0.0000
vn 0.2598 0.9685 0.0000
vn -0.9685 0.2598 0.0000
vn -0.2598 -0.9685 0.0000
vn -0.8032 0.0000 -0.5984
vn 0.8032 0.0000 -0.5984
vn 0.0000 0.2598 -0.9685
vn 0.0000 0.9685 0.2598
vn 0.0000 -0.2598 0.9685
vn 0.0000 -0.9685 -0.2598
vn 0.0000 0.4961 -0.8661
vn 0.0000 0.8661 0.4961
vn 0.0000 -0.4961 0.8661
vn 0.0000 -0.8661 -0.4961
vn 0.0000 -0.4961 -0.8661
vn 0.0000 0.8661 -0.4961
vn 0.0000 0.4961 0.8661
vn 0.0000 -0.8661 0.4961
vn 0.0000 0.8661 0.5039
vn 0.0000 -0.5039 0.8661
vn 0.0000 -0.8661 -0.5039
vn 0.0000 0.5039 -0.8661
vn 0.9685 -0.2520 0.0709
vn 0.1260 0.6929 0.7087
vn -0.2205 -0.6772 0.7008
vn -0.9685 0.2520 -0.0709
vn -0.1260 -0.6929 -0.7087
vn 0.2205 0.6772 -0.7008
vn 0.2205 0.9370 0.2677
vn -0.1260 -0.2441 0.9606
vn -0.2205 -0.9370 -0.2677
vn 0.1260 0.2441 -0.9606
vn 0.8976 0.1260 0.4173
vn -0.3701 0.7244 0.5827
vn -0.8976 -0.1260 -0.4173
vn 0.3701 -0.7244 -0.5827
vn 0.2598 0.9291 -0.2520
vn -0.2598 -0.9291 0.2520
vn 0.9685 0.2520 -0.0709
vn -0.2598 0.9291 -0.2520
vn -0.9685 -0.2520 0.0709
vn 0.2598 -0.9291 0.2520
vn -0.1260 0.6929 0.7087
vn 0.2205 -0.6772 0.7008
vn 0.1260 -0.6929 -0.7087
vn -0.2205 0.6772 -0.7008
vn 0.8976 -0.1260 -0.4173
vn 0.3701 0.7244 0.5827
vn -0.8976 0.1260 0.4173
vn -0.3701 -0.7244 -0.5827
vn -0.2205 0.9370 0.2677
vn 0.1260 -0.2441 0.9606
vn 0.2205 -0.9370 -0.2677
vn -0.1260 0.2441 -0.9606

o LeftLowerLeg
usemtl c_562424
f 1/1/1 2/2/1 3/3/1
f 3/3/1 2/2/1 4/4/1
f 5/1/2 2/2/2 6/3/2
f 6/3/2 2/2/2 1/4/2
f 2/1/3 5/2/3 4/3/3
f 4/3/3 5/2/3 7/4/3
f 5/1/4 6/2/4 7/3/4
f 7/3/4 6/2/4 8/4/4
f 8/1/5 3/2/5 7/3/5
f 7/3/5 3/2/5 4/4/5
f 6/1/6 1/2/6 8/3/6
f 8/3/6 1/2/6 3/4/6
f 9/5/1 10/6/1 11/7/1
f 11/7/1 10/6/1 12/8/1
f 13/5/2 10/6/2 14/9/2
f 14/9/2 10/6/2 9/10/2
f 10/5/3 13/6/3 12/7/3
f 12/7/3 13/6/3 15/8/3
f 13/5/4 14/6/4 15/7/4
f 15/7/4 14/6/4 16/8/4
f 16/5/5 11/6/5 15/9/5
f 15/9/5 11/6/5 12/10/5
f 14/5/6 9/6/6 16/7/6
f 16/7/6 9/6/6 11/8/6
o Mouth
usemtl c_ff00bf
f 17/11/1 18/12/1 19/13/1
f 19/13/1 18/12/1 20/14/1
f 21/15/2 18/12/2 22/16/2
f 22/16/2 18/12/2 17/17/2
f 18/15/3 21/12/3 20/18/3
f 20/18/3 21/12/3 23/14/3
f 21/11/4 22/12/4 23/13/4
f 23/13/4 22/12/4 24/14/4
f 24/15/5 19/12/5 23/16/5
f 23/16/5 19/12/5 20/17/5
f 22/15/6 17/12/6 24/18/6
f 24/18/6 17/12/6 19/14/6
usemtl c_562424
f 22/19/1 21/20/1 24/21/1
f 24/21/1 21/20/1 23/22/1
f 25/23/2 21/20/2 26/24/2
f 26/24/2 21/20/2 22/25/2
f 21/23/3 25/20/3 23/26/3
f 23/26/3 25/20/3 27/22/3
f 25/19/4 26/20/4 27/21/4
f 27/21/4 26/20/4 28/22/4
f 28/23/5 24/20/5 27/24/5
f 27/24/5 24/20/5 23/25/5
f 26/23/6 22/20/6 28/26/6
f 28/26/6 22/20/6 24/22/6
f 29/27/1 30/28/1 31/29/1
f 31/29/1 30/28/1 32/30/1
f 33/31/2 30/28/2 34/32/2
f 34/32/2 30/28/2 29/30/2
f 30/31/3 33/28/3 32/32/3
f 32/32/3 33/28/3 35/30/3
f 33/27/4 34/28/4 35/29/4
f 35/29/4 34/28/4 36/30/4
f 36/31/5 31/28/5 35/32/5
f 35/32/5 31/28/5 32/30/5
f 34/31/6 29/28/6 36/32/6
f 36/32/6 29/28/6 31/30/6
f 37/33/1 17/34/1 38/35/1
f 38/35/1 17/34/1 19/36/1
f 22/37/2 17/34/2 39/38/2
f 39/38/2 17/34/2 37/39/2
f 17/37/3 22/34/3 19/40/3
f 19/40/3 22/34/3 24/36/3
f 22/33/4 39/34/4 24/35/4
f 24/35/4 39/34/4 40/36/4
f 40/37/5 38/34/5 24/38/5
f 24/38/5 38/34/5 19/39/5
f 39/37/6 37/34/6 40/40/6
f 40/40/6 37/34/6 38/36/6
f 41/41/1 42/42/1 43/43/1
f 43/43/1 42/42/1 44/44/1
f 18/45/2 42/42/2 17/46/2
f 17/46/2 42/42/2 41/47/2
f 42/45/3 18/42/3 44/48/3
f 44/48/3 18/42/3 20/44/3
f 18/41/4 17/42/4 20/43/4
f 20/43/4 17/42/4 19/44/4
f 19/45/5 43/42/5 20/46/5
f 20/46/5 43/42/5 44/47/5
f 17/45/6 41/42/6 19/48/6
f 19/48/6 41/42/6 43/44/6
usemtl c_cc8e69
f 19/49/1 20/50/1 45/51/1
f 45/51/1 20/50/1 46/52/1
f 23/53/2 20/50/2 24/54/2
f 24/54/2 20/50/2 19/55/2
f 20/53/3 23/50/3 46/56/3
f 46/56/3 23/50/3 47/52/3
f 23/49/4 24/50/4 47/51/4
f 47/51/4 24/50/4 48/52/4
f 48/53/5 45/50/5 47/54/5
f 47/54/5 45/50/5 46/55/5
f 24/53/6 19/50/6 48/56/6
f 48/56/6 19/50/6 45/52/6
f 31/57/1 32/58/1 49/59/1
f 49/59/1 32/58/1 50/60/1
f 35/61/2 32/58/2 36/62/2
f 36/62/2 32/58/2 31/63/2
f 32/61/3 35/58/3 50/64/3
f 50/64/3 35/58/3 51/60/3
f 35/57/4 36/58/4 51/59/4
f 51/59/4 36/58/4 52/60/4
f 52/61/5 49/58/5 51/62/5
f 51/62/5 49/58/5 50/63/5
f 36/61/6 31/58/6 52/64/6
f 52/64/6 31/58/6 49/60/6
usemtl c_f8f8f8
f 53/65/1 54/66/1 55/67/1
f 55/67/1 54/66/1 56/68/1
f 57/65/2 54/66/2 58/67/2
f 58/67/2 54/66/2 53/68/2
f 54/65/3 57/66/3 56/67/3
f 56/67/3 57/66/3 59/68/3
f 57/65/4 58/66/4 59/67/4
f 59/67/4 58/66/4 60/68/4
f 60/65/5 55/66/5 59/67/5
f 59/67/5 55/66/5 56/68/5
f 58/65/6 53/66/6 60/67/6
f 60/67/6 53/66/6 55/68/6
f 61/69/1 62/70/1 63/71/1
f 63/71/1 62/70/1 64/72/1
f 65/69/2 62/70/2 66/71/2
f 66/71/2 62/70/2 61/72/2
f 62/69/3 65/70/3 64/71/3
f 64/71/3 65/70/3 33/72/3
f 65/69/4 66/70/4 33/71/4
f 33/71/4 66/70/4 67/72/4
f 67/69/5 63/70/5 33/71/5
f 33/71/5 63/70/5 64/72/5
f 66/69/6 61/70/6 67/71/6
f 67/71/6 61/70/6 63/72/6
f 68/73/1 69/74/1 70/75/1
f 70/75/1 69/74/1 71/76/1
f 72/73/2 69/74/2 73/75/2
f 73/75/2 69/74/2 68/76/2
f 69/73/3 72/74/3 71/75/3
f 71/75/3 72/74/3 74/76/3
f 72/73/4 73/74/4 74/75/4
f 74/75/4 73/74/4 75/76/4
f 75/73/5 70/74/5 74/75/5
f 74/75/5 70/74/5 71/76/5
f 73/73/6 68/74/6 75/75/6
f 75/75/6 68/74/6 70/76/6
f 76/77/1 77/78/1 78/79/1
f 78/79/1 77/78/1 79/80/1
f 80/77/2 77/78/2 81/79/2
f 81/79/2 77/78/2 76/80/2
f 77/77/3 80/78/3 79/79/3
f 79/79/3 80/78/3 82/80/3
f 80/77/4 81/78/4 82/79/4
f 82/79/4 81/78/4 83/80/4
f 83/77/5 78/78/5 82/79/5
f 82/79/5 78/78/5 79/80/5
f 81/77/6 76/78/6 83/79/6
f 83/79/6 76/78/6 78/80/6
f 84/81/1 85/82/1 86/83/1
f 86/83/1 85/82/1 87/84/1
f 88/81/2 85/82/2 89/83/2
f 89/83/2 85/82/2 84/84/2
f 85/81/3 88/82/3 87/83/3
f 87/83/3 88/82/3 90/84/3
f 88/81/4 89/82/4 90/83/4
f 90/83/4 89/82/4 91/84/4
f 91/81/5 86/82/5 90/83/5
f 90/83/5 86/82/5 87/84/5
f 89/81/6 84/82/6 91/83/6
f 91/83/6 84/82/6 86/84/6
f 92/85/1 93/86/1 94/87/1
f 94/87/1 93/86/1 95/88/1
f 96/85/2 93/86/2 97/87/2
f 97/87/2 93/86/2 92/88/2
f 93/85/3 96/86/3 95/87/3
f 95/87/3 96/86/3 98/88/3
f 96/85/4 97/86/4 98/87/4
f 98/87/4 97/86/4 99/88/4
f 99/85/5 94/86/5 98/87/5
f 98/87/5 94/86/5 95/88/5
f 97/85/6 92/86/6 99/87/6
f 99/87/6 92/86/6 94/88/6
f 100/89/1 101/90/1 102/91/1
f 102/91/1 101/90/1 30/92/1
f 103/89/2 101/90/2 104/91/2
f 104/91/2 101/90/2 100/92/2
f 101/89/3 103/90/3 30/91/3
f 30/91/3 103/90/3 105/92/3
f 103/89/4 104/90/4 105/91/4
f 105/91/4 104/90/4 106/92/4
f 106/89/5 102/90/5 105/91/5
f 105/91/5 102/90/5 30/92/5
f 104/89/6 100/90/6 106/91/6
f 106/91/6 100/90/6 102/92/6
f 107/93/1 108/94/1 109/95/1
f 109/95/1 108/94/1 110/96/1
f 111/93/2 108/94/2 112/95/2
f 112/95/2 108/94/2 107/96/2
f 108/93/3 111/94/3 110/95/3
f 110/95/3 111/94/3 113/96/3
f 111/93/4 112/94/4 113/95/4
f 113/95/4 112/94/4 114/96/4
f 114/93/5 109/94/5 113/95/5
f 113/95/5 109/94/5 110/96/5
f 112/93/6 107/94/6 114/95/6
f 114/95/6 107/94/6 109/96/6
o RightLowerLeg
usemtl c_562424
f 115/97/1 116/98/1 117/99/1
f 117/99/1 116/98/1 118/100/1
f 119/97/2 116/98/2 120/101/2
f 120/101/2 116/98/2 115/102/2
f 116/97/3 119/98/3 118/99/3
f 118/99/3 119/98/3 121/100/3
f 119/97/4 120/98/4 121/99/4
f 121/99/4 120/98/4 122/100/4
f 122/97/5 117/98/5 121/101/5
f 121/101/5 117/98/5 118/102/5
f 120/97/6 115/98/6 122/99/6
f 122/99/6 115/98/6 117/100/6
f 123/103/1 124/104/1 125/105/1
f 125/105/1 124/104/1 126/106/1
f 127/103/2 124/104/2 128/105/2
f 128/105/2 124/104/2 123/106/2
f 124/103/3 127/104/3 126/105/3
f 126/105/3 127/104/3 129/106/3
f 127/103/4 128/104/4 129/105/4
f 129/105/4 128/104/4 130/106/4
f 130/103/5 125/104/5 129/105/5
f 129/105/5 125/104/5 126/106/5
f 128/103/6 123/104/6 130/105/6
f 130/105/6 123/104/6 125/106/6
o Head
usemtl c_562424
f 131/107/1 132/108/1 133/109/1
f 133/109/1 132/108/1 134/110/1
f 135/107/7 132/108/7 136/109/7
f 136/109/7 132/108/7 131/110/7
f 132/107/8 135/108/8 134/109/8
f 134/109/8 135/108/8 137/110/8
f 135/107/4 136/108/4 137/109/4
f 137/109/4 136/108/4 138/110/4
f 138/107/9 133/108/9 137/109/9
f 137/109/9 133/108/9 134/110/9
f 136/107/10 131/108/10 138/109/10
f 138/109/10 131/108/10 133/110/10
f 139/111/1 140/112/1 141/17/1
f 141/17/1 140/112/1 142/113/1
f 143/114/7 140/112/7 144/115/7
f 144/115/7 140/112/7 139/116/7
f 140/114/8 143/112/8 142/117/8
f 142/117/8 143/112/8 145/113/8
f 143/111/4 144/112/4 145/17/4
f 145/17/4 144/112/4 146/113/4
f 146/114/9 141/112/9 145/115/9
f 145/115/9 141/112/9 142/116/9
f 144/114/10 139/112/10 146/117/10
f 146/117/10 139/112/10 141/113/10
f 147/118/11 148/119/11 149/120/11
f 149/120/11 148/119/11 150/121/11
f 151/122/12 148/119/12 152/123/12
f 152/123/12 148/119/12 147/121/12
f 148/122/8 151/119/8 150/123/8
f 150/123/8 151/119/8 153/121/8
f 151/118/13 152/119/13 153/120/13
f 153/120/13 152/119/13 154/121/13
f 154/122/14 149/119/14 153/123/14
f 153/123/14 149/119/14 150/121/14
f 152/122/10 147/119/10 154/123/10
f 154/123/10 147/119/10 149/121/10
f 155/124/1 156/125/1 157/126/1
f 157/126/1 156/125/1 158/127/1
f 159/124/15 156/125/15 160/128/15
f 160/128/15 156/125/15 155/129/15
f 156/124/16 159/125/16 158/126/16
f 158/126/16 159/125/16 161/127/16
f 159/124/4 160/125/4 161/126/4
f 161/126/4 160/125/4 162/127/4
f 162/124/17 157/125/17 161/128/17
f 161/128/17 157/125/17 158/129/17
f 160/124/18 155/125/18 162/126/18
f 162/126/18 155/125/18 157/127/18
f 163/130/19 164/131/19 165/132/19
f 165/132/19 164/131/19 166/133/19
f 167/134/20 164/131/20 168/135/20
f 168/135/20 164/131/20 163/133/20
f 164/134/8 167/131/8 166/135/8
f 166/135/8 167/131/8 169/133/8
f 167/130/21 168/131/21 169/132/21
f 169/132/21 168/131/21 170/133/21
f 170/134/22 165/131/22 169/135/22
f 169/135/22 165/131/22 166/133/22
f 168/134/10 163/131/10 170/135/10
f 170/135/10 163/131/10 165/133/10
f 171/136/1 172/137/1 173/138/1
f 173/138/1 172/137/1 174/139/1
f 175/140/15 172/137/15 176/141/15
f 176/141/15 172/137/15 171/139/15
f 172/140/16 175/137/16 174/141/16
f 174/141/16 175/137/16 177/139/16
f 175/136/4 176/137/4 177/138/4
f 177/138/4 176/137/4 178/139/4
f 178/140/17 173/137/17 177/141/17
f 177/141/17 173/137/17 174/139/17
f 176/140/18 171/137/18 178/141/18
f 178/141/18 171/137/18 173/139/18
f 179/142/1 180/143/1 181/144/1
f 181/144/1 180/143/1 182/145/1
f 183/146/7 180/143/7 184/147/7
f 184/147/7 180/143/7 179/148/7
f 180/146/8 183/143/8 182/149/8
f 182/149/8 183/143/8 185/145/8
f 183/142/4 184/143/4 185/144/4
f 185/144/4 184/143/4 186/145/4
f 186/146/9 181/143/9 185/147/9
f 185/147/9 181/143/9 182/148/9
f 184/146/10 179/143/10 186/149/10
f 186/149/10 179/143/10 181/145/10
f 187/150/1 188/151/1 189/152/1
f 189/152/1 188/151/1 190/153/1
f 191/154/2 188/151/2 192/155/2
f 192/155/2 188/151/2 187/153/2
f 188/154/3 191/151/3 190/155/3
f 190/155/3 191/151/3 193/153/3
f 191/150/4 192/151/4 193/152/4
f 193/152/4 192/151/4 194/153/4
f 194/154/5 189/151/5 193/155/5
f 193/155/5 189/151/5 190/153/5
f 192/154/6 187/151/6 194/155/6
f 194/155/6 187/151/6 189/153/6
f 195/156/1 196/157/1 197/158/1
f 197/158/1 196/157/1 198/159/1
f 199/156/7 196/157/7 200/158/7
f 200/158/7 196/157/7 195/159/7
f 196/156/8 199/157/8 198/158/8
f 198/158/8 199/157/8 201/159/8
f 199/156/4 200/157/4 201/158/4
f 201/158/4 200/157/4 202/159/4
f 202/156/9 197/157/9 201/158/9
f 201/158/9 197/157/9 198/159/9
f 200/156/10 195/157/10 202/158/10
f 202/158/10 195/157/10 197/159/10
f 184/160/7 184/160/7 200/161/7
f 200/161/7 184/160/7 199/162/7
f 184/163/8 186/160/8 199/161/8
f 199/161/8 186/160/8 201/162/8
f 186/163/9 186/163/9 201/161/9
f 201/161/9 186/163/9 202/162/9
f 202/163/1 200/160/1 201/164/1
f 201/164/1 200/160/1 199/165/1
f 186/163/23 184/160/23 202/166/23
f 202/166/23 184/160/23 200/167/23
f 203/168/1 204/169/1 205/170/1
f 205/170/1 204/169/1 206/171/1
f 207/172/2 204/169/2 208/173/2
f 208/173/2 204/169/2 203/171/2
f 204/172/3 207/169/3 206/173/3
f 206/173/3 207/169/3 209/171/3
f 207/168/4 208/169/4 209/170/4
f 209/170/4 208/169/4 210/171/4
f 210/172/5 205/169/5 209/173/5
f 209/173/5 205/169/5 206/171/5
f 208/172/6 203/169/6 210/173/6
f 210/173/6 203/169/6 205/171/6
f 211/174/1 212/175/1 213/176/1
f 213/176/1 212/175/1 214/177/1
f 215/178/7 212/175/7 216/179/7
f 216/179/7 212/175/7 211/180/7
f 212/178/8 215/175/8 214/181/8
f 214/181/8 215/175/8 217/177/8
f 215/174/4 216/175/4 217/176/4
f 217/176/4 216/175/4 218/177/4
f 218/178/9 213/175/9 217/179/9
f 217/179/9 213/175/9 214/180/9
f 216/178/10 211/175/10 218/181/10
f 218/181/10 211/175/10 213/177/10
f 181/182/9 181/182/9 197/183/9
f 197/183/9 181/182/9 198/184/9
f 181/185/8 179/182/8 198/183/8
f 198/183/8 179/182/8 196/184/8
f 179/185/7 179/185/7 196/183/7
f 196/183/7 179/185/7 195/184/7
f 195/185/4 197/182/4 196/186/4
f 196/186/4 197/182/4 198/187/4
f 179/185/24 181/182/24 195/188/24
f 195/188/24 181/182/24 197/189/24
f 219/190/1 220/191/1 221/192/1
f 221/192/1 220/191/1 222/193/1
f 223/190/7 220/191/7 224/194/7
f 224/194/7 220/191/7 219/195/7
f 220/190/8 223/191/8 222/192/8
f 222/192/8 223/191/8 225/193/8
f 223/190/4 224/191/4 225/192/4
f 225/192/4 224/191/4 226/193/4
f 226/190/9 221/191/9 225/194/9
f 225/194/9 221/191/9 222/195/9
f 224/190/10 219/191/10 226/192/10
f 226/192/10 219/191/10 221/193/10
usemtl c_f8f8f8
f 227/196/1 228/197/1 229/198/1
f 229/198/1 228/197/1 230/199/1
f 231/196/7 228/197/7 232/198/7
f 232/198/7 228/197/7 227/199/7
f 228/196/8 231/197/8 230/198/8
f 230/198/8 231/197/8 233/199/8
f 231/196/4 232/197/4 233/198/4
f 233/198/4 232/197/4 234/199/4
f 234/196/9 229/197/9 233/198/9
f 233/198/9 229/197/9 230/199/9
f 232/196/10 227/197/10 234/198/10
f 234/198/10 227/197/10 229/199/10
f 235/200/1 236/201/1 237/202/1
f 237/202/1 236/201/1 238/203/1
f 239/200/7 236/201/7 240/202/7
f 240/202/7 236/201/7 235/203/7
f 236/200/8 239/201/8 238/202/8
f 238/202/8 239/201/8 241/203/8
f 239/200/4 240/201/4 241/202/4
f 241/202/4 240/201/4 242/203/4
f 242/200/9 237/201/9 241/202/9
f 241/202/9 237/201/9 238/203/9
f 240/200/10 235/201/10 242/202/10
f 242/202/10 235/201/10 237/203/10
f 243/204/1 244/205/1 245/206/1
f 245/206/1 244/205/1 246/207/1
f 247/204/7 244/205/7 248/206/7
f 248/206/7 244/205/7 243/207/7
f 244/204/8 247/205/8 246/206/8
f 246/206/8 247/205/8 249/207/8
f 247/204/4 248/205/4 249/206/4
f 249/206/4 248/205/4 250/207/4
f 250/204/9 245/205/9 249/206/9
f 249/206/9 245/205/9 246/207/9
f 248/204/10 243/205/10 250/206/10
f 250/206/10 243/205/10 245/207/10
f 251/208/1 252/209/1 253/210/1
f 253/210/1 252/209/1 254/211/1
f 255/208/7 252/209/7 256/210/7
f 256/210/7 252/209/7 251/211/7
f 252/208/8 255/209/8 254/210/8
f 254/210/8 255/209/8 257/211/8
f 255/208/4 256/209/4 257/210/4
f 257/210/4 256/209/4 258/211/4
f 258/208/9 253/209/9 257/210/9
f 257/210/9 253/209/9 254/211/9
f 256/208/10 251/209/10 258/210/10
f 258/210/10 251/209/10 253/211/10
f 259/212/1 260/213/1 261/214/1
f 261/214/1 260/213/1 262/215/1
f 263/212/7 260/213/7 264/214/7
f 264/214/7 260/213/7 259/215/7
f 260/212/8 263/213/8 262/214/8
f 262/214/8 263/213/8 265/215/8
f 263/212/4 264/213/4 265/214/4
f 265/214/4 264/213/4 266/215/4
f 266/212/9 261/213/9 265/214/9
f 265/214/9 261/213/9 262/215/9
f 264/212/10 259/213/10 266/214/10
f 266/214/10 259/213/10 261/215/10
f 267/216/1 268/217/1 269/218/1
f 269/218/1 268/217/1 270/219/1
f 271/216/7 268/217/7 272/218/7
f 272/218/7 268/217/7 267/219/7
f 268/216/8 271/217/8 270/218/8
f 270/218/8 271/217/8 273/219/8
f 271/216/4 272/217/4 273/218/4
f 273/218/4 272/217/4 274/219/4
f 274/216/9 269/217/9 273/218/9
f 273/218/9 269/217/9 270/219/9
f 272/216/10 267/217/10 274/218/10
f 274/218/10 267/217/10 269/219/10
f 275/220/1 276/221/1 277/222/1
f 277/222/1 276/221/1 278/223/1
f 279/220/7 276/221/7 280/222/7
f 280/222/7 276/221/7 275/223/7
f 276/220/8 279/221/8 278/222/8
f 278/222/8 279/221/8 281/223/8
f 279/220/4 280/221/4 281/222/4
f 281/222/4 280/221/4 282/223/4
f 282/220/9 277/221/9 281/222/9
f 281/222/9 277/221/9 278/223/9
f 280/220/10 275/221/10 282/222/10
f 282/222/10 275/221/10 277/223/10
f 283/224/1 284/225/1 285/226/1
f 285/226/1 284/225/1 286/227/1
f 287/224/7 284/225/7 288/226/7
f 288/226/7 284/225/7 283/227/7
f 284/224/8 287/225/8 286/226/8
f 286/226/8 287/225/8 289/227/8
f 287/224/4 288/225/4 289/226/4
f 289/226/4 288/225/4 290/227/4
f 290/224/9 285/225/9 289/226/9
f 289/226/9 285/225/9 286/227/9
f 288/224/10 283/225/10 290/226/10
f 290/226/10 283/225/10 285/227/10
usemtl c_ff00bf
f 291/228/1 292/182/1 293/229/1
f 293/229/1 292/182/1 294/230/1
f 295/228/7 292/182/7 296/231/7
f 296/231/7 292/182/7 291/232/7
f 292/228/8 295/182/8 294/229/8
f 294/229/8 295/182/8 297/230/8
f 295/228/4 296/182/4 297/229/4
f 297/229/4 296/182/4 298/230/4
f 298/228/9 293/182/9 297/231/9
f 297/231/9 293/182/9 294/232/9
f 296/228/10 291/182/10 298/229/10
f 298/229/10 291/182/10 293/230/10
f 299/233/1 300/12/1 301/234/1
f 301/234/1 300/12/1 302/235/1
f 303/15/7 300/12/7 304/236/7
f 304/236/7 300/12/7 299/237/7
f 300/15/8 303/12/8 302/238/8
f 302/238/8 303/12/8 305/235/8
f 303/233/4 304/12/4 305/234/4
f 305/234/4 304/12/4 306/235/4
f 306/15/9 301/12/9 305/236/9
f 305/236/9 301/12/9 302/237/9
f 304/15/10 299/12/10 306/238/10
f 306/238/10 299/12/10 301/235/10
f 307/196/1 308/197/1 309/239/1
f 309/239/1 308/197/1 217/240/1
f 310/241/7 308/197/7 311/242/7
f 311/242/7 308/197/7 307/199/7
f 308/241/8 310/197/8 217/243/8
f 217/243/8 310/197/8 312/240/8
f 310/196/4 311/197/4 312/239/4
f 312/239/4 311/197/4 313/240/4
f 313/241/9 309/197/9 312/242/9
f 312/242/9 309/197/9 217/199/9
f 311/241/10 307/197/10 313/243/10
f 313/243/10 307/197/10 309/240/10
f 314/244/1 315/245/1 316/246/1
f 316/246/1 315/245/1 317/247/1
f 318/248/7 315/245/7 319/249/7
f 319/249/7 315/245/7 314/250/7
f 315/248/8 318/245/8 317/251/8
f 317/251/8 318/245/8 214/247/8
f 318/244/4 319/245/4 214/246/4
f 214/246/4 319/245/4 320/247/4
f 320/248/9 316/245/9 214/249/9
f 214/249/9 316/245/9 317/250/9
f 319/248/10 314/245/10 320/251/10
f 320/251/10 314/245/10 316/247/10
f 321/252/1 322/253/1 323/254/1
f 323/254/1 322/253/1 324/255/1
f 325/252/15 322/253/15 326/256/15
f 326/256/15 322/253/15 321/257/15
f 322/252/16 325/253/16 324/254/16
f 324/254/16 325/253/16 327/255/16
f 325/252/4 326/253/4 327/254/4
f 327/254/4 326/253/4 328/255/4
f 328/252/17 323/253/17 327/256/17
f 327/256/17 323/253/17 324/257/17
f 326/252/18 321/253/18 328/254/18
f 328/254/18 321/253/18 323/255/18
f 329/258/1 330/259/1 331/260/1
f 331/260/1 330/259/1 332/261/1
f 333/258/15 330/259/15 334/260/15
f 334/260/15 330/259/15 329/261/15
f 330/258/16 333/259/16 332/260/16
f 332/260/16 333/259/16 335/261/16
f 333/258/4 334/259/4 335/260/4
f 335/260/4 334/259/4 336/261/4
f 336/258/17 331/259/17 335/260/17
f 335/260/17 331/259/17 332/261/17
f 334/258/18 329/259/18 336/260/18
f 336/260/18 329/259/18 331/261/18
f 337/262/1 338/263/1 339/264/1
f 339/264/1 338/263/1 340/265/1
f 341/262/15 338/263/15 342/266/15
f 342/266/15 338/263/15 337/267/15
f 338/262/16 341/263/16 340/264/16
f 340/264/16 341/263/16 343/265/16
f 341/262/4 342/263/4 343/264/4
f 343/264/4 342/263/4 344/265/4
f 344/262/17 339/263/17 343/266/17
f 343/266/17 339/263/17 340/267/17
f 342/262/18 337/263/18 344/264/18
f 344/264/18 337/263/18 339/265/18
usemtl c_cc8e69
f 345/268/1 346/269/1 347/270/1
f 347/270/1 346/269/1 348/271/1
f 349/272/15 346/269/15 350/273/15
f 350/273/15 346/269/15 345/274/15
f 346/272/16 349/269/16 348/275/16
f 348/275/16 349/269/16 351/271/16
f 349/268/4 350/269/4 351/270/4
f 351/270/4 350/269/4 352/271/4
f 352/272/17 347/269/17 351/273/17
f 351/273/17 347/269/17 348/274/17
f 350/272/18 345/269/18 352/275/18
f 352/275/18 345/269/18 347/271/18
o Tail
usemtl c_ff00bf
f 353/276/1 354/277/1 355/278/1
f 355/278/1 354/277/1 356/279/1
f 357/276/25 354/277/25 358/278/25
f 358/278/25 354/277/25 353/279/25
f 354/276/26 357/277/26 356/278/26
f 356/278/26 357/277/26 359/279/26
f 357/276/4 358/277/4 359/278/4
f 359/278/4 358/277/4 360/279/4
f 360/276/27 355/277/27 359/278/27
f 359/278/27 355/277/27 356/279/27
f 358/276/28 353/277/28 360/278/28
f 360/278/28 353/277/28 355/279/28
f 361/280/1 362/86/1 363/281/1
f 363/281/1 362/86/1 364/282/1
f 365/280/29 362/86/29 366/281/29
f 366/281/29 362/86/29 361/282/29
f 362/280/30 365/86/30 364/281/30
f 364/281/30 365/86/30 367/282/30
f 365/280/4 366/86/4 367/281/4
f 367/281/4 366/86/4 368/282/4
f 368/280/31 363/86/31 367/281/31
f 367/281/31 363/86/31 364/282/31
f 366/280/32 361/86/32 368/281/32
f 368/281/32 361/86/32 363/282/32
f 369/283/1 370/284/1 371/285/1
f 371/285/1 370/284/1 372/286/1
f 373/283/29 370/284/29 374/285/29
f 374/285/29 370/284/29 369/286/29
f 370/283/30 373/284/30 372/285/30
f 372/285/30 373/284/30 375/286/30
f 373/283/4 374/284/4 375/285/4
f 375/285/4 374/284/4 376/286/4
f 376/283/31 371/284/31 375/285/31
f 375/285/31 371/284/31 372/286/31
f 374/283/32 369/284/32 376/285/32
f 376/285/32 369/284/32 371/286/32
f 377/287/1 378/288/1 379/289/1
f 379/289/1 378/288/1 380/290/1
f 381/287/29 378/288/29 382/291/29
f 382/291/29 378/288/29 377/292/29
f 378/287/30 381/288/30 380/289/30
f 380/289/30 381/288/30 383/290/30
f 381/287/4 382/288/4 383/289/4
f 383/289/4 382/288/4 384/290/4
f 384/287/31 379/288/31 383/291/31
f 383/291/31 379/288/31 380/292/31
f 382/287/32 377/288/32 384/289/32
f 384/289/32 377/288/32 379/290/32
f 378/293/1 385/294/1 386/295/1
f 386/295/1 385/294/1 387/296/1
f 388/293/29 385/294/29 381/297/29
f 381/297/29 385/294/29 378/298/29
f 385/293/30 388/294/30 387/295/30
f 387/295/30 388/294/30 389/296/30
f 388/293/4 381/294/4 389/295/4
f 389/295/4 381/294/4 390/296/4
f 390/293/31 386/294/31 389/297/31
f 389/297/31 386/294/31 387/298/31
f 381/293/32 378/294/32 390/295/32
f 390/295/32 378/294/32 386/296/32
f 391/299/1 392/300/1 393/301/1
f 393/301/1 392/300/1 394/302/1
f 395/299/29 392/300/29 396/303/29
f 396/303/29 392/300/29 391/304/29
f 392/299/30 395/300/30 394/301/30
f 394/301/30 395/300/30 397/302/30
f 395/299/4 396/300/4 397/301/4
f 397/301/4 396/300/4 398/302/4
f 398/299/31 393/300/31 397/303/31
f 397/303/31 393/300/31 394/304/31
f 396/299/32 391/300/32 398/301/32
f 398/301/32 391/300/32 393/302/32
f 392/305/1 399/306/1 400/307/1
f 400/307/1 399/306/1 401/308/1
f 402/305/29 399/306/29 395/309/29
f 395/309/29 399/306/29 392/310/29
f 399/305/30 402/306/30 401/307/30
f 401/307/30 402/306/30 403/308/30
f 402/305/4 395/306/4 403/307/4
f 403/307/4 395/306/4 404/308/4
f 404/305/31 400/306/31 403/309/31
f 403/309/31 400/306/31 401/310/31
f 395/305/32 392/306/32 404/307/32
f 404/307/32 392/306/32 400/308/32
f 405/311/1 406/312/1 407/313/1
f 407/313/1 406/312/1 408/314/1
f 409/311/6 406/312/6 410/313/6
f 410/313/6 406/312/6 405/314/6
f 406/311/2 409/312/2 408/313/2
f 408/313/2 409/312/2 411/314/2
f 409/311/4 410/312/4 411/313/4
f 411/313/4 410/312/4 412/314/4
f 412/311/3 407/312/3 411/313/3
f 411/313/3 407/312/3 408/314/3
f 410/311/5 405/312/5 412/313/5
f 412/313/5 405/312/5 407/314/5
f 413/315/1 414/316/1 415/317/1
f 415/317/1 414/316/1 416/318/1
f 417/315/10 414/316/10 418/319/10
f 418/319/10 414/316/10 413/320/10
f 414/315/7 417/316/7 416/317/7
f 416/317/7 417/316/7 419/318/7
f 417/315/4 418/316/4 419/317/4
f 419/317/4 418/316/4 420/318/4
f 420/315/8 415/316/8 419/319/8
f 419/319/8 415/316/8 416/320/8
f 418/315/9 413/316/9 420/317/9
f 420/317/9 413/316/9 415/318/9
f 414/321/1 421/322/1 422/323/1
f 422/323/1 421/322/1 423/324/1
f 424/321/10 421/322/10 417/323/10
f 417/323/10 421/322/10 414/324/10
f 421/321/7 424/322/7 423/323/7
f 423/323/7 424/322/7 425/324/7
f 424/321/4 417/322/4 425/323/4
f 425/323/4 417/322/4 426/324/4
f 426/321/8 422/322/8 425/323/8
f 425/323/8 422/322/8 423/324/8
f 417/321/9 414/322/9 426/323/9
f 426/323/9 414/322/9 422/324/9
f 427/325/1 353/61/1 428/326/1
f 428/326/1 353/61/1 429/327/1
f 358/325/25 353/61/25 430/328/25
f 430/328/25 353/61/25 427/62/25
f 353/325/26 358/61/26 429/326/26
f 429/326/26 358/61/26 431/327/26
f 358/325/4 430/61/4 431/326/4
f 431/326/4 430/61/4 432/327/4
f 432/325/27 428/61/27 431/328/27
f 431/328/27 428/61/27 429/62/27
f 430/325/28 427/61/28 432/326/28
f 432/326/28 427/61/28 428/327/28
usemtl c_562424
f 433/329/1 434/330/1 435/331/1
f 435/331/1 434/330/1 436/332/1
f 437/329/33 434/330/33 438/333/33
f 438/333/33 434/330/33 433/334/33
f 434/329/34 437/330/34 436/331/34
f 436/331/34 437/330/34 439/332/34
f 437/329/4 438/330/4 439/331/4
f 439/331/4 438/330/4 440/332/4
f 440/329/35 435/330/35 439/333/35
f 439/333/35 435/330/35 436/334/35
f 438/329/36 433/330/36 440/331/36
f 440/331/36 433/330/36 435/332/36
f 441/335/1 442/336/1 443/337/1
f 443/337/1 442/336/1 444/338/1
f 445/335/10 442/336/10 446/339/10
f 446/339/10 442/336/10 441/340/10
f 442/335/7 445/336/7 444/337/7
f 444/337/7 445/336/7 447/338/7
f 445/335/4 446/336/4 447/337/4
f 447/337/4 446/336/4 448/338/4
f 448/335/8 443/336/8 447/339/8
f 447/339/8 443/336/8 444/340/8
f 446/335/9 441/336/9 448/337/9
f 448/337/9 441/336/9 443/338/9
f 449/341/1 450/342/1 451/343/1
f 451/343/1 450/342/1 452/344/1
f 453/341/6 450/342/6 454/345/6
f 454/345/6 450/342/6 449/346/6
f 450/341/2 453/342/2 452/343/2
f 452/343/2 453/342/2 455/344/2
f 453/341/4 454/342/4 455/343/4
f 455/343/4 454/342/4 456/344/4
f 456/341/3 451/342/3 455/345/3
f 455/345/3 451/342/3 452/346/3
f 454/341/5 449/342/5 456/343/5
f 456/343/5 449/342/5 451/344/5
f 457/347/1 458/245/1 459/348/1
f 459/348/1 458/245/1 460/349/1
f 461/347/29 458/245/29 462/350/29
f 462/350/29 458/245/29 457/351/29
f 458/347/30 461/245/30 460/348/30
f 460/348/30 461/245/30 463/349/30
f 461/347/4 462/245/4 463/348/4
f 463/348/4 462/245/4 464/349/4
f 464/347/31 459/245/31 463/350/31
f 463/350/31 459/245/31 460/351/31
f 462/347/32 457/245/32 464/348/32
f 464/348/32 457/245/32 459/349/32
f 465/352/1 466/353/1 467/354/1
f 467/354/1 466/353/1 468/158/1
f 469/352/25 466/353/25 470/354/25
f 470/354/25 466/353/25 465/158/25
f 466/352/26 469/353/26 468/354/26
f 468/354/26 469/353/26 471/158/26
f 469/352/4 470/353/4 471/354/4
f 471/354/4 470/353/4 472/158/4
f 472/352/27 467/353/27 471/354/27
f 471/354/27 467/353/27 468/158/27
f 470/352/28 465/353/28 472/354/28
f 472/354/28 465/353/28 467/158/28
f 473/355/1 474/356/1 475/357/1
f 475/357/1 474/356/1 476/358/1
f 477/359/29 474/356/29 478/360/29
f 478/360/29 474/356/29 473/358/29
f 474/359/30 477/356/30 476/360/30
f 476/360/30 477/356/30 479/358/30
f 477/355/4 478/356/4 479/357/4
f 479/357/4 478/356/4 480/358/4
f 480/359/31 475/356/31 479/360/31
f 479/360/31 475/356/31 476/358/31
f 478/359/32 473/356/32 480/360/32
f 480/360/32 473/356/32 475/358/32
usemtl c_cc8e69
f 481/361/1 482/362/1 483/363/1
f 483/363/1 482/362/1 457/364/1
f 484/365/29 482/362/29 485/366/29
f 485/366/29 482/362/29 481/367/29
f 482/365/30 484/362/30 457/368/30
f 457/368/30 484/362/30 462/364/30
f 484/361/4 485/362/4 462/363/4
f 462/363/4 485/362/4 486/364/4
f 486/365/31 483/362/31 462/366/31
f 462/366/31 483/362/31 457/367/31
f 485/365/32 481/362/32 486/368/32
f 486/368/32 481/362/32 483/364/32
o RightUpperLeg
usemtl c_ff00bf
f 487/369/1 488/370/1 489/371/1
f 489/371/1 488/370/1 490/372/1
f 491/369/37 488/370/37 492/371/37
f 492/371/37 488/370/37 487/372/37
f 488/369/38 491/370/38 490/371/38
f 490/371/38 491/370/38 493/372/38
f 491/369/4 492/370/4 493/371/4
f 493/371/4 492/370/4 494/372/4
f 494/369/39 489/370/39 493/371/39
f 493/371/39 489/370/39 490/372/39
f 492/369/40 487/370/40 494/371/40
f 494/371/40 487/370/40 489/372/40
f 495/373/1 496/112/1 497/374/1
f 497/374/1 496/112/1 498/113/1
f 499/375/37 496/112/37 500/376/37
f 500/376/37 496/112/37 495/377/37
f 496/375/38 499/112/38 498/378/38
f 498/378/38 499/112/38 501/113/38
f 499/373/4 500/112/4 501/374/4
f 501/374/4 500/112/4 502/113/4
f 502/375/39 497/112/39 501/376/39
f 501/376/39 497/112/39 498/377/39
f 500/375/40 495/112/40 502/378/40
f 502/378/40 495/112/40 497/113/40
f 489/379/1 503/380/1 504/381/1
f 504/381/1 503/380/1 505/382/1
f 506/383/37 503/380/37 494/384/37
f 494/384/37 503/380/37 489/385/37
f 503/383/38 506/380/38 505/386/38
f 505/386/38 506/380/38 507/382/38
f 506/379/4 494/380/4 507/381/4
f 507/381/4 494/380/4 508/382/4
f 508/383/39 504/380/39 507/384/39
f 507/384/39 504/380/39 505/385/39
f 494/383/40 489/380/40 508/386/40
f 508/386/40 489/380/40 504/382/40
usemtl c_562424
f 509/387/1 510/388/1 511/389/1
f 511/389/1 510/388/1 512/390/1
f 513/391/37 510/388/37 514/392/37
f 514/392/37 510/388/37 509/393/37
f 510/391/38 513/388/38 512/394/38
f 512/394/38 513/388/38 515/390/38
f 513/387/4 514/388/4 515/389/4
f 515/389/4 514/388/4 516/390/4
f 516/391/39 511/388/39 515/392/39
f 515/392/39 511/388/39 512/393/39
f 514/391/40 509/388/40 516/394/40
f 516/394/40 509/388/40 511/390/40
f 517/157/1 518/395/1 519/396/1
f 519/396/1 518/395/1 520/397/1
f 521/398/37 518/395/37 522/399/37
f 522/399/37 518/395/37 517/400/37
f 518/398/38 521/395/38 520/401/38
f 520/401/38 521/395/38 523/397/38
f 521/157/4 522/395/4 523/396/4
f 523/396/4 522/395/4 524/397/4
f 524/398/39 519/395/39 523/399/39
f 523/399/39 519/395/39 520/400/39
f 522/398/40 517/395/40 524/401/40
f 524/401/40 517/395/40 519/397/40
o RightFoot
usemtl c_a3a2a5
f 525/402/1 526/2/1 527/403/1
f 527/403/1 526/2/1 528/404/1
f 529/402/7 526/2/7 530/403/7
f 530/403/7 526/2/7 525/404/7
f 526/402/8 529/2/8 528/403/8
f 528/403/8 529/2/8 531/404/8
f 529/402/4 530/2/4 531/403/4
f 531/403/4 530/2/4 532/404/4
f 532/402/9 527/2/9 531/403/9
f 531/403/9 527/2/9 528/404/9
f 530/402/10 525/2/10 532/403/10
f 532/403/10 525/2/10 527/404/10
f 533/405/1 534/406/1 535/407/1
f 535/407/1 534/406/1 536/408/1
f 537/405/7 534/406/7 538/407/7
f 538/407/7 534/406/7 533/408/7
f 534/405/8 537/406/8 536/407/8
f 536/407/8 537/406/8 539/408/8
f 537/405/4 538/406/4 539/407/4
f 539/407/4 538/406/4 540/408/4
f 540/405/9 535/406/9 539/407/9
f 539/407/9 535/406/9 536/408/9
f 538/405/10 533/406/10 540/407/10
f 540/407/10 533/406/10 535/408/10
f 541/409/1 542/410/1 543/411/1
f 543/411/1 542/410/1 544/412/1
f 545/409/7 542/410/7 546/411/7
f 546/411/7 542/410/7 541/412/7
f 542/409/8 545/410/8 544/411/8
f 544/411/8 545/410/8 547/412/8
f 545/409/4 546/410/4 547/411/4
f 547/411/4 546/410/4 548/412/4
f 548/409/9 543/410/9 547/411/9
f 547/411/9 543/410/9 544/412/9
f 546/409/10 541/410/10 548/411/10
f 548/411/10 541/410/10 543/412/10
usemtl c_562424
f 542/413/1 549/108/1 544/414/1
f 544/414/1 549/108/1 550/415/1
f 551/413/7 549/108/7 537/416/7
f 537/416/7 549/108/7 542/417/7
f 549/413/8 551/108/8 550/414/8
f 550/414/8 551/108/8 552/415/8
f 551/413/4 537/108/4 552/414/4
f 552/414/4 537/108/4 539/415/4
f 539/413/9 544/108/9 552/416/9
f 552/416/9 544/108/9 550/417/9
f 537/413/10 542/108/10 539/414/10
f 539/414/10 542/108/10 544/415/10
f 553/122/1 554/119/1 555/123/1
f 555/123/1 554/119/1 556/121/1
f 557/418/7 554/119/7 558/419/7
f 558/419/7 554/119/7 553/420/7
f 554/418/8 557/119/8 556/421/8
f 556/421/8 557/119/8 559/121/8
f 557/122/4 558/119/4 559/123/4
f 559/123/4 558/119/4 560/121/4
f 560/418/9 555/119/9 559/419/9
f 559/419/9 555/119/9 556/420/9
f 558/418/10 553/119/10 560/421/10
f 560/421/10 553/119/10 555/121/10
f 561/353/1 562/422/1 563/423/1
f 563/423/1 562/422/1 564/424/1
f 565/425/7 562/422/7 566/426/7
f 566/426/7 562/422/7 561/427/7
f 562/425/8 565/422/8 564/428/8
f 564/428/8 565/422/8 567/424/8
f 565/353/4 566/422/4 567/423/4
f 567/423/4 566/422/4 568/424/4
f 568/425/9 563/422/9 567/426/9
f 567/426/9 563/422/9 564/427/9
f 566/425/10 561/422/10 568/428/10
f 568/428/10 561/422/10 563/424/10
o LeftLowerArm
usemtl c_562424
f 569/429/41 570/430/41 571/431/41
f 571/431/41 570/430/41 572/432/41
f 573/433/42 570/430/42 574/434/42
f 574/434/42 570/430/42 569/435/42
f 570/433/43 573/430/43 572/436/43
f 572/436/43 573/430/43 575/432/43
f 573/429/44 574/430/44 575/431/44
f 575/431/44 574/430/44 576/432/44
f 576/433/45 571/430/45 575/434/45
f 575/434/45 571/430/45 572/435/45
f 574/433/46 569/430/46 576/436/46
f 576/436/46 569/430/46 571/432/46
f 577/437/41 578/438/41 579/439/41
f 579/439/41 578/438/41 580/440/41
f 581/441/47 578/438/47 582/442/47
f 582/442/47 578/438/47 577/440/47
f 578/441/48 581/438/48 580/442/48
f 580/442/48 581/438/48 583/440/48
f 581/437/44 582/438/44 583/439/44
f 583/439/44 582/438/44 584/440/44
f 584/441/49 579/438/49 583/442/49
f 583/442/49 579/438/49 580/440/49
f 582/441/50 577/438/50 584/442/50
f 584/442/50 577/438/50 579/440/50
o LeftHand
usemtl c_562424
f 585/443/41 586/444/41 587/445/41
f 587/445/41 586/444/41 588/446/41
f 589/443/42 586/444/42 590/445/42
f 590/445/42 586/444/42 585/446/42
f 586/443/43 589/444/43 588/445/43
f 588/445/43 589/444/43 591/446/43
f 589/443/44 590/444/44 591/445/44
f 591/445/44 590/444/44 592/446/44
f 592/443/45 587/444/45 591/445/45
f 591/445/45 587/444/45 588/446/45
f 590/443/46 585/444/46 592/445/46
f 592/445/46 585/444/46 587/446/46
f 593/447/51 594/448/51 595/449/51
f 595/449/51 594/448/51 596/450/51
f 597/447/52 594/448/52 598/449/52
f 598/449/52 594/448/52 593/450/52
f 594/447/43 597/448/43 596/449/43
f 596/449/43 597/448/43 599/450/43
f 597/447/53 598/448/53 599/449/53
f 599/449/53 598/448/53 600/450/53
f 600/447/54 595/448/54 599/449/54
f 599/449/54 595/448/54 596/450/54
f 598/447/46 593/448/46 600/449/46
f 600/449/46 593/448/46 595/450/46
f 601/451/41 602/336/41 603/452/41
f 603/452/41 602/336/41 604/453/41
f 605/451/42 602/336/42 606/452/42
f 606/452/42 602/336/42 601/453/42
f 602/451/43 605/336/43 604/452/43
f 604/452/43 605/336/43 607/453/43
f 605/451/44 606/336/44 607/452/44
f 607/452/44 606/336/44 608/453/44
f 608/451/45 603/336/45 607/452/45
f 607/452/45 603/336/45 604/453/45
f 606/451/46 601/336/46 608/452/46
f 608/452/46 601/336/46 603/453/46
f 609/454/51 610/455/51 611/456/51
f 611/456/51 610/455/51 612/457/51
f 613/454/52 610/455/52 614/456/52
f 614/456/52 610/455/52 609/457/52
f 610/454/43 613/455/43 612/456/43
f 612/456/43 613/455/43 615/457/43
f 613/454/53 614/455/53 615/456/53
f 615/456/53 614/455/53 616/457/53
f 616/454/54 611/455/54 615/456/54
f 615/456/54 611/455/54 612/457/54
f 614/454/46 609/455/46 616/456/46
f 616/456/46 609/455/46 611/457/46
f 617/458/41 618/459/41 619/460/41
f 619/460/41 618/459/41 620/461/41
f 621/462/42 618/459/42 622/49/42
f 622/49/42 618/459/42 617/463/42
f 618/462/43 621/459/43 620/464/43
f 620/464/43 621/459/43 623/461/43
f 621/458/44 622/459/44 623/460/44
f 623/460/44 622/459/44 624/461/44
f 624/462/45 619/459/45 623/49/45
f 623/49/45 619/459/45 620/463/45
f 622/462/46 617/459/46 624/464/46
f 624/464/46 617/459/46 619/461/46
f 625/465/41 626/466/41 627/467/41
f 627/467/41 626/466/41 628/468/41
f 629/465/42 626/466/42 630/467/42
f 630/467/42 626/466/42 625/468/42
f 626/465/43 629/466/43 628/467/43
f 628/467/43 629/466/43 631/468/43
f 629/465/44 630/466/44 631/467/44
f 631/467/44 630/466/44 632/468/44
f 632/465/45 627/466/45 631/467/45
f 631/467/45 627/466/45 628/468/45
f 630/465/46 625/466/46 632/467/46
f 632/467/46 625/466/46 627/468/46
f 633/469/51 634/352/51 635/470/51
f 635/470/51 634/352/51 636/471/51
f 637/469/52 634/352/52 638/470/52
f 638/470/52 634/352/52 633/471/52
f 634/469/43 637/352/43 636/470/43
f 636/470/43 637/352/43 639/471/43
f 637/469/53 638/352/53 639/470/53
f 639/470/53 638/352/53 640/471/53
f 640/469/54 635/352/54 639/470/54
f 639/470/54 635/352/54 636/471/54
f 638/469/46 633/352/46 640/470/46
f 640/470/46 633/352/46 635/471/46
f 641/472/41 642/473/41 643/474/41
f 643/474/41 642/473/41 644/475/41
f 645/472/42 642/473/42 646/474/42
f 646/474/42 642/473/42 641/475/42
f 642/472/43 645/473/43 644/474/43
f 644/474/43 645/473/43 647/475/43
f 645/472/44 646/473/44 647/474/44
f 647/474/44 646/473/44 648/475/44
f 648/472/45 643/473/45 647/474/45
f 647/474/45 643/473/45 644/475/45
f 646/472/46 641/473/46 648/474/46
f 648/474/46 641/473/46 643/475/46
usemtl c_f8f8f8
f 649/476/51 650/477/51 651/478/51
f 651/478/51 650/477/51 652/479/51
f 653/476/52 650/477/52 654/478/52
f 654/478/52 650/477/52 649/479/52
f 650/476/43 653/477/43 652/478/43
f 652/478/43 653/477/43 655/479/43
f 653/476/53 654/477/53 655/478/53
f 655/478/53 654/477/53 656/479/53
f 656/476/54 651/477/54 655/478/54
f 655/478/54 651/477/54 652/479/54
f 654/476/46 649/477/46 656/478/46
f 656/478/46 649/477/46 651/479/46
f 657/480/41 658/481/41 659/482/41
f 659/482/41 658/481/41 660/483/41
f 661/480/42 658/481/42 662/482/42
f 662/482/42 658/481/42 657/483/42
f 658/480/43 661/481/43 660/482/43
f 660/482/43 661/481/43 663/483/43
f 661/480/44 662/481/44 663/482/44
f 663/482/44 662/481/44 664/483/44
f 664/480/45 659/481/45 663/482/45
f 663/482/45 659/481/45 660/483/45
f 662/480/46 657/481/46 664/482/46
f 664/482/46 657/481/46 659/483/46
f 665/484/51 666/157/51 667/485/51
f 667/485/51 666/157/51 668/486/51
f 669/484/52 666/157/52 670/485/52
f 670/485/52 666/157/52 665/486/52
f 666/484/43 669/157/43 668/485/43
f 668/485/43 669/157/43 671/486/43
f 669/484/53 670/157/53 671/485/53
f 671/485/53 670/157/53 672/486/53
f 672/484/54 667/157/54 671/485/54
f 671/485/54 667/157/54 668/486/54
f 670/484/46 665/157/46 672/485/46
f 672/485/46 665/157/46 667/486/46
f 673/487/51 674/488/51 675/489/51
f 675/489/51 674/488/51 676/490/51
f 677/487/52 674/488/52 678/489/52
f 678/489/52 674/488/52 673/490/52
f 674/487/43 677/488/43 676/489/43
f 676/489/43 677/488/43 679/490/43
f 677/487/53 678/488/53 679/489/53
f 679/489/53 678/488/53 680/490/53
f 680/487/54 675/488/54 679/489/54
f 679/489/54 675/488/54 676/490/54
f 678/487/46 673/488/46 680/489/46
f 680/489/46 673/488/46 675/490/46
usemtl c_ff00bf
f 681/491/41 682/492/41 683/493/41
f 683/493/41 682/492/41 684/494/41
f 685/495/42 682/492/42 686/496/42
f 686/496/42 682/492/42 681/497/42
f 682/495/43 685/492/43 684/498/43
f 684/498/43 685/492/43 687/494/43
f 685/491/44 686/492/44 687/493/44
f 687/493/44 686/492/44 688/494/44
f 688/495/45 683/492/45 687/496/45
f 687/496/45 683/492/45 684/497/45
f 686/495/46 681/492/46 688/498/46
f 688/498/46 681/492/46 683/494/46
o LeftUpperLeg
usemtl c_562424
f 689/499/1 690/500/1 691/501/1
f 691/501/1 690/500/1 692/502/1
f 693/503/37 690/500/37 694/504/37
f 694/504/37 690/500/37 689/505/37
f 690/503/38 693/500/38 692/506/38
f 692/506/38 693/500/38 695/502/38
f 693/499/4 694/500/4 695/501/4
f 695/501/4 694/500/4 696/502/4
f 696/503/39 691/500/39 695/504/39
f 695/504/39 691/500/39 692/505/39
f 694/503/40 689/500/40 696/506/40
f 696/506/40 689/500/40 691/502/40
f 697/507/1 698/508/1 699/509/1
f 699/509/1 698/508/1 700/510/1
f 701/511/37 698/508/37 702/512/37
f 702/512/37 698/508/37 697/513/37
f 698/511/38 701/508/38 700/514/38
f 700/514/38 701/508/38 703/510/38
f 701/507/4 702/508/4 703/509/4
f 703/509/4 702/508/4 704/510/4
f 704/511/39 699/508/39 703/512/39
f 703/512/39 699/508/39 700/513/39
f 702/511/40 697/508/40 704/514/40
f 704/514/40 697/508/40 699/510/40
usemtl c_ff00bf
f 705/515/1 706/516/1 707/517/1
f 707/517/1 706/516/1 708/518/1
f 709/519/37 706/516/37 710/54/37
f 710/54/37 706/516/37 705/520/37
f 706/519/38 709/516/38 708/521/38
f 708/521/38 709/516/38 711/518/38
f 709/515/4 710/516/4 711/517/4
f 711/517/4 710/516/4 712/518/4
f 712/519/39 707/516/39 711/54/39
f 711/54/39 707/516/39 708/520/39
f 710/519/40 705/516/40 712/521/40
f 712/521/40 705/516/40 707/518/40
f 713/522/1 714/523/1 715/524/1
f 715/524/1 714/523/1 716/525/1
f 717/522/37 714/523/37 718/524/37
f 718/524/37 714/523/37 713/525/37
f 714/522/38 717/523/38 716/524/38
f 716/524/38 717/523/38 719/525/38
f 717/522/4 718/523/4 719/524/4
f 719/524/4 718/523/4 720/525/4
f 720/522/39 715/523/39 719/524/39
f 719/524/39 715/523/39 716/525/39
f 718/522/40 713/523/40 720/524/40
f 720/524/40 713/523/40 715/525/40
f 715/125/1 721/526/1 722/527/1
f 722/527/1 721/526/1 723/528/1
f 724/529/37 721/526/37 720/530/37
f 720/530/37 721/526/37 715/531/37
f 721/529/38 724/526/38 723/532/38
f 723/532/38 724/526/38 725/528/38
f 724/125/4 720/526/4 725/527/4
f 725/527/4 720/526/4 726/528/4
f 726/529/39 722/526/39 725/530/39
f 725/530/39 722/526/39 723/531/39
f 720/529/40 715/526/40 726/532/40
f 726/532/40 715/526/40 722/528/40
o UpperTorso
usemtl c_cc8e69
f 727/533/1 728/534/1 729/535/1
f 729/535/1 728/534/1 730/536/1
f 731/112/7 728/534/7 732/113/7
f 732/113/7 728/534/7 727/537/7
f 728/112/8 731/534/8 730/538/8
f 730/538/8 731/534/8 733/536/8
f 731/533/4 732/534/4 733/535/4
f 733/535/4 732/534/4 734/536/4
f 734/112/9 729/534/9 733/113/9
f 733/113/9 729/534/9 730/537/9
f 732/112/10 727/534/10 734/538/10
f 734/538/10 727/534/10 729/536/10
f 735/539/1 736/540/1 737/541/1
f 737/541/1 736/540/1 738/542/1
f 739/543/7 736/540/7 740/544/7
f 740/544/7 736/540/7 735/545/7
f 736/543/8 739/540/8 738/546/8
f 738/546/8 739/540/8 741/542/8
f 739/539/4 740/540/4 741/541/4
f 741/541/4 740/540/4 742/542/4
f 742/543/9 737/540/9 741/544/9
f 741/544/9 737/540/9 738/545/9
f 740/543/10 735/540/10 742/546/10
f 742/546/10 735/540/10 737/542/10
f 743/270/1 737/271/1 744/547/1
f 744/547/1 737/271/1 745/548/1
f 742/549/7 737/271/7 746/550/7
f 746/550/7 737/271/7 743/548/7
f 737/549/8 742/271/8 745/550/8
f 745/550/8 742/271/8 747/548/8
f 742/270/4 746/271/4 747/547/4
f 747/547/4 746/271/4 748/548/4
f 748/549/9 744/271/9 747/550/9
f 747/550/9 744/271/9 745/548/9
f 746/549/10 743/271/10 748/550/10
f 748/550/10 743/271/10 744/548/10
f 749/551/1 750/552/1 751/553/1
f 751/553/1 750/552/1 752/554/1
f 753/555/7 750/552/7 754/556/7
f 754/556/7 750/552/7 749/554/7
f 750/555/8 753/552/8 752/556/8
f 752/556/8 753/552/8 755/554/8
f 753/551/4 754/552/4 755/553/4
f 755/553/4 754/552/4 756/554/4
f 756/555/9 751/552/9 755/556/9
f 755/556/9 751/552/9 752/554/9
f 754/555/10 749/552/10 756/556/10
f 756/556/10 749/552/10 751/554/10
f 757/557/1 758/558/1 759/559/1
f 759/559/1 758/558/1 760/560/1
f 761/561/7 758/558/7 762/562/7
f 762/562/7 758/558/7 757/560/7
f 758/561/8 761/558/8 760/562/8
f 760/562/8 761/558/8 763/560/8
f 761/557/4 762/558/4 763/559/4
f 763/559/4 762/558/4 764/560/4
f 764/561/9 759/558/9 763/562/9
f 763/562/9 759/558/9 760/560/9
f 762/561/10 757/558/10 764/562/10
f 764/562/10 757/558/10 759/560/10
usemtl c_ff00bf
f 765/563/1 766/564/1 767/565/1
f 767/565/1 766/564/1 768/566/1
f 769/563/7 766/564/7 770/565/7
f 770/565/7 766/564/7 765/566/7
f 766/563/8 769/564/8 768/565/8
f 768/565/8 769/564/8 771/566/8
f 769/563/4 770/564/4 771/565/4
f 771/565/4 770/564/4 772/566/4
f 772/563/9 767/564/9 771/565/9
f 771/565/9 767/564/9 768/566/9
f 770/563/10 765/564/10 772/565/10
f 772/565/10 765/564/10 767/566/10
f 773/567/1 774/568/1 775/374/1
f 775/374/1 774/568/1 776/17/1
f 777/567/2 774/568/2 778/569/2
f 778/569/2 774/568/2 773/570/2
f 774/567/3 777/568/3 776/374/3
f 776/374/3 777/568/3 779/17/3
f 777/567/4 778/568/4 779/374/4
f 779/374/4 778/568/4 780/17/4
f 780/567/5 775/568/5 779/569/5
f 779/569/5 775/568/5 776/570/5
f 778/567/6 773/568/6 780/374/6
f 780/374/6 773/568/6 775/17/6
f 781/571/1 782/572/1 783/573/1
f 783/573/1 782/572/1 784/574/1
f 785/571/7 782/572/7 786/573/7
f 786/573/7 782/572/7 781/574/7
f 782/571/8 785/572/8 784/573/8
f 784/573/8 785/572/8 787/574/8
f 785/571/4 786/572/4 787/573/4
f 787/573/4 786/572/4 788/574/4
f 788/571/9 783/572/9 787/573/9
f 787/573/9 783/572/9 784/574/9
f 786/571/10 781/572/10 788/573/10
f 788/573/10 781/572/10 783/574/10
f 789/49/1 790/575/1 791/576/1
f 791/576/1 790/575/1 792/577/1
f 793/49/2 790/575/2 794/576/2
f 794/576/2 790/575/2 789/577/2
f 790/49/3 793/575/3 792/576/3
f 792/576/3 793/575/3 795/577/3
f 793/49/4 794/575/4 795/576/4
f 795/576/4 794/575/4 796/577/4
f 796/49/5 791/575/5 795/576/5
f 795/576/5 791/575/5 792/577/5
f 794/49/6 789/575/6 796/576/6
f 796/576/6 789/575/6 791/577/6
f 797/578/1 798/82/1 799/579/1
f 799/579/1 798/82/1 800/580/1
f 801/578/7 798/82/7 802/579/7
f 802/579/7 798/82/7 797/580/7
f 798/578/8 801/82/8 800/579/8
f 800/579/8 801/82/8 803/580/8
f 801/578/4 802/82/4 803/579/4
f 803/579/4 802/82/4 804/580/4
f 804/578/9 799/82/9 803/579/9
f 803/579/9 799/82/9 800/580/9
f 802/578/10 797/82/10 804/579/10
f 804/579/10 797/82/10 799/580/10
f 805/581/1 806/582/1 807/583/1
f 807/583/1 806/582/1 808/584/1
f 809/581/7 806/582/7 810/583/7
f 810/583/7 806/582/7 805/584/7
f 806/581/8 809/582/8 808/583/8
f 808/583/8 809/582/8 811/584/8
f 809/581/4 810/582/4 811/583/4
f 811/583/4 810/582/4 812/584/4
f 812/581/9 807/582/9 811/583/9
f 811/583/9 807/582/9 808/584/9
f 810/581/10 805/582/10 812/583/10
f 812/583/10 805/582/10 807/584/10
f 813/585/1 814/586/1 815/587/1
f 815/587/1 814/586/1 816/588/1
f 817/585/7 814/586/7 818/587/7
f 818/587/7 814/586/7 813/588/7
f 814/585/8 817/586/8 816/587/8
f 816/587/8 817/586/8 819/588/8
f 817/585/4 818/586/4 819/587/4
f 819/587/4 818/586/4 820/588/4
f 820/585/9 815/586/9 819/587/9
f 819/587/9 815/586/9 816/588/9
f 818/585/10 813/586/10 820/587/10
f 820/587/10 813/586/10 815/588/10
f 821/589/1 822/590/1 823/591/1
f 823/591/1 822/590/1 824/592/1
f 825/589/7 822/590/7 826/593/7
f 826/593/7 822/590/7 821/594/7
f 822/589/8 825/590/8 824/591/8
f 824/591/8 825/590/8 827/592/8
f 825/589/4 826/590/4 827/591/4
f 827/591/4 826/590/4 828/592/4
f 828/589/9 823/590/9 827/593/9
f 827/593/9 823/590/9 824/594/9
f 826/589/10 821/590/10 828/591/10
f 828/591/10 821/590/10 823/592/10
f 829/595/1 830/596/1 831/597/1
f 831/597/1 830/596/1 832/598/1
f 833/595/7 830/596/7 834/597/7
f 834/597/7 830/596/7 829/598/7
f 830/595/8 833/596/8 832/597/8
f 832/597/8 833/596/8 835/598/8
f 833/595/4 834/596/4 835/597/4
f 835/597/4 834/596/4 836/598/4
f 836/595/9 831/596/9 835/597/9
f 835/597/9 831/596/9 832/598/9
f 834/595/10 829/596/10 836/597/10
f 836/597/10 829/596/10 831/598/10
f 837/599/1 838/600/1 839/601/1
f 839/601/1 838/600/1 840/602/1
f 841/599/7 838/600/7 842/603/7
f 842/603/7 838/600/7 837/604/7
f 838/599/8 841/600/8 840/601/8
f 840/601/8 841/600/8 843/602/8
f 841/599/4 842/600/4 843/601/4
f 843/601/4 842/600/4 844/602/4
f 844/599/9 839/600/9 843/603/9
f 843/603/9 839/600/9 840/604/9
f 842/599/10 837/600/10 844/601/10
f 844/601/10 837/600/10 839/602/10
f 845/605/1 829/606/1 846/607/1
f 846/607/1 829/606/1 799/608/1
f 834/605/7 829/606/7 847/609/7
f 847/609/7 829/606/7 845/610/7
f 829/605/8 834/606/8 799/607/8
f 799/607/8 834/606/8 804/608/8
f 834/605/4 847/606/4 804/607/4
f 804/607/4 847/606/4 848/608/4
f 848/605/9 846/606/9 804/609/9
f 804/609/9 846/606/9 799/610/9
f 847/605/10 845/606/10 848/607/10
f 848/607/10 845/606/10 846/608/10
f 849/611/1 850/612/1 851/613/1
f 851/613/1 850/612/1 852/614/1
f 853/615/7 850/612/7 854/616/7
f 854/616/7 850/612/7 849/617/7
f 850/615/8 853/612/8 852/618/8
f 852/618/8 853/612/8 855/614/8
f 853/611/4 854/612/4 855/613/4
f 855/613/4 854/612/4 856/614/4
f 856/615/9 851/612/9 855/616/9
f 855/616/9 851/612/9 852/617/9
f 854/615/10 849/612/10 856/618/10
f 856/618/10 849/612/10 851/614/10
f 857/619/1 858/620/1 859/621/1
f 859/621/1 858/620/1 860/622/1
f 861/619/2 858/620/2 862/623/2
f 862/623/2 858/620/2 857/624/2
f 858/619/3 861/620/3 860/621/3
f 860/621/3 861/620/3 863/622/3
f 861/619/4 862/620/4 863/621/4
f 863/621/4 862/620/4 864/622/4
f 864/619/5 859/620/5 863/623/5
f 863/623/5 859/620/5 860/624/5
f 862/619/6 857/620/6 864/621/6
f 864/621/6 857/620/6 859/622/6
f 865/625/1 866/359/1 867/626/1
f 867/626/1 866/359/1 868/340/1
f 869/625/7 866/359/7 870/626/7
f 870/626/7 866/359/7 865/340/7
f 866/625/8 869/359/8 868/626/8
f 868/626/8 869/359/8 871/340/8
f 869/625/4 870/359/4 871/626/4
f 871/626/4 870/359/4 872/340/4
f 872/625/9 867/359/9 871/626/9
f 871/626/9 867/359/9 868/340/9
f 870/625/10 865/359/10 872/626/10
f 872/626/10 865/359/10 867/340/10
f 873/627/1 874/628/1 875/629/1
f 875/629/1 874/628/1 854/630/1
f 876/627/7 874/628/7 877/631/7
f 877/631/7 874/628/7 873/632/7
f 874/627/8 876/628/8 854/629/8
f 854/629/8 876/628/8 878/630/8
f 876/627/4 877/628/4 878/629/4
f 878/629/4 877/628/4 879/630/4
f 879/627/9 875/628/9 878/631/9
f 878/631/9 875/628/9 854/632/9
f 877/627/10 873/628/10 879/629/10
f 879/629/10 873/628/10 875/630/10
f 880/633/1 781/634/1 881/635/1
f 881/635/1 781/634/1 767/636/1
f 786/633/7 781/634/7 882/637/7
f 882/637/7 781/634/7 880/638/7
f 781/633/8 786/634/8 767/635/8
f 767/635/8 786/634/8 772/636/8
f 786/633/4 882/634/4 772/635/4
f 772/635/4 882/634/4 883/636/4
f 883/633/9 881/634/9 772/637/9
f 772/637/9 881/634/9 767/638/9
f 882/633/10 880/634/10 883/635/10
f 883/635/10 880/634/10 881/636/10
f 884/639/1 885/31/1 886/640/1
f 886/640/1 885/31/1 887/32/1
f 888/639/7 885/31/7 889/640/7
f 889/640/7 885/31/7 884/32/7
f 885/639/8 888/31/8 887/640/8
f 887/640/8 888/31/8 890/32/8
f 888/639/4 889/31/4 890/640/4
f 890/640/4 889/31/4 891/32/4
f 891/639/9 886/31/9 890/640/9
f 890/640/9 886/31/9 887/32/9
f 889/639/10 884/31/10 891/640/10
f 891/640/10 884/31/10 886/32/10
f 827/641/1 892/642/1 893/643/1
f 893/643/1 892/642/1 894/644/1
f 895/645/7 892/642/7 896/646/7
f 896/646/7 892/642/7 827/647/7
f 892/645/8 895/642/8 894/648/8
f 894/648/8 895/642/8 897/644/8
f 895/641/4 896/642/4 897/643/4
f 897/643/4 896/642/4 898/644/4
f 898/645/9 893/642/9 897/646/9
f 897/646/9 893/642/9 894/647/9
f 896/645/10 827/642/10 898/648/10
f 898/648/10 827/642/10 893/644/10
f 899/649/1 900/645/1 901/650/1
f 901/650/1 900/645/1 902/646/1
f 903/649/2 900/645/2 904/650/2
f 904/650/2 900/645/2 899/646/2
f 900/649/3 903/645/3 902/650/3
f 902/650/3 903/645/3 905/646/3
f 903/649/4 904/645/4 905/650/4
f 905/650/4 904/645/4 906/646/4
f 906/649/5 901/645/5 905/650/5
f 905/650/5 901/645/5 902/646/5
f 904/649/6 899/645/6 906/650/6
f 906/650/6 899/645/6 901/646/6
f 907/651/1 908/652/1 909/653/1
f 909/653/1 908/652/1 910/654/1
f 911/651/7 908/652/7 912/655/7
f 912/655/7 908/652/7 907/656/7
f 908/651/8 911/652/8 910/653/8
f 910/653/8 911/652/8 913/654/8
f 911/651/4 912/652/4 913/653/4
f 913/653/4 912/652/4 914/654/4
f 914/651/9 909/652/9 913/655/9
f 913/655/9 909/652/9 910/656/9
f 912/651/10 907/652/10 914/653/10
f 914/653/10 907/652/10 909/654/10
usemtl c_562424
f 915/657/1 916/658/1 917/659/1
f 917/659/1 916/658/1 918/507/1
f 919/657/2 916/658/2 920/660/2
f 920/660/2 916/658/2 915/661/2
f 916/657/3 919/658/3 918/659/3
f 918/659/3 919/658/3 921/507/3
f 919/657/4 920/658/4 921/659/4
f 921/659/4 920/658/4 922/507/4
f 922/657/5 917/658/5 921/660/5
f 921/660/5 917/658/5 918/661/5
f 920/657/6 915/658/6 922/659/6
f 922/659/6 915/658/6 917/507/6
f 923/662/1 924/663/1 925/664/1
f 925/664/1 924/663/1 926/665/1
f 927/662/7 924/663/7 928/477/7
f 928/477/7 924/663/7 923/666/7
f 924/662/8 927/663/8 926/664/8
f 926/664/8 927/663/8 929/665/8
f 927/662/4 928/663/4 929/664/4
f 929/664/4 928/663/4 930/665/4
f 930/662/9 925/663/9 929/477/9
f 929/477/9 925/663/9 926/666/9
f 928/662/10 923/663/10 930/664/10
f 930/664/10 923/663/10 925/665/10
f 931/667/1 849/385/1 932/668/1
f 932/668/1 849/385/1 851/669/1
f 896/667/7 849/385/7 933/670/7
f 933/670/7 849/385/7 931/671/7
f 849/667/8 896/385/8 851/668/8
f 851/668/8 896/385/8 898/669/8
f 896/667/4 933/385/4 898/668/4
f 898/668/4 933/385/4 934/669/4
f 934/667/9 932/385/9 898/670/9
f 898/670/9 932/385/9 851/671/9
f 933/667/10 931/385/10 934/668/10
f 934/668/10 931/385/10 932/669/10
usemtl c_ff5959
f 935/672/1 931/673/1 936/674/1
f 936/674/1 931/673/1 932/675/1
f 937/672/7 931/673/7 938/676/7
f 938/676/7 931/673/7 935/677/7
f 931/672/8 937/673/8 932/674/8
f 932/674/8 937/673/8 939/675/8
f 937/672/4 938/673/4 939/674/4
f 939/674/4 938/673/4 940/675/4
f 940/672/9 936/673/9 939/676/9
f 939/676/9 936/673/9 932/677/9
f 938/672/10 935/673/10 940/674/10
f 940/674/10 935/673/10 936/675/10
f 941/678/1 942/679/1 943/680/1
f 943/680/1 942/679/1 944/351/1
f 933/678/7 942/679/7 945/681/7
f 945/681/7 942/679/7 941/682/7
f 942/678/8 933/679/8 944/680/8
f 944/680/8 933/679/8 934/351/8
f 933/678/4 945/679/4 934/680/4
f 934/680/4 945/679/4 946/351/4
f 946/678/9 943/679/9 934/681/9
f 934/681/9 943/679/9 944/682/9
f 945/678/10 941/679/10 946/680/10
f 946/680/10 941/679/10 943/351/10
o LowerTorso
usemtl c_ff00bf
f 947/683/1 948/12/1 949/569/1
f 949/569/1 948/12/1 950/570/1
f 951/683/2 948/12/2 952/684/2
f 952/684/2 948/12/2 947/14/2
f 948/683/3 951/12/3 950/569/3
f 950/569/3 951/12/3 953/570/3
f 951/683/4 952/12/4 953/569/4
f 953/569/4 952/12/4 954/570/4
f 954/683/5 949/12/5 953/684/5
f 953/684/5 949/12/5 950/14/5
f 952/683/6 947/12/6 954/569/6
f 954/569/6 947/12/6 949/570/6
f 955/685/1 956/341/1 957/686/1
f 957/686/1 956/341/1 958/687/1
f 959/685/2 956/341/2 960/686/2
f 960/686/2 956/341/2 955/687/2
f 956/685/3 959/341/3 958/686/3
f 958/686/3 959/341/3 961/687/3
f 959/685/4 960/341/4 961/686/4
f 961/686/4 960/341/4 962/687/4
f 962/685/5 957/341/5 961/686/5
f 961/686/5 957/341/5 958/687/5
f 960/685/6 955/341/6 962/686/6
f 962/686/6 955/341/6 957/687/6
f 948/688/1 963/689/1 964/690/1
f 964/690/1 963/689/1 965/691/1
f 966/688/2 963/689/2 951/692/2
f 951/692/2 963/689/2 948/693/2
f 963/688/3 966/689/3 965/690/3
f 965/690/3 966/689/3 967/691/3
f 966/688/4 951/689/4 967/690/4
f 967/690/4 951/689/4 968/691/4
f 968/688/5 964/689/5 967/692/5
f 967/692/5 964/689/5 965/693/5
f 951/688/6 948/689/6 968/690/6
f 968/690/6 948/689/6 964/691/6
f 969/694/1 955/430/1 970/695/1
f 970/695/1 955/430/1 971/696/1
f 960/694/2 955/430/2 972/697/2
f 972/697/2 955/430/2 969/698/2
f 955/694/3 960/430/3 971/695/3
f 971/695/3 960/430/3 973/696/3
f 960/694/4 972/430/4 973/695/4
f 973/695/4 972/430/4 974/696/4
f 974/694/5 970/430/5 973/697/5
f 973/697/5 970/430/5 971/698/5
f 972/694/6 969/430/6 974/695/6
f 974/695/6 969/430/6 970/696/6
f 963/659/1 975/699/1 976/700/1
f 976/700/1 975/699/1 977/701/1
f 978/659/2 975/699/2 966/700/2
f 966/700/2 975/699/2 963/701/2
f 975/659/3 978/699/3 977/700/3
f 977/700/3 978/699/3 979/701/3
f 978/659/4 966/699/4 979/700/4
f 979/700/4 966/699/4 980/701/4
f 980/659/5 976/699/5 979/700/5
f 979/700/5 976/699/5 977/701/5
f 966/659/6 963/699/6 980/700/6
f 980/700/6 963/699/6 976/701/6
f 981/702/1 969/477/1 982/703/1
f 982/703/1 969/477/1 983/704/1
f 972/702/2 969/477/2 984/705/2
f 984/705/2 969/477/2 981/706/2
f 969/702/3 972/477/3 983/703/3
f 983/703/3 972/477/3 985/704/3
f 972/702/4 984/477/4 985/703/4
f 985/703/4 984/477/4 986/704/4
f 986/702/5 982/477/5 985/705/5
f 985/705/5 982/477/5 983/706/5
f 984/702/6 981/477/6 986/703/6
f 986/703/6 981/477/6 982/704/6
usemtl c_562424
f 987/497/1 988/707/1 989/708/1
f 989/708/1 988/707/1 990/709/1
f 991/497/2 988/707/2 992/710/2
f 992/710/2 988/707/2 987/628/2
f 988/497/3 991/707/3 990/708/3
f 990/708/3 991/707/3 993/709/3
f 991/497/4 992/707/4 993/708/4
f 993/708/4 992/707/4 994/709/4
f 994/497/5 989/707/5 993/710/5
f 993/710/5 989/707/5 990/628/5
f 992/497/6 987/707/6 994/708/6
f 994/708/6 987/707/6 989/709/6
usemtl c_cc8e69
f 995/711/1 996/712/1 997/713/1
f 997/713/1 996/712/1 998/714/1
f 999/715/2 996/712/2 1000/716/2
f 1000/716/2 996/712/2 995/671/2
f 996/715/3 999/712/3 998/717/3
f 998/717/3 999/712/3 1001/714/3
f 999/711/4 1000/712/4 1001/713/4
f 1001/713/4 1000/712/4 1002/714/4
f 1002/715/5 997/712/5 1001/716/5
f 1001/716/5 997/712/5 998/671/5
f 1000/715/6 995/712/6 1002/717/6
f 1002/717/6 995/712/6 997/714/6
o LeftUpperArm
usemtl c_ff00bf
f 1003/718/41 1004/719/41 1005/720/41
f 1005/720/41 1004/719/41 1006/721/41
f 1007/722/55 1004/719/55 1008/723/55
f 1008/723/55 1004/719/55 1003/658/55
f 1004/722/3 1007/719/3 1006/724/3
f 1006/724/3 1007/719/3 1009/721/3
f 1007/718/44 1008/719/44 1009/720/44
f 1009/720/44 1008/719/44 1010/721/44
f 1010/722/56 1005/719/56 1009/723/56
f 1009/723/56 1005/719/56 1006/658/56
f 1008/722/6 1003/719/6 1010/724/6
f 1010/724/6 1003/719/6 1005/721/6
f 1011/725/41 1012/726/41 1013/727/41
f 1013/727/41 1012/726/41 1004/728/41
f 1014/725/55 1012/726/55 1015/727/55
f 1015/727/55 1012/726/55 1011/728/55
f 1012/725/3 1014/726/3 1004/727/3
f 1004/727/3 1014/726/3 1007/728/3
f 1014/725/44 1015/726/44 1007/727/44
f 1007/727/44 1015/726/44 1016/728/44
f 1016/725/56 1013/726/56 1007/727/56
f 1007/727/56 1013/726/56 1004/728/56
f 1015/725/6 1011/726/6 1016/727/6
f 1016/727/6 1011/726/6 1013/728/6
usemtl c_562424
f 1017/729/41 1018/182/41 1019/730/41
f 1019/730/41 1018/182/41 1020/187/41
f 1021/729/55 1018/182/55 1022/731/55
f 1022/731/55 1018/182/55 1017/732/55
f 1018/729/3 1021/182/3 1020/730/3
f 1020/730/3 1021/182/3 1023/187/3
f 1021/729/44 1022/182/44 1023/730/44
f 1023/730/44 1022/182/44 1024/187/44
f 1024/729/56 1019/182/56 1023/731/56
f 1023/731/56 1019/182/56 1020/732/56
f 1022/729/6 1017/182/6 1024/730/6
f 1024/730/6 1017/182/6 1019/187/6
f 1025/507/41 1026/733/41 1027/734/41
f 1027/734/41 1026/733/41 1028/735/41
f 1029/507/55 1026/733/55 1030/736/55
f 1030/736/55 1026/733/55 1025/737/55
f 1026/507/3 1029/733/3 1028/734/3
f 1028/734/3 1029/733/3 1031/735/3
f 1029/507/44 1030/733/44 1031/734/44
f 1031/734/44 1030/733/44 1032/735/44
f 1032/507/56 1027/733/56 1031/736/56
f 1031/736/56 1027/733/56 1028/737/56
f 1030/507/6 1025/733/6 1032/734/6
f 1032/734/6 1025/733/6 1027/735/6
f 1033/738/41 1034/739/41 1035/740/41
f 1035/740/41 1034/739/41 1036/741/41
f 1037/738/55 1034/739/55 1038/742/55
f 1038/742/55 1034/739/55 1033/743/55
f 1034/738/3 1037/739/3 1036/740/3
f 1036/740/3 1037/739/3 1039/741/3
f 1037/738/44 1038/739/44 1039/740/44
f 1039/740/44 1038/739/44 1040/741/44
f 1040/738/56 1035/739/56 1039/742/56
f 1039/742/56 1035/739/56 1036/743/56
f 1038/738/6 1033/739/6 1040/740/6
f 1040/740/6 1033/739/6 1035/741/6
o LeftFoot
usemtl c_a3a2a5
f 1041/744/1 1042/745/1 1043/746/1
f 1043/746/1 1042/745/1 1044/747/1
f 1045/744/7 1042/745/7 1046/746/7
f 1046/746/7 1042/745/7 1041/747/7
f 1042/744/8 1045/745/8 1044/746/8
f 1044/746/8 1045/745/8 1047/747/8
f 1045/744/4 1046/745/4 1047/746/4
f 1047/746/4 1046/745/4 1048/747/4
f 1048/744/9 1043/745/9 1047/746/9
f 1047/746/9 1043/745/9 1044/747/9
f 1046/744/10 1041/745/10 1048/746/10
f 1048/746/10 1041/745/10 1043/747/10
f 1049/748/1 1050/749/1 1051/750/1
f 1051/750/1 1050/749/1 1052/751/1
f 1053/748/7 1050/749/7 1054/750/7
f 1054/750/7 1050/749/7 1049/751/7
f 1050/748/8 1053/749/8 1052/750/8
f 1052/750/8 1053/749/8 1055/751/8
f 1053/748/4 1054/749/4 1055/750/4
f 1055/750/4 1054/749/4 1056/751/4
f 1056/748/9 1051/749/9 1055/750/9
f 1055/750/9 1051/749/9 1052/751/9
f 1054/748/10 1049/749/10 1056/750/10
f 1056/750/10 1049/749/10 1051/751/10
f 1057/752/1 1058/753/1 1059/754/1
f 1059/754/1 1058/753/1 1060/755/1
f 1061/752/7 1058/753/7 1062/754/7
f 1062/754/7 1058/753/7 1057/755/7
f 1058/752/8 1061/753/8 1060/754/8
f 1060/754/8 1061/753/8 1063/755/8
f 1061/752/4 1062/753/4 1063/754/4
f 1063/754/4 1062/753/4 1064/755/4
f 1064/752/9 1059/753/9 1063/754/9
f 1063/754/9 1059/753/9 1060/755/9
f 1062/752/10 1057/753/10 1064/754/10
f 1064/754/10 1057/753/10 1059/755/10
usemtl c_562424
f 1065/756/1 1066/757/1 1067/758/1
f 1067/758/1 1066/757/1 1068/759/1
f 1069/760/7 1066/757/7 1070/761/7
f 1070/761/7 1066/757/7 1065/762/7
f 1066/760/8 1069/757/8 1068/763/8
f 1068/763/8 1069/757/8 1071/759/8
f 1069/756/4 1070/757/4 1071/758/4
f 1071/758/4 1070/757/4 1072/759/4
f 1072/760/9 1067/757/9 1071/761/9
f 1071/761/9 1067/757/9 1068/762/9
f 1070/760/10 1065/757/10 1072/763/10
f 1072/763/10 1065/757/10 1067/759/10
f 1073/764/1 1074/765/1 1075/766/1
f 1075/766/1 1074/765/1 1076/767/1
f 1077/768/7 1074/765/7 1078/769/7
f 1078/769/7 1074/765/7 1073/770/7
f 1074/768/8 1077/765/8 1076/771/8
f 1076/771/8 1077/765/8 1079/767/8
f 1077/764/4 1078/765/4 1079/766/4
f 1079/766/4 1078/765/4 1080/767/4
f 1080/768/9 1075/765/9 1079/769/9
f 1079/769/9 1075/765/9 1076/770/9
f 1078/768/10 1073/765/10 1080/771/10
f 1080/771/10 1073/765/10 1075/767/10
f 1058/772/1 1081/526/1 1060/773/1
f 1060/773/1 1081/526/1 1082/528/1
f 1083/772/7 1081/526/7 1045/774/7
f 1045/774/7 1081/526/7 1058/775/7
f 1081/772/8 1083/526/8 1082/773/8
f 1082/773/8 1083/526/8 1084/528/8
f 1083/772/4 1045/526/4 1084/773/4
f 1084/773/4 1045/526/4 1047/528/4
f 1047/772/9 1060/526/9 1084/774/9
f 1084/774/9 1060/526/9 1082/775/9
f 1045/772/10 1058/526/10 1047/773/10
f 1047/773/10 1058/526/10 1060/528/10
o RightUpperArm
usemtl c_562424
f 1085/590/57 1086/776/57 1087/592/57
f 1087/592/57 1086/776/57 1088/777/57
f 1089/590/58 1086/776/58 1090/778/58
f 1090/778/58 1086/776/58 1085/779/58
f 1086/590/3 1089/776/3 1088/592/3
f 1088/592/3 1089/776/3 1091/777/3
f 1089/590/59 1090/776/59 1091/592/59
f 1091/592/59 1090/776/59 1092/777/59
f 1092/590/60 1087/776/60 1091/778/60
f 1091/778/60 1087/776/60 1088/779/60
f 1090/590/6 1085/776/6 1092/592/6
f 1092/592/6 1085/776/6 1087/777/6
f 1093/780/57 1094/458/57 1095/781/57
f 1095/781/57 1094/458/57 1096/460/57
f 1097/780/58 1094/458/58 1098/782/58
f 1098/782/58 1094/458/58 1093/783/58
f 1094/780/3 1097/458/3 1096/781/3
f 1096/781/3 1097/458/3 1099/460/3
f 1097/780/59 1098/458/59 1099/781/59
f 1099/781/59 1098/458/59 1100/460/59
f 1100/780/60 1095/458/60 1099/782/60
f 1099/782/60 1095/458/60 1096/783/60
f 1098/780/6 1093/458/6 1100/781/6
f 1100/781/6 1093/458/6 1095/460/6
f 1101/312/57 1102/784/57 1103/314/57
f 1103/314/57 1102/784/57 1104/785/57
f 1105/312/58 1102/784/58 1106/786/58
f 1106/786/58 1102/784/58 1101/787/58
f 1102/312/3 1105/784/3 1104/314/3
f 1104/314/3 1105/784/3 1107/785/3
f 1105/312/59 1106/784/59 1107/314/59
f 1107/314/59 1106/784/59 1108/785/59
f 1108/312/60 1103/784/60 1107/786/60
f 1107/786/60 1103/784/60 1104/787/60
f 1106/312/6 1101/784/6 1108/314/6
f 1108/314/6 1101/784/6 1103/785/6
usemtl c_ff00bf
f 1109/779/57 1110/788/57 1111/789/57
f 1111/789/57 1110/788/57 1112/790/57
f 1113/791/58 1110/788/58 1114/792/58
f 1114/792/58 1110/788/58 1109/793/58
f 1110/791/3 1113/788/3 1112/794/3
f 1112/794/3 1113/788/3 1088/790/3
f 1113/779/59 1114/788/59 1088/789/59
f 1088/789/59 1114/788/59 1115/790/59
f 1115/791/60 1111/788/60 1088/792/60
f 1088/792/60 1111/788/60 1112/793/60
f 1114/791/6 1109/788/6 1115/794/6
f 1115/794/6 1109/788/6 1111/790/6
f 1116/795/57 1117/796/57 1118/797/57
f 1118/797/57 1117/796/57 1110/798/57
f 1119/795/58 1117/796/58 1120/797/58
f 1120/797/58 1117/796/58 1116/798/58
f 1117/795/3 1119/796/3 1110/797/3
f 1110/797/3 1119/796/3 1113/798/3
f 1119/795/59 1120/796/59 1113/797/59
f 1113/797/59 1120/796/59 1121/798/59
f 1121/795/60 1118/796/60 1113/797/60
f 1113/797/60 1118/796/60 1110/798/60
f 1120/795/6 1116/796/6 1121/797/6
f 1121/797/6 1116/796/6 1118/798/6
o RightHand
usemtl c_562424
f 1122/799/57 1123/800/57 1124/801/57
f 1124/801/57 1123/800/57 1125/802/57
f 1126/799/61 1123/800/61 1127/801/61
f 1127/801/61 1123/800/61 1122/802/61
f 1123/799/62 1126/800/62 1125/801/62
f 1125/801/62 1126/800/62 1128/802/62
f 1126/799/59 1127/800/59 1128/801/59
f 1128/801/59 1127/800/59 1129/802/59
f 1129/799/63 1124/800/63 1128/801/63
f 1128/801/63 1124/800/63 1125/802/63
f 1127/799/64 1122/800/64 1129/801/64
f 1129/801/64 1122/800/64 1124/802/64
f 1130/589/57 1131/590/57 1132/593/57
f 1132/593/57 1131/590/57 1133/594/57
f 1134/589/61 1131/590/61 1135/593/61
f 1135/593/61 1131/590/61 1130/594/61
f 1131/589/62 1134/590/62 1133/593/62
f 1133/593/62 1134/590/62 1136/594/62
f 1134/589/59 1135/590/59 1136/593/59
f 1136/593/59 1135/590/59 1137/594/59
f 1137/589/63 1132/590/63 1136/593/63
f 1136/593/63 1132/590/63 1133/594/63
f 1135/589/64 1130/590/64 1137/593/64
f 1137/593/64 1130/590/64 1132/594/64
f 1138/641/57 1139/642/57 1140/803/57
f 1140/803/57 1139/642/57 1141/647/57
f 1142/641/61 1139/642/61 1143/803/61
f 1143/803/61 1139/642/61 1138/647/61
f 1139/641/62 1142/642/62 1141/803/62
f 1141/803/62 1142/642/62 1144/647/62
f 1142/641/59 1143/642/59 1144/803/59
f 1144/803/59 1143/642/59 1145/647/59
f 1145/641/63 1140/642/63 1144/803/63
f 1144/803/63 1140/642/63 1141/647/63
f 1143/641/64 1138/642/64 1145/803/64
f 1145/803/64 1138/642/64 1140/647/64
f 1146/804/65 1147/151/65 1148/621/65
f 1148/621/65 1147/151/65 1149/622/65
f 1150/804/66 1147/151/66 1151/621/66
f 1151/621/66 1147/151/66 1146/622/66
f 1147/804/62 1150/151/62 1149/621/62
f 1149/621/62 1150/151/62 1152/622/62
f 1150/804/67 1151/151/67 1152/621/67
f 1152/621/67 1151/151/67 1153/622/67
f 1153/804/68 1148/151/68 1152/621/68
f 1152/621/68 1148/151/68 1149/622/68
f 1151/804/64 1146/151/64 1153/621/64
f 1153/621/64 1146/151/64 1148/622/64
f 1154/805/57 1155/806/57 1122/807/57
f 1122/807/57 1155/806/57 1156/634/57
f 1157/551/61 1155/806/61 1158/752/61
f 1158/752/61 1155/806/61 1154/808/61
f 1155/551/62 1157/806/62 1156/809/62
f 1156/809/62 1157/806/62 1159/634/62
f 1157/805/59 1158/806/59 1159/807/59
f 1159/807/59 1158/806/59 1135/634/59
f 1135/551/63 1122/806/63 1159/752/63
f 1159/752/63 1122/806/63 1156/808/63
f 1158/551/64 1154/806/64 1135/809/64
f 1135/809/64 1154/806/64 1122/634/64
f 1160/810/65 1161/811/65 1162/812/65
f 1162/812/65 1161/811/65 1163/813/65
f 1164/810/66 1161/811/66 1165/812/66
f 1165/812/66 1161/811/66 1160/813/66
f 1161/810/62 1164/811/62 1163/812/62
f 1163/812/62 1164/811/62 1166/813/62
f 1164/810/67 1165/811/67 1166/812/67
f 1166/812/67 1165/811/67 1167/813/67
f 1167/810/68 1162/811/68 1166/812/68
f 1166/812/68 1162/811/68 1163/813/68
f 1165/810/64 1160/811/64 1167/812/64
f 1167/812/64 1160/811/64 1162/813/64
f 1168/814/57 1156/815/57 1169/816/57
f 1169/816/57 1156/815/57 1170/817/57
f 1171/814/61 1156/815/61 1172/816/61
f 1172/816/61 1156/815/61 1168/817/61
f 1156/814/62 1171/815/62 1170/816/62
f 1170/816/62 1171/815/62 1173/817/62
f 1171/814/59 1172/815/59 1173/816/59
f 1173/816/59 1172/815/59 1174/817/59
f 1174/814/63 1169/815/63 1173/816/63
f 1173/816/63 1169/815/63 1170/817/63
f 1172/814/64 1168/815/64 1174/816/64
f 1174/816/64 1168/815/64 1169/817/64
f 1175/818/65 1176/819/65 1177/820/65
f 1177/820/65 1176/819/65 1178/821/65
f 1179/818/66 1176/819/66 1180/820/66
f 1180/820/66 1176/819/66 1175/821/66
f 1176/818/62 1179/819/62 1178/820/62
f 1178/820/62 1179/819/62 1181/821/62
f 1179/818/67 1180/819/67 1181/820/67
f 1181/820/67 1180/819/67 1182/821/67
f 1182/818/68 1177/819/68 1181/820/68
f 1181/820/68 1177/819/68 1178/821/68
f 1180/818/64 1175/819/64 1182/820/64
f 1182/820/64 1175/819/64 1177/821/64
usemtl c_f8f8f8
f 1183/822/57 1184/534/57 1185/823/57
f 1185/823/57 1184/534/57 1186/824/57
f 1187/822/61 1184/534/61 1188/823/61
f 1188/823/61 1184/534/61 1183/824/61
f 1184/822/62 1187/534/62 1186/823/62
f 1186/823/62 1187/534/62 1189/824/62
f 1187/822/59 1188/534/59 1189/823/59
f 1189/823/59 1188/534/59 1190/824/59
f 1190/822/63 1185/534/63 1189/823/63
f 1189/823/63 1185/534/63 1186/824/63
f 1188/822/64 1183/534/64 1190/823/64
f 1190/823/64 1183/534/64 1185/824/64
f 1191/825/65 1192/826/65 1193/827/65
f 1193/827/65 1192/826/65 1194/828/65
f 1195/825/66 1192/826/66 1196/827/66
f 1196/827/66 1192/826/66 1191/828/66
f 1192/825/62 1195/826/62 1194/827/62
f 1194/827/62 1195/826/62 1197/828/62
f 1195/825/67 1196/826/67 1197/827/67
f 1197/827/67 1196/826/67 1198/828/67
f 1198/825/68 1193/826/68 1197/827/68
f 1197/827/68 1193/826/68 1194/828/68
f 1196/825/64 1191/826/64 1198/827/64
f 1198/827/64 1191/826/64 1193/828/64
f 1199/829/65 1200/830/65 1201/831/65
f 1201/831/65 1200/830/65 1202/832/65
f 1203/829/66 1200/830/66 1204/831/66
f 1204/831/66 1200/830/66 1199/832/66
f 1200/829/62 1203/830/62 1202/831/62
f 1202/831/62 1203/830/62 1205/832/62
f 1203/829/67 1204/830/67 1205/831/67
f 1205/831/67 1204/830/67 1206/832/67
f 1206/829/68 1201/830/68 1205/831/68
f 1205/831/68 1201/830/68 1202/832/68
f 1204/829/64 1199/830/64 1206/831/64
f 1206/831/64 1199/830/64 1201/832/64
f 1207/833/65 1208/834/65 1209/835/65
f 1209/835/65 1208/834/65 1210/836/65
f 1211/833/66 1208/834/66 1212/835/66
f 1212/835/66 1208/834/66 1207/836/66
f 1208/833/62 1211/834/62 1210/835/62
f 1210/835/62 1211/834/62 1213/836/62
f 1211/833/67 1212/834/67 1213/835/67
f 1213/835/67 1212/834/67 1214/836/67
f 1214/833/68 1209/834/68 1213/835/68
f 1213/835/68 1209/834/68 1210/836/68
f 1212/833/64 1207/834/64 1214/835/64
f 1214/835/64 1207/834/64 1209/836/64
usemtl c_ff00bf
f 1215/837/57 1216/838/57 1217/839/57
f 1217/839/57 1216/838/57 1218/840/57
f 1219/841/61 1216/838/61 1220/842/61
f 1220/842/61 1216/838/61 1215/843/61
f 1216/841/62 1219/838/62 1218/844/62
f 1218/844/62 1219/838/62 1221/840/62
f 1219/837/59 1220/838/59 1221/839/59
f 1221/839/59 1220/838/59 1222/840/59
f 1222/841/63 1217/838/63 1221/842/63
f 1221/842/63 1217/838/63 1218/843/63
f 1220/841/64 1215/838/64 1222/844/64
f 1222/844/64 1215/838/64 1217/840/64
o RightLowerArm
usemtl c_562424
f 1223/845/57 1224/846/57 1225/847/57
f 1225/847/57 1224/846/57 1226/848/57
f 1227/849/69 1224/846/69 1228/850/69
f 1228/850/69 1224/846/69 1223/848/69
f 1224/849/70 1227/846/70 1226/850/70
f 1226/850/70 1227/846/70 1229/848/70
f 1227/845/59 1228/846/59 1229/847/59
f 1229/847/59 1228/846/59 1230/848/59
f 1230/849/71 1225/846/71 1229/850/71
f 1229/850/71 1225/846/71 1226/848/71
f 1228/849/72 1223/846/72 1230/850/72
f 1230/850/72 1223/846/72 1225/848/72
f 1231/851/57 1232/322/57 1233/852/57
f 1233/852/57 1232/322/57 1234/853/57
f 1235/854/61 1232/322/61 1236/855/61
f 1236/855/61 1232/322/61 1231/856/61
f 1232/854/62 1235/322/62 1234/857/62
f 1234/857/62 1235/322/62 1237/853/62
f 1235/851/59 1236/322/59 1237/852/59
f 1237/852/59 1236/322/59 1238/853/59
f 1238/854/63 1233/322/63 1237/855/63
f 1237/855/63 1233/322/63 1234/856/63
f 1236/854/64 1231/322/64 1238/857/64
f 1238/857/64 1231/322/64 1233/853/64
