# Roblox asset pack: spinosaurus_3 (creatures), from the Studio model "Spinosaurus". Exported with Export Selection, split by tools/build_creatures.py: one object per rigid body. Units: studs. +Y up, front faces -Z, pivot (bottom centre) at the origin.
mtllib spinosaurus_3.mtl

v 2.03700 6.75000 0.14000
v 2.03700 5.21000 1.48000
v 2.03700 6.10000 -1.02000
v 2.03700 6.10000 1.40000
v 2.03700 4.77000 -1.18000
v 2.03700 4.01000 1.20000
v 2.03700 3.33000 -1.11000
v 1.81300 1.47000 1.51000
v 1.87300 0.00000 1.39000
v 1.81300 1.23000 0.83000
v 1.93500 3.42000 0.86000
v 1.87300 0.52000 0.58000
v 1.87300 0.01000 0.36000
v 1.87300 0.52000 0.39000
v 1.93500 2.93000 -0.48000
v 0.40100 6.75000 0.14000
v 1.21900 6.75000 0.14000
v 0.40100 6.10000 -1.02000
v 1.21900 6.10000 -1.33000
v 0.40100 6.10000 1.40000
v 1.48300 0.52000 0.21000
v 1.48300 0.52000 0.39000
v 1.09200 0.52000 0.39000
v 1.09200 0.52000 0.58000
v 0.40100 5.21000 1.48000
v 0.40100 4.01000 1.20000
v 1.48300 1.47000 1.65000
v 1.48300 0.00000 1.54000
v 1.28200 3.42000 0.86000
v 1.15200 1.47000 1.51000
v 0.62900 3.42000 0.86000
v 1.09200 0.00000 1.39000
v 0.40100 4.77000 -1.18000
v 0.40100 3.33000 -1.11000
v 1.15200 1.23000 0.83000
v 1.09200 0.01000 0.36000
v 0.62900 2.93000 -0.48000
v 1.48300 0.01000 0.17000
v 1.28200 2.93000 -0.48000
v 1.21900 3.33000 -1.42000
v 1.21900 4.77000 -1.49000
v 1.48300 1.23000 0.64000
v 2.12500 0.04000 -0.41000
v 2.04100 0.22000 0.02000
v 2.11400 0.01000 -0.38000
v 2.07100 0.46000 -0.05000
v 1.99700 0.18000 0.13000
v 1.82300 0.41000 0.54000
v 1.84400 0.10000 0.49000
v 1.63300 0.10000 0.26000
v 1.61200 0.18000 -0.13000
v 1.63300 0.41000 0.31000
v 1.60300 0.46000 -0.33000
v 1.60300 0.22000 -0.26000
v 1.49600 0.04000 -0.67000
v 1.49600 0.01000 -0.65000
v 1.18900 0.19000 -0.01000
v 1.07400 0.47000 -0.16000
v 1.45400 0.41000 0.35000
v 1.42800 0.10000 0.31000
v 1.11300 0.23000 -0.10000
v 0.79200 0.04000 -0.39000
v 0.80600 0.01000 -0.37000
v 1.84500 0.46000 -0.16000
v 1.54300 0.41000 0.40000
v 1.32200 0.41000 0.31000
v 1.35200 0.46000 -0.33000
v 0.86600 0.47000 -0.02000
v 1.19600 0.41000 0.52000
v 1.56300 0.10000 0.36000
v 1.32200 0.10000 0.26000
v 1.17000 0.10000 0.48000
v 0.96500 0.19000 0.14000
v 0.90500 0.23000 0.04000
v 0.76100 0.04000 -0.37000
v 0.77500 0.01000 -0.35000
v 1.45800 0.01000 -0.65000
v 1.35200 0.22000 -0.26000
v 1.45800 0.04000 -0.67000
v 1.34200 0.18000 -0.13000
v 2.09100 0.04000 -0.42000
v 1.81500 0.22000 -0.09000
v 2.08000 0.01000 -0.40000
v 1.75400 0.18000 0.01000
v 0.87700 5.45000 -5.11000
v 0.73100 7.42000 -6.57000
v 0.87700 7.20000 -5.11000
v 0.73100 6.37000 -7.58000
v 0.95900 8.40000 -7.89000
v 0.95900 6.64000 -8.66000
v -0.73100 7.42000 -6.57000
v -0.95900 8.40000 -7.89000
v -0.87700 7.20000 -5.11000
v -0.87700 5.45000 -5.11000
v -0.73100 6.37000 -7.58000
v -0.95900 6.64000 -8.66000
v -1.09200 0.00000 1.39000
v -1.15200 1.23000 0.83000
v -1.15200 1.47000 1.51000
v -0.62900 3.42000 0.86000
v -1.09200 0.52000 0.58000
v -1.09200 0.01000 0.36000
v -1.09200 0.52000 0.39000
v -0.62900 2.93000 -0.48000
v -0.40100 3.33000 -1.11000
v -0.40100 4.01000 1.20000
v -0.40100 4.77000 -1.18000
v -0.40100 5.21000 1.48000
v -0.40100 6.10000 -1.02000
v -0.40100 6.75000 0.14000
v -0.40100 6.10000 1.40000
v -1.21900 6.75000 0.14000
v -1.21900 6.10000 -1.33000
v -2.03700 6.10000 -1.02000
v -2.03700 6.75000 0.14000
v -2.03700 6.10000 1.40000
v -1.48300 0.52000 0.21000
v -1.87300 0.52000 0.39000
v -1.48300 0.52000 0.39000
v -1.87300 0.52000 0.58000
v -1.48300 0.00000 1.54000
v -1.48300 1.47000 1.65000
v -1.81300 1.47000 1.51000
v -1.87300 0.00000 1.39000
v -1.93500 3.42000 0.86000
v -1.28200 3.42000 0.86000
v -2.03700 5.21000 1.48000
v -2.03700 4.01000 1.20000
v -2.03700 4.77000 -1.18000
v -2.03700 3.33000 -1.11000
v -1.93500 2.93000 -0.48000
v -1.81300 1.23000 0.83000
v -1.87300 0.01000 0.36000
v -1.48300 0.01000 0.17000
v -1.21900 3.33000 -1.42000
v -1.28200 2.93000 -0.48000
v -1.21900 4.77000 -1.49000
v -1.48300 1.23000 0.64000
v -0.76100 0.04000 -0.37000
v -0.90500 0.23000 0.04000
v -0.77500 0.01000 -0.35000
v -0.86600 0.47000 -0.02000
v -0.96500 0.19000 0.14000
v -1.19600 0.41000 0.52000
v -1.17000 0.10000 0.48000
v -1.32200 0.10000 0.26000
v -1.34200 0.18000 -0.13000
v -1.32200 0.41000 0.31000
v -1.35200 0.46000 -0.33000
v -1.35200 0.22000 -0.26000
v -1.45800 0.04000 -0.67000
v -1.45800 0.01000 -0.65000
v -2.09100 0.04000 -0.42000
v -1.81500 0.22000 -0.09000
v -2.08000 0.01000 -0.40000
v -1.84500 0.46000 -0.16000
v -1.75400 0.18000 0.01000
v -1.54300 0.41000 0.40000
v -1.56300 0.10000 0.36000
v -1.82300 0.41000 0.54000
v -2.07100 0.46000 -0.05000
v -1.63300 0.41000 0.31000
v -1.60300 0.46000 -0.33000
v -1.45400 0.41000 0.35000
v -1.07400 0.47000 -0.16000
v -1.84400 0.10000 0.49000
v -1.63300 0.10000 0.26000
v -1.42800 0.10000 0.31000
v -2.11400 0.01000 -0.38000
v -2.04100 0.22000 0.02000
v -2.12500 0.04000 -0.41000
v -1.99700 0.18000 0.13000
v -1.49600 0.01000 -0.65000
v -1.60300 0.22000 -0.26000
v -1.49600 0.04000 -0.67000
v -1.61200 0.18000 -0.13000
v -1.18900 0.19000 -0.01000
v -1.11300 0.23000 -0.10000
v -0.80600 0.01000 -0.37000
v -0.79200 0.04000 -0.39000
v 0.52600 5.74000 5.50000
v 0.92000 4.60000 1.98000
v 0.92000 6.53000 2.12000
v 0.52600 4.64000 5.42000
v 0.24500 5.32000 9.15000
v 0.24500 5.83000 9.18000
v 0.08700 5.27000 12.17000
v 0.08700 5.45000 12.18000
v -0.52600 5.74000 5.50000
v -0.92000 6.53000 2.12000
v -0.24500 5.83000 9.18000
v -0.08700 5.45000 12.18000
v -0.08700 5.27000 12.17000
v -0.52600 4.64000 5.42000
v -0.24500 5.32000 9.15000
v -0.92000 4.60000 1.98000
v 0.28000 5.99000 2.93000
v 0.14100 6.73000 2.70000
v 0.14100 6.65000 2.97000
v 0.28000 6.15000 2.39000
v 0.19500 5.87000 3.99000
v 0.09900 6.39000 3.84000
v 0.09900 6.33000 4.03000
v 0.19500 5.98000 3.62000
v 0.14600 5.66000 4.96000
v 0.07400 6.05000 4.84000
v 0.07400 6.01000 4.98000
v 0.14600 5.74000 4.68000
v -0.14100 6.65000 2.97000
v -0.14100 6.73000 2.70000
v -0.09900 6.33000 4.03000
v -0.09900 6.39000 3.84000
v -0.07400 6.01000 4.98000
v -0.07400 6.05000 4.84000
v -0.14600 5.66000 4.96000
v -0.19500 5.87000 3.99000
v -0.28000 5.99000 2.93000
v -0.28000 6.15000 2.39000
v -0.19500 5.98000 3.62000
v -0.14600 5.74000 4.68000
v 1.65100 3.69000 -0.96000
v 1.65100 7.75000 -2.36000
v 1.65100 7.35000 0.22000
v 1.65100 4.25000 -3.30000
v 1.20600 7.37000 -5.23000
v 1.20600 5.35000 -5.64000
v -1.65100 7.35000 0.22000
v -1.65100 7.75000 -2.36000
v -1.20600 7.37000 -5.23000
v -1.65100 3.69000 -0.96000
v -1.65100 4.25000 -3.30000
v -1.20600 5.35000 -5.64000
v 1.04800 6.44000 -7.49000
v 1.04800 7.12000 -8.44000
v 1.04800 7.12000 -7.30000
v 1.04800 6.29000 -8.80000
v 1.04800 7.83000 -8.35000
v 1.04800 7.83000 -7.30000
v 1.04800 8.37000 -7.49000
v 1.04800 8.50000 -8.27000
v 1.04800 8.02000 -8.46000
v 1.04800 8.41000 -8.41000
v 1.04800 8.61000 -8.66000
v 1.04800 8.48000 -8.65000
v 1.04800 8.36000 -8.96000
v 1.04800 8.46000 -9.05000
v 1.04800 8.03000 -9.11000
v 1.04800 7.83000 -9.39000
v 1.04800 7.83000 -8.87000
v 1.04800 7.96000 -8.87000
v 1.04800 7.12000 -9.02000
v 1.04800 7.12000 -9.59000
v 1.04800 6.56000 -9.42000
v 0.85300 7.83000 -9.68000
v 0.85300 7.12000 -9.87000
v 0.75200 7.79000 -10.39000
v 0.75200 7.17000 -10.56000
v 0.65100 7.75000 -11.10000
v 0.65100 7.03000 -11.34000
v 0.68000 7.25000 -11.68000
v 0.68000 7.82000 -11.52000
v 0.76000 7.68000 -11.92000
v 0.76000 7.17000 -12.02000
v 0.70700 7.85000 -11.65000
v -0.53700 7.27000 -11.73000
v -0.48000 7.33000 -11.50000
v -0.54400 7.23000 -11.57000
v -0.60800 7.16000 -11.84000
v -0.46000 7.17000 -11.26000
v -0.52100 7.05000 -11.29000
v -0.60200 7.16000 -10.67000
v -0.53100 7.27000 -10.71000
v -0.60200 7.24000 -10.22000
v -0.68300 7.13000 -10.12000
v 0.35400 7.87000 -11.72000
v 0.38000 7.68000 -11.99000
v 0.00000 7.88000 -11.78000
v 0.00000 7.69000 -12.07000
v -0.38000 7.68000 -11.99000
v -0.35400 7.87000 -11.72000
v -0.76000 7.68000 -11.92000
v -0.70700 7.85000 -11.65000
v 0.47900 8.42000 -9.03000
v 0.47900 8.57000 -8.64000
v 0.00000 8.56000 -8.70000
v 0.00000 8.54000 -9.17000
v -0.47900 8.42000 -9.03000
v -1.04800 8.61000 -8.66000
v -1.04800 8.46000 -9.05000
v -0.47900 8.57000 -8.64000
v 0.00000 8.58000 -8.23000
v 0.47900 8.45000 -8.25000
v 0.47900 8.33000 -7.47000
v 0.00000 8.62000 -7.30000
v -1.04800 8.50000 -8.27000
v -0.47900 8.45000 -8.25000
v -1.04800 8.37000 -7.49000
v -0.47900 8.33000 -7.47000
v 0.93900 8.06000 -9.07000
v -1.04800 7.96000 -8.87000
v -0.93900 8.06000 -9.07000
v -1.04800 8.03000 -9.11000
v 0.93900 7.98000 -8.86000
v 0.93900 8.04000 -8.49000
v -0.93900 7.98000 -8.86000
v -0.93900 8.04000 -8.49000
v -1.04800 8.02000 -8.46000
v 0.52400 7.85000 -9.47000
v 0.42700 7.85000 -9.67000
v 0.37600 7.80000 -10.41000
v 0.00000 7.86000 -9.66000
v 0.32600 7.76000 -11.15000
v 0.00000 7.82000 -10.42000
v -0.37600 7.80000 -10.41000
v -0.42700 7.85000 -9.67000
v -0.75200 7.79000 -10.39000
v -0.85300 7.83000 -9.68000
v -0.65100 7.75000 -11.10000
v -0.32600 7.76000 -11.15000
v -0.68000 7.82000 -11.52000
v -0.34000 7.83000 -11.59000
v 0.00000 7.77000 -11.19000
v 0.00000 7.86000 -9.54000
v -0.52400 7.85000 -9.47000
v -1.04800 7.83000 -9.39000
v 0.34000 7.83000 -11.59000
v 0.00000 7.84000 -11.65000
v -0.52400 7.11000 -7.20000
v -1.04800 6.44000 -7.49000
v -0.52400 6.40000 -7.39000
v -1.04800 7.12000 -7.30000
v 0.00000 7.10000 -7.09000
v 0.00000 6.35000 -7.30000
v 0.52400 6.40000 -7.39000
v -0.52400 7.85000 -7.19000
v -1.04800 7.83000 -7.30000
v 0.00000 7.86000 -7.09000
v 0.52400 7.11000 -7.20000
v 0.52400 7.85000 -7.19000
v -0.93900 8.34000 -8.94000
v -1.04800 8.36000 -8.96000
v 0.93900 8.34000 -8.94000
v -1.04800 6.56000 -9.42000
v -1.04800 7.12000 -9.02000
v -1.04800 7.12000 -9.59000
v -1.04800 6.29000 -8.80000
v -1.04800 7.83000 -8.87000
v -1.04800 8.48000 -8.65000
v -1.04800 8.41000 -8.41000
v -1.04800 7.83000 -8.35000
v -1.04800 7.12000 -8.44000
v -0.85300 7.12000 -9.87000
v -0.75200 7.17000 -10.56000
v -0.65100 7.03000 -11.34000
v -0.68000 7.25000 -11.68000
v -0.76000 7.17000 -12.02000
v 0.53700 7.27000 -11.73000
v 0.54400 7.23000 -11.57000
v 0.48000 7.33000 -11.50000
v 0.60800 7.16000 -11.84000
v 0.46000 7.17000 -11.26000
v 0.52100 7.05000 -11.29000
v 0.60200 7.16000 -10.67000
v 0.53100 7.27000 -10.71000
v 0.60200 7.24000 -10.22000
v 0.68300 7.13000 -10.12000
v 0.52400 6.25000 -8.76000
v 0.00000 6.20000 -8.71000
v -0.52400 6.25000 -8.76000
v -0.52400 6.51000 -9.41000
v 0.00000 6.47000 -9.40000
v 0.52400 6.51000 -9.41000
v -0.52400 7.11000 -9.57000
v -0.42700 7.11000 -9.87000
v 0.00000 7.09000 -9.56000
v -0.34100 7.11000 -10.12000
v 0.00000 7.10000 -10.12000
v 0.00000 7.09000 -9.87000
v 0.34100 7.11000 -10.12000
v 0.42700 7.11000 -9.87000
v 0.52400 7.11000 -9.57000
v 0.38000 7.15000 -12.10000
v 0.00000 7.14000 -11.97000
v 0.00000 7.14000 -12.18000
v -0.38000 7.15000 -12.10000
v 0.30400 7.15000 -11.90000
v -0.30400 7.15000 -11.90000
v -0.93900 8.45000 -8.66000
v 0.93900 8.45000 -8.66000
v -0.93900 8.38000 -8.44000
v 0.93900 8.38000 -8.44000
v 0.26800 7.26000 -11.79000
v 0.00000 7.25000 -11.85000
v -0.26800 7.26000 -11.79000
v -0.30100 7.23000 -10.22000
v 0.30100 7.23000 -10.22000
v 0.00000 7.22000 -10.22000
v 0.23700 8.34000 -8.73000
v 0.12000 8.89000 -8.37000
v 0.23700 8.34000 -8.26000
v 0.12000 8.89000 -8.61000
v 0.17400 8.41000 -8.02000
v 0.08800 8.82000 -7.76000
v 0.17400 8.41000 -7.67000
v 0.08800 8.82000 -7.94000
v 0.17400 7.46000 -6.81000
v 0.08800 7.94000 -6.86000
v 0.08800 7.86000 -6.71000
v 0.17400 7.62000 -7.12000
v 0.19000 7.06000 -6.22000
v 0.09600 7.58000 -6.27000
v 0.09600 7.50000 -6.10000
v 0.19000 7.24000 -6.56000
v -0.12000 8.89000 -8.37000
v -0.12000 8.89000 -8.61000
v -0.08800 8.82000 -7.76000
v -0.08800 8.82000 -7.94000
v -0.08800 7.86000 -6.71000
v -0.08800 7.94000 -6.86000
v -0.09600 7.50000 -6.10000
v -0.09600 7.58000 -6.27000
v -0.19000 7.06000 -6.22000
v -0.17400 7.46000 -6.81000
v -0.17400 8.41000 -7.67000
v -0.23700 8.34000 -8.26000
v -0.23700 8.34000 -8.73000
v -0.17400 8.41000 -8.02000
v -0.17400 7.62000 -7.12000
v -0.19000 7.24000 -6.56000
v 0.93900 7.98000 -8.67000
v 0.93900 8.42000 -8.55000
v -0.93900 7.98000 -8.67000
v -0.93900 8.42000 -8.55000
v 0.93900 7.98000 -9.14000
v -0.93900 7.98000 -9.14000
v 0.59200 7.13000 -10.67000
v 0.58500 6.84000 -10.76000
v 0.61400 7.14000 -10.76000
v 0.64300 7.31000 -10.71000
v 0.60800 7.28000 -10.58000
v 0.61300 6.95000 -11.26000
v 0.64900 7.16000 -11.27000
v 0.58600 6.96000 -11.16000
v 0.60600 7.17000 -11.10000
v 0.57700 6.59000 -11.17000
v 0.66000 7.32000 -11.53000
v 0.57700 7.03000 -11.47000
v 0.61300 7.05000 -11.60000
v 0.60400 7.29000 -11.32000
v 0.56600 6.58000 -11.60000
v -0.51200 7.05000 -11.70000
v -0.47600 7.03000 -11.56000
v -0.56600 6.58000 -11.60000
v -0.50000 7.32000 -11.68000
v -0.44400 7.28000 -11.47000
v -0.53500 6.93000 -11.33000
v -0.50800 6.94000 -11.23000
v -0.57700 6.59000 -11.17000
v -0.52600 7.13000 -11.38000
v -0.48300 7.14000 -11.21000
v -0.54300 7.31000 -10.80000
v -0.52900 7.13000 -10.73000
v -0.55100 7.14000 -10.81000
v -0.50800 7.28000 -10.67000
v -0.58500 6.84000 -10.76000
v -0.64300 7.31000 -10.71000
v -0.60800 7.28000 -10.58000
v 0.50800 7.28000 -10.67000
v 0.54300 7.31000 -10.80000
v -0.66000 7.32000 -11.53000
v -0.60400 7.29000 -11.32000
v 0.44400 7.28000 -11.47000
v 0.50000 7.32000 -11.68000
v -0.64900 7.16000 -11.27000
v -0.60600 7.17000 -11.10000
v 0.48300 7.14000 -11.21000
v 0.52600 7.13000 -11.38000
v -0.59200 7.13000 -10.67000
v 0.52900 7.13000 -10.73000
v -0.58600 6.96000 -11.16000
v 0.50800 6.94000 -11.23000
v -0.57700 7.03000 -11.47000
v 0.47600 7.03000 -11.56000
v -0.61400 7.14000 -10.76000
v -0.61300 6.95000 -11.26000
v -0.61300 7.05000 -11.60000
v 0.51200 7.05000 -11.70000
v 0.53500 6.93000 -11.33000
v 0.55100 7.14000 -10.81000
v 0.93900 7.98000 -8.49000
v -0.93900 7.98000 -8.49000
v 0.74700 6.96000 -9.67000
v 0.74700 6.57000 -9.13000
v 0.74700 6.30000 -9.54000
v 0.74700 7.04000 -9.21000
v 0.74700 6.35000 -9.27000
v 0.74700 6.63000 -10.33000
v 0.74700 6.18000 -10.21000
v 0.74700 6.43000 -11.06000
v 0.74700 5.98000 -11.28000
v 0.74700 6.30000 -11.73000
v 0.74700 6.57000 -11.78000
v -0.62300 6.41000 -11.05000
v -0.62300 6.62000 -10.32000
v -0.60300 6.49000 -10.31000
v -0.60300 6.75000 -9.78000
v -0.60300 6.40000 -11.60000
v -0.62300 6.53000 -11.66000
v -0.62300 6.89000 -9.78000
v -0.60300 6.29000 -11.02000
v 0.00000 6.87000 -9.67000
v 0.00000 6.95000 -9.21000
v 0.62300 6.89000 -9.78000
v 0.00000 6.82000 -9.78000
v 0.62300 6.62000 -10.32000
v 0.62300 6.41000 -11.05000
v 0.62300 6.53000 -11.66000
v 0.00000 6.48000 -11.78000
v 0.00000 6.46000 -11.66000
v -0.74700 6.57000 -11.78000
v -0.74700 6.43000 -11.06000
v -0.74700 6.63000 -10.33000
v -0.74700 6.96000 -9.67000
v -0.74700 7.04000 -9.21000
v -0.74700 6.57000 -9.13000
v 0.00000 6.48000 -9.13000
v 0.00000 6.27000 -9.27000
v -0.74700 6.35000 -9.27000
v 0.60300 6.40000 -11.60000
v 0.00000 6.33000 -11.60000
v -0.74700 6.30000 -9.54000
v -0.74700 6.18000 -10.21000
v -0.74700 5.98000 -11.28000
v -0.74700 6.30000 -11.73000
v 0.60300 6.75000 -9.78000
v 0.60300 6.49000 -10.31000
v 0.60300 6.29000 -11.02000
v 0.00000 6.21000 -11.73000
v 0.00000 5.89000 -11.28000
v 0.00000 6.21000 -9.54000
v 0.00000 6.09000 -10.21000
v 0.00000 6.68000 -9.78000
v 0.67700 6.25000 -11.47000
v 0.70100 6.54000 -11.35000
v 0.73300 6.28000 -11.26000
v 0.66500 6.52000 -11.48000
v 0.61100 6.99000 -11.39000
v 0.67400 6.36000 -11.11000
v 0.69200 6.55000 -10.97000
v 0.71700 6.34000 -10.95000
v 0.66500 6.56000 -11.07000
v 0.62300 6.89000 -10.91000
v 0.67900 6.44000 -10.65000
v 0.69300 6.62000 -10.58000
v 0.71400 6.47000 -10.52000
v 0.67100 6.61000 -10.66000
v 0.63700 6.91000 -10.61000
v -0.61400 6.47000 -10.42000
v -0.57900 6.44000 -10.55000
v -0.63000 6.62000 -10.52000
v -0.60800 6.61000 -10.60000
v -0.63700 6.91000 -10.61000
v -0.55100 6.33000 -11.00000
v -0.61400 6.53000 -10.90000
v -0.59400 6.31000 -10.84000
v -0.58700 6.54000 -11.00000
v -0.62300 6.89000 -10.91000
v -0.57300 6.28000 -11.11000
v -0.51700 6.25000 -11.32000
v -0.60000 6.54000 -11.25000
v -0.56400 6.51000 -11.39000
v -0.61100 6.99000 -11.39000
v -0.69300 6.62000 -10.58000
v 0.63000 6.62000 -10.52000
v -0.71400 6.47000 -10.52000
v 0.61400 6.47000 -10.42000
v -0.69200 6.55000 -10.97000
v 0.61400 6.53000 -10.90000
v -0.71700 6.34000 -10.95000
v 0.59400 6.31000 -10.84000
v -0.70100 6.54000 -11.35000
v 0.60000 6.54000 -11.25000
v -0.73300 6.28000 -11.26000
v 0.57300 6.28000 -11.11000
v -0.67700 6.25000 -11.47000
v -0.66500 6.52000 -11.48000
v -0.67400 6.36000 -11.11000
v -0.66500 6.56000 -11.07000
v -0.67900 6.44000 -10.65000
v -0.67100 6.61000 -10.66000
v 0.57900 6.44000 -10.55000
v 0.60800 6.61000 -10.60000
v 0.55100 6.33000 -11.00000
v 0.58700 6.54000 -11.00000
v 0.51700 6.25000 -11.32000
v 0.56400 6.51000 -11.39000
v 0.00000 6.22000 -11.02000
v 0.00000 6.41000 -10.32000
v 1.62200 3.42000 -5.46000
v 1.73000 3.76000 -5.71000
v 1.73000 3.46000 -5.32000
v 1.62200 3.60000 -5.74000
v 1.81400 6.10000 -5.17000
v 1.70800 6.50000 -4.46000
v 1.81400 6.10000 -4.36000
v 1.70800 6.50000 -5.06000
v 1.62200 3.84000 -5.53000
v 1.72700 4.12000 -4.75000
v 1.62200 3.62000 -5.29000
v 1.72700 4.56000 -5.01000
v 1.72700 4.70000 -4.41000
v 1.72700 4.47000 -4.20000
v 1.72700 4.88000 -4.56000
v 1.72700 4.88000 -5.20000
v 1.10800 6.50000 -4.46000
v 1.10800 6.50000 -5.06000
v 1.08600 3.76000 -5.71000
v 1.19300 3.84000 -5.53000
v 1.00200 6.10000 -4.36000
v 1.08800 4.47000 -4.20000
v 1.08800 4.70000 -4.41000
v 1.08800 4.88000 -4.56000
v 1.08600 3.46000 -5.32000
v 1.19300 3.62000 -5.29000
v 1.19400 3.42000 -5.46000
v 1.19400 3.60000 -5.74000
v 1.00200 6.10000 -5.17000
v 1.08800 4.12000 -4.75000
v 1.08800 4.56000 -5.01000
v 1.08800 4.88000 -5.20000
v 1.81300 3.27000 -5.94000
v 1.73800 3.24000 -5.69000
v 1.75200 3.19000 -5.76000
v 1.81700 2.93000 -5.72000
v 1.71600 3.60000 -5.60000
v 1.67700 3.45000 -5.47000
v 1.90900 2.77000 -5.82000
v 1.84100 2.82000 -5.72000
v 1.93300 2.46000 -5.31000
v 1.91700 2.47000 -5.30000
v 1.51200 3.25000 -5.99000
v 1.48500 2.91000 -5.75000
v 1.47500 2.72000 -5.85000
v 1.47500 2.80000 -5.74000
v 1.42300 2.42000 -5.31000
v 1.42300 2.45000 -5.30000
v 1.51200 3.20000 -5.79000
v 1.51300 3.26000 -5.71000
v 1.51400 3.62000 -5.64000
v 1.51400 3.48000 -5.49000
v 1.04100 3.00000 -5.97000
v 1.00100 2.75000 -5.78000
v 0.91300 2.72000 -5.87000
v 1.22900 3.14000 -5.86000
v 1.14900 3.23000 -6.03000
v 1.26800 3.22000 -5.76000
v 1.30600 3.58000 -5.67000
v 1.35700 3.42000 -5.54000
v 0.80100 2.48000 -5.30000
v 0.78500 2.50000 -5.29000
v 0.91600 2.83000 -5.72000
v 0.97800 3.27000 -5.92000
v 1.11300 3.58000 -5.59000
v 1.51500 3.60000 -5.66000
v 1.62500 3.24000 -6.02000
v 0.76400 2.49000 -5.31000
v 0.82700 2.80000 -5.81000
v 1.39600 2.45000 -5.30000
v 1.34400 2.80000 -5.74000
v 1.73400 2.76000 -5.76000
v 1.89500 2.46000 -5.30000
v 0.78000 2.47000 -5.32000
v 1.91100 2.44000 -5.32000
v 1.39600 2.42000 -5.31000
v 1.30500 3.62000 -5.64000
v 1.30500 3.48000 -5.49000
v 1.47600 3.45000 -5.53000
v 1.16300 3.42000 -5.46000
v 1.30700 3.20000 -5.79000
v 1.33400 2.91000 -5.75000
v 1.56400 3.16000 -5.84000
v 1.05700 3.18000 -5.75000
v 0.95400 2.93000 -5.72000
v 1.07600 3.22000 -5.68000
v 1.34400 2.72000 -5.85000
v 1.30700 3.25000 -5.99000
v 1.30600 3.26000 -5.71000
v 1.54000 3.24000 -5.74000
v 1.70500 3.00000 -5.96000
v 1.80200 2.71000 -5.86000
v -1.08600 3.76000 -5.71000
v -1.08600 3.46000 -5.32000
v -1.19400 3.42000 -5.46000
v -1.19400 3.60000 -5.74000
v -1.00200 6.10000 -5.17000
v -1.08800 4.88000 -4.56000
v -1.08800 4.88000 -5.20000
v -1.00200 6.10000 -4.36000
v -1.10800 6.50000 -5.06000
v -1.10800 6.50000 -4.46000
v -1.08800 4.56000 -5.01000
v -1.08800 4.70000 -4.41000
v -1.08800 4.12000 -4.75000
v -1.08800 4.47000 -4.20000
v -1.19300 3.84000 -5.53000
v -1.19300 3.62000 -5.29000
v -1.70800 6.50000 -4.46000
v -1.70800 6.50000 -5.06000
v -1.62200 3.84000 -5.53000
v -1.73000 3.76000 -5.71000
v -1.81400 6.10000 -4.36000
v -1.72700 4.88000 -4.56000
v -1.72700 4.70000 -4.41000
v -1.72700 4.47000 -4.20000
v -1.62200 3.62000 -5.29000
v -1.73000 3.46000 -5.32000
v -1.62200 3.42000 -5.46000
v -1.62200 3.60000 -5.74000
v -1.81400 6.10000 -5.17000
v -1.72700 4.88000 -5.20000
v -1.72700 4.56000 -5.01000
v -1.72700 4.12000 -4.75000
v -0.78000 2.47000 -5.32000
v -0.91300 2.72000 -5.87000
v -0.76400 2.49000 -5.31000
v -0.82700 2.80000 -5.81000
v -0.97800 3.27000 -5.92000
v -1.07600 3.22000 -5.68000
v -1.05700 3.18000 -5.75000
v -0.95400 2.93000 -5.72000
v -1.11300 3.58000 -5.59000
v -1.16300 3.42000 -5.46000
v -0.91600 2.83000 -5.72000
v -1.30700 3.25000 -5.99000
v -1.33400 2.91000 -5.75000
v -1.34400 2.72000 -5.85000
v -1.34400 2.80000 -5.74000
v -1.39600 2.42000 -5.31000
v -1.39600 2.45000 -5.30000
v -1.30700 3.20000 -5.79000
v -1.30600 3.26000 -5.71000
v -1.30500 3.62000 -5.64000
v -1.30500 3.48000 -5.49000
v -1.62500 3.24000 -6.02000
v -1.54000 3.24000 -5.74000
v -1.56400 3.16000 -5.84000
v -1.51500 3.60000 -5.66000
v -1.47600 3.45000 -5.53000
v -1.70500 3.00000 -5.96000
v -1.73400 2.76000 -5.76000
v -1.80200 2.71000 -5.86000
v -1.91100 2.44000 -5.32000
v -1.89500 2.46000 -5.30000
v -1.30600 3.58000 -5.67000
v -1.14900 3.23000 -6.03000
v -1.81300 3.27000 -5.94000
v -1.71600 3.60000 -5.60000
v -0.78500 2.50000 -5.29000
v -1.42300 2.45000 -5.30000
v -1.47500 2.80000 -5.74000
v -1.84100 2.82000 -5.72000
v -1.91700 2.47000 -5.30000
v -0.80100 2.48000 -5.30000
v -1.93300 2.46000 -5.31000
v -1.42300 2.42000 -5.31000
v -1.51400 3.62000 -5.64000
v -1.51400 3.48000 -5.49000
v -1.67700 3.45000 -5.47000
v -1.35700 3.42000 -5.54000
v -1.48500 2.91000 -5.75000
v -1.51200 3.20000 -5.79000
v -1.75200 3.19000 -5.76000
v -1.81700 2.93000 -5.72000
v -1.22900 3.14000 -5.86000
v -1.00100 2.75000 -5.78000
v -1.73800 3.24000 -5.69000
v -1.90900 2.77000 -5.82000
v -1.47500 2.72000 -5.85000
v -1.51200 3.25000 -5.99000
v -1.51300 3.26000 -5.71000
v -1.04100 3.00000 -5.97000
v -1.26800 3.22000 -5.76000
v 0.25800 7.62000 -5.38000
v 0.25800 6.98000 -4.55000
v 0.20600 7.04000 -4.75000
v 0.20600 7.56000 -5.41000
v 0.25800 6.83000 -3.64000
v 0.20600 8.53000 -4.47000
v 0.25800 8.78000 -4.46000
v 0.20600 6.97000 -3.81000
v 0.25800 7.41000 0.93000
v 0.20600 6.27000 0.31000
v 0.25800 6.22000 0.02000
v 0.20600 7.22000 1.03000
v 0.25800 6.37000 -0.89000
v 0.25800 9.14000 -0.01000
v 0.20600 8.77000 0.00000
v 0.20600 6.56000 -0.71000
v 0.25800 9.81000 -2.72000
v 0.25800 6.68000 -2.72000
v 0.20600 9.45000 -2.85000
v 0.20600 6.94000 -2.86000
v 0.25800 6.52000 -1.81000
v 0.25800 9.92000 -1.50000
v 0.20600 9.54000 -1.41000
v 0.20600 6.82000 -1.66000
v 0.20600 7.32000 -6.49000
v 0.20600 7.09000 -4.55000
v 0.20600 7.61000 -5.21000
v 0.20600 7.07000 -3.59000
v 0.20600 8.63000 -4.25000
v 0.20600 9.58000 -1.64000
v 0.20600 6.87000 -1.88000
v 0.20600 9.49000 -2.62000
v 0.20600 6.99000 -2.62000
v 0.20600 8.91000 -0.22000
v 0.20600 6.70000 -0.92000
v 0.20600 7.39000 0.75000
v 0.20600 6.44000 0.02000
v 0.20600 5.81000 3.01000
v 0.25800 5.65000 3.40000
v -0.20600 8.91000 -0.22000
v -0.20600 9.54000 -1.41000
v -0.20600 9.45000 -2.85000
v -0.20600 8.63000 -4.25000
v -0.20600 9.58000 -1.64000
v -0.20600 9.49000 -2.62000
v -0.20600 5.81000 3.01000
v -0.20600 7.22000 1.03000
v -0.20600 7.56000 -5.41000
v -0.20600 7.32000 -6.49000
v -0.25800 5.65000 3.40000
v -0.25800 7.62000 -5.38000
v -0.20600 7.61000 -5.21000
v 0.25800 7.32000 -6.73000
v -0.25800 7.32000 -6.73000
v -0.25800 8.78000 -4.46000
v -0.25800 7.41000 0.93000
v -0.20600 7.39000 0.75000
v -0.25800 6.98000 -4.55000
v -0.20600 7.04000 -4.75000
v -0.20600 8.77000 0.00000
v -0.25800 9.14000 -0.01000
v -0.25800 9.92000 -1.50000
v -0.25800 9.81000 -2.72000
v -0.25800 6.83000 -3.64000
v -0.20600 8.53000 -4.47000
v -0.20600 6.97000 -3.81000
v -0.25800 6.22000 0.02000
v -0.20600 6.27000 0.31000
v -0.25800 6.37000 -0.89000
v -0.20600 6.56000 -0.71000
v -0.25800 6.68000 -2.72000
v -0.20600 6.94000 -2.86000
v -0.25800 6.52000 -1.81000
v -0.20600 6.82000 -1.66000
v -0.20600 7.09000 -4.55000
v -0.20600 7.07000 -3.59000
v -0.20600 6.87000 -1.88000
v -0.20600 6.99000 -2.62000
v -0.20600 6.70000 -0.92000
v -0.20600 6.44000 0.02000
v 0.00000 7.15000 -11.33000
v 0.00000 7.32000 -11.59000
vt -0.00732 -24.57840
vt -0.17545 -24.77060
vt 0.13680 -24.65870
vt -0.16456 -24.65870
vt 0.15747 -24.82550
vt -0.14030 -24.92030
vt 0.14889 -25.00510
vt -0.17826 -25.23750
vt -0.16438 -25.42160
vt -0.09323 -25.26790
vt -0.09795 -24.99470
vt -0.06221 -25.35710
vt -0.03452 -25.42060
vt -0.03909 -25.35710
vt 0.07019 -25.05480
vt 0.10229 -24.99270
vt 0.00000 -24.99270
vt 0.10229 -25.13680
vt 0.00000 -25.17560
vt -0.10229 -25.13680
vt -0.10229 -24.99270
vt 0.10229 -24.83540
vt -0.10229 -24.83540
vt -0.08178 -24.96090
vt -0.03298 -24.98380
vt -0.03298 -24.96070
vt -0.08178 -24.93780
vt 0.01583 -24.96090
vt 0.01583 -24.93780
vt 0.10229 -24.77060
vt -0.10229 -24.77060
vt -0.10229 -24.92030
vt 0.10229 -24.92030
vt 0.10229 -24.65870
vt -0.10229 -24.65870
vt 0.03298 -25.23750
vt 0.03298 -25.42160
vt 0.07426 -25.23750
vt 0.08178 -25.42160
vt 0.08957 -24.99470
vt 0.00792 -24.99470
vt -0.00831 -25.23750
vt -0.07372 -24.99470
vt -0.01583 -25.42160
vt -0.15747 -24.82550
vt 0.14030 -24.92030
vt 0.17545 -24.77060
vt -0.14889 -25.00510
vt -0.13680 -24.65870
vt 0.00732 -24.57840
vt 0.16456 -24.65870
vt 0.09323 -25.26790
vt 0.16438 -25.42160
vt 0.17826 -25.23750
vt 0.09795 -24.99470
vt 0.06221 -25.35710
vt 0.03452 -25.42060
vt 0.03909 -25.35710
vt -0.07019 -25.05480
vt -0.01583 -24.83560
vt 0.08178 -24.83560
vt 0.03298 -24.81760
vt 0.08178 -24.96550
vt -0.01583 -24.96550
vt 0.03298 -24.98830
vt 0.10229 -25.14890
vt 0.08957 -25.07020
vt 0.00792 -25.07020
vt -0.10229 -25.14890
vt 0.00000 -25.18770
vt -0.07372 -25.07020
vt 0.00000 -24.65870
vt 0.00000 -24.82550
vt 0.10229 -24.82550
vt 0.00000 -25.00510
vt 0.10229 -25.00510
vt -0.10229 -24.82550
vt -0.10229 -25.00510
vt -0.08957 -25.05480
vt -0.07426 -25.26790
vt -0.03298 -25.26790
vt 0.00831 -25.26790
vt 0.07372 -25.05480
vt -0.00792 -25.05480
vt -0.03298 -25.35710
vt -0.08178 -25.35710
vt -0.03298 -25.42060
vt -0.08178 -25.42060
vt 0.01583 -25.35710
vt 0.01583 -25.42060
vt 48.04230 -61.02500
vt 47.98970 -61.00190
vt 48.03950 -61.02860
vt 47.99760 -60.97170
vt 47.97560 -61.00680
vt 47.92450 -60.97860
vt 47.92980 -61.01710
vt 47.95890 -61.01710
vt 48.00840 -61.00680
vt 47.95300 -60.97860
vt 48.03230 -60.97170
vt 48.02360 -61.00190
vt 48.07550 -61.02500
vt 48.07240 -61.02860
vt 47.99270 -61.00650
vt 48.01190 -60.97140
vt 47.94830 -60.97820
vt 47.95320 -61.01670
vt 48.00470 -61.00150
vt 48.04030 -61.02470
vt 48.03770 -61.02830
vt 47.95240 -60.92450
vt 47.94970 -61.01120
vt 47.98750 -60.94140
vt 47.92150 -60.99760
vt 47.97620 -60.95300
vt 47.98000 -61.03230
vt 48.01520 -60.95300
vt 48.01140 -61.03230
vt 47.99860 -60.94830
vt 48.07210 -60.99430
vt 48.03090 -60.92650
vt 48.04610 -61.01190
vt 48.04760 -60.97860
vt 48.01250 -60.97860
vt 48.01500 -61.01710
vt 48.05010 -61.01710
vt 48.02380 -60.97860
vt 47.98480 -60.97860
vt 47.98480 -61.01710
vt 48.02380 -61.01710
vt 47.96910 -60.97820
vt 47.99810 -61.01670
vt 48.00140 -60.97820
vt 47.96580 -61.01670
vt 48.07350 -60.97820
vt 48.00570 -60.97140
vt 48.02610 -61.00650
vt 48.06860 -61.01670
vt 48.01290 -61.00150
vt 47.96240 -61.02470
vt 47.96500 -61.02830
vt 47.92760 -61.02860
vt 47.97640 -61.00190
vt 47.92450 -61.02500
vt 47.96770 -60.97170
vt 47.99160 -61.00680
vt 48.04700 -60.97860
vt 48.04110 -61.01710
vt 47.98880 -60.97170
vt 47.95560 -61.02500
vt 47.99670 -61.00190
vt 47.95850 -61.02860
vt 48.00980 -61.00680
vt 48.05860 -60.97860
vt 48.05330 -61.01710
vt 47.91650 -61.03500
vt 47.91870 -61.04030
vt 47.92040 -61.03770
vt 47.91470 -61.03760
vt 47.96580 -60.93140
vt 47.96820 -60.99270
vt 47.99810 -60.95320
vt 47.94030 -60.97390
vt 47.95880 -61.00470
vt 47.93280 -60.98710
vt 48.02380 -60.95890
vt 47.98740 -61.00840
vt 48.02120 -61.00840
vt 47.98480 -60.95890
vt 47.98860 -61.02360
vt 48.02000 -61.02360
vt 48.05010 -60.92980
vt 48.03890 -60.99020
vt 48.06920 -60.97560
vt 48.01500 -60.94670
vt 48.04650 -61.00330
vt 48.07480 -60.98970
vt 48.08390 -61.03950
vt 48.07960 -61.04150
vt 48.00670 -61.07240
vt 48.00190 -61.07240
vt 47.99330 -61.02500
vt 47.99330 -61.02860
vt 47.99810 -61.02500
vt 47.99810 -61.02860
vt 47.91470 -61.02500
vt 47.91610 -61.02860
vt 47.91900 -61.02500
vt 47.92040 -61.02860
vt 48.04610 -60.97140
vt 48.08130 -61.02470
vt 48.07210 -60.97140
vt 48.08530 -61.02470
vt 48.01140 -60.97170
vt 47.98000 -60.97170
vt 47.92150 -60.97170
vt 47.94970 -60.97170
vt 48.04120 -61.00150
vt 27.77820 -11.18430
vt 27.95990 -10.93810
vt 27.77820 -10.96510
vt 28.08690 -11.06940
vt 28.12470 -10.81570
vt 28.22180 -11.03490
vt 27.90860 -10.95990
vt 27.88010 -11.12470
vt 28.09140 -10.95990
vt 28.11990 -11.12470
vt 28.10960 -10.77820
vt 27.89040 -10.77820
vt 27.89040 -10.96510
vt 28.10960 -11.18430
vt 28.10960 -10.96510
vt 27.89040 -11.18430
vt 28.04010 -10.93810
vt 28.22180 -11.18430
vt 28.22180 -10.96510
vt 27.91310 -11.06940
vt 27.87530 -10.81570
vt 27.77820 -11.03490
vt 27.88010 -10.81570
vt 28.11990 -11.03490
vt 28.11990 -10.81570
vt 27.88010 -11.03490
vt 53.90860 -17.08690
vt 54.09140 -17.08690
vt 54.10960 -16.77820
vt 53.89040 -16.77820
vt 53.88010 -17.22180
vt 54.11990 -17.22180
vt 3.83562 -43.42160
vt 3.90677 -43.26790
vt 3.82174 -43.23750
vt 3.90205 -42.99470
vt 3.93779 -43.35710
vt 3.96548 -43.42060
vt 3.96091 -43.35710
vt 4.07019 -43.05480
vt 4.14889 -43.00510
vt 3.85970 -42.92030
vt 4.15747 -42.82550
vt 3.82455 -42.77060
vt 4.13680 -42.65870
vt 3.99268 -42.57840
vt 3.83544 -42.65870
vt 3.89771 -42.99270
vt 3.89771 -43.13680
vt 4.00000 -42.99270
vt 4.00000 -43.17560
vt 4.10229 -43.13680
vt 4.10229 -42.99270
vt 3.89771 -42.83540
vt 4.10229 -42.83540
vt 4.03298 -42.98380
vt 4.08178 -42.96090
vt 4.03298 -42.96070
vt 4.08178 -42.93780
vt 3.98417 -42.96090
vt 3.98417 -42.93780
vt 3.96702 -43.42160
vt 3.96702 -43.23750
vt 3.92574 -43.23750
vt 3.91822 -43.42160
vt 3.91043 -42.99470
vt 3.99208 -42.99470
vt 4.00831 -43.23750
vt 4.07372 -42.99470
vt 4.01583 -43.42160
vt 3.89771 -42.77060
vt 4.10229 -42.92030
vt 4.10229 -42.77060
vt 3.89771 -42.65870
vt 4.10229 -42.65870
vt 3.89771 -42.92030
vt 4.16456 -42.65870
vt 4.00732 -42.57840
vt 4.17545 -42.77060
vt 3.86320 -42.65870
vt 3.84253 -42.82550
vt 4.14030 -42.92030
vt 3.85111 -43.00510
vt 4.09795 -42.99470
vt 3.92981 -43.05480
vt 4.09323 -43.26790
vt 4.17826 -43.23750
vt 4.16438 -43.42160
vt 4.06221 -43.35710
vt 4.03452 -43.42060
vt 4.03909 -43.35710
vt 3.91822 -42.83560
vt 4.01583 -42.83560
vt 3.96702 -42.81760
vt 4.01583 -42.96550
vt 3.91822 -42.96550
vt 3.96702 -42.98830
vt 4.00000 -43.18770
vt 4.07372 -43.07020
vt 3.99208 -43.07020
vt 3.89771 -43.14890
vt 3.91043 -43.07020
vt 4.10229 -43.14890
vt 4.00000 -42.82550
vt 4.00000 -42.65870
vt 3.89771 -42.82550
vt 4.00000 -43.00510
vt 3.89771 -43.00510
vt 4.10229 -43.00510
vt 4.10229 -42.82550
vt 3.92628 -43.05480
vt 3.99169 -43.26790
vt 4.00792 -43.05480
vt 4.03298 -43.26790
vt 4.08957 -43.05480
vt 4.07426 -43.26790
vt 4.03298 -43.42060
vt 4.08178 -43.35710
vt 4.03298 -43.35710
vt 4.08178 -43.42060
vt 3.98417 -43.42060
vt 3.98417 -43.35710
vt 34.03760 -31.02470
vt 33.98710 -31.00150
vt 34.03500 -31.02830
vt 33.99430 -30.97140
vt 33.97390 -31.00650
vt 33.92650 -30.97820
vt 33.93140 -31.01670
vt 33.95890 -31.01710
vt 34.00840 -31.00680
vt 33.95300 -30.97860
vt 34.03230 -30.97170
vt 34.02360 -31.00190
vt 34.07550 -31.02500
vt 34.07240 -31.02860
vt 34.04440 -31.02500
vt 34.00330 -31.00190
vt 34.04150 -31.02860
vt 34.01120 -30.97170
vt 33.99020 -31.00680
vt 33.94140 -30.97860
vt 33.94670 -31.01710
vt 34.05030 -31.01120
vt 34.04760 -30.92450
vt 34.01250 -30.94140
vt 34.07850 -30.99760
vt 33.98480 -30.95300
vt 33.98860 -31.03230
vt 34.02380 -30.95300
vt 34.02000 -31.03230
vt 33.96910 -30.92650
vt 33.92790 -30.99430
vt 34.00140 -30.94830
vt 33.95390 -31.01190
vt 33.95240 -30.97860
vt 33.98500 -31.01710
vt 33.98750 -30.97860
vt 33.94990 -31.01710
vt 34.01520 -30.97860
vt 33.97620 -30.97860
vt 33.97620 -31.01710
vt 34.01520 -31.01710
vt 34.03090 -30.97820
vt 33.99860 -30.97820
vt 34.00190 -31.01670
vt 34.03420 -31.01670
vt 33.96050 -31.02860
vt 34.01030 -31.00190
vt 33.95770 -31.02500
vt 34.00240 -30.97170
vt 34.02440 -31.00680
vt 34.07550 -30.97860
vt 34.07020 -31.01710
vt 33.92760 -31.02860
vt 33.97640 -31.00190
vt 33.92450 -31.02500
vt 33.96770 -30.97170
vt 33.99160 -31.00680
vt 34.04700 -30.97860
vt 34.04110 -31.01710
vt 34.05170 -30.97820
vt 33.98810 -30.97140
vt 34.00730 -31.00650
vt 34.04680 -31.01670
vt 33.99530 -31.00150
vt 33.96230 -31.02830
vt 33.95970 -31.02470
vt 34.08350 -31.03500
vt 34.08130 -31.04030
vt 34.08530 -31.03760
vt 34.07960 -31.03770
vt 34.05970 -30.97390
vt 34.04120 -31.00470
vt 34.06720 -30.98710
vt 34.03180 -30.99270
vt 34.03420 -30.93140
vt 34.00190 -30.95320
vt 34.01260 -31.00840
vt 34.01520 -30.95890
vt 33.97880 -31.00840
vt 33.97620 -30.95890
vt 33.98000 -31.02360
vt 34.01140 -31.02360
vt 33.94990 -30.92980
vt 33.96110 -30.99020
vt 33.98500 -30.94660
vt 33.93080 -30.97560
vt 33.95350 -31.00330
vt 33.92520 -30.98970
vt 33.92040 -31.04150
vt 33.91610 -31.03950
vt 33.99810 -31.07240
vt 33.99330 -31.07240
vt 34.00190 -31.02500
vt 34.00190 -31.02860
vt 34.00670 -31.02500
vt 34.00670 -31.02860
vt 34.08100 -31.02500
vt 34.08390 -31.02860
vt 34.08530 -31.02500
vt 34.07960 -31.02860
vt 33.92790 -30.97140
vt 33.91870 -31.02470
vt 33.95390 -30.97140
vt 33.91470 -31.02470
vt 34.02000 -30.97170
vt 33.98860 -30.97170
vt 34.05030 -30.97170
vt 34.07850 -30.97170
vt 33.95880 -31.00150
vt 18.19820 -44.97790
vt 18.63750 -45.12040
vt 18.62040 -44.87960
vt 18.20800 -45.11570
vt 17.74190 -45.03090
vt 17.73730 -44.96670
vt 17.36410 -45.03700
vt 17.36250 -45.01430
vt 17.93420 -45.19820
vt 17.88510 -45.62040
vt 18.06580 -45.19820
vt 18.11490 -45.62040
vt 18.03060 -44.73730
vt 17.96940 -44.73730
vt 18.01080 -44.36250
vt 17.98920 -44.36250
vt 17.98920 -45.01430
vt 18.01080 -45.03700
vt 18.01080 -45.01430
vt 17.98920 -45.03700
vt 17.79200 -45.11570
vt 18.25810 -45.03090
vt 17.80180 -44.97790
vt 17.36250 -45.12040
vt 17.37960 -44.87960
vt 18.26270 -44.96670
vt 18.63590 -45.03700
vt 18.63750 -45.01430
vt 4.11494 -47.63670
vt 4.06577 -47.20720
vt 3.88506 -47.63670
vt 3.93423 -47.20720
vt 4.03062 -46.74100
vt 3.96938 -46.74100
vt 4.01084 -46.36330
vt 3.98916 -46.36330
vt 14.09460 -15.02550
vt 14.12280 -14.93340
vt 14.08890 -14.94310
vt 14.16170 -15.00620
vt 13.96140 -15.04020
vt 13.98110 -14.97590
vt 13.95740 -14.98270
vt 14.00830 -15.02670
vt 13.84120 -15.06660
vt 13.85600 -15.01860
vt 13.83830 -15.02370
vt 13.87630 -15.05660
vt 13.98240 -15.08890
vt 13.98240 -15.12280
vt 14.01760 -15.08890
vt 14.01760 -15.12280
vt 13.98770 -14.95740
vt 13.98770 -14.98110
vt 14.01230 -14.95740
vt 14.01230 -14.98110
vt 13.99080 -14.83830
vt 13.99080 -14.85600
vt 14.00920 -14.83830
vt 14.00920 -14.85600
vt 14.01820 -15.06660
vt 13.99080 -15.02370
vt 13.98180 -15.06660
vt 14.00920 -15.02370
vt 14.02440 -15.04020
vt 13.98770 -14.98270
vt 13.97560 -15.04020
vt 14.01230 -14.98270
vt 14.03490 -15.02550
vt 13.98240 -14.94310
vt 13.96510 -15.02550
vt 14.01760 -14.94310
vt 13.87720 -14.93340
vt 13.90540 -15.02550
vt 13.91110 -14.94310
vt 13.83830 -15.00620
vt 14.01890 -14.97590
vt 14.03860 -15.04020
vt 14.04260 -14.98270
vt 13.99170 -15.02670
vt 14.14400 -15.01860
vt 14.15880 -15.06660
vt 14.16170 -15.02370
vt 14.12370 -15.05660
vt 13.96510 -15.16170
vt 14.03490 -15.16170
vt 14.03490 -15.09460
vt 13.96510 -15.09460
vt 13.97560 -15.00830
vt 14.02440 -15.00830
vt 14.02440 -14.96140
vt 13.97560 -14.96140
vt 13.98180 -14.87630
vt 14.01820 -14.87630
vt 14.01820 -14.84120
vt 13.98180 -14.84120
vt 14.03490 -15.00620
vt 13.98240 -14.93340
vt 13.96510 -15.00620
vt 14.01760 -14.93340
vt 14.02440 -15.02670
vt 13.98770 -14.97590
vt 13.97560 -15.02670
vt 14.01230 -14.97590
vt 14.01820 -15.05660
vt 13.99080 -15.01860
vt 13.98180 -15.05660
vt 14.00920 -15.01860
vt 21.89990 -39.25380
vt 22.07510 -38.74620
vt 21.75260 -38.79730
vt 21.53230 -39.14030
vt 21.51510 -38.89950
vt 22.19310 -39.18460
vt 22.43360 -38.79470
vt 22.48490 -39.04610
vt 21.79360 -38.75260
vt 22.20640 -38.75260
vt 22.11490 -38.51510
vt 21.88510 -38.51510
vt 21.79360 -39.07510
vt 22.20640 -39.07510
vt 21.84920 -39.43360
vt 22.15080 -39.43360
vt 21.92490 -38.74620
vt 22.10010 -39.25380
vt 22.24740 -38.79730
vt 22.46770 -39.14030
vt 22.48490 -38.89950
vt 21.80690 -39.18460
vt 21.56640 -38.79470
vt 21.51510 -39.04610
vt 21.84920 -38.79470
vt 22.15080 -39.04610
vt 22.15080 -38.79470
vt 21.84920 -39.04610
vt 21.73220 -7.12166
vt 21.85130 -7.03589
vt 21.70840 -7.03587
vt 21.89590 -7.14028
vt 21.83890 -6.94717
vt 21.70800 -6.94712
vt 21.73220 -6.87965
vt 21.82930 -6.86445
vt 21.85290 -6.92435
vt 21.84640 -6.87567
vt 21.87790 -6.84971
vt 21.87710 -6.86634
vt 21.91540 -6.88170
vt 21.92640 -6.86919
vt 21.93470 -6.92204
vt 21.96990 -6.94722
vt 21.90440 -6.94720
vt 21.90440 -6.93149
vt 21.92270 -7.03590
vt 21.99410 -7.03591
vt 21.97380 -7.10692
vt 22.00540 -6.94722
vt 22.02960 -7.03591
vt 22.09430 -6.95247
vt 22.11560 -7.03066
vt 22.18320 -6.95772
vt 22.21290 -7.04798
vt 22.25540 -7.01988
vt 22.23610 -6.94920
vt 22.28510 -6.96674
vt 22.29770 -7.03066
vt 22.25160 -6.94460
vt 22.26250 -7.01747
vt 22.23260 -7.00986
vt 22.24150 -7.02277
vt 22.27530 -7.03140
vt 22.20260 -7.02970
vt 22.20750 -7.04526
vt 22.12960 -7.03140
vt 22.13390 -7.01747
vt 22.07320 -7.02118
vt 22.06080 -7.03560
vt 21.95580 -7.26009
vt 21.91160 -7.25156
vt 21.90500 -7.28510
vt 21.95250 -7.29497
vt 22.00000 -7.26863
vt 22.00000 -7.30484
vt 22.04750 -7.29497
vt 22.04420 -7.26009
vt 22.09500 -7.28510
vt 22.08840 -7.25156
vt 21.86900 -6.87785
vt 21.94020 -6.92488
vt 21.94020 -6.87594
vt 21.86900 -6.92642
vt 22.00000 -6.88326
vt 22.00000 -6.94180
vt 22.05980 -6.92488
vt 22.13100 -6.87785
vt 22.13100 -6.92642
vt 22.05980 -6.87594
vt 22.00000 -6.82471
vt 21.86900 -6.82929
vt 21.94020 -6.82700
vt 21.86900 -6.73217
vt 21.94020 -6.72913
vt 22.00000 -6.70763
vt 22.13100 -6.82929
vt 22.05980 -6.82700
vt 22.13100 -6.73217
vt 22.05980 -6.72913
vt 21.86900 -6.90443
vt 21.86900 -6.93469
vt 21.88270 -6.92914
vt 22.13100 -6.90443
vt 22.11730 -6.92914
vt 22.13100 -6.93469
vt 21.88270 -6.90292
vt 21.88270 -6.85678
vt 21.86900 -6.85293
vt 22.11730 -6.90292
vt 22.11730 -6.85678
vt 22.13100 -6.85293
vt 21.86900 -6.96990
vt 21.89330 -7.00536
vt 21.93450 -6.97933
vt 21.94670 -7.00403
vt 21.90600 -7.09426
vt 21.95300 -7.09649
vt 21.91860 -7.18316
vt 22.00000 -7.00270
vt 21.95930 -7.18895
vt 22.00000 -7.09872
vt 22.04700 -7.09649
vt 22.05330 -7.00403
vt 22.09400 -7.09426
vt 22.10670 -7.00536
vt 22.08140 -7.18316
vt 22.04070 -7.18895
vt 22.08500 -7.23608
vt 22.04250 -7.24399
vt 22.00000 -7.19474
vt 22.00000 -6.98877
vt 22.06550 -6.97933
vt 22.13100 -6.96990
vt 21.91500 -7.23608
vt 21.95750 -7.24399
vt 22.00000 -7.25190
vt 21.93450 -7.03769
vt 21.86900 -7.12166
vt 21.93450 -7.12691
vt 21.86900 -7.03587
vt 22.00000 -7.03950
vt 22.00000 -7.13216
vt 22.06550 -7.12691
vt 21.93450 -6.94538
vt 21.86900 -6.94712
vt 21.86900 -6.87965
vt 21.94020 -6.88501
vt 22.00000 -6.94364
vt 22.00000 -6.84923
vt 22.06550 -7.03769
vt 22.13100 -7.12166
vt 22.13100 -7.03587
vt 22.06550 -6.94538
vt 22.13100 -6.94712
vt 22.13100 -6.87965
vt 22.05980 -6.88501
vt 22.13100 -6.88170
vt 22.11730 -6.91907
vt 22.13100 -6.92204
vt 21.88270 -6.91907
vt 21.88270 -6.88392
vt 21.86900 -6.88170
vt 21.86900 -6.92204
vt 22.11730 -6.88392
vt 22.02620 -7.10692
vt 22.07730 -7.03590
vt 22.00590 -7.03591
vt 22.10410 -7.14028
vt 22.03010 -6.94722
vt 22.09560 -6.94720
vt 22.06530 -6.92204
vt 22.07360 -6.86919
vt 22.08460 -6.88170
vt 22.12210 -6.84971
vt 22.12290 -6.86634
vt 22.15360 -6.87567
vt 22.17070 -6.86445
vt 22.09560 -6.93149
vt 22.14710 -6.92435
vt 22.16110 -6.94717
vt 22.26780 -6.87965
vt 22.29200 -6.94712
vt 22.29160 -7.03587
vt 22.14870 -7.03589
vt 22.26780 -7.12166
vt 21.99460 -6.94722
vt 21.97040 -7.03591
vt 21.90570 -6.95247
vt 21.81680 -6.95772
vt 21.88440 -7.03066
vt 21.78710 -7.04798
vt 21.74460 -7.01988
vt 21.76390 -6.94920
vt 21.71490 -6.96674
vt 21.70230 -7.03066
vt 21.74840 -6.94460
vt 21.73750 -7.01747
vt 21.75850 -7.02277
vt 21.76740 -7.00986
vt 21.72470 -7.03140
vt 21.79740 -7.02970
vt 21.79250 -7.04526
vt 21.87040 -7.03140
vt 21.86610 -7.01747
vt 21.92680 -7.02118
vt 21.93920 -7.03560
vt 22.13100 -6.89589
vt 22.06550 -6.89017
vt 22.06550 -6.71990
vt 22.00000 -6.88446
vt 21.93450 -6.71990
vt 21.93450 -6.89017
vt 21.86900 -6.89589
vt 22.08140 -7.21291
vt 22.06800 -7.24147
vt 22.08500 -7.25538
vt 22.06510 -7.20749
vt 21.91860 -7.21291
vt 21.91500 -7.25538
vt 21.93200 -7.24147
vt 21.93490 -7.20749
vt 21.93450 -6.97197
vt 21.86900 -6.97375
vt 22.00000 -6.97019
vt 22.06550 -6.97197
vt 22.13100 -6.97375
vt 21.93450 -6.99234
vt 21.86900 -6.99412
vt 21.89330 -7.02958
vt 21.94670 -7.02922
vt 22.00000 -6.99056
vt 21.91470 -7.06079
vt 21.90600 -7.11560
vt 21.95730 -7.06050
vt 21.92480 -7.12963
vt 22.00000 -7.06022
vt 22.00000 -7.02886
vt 22.04270 -7.06050
vt 22.05330 -7.02922
vt 22.08530 -7.06079
vt 22.06550 -6.99234
vt 22.10670 -7.02958
vt 22.13100 -6.99412
vt 22.07520 -7.12963
vt 22.09400 -7.11560
vt 22.04750 -7.30810
vt 22.00000 -7.29196
vt 22.00000 -7.31848
vt 21.95250 -7.30810
vt 22.03800 -7.28366
vt 22.07610 -7.27535
vt 22.09500 -7.29772
vt 21.96200 -7.28366
vt 21.92390 -7.27535
vt 21.90500 -7.29772
vt 21.88270 -6.91275
vt 21.86900 -6.87713
vt 21.86900 -6.91540
vt 21.88270 -6.87846
vt 22.11730 -6.91275
vt 22.13100 -6.87713
vt 22.11730 -6.87846
vt 22.13100 -6.91540
vt 21.88270 -6.85094
vt 21.86900 -6.84642
vt 22.11730 -6.85094
vt 22.13100 -6.84642
vt 22.06710 -7.26253
vt 22.03360 -7.26985
vt 22.00000 -7.27718
vt 21.96640 -7.26985
vt 21.93290 -7.26253
vt 21.90500 -7.03066
vt 21.95250 -6.96579
vt 21.90500 -6.96674
vt 21.95250 -7.03227
vt 22.00000 -6.96483
vt 22.00000 -7.03387
vt 22.04750 -7.03227
vt 22.04750 -6.96579
vt 22.09500 -7.03066
vt 22.09500 -6.96674
vt 22.07530 -7.02118
vt 22.03770 -7.02246
vt 22.04270 -7.03705
vt 22.08530 -7.03560
vt 21.96230 -7.02246
vt 22.00000 -7.03850
vt 22.00000 -7.02374
vt 21.95730 -7.03705
vt 21.92470 -7.02118
vt 21.91470 -7.03560
vt 21.93450 -7.03772
vt 21.86900 -7.10692
vt 21.93450 -7.11217
vt 21.86900 -7.03591
vt 22.00000 -7.03954
vt 22.00000 -7.11742
vt 22.06550 -7.11217
vt 22.06550 -7.03772
vt 22.13100 -7.10692
vt 22.13100 -7.03591
vt 21.86900 -6.86919
vt 21.93450 -6.94549
vt 21.94020 -6.87408
vt 21.86900 -6.94722
vt 22.00000 -6.94375
vt 22.00000 -6.85946
vt 22.05980 -6.87408
vt 22.06550 -6.94549
vt 22.13100 -6.86919
vt 22.13100 -6.94722
vt 21.86900 -6.87567
vt 21.86900 -6.92435
vt 21.88270 -6.92138
vt 22.13100 -6.87567
vt 22.11730 -6.92138
vt 22.13100 -6.92435
vt 22.11730 -6.87852
vt 21.88270 -6.87852
vt 14.16430 -58.95430
vt 14.11980 -58.88590
vt 14.10510 -58.95430
vt 14.14970 -58.88590
vt 14.07600 -58.94530
vt 14.04320 -58.89500
vt 14.03250 -58.94530
vt 14.06520 -58.89500
vt 13.92490 -59.06410
vt 13.93100 -59.00440
vt 13.91140 -59.01440
vt 13.96360 -59.04420
vt 13.85040 -59.11410
vt 13.85700 -59.04890
vt 13.83570 -59.05990
vt 13.89260 -59.09230
vt 13.98500 -59.14970
vt 14.01500 -59.11980
vt 13.98500 -59.11980
vt 14.01500 -59.14970
vt 13.98900 -59.04320
vt 13.98900 -59.06520
vt 14.01100 -59.04320
vt 14.01100 -59.06520
vt 13.98900 -58.93100
vt 14.01100 -58.91140
vt 13.98900 -58.91140
vt 14.01100 -58.93100
vt 13.98800 -58.83570
vt 13.98800 -58.85700
vt 14.01200 -58.83570
vt 14.01200 -58.85700
vt 14.02380 -59.11410
vt 13.98800 -59.05990
vt 13.97620 -59.11410
vt 14.01200 -59.05990
vt 14.02180 -59.06410
vt 13.98900 -59.01440
vt 13.97820 -59.06410
vt 14.01100 -59.01440
vt 14.02180 -58.94530
vt 13.98900 -58.89500
vt 13.97820 -58.94530
vt 14.01100 -58.89500
vt 14.02960 -58.95430
vt 13.98500 -58.88590
vt 13.97040 -58.95430
vt 14.01500 -58.88590
vt 13.89490 -58.95430
vt 13.85030 -58.88590
vt 13.83570 -58.95430
vt 13.88020 -58.88590
vt 13.96750 -58.94530
vt 13.93480 -58.89500
vt 13.92400 -58.94530
vt 13.95680 -58.89500
vt 14.06900 -59.00440
vt 14.07510 -59.06410
vt 14.08860 -59.01440
vt 14.03640 -59.04420
vt 14.14300 -59.04890
vt 14.14960 -59.11410
vt 14.16430 -59.05990
vt 14.10740 -59.09230
vt 13.97620 -58.89260
vt 14.02380 -58.89260
vt 14.02380 -58.85040
vt 13.97620 -58.85040
vt 13.97820 -58.96360
vt 14.02180 -58.96360
vt 14.02180 -58.92490
vt 13.97820 -58.92490
vt 13.97040 -59.16430
vt 14.02960 -59.16430
vt 14.02960 -59.10510
vt 13.97040 -59.10510
vt 13.97820 -59.07600
vt 14.02180 -59.07600
vt 14.02180 -59.03250
vt 13.97820 -59.03250
vt 14.02180 -59.04420
vt 13.98900 -59.00440
vt 13.97820 -59.04420
vt 14.01100 -59.00440
vt 14.02380 -59.09230
vt 13.98800 -59.04890
vt 13.97620 -59.09230
vt 14.01200 -59.04890
vt 1.24087 2.16718
vt 1.23948 2.22554
vt 1.22573 2.22136
vt 1.26394 2.16717
vt 1.25018 2.22554
vt 1.24879 2.16718
vt 1.26394 2.22136
vt 1.22573 2.16717
vt 1.36879 1.68849
vt 1.37862 1.73310
vt 1.34433 1.74685
vt 1.40348 1.68847
vt 1.36920 1.73310
vt 1.37903 1.68849
vt 1.40348 1.74685
vt 1.34433 1.68847
vt -0.05797 -36.97790
vt -0.04683 -37.01310
vt -0.04767 -36.97600
vt -0.05340 -36.95520
vt -0.06975 -36.95820
vt 0.01572 -37.00030
vt 0.01600 -36.97380
vt 0.00292 -36.99910
vt -0.00431 -36.97190
vt 0.00412 -37.04440
vt 0.04956 -36.95340
vt 0.04144 -36.98970
vt 0.05802 -36.98700
vt 0.02325 -36.95780
vt 0.05806 -37.04660
vt 0.06975 -36.98730
vt 0.05317 -36.99000
vt 0.06817 -36.95390
vt 0.04186 -36.95820
vt 0.02434 -37.00280
vt 0.01154 -37.00160
vt 0.02969 -36.97780
vt 0.00938 -36.97590
vt -0.04179 -36.95520
vt -0.05065 -36.97790
vt -0.04035 -36.97600
vt -0.05814 -36.95820
vt 0.06351 -36.94190
vt 0.08037 -36.94660
vt 0.07600 -36.93030
vt 0.06788 -36.95820
vt -0.08037 -36.94660
vt -0.06351 -36.94190
vt -0.07600 -36.93030
vt -0.06788 -36.95820
vt 0.05545 -37.04190
vt 0.08249 -37.04960
vt 0.07548 -37.02330
vt 0.06246 -37.06820
vt -0.08249 -37.04960
vt -0.05545 -37.04190
vt -0.07548 -37.02330
vt -0.06246 -37.06820
vt 0.06040 -37.00940
vt 0.08109 -37.01600
vt 0.07572 -36.99570
vt 0.06576 -37.02970
vt -0.08109 -37.01600
vt -0.06040 -37.00940
vt -0.07572 -36.99570
vt -0.06576 -37.02970
vt -0.06607 -36.97790
vt -0.07394 -36.97790
vt -0.07307 -37.01310
vt 0.06607 -36.97790
vt 0.07307 -37.01310
vt 0.07394 -36.97790
vt -0.07600 -36.95820
vt -0.06351 -36.95820
vt 0.07600 -36.95820
vt 0.06351 -36.95820
vt -0.07319 -36.99910
vt -0.06040 -36.97590
vt -0.07572 -36.97190
vt -0.06353 -37.00160
vt 0.07319 -36.99910
vt 0.06040 -36.97590
vt 0.06353 -37.00160
vt 0.07572 -36.97190
vt -0.07212 -37.04440
vt 0.07212 -37.04440
vt -0.07217 -36.98970
vt -0.05545 -36.95820
vt -0.07548 -36.95780
vt -0.05955 -36.99000
vt 0.07217 -36.98970
vt 0.05545 -36.95820
vt 0.05955 -36.99000
vt 0.07548 -36.95780
vt -0.07077 -37.04660
vt 0.07077 -37.04660
vt 0.05797 -36.97790
vt 0.04767 -36.97600
vt 0.04683 -37.01310
vt 0.05340 -36.95520
vt 0.06975 -36.95820
vt -0.01600 -36.97380
vt -0.01572 -37.00030
vt -0.00292 -36.99910
vt 0.00431 -36.97190
vt -0.00412 -37.04440
vt -0.04956 -36.95340
vt -0.05802 -36.98700
vt -0.04144 -36.98970
vt -0.02325 -36.95780
vt -0.05806 -37.04660
vt -0.06975 -36.98730
vt -0.05317 -36.99000
vt -0.06817 -36.95390
vt -0.04186 -36.95820
vt -0.02434 -37.00280
vt -0.01154 -37.00160
vt -0.02969 -36.97780
vt -0.00938 -36.97590
vt 0.05065 -36.97790
vt 0.04179 -36.95520
vt 0.04035 -36.97600
vt 0.05814 -36.95820
vt 0.07659 -36.98700
vt 0.06397 -36.98730
vt -0.07659 -36.98700
vt -0.06397 -36.98730
vt 0.06246 -36.95390
vt 0.08249 -36.95340
vt -0.06246 -36.95390
vt -0.08249 -36.95340
vt 0.07657 -37.00030
vt 0.06692 -37.00280
vt -0.07657 -37.00030
vt -0.06692 -37.00280
vt 0.06576 -36.97780
vt 0.08109 -36.97380
vt -0.06576 -36.97780
vt -0.08109 -36.97380
vt 0.06788 -36.95520
vt 0.06882 -36.97600
vt 0.07670 -36.97600
vt 0.08037 -36.95520
vt -0.06882 -36.97600
vt -0.06788 -36.95520
vt -0.07670 -36.97600
vt -0.08037 -36.95520
vt 0.32014 -0.19929
vt 0.32806 -0.14512
vt 0.31430 -0.14930
vt 0.34320 -0.19930
vt 0.32945 -0.14512
vt 0.33737 -0.19929
vt 0.34320 -0.14930
vt 0.31430 -0.19930
vt 55.90150 -34.93870
vt 55.83400 -34.98780
vt 55.88630 -35.02070
vt 55.84500 -34.92820
vt 55.85200 -35.01430
vt 55.98430 -34.97950
vt 55.96920 -35.03600
vt 56.07520 -35.00500
vt 56.10300 -35.06080
vt 56.15980 -35.02140
vt 56.16600 -34.98760
vt 56.07510 -35.00670
vt 55.98370 -34.98110
vt 55.98220 -34.99780
vt 55.91610 -34.96510
vt 56.14380 -35.00870
vt 56.15080 -34.99240
vt 55.91540 -34.94730
vt 56.07060 -35.02260
vt 55.90670 -34.84500
vt 56.00000 -34.90150
vt 56.00000 -34.84500
vt 55.90670 -34.90150
vt 55.92210 -34.91540
vt 56.00000 -34.91550
vt 55.90670 -34.98430
vt 55.92210 -34.98370
vt 55.92210 -35.07510
vt 55.90670 -35.07520
vt 55.92210 -35.15080
vt 55.90670 -35.16600
vt 56.00000 -35.16600
vt 56.00000 -35.15080
vt 56.07790 -35.15080
vt 56.09330 -35.16600
vt 56.09330 -35.07520
vt 56.07790 -35.07510
vt 56.09330 -34.98430
vt 56.07790 -34.98370
vt 56.07790 -34.91540
vt 56.09330 -34.90150
vt 56.09330 -34.84500
vt 56.00000 -34.93920
vt 55.90670 -34.98780
vt 56.00000 -34.99880
vt 55.90670 -34.92820
vt 56.09330 -34.98780
vt 56.09330 -34.92820
vt 56.09330 -35.01430
vt 56.00000 -35.02530
vt 55.90670 -35.01430
vt 56.00000 -35.00150
vt 55.92210 -34.99240
vt 55.92460 -35.00870
vt 56.07540 -35.00870
vt 56.00000 -35.01760
vt 56.07790 -34.99240
vt 56.09850 -34.93870
vt 56.16600 -34.98780
vt 56.15500 -34.92820
vt 56.11370 -35.02070
vt 56.14800 -35.01430
vt 56.01570 -34.97950
vt 56.03080 -35.03600
vt 55.92480 -35.00500
vt 55.89700 -35.06080
vt 55.84020 -35.02140
vt 55.83400 -34.98760
vt 56.08390 -34.96510
vt 56.01630 -34.98110
vt 56.01780 -34.99780
vt 55.92490 -35.00670
vt 55.92940 -35.02260
vt 56.08460 -34.94730
vt 55.84920 -34.99240
vt 55.85620 -35.00870
vt 55.90670 -35.15980
vt 56.00000 -35.15980
vt 56.00000 -35.10300
vt 55.90670 -35.10300
vt 56.09330 -35.15980
vt 56.09330 -35.10300
vt 56.00000 -34.88630
vt 55.90670 -34.85200
vt 55.90670 -34.88630
vt 56.00000 -34.85200
vt 55.90670 -34.96920
vt 56.09330 -34.85200
vt 56.09330 -34.88630
vt 56.00000 -34.96920
vt 56.09330 -34.96920
vt 56.00000 -34.99870
vt 56.09330 -35.02140
vt 56.09330 -34.98760
vt 56.00000 -35.03240
vt 55.90670 -35.02140
vt 55.90670 -34.98760
vt 56.00000 -34.95650
vt 55.92210 -34.94730
vt 55.92460 -34.96510
vt 56.07540 -34.96510
vt 56.00000 -34.97400
vt 56.07790 -34.94730
vt 8.06457 -37.04610
vt 8.04958 -37.01000
vt 8.03827 -37.04180
vt 8.06616 -37.01270
vt 8.05447 -36.95340
vt 8.02022 -37.03270
vt 8.00207 -37.00880
vt 7.99991 -37.03460
vt 8.01487 -37.00760
vt 7.99465 -36.96600
vt 7.96180 -37.02190
vt 7.95294 -36.99920
vt 7.94545 -37.01890
vt 7.96324 -37.00110
vt 7.95676 -36.96400
vt 7.93384 -37.01890
vt 7.95019 -37.02200
vt 7.94562 -36.99920
vt 7.95592 -37.00110
vt 8.00653 -37.03660
vt 7.99345 -37.01130
vt 7.98622 -37.03850
vt 8.00625 -37.01010
vt 8.01966 -37.04220
vt 8.04597 -37.04660
vt 8.03785 -37.01030
vt 8.05443 -37.01300
vt 7.91337 -36.99920
vt 7.92124 -36.99920
vt 7.92037 -36.96400
vt 8.08663 -36.99920
vt 8.07963 -36.96400
vt 8.07876 -36.99920
vt 7.92330 -37.01890
vt 7.91081 -37.01890
vt 8.08919 -37.01890
vt 8.07670 -37.01890
vt 7.91354 -37.00880
vt 7.92320 -37.01130
vt 7.92213 -36.96600
vt 8.08646 -37.00880
vt 8.07787 -36.96600
vt 8.07680 -37.01130
vt 7.91041 -37.03460
vt 7.92573 -37.03850
vt 8.08959 -37.03460
vt 8.07427 -37.03850
vt 7.91242 -37.01000
vt 7.92505 -37.01030
vt 7.92365 -36.95340
vt 8.08758 -37.01000
vt 8.07635 -36.95340
vt 8.07495 -37.01030
vt 7.90832 -37.04180
vt 7.92835 -37.04220
vt 8.09168 -37.04180
vt 8.07165 -37.04220
vt 7.93543 -37.04610
vt 7.95042 -37.01000
vt 7.93384 -37.01270
vt 7.96173 -37.04180
vt 7.94553 -36.95340
vt 7.97978 -37.03270
vt 7.99793 -37.00880
vt 7.98513 -37.00760
vt 8.00009 -37.03460
vt 8.00535 -36.96600
vt 8.03820 -37.02190
vt 8.04706 -36.99920
vt 8.03676 -37.00110
vt 8.05455 -37.01890
vt 8.04324 -36.96400
vt 8.06616 -37.01890
vt 8.05438 -36.99920
vt 8.04981 -37.02200
vt 8.04408 -37.00110
vt 8.01378 -37.03850
vt 8.00655 -37.01130
vt 7.99347 -37.03660
vt 7.99375 -37.01010
vt 7.98034 -37.04220
vt 7.96215 -37.01030
vt 7.95403 -37.04660
vt 7.94557 -37.01300
vt 7.93536 -37.04600
vt 7.90832 -37.03830
vt 7.91533 -37.06460
vt 7.92835 -37.01970
vt 8.09168 -37.03830
vt 8.06464 -37.04600
vt 8.08467 -37.06460
vt 8.07165 -37.01970
vt 7.93110 -37.00650
vt 7.91041 -36.99990
vt 7.91577 -37.02020
vt 7.92573 -36.98620
vt 8.08959 -36.99990
vt 8.06890 -37.00650
vt 8.08423 -37.02020
vt 8.07427 -36.98620
vt 7.92768 -36.95020
vt 7.91081 -36.94550
vt 7.91518 -36.96180
vt 7.92330 -36.93380
vt 8.08919 -36.94550
vt 8.07232 -36.95020
vt 8.08482 -36.96180
vt 8.07670 -36.93380
vt 8.07054 -37.01300
vt 8.08316 -37.01270
vt 8.08467 -37.04610
vt 8.06464 -37.04660
vt 7.92946 -37.01300
vt 7.91684 -37.01270
vt 7.93536 -37.04660
vt 7.91533 -37.04610
vt 8.07342 -37.01010
vt 8.08307 -37.00760
vt 7.92658 -37.01010
vt 7.91693 -37.00760
vt 8.08423 -37.03270
vt 8.06890 -37.03660
vt 7.93110 -37.03660
vt 7.91577 -37.03270
vt 8.07600 -37.00110
vt 8.08388 -37.00110
vt 7.92400 -37.00110
vt 7.91612 -37.00110
vt 8.08482 -37.02190
vt 8.07232 -37.02200
vt 7.92768 -37.02200
vt 7.91518 -37.02190
vt 60.00000 -11.04070
vt 60.07540 -11.11390
vt 60.07540 -11.04070
vt 60.00000 -11.11390
vt 59.92460 -11.11390
vt 59.92460 -11.04070
vt 60.00000 -10.95280
vt 60.07540 -10.95220
vt 59.92460 -10.95220
vt 60.00000 -10.88620
vt 60.07540 -10.88610
vt 59.92460 -10.88610
vt 16.06140 -31.19230
vt 16.09290 -31.15050
vt 16.04380 -31.18780
vt 16.09620 -31.16990
vt 16.02460 -30.85750
vt 15.93630 -30.80770
vt 15.92300 -30.85750
vt 16.01130 -30.80770
vt 16.07040 -31.14040
vt 15.97250 -31.10540
vt 16.03950 -31.16720
vt 16.00470 -31.05040
vt 15.92960 -31.03200
vt 15.90380 -31.06170
vt 15.94840 -31.01040
vt 16.02820 -31.01040
vt 16.03750 -30.93630
vt 15.96250 -30.93630
vt 16.03750 -31.01130
vt 15.96250 -31.01130
vt 15.95980 -31.09290
vt 16.04020 -31.09290
vt 15.97320 -31.07040
vt 16.02680 -31.07040
vt 16.05080 -30.85750
vt 15.96250 -30.80770
vt 15.94920 -30.85750
vt 16.03750 -30.80770
vt 15.96010 -31.06170
vt 16.03990 -31.06170
vt 15.96010 -31.03200
vt 16.03990 -31.03200
vt 15.96010 -31.01040
vt 16.03990 -31.01040
vt 15.95980 -31.18780
vt 16.02680 -31.16720
vt 15.97320 -31.16720
vt 16.04020 -31.18780
vt 15.95620 -31.18780
vt 15.90710 -31.15050
vt 15.93860 -31.19230
vt 15.90380 -31.16990
vt 16.07700 -30.85750
vt 15.98870 -30.80770
vt 15.97540 -30.85750
vt 16.06370 -30.80770
vt 16.02750 -31.10540
vt 16.07040 -31.03200
vt 15.99530 -31.05040
vt 16.05160 -31.01040
vt 15.97180 -31.01040
vt 16.09620 -31.06170
vt 15.92960 -31.14040
vt 15.96050 -31.16720
vt 15.97330 -31.09620
vt 16.02670 -31.09620
vt 15.97330 -31.06140
vt 16.02670 -31.06140
vt 15.95980 -31.04380
vt 16.04020 -31.04380
vt 16.03990 -30.97250
vt 15.96010 -30.90380
vt 15.96010 -30.97250
vt 16.03990 -30.90380
vt 16.02680 -31.03950
vt 15.97320 -31.03950
vt 16.02670 -31.16990
vt 15.95980 -31.15050
vt 15.97330 -31.16990
vt 16.04020 -31.15050
vt 15.96010 -31.05040
vt 16.03990 -31.05040
vt 15.97320 -31.14040
vt 16.02680 -31.14040
vt 18.03530 -38.96930
vt 18.00330 -38.97260
vt 18.01260 -38.97860
vt 18.00790 -39.01220
vt 17.99310 -38.92740
vt 17.97600 -38.94670
vt 18.02020 -39.03110
vt 18.00770 -39.02480
vt 17.95610 -39.07080
vt 17.95440 -39.06870
vt 18.04100 -38.97110
vt 18.01070 -39.01470
vt 18.02330 -39.03760
vt 18.00980 -39.02850
vt 17.95660 -39.07510
vt 17.95470 -39.07220
vt 18.01640 -38.97850
vt 18.00620 -38.97050
vt 17.99740 -38.92490
vt 17.97890 -38.94340
vt 18.03850 -39.00320
vt 18.01440 -39.03380
vt 18.02590 -39.03730
vt 18.02490 -38.98550
vt 18.04570 -38.97430
vt 18.01240 -38.97490
vt 18.00090 -38.93020
vt 17.98520 -38.95010
vt 17.95530 -39.06820
vt 17.95430 -39.06560
vt 18.00730 -39.02370
vt 18.00520 -39.00090
vt 18.04640 -39.03260
vt 18.02950 -38.99100
vt 18.02490 -39.04570
vt 17.95400 -38.99310
vt 17.94190 -39.03530
vt 17.97920 -39.00020
vt 17.96540 -39.04480
vt 18.07040 -38.95430
vt 18.05410 -39.00730
vt 18.07310 -38.95590
vt 18.06510 -39.01870
vt 17.99060 -38.95470
vt 17.98420 -39.00980
vt 17.99410 -38.95470
vt 18.00050 -39.00980
vt 17.95180 -39.01300
vt 17.93170 -38.95510
vt 17.93840 -39.00770
vt 17.92890 -38.95440
vt 17.92900 -39.06970
vt 17.92960 -39.06560
vt 17.92690 -39.06710
vt 17.93160 -39.06820
vt 18.06830 -39.07070
vt 18.07040 -39.07280
vt 18.07110 -39.06870
vt 18.07310 -39.07080
vt 18.00940 -39.07220
vt 18.00590 -39.07220
vt 18.00590 -39.07510
vt 18.00940 -39.07510
vt 18.02070 -38.92490
vt 17.99460 -38.92490
vt 17.99460 -38.94340
vt 18.02070 -38.94340
vt 18.02080 -38.92740
vt 18.04110 -38.94670
vt 18.04600 -38.92740
vt 18.01600 -38.94670
vt 17.99480 -38.93020
vt 17.97050 -38.93020
vt 17.97690 -38.95010
vt 18.00110 -38.95010
vt 18.02050 -38.97850
vt 17.99480 -38.97850
vt 17.99820 -39.01470
vt 18.01710 -39.01470
vt 17.99950 -39.02850
vt 18.01580 -39.02850
vt 18.02700 -38.98270
vt 18.04820 -39.03250
vt 18.05860 -39.01220
vt 18.06160 -39.02480
vt 18.05050 -38.97860
vt 17.96360 -38.98030
vt 17.95070 -39.01180
vt 17.98500 -38.98550
vt 17.95660 -39.03380
vt 17.94590 -39.02370
vt 18.04410 -39.06710
vt 17.97410 -39.03730
vt 18.04310 -39.06970
vt 17.98130 -39.02730
vt 17.99280 -39.01180
vt 17.99270 -39.02370
vt 17.96740 -38.96910
vt 17.98820 -38.98030
vt 17.99730 -38.97490
vt 18.00900 -38.93020
vt 18.02460 -38.95010
vt 17.97670 -39.03760
vt 17.98930 -39.01470
vt 17.95900 -38.97110
vt 17.98360 -38.97850
vt 17.99020 -39.02850
vt 18.04340 -39.07510
vt 18.04530 -39.07220
vt 17.99380 -38.97050
vt 18.00260 -38.92490
vt 18.02110 -38.94340
vt 17.98960 -38.97260
vt 18.01680 -38.94670
vt 17.99980 -38.92740
vt 17.95520 -38.97340
vt 17.97780 -38.98270
vt 17.96220 -39.00320
vt 17.98700 -39.03250
vt 17.97460 -39.03880
vt 18.04310 -39.07280
vt 18.04490 -39.07070
vt 18.07010 -39.02020
vt 18.07040 -38.95690
vt 18.05670 -39.02540
vt 18.07310 -38.95610
vt 18.01580 -39.02330
vt 18.00940 -38.95660
vt 17.99950 -39.02330
vt 18.00590 -38.95660
vt 17.99480 -39.01640
vt 18.02050 -39.01640
vt 18.02060 -39.00620
vt 17.99470 -39.00620
vt 18.02070 -38.97890
vt 17.99460 -38.97890
vt 17.92900 -38.95690
vt 17.95660 -39.01440
vt 17.93160 -38.95530
vt 17.94550 -39.02590
vt 18.04870 -39.00330
vt 18.01600 -38.98320
vt 18.02390 -39.01040
vt 18.04110 -38.97600
vt 18.05050 -39.01260
vt 18.02700 -39.02220
vt 17.97690 -38.97540
vt 17.98990 -39.01240
vt 18.00110 -38.98520
vt 17.96600 -39.00270
vt 17.96360 -39.01180
vt 17.98500 -39.02490
vt 18.06510 -39.02730
vt 18.03840 -39.00320
vt 18.05450 -39.03730
vt 18.04640 -38.96910
vt 18.02490 -38.97430
vt 17.97930 -38.92490
vt 17.97950 -38.97110
vt 18.00540 -38.92490
vt 18.00520 -38.97110
vt 17.95550 -39.00320
vt 17.92990 -39.03110
vt 17.94330 -39.03880
vt 17.94190 -38.96930
vt 17.96540 -38.97340
vt 17.98420 -39.03760
vt 18.00050 -39.03760
vt 20.09290 -19.15050
vt 20.04380 -19.18780
vt 20.06140 -19.19230
vt 20.09620 -19.16990
vt 20.02460 -18.85750
vt 19.94840 -19.01040
vt 20.02820 -19.01040
vt 19.92300 -18.85750
vt 20.01130 -18.80770
vt 19.93630 -18.80770
vt 20.00470 -19.05040
vt 19.92960 -19.03200
vt 19.97250 -19.10540
vt 19.90380 -19.06170
vt 20.07040 -19.14040
vt 20.03950 -19.16720
vt 19.96250 -18.93630
vt 19.96250 -19.01130
vt 20.03750 -18.93630
vt 20.03750 -19.01130
vt 20.02680 -19.07040
vt 19.97320 -19.07040
vt 19.95980 -19.09290
vt 20.04020 -19.09290
vt 19.94920 -18.85750
vt 20.03990 -19.01040
vt 20.05080 -18.85750
vt 19.96010 -19.01040
vt 20.03750 -18.80770
vt 19.96250 -18.80770
vt 20.03990 -19.03200
vt 19.96010 -19.03200
vt 19.96010 -19.06170
vt 20.03990 -19.06170
vt 19.97320 -19.16720
vt 20.04020 -19.18780
vt 20.02680 -19.16720
vt 19.95980 -19.18780
vt 19.90710 -19.15050
vt 19.93860 -19.19230
vt 19.95620 -19.18780
vt 19.90380 -19.16990
vt 19.97540 -18.85750
vt 20.05160 -19.01040
vt 20.07700 -18.85750
vt 20.06370 -18.80770
vt 19.98870 -18.80770
vt 19.97180 -19.01040
vt 19.99530 -19.05040
vt 20.07040 -19.03200
vt 20.02750 -19.10540
vt 20.09620 -19.06170
vt 19.92960 -19.14040
vt 19.96050 -19.16720
vt 20.02670 -19.06140
vt 19.97330 -19.09620
vt 20.02670 -19.09620
vt 19.97330 -19.06140
vt 20.04020 -19.04380
vt 19.95980 -19.04380
vt 19.96010 -18.97250
vt 20.03990 -18.97250
vt 20.03990 -18.90380
vt 19.96010 -18.90380
vt 19.97320 -19.03950
vt 20.02680 -19.03950
vt 19.97330 -19.16990
vt 20.04020 -19.15050
vt 19.95980 -19.15050
vt 20.02670 -19.16990
vt 19.96010 -19.05040
vt 20.03990 -19.05040
vt 20.02680 -19.14040
vt 19.97320 -19.14040
vt 39.95690 -27.06970
vt 40.02590 -27.03730
vt 39.95590 -27.06710
vt 40.01870 -27.02730
vt 40.03260 -26.96910
vt 40.00270 -26.97490
vt 40.01180 -26.98030
vt 40.00720 -27.01180
vt 39.99100 -26.93020
vt 39.97540 -26.95010
vt 40.00730 -27.02370
vt 40.04100 -26.97110
vt 40.01070 -27.01470
vt 40.02330 -27.03760
vt 40.00980 -27.02850
vt 39.95660 -27.07510
vt 39.95470 -27.07220
vt 40.01640 -26.97850
vt 40.00620 -26.97050
vt 39.99740 -26.92490
vt 39.97890 -26.94340
vt 40.04480 -26.97340
vt 40.01040 -26.97260
vt 40.02220 -26.98270
vt 40.00020 -26.92740
vt 39.98320 -26.94670
vt 40.03780 -27.00320
vt 40.01300 -27.03250
vt 40.02540 -27.03880
vt 39.95690 -27.07280
vt 39.95510 -27.07070
vt 39.97050 -26.99100
vt 39.95360 -27.03260
vt 39.99480 -27.00090
vt 39.97510 -27.04570
vt 40.02080 -27.00020
vt 40.05810 -27.03530
vt 40.04600 -26.99310
vt 40.03460 -27.04480
vt 39.94590 -27.00730
vt 39.92690 -26.95590
vt 39.93490 -27.01870
vt 39.92960 -26.95430
vt 40.00590 -26.95470
vt 39.99950 -27.00980
vt 40.00940 -26.95470
vt 40.01580 -27.00980
vt 40.06830 -26.95510
vt 40.06160 -27.00770
vt 40.07110 -26.95440
vt 40.04820 -27.01300
vt 40.07310 -27.06710
vt 40.07040 -27.06560
vt 40.07100 -27.06970
vt 40.06840 -27.06820
vt 39.92960 -27.07280
vt 39.92890 -27.06870
vt 39.92690 -27.07080
vt 39.93170 -27.07070
vt 39.99410 -27.07220
vt 39.99060 -27.07220
vt 39.99060 -27.07510
vt 39.99410 -27.07510
vt 40.00540 -26.92490
vt 39.97930 -26.92490
vt 39.97930 -26.94340
vt 40.00540 -26.94340
vt 39.97920 -26.92740
vt 39.95400 -26.92740
vt 39.95890 -26.94670
vt 39.98400 -26.94670
vt 40.00520 -26.93020
vt 40.02310 -26.95010
vt 40.02950 -26.93020
vt 39.99890 -26.95010
vt 40.00180 -27.01470
vt 39.98290 -27.01470
vt 39.98420 -27.02850
vt 40.00050 -27.02850
vt 40.00520 -26.97850
vt 39.97950 -26.97850
vt 39.94950 -26.97860
vt 39.94140 -27.01220
vt 39.97300 -26.98270
vt 39.95180 -27.03250
vt 39.93840 -27.02480
vt 40.01500 -26.98550
vt 40.04340 -27.03380
vt 40.04930 -27.01180
vt 40.05410 -27.02370
vt 40.03640 -26.98030
vt 39.99670 -26.97260
vt 40.02400 -26.94670
vt 40.00690 -26.92740
vt 39.96470 -26.96930
vt 39.98740 -26.97860
vt 39.99210 -27.01220
vt 39.97980 -27.03110
vt 39.99230 -27.02480
vt 40.04390 -27.07080
vt 40.04560 -27.06870
vt 39.97670 -27.03760
vt 39.98930 -27.01470
vt 39.95900 -26.97110
vt 39.98360 -26.97850
vt 39.99020 -27.02850
vt 40.04340 -27.07510
vt 40.04530 -27.07220
vt 39.99380 -26.97050
vt 40.00260 -26.92490
vt 40.02110 -26.94340
vt 39.98560 -27.03380
vt 39.96150 -27.00320
vt 39.97410 -27.03730
vt 39.97510 -26.98550
vt 39.95430 -26.97430
vt 39.98760 -26.97490
vt 39.99910 -26.93020
vt 40.01480 -26.95010
vt 40.04570 -27.06560
vt 40.04470 -27.06820
vt 39.99270 -27.02370
vt 39.94330 -27.02540
vt 39.92960 -26.95690
vt 39.92990 -27.02020
vt 39.92690 -26.95610
vt 40.00050 -27.02330
vt 39.99410 -26.95660
vt 39.98420 -27.02330
vt 39.99060 -26.95660
vt 40.00530 -27.00620
vt 40.00540 -26.97890
vt 39.97940 -27.00620
vt 39.97930 -26.97890
vt 39.97950 -27.01640
vt 40.00520 -27.01640
vt 40.05450 -27.02590
vt 40.07100 -26.95690
vt 40.04340 -27.01440
vt 40.06840 -26.95530
vt 39.94950 -27.01260
vt 39.97300 -27.02220
vt 39.97610 -27.01040
vt 39.95130 -27.00330
vt 39.98400 -26.98320
vt 39.95890 -26.97600
vt 40.03640 -27.01180
vt 40.01010 -27.01240
vt 40.01500 -27.02490
vt 40.03400 -27.00270
vt 40.02310 -26.97540
vt 39.99890 -26.98520
vt 39.96160 -27.00320
vt 39.93490 -27.02730
vt 39.94550 -27.03730
vt 39.95360 -26.96910
vt 39.97510 -26.97430
vt 39.99480 -26.97110
vt 40.02070 -26.92490
vt 39.99460 -26.92490
vt 40.02050 -26.97110
vt 40.05810 -26.96930
vt 40.04450 -27.00320
vt 40.07010 -27.03110
vt 40.05670 -27.03880
vt 40.03460 -26.97340
vt 39.99950 -27.03760
vt 40.01580 -27.03760
vt 13.89990 -11.25380
vt 14.07510 -10.74620
vt 13.75260 -10.79730
vt 13.53230 -11.14030
vt 13.51510 -10.89950
vt 14.19310 -11.18460
vt 14.43360 -10.79470
vt 14.48490 -11.04610
vt 13.79360 -10.75260
vt 14.20640 -10.75260
vt 14.11490 -10.51510
vt 13.88510 -10.51510
vt 13.79360 -11.07510
vt 14.20640 -11.07510
vt 13.84920 -11.43360
vt 14.15080 -11.43360
vt 13.92490 -10.74620
vt 14.10010 -11.25380
vt 14.24740 -10.79730
vt 14.46770 -11.14030
vt 14.48490 -10.89950
vt 13.80690 -11.18460
vt 13.56640 -10.79470
vt 13.51510 -11.04610
vt 13.84920 -10.79470
vt 14.15080 -11.04610
vt 14.15080 -10.79470
vt 13.84920 -11.04610
vt 56.46450 -3.02106
vt 56.36130 -3.10145
vt 56.38630 -3.09322
vt 56.46880 -3.02891
vt 56.24690 -3.12027
vt 56.35100 -2.90673
vt 56.34980 -2.87599
vt 56.26860 -3.10216
vt 55.67590 -3.04680
vt 55.75340 -3.19040
vt 55.78910 -3.19558
vt 55.66290 -3.07138
vt 55.90360 -3.17675
vt 55.79290 -2.83153
vt 55.79240 -2.87776
vt 55.88090 -3.15393
vt 56.13220 -2.74730
vt 56.13240 -3.13910
vt 56.14880 -2.79197
vt 56.14900 -3.10541
vt 56.01800 -3.15793
vt 55.98010 -2.73326
vt 55.96880 -2.78158
vt 55.99910 -3.12131
vt 56.60360 -3.05886
vt 56.36020 -3.08709
vt 56.44270 -3.02278
vt 56.24060 -3.09035
vt 56.32290 -2.89492
vt 55.99720 -2.77549
vt 56.02750 -3.11522
vt 56.11890 -2.78672
vt 56.11910 -3.10016
vt 55.81910 -2.86020
vt 55.90760 -3.13638
vt 55.69880 -3.04997
vt 55.78940 -3.16900
vt 55.41580 -3.24733
vt 55.36710 -3.26674
vt 55.97420 -2.96882
vt 56.02580 -2.81907
vt 55.97420 -2.81907
vt 56.02580 -2.96882
vt 55.97420 -3.14883
vt 55.97420 -3.32291
vt 56.02580 -3.14883
vt 56.02580 -3.32291
vt 55.97420 -2.99723
vt 55.97420 -3.11890
vt 56.02580 -2.99723
vt 56.02580 -3.11890
vt 55.97420 -2.41581
vt 55.97420 -2.66289
vt 56.02580 -2.41581
vt 56.02580 -2.66289
vt 55.97420 -3.60358
vt 56.02580 -3.46881
vt 55.97420 -3.46881
vt 56.02580 -3.60358
vt 55.96780 -2.36708
vt 56.03220 -2.36708
vt 55.96780 -3.46445
vt 56.03220 -3.46445
vt 56.02580 -3.44269
vt 55.97420 -3.44269
vt 55.96780 -3.63292
vt 56.03220 -3.63292
vt 55.96780 -3.34980
vt 56.03220 -3.34980
vt 56.03220 -2.67594
vt 55.96780 -2.67594
vt 55.97420 -2.69883
vt 56.02580 -2.69883
vt 55.96780 -3.36133
vt 55.97420 -3.38631
vt 56.03220 -3.36133
vt 56.02580 -3.38631
vt 55.97420 -3.07138
vt 56.03220 -3.04680
vt 55.96780 -3.04680
vt 56.02580 -3.07138
vt 55.97420 -2.87776
vt 55.97420 -3.04997
vt 56.02580 -2.87776
vt 56.02580 -3.04997
vt 55.96780 -2.83153
vt 56.03220 -2.83153
vt 55.96780 -2.73326
vt 55.97420 -2.78158
vt 56.03220 -2.73326
vt 56.02580 -2.78158
vt 55.97420 -2.78672
vt 56.03220 -2.74730
vt 55.96780 -2.74730
vt 56.02580 -2.78672
vt 55.53550 -3.02106
vt 55.61370 -3.09322
vt 55.63870 -3.10145
vt 55.53120 -3.02891
vt 55.75310 -3.12027
vt 55.65020 -2.87599
vt 55.64900 -2.90673
vt 55.73140 -3.10216
vt 56.32410 -3.04680
vt 56.21090 -3.19558
vt 56.24660 -3.19040
vt 56.33710 -3.07138
vt 56.09640 -3.17675
vt 56.20760 -2.87776
vt 56.20710 -2.83153
vt 56.11910 -3.15393
vt 55.86760 -3.13910
vt 55.86780 -2.74730
vt 55.85120 -2.79197
vt 55.85100 -3.10541
vt 56.01990 -2.73326
vt 55.98200 -3.15793
vt 56.03120 -2.78158
vt 56.00090 -3.12131
vt 55.39640 -3.05886
vt 55.63980 -3.08709
vt 55.55730 -3.02278
vt 55.75940 -3.09035
vt 55.67710 -2.89492
vt 55.88110 -2.78672
vt 55.97250 -3.11522
vt 56.00280 -2.77549
vt 55.88090 -3.10016
vt 56.18090 -2.86020
vt 56.09240 -3.13638
vt 56.30120 -3.04997
vt 56.21060 -3.16900
vt 56.58420 -3.24733
vt 56.63290 -3.26674
vt 56.03220 -3.13245
vt 56.03220 -3.01800
vt 55.96780 -3.13245
vt 55.96780 -3.01800
vt 55.96780 -3.24689
vt 56.03220 -3.24689
vt 56.03220 -2.90356
vt 56.03220 -2.78912
vt 55.96780 -2.90356
vt 55.96780 -2.78912
vt 55.97420 -3.02891
vt 56.03220 -3.02106
vt 55.96780 -3.02106
vt 56.02580 -3.02891
vt 55.97420 -2.90673
vt 55.97420 -3.02278
vt 56.02580 -2.90673
vt 56.02580 -3.02278
vt 56.03220 -2.87599
vt 55.96780 -2.87599
vt 55.97420 -2.79197
vt 56.02580 -2.79197
vt 55.97420 -2.77549
vt 56.02580 -2.77549
vt 55.97420 -2.86020
vt 56.02580 -2.86020
vt 11.79360 -21.18450
vt 12.20640 -21.18450
vt 12.20640 -20.89130
vt 11.84920 -21.47630
vt 12.15080 -21.47630
vt 11.79360 -20.89130
vt 12.11490 -20.52370
vt 11.88510 -20.52370
vt 46.06000 -11.05770
vt 46.00000 -11.03760
vt 46.00000 -11.07000
vt 46.05750 -11.02770
vt 45.94000 -11.05770
vt 45.94250 -11.02770
vt 45.93360 -10.95900
vt 46.06640 -10.95900
vt 46.00000 -10.89780
vt 45.96230 -10.89800
vt 46.03770 -10.89800
vt 46.07530 -10.89830
vt 45.92470 -10.89830
vt 46.03360 -11.09490
vt 46.06710 -11.08760
vt 46.00000 -11.10220
vt 45.96640 -11.09490
vt 45.93290 -11.08760
vn 1.0000 0.0000 0.0000
vn 1.0000 -0.0472 0.0157
vn 1.0000 -0.0709 0.0236
vn 1.0000 -0.0157 0.0157
vn 1.0000 0.0394 0.0079
vn 1.0000 -0.0079 0.0157
vn 0.9921 -0.1339 0.0472
vn 0.9921 -0.1417 0.0472
vn -0.0866 0.8976 -0.4409
vn 0.0000 0.8976 -0.4409
vn 0.0866 0.8976 -0.4409
vn 0.0000 0.8898 0.4567
vn 0.0000 1.0000 0.0000
vn 0.0000 -0.0630 1.0000
vn 0.0000 -0.3465 0.9370
vn 0.0000 -0.3622 0.9370
vn 0.0000 0.0945 0.9921
vn 0.0079 0.1339 0.9921
vn 0.3701 -0.0630 0.9291
vn 0.2598 0.1496 0.9528
vn 0.1339 0.3465 0.9291
vn -0.0079 0.3307 0.9449
vn -0.2520 0.1496 0.9606
vn -0.1339 0.3228 0.9370
vn -0.3701 -0.0630 0.9291
vn 0.0000 -0.4961 0.8661
vn -1.0000 0.0000 0.0000
vn -0.9921 -0.1102 0.0315
vn -0.9843 -0.1575 0.0472
vn -0.9921 -0.0866 0.0394
vn -1.0000 0.0394 0.0079
vn -0.9921 -0.1181 0.0551
vn -0.9370 -0.3228 0.1102
vn -0.9370 -0.3307 0.1102
vn 0.0000 -1.0000 -0.0079
vn 0.0945 -0.8898 -0.4488
vn 0.1260 -0.7638 -0.6378
vn 0.0000 -0.7638 -0.6457
vn -0.0945 -0.8976 -0.4331
vn 0.0000 -0.8976 -0.4409
vn -0.1181 -0.7953 -0.5984
vn -0.3543 0.1181 -0.9291
vn -0.3543 0.0315 -0.9370
vn -0.3543 0.0394 -0.9370
vn -0.3543 -0.0472 -0.9370
vn 0.3543 0.0394 -0.9370
vn 0.3543 -0.0472 -0.9370
vn 0.3543 0.0315 -0.9370
vn 0.3543 0.1181 -0.9291
vn 0.1496 -0.5748 -0.8032
vn 0.0079 -0.5906 -0.8110
vn -0.1496 -0.5984 -0.7874
vn 0.4252 0.0630 -0.9055
vn -0.4252 0.0630 -0.9055
vn 0.4331 0.3150 -0.8504
vn -0.4331 0.3150 -0.8504
vn 0.9685 -0.0787 0.2283
vn 0.9449 -0.0315 0.3150
vn 0.9213 0.0000 0.3858
vn 1.0000 0.0000 -0.0551
vn 0.9921 -0.0315 -0.1260
vn 0.9764 -0.0787 -0.2126
vn 0.7953 0.0000 -0.5984
vn 0.7480 -0.0315 -0.6614
vn 0.6850 -0.0787 -0.7244
vn -0.0394 1.0000 0.0787
vn 0.0000 1.0000 0.0866
vn 0.0472 1.0000 0.0709
vn -0.4252 -0.1496 0.8898
vn 0.0000 -0.1496 0.9921
vn 0.5512 -0.1496 0.8189
vn -0.8583 0.0000 0.5197
vn -0.8898 -0.0315 0.4488
vn -0.9291 -0.0787 0.3622
vn -0.9764 -0.0787 -0.2126
vn -0.9921 -0.0315 -0.1260
vn -1.0000 0.0000 -0.0551
vn -0.8425 -0.0315 -0.5433
vn -0.7874 -0.0787 -0.6142
vn -0.8740 0.0000 -0.4803
vn -0.4252 -0.6535 -0.6220
vn -0.1102 -0.9764 -0.1654
vn -0.1417 -0.9685 -0.2126
vn -0.1732 -0.9528 -0.2598
vn 0.0000 -0.9764 -0.2047
vn 0.0000 -0.9685 -0.2520
vn 0.0000 -0.9528 -0.3071
vn 0.0866 -0.9764 -0.1811
vn 0.1102 -0.9685 -0.2283
vn 0.1339 -0.9528 -0.2835
vn -0.2047 -0.8740 0.4331
vn 0.0000 -0.8740 0.4803
vn 0.2677 -0.8740 0.4016
vn 0.0000 -0.6535 -0.7559
vn 0.3307 -0.6535 -0.6772
vn -0.4331 0.6299 -0.6457
vn 0.0000 0.6299 -0.7795
vn 0.3386 0.6299 -0.7008
vn 1.0000 0.0236 -0.0709
vn 1.0000 -0.0236 0.0157
vn 1.0000 -0.0472 0.0630
vn 0.9843 -0.0866 0.1417
vn 0.0000 0.9213 0.3858
vn 0.0000 0.8032 0.5984
vn 0.0000 0.9921 0.1496
vn 0.0000 0.0000 1.0000
vn -1.0000 -0.0236 0.0157
vn -1.0000 0.0236 -0.0709
vn -1.0000 -0.0472 0.0630
vn -0.9843 -0.0866 0.1417
vn 0.0000 0.4016 -0.9134
vn 0.0000 -0.9528 -0.2992
vn 0.0000 -0.9370 -0.3465
vn 0.0000 -0.9685 -0.2441
vn 0.9921 -0.0866 0.0394
vn 0.9921 -0.1181 0.0551
vn 0.9370 -0.3228 0.1102
vn 0.9370 -0.3307 0.1102
vn 0.9843 -0.1575 0.0472
vn 0.9921 -0.1102 0.0315
vn -0.0079 0.1339 0.9921
vn -0.2598 0.1496 0.9528
vn -0.1339 0.3465 0.9291
vn 0.0079 0.3307 0.9449
vn 0.2520 0.1496 0.9606
vn 0.1339 0.3228 0.9370
vn -1.0000 -0.0472 0.0157
vn -1.0000 -0.0709 0.0236
vn -0.9921 -0.1339 0.0472
vn -0.9921 -0.1417 0.0472
vn -1.0000 -0.0079 0.0157
vn -1.0000 -0.0157 0.0157
vn 0.1181 -0.7953 -0.5984
vn -0.0945 -0.8898 -0.4488
vn -0.1260 -0.7638 -0.6378
vn 0.0945 -0.8976 -0.4331
vn 0.1496 -0.5984 -0.7874
vn -0.0079 -0.5906 -0.8110
vn -0.1496 -0.5748 -0.8032
vn 0.9291 -0.0787 0.3622
vn 0.8898 -0.0315 0.4488
vn 0.8583 0.0000 0.5197
vn 0.7874 -0.0787 -0.6142
vn 0.8425 -0.0315 -0.5433
vn 0.8740 0.0000 -0.4803
vn 0.0394 1.0000 0.0787
vn -0.0472 1.0000 0.0709
vn 0.4252 -0.1496 0.8898
vn -0.5512 -0.1496 0.8189
vn -0.9685 -0.0787 0.2283
vn -0.9449 -0.0315 0.3150
vn -0.9213 0.0000 0.3858
vn -0.7953 0.0000 -0.5984
vn -0.7480 -0.0315 -0.6614
vn -0.6850 -0.0787 -0.7244
vn 0.4252 -0.6535 -0.6220
vn 0.1417 -0.9685 -0.2126
vn 0.1732 -0.9528 -0.2598
vn 0.1102 -0.9764 -0.1654
vn -0.0866 -0.9764 -0.1811
vn -0.1102 -0.9685 -0.2283
vn -0.1339 -0.9528 -0.2835
vn 0.2047 -0.8740 0.4331
vn -0.2677 -0.8740 0.4016
vn -0.3307 -0.6535 -0.6772
vn 0.4331 0.6299 -0.6457
vn -0.3386 0.6299 -0.7008
vn 0.9921 -0.0079 0.0945
vn 0.9921 -0.0079 0.1102
vn 1.0000 -0.0079 0.0630
vn 1.0000 0.0000 0.0551
vn 0.0000 0.9921 0.1102
vn 0.0000 0.9764 0.2283
vn 0.0000 1.0000 0.0472
vn 0.0000 0.9921 0.1260
vn 0.0000 -0.0709 1.0000
vn -0.9921 -0.0079 0.0945
vn -1.0000 -0.0079 0.0630
vn -0.9921 -0.0079 0.1102
vn -1.0000 0.0000 0.0551
vn 0.0000 -1.0000 0.0079
vn 0.0000 -0.9921 0.0866
vn 0.0000 -1.0000 0.0866
vn 0.0000 -1.0000 -0.0157
vn 0.9764 0.2047 0.0551
vn 0.0000 0.9606 0.2756
vn -0.9764 0.2047 0.0551
vn 0.0000 -0.9606 -0.2756
vn 0.0000 0.4724 -0.8819
vn 0.9921 -0.0236 0.1102
vn 1.0000 0.0157 -0.0709
vn 0.9843 -0.0315 0.1496
vn 0.9528 -0.0709 0.2913
vn 1.0000 0.0157 -0.0787
vn 0.9843 0.0394 -0.1654
vn 0.0000 0.9685 0.2598
vn 0.0000 0.9213 0.3937
vn 0.0000 1.0000 0.0157
vn 0.0000 0.9921 -0.1339
vn -1.0000 0.0157 -0.0709
vn -0.9921 -0.0236 0.1102
vn -0.9843 -0.0315 0.1496
vn -0.9528 -0.0709 0.2913
vn -1.0000 0.0157 -0.0787
vn -0.9843 0.0394 -0.1654
vn 0.0000 0.1968 -0.9764
vn 0.8189 0.1496 -0.5591
vn 0.9134 0.1102 -0.4016
vn 0.9370 0.0866 -0.3307
vn 0.9921 0.0394 -0.1417
vn 1.0000 0.0157 -0.0551
vn 1.0000 0.0079 -0.0236
vn 0.9843 -0.0394 0.1496
vn 0.9921 -0.0394 0.1496
vn 0.9685 -0.0551 0.2283
vn 0.8740 -0.4803 -0.0866
vn 0.8898 -0.3858 -0.2362
vn 0.8819 -0.4331 -0.1732
vn 0.8976 -0.4331 -0.0472
vn 0.9055 -0.4252 -0.0709
vn 0.8583 -0.5039 0.1339
vn 0.8583 -0.4961 0.1575
vn 0.8504 -0.5118 0.0945
vn 0.1339 0.8346 -0.5354
vn 0.0000 0.8346 -0.5433
vn -0.1339 0.8346 -0.5354
vn -0.0709 0.9291 -0.3701
vn 0.0394 0.9606 -0.2835
vn 0.0236 1.0000 -0.0315
vn 0.0000 1.0000 -0.0551
vn 0.0000 0.9764 -0.1968
vn -0.0394 0.9606 -0.2835
vn 0.0709 0.9291 -0.3701
vn -0.0236 1.0000 -0.0315
vn 0.0000 1.0000 0.0787
vn -0.0630 0.9685 0.2283
vn -0.0630 0.9528 0.2913
vn 0.0945 0.9843 0.1496
vn -0.0709 0.9843 0.1575
vn 0.1890 0.9764 0.0945
vn 0.4016 0.9134 0.0472
vn 0.0630 0.9685 0.2283
vn 0.0630 0.9528 0.2913
vn -0.0945 0.9843 0.1496
vn 0.0709 0.9843 0.1575
vn -0.1890 0.9764 0.0945
vn -0.4016 0.9134 0.0472
vn 0.2598 0.9606 0.0945
vn 0.2756 0.9134 0.3071
vn -0.2598 0.9606 0.0945
vn -0.2756 0.9134 0.3071
vn 0.2520 0.9606 0.0709
vn 0.2205 0.9685 -0.1417
vn -0.2520 0.9606 0.0709
vn -0.2205 0.9685 -0.1417
vn 0.0315 1.0000 -0.0157
vn 0.0315 1.0000 -0.0394
vn 0.0394 1.0000 -0.0630
vn 0.0236 1.0000 0.0394
vn 0.0000 1.0000 -0.0315
vn 0.0236 1.0000 0.0472
vn 0.0000 1.0000 -0.0630
vn -0.0394 1.0000 -0.0630
vn -0.0315 1.0000 -0.0394
vn -0.0236 1.0000 0.0394
vn -0.0236 1.0000 0.0472
vn 0.0000 0.9764 0.2205
vn 0.0000 1.0000 0.0630
vn 0.0000 1.0000 -0.0079
vn -0.0315 1.0000 -0.0157
vn -0.0157 0.9606 0.2835
vn 0.0000 0.9606 0.2835
vn 0.0157 0.9606 0.2835
vn -0.1968 -0.1339 0.9685
vn -0.1968 -0.2598 0.9449
vn 0.0000 -0.1339 0.9921
vn 0.0000 -0.2677 0.9606
vn 0.1968 -0.2598 0.9449
vn -0.2126 0.1968 0.9606
vn -0.1496 0.2126 0.9685
vn -0.0945 0.4173 0.9055
vn -0.2362 0.3858 0.8898
vn 0.0000 0.1811 0.9843
vn -0.3465 0.3543 0.8661
vn 0.1968 -0.1339 0.9685
vn 0.2126 0.1968 0.9606
vn 0.1496 0.2126 0.9685
vn 0.0945 0.4173 0.9055
vn 0.2362 0.3858 0.8898
vn 0.3465 0.3543 0.8661
vn 0.2520 -0.4173 0.8740
vn -0.2520 -0.4173 0.8740
vn -0.9134 0.1102 -0.4016
vn -0.8189 0.1496 -0.5591
vn -0.9370 0.0866 -0.3307
vn -0.9921 0.0394 -0.1417
vn -1.0000 0.0157 -0.0551
vn -1.0000 0.0079 -0.0236
vn -0.9843 -0.0394 0.1496
vn -0.9921 -0.0394 0.1496
vn -0.9685 -0.0551 0.2283
vn -0.8740 -0.4803 -0.0866
vn -0.8819 -0.4331 -0.1732
vn -0.8898 -0.3858 -0.2362
vn -0.8976 -0.4331 -0.0472
vn -0.9055 -0.4252 -0.0709
vn -0.8583 -0.5039 0.1339
vn -0.8583 -0.4961 0.1575
vn -0.8504 -0.5118 0.0945
vn 0.0709 -0.9843 -0.1575
vn 0.0945 -0.9921 0.1102
vn 0.0787 -0.9843 -0.1417
vn 0.0000 -0.9921 -0.1181
vn 0.0000 -0.9921 0.1102
vn -0.0945 -0.9921 0.1102
vn -0.0787 -0.9843 -0.1417
vn -0.0709 -0.9843 -0.1575
vn -0.3150 -0.7795 -0.5433
vn 0.3150 -0.7795 -0.5433
vn -0.0551 -0.9213 -0.3780
vn -0.0551 -0.9213 -0.3858
vn 0.0000 -0.9291 -0.3701
vn 0.0551 -0.9213 -0.3780
vn 0.0551 -0.9213 -0.3858
vn -0.0315 -1.0000 -0.0079
vn -0.0315 -1.0000 -0.0157
vn -0.0394 -1.0000 -0.0236
vn -0.0315 -1.0000 -0.0236
vn -0.0709 -1.0000 -0.0551
vn -0.0472 -1.0000 -0.0079
vn -0.0315 -1.0000 -0.0315
vn 0.0551 -0.9921 0.1181
vn 0.1024 -0.9764 0.1890
vn 0.0000 -1.0000 -0.0315
vn 0.0315 -1.0000 -0.0315
vn 0.0315 -1.0000 -0.0236
vn 0.0709 -1.0000 -0.0551
vn 0.0315 -1.0000 -0.0079
vn 0.0394 -1.0000 -0.0236
vn 0.0315 -1.0000 -0.0157
vn -0.0551 -0.9921 0.1181
vn -0.1024 -0.9764 0.1890
vn 0.0472 -1.0000 -0.0079
vn 0.2520 -0.9528 0.1811
vn 0.1654 -0.9843 0.1024
vn -0.2520 -0.9528 0.1811
vn -0.1654 -0.9843 0.1024
vn -0.4016 -0.8583 0.3150
vn 0.4016 -0.8583 0.3150
vn -0.2205 -0.9055 0.3622
vn 0.2205 -0.9055 0.3622
vn -0.2835 -0.9213 -0.2756
vn 0.2835 -0.9213 -0.2756
vn -0.1260 -0.7165 0.6850
vn 0.0000 -0.7165 0.6929
vn 0.1260 -0.7165 0.6850
vn 0.2047 0.1890 -0.9606
vn 0.0000 0.1968 -0.9843
vn -0.2047 0.1890 -0.9606
vn -0.0157 -0.6457 -0.7638
vn 0.0157 -0.6457 -0.7638
vn 0.0000 -0.6457 -0.7638
vn -0.0157 -0.2677 -0.9606
vn -0.0079 -0.2677 -0.9606
vn -0.0157 -0.2598 -0.9685
vn 0.0000 -0.2598 -0.9685
vn 0.0157 -0.2598 -0.9685
vn 0.0157 -0.2677 -0.9606
vn 0.0079 -0.2677 -0.9606
vn 0.0394 0.5512 -0.8346
vn 0.1417 0.5433 -0.8268
vn 0.0000 0.5512 -0.8346
vn -0.1417 0.5433 -0.8268
vn -0.0394 0.5512 -0.8346
vn 0.2913 0.1260 -0.9449
vn -0.2913 0.1260 -0.9449
vn 0.9764 0.2126 0.0000
vn 0.9764 0.1890 0.0945
vn 0.0000 -0.2598 0.9685
vn 0.0000 0.2126 0.9764
vn -0.9764 0.2126 0.0000
vn -0.9764 0.1890 0.0945
vn 0.0000 -0.8898 -0.4567
vn 0.0000 -1.0000 0.0000
vn 0.0000 0.2126 -0.9764
vn 0.0000 0.6299 -0.7717
vn 0.9685 -0.1024 0.2362
vn 0.9528 -0.2283 0.2126
vn 0.9528 -0.1575 0.2677
vn 0.9685 -0.0315 0.2598
vn 0.9528 -0.2205 0.2126
vn 0.9685 -0.0945 0.2441
vn 0.9449 -0.1654 -0.2756
vn 0.9685 -0.0315 -0.2598
vn 0.9449 -0.2283 -0.2283
vn 0.9606 -0.0945 -0.2441
vn 0.9606 -0.0236 -0.2598
vn 0.9449 -0.1575 -0.2835
vn 0.1339 0.9764 0.1496
vn -0.1339 0.9764 0.1496
vn 0.1339 0.9843 0.1260
vn -0.1339 0.9843 0.1260
vn 0.1339 0.9843 -0.1260
vn -0.1339 0.9843 -0.1260
vn 0.6693 -0.2126 0.7165
vn -0.6693 -0.2126 0.7165
vn 0.6378 -0.3465 0.6850
vn -0.6378 -0.3465 0.6850
vn 0.6378 -0.1417 0.7559
vn -0.6378 -0.1417 0.7559
vn 0.6693 -0.0079 0.7480
vn -0.6693 -0.0079 0.7480
vn 0.6378 -0.3307 0.6929
vn -0.6378 -0.3307 0.6929
vn 0.6693 -0.1968 0.7165
vn -0.6693 -0.1968 0.7165
vn -0.9685 -0.1024 0.2362
vn -0.9528 -0.2283 0.2126
vn -0.9528 -0.1575 0.2677
vn -0.9685 -0.0315 0.2598
vn -0.9528 -0.2205 0.2126
vn -0.9685 -0.0945 0.2441
vn -0.9449 -0.1654 -0.2756
vn -0.9685 -0.0315 -0.2598
vn -0.9449 -0.2283 -0.2283
vn -0.9606 -0.0945 -0.2441
vn -0.9606 -0.0236 -0.2598
vn -0.9449 -0.1575 -0.2835
vn -0.6772 -0.0630 -0.7323
vn 0.6772 -0.0630 -0.7323
vn -0.6772 0.0630 -0.7323
vn 0.6772 0.0630 -0.7323
vn -0.6772 -0.2520 -0.6929
vn 0.6772 -0.2520 -0.6929
vn -0.6772 -0.1260 -0.7244
vn 0.6772 -0.1260 -0.7244
vn -0.6772 0.0787 -0.7323
vn 0.6772 0.0787 -0.7323
vn -0.6772 -0.0472 -0.7323
vn 0.6772 -0.0472 -0.7323
vn 0.9843 0.1575 0.0000
vn 0.9843 0.1417 -0.0551
vn 0.9843 0.1417 -0.0709
vn 0.9843 0.1654 0.0315
vn 0.9843 0.1575 -0.0079
vn -0.1181 0.9764 -0.1811
vn 0.0000 0.9449 -0.3150
vn 0.0000 0.9843 -0.1811
vn -0.1102 0.9449 -0.3071
vn -0.1024 0.8898 -0.4409
vn -0.1102 0.9291 -0.3543
vn -0.1102 0.9921 -0.0394
vn -0.1102 0.9764 0.1890
vn 0.0000 0.9843 0.1890
vn 0.1102 0.9764 0.1890
vn 0.1102 0.9921 -0.0394
vn 0.1102 0.9291 -0.3543
vn 0.1024 0.8898 -0.4409
vn 0.1102 0.9449 -0.3071
vn 0.1181 0.9764 -0.1811
vn 0.0236 0.1811 0.9843
vn -0.0236 0.1811 0.9843
vn 0.0000 -0.5591 0.8268
vn 0.0630 -0.5591 0.8268
vn -0.0630 -0.5591 0.8268
vn 0.0000 0.3937 0.9213
vn 0.0472 0.3937 0.9134
vn -0.0472 0.3937 0.9134
vn -0.9843 0.1417 -0.0709
vn -0.9843 0.1417 -0.0551
vn -0.9843 0.1575 0.0000
vn -0.9843 0.1575 -0.0079
vn -0.9843 0.1654 0.0315
vn -0.0945 -0.8189 -0.5669
vn 0.0000 -0.8189 -0.5669
vn 0.0945 -0.8189 -0.5669
vn 0.0000 -0.9843 0.1811
vn -0.1181 -0.9764 0.1811
vn 0.1181 -0.9764 0.1811
vn 0.0000 -0.1811 -0.9843
vn -0.0236 -0.1811 -0.9843
vn 0.0236 -0.1811 -0.9843
vn 0.0000 0.0394 -1.0000
vn -0.0079 0.0394 -1.0000
vn 0.0079 0.0394 -1.0000
vn 0.9685 0.0315 -0.2598
vn 0.9449 0.1654 -0.2756
vn 0.9606 0.0945 -0.2441
vn 0.9449 0.2283 -0.2283
vn 0.9606 0.0236 -0.2598
vn 0.9449 0.1575 -0.2835
vn 0.9528 0.2283 0.2126
vn 0.9685 0.1024 0.2362
vn 0.9528 0.1575 0.2677
vn 0.9685 0.0315 0.2598
vn 0.9528 0.2205 0.2205
vn 0.9685 0.0945 0.2441
vn -0.6693 0.2126 0.7165
vn 0.6693 0.2126 0.7165
vn -0.6378 0.3465 0.6850
vn 0.6378 0.3465 0.6850
vn -0.6693 0.0079 0.7480
vn 0.6693 0.0079 0.7480
vn -0.6378 0.1417 0.7559
vn 0.6378 0.1417 0.7559
vn -0.6693 0.1968 0.7244
vn 0.6693 0.1968 0.7244
vn -0.6378 0.3307 0.6929
vn 0.6378 0.3307 0.6929
vn -0.9685 0.0315 -0.2598
vn -0.9449 0.1654 -0.2756
vn -0.9606 0.0945 -0.2441
vn -0.9449 0.2283 -0.2283
vn -0.9606 0.0236 -0.2598
vn -0.9449 0.1575 -0.2835
vn -0.9528 0.2283 0.2126
vn -0.9685 0.1024 0.2362
vn -0.9528 0.1575 0.2677
vn -0.9685 0.0315 0.2598
vn -0.9528 0.2205 0.2205
vn -0.9685 0.0945 0.2441
vn -0.1339 -0.9843 0.1260
vn 0.1339 -0.9843 0.1260
vn -0.1339 -0.9843 -0.1260
vn 0.1339 -0.9843 -0.1260
vn -0.1339 -0.9764 0.1496
vn 0.1339 -0.9764 0.1496
vn 0.6772 0.2520 -0.6929
vn -0.6772 0.2520 -0.6929
vn 0.6772 0.1260 -0.7244
vn -0.6772 0.1260 -0.7244
vn 0.6772 0.0472 -0.7323
vn -0.6772 0.0472 -0.7323
vn 0.6772 -0.0787 -0.7323
vn -0.6772 -0.0787 -0.7323
vn 0.0000 1.0000 -0.0394
vn 0.1181 0.9764 0.1890
vn 0.1181 0.9921 -0.0394
vn -0.1181 0.9764 0.1890
vn -0.1181 0.9921 -0.0394
vn 0.0000 0.9370 -0.3543
vn 0.1102 0.9291 -0.3622
vn -0.1102 0.9291 -0.3622
vn 0.7559 -0.5276 -0.3780
vn 1.0000 0.0787 0.0000
vn 0.9685 0.2598 0.0000
vn 0.9921 0.0866 0.0000
vn 0.9921 -0.0787 -0.1024
vn 1.0000 -0.0472 -0.0551
vn 1.0000 -0.0236 -0.0315
vn 1.0000 -0.0315 0.0000
vn 1.0000 -0.0394 0.0000
vn 0.8346 0.4331 0.3465
vn 0.0000 0.9134 -0.4094
vn 0.0000 0.7953 -0.6063
vn 0.0000 0.0315 1.0000
vn 0.0000 0.2598 0.9685
vn 0.0000 0.6535 0.7559
vn 0.0000 -0.1654 0.9843
vn 0.0000 -0.2047 0.9764
vn -0.7559 -0.5276 -0.3780
vn -0.9921 0.0866 0.0000
vn -0.9685 0.2598 0.0000
vn -1.0000 0.0787 0.0000
vn -1.0000 -0.0472 -0.0551
vn -1.0000 -0.0236 -0.0315
vn -1.0000 -0.0315 0.0000
vn -1.0000 -0.0394 0.0000
vn -0.9921 -0.0787 -0.1024
vn -0.8346 0.4331 0.3465
vn 0.0000 -0.8425 -0.5433
vn 0.0000 -0.9685 0.2441
vn 0.0000 -0.7953 0.6063
vn 0.0000 -0.8425 0.5354
vn 0.0000 -0.7323 0.6772
vn 0.0000 0.1654 -0.9843
vn 0.0000 0.1339 -0.9921
vn 0.0000 0.2598 -0.9685
vn 0.0000 -0.2441 -0.9685
vn 0.0000 -0.5039 -0.8583
vn 0.0000 0.5906 -0.8110
vn 0.9291 0.1181 0.3465
vn 0.9606 -0.0157 0.2756
vn 0.8740 0.2598 0.4094
vn 0.8504 0.3858 0.3543
vn 0.8032 0.5197 0.2835
vn 1.0000 -0.0472 0.0079
vn 0.6850 -0.4961 -0.5276
vn 0.6299 -0.6614 -0.4016
vn 0.6299 -0.6614 -0.4094
vn 0.8425 -0.2520 -0.4803
vn 0.9213 0.0079 -0.3937
vn 0.7402 0.3937 0.5433
vn -0.2283 0.7480 -0.6220
vn 0.1732 0.7165 -0.6772
vn -0.6063 0.7008 0.3701
vn -0.6929 0.5354 0.4724
vn -0.6929 0.5354 0.4803
vn 0.0000 0.7795 0.6220
vn -0.5669 0.5827 0.5827
vn -0.2283 -0.5039 0.8346
vn 0.1575 -0.5354 0.8346
vn 0.0000 -0.5512 0.8346
vn 0.0000 0.7087 0.7087
vn -0.2047 0.6772 0.7087
vn 0.2835 0.6457 0.7087
vn 0.0000 0.1575 0.9843
vn 0.0000 0.1102 0.9921
vn 0.0000 0.0630 1.0000
vn -0.3937 0.0000 0.9213
vn 0.5118 -0.1181 0.8504
vn -0.7638 -0.4961 -0.4173
vn -0.7480 0.3701 0.5512
vn -0.8661 0.1732 0.4724
vn -0.9291 -0.0157 0.3780
vn -1.0000 -0.0472 0.0079
vn -0.9606 0.0079 -0.2913
vn -0.9134 -0.2047 -0.3465
vn -0.9134 -0.1968 -0.3465
vn -0.8268 -0.4016 -0.3858
vn -0.8032 -0.5276 -0.2835
vn -0.8032 -0.5276 -0.2913
vn -0.7480 -0.6457 -0.1654
vn 0.5748 -0.6850 -0.4488
vn 0.0000 -0.8740 -0.4882
vn 0.0000 -0.7874 0.6142
vn 0.0000 -0.7480 0.6614
vn 0.0000 -0.7087 0.7008
vn 0.5354 -0.8110 -0.2520
vn -0.1575 -0.7717 0.6142
vn -0.1811 -0.7402 0.6457
vn -0.1339 -0.8032 0.5827
vn 0.2441 -0.7638 0.5984
vn 0.2126 -0.7953 0.5748
vn 0.2126 -0.7874 0.5748
vn 0.1811 -0.8189 0.5512
vn -0.5669 0.0000 -0.8189
vn 0.0000 0.6850 -0.7244
vn 0.4409 -0.1260 -0.8898
vn 0.7638 -0.4961 -0.4173
vn 0.8661 0.1732 0.4724
vn 0.9291 -0.0157 0.3780
vn 0.7480 0.3701 0.5512
vn 0.6929 0.5354 0.4803
vn 0.6929 0.5354 0.4724
vn 0.9134 -0.2047 -0.3465
vn 0.9606 0.0079 -0.2913
vn 0.9134 -0.1968 -0.3465
vn 0.8268 -0.4016 -0.3858
vn 0.8032 -0.5276 -0.2835
vn 0.8032 -0.5276 -0.2913
vn 0.7480 -0.6457 -0.1654
vn 0.2283 0.7480 -0.6220
vn -0.1732 0.7165 -0.6772
vn 0.6063 0.7008 0.3701
vn 0.5669 0.5827 0.5827
vn 0.2283 -0.5039 0.8346
vn -0.1575 -0.5354 0.8346
vn 0.2047 0.6772 0.7087
vn -0.2835 0.6457 0.7087
vn 0.3937 0.0000 0.9213
vn -0.5118 -0.1181 0.8504
vn -0.9606 -0.0157 0.2756
vn -0.9291 0.1181 0.3465
vn -0.8740 0.2598 0.4094
vn -0.8504 0.3858 0.3543
vn -0.8032 0.5197 0.2835
vn -0.6299 -0.6614 -0.4016
vn -0.6850 -0.4961 -0.5276
vn -0.6299 -0.6614 -0.4094
vn -0.8425 -0.2520 -0.4803
vn -0.9213 0.0079 -0.3937
vn -0.7402 0.3937 0.5433
vn -0.5748 -0.6850 -0.4488
vn -0.5354 -0.8110 -0.2520
vn 0.1339 -0.8032 0.5827
vn 0.1575 -0.7717 0.6142
vn 0.1811 -0.7402 0.6457
vn -0.1811 -0.8189 0.5512
vn -0.2126 -0.7953 0.5748
vn -0.2126 -0.7874 0.5748
vn -0.2441 -0.7638 0.5984
vn 0.5669 0.0000 -0.8189
vn -0.4409 -0.1260 -0.8898
vn 0.8110 -0.4646 -0.3622
vn 0.8976 -0.1732 -0.4094
vn 0.9685 -0.1496 0.1968
vn 0.9134 -0.1260 0.3858
vn 0.9291 0.0000 -0.3622
vn 0.9213 -0.0315 0.3780
vn 0.9843 0.1575 0.0236
vn 0.9764 0.2047 0.0315
vn 0.8976 0.0394 -0.4331
vn 0.9685 0.2362 0.0394
vn 0.8976 0.0000 0.4331
vn 0.9134 0.4016 0.0630
vn 0.8661 0.4961 0.0866
vn 0.9370 0.1339 0.3228
vn 0.9291 0.1102 -0.3543
vn 0.8819 0.3701 0.2913
vn 0.9291 0.2205 -0.2913
vn 0.0000 0.8819 0.4646
vn 0.0000 0.8583 -0.5118
vn 0.0000 0.9921 -0.0945
vn 0.0000 0.8110 0.5827
vn 0.0000 0.9764 -0.2205
vn 0.0000 0.9291 0.3701
vn 0.0000 0.8189 0.5748
vn 0.5512 0.8268 0.1339
vn -0.5512 0.8268 0.1339
vn 0.0000 0.4724 0.8819
vn 0.0000 0.4803 0.8819
vn 0.0000 0.0079 1.0000
vn 0.0000 0.2283 0.9764
vn 0.0000 0.3228 0.9449
vn -0.8110 -0.4646 -0.3622
vn -0.8976 -0.1732 -0.4094
vn -0.9685 -0.1496 0.1968
vn -0.9134 -0.1260 0.3858
vn -0.9291 0.0000 -0.3622
vn -0.9213 -0.0315 0.3780
vn -0.9843 0.1575 0.0236
vn -0.9764 0.2047 0.0315
vn -0.8976 0.0394 -0.4331
vn -0.9685 0.2362 0.0394
vn -0.8976 0.0000 0.4331
vn -0.9134 0.4016 0.0630
vn -0.8661 0.4961 0.0866
vn -0.9370 0.1339 0.3228
vn -0.9291 0.1102 -0.3543
vn -0.8819 0.3701 0.2913
vn -0.9291 0.2205 -0.2913
vn 0.0000 -0.9843 -0.1654
vn 0.0000 -0.9843 -0.1575
vn 0.0000 0.4882 -0.8740
vn 0.0000 0.6220 -0.7874
vn 0.0000 0.3465 -0.9370
vn 0.0000 0.3780 -0.9291
vn 0.0000 0.6772 -0.7402
vn 0.0000 -0.9449 -0.3228
vn 0.0000 -1.0000 0.0157
vn 0.0000 -0.9055 -0.4252
vn 0.0000 -0.9528 0.2913
vn 0.1339 -0.8268 -0.5433
vn 0.0000 -0.8346 -0.5512
vn -0.1339 -0.8268 -0.5433
vn 0.0000 -1.0000 0.0394
vn 0.0000 -1.0000 -0.0787

o RightLeg
usemtl c_754839
f 1/1/1 2/2/1 3/3/1
f 2/2/1 1/1/1 4/4/1
f 3/3/1 2/2/1 5/5/1
f 5/5/1 2/2/1 6/6/2
f 5/5/1 6/6/2 7/7/3
f 8/8/4 9/9/5 10/10/6
f 10/10/6 11/11/7 8/8/4
f 10/10/6 9/9/5 12/12/5
f 13/13/5 12/12/5 9/9/5
f 12/12/5 13/13/5 14/14/5
f 10/10/6 15/15/8 11/11/7
f 7/7/3 11/11/7 15/15/8
f 11/11/7 7/7/3 6/6/2
f 16/16/9 17/17/10 18/18/9
f 17/17/10 19/19/10 18/18/9
f 17/17/10 3/20/11 19/19/10
f 3/20/11 17/17/10 1/21/11
f 17/17/12 20/22/12 4/23/12
f 20/22/12 17/17/12 16/16/12
f 4/23/12 1/21/12 17/17/12
f 14/24/13 21/25/13 22/26/13
f 22/26/13 12/27/13 14/24/13
f 21/25/13 23/28/13 22/26/13
f 24/29/13 22/26/13 23/28/13
f 2/30/14 25/31/14 26/32/15
f 2/30/14 26/32/15 6/33/16
f 4/34/17 25/31/14 2/30/14
f 4/34/17 20/35/17 25/31/14
f 27/36/18 28/37/19 8/38/20
f 8/38/20 28/37/19 9/39/19
f 11/40/21 27/36/18 8/38/20
f 27/36/18 11/40/21 29/41/22
f 29/41/22 30/42/23 27/36/18
f 30/42/23 29/41/22 31/43/24
f 28/37/25 27/36/18 30/42/23
f 30/42/23 32/44/25 28/37/25
f 29/41/26 6/33/16 26/32/15
f 6/33/16 29/41/26 11/40/26
f 26/32/15 31/43/26 29/41/26
f 33/45/27 26/46/28 25/47/27
f 26/46/28 33/45/27 34/48/29
f 25/47/27 18/49/27 33/45/27
f 18/49/27 25/47/27 16/50/27
f 20/51/27 16/50/27 25/47/27
f 35/52/30 32/53/31 30/54/32
f 31/55/33 35/52/30 30/54/32
f 32/53/31 35/52/30 24/56/31
f 24/56/31 36/57/31 32/53/31
f 23/58/31 36/57/31 24/56/31
f 35/52/30 31/55/33 37/59/34
f 31/55/33 34/48/29 37/59/34
f 26/46/28 34/48/29 31/55/33
f 32/60/35 9/61/35 28/62/35
f 9/61/35 32/60/35 13/63/35
f 13/63/35 32/60/35 36/64/35
f 13/63/35 36/64/35 38/65/35
f 7/66/36 15/67/37 39/68/38
f 34/69/39 40/70/40 37/71/41
f 40/70/40 39/68/38 37/71/41
f 40/70/40 7/66/36 39/68/38
f 18/34/42 19/72/42 41/73/43
f 18/34/42 41/73/43 33/74/44
f 41/73/43 40/75/45 33/74/44
f 33/74/44 40/75/45 34/76/45
f 5/77/46 7/78/47 41/73/48
f 41/73/48 7/78/47 40/75/47
f 19/72/49 5/77/46 41/73/48
f 19/72/49 3/35/49 5/77/46
f 15/79/37 10/80/50 42/81/51
f 35/82/52 37/83/41 39/84/38
f 39/84/38 42/81/51 35/82/52
f 42/81/51 39/84/38 15/79/37
f 21/85/53 14/86/53 38/87/53
f 14/86/53 13/88/53 38/87/53
f 23/89/54 21/85/54 36/90/54
f 21/85/54 38/87/54 36/90/54
f 22/85/55 42/81/55 10/80/55
f 10/80/55 12/86/55 22/85/55
f 35/82/56 22/85/56 24/89/56
f 22/85/56 35/82/56 42/81/56
o Meshes/AzureChanges_Cube.233
usemtl c_b16d56
f 43/91/57 44/92/58 45/93/57
f 44/92/58 43/91/57 46/94/58
f 46/94/58 47/95/59 44/92/58
f 47/95/59 46/94/58 48/96/59
f 48/96/59 49/97/59 47/95/59
f 50/98/60 51/99/60 52/100/60
f 51/99/60 53/101/61 52/100/60
f 53/101/61 51/99/60 54/102/61
f 54/102/61 55/103/62 53/101/61
f 55/103/62 54/102/61 56/104/62
f 57/105/63 58/106/64 59/107/63
f 59/107/63 60/108/63 57/105/63
f 58/106/64 57/105/63 61/109/64
f 62/110/65 61/109/64 63/111/65
f 48/112/66 64/113/66 65/114/66
f 64/113/66 48/112/66 46/115/66
f 52/116/67 53/117/67 66/118/67
f 66/118/67 53/117/67 67/119/67
f 59/120/68 68/121/68 69/122/68
f 68/121/68 59/120/68 58/123/68
f 48/124/69 65/125/69 70/126/69
f 48/124/69 70/126/69 49/127/69
f 52/128/70 66/129/70 71/130/70
f 52/128/70 71/130/70 50/131/70
f 69/132/71 60/133/71 59/134/71
f 60/133/71 69/132/71 72/135/71
f 69/136/72 68/137/73 73/138/72
f 69/136/72 73/138/72 72/139/72
f 73/138/72 68/137/73 74/140/73
f 75/141/74 74/140/73 68/137/73
f 74/140/73 75/141/74 76/142/74
f 77/143/75 78/144/76 79/145/75
f 78/144/76 67/146/76 79/145/75
f 80/147/77 67/146/76 78/144/76
f 66/148/77 67/146/76 80/147/77
f 66/148/77 80/147/77 71/149/77
f 64/150/78 81/151/79 82/152/78
f 83/153/79 82/152/78 81/151/79
f 84/154/80 64/150/78 82/152/78
f 65/155/80 64/150/78 84/154/80
f 65/155/80 84/154/80 70/156/80
f 76/157/81 62/158/81 63/159/81
f 62/158/81 76/157/81 75/160/81
f 72/161/82 57/162/83 60/163/82
f 57/162/83 72/161/82 73/164/83
f 73/164/83 61/165/84 57/162/83
f 61/165/84 73/164/83 74/166/84
f 50/167/85 80/168/86 51/169/86
f 80/168/86 50/167/85 71/170/85
f 78/171/87 51/169/86 80/168/86
f 78/171/87 54/172/87 51/169/86
f 49/173/88 84/174/89 47/175/89
f 84/174/89 49/173/88 70/176/88
f 82/177/90 47/175/89 84/174/89
f 47/175/89 82/177/90 44/178/90
f 82/177/91 45/179/91 44/178/91
f 45/179/91 82/177/91 83/180/91
f 56/181/92 54/172/92 77/182/92
f 54/172/92 78/171/92 77/182/92
f 63/159/93 74/166/93 76/157/93
f 74/166/93 63/159/93 61/165/93
f 55/183/94 56/184/94 79/185/94
f 79/185/94 56/184/94 77/186/94
f 43/187/95 45/188/95 81/189/95
f 81/189/95 45/188/95 83/190/95
f 58/191/96 62/192/96 68/193/96
f 68/193/96 62/192/96 75/194/96
f 55/183/97 67/195/97 53/196/97
f 67/195/97 55/183/97 79/185/97
f 46/197/98 81/189/98 64/198/98
f 81/189/98 46/197/98 43/187/98
f 61/199/64 62/192/65 58/191/64
o Neck
usemtl c_754839
f 85/200/99 86/201/100 87/202/99
f 86/201/100 85/200/99 88/203/101
f 88/203/101 89/204/102 86/201/100
f 89/204/102 88/203/101 90/205/102
f 86/206/103 89/207/104 91/208/103
f 91/208/103 89/207/104 92/209/104
f 93/210/105 86/206/103 91/208/103
f 87/211/105 86/206/103 93/210/105
f 93/212/106 85/213/106 87/214/106
f 85/213/106 93/212/106 94/215/106
f 91/216/107 94/217/108 93/218/108
f 94/217/108 91/216/107 95/219/109
f 91/216/107 92/220/110 95/219/109
f 95/219/109 92/220/110 96/221/110
f 89/222/111 96/223/111 92/224/111
f 96/223/111 89/222/111 90/225/111
usemtl c_b16d56
f 95/226/112 88/227/112 85/228/113
f 95/226/112 85/228/113 94/229/113
f 96/230/114 88/227/112 95/226/112
f 96/230/114 90/231/114 88/227/112
o LeftLeg
usemtl c_754839
f 97/232/5 98/233/115 99/234/116
f 98/233/115 100/235/117 99/234/116
f 98/233/115 97/232/5 101/236/5
f 101/236/5 97/232/5 102/237/5
f 102/237/5 103/238/5 101/236/5
f 100/235/117 98/233/115 104/239/118
f 100/235/117 104/239/118 105/240/119
f 105/240/119 106/241/120 100/235/117
f 107/242/1 106/241/120 105/240/119
f 107/242/1 108/243/1 106/241/120
f 109/244/1 108/243/1 107/242/1
f 108/243/1 109/244/1 110/245/1
f 108/243/1 110/245/1 111/246/1
f 110/247/11 109/248/11 112/249/10
f 113/250/10 112/249/10 109/248/11
f 114/251/9 112/249/10 113/250/10
f 112/249/10 114/251/9 115/252/9
f 111/253/12 112/249/12 116/254/12
f 116/254/12 112/249/12 115/252/12
f 112/249/12 111/253/12 110/247/12
f 117/255/13 118/256/13 119/257/13
f 119/257/13 118/256/13 120/258/13
f 103/259/13 117/255/13 119/257/13
f 119/257/13 101/260/13 103/259/13
f 121/261/25 122/262/121 123/263/122
f 123/263/122 124/264/25 121/261/25
f 122/262/121 125/265/123 123/263/122
f 125/265/123 122/262/121 126/266/124
f 99/267/125 126/266/124 122/262/121
f 126/266/124 99/267/125 100/268/126
f 122/262/121 121/261/19 99/267/125
f 99/267/125 121/261/19 97/269/19
f 127/270/14 106/271/15 108/272/14
f 108/272/14 116/273/17 127/270/14
f 116/273/17 108/272/14 111/274/17
f 106/271/15 127/270/14 128/275/16
f 128/275/16 126/266/26 106/271/15
f 106/271/15 126/266/26 100/268/26
f 126/266/26 128/275/16 125/265/26
f 116/276/27 115/277/27 127/278/27
f 114/279/27 127/278/27 115/277/27
f 127/278/27 114/279/27 129/280/27
f 127/278/27 129/280/27 128/281/127
f 128/281/127 129/280/27 130/282/128
f 130/282/128 125/283/129 128/281/127
f 125/283/129 130/282/128 131/284/130
f 132/285/131 125/283/129 131/284/130
f 125/283/129 132/285/131 123/286/132
f 132/285/131 124/287/31 123/286/132
f 124/287/31 132/285/131 120/288/31
f 120/288/31 133/289/31 124/287/31
f 133/289/31 120/288/31 118/290/31
f 124/291/35 97/292/35 121/293/35
f 97/292/35 124/291/35 102/294/35
f 133/295/35 102/294/35 124/291/35
f 102/294/35 133/295/35 134/296/35
f 135/297/40 104/298/133 136/299/38
f 135/297/40 136/299/38 130/300/134
f 130/300/134 136/299/38 131/301/135
f 104/298/133 135/297/40 105/302/136
f 109/273/49 137/303/48 113/304/49
f 137/303/48 109/273/49 107/305/46
f 107/305/46 135/306/47 137/303/48
f 135/306/47 107/305/46 105/307/47
f 137/303/43 130/308/45 129/309/44
f 130/308/45 137/303/43 135/306/45
f 129/309/44 113/304/42 137/303/43
f 113/304/42 129/309/44 114/274/42
f 104/310/133 98/311/137 136/312/38
f 136/312/38 98/311/137 138/313/138
f 136/312/38 138/313/138 131/314/135
f 131/314/135 138/313/138 132/315/139
f 134/316/54 118/317/54 117/318/54
f 118/317/54 134/316/54 133/319/54
f 102/320/53 117/318/53 103/321/53
f 117/318/53 102/320/53 134/316/53
f 138/313/56 119/318/56 132/315/56
f 132/315/56 119/318/56 120/317/56
f 98/311/55 119/318/55 138/313/55
f 119/318/55 98/311/55 101/321/55
o Meshes/AzureChanges_Cube.128
usemtl c_b16d56
f 139/322/140 140/323/141 141/324/140
f 140/323/141 139/322/140 142/325/141
f 142/325/141 143/326/142 140/323/141
f 143/326/142 142/325/141 144/327/142
f 144/327/142 145/328/142 143/326/142
f 146/329/60 147/330/60 148/331/60
f 147/330/60 149/332/61 148/331/60
f 149/332/61 147/330/60 150/333/61
f 150/333/61 151/334/62 149/332/61
f 151/334/62 150/333/61 152/335/62
f 153/336/143 154/337/144 155/338/143
f 154/337/144 153/336/143 156/339/144
f 156/339/144 157/340/145 154/337/144
f 157/340/145 156/339/144 158/341/145
f 158/341/145 159/342/145 157/340/145
f 156/343/146 160/344/146 158/345/146
f 160/344/146 156/343/146 161/346/146
f 148/347/67 149/348/67 162/349/67
f 162/349/67 149/348/67 163/350/67
f 144/351/147 142/352/147 164/353/147
f 165/354/147 164/353/147 142/352/147
f 160/355/148 159/356/148 158/357/148
f 159/356/148 160/355/148 166/358/148
f 148/359/70 162/360/70 167/361/70
f 148/359/70 167/361/70 146/362/70
f 144/363/149 164/364/149 168/365/149
f 144/363/149 168/365/149 145/366/149
f 169/367/150 170/368/151 171/369/150
f 170/368/151 161/370/151 171/369/150
f 172/371/152 161/370/151 170/368/151
f 160/372/152 161/370/151 172/371/152
f 160/372/152 172/371/152 166/373/152
f 173/374/75 174/375/76 175/376/75
f 174/375/76 163/377/76 175/376/75
f 176/378/77 163/377/76 174/375/76
f 162/379/77 163/377/76 176/378/77
f 162/379/77 176/378/77 167/380/77
f 164/381/153 165/382/154 177/383/153
f 164/381/153 177/383/153 168/384/153
f 177/383/153 165/382/154 178/385/154
f 179/386/155 178/385/154 180/387/155
f 141/388/156 180/389/156 139/390/156
f 180/389/156 141/388/156 179/391/156
f 143/392/157 178/393/158 140/394/158
f 178/393/158 143/392/157 177/395/157
f 145/396/159 177/395/157 143/392/157
f 177/395/157 145/396/159 168/397/159
f 147/398/86 146/399/85 176/400/86
f 176/400/86 146/399/85 167/401/85
f 174/402/87 147/398/86 176/400/86
f 174/402/87 150/403/87 147/398/86
f 166/404/160 157/405/161 159/406/160
f 157/405/161 166/404/160 172/407/161
f 172/407/161 154/408/162 157/405/161
f 154/408/162 172/407/161 170/409/162
f 155/410/163 154/408/163 169/411/163
f 170/409/163 169/411/163 154/408/163
f 152/412/92 150/403/92 173/413/92
f 150/403/92 174/402/92 173/413/92
f 140/394/164 179/391/164 141/388/164
f 179/391/164 140/394/164 178/393/164
f 151/414/94 152/415/94 175/416/94
f 175/416/94 152/415/94 173/417/94
f 153/418/165 169/419/165 171/420/165
f 169/419/165 153/418/165 155/421/165
f 142/422/166 180/423/166 165/424/166
f 180/423/166 142/422/166 139/425/166
f 151/414/97 163/426/97 149/427/97
f 163/426/97 151/414/97 175/416/97
f 156/428/167 153/418/167 161/429/167
f 153/418/167 171/420/167 161/429/167
f 165/424/154 180/423/155 178/430/154
o Tail
usemtl c_754839
f 181/431/168 182/432/169 183/433/169
f 182/432/169 181/431/168 184/434/168
f 181/431/168 185/435/170 184/434/168
f 185/435/170 181/431/168 186/436/170
f 186/436/170 187/437/171 185/435/170
f 187/437/171 186/436/170 188/438/171
f 181/439/172 183/440/173 189/441/172
f 183/440/173 190/442/173 189/441/172
f 181/439/172 189/441/172 191/443/174
f 186/444/174 181/439/172 191/443/174
f 186/444/174 191/443/174 192/445/175
f 188/446/175 186/444/174 192/445/175
f 192/447/176 187/448/176 188/449/176
f 187/448/176 192/447/176 193/450/176
f 194/451/177 195/452/178 189/453/177
f 189/453/177 196/454/179 194/451/177
f 196/454/179 189/453/177 190/455/179
f 191/456/178 189/453/177 195/452/178
f 195/452/178 193/457/180 191/456/178
f 192/458/180 191/456/178 193/457/180
usemtl c_b16d56
f 182/459/181 184/460/182 196/461/181
f 196/461/181 184/460/182 194/462/182
f 185/463/183 194/462/182 184/460/182
f 194/462/182 185/463/183 195/464/183
f 185/463/183 187/465/184 195/464/183
f 195/464/183 187/465/184 193/466/184
usemtl c_703a2c
f 197/467/185 198/468/185 199/469/185
f 198/468/185 197/467/185 200/470/185
f 201/471/185 202/472/185 203/473/185
f 202/472/185 201/471/185 204/474/185
f 205/475/185 206/476/185 207/477/185
f 206/476/185 205/475/185 208/478/185
f 199/479/186 198/480/186 209/481/186
f 209/481/186 198/480/186 210/482/186
f 203/483/186 202/484/186 211/485/186
f 211/485/186 202/484/186 212/486/186
f 207/487/186 206/488/186 213/489/186
f 213/489/186 206/488/186 214/490/186
f 205/491/176 213/492/176 215/493/176
f 213/492/176 205/491/176 207/494/176
f 201/495/176 211/496/176 216/497/176
f 211/496/176 201/495/176 203/498/176
f 197/499/176 209/500/176 217/501/176
f 209/500/176 197/499/176 199/502/176
f 210/503/187 217/504/187 209/505/187
f 217/504/187 210/503/187 218/506/187
f 212/507/187 216/508/187 211/509/187
f 216/508/187 212/507/187 219/510/187
f 214/511/187 215/512/187 213/513/187
f 215/512/187 214/511/187 220/514/187
f 218/515/188 200/516/188 197/517/188
f 218/515/188 197/517/188 217/518/188
f 219/519/188 204/520/188 201/521/188
f 219/519/188 201/521/188 216/522/188
f 220/523/188 208/524/188 205/525/188
f 220/523/188 205/525/188 215/526/188
f 218/527/189 198/528/189 200/529/189
f 198/528/189 218/527/189 210/530/189
f 219/531/189 202/532/189 204/533/189
f 202/532/189 219/531/189 212/534/189
f 220/535/189 206/536/189 208/537/189
f 206/536/189 220/535/189 214/538/189
o HumanoidRootPart
usemtl c_754839
f 221/539/190 222/540/191 223/541/192
f 223/541/192 182/542/193 221/539/190
f 182/542/193 223/541/192 183/543/193
f 222/540/191 221/539/190 224/544/194
f 224/544/194 225/545/195 222/540/191
f 225/545/195 224/544/194 226/546/195
f 223/547/196 227/548/196 190/549/197
f 223/547/196 190/549/197 183/550/197
f 223/547/196 222/551/198 227/548/196
f 227/548/196 222/551/198 228/552/198
f 225/553/199 228/552/198 222/551/198
f 228/552/198 225/553/199 229/554/199
f 228/555/200 230/556/201 227/557/202
f 227/557/202 230/556/201 196/558/203
f 190/559/203 227/557/202 196/558/203
f 230/556/201 228/555/200 231/560/204
f 229/561/205 231/560/204 228/555/200
f 231/560/204 229/561/205 232/562/205
f 225/563/206 232/564/206 229/565/206
f 232/564/206 225/563/206 226/566/206
o Head
usemtl c_754839
f 233/567/1 234/568/1 235/569/1
f 234/568/1 233/567/1 236/570/1
f 237/571/1 235/569/1 234/568/1
f 238/572/1 235/569/1 237/571/1
f 237/571/1 239/573/1 238/572/1
f 239/573/1 237/571/1 240/574/1
f 240/574/1 237/571/1 241/575/1
f 240/574/1 241/575/1 242/576/1
f 243/577/1 240/574/1 242/576/1
f 243/577/1 242/576/1 244/578/1
f 245/579/1 243/577/1 244/578/1
f 243/577/1 245/579/1 246/580/1
f 247/581/1 246/580/1 245/579/1
f 246/580/1 247/581/1 248/582/1
f 249/583/1 241/575/1 237/571/1
f 237/571/1 234/568/1 249/583/1
f 247/581/1 249/583/1 248/582/1
f 241/575/1 249/583/1 250/584/1
f 249/583/1 247/581/1 250/584/1
f 249/583/1 234/568/1 251/585/1
f 249/583/1 251/585/1 248/582/1
f 236/570/1 251/585/1 234/568/1
f 248/582/1 251/585/1 252/586/1
f 253/587/1 251/585/1 236/570/1
f 251/585/1 253/587/1 252/586/1
f 252/586/207 254/588/208 248/582/207
f 254/588/208 252/586/207 255/589/209
f 255/589/209 256/590/210 254/588/208
f 256/590/210 255/589/209 257/591/210
f 257/591/210 258/592/211 256/590/210
f 258/592/211 257/591/210 259/593/212
f 258/592/211 259/593/212 260/594/213
f 258/592/211 260/594/213 261/595/214
f 261/595/214 260/594/213 262/596/215
f 262/596/215 260/594/213 263/597/215
f 261/595/214 262/596/215 264/598/215
f 265/599/216 266/600/217 267/601/218
f 267/601/218 268/602/216 265/599/216
f 269/603/219 267/601/218 266/600/217
f 267/601/218 269/603/219 270/604/220
f 271/605/221 270/604/220 269/603/219
f 271/605/221 269/603/219 272/606/222
f 271/605/221 273/607/223 274/608/223
f 273/607/223 271/605/221 272/606/222
f 275/609/224 264/610/224 262/611/224
f 275/609/224 262/611/224 276/612/224
f 277/613/225 275/609/224 276/612/224
f 277/613/225 276/612/224 278/614/225
f 279/615/226 277/613/225 278/614/225
f 277/613/225 279/615/226 280/616/226
f 281/617/226 280/616/226 279/615/226
f 280/616/226 281/617/226 282/618/226
f 243/619/227 283/620/228 284/621/229
f 283/620/228 243/619/227 246/622/227
f 284/621/229 283/620/228 285/623/230
f 285/623/230 283/620/228 286/624/231
f 287/625/232 285/623/230 286/624/231
f 288/626/233 287/625/232 289/627/233
f 290/628/234 287/625/232 288/626/233
f 285/623/230 287/625/232 290/628/234
f 291/629/235 284/621/229 285/623/230
f 290/628/234 291/629/235 285/623/230
f 284/621/229 240/630/236 243/619/237
f 240/630/236 284/621/229 292/631/238
f 284/621/229 291/629/235 292/631/238
f 292/631/238 239/632/239 240/630/236
f 239/632/239 292/631/238 293/633/240
f 291/629/235 293/633/240 292/631/238
f 293/633/240 291/629/235 294/634/241
f 295/635/242 290/628/234 288/626/243
f 296/636/244 290/628/234 295/635/242
f 291/629/235 290/628/234 296/636/244
f 297/637/245 296/636/244 295/635/242
f 298/638/246 296/636/244 297/637/245
f 298/638/246 291/629/235 296/636/244
f 294/634/247 291/629/235 298/638/246
f 250/639/248 247/640/249 299/641/249
f 300/642/250 301/643/251 302/644/251
f 303/645/252 250/639/248 299/641/249
f 304/646/253 250/639/248 303/645/252
f 250/639/248 304/646/253 241/647/253
f 301/643/251 300/642/250 305/648/254
f 300/642/250 306/649/255 305/648/254
f 306/649/255 300/642/250 307/650/255
f 248/651/256 254/652/257 308/653/256
f 309/654/257 256/655/258 310/656/258
f 256/655/258 258/657/259 310/656/258
f 310/656/258 311/658/260 309/654/257
f 310/656/258 312/659/261 313/660/262
f 311/658/260 314/661/263 315/662/264
f 316/663/263 315/662/264 314/661/263
f 315/662/264 316/663/263 317/664/264
f 318/665/265 314/661/263 319/666/266
f 319/666/266 320/667/267 318/665/265
f 320/667/267 319/666/266 321/668/267
f 322/669/268 321/668/267 319/666/266
f 308/653/256 254/652/257 309/654/257
f 256/655/258 309/654/257 254/652/257
f 323/670/269 308/653/256 309/654/257
f 323/670/269 309/654/257 311/658/260
f 315/662/264 323/670/269 311/658/260
f 323/670/269 315/662/264 324/671/270
f 317/664/264 324/671/270 315/662/264
f 324/671/270 317/664/264 325/672/270
f 311/658/260 310/656/258 313/660/262
f 314/661/263 311/658/260 313/660/262
f 314/661/263 318/665/265 316/663/263
f 313/660/262 319/666/266 314/661/263
f 319/666/266 313/660/262 322/669/268
f 313/660/262 312/659/261 322/669/268
f 310/656/258 258/657/259 312/659/261
f 258/657/259 261/673/267 312/659/261
f 312/659/261 261/673/267 326/674/267
f 312/659/261 326/674/267 322/669/268
f 326/674/267 261/673/267 264/610/271
f 322/669/268 326/674/267 327/675/173
f 327/675/173 326/674/267 275/609/271
f 327/675/173 275/609/271 277/613/272
f 321/668/267 322/669/268 327/675/173
f 280/616/273 327/675/173 277/613/272
f 327/675/173 280/616/273 321/668/267
f 282/618/273 321/668/267 280/616/273
f 321/668/267 282/618/273 320/667/267
f 326/674/267 264/610/271 275/609/271
f 328/676/274 329/677/275 330/678/275
f 329/677/275 328/676/274 331/679/274
f 330/678/275 332/680/276 328/676/274
f 332/680/276 330/678/275 333/681/277
f 334/682/278 332/680/276 333/681/277
f 335/683/279 331/679/274 328/676/274
f 331/679/274 335/683/279 336/684/280
f 335/683/279 297/685/281 336/684/280
f 297/685/281 335/683/279 298/686/282
f 328/676/274 337/687/283 335/683/279
f 337/687/283 298/686/282 335/683/279
f 337/687/283 328/676/274 332/680/276
f 298/686/282 337/687/283 294/688/284
f 332/680/276 334/682/278 338/689/285
f 338/689/285 337/687/283 332/680/276
f 233/690/278 338/689/285 334/682/278
f 338/689/285 233/690/278 235/691/285
f 235/691/285 339/692/286 338/689/285
f 337/687/283 338/689/285 339/692/286
f 339/692/286 235/691/285 238/693/287
f 239/694/288 339/692/286 238/693/287
f 339/692/286 239/694/288 293/695/289
f 293/695/289 337/687/283 339/692/286
f 337/687/283 293/695/289 294/688/290
f 245/696/291 299/697/291 247/698/291
f 301/699/292 340/700/292 341/701/292
f 341/701/292 302/702/292 301/699/292
f 299/697/291 245/696/291 342/703/291
f 343/704/27 344/705/27 345/706/27
f 344/705/27 343/704/27 346/707/27
f 344/705/27 325/708/27 345/706/27
f 325/708/27 344/705/27 347/709/27
f 347/709/27 302/710/27 325/708/27
f 289/711/27 325/708/27 302/710/27
f 302/710/27 341/712/27 289/711/27
f 288/713/27 289/711/27 341/712/27
f 288/713/27 341/712/27 348/714/27
f 349/715/27 288/713/27 348/714/27
f 288/713/27 349/715/27 295/716/27
f 302/710/27 347/709/27 300/717/27
f 307/718/27 295/716/27 349/715/27
f 347/709/27 307/718/27 300/717/27
f 295/716/27 307/718/27 350/719/27
f 307/718/27 347/709/27 350/719/27
f 350/719/27 297/720/27 295/716/27
f 297/720/27 350/719/27 336/721/27
f 350/719/27 331/722/27 336/721/27
f 347/709/27 351/723/27 350/719/27
f 331/722/27 350/719/27 351/723/27
f 351/723/27 347/709/27 344/705/27
f 351/723/27 329/724/27 331/722/27
f 346/707/27 351/723/27 344/705/27
f 329/724/27 351/723/27 346/707/27
f 317/725/293 345/706/294 325/708/294
f 345/706/294 317/725/293 352/726/295
f 316/727/296 352/726/295 317/725/293
f 318/728/297 353/729/296 316/727/296
f 352/726/295 316/727/296 353/729/296
f 353/729/296 318/728/297 354/730/298
f 318/728/297 355/731/299 354/730/298
f 355/731/299 318/728/297 320/732/300
f 320/732/300 281/733/301 355/731/299
f 355/731/299 281/733/301 356/734/301
f 281/733/301 320/732/300 282/735/301
f 357/736/302 358/737/303 359/738/304
f 358/737/303 357/736/302 360/739/302
f 358/737/303 361/740/305 359/738/304
f 361/740/305 358/737/303 362/741/306
f 363/742/307 361/740/305 362/741/306
f 361/740/305 363/742/307 364/743/308
f 365/744/309 364/743/308 363/742/307
f 363/742/307 366/745/309 365/744/309
f 236/746/310 233/637/311 367/747/312
f 367/747/312 233/637/311 334/748/311
f 367/747/312 334/748/311 368/749/313
f 368/749/313 334/748/311 333/634/314
f 330/750/315 368/749/313 333/634/314
f 368/749/313 330/750/315 369/751/316
f 329/632/315 369/751/316 330/750/315
f 369/751/316 329/632/315 346/752/317
f 259/753/318 358/754/318 260/755/318
f 358/754/318 259/753/318 362/756/318
f 354/757/319 355/758/319 267/759/319
f 354/757/319 267/759/319 270/760/319
f 370/761/320 346/752/317 343/762/321
f 346/752/317 370/761/320 369/751/316
f 371/763/322 369/751/316 370/761/320
f 369/751/316 371/763/322 368/749/313
f 371/763/322 367/747/312 368/749/313
f 371/763/322 372/764/323 367/747/312
f 372/764/323 236/746/310 367/747/312
f 372/764/323 253/765/324 236/746/310
f 373/766/325 345/767/326 352/768/327
f 352/768/327 374/769/328 373/766/325
f 375/770/35 373/766/325 374/769/328
f 374/769/328 352/768/327 274/771/329
f 353/772/330 274/771/329 352/768/327
f 274/771/329 376/773/331 374/769/328
f 274/771/329 353/772/330 271/774/332
f 271/774/332 354/757/333 270/760/333
f 376/773/331 377/775/334 378/776/184
f 379/777/335 378/776/184 377/775/334
f 380/778/336 375/770/35 378/776/184
f 374/769/328 378/776/184 375/770/35
f 378/776/184 374/769/328 376/773/331
f 378/776/184 379/777/335 380/778/336
f 366/779/337 380/778/336 379/777/335
f 375/770/35 380/778/336 381/780/338
f 380/778/336 366/779/337 255/781/339
f 255/781/339 381/780/338 380/778/336
f 381/780/338 255/781/339 252/782/340
f 363/783/341 362/756/342 259/753/342
f 259/753/342 257/784/343 363/783/341
f 366/779/337 363/783/341 257/784/343
f 257/784/343 255/781/339 366/779/337
f 382/785/338 383/786/35 384/787/35
f 385/788/325 384/787/35 383/786/35
f 383/786/35 382/785/338 386/789/338
f 382/785/338 360/790/344 386/789/338
f 360/790/344 382/785/338 263/791/345
f 385/788/325 383/786/35 387/792/325
f 268/793/346 385/788/325 387/792/325
f 385/788/325 268/793/346 356/794/347
f 355/758/348 356/794/347 268/793/346
f 268/793/346 267/759/348 355/758/348
f 354/757/333 271/774/332 353/772/330
f 360/790/344 260/755/349 358/754/349
f 260/755/349 360/790/344 263/791/345
f 340/795/350 348/796/350 341/797/350
f 348/796/350 340/795/350 388/798/350
f 342/799/351 244/800/351 389/801/351
f 244/800/351 342/799/351 245/802/351
f 348/796/352 390/803/352 349/804/352
f 390/803/352 348/796/352 388/798/352
f 391/805/353 389/801/353 244/800/353
f 244/800/353 242/806/353 391/805/353
f 357/807/354 386/789/354 360/790/354
f 386/789/354 357/807/354 392/808/354
f 393/809/355 386/789/354 392/808/354
f 386/789/354 393/809/355 383/786/355
f 387/792/356 383/786/355 393/809/355
f 387/792/356 393/809/355 394/810/356
f 387/792/356 265/811/356 268/793/356
f 265/811/356 387/792/356 394/810/356
f 263/812/357 276/813/357 262/814/357
f 276/813/357 263/812/357 382/815/357
f 382/815/357 278/816/358 276/813/357
f 278/816/358 382/815/357 384/817/358
f 385/818/359 278/816/358 384/817/358
f 278/816/358 385/818/359 279/819/359
f 356/820/359 279/819/359 385/818/359
f 279/819/359 356/820/359 281/821/359
f 273/822/360 395/823/360 376/824/360
f 376/824/360 274/825/360 273/822/360
f 396/826/361 377/827/362 397/828/362
f 395/823/360 397/828/362 377/827/362
f 377/827/362 376/824/360 395/823/360
f 377/827/362 396/826/361 379/829/361
f 365/830/361 379/829/361 396/826/361
f 379/829/361 365/830/361 366/831/361
f 381/832/363 253/833/364 372/834/365
f 253/833/364 381/832/363 252/835/364
f 372/834/365 375/836/366 381/832/363
f 375/836/366 372/834/365 371/837/366
f 370/838/367 375/836/366 371/837/366
f 375/836/366 370/838/367 373/839/368
f 343/840/369 373/839/368 370/838/367
f 373/839/368 343/840/369 345/841/369
f 246/842/370 308/843/371 283/844/371
f 308/843/371 246/842/370 248/845/370
f 323/846/372 283/844/371 308/843/371
f 283/844/371 323/846/372 286/847/372
f 323/846/372 287/848/373 286/847/372
f 287/848/373 323/846/372 324/849/373
f 324/849/373 289/850/374 287/848/373
f 289/850/374 324/849/373 325/851/374
f 242/852/375 241/853/375 304/854/375
f 349/855/376 306/856/376 307/857/376
f 306/856/376 349/855/376 390/858/376
f 304/854/375 391/859/375 242/852/375
usemtl c_703a2c
f 398/860/377 399/861/377 400/862/377
f 399/861/377 398/860/377 401/863/377
f 402/864/377 403/865/377 404/866/377
f 403/865/377 402/864/377 405/867/377
f 406/868/378 407/869/378 408/870/378
f 407/869/378 406/868/378 409/871/378
f 410/872/378 411/873/378 412/874/378
f 411/873/378 410/872/378 413/875/378
f 401/876/13 414/877/13 399/878/13
f 414/877/13 401/876/13 415/879/13
f 403/880/13 405/881/13 416/882/13
f 416/882/13 405/881/13 417/883/13
f 407/884/12 418/885/12 408/886/12
f 418/885/12 407/884/12 419/887/12
f 412/888/12 411/889/12 420/890/12
f 420/890/12 411/889/12 421/891/12
f 410/892/379 420/893/379 422/894/379
f 420/893/379 410/892/379 412/895/379
f 406/896/379 418/897/379 423/898/379
f 418/897/379 406/896/379 408/899/379
f 404/900/380 416/901/380 424/902/380
f 416/901/380 404/900/380 403/903/380
f 400/904/380 414/905/380 425/906/380
f 414/905/380 400/904/380 399/907/380
f 425/908/381 415/909/381 426/910/381
f 415/909/381 425/908/381 414/911/381
f 424/912/381 417/913/381 427/914/381
f 417/913/381 424/912/381 416/915/381
f 419/916/382 423/917/382 418/918/382
f 423/917/382 419/916/382 428/919/382
f 421/920/382 422/921/382 420/922/382
f 422/921/382 421/920/382 429/923/382
f 429/924/383 413/925/383 410/926/383
f 429/924/383 410/926/383 422/927/383
f 428/928/383 409/929/383 406/930/383
f 428/928/383 406/930/383 423/931/383
f 426/932/384 398/933/384 400/934/384
f 426/932/384 400/934/384 425/935/384
f 427/936/384 402/937/384 404/938/384
f 427/936/384 404/938/384 424/939/384
f 426/904/385 401/905/385 398/906/385
f 401/905/385 426/904/385 415/907/385
f 427/900/385 405/901/385 402/902/385
f 405/901/385 427/900/385 417/903/385
f 428/940/386 407/941/386 409/942/386
f 407/941/386 428/940/386 419/943/386
f 429/944/386 411/945/386 413/946/386
f 411/945/386 429/944/386 421/947/386
usemtl c_37383e_neon
f 430/948/1 389/949/1 431/950/1
f 389/949/1 430/948/1 303/951/1
f 388/952/27 432/953/27 433/954/27
f 432/953/27 388/952/27 305/955/27
usemtl c_111111_neon
f 303/956/1 342/957/1 389/958/1
f 342/957/1 303/956/1 434/959/1
f 340/960/27 305/961/27 388/962/27
f 305/961/27 340/960/27 435/963/27
usemtl c_ffffff
f 436/964/387 437/965/387 438/966/387
f 439/967/388 436/964/388 438/966/388
f 436/964/388 439/967/388 440/968/388
f 441/969/389 442/970/389 443/971/389
f 443/971/389 442/970/389 444/972/389
f 443/971/390 445/973/390 441/969/390
f 446/974/391 447/975/391 448/976/391
f 447/975/391 446/974/391 449/977/391
f 447/975/392 450/978/392 448/976/392
f 451/979/393 452/980/393 453/978/393
f 454/981/394 452/980/394 451/979/394
f 452/980/394 454/981/394 455/982/394
f 456/983/395 457/984/395 458/973/395
f 457/984/396 459/985/396 460/986/396
f 459/985/396 457/984/396 456/983/396
f 461/987/397 462/988/397 463/989/397
f 462/988/397 461/987/397 464/990/397
f 463/989/398 462/988/398 465/965/398
f 464/991/399 466/992/399 467/993/399
f 466/992/399 464/991/399 461/994/399
f 439/995/400 468/996/400 440/997/400
f 468/996/400 439/995/400 469/998/400
f 455/999/401 470/1000/401 471/1001/401
f 470/1000/401 455/999/401 454/1002/401
f 446/1003/402 472/1004/402 449/1005/402
f 472/1004/402 446/1003/402 473/1006/402
f 460/1007/403 474/1008/403 475/1009/403
f 474/1008/403 460/1007/403 459/1010/403
f 442/1011/404 476/1012/404 444/1013/404
f 476/1012/404 442/1011/404 477/1014/404
f 462/1015/405 478/1016/405 465/1017/405
f 479/1018/406 437/1019/406 436/1020/406
f 467/1021/407 478/1016/407 462/1015/407
f 462/1015/407 464/1022/407 467/1021/407
f 436/1020/408 440/1023/408 479/1018/408
f 479/1018/408 440/1023/408 468/1024/408
f 480/1025/409 460/1026/409 475/1027/409
f 460/1026/409 480/1025/409 457/1028/409
f 443/1029/410 476/1030/410 481/1031/410
f 476/1030/410 443/1029/410 444/1032/410
f 457/1028/411 480/1025/411 458/1033/411
f 481/1031/412 445/1034/412 443/1029/412
f 482/1035/413 455/1036/413 471/1037/413
f 455/1036/413 482/1035/413 452/1038/413
f 447/1039/414 472/1040/414 483/1041/414
f 472/1040/414 447/1039/414 449/1042/414
f 452/1038/415 482/1035/415 453/1043/415
f 483/1041/416 450/1044/416 447/1039/416
f 478/1045/417 484/1046/417 465/1047/417
f 466/1048/418 484/1046/418 478/1045/418
f 478/1045/418 467/1049/418 466/1048/418
f 474/1050/419 485/1051/419 480/1052/419
f 480/1052/419 475/1053/419 474/1050/419
f 480/1052/420 485/1051/420 458/1054/420
f 470/1055/421 486/1056/421 482/1057/421
f 482/1057/421 471/1058/421 470/1055/421
f 482/1057/422 486/1056/422 453/1059/422
f 487/1060/423 450/1059/423 483/1061/423
f 483/1061/424 473/1062/424 487/1060/424
f 473/1062/424 483/1061/424 472/1063/424
f 488/1064/425 445/1054/425 481/1065/425
f 481/1065/426 477/1066/426 488/1064/426
f 477/1066/426 481/1065/426 476/1067/426
f 479/1068/427 469/1069/427 489/1070/427
f 469/1069/427 479/1068/427 468/1071/427
f 489/1070/428 437/1047/428 479/1068/428
f 486/1072/429 451/1073/429 453/1044/429
f 448/1074/430 450/1043/430 487/1075/430
f 454/1076/431 451/1073/431 486/1072/431
f 486/1072/431 470/1077/431 454/1076/431
f 487/1075/432 473/1078/432 448/1074/432
f 448/1074/432 473/1078/432 446/1079/432
f 485/1080/433 456/1081/433 458/1034/433
f 441/1082/434 445/1033/434 488/1083/434
f 459/1084/435 456/1081/435 485/1080/435
f 485/1080/435 474/1085/435 459/1084/435
f 488/1083/436 477/1086/436 441/1082/436
f 441/1082/436 477/1086/436 442/1087/436
f 461/1088/437 463/1089/437 484/1090/437
f 484/1090/437 466/1091/437 461/1088/437
f 489/1092/438 469/1093/438 438/1094/438
f 438/1094/438 469/1093/438 439/1095/438
f 484/1090/439 463/1089/439 465/1019/439
f 438/1094/440 437/1017/440 489/1092/440
usemtl c_a0a0a0_neon
f 490/1096/1 431/1097/1 391/1098/1
f 431/1097/1 490/1096/1 430/1099/1
f 433/1100/27 491/1101/27 390/1102/27
f 491/1101/27 433/1100/27 432/1103/27
o Jaw
usemtl c_754839
f 492/1104/1 493/1105/1 494/1106/1
f 493/1105/1 492/1104/1 495/1107/1
f 494/1106/1 493/1105/1 496/1108/1
f 494/1106/1 497/1109/1 492/1104/1
f 497/1109/1 494/1106/1 498/1110/1
f 498/1110/1 499/1111/1 497/1109/1
f 500/1112/1 499/1111/1 498/1110/1
f 501/1113/1 499/1111/1 500/1112/1
f 499/1111/1 501/1113/1 502/1114/1
f 503/1115/441 504/1116/442 505/1117/442
f 506/1118/443 505/1117/442 504/1116/442
f 503/1115/441 507/1119/444 508/1120/444
f 504/1116/442 509/1121/443 506/1118/443
f 505/1117/442 510/1122/445 503/1115/441
f 507/1119/444 503/1115/441 510/1122/445
f 495/1123/446 511/1124/447 512/1125/448
f 511/1124/447 495/1123/446 492/1126/449
f 511/1124/447 492/1126/449 513/1127/450
f 511/1124/447 513/1127/450 514/1128/10
f 497/1129/451 513/1127/450 492/1126/449
f 513/1127/450 497/1129/451 515/1130/451
f 497/1129/451 516/1131/452 515/1130/451
f 516/1131/452 497/1129/451 499/1132/452
f 499/1132/452 517/1133/453 516/1131/452
f 499/1132/452 502/1134/453 517/1133/453
f 518/1135/454 517/1133/453 502/1134/453
f 517/1133/453 518/1135/454 519/1136/454
f 508/1137/455 519/1136/454 518/1135/454
f 508/1137/455 518/1135/454 520/1138/455
f 521/1139/456 508/1137/455 520/1138/455
f 508/1137/455 521/1139/456 503/1140/456
f 522/1141/457 503/1140/456 521/1139/456
f 503/1140/456 522/1141/457 504/1142/457
f 509/1143/458 504/1142/457 522/1141/457
f 522/1141/457 523/1144/459 509/1143/458
f 511/1124/447 509/1143/458 523/1144/459
f 509/1143/458 511/1124/447 514/1128/10
f 524/1145/460 511/1124/447 523/1144/459
f 512/1125/448 511/1124/447 524/1145/460
f 512/1146/283 525/1147/461 526/1148/283
f 525/1147/461 512/1146/283 524/1149/461
f 493/1150/462 512/1146/283 526/1148/283
f 512/1146/283 493/1150/462 495/1151/462
f 526/1148/463 496/1152/464 493/1150/464
f 496/1152/464 526/1148/463 527/1153/463
f 526/1148/463 525/1147/465 528/1154/465
f 526/1148/463 528/1154/465 527/1153/463
f 519/1155/466 508/1156/467 507/1157/467
f 529/1158/468 519/1155/466 530/1159/466
f 519/1155/466 529/1158/468 517/1160/468
f 519/1155/466 507/1157/467 530/1159/466
f 523/1161/27 525/1162/27 524/1163/27
f 531/1164/27 525/1162/27 523/1161/27
f 525/1162/27 531/1164/27 528/1165/27
f 522/1166/27 531/1164/27 523/1161/27
f 532/1167/27 531/1164/27 522/1166/27
f 521/1168/27 532/1167/27 522/1166/27
f 532/1167/27 521/1168/27 533/1169/27
f 521/1168/27 534/1170/27 533/1169/27
f 534/1170/27 521/1168/27 520/1171/27
f 535/1172/469 515/1173/470 536/1174/470
f 516/1175/471 536/1174/470 515/1173/470
f 536/1174/470 516/1175/471 537/1176/472
f 515/1173/470 535/1172/469 513/1177/469
f 516/1175/471 517/1178/473 529/1179/473
f 516/1175/471 529/1179/473 537/1176/472
f 534/1180/474 538/1181/475 539/1182/475
f 534/1180/474 539/1182/475 533/1183/474
f 538/1181/475 501/1184/476 500/1185/476
f 538/1181/475 500/1185/476 539/1182/475
f 540/1186/477 528/1187/478 531/1188/478
f 528/1187/478 540/1186/477 527/1189/477
f 532/1190/478 540/1186/477 531/1188/478
f 540/1186/477 496/1191/479 527/1189/477
f 540/1186/477 494/1192/479 496/1191/479
f 541/1193/477 540/1186/477 532/1190/478
f 541/1193/477 494/1192/479 540/1186/477
f 533/1183/478 541/1193/477 532/1190/478
f 533/1183/478 539/1182/477 541/1193/477
f 494/1192/479 541/1193/477 498/1194/479
f 541/1193/477 500/1185/479 498/1194/479
f 500/1185/479 541/1193/477 539/1182/477
f 518/1195/480 534/1196/481 520/1197/481
f 534/1196/481 518/1195/480 538/1198/480
f 518/1195/480 501/1199/482 538/1198/480
f 501/1199/482 518/1195/480 502/1200/482
f 514/1201/483 513/1202/484 535/1203/484
f 506/1204/485 514/1201/483 542/1205/483
f 514/1201/483 535/1203/484 542/1205/483
f 514/1201/483 506/1204/485 509/1206/485
usemtl c_ffffff
f 543/1207/486 544/1208/486 545/1209/486
f 544/1208/486 543/1207/486 546/1210/486
f 546/1210/487 547/1211/487 544/1208/487
f 548/1212/488 549/1213/488 550/1214/488
f 549/1213/488 548/1212/488 551/1215/488
f 551/1215/489 552/1216/489 549/1213/489
f 553/1217/490 554/1218/490 555/1219/490
f 554/1218/490 553/1217/490 556/1220/490
f 556/1220/491 557/1221/491 554/1218/491
f 558/1222/492 559/1223/492 560/1224/492
f 560/1224/492 559/1223/492 561/1225/492
f 560/1224/493 561/1225/493 562/1221/493
f 563/1226/494 564/1227/494 565/1228/494
f 564/1227/494 563/1226/494 566/1229/494
f 564/1227/495 566/1229/495 567/1216/495
f 568/1230/496 569/1231/496 570/1232/496
f 570/1232/496 569/1231/496 571/1233/496
f 570/1232/497 571/1233/497 572/1211/497
f 573/1234/498 560/1235/498 562/1236/498
f 554/1237/499 557/1238/499 574/1239/499
f 558/1240/500 573/1234/500 575/1241/500
f 573/1234/500 558/1240/500 560/1235/500
f 555/1242/501 554/1237/501 576/1243/501
f 576/1243/501 554/1237/501 574/1239/501
f 577/1244/502 564/1245/502 567/1246/502
f 549/1247/503 552/1248/503 578/1249/503
f 579/1250/504 564/1245/504 577/1244/504
f 564/1245/504 579/1250/504 565/1251/504
f 550/1252/505 578/1249/505 580/1253/505
f 578/1249/505 550/1252/505 549/1247/505
f 581/1254/506 570/1255/506 572/1256/506
f 544/1257/507 547/1258/507 582/1259/507
f 583/1260/508 570/1255/508 581/1254/508
f 570/1255/508 583/1260/508 568/1261/508
f 545/1262/509 582/1259/509 584/1263/509
f 582/1259/509 545/1262/509 544/1257/509
f 585/1264/510 581/1265/510 586/1266/510
f 581/1265/510 585/1264/510 583/1267/510
f 586/1266/511 581/1265/511 572/1268/511
f 587/1269/512 577/1270/512 588/1271/512
f 577/1270/512 587/1269/512 579/1272/512
f 588/1271/513 577/1270/513 567/1273/513
f 589/1274/514 573/1275/514 590/1276/514
f 573/1275/514 589/1274/514 575/1277/514
f 590/1276/515 573/1275/515 562/1278/515
f 576/1279/516 574/1280/516 591/1281/516
f 574/1280/516 592/1282/516 591/1281/516
f 574/1280/517 557/1278/517 592/1282/517
f 580/1283/518 578/1284/518 593/1285/518
f 593/1285/518 578/1284/518 594/1286/518
f 578/1284/519 552/1273/519 594/1286/519
f 584/1287/520 582/1288/520 595/1289/520
f 582/1288/520 596/1290/520 595/1289/520
f 582/1288/521 547/1268/521 596/1290/521
f 569/1291/522 583/1292/522 585/1293/522
f 583/1292/522 569/1291/522 568/1294/522
f 545/1295/523 595/1296/523 543/1297/523
f 595/1296/523 545/1295/523 584/1298/523
f 563/1299/524 579/1300/524 587/1301/524
f 579/1300/524 563/1299/524 565/1302/524
f 550/1303/525 593/1304/525 548/1305/525
f 593/1304/525 550/1303/525 580/1306/525
f 559/1307/526 575/1308/526 589/1309/526
f 575/1308/526 559/1307/526 558/1310/526
f 555/1311/527 591/1312/527 553/1313/527
f 591/1312/527 555/1311/527 576/1314/527
f 571/1315/432 586/1316/432 572/1258/432
f 585/1317/430 571/1315/430 569/1318/430
f 571/1315/430 585/1317/430 586/1316/430
f 596/1319/431 547/1256/431 546/1320/431
f 595/1321/429 596/1319/429 543/1322/429
f 543/1322/429 596/1319/429 546/1320/429
f 566/1323/528 588/1324/528 567/1248/528
f 594/1325/529 552/1246/529 551/1326/529
f 587/1327/530 566/1323/530 563/1328/530
f 566/1323/530 587/1327/530 588/1324/530
f 593/1329/531 594/1325/531 548/1330/531
f 548/1330/531 594/1325/531 551/1326/531
f 561/1331/532 590/1332/532 562/1238/532
f 592/1333/533 557/1236/533 556/1334/533
f 589/1335/534 561/1331/534 559/1336/534
f 561/1331/534 589/1335/534 590/1332/534
f 591/1337/535 592/1333/535 553/1338/535
f 553/1338/535 592/1333/535 556/1334/535
usemtl c_462b22
f 597/1339/536 507/1340/537 510/1341/538
f 507/1340/537 597/1339/536 530/1342/454
f 597/1339/536 529/1343/539 530/1342/454
f 537/1344/540 529/1343/539 597/1339/536
f 510/1341/538 598/1345/541 597/1339/536
f 598/1345/541 537/1344/540 597/1339/536
f 598/1345/541 510/1341/538 505/1346/542
f 536/1347/543 537/1344/540 598/1345/541
f 505/1346/542 542/1348/10 598/1345/541
f 542/1348/10 536/1347/543 598/1345/541
f 542/1348/10 505/1346/542 506/1349/458
f 542/1348/10 535/1350/450 536/1347/543
o RightArm
usemtl c_754839
f 599/1351/544 600/1352/544 601/1353/544
f 600/1352/544 599/1351/544 602/1354/544
f 603/1355/545 604/1356/546 605/1357/547
f 604/1356/546 603/1355/545 606/1358/546
f 607/1359/548 608/1360/549 609/1361/548
f 610/1362/550 611/1363/1 608/1360/549
f 608/1360/549 611/1363/1 612/1364/1
f 608/1360/549 607/1359/548 610/1362/550
f 613/1365/551 611/1363/1 610/1362/550
f 614/1366/552 613/1365/551 610/1362/550
f 605/1357/547 613/1365/551 603/1355/545
f 603/1355/545 613/1365/551 614/1366/552
f 601/1353/553 600/1352/553 609/1361/553
f 609/1361/553 600/1352/553 607/1359/553
f 615/1367/13 604/1368/13 616/1369/13
f 604/1368/13 606/1370/13 616/1369/13
f 600/1371/554 617/1372/554 607/1373/555
f 607/1373/555 617/1372/554 618/1374/555
f 605/1375/556 615/1376/557 619/1377/556
f 615/1376/557 605/1375/556 604/1378/557
f 620/1379/558 612/1380/558 621/1381/558
f 611/1382/558 621/1381/558 612/1380/558
f 621/1381/558 611/1382/558 622/1383/558
f 613/1384/558 622/1383/558 611/1382/558
f 605/1375/556 619/1377/556 622/1383/559
f 605/1375/556 622/1383/559 613/1384/559
f 623/1385/560 609/1386/560 624/1387/560
f 609/1386/560 623/1385/560 601/1388/560
f 623/1389/561 617/1390/561 625/1391/561
f 625/1391/561 617/1390/561 626/1392/561
f 619/1393/562 616/1394/563 627/1395/564
f 616/1394/563 619/1393/562 615/1396/563
f 628/1397/565 621/1398/27 629/1399/566
f 627/1395/564 622/1400/567 619/1393/562
f 622/1400/567 627/1395/564 630/1401/568
f 621/1398/27 628/1397/565 620/1402/27
f 628/1397/565 618/1403/569 624/1404/569
f 618/1403/569 628/1397/565 629/1399/566
f 622/1400/567 629/1399/566 621/1398/27
f 629/1399/566 622/1400/567 630/1401/568
f 617/1390/570 624/1404/570 618/1403/570
f 624/1404/570 617/1390/570 623/1389/570
f 626/1405/571 602/1406/571 625/1407/571
f 602/1406/571 599/1408/571 625/1407/571
f 623/1409/572 599/1408/572 601/1410/572
f 599/1408/572 623/1409/572 625/1407/572
f 608/1411/573 620/1412/574 628/1413/573
f 620/1412/574 608/1411/573 612/1414/574
f 628/1413/573 609/1415/575 608/1411/573
f 609/1415/575 628/1413/573 624/1416/575
f 626/1417/576 600/1418/576 602/1419/576
f 617/1420/576 600/1418/576 626/1417/576
f 627/1375/577 606/1376/578 603/1377/577
f 606/1376/578 627/1375/577 616/1378/578
f 603/1377/577 630/1384/579 627/1375/577
f 630/1384/579 603/1377/577 614/1383/579
f 610/1421/580 629/1422/580 614/1383/579
f 630/1384/579 614/1383/579 629/1422/580
f 629/1422/581 607/1423/555 618/1424/555
f 607/1423/555 629/1422/581 610/1421/581
o Meshes/AzureChanges_Cube.235
usemtl c_b16d56
f 631/1425/582 632/1426/583 633/1427/582
f 634/1428/584 631/1425/582 633/1427/582
f 632/1426/583 631/1425/582 635/1429/583
f 632/1426/583 635/1429/583 636/1430/583
f 634/1428/584 637/1431/585 631/1425/582
f 637/1431/585 634/1428/584 638/1432/585
f 638/1432/585 639/1433/586 637/1431/585
f 639/1433/586 638/1432/585 640/1434/586
f 641/1435/587 642/1436/587 643/1437/587
f 643/1437/587 642/1436/587 644/1438/587
f 644/1438/587 645/1439/587 643/1437/587
f 645/1439/587 644/1438/587 646/1440/587
f 642/1436/587 641/1435/587 647/1441/587
f 641/1435/587 648/1442/587 647/1441/587
f 648/1442/587 641/1435/587 649/1443/587
f 648/1442/587 649/1443/587 650/1444/587
f 651/1445/588 652/1446/589 653/1447/590
f 651/1445/588 654/1448/591 652/1446/589
f 654/1448/591 651/1445/588 655/1449/591
f 655/1449/591 656/1450/592 654/1448/591
f 656/1450/592 655/1449/591 657/1451/592
f 656/1450/592 657/1451/592 658/1452/592
f 659/1453/593 652/1446/593 660/1454/593
f 652/1446/593 661/1455/593 660/1454/593
f 657/1456/594 662/1457/594 663/1458/594
f 662/1457/594 657/1456/594 655/1459/594
f 635/1460/595 631/1461/595 664/1462/595
f 665/1463/595 664/1462/595 631/1461/595
f 660/1464/596 661/1465/597 666/1466/596
f 667/1467/598 666/1466/596 661/1465/597
f 646/1468/599 644/1469/599 668/1470/599
f 644/1469/599 669/1471/599 668/1470/599
f 670/1472/600 671/1473/600 638/1474/600
f 640/1475/600 638/1474/600 671/1473/600
f 672/1476/601 660/1477/601 666/1478/601
f 660/1477/601 672/1476/601 659/1479/601
f 671/1480/602 673/1481/602 640/1482/602
f 673/1481/602 639/1483/602 640/1482/602
f 646/1484/603 668/1485/603 674/1486/603
f 646/1484/603 674/1486/603 645/1487/603
f 649/1488/604 675/1489/604 676/1490/604
f 649/1488/604 676/1490/604 650/1491/604
f 664/1492/605 636/1493/605 635/1494/605
f 636/1493/605 664/1492/605 677/1495/605
f 657/1496/606 663/1497/606 678/1498/606
f 678/1498/606 658/1499/606 657/1496/606
f 647/1500/607 679/1501/607 680/1502/608
f 647/1500/607 680/1502/608 642/1503/608
f 642/1503/608 680/1502/608 669/1504/609
f 642/1503/608 669/1504/609 644/1505/609
f 681/1506/610 670/1507/610 634/1508/610
f 634/1508/610 670/1507/610 638/1509/610
f 681/1506/610 634/1508/610 633/1510/610
f 682/1511/611 683/1512/611 654/1513/611
f 683/1512/611 652/1514/611 654/1513/611
f 652/1514/611 683/1512/611 661/1515/611
f 666/1516/612 653/1517/612 672/1518/612
f 653/1517/612 666/1516/612 667/1519/612
f 683/1520/613 667/1519/598 661/1521/597
f 662/1522/614 667/1519/598 683/1520/613
f 662/1522/614 683/1520/613 682/1523/614
f 662/1522/614 682/1523/614 684/1524/615
f 684/1524/615 663/1525/615 662/1522/614
f 684/1524/615 678/1526/615 663/1525/615
f 685/1527/616 680/1528/616 686/1529/616
f 686/1529/616 680/1528/616 679/1530/616
f 680/1528/616 685/1527/616 669/1531/616
f 674/1532/616 669/1531/616 685/1527/616
f 668/1533/616 669/1531/616 674/1532/616
f 687/1534/616 686/1529/616 679/1530/616
f 686/1529/616 687/1534/616 675/1535/616
f 675/1535/616 687/1534/616 676/1536/616
f 688/1537/617 677/1538/617 664/1539/617
f 688/1537/617 664/1539/617 665/1540/618
f 665/1540/618 681/1541/619 688/1537/617
f 689/1542/620 681/1541/619 665/1540/618
f 689/1542/620 670/1543/621 681/1541/619
f 670/1543/621 689/1542/620 690/1544/622
f 670/1543/621 690/1544/622 673/1545/623
f 671/1546/623 670/1543/621 673/1545/623
f 637/1547/624 673/1548/624 690/1549/624
f 673/1548/624 637/1547/624 639/1550/624
f 643/1551/625 645/1552/625 685/1553/625
f 685/1553/625 645/1552/625 674/1554/625
f 679/1555/626 647/1556/626 648/1557/627
f 679/1555/626 648/1557/627 687/1558/627
f 648/1557/627 650/1559/628 687/1558/627
f 687/1558/627 650/1559/628 676/1560/628
f 672/1561/629 652/1562/589 659/1563/629
f 652/1562/589 672/1561/629 653/1564/590
f 632/1565/630 677/1566/631 688/1567/630
f 677/1566/631 632/1565/630 636/1568/631
f 688/1567/630 633/1569/632 632/1565/630
f 633/1569/632 688/1567/630 681/1570/632
f 678/1571/633 656/1572/634 658/1573/633
f 656/1572/634 678/1571/633 684/1574/635
f 656/1572/634 684/1574/635 682/1575/636
f 682/1575/636 654/1576/636 656/1572/634
f 667/1577/637 651/1578/637 653/1579/637
f 662/1580/637 651/1578/637 667/1577/637
f 651/1578/637 662/1580/637 655/1581/637
f 649/1582/638 641/1583/638 675/1584/638
f 675/1584/638 641/1583/638 686/1585/638
f 689/1586/639 637/1587/639 690/1588/639
f 689/1586/639 631/1589/639 637/1587/639
f 631/1589/639 689/1586/639 665/1590/639
f 641/1583/366 643/1591/366 686/1585/366
f 686/1585/366 643/1591/366 685/1592/366
o LeftArm
usemtl c_754839
f 691/1593/544 692/1594/544 693/1595/544
f 691/1593/544 693/1595/544 694/1596/544
f 695/1597/545 696/1598/551 697/1599/552
f 696/1598/551 695/1597/545 698/1600/547
f 698/1600/547 695/1597/545 699/1601/546
f 698/1600/547 699/1601/546 700/1602/546
f 701/1603/550 696/1598/551 702/1604/1
f 702/1604/1 703/1605/549 701/1603/550
f 703/1605/549 702/1604/1 704/1606/1
f 703/1605/549 705/1607/548 701/1603/550
f 705/1607/548 703/1605/549 706/1608/548
f 696/1598/551 701/1603/550 697/1599/552
f 691/1593/553 706/1608/553 692/1594/553
f 706/1608/553 691/1593/553 705/1607/553
f 700/1609/13 699/1610/13 707/1611/13
f 707/1611/13 699/1610/13 708/1612/13
f 709/1613/555 705/1614/555 691/1615/554
f 709/1613/555 691/1615/554 710/1616/554
f 711/1617/556 696/1618/559 698/1619/556
f 696/1618/559 711/1617/556 712/1620/559
f 711/1617/556 698/1619/556 700/1621/557
f 711/1617/556 700/1621/557 707/1622/557
f 702/1623/558 713/1624/558 714/1625/558
f 702/1623/558 714/1625/558 704/1626/558
f 696/1618/558 713/1624/558 702/1623/558
f 696/1618/558 712/1620/558 713/1624/558
f 715/1627/560 692/1628/560 706/1629/560
f 692/1628/560 715/1627/560 716/1630/560
f 710/1631/561 717/1632/561 716/1633/561
f 717/1632/561 710/1631/561 718/1634/561
f 719/1635/564 712/1636/567 711/1637/562
f 719/1635/564 711/1637/562 707/1638/563
f 719/1635/564 707/1638/563 708/1639/563
f 712/1636/567 719/1635/564 720/1640/568
f 720/1640/568 721/1641/566 712/1636/567
f 712/1636/567 721/1641/566 713/1642/27
f 722/1643/565 713/1642/27 721/1641/566
f 713/1642/27 722/1643/565 714/1644/27
f 722/1643/565 721/1641/566 709/1645/569
f 715/1646/569 722/1643/565 709/1645/569
f 710/1631/570 716/1633/570 715/1646/570
f 710/1631/570 715/1646/570 709/1645/570
f 693/1647/571 718/1648/571 694/1649/571
f 718/1648/571 693/1647/571 717/1650/571
f 692/1651/572 716/1652/572 717/1650/572
f 692/1651/572 717/1650/572 693/1647/572
f 722/1653/573 703/1654/573 704/1655/574
f 722/1653/573 704/1655/574 714/1656/574
f 703/1654/573 722/1653/573 715/1657/575
f 703/1654/573 715/1657/575 706/1658/575
f 694/1659/576 710/1660/576 691/1661/576
f 710/1660/576 694/1659/576 718/1662/576
f 719/1619/577 697/1620/579 720/1618/579
f 701/1663/580 720/1618/579 697/1620/579
f 720/1618/579 701/1663/580 721/1664/580
f 697/1620/579 719/1619/577 695/1617/577
f 695/1617/577 719/1619/577 708/1621/578
f 695/1617/577 708/1621/578 699/1622/578
f 709/1665/555 701/1663/581 705/1666/555
f 701/1663/581 709/1665/555 721/1664/581
o Meshes/AzureChanges_Cube.127
usemtl c_b16d56
f 723/1667/640 724/1668/640 725/1669/640
f 724/1668/640 726/1670/640 725/1669/640
f 727/1671/641 728/1672/642 729/1673/641
f 730/1674/643 727/1671/641 729/1673/641
f 728/1672/642 727/1671/641 731/1675/642
f 728/1672/642 731/1675/642 732/1676/642
f 730/1674/643 726/1670/644 727/1671/641
f 726/1670/644 730/1674/643 733/1677/645
f 734/1678/587 735/1679/587 736/1680/587
f 736/1680/587 735/1679/587 737/1681/587
f 737/1681/587 738/1682/587 736/1680/587
f 738/1682/587 737/1681/587 739/1683/587
f 735/1679/587 734/1678/587 740/1684/587
f 734/1678/587 741/1685/587 740/1684/587
f 741/1685/587 734/1678/587 742/1686/587
f 741/1685/587 742/1686/587 743/1687/587
f 744/1688/646 745/1689/647 746/1690/648
f 745/1689/647 744/1688/646 747/1691/647
f 745/1689/647 747/1691/647 748/1692/647
f 746/1690/648 749/1693/649 744/1688/646
f 749/1693/649 746/1690/648 750/1694/650
f 749/1693/649 750/1694/650 751/1695/651
f 750/1694/650 752/1696/652 751/1695/651
f 752/1696/652 750/1694/650 753/1697/652
f 731/1698/653 727/1699/653 754/1700/653
f 755/1701/653 754/1700/653 727/1699/653
f 747/1702/654 756/1703/654 757/1704/654
f 756/1703/654 747/1702/654 744/1705/654
f 733/1706/645 725/1707/655 726/1708/644
f 725/1707/655 733/1706/645 758/1709/655
f 739/1710/599 737/1711/599 759/1712/599
f 737/1711/599 760/1713/599 759/1712/599
f 753/1714/656 761/1715/656 762/1716/656
f 761/1715/656 753/1714/656 750/1717/656
f 725/1718/657 758/1719/657 723/1720/657
f 723/1720/657 758/1719/657 763/1721/657
f 752/1722/658 762/1723/658 764/1724/658
f 762/1723/658 752/1722/658 753/1725/658
f 739/1726/603 759/1727/603 765/1728/603
f 739/1726/603 765/1728/603 738/1729/603
f 742/1730/604 766/1731/604 767/1732/604
f 742/1730/604 767/1732/604 743/1733/604
f 747/1734/659 757/1735/659 768/1736/659
f 768/1736/659 748/1737/659 747/1734/659
f 754/1738/660 732/1739/660 731/1740/660
f 732/1739/660 754/1738/660 769/1741/660
f 735/1742/608 770/1743/608 760/1744/609
f 735/1742/608 760/1744/609 737/1745/609
f 740/1746/607 770/1743/608 735/1742/608
f 740/1746/607 771/1747/607 770/1743/608
f 772/1748/661 773/1749/661 746/1750/661
f 773/1749/661 750/1751/661 746/1750/661
f 750/1751/661 773/1749/661 761/1752/661
f 774/1753/662 775/1754/662 730/1755/662
f 730/1755/662 775/1754/662 733/1756/662
f 774/1753/662 730/1755/662 729/1757/662
f 776/1758/663 768/1759/663 757/1760/663
f 776/1758/663 757/1760/663 756/1761/664
f 756/1761/664 772/1762/664 776/1758/663
f 756/1761/664 773/1763/665 772/1762/664
f 756/1761/664 777/1764/666 773/1763/665
f 773/1763/665 777/1764/666 761/1765/666
f 764/1766/667 761/1765/666 777/1764/666
f 762/1767/667 761/1765/666 764/1766/667
f 778/1768/616 770/1769/616 779/1770/616
f 779/1770/616 770/1769/616 771/1771/616
f 770/1769/616 778/1768/616 760/1772/616
f 765/1773/616 760/1772/616 778/1768/616
f 759/1774/616 760/1772/616 765/1773/616
f 780/1775/616 779/1770/616 771/1771/616
f 779/1770/616 780/1775/616 766/1776/616
f 766/1776/616 780/1775/616 767/1777/616
f 775/1778/668 781/1779/669 724/1780/670
f 781/1779/669 775/1778/668 774/1781/671
f 781/1779/669 774/1781/671 755/1782/671
f 755/1782/671 774/1781/671 782/1783/672
f 782/1783/672 754/1784/672 755/1782/671
f 782/1783/672 769/1785/672 754/1784/672
f 758/1786/673 775/1778/673 763/1787/673
f 775/1778/673 758/1786/673 733/1788/673
f 751/1789/674 752/1790/674 777/1791/674
f 752/1790/674 764/1792/674 777/1791/674
f 736/1793/625 738/1794/625 778/1795/625
f 778/1795/625 738/1794/625 765/1796/625
f 741/1797/627 743/1798/628 780/1799/627
f 780/1799/627 743/1798/628 767/1800/628
f 771/1801/626 741/1797/627 780/1799/627
f 741/1797/627 771/1801/626 740/1802/626
f 724/1803/670 723/1804/675 775/1805/668
f 763/1806/675 775/1805/668 723/1804/675
f 772/1807/676 746/1808/676 745/1809/677
f 772/1807/676 745/1809/677 776/1810/677
f 745/1809/677 748/1811/678 776/1810/677
f 776/1810/677 748/1811/678 768/1812/678
f 729/1813/679 782/1814/680 774/1815/679
f 782/1814/680 729/1813/679 728/1816/681
f 732/1817/682 782/1814/680 728/1816/681
f 782/1814/680 732/1817/682 769/1818/682
f 781/1819/683 726/1820/683 724/1821/683
f 781/1819/683 727/1822/683 726/1820/683
f 727/1822/683 781/1819/683 755/1823/683
f 734/1824/638 766/1825/638 742/1826/638
f 766/1825/638 734/1824/638 779/1827/638
f 756/1828/684 749/1829/684 777/1830/684
f 777/1830/684 749/1829/684 751/1831/684
f 749/1829/684 756/1828/684 744/1832/684
f 734/1824/366 736/1833/366 779/1827/366
f 779/1827/366 736/1833/366 778/1834/366
o Torso
usemtl c_754839
f 221/1835/190 222/1836/191 223/1837/192
f 223/1837/192 182/1838/193 221/1835/190
f 182/1838/193 223/1837/192 183/1839/193
f 222/1836/191 221/1835/190 224/1840/194
f 224/1840/194 225/1841/195 222/1836/191
f 225/1841/195 224/1840/194 226/1842/195
f 223/1843/196 227/1844/196 190/1845/197
f 223/1843/196 190/1845/197 183/1846/197
f 223/1843/196 222/1847/198 227/1844/196
f 227/1844/196 222/1847/198 228/1848/198
f 225/1849/199 228/1848/198 222/1847/198
f 228/1848/198 225/1849/199 229/1850/199
f 228/1851/200 230/1852/201 227/1853/202
f 227/1853/202 230/1852/201 196/1854/203
f 190/1855/203 227/1853/202 196/1854/203
f 230/1852/201 228/1851/200 231/1856/204
f 229/1857/205 231/1856/204 228/1851/200
f 231/1856/204 229/1857/205 232/1858/205
f 225/1859/206 232/1860/206 229/1861/206
f 232/1860/206 225/1859/206 226/1862/206
usemtl c_703a2c
f 783/1863/685 784/1864/685 785/1865/685
f 783/1863/685 785/1865/685 786/1866/685
f 787/1867/686 788/1868/686 789/1869/686
f 788/1868/686 787/1867/686 790/1870/686
f 791/1871/687 792/1872/687 793/1873/687
f 792/1872/687 791/1871/687 794/1874/687
f 795/1875/688 796/1876/688 797/1877/688
f 795/1875/688 797/1877/688 798/1878/688
f 799/1879/689 800/1880/689 801/1881/689
f 801/1881/689 800/1880/689 802/1882/689
f 803/1883/690 804/1884/690 805/1885/690
f 803/1883/690 805/1885/690 806/1886/690
f 785/1865/1 807/1887/1 786/1866/1
f 788/1868/1 808/1888/1 809/1889/1
f 808/1888/1 788/1868/1 790/1870/1
f 801/1881/1 810/1890/1 811/1891/1
f 810/1890/1 801/1881/1 802/1882/1
f 812/1892/1 813/1893/1 814/1894/1
f 814/1894/1 813/1893/1 815/1895/1
f 816/1896/1 806/1886/1 805/1885/1
f 806/1886/1 816/1896/1 817/1897/1
f 798/1878/1 818/1898/1 819/1899/1
f 818/1898/1 798/1878/1 797/1877/1
f 820/1900/1 792/1872/1 794/1874/1
f 800/1880/691 813/1893/691 803/1883/691
f 813/1893/691 800/1880/691 815/1895/691
f 806/1886/691 817/1897/691 795/1875/691
f 795/1875/691 803/1883/691 806/1886/691
f 802/1882/692 787/1867/692 810/1890/692
f 787/1867/692 802/1882/692 800/1880/692
f 803/1883/693 812/1892/693 804/1884/693
f 812/1892/693 803/1883/693 813/1893/693
f 798/1878/694 819/1899/694 793/1873/694
f 793/1873/694 795/1875/694 798/1878/694
f 814/1894/695 800/1880/695 799/1879/695
f 800/1880/695 814/1894/695 815/1895/695
f 790/1870/696 784/1864/696 808/1888/696
f 784/1864/696 790/1870/696 787/1867/696
f 821/1901/697 793/1873/697 820/1900/697
f 820/1900/697 793/1873/697 792/1872/697
f 811/1891/698 787/1867/698 789/1869/698
f 787/1867/698 811/1891/698 810/1890/698
f 796/1876/699 795/1875/699 817/1897/699
f 796/1876/699 817/1897/699 816/1896/699
f 809/1889/700 808/1888/700 784/1864/700
f 784/1864/700 783/1863/700 809/1889/700
f 819/1899/701 791/1871/701 793/1873/701
f 791/1871/701 819/1899/701 818/1898/701
f 805/1902/702 822/1903/702 816/1904/702
f 822/1903/702 805/1902/702 823/1905/702
f 801/1906/703 811/1907/703 824/1908/703
f 824/1908/703 811/1907/703 825/1909/703
f 812/1910/704 814/1911/704 826/1912/704
f 826/1912/704 814/1911/704 827/1913/704
f 820/1914/705 794/1915/705 828/1916/705
f 828/1916/705 794/1915/705 829/1917/705
f 807/1918/706 830/1919/706 786/1920/706
f 830/1919/706 807/1918/706 831/1921/706
f 821/1922/707 820/1914/707 832/1923/707
f 832/1923/707 820/1914/707 828/1916/707
f 783/1924/235 833/1925/235 834/1926/235
f 783/1924/235 834/1926/235 809/1927/235
f 835/1928/198 836/1929/198 831/1921/198
f 835/1928/198 831/1921/198 807/1918/198
f 789/1930/708 837/1931/708 825/1909/708
f 789/1930/708 825/1909/708 811/1907/708
f 838/1932/199 791/1933/199 818/1934/199
f 838/1932/199 818/1934/199 839/1935/199
f 807/1918/709 784/1936/709 835/1928/709
f 784/1936/709 807/1918/709 785/1937/709
f 840/1938/710 831/1921/710 836/1929/710
f 831/1921/710 840/1938/710 841/1939/710
f 829/1940/711 791/1941/711 838/1942/711
f 791/1941/711 829/1940/711 794/1943/711
f 842/1944/712 839/1945/712 797/1946/712
f 797/1946/712 839/1945/712 818/1947/712
f 843/1948/713 842/1944/713 796/1949/713
f 796/1949/713 842/1944/713 797/1946/713
f 844/1950/714 823/1951/714 804/1952/714
f 804/1952/714 823/1951/714 805/1953/714
f 827/1954/715 799/1955/715 845/1956/715
f 799/1955/715 827/1954/715 814/1957/715
f 833/1958/716 841/1959/716 840/1960/716
f 841/1959/716 833/1958/716 830/1961/716
f 846/1962/717 837/1963/717 847/1964/717
f 846/1962/717 847/1964/717 848/1965/717
f 838/1966/718 849/1967/718 850/1968/718
f 838/1966/718 850/1968/718 829/1969/718
f 851/1970/719 842/1971/719 843/1972/719
f 842/1971/719 851/1970/719 852/1973/719
f 853/1974/720 845/1975/720 824/1976/720
f 853/1974/720 824/1976/720 854/1977/720
f 844/1978/721 855/1979/721 823/1980/721
f 823/1980/721 855/1979/721 856/1981/721
f 841/1959/27 830/1961/27 831/1982/27
f 847/1964/27 857/1983/27 848/1965/27
f 857/1983/27 847/1964/27 834/1984/27
f 824/1976/27 858/1985/27 854/1977/27
f 858/1985/27 824/1976/27 825/1986/27
f 827/1987/27 859/1988/27 826/1989/27
f 859/1988/27 827/1987/27 860/1990/27
f 822/1991/27 856/1981/27 861/1992/27
f 856/1981/27 822/1991/27 823/1980/27
f 839/1993/27 852/1973/27 862/1994/27
f 852/1973/27 839/1993/27 842/1971/27
f 828/1995/27 829/1969/27 850/1968/27
f 853/1974/722 855/1979/722 859/1988/722
f 853/1974/722 859/1988/722 860/1990/722
f 856/1981/722 851/1970/722 861/1992/722
f 851/1970/722 856/1981/722 855/1979/722
f 854/1977/723 858/1985/723 846/1962/723
f 846/1962/723 853/1974/723 854/1977/723
f 826/1989/724 855/1979/724 844/1978/724
f 855/1979/724 826/1989/724 859/1988/724
f 852/1973/725 849/1967/725 862/1994/725
f 849/1967/725 852/1973/725 851/1970/725
f 853/1974/726 827/1987/726 845/1975/726
f 827/1987/726 853/1974/726 860/1990/726
f 848/1965/727 857/1983/727 840/1960/727
f 840/1960/727 846/1962/727 848/1965/727
f 849/1967/728 832/1996/728 828/1995/728
f 849/1967/728 828/1995/728 850/1968/728
f 825/1986/729 846/1962/729 858/1985/729
f 846/1962/729 825/1986/729 837/1963/729
f 851/1970/730 843/1972/730 861/1992/730
f 861/1992/730 843/1972/730 822/1991/730
f 840/1960/731 834/1984/731 833/1958/731
f 834/1984/731 840/1960/731 857/1983/731
f 862/1994/732 838/1966/732 839/1993/732
f 838/1966/732 862/1994/732 849/1967/732
f 800/1997/733 803/1998/733 853/1999/733
f 853/1999/733 803/1998/733 855/2000/733
f 800/1997/733 846/2001/733 787/2002/733
f 846/2001/733 800/1997/733 853/1999/733
f 784/1938/733 787/2002/733 840/1936/733
f 840/1936/733 787/2002/733 846/2001/733
f 795/2003/733 793/2004/733 851/2005/733
f 851/2005/733 793/2004/733 849/2006/733
f 795/2003/733 855/2000/733 803/1998/733
f 855/2000/733 795/2003/733 851/2005/733
f 793/2004/733 821/1923/733 849/2006/733
f 849/2006/733 821/1923/733 832/1922/733
f 784/1938/734 836/1928/734 835/1929/734
f 836/1928/734 784/1938/734 840/1936/734
f 786/2007/735 833/2008/735 783/2009/735
f 833/2008/735 786/2007/735 830/2010/735
f 788/2011/736 809/2012/736 847/2013/736
f 847/2013/736 809/2012/736 834/2014/736
f 837/2015/483 789/2016/483 788/2011/483
f 837/2015/483 788/2011/483 847/2013/483
f 799/1956/737 801/2017/737 845/1955/737
f 845/1955/737 801/2017/737 824/2018/737
f 804/1950/738 812/2019/738 844/1952/738
f 844/1952/738 812/2019/738 826/2020/738
f 816/2021/739 843/1949/739 796/1948/739
f 843/1949/739 816/2021/739 822/2022/739
usemtl c_b16d56
f 231/2023/740 224/2024/740 221/2025/741
f 224/2024/740 231/2023/740 232/2026/742
f 224/2024/740 232/2026/742 226/2027/742
f 231/2023/740 221/2025/741 230/2028/741
f 221/2025/741 182/2029/743 230/2028/741
f 230/2028/741 182/2029/743 196/2030/743
o Meshes/AzureChanges_Cube.134
usemtl c_462b22
f 359/2031/744 863/2032/745 864/2033/745
f 863/2032/745 359/2031/744 361/2034/744
f 266/2035/746 864/2033/745 863/2032/745
f 266/2035/746 863/2032/745 269/2036/746
f 863/2032/477 272/2037/747 269/2036/477
f 272/2037/747 863/2032/477 364/2038/747
f 863/2032/477 361/2034/477 364/2038/747
f 364/2038/747 397/2039/748 272/2037/747
f 272/2037/747 397/2039/748 395/2040/748
f 397/2039/748 364/2038/747 396/2041/748
f 396/2041/748 364/2038/747 365/2042/748
f 272/2037/747 395/2040/748 273/2043/748
f 359/2031/572 392/2044/572 357/2045/572
f 392/2044/572 359/2031/572 864/2033/572
f 864/2033/572 393/2046/572 392/2044/572
f 393/2046/572 864/2033/572 394/2047/572
f 394/2047/572 266/2035/572 265/2048/572
f 266/2035/572 394/2047/572 864/2033/572
