# Roblox asset pack: skeleton_dodo (creatures), from the Studio model "Skeleton Dodo". Exported with Export Selection, split by tools/build_creatures.py: one object per rigid body. Units: studs. +Y up, front faces -Z, pivot (bottom centre) at the origin.
mtllib skeleton_dodo.mtl

v 0.69300 0.69000 1.38000
v 0.69300 0.38000 1.25000
v 0.69300 0.51000 1.21000
v 0.69300 0.81000 1.35000
v 0.69300 0.76000 1.25000
v 0.69300 0.55000 1.15000
v 0.69300 0.20000 1.02000
v 0.69300 0.11000 1.05000
v 0.52500 0.81000 1.35000
v 0.52200 0.76000 1.25000
v 0.52200 0.69000 1.38000
v 0.52200 0.11000 1.05000
v 0.52200 0.38000 1.25000
v 0.52200 0.51000 1.21000
v 0.52200 0.20000 1.02000
v 0.52200 0.55000 1.15000
v 0.52200 0.23000 1.04000
v 0.69300 0.23000 1.04000
v 0.70200 0.56000 1.12000
v 0.82500 0.01000 1.04000
v 0.75600 0.01000 0.86000
v 0.74500 0.57000 1.23000
v 0.73500 0.01000 1.20000
v 0.68900 0.56000 1.33000
v 0.48500 0.57000 1.23000
v 0.54100 0.56000 1.33000
v 0.52700 0.56000 1.12000
v 0.49500 0.01000 1.20000
v 0.40400 0.01000 1.04000
v 0.47300 0.01000 0.86000
v 0.15500 3.20000 -1.99000
v 0.13300 3.31000 -2.16000
v 0.18400 3.35000 -1.83000
v 0.20000 3.15000 -1.80000
v 0.23800 3.57000 -1.21000
v 0.23700 3.32000 -1.51000
v 0.23800 3.52000 -1.54000
v 0.23800 3.30000 -1.19000
v 0.23800 3.41000 -0.92000
v 0.23800 3.61000 -0.95000
v -0.13200 3.45000 -1.52000
v -0.17900 3.57000 -1.21000
v -0.13200 3.50000 -1.20000
v -0.13200 3.52000 -1.04000
v -0.17900 3.60000 -1.01000
v -0.17900 3.52000 -1.54000
v -0.13900 3.35000 -1.83000
v -0.10800 3.28000 -1.81000
v -0.08600 3.24000 -2.01000
v -0.10400 3.32000 -2.10000
v -0.23800 3.52000 -1.54000
v -0.23800 3.57000 -1.21000
v -0.18400 3.35000 -1.83000
v -0.23800 3.61000 -0.95000
v 0.17900 3.60000 -1.01000
v -0.13300 3.31000 -2.16000
v 0.10400 3.32000 -2.10000
v 0.17900 3.57000 -1.21000
v 0.13900 3.35000 -1.83000
v 0.17900 3.52000 -1.54000
v 0.13200 3.45000 -1.52000
v 0.13200 3.50000 -1.20000
v 0.13200 3.52000 -1.04000
v 0.10800 3.28000 -1.81000
v 0.08600 3.24000 -2.01000
v -0.23800 3.41000 -0.92000
v -0.15500 3.20000 -1.99000
v -0.20000 3.15000 -1.80000
v -0.23700 3.32000 -1.51000
v -0.23800 3.30000 -1.19000
v 0.15800 3.86000 -2.22000
v 0.18900 3.75000 -2.02000
v 0.16000 3.66000 -2.17000
v 0.20200 3.98000 -2.04000
v 0.13500 3.68000 -2.31000
v 0.13500 3.48000 -2.30000
v 0.16500 3.58000 -2.02000
v 0.22000 3.75000 -1.77000
v 0.21900 3.58000 -1.77000
v 0.24100 4.27000 -0.91000
v 0.24100 4.13000 -1.31000
v 0.24100 4.27000 -1.35000
v 0.24100 4.06000 -1.55000
v 0.24100 3.99000 -1.07000
v 0.24100 3.92000 -0.77000
v 0.24100 3.94000 -1.40000
v 0.24100 3.58000 -0.91000
v 0.24100 3.88000 -1.51000
v 0.24100 3.94000 -1.58000
v 0.24100 3.84000 -1.31000
v 0.24100 3.71000 -1.58000
v 0.24100 3.58000 -1.35000
v 0.24100 3.59000 -1.55000
v 0.23100 3.92000 -1.77000
v 0.23400 3.79000 -1.69000
v 0.14100 3.52000 -2.16000
v 0.20800 3.88000 -1.59000
v 0.20800 3.85000 -1.55000
v 0.20700 3.81000 -1.64000
v 0.20800 3.77000 -1.59000
v 0.13500 3.39000 -2.25000
v -0.17000 3.88000 -1.47000
v -0.13800 3.73000 -1.58000
v -0.13800 3.85000 -1.52000
v -0.17000 3.67000 -1.57000
v -0.13800 3.92000 -1.61000
v -0.16700 3.79000 -1.73000
v -0.17000 3.98000 -1.60000
v -0.13700 3.81000 -1.68000
v -0.10600 3.66000 -2.17000
v -0.09800 3.52000 -2.16000
v -0.09500 3.50000 -2.23000
v -0.09500 3.43000 -2.21000
v -0.10000 3.66000 -2.24000
v -0.11300 3.81000 -2.16000
v -0.11500 3.58000 -2.02000
v -0.12800 3.75000 -2.02000
v -0.16200 3.75000 -1.77000
v -0.16700 3.84000 -1.76000
v -0.17000 4.20000 -1.32000
v -0.17000 4.20000 -0.96000
v -0.17000 4.13000 -1.31000
v -0.17000 3.99000 -1.07000
v -0.17000 3.92000 -0.85000
v -0.17000 3.60000 -0.98000
v -0.17000 3.84000 -1.31000
v -0.17000 3.58000 -1.35000
v -0.17000 4.01000 -1.51000
v -0.17000 3.94000 -1.40000
v -0.17000 3.59000 -1.55000
v -0.15400 3.58000 -1.77000
v -0.14100 3.91000 -2.02000
v -0.24100 4.27000 -1.35000
v -0.24100 4.27000 -0.91000
v -0.15800 3.86000 -2.22000
v -0.20700 3.98000 -2.04000
v -0.23700 3.92000 -1.77000
v -0.24100 4.06000 -1.55000
v 0.17000 3.99000 -1.07000
v 0.17000 3.84000 -1.31000
v -0.24100 3.84000 -1.31000
v -0.24100 3.99000 -1.07000
v -0.24100 3.58000 -0.91000
v -0.24100 3.92000 -0.77000
v -0.24100 3.94000 -1.40000
v 0.17000 3.94000 -1.40000
v -0.24100 4.13000 -1.31000
v 0.17000 4.13000 -1.31000
v 0.17000 4.01000 -1.51000
v 0.17000 4.20000 -1.32000
v 0.09500 3.43000 -2.21000
v -0.13500 3.39000 -2.25000
v 0.09800 3.52000 -2.16000
v -0.14100 3.52000 -2.16000
v 0.10700 3.81000 -2.16000
v 0.09500 3.66000 -2.24000
v 0.09500 3.50000 -2.23000
v -0.16500 3.66000 -2.17000
v -0.20200 3.75000 -2.02000
v -0.13500 3.48000 -2.30000
v -0.13500 3.68000 -2.31000
v -0.16500 3.58000 -2.02000
v -0.21900 3.58000 -1.77000
v -0.23000 3.75000 -1.77000
v -0.24100 3.71000 -1.58000
v -0.23900 3.79000 -1.69000
v -0.24100 3.59000 -1.55000
v -0.24100 3.58000 -1.35000
v -0.24100 3.88000 -1.51000
v -0.24100 3.94000 -1.58000
v -0.20800 3.88000 -1.59000
v -0.20800 3.81000 -1.64000
v -0.20800 3.85000 -1.55000
v -0.20800 3.77000 -1.59000
v 0.13800 3.73000 -1.58000
v 0.17000 3.88000 -1.47000
v 0.13800 3.85000 -1.52000
v 0.17000 3.67000 -1.57000
v 0.17000 3.98000 -1.60000
v 0.16200 3.79000 -1.73000
v 0.13800 3.92000 -1.61000
v 0.13500 3.81000 -1.68000
v 0.09700 3.66000 -2.17000
v 0.11600 3.75000 -2.02000
v 0.13200 3.91000 -2.02000
v 0.11500 3.58000 -2.02000
v 0.16000 3.84000 -1.76000
v 0.15500 3.75000 -1.77000
v 0.15400 3.58000 -1.77000
v 0.17000 3.59000 -1.55000
v 0.17000 4.20000 -0.96000
v 0.17000 3.92000 -0.85000
v 0.17000 3.60000 -0.98000
v 0.17000 3.58000 -1.35000
v 0.04500 2.49000 1.24000
v 0.48200 2.26000 1.94000
v 0.02100 2.41000 1.20000
v 0.51600 2.37000 2.01000
v 0.05600 2.52000 1.21000
v 0.38300 2.66000 2.11000
v 0.06900 2.39000 1.23000
v 0.40200 2.47000 2.14000
v 0.06800 2.52000 1.34000
v 0.09800 2.67000 2.31000
v 0.06800 2.38000 1.37000
v 0.09800 2.87000 2.28000
v 0.05600 2.38000 1.30000
v -0.20400 2.65000 2.21000
v -0.22300 2.46000 2.24000
v 0.06900 2.52000 1.28000
v 0.02100 2.49000 1.31000
v -0.42100 2.36000 2.10000
v -0.38700 2.25000 2.03000
v 0.04500 2.41000 1.26000
v -0.06800 2.52000 1.34000
v -0.09800 2.87000 2.28000
v -0.06900 2.52000 1.28000
v 0.20400 2.65000 2.21000
v -0.05600 2.52000 1.21000
v -0.38300 2.66000 2.11000
v -0.04500 2.49000 1.24000
v -0.51600 2.37000 2.01000
v -0.02100 2.49000 1.31000
v 0.42100 2.36000 2.10000
v -0.09800 2.67000 2.31000
v 0.22300 2.46000 2.24000
v -0.40200 2.47000 2.14000
v -0.48200 2.26000 1.94000
v 0.38700 2.25000 2.03000
v -0.02100 2.41000 1.20000
v -0.06900 2.39000 1.23000
v -0.06800 2.38000 1.37000
v -0.05600 2.38000 1.30000
v -0.04500 2.41000 1.26000
v 0.58400 1.94000 0.39000
v 0.39300 1.68000 0.36000
v 0.59400 1.92000 0.23000
v 0.40300 1.67000 0.24000
v 0.46900 2.25000 0.20000
v 0.46000 2.28000 0.39000
v 0.53900 1.97000 0.00000
v 0.36300 1.74000 -0.06000
v 0.54800 1.98000 -0.10000
v 0.37200 1.76000 -0.14000
v 0.43300 2.28000 -0.06000
v 0.42400 2.27000 0.07000
v 0.41300 2.15000 -0.21000
v 0.27800 1.98000 -0.27000
v 0.42000 2.16000 -0.32000
v 0.28500 1.99000 -0.35000
v 0.33200 2.39000 -0.29000
v 0.32500 2.38000 -0.15000
v 0.02900 2.70000 0.08000
v 0.06600 2.66000 -0.03000
v 0.02900 2.71000 -0.01000
v 0.06600 2.64000 0.10000
v 0.07200 2.65000 0.16000
v 0.04300 2.72000 0.29000
v 0.07200 2.66000 0.31000
v 0.04300 2.71000 0.17000
v 0.06000 2.66000 -0.10000
v 0.06000 2.69000 -0.21000
v 0.03600 2.73000 -0.17000
v 0.03600 2.71000 -0.10000
v 0.11100 2.56000 0.10000
v 0.11100 2.37000 0.42000
v 0.11100 2.34000 0.12000
v 0.11100 2.59000 0.41000
v 0.10200 2.59000 -0.11000
v 0.10200 2.35000 0.15000
v 0.10200 2.38000 -0.13000
v 0.10200 2.55000 0.17000
v 0.09400 2.57000 -0.04000
v 0.09400 2.47000 -0.35000
v 0.09400 2.65000 -0.29000
v 0.09400 2.39000 -0.10000
v 0.07200 2.51000 0.17000
v 0.07200 2.52000 0.32000
v 0.06600 2.52000 -0.05000
v 0.06600 2.51000 0.08000
v 0.06000 2.54000 -0.13000
v 0.06000 2.58000 -0.25000
v -0.22800 2.36000 -0.16000
v -0.34500 2.16000 -0.21000
v -0.23500 2.37000 -0.30000
v -0.35200 2.17000 -0.32000
v -0.23900 2.02000 -0.27000
v -0.24600 2.03000 -0.35000
v -0.29700 2.24000 0.06000
v -0.45000 1.98000 0.00000
v -0.30600 2.25000 -0.07000
v -0.45900 2.00000 -0.10000
v -0.31200 1.80000 -0.06000
v -0.32200 1.82000 -0.14000
v -0.07600 1.85000 -0.35000
v -0.49800 1.94000 0.22000
v -0.33200 2.21000 0.19000
v -0.48800 1.95000 0.38000
v -0.32200 2.24000 0.38000
v -0.33800 1.75000 0.35000
v -0.34800 1.74000 0.23000
v -0.09900 1.58000 -0.15000
v -0.10700 1.48000 0.29000
v -0.03600 2.73000 -0.17000
v -0.06000 2.69000 -0.21000
v -0.02900 2.71000 -0.01000
v -0.02900 2.70000 0.08000
v -0.04300 2.71000 0.17000
v -0.04300 2.72000 0.29000
v -0.03600 2.71000 -0.10000
v -0.10200 2.59000 -0.11000
v -0.10200 2.55000 0.17000
v -0.11100 2.59000 0.41000
v -0.11100 2.56000 0.10000
v -0.09400 2.57000 -0.04000
v -0.09400 2.65000 -0.29000
v 0.00000 2.58000 -0.29000
v -0.32500 2.38000 -0.15000
v 0.00000 2.56000 -0.15000
v -0.33200 2.39000 -0.29000
v 0.00000 2.52000 -0.05000
v -0.42400 2.27000 0.07000
v 0.00000 2.51000 0.08000
v -0.43300 2.28000 -0.06000
v -0.46900 2.25000 0.20000
v 0.00000 2.53000 0.33000
v 0.00000 2.50000 0.14000
v -0.46000 2.28000 0.39000
v -0.11100 2.37000 0.42000
v -0.07200 2.66000 0.31000
v 0.00000 2.38000 0.35000
v 0.32200 2.24000 0.38000
v 0.48800 1.95000 0.38000
v 0.33800 1.75000 0.35000
v -0.07200 2.52000 0.32000
v -0.58400 1.94000 0.39000
v -0.39300 1.68000 0.36000
v 0.10700 1.48000 0.29000
v -0.06600 2.64000 0.10000
v -0.10200 2.35000 0.15000
v -0.06600 2.51000 0.08000
v 0.00000 2.38000 0.06000
v 0.29700 2.24000 0.06000
v 0.45000 1.98000 0.00000
v 0.31200 1.80000 -0.06000
v -0.53900 1.97000 0.00000
v -0.36300 1.74000 -0.06000
v 0.09900 1.58000 -0.15000
v -0.06000 2.66000 -0.10000
v -0.09400 2.39000 -0.10000
v 0.00000 2.46000 -0.16000
v 0.22800 2.36000 -0.16000
v 0.34500 2.16000 -0.21000
v 0.23900 2.02000 -0.27000
v -0.06000 2.54000 -0.13000
v -0.41300 2.15000 -0.21000
v -0.27800 1.98000 -0.27000
v 0.07600 1.85000 -0.35000
v -0.59400 1.92000 0.23000
v -0.40300 1.67000 0.24000
v -0.54800 1.98000 -0.10000
v -0.37200 1.76000 -0.14000
v -0.42000 2.16000 -0.32000
v -0.28500 1.99000 -0.35000
v -0.06600 2.66000 -0.03000
v -0.07200 2.65000 0.16000
v -0.11100 2.34000 0.12000
v -0.10200 2.38000 -0.13000
v -0.09400 2.47000 -0.35000
v -0.07200 2.51000 0.17000
v -0.06600 2.52000 -0.05000
v -0.06000 2.58000 -0.25000
v 0.35200 2.17000 -0.32000
v 0.24600 2.03000 -0.35000
v 0.23500 2.37000 -0.30000
v 0.45900 2.00000 -0.10000
v 0.32200 1.82000 -0.14000
v 0.30600 2.25000 -0.07000
v 0.49800 1.94000 0.22000
v 0.34800 1.74000 0.23000
v 0.33200 2.21000 0.19000
v 0.00000 2.36000 0.16000
v 0.00000 2.39000 -0.07000
v 0.00000 2.48000 -0.30000
v 0.64600 2.20000 0.05000
v 0.64600 2.20000 0.17000
v 0.63000 2.14000 0.05000
v 0.63000 2.14000 0.17000
v 0.54400 2.30000 0.05000
v 0.54400 2.30000 0.17000
v 0.06800 2.53000 0.05000
v 0.06800 2.53000 0.17000
v 0.52300 2.23000 0.17000
v 0.55900 2.14000 0.17000
v 0.48200 2.20000 0.17000
v 0.06900 2.44000 0.17000
v 0.05100 2.48000 0.17000
v 0.05100 2.48000 0.05000
v 0.06900 2.44000 0.05000
v 0.55900 2.14000 0.05000
v 0.48200 2.20000 0.05000
v 0.52300 2.23000 0.05000
v -0.06800 2.53000 0.05000
v -0.05100 2.48000 0.17000
v -0.05100 2.48000 0.05000
v -0.06800 2.53000 0.17000
v -0.06900 2.44000 0.17000
v -0.06900 2.44000 0.05000
v -0.64600 2.20000 0.05000
v -0.54400 2.30000 0.17000
v -0.54400 2.30000 0.05000
v -0.64600 2.20000 0.17000
v -0.52300 2.23000 0.17000
v -0.63000 2.14000 0.17000
v -0.55900 2.14000 0.17000
v -0.48200 2.20000 0.17000
v -0.63000 2.14000 0.05000
v -0.55900 2.14000 0.05000
v -0.48200 2.20000 0.05000
v -0.52300 2.23000 0.05000
v 0.93300 0.02000 0.78000
v 0.94700 0.10000 0.64000
v 0.93600 0.15000 0.72000
v 0.97600 0.00000 0.59000
v 0.74100 0.08000 1.12000
v 0.74000 0.30000 1.13000
v 0.55800 0.30000 1.07000
v 0.49700 0.08000 1.12000
v 0.55500 0.08000 1.06000
v 0.49900 0.30000 1.13000
v 0.66300 0.09000 0.56000
v 0.68100 0.02000 0.71000
v 0.66600 0.00000 0.51000
v 0.67700 0.14000 0.65000
v 0.64900 0.08000 1.05000
v 0.65000 0.30000 1.07000
v 0.36100 0.09000 0.60000
v 0.41500 0.02000 0.73000
v 0.33300 0.00000 0.55000
v 0.40300 0.14000 0.67000
v 0.31700 0.10000 0.63000
v 0.34600 0.15000 0.73000
v 0.82300 0.14000 0.67000
v 0.86100 0.09000 0.60000
v 0.67900 0.30000 1.08000
v 0.55700 0.14000 0.65000
v 0.57100 0.09000 0.56000
v 0.58500 0.30000 1.07000
v 0.58600 0.08000 1.05000
v 0.68200 0.08000 1.06000
v 0.35000 0.02000 0.79000
v 0.28300 0.00000 0.58000
v 0.55300 0.02000 0.71000
v 0.56800 0.00000 0.51000
v 0.81200 0.02000 0.73000
v 0.88400 0.00000 0.55000
v 0.70200 1.38000 0.63000
v 0.70200 1.58000 0.64000
v 0.70200 1.44000 0.72000
v 0.70200 1.26000 0.70000
v 0.70200 1.38000 0.78000
v 0.70200 1.25000 0.77000
v 0.70200 1.61000 0.77000
v 0.70200 1.53000 0.79000
v 0.70200 1.70000 0.71000
v 0.68500 1.50000 0.76000
v 0.68500 1.19000 1.11000
v 0.68500 1.17000 1.07000
v 0.68500 1.51000 0.70000
v 0.68500 1.44000 0.71000
v 0.68500 1.13000 1.02000
v 0.68500 0.68000 1.31000
v 0.68500 0.70000 1.31000
v 0.68500 0.75000 1.31000
v 0.68500 1.44000 0.79000
v 0.68500 1.07000 0.98000
v 0.68500 1.05000 0.94000
v 0.68500 1.47000 0.66000
v 0.68500 1.29000 0.70000
v 0.68500 1.01000 0.89000
v 0.68500 0.61000 1.23000
v 0.68500 0.71000 1.12000
v 0.68500 0.61000 1.34000
v 0.53300 1.51000 0.70000
v 0.53100 1.50000 0.76000
v 0.53300 1.47000 0.66000
v 0.53100 1.44000 0.79000
v 0.53100 1.19000 1.11000
v 0.53100 0.70000 1.31000
v 0.53100 0.68000 1.31000
v 0.53100 0.75000 1.31000
v 0.51300 1.70000 0.71000
v 0.51300 1.61000 0.77000
v 0.53100 1.07000 0.98000
v 0.53100 0.61000 1.34000
v 0.51300 1.53000 0.79000
v 0.51300 1.38000 0.78000
v 0.51300 1.25000 0.77000
v 0.51300 1.44000 0.72000
v 0.51600 1.26000 0.70000
v 0.51300 1.58000 0.64000
v 0.51300 1.38000 0.63000
v 0.53100 1.44000 0.71000
v 0.53100 1.17000 1.07000
v 0.53100 1.13000 1.02000
v 0.53100 1.05000 0.94000
v 0.53100 0.61000 1.23000
v 0.53100 0.71000 1.12000
v 0.53100 1.01000 0.89000
v 0.53100 1.29000 0.70000
v 1.35500 2.26000 -0.36000
v 1.29000 2.37000 -0.36000
v 1.36200 2.26000 -0.26000
v 1.29600 2.37000 -0.26000
v 1.16100 2.34000 -0.37000
v 0.77300 2.26000 -0.14000
v 0.93200 2.29000 -0.12000
v 0.98700 2.30000 -0.03000
v 0.58100 2.22000 0.18000
v 0.68900 2.24000 0.15000
v 0.48800 2.20000 0.17000
v 0.64800 2.11000 0.18000
v 0.55400 2.09000 0.17000
v 0.75600 2.13000 0.15000
v 1.05400 2.20000 -0.03000
v 0.99800 2.18000 -0.12000
v 1.22700 2.23000 -0.37000
v 0.83900 2.15000 -0.14000
v 2.21700 2.55000 0.22000
v 2.27300 2.47000 0.19000
v 2.22300 2.55000 0.19000
v 2.26700 2.47000 0.22000
v 1.10600 2.31000 -0.24000
v 1.68000 2.44000 -0.02000
v 1.61500 2.42000 -0.15000
v 1.14500 2.32000 -0.30000
v 1.27900 2.35000 -0.34000
v 1.69800 2.44000 -0.23000
v 2.12900 2.53000 0.10000
v 1.15600 2.23000 -0.24000
v 1.73000 2.35000 -0.02000
v 1.19500 2.24000 -0.30000
v 1.66400 2.34000 -0.15000
v 1.32900 2.27000 -0.34000
v 1.74800 2.36000 -0.23000
v 2.17900 2.45000 0.10000
v -0.77300 2.26000 -0.14000
v -1.16100 2.34000 -0.37000
v -0.93200 2.29000 -0.12000
v -1.29000 2.37000 -0.36000
v -1.29600 2.37000 -0.26000
v -0.98700 2.30000 -0.03000
v -0.68900 2.24000 0.15000
v -0.58100 2.22000 0.18000
v -0.48800 2.20000 0.17000
v -0.64800 2.11000 0.18000
v -0.55400 2.09000 0.17000
v -0.75600 2.13000 0.15000
v -1.36200 2.26000 -0.26000
v -1.05400 2.20000 -0.03000
v -1.35500 2.26000 -0.36000
v -0.99800 2.18000 -0.12000
v -1.22700 2.23000 -0.37000
v -0.83900 2.15000 -0.14000
v -1.19500 2.24000 -0.30000
v -1.14500 2.32000 -0.30000
v -1.10600 2.31000 -0.24000
v -1.15600 2.23000 -0.24000
v -1.68000 2.44000 -0.02000
v -1.61500 2.42000 -0.15000
v -1.27900 2.35000 -0.34000
v -1.69800 2.44000 -0.23000
v -2.22300 2.55000 0.19000
v -2.12900 2.53000 0.10000
v -2.21700 2.55000 0.22000
v -1.73000 2.35000 -0.02000
v -2.26700 2.47000 0.22000
v -2.27300 2.47000 0.19000
v -1.66400 2.34000 -0.15000
v -1.32900 2.27000 -0.34000
v -1.74800 2.36000 -0.23000
v -2.17900 2.45000 0.10000
v -0.51300 1.38000 0.78000
v -0.51600 1.26000 0.70000
v -0.51300 1.44000 0.72000
v -0.51300 1.25000 0.77000
v -0.51300 1.61000 0.77000
v -0.51300 1.58000 0.64000
v -0.51300 1.70000 0.71000
v -0.51300 1.53000 0.79000
v -0.51300 1.38000 0.63000
v -0.53100 1.17000 1.07000
v -0.53100 1.44000 0.71000
v -0.53300 1.51000 0.70000
v -0.53100 1.05000 0.94000
v -0.53100 1.44000 0.79000
v -0.53100 1.07000 0.98000
v -0.53300 1.47000 0.66000
v -0.53100 1.29000 0.70000
v -0.53100 1.01000 0.89000
v -0.53100 0.61000 1.23000
v -0.53100 0.61000 1.34000
v -0.53100 0.71000 1.12000
v -0.53100 1.13000 1.02000
v -0.53100 0.70000 1.31000
v -0.53100 0.75000 1.31000
v -0.53100 1.19000 1.11000
v -0.53100 0.68000 1.31000
v -0.53100 1.50000 0.76000
v -0.68500 1.51000 0.70000
v -0.68500 1.50000 0.76000
v -0.68500 1.47000 0.66000
v -0.68500 1.44000 0.79000
v -0.68500 1.19000 1.11000
v -0.68500 0.68000 1.31000
v -0.68500 0.70000 1.31000
v -0.68500 0.75000 1.31000
v -0.70200 1.61000 0.77000
v -0.70200 1.70000 0.71000
v -0.68500 1.07000 0.98000
v -0.68500 0.61000 1.34000
v -0.70200 1.53000 0.79000
v -0.70200 1.38000 0.78000
v -0.70200 1.25000 0.77000
v -0.70200 1.58000 0.64000
v -0.70200 1.38000 0.63000
v -0.70200 1.44000 0.72000
v -0.70200 1.26000 0.70000
v -0.68500 1.05000 0.94000
v -0.68500 1.29000 0.70000
v -0.68500 1.01000 0.89000
v -0.68500 0.61000 1.23000
v -0.68500 0.71000 1.12000
v -0.68500 1.17000 1.07000
v -0.68500 1.44000 0.71000
v -0.68500 1.13000 1.02000
v -0.35000 0.02000 0.79000
v -0.31800 0.10000 0.64000
v -0.34600 0.15000 0.73000
v -0.28400 0.00000 0.59000
v -0.49700 0.08000 1.12000
v -0.49900 0.30000 1.13000
v -0.55300 0.02000 0.71000
v -0.57100 0.09000 0.56000
v -0.55700 0.14000 0.65000
v -0.56800 0.00000 0.51000
v -0.58600 0.08000 1.05000
v -0.58500 0.30000 1.07000
v -0.81200 0.02000 0.73000
v -0.86100 0.09000 0.60000
v -0.82300 0.14000 0.67000
v -0.68200 0.08000 1.06000
v -0.67900 0.30000 1.08000
v -0.88400 0.00000 0.55000
v -0.40400 0.14000 0.67000
v -0.36200 0.09000 0.60000
v -0.55800 0.30000 1.07000
v -0.94700 0.10000 0.64000
v -0.93600 0.15000 0.72000
v -0.74000 0.30000 1.13000
v -0.66300 0.09000 0.56000
v -0.67700 0.14000 0.65000
v -0.65000 0.30000 1.07000
v -0.64900 0.08000 1.05000
v -0.74100 0.08000 1.12000
v -0.97600 0.00000 0.59000
v -0.93300 0.02000 0.78000
v -0.55500 0.08000 1.06000
v -0.66600 0.00000 0.51000
v -0.68100 0.02000 0.71000
v -0.33300 0.00000 0.55000
v -0.41600 0.02000 0.73000
v 0.14100 2.99000 -0.88000
v 0.18000 3.07000 -0.86000
v 0.18000 3.02000 -0.83000
v 0.14100 3.05000 -0.90000
v 0.16300 3.19000 -0.90000
v 0.12800 3.21000 -0.96000
v 0.16300 3.23000 -0.93000
v 0.12800 3.16000 -0.93000
v 0.15400 3.32000 -0.98000
v 0.12100 3.33000 -1.04000
v 0.15400 3.35000 -1.01000
v 0.12100 3.29000 -1.00000
v 0.20600 3.16000 -0.67000
v 0.20600 3.25000 -0.72000
v 0.18600 3.41000 -0.82000
v 0.18600 3.34000 -0.77000
v 0.17600 3.54000 -0.93000
v 0.17600 3.47000 -0.87000
v 0.03100 3.33000 -0.52000
v 0.03100 3.28000 -0.49000
v 0.05100 3.25000 -0.52000
v 0.05100 3.33000 -0.57000
v 0.02800 3.51000 -0.65000
v 0.02800 3.47000 -0.62000
v 0.04600 3.43000 -0.64000
v 0.04600 3.51000 -0.69000
v 0.02600 3.65000 -0.79000
v 0.02600 3.61000 -0.75000
v 0.04300 3.58000 -0.77000
v 0.04300 3.64000 -0.83000
v 0.07900 3.16000 -0.54000
v 0.07900 3.08000 -0.68000
v 0.07900 3.35000 -0.64000
v 0.07900 3.28000 -0.78000
v 0.07100 3.51000 -0.76000
v 0.07100 3.35000 -0.65000
v 0.07100 3.27000 -0.76000
v 0.07100 3.43000 -0.88000
v 0.06700 3.50000 -0.76000
v 0.06700 3.54000 -0.99000
v 0.06700 3.64000 -0.89000
v 0.06700 3.41000 -0.86000
v 0.05100 3.20000 -0.61000
v 0.05100 3.29000 -0.65000
v 0.04600 3.38000 -0.72000
v 0.04600 3.45000 -0.77000
v 0.04300 3.58000 -0.89000
v 0.04300 3.52000 -0.83000
v -0.12000 3.43000 -0.92000
v -0.12100 3.33000 -1.04000
v -0.12000 3.49000 -0.98000
v -0.12100 3.29000 -1.00000
v -0.12700 3.30000 -0.82000
v -0.12800 3.21000 -0.96000
v -0.12700 3.37000 -0.88000
v -0.12800 3.16000 -0.93000
v -0.14100 3.13000 -0.74000
v -0.14100 3.05000 -0.90000
v -0.14100 3.22000 -0.79000
v -0.14100 2.99000 -0.88000
v -0.04300 3.64000 -0.83000
v -0.02600 3.65000 -0.79000
v -0.06700 3.64000 -0.89000
v -0.06700 3.54000 -0.99000
v -0.04300 3.58000 -0.89000
v 0.00000 3.58000 -0.89000
v 0.00000 3.52000 -0.95000
v -0.17600 3.54000 -0.93000
v 0.12000 3.49000 -0.98000
v -0.04600 3.51000 -0.69000
v -0.02800 3.51000 -0.65000
v -0.07100 3.43000 -0.88000
v -0.07100 3.51000 -0.76000
v 0.00000 3.45000 -0.77000
v 0.00000 3.40000 -0.84000
v -0.18600 3.41000 -0.82000
v 0.12700 3.37000 -0.88000
v -0.04600 3.45000 -0.77000
v -0.05100 3.33000 -0.57000
v -0.03100 3.33000 -0.52000
v -0.07900 3.35000 -0.64000
v -0.07900 3.28000 -0.78000
v 0.00000 3.29000 -0.66000
v 0.00000 3.24000 -0.75000
v -0.20600 3.25000 -0.72000
v 0.14100 3.22000 -0.79000
v -0.05100 3.29000 -0.65000
v -0.05100 3.25000 -0.52000
v -0.03100 3.28000 -0.49000
v -0.02600 3.61000 -0.75000
v -0.02800 3.47000 -0.62000
v -0.07900 3.16000 -0.54000
v -0.06700 3.50000 -0.76000
v -0.07100 3.35000 -0.65000
v -0.04600 3.43000 -0.64000
v 0.00000 3.20000 -0.61000
v -0.20600 3.16000 -0.67000
v 0.00000 3.52000 -0.83000
v -0.17600 3.47000 -0.87000
v 0.00000 3.38000 -0.72000
v -0.18600 3.34000 -0.77000
v -0.16300 3.19000 -0.90000
v 0.12700 3.30000 -0.82000
v -0.04300 3.58000 -0.77000
v -0.15400 3.32000 -0.98000
v 0.12000 3.43000 -0.92000
v -0.18000 3.02000 -0.83000
v -0.18000 3.07000 -0.86000
v -0.16300 3.23000 -0.93000
v -0.15400 3.35000 -1.01000
v -0.07900 3.08000 -0.68000
v -0.07100 3.27000 -0.76000
v -0.06700 3.41000 -0.86000
v -0.05100 3.20000 -0.61000
v -0.04600 3.38000 -0.72000
v -0.04300 3.52000 -0.83000
v 0.14100 3.13000 -0.74000
v 0.00000 3.15000 -0.70000
v 0.00000 3.32000 -0.79000
v 0.00000 3.46000 -0.89000
v 0.58400 1.96000 0.65000
v 0.39300 1.70000 0.62000
v 0.59400 1.94000 0.50000
v 0.40300 1.69000 0.51000
v 0.46900 2.27000 0.46000
v 0.46000 2.30000 0.65000
v 0.55800 2.04000 0.96000
v 0.37600 1.79000 0.93000
v 0.56800 2.02000 0.81000
v 0.38500 1.78000 0.82000
v 0.44900 2.34000 0.77000
v 0.44000 2.36000 0.96000
v 0.52800 2.26000 1.12000
v 0.49400 2.21000 1.03000
v 0.52200 2.27000 1.04000
v 0.50000 2.19000 1.10000
v 0.04700 2.74000 0.43000
v 0.07800 2.70000 0.57000
v 0.07800 2.69000 0.41000
v 0.04700 2.76000 0.54000
v 0.04400 2.58000 1.31000
v 0.04400 2.61000 1.23000
v 0.02600 2.62000 1.25000
v 0.02600 2.61000 1.31000
v 0.05700 2.67000 1.15000
v 0.05700 2.70000 1.04000
v 0.03500 2.73000 1.06000
v 0.03500 2.71000 1.14000
v 0.06900 2.72000 0.73000
v 0.04200 2.79000 0.84000
v 0.06900 2.74000 0.87000
v 0.04200 2.78000 0.74000
v 0.15600 2.27000 1.19000
v 0.17800 2.47000 1.18000
v 0.17800 2.44000 1.26000
v 0.15600 2.25000 1.24000
v 0.12100 2.37000 0.36000
v 0.12100 2.65000 0.67000
v 0.12100 2.41000 0.70000
v 0.12100 2.62000 0.34000
v 0.12300 2.21000 1.23000
v 0.12300 2.23000 1.18000
v 0.10700 2.42000 0.69000
v 0.10700 2.66000 0.96000
v 0.10700 2.45000 0.98000
v 0.10700 2.64000 0.67000
v 0.08900 2.42000 1.16000
v 0.08900 2.65000 0.96000
v 0.08900 2.59000 1.20000
v 0.08900 2.48000 0.92000
v 0.07800 2.57000 0.58000
v 0.07800 2.56000 0.42000
v 0.06900 2.59000 0.74000
v 0.06900 2.60000 0.88000
v 0.06800 2.39000 1.30000
v 0.06800 2.58000 1.17000
v 0.06800 2.52000 1.35000
v 0.06800 2.45000 1.13000
v 0.05700 2.59000 1.01000
v 0.05700 2.56000 1.12000
v 0.04400 2.50000 1.28000
v 0.04400 2.53000 1.20000
v -0.12200 2.38000 1.24000
v -0.12300 2.23000 1.18000
v -0.12200 2.41000 1.16000
v -0.12300 2.21000 1.23000
v -0.49800 1.96000 0.49000
v -0.33200 2.23000 0.45000
v -0.48800 1.97000 0.64000
v -0.32200 2.26000 0.65000
v -0.33800 1.77000 0.61000
v -0.34800 1.76000 0.49000
v -0.47600 2.04000 0.80000
v -0.31800 2.30000 0.76000
v -0.46600 2.05000 0.95000
v -0.30800 2.33000 0.95000
v -0.32400 1.86000 0.92000
v -0.33300 1.85000 0.81000
v -0.10300 1.60000 0.86000
v -0.10700 1.50000 0.55000
v -0.04700 2.74000 0.43000
v -0.04700 2.76000 0.54000
v -0.04200 2.78000 0.74000
v -0.04200 2.79000 0.84000
v -0.03500 2.73000 1.06000
v -0.03500 2.71000 1.14000
v -0.02600 2.61000 1.31000
v -0.02600 2.62000 1.25000
v -0.12100 2.62000 0.34000
v -0.12100 2.65000 0.67000
v -0.08900 2.65000 0.96000
v -0.08900 2.59000 1.20000
v -0.06800 2.58000 1.17000
v -0.06800 2.52000 1.35000
v -0.10700 2.64000 0.67000
v -0.10700 2.66000 0.96000
v -0.52200 2.27000 1.04000
v -0.23200 2.49000 1.10000
v -0.23200 2.51000 0.99000
v -0.52800 2.26000 1.12000
v 0.23200 2.51000 0.99000
v 0.23200 2.49000 1.10000
v 0.00000 2.53000 1.20000
v -0.17800 2.44000 1.26000
v 0.00000 2.50000 1.28000
v -0.17800 2.47000 1.18000
v 0.00000 2.59000 1.01000
v 0.00000 2.56000 1.12000
v -0.44900 2.34000 0.77000
v 0.00000 2.60000 0.90000
v 0.00000 2.58000 0.72000
v -0.44000 2.36000 0.96000
v -0.46900 2.27000 0.46000
v 0.00000 2.55000 0.60000
v 0.00000 2.52000 0.40000
v -0.46000 2.30000 0.65000
v -0.04400 2.61000 1.23000
v -0.04400 2.58000 1.31000
v -0.06800 2.39000 1.30000
v -0.04400 2.50000 1.28000
v 0.00000 2.41000 1.25000
v 0.12200 2.38000 1.24000
v -0.15600 2.25000 1.24000
v -0.05700 2.67000 1.15000
v -0.08900 2.42000 1.16000
v -0.16000 2.40000 1.08000
v 0.00000 2.45000 1.09000
v 0.16000 2.40000 1.08000
v -0.05700 2.56000 1.12000
v -0.50000 2.19000 1.10000
v -0.06900 2.74000 0.87000
v -0.10700 2.45000 0.98000
v 0.00000 2.46000 0.92000
v 0.30800 2.33000 0.95000
v 0.46600 2.05000 0.95000
v 0.32400 1.86000 0.92000
v -0.06900 2.60000 0.88000
v -0.55800 2.04000 0.96000
v -0.37600 1.79000 0.93000
v 0.10300 1.60000 0.86000
v -0.07800 2.70000 0.57000
v -0.12100 2.41000 0.70000
v 0.00000 2.41000 0.62000
v 0.32200 2.26000 0.65000
v 0.48800 1.97000 0.64000
v 0.33800 1.77000 0.61000
v -0.07800 2.57000 0.58000
v -0.58400 1.96000 0.65000
v -0.39300 1.70000 0.62000
v 0.10700 1.50000 0.55000
v -0.59400 1.94000 0.50000
v -0.40300 1.69000 0.51000
v -0.56800 2.02000 0.81000
v -0.38500 1.78000 0.82000
v -0.49400 2.21000 1.03000
v -0.07800 2.69000 0.41000
v -0.05700 2.70000 1.04000
v -0.06900 2.72000 0.73000
v -0.15600 2.27000 1.19000
v -0.12100 2.37000 0.36000
v -0.10700 2.42000 0.69000
v -0.08900 2.48000 0.92000
v -0.07800 2.56000 0.42000
v -0.06900 2.59000 0.74000
v -0.06800 2.45000 1.13000
v -0.05700 2.59000 1.01000
v -0.04400 2.53000 1.20000
v 0.12200 2.41000 1.16000
v 0.49800 1.96000 0.49000
v 0.34800 1.76000 0.49000
v 0.33200 2.23000 0.45000
v 0.47600 2.04000 0.80000
v 0.33300 1.85000 0.81000
v 0.31800 2.30000 0.76000
v 0.00000 2.38000 0.42000
v 0.00000 2.44000 0.73000
v -0.16000 2.43000 0.97000
v 0.00000 2.48000 0.98000
v 0.16000 2.43000 0.97000
v 0.00000 2.44000 1.17000
v 0.15500 2.36000 -0.53000
v 0.19800 2.44000 -0.54000
v 0.19800 2.39000 -0.49000
v 0.15500 2.41000 -0.58000
v 0.19100 2.90000 -0.81000
v 0.15000 2.82000 -0.83000
v 0.15000 2.88000 -0.86000
v 0.19100 2.84000 -0.79000
v 0.19800 2.59000 -0.66000
v 0.15500 2.62000 -0.74000
v 0.19800 2.65000 -0.69000
v 0.15500 2.56000 -0.70000
v 0.22600 2.68000 -0.44000
v 0.22600 2.60000 -0.37000
v 0.22600 2.76000 -0.49000
v 0.22600 2.86000 -0.54000
v 0.21800 2.97000 -0.59000
v 0.21800 3.07000 -0.63000
v 0.03300 2.96000 -0.33000
v 0.03300 2.90000 -0.30000
v 0.05500 2.86000 -0.32000
v 0.05500 2.95000 -0.38000
v 0.05400 3.03000 -0.42000
v 0.05400 3.13000 -0.46000
v 0.03200 3.13000 -0.41000
v 0.03200 3.07000 -0.39000
v 0.03300 2.79000 -0.20000
v 0.05500 2.81000 -0.31000
v 0.03300 2.84000 -0.25000
v 0.05500 2.73000 -0.23000
v 0.08600 2.76000 -0.34000
v 0.08600 2.67000 -0.49000
v 0.08600 2.97000 -0.46000
v 0.08600 2.88000 -0.61000
v 0.08600 2.63000 -0.23000
v 0.08600 2.68000 -0.52000
v 0.08600 2.80000 -0.39000
v 0.08600 2.51000 -0.35000
v 0.08300 2.89000 -0.61000
v 0.08300 3.10000 -0.69000
v 0.08300 3.16000 -0.54000
v 0.08300 2.94000 -0.46000
v 0.05500 2.90000 -0.48000
v 0.05500 2.80000 -0.42000
v 0.05500 2.73000 -0.39000
v 0.05500 2.65000 -0.31000
v 0.05400 3.10000 -0.56000
v 0.05400 2.99000 -0.52000
v -0.15000 2.88000 -0.86000
v -0.15000 2.94000 -0.67000
v -0.15000 2.82000 -0.83000
v -0.15000 3.04000 -0.71000
v -0.15500 2.72000 -0.56000
v -0.15500 2.62000 -0.74000
v -0.15500 2.81000 -0.62000
v -0.15500 2.56000 -0.70000
v -0.15500 2.54000 -0.43000
v -0.15500 2.41000 -0.58000
v -0.15500 2.62000 -0.50000
v -0.15500 2.36000 -0.53000
v -0.08300 3.10000 -0.69000
v -0.08300 3.16000 -0.54000
v -0.05400 3.13000 -0.46000
v -0.03200 3.13000 -0.41000
v -0.05400 3.10000 -0.56000
v 0.00000 3.09000 -0.56000
v 0.00000 3.06000 -0.66000
v -0.21800 3.07000 -0.63000
v 0.15000 3.04000 -0.71000
v -0.05500 2.95000 -0.38000
v -0.03300 2.96000 -0.33000
v -0.08600 2.88000 -0.61000
v -0.08600 2.97000 -0.46000
v 0.00000 2.89000 -0.48000
v 0.00000 2.84000 -0.57000
v -0.22600 2.86000 -0.54000
v 0.15500 2.81000 -0.62000
v -0.05500 2.90000 -0.48000
v -0.08600 2.68000 -0.52000
v -0.08600 2.80000 -0.39000
v -0.05500 2.81000 -0.31000
v -0.03300 2.84000 -0.25000
v -0.05500 2.73000 -0.39000
v 0.00000 2.73000 -0.39000
v 0.00000 2.65000 -0.47000
v -0.22600 2.68000 -0.44000
v 0.15500 2.62000 -0.50000
v -0.05500 2.73000 -0.23000
v -0.03300 2.79000 -0.20000
v -0.03300 2.90000 -0.30000
v -0.03200 3.07000 -0.39000
v -0.19800 2.39000 -0.49000
v -0.22600 2.60000 -0.37000
v 0.15500 2.54000 -0.43000
v -0.05500 2.86000 -0.32000
v -0.08600 2.76000 -0.34000
v -0.08300 2.94000 -0.46000
v -0.08600 2.63000 -0.23000
v 0.00000 2.80000 -0.42000
v -0.22600 2.76000 -0.49000
v 0.00000 2.99000 -0.53000
v -0.21800 2.97000 -0.59000
v 0.00000 2.65000 -0.31000
v -0.19800 2.59000 -0.66000
v 0.15500 2.72000 -0.56000
v -0.05400 3.03000 -0.42000
v -0.19800 2.44000 -0.54000
v -0.19100 2.90000 -0.81000
v -0.19100 2.84000 -0.79000
v -0.19800 2.65000 -0.69000
v -0.08600 2.67000 -0.49000
v -0.08600 2.51000 -0.35000
v -0.08300 2.89000 -0.61000
v -0.05500 2.80000 -0.42000
v -0.05500 2.65000 -0.31000
v -0.05400 2.99000 -0.52000
v 0.15000 2.94000 -0.67000
v 0.00000 2.57000 -0.39000
v 0.00000 2.74000 -0.52000
v 0.00000 2.96000 -0.63000
v 0.69900 2.22000 0.92000
v 0.69600 2.45000 0.94000
v 0.69800 2.31000 1.09000
v 0.69500 2.52000 1.07000
v 0.69500 2.49000 1.20000
v 0.69800 2.33000 1.21000
v 0.70100 2.08000 1.15000
v 0.70200 2.03000 1.04000
v 0.70000 2.16000 1.20000
v 0.66500 1.60000 0.69000
v 0.66500 2.09000 0.87000
v 0.66500 1.88000 0.88000
v 0.66500 1.42000 0.69000
v 0.66500 1.50000 0.79000
v 0.66500 1.82000 0.92000
v 0.66500 2.30000 1.05000
v 0.66500 2.20000 1.06000
v 0.66500 2.44000 1.05000
v 0.47100 2.49000 1.20000
v 0.47100 2.52000 1.07000
v 0.47200 2.44000 0.94000
v 0.47300 2.33000 1.21000
v 0.47600 2.16000 1.20000
v 0.47700 2.08000 1.15000
v 0.54700 2.20000 1.06000
v 0.54700 2.30000 1.05000
v 0.54700 2.44000 1.05000
v 0.54700 1.82000 0.92000
v 0.54700 1.50000 0.79000
v 0.47500 2.22000 0.92000
v 0.47400 2.31000 1.09000
v 0.47700 2.03000 1.04000
v 0.54700 1.88000 0.88000
v 0.54900 1.42000 0.69000
v 0.54700 2.09000 0.87000
v 0.54700 1.60000 0.69000
v -0.47500 2.22000 0.92000
v -0.47200 2.44000 0.94000
v -0.47400 2.31000 1.09000
v -0.47100 2.52000 1.07000
v -0.47100 2.49000 1.20000
v -0.47300 2.33000 1.21000
v -0.47600 2.16000 1.20000
v -0.47700 2.08000 1.15000
v -0.47700 2.03000 1.04000
v -0.54700 1.88000 0.88000
v -0.54700 1.50000 0.79000
v -0.54900 1.42000 0.69000
v -0.54700 1.82000 0.92000
v -0.54700 2.30000 1.05000
v -0.54700 2.09000 0.87000
v -0.54700 2.44000 1.05000
v -0.54700 2.20000 1.06000
v -0.54700 1.60000 0.69000
v -0.69500 2.52000 1.07000
v -0.69500 2.49000 1.20000
v -0.69600 2.45000 0.94000
v -0.69800 2.33000 1.21000
v -0.70000 2.16000 1.20000
v -0.70100 2.08000 1.15000
v -0.66500 2.20000 1.06000
v -0.66500 2.30000 1.05000
v -0.66500 2.44000 1.05000
v -0.66500 1.50000 0.79000
v -0.66500 1.82000 0.92000
v -0.69900 2.22000 0.92000
v -0.69800 2.31000 1.09000
v -0.70200 2.03000 1.04000
v -0.66500 2.09000 0.87000
v -0.66500 1.60000 0.69000
v -0.66500 1.88000 0.88000
v -0.66500 1.42000 0.69000
v -0.52700 0.56000 1.12000
v -0.40400 0.01000 1.04000
v -0.47300 0.01000 0.86000
v -0.48500 0.57000 1.23000
v -0.49500 0.01000 1.20000
v -0.54100 0.56000 1.33000
v -0.68900 0.56000 1.33000
v -0.74500 0.57000 1.23000
v -0.70200 0.56000 1.12000
v -0.73500 0.01000 1.20000
v -0.75600 0.01000 0.86000
v -0.82500 0.01000 1.04000
v -0.52200 0.51000 1.21000
v -0.52200 0.76000 1.25000
v -0.52500 0.81000 1.35000
v -0.52200 0.55000 1.15000
v -0.52200 0.20000 1.02000
v -0.52200 0.38000 1.25000
v -0.52200 0.11000 1.05000
v -0.52200 0.23000 1.04000
v -0.52200 0.69000 1.38000
v -0.69300 0.76000 1.25000
v -0.69300 0.81000 1.35000
v -0.69300 0.69000 1.38000
v -0.69300 0.38000 1.25000
v -0.69300 0.11000 1.05000
v -0.69300 0.51000 1.21000
v -0.69300 0.55000 1.15000
v -0.69300 0.23000 1.04000
v -0.69300 0.20000 1.02000
vt 41.97700 -0.97086
vt 41.99420 -1.00963
vt 41.99880 -0.99321
vt 41.98070 -0.95643
vt 41.99370 -0.96272
vt 42.00670 -0.98861
vt 42.02300 -1.03205
vt 42.01920 -1.04357
vt 41.98930 -0.99367
vt 42.01040 -0.98070
vt 41.98930 -0.98070
vt 42.01070 -0.99367
vt 41.98930 -0.97086
vt 42.01070 -0.97086
vt 41.98960 -0.95643
vt 42.01070 -0.95643
vt 41.98930 -1.04357
vt 42.01070 -1.00963
vt 41.98930 -1.00963
vt 42.01070 -1.04357
vt 42.01930 -0.95643
vt 42.00120 -0.99321
vt 42.02300 -0.97086
vt 42.00580 -1.00963
vt 41.97700 -1.03205
vt 41.98080 -1.04357
vt 41.99330 -0.98861
vt 42.00630 -0.96272
vt 41.98930 -1.03205
vt 42.01070 -1.03205
vt 42.01070 -0.96272
vt 41.98930 -0.96272
vt 42.01070 -0.98861
vt 41.98930 -0.98861
vt 42.01070 -1.02885
vt 41.98930 -1.02885
vt 27.99690 -16.96540
vt 28.00680 -17.03500
vt 28.02910 -17.03440
vt 27.98310 -16.96500
vt 27.98700 -17.03420
vt 27.97090 -16.96550
vt 27.99070 -16.97090
vt 28.01630 -16.98310
vt 28.00930 -16.97090
vt 27.98370 -16.98310
vt 27.98910 -16.99690
vt 28.01090 -16.99690
vt 27.98500 -17.03420
vt 28.00930 -16.96550
vt 27.99070 -16.96550
vt 28.01500 -17.03420
vt 28.00310 -16.96540
vt 27.99320 -17.03500
vt 28.01690 -16.96500
vt 27.97090 -17.03440
vt 28.01300 -17.03420
vt 28.02910 -16.96550
vt 27.97370 -17.00680
vt 28.01770 -17.02910
vt 28.02630 -17.00680
vt 27.98230 -17.02910
vt 28.01500 -16.98700
vt 27.98500 -16.98700
vt 28.01770 -17.03440
vt 27.98910 -16.96540
vt 27.98230 -17.03440
vt 28.01090 -16.96540
vt 40.05670 -21.02250
vt 40.07760 -21.00830
vt 40.03680 -21.00430
vt 40.03270 -21.02870
vt 39.95890 -20.97640
vt 39.99700 -21.00730
vt 40.00100 -20.98290
vt 39.95660 -21.00970
vt 39.92240 -20.99570
vt 39.92640 -20.97130
vt 39.99780 -20.99130
vt 39.95750 -20.98510
vt 39.93850 -20.98210
vt 39.93390 -20.97250
vt 40.03380 -21.01280
vt 40.05970 -21.01800
vt 40.07010 -21.00760
vt 40.02240 -20.95890
vt 40.02240 -21.00100
vt 40.02970 -21.00100
vt 40.02970 -20.95890
vt 40.02300 -21.03680
vt 40.02240 -20.93390
vt 40.01740 -21.03680
vt 40.02970 -20.92640
vt 40.01300 -21.07010
vt 39.97760 -20.93390
vt 40.01670 -21.07760
vt 39.97030 -20.92640
vt 39.98330 -21.07760
vt 39.97030 -20.95890
vt 39.98700 -21.07010
vt 39.97760 -20.95890
vt 39.97700 -21.03680
vt 39.97030 -21.00100
vt 39.98260 -21.03680
vt 39.97760 -21.00100
vt 40.01650 -20.95750
vt 39.98350 -20.99780
vt 40.01650 -20.99780
vt 39.98350 -20.95750
vt 40.01650 -20.93850
vt 39.98350 -20.93850
vt 39.98650 -21.03380
vt 40.01350 -21.03380
vt 39.98930 -21.05970
vt 40.01070 -21.05970
vt 39.97030 -20.99570
vt 40.02970 -20.99570
vt 40.02970 -20.97130
vt 39.97030 -20.97130
vt 40.01300 -21.00760
vt 39.98700 -21.00760
vt 39.98930 -21.01800
vt 40.01070 -21.01800
vt 39.96320 -21.00430
vt 39.94330 -21.02250
vt 39.96730 -21.02870
vt 39.92240 -21.00830
vt 40.00300 -21.00730
vt 40.04340 -21.00970
vt 40.04110 -20.97640
vt 39.99900 -20.98290
vt 40.07760 -20.99570
vt 40.07360 -20.97130
vt 40.00220 -20.99130
vt 40.04250 -20.98510
vt 40.06150 -20.98210
vt 40.06610 -20.97250
vt 39.96620 -21.01280
vt 39.94030 -21.01800
vt 39.92990 -21.00760
vt 40.01940 -21.05670
vt 39.98060 -21.05670
vt 40.02500 -21.03270
vt 39.97500 -21.03270
vt 39.97030 -20.99700
vt 40.02970 -20.99700
vt 40.02970 -20.95660
vt 39.97030 -20.95660
vt 40.02970 -20.92240
vt 39.97030 -20.92240
vt 40.02240 -20.97250
vt 39.97760 -20.97250
vt 39.98350 -20.98210
vt 40.01650 -20.98210
vt 6.08441 -10.99620
vt 6.05952 -11.00970
vt 6.07802 -11.02080
vt 6.06157 -10.98060
vt 6.09597 -11.01870
vt 6.09498 -11.04340
vt 6.05952 -11.03050
vt 6.02878 -11.00970
vt 6.02878 -11.03050
vt 5.92079 -10.94510
vt 5.97110 -10.96210
vt 5.97598 -10.94510
vt 6.00155 -10.97070
vt 5.94088 -10.98020
vt 5.90403 -10.98820
vt 5.98184 -10.98530
vt 5.92079 -11.03140
vt 5.99544 -10.99300
vt 6.00510 -10.98590
vt 5.97110 -10.99830
vt 6.00510 -11.01500
vt 5.97598 -11.03140
vt 6.00155 -11.03010
vt 6.02878 -10.98890
vt 6.01845 -11.00500
vt 6.07692 -11.03820
vt 6.00607 -10.99350
vt 6.00148 -10.99690
vt 6.01240 -11.00260
vt 6.00607 -11.00730
vt 6.08894 -11.05490
vt 5.99123 -10.99300
vt 6.00411 -11.01240
vt 5.99727 -10.99690
vt 6.00314 -11.02010
vt 6.00793 -10.98900
vt 6.02341 -11.00490
vt 6.00696 -10.98140
vt 6.01736 -11.00250
vt 6.08598 -11.04110
vt 6.08394 -11.04970
vt 6.08680 -11.02060
vt 6.07730 -11.00210
vt 6.02705 -10.99840
vt 5.97213 -10.95390
vt 5.92708 -10.95390
vt 5.91374 -10.98820
vt 5.92930 -11.02830
vt 5.99565 -10.97740
vt 6.05979 -10.99020
vt 6.03007 -10.97600
vt 6.03007 -10.92080
vt 5.96993 -10.97600
vt 5.96993 -10.92080
vt 5.97477 -11.06160
vt 6.01974 -11.08440
vt 6.02594 -11.06160
vt 5.98026 -11.08440
vt 5.97118 -11.02880
vt 6.02960 -11.02880
vt 6.03007 -11.00150
vt 5.96993 -11.00150
vt 5.97872 -10.94090
vt 5.96993 -10.97110
vt 5.97872 -10.97110
vt 5.96993 -10.94090
vt 6.03007 -10.97110
vt 6.03007 -10.94090
vt 6.02128 -10.97110
vt 6.02128 -10.94090
vt 5.96993 -11.03140
vt 6.03007 -11.03140
vt 6.03007 -10.98820
vt 5.96993 -10.98820
vt 6.03007 -10.94510
vt 5.96993 -10.94510
vt 5.97872 -10.99830
vt 5.97872 -10.98530
vt 5.96993 -10.99830
vt 5.96993 -10.98530
vt 6.02128 -10.99830
vt 6.03007 -10.99830
vt 6.03007 -10.98530
vt 6.02128 -10.98530
vt 5.97872 -10.96210
vt 5.96993 -10.96210
vt 6.03007 -10.96210
vt 6.02128 -10.96210
vt 6.02128 -10.97740
vt 5.97872 -10.95390
vt 5.97872 -10.97740
vt 6.02128 -10.95390
vt 5.98807 -11.04970
vt 6.01686 -11.05490
vt 6.01193 -11.04970
vt 5.98314 -11.05490
vt 6.01764 -11.03820
vt 6.01222 -11.03820
vt 5.98236 -11.03820
vt 5.98778 -11.03820
vt 5.98753 -11.02060
vt 6.01334 -11.00210
vt 5.98589 -11.00210
vt 6.01193 -11.02060
vt 6.01193 -11.04110
vt 5.98807 -11.04110
vt 5.92198 -11.02080
vt 5.94048 -11.00970
vt 5.91559 -10.99620
vt 5.93843 -10.98060
vt 5.90502 -11.04340
vt 5.90403 -11.01870
vt 5.94048 -11.03050
vt 5.97122 -11.03050
vt 5.97122 -11.00970
vt 5.97122 -10.98890
vt 5.92308 -11.03820
vt 5.99490 -11.01500
vt 5.98155 -11.00500
vt 5.99845 -11.03010
vt 6.07921 -10.94510
vt 6.02402 -10.94510
vt 6.02890 -10.96210
vt 6.05912 -10.98020
vt 6.09597 -10.98820
vt 6.07921 -11.03140
vt 6.02890 -10.99830
vt 6.02402 -11.03140
vt 5.99845 -10.97070
vt 6.01816 -10.98530
vt 6.00456 -10.99300
vt 5.99490 -10.98590
vt 5.99393 -10.99350
vt 5.98760 -11.00260
vt 5.99852 -10.99690
vt 5.99393 -11.00730
vt 5.91106 -11.05490
vt 5.99589 -11.01240
vt 6.00877 -10.99300
vt 6.00273 -10.99690
vt 5.99686 -11.02010
vt 5.99304 -10.98140
vt 5.97659 -11.00490
vt 5.99207 -10.98900
vt 5.98264 -11.00250
vt 5.91402 -11.04110
vt 5.91606 -11.04970
vt 5.91320 -11.02060
vt 5.92270 -11.00210
vt 5.94021 -10.99020
vt 5.97295 -10.99840
vt 6.07292 -10.95390
vt 6.02787 -10.95390
vt 6.08626 -10.98820
vt 6.07070 -11.02830
vt 6.00435 -10.97740
vt 5.98563 -11.05950
vt 5.98073 -11.02880
vt 5.97939 -11.05950
vt 5.98236 -11.07690
vt 5.98778 -11.07690
vt 5.97262 -11.02880
vt 5.97872 -11.00150
vt 5.97872 -10.97600
vt 5.97872 -10.92930
vt 6.02061 -11.05950
vt 6.01927 -11.02880
vt 6.01437 -11.05950
vt 6.01764 -11.07690
vt 6.01222 -11.07690
vt 6.02738 -11.02880
vt 6.02128 -11.00150
vt 6.02128 -10.97600
vt 6.02128 -10.92930
vt 6.01651 -11.05980
vt 5.97914 -11.02700
vt 5.98243 -11.05980
vt 6.02003 -11.02700
vt 5.97872 -10.99560
vt 6.02128 -10.99560
vt 5.98589 -11.07730
vt 6.01334 -11.07730
vt 5.97872 -10.97210
vt 6.02128 -10.97210
vt 5.97872 -10.92710
vt 6.02128 -10.92710
vt 6.01686 -11.04340
vt 5.98314 -11.04340
vt 6.01686 -11.01870
vt 5.98314 -11.01870
vt 5.98026 -10.99620
vt 6.01974 -10.99620
vt 5.96993 -10.97070
vt 6.03007 -10.97070
vt 6.02128 -10.98820
vt 5.97872 -10.98820
vt 6.02128 -11.02830
vt 5.97872 -11.02830
vt 46.06380 -57.00820
vt 45.97680 -57.03800
vt 46.06950 -57.01810
vt 45.96860 -57.02390
vt 46.06820 -57.00450
vt 45.95520 -56.98690
vt 46.06580 -57.02130
vt 45.95180 -57.01100
vt 46.05140 -57.00470
vt 45.93050 -56.98640
vt 46.04830 -57.02200
vt 45.93480 -56.96160
vt 46.05720 -57.02220
vt 45.94300 -56.98810
vt 45.93960 -57.01220
vt 46.05960 -57.00530
vt 46.05590 -57.00850
vt 45.95730 -57.02430
vt 45.96550 -57.03840
vt 46.06160 -57.01840
vt 46.00850 -57.05140
vt 46.01220 -56.93480
vt 45.99150 -57.05140
vt 45.98780 -56.93480
vt 45.95220 -56.95520
vt 45.99300 -57.06820
vt 46.00870 -57.05960
vt 45.97450 -56.94300
vt 46.00700 -57.06820
vt 46.04780 -56.95520
vt 45.99130 -57.05960
vt 46.02550 -56.94300
vt 46.00560 -57.06380
vt 46.06450 -56.96860
vt 45.99740 -57.05590
vt 46.05270 -56.95730
vt 46.00260 -57.05590
vt 45.94730 -56.95730
vt 45.93550 -56.96860
vt 45.99440 -57.06380
vt 45.98780 -56.98640
vt 46.01220 -56.98640
vt 46.01220 -56.96160
vt 45.98780 -56.96160
vt 46.02790 -57.01220
vt 46.04780 -56.98690
vt 46.02550 -56.98810
vt 46.05030 -57.01100
vt 45.97210 -57.01220
vt 45.95220 -56.98690
vt 45.94970 -57.01100
vt 45.97450 -56.98810
vt 45.95160 -57.03840
vt 45.94730 -57.02430
vt 45.93980 -57.03800
vt 45.93550 -57.02390
vt 46.06020 -57.03800
vt 46.05270 -57.02430
vt 46.04840 -57.03840
vt 46.06450 -57.02390
vt 45.93620 -57.00820
vt 46.02320 -57.03800
vt 46.03140 -57.02390
vt 45.93050 -57.01810
vt 46.04480 -56.98690
vt 45.93180 -57.00450
vt 45.93420 -57.02130
vt 46.04820 -57.01100
vt 45.94860 -57.00470
vt 46.06950 -56.98640
vt 46.06520 -56.96160
vt 45.95170 -57.02200
vt 45.94280 -57.02220
vt 46.05700 -56.98810
vt 45.94040 -57.00530
vt 46.06040 -57.01220
vt 45.93840 -57.01840
vt 46.03450 -57.03840
vt 45.94410 -57.00850
vt 46.04270 -57.02430
vt 45.93980 -56.97680
vt 46.00560 -57.06160
vt 45.95160 -56.96550
vt 45.99740 -57.06950
vt 45.99440 -57.06160
vt 46.06020 -56.97680
vt 46.04840 -56.96550
vt 46.00260 -57.06950
vt 45.99300 -57.05720
vt 46.05030 -56.95180
vt 46.02790 -56.93960
vt 46.00870 -57.06580
vt 45.94970 -56.95180
vt 46.00700 -57.05720
vt 45.97210 -56.93960
vt 45.99130 -57.06580
vt 46.00850 -57.04830
vt 46.01220 -56.93050
vt 45.99150 -57.04830
vt 45.98780 -56.93050
vt 45.99300 -57.00450
vt 46.00700 -57.02220
vt 46.00870 -57.00530
vt 45.99130 -57.02130
vt 46.00700 -57.00450
vt 45.99130 -57.00530
vt 45.99300 -57.02220
vt 46.00870 -57.02130
vt 46.00850 -57.00470
vt 45.99150 -57.00470
vt 45.99150 -57.02200
vt 46.00850 -57.02200
vt 45.99740 -57.00850
vt 46.00260 -57.01810
vt 46.00560 -57.00820
vt 45.99440 -57.01840
vt 45.99740 -57.01810
vt 46.00260 -57.00850
vt 45.99440 -57.00820
vt 46.00560 -57.01840
vt 55.95600 -17.02110
vt 55.95930 -17.05330
vt 55.97550 -17.02350
vt 55.97410 -17.05460
vt 55.97990 -16.98230
vt 55.95560 -16.97890
vt 56.00410 -17.01750
vt 56.01250 -17.04580
vt 56.01720 -17.01590
vt 56.02220 -17.04410
vt 56.01210 -16.97810
vt 55.99580 -16.97960
vt 56.03070 -16.99500
vt 56.03820 -17.01660
vt 56.04450 -16.99350
vt 56.04850 -17.01510
vt 56.04100 -16.96450
vt 56.02360 -16.96600
vt 55.99490 -16.92610
vt 56.00880 -16.93170
vt 56.00570 -16.92540
vt 55.99250 -16.93370
vt 55.98410 -16.93210
vt 55.96850 -16.92400
vt 55.96620 -16.93070
vt 55.98310 -16.92540
vt 56.01660 -16.93150
vt 56.03090 -16.92680
vt 56.02560 -16.92180
vt 56.01690 -16.92460
vt 55.99220 -16.94320
vt 55.95150 -16.96790
vt 55.99000 -16.97090
vt 55.95360 -16.94020
vt 56.01800 -16.94020
vt 55.98590 -16.96980
vt 56.02110 -16.96550
vt 55.98280 -16.94440
vt 56.00990 -16.94290
vt 56.04810 -16.95510
vt 56.04080 -16.93280
vt 56.01720 -16.96520
vt 55.98270 -16.95000
vt 55.96480 -16.94860
vt 56.01070 -16.94800
vt 55.99440 -16.95000
vt 56.02130 -16.94590
vt 56.03570 -16.94120
vt 56.02500 -16.96910
vt 56.03130 -16.99360
vt 56.04240 -16.96760
vt 56.04510 -16.99210
vt 56.03790 -17.01070
vt 56.04830 -17.00930
vt 55.99730 -16.98370
vt 56.00460 -17.01580
vt 56.01360 -16.98210
vt 56.01760 -17.01410
vt 56.01190 -17.03820
vt 56.02160 -17.03650
vt 56.04840 -17.03240
vt 55.97670 -17.02170
vt 55.98080 -16.98710
vt 55.95720 -17.01940
vt 55.95650 -16.98360
vt 55.96090 -17.04510
vt 55.97560 -17.04640
vt 56.02310 -17.06650
vt 55.96830 -17.07820
vt 56.00460 -17.02560
vt 55.99250 -17.03090
vt 56.00750 -17.03090
vt 55.99540 -17.02560
vt 56.00360 -17.00570
vt 56.00360 -16.99490
vt 55.99640 -17.00570
vt 55.99640 -16.99490
vt 56.00540 -16.98310
vt 56.00540 -16.96850
vt 55.99460 -16.98310
vt 55.99460 -16.96850
vt 56.00460 -17.01690
vt 55.99540 -17.01690
vt 56.01280 -17.01800
vt 56.01280 -16.98280
vt 55.98720 -17.01800
vt 55.98720 -16.98280
vt 56.01390 -16.95360
vt 55.98610 -16.99220
vt 56.01390 -16.99220
vt 55.98610 -16.95360
vt 56.01170 -17.00990
vt 55.98830 -17.04080
vt 56.01170 -17.04080
vt 55.98830 -17.00990
vt 56.00000 -17.04100
vt 56.04060 -17.02360
vt 56.00000 -17.02360
vt 56.04150 -17.04100
vt 55.95940 -17.02360
vt 55.95850 -17.04100
vt 56.00000 -17.01080
vt 56.05300 -16.99580
vt 56.00000 -16.99450
vt 56.05420 -17.01210
vt 55.94700 -16.99580
vt 55.94580 -17.01210
vt 56.05870 -16.97990
vt 56.00000 -16.96280
vt 56.00000 -16.98720
vt 56.05740 -16.95560
vt 55.94130 -16.97990
vt 55.94260 -16.95560
vt 55.98610 -16.96790
vt 56.01390 -16.96790
vt 56.01390 -16.94020
vt 55.98610 -16.94020
vt 56.00540 -16.92400
vt 55.99100 -16.93070
vt 56.00900 -16.93070
vt 55.99460 -16.92400
vt 56.00000 -16.94790
vt 55.95970 -16.98360
vt 56.00000 -16.96560
vt 55.94260 -16.97890
vt 56.04030 -16.98360
vt 56.05740 -16.97890
vt 56.04910 -17.05330
vt 56.06100 -17.01940
vt 56.04230 -17.04510
vt 56.07290 -17.02110
vt 55.99100 -16.94860
vt 56.00900 -16.94860
vt 55.93900 -17.01940
vt 55.92710 -17.02110
vt 55.95090 -17.05330
vt 55.95770 -17.04510
vt 55.98660 -17.07820
vt 56.01340 -17.07820
vt 56.00820 -16.93370
vt 56.00360 -16.92610
vt 55.99180 -16.93370
vt 55.99640 -16.92610
vt 55.98720 -16.96980
vt 56.01280 -16.96980
vt 56.01280 -16.94440
vt 55.98720 -16.94440
vt 55.99180 -16.95000
vt 56.00820 -16.95000
vt 56.00000 -16.95040
vt 55.96280 -16.98370
vt 56.00000 -16.96670
vt 55.94700 -16.97960
vt 56.03720 -16.98370
vt 56.05300 -16.97960
vt 56.04530 -17.04580
vt 56.05630 -17.01580
vt 56.03900 -17.03820
vt 56.06730 -17.01750
vt 55.94370 -17.01580
vt 55.93270 -17.01750
vt 55.95470 -17.04580
vt 55.96100 -17.03820
vt 55.98760 -17.06650
vt 56.01240 -17.06650
vt 56.00750 -16.93150
vt 56.00460 -16.92460
vt 55.99250 -16.93150
vt 55.99540 -16.92460
vt 55.98830 -16.96520
vt 56.01170 -16.96520
vt 56.01170 -16.94290
vt 55.98830 -16.94290
vt 56.00000 -16.94350
vt 55.97150 -16.96910
vt 56.00000 -16.95600
vt 55.95940 -16.96600
vt 56.02850 -16.96910
vt 56.04060 -16.96600
vt 56.03470 -17.01660
vt 56.04310 -16.99360
vt 56.02990 -17.01070
vt 56.05160 -16.99500
vt 55.99250 -16.94590
vt 56.00750 -16.94590
vt 55.95690 -16.99360
vt 55.94840 -16.99500
vt 55.96530 -17.01660
vt 55.97010 -17.01070
vt 55.99050 -17.03240
vt 56.00950 -17.03240
vt 56.02010 -16.98230
vt 56.04400 -17.02110
vt 56.04440 -16.97890
vt 56.02450 -17.02350
vt 56.04070 -17.05330
vt 56.02590 -17.05460
vt 55.98790 -16.97810
vt 55.99590 -17.01750
vt 56.00420 -16.97960
vt 55.98280 -17.01590
vt 55.98750 -17.04580
vt 55.97780 -17.04410
vt 55.95900 -16.96450
vt 55.96930 -16.99500
vt 55.97640 -16.96600
vt 55.95550 -16.99350
vt 55.96180 -17.01660
vt 55.95150 -17.01510
vt 56.00510 -16.92610
vt 55.99430 -16.92540
vt 55.99120 -16.93170
vt 56.00750 -16.93370
vt 56.03150 -16.92400
vt 56.01690 -16.92540
vt 56.01590 -16.93210
vt 56.03380 -16.93070
vt 55.98340 -16.93150
vt 55.97440 -16.92180
vt 55.96910 -16.92680
vt 55.98310 -16.92460
vt 56.00780 -16.94320
vt 56.04850 -16.96790
vt 56.04640 -16.94020
vt 56.01000 -16.97090
vt 55.98200 -16.94020
vt 56.01410 -16.96980
vt 56.01720 -16.94440
vt 55.97890 -16.96550
vt 55.99010 -16.94290
vt 55.95920 -16.93280
vt 55.95190 -16.95510
vt 55.98280 -16.96520
vt 56.01730 -16.95000
vt 56.03520 -16.94860
vt 55.98930 -16.94800
vt 56.00560 -16.95000
vt 55.97870 -16.94590
vt 55.96430 -16.94120
vt 55.95490 -16.99210
vt 55.96210 -17.01070
vt 55.96870 -16.99360
vt 55.95170 -17.00930
vt 55.95760 -16.96760
vt 55.97500 -16.96910
vt 55.98240 -17.01410
vt 55.98810 -17.03820
vt 55.99540 -17.01580
vt 55.97840 -17.03650
vt 55.98640 -16.98210
vt 56.00270 -16.98370
vt 55.95160 -17.03240
vt 56.02330 -17.02170
vt 56.03910 -17.04510
vt 56.04280 -17.01940
vt 56.02440 -17.04640
vt 56.01920 -16.98710
vt 56.04350 -16.98360
vt 55.97690 -17.06650
vt 56.03170 -17.07820
vt 55.95090 -16.95930
vt 55.94960 -16.97410
vt 55.98660 -16.96830
vt 56.05040 -16.97410
vt 56.04910 -16.95930
vt 56.01340 -16.96830
vt 55.95470 -17.01250
vt 55.95350 -17.02220
vt 55.98760 -17.02310
vt 56.04650 -17.02220
vt 56.04530 -17.01250
vt 56.01240 -17.02310
vt 55.96530 -17.03820
vt 55.96440 -17.04850
vt 55.99050 -17.04840
vt 56.03560 -17.04850
vt 56.03470 -17.03820
vt 56.00950 -17.04840
vt 55.98610 -16.99000
vt 56.01390 -16.99000
vt 56.01390 -16.95150
vt 55.98610 -16.95150
vt 55.95850 -16.98080
vt 56.00000 -16.96050
vt 55.95970 -16.95650
vt 56.00000 -16.98500
vt 56.04150 -16.98080
vt 56.04030 -16.95650
vt 55.98830 -17.04810
vt 56.01170 -17.04810
vt 56.01170 -17.01720
vt 55.98830 -17.01720
vt 55.98720 -17.02110
vt 56.01280 -17.02110
vt 56.01280 -16.98590
vt 55.98720 -16.98590
vt 56.00000 -16.99640
vt 55.96280 -16.99730
vt 56.00000 -17.01280
vt 55.96170 -17.01360
vt 56.03830 -17.01360
vt 56.03720 -16.99730
vt 55.97060 -17.04240
vt 56.00000 -17.04230
vt 55.97150 -17.02500
vt 56.00000 -17.02490
vt 56.02940 -17.04240
vt 56.02850 -17.02500
vt 55.99250 -17.03570
vt 56.00750 -17.03570
vt 56.00750 -17.02130
vt 55.99250 -17.02130
vt 55.99100 -16.98270
vt 56.00900 -16.98270
vt 56.00900 -16.96480
vt 55.99100 -16.96480
vt 55.99180 -17.01070
vt 56.00820 -17.01070
vt 56.00820 -16.99440
vt 55.99180 -16.99440
vt 56.01170 -16.93280
vt 55.98830 -16.93280
vt 55.98830 -16.95510
vt 56.01170 -16.95510
vt 55.96920 -17.00930
vt 55.96440 -17.01510
vt 55.95600 -16.99210
vt 55.94750 -16.99350
vt 55.95850 -16.96450
vt 55.97060 -16.96760
vt 56.00750 -16.92680
vt 55.99250 -16.92680
vt 55.99250 -16.94120
vt 56.00750 -16.94120
vt 56.04400 -16.99210
vt 56.04150 -16.96450
vt 56.02940 -16.96760
vt 56.05250 -16.99350
vt 56.03560 -17.01510
vt 56.03080 -17.00930
vt 56.00000 -16.94170
vt 56.00000 -16.95420
vt 55.99180 -16.93170
vt 56.00820 -16.93170
vt 56.00360 -16.92540
vt 55.99640 -16.92540
vt 56.01280 -16.94020
vt 55.98720 -16.94020
vt 55.98720 -16.96550
vt 56.01280 -16.96550
vt 55.95980 -17.03650
vt 55.95350 -17.04410
vt 55.94260 -17.01410
vt 55.93150 -17.01590
vt 55.94580 -16.97810
vt 55.96170 -16.98210
vt 56.05740 -17.01410
vt 56.05420 -16.97810
vt 56.03830 -16.98210
vt 56.06850 -17.01590
vt 56.04650 -17.04410
vt 56.04020 -17.03650
vt 56.00000 -16.94850
vt 56.00000 -16.96480
vt 55.99180 -16.94800
vt 56.00820 -16.94800
vt 55.99100 -16.93210
vt 56.00900 -16.93210
vt 56.00540 -16.92540
vt 55.99460 -16.92540
vt 56.01390 -16.94320
vt 55.98610 -16.94320
vt 55.98610 -16.97090
vt 56.01390 -16.97090
vt 55.95650 -17.04640
vt 55.94960 -17.05460
vt 55.93780 -17.02170
vt 55.92580 -17.02350
vt 55.94130 -16.98230
vt 55.95850 -16.98710
vt 56.06220 -17.02170
vt 56.05870 -16.98230
vt 56.04150 -16.98710
vt 56.07420 -17.02350
vt 56.05040 -17.05460
vt 56.04350 -17.04640
vt 56.00000 -16.95100
vt 56.00000 -16.96870
vt 55.99100 -16.95000
vt 56.00900 -16.95000
vt 2.00707 -11.01700
vt 1.99294 -11.01700
vt 2.00687 -11.02410
vt 1.99294 -11.02410
vt 1.96280 -11.00710
vt 1.97557 -11.00710
vt 1.97557 -10.99290
vt 1.96280 -10.99290
vt 2.03500 -11.00710
vt 2.03500 -10.99290
vt 2.03720 -11.01700
vt 2.02443 -11.00430
vt 2.02186 -11.01250
vt 2.03519 -11.02410
vt 2.02629 -11.02450
vt 2.01668 -11.01640
vt 1.96510 -10.98660
vt 1.96280 -10.98140
vt 1.96500 -10.97550
vt 1.99294 -10.98140
vt 2.00707 -10.98140
vt 1.99294 -10.97550
vt 2.00707 -10.97550
vt 1.99294 -10.98660
vt 2.00707 -10.98660
vt 2.03519 -11.00690
vt 2.02629 -10.99290
vt 2.02629 -11.00710
vt 2.03519 -10.99290
vt 1.96510 -11.00710
vt 2.01668 -11.00710
vt 2.01668 -10.99290
vt 1.96510 -10.99290
vt 1.97814 -11.01250
vt 1.97371 -11.02450
vt 1.98332 -11.01640
vt 1.96481 -11.02410
vt 1.96280 -11.01700
vt 1.97557 -11.00430
vt 2.03720 -10.98140
vt 2.03500 -10.97550
vt 2.03490 -10.98660
vt 36.00710 -54.97550
vt 35.99290 -54.98140
vt 36.00710 -54.98140
vt 35.99290 -54.97550
vt 35.99290 -54.98660
vt 36.00710 -54.98660
vt 36.03720 -55.00710
vt 36.02440 -54.99290
vt 36.02440 -55.00710
vt 36.03720 -54.99290
vt 35.96500 -55.00710
vt 35.96500 -54.99290
vt 35.97560 -55.00430
vt 35.96280 -55.01700
vt 35.97810 -55.01250
vt 35.96480 -55.02410
vt 35.97370 -55.02450
vt 35.98330 -55.01630
vt 36.03490 -54.98660
vt 36.03720 -54.98140
vt 36.03500 -54.97550
vt 35.99310 -55.02410
vt 36.00710 -55.01700
vt 35.99290 -55.01700
vt 36.00710 -55.02410
vt 35.96480 -55.00690
vt 35.97370 -54.99290
vt 35.96480 -54.99290
vt 35.97370 -55.00710
vt 36.03490 -55.00710
vt 35.98330 -54.99290
vt 35.98330 -55.00710
vt 36.03490 -54.99290
vt 36.02190 -55.01250
vt 36.02630 -55.02450
vt 36.03520 -55.02410
vt 36.03720 -55.01700
vt 36.02440 -55.00430
vt 36.01670 -55.01630
vt 35.96280 -54.98140
vt 35.96500 -54.97550
vt 35.96510 -54.98660
vt 12.00470 -5.01693
vt 12.02300 -5.00700
vt 12.01240 -5.00074
vt 12.02910 -5.01900
vt 11.96280 -5.00906
vt 11.96110 -4.98100
vt 11.96910 -4.98100
vt 11.96260 -5.00906
vt 11.97060 -5.00906
vt 11.96090 -4.98100
vt 12.03220 -5.00732
vt 12.01400 -5.01693
vt 12.03910 -5.01900
vt 12.02170 -5.00107
vt 11.97070 -5.00906
vt 11.96900 -4.98100
vt 12.02740 -5.00715
vt 12.01150 -5.01693
vt 12.03360 -5.01900
vt 12.01870 -5.00096
vt 12.03900 -5.02432
vt 12.03540 -5.01150
vt 12.02830 -5.01872
vt 12.03350 -5.02745
vt 12.01630 -4.96088
vt 12.00900 -4.96906
vt 11.96030 -5.02299
vt 11.97580 -5.01846
vt 11.96170 -5.01241
vt 11.97110 -5.02760
vt 11.99380 -4.96794
vt 11.98620 -4.96109
vt 11.99580 -5.03216
vt 12.00910 -5.02167
vt 11.99410 -5.02167
vt 12.00730 -5.03216
vt 12.00560 -4.96900
vt 11.99750 -4.96900
vt 12.00240 -5.00906
vt 11.99440 -4.98100
vt 11.99450 -5.00906
vt 12.00250 -4.98100
vt 12.00650 -5.00906
vt 12.01380 -4.98100
vt 12.00620 -4.98100
vt 12.01390 -5.00906
vt 11.97570 -5.00696
vt 11.99620 -5.01693
vt 11.98850 -5.00071
vt 11.96990 -5.01900
vt 12.03740 -5.00906
vt 12.03910 -4.98100
vt 11.96780 -5.00732
vt 11.98600 -5.01693
vt 11.97830 -5.00107
vt 11.96090 -5.01900
vt 12.02930 -5.00906
vt 12.03100 -4.98100
vt 11.98890 -5.01693
vt 11.97240 -5.00716
vt 11.96600 -5.01900
vt 11.98150 -5.00096
vt 12.03050 -5.00906
vt 12.03210 -4.98100
vt 12.00460 -5.03912
vt 11.99040 -5.01398
vt 11.99230 -5.03912
vt 12.00640 -5.01398
vt 12.04330 -5.02910
vt 12.03790 -5.00469
vt 12.02280 -5.01114
vt 12.03180 -5.03403
vt 11.95670 -5.03010
vt 11.97320 -5.01153
vt 11.96510 -5.00383
vt 11.96290 -5.03359
vt 11.99450 -4.97073
vt 12.00240 -4.97073
vt 12.01390 -4.96280
vt 12.00650 -4.96949
vt 11.99070 -4.97056
vt 11.98350 -4.96256
vt 12.03350 -5.00715
vt 12.03710 -5.01900
vt 12.03900 -5.00696
vt 12.04330 -5.01900
vt 11.96030 -5.00700
vt 11.96820 -5.01900
vt 11.97110 -5.00716
vt 11.95670 -5.01900
vt 11.99580 -5.00732
vt 11.99540 -5.01900
vt 12.00730 -5.00732
vt 12.00770 -5.01900
vt 48.04400 -2.97200
vt 48.04320 -2.94748
vt 48.03340 -2.96414
vt 48.03570 -2.98645
vt 48.02500 -2.97231
vt 48.02690 -2.98784
vt 48.02660 -2.94326
vt 48.02420 -2.95351
vt 48.03400 -2.93126
vt 48.02840 -2.95708
vt 47.98360 -2.99543
vt 47.98860 -2.99873
vt 48.03580 -2.95585
vt 48.03390 -2.96489
vt 47.99490 -3.00336
vt 47.95910 -3.06000
vt 47.95880 -3.05698
vt 47.95870 -3.05058
vt 48.02440 -2.96394
vt 48.00010 -3.01014
vt 48.00510 -3.01344
vt 48.04030 -2.96086
vt 48.03610 -2.98361
vt 48.01140 -3.01807
vt 47.96880 -3.06759
vt 47.98250 -3.05553
vt 47.95600 -3.06874
vt 48.00940 -3.03581
vt 47.99040 -3.02842
vt 47.99040 -3.03581
vt 48.00960 -3.02842
vt 48.00940 -3.04026
vt 47.99040 -3.02441
vt 47.99040 -3.04026
vt 48.00960 -3.02441
vt 47.99040 -2.98364
vt 48.00960 -2.98364
vt 48.00960 -3.05698
vt 47.99040 -3.05698
vt 48.00960 -3.06000
vt 47.99040 -3.06000
vt 48.00960 -3.05058
vt 47.99040 -3.05058
vt 48.00960 -2.99543
vt 47.99040 -2.99543
vt 48.01180 -2.93126
vt 47.98820 -2.93126
vt 48.01180 -2.94326
vt 47.98820 -2.94326
vt 47.99040 -2.96394
vt 47.99040 -3.01014
vt 48.00960 -3.01014
vt 48.00960 -2.96394
vt 47.99040 -3.06874
vt 48.00960 -3.06874
vt 48.01180 -2.95351
vt 47.98820 -2.95351
vt 47.98820 -2.97231
vt 48.01180 -2.97231
vt 47.98820 -2.98784
vt 48.01180 -2.98784
vt 47.96660 -2.96414
vt 47.96430 -2.98645
vt 47.97500 -2.97231
vt 47.97310 -2.98784
vt 47.95680 -2.94748
vt 47.95600 -2.97200
vt 47.97340 -2.94326
vt 47.96600 -2.93126
vt 47.97580 -2.95351
vt 47.96610 -2.96489
vt 48.01140 -2.99873
vt 47.96420 -2.95585
vt 48.00510 -3.00336
vt 47.97560 -2.96394
vt 47.95970 -2.96086
vt 47.99490 -3.01344
vt 48.01640 -2.99543
vt 47.97160 -2.95708
vt 48.04120 -3.05698
vt 48.04130 -3.05058
vt 48.04090 -3.06000
vt 47.99990 -3.01014
vt 48.03120 -3.06759
vt 48.04400 -3.06874
vt 48.01750 -3.05553
vt 47.98860 -3.01807
vt 47.96390 -2.98361
vt 47.99040 -2.96882
vt 48.00960 -2.96882
vt 47.99040 -2.95600
vt 48.00960 -2.95600
vt 47.99040 -2.98250
vt 48.00960 -2.98250
vt 48.01180 -3.02693
vt 47.98850 -3.03572
vt 48.01180 -3.03572
vt 47.98820 -3.02693
vt 47.99040 -2.99494
vt 47.99040 -3.03387
vt 48.00960 -3.03387
vt 48.00960 -2.99494
vt 47.98820 -2.94748
vt 48.01180 -2.94748
vt 48.01180 -2.97200
vt 47.98820 -2.97200
vt 48.00940 -2.96086
vt 47.99040 -2.98361
vt 48.00960 -2.98361
vt 47.99040 -2.96086
vt 48.01150 -2.98645
vt 47.98820 -2.98645
vt 47.99040 -2.96489
vt 48.00940 -2.95585
vt 47.99040 -2.95585
vt 48.00960 -2.96489
vt 48.00960 -3.05553
vt 48.00960 -3.01807
vt 47.99040 -3.01807
vt 47.99040 -3.05553
vt 48.00960 -3.00336
vt 47.99040 -3.00336
vt 54.03310 -46.99600
vt 54.03310 -46.98270
vt 54.02090 -46.99610
vt 54.02090 -46.98260
vt 53.97050 -47.03480
vt 54.01900 -47.00610
vt 53.99920 -47.00350
vt 53.95440 -47.03310
vt 53.95360 -47.02090
vt 53.99220 -46.99160
vt 54.04300 -46.96520
vt 54.02950 -46.96910
vt 54.05470 -46.96750
vt 53.96530 -47.01500
vt 53.95700 -47.00150
vt 53.95360 -47.01740
vt 53.94530 -47.00390
vt 53.97880 -47.01210
vt 53.97050 -46.99860
vt 54.01610 -47.00420
vt 54.05470 -46.99610
vt 54.04640 -46.98260
vt 54.00780 -46.99070
vt 54.05380 -47.03310
vt 54.00910 -47.00350
vt 54.03780 -47.03480
vt 53.98930 -47.00610
vt 54.05470 -47.02090
vt 54.01610 -46.99160
vt 53.96530 -46.96520
vt 53.95360 -46.96750
vt 53.97880 -46.96910
vt 53.95440 -46.98270
vt 53.96220 -46.99960
vt 53.97050 -46.98610
vt 53.94620 -46.99600
vt 54.01900 -46.99640
vt 54.04640 -47.01740
vt 54.05470 -47.00390
vt 54.01070 -47.00990
vt 29.96470 -50.98030
vt 29.96910 -50.99030
vt 29.96910 -50.98020
vt 29.96470 -50.99050
vt 30.07300 -51.02230
vt 30.00120 -50.99520
vt 30.00940 -51.01120
vt 30.06800 -51.02970
vt 30.05130 -51.03530
vt 29.99900 -51.02120
vt 29.93330 -50.96910
vt 29.94510 -50.98020
vt 29.93410 -50.96470
vt 29.93330 -51.01980
vt 30.00510 -51.00470
vt 29.99880 -50.99450
vt 29.92700 -51.00970
vt 30.07220 -50.99050
vt 30.06590 -50.98030
vt 29.97030 -51.01860
vt 29.97770 -51.00970
vt 29.97030 -51.00870
vt 29.97770 -51.01980
vt 29.99690 -51.01120
vt 29.93330 -51.02230
vt 29.93810 -51.02970
vt 30.00510 -50.99520
vt 29.95490 -51.03530
vt 30.00730 -51.02120
vt 30.07300 -50.96910
vt 30.07220 -50.96470
vt 30.06110 -50.98020
vt 30.05130 -51.00510
vt 30.06190 -51.01860
vt 30.06800 -51.00870
vt 30.04510 -51.01530
vt 29.93330 -50.98020
vt 29.93890 -50.99280
vt 29.94510 -50.98270
vt 29.92700 -50.99030
vt 29.99900 -50.99410
vt 29.99270 -51.00420
vt 41.98100 -7.00610
vt 42.02950 -7.03478
vt 42.00080 -7.00349
vt 42.04560 -7.03315
vt 42.04640 -7.02085
vt 42.00780 -6.99156
vt 41.97050 -6.96908
vt 41.95700 -6.96522
vt 41.94530 -6.96745
vt 42.03470 -7.01495
vt 42.04640 -7.01743
vt 42.04300 -7.00146
vt 42.05470 -7.00394
vt 42.02120 -7.01210
vt 42.02950 -6.99861
vt 41.94530 -6.99606
vt 41.98390 -7.00422
vt 41.95360 -6.98257
vt 41.99220 -6.99073
vt 41.96690 -6.99603
vt 41.97910 -6.99606
vt 41.96690 -6.98273
vt 41.97910 -6.98257
vt 41.99090 -7.00349
vt 41.94620 -7.03315
vt 41.96220 -7.03478
vt 42.01070 -7.00610
vt 41.94530 -7.02085
vt 41.98390 -6.99156
vt 42.03470 -6.96522
vt 42.04640 -6.96745
vt 42.02120 -6.96908
vt 42.03780 -6.99963
vt 42.04560 -6.98273
vt 42.02950 -6.98614
vt 42.05380 -6.99603
vt 41.95360 -7.01743
vt 41.98100 -6.99640
vt 41.94530 -7.00394
vt 41.98930 -7.00989
vt 2.02966 -3.01864
vt 2.02966 -3.00866
vt 2.02229 -3.00970
vt 2.02229 -3.01983
vt 1.99884 -2.99524
vt 1.92705 -3.02229
vt 1.99063 -3.01119
vt 1.93200 -3.02966
vt 1.94866 -3.03534
vt 2.00103 -3.02120
vt 2.06672 -2.96912
vt 2.05491 -2.98017
vt 2.06592 -2.96466
vt 1.99492 -3.00465
vt 2.06672 -3.01983
vt 2.00116 -2.99452
vt 2.07295 -3.00970
vt 1.92784 -2.99047
vt 1.93408 -2.98034
vt 2.03088 -2.99030
vt 2.03534 -2.98034
vt 2.03088 -2.98017
vt 2.03534 -2.99047
vt 2.06672 -3.02229
vt 2.00313 -3.01119
vt 2.06186 -3.02966
vt 1.99492 -2.99524
vt 2.04511 -3.03534
vt 1.99273 -3.02120
vt 1.92705 -2.96912
vt 1.92784 -2.96466
vt 1.93886 -2.98017
vt 1.93814 -3.01864
vt 1.94866 -3.00513
vt 1.93200 -3.00866
vt 1.95489 -3.01526
vt 2.06114 -2.99279
vt 2.06672 -2.98017
vt 2.05491 -2.98267
vt 2.07295 -2.99030
vt 2.00103 -2.99406
vt 2.00727 -3.00419
vt 24.02500 -34.97230
vt 24.03570 -34.98650
vt 24.03340 -34.96410
vt 24.02690 -34.98780
vt 24.02660 -34.94330
vt 24.04320 -34.94750
vt 24.03400 -34.93130
vt 24.02420 -34.95350
vt 24.04400 -34.97200
vt 23.98860 -34.99870
vt 24.03390 -34.96490
vt 24.03580 -34.95590
vt 24.00510 -35.01340
vt 24.02440 -34.96390
vt 24.00010 -35.01010
vt 24.04030 -34.96090
vt 24.03610 -34.98360
vt 24.01140 -35.01810
vt 23.96880 -35.06760
vt 23.95600 -35.06870
vt 23.98250 -35.05550
vt 23.99490 -35.00340
vt 23.95880 -35.05700
vt 23.95870 -35.05060
vt 23.98360 -34.99540
vt 23.95910 -35.06000
vt 24.02840 -34.95710
vt 23.99060 -35.03580
vt 24.00960 -35.03580
vt 24.00960 -35.02840
vt 23.99040 -35.02840
vt 23.99060 -35.04030
vt 24.00960 -35.04030
vt 24.00960 -35.02440
vt 23.99040 -35.02440
vt 24.00960 -34.98360
vt 23.99040 -34.98360
vt 23.99040 -35.06000
vt 24.00960 -35.06000
vt 24.00960 -35.05700
vt 23.99040 -35.05700
vt 24.00960 -35.05060
vt 23.99040 -35.05060
vt 23.99040 -34.99540
vt 24.00960 -34.99540
vt 23.98820 -34.94330
vt 24.01180 -34.94330
vt 24.01180 -34.93130
vt 23.98820 -34.93130
vt 24.00960 -34.96390
vt 23.99040 -35.01010
vt 24.00960 -35.01010
vt 23.99040 -34.96390
vt 24.00960 -35.06870
vt 23.99040 -35.06870
vt 23.98820 -34.95350
vt 24.01180 -34.95350
vt 24.01180 -34.97230
vt 23.98820 -34.97230
vt 24.01180 -34.98780
vt 23.98820 -34.98780
vt 23.95680 -34.94750
vt 23.95600 -34.97200
vt 23.96660 -34.96410
vt 23.96430 -34.98650
vt 23.97500 -34.97230
vt 23.97310 -34.98780
vt 23.97580 -34.95350
vt 23.97340 -34.94330
vt 23.96600 -34.93130
vt 23.97560 -34.96390
vt 23.99490 -35.01340
vt 23.99990 -35.01010
vt 23.95970 -34.96090
vt 23.96390 -34.98360
vt 23.98860 -35.01810
vt 24.03120 -35.06760
vt 24.01750 -35.05550
vt 24.04400 -35.06870
vt 24.01640 -34.99540
vt 23.97160 -34.95710
vt 24.01140 -34.99870
vt 23.96420 -34.95590
vt 23.96610 -34.96490
vt 24.00510 -35.00340
vt 24.04090 -35.06000
vt 24.04120 -35.05700
vt 24.04130 -35.05060
vt 24.00960 -34.96880
vt 24.00960 -34.95600
vt 23.99040 -34.96880
vt 23.99040 -34.95600
vt 24.00960 -34.98250
vt 23.99040 -34.98250
vt 24.01150 -35.03570
vt 23.98820 -35.02690
vt 23.98820 -35.03570
vt 24.01180 -35.02690
vt 24.00960 -35.03390
vt 24.00960 -34.99490
vt 23.99040 -35.03390
vt 23.99040 -34.99490
vt 24.01180 -34.94750
vt 23.98820 -34.94750
vt 23.98820 -34.97200
vt 24.01180 -34.97200
vt 23.99060 -34.96090
vt 24.00960 -34.96090
vt 23.98850 -34.98650
vt 24.01180 -34.98650
vt 23.99060 -34.95590
vt 24.00960 -34.96490
vt 24.00960 -34.95590
vt 23.99040 -34.96490
vt 23.99040 -35.01810
vt 23.99040 -35.05550
vt 24.00960 -35.01810
vt 24.00960 -35.05550
vt 23.99040 -35.00340
vt 24.00960 -35.00340
vt 16.00380 0.98307
vt 16.02280 0.99304
vt 16.01150 0.99929
vt 16.02860 0.98100
vt 15.96260 0.99094
vt 15.96090 1.01900
vt 16.01400 0.98307
vt 16.03220 0.99268
vt 16.02170 0.99893
vt 16.03910 0.98100
vt 15.97070 0.99094
vt 15.96900 1.01900
vt 16.01110 0.98307
vt 16.02760 0.99284
vt 16.01850 0.99904
vt 15.96950 0.99094
vt 15.96790 1.01900
vt 16.03400 0.98100
vt 15.96100 0.97723
vt 15.97170 0.98128
vt 15.96450 0.98850
vt 15.96640 0.97255
vt 15.99100 1.03094
vt 15.98360 1.03912
vt 16.03960 0.97702
vt 16.02410 0.98154
vt 16.02880 0.97240
vt 16.03820 0.98759
vt 16.00620 1.03206
vt 16.01370 1.03891
vt 16.00410 0.96784
vt 15.99090 0.97833
vt 15.99270 0.96784
vt 16.00590 0.97833
vt 15.99440 1.03100
vt 16.00240 1.03100
vt 16.00550 0.99094
vt 16.00560 1.01900
vt 15.99760 0.99094
vt 15.99760 1.01900
vt 15.99350 0.99094
vt 15.98630 1.01900
vt 15.98610 0.99094
vt 15.99380 1.01900
vt 15.97090 0.98100
vt 15.99530 0.98307
vt 15.97700 0.99300
vt 15.98760 0.99926
vt 16.03720 0.99094
vt 16.03890 1.01900
vt 16.03090 1.01900
vt 16.03740 0.99094
vt 16.03910 1.01900
vt 16.02940 0.99094
vt 15.96090 0.98100
vt 15.98600 0.98307
vt 15.96780 0.99268
vt 15.97830 0.99893
vt 16.02930 0.99094
vt 16.03100 1.01900
vt 15.96640 0.98100
vt 15.98850 0.98307
vt 15.97260 0.99284
vt 15.98130 0.99904
vt 16.00770 0.96088
vt 16.00960 0.98602
vt 15.99550 0.96088
vt 15.99360 0.98602
vt 15.95670 0.97090
vt 15.97720 0.98886
vt 15.96220 0.99531
vt 15.96820 0.96598
vt 16.00550 1.02927
vt 15.99760 1.02927
vt 16.02680 0.98847
vt 16.04330 0.97145
vt 16.03500 0.99617
vt 16.03720 0.96640
vt 15.99350 1.03050
vt 15.98610 1.03720
vt 16.00940 1.02944
vt 16.01660 1.03744
vt 15.96280 0.98100
vt 15.96640 0.99284
vt 15.96100 0.99304
vt 15.95670 0.98100
vt 16.03180 0.98100
vt 16.03960 0.99300
vt 16.02880 0.99284
vt 16.04330 0.98100
vt 16.00410 0.99268
vt 15.99270 0.99268
vt 16.00450 0.98100
vt 15.99230 0.98100
vt 36.01350 -17.04090
vt 36.01200 -17.03140
vt 36.00840 -17.03810
vt 36.01710 -17.03420
vt 36.01620 -17.01660
vt 36.02450 -17.01420
vt 36.02020 -17.01110
vt 36.02040 -17.01970
vt 36.02620 -17.00070
vt 36.03430 -16.99940
vt 36.03070 -16.99590
vt 36.02980 -17.00410
vt 35.98790 -17.01970
vt 35.99390 -17.00860
vt 36.00670 -16.98850
vt 36.00000 -16.99770
vt 36.02090 -16.97310
vt 36.01350 -16.98090
vt 35.96930 -16.99840
vt 35.96570 -17.00510
vt 35.96890 -17.00960
vt 35.97490 -16.99840
vt 35.98600 -16.97640
vt 35.98200 -16.98190
vt 35.98430 -16.98630
vt 35.99100 -16.97710
vt 36.00300 -16.95910
vt 35.99850 -16.96380
vt 36.00020 -16.96820
vt 36.00760 -16.96040
vt 35.97140 -17.02040
vt 35.98870 -17.02970
vt 35.98430 -16.99640
vt 36.00160 -17.00570
vt 35.99970 -16.97640
vt 35.98530 -16.99630
vt 35.99960 -17.00670
vt 36.01410 -16.98680
vt 35.99980 -16.97770
vt 36.02800 -16.97240
vt 36.01580 -16.96080
vt 36.01190 -16.98920
vt 35.98010 -17.01550
vt 35.98610 -17.00440
vt 35.99360 -16.99300
vt 36.00030 -16.98380
vt 36.01540 -16.96780
vt 36.00800 -16.97570
vt 36.01950 -16.98660
vt 36.02690 -16.97880
vt 36.00720 -17.00290
vt 36.01390 -16.99360
vt 35.99640 -17.02430
vt 36.00240 -17.01320
vt 35.99460 -17.00760
vt 36.00540 -17.00760
vt 36.00330 -17.00300
vt 35.99670 -17.00300
vt 36.00840 -17.01580
vt 35.99160 -17.02800
vt 36.00840 -17.02800
vt 35.99160 -17.01580
vt 35.99460 -17.01540
vt 36.00540 -17.01540
vt 36.01510 -17.02690
vt 36.00000 -17.01560
vt 36.00000 -17.02340
vt 36.02190 -17.02090
vt 35.98490 -17.02690
vt 35.97810 -17.02090
vt 35.99430 -16.99100
vt 36.00570 -16.99100
vt 36.00340 -16.98600
vt 35.99660 -16.98600
vt 36.00890 -17.01410
vt 36.00890 -16.99970
vt 35.99110 -17.01410
vt 35.99110 -16.99970
vt 36.01590 -17.01380
vt 36.00000 -17.00050
vt 36.00000 -17.00980
vt 36.02320 -17.00670
vt 35.98410 -17.01380
vt 35.97680 -17.00670
vt 36.00570 -17.00030
vt 35.99430 -17.00030
vt 36.00630 -16.97490
vt 36.00380 -16.96930
vt 35.99370 -16.97490
vt 35.99620 -16.96930
vt 36.00980 -16.98430
vt 35.99020 -17.00160
vt 36.00980 -17.00160
vt 35.99020 -16.98430
vt 36.01760 -17.00240
vt 36.00000 -16.98640
vt 36.00000 -16.99750
vt 36.02570 -16.99390
vt 35.98240 -17.00240
vt 35.97430 -16.99390
vt 36.00630 -16.98610
vt 35.99370 -16.98610
vt 36.00380 -17.00510
vt 35.99370 -17.00960
vt 36.00630 -17.00960
vt 35.99620 -17.00510
vt 36.00380 -16.99840
vt 35.99620 -16.99840
vt 35.99670 -16.96380
vt 36.00330 -16.96380
vt 36.00330 -16.95910
vt 35.99670 -16.95910
vt 35.99660 -16.98190
vt 36.00340 -16.98190
vt 36.00340 -16.97640
vt 35.99660 -16.97640
vt 35.99020 -17.02040
vt 36.00980 -17.02040
vt 36.00980 -16.99640
vt 35.99020 -16.99640
vt 35.99160 -16.97770
vt 36.00840 -16.97770
vt 36.00840 -16.96080
vt 35.99160 -16.96080
vt 35.99110 -16.99630
vt 36.00890 -16.99630
vt 36.00890 -16.97640
vt 35.99110 -16.97640
vt 35.99430 -16.98630
vt 36.00570 -16.98630
vt 36.00000 -17.00460
vt 35.97430 -17.00860
vt 36.00000 -17.01570
vt 35.97430 -17.01970
vt 36.02570 -17.01970
vt 36.02570 -17.00860
vt 36.00000 -16.96810
vt 35.97810 -16.97310
vt 36.00000 -16.97590
vt 35.97810 -16.98090
vt 36.02190 -16.98090
vt 36.02190 -16.97310
vt 36.00000 -16.98400
vt 35.97680 -16.98850
vt 36.00000 -16.99320
vt 35.97680 -16.99770
vt 36.02320 -16.99770
vt 36.02320 -16.98850
vt 35.98400 -17.01970
vt 35.98410 -17.00290
vt 35.97960 -17.01660
vt 36.02040 -17.01660
vt 36.01590 -17.00290
vt 36.01600 -17.01970
vt 35.99460 -16.96820
vt 36.00540 -16.96820
vt 35.98490 -17.00410
vt 35.98490 -16.98660
vt 35.98070 -17.00070
vt 36.01930 -17.00070
vt 36.01510 -16.98660
vt 36.01510 -17.00410
vt 35.98650 -17.04090
vt 35.99160 -17.03810
vt 35.98800 -17.03140
vt 35.98290 -17.03420
vt 35.98380 -17.01660
vt 35.97550 -17.01420
vt 35.97960 -17.01970
vt 35.97980 -17.01110
vt 35.97380 -17.00070
vt 35.96570 -16.99940
vt 35.97020 -17.00410
vt 35.96930 -16.99590
vt 36.00610 -17.00860
vt 36.01210 -17.01970
vt 35.99330 -16.98850
vt 35.97910 -16.97310
vt 35.98650 -16.98090
vt 36.03110 -17.00960
vt 36.03070 -16.99840
vt 36.02510 -16.99840
vt 36.03430 -17.00510
vt 36.01400 -16.97640
vt 36.01570 -16.98630
vt 36.01800 -16.98190
vt 36.00900 -16.97710
vt 35.99700 -16.95910
vt 35.99980 -16.96820
vt 36.00150 -16.96380
vt 35.99240 -16.96040
vt 36.01130 -17.02970
vt 36.01570 -16.99640
vt 35.99840 -17.00570
vt 36.02860 -17.02040
vt 36.00040 -17.00670
vt 36.00030 -16.97640
vt 35.98590 -16.98680
vt 36.01470 -16.99630
vt 35.97200 -16.97240
vt 36.00020 -16.97770
vt 35.98420 -16.96080
vt 35.98810 -16.98920
vt 36.01990 -17.01550
vt 36.01390 -17.00440
vt 36.00640 -16.99300
vt 35.99970 -16.98380
vt 35.98460 -16.96780
vt 35.99200 -16.97570
vt 35.98050 -16.98660
vt 35.97310 -16.97880
vt 35.99280 -17.00290
vt 35.98610 -16.99360
vt 36.00360 -17.02430
vt 35.99760 -17.01320
vt 35.99020 -16.98870
vt 36.00980 -16.98870
vt 36.00980 -16.97140
vt 35.99020 -16.97140
vt 36.00000 -16.98040
vt 35.98240 -16.99640
vt 36.00000 -16.99150
vt 35.97430 -16.98790
vt 36.01760 -16.99640
vt 36.02570 -16.98790
vt 35.99370 -16.98010
vt 36.00630 -16.98010
vt 36.00630 -16.96890
vt 35.99370 -16.96890
vt 35.98230 -17.01350
vt 35.97750 -17.00840
vt 36.02250 -17.00840
vt 36.01770 -17.01350
vt 35.99110 -16.99960
vt 36.00890 -16.99960
vt 36.00890 -16.98530
vt 35.99110 -16.98530
vt 36.00000 -16.99380
vt 35.98410 -17.00720
vt 36.00000 -17.00310
vt 35.97680 -17.00000
vt 36.01590 -17.00720
vt 36.02320 -17.00000
vt 35.99430 -16.99360
vt 36.00570 -16.99360
vt 36.00570 -16.98430
vt 35.99430 -16.98430
vt 35.99160 -17.01190
vt 36.00840 -17.01190
vt 36.00840 -16.99980
vt 35.99160 -16.99980
vt 35.99460 -17.00800
vt 36.00540 -17.00800
vt 36.00540 -17.00020
vt 35.99460 -17.00020
vt 36.00000 -17.00820
vt 35.98490 -17.01950
vt 36.00000 -17.01600
vt 35.97810 -17.01350
vt 36.01510 -17.01950
vt 36.02190 -17.01350
vt 36.01930 -16.99590
vt 36.01510 -16.97880
vt 36.01510 -16.99940
vt 35.98490 -16.97880
vt 35.98070 -16.99590
vt 35.98490 -16.99940
vt 36.01590 -16.99360
vt 36.02040 -17.01110
vt 36.01600 -17.01420
vt 35.98410 -16.99360
vt 35.97960 -17.01110
vt 35.98400 -17.01420
vt 36.00890 -16.98680
vt 35.99110 -16.98680
vt 35.99110 -17.00670
vt 36.00890 -17.00670
vt 36.00980 -17.00570
vt 35.99020 -17.00570
vt 35.99020 -17.02970
vt 36.00980 -17.02970
vt 36.00000 -16.99990
vt 36.00000 -16.99070
vt 36.01760 -17.01320
vt 36.00000 -17.02170
vt 36.01760 -17.02430
vt 36.00000 -17.01060
vt 35.98240 -17.01320
vt 35.98240 -17.02430
vt 36.00840 -16.97240
vt 35.99160 -16.97240
vt 35.99160 -16.98920
vt 36.00840 -16.98920
vt 36.00000 -16.98330
vt 36.00000 -16.97550
vt 36.02250 -17.03140
vt 36.01770 -17.03420
vt 35.97750 -17.03140
vt 35.98230 -17.03420
vt 36.00570 -16.98380
vt 35.99430 -16.98380
vt 35.99430 -16.99300
vt 36.00570 -16.99300
vt 36.00540 -16.96780
vt 35.99460 -16.96780
vt 35.99460 -16.97570
vt 36.00540 -16.97570
vt 36.00630 -17.00440
vt 35.99370 -17.00440
vt 35.99370 -17.01550
vt 36.00630 -17.01550
vt 38.02410 0.97652
vt 38.02750 0.94433
vt 38.04360 0.97415
vt 38.04220 0.94306
vt 38.04800 1.01528
vt 38.02370 1.01875
vt 37.98610 0.98640
vt 37.98940 0.95561
vt 38.00480 0.98414
vt 38.00340 0.95440
vt 38.00900 1.02347
vt 37.98580 1.02678
vt 37.96590 1.01347
vt 37.97700 1.00704
vt 37.97510 1.01570
vt 37.96770 1.00481
vt 38.05150 1.07410
vt 38.03470 1.06929
vt 38.05410 1.06735
vt 38.03840 1.07649
vt 37.94170 1.05413
vt 37.95210 1.05771
vt 37.94890 1.05949
vt 37.94230 1.05739
vt 37.96230 1.06564
vt 37.97620 1.06918
vt 37.97270 1.07283
vt 37.96290 1.07070
vt 38.01440 1.07184
vt 38.00100 1.08058
vt 37.99720 1.07328
vt 38.01280 1.07886
vt 37.95630 1.01490
vt 37.95820 1.04009
vt 37.94780 1.03651
vt 37.95010 1.01274
vt 38.06000 1.02812
vt 38.02120 1.06245
vt 38.01820 1.03230
vt 38.06300 1.05827
vt 37.95180 1.00792
vt 37.95800 1.01009
vt 38.01990 1.03444
vt 37.98500 1.06427
vt 37.98280 1.03754
vt 38.02210 1.06117
vt 37.96070 1.03379
vt 37.98510 1.06292
vt 37.95520 1.05530
vt 37.99060 1.04141
vt 38.03320 1.05300
vt 38.05260 1.05106
vt 38.01300 1.05464
vt 37.99580 1.05607
vt 37.94250 1.02968
vt 37.95930 1.05350
vt 37.93700 1.04577
vt 37.96490 1.03741
vt 37.97970 1.05533
vt 37.96580 1.05180
vt 37.94530 1.04377
vt 37.95570 1.04736
vt 37.95060 1.02854
vt 37.96090 1.03212
vt 38.04480 0.97588
vt 38.04900 1.01054
vt 38.02530 0.97825
vt 38.02460 1.01401
vt 38.02900 0.95253
vt 38.04370 0.95126
vt 38.00600 0.98579
vt 38.00990 1.01894
vt 37.98730 0.98806
vt 37.98670 1.02225
vt 37.99080 0.96345
vt 38.00490 0.96224
vt 37.99800 0.93178
vt 38.03640 0.91942
vt 38.00590 0.94850
vt 38.00590 0.96164
vt 37.99410 0.94850
vt 37.99410 0.96164
vt 38.00520 0.98723
vt 38.00520 0.99901
vt 37.99480 0.98723
vt 37.99480 0.99901
vt 38.00430 1.02726
vt 38.00430 1.03707
vt 37.99570 1.02726
vt 37.99570 1.03707
vt 38.00330 1.05772
vt 37.99670 1.05114
vt 38.00330 1.05114
vt 37.99670 1.05772
vt 38.01510 0.93696
vt 38.01510 0.97882
vt 37.98490 0.93696
vt 37.98490 0.97882
vt 38.01110 1.01493
vt 38.01110 1.04479
vt 37.98890 1.01493
vt 37.98890 1.04479
vt 38.00850 1.04070
vt 38.00850 1.06304
vt 37.99150 1.04070
vt 37.99150 1.06304
vt 38.01340 0.97789
vt 38.01340 1.01500
vt 37.98660 0.97789
vt 37.98660 1.01500
vt 38.06520 1.02485
vt 38.02910 1.03168
vt 38.02910 1.01784
vt 38.06600 1.03408
vt 37.93480 1.02485
vt 37.97090 1.01784
vt 37.97090 1.03168
vt 37.93400 1.03408
vt 38.00000 1.04424
vt 38.02230 1.05218
vt 38.00000 1.05459
vt 38.02230 1.04183
vt 37.97770 1.05218
vt 37.97770 1.04183
vt 38.00000 1.02022
vt 38.00000 1.03406
vt 38.05610 0.99096
vt 38.00000 1.00737
vt 38.00000 0.98398
vt 38.05490 1.01423
vt 37.94390 0.99096
vt 37.94510 1.01423
vt 38.05870 0.95197
vt 38.00000 0.96912
vt 38.00000 0.94467
vt 38.05740 0.97630
vt 37.94130 0.95197
vt 37.94260 0.97630
vt 37.99450 1.04792
vt 38.00550 1.04792
vt 37.99450 1.05413
vt 38.00550 1.05413
vt 38.00330 1.05739
vt 37.99670 1.05739
vt 37.99150 1.02968
vt 38.00850 1.02968
vt 38.00850 1.04577
vt 37.99150 1.04577
vt 37.99450 1.04377
vt 38.00550 1.04377
vt 38.00000 1.04348
vt 37.98470 1.02854
vt 38.00000 1.03314
vt 37.97770 1.03651
vt 38.01530 1.02854
vt 38.02230 1.03651
vt 37.98470 1.00792
vt 37.98040 1.01274
vt 38.01960 1.01274
vt 38.01530 1.00792
vt 37.99290 1.06564
vt 38.00710 1.06564
vt 38.00430 1.07070
vt 37.99570 1.07070
vt 37.98890 1.03379
vt 38.01110 1.03379
vt 38.01110 1.05530
vt 37.98890 1.05530
vt 38.00000 1.05142
vt 37.98010 1.03143
vt 38.00000 1.03758
vt 37.97090 1.04209
vt 38.01990 1.03143
vt 38.02910 1.04209
vt 37.99290 1.05180
vt 38.00710 1.05180
vt 37.93400 1.01347
vt 37.93750 1.00481
vt 38.06600 1.01347
vt 38.06250 1.00481
vt 37.99140 1.07328
vt 38.00860 1.07328
vt 38.00520 1.08058
vt 37.99480 1.08058
vt 37.98660 1.03754
vt 38.01340 1.03754
vt 38.01340 1.06427
vt 37.98660 1.06427
vt 38.00000 1.05638
vt 37.96150 1.02225
vt 38.00000 1.03949
vt 37.94510 1.02678
vt 38.03850 1.02225
vt 38.05490 1.02678
vt 38.04700 0.95561
vt 38.05830 0.98806
vt 38.04040 0.96345
vt 38.06980 0.98640
vt 37.99140 1.05607
vt 38.00860 1.05607
vt 37.94170 0.98806
vt 37.93020 0.98640
vt 37.95300 0.95561
vt 37.95960 0.96345
vt 37.98720 0.93178
vt 38.01280 0.93178
vt 38.00980 1.06929
vt 37.99410 1.07649
vt 37.99020 1.06929
vt 38.00590 1.07649
vt 37.98490 1.03230
vt 38.01510 1.03230
vt 38.01510 1.06245
vt 37.98490 1.06245
vt 38.00000 1.04969
vt 37.95970 1.01401
vt 38.00000 1.03203
vt 37.94260 1.01875
vt 38.04030 1.01401
vt 38.05740 1.01875
vt 38.04910 0.94433
vt 38.06100 0.97825
vt 38.04230 0.95253
vt 38.07290 0.97652
vt 37.99020 1.05300
vt 38.00980 1.05300
vt 37.93900 0.97825
vt 37.92710 0.97652
vt 37.95090 0.94433
vt 37.95770 0.95253
vt 37.98660 0.91942
vt 38.01340 0.91942
vt 37.95200 1.01528
vt 37.97590 0.97652
vt 37.97630 1.01875
vt 37.95640 0.97415
vt 37.97250 0.94433
vt 37.95780 0.94306
vt 37.99100 1.02347
vt 38.01390 0.98640
vt 38.01420 1.02678
vt 37.99520 0.98414
vt 38.01060 0.95561
vt 37.99660 0.95440
vt 38.02300 1.00704
vt 38.03410 1.01347
vt 38.02490 1.01570
vt 38.03230 1.00481
vt 37.96530 1.06929
vt 37.94850 1.07410
vt 37.94590 1.06735
vt 37.96160 1.07649
vt 38.05830 1.05413
vt 38.05110 1.05949
vt 38.04790 1.05771
vt 38.05770 1.05739
vt 38.03770 1.06564
vt 38.02730 1.07283
vt 38.02380 1.06918
vt 38.03710 1.07070
vt 37.98560 1.07184
vt 38.00280 1.07328
vt 37.99900 1.08058
vt 37.98720 1.07886
vt 38.04370 1.01490
vt 38.05220 1.03651
vt 38.04180 1.04009
vt 38.04990 1.01274
vt 37.93700 1.05827
vt 37.94000 1.02812
vt 37.97880 1.06245
vt 37.98180 1.03230
vt 38.04200 1.01009
vt 38.04820 1.00792
vt 37.97790 1.06117
vt 37.98010 1.03444
vt 38.01500 1.06427
vt 38.01720 1.03754
vt 38.01490 1.06292
vt 38.03930 1.03379
vt 38.04480 1.05530
vt 38.00940 1.04141
vt 37.96680 1.05300
vt 37.94740 1.05106
vt 37.98700 1.05464
vt 38.00420 1.05607
vt 38.04070 1.05350
vt 38.05750 1.02968
vt 38.06300 1.04577
vt 38.03510 1.03741
vt 38.02030 1.05533
vt 38.03420 1.05180
vt 38.05470 1.04377
vt 38.04430 1.04736
vt 38.04940 1.02854
vt 38.03910 1.03212
vt 37.95520 0.97588
vt 37.97100 0.95253
vt 37.97470 0.97825
vt 37.95630 0.95126
vt 37.95100 1.01054
vt 37.97540 1.01401
vt 37.99400 0.98579
vt 38.00920 0.96345
vt 38.01270 0.98806
vt 37.99510 0.96224
vt 37.99010 1.01894
vt 38.01330 1.02225
vt 38.00200 0.93178
vt 37.96360 0.91942
vt 37.95090 0.97253
vt 37.94960 0.95782
vt 37.98660 0.96355
vt 38.05040 0.95782
vt 38.04910 0.97253
vt 38.01340 0.96355
vt 37.95300 1.01063
vt 37.95180 0.99655
vt 37.98720 1.00203
vt 38.04820 0.99655
vt 38.04700 1.01063
vt 38.01280 1.00203
vt 37.98490 0.93997
vt 38.01510 0.93997
vt 38.01510 0.98183
vt 37.98490 0.98183
vt 37.95850 0.95104
vt 38.00000 0.97135
vt 37.95970 0.97537
vt 38.00000 0.94690
vt 38.04150 0.95104
vt 38.04030 0.97537
vt 37.98660 0.98012
vt 38.01340 0.98012
vt 38.01340 1.01723
vt 37.98660 1.01723
vt 37.96030 0.99007
vt 38.00000 1.00949
vt 37.96150 1.01334
vt 38.00000 0.98611
vt 38.03970 0.99007
vt 38.03850 1.01334
vt 37.98890 1.00944
vt 38.01110 1.00944
vt 38.01110 1.03930
vt 37.98890 1.03930
vt 37.98010 1.01512
vt 38.00000 1.01669
vt 37.98010 1.02896
vt 38.00000 1.03053
vt 38.01990 1.01512
vt 38.01990 1.02896
vt 37.93830 1.02304
vt 37.93750 1.03227
vt 38.06170 1.02304
vt 38.06250 1.03227
vt 37.99150 1.03513
vt 38.00850 1.03513
vt 38.00850 1.05747
vt 37.99150 1.05747
vt 38.00000 1.05101
vt 37.98470 1.04942
vt 38.00000 1.04066
vt 37.98470 1.03907
vt 38.01530 1.03907
vt 38.01530 1.04942
vt 37.99140 0.98705
vt 38.00860 0.98705
vt 38.00860 1.00425
vt 37.99140 1.00425
vt 37.99020 0.94742
vt 38.00980 0.94742
vt 38.00980 0.96683
vt 37.99020 0.96683
vt 37.99290 1.02032
vt 38.00710 1.02032
vt 38.00710 1.03416
vt 37.99290 1.03416
vt 37.99450 1.04434
vt 38.00550 1.04434
vt 38.00550 1.05469
vt 37.99450 1.05469
vt 37.99020 1.06735
vt 38.00980 1.06735
vt 38.00590 1.07410
vt 37.99410 1.07410
vt 38.01510 1.05827
vt 37.98490 1.05827
vt 37.98490 1.02812
vt 38.01510 1.02812
vt 37.95650 0.95126
vt 37.94960 0.94306
vt 37.93780 0.97588
vt 37.92580 0.97415
vt 37.94130 1.01528
vt 37.95850 1.01054
vt 38.06220 0.97588
vt 38.05870 1.01528
vt 38.04150 1.01054
vt 38.07420 0.97415
vt 38.05040 0.94306
vt 38.04350 0.95126
vt 38.00000 1.04661
vt 38.00000 1.02895
vt 37.99020 1.05106
vt 38.00980 1.05106
vt 38.00860 1.07184
vt 37.99480 1.07886
vt 37.99140 1.07184
vt 38.00520 1.07886
vt 38.01340 1.06117
vt 37.98660 1.06117
vt 37.98660 1.03444
vt 38.01340 1.03444
vt 37.95840 0.96224
vt 37.95180 0.95440
vt 37.94050 0.98579
vt 37.92900 0.98414
vt 37.94390 1.02347
vt 37.96030 1.01894
vt 38.05950 0.98579
vt 38.05610 1.02347
vt 38.03970 1.01894
vt 38.07100 0.98414
vt 38.04820 0.95440
vt 38.04160 0.96224
vt 38.00000 1.05343
vt 38.00000 1.03654
vt 37.99140 1.05464
vt 38.00860 1.05464
vt 37.99290 1.06918
vt 38.00710 1.06918
vt 38.00430 1.07283
vt 37.99570 1.07283
vt 38.01110 1.06292
vt 37.98890 1.06292
vt 37.98890 1.04141
vt 38.01110 1.04141
vt 38.06520 1.01570
vt 38.01990 1.03497
vt 38.06170 1.00704
vt 38.02910 1.04562
vt 37.98010 1.03497
vt 37.93480 1.01570
vt 37.93830 1.00704
vt 37.97090 1.04562
vt 38.00000 1.05495
vt 38.00000 1.04112
vt 37.99290 1.05533
vt 38.00710 1.05533
vt 38.01960 1.01490
vt 38.01530 1.03212
vt 38.01530 1.01009
vt 38.02230 1.04009
vt 37.98470 1.03212
vt 37.98040 1.01490
vt 37.98470 1.01009
vt 37.97770 1.04009
vt 38.00850 1.05350
vt 37.99150 1.05350
vt 37.99150 1.03741
vt 38.00850 1.03741
vt 38.00550 1.05771
vt 37.99450 1.05771
vt 37.99450 1.04736
vt 38.00550 1.04736
vt 38.00000 1.04707
vt 38.00000 1.03672
vt 28.00020 -31.05020
vt 28.00140 -31.03970
vt 27.99550 -31.04570
vt 28.00600 -31.04420
vt 28.03490 -30.98270
vt 28.03790 -30.99250
vt 28.04070 -30.98490
vt 28.03200 -30.99030
vt 28.01590 -31.02100
vt 28.02570 -31.01720
vt 28.02020 -31.01390
vt 28.02140 -31.02440
vt 27.98920 -31.01020
vt 27.97950 -31.02010
vt 27.99440 -30.99970
vt 28.00160 -30.98790
vt 28.00790 -30.97390
vt 28.01260 -30.96130
vt 27.97530 -30.97530
vt 27.97100 -30.98250
vt 27.97430 -30.98750
vt 27.98140 -30.97570
vt 27.98650 -30.96580
vt 27.99120 -30.95330
vt 27.98530 -30.95400
vt 27.98250 -30.96160
vt 27.95930 -30.99620
vt 27.97230 -30.99370
vt 27.96510 -30.99020
vt 27.96260 -31.00360
vt 27.97640 -30.99950
vt 27.99480 -31.01070
vt 27.99190 -30.97390
vt 28.01030 -30.98510
vt 27.96200 -31.01580
vt 27.99830 -31.00940
vt 27.98290 -30.99440
vt 27.97740 -31.03080
vt 28.01020 -30.98420
vt 28.02040 -30.95710
vt 28.00080 -30.94980
vt 27.99070 -30.97690
vt 27.99330 -30.98290
vt 27.98610 -30.99470
vt 27.98220 -31.00340
vt 27.97260 -31.01330
vt 28.00380 -30.95800
vt 27.99910 -30.97060
vt 28.01750 -30.97750
vt 28.02230 -30.96490
vt 28.00360 -31.00530
vt 28.01070 -30.99340
vt 27.98710 -31.02760
vt 27.99680 -31.01770
vt 28.01040 -31.02040
vt 28.01040 -31.00080
vt 27.98960 -31.02040
vt 27.98960 -31.00080
vt 28.00670 -30.99120
vt 28.00400 -30.98530
vt 27.99330 -30.99120
vt 27.99600 -30.98530
vt 28.00670 -31.00380
vt 27.99330 -31.00380
vt 28.01870 -31.02230
vt 28.00000 -31.00410
vt 28.00000 -31.01670
vt 28.02730 -31.01260
vt 27.98130 -31.02230
vt 27.97270 -31.01260
vt 28.00690 -30.98140
vt 28.00420 -30.97530
vt 27.99310 -30.98140
vt 27.99580 -30.97530
vt 28.01080 -31.01030
vt 28.01080 -30.99190
vt 27.98920 -31.01030
vt 27.98920 -30.99190
vt 28.01930 -31.01070
vt 28.00000 -30.99360
vt 28.00000 -31.00550
vt 28.02820 -31.00160
vt 27.98070 -31.01070
vt 27.97180 -31.00160
vt 28.00690 -30.99330
vt 27.99310 -30.99330
vt 28.01080 -30.99830
vt 28.01080 -30.98290
vt 27.98920 -30.99830
vt 27.98920 -30.98290
vt 28.00690 -30.97230
vt 28.00420 -30.96510
vt 27.99310 -30.97230
vt 27.99580 -30.96510
vt 28.00690 -30.98220
vt 27.99310 -30.98220
vt 28.01930 -30.99680
vt 28.00000 -30.98250
vt 28.00000 -30.99240
vt 28.02820 -30.98920
vt 27.98070 -30.99680
vt 27.97180 -30.98920
vt 28.00420 -30.99620
vt 27.99310 -31.00360
vt 28.00690 -31.00360
vt 27.99580 -30.99620
vt 27.99580 -30.98250
vt 28.00420 -30.98250
vt 28.00420 -30.99020
vt 27.99580 -30.99020
vt 27.99600 -30.96160
vt 28.00400 -30.96160
vt 28.00400 -30.95400
vt 27.99600 -30.95400
vt 27.98060 -31.05020
vt 27.98070 -31.02760
vt 27.97530 -31.04570
vt 27.97180 -31.02010
vt 28.02470 -31.04570
vt 28.02820 -31.02010
vt 28.01930 -31.02760
vt 28.01940 -31.05020
vt 27.99310 -30.98750
vt 28.00690 -30.98750
vt 27.98920 -30.99950
vt 28.01080 -30.99950
vt 28.01080 -30.97390
vt 27.98920 -30.97390
vt 27.98960 -30.97690
vt 28.01040 -30.97690
vt 28.01040 -30.94980
vt 27.98960 -30.94980
vt 27.98920 -31.01580
vt 28.01080 -31.01580
vt 28.01080 -30.99440
vt 27.98920 -30.99440
vt 28.00000 -30.98310
vt 27.97180 -30.98790
vt 28.00000 -30.99490
vt 27.97180 -30.99970
vt 28.02820 -30.99970
vt 28.02820 -30.98790
vt 28.00000 -30.95810
vt 27.97270 -30.96130
vt 28.00000 -30.97070
vt 27.97270 -30.97390
vt 28.02730 -30.97390
vt 28.02730 -30.96130
vt 28.00000 -31.00370
vt 27.97180 -31.01020
vt 28.00000 -31.01360
vt 28.02820 -31.01020
vt 27.98060 -31.02440
vt 27.98070 -31.00530
vt 27.97530 -31.02100
vt 28.02470 -31.02100
vt 28.01930 -31.00530
vt 28.01940 -31.02440
vt 27.99330 -30.96580
vt 28.00670 -30.96580
vt 28.00450 -31.04570
vt 27.99860 -31.03970
vt 27.99980 -31.05020
vt 27.99400 -31.04420
vt 27.96510 -30.98270
vt 27.96210 -30.99250
vt 27.96800 -30.99030
vt 27.95930 -30.98490
vt 27.98410 -31.02100
vt 27.97430 -31.01720
vt 27.97860 -31.02440
vt 27.97980 -31.01390
vt 28.01080 -31.01020
vt 28.02050 -31.02010
vt 27.99840 -30.98790
vt 28.00560 -30.99970
vt 27.98740 -30.96130
vt 27.99210 -30.97390
vt 28.02570 -30.98750
vt 28.02470 -30.97530
vt 28.01860 -30.97570
vt 28.02900 -30.98250
vt 28.01350 -30.96580
vt 28.01470 -30.95400
vt 28.00880 -30.95330
vt 28.01750 -30.96160
vt 28.02770 -30.99370
vt 28.04070 -30.99620
vt 28.03490 -30.99020
vt 28.03740 -31.00360
vt 28.00520 -31.01070
vt 28.00810 -30.97390
vt 27.98970 -30.98510
vt 28.02360 -30.99950
vt 28.00170 -31.00940
vt 28.03800 -31.01580
vt 28.01710 -30.99440
vt 28.02260 -31.03080
vt 27.98980 -30.98420
vt 27.99920 -30.94980
vt 27.97960 -30.95710
vt 28.00930 -30.97690
vt 28.00670 -30.98290
vt 28.01390 -30.99470
vt 28.01780 -31.00340
vt 28.02740 -31.01330
vt 27.99620 -30.95800
vt 28.00090 -30.97060
vt 27.98250 -30.97750
vt 27.97770 -30.96490
vt 27.99640 -31.00530
vt 27.98930 -30.99340
vt 28.01290 -31.02760
vt 28.00320 -31.01770
vt 27.98920 -30.97740
vt 28.01080 -30.97740
vt 28.01080 -30.96200
vt 27.98920 -30.96200
vt 27.99310 -30.97260
vt 28.00690 -30.97260
vt 28.00690 -30.96260
vt 27.99310 -30.96260
vt 28.00000 -30.97280
vt 27.98070 -30.98710
vt 28.00000 -30.98270
vt 27.97180 -30.97950
vt 28.01930 -30.98710
vt 28.02820 -30.97950
vt 27.98920 -30.99480
vt 28.01080 -30.99480
vt 28.01080 -30.97640
vt 27.98920 -30.97640
vt 28.00000 -30.98640
vt 27.98070 -31.00360
vt 28.00000 -30.99830
vt 27.97180 -30.99440
vt 28.01930 -31.00360
vt 28.02820 -30.99440
vt 27.99310 -30.98610
vt 28.00690 -30.98610
vt 28.00690 -30.97430
vt 27.99310 -30.97430
vt 27.98960 -31.01020
vt 28.01040 -31.01020
vt 28.01040 -30.99070
vt 27.98960 -30.99070
vt 27.99330 -30.99910
vt 28.00670 -30.99910
vt 28.00670 -30.98650
vt 27.99330 -30.98650
vt 28.00000 -30.99940
vt 27.98130 -31.01750
vt 28.00000 -31.01200
vt 27.97270 -31.00790
vt 28.01870 -31.01750
vt 28.02730 -31.00790
vt 27.98120 -31.03790
vt 27.97610 -31.03200
vt 28.02390 -31.03200
vt 28.01880 -31.03790
vt 28.01870 -30.96490
vt 28.02390 -30.98270
vt 28.01880 -30.98490
vt 27.98130 -30.96490
vt 27.97610 -30.98270
vt 27.98120 -30.98490
vt 28.01930 -30.99340
vt 28.02470 -31.01390
vt 28.01940 -31.01720
vt 27.98070 -30.99340
vt 27.97530 -31.01390
vt 27.98060 -31.01720
vt 28.01080 -31.00940
vt 27.98920 -31.00940
vt 27.98920 -31.03080
vt 28.01080 -31.03080
vt 28.01930 -31.01770
vt 28.00000 -31.02330
vt 28.00000 -31.01340
vt 27.98070 -31.01770
vt 28.01040 -30.95710
vt 27.98960 -30.95710
vt 27.98960 -30.98420
vt 28.01040 -30.98420
vt 28.00000 -30.97540
vt 28.01870 -30.97750
vt 28.00000 -30.96280
vt 27.98130 -30.97750
vt 28.01080 -30.98510
vt 27.98920 -30.98510
vt 27.98920 -31.01070
vt 28.01080 -31.01070
vt 28.00000 -31.00210
vt 28.00000 -30.99020
vt 28.02470 -31.03970
vt 28.01940 -31.04420
vt 27.97530 -31.03970
vt 27.98060 -31.04420
vt 28.00690 -31.00340
vt 27.99310 -31.00340
vt 27.99310 -31.01330
vt 28.00690 -31.01330
vt 28.00670 -30.95800
vt 27.99330 -30.95800
vt 27.99330 -30.97060
vt 28.00670 -30.97060
vt 28.00690 -30.98290
vt 27.99310 -30.98290
vt 27.99310 -30.99470
vt 28.00690 -30.99470
vt 6.00356 -32.96880
vt 6.00119 -32.94030
vt 5.98346 -32.95670
vt 5.98524 -32.93090
vt 5.96924 -32.93460
vt 5.96767 -32.95420
vt 5.97581 -32.98550
vt 5.98866 -32.99250
vt 5.96943 -32.97620
vt 6.03229 -33.04630
vt 6.00996 -32.98480
vt 6.00966 -33.01080
vt 6.03233 -33.06910
vt 6.02036 -33.05900
vt 6.00413 -33.01790
vt 5.98745 -32.95870
vt 5.98669 -32.97050
vt 5.98815 -32.94050
vt 6.01438 -32.96920
vt 5.98639 -32.98520
vt 6.01443 -32.98520
vt 5.98635 -32.96920
vt 6.01430 -33.00120
vt 5.98627 -33.00120
vt 5.98588 -32.95450
vt 6.01365 -32.93460
vt 5.98562 -32.93480
vt 6.01392 -32.95420
vt 5.98618 -32.97650
vt 6.01421 -32.97620
vt 5.98630 -32.98580
vt 6.01433 -32.98550
vt 5.99511 -32.97050
vt 6.00991 -32.97050
vt 5.99511 -32.95870
vt 6.00991 -32.95870
vt 5.99511 -32.94050
vt 6.00991 -32.94050
vt 5.99511 -33.01790
vt 5.99511 -33.05900
vt 6.00991 -33.05900
vt 6.00991 -33.01790
vt 5.99881 -32.94060
vt 5.99644 -32.96900
vt 6.01654 -32.95700
vt 6.01476 -32.93120
vt 6.03076 -32.93480
vt 6.03233 -32.95450
vt 6.03057 -32.97650
vt 6.02419 -32.98580
vt 6.01134 -32.99280
vt 5.97964 -33.05900
vt 5.99034 -33.01080
vt 5.96767 -33.06910
vt 5.99587 -33.01790
vt 5.99004 -32.98480
vt 5.96771 -33.04630
vt 6.01185 -32.94050
vt 6.01255 -32.95870
vt 6.01331 -32.97050
vt 5.99532 -33.03230
vt 6.00991 -33.02040
vt 5.99511 -33.02040
vt 6.00991 -33.03230
vt 5.98639 -32.98870
vt 6.01433 -32.97580
vt 5.98630 -32.97580
vt 6.01443 -32.98870
vt 6.00489 -33.04630
vt 5.99009 -33.04630
vt 6.00468 -33.06910
vt 5.99009 -33.06910
vt 6.00489 -32.98480
vt 5.99009 -32.98480
vt 6.00489 -32.94050
vt 5.99009 -32.94050
vt 5.98627 -32.94030
vt 6.01392 -32.96900
vt 6.01430 -32.94060
vt 5.98589 -32.96880
vt 6.01361 -32.99280
vt 5.98557 -32.99250
vt 20.00360 -46.96900
vt 20.00120 -46.94060
vt 19.98350 -46.95700
vt 19.98520 -46.93120
vt 19.96920 -46.93480
vt 19.96770 -46.95450
vt 19.96940 -46.97650
vt 19.97580 -46.98580
vt 19.98870 -46.99280
vt 20.00970 -47.01080
vt 20.02040 -47.05900
vt 20.03230 -47.06910
vt 20.00410 -47.01790
vt 19.98740 -46.95870
vt 20.01000 -46.98480
vt 19.98810 -46.94050
vt 19.98670 -46.97050
vt 20.03230 -47.04630
vt 20.01360 -46.98520
vt 19.98560 -46.96920
vt 19.98560 -46.98520
vt 20.01370 -46.96920
vt 19.98570 -47.00120
vt 20.01370 -47.00120
vt 20.01410 -46.95450
vt 19.98630 -46.93460
vt 19.98610 -46.95420
vt 20.01440 -46.93480
vt 20.01380 -46.97650
vt 19.98580 -46.97620
vt 20.01370 -46.98580
vt 19.98570 -46.98550
vt 20.00490 -46.97050
vt 20.00490 -46.95870
vt 19.99010 -46.97050
vt 19.99010 -46.95870
vt 20.00490 -46.94050
vt 19.99010 -46.94050
vt 20.00490 -47.01790
vt 19.99010 -47.05900
vt 20.00490 -47.05900
vt 19.99010 -47.01790
vt 19.99640 -46.96880
vt 20.01650 -46.95670
vt 19.99880 -46.94030
vt 20.01480 -46.93090
vt 20.03080 -46.93460
vt 20.03230 -46.95420
vt 20.02420 -46.98550
vt 20.01130 -46.99250
vt 20.03060 -46.97620
vt 19.99000 -46.98480
vt 19.96770 -47.04630
vt 19.99030 -47.01080
vt 19.96770 -47.06910
vt 19.97960 -47.05900
vt 19.99590 -47.01790
vt 20.01330 -46.97050
vt 20.01260 -46.95870
vt 20.01190 -46.94050
vt 20.00470 -47.03230
vt 19.99010 -47.02040
vt 19.99010 -47.03230
vt 20.00490 -47.02040
vt 20.01360 -46.98870
vt 19.98570 -46.97580
vt 19.98560 -46.98870
vt 20.01370 -46.97580
vt 19.99510 -47.04630
vt 19.99530 -47.06910
vt 20.00990 -47.04630
vt 20.00990 -47.06910
vt 19.99510 -46.98480
vt 20.00990 -46.98480
vt 19.99510 -46.94050
vt 20.00990 -46.94050
vt 20.01370 -46.94030
vt 19.98570 -46.94060
vt 19.98610 -46.96900
vt 20.01410 -46.96880
vt 19.98640 -46.99280
vt 20.01440 -46.99250
vt 7.99689 -20.96540
vt 8.00681 -21.03500
vt 8.02908 -21.03440
vt 7.98314 -20.96500
vt 7.98702 -21.03420
vt 7.97092 -20.96550
vt 8.00926 -20.97090
vt 7.98374 -20.98310
vt 8.01626 -20.98310
vt 7.99074 -20.97090
vt 8.01091 -20.99690
vt 7.98909 -20.99690
vt 8.01500 -21.03420
vt 7.99074 -20.96550
vt 7.98500 -21.03420
vt 8.00926 -20.96550
vt 8.00311 -20.96540
vt 7.97092 -21.03440
vt 7.99319 -21.03500
vt 8.01686 -20.96500
vt 8.01298 -21.03420
vt 8.02908 -20.96550
vt 8.02634 -21.00680
vt 7.97366 -21.00680
vt 7.98232 -21.02910
vt 8.01768 -21.02910
vt 7.98500 -20.98700
vt 8.01500 -20.98700
vt 7.98909 -20.96540
vt 7.98232 -21.03440
vt 8.01091 -20.96540
vt 8.01768 -21.03440
vt 33.99880 -56.99320
vt 33.99370 -56.96270
vt 33.98070 -56.95640
vt 34.00670 -56.98860
vt 34.02300 -57.03210
vt 33.99420 -57.00960
vt 34.01920 -57.04360
vt 34.02020 -57.02890
vt 33.97700 -56.97090
vt 34.01070 -56.99370
vt 33.98960 -56.98070
vt 33.98930 -56.99370
vt 34.01070 -56.98070
vt 34.01040 -56.95640
vt 33.98930 -56.97090
vt 34.01070 -56.97090
vt 33.98930 -56.95640
vt 34.01070 -57.04360
vt 33.98930 -57.00960
vt 33.98930 -57.04360
vt 34.01070 -57.00960
vt 34.01930 -56.95640
vt 34.00120 -56.99320
vt 34.02300 -56.97090
vt 34.00580 -57.00960
vt 34.00630 -56.96270
vt 33.99330 -56.98860
vt 33.97980 -57.02890
vt 33.97700 -57.03210
vt 33.98080 -57.04360
vt 34.01070 -57.03210
vt 33.98930 -57.03210
vt 33.98930 -56.98860
vt 34.01070 -56.96270
vt 33.98930 -56.96270
vt 34.01070 -56.98860
vt 33.98930 -57.02890
vt 34.01070 -57.02890
vn 1.0000 0.0000 0.0000
vn 0.0000 0.8976 -0.4331
vn 0.0000 0.2520 0.9685
vn 0.0000 -0.5906 0.8032
vn 0.0000 -0.4016 0.9134
vn -1.0000 0.0079 -0.0079
vn -1.0000 0.0000 0.0000
vn -1.0000 0.0000 0.0157
vn 0.0000 -0.3150 -0.9449
vn 0.0000 0.4488 -0.8898
vn 0.0000 0.3150 -0.9449
vn 0.0000 0.6535 -0.7559
vn 0.9055 0.2520 -0.3465
vn 0.8661 -0.0472 0.4961
vn 0.0000 1.0000 0.0394
vn 0.0000 1.0000 -0.0315
vn 0.0000 -0.2283 0.9764
vn -0.9055 0.2520 -0.3465
vn -0.8661 -0.0472 0.4961
vn 0.0000 -1.0000 -0.0315
vn 0.0000 -1.0000 0.0394
vn 0.0000 0.4252 -0.9055
vn 0.9843 0.0079 -0.1811
vn 0.9843 0.0157 -0.1654
vn 0.8583 0.4961 -0.1260
vn 0.8346 0.5512 -0.0866
vn 0.9134 0.4094 -0.0709
vn 0.9134 0.4016 -0.0630
vn 0.9370 0.3465 0.0630
vn 0.0000 0.9843 -0.1575
vn 0.0000 0.9449 -0.3307
vn 0.0000 0.9449 -0.3150
vn 0.0000 0.9291 -0.3701
vn 0.0000 0.9921 -0.0945
vn 0.0000 0.8583 -0.5118
vn 0.0000 0.9843 -0.1968
vn 0.0000 0.1654 0.9843
vn 0.0000 0.7008 0.7087
vn -0.9843 0.0079 -0.1811
vn -0.9843 0.0157 -0.1654
vn -0.8346 0.5512 -0.0866
vn -0.8583 0.4961 -0.1260
vn -0.9134 0.4094 -0.0709
vn -0.9134 0.4016 -0.0630
vn -0.9370 0.3465 0.0630
vn 0.0000 -0.8268 -0.5591
vn 0.0000 -0.9685 -0.2520
vn 0.0000 -1.0000 -0.0630
vn 0.0000 -0.9843 0.1575
vn 0.0000 -0.9291 0.3780
vn 0.0000 -0.8583 0.5118
vn 0.9843 -0.0551 -0.1811
vn 0.9843 -0.0236 -0.1732
vn 0.9843 -0.0787 -0.1732
vn 0.9921 -0.0630 -0.1260
vn 0.9921 -0.0236 -0.1102
vn 1.0000 -0.0079 -0.0709
vn 0.9843 -0.1417 -0.1102
vn 1.0000 0.0000 -0.0157
vn 1.0000 -0.0866 -0.0157
vn 0.8268 0.4646 0.3071
vn 0.6929 -0.4331 0.5827
vn 0.8583 -0.4173 -0.3071
vn 0.7008 0.2913 -0.6535
vn 0.7008 -0.2913 0.6535
vn 0.6772 0.4252 -0.5984
vn 0.8583 0.4173 0.3071
vn 0.8189 -0.4646 -0.3386
vn 1.0000 0.0394 0.0157
vn 0.9921 0.0394 0.0866
vn 0.9921 0.0709 0.1024
vn 1.0000 -0.0079 0.0709
vn 1.0000 0.0394 0.0630
vn 0.9921 0.0630 0.1260
vn 0.9921 0.0630 0.1339
vn 0.9843 0.0630 0.1496
vn 0.0000 1.0000 0.0000
vn 0.0000 0.8268 -0.5591
vn 0.0000 0.8346 -0.5591
vn 0.0000 0.9685 0.2441
vn 0.0000 -0.3622 0.9291
vn 0.0000 0.0000 1.0000
vn 0.0000 0.3622 0.9291
vn 0.0000 0.6378 0.7717
vn 0.0000 -0.4173 0.9055
vn 0.0000 -0.7087 0.7087
vn 0.0000 -0.6929 0.7244
vn 0.1181 -0.5591 0.8189
vn -0.1181 -0.5591 0.8189
vn 0.0000 -0.4567 0.8898
vn 0.0000 0.0945 0.9921
vn 0.0000 0.2283 0.9764
vn 0.0000 0.0394 1.0000
vn -0.9685 -0.0315 -0.2362
vn -0.9764 -0.0157 -0.2047
vn -0.9764 -0.1417 -0.1654
vn -0.9921 -0.0394 -0.1181
vn -0.9764 -0.1968 -0.1024
vn -0.9921 -0.0551 -0.0866
vn -1.0000 -0.0079 -0.0394
vn -0.9921 -0.1024 -0.0157
vn -0.8110 0.4646 0.3465
vn -0.8583 -0.4173 -0.3071
vn -0.6693 -0.4252 0.6063
vn -0.7008 0.2913 -0.6535
vn -0.7008 -0.2913 0.6535
vn -0.7008 0.4252 -0.5748
vn -0.8583 0.4173 0.3071
vn -0.8346 -0.4567 -0.3071
vn -1.0000 0.0000 0.0315
vn -1.0000 0.0315 0.0315
vn -0.9921 0.0787 0.1024
vn -0.9921 0.0079 0.1181
vn -0.9843 -0.0787 0.1654
vn -1.0000 0.0157 0.0787
vn -0.9843 0.0787 0.1417
vn -0.9843 0.0079 0.1575
vn 0.0000 -1.0000 0.0079
vn 0.0000 -0.9921 0.1181
vn 0.0000 -0.9134 0.4016
vn 0.0000 -1.0000 -0.0157
vn 0.1260 -0.9921 0.0000
vn 0.0945 -0.9843 -0.1654
vn 0.0945 -0.9843 -0.1575
vn -0.1260 -0.9921 0.0000
vn -0.0945 -0.9843 -0.1654
vn -0.0945 -0.9843 -0.1575
vn 0.0000 -0.9685 -0.2441
vn 0.0000 -0.8346 0.5591
vn 0.0000 -0.8268 0.5591
vn 0.0000 -1.0000 0.0000
vn 0.0000 -0.8583 -0.5118
vn 0.0000 -0.1890 -0.9843
vn 0.0000 -0.4646 -0.8819
vn 0.0000 -0.0394 -1.0000
vn 0.0000 0.4567 -0.8898
vn 0.0000 0.7087 -0.7087
vn 0.0000 0.0315 -1.0000
vn 0.0000 0.3622 -0.9291
vn 0.0000 -0.3622 -0.9291
vn 0.8504 0.0472 -0.5197
vn 0.9370 0.0472 -0.3465
vn 1.0000 -0.0079 -0.0315
vn 0.9528 -0.0551 0.2913
vn 0.8740 -0.0157 0.4882
vn 0.0000 0.9370 -0.3465
vn -0.1181 0.9843 -0.1102
vn 0.1181 0.9843 -0.1102
vn -0.0709 0.9921 0.1181
vn 0.0709 0.9921 0.1181
vn 0.0000 0.1732 0.9843
vn 0.4646 0.1732 0.8661
vn -0.4646 0.1732 0.8661
vn -0.5906 -0.5354 0.6063
vn 0.5906 -0.5354 0.6063
vn -0.8504 0.0472 -0.5197
vn -0.9370 0.0472 -0.3465
vn -1.0000 -0.0079 -0.0315
vn -0.9528 -0.0551 0.2913
vn -0.8740 -0.0157 0.4882
vn 0.1024 -0.9843 -0.1496
vn -0.1024 -0.9843 -0.1496
vn 0.0866 -0.9921 0.0551
vn -0.0866 -0.9921 0.0551
vn 0.0000 -0.9606 0.2913
vn -0.4646 -0.1732 -0.8661
vn 0.4646 -0.1732 -0.8661
vn 0.0000 -0.1732 -0.9843
vn 0.5906 0.5354 -0.6063
vn -0.5906 0.5354 -0.6063
vn 1.0000 0.0000 0.0551
vn 0.7874 -0.5984 0.1181
vn 1.0000 -0.0551 0.0630
vn 0.9370 0.3465 0.0079
vn 1.0000 -0.0315 0.0709
vn 0.7874 -0.6142 -0.0079
vn 0.9921 -0.0630 0.0709
vn 0.9370 0.3307 0.1102
vn 1.0000 -0.0079 0.0551
vn 0.7874 -0.6142 -0.0157
vn 1.0000 -0.0709 0.0472
vn 0.9370 0.3386 0.0866
vn 0.8268 0.5512 0.0551
vn 0.8898 0.4646 -0.0394
vn 0.9055 0.4016 0.1339
vn 0.8661 -0.4961 -0.0945
vn 0.9843 -0.1575 -0.0709
vn 0.9921 -0.0866 -0.0630
vn 0.7953 0.6063 0.0157
vn 0.8583 -0.4961 -0.1181
vn 0.9843 -0.1339 -0.0945
vn 0.9921 -0.0866 -0.0866
vn 0.7953 0.6063 0.0079
vn 0.7323 0.6772 0.0315
vn 0.9921 -0.1024 -0.0394
vn 0.8661 -0.5039 0.0157
vn 0.9843 -0.1732 -0.0315
vn 0.7953 0.5984 -0.1181
vn 0.7323 0.6693 -0.1181
vn 0.0000 0.7244 -0.6850
vn 0.0000 1.0000 0.0630
vn 0.0000 0.9528 0.3150
vn 0.0000 0.9921 0.1181
vn 0.0000 1.0000 -0.0787
vn -0.4803 0.8740 0.0945
vn 0.4803 0.8740 0.0945
vn -0.4803 0.8661 0.1102
vn 0.4803 0.8661 0.1102
vn -0.4803 0.8740 -0.1024
vn 0.4803 0.8740 -0.1024
vn 0.0000 0.0787 1.0000
vn 0.0000 0.3150 0.9449
vn 0.0000 0.1024 0.9921
vn 0.0630 0.1024 0.9921
vn -0.0630 0.1024 0.9921
vn -0.1811 -0.0157 0.9843
vn -0.1024 -0.0315 0.9921
vn -0.0709 -0.0472 1.0000
vn 0.1024 -0.0315 0.9921
vn 0.0709 -0.0472 1.0000
vn 0.1811 -0.0157 0.9843
vn 0.2362 -0.0157 0.9685
vn -0.2362 -0.0157 0.9685
vn 0.0000 0.2992 0.9528
vn 0.0000 -0.1181 0.9921
vn 0.0000 -0.1339 0.9921
vn 0.0472 -0.1339 0.9921
vn -0.0472 -0.1339 0.9921
vn -0.1339 -0.2126 0.9685
vn -0.0709 -0.2283 0.9685
vn -0.0472 -0.2441 0.9685
vn 0.0709 -0.2283 0.9685
vn 0.0472 -0.2441 0.9685
vn 0.1339 -0.2126 0.9685
vn 0.1732 -0.2126 0.9606
vn -0.1732 -0.2126 0.9606
vn 0.0000 0.0472 1.0000
vn 0.0000 -0.3150 0.9528
vn 0.0000 -0.1260 0.9921
vn 0.0630 -0.1260 0.9921
vn -0.0630 -0.1260 0.9921
vn -0.1811 -0.2362 0.9528
vn -0.1024 -0.2598 0.9606
vn -0.0709 -0.2677 0.9606
vn 0.1024 -0.2598 0.9606
vn 0.0709 -0.2677 0.9606
vn 0.1811 -0.2362 0.9528
vn 0.2362 -0.2362 0.9449
vn -0.2362 -0.2362 0.9449
vn -0.9370 0.3465 0.0079
vn -1.0000 0.0000 0.0551
vn -1.0000 -0.0551 0.0630
vn -0.7874 -0.5984 0.1181
vn -0.9370 0.3307 0.1102
vn -1.0000 -0.0315 0.0709
vn -0.9921 -0.0630 0.0709
vn -0.7874 -0.6142 -0.0079
vn -0.9370 0.3386 0.0866
vn -1.0000 -0.0079 0.0551
vn -1.0000 -0.0709 0.0472
vn -0.7874 -0.6142 -0.0157
vn -0.8268 0.5512 0.0551
vn -0.8898 0.4646 -0.0394
vn -0.9055 0.4016 0.1339
vn -0.9921 -0.0866 -0.0630
vn -0.7953 0.6063 0.0157
vn -0.9843 -0.1575 -0.0709
vn -0.8661 -0.4961 -0.0945
vn -0.9921 -0.0866 -0.0866
vn -0.7953 0.6063 0.0079
vn -0.9843 -0.1339 -0.0945
vn -0.8583 -0.4961 -0.1181
vn -0.7323 0.6772 0.0315
vn -0.9921 -0.1024 -0.0394
vn -0.7953 0.5984 -0.1181
vn -0.9843 -0.1732 -0.0315
vn -0.8661 -0.5039 0.0157
vn -0.7323 0.6693 -0.1181
vn -0.5512 -0.8268 0.1181
vn 0.5512 -0.8268 0.1181
vn -0.5512 -0.8346 -0.0787
vn 0.5512 -0.8346 -0.0787
vn -0.5512 -0.8346 -0.0709
vn 0.5512 -0.8346 -0.0709
vn 0.0000 -1.0000 0.0787
vn 0.4173 -0.9055 0.1102
vn -0.4173 -0.9055 0.1102
vn 0.0000 -0.9528 -0.3150
vn 0.0000 -0.9921 -0.1181
vn 0.4173 -0.9055 -0.1102
vn -0.4173 -0.9055 -0.1102
vn 0.4173 -0.9055 -0.0945
vn -0.4173 -0.9055 -0.0945
vn 0.0000 0.3150 -0.9528
vn 0.0472 0.0866 -0.9921
vn 0.0394 0.0787 -0.9921
vn -0.0236 0.0236 -1.0000
vn 0.0787 0.1417 -0.9843
vn 0.0787 0.1575 -0.9843
vn -0.0787 0.1417 -0.9843
vn -0.0787 0.1575 -0.9843
vn -0.0394 0.0787 -0.9921
vn -0.0472 0.0866 -0.9921
vn 0.0236 0.0236 -1.0000
vn -0.0630 0.1260 -0.9921
vn 0.0000 0.1260 -0.9921
vn 0.0630 0.1260 -0.9921
vn 0.0000 0.4488 -0.8976
vn 0.0000 0.1181 -0.9921
vn 0.0394 0.1102 -0.9921
vn 0.0315 0.1024 -0.9921
vn -0.0157 0.0630 -1.0000
vn 0.0630 0.1496 -0.9843
vn 0.0630 0.1417 -0.9843
vn 0.0551 0.1575 -0.9843
vn -0.0630 0.1496 -0.9843
vn -0.0551 0.1575 -0.9843
vn -0.0630 0.1417 -0.9843
vn -0.0315 0.1024 -0.9921
vn -0.0394 0.1102 -0.9921
vn 0.0157 0.0630 -1.0000
vn -0.0472 0.1339 -0.9921
vn 0.0000 0.1339 -0.9921
vn 0.0472 0.1339 -0.9921
vn 0.0000 0.1417 -0.9921
vn 0.0000 -0.0787 -1.0000
vn 0.0472 -0.1417 -0.9921
vn 0.0394 -0.1496 -0.9843
vn -0.0236 -0.1968 -0.9764
vn 0.0787 -0.0866 -0.9921
vn 0.0787 -0.0709 -0.9921
vn -0.0787 -0.0866 -0.9921
vn -0.0787 -0.0709 -0.9921
vn -0.0394 -0.1496 -0.9843
vn -0.0472 -0.1417 -0.9921
vn 0.0236 -0.1968 -0.9764
vn -0.0630 -0.1024 -0.9921
vn 0.0000 -0.1024 -0.9921
vn 0.0630 -0.1024 -0.9921
vn 0.9606 -0.2756 0.0000
vn 0.7087 0.7087 0.0000
vn 0.4331 0.8976 0.0000
vn -0.9370 0.3543 0.0000
vn -0.9134 -0.4016 0.0000
vn 0.0394 -1.0000 0.0000
vn -0.4961 -0.8661 0.0000
vn -0.6457 -0.7638 0.0000
vn 0.0157 0.0079 -1.0000
vn 0.0000 -0.0079 -1.0000
vn 0.0000 0.0000 -1.0000
vn 0.9370 0.3543 0.0000
vn 0.9134 -0.4016 0.0000
vn -0.7087 0.7087 0.0000
vn -0.4331 0.8976 0.0000
vn -0.9606 -0.2756 0.0000
vn -0.0394 -1.0000 0.0000
vn 0.4961 -0.8661 0.0000
vn 0.6457 -0.7638 0.0000
vn -0.0157 0.0079 -1.0000
vn 0.0079 -0.0079 -1.0000
vn 0.9764 0.1181 0.1575
vn 0.8898 0.0551 0.4488
vn 0.7402 -0.0472 0.6693
vn 0.9921 0.0315 -0.1102
vn 1.0000 0.0157 0.0709
vn 0.8976 -0.0866 -0.4331
vn 0.9291 -0.0236 -0.3701
vn -0.2835 0.8740 -0.3858
vn -0.2677 0.9291 -0.2677
vn 0.1968 0.8583 -0.4803
vn 0.1654 0.9370 -0.2992
vn 0.0000 0.9370 -0.3543
vn 0.0000 -0.0630 1.0000
vn -0.6693 -0.0472 0.7402
vn -0.9528 0.1417 0.2598
vn -0.9291 0.0394 0.3701
vn -0.9921 0.0315 -0.1102
vn -1.0000 0.0157 0.0709
vn -0.9213 -0.0630 -0.3780
vn -0.9370 -0.0236 -0.3465
vn -0.0315 -1.0000 0.0787
vn 0.0472 -1.0000 0.0630
vn 0.0000 -0.9843 0.1811
vn -0.0866 -0.9843 0.1417
vn 0.1339 -0.9843 0.1339
vn -0.4173 0.5118 -0.7480
vn 0.3386 0.5118 -0.7953
vn 0.0000 0.5118 -0.8583
vn 0.0000 0.9843 0.1654
vn 0.0000 0.9843 0.1890
vn 0.0000 0.7559 0.6535
vn 0.0000 -0.0945 0.9921
vn 0.0000 -0.0157 1.0000
vn 0.0000 0.4094 0.9134
vn 0.0000 0.5197 0.8504
vn 0.0000 0.4646 0.8819
vn 0.0000 0.5984 0.7953
vn 0.0000 -0.0472 1.0000
vn -1.0000 -0.0079 -0.0236
vn -1.0000 -0.0079 0.0079
vn -1.0000 0.0157 0.0079
vn -1.0000 -0.0079 -0.0157
vn -1.0000 -0.0157 -0.0157
vn -1.0000 0.0079 0.0079
vn 0.0000 -0.9921 -0.0866
vn 0.0000 -0.7480 -0.6614
vn 0.0000 -0.9843 -0.1575
vn 0.0000 -0.7087 -0.7008
vn 0.0000 0.4961 -0.8661
vn 0.0000 -0.1811 -0.9843
vn 0.0000 -0.4961 -0.8661
vn 0.0000 -0.2126 -0.9764
vn 0.0000 -0.6063 -0.7953
vn 0.0000 -0.5827 -0.8110
vn 0.0000 -0.5354 -0.8425
vn 0.8504 0.5197 -0.0551
vn -0.2047 0.9764 0.0000
vn -0.1654 -0.1024 0.9843
vn 0.2441 0.1496 0.9606
vn 0.5276 0.3228 0.7874
vn 0.4488 0.2756 0.8504
vn 0.2126 -0.9764 0.0079
vn 0.2047 -0.9764 -0.0079
vn 0.2047 -0.9764 0.0000
vn 0.0866 0.0551 -0.9921
vn -0.6378 -0.3937 -0.6614
vn -0.4488 -0.2756 -0.8504
vn 0.8425 0.5197 0.1654
vn -0.3071 -0.1890 0.9291
vn -0.3622 -0.2283 0.9055
vn -0.7165 -0.4409 -0.5433
vn 0.2047 -0.9764 0.0079
vn -0.2835 -0.1732 -0.9449
vn 0.5906 0.3622 -0.7165
vn 0.2283 0.1417 -0.9606
vn 0.5276 0.3228 -0.7874
vn 0.2047 0.9764 0.0000
vn 0.1654 -0.1024 0.9843
vn -0.2441 0.1496 0.9606
vn -0.5276 0.3228 0.7874
vn -0.4488 0.2756 0.8504
vn -0.8504 0.5197 -0.0551
vn -0.2126 -0.9764 0.0079
vn -0.2047 -0.9764 -0.0079
vn -0.2047 -0.9764 0.0000
vn -0.0866 0.0551 -0.9921
vn 0.6378 -0.3937 -0.6614
vn 0.4488 -0.2756 -0.8504
vn 0.7165 -0.4409 -0.5433
vn 0.3071 -0.1890 0.9291
vn 0.3622 -0.2283 0.9055
vn -0.8425 0.5197 0.1654
vn -0.2047 -0.9764 0.0079
vn 0.2835 -0.1732 -0.9449
vn -0.5906 0.3622 -0.7165
vn -0.2283 0.1417 -0.9606
vn -0.5276 0.3228 -0.7874
vn 1.0000 -0.0079 -0.0236
vn 1.0000 -0.0079 0.0079
vn 1.0000 0.0157 0.0079
vn 1.0000 -0.0079 -0.0157
vn 1.0000 0.0079 0.0079
vn 1.0000 -0.0157 -0.0157
vn 0.9528 0.1417 0.2756
vn 0.9291 0.0394 0.3701
vn 0.9213 -0.0630 -0.3780
vn 0.9370 -0.0236 -0.3465
vn 0.3386 0.8583 -0.3858
vn 0.2677 0.9291 -0.2677
vn -0.1968 0.8583 -0.4803
vn -0.1654 0.9370 -0.2992
vn 0.6693 -0.0472 0.7402
vn -0.9764 0.1181 0.1575
vn -0.8898 0.0551 0.4488
vn -0.7402 -0.0472 0.6693
vn -0.8976 -0.0866 -0.4331
vn -0.9291 -0.0236 -0.3701
vn 0.0315 -1.0000 0.0787
vn -0.0551 -1.0000 0.0630
vn 0.0866 -0.9843 0.1417
vn -0.1339 -0.9843 0.1339
vn 0.5512 0.5118 -0.6614
vn -0.3386 0.5118 -0.7953
vn 0.7717 -0.2992 -0.5591
vn 0.7717 -0.3780 -0.5197
vn 0.7717 -0.4409 -0.4646
vn 0.9921 -0.0551 -0.1024
vn 0.9921 -0.0709 -0.0945
vn 0.9921 -0.0787 -0.0866
vn 0.8898 0.2126 0.3937
vn 0.8898 0.2677 0.3622
vn 0.8898 0.3071 0.3228
vn 0.0000 0.9606 -0.2756
vn 0.0000 0.7244 -0.6929
vn 0.0000 0.9921 -0.1417
vn 0.0000 0.8110 -0.5906
vn 0.0000 1.0000 -0.0079
vn 0.0000 0.8819 -0.4724
vn 0.0000 -0.5906 0.8110
vn 0.0000 0.4724 0.8819
vn 0.0000 0.6929 0.7244
vn 0.0000 0.5906 0.8110
vn 0.0000 -0.4724 0.8819
vn -0.3150 0.4488 0.8346
vn 0.3150 0.4488 0.8346
vn -0.3150 0.6535 0.6850
vn 0.3150 0.6535 0.6850
vn -0.3150 0.5591 0.7717
vn 0.3150 0.5591 0.7717
vn 0.3150 -0.5906 0.7480
vn -0.3150 -0.5906 0.7480
vn 0.0000 -0.3543 0.9370
vn 0.3150 -0.4803 0.8189
vn -0.3150 -0.4803 0.8189
vn -0.7717 -0.2992 -0.5591
vn -0.7717 -0.3780 -0.5197
vn -0.7717 -0.4409 -0.4646
vn -0.9921 -0.0551 -0.1024
vn -0.9921 -0.0709 -0.0945
vn -0.9921 -0.0787 -0.0866
vn -0.8898 0.2126 0.3937
vn -0.8898 0.2677 0.3622
vn -0.8898 0.3071 0.3228
vn 0.0000 -0.8819 0.4724
vn 0.3150 -0.6850 0.6614
vn -0.3150 -0.6850 0.6614
vn 0.0000 -0.8110 0.5906
vn 0.0000 -0.7244 0.6929
vn -0.4724 0.2992 -0.8268
vn 0.4724 0.2992 -0.8268
vn -0.4724 0.4016 -0.7795
vn 0.4724 0.4016 -0.7795
vn 0.0000 -0.5906 -0.8110
vn 0.0000 -0.4724 -0.8819
vn 0.3071 -0.5591 -0.7717
vn -0.3071 -0.5591 -0.7717
vn 0.3071 -0.4488 -0.8425
vn -0.3071 -0.4488 -0.8425
vn 0.0000 -0.6929 -0.7244
vn 0.3071 -0.6614 -0.6929
vn -0.3071 -0.6614 -0.6929
vn -0.4724 0.5039 -0.7165
vn 0.4724 0.5039 -0.7165
vn 0.9291 -0.3465 -0.1575
vn 0.8740 0.4803 -0.0630
vn 0.7953 0.5748 0.1968
vn 0.8504 0.5118 0.1260
vn 0.9055 0.4252 -0.0472
vn 0.9921 -0.1102 -0.0394
vn 0.7717 -0.6063 -0.2126
vn 0.0000 0.9843 -0.1811
vn 0.0000 0.9764 0.2126
vn 0.0000 0.9528 0.3071
vn 0.0000 0.9921 -0.1024
vn 0.0000 0.9449 0.3307
vn 0.0000 1.0000 -0.0866
vn -0.5984 0.7795 0.1732
vn 0.5984 0.7795 0.1732
vn -0.3150 0.8976 0.3071
vn 0.3150 0.8976 0.3071
vn -0.3150 0.9213 0.2362
vn 0.3150 0.9213 0.2362
vn 0.0000 0.8740 -0.4882
vn 0.0000 -0.3307 0.9449
vn 0.3150 -0.0551 0.9449
vn -0.3150 -0.0551 0.9449
vn 0.0000 0.1260 0.9921
vn 0.0000 -0.2441 0.9685
vn 0.1575 -0.1260 0.9764
vn -0.1575 -0.1260 0.9764
vn 0.0000 0.4646 0.8898
vn 0.0000 0.0866 1.0000
vn -0.1811 -0.0079 0.9843
vn 0.1811 -0.0079 0.9843
vn 0.0000 0.4567 0.8898
vn -0.9291 -0.3465 -0.1575
vn -0.8740 0.4803 -0.0630
vn -0.7953 0.5748 0.1968
vn -0.8504 0.5118 0.1260
vn -0.9055 0.4252 -0.0472
vn -0.9921 -0.1102 -0.0394
vn -0.7717 -0.6063 -0.2126
vn 0.0000 -0.9921 0.1024
vn 0.0000 -1.0000 0.0866
vn 0.3071 -0.9213 -0.2362
vn -0.3071 -0.9213 -0.2362
vn 0.5118 -0.8346 -0.1890
vn -0.5118 -0.8346 -0.1890
vn 0.0000 -0.9449 -0.3307
vn 0.3071 -0.8976 -0.3150
vn -0.3071 -0.8976 -0.3150
vn 0.0000 -0.0945 -0.9921
vn 0.0000 0.2283 -0.9764
vn 0.0000 -0.0866 -1.0000
vn 0.0000 0.6850 -0.7323
vn 0.0000 0.2441 -0.9685
vn -0.2362 0.0709 -0.9685
vn 0.2362 0.0709 -0.9685
vn -0.4724 -0.1181 -0.8740
vn 0.4724 -0.1181 -0.8740
vn 0.0000 0.3307 -0.9449
vn 0.7717 -0.4488 -0.4567
vn 0.7717 -0.2283 -0.5984
vn 0.7717 -0.3307 -0.5433
vn 0.9921 -0.0630 -0.1024
vn 0.9921 -0.0394 -0.1102
vn 0.8898 0.2362 0.3858
vn 0.8898 0.1575 0.4173
vn 0.9449 0.2362 0.2441
vn 0.0000 0.9921 0.1260
vn 0.0000 1.0000 -0.0630
vn 0.0000 0.8583 -0.5197
vn 0.0000 0.7165 -0.7008
vn 0.0000 0.8976 -0.4409
vn 0.0000 -0.4094 0.9134
vn 0.0000 0.5197 0.8583
vn 0.0000 0.7008 0.7165
vn 0.0000 0.3543 0.9370
vn 0.3150 -0.4724 0.8268
vn -0.3150 -0.4724 0.8268
vn 0.0000 -0.5433 0.8425
vn -0.3150 0.4882 0.8110
vn 0.3150 0.4882 0.8110
vn -0.3150 0.3307 0.8898
vn 0.3150 0.3307 0.8898
vn -0.3150 0.6614 0.6772
vn 0.3150 0.6614 0.6772
vn 0.3150 -0.6457 0.6929
vn -0.3150 -0.6457 0.6929
vn -0.7717 -0.4488 -0.4567
vn -0.7717 -0.2283 -0.5984
vn -0.7717 -0.3307 -0.5433
vn -0.9921 -0.0630 -0.1024
vn -0.9921 -0.0394 -0.1102
vn -0.8898 0.2362 0.3858
vn -0.8898 0.1575 0.4173
vn -0.9449 0.2362 0.2441
vn 0.0000 -0.7165 0.7008
vn 0.0000 -0.8583 0.5197
vn 0.0000 -0.9370 0.3543
vn 0.3150 -0.7638 0.5669
vn -0.3150 -0.7638 0.5669
vn -0.4724 0.5984 -0.6457
vn 0.4724 0.5984 -0.6457
vn -0.4724 0.4724 -0.7480
vn 0.4724 0.4724 -0.7480
vn 0.0000 -0.7008 -0.7165
vn 0.3071 -0.6693 -0.6850
vn -0.3071 -0.6693 -0.6850
vn 0.0000 -0.3543 -0.9370
vn 0.3071 -0.3386 -0.8898
vn -0.3071 -0.3386 -0.8898
vn 0.0000 -0.5197 -0.8583
vn 0.3071 -0.4961 -0.8189
vn -0.3071 -0.4961 -0.8189
vn -0.4724 0.2913 -0.8346
vn 0.4724 0.2913 -0.8346
vn 1.0000 0.0157 0.0000
vn -0.0079 0.9764 0.2205
vn -0.0079 0.8583 -0.5039
vn 0.0000 -0.0787 1.0000
vn 0.0079 -0.5669 0.8268
vn 0.0000 0.0630 1.0000
vn 0.0000 -0.3701 0.9291
vn 0.0000 -0.3465 0.9370
vn -1.0000 -0.0157 0.0000
vn -1.0000 0.0000 -0.0157
vn 0.0000 -0.7638 0.6457
vn 0.0079 -0.8740 0.4803
vn 0.0000 0.3386 -0.9370
vn 0.0000 0.4409 -0.8976
vn 0.0000 0.0866 -1.0000
vn 0.0079 -0.5354 -0.8504
vn 1.0000 -0.0157 0.0000
vn 0.0079 0.9764 0.2205
vn 0.0079 0.8583 -0.5039
vn -0.0079 -0.5669 0.8268
vn -1.0000 0.0157 0.0000
vn -0.0079 -0.8740 0.4803
vn -0.0079 -0.5354 -0.8504
vn 1.0000 0.0000 0.0157
vn 1.0000 0.0079 -0.0079

o Meshes/set_10_dodo_013 (1)
usemtl c_ffebd2
f 1/1/1 2/2/1 3/3/1
f 3/3/1 4/4/1 1/1/1
f 5/5/1 3/3/1 6/6/1
f 3/3/1 5/5/1 4/4/1
f 7/7/1 6/6/1 3/3/1
f 7/7/1 2/2/1 8/8/1
f 2/2/1 7/7/1 3/3/1
f 5/9/2 9/10/2 4/11/2
f 9/10/2 5/9/2 10/12/2
f 11/13/3 1/14/3 9/15/3
f 1/14/3 4/16/3 9/15/3
f 12/17/4 2/18/4 13/19/4
f 2/18/4 12/17/4 8/20/4
f 11/13/5 13/19/5 2/18/5
f 2/18/5 1/14/5 11/13/5
f 9/21/6 14/22/6 11/23/6
f 13/24/6 11/23/6 14/22/6
f 13/24/7 15/25/7 12/26/7
f 15/25/7 13/24/7 14/22/7
f 16/27/7 15/25/7 14/22/7
f 14/22/8 10/28/8 16/27/8
f 10/28/8 14/22/8 9/21/8
f 8/17/9 12/20/9 7/29/9
f 15/30/9 7/29/9 12/20/9
f 10/31/10 5/32/10 16/33/10
f 5/32/10 6/34/10 16/33/10
f 17/35/11 16/33/11 6/34/11
f 6/34/11 18/36/11 17/35/11
f 7/29/12 15/30/12 18/36/12
f 17/35/12 18/36/12 15/30/12
f 19/37/13 20/38/13 21/39/13
f 22/40/13 20/38/13 19/37/13
f 22/40/14 23/41/14 20/38/14
f 23/41/14 22/40/14 24/42/14
f 24/43/15 25/44/15 26/45/15
f 22/46/15 25/44/15 24/43/15
f 25/44/16 19/47/16 27/48/16
f 19/47/16 25/44/16 22/46/16
f 28/49/17 24/50/17 26/51/17
f 24/50/17 28/49/17 23/52/17
f 27/53/18 29/54/18 25/55/18
f 29/54/18 27/53/18 30/56/18
f 25/55/19 29/54/19 28/57/19
f 25/55/19 28/57/19 26/58/19
f 29/59/20 21/60/20 20/61/20
f 21/60/20 29/59/20 30/62/20
f 29/59/21 23/63/21 28/64/21
f 23/63/21 29/59/21 20/61/21
f 30/65/22 19/66/22 21/67/22
f 19/66/22 30/65/22 27/68/22
o Head
usemtl c_ffebd2
f 31/69/23 32/70/23 33/71/23
f 33/71/23 34/72/23 31/69/23
f 35/73/1 36/74/1 37/75/1
f 36/74/1 35/73/1 38/76/1
f 35/73/1 39/77/1 38/76/1
f 39/77/1 35/73/1 40/78/1
f 33/71/24 36/74/24 34/72/24
f 36/74/24 33/71/24 37/75/24
f 41/79/25 42/73/26 43/80/26
f 44/81/26 43/80/26 42/73/26
f 42/73/26 45/82/26 44/81/26
f 42/73/26 41/79/25 46/75/25
f 41/79/25 47/71/27 46/75/25
f 41/79/25 48/83/28 47/71/27
f 49/84/29 47/71/27 48/83/28
f 47/71/27 49/84/29 50/85/29
f 42/86/30 46/87/31 51/88/32
f 51/88/32 52/89/30 42/86/30
f 53/90/33 51/88/32 46/87/31
f 45/91/30 42/86/30 52/89/30
f 46/87/31 47/92/31 53/90/33
f 52/89/30 54/93/30 45/91/30
f 50/94/34 53/90/33 47/92/31
f 54/93/30 55/95/30 45/91/30
f 53/90/33 50/94/34 56/96/34
f 54/93/30 40/97/30 55/95/30
f 50/94/34 32/98/34 56/96/34
f 35/99/30 55/95/30 40/97/30
f 32/98/34 50/94/34 57/100/34
f 55/95/30 35/99/30 58/101/30
f 33/102/33 32/98/34 57/100/34
f 37/103/32 58/101/30 35/99/30
f 33/102/33 57/100/34 59/104/31
f 58/101/30 37/103/32 60/105/31
f 33/102/33 60/105/31 37/103/32
f 60/105/31 33/102/33 59/104/31
f 43/106/30 61/107/30 41/108/30
f 61/107/30 43/106/30 62/109/30
f 44/110/30 62/109/30 43/106/30
f 62/109/30 44/110/30 63/111/30
f 64/112/35 48/113/35 41/108/35
f 64/112/35 41/108/35 61/107/35
f 65/114/36 49/115/36 48/113/36
f 65/114/36 48/113/36 64/112/36
f 66/116/37 39/117/37 40/118/37
f 66/116/37 40/118/37 54/119/37
f 57/120/38 50/121/38 49/122/38
f 57/120/38 49/122/38 65/123/38
f 53/124/39 67/125/39 68/126/39
f 67/125/39 53/124/39 56/127/39
f 69/128/7 70/129/7 52/130/7
f 69/128/7 52/130/7 51/131/7
f 66/132/7 52/130/7 70/129/7
f 52/130/7 66/132/7 54/133/7
f 68/126/40 69/128/40 53/124/40
f 69/128/40 51/131/40 53/124/40
f 58/130/41 61/134/42 62/135/41
f 63/136/41 58/130/41 62/135/41
f 58/130/41 63/136/41 55/137/41
f 61/134/42 58/130/41 60/131/42
f 59/124/43 61/134/42 60/131/42
f 61/134/42 59/124/43 64/138/44
f 65/139/45 64/138/44 59/124/43
f 59/124/43 57/140/45 65/139/45
f 56/98/46 32/96/46 31/141/46
f 56/98/46 31/141/46 67/142/46
f 34/143/47 68/144/47 67/142/47
f 34/143/47 67/142/47 31/141/47
f 69/145/48 36/146/48 38/147/49
f 69/145/48 38/147/49 70/148/49
f 70/148/49 38/147/49 39/149/50
f 70/148/49 39/149/50 66/150/50
f 68/144/51 34/143/51 36/146/51
f 68/144/51 36/146/51 69/145/51
f 45/151/22 55/152/22 63/153/22
f 45/151/22 63/153/22 44/154/22
f 71/155/52 72/156/52 73/157/52
f 72/156/52 71/155/52 74/158/52
f 75/159/53 73/157/53 76/160/53
f 73/157/53 75/159/53 71/155/53
f 77/161/54 72/156/54 78/162/54
f 77/161/54 78/162/54 79/163/54
f 80/164/1 81/165/1 82/166/1
f 83/167/1 82/166/1 81/165/1
f 81/165/1 80/164/1 84/168/1
f 84/168/1 80/164/1 85/169/1
f 83/167/1 81/165/1 86/170/1
f 84/168/1 85/169/1 87/171/1
f 88/172/1 83/167/1 86/170/1
f 83/167/1 88/172/1 89/173/1
f 90/174/1 88/172/1 86/170/1
f 87/171/1 90/174/1 84/168/1
f 90/174/1 91/175/1 88/172/1
f 90/174/1 87/171/1 92/176/1
f 91/175/1 90/174/1 92/176/1
f 91/175/1 92/176/1 93/177/1
f 72/156/55 74/158/55 94/178/55
f 72/156/55 94/178/55 78/162/55
f 91/175/56 78/162/56 95/179/56
f 78/162/56 91/175/56 79/163/56
f 79/163/56 91/175/56 93/177/56
f 94/178/57 95/179/57 78/162/57
f 95/179/57 94/178/57 89/173/57
f 89/173/57 94/178/57 83/167/57
f 73/157/58 77/161/58 96/180/58
f 77/161/58 73/157/58 72/156/58
f 97/181/59 98/182/59 99/183/59
f 98/182/59 100/184/59 99/183/59
f 76/160/60 96/180/60 101/185/60
f 96/180/60 76/160/60 73/157/60
f 95/179/61 100/184/61 91/175/61
f 100/184/61 95/179/61 99/183/61
f 95/179/62 89/173/62 97/181/62
f 95/179/62 97/181/62 99/183/62
f 88/172/63 97/181/63 89/173/63
f 97/181/63 88/172/63 98/182/63
f 88/172/64 91/175/64 100/184/64
f 88/172/64 100/184/64 98/182/64
f 102/186/65 103/187/65 104/188/65
f 103/187/65 102/186/65 105/189/65
f 106/190/66 107/191/66 108/192/66
f 107/191/66 106/190/66 109/193/66
f 104/188/67 106/190/67 102/186/67
f 108/192/67 102/186/67 106/190/67
f 107/191/68 103/187/68 105/189/68
f 103/187/68 107/191/68 109/193/68
f 110/157/69 111/180/69 112/194/69
f 111/180/69 113/195/69 112/194/69
f 106/190/1 104/188/1 109/193/1
f 104/188/1 103/187/1 109/193/1
f 112/194/70 114/196/70 110/157/70
f 115/197/70 110/157/70 114/196/70
f 110/157/71 116/161/71 111/180/71
f 116/161/71 110/157/71 117/156/71
f 118/162/72 119/198/72 107/191/72
f 108/192/72 107/191/72 119/198/72
f 120/199/1 121/200/1 122/165/1
f 121/200/1 123/168/1 122/165/1
f 123/168/1 121/200/1 124/201/1
f 125/202/1 123/168/1 124/201/1
f 123/168/1 125/202/1 126/174/1
f 126/174/1 125/202/1 127/176/1
f 102/186/1 128/203/1 129/170/1
f 128/203/1 102/186/1 108/192/1
f 122/165/1 129/170/1 128/203/1
f 128/203/1 120/199/1 122/165/1
f 105/189/1 127/176/1 130/177/1
f 127/176/1 105/189/1 126/174/1
f 105/189/1 102/186/1 126/174/1
f 126/174/1 102/186/1 129/170/1
f 131/163/73 105/189/73 130/177/73
f 105/189/73 131/163/73 118/162/73
f 105/189/73 118/162/73 107/191/73
f 117/156/74 119/198/74 118/162/74
f 119/198/74 117/156/74 132/204/74
f 110/157/75 115/197/75 117/156/75
f 117/156/75 115/197/75 132/204/75
f 117/156/76 131/163/76 116/161/76
f 131/163/76 117/156/76 118/162/76
f 133/205/77 134/206/77 82/207/77
f 82/207/77 134/206/77 80/208/77
f 74/209/78 135/210/78 136/211/78
f 135/210/78 74/209/78 71/212/78
f 94/213/79 137/214/79 138/215/79
f 94/213/79 138/215/79 83/216/79
f 136/211/80 94/213/80 74/209/80
f 94/213/80 136/211/80 137/214/80
f 139/217/35 90/218/35 140/219/35
f 90/218/35 139/217/35 84/220/35
f 141/221/35 142/222/35 126/223/35
f 126/223/35 142/222/35 123/224/35
f 143/225/81 87/226/81 85/227/82
f 143/225/81 85/227/82 144/228/82
f 144/228/82 85/227/82 80/229/83
f 144/228/82 80/229/83 134/230/83
f 126/231/84 129/232/84 141/233/84
f 141/233/84 129/232/84 145/234/84
f 140/235/84 90/236/84 86/237/84
f 140/235/84 86/237/84 146/238/84
f 129/232/85 122/239/85 145/234/85
f 145/234/85 122/239/85 147/240/85
f 86/237/85 81/241/85 146/238/85
f 146/238/85 81/241/85 148/242/85
f 149/243/86 120/244/86 128/245/86
f 120/244/86 149/243/86 150/246/86
f 113/247/87 101/248/87 151/249/87
f 152/250/87 101/248/87 113/247/87
f 101/248/88 96/251/88 151/249/88
f 151/249/88 96/251/88 153/252/88
f 154/253/89 113/247/89 111/254/89
f 113/247/89 154/253/89 152/250/89
f 114/255/90 155/256/90 115/257/90
f 155/256/90 114/255/90 156/258/90
f 157/259/91 112/260/91 151/249/92
f 113/247/92 151/249/92 112/260/91
f 156/258/93 112/260/91 157/259/91
f 112/260/91 156/258/93 114/255/93
f 158/261/94 159/262/94 135/263/94
f 159/262/94 136/264/94 135/263/94
f 160/265/95 158/261/95 161/266/95
f 158/261/95 135/263/95 161/266/95
f 159/262/96 162/267/96 163/268/96
f 159/262/96 163/268/96 164/269/96
f 159/262/97 137/270/97 136/264/97
f 137/270/97 159/262/97 164/269/97
f 154/271/98 162/267/98 158/261/98
f 162/267/98 159/262/98 158/261/98
f 164/269/99 165/272/99 166/273/99
f 163/268/99 165/272/99 164/269/99
f 165/272/99 163/268/99 167/274/99
f 134/275/7 133/276/7 147/277/7
f 134/275/7 147/277/7 142/278/7
f 142/278/7 144/279/7 134/275/7
f 142/278/7 143/280/7 144/279/7
f 141/281/7 143/280/7 142/278/7
f 143/280/7 141/281/7 168/282/7
f 147/277/7 138/283/7 145/284/7
f 138/283/7 147/277/7 133/276/7
f 145/284/7 138/283/7 169/285/7
f 169/285/7 138/283/7 170/286/7
f 169/285/7 141/281/7 145/284/7
f 165/272/7 141/281/7 169/285/7
f 141/281/7 165/272/7 168/282/7
f 168/282/7 165/272/7 167/274/7
f 170/286/100 137/270/100 166/273/100
f 137/270/100 164/269/100 166/273/100
f 137/270/100 170/286/100 138/283/100
f 171/287/7 172/288/7 173/289/7
f 173/289/7 172/288/7 174/290/7
f 158/261/101 160/265/101 154/271/101
f 152/291/101 154/271/101 160/265/101
f 166/273/102 165/272/102 174/290/102
f 166/273/102 174/290/102 172/288/102
f 170/286/103 171/287/103 169/285/103
f 169/285/103 171/287/103 173/289/103
f 166/273/104 171/287/104 170/286/104
f 171/287/104 166/273/104 172/288/104
f 169/285/105 174/290/105 165/272/105
f 174/290/105 169/285/105 173/289/105
f 175/292/106 176/293/106 177/294/106
f 178/295/106 176/293/106 175/292/106
f 179/296/107 180/297/107 181/298/107
f 181/298/107 180/297/107 182/299/107
f 176/293/108 181/298/108 177/294/108
f 181/298/108 176/293/108 179/296/108
f 180/297/109 175/292/109 182/299/109
f 175/292/109 180/297/109 178/295/109
f 153/271/110 157/300/110 151/301/110
f 157/300/110 153/271/110 183/261/110
f 183/261/111 156/302/111 157/300/111
f 156/302/111 183/261/111 155/303/111
f 181/298/8 182/299/8 177/294/8
f 177/294/8 182/299/8 175/292/8
f 184/262/112 155/303/112 183/261/112
f 155/303/112 184/262/112 185/304/112
f 186/267/113 183/261/113 153/271/113
f 183/261/113 186/267/113 184/262/113
f 180/297/114 187/305/114 188/269/114
f 180/297/114 179/296/114 187/305/114
f 189/268/115 178/295/115 188/269/115
f 188/269/115 178/295/115 180/297/115
f 178/295/115 189/268/115 190/274/115
f 148/277/7 191/306/7 150/307/7
f 139/278/7 191/306/7 148/277/7
f 191/306/7 139/278/7 192/308/7
f 139/278/7 193/309/7 192/308/7
f 193/309/7 139/278/7 140/281/7
f 140/281/7 194/282/7 193/309/7
f 194/282/7 178/295/7 190/274/7
f 178/295/7 194/282/7 140/281/7
f 178/295/7 140/281/7 176/293/7
f 140/281/7 146/284/7 176/293/7
f 150/307/7 149/310/7 148/277/7
f 149/310/7 146/284/7 148/277/7
f 146/284/7 149/310/7 176/293/7
f 149/310/7 179/296/7 176/293/7
f 184/262/116 187/305/116 185/304/116
f 187/305/116 184/262/116 188/269/116
f 186/267/117 188/269/117 184/262/117
f 188/269/117 186/267/117 189/268/117
f 116/311/49 131/312/118 162/313/119
f 154/314/120 116/311/49 162/313/119
f 111/315/120 116/311/49 154/314/120
f 162/313/119 131/312/118 163/316/118
f 131/312/118 130/317/121 163/316/118
f 163/316/118 130/317/121 167/216/121
f 130/317/121 127/318/122 167/216/121
f 167/216/121 127/318/122 168/207/122
f 127/318/122 125/319/123 168/207/122
f 143/208/124 168/207/122 125/319/123
f 77/320/119 189/321/118 186/322/49
f 186/322/49 96/323/120 77/320/119
f 96/323/120 186/322/49 153/324/120
f 189/321/118 77/320/119 79/325/118
f 79/325/118 190/326/121 189/321/118
f 190/326/121 79/325/118 93/215/121
f 93/215/121 92/205/125 190/326/121
f 190/326/121 92/205/125 194/327/125
f 92/205/125 193/328/126 194/327/125
f 193/328/126 92/205/125 87/206/127
f 185/329/128 119/330/128 132/331/128
f 119/330/128 185/329/128 187/332/128
f 143/208/124 193/328/126 87/206/127
f 193/328/126 143/208/124 125/319/123
f 187/332/129 128/333/129 119/330/129
f 128/333/129 187/332/129 149/334/129
f 115/335/130 185/329/130 132/331/130
f 185/329/130 115/335/130 155/336/130
f 120/337/131 150/338/131 121/339/131
f 150/338/131 191/340/131 121/339/131
f 81/221/132 84/222/132 148/223/132
f 148/223/132 84/222/132 139/224/132
f 123/217/132 147/218/132 122/219/132
f 147/218/132 123/217/132 142/220/132
f 160/341/133 76/342/133 101/250/134
f 160/341/133 101/250/134 152/248/134
f 161/343/135 76/342/133 160/341/133
f 161/343/135 75/344/135 76/342/133
f 71/345/136 75/344/136 135/346/136
f 135/346/136 75/344/136 161/343/136
f 83/347/137 133/229/137 82/230/137
f 133/229/137 83/347/137 138/348/137
f 124/349/138 192/350/138 125/351/139
f 192/350/138 193/352/139 125/351/139
f 191/244/140 192/350/138 124/349/138
f 121/246/140 191/244/140 124/349/138
o Tail
usemtl c_ffebd2
f 195/353/141 196/354/141 197/355/141
f 196/354/141 195/353/141 198/356/141
f 199/357/142 200/358/142 201/359/142
f 201/359/142 200/358/142 202/360/142
f 203/361/143 204/362/143 205/363/143
f 204/362/143 203/361/143 206/364/143
f 207/365/144 208/366/144 209/367/144
f 208/366/144 207/365/144 210/368/144
f 211/369/145 212/370/145 213/371/145
f 211/369/145 213/371/145 214/372/145
f 215/373/146 216/374/146 203/375/146
f 203/375/146 216/374/146 206/376/146
f 200/377/147 199/378/147 217/379/147
f 217/379/147 218/380/147 200/377/147
f 219/381/148 220/382/148 210/383/148
f 208/384/148 210/383/148 220/382/148
f 221/385/149 222/386/149 211/387/149
f 212/388/149 211/387/149 222/386/149
f 223/389/150 224/390/150 198/391/150
f 223/389/150 198/391/150 195/392/150
f 225/393/151 204/394/151 206/395/151
f 225/393/151 206/395/151 216/396/151
f 226/397/152 200/398/152 218/399/152
f 200/398/152 226/397/152 202/400/152
f 209/401/153 220/402/153 227/403/153
f 220/402/153 209/401/153 208/404/153
f 213/405/154 212/406/154 228/407/154
f 212/406/154 222/408/154 228/407/154
f 196/409/155 224/410/155 229/411/155
f 224/410/155 196/409/155 198/412/155
f 221/413/156 228/414/156 222/415/156
f 228/414/156 221/413/156 230/416/156
f 220/417/157 219/418/157 231/419/157
f 231/419/157 227/420/157 220/417/157
f 215/421/158 225/422/158 216/423/158
f 225/422/158 215/421/158 232/424/158
f 233/425/159 218/426/159 217/427/159
f 218/426/159 233/425/159 226/428/159
f 234/429/160 229/430/160 223/431/160
f 223/431/160 229/430/160 224/432/160
f 228/433/161 214/434/161 213/435/161
f 214/434/161 228/433/161 230/436/161
f 234/437/162 196/438/162 229/439/162
f 196/438/162 234/437/162 197/440/162
f 233/441/163 202/442/163 226/443/163
f 202/442/163 233/441/163 201/444/163
f 227/445/164 207/446/164 209/447/164
f 207/446/164 227/445/164 231/448/164
f 205/449/165 204/450/165 232/451/165
f 232/451/165 204/450/165 225/452/165
f 199/453/166 233/454/166 217/455/166
f 233/454/166 199/453/166 201/456/166
f 219/457/167 210/458/167 207/459/167
f 219/457/167 207/459/167 231/460/167
f 215/461/168 203/462/168 205/463/168
f 215/461/168 205/463/168 232/464/168
f 211/465/169 230/466/169 221/467/169
f 230/466/169 211/465/169 214/468/169
f 197/469/170 223/470/170 195/471/170
f 223/470/170 197/469/170 234/472/170
o Meshes/set_10_trex_029
usemtl c_ffebd2
f 235/473/171 236/474/172 237/475/173
f 238/476/172 237/475/173 236/474/172
f 239/477/174 235/473/171 237/475/173
f 235/473/171 239/477/174 240/478/174
f 241/479/175 242/480/176 243/481/177
f 244/482/176 243/481/177 242/480/176
f 245/483/178 241/479/175 243/481/177
f 241/479/175 245/483/178 246/484/178
f 247/485/179 248/486/180 249/487/181
f 250/488/180 249/487/181 248/486/180
f 251/489/182 247/485/179 249/487/181
f 247/485/179 251/489/182 252/490/182
f 253/491/183 254/492/183 255/493/183
f 254/492/183 253/491/183 256/494/183
f 257/495/184 258/496/184 259/497/184
f 258/496/184 257/495/184 260/498/184
f 261/499/185 262/500/185 263/501/185
f 261/499/185 263/501/185 264/502/185
f 265/503/1 266/504/1 267/505/1
f 266/504/1 265/503/1 268/506/1
f 269/507/1 270/508/1 271/509/1
f 270/508/1 269/507/1 272/510/1
f 273/511/1 274/512/1 275/513/1
f 274/512/1 273/511/1 276/514/1
f 277/515/1 259/497/1 278/516/1
f 259/497/1 277/515/1 257/495/1
f 279/517/1 256/494/1 280/518/1
f 256/494/1 279/517/1 254/492/1
f 281/519/1 262/500/1 261/499/1
f 262/500/1 281/519/1 282/520/1
f 283/521/186 284/522/187 285/523/186
f 286/524/188 285/523/186 284/522/187
f 284/522/187 287/525/189 286/524/188
f 288/526/189 286/524/188 287/525/189
f 289/527/190 290/528/191 291/529/190
f 292/530/192 291/529/190 290/528/191
f 290/528/191 293/531/193 292/530/192
f 294/532/193 292/530/192 293/531/193
f 288/526/194 287/525/194 295/533/194
f 296/534/195 297/535/196 298/536/197
f 297/535/196 299/537/196 298/536/197
f 296/534/195 298/536/197 300/538/198
f 301/539/198 296/534/195 300/538/198
f 294/532/194 293/531/194 302/540/194
f 301/539/199 300/538/199 303/541/199
f 304/542/200 262/543/200 305/544/200
f 262/543/200 304/542/200 263/545/200
f 306/546/201 307/547/201 255/548/201
f 255/548/201 307/547/201 253/549/201
f 308/550/34 309/551/34 260/552/34
f 260/552/34 309/551/34 258/553/34
f 304/542/202 310/554/202 263/545/202
f 263/545/202 310/554/202 264/555/202
f 311/556/203 312/557/203 269/558/203
f 269/558/203 312/557/203 272/559/203
f 313/560/204 265/561/204 314/562/204
f 265/561/204 313/560/204 268/563/204
f 315/564/202 275/565/202 316/566/202
f 275/565/202 315/564/202 273/567/202
f 317/568/205 318/569/205 319/570/205
f 318/569/205 317/568/205 320/571/205
f 317/568/206 252/572/206 251/573/206
f 252/572/206 317/568/206 319/570/206
f 321/574/207 322/575/207 323/576/207
f 322/575/207 321/574/207 324/577/207
f 321/574/208 246/578/208 245/579/208
f 246/578/208 321/574/208 323/576/208
f 325/580/209 326/581/209 327/582/209
f 326/581/209 325/580/209 328/583/209
f 239/584/210 327/582/210 326/581/210
f 239/584/210 326/581/210 240/585/210
f 329/586/211 266/587/211 268/588/211
f 329/586/211 268/588/211 313/589/211
f 258/590/212 330/591/212 259/592/212
f 330/591/212 258/590/212 309/593/212
f 326/594/213 299/595/214 331/596/213
f 299/595/214 326/594/213 328/597/214
f 332/598/215 326/594/213 331/596/213
f 326/594/213 332/598/215 240/599/215
f 236/600/216 333/601/217 334/602/216
f 333/601/217 236/600/216 235/603/217
f 240/599/218 333/601/217 235/603/217
f 333/601/217 240/599/218 332/598/218
f 335/604/211 278/605/211 259/592/211
f 335/604/211 259/592/211 330/591/211
f 298/606/219 328/597/220 336/607/219
f 328/597/220 298/606/219 299/595/220
f 336/607/219 337/608/221 298/606/219
f 298/606/219 337/608/221 300/609/221
f 300/609/221 337/608/221 303/610/222
f 236/600/216 334/602/216 338/611/223
f 256/612/224 253/613/224 339/614/224
f 339/614/224 253/613/224 307/615/224
f 340/616/225 270/617/225 272/618/225
f 340/616/225 272/618/225 312/619/225
f 341/620/225 280/621/225 256/612/225
f 341/620/225 256/612/225 339/614/225
f 323/622/226 289/623/227 342/624/226
f 289/623/227 323/622/226 322/625/227
f 343/626/228 323/622/226 342/624/226
f 323/622/226 343/626/228 246/627/228
f 242/628/229 344/629/230 345/630/229
f 344/629/230 242/628/229 241/631/230
f 246/627/231 344/629/230 241/631/230
f 344/629/230 246/627/231 343/626/231
f 290/632/232 322/625/233 346/633/232
f 322/625/233 290/632/232 289/623/233
f 346/633/232 347/634/234 290/632/232
f 290/632/232 347/634/234 293/635/234
f 293/635/234 347/634/234 302/636/235
f 242/628/229 345/630/229 348/637/236
f 261/638/237 264/639/237 349/640/237
f 349/640/237 264/639/237 310/641/237
f 350/642/238 276/643/238 273/644/238
f 350/642/238 273/644/238 315/645/238
f 319/646/239 283/647/240 351/648/239
f 283/647/240 319/646/239 318/649/240
f 352/650/241 319/646/239 351/648/239
f 319/646/239 352/650/241 252/651/241
f 248/652/242 353/653/243 354/654/242
f 353/653/243 248/652/242 247/655/243
f 252/651/244 353/653/243 247/655/243
f 353/653/243 252/651/244 352/650/244
f 355/656/238 281/657/238 261/638/238
f 355/656/238 261/638/238 349/640/238
f 284/658/245 318/649/246 356/659/245
f 318/649/246 284/658/245 283/647/246
f 356/659/245 357/660/247 284/658/245
f 284/658/245 357/660/247 287/661/247
f 287/661/247 357/660/247 295/662/248
f 248/652/242 354/654/242 358/663/249
f 325/664/250 336/665/251 328/666/250
f 336/665/251 325/664/250 359/667/252
f 359/667/252 337/668/253 336/665/251
f 337/668/253 359/667/252 360/669/253
f 324/670/254 346/671/255 322/672/254
f 346/671/255 324/670/254 361/673/256
f 361/673/256 347/674/257 346/671/255
f 347/674/257 361/673/256 362/675/257
f 320/676/258 356/677/259 318/678/258
f 356/677/259 320/676/258 363/679/260
f 363/679/260 357/680/261 356/677/259
f 357/680/261 363/679/260 364/681/261
f 307/682/262 306/683/262 365/684/262
f 365/684/262 339/685/262 307/682/262
f 309/686/263 308/687/263 366/688/263
f 366/688/263 330/689/263 309/686/263
f 349/690/264 304/691/264 305/692/264
f 304/691/264 349/690/264 310/693/264
f 314/694/7 329/695/7 313/696/7
f 329/695/7 314/694/7 367/697/7
f 311/698/7 340/699/7 312/700/7
f 340/699/7 311/698/7 368/701/7
f 315/702/7 316/703/7 369/704/7
f 369/704/7 350/705/7 315/702/7
f 366/688/7 370/706/7 330/689/7
f 370/706/7 335/707/7 330/689/7
f 365/684/7 371/708/7 339/685/7
f 371/708/7 341/709/7 339/685/7
f 305/692/7 355/710/7 349/690/7
f 355/710/7 305/692/7 372/711/7
f 373/712/265 354/713/266 353/714/267
f 354/713/266 373/712/265 374/715/266
f 375/716/268 373/712/265 353/714/267
f 375/716/268 353/714/267 352/717/268
f 376/718/269 345/719/270 344/720/271
f 345/719/270 376/718/269 377/721/270
f 378/722/272 376/718/269 344/720/271
f 378/722/272 344/720/271 343/723/272
f 354/713/273 374/715/273 358/724/273
f 379/725/274 334/726/275 333/727/276
f 334/726/275 379/725/274 380/728/275
f 333/727/276 381/729/277 379/725/274
f 381/729/277 333/727/276 332/730/277
f 345/719/273 377/721/273 348/731/273
f 334/726/278 380/728/278 338/732/278
f 337/733/279 360/734/279 303/735/279
f 238/736/280 236/737/280 338/738/280
f 347/739/281 362/740/281 302/741/281
f 244/742/282 242/743/282 348/744/282
f 357/745/283 364/746/283 295/747/283
f 250/748/284 248/749/284 358/750/284
f 367/751/285 267/752/285 266/753/285
f 367/751/285 266/753/285 329/754/285
f 297/755/286 331/756/286 299/757/286
f 331/756/286 297/755/286 382/758/286
f 381/759/287 331/756/287 382/758/287
f 331/756/287 381/759/287 332/760/287
f 369/761/288 274/762/288 276/763/288
f 369/761/288 276/763/288 350/764/288
f 368/765/289 271/766/289 270/767/289
f 368/765/289 270/767/289 340/768/289
f 342/769/290 289/770/290 383/771/290
f 291/772/290 383/771/290 289/770/290
f 383/771/291 378/773/291 343/774/291
f 383/771/291 343/774/291 342/769/291
f 285/775/292 384/776/292 283/777/292
f 384/776/292 351/778/292 283/777/292
f 375/779/293 352/780/293 384/776/293
f 384/776/293 352/780/293 351/778/293
f 372/781/288 282/782/288 281/783/288
f 372/781/288 281/783/288 355/784/288
f 370/785/285 277/786/285 278/787/285
f 370/785/285 278/787/285 335/788/285
f 371/789/289 279/790/289 280/791/289
f 371/789/289 280/791/289 341/792/289
f 316/793/294 275/794/294 274/795/294
f 316/793/294 274/795/294 369/796/294
f 374/797/295 250/798/296 358/662/297
f 250/798/296 373/799/298 249/800/298
f 373/799/298 250/798/296 374/797/295
f 251/801/299 249/800/298 373/799/298
f 373/799/298 375/802/299 251/801/299
f 305/803/294 262/804/294 282/805/294
f 305/803/294 282/805/294 372/806/294
f 286/807/300 320/808/301 285/809/301
f 320/808/301 286/807/300 363/810/300
f 286/807/300 364/811/302 363/810/300
f 364/811/302 286/807/300 288/812/303
f 364/811/302 288/812/303 295/663/304
f 320/808/305 317/813/306 285/809/305
f 317/813/306 384/814/306 285/809/305
f 317/813/306 251/801/307 375/802/307
f 317/813/306 375/802/307 384/814/306
f 254/815/308 365/816/308 306/817/308
f 254/815/308 306/817/308 255/818/308
f 311/819/309 269/820/309 271/821/309
f 311/819/309 271/821/309 368/822/309
f 377/823/310 244/824/311 348/636/312
f 244/824/311 376/825/313 243/826/314
f 376/825/313 244/824/311 377/823/310
f 245/827/315 243/826/314 376/825/313
f 376/825/313 378/828/315 245/827/315
f 292/829/316 324/830/317 291/831/317
f 324/830/317 292/829/316 361/832/318
f 292/829/316 362/833/319 361/832/318
f 362/833/319 292/829/316 294/834/320
f 362/833/319 294/834/320 302/637/321
f 324/830/322 321/835/323 291/831/322
f 321/835/323 383/836/323 291/831/322
f 321/835/323 245/827/324 378/828/324
f 321/835/323 378/828/324 383/836/323
f 365/816/309 254/815/309 279/837/309
f 365/816/309 279/837/309 371/838/309
f 257/839/325 366/840/325 308/841/325
f 257/839/325 308/841/325 260/842/325
f 314/843/326 265/844/326 267/845/326
f 314/843/326 267/845/326 367/846/326
f 380/847/327 238/848/328 338/610/329
f 238/848/328 379/849/330 237/850/330
f 379/849/330 238/848/328 380/847/327
f 239/851/331 237/850/330 379/849/330
f 379/849/330 381/852/331 239/851/331
f 296/853/332 325/854/333 297/855/333
f 325/854/333 296/853/332 359/856/332
f 296/853/332 360/857/334 359/856/332
f 360/857/334 296/853/332 301/858/335
f 360/857/334 301/858/335 303/611/336
f 325/854/337 327/859/338 297/855/337
f 327/859/338 382/860/338 297/855/337
f 327/859/338 239/851/339 381/852/339
f 327/859/338 381/852/339 382/860/338
f 366/840/326 257/839/326 277/861/326
f 366/840/326 277/861/326 370/862/326
f 385/863/340 386/864/340 387/865/340
f 387/865/340 386/864/340 388/866/340
f 385/867/341 389/868/341 390/869/341
f 385/867/341 390/869/341 386/870/341
f 391/871/342 390/869/342 389/868/342
f 390/869/342 391/871/342 392/872/342
f 386/873/82 390/874/82 393/875/82
f 393/875/82 388/876/82 386/873/82
f 393/875/82 394/877/82 388/876/82
f 394/877/82 393/875/82 395/878/82
f 396/879/82 393/875/82 397/880/82
f 393/875/82 396/879/82 395/878/82
f 397/880/82 390/874/82 392/881/82
f 390/874/82 397/880/82 393/875/82
f 398/882/343 397/883/343 391/884/343
f 391/884/343 397/883/343 392/885/343
f 399/886/344 396/887/344 398/882/344
f 398/882/344 396/887/344 397/883/344
f 387/888/345 394/889/345 400/890/345
f 394/889/345 387/888/345 388/891/345
f 399/892/346 401/893/346 395/894/346
f 399/892/346 395/894/346 396/895/346
f 400/890/347 395/894/347 401/893/347
f 395/894/347 400/890/347 394/889/347
f 402/896/348 400/897/348 401/898/348
f 400/897/348 402/896/348 387/899/348
f 387/899/349 402/896/349 385/900/349
f 385/900/349 402/896/349 389/901/349
f 389/901/350 398/902/350 391/903/350
f 398/902/350 389/901/350 402/896/350
f 402/896/350 399/904/350 398/902/350
f 399/904/350 402/896/350 401/898/350
f 403/905/351 404/906/351 405/907/351
f 404/906/351 403/905/351 406/908/351
f 405/907/352 407/909/352 408/910/352
f 407/909/352 405/907/352 404/906/352
f 409/911/353 410/912/353 411/913/353
f 410/912/353 409/911/353 412/914/353
f 403/915/354 410/912/354 406/916/354
f 410/912/354 403/915/354 411/913/354
f 410/917/82 412/918/82 413/919/82
f 413/919/82 412/918/82 414/920/82
f 413/919/82 415/921/82 416/922/82
f 415/921/82 413/919/82 414/920/82
f 413/919/82 407/923/82 404/924/82
f 407/923/82 413/919/82 416/922/82
f 404/924/82 410/917/82 413/919/82
f 410/917/82 404/924/82 406/925/82
f 417/926/355 412/927/355 409/928/355
f 412/927/355 417/926/355 414/929/355
f 417/930/356 415/931/356 414/932/356
f 415/931/356 417/930/356 418/933/356
f 408/934/357 416/935/357 419/936/357
f 416/935/357 408/934/357 407/937/357
f 418/933/358 416/935/358 415/931/358
f 416/935/358 418/933/358 419/936/358
f 420/938/359 418/939/359 417/940/359
f 420/938/360 417/940/360 409/941/360
f 409/941/360 411/942/360 420/938/360
f 418/939/359 420/938/359 419/943/359
f 411/942/350 405/944/350 420/938/350
f 405/944/350 411/942/350 403/945/350
f 420/938/350 408/946/350 419/943/350
f 408/946/350 420/938/350 405/944/350
o RightFoot
usemtl c_ffebd2
f 421/947/361 422/948/361 423/949/361
f 422/948/361 421/947/361 424/950/361
f 423/949/362 425/951/362 421/947/362
f 425/951/362 423/949/362 426/952/362
f 427/953/363 428/954/363 429/955/363
f 428/954/363 427/953/363 430/956/363
f 431/957/364 432/958/364 433/959/364
f 432/958/364 431/957/364 434/960/364
f 434/960/365 435/961/365 432/958/365
f 435/961/365 434/960/365 436/962/365
f 437/963/366 438/964/366 439/965/366
f 438/964/366 437/963/366 440/966/366
f 440/966/367 429/955/367 438/964/367
f 429/955/367 440/966/367 427/953/367
f 441/967/368 442/968/368 440/969/368
f 441/967/368 440/969/368 437/970/368
f 442/968/369 430/971/369 427/972/369
f 442/968/369 427/972/369 440/969/369
f 422/973/370 443/974/370 423/975/370
f 443/974/370 422/973/370 444/976/370
f 423/975/371 445/977/371 426/978/371
f 445/977/371 423/975/371 443/974/371
f 431/979/35 446/980/35 434/981/35
f 446/980/35 431/979/35 447/982/35
f 434/981/372 448/983/372 436/984/372
f 448/983/372 434/981/372 446/980/372
f 435/985/373 448/986/373 449/987/373
f 448/986/373 435/985/373 436/988/373
f 450/989/374 426/990/374 445/991/374
f 426/990/374 450/989/374 425/992/374
f 441/993/375 451/994/375 442/995/375
f 451/994/375 441/993/375 452/996/375
f 451/994/376 428/997/376 442/995/376
f 428/997/376 430/998/376 442/995/376
f 447/999/377 453/1000/377 446/1001/377
f 453/1000/377 447/999/377 454/1002/377
f 453/1000/378 449/1003/378 446/1001/378
f 449/1003/378 448/1004/378 446/1001/378
f 455/1005/379 444/1006/379 456/1007/379
f 444/1006/379 455/1005/379 443/1008/379
f 450/1009/380 445/1010/380 443/1008/380
f 455/1005/380 450/1009/380 443/1008/380
f 433/1011/285 453/1012/285 454/1013/285
f 453/1012/285 433/1011/285 432/1014/285
f 424/1015/381 421/1016/381 455/1017/381
f 424/1015/381 455/1017/381 456/1018/381
f 452/1019/382 438/1020/382 451/1021/382
f 438/1020/382 452/1019/382 439/1022/382
f 432/1014/383 449/1023/383 453/1012/383
f 449/1023/383 432/1014/383 435/1024/383
f 421/1016/384 425/1025/384 450/1026/384
f 421/1016/384 450/1026/384 455/1017/384
f 451/1021/385 429/1027/385 428/1028/385
f 429/1027/385 451/1021/385 438/1020/385
f 437/1029/386 439/1030/386 441/1031/386
f 441/1031/386 439/1030/386 452/1032/386
f 422/1033/387 456/1034/387 444/1035/387
f 456/1034/387 422/1033/387 424/1036/387
f 431/1037/388 433/1038/388 447/1039/388
f 447/1039/388 433/1038/388 454/1040/388
o RightAltLeg
usemtl c_ffebd2
f 457/1041/1 458/1042/1 459/1043/1
f 459/1043/1 460/1044/1 457/1041/1
f 460/1044/1 459/1043/1 461/1045/1
f 460/1044/1 461/1045/1 462/1046/1
f 459/1043/1 463/1047/1 464/1048/1
f 464/1048/1 461/1045/1 459/1043/1
f 463/1047/1 458/1042/1 465/1049/1
f 458/1042/1 463/1047/1 459/1043/1
f 466/1050/1 467/1051/1 468/1052/1
f 468/1052/1 469/1053/1 466/1050/1
f 468/1052/1 470/1054/1 469/1053/1
f 470/1054/1 468/1052/1 471/1055/1
f 472/1056/1 471/1055/1 473/1057/1
f 473/1057/1 471/1055/1 468/1052/1
f 473/1057/1 468/1052/1 474/1058/1
f 474/1058/1 468/1052/1 467/1051/1
f 475/1059/1 476/1060/1 477/1061/1
f 477/1061/1 478/1062/1 475/1059/1
f 477/1061/1 479/1063/1 478/1062/1
f 479/1063/1 477/1061/1 480/1064/1
f 477/1061/1 481/1065/1 482/1066/1
f 482/1066/1 480/1064/1 477/1061/1
f 481/1065/1 476/1060/1 483/1067/1
f 476/1060/1 481/1065/1 477/1061/1
f 484/1068/389 466/1069/389 469/1070/389
f 466/1069/389 484/1068/389 485/1071/389
f 486/1072/390 475/1073/390 478/1074/390
f 475/1073/390 486/1072/390 487/1075/390
f 485/1071/391 467/1076/391 466/1069/391
f 467/1076/391 485/1071/391 488/1077/391
f 473/1078/392 489/1079/392 472/1080/392
f 490/1081/392 472/1080/392 489/1079/392
f 474/1082/393 491/1083/393 473/1078/393
f 489/1079/393 473/1078/393 491/1083/393
f 491/1083/394 467/1084/394 488/1085/394
f 467/1084/394 491/1083/394 474/1082/394
f 465/1086/395 492/1087/395 463/1088/395
f 493/1089/395 463/1088/395 492/1087/395
f 487/1090/396 494/1091/396 476/1092/396
f 476/1092/396 475/1093/396 487/1090/396
f 495/1094/397 476/1092/397 494/1091/397
f 476/1092/397 495/1094/397 483/1095/397
f 463/1088/92 493/1089/92 464/1096/92
f 496/1097/92 464/1096/92 493/1089/92
f 497/1098/398 461/1099/398 496/1097/398
f 461/1099/398 464/1096/398 496/1097/398
f 498/1100/239 462/1101/239 497/1098/239
f 462/1101/239 461/1099/239 497/1098/239
f 499/1102/399 500/1103/399 497/1104/399
f 500/1103/399 498/1105/399 497/1104/399
f 501/1106/400 502/1107/400 499/1102/400
f 501/1106/7 493/1108/7 492/1109/7
f 493/1108/7 501/1106/7 499/1102/7
f 493/1108/7 499/1102/7 496/1110/7
f 497/1104/7 496/1110/7 499/1102/7
f 502/1107/400 500/1103/400 499/1102/400
f 503/1111/401 504/1112/401 484/1113/401
f 504/1112/401 503/1111/401 505/1114/401
f 487/1115/402 486/1116/402 506/1117/402
f 488/1118/403 485/1119/403 504/1112/403
f 504/1112/7 489/1120/7 491/1121/7
f 504/1112/7 491/1121/7 488/1118/7
f 505/1114/7 490/1122/7 489/1120/7
f 505/1114/7 489/1120/7 504/1112/7
f 494/1123/402 487/1115/402 506/1117/402
f 494/1123/7 507/1124/7 495/1125/7
f 507/1124/7 494/1123/7 506/1117/7
f 507/1124/7 506/1117/7 508/1126/7
f 509/1127/7 508/1126/7 506/1117/7
f 510/1128/404 506/1117/404 486/1116/404
f 506/1117/404 510/1128/404 509/1127/404
f 484/1113/403 504/1112/403 485/1119/403
f 507/1129/405 481/1130/405 495/1131/405
f 481/1130/405 483/1132/405 495/1131/405
f 508/1133/406 482/1134/406 507/1129/406
f 482/1134/406 481/1130/406 507/1129/406
f 462/1135/407 500/1136/407 460/1137/407
f 500/1136/407 462/1135/407 498/1138/407
f 505/1139/408 503/1140/408 470/1141/408
f 470/1141/408 471/1142/408 505/1139/408
f 492/1086/409 458/1143/409 501/1144/409
f 458/1143/409 492/1086/409 465/1087/409
f 501/1144/138 458/1143/138 502/1145/138
f 458/1143/138 457/1146/138 502/1145/138
f 486/1147/410 479/1148/410 510/1149/410
f 479/1148/410 486/1147/410 478/1150/410
f 502/1145/411 457/1146/411 500/1151/411
f 457/1146/411 460/1152/411 500/1151/411
f 470/1153/412 484/1154/412 469/1155/412
f 484/1154/412 470/1153/412 503/1156/412
f 508/1157/413 509/1158/413 480/1159/413
f 480/1159/413 482/1160/413 508/1157/413
f 509/1158/414 510/1149/414 479/1148/414
f 479/1148/414 480/1159/414 509/1158/414
f 505/1161/415 472/1081/415 490/1080/415
f 472/1081/415 505/1161/415 471/1162/415
o RightArm
usemtl c_ffebd2
f 511/1163/416 512/1164/416 513/1165/416
f 512/1164/416 514/1166/416 513/1165/416
f 515/1167/417 516/1168/417 517/1169/417
f 517/1169/417 512/1170/417 515/1167/417
f 517/1169/417 514/1171/417 512/1170/417
f 514/1171/417 517/1169/417 518/1172/417
f 517/1169/417 519/1173/417 520/1174/417
f 520/1174/417 518/1172/417 517/1169/417
f 516/1168/417 519/1173/417 517/1169/417
f 519/1173/417 516/1168/417 521/1175/417
f 522/1176/418 519/1177/418 523/1178/418
f 519/1177/418 521/1179/418 523/1178/418
f 524/1180/419 520/1181/419 522/1176/419
f 520/1181/419 519/1177/419 522/1176/419
f 525/1182/420 513/1183/420 514/1184/420
f 514/1184/420 518/1185/420 525/1182/420
f 524/1180/421 525/1182/421 518/1185/421
f 518/1185/421 520/1181/421 524/1180/421
f 511/1186/422 526/1187/422 527/1188/422
f 528/1189/422 527/1188/422 526/1187/422
f 526/1187/423 513/1190/423 525/1191/423
f 513/1190/423 526/1187/423 511/1186/423
f 522/1192/424 528/1189/424 526/1187/424
f 528/1189/424 522/1192/424 523/1193/424
f 522/1192/424 526/1187/424 524/1194/424
f 525/1191/424 524/1194/424 526/1187/424
f 512/1195/425 527/1196/425 515/1197/425
f 527/1196/425 512/1195/425 511/1198/425
f 516/1199/426 523/1200/426 521/1201/426
f 523/1200/426 516/1199/426 528/1202/426
f 515/1197/427 528/1202/427 516/1199/427
f 528/1202/427 515/1197/427 527/1196/427
f 529/1203/428 530/1204/428 531/1205/428
f 530/1204/428 529/1203/428 532/1206/428
f 533/1207/417 534/1208/417 535/1209/417
f 535/1209/417 536/1210/417 533/1207/417
f 535/1209/417 537/1211/417 536/1210/417
f 537/1211/417 535/1209/417 538/1212/417
f 535/1209/417 531/1213/417 539/1214/417
f 539/1214/417 538/1212/417 535/1209/417
f 531/1213/417 534/1208/417 529/1215/417
f 534/1208/417 531/1213/417 535/1209/417
f 540/1216/429 541/1217/429 534/1218/429
f 534/1218/429 533/1219/429 540/1216/429
f 541/1217/430 532/1220/430 529/1221/430
f 529/1221/430 534/1218/430 541/1217/430
f 542/1222/431 533/1223/431 536/1224/431
f 533/1223/431 542/1222/431 540/1225/431
f 543/1226/423 540/1227/423 542/1228/423
f 541/1229/423 540/1227/423 543/1226/423
f 543/1226/432 544/1230/432 545/1231/432
f 544/1230/432 543/1226/432 542/1228/432
f 530/1232/424 541/1229/424 543/1226/424
f 541/1229/424 530/1232/424 532/1233/424
f 530/1232/424 543/1226/424 546/1234/424
f 545/1231/424 546/1234/424 543/1226/424
f 537/1235/433 542/1236/433 536/1237/433
f 542/1236/433 537/1235/433 544/1238/433
f 531/1239/434 546/1240/434 539/1241/434
f 546/1240/434 531/1239/434 530/1242/434
f 544/1238/435 538/1243/435 545/1244/435
f 538/1243/435 544/1238/435 537/1235/435
f 545/1244/436 539/1241/436 546/1240/436
f 539/1241/436 545/1244/436 538/1243/436
o LeftArm
usemtl c_ffebd2
f 547/1245/437 548/1246/437 549/1247/437
f 550/1248/437 549/1247/437 548/1246/437
f 549/1247/437 551/1249/437 552/1250/437
f 551/1249/437 549/1247/437 550/1248/437
f 549/1247/437 553/1251/437 554/1252/437
f 553/1251/437 549/1247/437 552/1250/437
f 554/1252/437 547/1245/437 549/1247/437
f 547/1245/437 554/1252/437 555/1253/437
f 556/1254/438 557/1255/438 554/1256/438
f 554/1256/438 557/1255/438 555/1257/438
f 558/1258/439 556/1254/439 553/1259/439
f 553/1259/439 556/1254/439 554/1256/439
f 559/1260/440 560/1261/440 551/1262/440
f 551/1262/440 560/1261/440 552/1263/440
f 560/1261/441 558/1258/441 552/1263/441
f 552/1263/441 558/1258/441 553/1259/441
f 561/1264/442 559/1265/442 550/1266/442
f 550/1266/442 559/1265/442 551/1267/442
f 562/1268/443 561/1269/443 563/1270/443
f 563/1270/443 564/1271/443 562/1268/443
f 559/1272/444 562/1268/444 560/1273/444
f 562/1268/444 559/1272/444 561/1269/444
f 564/1271/445 556/1274/445 562/1268/445
f 556/1274/445 564/1271/445 557/1275/445
f 562/1268/445 558/1276/445 560/1273/445
f 558/1276/445 562/1268/445 556/1274/445
f 563/1277/446 550/1278/446 548/1279/446
f 550/1278/446 563/1277/446 561/1280/446
f 557/1281/447 547/1282/447 555/1283/447
f 547/1282/447 557/1281/447 564/1284/447
f 564/1284/448 548/1279/448 547/1282/448
f 548/1279/448 564/1284/448 563/1277/448
f 565/1285/449 566/1286/449 567/1287/449
f 565/1285/449 567/1287/449 568/1288/449
f 569/1289/437 567/1290/437 570/1291/437
f 570/1291/437 567/1290/437 566/1292/437
f 570/1291/437 571/1293/437 572/1294/437
f 571/1293/437 570/1291/437 566/1292/437
f 573/1295/437 570/1291/437 574/1296/437
f 574/1296/437 570/1291/437 572/1294/437
f 573/1295/437 569/1289/437 570/1291/437
f 569/1289/437 573/1295/437 575/1297/437
f 576/1298/450 568/1299/450 569/1300/450
f 569/1300/450 568/1299/450 567/1301/450
f 577/1302/451 576/1298/451 575/1303/451
f 575/1303/451 576/1298/451 569/1300/451
f 578/1304/452 575/1305/452 573/1306/452
f 575/1305/452 578/1304/452 577/1307/452
f 568/1308/444 579/1309/444 565/1310/444
f 568/1308/444 576/1311/444 579/1309/444
f 580/1312/453 579/1309/453 581/1313/453
f 579/1309/453 580/1312/453 565/1310/453
f 576/1311/445 578/1314/445 579/1309/445
f 578/1314/445 576/1311/445 577/1315/445
f 579/1309/445 582/1316/445 581/1313/445
f 579/1309/445 578/1314/445 582/1316/445
f 565/1317/454 571/1318/454 566/1319/454
f 571/1318/454 565/1317/454 580/1320/454
f 582/1321/455 573/1322/455 574/1323/455
f 573/1322/455 582/1321/455 578/1324/455
f 580/1320/456 572/1325/456 571/1318/456
f 572/1325/456 580/1320/456 581/1326/456
f 581/1326/457 574/1323/457 572/1325/457
f 574/1323/457 581/1326/457 582/1321/457
o LeftAltLeg
usemtl c_ffebd2
f 583/1327/458 584/1328/458 585/1329/458
f 584/1328/458 583/1327/458 586/1330/458
f 587/1331/1 588/1332/1 589/1333/1
f 588/1332/1 587/1331/1 585/1329/1
f 590/1334/1 585/1329/1 587/1331/1
f 585/1329/1 590/1334/1 583/1327/1
f 588/1332/459 585/1329/459 591/1335/459
f 585/1329/459 584/1328/459 591/1335/459
f 592/1336/460 593/1337/460 594/1338/460
f 595/1339/461 596/1340/461 597/1341/461
f 595/1339/461 598/1342/461 596/1340/461
f 599/1343/462 595/1339/462 600/1344/462
f 601/1345/1 597/1341/1 602/1346/1
f 597/1341/1 601/1345/1 595/1339/1
f 595/1339/1 603/1347/1 600/1344/1
f 595/1339/1 601/1345/1 603/1347/1
f 593/1337/460 592/1336/460 604/1348/460
f 605/1349/1 592/1336/1 606/1350/1
f 592/1336/1 607/1351/1 606/1350/1
f 608/1352/1 604/1348/1 605/1349/1
f 604/1348/1 592/1336/1 605/1349/1
f 595/1339/462 599/1343/462 598/1342/462
f 592/1336/463 609/1353/463 607/1351/463
f 592/1336/463 594/1338/463 609/1353/463
f 594/1354/389 610/1355/389 611/1356/389
f 594/1354/389 611/1356/389 609/1357/389
f 598/1358/390 612/1359/390 613/1360/390
f 598/1358/390 613/1360/390 596/1361/390
f 611/1356/391 614/1362/391 609/1357/391
f 609/1357/391 614/1362/391 607/1363/391
f 615/1364/392 608/1365/392 605/1366/392
f 615/1364/392 605/1366/392 616/1367/392
f 616/1367/393 605/1366/393 606/1368/393
f 616/1367/393 606/1368/393 617/1369/393
f 606/1368/394 614/1370/394 617/1369/394
f 614/1370/394 606/1368/394 607/1371/394
f 618/1372/395 587/1373/395 589/1374/395
f 618/1372/395 589/1374/395 619/1375/395
f 596/1376/396 620/1377/396 597/1378/396
f 620/1377/396 596/1376/396 613/1379/396
f 602/1380/397 620/1377/397 621/1381/397
f 620/1377/397 602/1380/397 597/1378/397
f 622/1382/92 590/1383/92 587/1373/92
f 622/1382/92 587/1373/92 618/1372/92
f 583/1384/398 590/1383/398 623/1385/398
f 623/1385/398 590/1383/398 622/1382/398
f 586/1386/239 583/1384/239 624/1387/239
f 624/1387/239 583/1384/239 623/1385/239
f 625/1388/7 626/1389/7 627/1390/7
f 628/1391/7 627/1390/7 626/1389/7
f 627/1390/7 628/1391/7 623/1392/7
f 623/1392/7 628/1391/7 624/1393/7
f 627/1390/7 622/1394/7 618/1395/7
f 622/1394/7 627/1390/7 623/1392/7
f 625/1388/7 618/1395/7 619/1396/7
f 618/1395/7 625/1388/7 627/1390/7
f 613/1397/7 629/1398/7 620/1399/7
f 612/1400/7 629/1398/7 613/1397/7
f 629/1398/7 630/1401/7 631/1402/7
f 630/1401/7 629/1398/7 612/1400/7
f 632/1403/7 629/1398/7 633/1404/7
f 633/1404/7 629/1398/7 631/1402/7
f 632/1403/7 620/1399/7 629/1398/7
f 620/1399/7 632/1403/7 621/1405/7
f 614/1406/7 611/1407/7 634/1408/7
f 610/1409/7 634/1408/7 611/1407/7
f 634/1408/7 635/1410/7 636/1411/7
f 635/1410/7 634/1408/7 610/1409/7
f 636/1411/7 615/1412/7 616/1413/7
f 616/1413/7 634/1408/7 636/1411/7
f 634/1408/7 616/1413/7 617/1414/7
f 617/1414/7 614/1406/7 634/1408/7
f 601/1415/405 602/1416/405 632/1417/405
f 632/1417/405 602/1416/405 621/1418/405
f 603/1419/406 601/1415/406 633/1420/406
f 633/1420/406 601/1415/406 632/1417/406
f 584/1421/407 624/1422/407 628/1423/407
f 624/1422/407 584/1421/407 586/1424/407
f 593/1425/408 604/1426/408 635/1427/408
f 635/1427/408 604/1426/408 636/1428/408
f 589/1375/409 625/1429/409 619/1374/409
f 625/1429/409 589/1375/409 588/1430/409
f 591/1431/138 625/1429/138 588/1430/138
f 625/1429/138 591/1431/138 626/1432/138
f 598/1433/410 630/1362/410 612/1434/410
f 630/1362/410 598/1433/410 599/1363/410
f 591/1431/411 584/1435/411 626/1432/411
f 626/1432/411 584/1435/411 628/1436/411
f 594/1437/412 635/1438/412 610/1439/412
f 635/1438/412 594/1437/412 593/1440/412
f 600/1441/413 603/1442/413 631/1443/413
f 631/1443/413 603/1442/413 633/1444/413
f 599/1363/414 600/1441/414 630/1362/414
f 630/1362/414 600/1441/414 631/1443/414
f 604/1445/415 615/1365/415 636/1446/415
f 615/1365/415 604/1445/415 608/1364/415
o LeftFoot
usemtl c_ffebd2
f 637/1447/464 638/1448/464 639/1449/464
f 638/1448/464 637/1447/464 640/1450/464
f 639/1449/465 641/1451/465 637/1447/465
f 641/1451/465 639/1449/465 642/1452/465
f 643/1453/364 644/1454/364 645/1455/364
f 644/1454/364 643/1453/364 646/1456/364
f 645/1455/365 647/1457/365 643/1453/365
f 647/1457/365 645/1455/365 648/1458/365
f 649/1459/466 650/1460/466 651/1461/466
f 652/1462/467 651/1461/467 653/1463/467
f 651/1461/467 652/1462/467 649/1459/467
f 650/1460/466 649/1459/466 654/1464/466
f 638/1465/468 655/1466/468 639/1467/468
f 655/1466/468 638/1465/468 656/1468/468
f 655/1466/469 657/1469/469 639/1467/469
f 642/1470/469 639/1467/469 657/1469/469
f 658/1471/470 651/1472/470 650/1473/470
f 651/1472/470 658/1471/470 659/1474/470
f 659/1474/471 653/1475/471 651/1472/471
f 653/1475/471 659/1474/471 660/1476/471
f 661/1477/35 645/1478/35 644/1479/35
f 645/1478/35 661/1477/35 662/1480/35
f 662/1480/372 648/1481/372 645/1478/372
f 648/1481/372 662/1480/372 663/1482/372
f 647/1483/373 648/1484/373 664/1485/373
f 664/1485/373 648/1484/373 663/1486/373
f 652/1487/472 660/1488/472 665/1489/472
f 660/1488/472 652/1487/472 653/1490/472
f 666/1491/473 667/1492/473 658/1493/473
f 667/1492/473 659/1494/473 658/1493/473
f 665/1495/474 659/1494/474 667/1492/474
f 659/1494/474 665/1495/474 660/1496/474
f 657/1497/475 641/1498/475 642/1499/475
f 641/1498/475 657/1497/475 668/1500/475
f 669/1501/377 670/1502/377 661/1503/377
f 670/1502/377 662/1504/377 661/1503/377
f 664/1505/378 662/1504/378 670/1502/378
f 662/1504/378 664/1505/378 663/1506/378
f 671/1507/476 672/1508/476 656/1509/476
f 672/1508/476 655/1510/476 656/1509/476
f 668/1500/477 655/1510/477 672/1508/477
f 655/1510/477 668/1500/477 657/1497/477
f 646/1511/285 643/1512/285 669/1513/285
f 669/1513/285 643/1512/285 670/1514/285
f 666/1515/478 649/1516/478 667/1517/478
f 649/1516/478 666/1515/478 654/1518/478
f 643/1512/383 647/1519/383 670/1514/383
f 670/1514/383 647/1519/383 664/1520/383
f 672/1521/479 640/1522/479 637/1523/479
f 640/1522/479 672/1521/479 671/1524/479
f 667/1517/480 652/1525/480 665/1526/480
f 652/1525/480 667/1517/480 649/1516/480
f 668/1527/481 637/1523/481 641/1528/481
f 637/1523/481 668/1527/481 672/1521/481
f 671/1529/482 656/1530/482 638/1531/482
f 638/1531/482 640/1532/482 671/1529/482
f 654/1533/483 658/1534/483 650/1535/483
f 658/1534/483 654/1533/483 666/1536/483
f 661/1537/388 644/1538/388 669/1539/388
f 644/1538/388 646/1540/388 669/1539/388
o Neck
usemtl c_ffebd2
f 673/1541/484 674/1542/484 675/1543/484
f 674/1542/484 673/1541/484 676/1544/484
f 677/1545/485 678/1546/485 679/1547/485
f 678/1546/485 677/1545/485 680/1548/485
f 681/1549/486 682/1550/486 683/1551/486
f 682/1550/486 681/1549/486 684/1552/486
f 685/1553/487 675/1543/487 674/1542/487
f 685/1553/487 674/1542/487 686/1554/487
f 679/1547/488 687/1555/488 688/1556/488
f 688/1556/488 677/1545/488 679/1547/488
f 683/1551/489 689/1557/489 690/1558/489
f 690/1558/489 681/1549/489 683/1551/489
f 691/1559/490 692/1560/490 693/1561/490
f 693/1561/490 694/1562/490 691/1559/490
f 695/1563/491 696/1564/491 697/1565/491
f 697/1565/491 698/1566/491 695/1563/491
f 699/1567/492 700/1568/492 701/1569/492
f 701/1569/492 702/1570/492 699/1567/492
f 703/1571/1 704/1572/1 705/1573/1
f 704/1572/1 706/1574/1 705/1573/1
f 707/1575/1 708/1576/1 709/1577/1
f 709/1577/1 710/1578/1 707/1575/1
f 711/1579/1 712/1580/1 713/1581/1
f 712/1580/1 711/1579/1 714/1582/1
f 693/1561/1 715/1583/1 694/1562/1
f 715/1583/1 716/1584/1 694/1562/1
f 697/1565/1 717/1585/1 698/1566/1
f 717/1585/1 718/1586/1 698/1566/1
f 701/1569/1 719/1587/1 702/1570/1
f 719/1587/1 701/1569/1 720/1588/1
f 721/1589/1 722/1550/1 723/1590/1
f 722/1550/1 721/1589/1 724/1552/1
f 725/1591/1 726/1546/1 727/1592/1
f 726/1546/1 725/1591/1 728/1548/1
f 729/1593/1 730/1544/1 731/1594/1
f 730/1544/1 729/1593/1 732/1541/1
f 702/1595/493 733/1596/493 734/1597/493
f 702/1595/493 734/1597/493 699/1598/493
f 735/1599/494 712/1600/494 736/1601/494
f 712/1600/494 735/1599/494 713/1602/494
f 733/1596/494 719/1603/494 737/1604/494
f 719/1603/494 733/1596/494 702/1595/494
f 723/1605/494 738/1606/494 739/1607/494
f 738/1606/494 723/1605/494 740/1608/494
f 741/1609/494 739/1607/494 738/1606/494
f 738/1606/494 689/1610/494 741/1609/494
f 698/1611/495 742/1612/495 743/1613/495
f 698/1611/495 743/1613/495 695/1614/495
f 744/1615/496 745/1616/496 710/1617/496
f 710/1617/496 745/1616/496 707/1618/496
f 727/1619/496 746/1620/496 747/1621/496
f 746/1620/496 727/1619/496 748/1622/496
f 749/1623/496 747/1621/496 746/1620/496
f 746/1620/496 687/1624/496 749/1623/496
f 750/1625/496 742/1612/496 718/1626/496
f 718/1626/496 742/1612/496 698/1611/496
f 751/1627/497 752/1628/497 694/1629/497
f 694/1629/497 752/1628/497 691/1630/497
f 753/1631/498 706/1632/498 754/1633/498
f 706/1632/498 753/1631/498 705/1634/498
f 731/1635/498 755/1636/498 756/1637/498
f 755/1636/498 731/1635/498 757/1638/498
f 758/1639/498 756/1637/498 755/1636/498
f 755/1636/498 686/1640/498 758/1639/498
f 759/1641/498 751/1627/498 716/1642/498
f 716/1642/498 751/1627/498 694/1629/498
f 692/1643/499 760/1644/499 693/1645/499
f 760/1644/499 692/1643/499 761/1646/499
f 761/1646/500 692/1643/500 691/1647/500
f 761/1646/500 691/1647/500 752/1648/500
f 762/1649/501 700/1650/501 699/1651/501
f 762/1649/501 699/1651/501 734/1652/501
f 763/1653/502 696/1654/502 695/1655/502
f 763/1653/502 695/1655/502 743/1656/502
f 764/1657/500 703/1658/500 705/1659/500
f 764/1657/500 705/1659/500 753/1660/500
f 765/1661/501 711/1662/501 713/1663/501
f 765/1661/501 713/1663/501 735/1664/501
f 766/1665/502 708/1666/502 707/1667/502
f 766/1665/502 707/1667/502 745/1668/502
f 696/1654/503 767/1669/503 697/1670/503
f 767/1669/503 696/1654/503 763/1653/503
f 755/1671/504 757/1672/504 768/1673/504
f 769/1674/504 768/1673/504 757/1672/504
f 768/1673/505 685/1675/505 686/1676/505
f 768/1673/505 686/1676/505 755/1671/505
f 738/1677/506 740/1678/506 770/1679/506
f 771/1680/506 770/1679/506 740/1678/506
f 770/1679/507 690/1681/507 689/1682/507
f 770/1679/507 689/1682/507 738/1677/507
f 746/1683/508 748/1684/508 772/1685/508
f 773/1686/508 772/1685/508 748/1684/508
f 772/1685/509 688/1687/509 687/1688/509
f 772/1685/509 687/1688/509 746/1683/509
f 728/1689/510 725/1690/510 774/1691/510
f 725/1690/510 773/1686/510 774/1691/510
f 677/1692/511 775/1693/511 680/1694/511
f 677/1692/511 688/1687/511 775/1693/511
f 776/1695/512 701/1696/512 700/1650/512
f 776/1695/512 700/1650/512 762/1649/512
f 724/1697/513 721/1698/513 777/1699/513
f 721/1698/513 771/1680/513 777/1699/513
f 681/1700/514 690/1681/514 778/1701/514
f 778/1701/514 684/1702/514 681/1700/514
f 732/1703/515 779/1704/515 780/1705/515
f 732/1703/515 780/1705/515 730/1706/515
f 774/1707/516 726/1708/516 728/1709/516
f 726/1708/516 774/1707/516 781/1710/516
f 777/1711/517 722/1712/517 724/1713/517
f 722/1712/517 777/1711/517 782/1714/517
f 757/1715/518 780/1705/518 769/1716/518
f 779/1704/518 769/1716/518 780/1705/518
f 748/1717/519 781/1710/519 773/1556/519
f 774/1707/519 773/1556/519 781/1710/519
f 740/1718/520 782/1714/520 771/1719/520
f 771/1719/520 782/1714/520 777/1711/520
f 760/1720/521 752/1721/521 751/1722/521
f 752/1721/521 760/1720/521 761/1723/521
f 743/1724/522 767/1725/522 763/1726/522
f 767/1725/522 743/1724/522 742/1727/522
f 734/1728/523 776/1729/523 762/1730/523
f 776/1729/523 734/1728/523 733/1731/523
f 783/1732/7 753/1733/7 754/1734/7
f 753/1733/7 783/1732/7 764/1735/7
f 784/1736/7 745/1737/7 744/1738/7
f 745/1737/7 784/1736/7 766/1739/7
f 736/1740/7 765/1741/7 735/1742/7
f 765/1741/7 736/1740/7 785/1743/7
f 786/1744/7 751/1722/7 759/1745/7
f 751/1722/7 786/1744/7 760/1720/7
f 787/1746/7 742/1727/7 750/1747/7
f 742/1727/7 787/1746/7 767/1725/7
f 737/1748/7 776/1729/7 733/1731/7
f 776/1729/7 737/1748/7 788/1749/7
f 778/1750/7 682/1712/7 684/1713/7
f 682/1712/7 778/1750/7 741/1751/7
f 775/1752/7 678/1708/7 680/1709/7
f 678/1708/7 775/1752/7 749/1753/7
f 789/1754/7 676/1706/7 673/1703/7
f 676/1706/7 789/1754/7 758/1755/7
f 783/1756/524 704/1757/524 703/1758/524
f 783/1756/524 703/1758/524 764/1759/524
f 768/1760/524 729/1761/524 790/1762/524
f 729/1761/524 768/1760/524 769/1763/524
f 789/1764/524 768/1760/524 790/1762/524
f 768/1760/524 789/1764/524 685/1765/524
f 786/1766/524 715/1767/524 693/1768/524
f 786/1766/524 693/1768/524 760/1769/524
f 732/1770/525 729/1761/525 779/1771/525
f 729/1761/525 769/1763/525 779/1771/525
f 675/1772/526 685/1765/526 789/1764/526
f 789/1764/526 673/1773/526 675/1772/526
f 784/1774/527 709/1775/527 708/1776/527
f 784/1774/527 708/1776/527 766/1777/527
f 772/1778/527 725/1779/527 791/1780/527
f 725/1779/527 772/1778/527 773/1781/527
f 775/1782/527 772/1778/527 791/1780/527
f 772/1778/527 775/1782/527 688/1783/527
f 787/1784/527 717/1785/527 697/1786/527
f 787/1784/527 697/1786/527 767/1787/527
f 785/1788/528 714/1789/528 711/1790/528
f 785/1788/528 711/1790/528 765/1791/528
f 788/1792/528 720/1793/528 701/1794/528
f 788/1792/528 701/1794/528 776/1795/528
f 770/1796/528 721/1797/528 792/1798/528
f 721/1797/528 770/1796/528 771/1799/528
f 778/1800/528 770/1796/528 792/1798/528
f 770/1796/528 778/1800/528 690/1801/528
f 782/1802/529 723/1803/529 722/1804/529
f 723/1803/529 782/1802/529 740/1682/529
f 741/1805/530 683/1806/530 682/1807/530
f 683/1806/530 741/1805/530 689/1678/530
f 727/1808/531 781/1809/531 748/1688/531
f 781/1809/531 727/1808/531 726/1810/531
f 749/1811/532 679/1812/532 678/1813/532
f 679/1812/532 749/1811/532 687/1684/532
f 744/1814/533 710/1815/533 709/1816/533
f 744/1814/533 709/1816/533 784/1817/533
f 754/1818/534 706/1819/534 704/1820/534
f 754/1818/534 704/1820/534 783/1821/534
f 727/1808/535 791/1822/535 725/1693/535
f 791/1822/535 727/1808/535 747/1823/535
f 749/1811/536 791/1822/536 747/1823/536
f 791/1822/536 749/1811/536 775/1690/536
f 731/1824/537 790/1825/537 729/1826/537
f 790/1825/537 731/1824/537 756/1827/537
f 758/1828/538 790/1825/538 756/1827/538
f 790/1825/538 758/1828/538 789/1829/538
f 736/1830/539 712/1831/539 714/1832/539
f 736/1830/539 714/1832/539 785/1833/539
f 723/1803/540 792/1834/540 721/1701/540
f 792/1834/540 723/1803/540 739/1835/540
f 741/1805/541 792/1834/541 739/1835/541
f 792/1834/541 741/1805/541 778/1698/541
f 731/1824/542 780/1836/542 757/1676/542
f 780/1836/542 731/1824/542 730/1837/542
f 758/1828/543 674/1838/543 676/1839/543
f 674/1838/543 758/1828/543 686/1672/543
f 750/1840/533 718/1841/533 717/1842/533
f 750/1840/533 717/1842/533 787/1843/533
f 737/1844/539 719/1845/539 720/1846/539
f 737/1844/539 720/1846/539 788/1847/539
f 759/1848/534 716/1849/534 715/1850/534
f 759/1848/534 715/1850/534 786/1851/534
o Torso
usemtl c_ffebd2
f 793/1852/171 794/1853/172 795/1854/173
f 796/1855/172 795/1854/173 794/1853/172
f 797/1856/174 793/1852/171 795/1854/173
f 793/1852/171 797/1856/174 798/1857/174
f 799/1858/171 800/1859/172 801/1860/173
f 802/1861/172 801/1860/173 800/1859/172
f 803/1862/174 799/1858/171 801/1860/173
f 799/1858/171 803/1862/174 804/1863/174
f 805/1864/544 806/1865/544 807/1866/544
f 806/1865/544 805/1864/544 808/1867/544
f 809/1868/545 810/1869/545 811/1870/545
f 810/1869/545 809/1868/545 812/1871/545
f 813/1872/546 814/1873/546 815/1874/546
f 813/1872/546 815/1874/546 816/1875/546
f 817/1876/547 818/1877/547 819/1878/547
f 817/1876/547 819/1878/547 820/1879/547
f 821/1880/548 822/1881/548 823/1882/548
f 822/1881/548 821/1880/548 824/1883/548
f 825/1884/549 826/1885/549 827/1886/549
f 827/1886/549 828/1887/549 825/1884/549
f 829/1888/1 830/1889/1 831/1890/1
f 830/1889/1 829/1888/1 832/1891/1
f 825/1884/550 828/1887/550 833/1892/550
f 825/1884/550 833/1892/550 834/1893/550
f 835/1894/1 836/1895/1 837/1896/1
f 836/1895/1 835/1894/1 838/1897/1
f 839/1898/1 840/1899/1 841/1900/1
f 840/1899/1 839/1898/1 842/1901/1
f 811/1870/1 843/1902/1 844/1903/1
f 843/1902/1 811/1870/1 810/1869/1
f 845/1904/1 823/1882/1 846/1905/1
f 823/1882/1 845/1904/1 821/1880/1
f 847/1906/1 848/1907/1 849/1908/1
f 848/1907/1 847/1906/1 850/1909/1
f 817/1876/1 851/1910/1 818/1877/1
f 851/1910/1 817/1876/1 852/1911/1
f 853/1912/1 814/1873/1 813/1872/1
f 814/1873/1 853/1912/1 854/1913/1
f 855/1914/1 856/1893/1 857/1915/1
f 856/1893/1 855/1914/1 858/1892/1
f 859/1916/195 860/1917/196 861/1918/197
f 860/1917/196 862/1919/196 861/1918/197
f 859/1916/195 861/1918/197 863/1920/198
f 864/1921/198 859/1916/195 863/1920/198
f 865/1922/195 866/1923/196 867/1924/197
f 866/1923/196 868/1925/196 867/1924/197
f 865/1922/195 867/1924/197 869/1926/198
f 870/1927/198 865/1922/195 869/1926/198
f 870/1927/199 869/1926/199 871/1928/199
f 864/1921/199 863/1920/199 872/1929/199
f 873/1930/551 874/1931/551 809/1932/551
f 809/1932/551 874/1931/551 812/1933/551
f 875/1934/495 876/1935/495 824/1936/495
f 824/1936/495 876/1935/495 822/1937/495
f 877/1938/552 878/1939/552 819/1940/552
f 819/1940/552 878/1939/552 820/1941/552
f 879/1942/553 815/1943/553 880/1944/553
f 815/1943/553 879/1942/553 816/1945/553
f 881/1946/554 882/1947/554 832/1948/554
f 832/1948/554 882/1947/554 830/1949/554
f 883/1950/80 884/1951/80 840/1952/80
f 840/1952/80 884/1951/80 841/1953/80
f 885/1954/555 886/1955/555 848/1956/555
f 848/1956/555 886/1955/555 849/1957/555
f 887/1958/556 888/1959/556 838/1960/556
f 838/1960/556 888/1959/556 836/1961/556
f 889/1962/557 890/1963/557 891/1964/557
f 890/1963/557 889/1962/557 892/1965/557
f 807/1966/558 893/1967/558 894/1968/558
f 807/1966/558 894/1968/558 805/1969/558
f 895/1970/559 896/1971/559 897/1972/559
f 896/1971/559 895/1970/559 898/1973/559
f 895/1970/560 827/1974/560 826/1975/560
f 827/1974/560 895/1970/560 897/1972/560
f 899/1976/561 890/1963/561 900/1977/561
f 890/1963/561 899/1976/561 891/1964/561
f 899/1976/562 894/1968/562 893/1967/562
f 894/1968/562 899/1976/562 900/1977/562
f 901/1978/209 902/1979/209 903/1980/209
f 902/1979/209 901/1978/209 904/1981/209
f 803/1982/210 903/1980/210 902/1979/210
f 803/1982/210 902/1979/210 804/1983/210
f 905/1984/209 906/1985/209 907/1986/209
f 906/1985/209 905/1984/209 908/1987/209
f 797/1988/210 907/1986/210 906/1985/210
f 797/1988/210 906/1985/210 798/1989/210
f 880/1944/563 814/1990/563 909/1991/563
f 814/1990/563 880/1944/563 815/1943/563
f 910/1992/37 813/1993/37 816/1994/37
f 910/1992/37 816/1994/37 879/1995/37
f 911/1996/564 847/1997/564 849/1998/564
f 911/1996/564 849/1998/564 886/1999/564
f 912/2000/564 853/2001/564 813/1993/564
f 912/2000/564 813/1993/564 910/1992/564
f 897/2002/564 855/2003/564 913/2004/564
f 855/2003/564 897/2002/564 896/2005/564
f 914/2006/564 897/2002/564 913/2004/564
f 897/2002/564 914/2006/564 827/2007/564
f 858/2008/565 855/2003/565 915/2009/565
f 855/2003/565 896/2005/565 915/2009/565
f 828/2010/566 827/2007/566 914/2006/566
f 914/2006/566 833/2011/566 828/2010/566
f 916/2012/567 817/2013/567 820/2014/567
f 916/2012/567 820/2014/567 878/2015/567
f 917/2016/568 839/2017/568 841/2018/568
f 917/2016/568 841/2018/568 884/2019/568
f 900/2020/568 918/2021/568 919/2022/568
f 918/2021/568 900/2020/568 890/2023/568
f 920/2024/568 900/2020/568 919/2022/568
f 900/2020/568 920/2024/568 894/2025/568
f 921/2026/568 852/2027/568 817/2013/568
f 921/2026/568 817/2013/568 916/2012/568
f 892/2028/569 918/2021/569 890/2023/569
f 918/2021/569 892/2028/569 922/2029/569
f 805/2030/570 894/2025/570 920/2024/570
f 920/2024/570 808/2031/570 805/2030/570
f 923/2032/571 823/2033/571 822/2034/571
f 923/2032/571 822/2034/571 876/2035/571
f 924/2036/572 837/2037/572 836/2038/572
f 924/2036/572 836/2038/572 888/2039/572
f 902/2040/213 868/2041/214 925/2042/213
f 868/2041/214 902/2040/213 904/2043/214
f 926/2044/215 902/2040/213 925/2042/213
f 902/2040/213 926/2044/215 804/2045/215
f 800/2046/216 927/2047/217 928/2048/573
f 927/2047/217 800/2046/216 799/2049/217
f 804/2045/218 927/2047/217 799/2049/217
f 927/2047/217 804/2045/218 926/2044/218
f 929/2050/572 846/2051/572 823/2033/572
f 929/2050/572 823/2033/572 923/2032/572
f 867/2052/219 904/2043/220 930/2053/219
f 904/2043/220 867/2052/219 868/2041/220
f 930/2053/219 931/2054/221 867/2052/219
f 867/2052/219 931/2054/221 869/2055/574
f 869/2055/574 931/2054/221 871/2056/222
f 800/2046/216 928/2048/573 932/2057/223
f 810/2058/575 874/2059/575 933/2060/575
f 874/2059/575 810/2058/575 812/2061/575
f 934/2062/213 831/2063/213 830/2064/213
f 934/2062/213 830/2064/213 882/2065/213
f 906/2066/213 862/2067/214 935/2068/213
f 862/2067/214 906/2066/213 908/2069/214
f 936/2070/215 906/2066/213 935/2068/213
f 906/2066/213 936/2070/215 798/2071/215
f 794/2072/216 937/2073/217 938/2074/573
f 937/2073/217 794/2072/216 793/2075/217
f 798/2071/218 937/2073/217 793/2075/217
f 937/2073/217 798/2071/218 936/2070/218
f 939/2076/91 843/2077/91 810/2058/91
f 939/2076/91 810/2058/91 933/2060/91
f 861/2078/219 908/2069/220 940/2079/219
f 908/2069/220 861/2078/219 862/2067/220
f 940/2079/219 941/2080/221 861/2078/219
f 861/2078/219 941/2080/221 863/2081/574
f 863/2081/574 941/2080/221 872/2082/222
f 794/2072/216 938/2074/573 942/2083/223
f 905/2084/250 940/2085/251 908/2086/250
f 940/2085/251 905/2084/250 943/2087/252
f 943/2087/252 941/2088/253 940/2085/251
f 941/2088/253 943/2087/252 944/2089/253
f 901/2090/250 930/2091/251 904/2092/250
f 930/2091/251 901/2090/250 945/2093/252
f 945/2093/252 931/2094/253 930/2091/251
f 931/2094/253 945/2093/252 946/2095/253
f 947/2096/576 892/2097/576 889/2098/576
f 892/2097/576 947/2096/576 922/2099/576
f 933/2100/577 873/2101/577 948/2102/577
f 873/2101/577 933/2100/577 874/2103/577
f 910/2104/578 880/2105/578 909/2106/578
f 880/2105/578 910/2104/578 879/2107/578
f 916/2108/579 877/2109/579 949/2110/579
f 877/2109/579 916/2108/579 878/2111/579
f 950/2112/580 923/2113/580 876/2114/580
f 950/2112/580 876/2114/580 875/2115/580
f 951/2116/581 896/2117/581 898/2118/581
f 896/2117/581 951/2116/581 915/2119/581
f 881/2120/7 952/2121/7 882/2122/7
f 952/2121/7 934/2123/7 882/2122/7
f 856/2124/582 858/2125/582 951/2116/582
f 951/2116/582 858/2125/582 915/2119/582
f 887/2126/7 953/2127/7 888/2128/7
f 953/2127/7 924/2129/7 888/2128/7
f 883/2130/7 917/2131/7 884/2132/7
f 917/2131/7 883/2130/7 954/2133/7
f 948/2102/7 939/2134/7 933/2100/7
f 939/2134/7 948/2102/7 955/2135/7
f 950/2112/7 956/2136/7 923/2113/7
f 956/2136/7 929/2137/7 923/2113/7
f 885/2138/7 911/2139/7 886/2140/7
f 911/2139/7 885/2138/7 957/2141/7
f 949/2110/7 958/2142/7 916/2108/7
f 958/2142/7 921/2143/7 916/2108/7
f 909/2106/7 912/2144/7 910/2104/7
f 912/2144/7 909/2106/7 959/2145/7
f 834/2124/7 914/2146/7 960/2147/7
f 914/2146/7 834/2124/7 833/2125/7
f 961/2148/274 938/2149/275 937/2150/276
f 938/2149/275 961/2148/274 962/2151/275
f 937/2150/276 963/2152/277 961/2148/274
f 963/2152/277 937/2150/276 936/2153/277
f 964/2154/274 928/2155/275 927/2156/276
f 928/2155/275 964/2154/274 965/2157/275
f 927/2156/276 966/2158/277 964/2154/274
f 966/2158/277 927/2156/276 926/2159/277
f 928/2155/278 965/2157/278 932/2160/278
f 938/2149/278 962/2151/278 942/2161/278
f 941/2162/279 944/2163/279 872/2164/279
f 796/2165/280 794/2166/280 942/2167/280
f 931/2168/279 946/2169/279 871/2170/279
f 802/2171/280 800/2172/280 932/2173/280
f 952/2174/583 829/2175/583 831/2176/583
f 952/2174/583 831/2176/583 934/2177/583
f 860/2178/286 935/2179/286 862/2180/286
f 935/2179/286 860/2178/286 967/2181/286
f 963/2182/287 935/2179/287 967/2181/287
f 935/2179/287 963/2182/287 936/2183/287
f 953/2184/584 835/2185/584 837/2186/584
f 953/2184/584 837/2186/584 924/2187/584
f 866/2188/286 925/2189/286 868/2190/286
f 925/2189/286 866/2188/286 968/2191/286
f 966/2192/287 925/2189/287 968/2191/287
f 925/2189/287 966/2192/287 926/2193/287
f 954/2194/128 842/2195/128 839/2196/128
f 954/2194/128 839/2196/128 917/2197/128
f 969/2198/585 970/2199/585 918/2200/585
f 970/2199/585 919/2201/585 918/2200/585
f 971/2202/586 920/2203/586 970/2199/586
f 970/2199/586 920/2203/586 919/2201/586
f 918/2200/587 947/2204/587 969/2198/587
f 947/2204/587 918/2200/587 922/2205/587
f 806/2206/588 920/2203/588 971/2202/588
f 920/2203/588 806/2206/588 808/2207/588
f 957/2208/589 850/2209/589 847/2210/589
f 957/2208/589 847/2210/589 911/2211/589
f 913/2212/590 855/2213/590 972/2214/590
f 857/2215/590 972/2214/590 855/2213/590
f 972/2214/591 960/2216/591 914/2217/591
f 972/2214/591 914/2217/591 913/2212/591
f 956/2218/584 845/2219/584 846/2220/584
f 956/2218/584 846/2220/584 929/2221/584
f 955/2222/583 844/2223/583 843/2224/583
f 955/2222/583 843/2224/583 939/2225/583
f 958/2226/128 851/2227/128 852/2228/128
f 958/2226/128 852/2228/128 921/2229/128
f 959/2230/589 854/2231/589 853/2232/589
f 959/2230/589 853/2232/589 912/2233/589
f 811/2234/139 948/2235/139 873/2236/139
f 811/2234/139 873/2236/139 809/2237/139
f 881/2238/338 832/2239/338 829/2240/338
f 881/2238/338 829/2240/338 952/2241/338
f 962/2242/327 796/2243/328 942/2082/329
f 796/2243/328 961/2244/330 795/2245/330
f 961/2244/330 796/2243/328 962/2242/327
f 797/2246/331 795/2245/330 961/2244/330
f 961/2244/330 963/2247/331 797/2246/331
f 859/2248/332 905/2249/333 860/2250/333
f 905/2249/333 859/2248/332 943/2251/332
f 859/2248/332 944/2252/334 943/2251/332
f 944/2252/334 859/2248/332 864/2253/335
f 944/2252/334 864/2253/335 872/2083/336
f 905/2249/337 907/2254/338 860/2250/337
f 907/2254/338 967/2255/338 860/2250/337
f 907/2254/338 797/2246/339 963/2247/339
f 907/2254/338 963/2247/339 967/2255/338
f 948/2235/592 811/2234/592 844/2256/592
f 948/2235/592 844/2256/592 955/2257/592
f 950/2258/593 824/2259/593 821/2260/593
f 824/2259/593 950/2258/593 875/2261/593
f 887/2262/594 838/2263/594 835/2264/594
f 887/2262/594 835/2264/594 953/2265/594
f 965/2266/327 802/2267/328 932/2056/329
f 802/2267/328 964/2268/330 801/2269/330
f 964/2268/330 802/2267/328 965/2266/327
f 803/2270/331 801/2269/330 964/2268/330
f 964/2268/330 966/2271/331 803/2270/331
f 865/2272/332 901/2273/333 866/2274/333
f 901/2273/333 865/2272/332 945/2275/332
f 865/2272/332 946/2276/334 945/2275/332
f 946/2276/334 865/2272/332 870/2277/335
f 946/2276/334 870/2277/335 871/2057/336
f 901/2273/337 903/2278/338 866/2274/337
f 903/2278/338 968/2279/338 866/2274/337
f 903/2278/338 803/2270/339 966/2271/339
f 903/2278/338 966/2271/339 968/2279/338
f 950/2258/594 821/2260/594 845/2280/594
f 950/2258/594 845/2280/594 956/2281/594
f 818/2282/595 949/2283/595 877/2284/595
f 818/2282/595 877/2284/595 819/2285/595
f 883/2286/596 840/2287/596 842/2288/596
f 883/2286/596 842/2288/596 954/2289/596
f 889/2290/597 969/2291/597 947/2292/597
f 969/2291/597 889/2290/597 891/2293/597
f 971/2294/598 807/2295/598 806/2296/598
f 807/2295/598 971/2294/598 893/2297/598
f 891/2293/596 899/2298/596 969/2291/596
f 899/2298/596 970/2299/596 969/2291/596
f 971/2294/596 899/2298/596 893/2297/596
f 899/2298/596 971/2294/596 970/2299/596
f 949/2283/596 818/2282/596 851/2300/596
f 949/2283/596 851/2300/596 958/2301/596
f 951/2302/599 857/2303/599 856/2304/599
f 857/2303/599 951/2302/599 898/2305/599
f 960/2306/600 825/2307/600 834/2308/600
f 825/2307/600 960/2306/600 826/2309/600
f 885/2310/601 848/2311/601 850/2312/601
f 885/2310/601 850/2312/601 957/2313/601
f 909/2314/601 814/2315/601 854/2316/601
f 909/2314/601 854/2316/601 959/2317/601
f 898/2305/601 895/2318/601 857/2303/601
f 895/2318/601 972/2319/601 857/2303/601
f 960/2306/601 895/2318/601 826/2309/601
f 895/2318/601 960/2306/601 972/2319/601
o Meshes/set_10_trex_030 (1)
usemtl c_ffebd2
f 973/2320/602 974/2321/602 975/2322/602
f 974/2321/602 973/2320/602 976/2323/602
f 977/2324/603 978/2325/603 979/2326/603
f 978/2325/603 977/2324/603 980/2327/603
f 981/2328/604 982/2329/604 983/2330/604
f 982/2329/604 981/2328/604 984/2331/604
f 974/2321/489 985/2332/489 986/2333/489
f 986/2333/489 975/2322/489 974/2321/489
f 987/2334/605 981/2328/605 983/2330/605
f 987/2334/605 983/2330/605 988/2335/605
f 989/2336/606 980/2327/606 977/2324/606
f 989/2336/606 977/2324/606 990/2337/606
f 991/2338/607 992/2339/607 993/2340/607
f 993/2340/607 994/2341/607 991/2338/607
f 995/2342/608 996/2343/608 997/2344/608
f 995/2342/608 997/2344/608 998/2345/608
f 999/2346/609 1000/2347/609 1001/2348/609
f 1000/2347/609 999/2346/609 1002/2349/609
f 1003/2350/1 1004/2351/1 1005/2352/1
f 1004/2351/1 1006/2353/1 1005/2352/1
f 1007/2354/1 1008/2355/1 1009/2356/1
f 1008/2355/1 1007/2354/1 1010/2357/1
f 1011/2358/1 1012/2359/1 1013/2360/1
f 1011/2358/1 1013/2360/1 1014/2361/1
f 993/2340/1 1015/2362/1 994/2341/1
f 1015/2362/1 993/2340/1 1016/2363/1
f 1002/2349/1 1017/2364/1 1000/2347/1
f 1017/2364/1 1002/2349/1 1018/2365/1
f 1019/2366/1 995/2342/1 1020/2367/1
f 995/2342/1 1019/2366/1 996/2343/1
f 1021/2326/1 1022/2368/1 1023/2325/1
f 1022/2368/1 1021/2326/1 1024/2369/1
f 1025/2370/1 1026/2329/1 1027/2371/1
f 1026/2329/1 1025/2370/1 1028/2331/1
f 1029/2372/1 1030/2323/1 1031/2373/1
f 1030/2323/1 1029/2372/1 1032/2320/1
f 1033/2374/372 1034/2375/372 1012/2376/372
f 1012/2376/372 1034/2375/372 1013/2377/372
f 1035/2378/610 1036/2379/610 996/2380/610
f 996/2380/610 1036/2379/610 997/2381/610
f 1037/2382/372 1035/2378/372 1019/2383/372
f 1019/2383/372 1035/2378/372 996/2380/372
f 1024/2384/372 1038/2385/372 1039/2386/372
f 1038/2385/372 1024/2384/372 1040/2387/372
f 1041/2388/372 1039/2386/372 1038/2385/372
f 1038/2385/372 990/2389/372 1041/2388/372
f 1042/2390/611 1043/2391/611 994/2392/611
f 994/2392/611 1043/2391/611 991/2393/611
f 1044/2394/612 1045/2395/612 1006/2396/612
f 1006/2396/612 1045/2395/612 1005/2397/612
f 1027/2398/612 1046/2399/612 1047/2400/612
f 1046/2399/612 1027/2398/612 1048/2401/612
f 1049/2402/612 1047/2400/612 1046/2399/612
f 1046/2399/612 988/2403/612 1049/2402/612
f 1050/2404/612 1042/2390/612 1015/2405/612
f 1015/2405/612 1042/2390/612 994/2392/612
f 1051/2406/613 1052/2407/613 1008/2408/613
f 1008/2408/613 1052/2407/613 1009/2409/613
f 1053/2410/614 1054/2411/614 1000/2412/614
f 1000/2412/614 1054/2411/614 1001/2413/614
f 1055/2414/613 1053/2410/613 1017/2415/613
f 1017/2415/613 1053/2410/613 1000/2412/613
f 1031/2416/613 1056/2417/613 1057/2418/613
f 1056/2417/613 1031/2416/613 1058/2419/613
f 1059/2420/613 1057/2418/613 1056/2417/613
f 1056/2417/613 985/2421/613 1059/2420/613
f 999/2422/615 1060/2423/615 1002/2424/615
f 1060/2423/615 999/2422/615 1061/2425/615
f 1062/2426/616 992/2427/616 991/2391/616
f 1062/2426/616 991/2391/616 1043/2393/616
f 1061/2425/617 999/2422/617 1001/2428/617
f 1061/2425/617 1001/2428/617 1054/2429/617
f 1063/2430/618 998/2431/618 997/2432/618
f 1063/2430/618 997/2432/618 1036/2433/618
f 1032/2434/619 1029/2435/619 1064/2436/619
f 1029/2435/619 1065/2437/619 1064/2436/619
f 975/2438/620 986/2439/620 1066/2440/620
f 1066/2440/620 973/2441/620 975/2438/620
f 1067/2442/621 993/2443/621 992/2427/621
f 1067/2442/621 992/2427/621 1062/2426/621
f 1068/2444/616 1003/2445/616 1005/2446/616
f 1068/2444/616 1005/2446/616 1045/2447/616
f 1069/2448/618 1014/2449/618 1013/2450/618
f 1069/2448/618 1013/2450/618 1034/2451/618
f 1070/2452/617 1007/2453/617 1009/2454/617
f 1070/2452/617 1009/2454/617 1052/2455/617
f 1046/2456/622 1048/2457/622 1071/2458/622
f 1072/2459/622 1071/2458/622 1048/2457/622
f 1071/2458/623 987/2460/623 988/2461/623
f 1071/2458/623 988/2461/623 1046/2456/623
f 1038/2462/624 1040/2463/624 1073/2464/624
f 1074/2465/624 1073/2464/624 1040/2463/624
f 1073/2464/625 989/2466/625 990/2467/625
f 1073/2464/625 990/2467/625 1038/2462/625
f 1056/2468/626 1058/2469/626 1075/2470/626
f 1065/2437/626 1075/2470/626 1058/2469/626
f 1075/2470/627 986/2439/627 985/2471/627
f 1075/2470/627 985/2471/627 1056/2468/627
f 1028/2472/628 1025/2473/628 1076/2474/628
f 1025/2473/628 1072/2459/628 1076/2474/628
f 981/2475/629 1077/2476/629 984/2477/629
f 981/2475/629 987/2460/629 1077/2476/629
f 1078/2478/87 995/2479/87 998/2431/87
f 1078/2478/87 998/2431/87 1063/2430/87
f 1064/2480/630 1079/2481/630 1032/2482/630
f 1079/2481/630 1030/2483/630 1032/2482/630
f 1080/2484/631 1023/2485/631 1081/2486/631
f 1023/2485/631 1080/2484/631 1021/2487/631
f 1076/2488/632 1026/2489/632 1028/2490/632
f 1026/2489/632 1076/2488/632 1082/2491/632
f 1058/2492/520 1079/2481/520 1065/2493/520
f 1065/2493/520 1079/2481/520 1064/2480/520
f 1048/2494/633 1082/2491/633 1072/2495/633
f 1076/2488/633 1072/2495/633 1082/2491/633
f 1040/2496/634 1080/2484/634 1074/2497/634
f 1081/2486/634 1074/2497/634 1080/2484/634
f 1067/2498/635 1043/2499/635 1042/2500/635
f 1043/2499/635 1067/2498/635 1062/2501/635
f 1078/2502/636 1036/2503/636 1035/2504/636
f 1036/2503/636 1078/2502/636 1063/2505/636
f 1053/2506/637 1061/2507/637 1054/2508/637
f 1061/2507/637 1053/2506/637 1060/2509/637
f 1083/2510/7 1045/2511/7 1044/2512/7
f 1045/2511/7 1083/2510/7 1068/2513/7
f 1051/2514/7 1070/2515/7 1052/2516/7
f 1070/2515/7 1051/2514/7 1084/2517/7
f 1085/2518/7 1034/2519/7 1033/2520/7
f 1034/2519/7 1085/2518/7 1069/2521/7
f 1067/2498/7 1050/2522/7 1086/2523/7
f 1050/2522/7 1067/2498/7 1042/2500/7
f 1055/2524/7 1060/2509/7 1053/2506/7
f 1060/2509/7 1055/2524/7 1087/2525/7
f 1078/2502/7 1037/2526/7 1088/2527/7
f 1037/2526/7 1078/2502/7 1035/2504/7
f 1089/2528/7 979/2487/7 978/2485/7
f 979/2487/7 1089/2528/7 1041/2529/7
f 1077/2530/7 982/2489/7 984/2490/7
f 982/2489/7 1077/2530/7 1049/2531/7
f 1066/2532/7 976/2483/7 973/2482/7
f 976/2483/7 1066/2532/7 1059/2533/7
f 1084/2534/638 1010/2535/638 1007/2536/638
f 1084/2534/638 1007/2536/638 1070/2537/638
f 1087/2538/638 1018/2539/638 1002/2540/638
f 1087/2538/638 1002/2540/638 1060/2541/638
f 1075/2542/638 1029/2543/638 1090/2544/638
f 1029/2543/638 1075/2542/638 1065/2545/638
f 1066/2546/638 1075/2542/638 1090/2544/638
f 1075/2542/638 1066/2546/638 986/2547/638
f 1083/2548/639 1004/2549/639 1003/2550/639
f 1083/2548/639 1003/2550/639 1068/2551/639
f 1071/2552/639 1025/2553/639 1091/2554/639
f 1025/2553/639 1071/2552/639 1072/2555/639
f 1077/2556/639 1071/2552/639 1091/2554/639
f 1071/2552/639 1077/2556/639 987/2557/639
f 1086/2558/639 1016/2559/639 993/2560/639
f 1086/2558/639 993/2560/639 1067/2561/639
f 1085/2562/640 1011/2563/640 1014/2564/640
f 1085/2562/640 1014/2564/640 1069/2565/640
f 1088/2566/640 1020/2567/640 995/2568/640
f 1088/2566/640 995/2568/640 1078/2569/640
f 1073/2570/640 1022/2571/640 1092/2572/640
f 1022/2571/640 1073/2570/640 1074/2573/640
f 1089/2574/640 1073/2570/640 1092/2572/640
f 1073/2570/640 1089/2574/640 989/2575/640
f 1023/2576/641 1022/2571/641 1081/2577/641
f 1022/2571/641 1074/2573/641 1081/2577/641
f 980/2578/642 989/2575/642 1089/2574/642
f 1089/2574/642 978/2579/642 980/2578/642
f 1024/2580/643 1080/2581/643 1040/2467/643
f 1080/2581/643 1024/2580/643 1021/2582/643
f 1041/2583/644 977/2584/644 979/2585/644
f 977/2584/644 1041/2583/644 990/2463/644
f 1027/2586/645 1082/2587/645 1048/2461/645
f 1082/2587/645 1027/2586/645 1026/2588/645
f 1049/2589/646 983/2590/646 982/2591/646
f 983/2590/646 1049/2589/646 988/2457/646
f 1051/2592/647 1008/2593/647 1010/2594/647
f 1051/2592/647 1010/2594/647 1084/2595/647
f 1031/2596/648 1090/2597/648 1029/2440/648
f 1090/2597/648 1031/2596/648 1057/2598/648
f 1059/2599/649 1090/2597/649 1057/2598/649
f 1090/2597/649 1059/2599/649 1066/2435/649
f 1033/2600/650 1012/2601/650 1011/2602/650
f 1033/2600/650 1011/2602/650 1085/2603/650
f 1024/2580/651 1092/2604/651 1022/2605/651
f 1092/2604/651 1024/2580/651 1039/2606/651
f 1041/2583/652 1092/2604/652 1039/2606/652
f 1092/2604/652 1041/2583/652 1089/2607/652
f 1044/2608/653 1006/2609/653 1004/2610/653
f 1044/2608/653 1004/2610/653 1083/2611/653
f 1027/2586/654 1091/2612/654 1025/2476/654
f 1091/2612/654 1027/2586/654 1047/2613/654
f 1049/2589/655 1091/2612/655 1047/2613/655
f 1091/2612/655 1049/2589/655 1077/2473/655
f 1079/2614/656 1031/2596/656 1030/2615/656
f 1031/2596/656 1079/2614/656 1058/2471/656
f 1059/2599/657 974/2616/657 976/2617/657
f 974/2616/657 1059/2599/657 985/2469/657
f 1055/2618/647 1017/2619/647 1018/2620/647
f 1055/2618/647 1018/2620/647 1087/2621/647
f 1037/2622/650 1019/2623/650 1020/2624/650
f 1037/2622/650 1020/2624/650 1088/2625/650
f 1050/2626/653 1015/2627/653 1016/2628/653
f 1050/2626/653 1016/2628/653 1086/2629/653
o RightLeg
usemtl c_ffebd2
f 1093/2630/658 1094/2631/658 1095/2632/658
f 1094/2631/658 1096/2633/658 1095/2632/658
f 1095/2632/658 1097/2634/658 1098/2635/658
f 1097/2634/658 1095/2632/658 1096/2633/658
f 1093/2630/658 1099/2636/658 1100/2637/658
f 1099/2636/658 1093/2630/658 1095/2632/658
f 1095/2632/658 1101/2638/658 1099/2636/658
f 1101/2638/658 1095/2632/658 1098/2635/658
f 1102/2639/1 1103/2640/1 1104/2641/1
f 1104/2641/1 1105/2642/1 1102/2639/1
f 1104/2641/1 1106/2643/1 1105/2642/1
f 1106/2643/1 1104/2641/1 1107/2644/1
f 1104/2641/1 1108/2645/1 1109/2646/1
f 1109/2646/1 1107/2644/1 1104/2641/1
f 1103/2640/1 1110/2647/1 1108/2645/1
f 1108/2645/1 1104/2641/1 1103/2640/1
f 1111/2648/659 1096/2649/659 1112/2650/659
f 1096/2649/659 1111/2648/659 1097/2651/659
f 1112/2650/660 1096/2649/660 1113/2652/660
f 1094/2653/660 1113/2652/660 1096/2649/660
f 1114/2654/211 1097/2655/211 1111/2656/211
f 1097/2655/211 1114/2654/211 1098/2657/211
f 1115/2658/661 1098/2657/661 1114/2654/661
f 1098/2657/661 1115/2658/661 1101/2659/661
f 1116/2660/662 1101/2659/662 1115/2658/662
f 1101/2659/662 1116/2660/662 1099/2661/662
f 1117/2662/663 1109/2663/663 1118/2664/663
f 1109/2663/663 1108/2665/663 1118/2664/663
f 1118/2664/93 1108/2665/93 1119/2666/93
f 1108/2665/93 1110/2667/93 1119/2666/93
f 1120/2668/664 1121/2669/664 1106/2670/664
f 1106/2670/664 1107/2671/664 1120/2668/664
f 1117/2662/665 1120/2668/665 1107/2671/665
f 1107/2671/665 1109/2663/665 1117/2662/665
f 1113/2672/666 1122/2673/666 1123/2674/666
f 1123/2674/666 1112/2675/666 1113/2672/666
f 1123/2674/666 1111/2676/666 1112/2675/666
f 1111/2676/666 1123/2674/666 1114/2677/666
f 1115/2678/666 1123/2674/666 1116/2679/666
f 1123/2674/666 1115/2678/666 1114/2677/666
f 1116/2679/666 1122/2673/666 1124/2680/666
f 1122/2673/666 1116/2679/666 1123/2674/666
f 1121/2681/667 1125/2682/667 1126/2683/667
f 1125/2682/667 1121/2681/667 1120/2684/667
f 1127/2685/400 1128/2686/400 1125/2682/400
f 1126/2683/400 1125/2682/400 1128/2686/400
f 1119/2687/7 1127/2685/7 1118/2688/7
f 1125/2682/7 1118/2688/7 1127/2685/7
f 1118/2688/7 1125/2682/7 1117/2689/7
f 1120/2684/7 1117/2689/7 1125/2682/7
f 1126/2690/668 1106/2691/668 1121/2692/668
f 1106/2691/668 1126/2690/668 1105/2693/668
f 1124/2694/669 1099/2695/669 1116/2696/669
f 1099/2695/669 1124/2694/669 1100/2697/669
f 1128/2698/350 1102/2699/350 1126/2700/350
f 1102/2699/350 1105/2701/350 1126/2700/350
f 1128/2698/670 1127/2702/670 1103/2703/670
f 1103/2703/670 1102/2699/670 1128/2698/670
f 1119/2704/671 1103/2703/671 1127/2702/671
f 1103/2703/671 1119/2704/671 1110/2705/671
f 1094/2706/672 1122/2707/672 1113/2708/672
f 1122/2707/672 1094/2706/672 1093/2709/672
f 1093/2709/673 1124/2710/673 1122/2707/673
f 1124/2710/673 1093/2709/673 1100/2711/673
o LeftLeg
usemtl c_ffebd2
f 1129/2712/674 1130/2713/674 1131/2714/674
f 1131/2714/674 1130/2713/674 1132/2715/674
f 1131/2714/674 1133/2716/674 1134/2717/674
f 1133/2716/674 1131/2714/674 1132/2715/674
f 1131/2714/674 1135/2718/674 1136/2719/674
f 1135/2718/674 1131/2714/674 1134/2717/674
f 1129/2712/674 1136/2719/674 1137/2720/674
f 1136/2719/674 1129/2712/674 1131/2714/674
f 1138/2721/59 1139/2722/59 1140/2723/59
f 1139/2722/59 1138/2721/59 1141/2724/59
f 1142/2725/1 1143/2726/1 1144/2727/1
f 1143/2726/1 1142/2725/1 1138/2721/1
f 1138/2721/1 1145/2728/1 1141/2724/1
f 1145/2728/1 1138/2721/1 1142/2725/1
f 1138/2721/459 1140/2723/459 1146/2729/459
f 1146/2729/459 1143/2726/459 1138/2721/459
f 1147/2730/675 1133/2731/675 1132/2732/675
f 1133/2731/675 1147/2730/675 1148/2733/675
f 1130/2734/676 1149/2735/676 1147/2730/676
f 1130/2734/676 1147/2730/676 1132/2732/676
f 1134/2736/211 1148/2737/211 1150/2738/211
f 1148/2737/211 1134/2736/211 1133/2739/211
f 1135/2740/661 1150/2738/661 1151/2741/661
f 1150/2738/661 1135/2740/661 1134/2736/661
f 1136/2742/677 1151/2741/677 1152/2743/677
f 1151/2741/677 1136/2742/677 1135/2740/677
f 1145/2744/663 1142/2745/663 1153/2746/663
f 1153/2746/663 1142/2745/663 1154/2747/663
f 1142/2745/93 1144/2748/93 1154/2747/93
f 1154/2747/93 1144/2748/93 1155/2749/93
f 1141/2750/664 1156/2751/664 1139/2752/664
f 1156/2751/664 1141/2750/664 1157/2753/664
f 1141/2750/665 1145/2744/665 1157/2753/665
f 1157/2753/665 1145/2744/665 1153/2746/665
f 1158/2754/678 1159/2755/678 1149/2756/678
f 1149/2756/678 1159/2755/678 1147/2757/678
f 1159/2755/678 1148/2758/678 1147/2757/678
f 1148/2758/678 1159/2755/678 1150/2759/678
f 1152/2760/678 1158/2754/678 1160/2761/678
f 1158/2754/678 1152/2760/678 1159/2755/678
f 1159/2755/678 1151/2762/678 1150/2759/678
f 1151/2762/678 1159/2755/678 1152/2760/678
f 1161/2763/7 1162/2764/7 1163/2765/7
f 1164/2766/7 1163/2765/7 1162/2764/7
f 1163/2765/7 1156/2767/7 1157/2768/7
f 1156/2767/7 1163/2765/7 1164/2766/7
f 1153/2769/7 1163/2765/7 1157/2768/7
f 1163/2765/7 1153/2769/7 1154/2770/7
f 1154/2770/7 1161/2763/7 1163/2765/7
f 1161/2763/7 1154/2770/7 1155/2771/7
f 1140/2772/668 1156/2773/668 1164/2774/668
f 1156/2773/668 1140/2772/668 1139/2775/668
f 1137/2776/679 1152/2777/679 1160/2778/679
f 1152/2777/679 1137/2776/679 1136/2779/679
f 1146/2780/350 1140/2781/350 1162/2782/350
f 1162/2782/350 1140/2781/350 1164/2783/350
f 1143/2784/670 1146/2780/670 1161/2785/670
f 1161/2785/670 1146/2780/670 1162/2782/670
f 1144/2786/671 1161/2785/671 1155/2787/671
f 1161/2785/671 1144/2786/671 1143/2784/671
f 1149/2788/672 1130/2789/672 1129/2790/672
f 1149/2788/672 1129/2790/672 1158/2791/672
f 1158/2791/680 1129/2790/680 1137/2792/680
f 1158/2791/680 1137/2792/680 1160/2793/680
o LeftAltLegBottom
usemtl c_ffebd2
f 1165/2794/13 1166/2795/13 1167/2796/13
f 1166/2795/13 1165/2794/13 1168/2797/13
f 1168/2797/14 1169/2798/14 1166/2795/14
f 1170/2799/14 1169/2798/14 1168/2797/14
f 1171/2800/15 1168/2801/15 1172/2802/15
f 1168/2801/15 1171/2800/15 1170/2803/15
f 1168/2801/16 1173/2804/16 1172/2802/16
f 1173/2804/16 1168/2801/16 1165/2805/16
f 1169/2806/17 1171/2807/17 1174/2808/17
f 1171/2807/17 1169/2806/17 1170/2809/17
f 1173/2810/18 1175/2811/18 1176/2812/18
f 1173/2810/18 1176/2812/18 1172/2813/18
f 1174/2814/19 1172/2813/19 1176/2812/19
f 1172/2813/19 1174/2814/19 1171/2815/19
f 1166/2816/20 1176/2817/20 1175/2818/20
f 1166/2816/20 1175/2818/20 1167/2819/20
f 1166/2816/21 1174/2820/21 1176/2817/21
f 1174/2820/21 1166/2816/21 1169/2821/21
f 1165/2822/22 1167/2823/22 1173/2824/22
f 1167/2823/22 1175/2825/22 1173/2824/22
f 1177/2826/681 1178/2827/681 1179/2828/681
f 1178/2827/681 1177/2826/681 1180/2829/681
f 1181/2830/1 1182/2831/1 1183/2832/1
f 1182/2831/1 1181/2830/1 1177/2826/1
f 1184/2833/1 1180/2829/1 1177/2826/1
f 1177/2826/682 1179/2828/682 1185/2834/682
f 1185/2834/682 1182/2831/682 1177/2826/682
f 1186/2835/2 1179/2836/2 1178/2837/2
f 1179/2836/2 1186/2835/2 1187/2838/2
f 1179/2839/3 1188/2840/3 1185/2841/3
f 1188/2840/3 1179/2839/3 1187/2842/3
f 1183/2843/4 1189/2844/4 1190/2845/4
f 1189/2844/4 1183/2843/4 1182/2846/4
f 1185/2841/5 1189/2844/5 1182/2846/5
f 1189/2844/5 1185/2841/5 1188/2840/5
f 1187/2847/7 1191/2848/7 1188/2849/7
f 1191/2848/7 1189/2850/7 1188/2849/7
f 1191/2848/7 1186/2851/7 1192/2852/7
f 1186/2851/7 1191/2848/7 1187/2847/7
f 1192/2852/7 1193/2853/7 1191/2848/7
f 1189/2850/7 1194/2854/7 1190/2855/7
f 1194/2854/7 1189/2850/7 1191/2848/7
f 1183/2845/9 1194/2856/9 1181/2857/9
f 1194/2856/9 1183/2845/9 1190/2843/9
f 1180/2858/10 1186/2859/10 1178/2860/10
f 1186/2859/10 1180/2858/10 1192/2861/10
f 1184/2862/11 1192/2861/11 1180/2858/11
f 1192/2861/11 1184/2862/11 1193/2863/11
f 1193/2863/12 1184/2862/12 1181/2857/12
f 1193/2863/12 1181/2857/12 1194/2856/12
