# Roblox asset pack: lod_green_storm (creatures), from the Studio model "PetLOD/GreenStorm". Exported with Export Selection, split by tools/build_creatures.py: one object per rigid body. Units: studs. +Y up, front faces -Z, pivot (bottom centre) at the origin.
mtllib lod_green_storm.mtl

v -7.05000 9.83990 -5.50000
v -7.98100 8.15990 -5.76000
v -8.46400 9.11990 -5.46000
v -6.56800 8.88990 -5.80000
v -8.51500 8.00990 -5.51000
v -8.20700 9.05990 -5.26000
v -7.89200 8.24990 -5.48000
v -8.83000 8.81990 -5.29000
v -4.97700 4.86990 -5.46000
v -4.75200 4.40990 -5.46000
v -5.36000 4.69990 -5.46000
v -4.58100 4.05990 -5.46000
v -3.97700 4.74990 -5.46000
v -4.03800 5.28990 -5.46000
v -3.69300 5.44990 -5.46000
v -3.31000 4.03990 -5.46000
v -2.92700 3.24990 -5.46000
v -2.04000 2.03990 -5.46000
v -2.75400 2.32990 -5.46000
v -2.38400 1.88990 -5.46000
v -3.32500 1.45990 -5.46000
v -3.56100 1.94990 -5.46000
v -3.70800 1.28990 -5.46000
v -3.51500 2.99990 -5.46000
v -3.64400 1.12990 -5.18000
v -3.70700 5.84990 -5.17000
v -1.83500 2.00990 -5.18000
v -4.80700 4.07990 -5.17000
v -4.88500 3.66990 -5.17000
v -5.10900 4.12990 -5.17000
v -5.51600 4.96990 -5.17000
v -4.85800 0.27990 -5.16000
v -5.58800 1.01990 -5.26000
v -3.76700 1.37990 -5.00000
v -4.24900 2.36990 -5.07000
v -4.75200 4.40990 -5.02000
v -3.97700 4.74990 -5.02000
v -3.31000 4.03990 -5.02000
v -4.58100 4.05990 -5.02000
v -3.51500 2.99990 -5.02000
v -2.92700 3.24990 -5.02000
v -3.56100 1.94990 -5.02000
v -2.75400 2.32990 -5.02000
v -6.56700 6.35990 -5.30000
v -6.24300 8.26990 -5.02000
v -6.21400 6.87990 -5.22000
v -5.42600 7.41990 -5.14000
v -4.75600 7.57990 -5.11000
v -4.26500 7.90990 -5.06000
v -5.54700 6.82990 -5.22000
v -4.58900 5.99990 -5.33000
v -4.94200 6.48990 -5.27000
v -5.58700 5.70990 -5.39000
v -4.98900 5.45990 -5.42000
v -6.28200 5.80990 -5.38000
v -4.99900 3.58990 -5.68000
v -6.97700 3.94990 -5.65000
v -5.51000 4.41990 -5.57000
v -5.80400 5.09990 -5.48000
v -3.47100 0.04990 -4.86000
v -4.87200 0.27990 -5.06000
v -4.08400 1.07990 -4.95000
v -3.49000 1.08990 -4.86000
v -5.95900 -0.00010 -5.21000
v -5.60200 1.01990 -5.16000
v -5.97800 1.03990 -5.21000
v -5.57500 1.04990 -5.15000
v -3.59200 5.60990 -4.96000
v -1.80700 2.04990 -4.96000
v -1.84600 2.02990 -4.96000
v -2.90200 5.81990 -4.96000
v -4.08900 1.07990 -4.91000
v -3.77300 1.38990 -4.87000
v -3.64400 1.12990 -4.85000
v -3.49500 1.08990 -4.83000
v -3.29100 1.29990 -4.80000
v -4.35000 11.35990 -3.82000
v -5.76300 11.12990 -4.19000
v -4.81800 11.46990 -3.85000
v -5.44500 11.85990 -3.75000
v -5.00400 11.90990 -3.64000
v -5.77800 12.24990 -3.59000
v -4.96800 12.38990 -3.38000
v -6.16500 12.48990 -3.53000
v -4.75200 12.72990 -3.16000
v -3.49400 1.04990 -4.83000
v -5.42600 9.75990 -4.84000
v -4.43700 11.63990 -3.78000
v -4.01700 9.95990 -4.45000
v -5.84700 11.43990 -4.17000
v -7.05300 8.35990 -5.47000
v -5.45300 9.70990 -4.71000
v -3.96700 9.61990 -4.53000
v -4.12200 9.92990 -4.43000
v -7.67100 9.57990 -5.09000
v -5.62300 10.41990 -4.46000
v -8.56800 9.29990 -5.32000
v -5.57700 10.51990 -4.40000
v -7.87700 7.92990 -5.75000
v -4.88600 9.15990 -4.83000
v -3.51800 1.04990 -4.66000
v -2.87900 1.49990 -4.57000
v -3.50000 0.08990 -4.66000
v -3.33000 1.27990 -4.64000
v -4.70900 12.58990 -2.96000
v -4.58200 12.59990 -2.92000
v -4.68400 12.49990 -3.00000
v -4.34700 11.28990 -3.61000
v -4.22000 11.30990 -3.58000
v -6.12600 12.36990 -3.33000
v -5.83200 11.31990 -3.86000
v -5.91000 11.30990 -3.88000
v -6.25300 12.35990 -3.36000
v -5.89100 11.05990 -4.01000
v -5.84200 11.06990 -4.00000
v -6.30300 8.34990 -4.76000
v -4.06200 7.90990 -4.76000
v -4.54100 5.43990 -5.03000
v -5.51600 4.96990 -5.10000
v -7.18400 3.80990 -5.25000
v -4.94300 3.37990 -5.25000
v -4.37700 11.10990 -3.73000
v -4.49000 11.52990 -3.53000
v -4.29600 11.12990 -3.71000
v -4.70600 12.62990 -2.99000
v -5.82700 11.32990 -3.88000
v -6.12400 12.41990 -3.36000
v -5.59200 5.64990 -5.12000
v -5.80800 5.03990 -5.21000
v -6.28600 5.74990 -5.11000
v -4.99300 5.39990 -5.15000
v -5.51500 4.36990 -5.30000
v -4.94700 6.42990 -5.00000
v -5.43000 7.35990 -4.87000
v -4.76100 7.51990 -4.84000
v -5.55200 6.76990 -4.96000
v -6.21800 6.81990 -4.96000
v -5.99400 0.01990 -4.96000
v -6.74300 0.01990 -5.10000
v -6.74300 0.76990 -5.10000
v -6.00800 0.76990 -4.97000
v -5.01200 12.24990 -3.12000
v -5.48900 11.71990 -3.49000
v -5.82200 12.11990 -3.34000
v -5.04800 11.77990 -3.38000
v -4.86200 11.32990 -3.59000
v -6.30100 8.35990 -4.72000
v -4.06300 7.90990 -4.71000
v -6.30400 8.33990 -4.71000
v -4.06000 7.91990 -4.72000
v -7.01100 9.77990 -5.39000
v -5.43400 10.30990 -4.55000
v -6.57100 8.89990 -5.67000
v -4.99200 9.43990 -4.83000
v -7.46300 6.21990 -4.70000
v -6.51700 8.15990 -4.56000
v -6.27700 5.63990 -4.74000
v -5.33100 7.57990 -4.60000
v -4.93600 3.40990 -5.13000
v -4.88500 3.66990 -5.10000
v -4.72600 3.34990 -5.10000
v -3.70700 5.84990 -4.68000
v -3.38000 5.67990 -4.65000
v -3.59200 5.60990 -4.69000
v -2.85700 7.44990 -4.38000
v -4.54100 5.43990 -4.86000
v -4.16700 7.36990 -4.61000
v -4.07700 7.82990 -4.55000
v -2.85100 7.44990 -4.34000
v -2.98100 7.08990 -4.28000
v -2.86400 7.43990 -4.34000
v -4.07800 7.82990 -4.52000
v -4.07100 7.85990 -4.53000
v -7.16100 3.83990 -4.87000
v -7.41600 6.26990 -4.65000
v -5.78000 3.97990 -4.84000
v -6.03500 6.40990 -4.63000
v -6.12700 12.36990 -3.33000
v -4.71500 12.65990 -2.98000
v -4.70800 12.62990 -2.98000
v -6.12600 12.40990 -3.35000
v -6.13300 12.44990 -3.35000
v -4.32200 11.18990 -3.11000
v -3.64000 5.70990 -2.63000
v -3.14700 7.26990 -2.63000
v -3.11500 4.63990 -2.63000
v -1.43600 4.92990 -2.63000
v -2.99700 7.78990 -2.63000
v -2.19500 9.23990 -2.63000
v -3.98400 8.30990 -2.63000
v -5.63500 8.62990 -2.63000
v -4.01300 8.15990 -2.63000
v -6.38300 7.92990 -2.63000
v -6.67200 6.43990 -2.63000
v -7.01500 8.38990 -2.63000
v -6.26900 8.51990 -2.63000
v -3.17000 7.27990 -2.63000
v -7.02700 7.30990 -2.94000
v -3.31100 11.45990 -2.04000
v -2.44800 8.26990 -2.04000
v -7.89000 10.50990 -2.93000
v -7.68800 10.27990 -1.37000
v -6.98600 8.56990 -2.32000
v -7.43400 8.47990 -2.41000
v -8.13600 10.18990 -1.46000
v -9.52200 14.00990 -1.19000
v -8.30200 14.03990 -1.58000
v -9.46000 13.64990 -1.19000
v -8.59700 14.84990 -1.58000
v -9.72300 14.23990 -1.08000
v -8.79000 15.37990 -1.58000
v -10.39300 15.81990 -1.08000
v -9.12000 16.27990 -1.58000
v -3.08100 11.09990 -1.86000
v -2.09100 7.92990 -1.86000
v -6.29100 10.10990 -1.86000
v -6.22400 6.93990 -1.86000
v -4.90500 11.72990 -1.71000
v -3.88600 11.42990 -1.54000
v -6.17100 11.72990 -1.94000
v -4.79800 11.88990 -1.68000
v -4.92900 11.88990 -1.71000
v -7.67400 10.56990 -2.26000
v -4.39100 13.64990 -1.53000
v -8.17800 12.79990 -2.26000
v -4.94000 11.95990 -1.71000
v -4.93000 11.88990 -1.71000
v -4.80200 11.91990 -1.68000
v -6.16400 13.57990 -1.71000
v -7.90500 12.94990 -1.58000
v -6.56200 14.66990 -1.71000
v -6.85700 15.47990 -1.71000
v -7.05000 16.00990 -1.71000
v -7.38000 16.91990 -1.71000
v -3.24700 2.63990 -1.51000
v -4.66800 4.35990 -1.51000
v -1.51400 4.91990 -1.51000
v -1.09900 4.41990 -1.51000
v -1.09900 4.41990 -1.46000
v 0.85000 3.43990 -1.46000
v -0.06900 1.63990 -1.46000
v -2.78800 3.01990 -1.46000
v -1.12300 4.43990 -1.46000
v -3.38800 2.54990 -1.43000
v -4.85700 4.32990 -1.43000
v -4.66700 4.35990 -1.43000
v -3.25900 2.65990 -1.43000
v -10.49300 14.58990 -0.88000
v -11.19300 15.52990 -0.88000
v -11.75100 14.29990 -0.64000
v -12.08100 15.20990 -0.64000
v -0.17900 1.49990 -1.38000
v -2.78800 3.01990 -1.38000
v -0.09900 1.64990 -1.38000
v -2.93500 2.89990 -1.38000
v -7.40900 12.96990 -1.38000
v -8.56500 15.00990 -1.38000
v -4.67200 13.58990 -1.38000
v -6.22700 16.32990 -1.38000
v -8.63600 12.97990 -1.19000
v 0.85000 3.43990 -1.28000
v 0.73500 3.49990 -1.28000
v 3.19600 3.62990 -1.28000
v 0.00400 1.77990 -1.28000
v 3.28400 1.94990 -1.28000
v -8.71600 16.36990 -1.22000
v -5.56400 17.76990 -1.15000
v -8.53900 15.96990 -1.22000
v -5.38700 17.36990 -1.15000
v -7.86600 15.40990 -1.21000
v -8.88800 16.04990 -1.22000
v -8.53900 15.96990 -1.21000
v -8.63000 16.16990 -1.21000
v -6.43100 16.21990 -1.17000
v -5.82600 17.16990 -1.15000
v 0.00400 1.77990 -1.21000
v 3.25000 1.94990 -1.21000
v 3.26000 1.74990 -1.21000
v -0.06900 1.63990 -1.21000
v -0.14100 1.56990 -1.21000
v -0.09900 1.64990 -1.21000
v -4.57700 13.60990 -1.08000
v -4.57600 13.60990 -1.08000
v -4.67400 13.58990 -1.08000
v -9.77200 12.03990 -1.00000
v -10.62300 11.67990 -0.89000
v -10.28500 12.41990 -1.00000
v -10.88300 12.09990 -0.89000
v -8.30100 12.80990 -1.01000
v -7.42500 12.99990 -1.03000
v -7.40800 12.96990 -1.03000
v -4.67100 13.58990 -1.08000
v -8.29200 12.76990 -1.01000
v -8.37900 13.13990 -1.21000
v -9.05300 13.98990 -1.21000
v 3.27800 2.05990 -1.06000
v 5.90490 4.04990 -1.06000
v 6.16660 2.56990 -1.06000
v 3.19900 3.57990 -1.06000
v -4.65900 10.84990 -1.04000
v -4.76100 11.22990 -1.04000
v -3.97700 11.39990 -1.04000
v -3.75300 11.08990 -1.04000
v -4.39800 13.48990 -1.04000
v -4.44700 13.47990 -1.04000
v 6.13320 2.55990 -0.98000
v 3.28400 1.94990 -0.98000
v 3.27800 2.05990 -0.98000
v 3.25500 1.84990 -0.98000
v 6.16780 2.36990 -0.98000
v 3.25000 1.94990 -0.98000
v 5.91870 3.97990 -0.76000
v 8.58730 4.73990 -0.76000
v 6.14890 2.66990 -0.76000
v 8.95070 3.46990 -0.76000
v 6.14790 2.47990 -0.72000
v 6.16660 2.56990 -0.72000
v 8.88780 3.45990 -0.72000
v 6.13320 2.55990 -0.72000
v 6.14890 2.66990 -0.72000
v 8.93810 3.27990 -0.72000
v -8.72500 16.35990 -0.68000
v -8.54900 17.52990 -0.68000
v -8.54900 16.43990 -0.68000
v -8.03800 16.79990 -0.68000
v -10.50800 15.06990 -0.68000
v -11.01900 15.79990 -0.68000
v -8.71000 16.32990 -0.68000
v -8.03800 16.79990 -0.49000
v -7.01500 17.90990 -0.49000
v -7.95300 16.69990 -0.49000
v -6.73500 17.41990 -0.49000
v -8.29300 17.15990 -0.49000
v -8.55100 16.43990 -0.49000
v -8.84900 16.17990 -0.49000
v -8.71300 16.31990 -0.49000
v -8.69000 16.26990 -0.49000
v -8.87000 16.20990 -0.49000
v 8.92520 3.55990 -0.49000
v 10.90600 6.08990 -0.49000
v 11.49610 5.10990 -0.49000
v 8.59840 4.69990 -0.49000
v 11.51670 4.91990 -0.44000
v 8.91710 3.34990 -0.44000
v 11.42670 5.06990 -0.44000
v 8.95070 3.46990 -0.44000
v 8.88780 3.45990 -0.44000
v 8.92520 3.55990 -0.44000
v 12.23270 5.91990 -0.33000
v 11.43720 5.20990 -0.33000
v 10.95490 6.00990 -0.33000
v 11.61780 6.60990 -0.33000
v 10.16330 4.05990 -0.33000
v 10.13750 4.08990 -0.33000
v 10.31100 4.18990 -0.33000
v -8.43800 12.72990 0.23000
v -8.27000 12.76990 0.20000
v -7.79200 10.56990 0.20000
v -7.93400 10.49990 0.23000
v -6.58200 10.80990 -0.04000
v -6.58600 10.82990 -0.04000
v -3.77300 8.00990 -0.18000
v -3.86400 10.26990 -0.22000
v -3.66400 8.02990 -0.21000
v -4.01900 10.35990 -0.20000
v -4.92200 11.12990 -0.04000
v -3.88200 11.35990 -0.25000
v -3.87800 11.33990 -0.25000
v -6.04000 10.89990 0.17000
v -4.86200 10.85990 -0.05000
v -8.95600 13.58990 0.95000
v -10.30500 12.40990 0.79000
v -9.26100 13.77990 0.95000
v -10.05500 12.14990 0.79000
v -10.47700 11.92990 0.70000
v -10.64700 12.22990 0.70000
v -3.10100 8.10990 1.31000
v -3.40600 8.03990 1.41000
v -7.00900 7.67990 2.39000
v -8.27100 10.40990 0.94000
v -3.98500 10.34990 0.09000
v -3.87300 10.27990 0.11000
v -3.95900 10.52990 -0.03000
v -3.97400 10.56990 -0.05000
v -9.52000 14.00990 0.98000
v -8.92600 13.95990 0.98000
v -9.47400 13.63990 0.98000
v -8.92300 13.18990 0.98000
v -8.58700 13.68990 0.98000
v -8.96000 14.24990 0.98000
v -9.35800 14.76990 0.90000
v -9.70400 14.24990 0.90000
v -6.25600 4.07990 2.22000
v -4.99700 3.08990 2.29000
v -7.23800 3.52990 2.29000
v -4.75300 4.34990 2.16000
v -6.67100 6.43990 1.98000
v -4.99600 3.09990 2.34000
v -4.75300 4.34990 2.17000
v -4.08200 4.46990 2.04000
v -4.53600 2.92990 2.26000
v -10.33500 14.53990 0.73000
v -10.29900 15.19990 0.73000
v -11.70300 14.96990 0.53000
v -11.57300 14.32990 0.54000
v -5.34900 3.16990 2.40000
v -6.21000 8.80990 2.04000
v -5.44100 8.66990 2.04000
v -6.26700 8.51990 1.94000
v -4.77800 11.38990 1.68000
v -4.86200 11.84990 1.62000
v -4.71100 11.01990 1.73000
v -6.22800 10.10990 2.51000
v -6.40900 10.77990 2.19000
v -6.36600 10.61990 2.27000
v -6.63900 11.90990 1.96000
v -6.65900 12.01990 1.94000
v -6.42700 11.93990 1.90000
v -4.83300 10.82990 1.73000
v -6.39700 10.59990 2.13000
v -4.91100 11.24990 1.67000
v -6.47500 11.01990 2.08000
v -7.26100 8.57990 2.23000
v -7.61900 10.19990 2.50000
v -7.04300 10.19990 2.50000
v -6.68600 8.57990 2.23000
v -4.85000 10.99990 1.76000
v -4.91700 11.36990 1.71000
v -6.76300 11.87990 2.05000
v -6.63000 11.93990 2.01000
v -6.62300 11.90990 2.02000
v -6.70200 12.32990 1.96000
v -6.84100 12.30990 2.00000
v -6.55500 10.74990 2.20000
v -6.48200 11.13990 2.12000
v -6.43000 10.84990 2.16000
v -6.62200 11.10990 2.16000
v -6.41500 10.76990 2.17000
v -7.17700 3.65990 2.65000
v -7.43200 6.08990 2.44000
v -5.79600 3.79990 2.62000
v -6.05100 6.22990 2.41000
v -7.46100 6.06990 2.39000
v -6.51500 8.00990 2.25000
v -6.27600 5.49990 2.43000
v -5.33000 7.42990 2.29000
v -1.83300 2.00990 2.28000
v -3.37900 1.83990 2.28000
v -2.44800 2.37990 2.28000
v -3.64200 1.12990 2.28000
v -3.11300 4.63990 2.28000
v -2.41600 2.41990 2.28000
v -2.44800 2.43990 2.28000
v -3.57700 4.54990 2.28000
v -3.41600 1.87990 2.28000
v -3.41600 1.79990 2.28000
v -4.52900 2.94990 2.28000
v -4.04700 4.46990 2.28000
v -5.64400 1.02990 2.59000
v -4.27000 2.41990 2.40000
v -3.78800 1.42990 2.33000
v -4.93800 0.26990 2.49000
v -3.38000 1.83990 2.27000
v -3.59000 5.60990 2.49000
v -1.80300 2.03990 2.49000
v -1.84100 2.02990 2.49000
v -2.89800 5.80990 2.49000
v -6.00000 1.03990 2.74000
v -5.61500 1.04990 2.69000
v -5.63000 1.02990 2.69000
v -3.53000 0.04990 2.39000
v -4.12400 1.07990 2.48000
v -3.51200 1.08990 2.39000
v -4.92400 0.26990 2.59000
v -6.01800 -0.00010 2.74000
v -3.50700 1.08990 2.42000
v -3.34300 1.26990 2.40000
v -3.50700 1.06990 2.42000
v -4.12000 1.07990 2.51000
v -3.64200 1.12990 2.44000
v -3.78200 1.41990 2.46000
v -2.41700 2.41990 2.27000
v -6.78300 0.76990 3.03000
v -5.98300 0.76990 2.89000
v -5.99700 0.01990 2.89000
v -6.78300 0.01990 3.03000
v -3.30400 1.28990 2.57000
v -2.85900 1.50990 2.50000
v -3.48400 1.06990 2.59000
v -3.50100 0.04990 2.59000
v -3.50200 0.04990 2.59000
v -4.66300 10.33990 2.10000
v -4.80200 10.84990 1.86000
v -4.92400 11.29990 1.65000
v -6.54700 11.27990 1.95000
v -4.55900 10.60990 2.07000
v -4.69900 10.58990 2.11000
v -4.77800 10.86990 1.96000
v -4.68200 11.04990 1.85000
v -4.82200 11.02990 1.89000
v -6.26300 10.34990 2.51000
v -6.40300 10.32990 2.55000
v -6.38600 10.78990 2.29000
v -6.52600 10.76990 2.33000
v -4.95400 11.49990 1.65000
v -4.81000 11.49990 1.62000
v -6.72100 11.46990 1.98000
v -6.57600 11.46990 1.95000
v -6.23100 10.44990 2.70000
v -6.18200 10.25990 2.77000
v -6.23200 10.44990 2.70000
v -5.88200 9.05990 3.25000
v -4.47300 9.25990 2.86000
v -4.77300 10.45990 2.38000
v -6.27200 8.48990 3.75000
v -5.84300 9.13990 3.43000
v -5.94600 8.43990 3.72000
v -4.29100 9.10990 3.21000
v -4.42500 9.37990 3.13000
v -6.01900 9.87990 3.17000
v -7.37600 7.84990 4.16000
v -7.99400 9.06990 3.78000
v -6.31300 8.28990 3.83000
v -8.54400 8.96990 4.19000
v -5.55500 10.18990 3.27000
v -7.85400 7.60990 4.62000
v -4.86400 8.82990 3.70000
v -7.01300 9.66990 5.03000
v -5.39700 10.21990 4.17000
v -6.57100 8.79990 5.30000
v -4.95600 9.34990 4.44000
v -8.61000 8.71990 4.44000
v -7.67100 8.13990 4.62000
v -8.29400 7.90990 4.65000
v -7.98700 8.94990 4.40000
v -3.24700 1.47990 4.66000
v -3.61100 1.30990 4.66000
v -5.17900 4.72990 4.66000
v -4.81600 4.89990 4.66000
v -2.35400 1.90990 4.66000
v -3.92200 5.32990 4.66000
v -3.59500 5.47990 4.66000
v -2.02600 2.05990 4.66000
v -6.30500 8.88990 5.32000
v -7.71900 8.15990 5.28000
v -6.32600 8.92990 5.31000
v -8.20100 9.10990 4.98000
v -6.76700 9.79990 5.03000
v -6.78800 9.83990 5.02000
v -11.01900 15.79990 0.62000
v -8.54900 17.52990 0.62000
v -8.29300 17.15990 0.44000
v -7.01500 17.90990 0.44000
v -10.39300 15.81990 1.10000
v -9.12000 16.27990 -0.01000
v -10.39300 15.81990 0.00000
v -9.12000 16.27990 1.60000
v -11.19300 15.52990 0.90000
v -7.38000 16.91990 -0.01000
v -7.38000 16.91990 1.74000
v -11.19300 15.52990 0.00000
v -12.08100 15.20990 0.66000
v -12.23300 15.14990 0.00000
v -7.97000 16.68990 0.44000
v -8.56000 16.42990 0.44000
v -8.56200 16.42990 0.62000
v -8.75400 16.33990 0.96000
v -8.74800 16.34990 0.62000
v -5.60300 17.73990 1.03000
v -8.92800 16.02990 1.02000
v -8.66900 16.14990 0.96000
v -5.57300 17.60990 1.03000
v -5.57400 17.60990 1.10000
v -6.46900 16.19990 1.06000
v -6.22700 16.32990 1.31000
v -7.90700 15.37990 1.03000
v -8.56500 15.00990 1.31000
v -10.88300 12.09990 0.00000
v -10.88300 12.09990 0.90000
v -10.64700 12.22990 0.00000
v -10.64700 12.22990 -0.68000
v -10.28500 12.41990 1.01000
v -10.30500 12.40990 -0.77000
v -10.05500 12.14990 0.00000
v -10.47700 11.92990 0.00000
v -10.47700 11.92990 -0.68000
v -10.05500 12.14990 -0.77000
v -7.40600 12.95990 1.31000
v -4.38800 13.64990 1.46000
v -4.66800 13.57990 1.31000
v -4.66400 13.58990 -0.02000
v -8.07500 12.80990 2.18000
v -8.25500 12.76990 0.96000
v -7.40600 12.95990 0.95000
v -4.67000 13.58990 -0.06000
v -4.67100 13.58990 -0.53000
v -4.56800 13.60990 -0.64000
v -8.53100 12.70990 -0.31000
v -8.27800 12.76990 -0.26000
v -7.41300 12.97990 0.95000
v -8.26000 12.78990 0.96000
v -4.66300 13.57990 -0.02000
v -4.54100 13.59990 0.62000
v -4.56600 13.60990 -0.56000
v -4.51200 13.45990 0.61000
v -4.43500 13.47990 1.02000
v -4.53300 13.45990 -0.56000
v -4.39800 13.48990 1.02000
v -6.71800 12.40990 1.94000
v -4.86000 12.86990 2.79000
v -5.13100 12.65990 1.63000
v -6.42400 12.62990 3.20000
v -4.71300 12.79990 2.73000
v -5.11800 12.57990 1.63000
v -4.85300 12.77990 2.77000
v -4.97700 12.59990 1.61000
v -6.45900 12.51990 3.00000
v -6.55700 12.52990 3.21000
v -6.41800 12.54990 3.18000
v -4.99100 12.44990 -1.79000
v -6.40900 12.23990 -2.16000
v -4.84000 12.40990 -1.82000
v -4.96600 12.38990 -1.85000
v -6.14400 12.35990 -3.25000
v -6.51100 12.15990 -2.25000
v -6.38400 12.17990 -2.22000
v -6.64100 11.89990 1.95000
v -7.63100 10.49990 2.84000
v -3.13800 11.45990 1.96000
v -6.04100 10.88990 -0.26000
v -8.34500 10.40990 -1.04000
v -3.79900 11.35990 -0.01000
v -6.77700 11.83990 1.97000
v -6.63600 11.86990 1.95000
v -6.37300 11.69990 -1.99000
v -4.91400 12.02990 -1.85000
v -6.33200 11.81990 -2.22000
v -4.76900 12.01990 -1.87000
v -4.89500 11.99990 -1.91000
v -4.90400 11.97990 -1.86000
v -6.34900 11.67990 -2.07000
v -6.31300 11.78990 -2.27000
v -6.47600 11.65990 -2.10000
v -6.44000 11.76990 -2.31000
v -4.91300 12.86990 2.98000
v -4.99300 12.57990 2.51000
v -6.33700 12.66990 3.33000
v -6.41700 12.37990 2.85000
v -3.08100 11.09990 1.69000
v -6.29100 10.10990 1.69000
v -4.83200 12.42990 -2.69000
v -6.24400 12.18990 -3.06000
v -4.62300 11.50990 3.46000
v -6.03700 11.29990 3.83000
v -5.99000 11.39990 4.05000
v -4.58100 11.59990 3.66000
v -5.74400 10.07990 -3.27000
v -8.73300 8.85990 -4.19000
v -5.38800 10.62990 4.40000
v -8.37700 9.40990 5.32000
v -7.82600 9.50990 4.91000
v -5.77900 10.34990 4.28000
v -7.86800 9.05990 -3.76000
v -5.90600 9.86990 -3.16000
v -8.39100 8.99990 -4.98000
v -6.97700 9.72990 -5.02000
v -6.95800 9.68990 -5.03000
v -7.20300 9.55990 -5.03000
v -5.57600 10.10990 -4.16000
v -6.86100 9.95990 5.50000
v -8.27300 9.22990 5.46000
v -6.82200 9.88990 5.39000
v -5.23200 10.41990 4.55000
v -8.17500 8.85990 -4.48000
v -8.79800 8.62990 -4.52000
v -8.64200 8.90990 5.21000
v -8.01900 9.14990 5.18000
v -5.64300 8.62990 2.43000
v -3.98300 8.30990 2.43000
v -6.28800 8.40990 4.19000
v -6.30100 8.34990 4.54000
v -4.06000 7.90990 4.54000
v -6.21000 8.81990 -2.21000
v -5.41900 8.66990 -2.21000
v -5.76100 8.44990 -3.69000
v -6.26500 8.53990 -3.72000
v -6.29000 8.40990 -4.41000
v -7.01500 8.38990 2.43000
v -6.26700 8.51990 2.43000
v -2.19500 9.23990 2.43000
v -6.26900 8.51990 -2.15000
v -2.84600 7.45990 4.14000
v -4.01300 8.14990 2.43000
v -4.07200 7.84990 4.36000
v -2.99100 7.78990 2.43000
v -5.06600 11.46990 3.40000
v -5.68000 11.87990 3.29000
v -5.63700 12.00990 3.55000
v -5.02200 11.59990 3.65000
v -3.54300 7.64990 4.26000
v -2.85800 7.43990 4.14000
v -2.85900 7.43990 4.13000
v -3.15900 7.29990 2.43000
v -2.93300 7.39990 3.68000
v -3.13700 7.28990 2.43000
v -2.93600 7.39990 -3.90000
v -6.21500 8.13990 4.12000
v -6.10300 8.22990 5.06000
v -4.25100 7.70990 4.12000
v -4.13900 7.79990 5.06000
v -6.51500 8.14990 4.34000
v -5.33000 7.57990 4.38000
v -6.51700 8.00990 -2.47000
v -5.33100 7.42990 -2.52000
v -6.35200 8.07990 -4.10000
v -4.37500 7.72990 -4.13000
v -1.12300 4.43990 1.39000
v 0.85000 3.43990 1.39000
v 0.73500 3.49990 1.20000
v 0.85000 3.43990 1.20000
v -7.41400 6.26990 4.43000
v -6.03400 6.40990 4.41000
v -7.43400 6.08990 -2.66000
v -6.05300 6.22990 -2.63000
v -6.12300 6.81990 5.12000
v -5.45800 6.74990 5.11000
v -5.46400 6.71990 4.84000
v -6.12800 6.78990 4.85000
v -4.86500 6.37990 5.12000
v -4.87100 6.34990 4.85000
v -3.70500 5.84990 4.45000
v -4.54000 5.43990 4.65000
v -3.70500 5.84990 4.85000
v -4.54000 5.43990 4.81000
v -5.16800 5.13990 4.85000
v -3.59000 5.60990 3.00000
v -3.38300 5.66990 4.41000
v -2.89800 5.80990 4.64000
v -3.59000 5.60990 4.45000
v -3.59000 5.60990 4.64000
v -2.90100 5.81990 -2.72000
v -3.59200 5.60990 -3.21000
v -3.59200 5.60990 -2.72000
v -3.69300 5.44990 -4.96000
v -4.03800 5.28990 -4.96000
v -4.97700 4.86990 -4.96000
v -5.36000 4.69990 -4.96000
v -3.92200 5.31990 5.16000
v -3.59500 5.47990 5.16000
v -4.81600 4.89990 5.16000
v -5.17900 4.72990 5.16000
v -2.68500 2.42990 -2.49000
v -2.68400 2.42990 -2.50000
v -2.72100 2.45990 -2.50000
v -4.37400 2.58990 -2.59000
v -4.35700 2.58990 -2.71000
v -5.93200 1.01990 -2.81000
v -5.89100 1.04990 -2.91000
v -5.91800 1.01990 -2.91000
v -3.64200 1.84990 -2.50000
v -3.68900 1.89990 -2.50000
v -3.64300 1.84990 -2.49000
v -4.34100 2.55990 -2.59000
v -5.30000 1.02990 5.03000
v -4.15800 2.18990 4.85000
v -5.30000 1.04990 4.93000
v -3.99200 2.34990 4.85000
v -5.31400 1.02990 4.93000
v 3.19600 3.62990 1.20000
v 5.90510 4.04990 0.98000
v 3.19900 3.57990 0.98000
v -3.47300 1.96990 4.71000
v -3.47200 1.96990 5.16000
v -2.70500 2.34990 5.16000
v -2.70500 2.34990 4.71000
v 5.91870 3.97990 0.68000
v 8.58730 4.73990 0.68000
v -3.81300 1.06990 4.69000
v -3.80900 1.06990 4.72000
v -3.19600 1.08990 4.64000
v -3.20100 1.08990 4.60000
v -5.68400 1.03990 4.99000
v -4.39500 1.07990 -2.73000
v -4.40000 1.07990 -2.70000
v -3.80600 1.08990 -2.62000
v -3.80100 1.08990 -2.65000
v -6.29400 1.03990 -2.97000
v -6.46900 0.76990 4.81000
v -5.73200 0.76990 4.68000
v -6.26000 0.76990 -3.17000
v -7.05700 0.76990 -3.31000
v 8.59840 4.69990 0.41000
v 10.90600 6.08990 0.41000
v 10.95490 6.00990 0.25000
v 11.61780 6.60990 0.25000
v 11.43720 5.20990 0.25000
v 11.49610 5.10990 0.41000
v 11.42670 5.06990 0.36000
v 11.51670 4.91990 0.36000
v 8.95070 3.46990 0.68000
v 8.92520 3.55990 0.41000
v 8.92520 3.55990 0.36000
v 8.95070 3.46990 0.36000
v 8.91710 3.34990 0.36000
v 8.93810 3.27990 0.64000
v 8.88780 3.45990 0.36000
v 8.88780 3.45990 0.64000
v 12.23270 5.91990 0.25000
v 6.16660 2.56990 0.98000
v 6.14890 2.66990 0.68000
v 6.14890 2.66990 0.64000
v 6.16660 2.56990 0.64000
v 6.14790 2.47990 0.64000
v 6.16780 2.36990 0.90000
v 6.13320 2.55990 0.90000
v 6.13320 2.55990 0.64000
v 3.27800 2.05990 0.98000
v 3.28400 1.94990 1.20000
v 3.27800 2.05990 0.90000
v 3.28400 1.94990 0.90000
v 3.26000 1.74990 1.13000
v 3.25500 1.84990 0.90000
v 3.25000 1.94990 1.13000
v 3.25000 1.94990 0.90000
v 0.00400 1.77990 1.20000
v -0.06900 1.63990 1.39000
v 0.00400 1.77990 1.13000
v -0.06900 1.63990 1.13000
v -0.14100 1.56990 1.13000
v -0.17900 1.48990 1.30000
v -0.09900 1.64990 1.30000
v -0.09900 1.64990 1.13000
v -2.87600 1.49990 4.39000
v -2.83700 1.51990 4.55000
v -3.22400 1.06990 4.44000
v -3.20100 1.06990 4.60000
v -3.67800 1.19990 -2.63000
v -3.77700 1.04990 -2.82000
v -3.67000 1.17990 -2.80000
v -3.80000 1.04990 -2.65000
v -2.72100 2.37990 -2.50000
v -2.52800 1.66990 4.34000
v -3.24100 0.04990 4.44000
v -3.20900 1.33990 -2.74000
v -3.75900 0.08990 -2.81000
v -5.42600 17.34990 1.03000
v -6.73500 17.41990 0.44000
v -1.43600 4.92990 2.43000
v -2.09100 7.92990 1.68000
v -8.03800 16.79990 0.62000
v -8.03800 16.79990 0.44000
v -2.97800 8.15990 0.17000
v -2.92900 8.17990 -0.05000
v -3.75300 11.08990 1.02000
v -2.28000 8.25990 1.88000
v -3.42800 3.01990 4.71000
v -3.42800 3.01990 5.16000
v -4.52300 2.93990 2.34000
v -2.97700 7.10990 4.04000
v -3.63700 5.70990 2.43000
v -4.53000 2.94990 -2.50000
v -4.54200 2.90990 -2.51000
v -4.51800 2.91990 -2.65000
v -4.08000 4.46990 -2.28000
v -4.52300 2.96990 -2.50000
v -4.04900 4.46990 -2.50000
v -4.94500 11.43990 1.65000
v -3.96300 11.39990 1.02000
v -3.88300 11.41990 1.45000
v -1.80400 2.03990 4.64000
v -1.80700 2.03990 -2.72000
v -3.21500 0.04990 4.64000
v -3.24300 0.04990 4.44000
v -4.84100 3.88990 4.85000
v -4.94200 3.36990 5.03000
v -4.93700 3.39990 4.91000
v -4.62000 5.02990 4.85000
v -4.15000 7.44990 4.39000
v -4.08300 7.78990 4.35000
v -4.99700 3.09990 -2.56000
v -4.75400 4.34990 -2.40000
v -4.99800 3.08990 -2.52000
v -4.75400 4.34990 -2.38000
v -4.97300 3.21990 3.49000
v -4.97300 3.21990 -3.77000
v -6.56200 14.66990 -0.01000
v -6.56200 14.66990 1.74000
v -6.16400 13.57990 1.74000
v -6.16400 13.57990 -0.01000
v -6.85700 15.47990 -0.01000
v -6.85700 15.47990 1.74000
v -7.05000 16.00990 -0.01000
v -7.05000 16.00990 1.74000
v -1.51400 4.91990 1.43000
v -1.09900 4.41990 1.39000
v -1.09900 4.41990 1.43000
v -3.78700 0.04990 -2.61000
v -9.05300 13.98990 0.00000
v -8.37900 13.13990 0.00000
v -8.37900 13.13990 1.23000
v -9.05300 13.98990 1.23000
v -5.02400 3.45990 5.23000
v -5.13700 3.37990 4.29000
v -4.53000 5.87990 5.13000
v -4.64300 5.79990 4.19000
v -4.58000 10.98990 -2.01000
v -4.44300 10.61990 -2.32000
v -4.55400 11.00990 -2.12000
v -4.64000 11.31990 -1.97000
v -5.10900 3.39990 -4.76000
v -4.69900 5.81990 -4.41000
v -4.28400 9.39990 -3.19000
v -4.16300 9.09990 -3.19000
v -4.30600 9.38990 -3.11000
v -1.83300 2.00990 4.85000
v -4.42700 11.23990 2.94000
v -4.31400 11.36990 3.45000
v -1.84200 2.02990 4.64000
v -4.42000 11.05990 -3.19000
v -4.43700 11.00990 -3.10000
v -4.41400 11.02990 -3.20000
v -4.64100 10.84990 -2.23000
v -4.68000 10.98990 -2.16000
v -4.69000 10.81990 -2.01000
v -4.70600 10.97990 -2.04000
v -4.76100 11.19990 -1.96000
v -4.80600 11.44990 -1.93000
v -4.56900 10.59990 -2.35000
v -4.66200 10.83990 -2.13000
v -4.54500 10.40990 -2.34000
v -3.11300 4.63990 2.43000
v -1.84600 2.02990 -2.72000
v -3.11500 4.63990 -2.50000
v -1.83400 2.00990 -2.50000
v -2.02600 2.05990 5.16000
v -4.76700 11.30990 -2.00000
v -4.43000 11.05990 -3.35000
v -4.12400 9.54990 4.35000
v -4.27800 9.85990 4.25000
v -4.82600 12.67990 2.82000
v -4.45400 11.34990 3.49000
v -4.40800 11.20990 3.58000
v -4.53500 11.09990 3.03000
v -4.52800 11.05990 3.04000
v -4.55400 11.03990 2.93000
v -4.61100 10.49990 -2.57000
v -4.31600 9.32990 -3.04000
v -4.30000 9.35990 -3.11000
v -6.00100 12.27990 3.14000
v -5.95700 12.40990 3.39000
v -6.27600 5.63990 4.52000
v -2.04000 2.03990 -4.96000
v -6.27700 5.49990 -2.65000
v -4.55700 11.47990 3.64000
v -4.63700 11.18990 3.16000
v -4.16000 9.91990 4.33000
v -4.53500 11.18990 3.62000
v -4.69700 9.26990 4.83000
v -6.38100 9.00990 5.67000
v -6.37800 8.99990 5.80000
v -5.05300 8.71990 -3.70000
v -6.49500 8.77990 -5.32000
v -6.51600 8.81990 -5.31000
v -4.44000 4.07990 4.71000
v -4.60200 4.42990 4.71000
v -4.44000 4.07990 5.16000
v -4.60200 4.42990 5.16000
v -5.77900 3.97990 4.62000
v -5.79800 3.79990 -2.84000
v -5.13500 9.23990 -4.43000
v -4.79100 9.54990 4.82000
v -7.98700 8.45990 4.44000
v -8.08100 8.54990 4.87000
v -7.78200 8.05990 4.56000
v -7.87600 8.14990 4.99000
v -5.51100 4.28990 4.93000
v -5.78200 4.97990 4.91000
v -5.50600 4.31990 5.20000
v -5.77500 5.00990 5.18000
v -6.23300 5.70990 4.89000
v -6.22800 5.73990 5.16000
v -7.70300 8.33990 5.40000
v -7.85900 8.04990 -4.70000
v -11.69600 14.28990 0.01000
v -11.82700 14.91990 0.01000
v -11.70300 14.96990 -0.50000
v -11.57300 14.32990 -0.51000
v -5.86500 17.14990 1.02000
v -7.79200 8.27990 5.76000
v -8.32700 8.09990 5.43000
v -3.86600 4.77990 5.16000
v -3.23200 4.06990 5.16000
v -2.87000 3.27990 5.16000
v -2.35400 1.90990 5.16000
v -3.24700 1.47990 5.16000
v -3.61100 1.30990 5.16000
v -6.49400 6.30990 5.14000
v -5.31600 7.33990 5.09000
v -4.64200 7.47990 5.08000
v -5.53700 5.61990 5.15000
v -4.94800 5.34990 5.16000
v -6.98800 3.88990 5.24000
v -3.99200 1.84990 4.85000
v -4.59500 0.26990 4.94000
v -3.67500 1.19990 4.81000
v -7.68700 8.03990 5.75000
v -4.54800 3.27990 4.85000
v -4.71500 3.32990 4.85000
v -3.64200 1.12990 4.85000
v -4.60900 0.26990 4.83000
v -5.70300 -0.00010 4.99000
v -5.54400 5.58990 4.89000
v -4.95400 5.31990 4.89000
v -4.64700 7.44990 4.80000
v -5.32200 7.29990 4.82000
v -3.64200 1.12990 4.67000
v -3.68100 1.20990 4.67000
v -5.98000 11.27990 3.98000
v -5.19400 12.05990 3.45000
v -5.14100 12.52990 3.20000
v -3.23200 4.06990 4.71000
v -3.86600 4.77990 4.71000
v -2.87000 3.27990 4.71000
v -5.57000 9.71990 4.72000
v -5.60900 9.63990 4.53000
v -7.20800 8.28990 5.29000
v -5.94900 10.97990 3.98000
v -5.97200 10.96990 3.99000
v -6.01800 11.11990 3.90000
v -6.15800 11.09990 3.93000
v -7.18300 3.80990 5.03000
v -5.18400 12.39990 2.94000
v -5.23800 11.91990 3.19000
v -6.46900 0.01990 4.81000
v -5.74500 0.01990 4.68000
v -7.46100 6.21990 4.48000
v -7.16000 3.83990 4.64000
v -6.38200 7.92990 2.43000
v -6.67100 6.43990 2.43000
v -6.77300 7.29990 2.76000
v -7.41200 10.14990 1.40000
v -7.98700 10.14990 1.40000
v -8.30200 14.03990 1.60000
v -9.52200 14.00990 1.21000
v -9.46000 13.64990 1.21000
v -8.59700 14.84990 1.60000
v -9.72300 14.23990 1.10000
v -8.79000 15.37990 1.60000
v -7.90500 12.94990 1.60000
v -7.57100 10.57990 2.17000
v -6.22400 6.93990 1.68000
v -3.24700 2.63990 1.43000
v -4.66700 4.35990 1.43000
v -10.49300 14.58990 0.90000
v -11.75100 14.29990 0.66000
v -2.78800 3.01990 1.39000
v -3.25900 2.65990 1.35000
v -4.66700 4.35990 1.35000
v -3.38800 2.54990 1.35000
v -4.85700 4.32990 1.35000
v -8.63600 12.97990 1.21000
v -2.78800 3.01990 1.30000
v -2.93500 2.89990 1.30000
v -10.62300 11.67990 0.90000
v -9.77200 12.03990 1.01000
v -4.65800 10.83990 1.02000
v -4.75900 11.21990 1.02000
v -4.75700 11.20990 0.88000
v -4.75900 11.21990 0.88000
v -5.65100 11.01990 0.89000
v -8.73200 16.30990 0.62000
v -10.50800 15.06990 0.62000
v -8.70600 16.25990 0.44000
v -8.86900 16.20990 0.44000
v -8.84900 16.17990 0.44000
v -8.72900 16.30990 0.44000
v 10.31100 4.18990 0.25000
v 10.13750 4.08990 0.25000
v 10.16330 4.05990 0.25000
v -7.80200 10.56990 -0.27000
v -8.02700 10.47990 -0.31000
v -3.74300 7.99990 0.02000
v -3.67600 8.01990 0.03000
v -8.95600 13.58990 -0.94000
v -9.26100 13.77990 -0.94000
v -9.52300 14.00990 -0.96000
v -9.36600 14.76990 -0.88000
v -9.71000 14.24990 -0.88000
v -8.96300 14.24990 -0.96000
v -8.92600 13.95990 -0.96000
v -9.47400 13.63990 -0.96000
v -8.92300 13.18990 -0.96000
v -8.58700 13.68990 -0.96000
v -3.52900 8.03990 -1.58000
v -3.21600 8.10990 -1.47000
v -7.22600 7.68990 -2.55000
v -7.85100 10.24990 -2.65000
v -7.40300 10.33990 -2.57000
v -10.33500 14.53990 -0.71000
v -10.29900 15.19990 -0.71000
v -4.61700 3.11990 -2.50000
v -5.43900 3.18990 -2.63000
v -6.25600 4.07990 -2.44000
v -7.23900 3.52990 -2.51000
v -6.67200 6.43990 -2.20000
v -6.17900 10.98990 -2.33000
v -6.10800 10.60990 -2.38000
v -6.13800 10.83990 -2.40000
v -6.31100 11.07990 -2.40000
v -6.12400 10.75990 -2.41000
v -6.25100 10.74990 -2.44000
v -6.18500 11.08990 -2.37000
v -6.32300 11.84990 -2.27000
v -7.17900 3.65990 -2.87000
v -7.46300 6.06990 -2.61000
v -3.64300 1.12990 -2.50000
v -3.68900 1.80990 -2.50000
v -5.20100 0.27990 -2.71000
v -3.88000 1.60990 -2.52000
v -5.18700 0.27990 -2.81000
v -6.27500 -0.00010 -2.96000
v -3.87400 1.59990 -2.66000
v -7.05700 0.01990 -3.31000
v -6.24600 0.01990 -3.17000
v -3.64300 1.12990 -2.80000
v -5.96300 10.19990 -2.71000
v -6.08000 10.62990 -2.50000
v -5.98700 10.38990 -2.72000
v -6.09800 10.77990 -2.52000
v -6.11400 10.36990 -2.76000
v -6.22500 10.76990 -2.56000
v -5.92100 10.31990 -2.94000
v -6.05900 10.45990 -2.90000
v -5.80100 9.42990 -3.31000
v -5.96000 10.46990 -2.88000
v -5.54500 9.14990 -3.38000
v -6.32700 8.21990 -3.86000
v -7.24900 7.83990 -4.14000
v -8.04400 7.48990 -4.62000
v -6.76100 8.68990 -5.30000
v -8.48300 7.81990 -4.73000
v -3.32500 1.45990 -4.96000
v -3.70800 1.28990 -4.96000
v -2.38400 1.88990 -4.96000
v -7.90800 8.04990 -5.28000
v -7.08600 3.75990 -4.73000
v -7.10100 3.79990 4.30000
v -3.71600 8.00990 -0.06000
v -5.84300 10.82990 -3.72000
v -6.17400 10.28990 2.82000
v -6.06100 10.98990 3.50000
v -6.22400 10.46990 2.73000
v -8.63600 12.97990 0.00000
v -8.92300 13.18990 0.00000
v -8.92200 13.95990 0.00000
v -8.58700 13.68990 0.00000
v -8.95600 13.58990 0.00000
v -9.26100 13.77990 0.00000
v -6.11900 10.76990 -2.43000
v -5.02300 11.15990 0.26000
v -4.76000 11.21990 0.00000
v -7.90500 12.94990 -0.01000
v -9.77200 12.03990 0.00000
v -10.62300 11.67990 0.00000
v -9.35900 14.76990 0.00000
v -10.29900 15.19990 0.00000
v -11.90300 14.23990 0.00000
v -7.59400 10.33990 -2.57000
v -7.17700 8.56990 -2.32000
v -7.87900 10.27990 -1.37000
v -7.32800 10.19990 2.50000
v -7.69600 10.14990 1.40000
v -6.97000 8.57990 2.23000
v -6.67700 6.16990 -4.37000
v -6.60700 6.21990 4.20000
v -6.45000 7.57990 4.29000
v -6.45300 7.56990 -4.56000
v -8.96200 14.24990 0.00000
v -9.45900 8.41990 -5.16000
v -8.54100 8.56990 -5.20000
v -9.40000 8.27990 -5.19000
v -8.64700 8.80990 -5.12000
v -9.05800 8.11990 -5.21000
v -8.47900 8.10990 -5.26000
v -9.00200 7.98990 -5.25000
v -8.58500 8.35990 -5.19000
v -7.49700 0.36990 -5.07000
v -6.32300 0.02990 -4.90000
v -7.49700 0.02990 -5.07000
v -6.32300 0.57990 -4.90000
v -7.93200 0.36990 -4.05000
v -6.48500 0.02990 -3.85000
v -7.93200 0.02990 -4.05000
v -6.48500 0.57990 -3.85000
v -6.33500 4.17990 -1.48000
v -5.29800 5.79990 -2.12000
v -4.43600 4.87990 -1.48000
v -7.19700 5.09990 -2.12000
v -5.41600 5.98990 -2.12000
v -7.31600 5.29990 -2.12000
v -7.62700 6.18990 -2.29000
v -5.72800 6.87990 -2.29000
v -9.94800 12.58990 -1.02000
v -10.29100 13.02990 -0.92000
v -9.85900 12.65990 -0.93000
v -7.65500 6.40990 -2.29000
v -7.52300 7.85990 -2.20000
v -5.75600 7.10990 -2.29000
v -5.62400 8.55990 -2.20000
v -7.43100 9.24990 -1.52000
v -5.24200 8.52990 -2.00000
v -7.43900 8.01990 -2.17000
v -5.44200 9.66990 -1.44000
v -7.46000 6.42990 -2.11000
v -5.92100 6.84990 -2.11000
v -7.43200 6.19990 -2.11000
v -5.94900 7.07990 -2.10000
v -7.34200 10.31990 -0.95000
v -5.47500 9.84990 -1.35000
v -7.44800 9.42990 -1.42000
v -5.62000 10.66990 -0.95000
v -10.59900 12.23990 -0.85000
v -11.07900 12.84990 -0.65000
v -10.47400 12.32990 -0.67000
v -7.31200 9.37990 -1.32000
v -5.56000 9.57990 -1.34000
v -7.29600 9.19990 -1.42000
v -5.59300 9.76990 -1.25000
v -7.14900 5.39990 -1.95000
v -5.58400 5.88990 -1.95000
v -7.03000 5.20990 -1.95000
v -5.46500 5.68990 -1.95000
v -10.58200 12.22990 0.53000
v -11.06100 12.83990 0.73000
v -10.45700 12.32990 0.71000
v -9.99500 12.61990 0.85000
v -10.33700 13.05990 0.95000
v -9.90500 12.68990 0.94000
v -10.03400 12.52990 -0.92000
v -11.48600 14.48990 -0.52000
v -11.28400 13.73990 -0.36000
v -11.63700 14.44990 -0.40000
v -11.48100 14.54990 0.32000
v -11.27800 13.79990 0.48000
v -11.63100 14.50990 0.43000
v -10.08100 12.54990 0.94000
v -11.33300 14.53990 -0.41000
v -11.32800 14.59990 0.43000
v -7.82700 0.40990 3.31000
v -6.38000 0.07990 3.11000
v -7.82700 0.07990 3.31000
v -6.38000 0.61990 3.11000
v -7.39300 0.40990 4.33000
v -6.21800 0.07990 4.16000
v -7.39300 0.07990 4.33000
v -6.21800 0.61990 4.16000
v -9.28000 8.30990 4.65000
v -8.36100 8.45990 4.65000
v -9.21900 8.16990 4.69000
v -8.47000 8.70990 4.59000
v -8.88300 8.03990 4.82000
v -8.30100 8.03990 4.85000
v -8.82500 7.90990 4.86000
v -8.41000 8.28990 4.78000
v -11.48500 14.50990 -0.29000
v -11.47900 14.55990 0.54000
v -10.85900 14.63990 -0.37000
v -10.75100 14.65990 -0.49000
v -10.96800 14.59990 -0.49000
v -10.86000 14.61990 -0.61000
v -10.85200 14.69990 0.61000
v -10.74400 14.71990 0.49000
v -10.96200 14.65990 0.49000
v -10.85400 14.67990 0.37000
v -7.34200 10.31990 0.84000
v -5.62000 10.66990 0.84000
v -7.43100 9.24990 1.41000
v -7.29600 9.19990 1.30000
v -5.44200 9.66990 1.33000
v -5.56000 9.57990 1.22000
v -5.62400 8.55990 1.97000
v -7.52300 7.85990 1.97000
v -9.29900 8.41990 5.10000
v -8.48900 8.81990 5.03000
v -8.60800 8.69990 -4.68000
v -9.42000 8.29990 -4.72000
v -8.89600 8.11990 5.14000
v -8.42400 8.35990 5.09000
v -8.55700 8.27990 -4.88000
v -9.03100 8.03990 -4.90000
v -5.92100 6.83990 1.94000
v -5.72800 6.87990 2.12000
v -7.43200 6.19990 1.94000
v -7.62700 6.18990 2.12000
v -7.19700 5.09990 1.95000
v -7.03000 5.20990 1.78000
v -5.29800 5.79990 1.95000
v -5.46500 5.68990 1.78000
v -7.31700 0.40990 4.87000
v -6.14200 0.61990 4.70000
v -7.57300 0.36990 -4.52000
v -6.39800 0.57990 -4.36000
v -6.30500 0.61990 3.65000
v -7.75200 0.40990 3.85000
v -8.00800 0.36990 -3.51000
v -6.56000 0.57990 -3.31000
v -5.24200 8.52990 1.88000
v -5.47500 9.84990 1.24000
v -5.59300 9.76990 1.13000
v -5.75600 7.10990 2.11000
v -5.94900 7.06990 1.93000
v -5.41600 5.98990 1.95000
v -5.58400 5.88990 1.78000
v -4.43600 4.87990 1.31000
v -8.50200 8.44990 -4.76000
v -8.38000 8.56990 5.09000
v -8.45100 8.02990 -4.95000
v -8.31500 8.11990 5.16000
v -10.70900 14.14990 0.52000
v -10.71600 14.08990 -0.46000
v -9.23800 8.27990 5.13000
v -8.83800 7.98990 5.17000
v -7.31700 0.07990 4.87000
v -6.14200 0.07990 4.70000
v -7.75200 0.07990 3.85000
v -6.30500 0.07990 3.65000
v -6.33500 4.17990 1.31000
v -7.31600 5.29990 1.95000
v -9.99100 12.61990 1.02000
v -7.43900 8.01990 2.06000
v -7.65500 6.40990 2.11000
v -7.44800 9.42990 1.31000
v -7.46000 6.42990 1.93000
v -7.31200 9.37990 1.20000
v -10.57700 12.22990 0.90000
v -7.14900 5.39990 1.78000
v -10.59500 12.23990 -0.48000
v -9.94500 12.58990 -0.83000
v -6.56100 0.02990 -3.31000
v -8.00800 0.02990 -3.51000
v -6.39800 0.02990 -4.36000
v -7.57300 0.02990 -4.52000
v -9.36100 8.16990 -4.76000
v -8.97500 7.90990 -4.94000
v -10.70200 12.13990 0.72000
v -10.71900 12.13990 -0.66000
v -9.68900 14.85990 -1.45000
v -9.06600 15.55990 -1.45000
v -8.93400 15.05990 -1.45000
v -9.82100 15.34990 -1.45000
v -11.93300 14.98990 -0.73000
v -11.67500 15.11990 -0.73000
v -11.75600 14.91990 -0.73000
v -11.85100 15.18990 -0.73000
v -9.82100 15.34990 1.43000
v -9.06600 15.55990 1.43000
v -11.67500 15.11990 0.74000
v -11.85100 15.18990 0.74000
v -8.93400 15.05990 1.43000
v -11.75600 14.91990 0.74000
v -9.68900 14.85990 1.43000
v -11.93300 14.98990 0.74000
v -5.19700 11.91990 2.79000
v -5.75100 12.51990 2.68000
v -5.16700 11.87990 2.79000
v -4.96300 12.04990 2.77000
v -4.39900 14.11990 2.41000
v -5.23200 12.11990 2.75000
v -5.35900 12.14990 2.75000
v -5.38200 12.95990 2.61000
v -5.68000 12.59990 2.67000
v -5.92600 12.94990 2.60000
v -5.67400 14.58990 2.32000
v -6.83500 14.22990 2.38000
v -5.93200 12.29990 2.72000
v -6.20000 11.16990 2.91000
v -5.78100 12.25990 2.72000
v -5.77400 11.45990 2.86000
v -5.18700 11.86990 2.80000
v -5.13500 11.56990 2.85000
v -3.51900 8.41990 1.82000
v -2.38500 5.99990 1.99000
v 1.47700 7.91990 3.53000
v -2.68500 9.27990 1.80000
v -0.15800 11.50990 3.00000
v -4.03000 10.87990 1.67000
v -9.75400 15.31990 1.49000
v -9.41200 15.11990 1.49000
v -9.48400 15.38990 1.49000
v -9.68200 15.04990 1.49000
v -4.09000 11.58990 1.37000
v -1.71500 13.34990 2.42000
v -5.29100 13.29990 1.23000
v -5.70300 13.97990 0.91000
v -3.49000 15.92990 1.96000
v -7.04800 15.56990 0.78000
v -5.51500 14.08990 -0.41000
v -3.30200 16.03990 -1.46000
v -6.86000 15.67990 -0.28000
v -3.89300 11.68990 -0.91000
v -1.51800 13.43990 -1.96000
v -5.09400 13.38990 -0.78000
v -0.00300 11.58990 -2.44000
v -3.84100 10.98990 -1.12000
v -2.49600 9.38990 -1.25000
v -2.11600 6.07990 -1.49000
v 1.69600 7.96990 -3.00000
v -3.24900 8.48990 -1.32000
v -5.10900 11.67990 -2.82000
v -5.09000 11.68990 -2.81000
v -5.11800 11.72990 -2.80000
v -5.15800 11.94990 -2.74000
v -4.90600 11.83990 -2.77000
v -4.39400 13.67990 -2.28000
v -5.15000 11.89990 -2.76000
v -5.21700 12.26990 -2.66000
v -5.28500 12.64990 -2.56000
v -5.36400 12.06990 -2.71000
v -5.36600 11.95990 -2.74000
v -5.55500 12.32990 -2.64000
v -5.77900 12.63990 -2.56000
v -5.55000 14.09990 -2.17000
v -5.78400 12.06990 -2.71000
v -6.60200 13.77990 -2.25000
v -6.02700 11.05990 -2.98000
v -5.63900 11.49990 -2.86000
v -5.64100 11.31990 -2.91000
v -5.21500 11.60990 -2.84000
v -5.06100 11.41990 -2.89000
v -5.17300 11.90990 -2.76000
v -9.75500 15.31990 -1.52000
v -9.48500 15.38990 -1.52000
v -3.30200 16.03990 1.36000
v -6.86000 15.67990 0.18000
v -3.49000 15.92990 -2.06000
v -7.04800 15.56990 -0.88000
v -1.51900 13.43990 1.82000
v -5.09400 13.38990 0.63000
v -1.71500 13.34990 -2.56000
v -5.29100 13.29990 -1.38000
v 0.03000 11.61990 2.40000
v -3.84200 10.98990 1.07000
v -0.19100 11.47990 -3.03000
v -4.02900 10.87990 -1.72000
v 1.74500 7.98990 2.76000
v -3.25000 8.48990 1.06000
v 1.42700 7.89990 -3.77000
v -3.51800 8.41990 -2.08000
v -9.68300 15.04990 -1.52000
v -6.83300 14.14990 1.90000
v -6.19700 11.08990 2.44000
v -6.60200 13.88990 -2.68000
v -6.02700 11.16990 -3.40000
v -5.67100 14.49990 1.85000
v -5.92400 12.86990 2.13000
v -5.77900 12.74990 -2.98000
v -5.55000 14.20990 -2.59000
v -4.39600 14.03990 1.94000
v -5.38000 12.86990 2.13000
v -4.39400 13.79990 -2.70000
v -5.28500 12.75990 -2.98000
v -2.38400 5.99990 -2.25000
v -2.68500 9.27990 -1.85000
v -2.11700 6.06990 1.23000
v -2.49700 9.38990 1.20000
v -4.09000 11.58990 -1.51000
v -5.70300 13.97990 -1.01000
v -3.89300 11.68990 0.77000
v -5.51500 14.08990 0.31000
v -5.11100 11.79990 -3.23000
v -5.09000 11.79990 -3.23000
v -5.10900 11.78990 -3.24000
v -5.11800 11.83990 -3.22000
v -5.21500 11.71990 -3.26000
v -5.15000 12.01990 -3.18000
v -4.90600 11.94990 -3.19000
v -5.99600 11.36990 -3.35000
v -5.64100 11.42990 -3.33000
v -5.06100 11.52990 -3.31000
v -9.41300 15.11990 -1.52000
v -4.96100 11.96990 2.29000
v -5.23000 12.03990 2.28000
v -5.29400 11.97990 2.29000
v -5.19500 11.83990 2.31000
v -5.50900 11.55990 2.36000
v -5.18500 11.78990 2.32000
v -5.16400 11.79990 2.32000
v -5.13200 11.48990 2.38000
v -5.77200 11.37990 2.39000
v -6.16300 11.30990 2.40000
v -10.46400 12.23990 -0.72000
v -8.89400 13.75990 -0.72000
v -10.34300 12.10990 -0.72000
v -8.77200 13.62990 -0.72000
v -8.89400 13.75990 0.65000
v -10.46400 12.23990 0.65000
v -8.77200 13.62990 0.65000
v -10.34300 12.10990 0.65000
vt 54.88130 -12.88870
vt 54.99770 -13.09880
vt 55.05790 -12.97960
vt 54.82100 -13.00790
vt 55.06440 -13.11760
vt 55.02590 -12.98710
vt 54.98650 -13.08840
vt 55.10380 -13.01630
vt 54.62220 -13.51020
vt 54.59400 -13.56840
vt 54.67000 -13.53170
vt 54.57270 -13.61230
vt 54.49720 -13.52500
vt 54.50470 -13.45750
vt 54.46170 -13.43830
vt 54.41370 -13.61430
vt 54.36590 -13.71280
vt 54.25500 -13.86440
vt 54.34430 -13.82840
vt 54.29800 -13.88360
vt 54.41560 -13.93630
vt 54.44520 -13.87530
vt 54.46340 -13.95780
vt 54.43940 -13.74460
vt 54.45540 -13.97830
vt 54.46340 -13.38810
vt 54.22930 -13.86800
vt 54.60090 -13.60990
vt 54.61070 -13.66000
vt 54.63870 -13.60260
vt 54.68950 -13.49830
vt 54.60720 -14.08420
vt 54.69860 -13.99180
vt 54.47090 -13.94670
vt 54.53120 -13.82300
vt 54.82090 -13.32400
vt 54.78030 -13.08530
vt 54.77670 -13.25960
vt 54.67820 -13.19220
vt 54.59450 -13.17150
vt 54.53310 -13.13010
vt 54.69340 -13.26540
vt 54.57370 -13.36880
vt 54.61780 -13.30830
vt 54.69840 -13.40550
vt 54.62360 -13.43630
vt 54.78520 -13.39300
vt 54.62490 -13.67040
vt 54.87210 -13.62560
vt 54.68880 -13.56620
vt 54.72550 -13.48230
vt 54.43390 -14.11330
vt 54.60900 -14.08420
vt 54.51050 -13.98490
vt 54.43630 -13.98350
vt 54.74490 -14.11920
vt 54.70030 -13.99180
vt 54.74730 -13.98930
vt 54.69690 -13.98840
vt 54.44900 -13.41750
vt 54.22580 -13.86370
vt 54.23070 -13.86510
vt 54.36270 -13.39240
vt 54.51110 -13.98490
vt 54.47160 -13.94510
vt 54.43690 -13.98350
vt 54.41140 -13.95680
vt 54.54380 -12.69900
vt 54.72040 -12.72820
vt 54.60230 -12.68540
vt 54.68060 -12.63710
vt 54.62560 -12.63000
vt 54.72220 -12.58770
vt 54.62100 -12.57100
vt 54.77060 -12.55750
vt 54.59400 -12.52840
vt 54.43680 -13.98810
vt 54.67830 -12.89900
vt 54.55470 -12.66440
vt 54.50210 -12.87410
vt 54.73090 -12.68930
vt 54.88160 -13.07430
vt 54.68160 -12.90590
vt 54.49580 -12.91650
vt 54.51520 -12.87820
vt 54.95890 -12.92140
vt 54.70290 -12.81670
vt 55.07100 -12.95690
vt 54.69720 -12.80400
vt 54.98460 -13.12750
vt 54.61080 -12.97460
vt 54.43970 -13.98810
vt 54.35990 -13.93170
vt 54.43750 -14.10780
vt 54.41630 -13.95920
vt 54.58860 -12.54620
vt 54.57270 -12.54380
vt 54.58560 -12.55700
vt 54.54330 -12.70810
vt 54.52750 -12.70570
vt 54.76580 -12.57260
vt 54.72900 -12.70430
vt 54.73870 -12.70580
vt 54.78160 -12.57490
vt 54.73640 -12.73680
vt 54.73030 -12.73590
vt 54.78780 -13.07600
vt 54.50770 -13.13050
vt 54.56770 -13.43890
vt 54.89810 -13.64290
vt 54.61790 -13.69740
vt 54.54710 -12.73010
vt 54.56120 -12.67830
vt 54.53700 -12.72860
vt 54.58820 -12.54040
vt 54.72840 -12.70300
vt 54.76550 -12.56680
vt 54.69900 -13.41300
vt 54.72610 -13.48970
vt 54.78580 -13.40050
vt 54.62420 -13.44380
vt 54.68930 -13.57360
vt 54.61830 -13.31570
vt 54.67880 -13.19970
vt 54.59510 -13.17890
vt 54.69400 -13.27290
vt 54.77730 -13.26700
vt 54.74930 -14.11680
vt 54.84290 -14.11680
vt 54.84290 -14.02280
vt 54.75100 -14.02280
vt 54.62650 -12.58820
vt 54.68610 -12.65430
vt 54.72770 -12.60490
vt 54.63100 -12.64720
vt 54.60780 -12.70260
vt 54.78760 -13.07490
vt 54.50780 -13.13120
vt 54.78800 -13.07670
vt 54.50750 -13.12940
vt 54.87640 -12.89740
vt 54.67920 -12.83060
vt 54.82130 -13.00640
vt 54.62400 -12.93970
vt 54.93290 -13.34170
vt 54.81460 -13.09990
vt 54.78470 -13.41390
vt 54.66640 -13.17200
vt 54.61700 -13.69260
vt 54.59070 -13.70090
vt 54.42250 -13.40980
vt 54.35710 -13.18860
vt 54.52090 -13.19810
vt 54.50960 -13.14040
vt 54.35640 -13.18780
vt 54.37260 -13.23250
vt 54.35800 -13.18910
vt 54.50970 -13.14090
vt 54.50880 -13.13630
vt 54.89520 -13.63980
vt 54.92700 -13.33610
vt 54.72250 -13.62190
vt 54.75440 -13.31830
vt 54.78170 -12.57480
vt 54.76580 -12.57250
vt 54.58930 -12.53640
vt 54.58850 -12.54110
vt 54.76570 -12.56750
vt 54.76660 -12.56280
vt 54.58860 -12.54610
vt 54.57280 -12.54370
vt 54.57280 -12.54380
vt 54.54030 -12.72070
vt 54.45500 -13.40530
vt 54.39340 -13.21050
vt 54.38940 -13.53980
vt 54.17950 -13.50280
vt 54.37470 -13.14560
vt 54.27440 -12.96450
vt 54.49790 -13.08050
vt 54.70440 -13.04030
vt 54.50170 -13.09960
vt 54.79780 -13.12770
vt 54.83400 -13.31370
vt 54.87690 -13.07070
vt 54.78360 -13.05430
vt 54.39630 -13.20970
vt 54.87840 -13.20520
vt 54.41380 -12.68640
vt 54.30600 -13.08570
vt 54.98620 -12.80590
vt 54.96090 -12.83400
vt 54.87320 -13.04750
vt 54.92930 -13.05920
vt 55.01700 -12.84570
vt 55.19020 -12.36860
vt 55.03770 -12.36470
vt 55.18250 -12.41310
vt 55.07470 -12.26330
vt 55.21540 -12.33900
vt 55.09880 -12.19710
vt 55.29920 -12.14180
vt 55.14000 -12.08390
vt 54.38510 -12.73160
vt 54.26140 -13.12780
vt 54.78630 -12.85560
vt 54.77790 -13.25240
vt 54.61320 -12.65310
vt 54.48580 -12.69110
vt 54.77140 -12.65290
vt 54.59970 -12.63340
vt 54.61620 -12.63360
vt 54.95930 -12.79810
vt 54.54880 -12.41270
vt 55.02230 -12.51960
vt 54.61750 -12.62480
vt 54.61630 -12.63250
vt 54.60030 -12.62950
vt 54.77060 -12.42200
vt 54.98810 -12.50120
vt 54.82020 -12.28560
vt 54.85720 -12.18410
vt 54.88120 -12.11790
vt 54.92250 -12.00470
vt 54.40590 -13.78910
vt 54.58340 -13.57400
vt 54.18920 -13.50450
vt 54.13730 -13.56740
vt 53.89370 -13.68940
vt 54.00860 -13.91490
vt 54.34850 -13.74170
vt 54.14030 -13.56370
vt 54.42350 -13.80070
vt 54.60710 -13.57820
vt 54.40730 -13.78740
vt 55.31160 -12.29510
vt 55.39910 -12.17820
vt 55.46890 -12.33180
vt 55.51010 -12.21860
vt 54.02230 -13.93240
vt 54.01240 -13.91300
vt 54.36680 -13.75690
vt 54.92610 -12.49810
vt 55.07060 -12.24320
vt 54.58400 -12.42070
vt 54.77840 -12.07760
vt 55.07950 -12.49730
vt 53.90810 -13.68210
vt 53.60050 -13.66600
vt 53.99950 -13.89710
vt 53.58950 -13.87560
vt 55.08950 -12.07350
vt 54.69550 -11.89840
vt 55.06740 -12.12320
vt 54.67340 -11.94810
vt 54.98330 -12.19370
vt 55.11110 -12.11290
vt 55.07880 -12.09760
vt 54.80380 -12.09200
vt 54.72830 -11.97250
vt 53.59380 -13.87580
vt 53.59240 -13.90090
vt 54.01760 -13.92310
vt 54.57210 -12.41750
vt 54.57200 -12.41810
vt 54.58430 -12.42010
vt 55.22150 -12.61410
vt 55.32780 -12.65990
vt 55.28560 -12.56700
vt 55.36040 -12.60700
vt 55.03760 -12.51830
vt 54.92810 -12.49460
vt 54.92610 -12.49830
vt 54.58390 -12.42080
vt 55.03650 -12.52330
vt 55.04730 -12.47700
vt 55.13170 -12.37060
vt 53.59020 -13.86170
vt 53.26190 -13.61260
vt 53.22920 -13.79800
vt 53.60020 -13.67220
vt 54.58230 -12.76370
vt 54.59510 -12.71600
vt 54.49720 -12.69390
vt 54.46910 -12.73340
vt 54.54970 -12.43260
vt 54.55580 -12.43420
vt 53.23330 -13.79880
vt 53.59310 -13.88750
vt 53.22900 -13.82330
vt 53.26020 -13.62230
vt 52.92660 -13.52660
vt 53.23140 -13.78550
vt 52.88120 -13.68510
vt 53.23150 -13.80920
vt 53.22920 -13.79810
vt 52.88900 -13.68730
vt 52.88270 -13.70920
vt 55.09070 -12.07420
vt 55.06860 -11.92850
vt 55.06860 -12.06440
vt 55.00480 -12.01970
vt 55.31350 -12.23590
vt 55.37730 -12.14470
vt 55.08880 -12.07850
vt 54.87690 -11.88070
vt 54.99410 -12.03130
vt 54.84190 -11.94220
vt 55.03660 -11.97430
vt 55.06890 -12.06460
vt 55.10610 -12.09700
vt 55.08910 -12.07880
vt 55.08620 -12.08530
vt 55.10870 -12.09250
vt 52.88430 -13.67400
vt 52.63670 -13.35810
vt 52.56300 -13.48090
vt 52.92520 -13.53140
vt 52.56040 -13.50480
vt 52.88540 -13.70000
vt 52.57170 -13.48610
vt 52.47090 -13.37910
vt 52.57030 -13.46860
vt 52.63060 -13.36830
vt 52.54780 -13.29370
vt 52.72960 -13.61200
vt 52.73280 -13.60840
vt 52.71110 -13.59540
vt 55.05480 -12.52780
vt 55.03370 -12.52300
vt 54.97400 -12.79860
vt 54.99170 -12.80630
vt 54.82280 -12.76790
vt 54.82330 -12.76570
vt 54.47160 -13.11870
vt 54.48300 -12.83620
vt 54.45800 -13.11570
vt 54.50240 -12.82470
vt 54.61520 -12.72840
vt 54.48530 -12.69930
vt 54.48470 -12.70120
vt 54.75500 -12.75700
vt 54.60780 -12.76180
vt 55.11950 -12.42080
vt 55.28820 -12.56790
vt 55.15760 -12.39740
vt 55.25680 -12.60020
vt 55.30970 -12.62780
vt 55.33080 -12.59020
vt 54.38770 -13.10600
vt 54.42570 -13.11430
vt 54.87610 -13.15900
vt 55.03390 -12.81770
vt 54.49810 -12.82570
vt 54.48410 -12.83380
vt 54.49490 -12.80350
vt 54.49680 -12.79800
vt 55.19010 -12.36810
vt 55.11570 -12.37390
vt 55.18430 -12.41480
vt 55.11540 -12.47110
vt 55.07330 -12.40850
vt 55.11990 -12.33870
vt 55.16980 -12.27280
vt 55.21290 -12.33790
vt 54.78200 -13.60910
vt 54.62460 -13.73270
vt 54.90470 -13.67830
vt 54.59410 -13.57600
vt 54.83390 -13.31430
vt 54.62450 -13.73220
vt 54.51020 -13.56120
vt 54.56700 -13.75320
vt 55.29180 -12.30220
vt 55.28740 -12.21950
vt 55.46290 -12.24850
vt 55.44660 -12.32760
vt 54.66870 -13.72280
vt 54.77620 -13.01750
vt 54.68010 -13.03610
vt 54.78340 -13.05440
vt 54.59720 -12.69570
vt 54.60770 -12.63870
vt 54.58880 -12.74130
vt 54.77850 -12.85580
vt 54.80110 -12.77240
vt 54.79580 -12.79200
vt 54.82980 -12.63080
vt 54.83240 -12.61690
vt 54.80330 -12.62680
vt 54.60410 -12.76580
vt 54.79970 -12.79490
vt 54.61380 -12.71300
vt 54.80940 -12.74220
vt 54.90760 -13.04710
vt 54.95230 -12.84480
vt 54.88040 -12.84430
vt 54.83570 -13.04670
vt 54.60630 -12.74390
vt 54.61470 -12.69830
vt 54.84540 -12.63370
vt 54.82870 -12.62700
vt 54.82790 -12.63110
vt 54.83770 -12.57780
vt 54.85520 -12.58040
vt 54.81930 -12.77560
vt 54.81020 -12.72740
vt 54.80370 -12.76300
vt 54.82770 -12.73000
vt 54.80190 -12.77300
vt 54.89720 -13.66190
vt 54.92900 -13.35820
vt 54.72460 -13.64410
vt 54.75640 -13.34040
vt 54.93270 -13.36000
vt 54.81440 -13.11820
vt 54.78450 -13.43210
vt 54.66620 -13.19030
vt 54.22910 -13.86800
vt 54.42240 -13.88940
vt 54.30600 -13.82180
vt 54.45520 -13.97830
vt 54.38920 -13.53990
vt 54.30210 -13.81710
vt 54.30600 -13.81380
vt 54.44720 -13.55010
vt 54.42700 -13.88450
vt 54.42700 -13.89380
vt 54.56610 -13.75090
vt 54.50590 -13.56040
vt 54.70550 -13.99030
vt 54.53380 -13.81710
vt 54.47350 -13.94080
vt 54.61730 -14.08580
vt 54.42250 -13.88940
vt 54.44870 -13.41780
vt 54.22540 -13.86450
vt 54.23020 -13.86590
vt 54.36230 -13.39340
vt 54.75000 -13.98940
vt 54.70190 -13.98850
vt 54.70370 -13.99030
vt 54.44130 -14.11340
vt 54.51550 -13.98500
vt 54.43890 -13.98350
vt 54.61550 -14.08580
vt 54.75230 -14.11930
vt 54.43840 -13.98350
vt 54.41790 -13.96000
vt 54.43840 -13.98540
vt 54.51500 -13.98500
vt 54.47270 -13.94240
vt 54.84790 -14.02280
vt 54.74790 -14.02280
vt 54.74960 -14.11680
vt 54.84790 -14.11680
vt 54.41300 -13.95770
vt 54.35730 -13.93050
vt 54.43550 -13.98540
vt 54.43760 -14.11250
vt 54.43770 -14.11250
vt 54.58290 -12.82660
vt 54.60030 -12.76280
vt 54.61550 -12.70690
vt 54.81840 -12.70900
vt 54.56990 -12.79340
vt 54.58740 -12.79600
vt 54.59730 -12.76060
vt 54.58530 -12.73850
vt 54.60270 -12.74110
vt 54.78290 -12.82520
vt 54.80040 -12.82780
vt 54.79830 -12.77030
vt 54.81570 -12.77290
vt 54.61930 -12.68180
vt 54.60120 -12.68140
vt 54.84010 -12.68570
vt 54.82200 -12.68540
vt 54.77890 -12.81250
vt 54.77280 -12.83660
vt 54.73530 -12.98670
vt 54.55910 -12.96180
vt 54.59670 -12.81190
vt 54.78400 -13.05750
vt 54.73040 -12.97640
vt 54.74330 -13.06480
vt 54.53640 -12.98010
vt 54.55320 -12.94690
vt 54.75240 -12.88420
vt 54.92200 -13.13790
vt 54.99920 -12.98520
vt 54.78910 -13.08350
vt 55.06800 -12.99800
vt 54.69430 -12.84510
vt 54.98180 -13.16860
vt 54.60790 -13.01570
vt 54.87670 -12.91010
vt 54.67460 -12.84170
vt 54.82140 -13.01910
vt 54.61950 -12.95070
vt 55.07620 -13.02960
vt 54.95890 -13.10160
vt 55.03680 -13.13080
vt 54.99830 -13.00030
vt 54.40590 -13.93400
vt 54.45140 -13.95560
vt 54.64740 -13.52820
vt 54.60200 -13.50670
vt 54.29430 -13.88110
vt 54.49030 -13.45370
vt 54.44940 -13.43430
vt 54.25330 -13.86170
vt 54.78820 -13.00840
vt 54.96480 -13.09930
vt 54.79080 -13.00330
vt 55.02510 -12.98010
vt 54.84590 -12.89430
vt 54.84850 -12.88920
vt 54.07780 -14.37730
vt 53.91550 -14.06860
vt 53.91550 -14.37730
vt 54.07780 -14.06860
vt 53.93850 -14.03660
vt 54.05470 -14.03660
vt 54.05470 -13.87690
vt 53.93850 -13.87690
vt 54.13810 -14.29920
vt 53.99930 -14.14000
vt 54.00000 -14.29920
vt 54.20010 -14.14000
vt 54.11270 -14.39910
vt 53.99920 -13.92250
vt 54.21700 -13.92250
vt 53.80260 -14.14000
vt 53.78570 -13.92250
vt 53.86460 -14.29920
vt 53.88990 -14.39910
vt 54.00020 -14.39910
vt 54.08220 -14.51010
vt 53.92040 -14.51010
vt 54.00040 -14.52910
vt 53.93850 -14.06890
vt 53.93850 -13.99410
vt 53.85630 -13.69550
vt 54.05470 -13.99620
vt 53.84740 -14.08950
vt 53.91550 -14.09070
vt 54.05470 -14.07010
vt 54.07780 -14.07030
vt 54.12050 -14.09430
vt 54.07780 -14.09350
vt 54.12930 -13.70030
vt 54.12740 -14.11600
vt 54.12040 -14.08360
vt 53.84770 -14.11110
vt 54.12920 -13.69660
vt 53.84840 -14.07880
vt 54.13690 -13.69670
vt 53.85330 -13.80380
vt 54.13310 -13.80860
vt 53.82720 -13.77840
vt 53.84910 -13.98330
vt 54.16340 -13.77840
vt 53.82710 -14.07060
vt 54.12880 -13.98840
vt 54.16330 -14.07060
vt 53.99990 -14.36040
vt 54.11270 -14.36040
vt 54.08730 -14.33080
vt 54.00010 -14.33080
vt 53.91470 -14.33080
vt 53.88940 -14.36040
vt 54.12660 -14.28560
vt 54.09820 -14.28820
vt 53.90390 -14.28820
vt 53.87540 -14.28560
vt 54.08730 -14.30970
vt 54.00000 -14.25680
vt 54.00010 -14.30970
vt 54.09820 -14.25680
vt 53.91470 -14.30970
vt 53.90390 -14.25680
vt 54.16330 -13.92570
vt 54.18200 -13.54850
vt 54.16330 -13.58360
vt 53.99710 -13.58300
vt 54.27220 -14.00940
vt 54.12020 -14.03190
vt 54.11820 -13.92580
vt 54.02920 -14.05480
vt 54.02510 -14.03370
vt 53.99280 -13.58380
vt 53.93330 -13.58380
vt 53.80840 -13.54880
vt 53.92030 -13.57100
vt 53.87390 -14.03650
vt 53.87180 -13.92610
vt 53.82710 -13.92610
vt 53.71800 -14.02230
vt 53.96170 -14.06640
vt 53.96770 -14.03480
vt 53.82710 -13.58400
vt 53.86500 -13.57200
vt 53.86520 -13.58390
vt 54.11820 -13.92660
vt 53.87180 -13.92810
vt 54.12030 -14.03250
vt 53.87390 -14.03760
vt 53.86500 -13.57210
vt 53.86520 -13.58430
vt 53.99710 -13.58280
vt 54.07720 -13.56770
vt 53.92970 -13.57080
vt 54.07620 -13.56400
vt 54.12790 -13.55440
vt 53.87060 -13.54970
vt 53.87060 -13.55580
vt 53.93060 -13.56660
vt 54.12790 -13.54970
vt 54.24250 -13.83980
vt 54.34940 -13.60750
vt 54.20420 -13.64130
vt 54.40020 -13.80300
vt 54.34180 -13.58920
vt 54.20430 -13.63980
vt 54.34640 -13.60660
vt 54.20090 -13.62210
vt 54.24940 -13.85520
vt 54.37510 -13.80730
vt 54.24490 -13.83770
vt 54.40170 -13.81970
vt 54.39720 -13.80220
vt 53.77580 -13.62390
vt 53.58160 -13.76660
vt 53.72980 -13.80110
vt 53.62760 -13.58930
vt 53.63030 -13.58860
vt 53.77240 -13.60500
vt 53.63440 -13.57280
vt 53.76830 -13.62080
vt 53.58020 -13.78170
vt 53.59370 -13.76800
vt 53.58430 -13.76580
vt 53.71820 -13.81380
vt 53.72230 -13.79800
vt 53.63440 -13.57270
vt 54.25150 -13.82870
vt 54.24490 -13.82980
vt 54.24320 -13.83010
vt 54.35530 -13.95390
vt 54.02190 -13.75500
vt 54.11780 -14.03390
vt 53.96910 -13.48530
vt 54.24550 -13.39230
vt 53.74460 -13.41380
vt 53.63320 -13.98620
vt 53.96730 -13.75510
vt 53.87050 -14.04320
vt 53.99450 -13.61520
vt 53.96910 -13.48470
vt 53.99890 -13.47490
vt 54.24670 -13.84710
vt 54.25660 -13.84540
vt 54.25200 -13.82790
vt 54.24330 -13.82950
vt 54.23800 -13.80330
vt 53.75110 -13.79660
vt 53.75760 -13.77140
vt 53.76870 -13.61420
vt 53.78670 -13.61750
vt 53.72270 -13.79140
vt 53.58090 -13.76570
vt 53.62700 -13.58850
vt 53.62570 -13.58820
vt 53.57970 -13.76550
vt 53.78960 -13.60030
vt 53.76590 -13.59610
vt 53.76180 -13.61190
vt 53.76780 -13.61300
vt 53.78660 -13.61630
vt 53.74100 -13.79360
vt 53.71580 -13.78910
vt 53.73690 -13.80940
vt 53.71170 -13.80500
vt 54.37280 -13.61410
vt 54.31350 -13.62420
vt 54.41620 -13.79210
vt 54.35670 -13.80210
vt 53.58420 -13.76580
vt 53.58010 -13.78160
vt 54.21060 -13.38510
vt 53.76740 -13.38510
vt 54.21070 -13.78630
vt 53.76740 -13.78630
vt 53.60530 -13.59400
vt 53.55920 -13.77060
vt 53.66410 -13.60390
vt 53.61790 -13.78050
vt 53.58020 -13.78160
vt 53.51550 -13.73870
vt 53.51800 -13.72900
vt 53.51500 -13.72840
vt 53.52750 -13.55470
vt 53.47880 -13.73090
vt 53.55840 -13.56120
vt 54.43290 -13.57790
vt 54.47870 -13.75470
vt 54.50630 -13.74880
vt 54.45760 -13.57260
vt 53.59100 -13.71800
vt 53.44990 -13.69720
vt 53.47610 -14.09170
vt 53.33510 -14.07100
vt 54.55010 -13.67350
vt 54.40900 -13.69430
vt 54.66490 -14.04710
vt 54.52380 -14.06800
vt 54.47220 -13.99920
vt 54.61360 -13.97830
vt 54.53500 -13.72240
vt 54.39640 -13.75240
vt 53.53030 -13.98350
vt 53.44250 -13.70290
vt 53.36390 -13.95890
vt 53.60560 -13.73820
vt 53.31740 -14.05790
vt 53.37750 -14.04880
vt 53.31240 -13.88130
vt 53.37250 -13.87220
vt 53.43110 -13.67920
vt 53.32600 -13.87640
vt 53.37100 -13.86970
vt 53.37180 -13.90040
vt 53.48000 -13.69700
vt 54.68770 -13.85760
vt 54.62750 -13.84850
vt 54.68260 -14.03410
vt 54.62250 -14.02510
vt 54.52080 -13.67460
vt 54.62820 -13.87670
vt 54.62900 -13.84590
vt 54.67400 -13.85270
vt 54.56830 -13.65410
vt 53.43960 -14.02190
vt 53.33850 -14.10380
vt 53.43550 -14.09980
vt 53.34270 -14.02590
vt 54.55440 -14.07620
vt 54.65140 -14.08020
vt 54.55030 -13.99830
vt 54.64720 -14.00230
vt 54.25510 -13.68010
vt 54.25510 -13.77620
vt 54.30330 -13.70540
vt 54.46530 -13.74330
vt 54.46850 -13.78400
vt 54.30330 -13.49790
vt 54.52410 -13.78600
vt 54.56780 -13.78760
vt 54.56780 -13.50750
vt 53.41060 -13.50750
vt 53.72340 -13.77620
vt 53.67180 -13.70440
vt 53.67180 -13.49790
vt 53.72330 -13.67730
vt 53.53930 -13.72010
vt 53.53440 -13.78310
vt 53.44840 -13.78620
vt 53.41060 -13.78760
vt 54.30320 -13.87690
vt 54.30330 -13.78340
vt 54.24310 -13.78340
vt 53.67180 -13.27440
vt 54.30330 -13.27440
vt 53.73070 -13.78360
vt 53.67180 -13.87690
vt 53.67180 -13.78360
vt 54.51710 -13.35570
vt 54.30320 -13.50170
vt 54.54550 -13.50900
vt 54.30320 -13.37390
vt 53.43430 -13.50880
vt 53.67180 -13.50170
vt 53.67180 -13.37470
vt 53.45740 -13.35640
vt 54.42450 -13.63330
vt 54.41160 -13.71000
vt 54.44370 -13.70460
vt 54.45660 -13.62770
vt 53.55100 -13.60780
vt 53.53170 -13.68060
vt 53.56350 -13.68610
vt 53.51920 -13.60230
vt 53.41090 -13.50780
vt 53.40450 -13.50770
vt 53.40460 -13.78780
vt 53.41090 -13.78800
vt 54.53210 -13.44290
vt 54.51810 -13.35720
vt 54.51680 -13.35740
vt 54.30320 -13.39490
vt 54.45980 -13.36670
vt 54.30320 -13.39220
vt 53.43150 -13.50960
vt 53.45750 -13.35800
vt 53.45200 -13.35710
vt 53.43510 -13.50970
vt 53.67180 -13.39340
vt 53.51190 -13.36700
vt 53.67180 -13.39630
vt 54.51520 -13.77690
vt 54.63290 -13.76280
vt 54.51460 -13.53140
vt 54.63210 -13.51730
vt 54.28170 -13.81440
vt 54.54250 -13.81440
vt 54.28670 -13.66620
vt 54.54760 -13.66620
vt 53.42990 -13.81460
vt 53.69070 -13.81460
vt 53.42480 -13.66640
vt 53.68560 -13.66640
vt 53.48790 -13.79400
vt 53.48380 -13.54690
vt 53.37200 -13.78030
vt 53.36800 -13.53310
vt 53.81710 -12.89370
vt 54.17320 -13.14030
vt 53.84050 -12.90810
vt 54.17320 -12.89370
vt 54.14950 -12.90810
vt 54.14950 -12.89370
vt 53.84050 -12.89370
vt 53.81710 -13.14030
vt 54.30440 -13.92900
vt 54.55400 -13.92680
vt 54.30130 -13.75640
vt 54.55090 -13.75420
vt 53.41830 -13.92700
vt 53.66800 -13.92920
vt 53.42140 -13.75440
vt 53.67110 -13.75660
vt 54.63950 -13.76540
vt 54.63890 -13.68220
vt 54.60520 -13.68300
vt 54.60580 -13.76600
vt 54.63990 -13.60810
vt 54.60610 -13.60890
vt 53.34700 -13.77670
vt 53.38010 -13.69400
vt 53.34700 -13.69340
vt 53.38010 -13.77730
vt 54.55670 -13.46320
vt 54.58130 -13.56750
vt 54.60640 -13.46320
vt 54.60080 -13.56750
vt 54.60640 -13.64600
vt 53.35320 -13.46340
vt 53.39210 -13.56770
vt 53.41450 -13.46340
vt 53.37150 -13.56770
vt 53.35320 -13.68950
vt 53.36290 -13.68950
vt 53.37470 -13.61830
vt 53.34150 -13.61780
vt 54.37530 -13.44870
vt 54.55100 -13.42280
vt 54.31080 -13.36230
vt 54.31080 -13.44870
vt 54.58010 -13.36230
vt 54.55670 -13.44870
vt 54.58010 -13.44870
vt 53.41910 -13.42250
vt 53.66050 -13.36270
vt 53.38050 -13.36270
vt 53.59860 -13.44900
vt 53.41390 -13.44900
vt 53.38050 -13.44900
vt 53.66050 -13.44900
vt 53.31710 -13.50470
vt 53.37990 -13.46170
vt 53.31710 -13.46170
vt 53.37990 -13.50470
vt 53.37990 -13.62220
vt 53.31710 -13.62220
vt 53.31710 -13.67000
vt 53.37990 -13.67000
vt 54.64480 -13.49030
vt 54.64480 -13.44940
vt 54.58200 -13.44940
vt 54.58200 -13.49030
vt 54.58200 -13.60200
vt 54.64480 -13.60200
vt 54.64480 -13.64740
vt 54.58200 -13.64740
vt 53.37280 -13.57270
vt 53.31720 -13.43940
vt 53.31720 -13.57270
vt 53.37280 -13.43940
vt 54.28450 -13.30210
vt 54.28390 -13.30210
vt 54.28450 -13.30600
vt 53.68840 -13.33560
vt 53.68770 -13.33550
vt 53.68770 -13.34010
vt 53.35520 -13.70030
vt 53.35560 -13.69690
vt 53.36620 -13.53120
vt 53.67570 -13.54670
vt 53.66100 -13.54460
vt 53.64830 -13.74150
vt 53.34270 -13.69860
vt 53.63630 -13.73640
vt 53.63580 -13.73970
vt 53.68770 -13.45520
vt 53.68770 -13.46110
vt 53.68850 -13.45540
vt 53.67630 -13.54260
vt 54.33580 -13.70190
vt 54.29950 -13.53380
vt 54.33610 -13.70370
vt 54.62930 -13.66250
vt 54.60630 -13.51980
vt 54.61650 -13.66250
vt 54.32360 -13.70550
vt 54.60630 -13.49900
vt 54.61680 -13.66430
vt 53.84050 -12.60050
vt 54.14950 -12.60050
vt 53.86800 -12.60020
vt 54.12210 -12.26190
vt 53.86800 -12.26190
vt 54.12210 -12.60020
vt 54.58900 -13.43410
vt 54.64460 -13.43410
vt 54.64460 -13.33810
vt 54.58900 -13.33810
vt 53.37280 -13.44520
vt 53.31720 -13.34430
vt 53.31720 -13.44520
vt 53.37280 -13.34430
vt 54.08480 -12.26020
vt 54.08480 -11.92660
vt 53.90530 -11.92660
vt 53.90530 -12.26020
vt 54.58610 -13.47670
vt 54.59030 -13.47610
vt 54.57960 -13.39950
vt 54.57540 -13.40010
vt 54.30970 -13.51550
vt 54.31380 -13.51500
vt 54.30310 -13.43840
vt 54.29890 -13.43890
vt 54.34260 -13.75000
vt 54.62330 -13.71050
vt 53.38180 -13.51050
vt 53.39640 -13.43690
vt 53.39230 -13.43630
vt 53.38600 -13.51110
vt 53.65830 -13.54940
vt 53.66250 -13.55000
vt 53.67290 -13.47570
vt 53.66870 -13.47510
vt 53.62920 -13.78670
vt 53.34860 -13.74730
vt 54.60150 -13.80870
vt 54.58530 -13.71650
vt 54.36130 -13.74790
vt 54.37890 -13.84790
vt 53.60320 -13.78250
vt 53.37930 -13.75100
vt 53.58570 -13.88220
vt 53.36310 -13.84290
vt 54.05150 -11.92520
vt 54.05150 -11.63670
vt 53.93870 -11.92520
vt 53.93870 -11.63670
vt 54.03190 -11.63060
vt 54.03190 -11.54780
vt 53.95840 -11.54780
vt 53.95840 -11.63060
vt 54.04170 -13.46860
vt 53.96820 -13.46860
vt 54.06130 -13.48090
vt 54.04160 -13.36830
vt 54.06130 -13.35810
vt 53.94850 -13.35810
vt 53.94850 -13.48090
vt 53.96810 -13.36830
vt 54.05510 -13.48610
vt 53.95470 -13.48610
vt 53.95470 -13.50480
vt 54.05510 -13.50480
vt 53.91520 -13.52670
vt 53.94850 -13.53140
vt 54.09470 -13.52660
vt 53.91520 -13.68510
vt 53.94850 -13.67400
vt 54.06130 -13.53140
vt 54.06140 -13.67400
vt 54.09470 -13.68510
vt 54.05510 -13.68510
vt 54.05510 -13.67400
vt 53.95480 -13.67400
vt 53.95480 -13.68510
vt 54.09040 -13.68730
vt 54.05510 -13.68730
vt 54.05510 -13.70000
vt 54.09050 -13.70920
vt 53.95480 -13.70010
vt 53.91940 -13.70930
vt 53.95480 -13.68730
vt 53.91940 -13.68730
vt 53.96810 -13.29370
vt 53.96810 -13.37910
vt 54.04160 -13.37910
vt 54.04160 -13.29370
vt 54.09050 -13.78550
vt 54.09050 -13.79810
vt 54.09470 -13.78550
vt 54.13200 -13.79800
vt 54.09470 -13.62230
vt 54.13200 -13.61260
vt 53.87790 -13.61260
vt 53.91520 -13.62230
vt 53.87790 -13.79810
vt 53.91520 -13.78550
vt 53.91950 -13.78550
vt 53.91950 -13.79810
vt 54.09050 -13.80920
vt 53.91950 -13.80930
vt 53.88810 -13.82330
vt 54.12190 -13.82330
vt 53.88810 -13.79880
vt 53.91950 -13.79880
vt 54.12190 -13.79880
vt 54.09050 -13.79880
vt 54.15950 -13.66600
vt 53.87790 -13.67230
vt 54.13200 -13.67220
vt 53.85050 -13.66600
vt 54.15950 -13.87560
vt 54.13200 -13.86170
vt 54.12190 -13.86170
vt 54.12190 -13.87560
vt 53.87790 -13.86170
vt 53.85050 -13.87560
vt 53.88810 -13.86170
vt 53.88810 -13.87560
vt 53.85870 -13.90090
vt 53.88810 -13.88750
vt 53.85870 -13.87590
vt 54.15130 -13.90090
vt 53.88810 -13.87590
vt 54.12190 -13.88750
vt 54.15130 -13.87580
vt 54.12190 -13.87580
vt 53.82680 -13.68950
vt 53.85050 -13.89710
vt 53.85050 -13.68950
vt 53.82690 -13.91500
vt 53.85870 -13.89710
vt 54.18290 -13.68940
vt 54.15950 -13.68940
vt 54.15950 -13.89710
vt 54.18300 -13.91490
vt 54.15130 -13.91490
vt 54.15130 -13.89710
vt 53.85870 -13.91500
vt 54.17280 -13.93240
vt 54.17280 -13.91300
vt 54.15130 -13.92310
vt 53.85870 -13.92320
vt 53.83700 -13.93250
vt 53.83700 -13.91300
vt 53.85870 -13.91300
vt 54.15130 -13.91300
vt 53.45160 -13.93160
vt 53.43100 -13.92920
vt 53.44550 -13.98550
vt 53.42460 -13.98550
vt 53.69980 -13.96000
vt 53.67920 -13.95770
vt 53.69690 -13.98540
vt 53.67610 -13.98540
vt 53.71610 -13.81710
vt 53.71550 -13.81710
vt 53.71550 -13.82180
vt 54.32910 -13.96930
vt 54.35210 -13.98820
vt 54.35020 -13.97160
vt 54.33120 -13.98820
vt 54.31230 -13.81590
vt 54.31160 -13.81590
vt 54.31230 -13.82150
vt 54.60000 -13.95680
vt 54.57940 -13.95920
vt 54.60360 -13.98810
vt 54.58270 -13.98810
vt 53.45770 -13.91040
vt 53.44520 -14.11260
vt 53.67580 -14.11250
vt 53.68700 -13.93050
vt 54.34210 -13.95180
vt 54.35180 -14.10780
vt 54.58240 -14.10780
vt 54.57150 -13.93170
vt 53.87070 -11.90130
vt 53.87080 -11.95100
vt 54.14390 -11.94810
vt 54.14370 -11.89840
vt 54.06150 -11.88070
vt 53.94530 -11.88070
vt 54.06150 -11.94220
vt 53.94530 -11.94220
vt 53.83660 -12.07760
vt 53.83670 -12.42150
vt 54.00720 -12.42110
vt 54.06670 -12.42090
vt 54.13480 -12.42010
vt 54.17290 -12.42070
vt 54.17280 -12.07760
vt 54.13480 -12.42080
vt 54.32820 -12.96450
vt 53.69670 -12.96460
vt 54.32830 -13.50280
vt 53.69680 -13.50290
vt 53.78950 -13.12770
vt 54.23270 -13.12780
vt 53.78940 -12.73160
vt 54.23260 -12.73160
vt 53.94530 -11.97430
vt 53.92220 -12.01970
vt 53.94530 -12.01970
vt 53.92220 -11.92850
vt 54.06150 -11.97430
vt 54.08450 -11.92850
vt 54.08450 -12.01970
vt 54.06150 -12.01970
vt 53.97920 -13.09930
vt 54.25530 -13.08570
vt 54.00630 -13.09710
vt 54.00110 -12.69920
vt 54.25540 -12.68640
vt 54.12940 -12.43260
vt 53.87210 -12.43260
vt 54.12940 -12.73340
vt 53.87210 -12.73340
vt 54.03090 -12.70120
vt 54.03090 -12.69930
vt 53.75450 -12.68710
vt 53.76500 -13.08640
vt 53.41100 -13.74170
vt 53.35540 -13.87290
vt 53.41100 -13.87290
vt 53.35540 -13.74170
vt 54.62720 -13.74460
vt 54.62720 -13.87530
vt 54.68280 -13.87530
vt 54.68280 -13.74460
vt 54.00290 -12.42090
vt 54.07030 -12.41810
vt 54.19160 -12.41270
vt 53.71710 -13.75320
vt 53.71550 -13.75090
vt 53.70700 -13.75230
vt 53.71550 -13.56040
vt 53.74560 -13.56120
vt 53.69680 -13.20820
vt 53.54020 -13.19400
vt 53.49530 -13.23020
vt 53.44900 -13.41050
vt 53.48320 -13.18890
vt 53.48190 -13.18870
vt 53.62470 -13.41780
vt 53.69680 -13.40580
vt 54.31270 -13.75100
vt 54.31340 -13.75590
vt 54.33130 -13.75410
vt 54.54800 -13.18860
vt 54.53520 -13.23250
vt 54.58090 -13.40980
vt 54.54250 -13.18910
vt 54.48810 -13.19460
vt 54.32820 -13.21050
vt 54.32830 -13.40530
vt 54.40140 -13.41750
vt 54.28440 -13.56110
vt 54.31220 -13.74820
vt 54.31220 -13.56040
vt 53.78390 -12.76580
vt 53.79100 -12.71300
vt 53.79410 -12.68990
vt 54.54260 -13.18780
vt 54.32820 -13.20970
vt 53.48290 -13.18730
vt 53.69680 -13.14520
vt 53.69680 -13.20740
vt 54.32820 -13.14560
vt 53.92280 -12.41930
vt 54.06940 -12.43710
vt 53.92380 -12.43640
vt 54.12940 -12.43420
vt 54.19230 -12.69110
vt 54.12940 -12.69390
vt 54.13500 -12.41750
vt 54.07970 -12.41800
vt 54.13500 -12.41810
vt 53.87210 -12.43390
vt 53.81800 -12.41360
vt 53.87210 -12.69420
vt 53.81870 -12.69200
vt 54.00290 -12.42150
vt 53.41990 -13.39340
vt 53.42000 -13.86460
vt 53.68920 -13.86450
vt 53.68920 -13.39340
vt 54.61950 -13.39240
vt 54.33950 -13.39250
vt 54.61960 -13.86370
vt 54.33960 -13.86370
vt 53.42010 -14.11350
vt 53.70080 -14.11340
vt 53.70110 -13.98350
vt 53.69690 -13.98350
vt 53.42460 -13.98360
vt 53.42040 -13.98360
vt 53.44520 -14.11250
vt 53.72820 -13.57600
vt 53.70800 -13.73220
vt 53.71340 -13.73270
vt 53.73020 -13.57600
vt 53.39370 -13.63270
vt 53.37150 -13.69750
vt 53.38570 -13.69440
vt 53.39360 -13.49080
vt 53.45100 -13.18860
vt 53.39920 -13.43910
vt 53.41870 -13.43910
vt 53.43220 -13.13060
vt 53.45660 -13.14530
vt 53.69670 -13.08100
vt 53.45450 -13.13850
vt 53.69680 -13.10060
vt 54.32040 -13.73210
vt 54.29980 -13.57590
vt 54.31440 -13.73270
vt 54.59550 -13.13050
vt 54.58910 -13.13120
vt 54.57610 -13.19810
vt 54.62850 -13.43890
vt 54.60790 -13.43890
vt 54.56850 -13.14040
vt 54.58940 -13.12940
vt 54.56570 -13.13630
vt 54.56490 -13.14090
vt 54.32820 -13.08050
vt 54.32820 -13.09960
vt 54.29760 -13.57590
vt 53.56430 -13.71740
vt 54.65620 -13.69740
vt 54.64690 -13.66000
vt 54.64130 -13.69260
vt 54.63700 -13.66000
vt 54.64690 -13.60990
vt 54.47070 -13.71660
vt 54.00080 -12.28560
vt 53.78300 -12.28560
vt 53.78300 -12.42200
vt 54.00080 -12.42200
vt 54.21430 -12.42200
vt 54.21430 -12.28560
vt 54.00080 -12.18410
vt 53.78300 -12.18410
vt 54.21430 -12.18410
vt 54.00080 -12.11790
vt 53.78300 -12.11790
vt 54.21430 -12.11790
vt 54.00080 -12.00470
vt 53.78300 -12.00470
vt 54.21430 -12.00470
vt 54.18880 -13.56740
vt 54.18290 -13.56370
vt 54.18290 -13.56740
vt 53.82110 -13.50460
vt 54.18870 -13.50450
vt 53.82680 -13.56740
vt 53.82680 -13.56380
vt 53.82110 -13.56740
vt 54.60360 -13.98350
vt 54.60770 -13.98350
vt 54.32680 -14.11340
vt 54.60740 -14.11330
vt 54.32710 -13.98350
vt 54.33130 -13.98350
vt 54.36970 -12.54620
vt 54.36970 -12.54610
vt 54.15170 -12.47700
vt 54.00050 -12.37060
vt 54.00050 -12.47700
vt 54.15170 -12.37060
vt 53.84620 -12.47700
vt 53.84620 -12.37060
vt 54.41910 -12.56750
vt 54.42030 -12.56680
vt 54.40630 -12.57410
vt 53.34620 -13.68660
vt 53.46370 -13.69740
vt 53.35830 -13.38400
vt 53.47580 -13.39490
vt 53.36790 -13.14460
vt 53.48540 -13.15540
vt 54.36560 -12.54370
vt 54.22760 -12.56820
vt 54.25130 -12.74510
vt 54.38930 -12.72070
vt 54.44700 -12.70570
vt 54.29030 -12.79230
vt 54.26530 -12.74260
vt 54.23410 -12.61650
vt 54.21040 -12.63340
vt 54.24580 -12.70380
vt 54.36560 -12.54380
vt 54.21040 -12.62950
vt 54.71060 -13.67040
vt 54.66670 -13.36880
vt 54.59480 -13.69390
vt 54.55090 -13.39230
vt 54.63200 -13.13010
vt 54.51620 -13.15360
vt 54.56580 -12.91650
vt 54.39860 -12.94490
vt 54.39930 -12.98130
vt 54.38830 -12.94610
vt 54.55370 -12.87820
vt 53.71550 -13.86800
vt 53.68920 -13.86590
vt 53.39370 -13.86810
vt 53.79910 -12.54410
vt 53.63200 -12.71440
vt 53.78430 -12.74130
vt 53.79800 -12.63870
vt 53.65820 -12.51920
vt 53.56840 -12.69780
vt 53.74130 -12.79340
vt 53.76890 -12.73850
vt 53.79040 -12.69570
vt 53.79750 -12.68140
vt 54.37430 -12.54040
vt 54.37300 -12.54110
vt 54.46360 -12.72860
vt 53.42000 -13.86590
vt 54.39930 -12.73670
vt 54.38740 -12.74330
vt 54.39990 -12.74110
vt 54.45110 -12.70810
vt 54.23820 -12.61880
vt 54.22420 -12.56260
vt 54.23130 -12.61540
vt 54.23170 -12.57050
vt 54.21340 -12.63250
vt 54.21330 -12.62480
vt 54.37240 -12.53640
vt 54.27830 -12.76260
vt 54.26940 -12.74500
vt 54.25170 -12.76730
vt 54.25540 -12.74740
vt 54.24530 -12.71950
vt 54.24110 -12.68870
vt 54.21370 -12.65310
vt 54.37520 -12.55700
vt 54.29440 -12.79460
vt 54.26670 -12.76460
vt 54.29220 -12.81840
vt 54.21340 -12.63360
vt 53.68920 -13.41780
vt 53.69680 -13.53990
vt 53.71550 -13.53990
vt 53.41990 -13.41790
vt 53.39360 -13.38820
vt 53.44330 -13.38820
vt 53.44330 -13.41790
vt 54.61960 -13.86510
vt 54.33960 -13.86510
vt 54.64690 -13.86800
vt 54.61950 -13.41750
vt 54.64680 -13.38810
vt 54.58610 -13.41750
vt 54.58550 -13.38810
vt 54.31220 -13.53980
vt 54.31230 -13.86800
vt 54.32830 -13.53980
vt 54.33950 -13.41750
vt 53.35550 -13.86170
vt 53.41800 -13.86170
vt 53.41800 -13.43430
vt 53.35520 -13.43430
vt 54.23220 -12.62210
vt 54.24990 -12.70610
vt 54.47810 -12.69900
vt 54.33590 -12.56590
vt 54.41920 -12.73650
vt 54.39470 -12.52840
vt 54.43650 -12.65430
vt 54.44880 -12.58770
vt 54.41700 -12.60490
vt 54.46830 -12.63710
vt 53.60870 -12.94690
vt 53.45680 -12.92510
vt 53.59820 -12.98010
vt 53.46880 -12.88680
vt 53.79580 -12.53670
vt 53.65360 -12.52180
vt 53.79570 -12.54690
vt 53.65060 -12.51110
vt 53.64760 -12.53380
vt 53.56390 -12.70040
vt 53.55220 -12.71870
vt 53.62110 -12.73200
vt 53.62040 -12.73690
vt 53.63420 -12.73930
vt 53.73710 -12.82660
vt 53.73680 -12.79600
vt 53.76730 -12.76280
vt 53.75460 -12.76060
vt 53.77980 -12.74390
vt 53.76430 -12.74110
vt 53.79390 -12.70690
vt 53.79410 -12.68180
vt 53.78590 -12.69830
vt 54.32170 -12.80660
vt 54.37990 -12.95330
vt 54.38930 -12.94910
vt 53.58840 -12.63480
vt 53.60780 -12.58400
vt 53.57570 -12.56750
vt 53.55630 -12.61830
vt 53.43560 -13.41390
vt 53.69640 -13.43210
vt 53.45240 -13.17210
vt 53.71330 -13.19030
vt 54.68280 -13.86440
vt 54.62010 -13.43820
vt 54.62010 -13.86430
vt 54.68290 -13.43830
vt 54.33130 -13.43210
vt 54.59210 -13.41390
vt 54.31440 -13.19030
vt 54.57520 -13.17200
vt 54.47250 -12.66440
vt 54.44160 -12.67830
vt 54.46620 -12.73010
vt 54.55580 -12.87410
vt 53.54560 -12.68390
vt 53.60510 -12.72020
vt 53.68650 -12.54710
vt 53.62720 -12.51080
vt 53.70210 -12.81190
vt 53.45920 -12.87930
vt 53.64260 -12.96180
vt 53.54800 -12.72110
vt 53.54240 -12.66960
vt 53.56710 -12.68080
vt 53.59100 -12.84510
vt 53.44990 -12.79010
vt 53.53740 -13.01570
vt 53.39620 -12.96070
vt 53.29170 -12.99260
vt 53.32600 -12.88360
vt 53.27490 -12.99410
vt 53.33500 -13.00840
vt 53.33670 -13.00330
vt 53.31230 -12.87490
vt 53.37250 -12.88920
vt 53.37100 -12.89430
vt 54.55010 -12.80400
vt 54.40900 -12.85890
vt 54.60380 -12.97460
vt 54.46280 -13.02950
vt 54.70830 -13.00640
vt 54.72510 -13.00790
vt 54.68760 -12.88870
vt 54.66500 -13.02220
vt 54.66330 -13.01720
vt 54.67400 -12.89740
vt 54.62750 -12.90300
vt 54.62900 -12.90810
vt 53.41100 -13.60900
vt 53.41080 -13.56500
vt 53.35520 -13.60900
vt 53.35520 -13.56500
vt 53.42260 -13.62200
vt 53.67220 -13.64410
vt 53.44910 -13.31840
vt 53.69870 -13.34040
vt 54.35550 -13.64400
vt 54.60520 -13.62190
vt 54.32890 -13.34040
vt 54.57860 -13.31830
vt 54.62720 -13.61230
vt 54.68280 -13.61230
vt 54.62720 -13.56840
vt 54.68280 -13.56840
vt 54.52000 -12.85510
vt 54.55430 -12.96410
vt 54.60320 -12.93970
vt 54.56890 -12.83060
vt 53.43170 -12.81630
vt 53.39740 -12.92540
vt 53.44500 -12.95070
vt 53.47920 -12.84170
vt 53.44520 -13.06130
vt 53.39100 -13.05070
vt 53.42990 -13.11150
vt 53.37570 -13.10080
vt 53.38330 -13.58320
vt 53.38620 -13.49730
vt 53.34960 -13.57930
vt 53.35250 -13.49340
vt 54.66310 -13.57360
vt 54.69620 -13.56620
vt 54.65140 -13.48970
vt 54.68450 -13.48230
vt 53.38900 -13.40530
vt 53.35530 -13.40140
vt 53.42260 -13.10160
vt 53.35280 -12.97590
vt 53.32560 -13.07710
vt 53.44970 -13.00030
vt 53.91270 -12.62780
vt 53.99990 -12.59020
vt 53.91270 -12.59020
vt 53.99990 -12.62780
vt 54.08530 -12.59020
vt 54.08530 -12.62780
vt 54.58750 -13.11280
vt 54.68450 -13.08840
vt 54.65730 -12.98710
vt 54.56040 -13.01150
vt 54.63910 -13.40050
vt 54.67230 -13.39300
vt 53.71620 -13.88940
vt 53.71550 -13.88450
vt 53.71550 -13.88940
vt 53.93330 -12.24850
vt 53.99870 -12.33320
vt 53.99870 -12.25410
vt 53.93230 -12.32760
vt 54.06260 -12.24850
vt 54.06360 -12.32760
vt 53.86310 -11.91780
vt 53.86690 -12.09470
vt 53.87210 -11.97540
vt 53.87080 -11.91770
vt 54.14410 -11.97250
vt 54.14670 -12.09200
vt 53.20270 -12.99410
vt 52.96590 -12.96580
vt 53.02610 -13.08500
vt 53.14240 -12.87490
vt 52.95920 -13.10640
vt 52.99770 -12.97590
vt 52.91980 -13.00510
vt 53.03710 -13.07710
vt 53.39800 -13.50670
vt 53.35260 -13.52820
vt 53.42480 -13.56500
vt 53.44500 -13.60900
vt 53.51670 -13.52140
vt 53.50970 -13.45370
vt 53.55060 -13.43430
vt 53.59590 -13.61090
vt 53.64130 -13.70970
vt 53.74670 -13.86170
vt 53.66190 -13.82570
vt 53.70570 -13.88110
vt 53.59410 -13.93410
vt 53.56590 -13.87290
vt 53.54860 -13.95560
vt 53.57150 -13.74170
vt 53.18820 -13.33050
vt 53.23460 -13.26700
vt 53.23720 -13.09100
vt 53.33550 -13.20240
vt 53.41980 -13.18420
vt 53.48270 -13.14460
vt 53.31780 -13.27570
vt 53.43370 -13.38400
vt 53.39190 -13.32150
vt 53.30780 -13.41690
vt 53.38150 -13.45050
vt 53.22150 -13.40140
vt 53.37200 -13.68660
vt 53.12650 -13.63300
vt 53.31180 -13.57930
vt 53.27810 -13.49340
vt 53.50100 -13.88860
vt 53.33750 -13.99030
vt 53.42570 -14.08590
vt 53.50100 -13.82540
vt 53.54070 -13.96990
vt 53.32650 -12.79010
vt 52.95290 -12.94310
vt 53.41290 -12.96070
vt 53.03910 -13.11370
vt 53.77080 -13.86810
vt 53.43150 -13.70890
vt 53.48020 -13.84590
vt 53.41060 -13.70310
vt 53.54480 -13.97830
vt 53.39490 -13.63270
vt 53.42250 -13.49080
vt 53.53680 -13.38820
vt 53.35400 -13.47740
vt 53.52390 -13.98500
vt 53.42390 -14.08590
vt 53.59820 -14.11350
vt 53.60050 -13.98360
vt 53.28720 -14.11930
vt 53.33570 -13.99030
vt 53.28950 -13.98940
vt 53.33750 -13.98850
vt 53.30700 -13.42080
vt 53.22080 -13.40530
vt 53.27730 -13.49730
vt 53.38070 -13.45440
vt 53.31120 -13.58320
vt 53.39110 -13.32540
vt 53.41920 -13.18810
vt 53.33470 -13.20630
vt 53.31700 -13.27960
vt 53.23400 -13.27090
vt 53.53990 -13.96830
vt 53.52330 -13.98500
vt 53.64540 -13.92920
vt 53.59990 -13.98360
vt 53.59990 -13.98550
vt 53.43040 -12.68390
vt 53.37230 -12.66870
vt 53.25240 -12.70900
vt 53.29540 -12.61830
vt 53.35080 -12.61240
vt 53.25540 -12.56750
vt 53.35740 -12.55310
vt 53.20790 -12.53590
vt 53.38590 -12.51080
vt 53.42740 -12.66960
vt 53.25120 -12.69450
vt 53.48000 -12.87930
vt 53.30380 -12.90410
vt 53.20240 -12.99260
vt 53.40120 -12.92540
vt 53.14730 -12.88360
vt 53.34590 -12.81630
vt 53.63770 -13.39340
vt 53.76980 -13.86590
vt 53.77460 -13.86460
vt 53.55130 -13.41790
vt 53.02170 -12.93010
vt 53.29890 -12.91450
vt 53.27760 -12.82540
vt 53.48460 -12.92510
vt 53.09900 -13.08290
vt 53.46520 -12.88680
vt 53.25640 -12.74740
vt 53.24530 -12.70690
vt 53.25350 -12.74780
vt 53.19700 -12.54020
vt 53.42210 -12.68080
vt 53.39250 -12.51110
vt 53.43310 -12.72110
vt 53.44900 -12.71870
vt 53.39670 -12.53380
vt 53.46070 -12.69780
vt 53.41080 -12.51920
vt 53.44330 -12.70040
vt 53.39340 -12.52180
vt 53.19780 -12.55090
vt 53.18030 -12.55350
vt 53.24770 -12.72960
vt 53.23030 -12.73220
vt 53.59480 -14.11260
vt 53.59700 -13.98550
vt 53.59470 -14.11250
vt 53.64060 -13.93160
vt 53.68400 -13.91040
vt 53.10220 -13.64300
vt 53.38230 -13.69750
vt 53.49250 -13.13060
vt 53.21240 -13.07610
vt 53.43250 -13.43910
vt 53.35200 -12.56960
vt 53.24990 -12.58400
vt 53.29000 -12.63480
vt 53.34530 -12.62890
vt 53.36670 -12.68530
vt 53.28350 -14.02280
vt 53.19130 -14.11680
vt 53.28190 -14.11680
vt 53.19130 -14.02280
vt 53.64280 -13.18870
vt 53.48120 -13.18860
vt 53.57720 -13.41050
vt 53.55710 -13.16300
vt 53.48960 -13.14530
vt 53.38290 -13.69440
vt 53.18560 -13.10000
vt 53.06730 -13.34180
vt 53.33380 -13.17210
vt 53.21550 -13.41390
vt 53.49100 -13.13850
vt 53.64430 -13.18730
vt 53.64260 -13.18890
vt 53.62790 -13.23020
vt 53.07320 -13.33620
vt 53.10510 -13.63990
vt 53.24580 -13.31840
vt 53.27770 -13.62200
vt 53.20230 -13.12820
vt 53.21660 -13.05440
vt 53.12310 -13.07080
vt 53.16610 -13.31430
vt 53.72560 -12.96460
vt 53.49830 -13.10060
vt 53.62610 -13.14520
vt 53.50210 -13.08100
vt 53.29460 -13.04060
vt 53.82050 -13.50290
vt 53.60780 -13.20820
vt 53.54540 -13.40580
vt 53.61080 -13.53990
vt 53.60510 -13.20740
vt 53.04610 -12.80720
vt 53.71500 -13.08640
vt 53.60770 -12.68710
vt 53.15340 -13.20650
vt 53.09240 -13.04710
vt 53.07350 -12.85040
vt 53.00160 -12.85080
vt 53.16430 -13.04670
vt 52.96230 -12.36470
vt 52.80980 -12.36860
vt 52.81750 -12.41310
vt 52.92530 -12.26330
vt 52.78460 -12.33900
vt 52.90120 -12.19710
vt 52.70080 -12.14180
vt 52.86000 -12.08390
vt 53.17980 -12.28560
vt 53.01190 -12.50120
vt 53.22940 -12.42200
vt 53.14280 -12.18410
vt 53.11880 -12.11790
vt 53.07750 -12.00470
vt 53.35870 -12.53670
vt 53.36020 -12.54690
vt 53.37790 -12.54410
vt 53.45150 -12.41360
vt 53.16020 -12.56800
vt 53.51460 -12.69200
vt 53.39230 -12.63870
vt 52.99060 -12.51820
vt 53.39880 -12.68140
vt 53.16760 -12.61690
vt 53.38450 -12.70690
vt 53.38190 -12.68990
vt 53.38070 -12.68180
vt 53.05360 -12.79670
vt 53.18160 -12.70900
vt 53.15990 -12.68570
vt 53.17800 -12.68540
vt 53.15290 -12.63920
vt 53.16990 -12.63180
vt 53.17050 -12.63600
vt 53.19670 -12.62680
vt 53.73860 -13.12770
vt 53.61490 -12.73160
vt 53.22210 -13.25240
vt 53.21370 -12.85560
vt 53.81080 -13.50460
vt 53.59410 -13.78910
vt 53.86270 -13.56740
vt 53.41660 -13.57410
vt 52.68840 -12.29510
vt 52.60090 -12.17820
vt 52.53110 -12.33180
vt 52.48990 -12.21860
vt 54.10630 -13.68950
vt 53.85970 -13.56380
vt 53.99140 -13.91500
vt 53.65150 -13.74180
vt 53.59270 -13.78740
vt 53.57660 -13.80070
vt 53.39290 -13.57820
vt 52.92050 -12.49730
vt 53.98760 -13.91300
vt 53.63310 -13.75690
vt 53.97770 -13.93250
vt 53.22160 -12.07760
vt 53.07430 -12.49900
vt 53.41640 -12.42150
vt 52.92940 -12.24320
vt 54.00050 -13.89710
vt 54.41050 -13.87560
vt 54.39950 -13.66600
vt 54.09190 -13.68210
vt 52.67220 -12.65990
vt 52.71440 -12.56700
vt 52.63960 -12.60700
vt 52.77850 -12.61410
vt 53.98240 -13.92320
vt 54.40620 -13.87590
vt 54.40760 -13.90090
vt 52.95270 -12.47700
vt 52.86830 -12.37060
vt 53.41140 -12.54620
vt 53.42730 -12.54380
vt 53.45030 -12.43260
vt 53.50460 -12.69420
vt 53.53090 -12.73340
vt 53.44560 -12.43390
vt 53.41770 -12.76370
vt 53.40510 -12.71670
vt 53.19140 -12.09470
vt 53.30330 -11.91780
vt 52.88400 -12.11590
vt 53.01160 -12.19660
vt 54.39980 -13.67230
vt 54.77080 -13.79810
vt 54.73810 -13.61260
vt 54.40980 -13.86170
vt 53.30340 -11.91770
vt 53.26690 -11.97540
vt 53.32180 -11.95100
vt 52.90570 -12.07640
vt 52.91640 -12.10050
vt 53.29970 -11.90130
vt 54.77100 -13.82330
vt 54.76670 -13.79880
vt 54.40690 -13.88750
vt 52.96750 -12.52030
vt 52.96810 -12.52290
vt 53.07340 -12.49740
vt 53.40540 -12.71770
vt 53.40510 -12.71660
vt 53.29360 -12.74190
vt 53.07420 -12.49880
vt 54.73980 -13.62230
vt 55.11880 -13.68510
vt 55.07340 -13.52670
vt 54.76860 -13.78550
vt 55.11100 -13.68730
vt 54.76850 -13.80930
vt 55.11730 -13.70930
vt 52.90850 -12.08050
vt 52.90650 -12.07590
vt 52.62270 -12.14480
vt 52.92970 -12.06560
vt 52.99530 -12.01970
vt 52.93140 -11.92850
vt 52.68660 -12.23590
vt 52.92990 -12.06540
vt 53.00380 -12.03260
vt 52.99520 -12.01970
vt 53.15810 -11.94220
vt 52.96340 -11.97430
vt 53.12310 -11.88070
vt 52.91170 -12.08660
vt 52.89130 -12.09250
vt 52.89390 -12.09700
vt 52.90890 -12.08020
vt 55.11570 -13.67400
vt 55.43700 -13.48090
vt 55.07480 -13.53140
vt 55.36330 -13.35810
vt 55.42830 -13.48610
vt 55.11460 -13.70010
vt 55.43960 -13.50480
vt 55.45220 -13.29370
vt 55.42970 -13.46860
vt 55.52910 -13.37910
vt 55.36940 -13.36830
vt 55.28890 -13.59540
vt 55.26720 -13.60840
vt 55.27040 -13.61200
vt 53.17720 -12.76790
vt 53.17670 -12.76570
vt 53.02470 -12.79820
vt 52.96520 -12.52310
vt 52.93360 -12.53030
vt 52.99660 -12.80870
vt 53.38480 -12.72840
vt 53.24490 -12.75770
vt 53.39220 -12.76180
vt 53.50190 -12.82570
vt 53.53210 -13.11950
vt 53.54050 -13.11680
vt 53.62770 -13.09930
vt 53.51590 -12.83380
vt 52.88050 -12.42080
vt 52.71180 -12.56790
vt 52.74320 -12.60020
vt 52.84240 -12.39740
vt 52.69030 -12.62780
vt 52.66920 -12.59020
vt 52.80970 -12.36800
vt 52.82920 -12.27250
vt 52.78630 -12.33770
vt 52.87970 -12.33830
vt 52.88420 -12.37380
vt 52.81570 -12.41480
vt 52.88460 -12.47110
vt 52.92670 -12.40850
vt 52.95680 -12.81780
vt 53.51700 -12.83620
vt 53.49760 -12.82470
vt 53.55890 -13.11400
vt 53.59800 -13.10580
vt 53.09680 -13.15800
vt 53.50320 -12.79800
vt 53.39500 -12.56820
vt 53.41990 -12.70380
vt 53.42750 -12.74510
vt 53.12680 -13.04750
vt 53.01860 -12.83830
vt 53.07070 -13.05920
vt 53.07470 -12.82660
vt 52.53710 -12.24850
vt 52.70820 -12.30220
vt 52.71270 -12.21950
vt 52.55340 -12.32760
vt 53.42290 -13.72880
vt 53.43230 -13.75590
vt 53.43370 -13.75100
vt 53.37540 -13.73210
vt 53.32010 -13.72050
vt 53.40570 -13.57590
vt 53.43460 -13.74820
vt 53.49000 -13.56110
vt 53.21800 -13.60900
vt 53.09510 -13.67830
vt 53.37520 -13.73270
vt 53.16600 -13.31380
vt 53.22380 -13.01630
vt 53.21640 -13.05430
vt 53.32270 -13.03560
vt 53.19890 -12.58900
vt 53.20860 -12.64170
vt 53.38580 -12.61540
vt 53.37610 -12.56260
vt 53.22770 -12.74590
vt 53.23650 -12.79370
vt 53.41370 -12.76730
vt 53.40490 -12.71950
vt 53.23280 -12.76470
vt 53.21110 -12.73490
vt 53.23450 -12.77380
vt 53.21870 -12.77620
vt 53.22690 -12.73250
vt 53.40390 -12.61650
vt 53.37920 -12.57050
vt 53.38810 -12.61880
vt 53.40410 -12.70610
vt 53.41170 -12.74740
vt 53.18620 -12.59930
vt 53.20960 -12.63860
vt 53.20200 -12.59690
vt 53.21090 -12.64520
vt 53.19500 -12.64760
vt 53.07080 -13.35820
vt 53.10260 -13.66190
vt 53.24340 -13.34040
vt 53.27520 -13.64400
vt 53.18540 -13.11820
vt 53.06710 -13.36000
vt 53.33360 -13.19030
vt 53.21540 -13.43210
vt 53.54460 -13.97830
vt 53.77070 -13.86800
vt 53.54480 -13.88780
vt 53.53890 -13.89360
vt 53.65990 -13.82150
vt 53.53890 -13.88190
vt 53.49390 -13.56040
vt 53.61060 -13.53980
vt 53.65990 -13.81220
vt 53.66450 -13.81590
vt 53.45330 -13.79540
vt 53.25850 -13.99180
vt 53.45740 -13.79950
vt 53.34980 -14.08420
vt 53.51500 -13.91770
vt 53.54460 -13.88780
vt 53.45000 -13.98490
vt 53.35160 -14.08420
vt 53.52670 -14.11340
vt 53.52430 -13.98350
vt 53.26030 -13.99180
vt 53.21570 -14.11920
vt 53.21330 -13.98940
vt 53.26360 -13.98840
vt 53.76930 -13.86510
vt 53.77420 -13.86370
vt 53.63730 -13.39250
vt 53.55100 -13.41750
vt 53.52490 -13.98350
vt 53.54020 -13.96930
vt 53.45060 -13.98490
vt 53.51580 -13.91920
vt 53.52500 -13.98820
vt 53.66440 -13.81590
vt 53.21750 -14.02280
vt 53.11780 -14.02280
vt 53.11780 -14.11680
vt 53.21930 -14.11680
vt 53.54130 -13.97160
vt 53.52790 -13.98820
vt 53.53010 -14.10780
vt 53.59890 -13.95180
vt 53.22860 -12.65290
vt 53.20340 -12.65660
vt 53.38680 -12.65310
vt 53.41720 -12.76460
vt 53.25460 -12.84480
vt 53.43180 -12.81840
vt 53.24000 -12.79100
vt 53.25160 -12.82100
vt 53.23770 -12.77140
vt 53.23580 -12.82340
vt 53.22190 -12.77370
vt 53.40030 -12.63340
vt 53.38380 -12.63360
vt 53.39930 -12.68870
vt 53.44470 -12.79230
vt 53.43080 -12.74260
vt 53.41990 -12.76260
vt 53.42890 -12.79460
vt 53.20640 -12.65910
vt 53.19060 -12.66150
vt 53.41500 -12.74500
vt 53.25980 -12.82970
vt 53.24260 -12.81230
vt 53.27490 -12.94100
vt 53.25500 -12.81050
vt 53.42370 -12.80660
vt 53.46050 -12.95330
vt 53.30680 -12.97500
vt 53.47960 -12.98130
vt 53.01650 -12.98630
vt 53.46250 -12.94910
vt 53.26180 -12.88590
vt 53.21690 -13.05170
vt 53.27990 -13.06300
vt 53.20910 -13.09200
vt 53.09380 -13.13910
vt 53.46180 -12.94610
vt 53.28200 -12.85890
vt 52.90830 -13.01190
vt 53.36840 -13.02950
vt 52.99450 -13.18250
vt 53.35810 -12.96410
vt 53.09960 -12.92390
vt 53.15490 -13.03300
vt 53.30300 -12.85510
vt 53.01760 -13.11280
vt 52.90020 -13.04080
vt 52.93970 -13.14200
vt 52.97810 -13.01150
vt 53.58440 -13.93630
vt 53.33000 -13.53170
vt 53.53660 -13.95780
vt 53.37780 -13.51020
vt 53.70200 -13.88360
vt 53.49530 -13.45750
vt 53.53830 -13.43820
vt 53.74500 -13.86430
vt 52.95120 -12.99390
vt 53.01150 -13.11310
vt 53.18550 -13.01720
vt 53.18810 -13.02220
vt 53.12780 -12.90300
vt 53.13030 -12.90810
vt 53.96810 -11.47090
vt 53.96820 -11.57030
vt 54.04170 -11.57030
vt 54.04160 -11.47090
vt 53.96820 -11.71110
vt 53.96820 -11.72960
vt 54.04170 -11.72960
vt 54.04170 -11.71110
vt 53.96820 -11.73280
vt 53.95480 -11.88540
vt 54.04170 -11.73280
vt 54.05510 -11.88540
vt 54.05510 -11.56040
vt 53.95470 -11.56040
vt 54.06130 -11.56300
vt 53.94850 -11.56300
vt 54.05510 -11.57170
vt 54.06140 -11.88430
vt 53.95470 -11.57170
vt 53.94850 -11.88430
vt 53.95480 -11.88430
vt 54.05510 -11.88430
vt 54.09050 -11.88270
vt 53.91940 -11.88270
vt 54.09050 -12.23150
vt 53.91950 -12.23150
vt 53.91520 -12.23140
vt 53.91950 -12.23140
vt 53.91940 -11.88900
vt 53.91520 -11.88120
vt 53.95480 -11.88120
vt 53.95480 -11.88900
vt 54.09470 -11.88120
vt 54.09050 -12.23140
vt 54.09470 -12.23140
vt 54.05510 -11.88120
vt 54.09040 -11.88900
vt 54.05510 -11.88900
vt 53.41440 -13.71810
vt 53.39850 -13.80870
vt 53.62110 -13.84790
vt 53.63840 -13.74960
vt 54.39650 -13.78070
vt 54.41430 -13.88220
vt 54.63690 -13.84290
vt 54.62040 -13.74930
vt 53.42010 -13.40180
vt 53.37640 -13.71280
vt 53.65710 -13.75230
vt 53.70080 -13.44130
vt 54.60740 -13.43390
vt 54.32680 -13.47330
vt 54.65110 -13.74490
vt 54.37050 -13.78430
vt 54.12190 -12.22900
vt 53.88810 -12.22900
vt 53.88810 -12.59310
vt 54.12190 -12.59310
vt 53.87790 -12.59020
vt 53.88810 -12.59020
vt 53.88810 -12.23330
vt 53.87790 -12.22920
vt 54.09050 -12.23330
vt 54.12190 -12.23330
vt 54.09050 -12.22920
vt 54.12190 -12.59020
vt 54.13200 -12.59020
vt 54.13200 -12.22920
vt 53.91950 -12.22920
vt 53.91950 -12.23330
vt 53.67580 -13.43760
vt 53.44520 -13.40520
vt 53.67580 -13.43770
vt 53.44520 -13.40530
vt 54.15130 -13.01760
vt 54.15130 -12.59240
vt 53.85870 -12.59240
vt 53.85870 -13.01760
vt 53.39370 -13.22920
vt 53.39370 -13.45520
vt 53.41690 -13.45520
vt 53.43100 -13.35460
vt 53.45770 -13.31600
vt 53.45160 -13.35940
vt 53.71550 -13.22910
vt 53.68700 -13.35730
vt 53.69980 -13.41790
vt 53.67920 -13.41300
vt 53.71560 -13.45520
vt 53.69460 -13.45520
vt 54.34210 -13.40110
vt 54.31230 -13.22930
vt 54.34980 -13.45540
vt 54.64690 -13.22930
vt 54.57150 -13.35990
vt 54.60000 -13.41140
vt 54.57940 -13.41630
vt 54.64690 -13.45540
vt 54.60620 -13.45540
vt 54.31230 -13.45540
vt 53.68920 -13.22540
vt 53.42000 -13.22540
vt 53.68920 -13.23020
vt 53.42000 -13.23020
vt 54.61960 -13.22580
vt 54.33960 -13.22580
vt 54.61960 -13.23070
vt 54.33960 -13.23070
vt 54.62010 -13.25500
vt 54.68280 -13.29800
vt 54.68280 -13.25500
vt 54.62010 -13.29800
vt 54.68280 -13.41560
vt 54.62010 -13.41560
vt 54.68280 -13.46340
vt 54.62010 -13.46340
vt 53.41800 -13.25330
vt 53.35550 -13.25330
vt 53.35550 -13.29430
vt 53.41800 -13.29430
vt 53.35540 -13.40590
vt 53.41800 -13.40590
vt 53.35540 -13.45140
vt 53.41800 -13.45140
vt 54.15950 -12.58950
vt 54.12190 -12.58950
vt 54.15130 -12.59380
vt 54.12190 -12.59380
vt 54.15130 -12.99950
vt 54.15950 -12.99950
vt 53.88810 -12.58950
vt 53.85050 -12.58950
vt 53.85870 -12.59380
vt 53.88810 -12.59380
vt 53.85050 -12.99950
vt 53.85870 -12.99950
vt 54.33880 -13.65020
vt 54.35170 -13.74150
vt 54.36420 -13.73970
vt 54.35140 -13.64840
vt 54.64480 -13.70030
vt 54.65730 -13.69860
vt 54.63200 -13.60900
vt 54.64450 -13.60720
vt 54.70650 -13.87210
vt 54.59480 -13.63860
vt 54.59070 -13.88580
vt 54.71060 -13.62490
vt 54.31340 -13.56770
vt 54.32840 -13.67990
vt 54.47070 -13.62160
vt 54.33130 -13.56480
vt 54.64130 -13.61700
vt 54.63780 -13.59070
vt 53.70700 -13.56540
vt 53.56430 -13.62160
vt 53.71710 -13.56700
vt 53.70040 -13.66870
vt 53.39370 -13.58940
vt 53.38570 -13.61710
vt 53.39370 -13.56850
vt 53.71340 -13.90470
vt 53.37150 -13.61770
vt 53.37150 -13.89780
vt 53.71340 -13.62460
vt 53.70800 -13.62450
vt 54.31440 -13.62480
vt 54.31440 -13.90490
vt 54.32040 -13.62460
vt 54.65620 -13.89810
vt 54.65620 -13.61790
vt 53.34540 -13.87350
vt 53.46310 -13.88760
vt 53.46370 -13.64210
vt 53.34620 -13.62800
vt 54.18880 -13.40590
vt 54.18290 -13.34850
vt 54.17280 -13.36680
vt 54.17280 -13.34850
vt 54.18880 -13.13730
vt 53.83700 -13.36690
vt 53.82120 -13.40590
vt 53.82680 -13.34850
vt 53.83700 -13.34850
vt 53.82680 -13.13730
vt 53.82110 -13.13730
vt 54.18290 -13.13730
vt 53.40970 -13.47610
vt 53.38310 -13.57430
vt 53.39560 -13.57610
vt 53.39930 -13.45930
vt 53.41620 -13.46010
vt 53.41390 -13.47670
vt 53.71550 -13.42700
vt 53.71620 -13.42250
vt 53.71550 -13.42240
vt 54.17860 -13.42350
vt 54.17860 -13.40730
vt 53.83140 -13.40730
vt 53.83140 -13.42340
vt 53.68880 -13.61730
vt 53.69030 -13.51550
vt 53.67630 -13.61550
vt 53.70900 -13.47350
vt 53.69210 -13.47270
vt 53.68620 -13.51500
vt 54.60850 -13.47160
vt 54.61820 -13.51050
vt 54.34170 -13.54940
vt 54.33250 -13.48420
vt 54.33750 -13.55000
vt 54.31560 -13.48500
vt 54.31230 -13.45520
vt 54.31150 -13.45540
vt 54.31230 -13.46110
vt 54.62540 -13.47090
vt 54.61400 -13.51110
vt 53.41950 -13.89490
vt 53.66910 -13.89720
vt 53.42260 -13.72230
vt 53.67220 -13.72460
vt 54.35860 -13.89740
vt 54.60830 -13.89520
vt 54.35550 -13.72480
vt 54.60520 -13.72250
vt 53.83700 -13.02230
vt 54.17280 -13.02230
vt 53.85870 -13.00860
vt 53.83700 -13.01240
vt 53.85870 -13.01240
vt 54.18300 -13.00860
vt 54.17280 -13.01240
vt 53.82690 -13.00860
vt 54.15130 -13.00860
vt 54.15130 -13.01240
vt 53.74560 -13.51020
vt 53.72820 -13.59410
vt 53.73020 -13.59410
vt 53.71550 -13.44720
vt 53.71550 -13.50590
vt 53.82110 -13.58340
vt 53.71550 -13.38920
vt 53.83130 -13.60710
vt 53.83130 -13.58340
vt 53.72300 -13.78200
vt 54.17860 -13.60710
vt 54.30470 -13.78200
vt 54.29760 -13.59430
vt 54.17860 -13.58340
vt 53.69680 -13.17950
vt 53.69680 -13.38920
vt 53.82110 -13.18920
vt 54.18870 -13.18920
vt 54.32830 -13.17950
vt 54.31220 -13.38940
vt 54.32830 -13.38940
vt 54.31220 -13.50610
vt 54.28440 -13.51000
vt 54.18880 -13.58340
vt 54.29980 -13.59430
vt 54.64010 -13.69900
vt 54.67320 -13.69840
vt 54.64380 -13.62420
vt 54.67690 -13.62360
vt 54.63910 -13.78580
vt 54.67230 -13.78520
vt 53.41080 -13.57520
vt 53.41080 -13.48330
vt 53.35520 -13.48330
vt 53.35520 -13.57520
vt 54.62720 -13.59400
vt 54.68290 -13.49720
vt 54.62720 -13.49720
vt 54.68280 -13.59400
vt 53.38930 -13.69300
vt 53.38880 -13.61930
vt 53.35570 -13.69220
vt 53.35510 -13.61850
vt 53.44060 -13.93270
vt 53.70140 -13.93270
vt 53.43560 -13.78450
vt 53.69640 -13.78450
vt 54.32620 -13.93290
vt 54.58700 -13.93290
vt 54.33130 -13.78460
vt 54.59210 -13.78470
vt 53.35530 -13.77850
vt 53.38900 -13.77920
vt 54.60920 -13.67880
vt 54.63860 -13.59450
vt 54.60540 -13.59510
vt 54.64240 -13.67820
vt 53.39790 -13.66530
vt 53.39940 -13.58080
vt 53.36560 -13.58020
vt 53.36400 -13.66450
vt 54.61990 -13.77730
vt 54.65300 -13.77670
vt 54.23270 -13.26140
vt 53.78950 -13.26140
vt 54.23260 -13.77790
vt 53.78940 -13.77790
vt 53.39420 -13.76600
vt 53.36050 -13.76540
vt 53.28150 -13.96090
vt 53.42250 -13.98180
vt 53.39620 -13.58710
vt 53.53740 -13.60790
vt 54.19720 -13.44110
vt 54.25530 -13.30600
vt 54.18400 -13.40200
vt 53.97920 -13.37230
vt 53.99780 -13.46790
vt 53.83670 -13.38770
vt 53.76500 -13.28500
vt 53.82350 -13.42570
vt 53.65520 -13.84660
vt 54.00630 -13.36620
vt 53.99620 -13.45950
vt 54.02560 -13.45800
vt 54.00720 -13.46450
vt 54.02300 -13.47160
vt 54.57750 -14.00550
vt 54.71870 -13.98460
vt 54.46280 -13.63160
vt 54.60380 -13.61080
vt 53.59820 -13.53640
vt 53.45680 -13.51540
vt 53.53470 -13.74330
vt 53.47590 -13.78600
vt 53.52060 -13.78910
vt 53.47980 -13.92200
vt 53.33840 -13.90100
vt 54.56580 -13.49580
vt 54.39930 -13.52040
vt 54.68420 -13.88160
vt 54.55160 -13.78620
vt 54.51780 -13.90620
vt 54.48240 -13.79090
vt 54.46070 -13.72010
vt 53.27490 -13.79730
vt 53.27990 -13.97390
vt 53.34020 -13.96480
vt 53.33500 -13.78820
vt 53.64260 -13.55910
vt 53.45920 -13.52000
vt 53.60870 -13.55320
vt 53.41050 -13.69620
vt 53.43350 -13.70110
vt 53.46880 -13.53480
vt 53.57100 -13.73040
vt 53.59390 -13.73530
vt 53.32150 -14.04080
vt 53.42260 -13.95890
vt 53.32560 -13.96290
vt 53.41850 -14.03680
vt 54.66500 -13.81190
vt 54.66000 -13.98850
vt 54.72010 -13.99770
vt 54.72510 -13.82100
vt 53.39740 -13.59880
vt 53.29170 -13.79760
vt 53.33670 -13.79080
vt 53.33760 -13.82140
vt 53.44500 -13.61950
vt 54.60450 -13.67830
vt 54.55580 -13.50210
vt 54.55370 -13.51520
vt 54.39860 -13.53550
vt 54.58910 -13.68160
vt 54.37990 -13.53950
vt 54.42240 -13.69320
vt 54.38930 -13.53750
vt 54.68860 -14.06440
vt 54.58750 -13.98240
vt 54.59160 -14.06030
vt 54.68450 -13.98650
vt 54.55430 -13.64190
vt 54.66240 -13.84510
vt 54.66330 -13.81450
vt 54.70830 -13.82130
vt 54.60320 -13.62400
vt 54.36690 -13.87840
vt 54.31880 -13.90320
vt 54.52420 -13.72040
vt 54.41920 -13.55370
vt 54.46540 -13.73030
vt 54.47810 -13.54380
vt 53.50210 -13.74360
vt 53.50140 -13.74650
vt 53.64770 -13.77180
vt 53.73710 -13.58290
vt 53.70210 -13.59670
vt 53.65350 -13.77280
vt 53.68630 -13.77850
vt 53.55220 -13.55100
vt 53.54800 -13.56690
vt 53.50240 -13.74760
vt 53.56190 -13.75760
vt 53.60510 -13.57960
vt 53.54560 -13.56960
vt 54.29220 -13.56820
vt 54.33820 -13.74540
vt 54.32170 -13.57630
vt 54.36700 -13.74020
vt 54.46620 -13.54710
vt 54.46360 -13.53700
vt 53.84870 -14.18250
vt 53.87700 -14.11540
vt 53.84870 -14.07950
vt 53.87700 -14.18430
vt 53.70180 -13.87610
vt 54.12030 -14.11540
vt 54.12030 -14.18430
vt 54.14860 -14.18250
vt 54.14860 -14.07950
vt 54.36280 -13.75740
vt 54.50120 -13.73640
vt 54.49960 -13.73030
vt 54.34040 -13.74840
vt 54.35940 -13.74500
vt 54.34450 -13.76420
vt 54.29030 -13.55530
vt 54.29440 -13.57110
vt 54.38740 -13.55460
vt 54.39930 -13.55250
vt 54.44700 -13.52750
vt 54.45110 -13.54330
vt 53.74130 -13.56990
vt 53.63420 -13.56920
vt 53.73680 -13.58740
vt 53.68600 -13.78290
vt 53.50860 -13.76970
vt 53.68140 -13.80040
vt 53.66300 -13.77890
vt 53.51310 -13.75230
vt 53.65850 -13.77810
vt 53.56840 -13.53930
vt 53.62110 -13.56690
vt 53.56390 -13.55670
vt 54.00020 -14.07950
vt 53.99990 -14.11540
vt 53.87700 -14.07330
vt 53.99990 -14.11520
vt 53.99990 -14.07330
vt 53.87690 -14.11570
vt 54.12040 -14.07330
vt 54.12040 -14.11580
vt 53.68800 -13.95230
vt 53.82450 -13.99840
vt 53.82450 -13.92650
vt 53.68800 -13.88040
vt 54.27830 -13.58010
vt 54.25170 -13.58630
vt 54.26670 -13.58280
vt 54.38930 -13.54030
vt 54.25130 -13.57250
vt 54.26530 -13.56920
vt 54.00020 -14.11950
vt 53.88090 -14.11950
vt 53.88090 -14.15760
vt 54.00020 -14.15760
vt 54.11710 -14.11950
vt 54.11710 -14.15760
vt 54.29770 -13.76350
vt 54.31270 -13.76000
vt 54.39050 -13.62650
vt 54.41700 -13.72770
vt 54.44880 -13.72220
vt 54.42230 -13.62100
vt 53.71660 -13.79580
vt 53.78390 -13.60410
vt 53.76730 -13.60030
vt 53.73310 -13.79970
vt 53.78430 -13.58880
vt 53.63200 -13.55330
vt 53.76890 -13.58530
vt 54.25540 -13.58830
vt 54.26940 -13.58500
vt 54.31540 -13.76230
vt 54.30560 -13.78130
vt 54.31950 -13.77810
vt 54.30430 -13.76490
vt 54.30140 -13.76550
vt 53.76430 -13.60270
vt 53.77980 -13.60630
vt 53.71360 -13.79830
vt 53.70900 -13.81570
vt 53.72580 -13.80110
vt 53.72440 -13.81930
vt 53.72900 -13.80190
vt 53.63260 -13.64800
vt 53.57570 -13.74460
vt 53.60780 -13.75010
vt 53.60050 -13.64260
vt 53.87210 -13.46910
vt 53.87210 -13.58230
vt 54.12940 -13.58230
vt 54.12940 -13.46910
vt 54.32070 -13.92530
vt 54.18270 -14.01700
vt 54.33160 -13.98140
vt 54.17160 -13.96090
vt 53.81870 -13.48540
vt 53.72860 -13.94640
vt 53.97150 -13.99170
vt 53.88840 -13.70640
vt 53.87210 -13.49540
vt 53.87210 -13.59490
vt 53.89060 -13.59490
vt 54.00460 -13.82280
vt 53.96740 -13.62780
vt 54.12940 -13.59510
vt 54.00030 -13.59500
vt 54.03910 -14.00340
vt 54.28270 -13.95930
vt 54.19230 -13.48580
vt 54.12940 -13.49720
vt 53.89060 -13.59460
vt 54.00460 -13.82330
vt 53.97510 -13.97400
vt 54.03350 -13.97530
vt 54.11010 -14.31160
vt 54.10960 -14.21370
vt 54.08910 -14.29180
vt 54.13540 -14.21540
vt 53.88730 -14.31160
vt 53.88770 -14.21290
vt 53.86190 -14.21540
vt 53.90830 -14.29180
vt 53.87260 -14.11600
vt 54.15230 -14.11110
vt 53.87120 -13.98840
vt 54.15090 -13.98330
vt 54.00070 -13.98810
vt 53.79990 -13.98810
vt 54.19740 -13.98810
vt 53.88730 -14.32780
vt 54.00020 -14.22150
vt 53.87340 -14.22150
vt 54.00010 -14.32780
vt 54.11060 -14.32780
vt 54.12460 -14.22150
vt 54.00080 -13.77060
vt 53.78300 -13.77060
vt 54.21430 -13.77060
vt 53.90880 -14.28740
vt 53.99990 -14.16990
vt 53.88770 -14.16980
vt 53.99960 -14.28730
vt 53.93330 -14.46290
vt 53.99870 -14.47830
vt 54.06260 -14.46290
vt 54.08850 -14.28730
vt 54.10970 -14.17080
vt 54.00050 -14.04730
vt 53.84620 -14.04730
vt 54.15170 -14.04730
vt 53.93230 -14.44660
vt 53.91780 -14.46890
vt 54.06360 -14.44660
vt 54.07960 -14.46890
vt 53.99960 -14.48790
vt 53.99870 -14.46200
vt 54.15270 -14.06740
vt 54.14390 -13.67340
vt 54.14410 -13.72830
vt 54.15170 -14.06740
vt 53.87080 -13.67820
vt 53.87210 -13.73310
vt 53.94530 -14.09110
vt 53.92220 -14.09150
vt 53.94530 -14.10870
vt 54.08450 -14.31350
vt 53.92220 -14.31340
vt 54.06150 -14.10870
vt 54.08450 -14.08880
vt 54.06150 -14.08910
vt 53.92220 -14.00470
vt 53.92220 -14.07030
vt 53.94530 -14.00480
vt 53.94530 -14.07010
vt 54.08450 -14.06860
vt 54.08450 -14.00480
vt 54.06150 -14.06890
vt 54.06150 -14.00480
vt 54.06150 -14.08620
vt 53.94530 -14.10610
vt 54.06150 -14.10610
vt 53.94530 -14.08830
vt 54.06150 -13.84190
vt 53.94530 -13.99620
vt 54.06150 -13.99410
vt 53.94530 -13.84190
vt 53.99950 -12.37060
vt 54.11910 -12.39740
vt 54.15380 -12.37060
vt 53.99980 -12.39740
vt 53.88290 -12.39740
vt 53.84830 -12.37060
vt 54.12660 -12.56700
vt 54.09820 -12.56790
vt 53.87540 -12.56700
vt 53.90390 -12.56790
vt 54.09820 -12.60020
vt 53.99980 -12.42080
vt 54.00000 -12.60020
vt 54.11910 -12.42080
vt 53.90390 -12.60020
vt 53.88290 -12.42080
vt 54.12300 -12.47110
vt 54.00010 -12.40850
vt 54.00010 -12.47110
vt 54.12300 -12.40850
vt 53.87970 -12.47110
vt 53.87960 -12.40850
vt 54.61690 -14.08590
vt 54.61680 -13.99030
vt 54.60440 -14.08590
vt 54.62930 -13.99030
vt 54.32370 -14.08580
vt 54.33610 -13.99030
vt 54.32360 -13.99030
vt 54.31120 -14.08580
vt 54.08220 -12.21860
vt 54.00040 -12.33870
vt 54.08220 -12.33180
vt 54.00040 -12.22550
vt 53.92040 -12.33180
vt 53.92040 -12.21860
vt 53.47610 -13.01190
vt 53.33510 -12.95690
vt 53.42250 -13.18250
vt 53.28130 -13.12750
vt 54.66490 -12.94310
vt 54.52380 -12.99800
vt 54.71850 -13.11370
vt 54.57750 -13.16860
vt 54.15130 -12.36860
vt 54.12300 -12.36810
vt 54.15130 -12.41310
vt 54.12300 -12.41480
vt 53.87970 -12.36800
vt 53.85140 -12.41310
vt 53.87970 -12.41480
vt 53.85140 -12.36860
vt 53.33850 -13.01630
vt 53.40840 -13.14200
vt 53.43550 -13.04080
vt 53.31140 -13.11760
vt 54.65140 -13.00510
vt 54.58150 -13.13080
vt 54.67850 -13.10640
vt 54.55440 -13.02960
vt 54.66160 -13.08290
vt 54.47220 -12.98520
vt 54.52020 -13.13790
vt 54.61360 -12.93010
vt 53.48220 -13.13910
vt 53.36390 -12.92140
vt 53.31580 -13.07430
vt 53.53030 -12.98630
vt 53.69860 -13.05920
vt 53.87050 -12.81780
vt 53.81730 -12.84570
vt 53.68120 -13.15800
vt 54.11780 -12.81770
vt 54.29820 -13.15900
vt 54.27910 -13.04710
vt 54.17550 -12.85080
vt 54.11270 -12.60700
vt 53.99990 -12.65990
vt 54.11270 -12.65990
vt 53.99990 -12.60700
vt 53.88940 -12.65990
vt 53.88940 -12.60700
vt 53.63320 -12.80590
vt 53.63310 -13.20520
vt 54.34480 -13.20650
vt 54.35530 -12.80720
vt 54.55400 -13.33620
vt 54.30440 -13.35820
vt 54.58050 -13.63990
vt 54.33090 -13.66190
vt 53.66800 -13.35820
vt 53.41830 -13.33610
vt 53.64140 -13.66190
vt 53.39170 -13.63980
vt 53.58570 -14.11680
vt 53.36310 -14.02280
vt 53.36310 -14.11680
vt 53.58570 -14.02280
vt 53.66840 -12.83830
vt 54.31200 -12.84480
vt 53.67930 -12.82670
vt 53.70950 -13.04770
vt 53.82840 -12.83420
vt 53.34000 -13.11310
vt 53.31740 -12.97960
vt 53.27990 -13.09880
vt 53.37750 -12.99390
vt 53.96090 -12.80870
vt 53.96170 -12.53030
vt 53.71800 -12.51960
vt 53.71730 -12.79810
vt 54.31200 -12.84450
vt 54.17550 -12.85060
vt 54.27910 -13.04690
vt 54.27140 -12.79670
vt 54.27220 -12.51820
vt 54.02920 -12.52780
vt 54.02850 -12.80630
vt 54.60150 -14.11680
vt 54.60150 -14.02280
vt 54.37890 -14.02280
vt 54.37890 -14.11680
vt 53.96770 -12.52310
vt 54.12030 -12.52030
vt 53.87390 -12.52330
vt 54.02490 -12.79860
vt 53.96650 -12.79820
vt 54.02510 -12.52300
vt 53.87390 -12.51830
vt 54.12020 -12.52290
vt 54.65980 -13.09930
vt 54.72010 -13.08500
vt 54.62250 -12.98010
vt 54.68260 -12.96580
vt 54.16860 -13.80070
vt 54.16870 -13.57820
vt 53.82140 -13.57820
vt 53.82140 -13.80070
vt 54.17880 -13.78910
vt 54.17890 -13.57410
vt 54.16860 -13.78740
vt 54.16870 -13.57410
vt 53.81120 -13.78910
vt 53.81120 -13.57400
vt 53.82140 -13.78740
vt 53.82140 -13.57400
vt 53.67180 -13.07070
vt 54.24770 -13.31430
vt 54.30320 -13.07080
vt 54.30320 -13.31430
vt 54.27700 -13.60910
vt 53.72470 -13.31380
vt 53.69530 -13.60900
vt 53.67170 -13.31370
vt 53.58420 -12.57260
vt 53.58430 -12.57260
vt 53.58430 -12.57250
vt 53.34890 -14.11920
vt 53.62950 -14.11920
vt 53.60350 -14.11680
vt 53.37960 -14.11680
vt 53.62920 -13.98940
vt 53.37930 -14.02280
vt 53.60320 -14.02280
vt 53.34860 -13.98930
vt 53.36300 -13.66000
vt 53.35310 -13.66000
vt 53.36220 -13.70090
vt 53.36620 -13.82300
vt 53.66870 -13.75410
vt 53.37460 -13.94670
vt 53.66100 -13.79540
vt 53.35310 -13.97830
vt 53.39150 -13.94510
vt 53.39380 -13.97830
vt 53.68730 -13.75100
vt 53.67630 -13.79950
vt 53.68440 -13.91770
vt 53.66750 -13.91920
vt 53.67090 -13.96930
vt 53.68770 -13.97830
vt 53.68780 -13.72880
vt 53.65020 -13.97830
vt 53.64980 -13.97160
vt 53.35320 -13.49830
vt 53.35320 -13.60260
vt 53.36290 -13.49830
vt 54.30790 -13.94240
vt 54.29100 -13.94080
vt 54.28440 -13.97830
vt 54.30540 -13.97830
vt 54.29950 -13.81710
vt 54.28450 -13.75090
vt 54.29300 -13.75230
vt 54.60630 -13.70310
vt 54.60630 -13.84590
vt 54.60630 -13.97830
vt 54.60630 -13.88860
vt 54.60070 -13.96990
vt 54.58380 -13.96830
vt 54.58310 -13.97830
vt 53.37990 -13.95780
vt 53.31710 -13.53170
vt 53.31720 -13.95780
vt 53.37990 -13.53170
vt 54.40170 -12.55350
vt 54.24940 -12.58040
vt 54.25660 -12.63370
vt 54.24670 -12.63920
vt 54.24720 -12.68570
vt 54.49140 -12.73220
vt 54.26950 -12.73000
vt 54.29100 -12.77290
vt 54.31860 -12.82780
vt 54.27560 -12.77560
vt 53.33730 -13.32400
vt 53.40930 -13.64910
vt 53.45320 -13.34760
vt 53.29350 -13.62560
vt 53.37200 -13.08530
vt 53.48790 -13.10880
vt 54.64230 -13.33050
vt 54.52480 -13.34130
vt 54.53690 -13.64390
vt 54.65460 -13.63300
vt 54.63290 -13.09100
vt 54.51520 -13.10190
vt 54.39640 -12.88420
vt 54.53500 -12.82540
vt 54.35230 -12.83320
vt 54.40610 -12.98670
vt 54.42900 -12.97640
vt 54.33700 -12.81250
vt 54.34150 -12.81000
vt 54.49790 -12.74740
vt 54.58950 -12.90410
vt 54.56650 -12.91450
vt 54.50630 -12.69450
vt 54.47870 -12.70690
vt 54.26490 -12.72740
vt 54.24380 -12.68540
vt 54.24410 -12.70900
vt 54.24330 -12.63600
vt 54.25150 -12.62700
vt 54.24320 -12.63180
vt 54.24490 -12.57780
vt 54.24310 -12.61690
vt 54.24490 -12.63080
vt 54.24250 -12.56800
vt 54.40020 -12.54020
vt 54.25200 -12.63110
vt 54.37510 -12.55480
vt 54.39720 -12.55090
vt 54.49860 -12.74780
vt 54.48690 -12.72960
vt 54.27420 -12.77240
vt 54.26690 -12.79490
vt 54.28340 -12.79200
vt 54.31370 -12.85580
vt 54.31400 -12.82520
vt 54.34650 -12.83660
vt 54.27100 -12.77300
vt 54.25980 -12.74220
vt 54.26970 -12.76300
vt 54.28640 -12.77030
vt 54.58200 -13.95560
vt 54.64460 -13.95560
vt 54.64480 -13.52820
vt 54.58200 -13.52820
vt 54.43810 -12.74540
vt 54.49760 -12.70900
vt 54.35670 -12.57230
vt 54.41620 -12.53590
vt 53.44250 -12.81670
vt 53.63720 -12.81230
vt 53.50040 -12.73590
vt 53.60560 -12.88590
vt 53.47880 -12.68930
vt 53.51550 -12.70580
vt 53.39550 -12.89900
vt 53.41090 -12.90590
vt 53.58610 -12.94100
vt 53.37280 -13.52500
vt 53.31710 -13.52500
vt 53.37280 -13.61430
vt 53.31720 -13.61430
vt 53.69440 -12.77620
vt 53.70000 -12.73490
vt 53.68050 -12.77370
vt 53.71170 -12.64760
vt 53.71820 -12.59930
vt 53.58020 -12.57480
vt 53.73690 -12.66150
vt 53.58010 -12.57490
vt 53.65550 -12.82340
vt 53.49880 -12.73680
vt 54.62850 -13.64300
vt 54.53670 -13.17200
vt 54.28660 -13.67830
vt 54.56780 -13.07610
vt 54.30320 -13.12820
vt 54.52410 -13.06790
vt 54.47940 -13.08350
vt 54.46850 -13.05750
vt 54.30330 -13.05440
vt 54.25510 -13.01750
vt 54.24310 -13.05440
vt 53.68560 -13.67830
vt 53.42970 -13.17300
vt 53.34380 -13.64290
vt 53.41090 -13.07670
vt 53.44840 -13.06780
vt 53.51760 -13.09200
vt 53.72340 -13.01630
vt 53.53440 -13.05170
vt 53.67180 -13.12770
vt 53.67180 -13.05430
vt 53.73070 -13.05430
vt 53.40460 -13.07600
vt 53.41060 -13.07490
vt 54.34290 -14.11930
vt 54.58560 -14.11680
vt 54.36160 -14.11680
vt 53.53460 -12.76570
vt 53.61790 -12.59500
vt 53.47580 -12.72820
vt 53.55920 -12.55750
vt 54.36130 -14.02280
vt 54.62330 -13.98940
vt 54.34260 -13.98940
vt 54.58530 -14.02280
vt 54.62360 -14.11930
vt 54.21070 -12.85560
vt 53.76740 -12.85560
vt 54.21060 -13.25240
vt 53.76740 -13.25240
vt 53.69860 -12.77380
vt 53.69570 -12.77330
vt 53.68730 -12.79100
vt 53.70230 -12.79370
vt 53.69980 -12.76470
vt 53.70870 -12.74590
vt 53.70410 -12.73250
vt 53.75110 -12.65660
vt 53.66180 -12.84480
vt 53.65960 -12.82100
vt 53.63300 -12.82970
vt 53.58160 -12.56280
vt 53.72230 -12.59690
vt 53.72980 -12.58900
vt 53.72270 -12.64170
vt 53.71670 -12.63860
vt 53.74100 -12.65910
vt 53.71580 -12.64520
vt 53.59370 -12.57410
vt 53.58090 -12.56750
vt 53.57970 -12.56680
vt 53.51800 -12.70430
vt 53.64060 -12.81050
vt 53.68460 -12.77140
vt 53.51500 -12.70300
vt 54.54250 -13.10000
vt 54.28170 -13.11820
vt 54.55940 -13.34180
vt 54.29860 -13.36000
vt 53.69070 -13.11820
vt 53.42990 -13.09990
vt 53.67380 -13.36000
vt 53.41300 -13.34170
vt 54.58920 -13.52140
vt 54.58900 -13.61090
vt 54.64480 -13.52140
vt 54.64470 -13.61090
vt 54.43120 -12.61240
vt 54.39950 -12.55310
vt 54.36740 -12.56960
vt 54.39910 -12.62890
vt 53.58020 -12.57490
vt 53.54510 -12.63000
vt 53.60950 -12.58820
vt 53.57770 -12.57100
vt 53.57690 -12.64720
vt 54.00000 -12.33840
vt 53.89030 -12.27250
vt 53.87950 -12.33830
vt 54.00010 -12.27270
vt 54.11230 -12.27280
vt 54.12300 -12.33870
vt 54.00010 -12.37400
vt 54.12310 -12.37390
vt 53.87960 -12.37380
vt 54.07780 -12.23590
vt 54.07780 -12.14480
vt 53.91550 -12.14470
vt 53.91550 -12.23590
vt 54.45660 -12.66870
vt 54.42450 -12.68530
vt 53.37280 -13.71280
vt 53.31720 -13.71280
vt 53.51920 -12.68540
vt 53.55100 -12.70260
vt 54.58900 -13.70970
vt 54.64460 -13.70970
vt 54.12050 -12.07640
vt 54.07780 -12.07590
vt 54.07780 -12.08050
vt 54.12040 -12.10050
vt 53.84840 -12.09760
vt 53.93850 -12.08530
vt 53.84740 -12.07350
vt 53.84730 -12.12320
vt 53.91550 -12.07850
vt 53.91550 -12.07420
vt 54.05470 -12.08660
vt 53.93850 -12.07880
vt 54.05470 -12.08020
vt 53.84830 -12.12320
vt 53.87180 -12.49460
vt 53.82710 -12.24320
vt 53.82710 -12.49810
vt 54.16330 -12.24320
vt 54.11820 -12.49740
vt 54.11820 -12.49880
vt 54.16330 -12.49900
vt 53.87180 -12.49830
vt 53.37470 -13.31570
vt 53.39460 -13.17890
vt 53.36140 -13.17150
vt 53.34150 -13.30830
vt 53.86460 -12.33900
vt 53.89040 -12.33770
vt 54.60610 -13.32540
vt 54.63440 -13.18420
vt 54.60060 -13.18810
vt 54.63990 -13.32150
vt 54.13810 -12.33900
vt 54.11230 -12.33790
vt 53.93850 -12.09700
vt 54.05470 -12.09250
vt 53.93850 -12.09250
vt 54.05470 -12.09700
vt 54.10940 -12.71770
vt 54.12790 -12.71670
vt 54.10940 -12.71660
vt 54.12790 -12.76370
vt 53.99970 -12.71640
vt 53.87060 -12.76370
vt 53.87060 -12.71600
vt 53.37280 -13.82840
vt 53.31720 -13.82840
vt 54.16330 -13.10600
vt 54.01340 -12.83380
vt 54.00380 -13.11680
vt 53.97540 -12.82470
vt 53.97700 -13.11870
vt 53.99280 -13.11760
vt 53.99680 -12.80350
vt 53.99370 -12.79800
vt 53.97440 -13.11570
vt 53.81600 -13.10580
vt 53.97200 -12.83620
vt 54.00220 -13.11950
vt 54.01130 -12.82570
vt 54.58900 -13.82570
vt 54.64460 -13.82570
vt 54.61670 -13.58320
vt 54.64490 -13.45050
vt 54.61120 -13.45440
vt 54.65040 -13.57930
vt 53.33690 -13.57360
vt 53.35620 -13.44380
vt 53.32310 -13.43630
vt 53.30380 -13.56620
vt 53.77240 -12.56820
vt 53.76590 -12.61650
vt 53.75420 -12.70380
vt 54.03180 -13.61200
vt 54.03180 -13.60840
vt 53.95830 -13.60840
vt 53.95830 -13.61200
vt 10.17780 1.12979
vt 10.06300 1.14852
vt 10.17050 1.11256
vt 10.07630 1.17959
vt 10.12770 1.09275
vt 10.05530 1.09196
vt 10.12070 1.07635
vt 10.06860 1.12304
vt 9.93261 0.12421
vt 9.78579 0.08204
vt 9.93261 0.08204
vt 9.78579 0.15056
vt 9.98696 0.12421
vt 9.80608 0.08204
vt 9.98696 0.08204
vt 9.80606 0.15056
vt 9.78738 0.60085
vt 9.65767 0.80226
vt 9.54995 0.68727
vt 9.89510 0.71584
vt 9.67251 0.82671
vt 9.90994 0.74029
vt 9.94884 0.85112
vt 9.71141 0.93753
vt 10.23900 1.65206
vt 10.28180 1.70650
vt 10.22780 1.66066
vt 9.95236 0.87957
vt 9.93587 1.06084
vt 9.71495 0.96599
vt 9.69845 1.14726
vt 9.92438 1.23350
vt 9.65070 1.14385
vt 9.92531 1.07996
vt 9.67576 1.28598
vt 9.92801 0.88177
vt 9.73557 0.93370
vt 9.92447 0.85332
vt 9.73910 0.96216
vt 9.91319 1.36810
vt 9.67980 1.30888
vt 9.92642 1.25652
vt 9.69798 1.41197
vt 10.32030 1.60718
vt 10.38030 1.68341
vt 10.30470 1.61920
vt 9.90952 1.25049
vt 9.69050 1.27573
vt 9.90748 1.22748
vt 9.69454 1.29864
vt 9.88904 0.75297
vt 9.69341 0.81404
vt 9.87421 0.72852
vt 9.67859 0.78959
vt 10.31820 1.60711
vt 10.37810 1.68336
vt 10.30250 1.61915
vt 10.24480 1.65568
vt 10.28760 1.71010
vt 10.23360 1.66428
vt 10.24980 1.64346
vt 10.43120 1.88923
vt 10.40590 1.79575
vt 10.45000 1.88453
vt 10.43060 1.89590
vt 10.40520 1.80244
vt 10.44940 1.89120
vt 10.25560 1.64708
vt 10.41210 1.89573
vt 10.41140 1.90240
vt 9.97389 0.12944
vt 9.79300 0.08728
vt 9.97389 0.08727
vt 9.79300 0.15580
vt 9.91955 0.12944
vt 9.77273 0.08727
vt 9.91955 0.08727
vt 9.77273 0.15580
vt 10.15540 1.11618
vt 10.04060 1.13483
vt 10.14790 1.09895
vt 10.05420 1.16592
vt 10.10580 1.08316
vt 10.03310 1.08231
vt 10.09860 1.06675
vt 10.04680 1.11341
vt 9.96897 0.56892
vt 9.95451 0.58790
vt 9.95547 0.54995
vt 10.06020 0.55061
vt 10.05920 0.58856
vt 10.04570 0.56941
vt 10.07390 0.56960
vt 9.94083 0.56875
vt 9.95992 0.64720
vt 9.94429 0.66071
vt 9.94498 0.63349
vt 9.92959 0.64701
vt 10.08200 0.64798
vt 10.06660 0.66150
vt 10.06730 0.63428
vt 10.05160 0.64779
vt 9.88696 1.08681
vt 10.11070 1.08681
vt 9.88696 1.30202
vt 10.11070 1.30202
vt 10.18190 1.07564
vt 9.82899 1.09253
vt 9.81573 1.07562
vt 10.16860 1.09253
vt 9.82559 1.32424
vt 9.83891 1.30950
vt 10.17200 1.32424
vt 10.15870 1.30950
vt 10.25230 1.30152
vt 9.73111 1.30155
vt 10.25230 1.06411
vt 9.73110 1.06412
vt 10.57920 0.94582
vt 10.58760 0.84456
vt 10.64270 0.84219
vt 10.63430 0.94345
vt 9.42031 0.92851
vt 9.36143 0.82219
vt 9.41638 0.82701
vt 9.36536 0.92369
vt 10.60860 0.89421
vt 10.64780 0.89252
vt 10.60340 0.95322
vt 10.64250 0.95154
vt 9.39578 0.93488
vt 9.35418 0.87228
vt 9.39317 0.87570
vt 9.35678 0.93145
vt 9.71911 1.28859
vt 10.24840 1.26446
vt 10.27140 1.28856
vt 9.74199 1.26442
vt 10.24890 1.07556
vt 10.27140 1.05114
vt 9.74163 1.07553
vt 9.71910 1.05116
vt 10.24980 1.10487
vt 9.76161 1.12579
vt 9.74066 1.10490
vt 10.22890 1.12579
vt 10.24990 1.34230
vt 10.22890 1.32140
vt 9.76162 1.32141
vt 9.74066 1.34232
vt 10.61440 1.08991
vt 10.59400 1.23674
vt 10.52610 1.22727
vt 10.54660 1.08045
vt 9.44022 1.05792
vt 9.46070 1.20475
vt 9.37236 1.06739
vt 9.39282 1.21421
vt 10.41970 1.02611
vt 10.46230 1.21646
vt 10.39440 1.20700
vt 10.48750 1.03558
vt 9.56713 1.00359
vt 9.52448 1.19394
vt 9.49926 1.01304
vt 9.59235 1.18447
vt 10.24360 1.14385
vt 9.82797 1.28588
vt 9.75877 1.14375
vt 10.17440 1.28598
vt 10.16330 1.30888
vt 9.88932 1.41188
vt 9.83912 1.30879
vt 10.11300 1.41197
vt 9.85243 1.29854
vt 10.16110 1.27573
vt 10.14990 1.29864
vt 9.84128 1.27564
vt 10.28000 0.96599
vt 9.74769 1.14724
vt 9.73005 0.96597
vt 10.26890 1.14726
vt 10.25710 0.96216
vt 9.75303 0.96166
vt 10.25800 0.93370
vt 9.75161 0.93321
vt 10.25930 0.82671
vt 9.72864 0.93753
vt 9.75016 0.82669
vt 10.28090 0.93753
vt 10.23840 0.78959
vt 9.77110 0.81402
vt 9.77110 0.78957
vt 10.23840 0.81404
vt 9.75014 0.80224
vt 10.17960 0.68727
vt 10.25930 0.80226
vt 9.82983 0.68723
vt 10.58860 1.13455
vt 10.64360 1.14852
vt 10.63460 1.17959
vt 10.57970 1.16563
vt 9.41245 1.13483
vt 9.36567 1.17987
vt 9.35734 1.14878
vt 9.42078 1.16592
vt 10.61320 1.08205
vt 10.65220 1.09196
vt 10.64320 1.12304
vt 10.60420 1.11313
vt 9.38824 1.08231
vt 9.35746 1.12330
vt 9.34913 1.09221
vt 9.39657 1.11341
vt 9.91803 1.91494
vt 9.92885 1.84655
vt 9.93342 1.91796
vt 10.05570 1.91014
vt 10.05110 1.83874
vt 10.07040 1.90518
vt 10.04010 1.90713
vt 9.94835 1.91299
vt 9.94345 1.17987
vt 9.84219 1.13013
vt 9.95709 1.14878
vt 9.84975 1.11289
vt 9.95154 1.12330
vt 9.89252 1.09305
vt 9.96517 1.09221
vt 9.89972 1.07665
vt 10.08990 0.08727
vt 10.23670 0.08727
vt 10.08990 0.12944
vt 10.23670 0.15580
vt 10.03560 0.08727
vt 10.21650 0.08727
vt 10.03560 0.12944
vt 10.21650 0.15580
vt 10.21260 0.60081
vt 10.45000 0.68723
vt 10.34230 0.80224
vt 10.10490 0.71583
vt 10.32750 0.82669
vt 10.05110 0.85111
vt 10.09000 0.74027
vt 10.28860 0.93753
vt 9.76639 1.66428
vt 9.71238 1.71010
vt 9.75561 1.65568
vt 10.34930 1.14375
vt 10.07560 1.23340
vt 10.07470 1.07986
vt 10.32420 1.28588
vt 10.28500 0.96597
vt 10.06410 1.06082
vt 10.04760 0.87955
vt 10.30150 1.14724
vt 10.32020 1.30879
vt 10.08680 1.36800
vt 10.07360 1.25642
vt 10.30200 1.41188
vt 10.26090 0.96166
vt 10.07200 0.88129
vt 10.26450 0.93321
vt 10.07560 0.85284
vt 10.30950 1.27564
vt 10.09050 1.25039
vt 10.09250 1.22738
vt 10.30550 1.29854
vt 9.69745 1.61915
vt 9.62185 1.68336
vt 9.68237 1.60711
vt 10.12580 0.72850
vt 10.30660 0.81402
vt 10.11100 0.75294
vt 10.32140 0.78957
vt 9.69531 1.61920
vt 9.61971 1.68341
vt 9.68021 1.60716
vt 9.77220 1.66066
vt 9.71816 1.70650
vt 9.76143 1.65206
vt 9.55061 1.89120
vt 9.59475 1.80244
vt 9.56960 1.89771
vt 9.74444 1.64708
vt 9.63428 1.90998
vt 9.66586 1.84655
vt 9.64797 1.91494
vt 9.54995 1.88453
vt 9.59409 1.79575
vt 9.56892 1.89104
vt 9.63349 1.90215
vt 9.66509 1.83874
vt 9.64720 1.90713
vt 9.75024 1.64346
vt 9.58856 1.90240
vt 9.58790 1.89573
vt 10.00360 0.12421
vt 10.18450 0.08204
vt 10.18450 0.15056
vt 10.00360 0.08204
vt 10.05790 0.12421
vt 10.20480 0.08204
vt 10.20480 0.15056
vt 10.05790 0.08204
vt 9.94179 1.13455
vt 9.82701 1.11583
vt 9.83438 1.09860
vt 9.92851 1.16563
vt 9.94814 1.08205
vt 9.87570 1.08284
vt 9.88270 1.06644
vt 9.93488 1.11313
vt 10.50070 1.01304
vt 10.47550 1.19392
vt 10.43290 1.00357
vt 10.40770 1.18446
vt 10.62760 1.06739
vt 10.53930 1.20475
vt 10.55980 1.05792
vt 10.60720 1.21421
vt 9.58035 1.02611
vt 9.53769 1.21646
vt 9.51248 1.03558
vt 9.60556 1.20700
vt 9.38557 1.08991
vt 9.47390 1.22727
vt 9.40604 1.23674
vt 9.45344 1.08045
vt 10.17960 1.45005
vt 9.82983 1.45004
vt 10.17960 1.21262
vt 9.82983 1.21261
vt 10.25930 1.32749
vt 9.75016 1.32747
vt 9.77110 1.30657
vt 10.23840 1.30659
vt 10.25930 1.09006
vt 10.23840 1.11096
vt 9.75016 1.09005
vt 9.77110 1.11095
vt 9.73007 1.04761
vt 10.25750 1.07199
vt 9.75248 1.07202
vt 10.28000 1.04764
vt 10.28000 1.28505
vt 10.25710 1.26090
vt 9.75303 1.26094
vt 9.73005 1.28504
vt 10.65050 0.87929
vt 10.61320 0.94814
vt 10.61150 0.88270
vt 10.65220 0.94471
vt 9.34785 0.89972
vt 9.38824 0.96685
vt 9.34913 0.96518
vt 9.38696 0.90140
vt 10.64350 0.82955
vt 10.58860 0.94179
vt 10.58860 0.83438
vt 10.64360 0.93696
vt 9.35264 0.84975
vt 9.41245 0.95945
vt 9.35734 0.95709
vt 9.40775 0.85212
vt 9.73689 1.07469
vt 10.26550 1.07469
vt 10.24360 1.34930
vt 9.75877 1.34930
vt 10.16330 1.32020
vt 9.83912 1.32020
vt 9.85243 1.30546
vt 10.14990 1.30546
vt 9.83029 1.07358
vt 9.84356 1.09047
vt 10.15880 1.09047
vt 10.17210 1.07358
vt 10.12180 0.76102
vt 10.11020 0.77220
vt 10.10960 0.75024
vt 10.09780 0.76142
vt 9.88756 0.75521
vt 9.87699 0.76639
vt 9.87650 0.74444
vt 9.86612 0.75561
vt 9.92807 0.68181
vt 9.90555 0.69745
vt 9.90450 0.66680
vt 9.88172 0.68238
vt 10.07710 0.66465
vt 10.07810 0.69531
vt 10.05450 0.68021
vt 10.10090 0.67965
vt 10.64270 1.13013
vt 10.59220 1.09895
vt 10.64740 1.11289
vt 10.58760 1.11618
vt 9.36143 1.12979
vt 9.41143 1.09860
vt 9.41638 1.11583
vt 9.35648 1.11256
vt 10.24980 0.71583
vt 9.74066 0.71584
vt 9.82038 0.60085
vt 10.17020 0.60081
vt 10.64780 1.09305
vt 10.61300 1.06675
vt 10.65220 1.07665
vt 10.60860 1.08316
vt 9.35418 1.09275
vt 9.38846 1.06644
vt 9.39317 1.08284
vt 9.34946 1.07635
vt 9.92295 1.59526
vt 9.92455 1.68341
vt 9.89912 1.60718
vt 10.11830 1.60711
vt 10.09710 1.68336
vt 10.09550 1.59521
vt 9.56713 0.12421
vt 9.49926 0.12421
vt 9.49926 0.08204
vt 9.56713 0.08204
vt 9.76161 0.72852
vt 10.22890 0.75294
vt 9.76161 0.75297
vt 10.22890 0.72850
vt 10.41970 0.12944
vt 10.48750 0.08727
vt 10.48750 0.12944
vt 10.41970 0.08727
vt 9.44022 0.12421
vt 9.37236 0.12421
vt 9.37236 0.08204
vt 9.44022 0.08204
vt 10.27140 0.85111
vt 9.71910 0.85112
vt 9.74066 0.74029
vt 10.24980 0.74027
vt 10.54660 0.12944
vt 10.61440 0.08727
vt 10.61440 0.12944
vt 10.54660 0.08727
vt 10.07190 1.60711
vt 9.94547 1.60716
vt 9.82791 1.25652
vt 10.16970 1.25642
vt 10.11070 1.36800
vt 9.88696 1.36810
vt 9.74163 0.85332
vt 10.24750 0.88129
vt 9.74253 0.88177
vt 10.24890 0.85284
vt 9.92959 1.90518
vt 9.94886 1.83874
vt 9.94498 1.90215
vt 10.25230 1.06082
vt 9.72000 0.87957
vt 10.26990 0.87955
vt 9.73110 1.06084
vt 9.73447 1.07996
vt 10.26310 1.07986
vt 10.18190 1.23340
vt 9.81573 1.23350
vt 9.82899 1.22748
vt 10.15640 1.25039
vt 9.84117 1.25049
vt 10.16860 1.22738
vt 10.05160 1.91299
vt 10.07110 1.84655
vt 10.06730 1.90998
vt 13.90700 -15.04340
vt 13.82910 -14.95650
vt 13.81260 -15.01810
vt 13.92350 -14.98190
vt 14.18740 -15.02730
vt 14.15520 -15.01100
vt 14.16540 -15.03620
vt 14.17730 -15.00210
vt 13.81980 -14.92350
vt 14.18030 -14.92340
vt 13.81980 -14.82910
vt 14.18020 -14.82910
vt 13.90960 -15.17730
vt 14.09440 -15.15520
vt 13.90960 -15.15520
vt 14.09440 -15.17720
vt 14.18020 -14.95650
vt 13.81980 -14.95660
vt 14.18030 -15.01810
vt 13.81980 -15.01810
vt 14.09040 -15.01100
vt 13.90560 -15.01100
vt 14.09040 -15.03620
vt 13.90560 -15.03620
vt 14.18740 -15.01810
vt 14.07660 -14.98190
vt 14.09310 -15.04350
vt 14.17090 -14.95660
vt 13.84480 -15.01100
vt 13.82280 -15.00210
vt 13.83460 -15.03620
vt 13.81260 -15.02730
vt 14.09040 -15.18740
vt 14.09040 -15.16540
vt 13.90560 -15.18740
vt 13.90560 -15.16540
vt 14.18030 -14.81260
vt 13.81980 -14.81260
vt 14.18020 -14.90700
vt 13.81980 -14.90690
vt 14.09440 -15.02730
vt 13.90960 -15.00210
vt 13.90960 -15.02730
vt 14.09440 -15.00210
vt 14.18020 -15.04350
vt 13.81980 -14.98190
vt 13.81980 -15.04340
vt 14.18030 -14.98190
vt 43.85090 -38.88700
vt 43.78170 -38.81280
vt 43.85470 -38.89240
vt 43.88020 -38.87160
vt 43.95070 -38.61210
vt 43.84650 -38.86270
vt 43.83070 -38.85860
vt 43.82780 -38.75800
vt 43.79060 -38.80220
vt 43.75980 -38.75890
vt 43.79130 -38.55430
vt 43.64620 -38.59920
vt 43.75900 -38.83970
vt 43.72560 -38.98160
vt 43.77800 -38.84470
vt 43.77880 -38.94480
vt 43.85220 -38.89410
vt 43.85870 -38.93090
vt 44.06080 -39.32500
vt 44.20250 -39.62720
vt 44.68520 -39.38730
vt 44.16490 -39.21750
vt 44.48080 -38.93870
vt 43.99680 -39.01800
vt 43.28130 -38.46280
vt 43.32400 -38.48720
vt 43.31510 -38.45370
vt 43.29030 -38.49630
vt 43.98930 -38.92840
vt 44.28610 -38.70930
vt 43.83920 -38.71510
vt 43.78770 -38.63050
vt 44.06430 -38.38640
vt 43.61960 -38.43100
vt 43.81120 -38.61690
vt 44.08780 -38.37280
vt 43.64310 -38.41740
vt 44.01390 -38.91700
vt 44.31080 -38.69780
vt 43.86390 -38.70360
vt 44.50020 -38.92870
vt 44.02040 -39.00440
vt 44.18850 -39.20380
vt 44.23610 -39.61820
vt 44.71250 -39.38140
vt 44.09440 -39.31600
vt 43.86200 -38.91770
vt 43.86430 -38.91610
vt 43.86080 -38.91140
vt 43.85580 -38.88380
vt 43.88730 -38.89770
vt 43.95130 -38.66710
vt 43.85690 -38.88980
vt 43.84840 -38.84340
vt 43.83990 -38.79670
vt 43.83010 -38.86900
vt 43.82980 -38.88280
vt 43.80620 -38.83600
vt 43.77830 -38.79750
vt 43.80680 -38.61560
vt 43.77760 -38.86930
vt 43.67530 -38.65540
vt 43.74720 -38.99530
vt 43.79560 -38.93980
vt 43.79550 -38.96270
vt 43.84870 -38.92670
vt 43.86790 -38.95030
vt 43.85400 -38.88900
vt 44.17450 -38.28130
vt 43.79910 -38.28130
vt 44.17450 -38.31500
vt 43.79910 -38.31510
vt 43.73990 -39.06430
vt 43.81460 -39.08780
vt 43.88800 -38.61960
vt 43.96260 -38.64310
vt 44.01990 -38.64310
vt 44.24260 -39.06430
vt 44.09460 -38.61960
vt 44.16790 -39.08780
vt 43.83100 -38.83920
vt 43.75780 -39.31080
vt 43.90590 -38.86390
vt 43.68300 -39.28610
vt 44.08230 -38.86390
vt 44.30500 -39.28620
vt 44.15700 -38.83930
vt 44.23020 -39.31080
vt 43.61030 -39.48080
vt 43.68500 -39.50430
vt 43.77700 -38.99680
vt 43.85180 -39.02040
vt 44.12470 -39.02040
vt 44.36430 -39.47670
vt 44.19950 -38.99690
vt 44.28950 -39.50020
vt 43.63970 -39.71870
vt 43.75740 -39.06080
vt 43.54400 -39.68520
vt 43.85300 -39.09430
vt 44.14970 -39.09440
vt 44.45600 -39.67900
vt 44.24540 -39.06090
vt 44.36040 -39.71250
vt 43.82550 -38.46270
vt 43.82550 -38.49620
vt 44.20090 -38.49630
vt 44.20090 -38.46280
vt 44.31210 -38.59920
vt 44.25300 -38.60940
vt 44.37890 -38.98160
vt 44.31990 -38.99190
vt 43.68050 -38.64130
vt 43.58950 -38.98120
vt 43.64200 -38.99530
vt 43.73300 -38.65540
vt 44.30510 -38.55430
vt 44.24600 -38.56450
vt 44.28140 -38.76920
vt 44.34050 -38.75890
vt 43.74380 -38.61560
vt 43.64250 -38.78340
vt 43.69500 -38.79750
vt 43.69120 -38.60160
vt 44.25690 -38.62230
vt 44.34060 -38.75800
vt 44.31600 -38.61210
vt 44.28160 -38.76830
vt 43.67740 -38.65310
vt 43.64260 -38.78270
vt 43.69510 -38.79670
vt 43.72990 -38.66710
vt 43.82880 -39.61820
vt 43.85030 -39.31600
vt 43.75460 -39.32490
vt 43.73310 -39.62710
vt 43.87530 -39.00440
vt 43.80050 -39.01790
vt 43.85840 -39.20380
vt 43.78360 -39.21740
vt 44.14700 -39.31610
vt 44.16850 -39.61830
vt 44.26410 -39.62720
vt 44.24260 -39.32500
vt 44.16510 -39.20390
vt 44.23990 -39.21750
vt 44.14820 -39.00450
vt 44.22300 -39.01800
vt 43.84300 -38.71500
vt 43.82620 -38.92840
vt 43.90100 -38.91700
vt 43.91770 -38.70360
vt 43.98010 -38.41740
vt 43.90540 -38.43100
vt 43.96340 -38.61690
vt 43.88860 -38.63040
vt 44.16900 -38.71510
vt 44.09410 -38.70360
vt 44.18580 -38.92840
vt 44.11100 -38.91700
vt 44.11200 -38.43100
vt 44.03740 -38.41750
vt 44.12890 -38.63050
vt 44.05410 -38.61690
vt 44.13830 -38.90200
vt 44.13570 -38.90210
vt 44.13800 -38.90360
vt 44.13920 -38.89730
vt 44.15130 -38.91260
vt 44.14310 -38.87570
vt 44.16010 -38.78270
vt 44.11270 -38.88360
vt 44.04870 -38.65310
vt 44.19320 -38.60160
vt 44.22170 -38.78340
vt 44.24890 -38.95620
vt 44.32470 -38.64130
vt 44.25280 -38.98120
vt 44.20450 -38.94860
vt 44.13210 -38.93630
vt 43.32100 -39.39030
vt 43.79740 -39.62710
vt 43.93910 -39.32490
vt 43.52330 -38.94220
vt 43.83500 -39.21740
vt 44.00310 -39.01790
vt 44.68500 -38.45360
vt 44.70970 -38.49620
vt 44.71870 -38.46270
vt 44.67600 -38.48720
vt 43.71380 -38.70930
vt 44.01070 -38.92840
vt 44.16070 -38.71500
vt 44.38040 -38.43100
vt 43.93570 -38.38630
vt 44.21230 -38.63040
vt 43.91220 -38.37280
vt 44.18880 -38.61690
vt 44.35690 -38.41750
vt 43.68920 -38.69790
vt 43.98610 -38.91700
vt 44.13610 -38.70360
vt 43.76400 -39.61830
vt 43.90570 -39.31610
vt 43.28130 -39.37830
vt 43.49570 -38.92520
vt 43.81150 -39.20390
vt 43.97960 -39.00450
vt 44.17190 -38.76830
vt 44.11950 -38.88180
vt 44.15310 -38.87300
vt 44.04890 -38.62230
vt 44.16110 -38.87990
vt 44.20830 -38.56450
vt 44.14880 -38.89730
vt 44.18810 -38.93240
vt 44.23990 -38.76920
vt 44.14750 -38.90440
vt 44.14500 -38.90260
vt 44.14090 -38.94110
vt 44.22090 -38.95510
vt 44.26980 -38.96360
vt 44.27410 -38.99190
vt 44.35350 -38.60940
vt 44.16850 -39.23600
vt 44.36030 -39.71870
vt 44.45600 -39.68520
vt 44.26410 -39.20250
vt 43.73310 -39.20260
vt 43.63960 -39.71250
vt 43.82880 -39.23610
vt 43.54400 -39.67900
vt 44.31500 -39.50430
vt 44.38970 -39.48080
vt 44.16510 -39.18850
vt 44.23990 -39.16490
vt 43.78360 -39.16500
vt 43.71050 -39.50020
vt 43.85840 -39.18850
vt 43.63570 -39.47670
vt 43.59830 -38.79550
vt 43.60150 -38.86790
vt 43.65070 -38.79550
vt 43.65400 -38.86790
vt 44.11100 -39.01390
vt 44.31700 -39.28610
vt 44.18580 -38.98930
vt 44.24220 -39.31080
vt 44.31180 -38.85910
vt 44.37090 -38.85870
vt 44.37290 -38.77880
vt 44.31380 -38.77910
vt 43.82620 -38.98930
vt 43.76980 -39.31080
vt 43.90100 -39.01390
vt 43.69500 -39.28620
vt 43.61780 -38.85690
vt 43.66810 -38.88730
vt 43.67020 -38.85690
vt 43.61560 -38.88730
vt 43.66280 -38.86200
vt 43.61030 -38.86200
vt 43.66310 -38.86430
vt 43.61070 -38.86430
vt 43.58950 -38.74720
vt 43.64200 -38.74720
vt 44.29990 -38.84690
vt 44.36060 -38.88020
vt 44.35900 -38.84650
vt 44.30160 -38.88050
vt 44.31990 -38.72590
vt 44.37890 -38.72560
vt 44.30540 -38.85250
vt 44.30500 -38.85500
vt 44.36410 -38.85470
vt 44.36440 -38.85220
vt 44.12890 -38.78770
vt 44.05410 -38.81120
vt 44.26010 -39.06430
vt 44.18540 -39.08780
vt 43.75740 -39.06430
vt 43.83210 -39.08780
vt 43.88860 -38.78770
vt 43.96340 -38.81120
vt 44.20090 -38.29030
vt 43.82550 -38.29030
vt 44.20090 -38.32400
vt 43.82550 -38.32400
vt 44.38440 -38.88360
vt 44.27010 -38.66710
vt 44.33190 -38.89770
vt 44.32260 -38.65310
vt 43.74310 -38.62230
vt 43.68400 -38.61210
vt 43.69840 -38.88180
vt 43.63940 -38.87160
vt 44.30490 -38.79670
vt 44.30880 -38.60160
vt 44.25620 -38.61560
vt 44.35740 -38.78270
vt 44.38970 -38.90360
vt 44.34600 -38.95030
vt 44.39850 -38.93630
vt 44.33720 -38.91770
vt 44.33550 -38.91140
vt 44.38800 -38.89730
vt 44.38220 -38.87570
vt 44.32980 -38.88980
vt 43.65940 -38.75800
vt 43.71840 -38.76830
vt 43.75400 -38.56450
vt 43.69490 -38.55430
vt 43.69590 -38.89730
vt 43.70010 -38.87300
vt 43.63670 -38.88700
vt 43.64100 -38.86270
vt 43.69460 -38.90440
vt 43.63560 -38.89410
vt 43.62910 -38.93090
vt 43.68820 -38.94110
vt 43.69500 -38.90260
vt 43.63590 -38.89240
vt 43.65950 -38.75890
vt 43.71860 -38.76920
vt 43.68790 -38.59920
vt 43.74700 -38.60940
vt 44.33690 -38.91610
vt 44.38930 -38.90210
vt 44.30500 -38.79750
vt 44.35750 -38.78340
vt 44.31950 -38.64130
vt 44.26700 -38.65540
vt 43.79910 -38.48720
vt 44.17450 -38.48720
vt 43.79910 -38.45370
vt 44.17450 -38.45360
vt 0.52298 -4.25000
vt 0.25000 -4.25000
vt 0.52298 -4.27184
vt 0.25000 -4.27184
vt 0.42054 -4.25000
vt 0.42054 -4.52298
vt 0.25000 -4.52298
vt 0.42054 -4.27184
vn -0.1417 0.2362 -0.9606
vn -0.0394 0.2441 -0.9685
vn 0.0000 0.0000 -1.0000
vn 0.1417 0.0000 -0.9921
vn 0.0079 0.1417 -0.9921
vn 0.1496 0.4724 -0.8661
vn 0.1890 0.4016 -0.8976
vn 0.1339 0.3622 -0.9213
vn 0.1496 0.4803 -0.8661
vn 0.0236 0.1024 -0.9921
vn 0.1575 0.4567 -0.8740
vn 0.1732 0.0000 -0.9843
vn -0.0394 -0.1811 -0.9843
vn 0.3071 0.4252 -0.8504
vn 0.0000 0.0709 -1.0000
vn 0.1654 0.0945 -0.9843
vn 0.0866 -0.1890 -0.9764
vn 0.0079 0.0866 -1.0000
vn 0.2205 0.1732 -0.9606
vn 0.1811 0.0472 -0.9843
vn -0.9370 -0.2520 -0.2362
vn 0.0551 0.5039 -0.8583
vn -0.3307 -0.0787 -0.9370
vn -0.3228 -0.1732 -0.9291
vn -0.3150 -0.1575 -0.9370
vn -0.3386 -0.0787 -0.9370
vn -0.3386 -0.1102 -0.9370
vn -0.3307 -0.1181 -0.9370
vn -0.3228 -0.1339 -0.9370
vn 0.1811 0.0394 -0.9843
vn -0.0709 -0.0236 -1.0000
vn -0.2520 -0.1339 -0.9606
vn -0.2283 -0.1260 -0.9685
vn -0.2126 -0.1181 -0.9685
vn -0.1890 -0.1102 -0.9764
vn -0.3307 -0.2283 -0.9134
vn 0.0157 0.0079 -1.0000
vn -0.0236 0.0079 -1.0000
vn -0.1024 -0.1024 -0.9921
vn -0.0866 -0.0787 -0.9921
vn -0.1811 -0.0394 -0.9843
vn -0.2126 -0.0315 -0.9764
vn 0.0551 0.0709 -0.9921
vn 0.0787 0.0866 -0.9921
vn 0.1575 0.1181 -0.9764
vn -0.2126 -0.5276 -0.8268
vn 0.0709 -0.0787 -0.9921
vn 0.1575 -0.0866 -0.9843
vn -0.0236 -0.1024 -0.9921
vn -0.1575 -0.0866 -0.9843
vn 0.1575 -0.0236 -0.9843
vn 0.0394 0.1811 -0.9843
vn -0.2205 -0.1732 -0.9606
vn -0.1496 -0.4961 -0.8504
vn 0.0000 0.1575 -0.9843
vn -0.9291 -0.2520 0.2756
vn -0.0079 -0.0866 -1.0000
vn 0.0000 -0.0709 -1.0000
vn -0.1417 0.0000 -0.9921
vn -0.1732 0.0000 -0.9843
vn -0.1496 -0.4803 -0.8661
vn -0.1890 -0.4016 -0.8976
vn -0.1339 -0.3622 -0.9213
vn -0.3307 -0.4331 -0.8425
vn 0.0394 -0.2441 -0.9685
vn 0.1417 -0.2283 -0.9606
vn -0.5748 0.8189 0.0000
vn -0.4961 0.8661 0.0000
vn -0.3465 0.9370 0.0000
vn -0.4094 0.9134 0.0000
vn -0.4252 0.9055 0.0000
vn -0.4724 0.8819 0.0236
vn -0.4724 0.8819 -0.0236
vn -0.4646 0.8898 0.0000
vn -0.2205 0.9764 0.0000
vn -0.2126 0.9764 0.0157
vn -0.2598 0.9685 0.0000
vn -0.1811 0.9764 -0.1339
vn -0.1811 0.9764 0.1339
vn -0.2441 0.8661 0.4331
vn -0.2362 0.8740 -0.4173
vn -0.2047 0.9764 0.0236
vn -0.2047 0.9764 0.0000
vn -0.2441 0.8661 -0.4331
vn -0.2362 0.8740 0.4173
vn -0.2362 0.8425 -0.4803
vn -0.2362 0.9685 0.0000
vn -0.2677 0.8346 0.4882
vn -0.2283 0.9055 0.3622
vn -0.2283 0.9055 -0.3622
vn -0.4331 0.8583 0.2677
vn -0.4331 0.8583 -0.2677
vn -0.3543 0.9055 0.2441
vn -0.3543 0.9055 -0.2441
vn 0.1811 0.9370 0.3071
vn 0.1890 0.9606 -0.1890
vn -0.1732 0.9843 0.0000
vn 0.3465 0.9055 0.2598
vn 0.3386 0.9291 -0.1575
vn 0.5354 0.7087 -0.4567
vn 0.5118 0.7165 0.4724
vn 0.1890 0.9764 0.1024
vn 0.2835 0.9528 -0.1417
vn 0.2835 0.9528 0.1417
vn 0.2126 0.9685 -0.1102
vn 0.4409 0.8976 -0.0630
vn 0.4409 0.8976 0.0630
vn 0.1811 0.9606 0.2126
vn 0.4567 0.8898 0.0000
vn -0.1024 0.9921 -0.0866
vn -0.1024 0.9921 0.0866
vn 0.1024 0.9843 -0.1181
vn 0.5276 0.8425 -0.1102
vn 0.0709 0.9764 0.2205
vn -0.4409 0.8976 0.0000
vn 0.4961 0.8504 0.1968
vn -0.2756 0.9606 0.0000
vn -0.4331 0.9055 0.0000
vn 0.0000 0.0000 1.0000
vn 0.7008 0.7087 0.0000
vn 0.6299 0.7717 -0.0866
vn 0.6299 0.7717 0.0866
vn -0.7008 0.7087 -0.0945
vn 0.7008 0.7087 0.1024
vn -0.6772 0.7323 0.0945
vn -0.0551 1.0000 0.0000
vn -0.4173 0.9055 0.0000
vn 0.0157 1.0000 0.0000
vn -0.0157 1.0000 0.0000
vn 0.0000 1.0000 0.0000
vn -0.5118 0.8583 0.0000
vn -0.6693 0.7402 0.0000
vn 0.8583 0.5118 0.0000
vn 0.9606 0.2756 0.0000
vn 0.7402 0.6693 0.0000
vn 0.9843 0.1732 0.0000
vn 1.0000 0.0551 0.0000
vn 0.8898 -0.4567 0.0000
vn 0.7480 -0.6535 -0.1024
vn 0.7638 -0.6299 0.1102
vn 0.9055 -0.4094 -0.1260
vn 0.9055 -0.4094 0.1260
vn 0.9134 0.4094 0.0236
vn 0.8661 0.5039 0.0000
vn 0.8661 0.4961 0.0000
vn 0.9528 0.2992 0.0000
vn 0.8189 0.5748 0.0000
vn 0.9370 0.2520 0.2362
vn 0.9685 0.2598 0.0000
vn 0.9291 0.2520 -0.2756
vn 1.0000 -0.0472 0.0000
vn 0.9606 0.2205 0.1811
vn 0.9449 -0.2835 -0.1575
vn 0.9449 -0.2992 0.1260
vn 0.9370 -0.3150 0.1417
vn 0.9370 -0.2992 -0.1732
vn 0.9764 0.2126 -0.0157
vn 0.9606 0.2205 -0.1890
vn 0.9921 0.0157 -0.1417
vn 0.9843 -0.1890 0.0000
vn 0.9370 0.3386 0.0000
vn 0.7717 0.6378 0.0000
vn 0.9921 0.0157 0.1417
vn 0.9606 0.1417 0.2520
vn 0.7874 0.6220 0.0000
vn 0.9764 -0.2047 -0.0945
vn 0.9843 -0.1811 0.0787
vn 0.8898 0.3622 0.2756
vn 0.8976 0.4409 0.0000
vn 0.9606 0.1417 -0.2520
vn 0.9055 0.4173 0.0000
vn 0.9528 0.1575 0.2598
vn 0.7717 0.4961 0.4016
vn 0.8898 0.3622 -0.2756
vn 0.9528 0.1339 0.2677
vn 0.7874 0.4803 -0.3858
vn 0.8976 -0.4409 0.0315
vn 0.8976 0.4331 0.0000
vn 0.8976 -0.4409 -0.0315
vn 0.9606 0.1339 -0.2441
vn 0.9528 0.1339 -0.2677
vn 0.8898 0.4567 0.0236
vn 0.8898 0.4567 -0.0236
vn 0.9921 0.1024 -0.0157
vn 0.9921 0.1024 0.0157
vn 0.8425 0.2835 0.4488
vn 0.8346 0.2756 -0.4724
vn 0.8740 0.4724 0.0945
vn 0.9291 0.3622 -0.0630
vn 0.7244 0.6929 0.0000
vn 0.9134 0.3858 0.1024
vn 0.8504 0.5197 -0.0787
vn 0.9370 0.3543 -0.0472
vn 0.8740 0.4882 0.0000
vn 0.9370 0.3543 0.0472
vn 0.8346 0.5354 0.1339
vn 0.7008 0.7087 -0.0945
vn 0.9528 0.1968 -0.2362
vn 0.9764 0.2047 0.0000
vn 0.9528 0.1968 0.2441
vn 0.8425 -0.5354 0.0079
vn -0.1417 0.2283 0.9606
vn -0.0394 0.2441 0.9685
vn 0.0079 0.0394 1.0000
vn 0.1417 0.0000 0.9921
vn 0.1339 0.3622 0.9213
vn 0.1496 0.4567 0.8740
vn 0.1890 0.4016 0.8976
vn 0.3071 0.4252 0.8504
vn 0.3307 0.4331 0.8425
vn 0.1496 0.4961 0.8504
vn 0.1496 0.4803 0.8661
vn 0.0236 0.1024 0.9921
vn 0.1732 0.0000 0.9843
vn 0.1575 0.0866 0.9843
vn 0.0000 0.0709 1.0000
vn 0.0866 -0.1890 0.9764
vn 0.0079 0.0866 1.0000
vn 0.2126 0.0315 0.9764
vn 0.0000 0.4646 0.8819
vn -0.3228 -0.1732 0.9291
vn -0.3307 -0.0787 0.9370
vn -0.3150 -0.1575 0.9370
vn -0.3386 -0.0787 0.9370
vn -0.3386 -0.1102 0.9370
vn -0.3307 -0.1181 0.9370
vn -0.3228 -0.1339 0.9370
vn -0.0709 -0.0236 1.0000
vn 0.1811 0.0394 0.9843
vn -0.2520 -0.1339 0.9606
vn -0.2283 -0.1260 0.9685
vn -0.2126 -0.1181 0.9685
vn -0.1890 -0.1102 0.9764
vn -0.3307 -0.2283 0.9134
vn -0.1024 -0.1024 0.9921
vn -0.0866 -0.0787 0.9921
vn -0.0157 -0.0079 1.0000
vn 0.0236 -0.0079 1.0000
vn -0.1811 -0.0394 0.9843
vn -0.1811 -0.0472 0.9843
vn 0.0551 0.0709 0.9921
vn 0.0787 0.0866 0.9921
vn 0.1575 0.1181 0.9764
vn 0.0709 -0.0787 0.9921
vn 0.1575 -0.0866 0.9843
vn -0.1811 -0.5354 0.8268
vn -0.2205 -0.1732 0.9606
vn -0.2126 0.0866 0.9764
vn 0.1496 0.0000 0.9921
vn 0.1654 -0.0236 0.9843
vn -0.1654 -0.0945 0.9843
vn -0.0236 -0.1024 0.9921
vn 0.0394 0.1811 0.9843
vn -0.0079 -0.0866 1.0000
vn 0.0000 -0.0709 1.0000
vn -0.1417 0.0000 0.9921
vn -0.1732 0.0000 0.9843
vn -0.1575 -0.4567 0.8740
vn -0.1496 -0.4803 0.8661
vn -0.1890 -0.4016 0.8976
vn -0.1339 -0.3622 0.9213
vn -0.3071 -0.4252 0.8504
vn 0.0394 -0.2441 0.9685
vn 0.1417 -0.2362 0.9606
vn 0.6693 -0.7402 0.0000
vn 0.5118 -0.8583 0.0000
vn 0.2756 -0.9606 0.0000
vn 0.0000 -1.0000 0.0000
vn -0.0157 -1.0000 0.0000
vn 0.0157 -1.0000 0.0000
vn 0.1732 -0.9843 0.0000
vn -0.4016 -0.9134 0.0551
vn 0.0551 -1.0000 0.0000
vn 0.4409 -0.8976 0.0000
vn 0.4094 -0.9134 0.0000
vn 0.4331 -0.9055 0.0000
vn -0.7008 -0.7087 -0.1024
vn -0.1811 -0.9606 -0.2126
vn -0.2835 -0.9528 -0.1417
vn -0.2835 -0.9528 0.1417
vn -0.1890 -0.9764 0.1024
vn -0.1890 -0.9764 -0.1024
vn -0.2126 -0.9685 0.1102
vn 0.6378 -0.7717 0.0000
vn 0.6772 -0.7323 -0.0945
vn 0.7008 -0.7087 0.0945
vn 0.1024 -0.9921 0.0866
vn 0.1024 -0.9921 -0.0866
vn -0.4567 -0.8898 0.0000
vn -0.3780 -0.9055 -0.2047
vn -0.1417 -0.9685 -0.2205
vn -0.4094 -0.9055 0.1102
vn -0.4409 -0.8976 0.0630
vn -0.4409 -0.8976 -0.0630
vn -0.1732 -0.9764 0.1181
vn 0.2441 -0.9449 -0.2047
vn 0.2126 -0.9685 0.1024
vn 0.5669 -0.8032 -0.1732
vn 0.2362 -0.9685 0.0000
vn 0.5354 -0.8346 0.0866
vn 0.4331 -0.8583 0.2677
vn 0.2047 -0.9764 0.0000
vn 0.2047 -0.9764 -0.0236
vn 0.4331 -0.8583 -0.2677
vn 0.2283 -0.9055 0.3622
vn 0.3543 -0.9055 0.2441
vn 0.2283 -0.9055 -0.3622
vn 0.3543 -0.9055 -0.2441
vn 0.0866 -0.9528 0.2992
vn 0.2677 -0.8346 -0.4882
vn 0.2362 -0.8740 0.4173
vn 0.2362 -0.8425 0.4803
vn 0.2362 -0.8740 -0.4173
vn -0.6299 -0.7717 0.0866
vn -0.1102 -0.7323 -0.6772
vn -0.6299 -0.7717 -0.0866
vn 0.2441 -0.8661 -0.4331
vn 0.2441 -0.8661 0.4331
vn -0.5906 -0.8110 0.0000
vn -0.6378 -0.7717 0.0000
vn 0.0079 -1.0000 0.0394
vn 0.1811 -0.9764 -0.1339
vn -0.5276 -0.8504 0.0000
vn 0.2520 -0.8661 -0.4252
vn 0.1811 -0.9764 0.1339
vn 0.2205 -0.8819 0.4173
vn 0.2598 -0.9685 0.0000
vn 0.2205 -0.9764 0.0000
vn 0.2126 -0.9764 -0.0157
vn -0.4016 -0.9134 0.0709
vn -0.3937 -0.9134 -0.0709
vn -0.5354 -0.8425 -0.0157
vn -0.0394 -1.0000 0.0000
vn 0.3937 -0.9213 0.0000
vn 0.3386 -0.9370 0.0000
vn -0.1417 -0.9921 0.0079
vn -0.4094 -0.9134 0.0000
vn -0.1102 -0.9921 0.0000
vn 0.1732 -0.9843 0.0157
vn 0.1732 -0.9843 -0.0157
vn -0.1496 -0.9921 -0.0079
vn 0.6220 -0.7874 0.0000
vn 0.1496 -0.9528 0.2520
vn 0.1496 -0.9606 -0.2441
vn 0.2047 -0.9764 0.0315
vn 0.2126 -0.9764 -0.0315
vn 0.5748 -0.8189 0.0000
vn 0.4961 -0.8661 0.0000
vn -0.7165 0.6929 0.0000
vn -0.7953 0.5984 0.0945
vn -0.7953 0.5984 -0.0945
vn -0.7953 0.6063 0.0000
vn -0.8268 0.5591 0.0000
vn -0.7008 -0.7087 0.0945
vn -0.9134 -0.3307 0.2441
vn -0.9370 -0.3386 0.0000
vn -0.9134 -0.3307 -0.2441
vn -0.8898 -0.3622 -0.2756
vn -0.8898 -0.3622 0.2756
vn -0.9921 -0.1496 0.0315
vn -0.9921 -0.1496 -0.0315
vn -0.9370 -0.3543 -0.0472
vn -0.9370 -0.3543 0.0472
vn -0.9213 -0.1811 -0.3543
vn -0.8740 -0.1732 0.4488
vn -0.8504 -0.5276 0.0000
vn -0.9921 -0.1024 0.0157
vn -0.9921 -0.1024 -0.0157
vn -0.9843 0.0000 -0.1732
vn -0.9685 -0.2362 -0.0866
vn -0.9528 -0.2362 0.1811
vn -0.8898 -0.4567 0.0236
vn -0.9606 -0.2205 -0.1811
vn -0.9606 -0.2205 0.1890
vn -0.9843 0.0000 0.1732
vn -0.8898 -0.3937 -0.2362
vn -0.9764 -0.2126 0.0157
vn -0.8661 -0.3858 0.3071
vn -0.8898 -0.4567 -0.0236
vn -0.7717 -0.6378 0.0000
vn -0.9843 -0.1732 0.0000
vn -0.9606 -0.1417 -0.2520
vn -0.9921 -0.0157 -0.1417
vn -0.8976 -0.4409 0.0000
vn -0.8976 -0.4331 0.0000
vn -0.9606 -0.1417 0.2520
vn -0.9843 0.1811 -0.0787
vn -0.9764 0.2047 0.0945
vn -0.9528 -0.1339 0.2677
vn -0.9055 -0.4173 0.0000
vn -0.9606 -0.1339 0.2441
vn -0.9528 -0.1339 -0.2677
vn -0.7323 -0.6850 0.0000
vn -0.9843 0.1890 0.0000
vn -0.9921 -0.0157 0.1417
vn -0.9528 -0.1575 -0.2598
vn -0.9528 -0.2992 0.0000
vn -0.8976 0.4409 -0.0315
vn -0.8976 0.4409 0.0315
vn -0.7480 -0.6614 0.0000
vn -0.9843 0.1575 0.0945
vn -0.9843 0.1339 -0.1024
vn -0.7953 -0.6063 0.0000
vn -0.9213 -0.3937 0.0000
vn -0.8898 -0.4567 0.0000
vn -0.9921 -0.1339 0.0000
vn -0.8189 -0.5748 0.0000
vn -0.9370 -0.2283 0.2756
vn -0.9213 -0.2520 -0.2913
vn -0.9134 -0.4094 -0.0236
vn -0.8661 -0.4961 0.0000
vn -0.9843 0.1654 0.0236
vn -0.7638 -0.6378 0.0472
vn -0.9764 0.2047 -0.0079
vn -0.7638 -0.6378 -0.0551
vn -0.8661 -0.5039 0.0000
vn -0.9685 -0.2598 0.0000
vn -0.9843 -0.1811 0.0000
vn -0.9213 -0.1024 0.3701
vn -0.9370 -0.1024 -0.3307
vn -0.8740 0.4803 -0.0394
vn -0.8976 0.4409 0.0866
vn -0.7402 -0.6693 0.0000
vn -0.0787 0.2441 -0.9685
vn 0.1654 -0.4567 -0.8740
vn 0.0630 -0.1732 -0.9843
vn 0.2362 0.4724 -0.8504
vn -0.0236 0.0630 -1.0000
vn -0.0472 0.4488 -0.8898
vn -0.0079 0.0315 -1.0000
vn -0.0787 0.4488 -0.8898
vn -0.0630 0.4488 -0.8898
vn -0.3937 -0.2835 -0.8740
vn -0.5276 -0.3150 -0.7874
vn 0.5748 -0.0079 -0.8189
vn -0.2835 0.9606 -0.0630
vn -0.1968 0.9764 0.0000
vn 0.3386 0.9449 0.0000
vn -0.2047 0.8268 0.5197
vn -0.2047 0.8268 -0.5197
vn -0.5669 0.8189 0.0000
vn -0.3386 0.9370 0.0000
vn -0.4409 0.8661 -0.2362
vn -0.4331 0.8661 0.2598
vn -0.4567 0.8583 -0.2362
vn -0.4488 0.8583 0.2598
vn -0.2283 0.9764 0.0079
vn -0.2205 0.9764 -0.0157
vn -0.2283 0.9764 -0.0157
vn -0.2205 0.9764 0.0079
vn -0.1654 0.9843 -0.0157
vn -0.1654 0.9843 0.0079
vn -0.4646 0.8819 0.0000
vn -0.1732 0.9843 0.0236
vn -0.1732 0.9843 -0.0236
vn -0.1417 0.9921 0.0157
vn -0.1417 0.9921 -0.0157
vn 0.9921 -0.0945 0.0000
vn 0.9921 0.1260 0.0000
vn 0.9449 0.3307 0.0000
vn 0.8583 0.5197 0.0000
vn 0.7323 0.6850 0.0000
vn 0.9213 0.3858 0.0157
vn 0.9213 0.3858 -0.0551
vn 0.5906 0.0945 0.8032
vn 0.1654 -0.4567 0.8740
vn 0.0630 -0.1732 0.9843
vn 0.2677 0.4724 0.8425
vn -0.0472 0.4488 0.8898
vn -0.0394 0.1024 0.9921
vn -0.0787 0.4488 0.8898
vn -0.0157 0.0472 1.0000
vn -0.0630 0.4488 0.8898
vn -0.5197 -0.2126 0.8268
vn -0.3622 -0.2835 0.8898
vn 0.0787 -0.2441 0.9685
vn 0.4646 -0.8819 0.0000
vn 0.4646 -0.8898 0.0000
vn 0.1654 -0.9843 0.0157
vn 0.1654 -0.9843 -0.0079
vn 0.2283 -0.9764 -0.0079
vn 0.2205 -0.9764 -0.0079
vn 0.2205 -0.9764 0.0157
vn 0.2283 -0.9764 0.0157
vn 0.2205 -0.9370 -0.2598
vn 0.2283 -0.9449 0.2441
vn 0.3071 -0.9134 -0.2598
vn 0.3150 -0.9134 0.2441
vn 0.2283 -0.9764 0.0000
vn 0.1968 -0.8268 0.5197
vn 0.1968 -0.8268 -0.5197
vn -0.3386 -0.9449 0.0000
vn 0.4646 -0.8819 -0.0157
vn -0.9213 -0.3858 0.0551
vn -0.9213 -0.3858 -0.0157
vn -0.7087 -0.3465 -0.6142
vn -0.9921 0.0000 -0.1417
vn -0.8583 -0.5197 0.0000
vn -0.9921 0.0000 0.1417
vn -0.9449 -0.3307 0.0000
vn -0.9921 0.1181 0.0000
vn -0.9921 -0.1260 0.0000
vn -0.9921 0.0945 0.0000
vn -1.0000 0.0079 0.0000
vn -1.0000 -0.0866 0.0000
vn 0.3780 0.9291 0.0000
vn 0.9291 -0.3780 0.0000
vn -0.3780 -0.9291 0.0000
vn -0.9291 0.3780 0.0000
vn -0.0079 0.1732 0.9843
vn -0.3307 -0.0866 0.9370
vn -0.2992 -0.1732 0.9370
vn -0.3071 -0.1417 0.9370
vn 0.2992 0.1732 0.9370
vn 0.3071 0.1417 0.9370
vn 0.3307 0.0866 0.9370
vn 0.0000 -0.2598 0.9685
vn -0.1417 0.9843 0.1339
vn -0.1417 0.9843 -0.1339
vn -0.0551 0.9921 0.1339
vn -0.0551 0.9921 -0.1339
vn -0.1968 0.9764 0.1102
vn -0.1968 0.9764 -0.1181
vn 0.0630 0.9921 0.1102
vn 0.0630 0.9921 -0.1181
vn -0.9764 -0.1968 0.0315
vn -0.9764 -0.1968 -0.0551
vn -0.9921 0.1496 -0.0315
vn -0.9921 0.1417 0.0394
vn -0.7717 0.6299 -0.1102
vn -0.7717 0.6142 0.1654
vn -0.8425 -0.4173 0.3386
vn -0.7087 -0.6220 0.3386
vn -0.8425 -0.4173 -0.3386
vn -0.7087 -0.6220 -0.3386
vn -0.7559 -0.5591 0.3386
vn -0.7559 -0.5591 -0.3386
vn 0.0000 0.2598 -0.9685
vn -0.3307 -0.0866 -0.9370
vn -0.2992 -0.1732 -0.9370
vn -0.3071 -0.1417 -0.9370
vn 0.2992 0.1732 -0.9370
vn 0.3071 0.1417 -0.9370
vn 0.3307 0.0866 -0.9370
vn 0.0079 -0.1732 -0.9843
vn 0.4252 -0.9055 0.0630
vn 0.4252 -0.9055 -0.0630
vn 0.6457 -0.7638 0.0630
vn 0.6457 -0.7638 -0.0630
vn 0.1732 -0.9528 -0.2520
vn 0.5748 -0.8189 0.0630
vn 0.1732 -0.9685 0.1732
vn 0.5748 -0.8189 -0.0630
vn -0.2598 -0.9291 -0.2520
vn 0.5748 -0.7874 -0.2126
vn -0.2598 -0.9528 0.1654
vn 0.5748 -0.8032 0.1417
vn 0.9685 -0.2520 -0.0709
vn 0.9685 -0.2520 0.0472
vn 0.9843 0.1654 0.0472
vn 0.9843 0.1732 -0.0236
vn 0.8189 0.5669 -0.0945
vn 0.8189 0.5512 0.1496
vn -0.6929 0.7165 0.0000
vn 0.7165 0.6929 0.0000
vn 0.6929 -0.7165 0.0000
vn -0.7165 -0.6929 0.0000

o lod_green_storm
usemtl c_6d5058
f 1/1/1 2/2/1 3/3/1
f 4/4/1 2/2/1 1/1/1
f 5/5/2 6/6/2 7/7/2
f 6/6/2 5/5/2 8/8/2
f 9/9/3 10/10/3 11/11/3
f 11/11/3 10/10/3 12/12/3
f 9/9/3 13/13/3 10/10/3
f 13/13/3 9/9/3 14/14/3
f 15/15/3 13/13/3 14/14/3
f 15/15/3 16/16/3 13/13/3
f 15/15/3 17/17/3 16/16/3
f 17/17/3 15/15/3 18/18/3
f 18/18/3 19/19/3 17/17/3
f 19/19/3 18/18/3 20/20/3
f 21/21/3 19/19/3 20/20/3
f 19/19/3 21/21/3 22/22/3
f 23/23/3 22/22/3 21/21/3
f 12/12/3 23/23/3 11/11/3
f 23/23/3 12/12/3 22/22/3
f 12/12/3 24/24/3 22/22/3
f 25/25/3 26/26/3 27/27/3
f 28/28/3 26/26/3 25/25/3
f 29/29/3 28/28/3 25/25/3
f 30/30/3 26/26/3 28/28/3
f 30/30/3 31/31/3 26/26/3
f 32/32/4 33/33/4 34/34/4
f 33/33/4 35/35/4 34/34/4
f 36/10/3 37/13/3 38/16/3
f 36/10/3 38/16/3 39/12/3
f 39/12/3 38/16/3 40/24/3
f 38/16/3 41/17/3 40/24/3
f 40/24/3 41/17/3 42/22/3
f 42/22/3 41/17/3 43/19/3
f 44/36/5 45/37/5 46/38/5
f 45/37/5 47/39/5 46/38/5
f 45/37/5 48/40/5 47/39/5
f 45/37/5 49/41/5 48/40/5
f 50/42/5 44/36/5 46/38/5
f 51/43/5 48/40/5 49/41/5
f 52/44/5 44/36/5 50/42/5
f 48/40/5 51/43/5 52/44/5
f 44/36/5 52/44/5 51/43/5
f 44/36/5 51/43/5 53/45/5
f 53/45/5 51/43/5 54/46/5
f 44/36/5 53/45/5 55/47/5
f 56/48/5 54/46/5 51/43/5
f 57/49/5 44/36/5 55/47/5
f 54/46/5 56/48/5 58/50/5
f 56/48/5 57/49/5 58/50/5
f 57/49/5 59/51/5 58/50/5
f 59/51/5 57/49/5 55/47/5
f 60/52/4 61/53/4 62/54/4
f 60/52/4 62/54/4 63/55/4
f 64/56/4 65/57/4 61/53/4
f 66/58/4 65/57/4 64/56/4
f 66/58/4 67/59/4 65/57/4
f 64/56/4 61/53/4 60/52/4
f 68/60/3 69/61/3 70/62/3
f 68/60/3 71/63/3 69/61/3
f 72/64/4 73/65/4 74/25/4
f 75/66/4 74/25/4 76/67/4
f 77/68/6 78/69/6 79/70/6
f 78/69/6 80/71/6 79/70/6
f 81/72/6 77/68/6 79/70/6
f 78/69/6 82/73/6 80/71/6
f 83/74/6 77/68/6 81/72/6
f 78/69/6 84/75/6 82/73/6
f 77/68/6 83/74/6 85/76/6
f 85/76/6 82/73/6 84/75/6
f 82/73/6 85/76/6 83/74/6
f 74/25/4 75/66/4 72/64/4
f 75/66/4 76/67/4 86/77/4
f 87/78/7 88/79/7 89/80/7
f 90/81/7 88/79/7 87/78/7
f 91/82/8 92/83/8 93/84/8
f 92/83/8 94/85/8 93/84/8
f 95/86/8 92/83/8 91/82/8
f 95/86/8 96/87/8 92/83/8
f 97/88/8 98/89/8 99/90/8
f 99/90/8 98/89/8 100/91/8
f 101/92/4 102/93/4 103/94/4
f 102/93/4 101/92/4 104/95/4
f 105/96/9 106/97/9 107/98/9
f 108/99/9 106/97/9 109/100/9
f 110/101/9 111/102/9 112/103/9
f 113/104/9 110/101/9 114/105/9
f 114/105/9 110/101/9 112/103/9
f 114/105/9 112/103/9 115/106/9
f 116/107/10 117/108/10 118/109/10
f 119/31/10 116/107/10 118/109/10
f 120/110/10 116/107/10 119/31/10
f 120/110/10 119/31/10 30/30/10
f 121/111/10 30/30/10 28/28/10
f 30/30/10 121/111/10 120/110/10
f 122/112/11 123/113/11 124/114/11
f 123/113/11 125/115/11 124/114/11
f 126/116/11 125/115/11 123/113/11
f 125/115/11 126/116/11 127/117/11
f 107/98/9 106/97/9 108/99/9
f 128/118/5 129/119/5 130/120/5
f 131/121/5 129/119/5 128/118/5
f 129/119/5 131/121/5 132/122/5
f 133/123/5 134/124/5 135/125/5
f 133/123/5 136/126/5 134/124/5
f 134/124/5 136/126/5 137/127/5
f 138/128/12 139/129/12 140/130/12
f 140/130/12 141/131/12 138/128/12
f 142/132/6 143/133/6 144/134/6
f 142/132/6 145/135/6 143/133/6
f 143/133/6 145/135/6 146/136/6
f 147/137/13 148/138/13 149/139/13
f 148/138/13 147/137/13 150/140/13
f 151/141/14 152/142/14 153/143/14
f 153/143/14 152/142/14 154/144/14
f 155/145/15 156/146/15 157/147/15
f 157/147/15 156/146/15 158/148/15
f 159/149/16 160/29/16 161/150/16
f 162/26/16 163/151/16 164/60/16
f 162/26/16 165/152/16 163/151/16
f 166/109/16 165/152/16 162/26/16
f 167/153/16 165/152/16 166/109/16
f 167/153/16 168/154/16 165/152/16
f 169/155/17 170/156/17 171/157/17
f 172/158/17 173/159/17 171/157/17
f 173/159/17 169/155/17 171/157/17
f 148/138/13 150/140/13 167/153/13
f 174/160/18 175/161/18 176/162/18
f 176/162/18 175/161/18 177/163/18
f 113/164/19 178/165/19 113/104/19
f 179/166/19 180/167/19 181/168/19
f 181/168/19 182/169/19 179/166/19
f 105/170/19 106/171/19 105/96/19
f 106/171/19 106/172/19 105/96/19
f 106/172/19 106/171/19 183/173/19
f 178/101/19 113/104/19 178/165/19
f 184/174/3 185/175/3 186/176/3
f 185/175/3 187/177/3 186/176/3
f 188/178/3 187/177/3 185/175/3
f 188/178/3 189/179/3 187/177/3
f 188/178/3 190/180/3 189/179/3
f 190/180/3 191/181/3 189/179/3
f 188/178/3 192/182/3 190/180/3
f 193/183/3 194/184/3 195/185/3
f 196/186/3 193/183/3 195/185/3
f 185/175/3 197/187/3 188/178/3
f 198/188/20 199/189/20 200/190/20
f 199/189/20 198/188/20 201/191/20
f 202/192/21 203/193/21 204/194/22
f 204/194/22 205/195/22 202/192/21
f 206/196/23 207/197/24 208/198/25
f 207/197/24 206/196/23 209/199/26
f 210/200/27 209/199/26 206/196/23
f 209/199/26 210/200/27 211/201/28
f 212/202/29 211/201/28 210/200/27
f 211/201/28 212/202/29 213/203/29
f 214/204/3 215/205/3 216/206/3
f 216/206/3 215/205/3 217/207/3
f 218/208/30 219/209/30 220/210/30
f 218/208/30 221/211/30 219/209/30
f 222/212/30 221/211/30 218/208/30
f 223/213/30 220/210/30 219/209/30
f 221/211/30 224/214/30 219/209/30
f 223/213/30 224/214/30 220/210/30
f 225/215/30 224/214/30 223/213/30
f 224/214/30 226/216/30 220/210/30
f 226/216/30 224/214/30 227/217/30
f 227/217/30 224/214/30 228/218/30
f 228/218/30 224/214/30 221/211/30
f 229/219/31 230/220/31 207/197/31
f 229/219/31 207/197/31 231/221/31
f 231/221/31 207/197/31 209/199/31
f 231/221/31 209/199/31 232/222/31
f 232/222/31 209/199/31 211/201/31
f 232/222/31 211/201/31 233/223/31
f 233/223/31 211/201/31 213/203/31
f 233/223/31 213/203/31 234/224/31
f 235/225/3 236/226/3 237/227/3
f 237/227/3 238/228/3 235/225/3
f 239/228/3 240/229/3 241/230/3
f 241/230/3 242/231/3 239/228/3
f 243/232/3 240/229/3 239/228/3
f 244/233/3 245/234/3 246/226/3
f 246/226/3 247/235/3 244/233/3
f 212/202/32 210/200/32 248/236/33
f 212/202/32 248/236/33 249/237/34
f 250/238/35 249/237/34 248/236/33
f 249/237/34 250/238/35 251/239/35
f 252/240/3 253/231/3 254/241/3
f 252/240/3 255/242/3 253/231/3
f 256/243/3 257/244/3 258/245/3
f 257/244/3 259/246/3 258/245/3
f 260/247/36 207/197/24 230/220/36
f 207/197/24 260/247/36 208/198/25
f 261/229/3 262/248/3 263/249/3
f 264/250/3 261/229/3 265/251/3
f 265/251/3 261/229/3 263/249/3
f 266/252/37 267/253/37 268/254/37
f 268/254/37 267/253/37 269/255/37
f 270/256/37 271/257/37 272/254/37
f 272/254/37 271/257/37 273/258/37
f 272/254/37 274/259/37 270/256/37
f 275/260/37 274/259/37 272/254/37
f 276/250/3 277/261/3 278/262/3
f 278/262/3 279/230/3 276/250/3
f 279/230/3 278/262/3 280/263/3
f 281/241/3 279/230/3 280/263/3
f 282/264/38 283/265/38 284/266/38
f 285/267/39 286/268/39 287/269/39
f 287/269/39 286/268/39 288/270/39
f 289/271/38 290/272/38 291/273/38
f 284/266/38 283/265/38 292/274/38
f 289/271/38 291/273/38 293/275/38
f 294/276/40 287/269/40 295/277/40
f 287/269/40 294/276/40 285/267/40
f 296/278/3 297/279/3 298/280/3
f 299/281/3 297/279/3 296/278/3
f 300/282/3 301/283/3 302/284/3
f 300/282/3 302/284/3 303/285/3
f 302/284/3 304/286/3 303/285/3
f 305/287/3 304/286/3 302/284/3
f 306/288/3 307/251/3 308/278/3
f 307/251/3 306/288/3 309/289/3
f 309/289/3 306/288/3 310/290/3
f 311/261/3 307/251/3 309/289/3
f 312/291/3 313/292/3 314/293/3
f 314/293/3 313/292/3 315/294/3
f 316/295/3 317/296/3 318/297/3
f 319/288/3 317/296/3 316/295/3
f 317/296/3 320/293/3 318/297/3
f 321/298/3 316/295/3 318/297/3
f 322/299/3 323/300/3 324/301/3
f 323/300/3 325/302/3 324/301/3
f 322/299/3 326/303/3 323/300/3
f 323/300/3 326/303/3 327/304/3
f 326/303/3 322/299/3 328/305/3
f 329/302/3 330/306/3 331/307/3
f 331/307/3 330/306/3 332/308/3
f 333/309/3 330/306/3 329/302/3
f 329/302/3 331/307/3 334/310/3
f 335/311/3 336/312/3 337/313/3
f 335/311/3 338/314/3 336/312/3
f 339/315/3 340/316/3 341/317/3
f 342/318/3 340/316/3 339/315/3
f 343/319/3 344/320/3 345/321/3
f 344/320/3 346/294/3 345/321/3
f 346/294/3 344/320/3 347/297/3
f 346/294/3 348/315/3 345/321/3
f 349/322/3 350/323/3 351/324/3
f 351/324/3 352/325/3 349/322/3
f 353/326/3 354/327/3 355/328/3
f 356/329/41 357/330/41 358/331/41
f 359/332/41 356/329/41 358/331/41
f 360/333/41 358/331/41 361/334/41
f 360/333/41 359/332/41 358/331/41
f 362/335/42 363/336/42 364/337/42
f 362/335/42 365/338/42 363/336/42
f 366/339/42 367/340/42 368/341/42
f 366/339/42 369/342/42 367/340/42
f 366/339/42 370/343/42 369/342/42
f 371/344/43 372/345/44 373/346/43
f 372/345/44 371/344/43 374/347/44
f 375/348/45 372/345/44 374/347/44
f 372/345/44 375/348/45 376/349/45
f 377/350/46 378/351/46 379/352/46
f 380/353/46 377/350/46 379/352/46
f 369/342/46 377/350/46 380/353/46
f 377/350/46 369/342/46 370/343/46
f 377/350/46 370/343/46 381/354/46
f 382/355/46 377/350/46 381/354/46
f 370/343/46 383/356/46 381/354/46
f 370/343/46 384/357/46 383/356/46
f 385/358/47 386/359/3 387/360/3
f 388/361/3 387/360/3 386/359/3
f 386/359/3 389/362/3 388/361/3
f 386/359/3 385/358/47 390/363/47
f 390/363/47 385/358/47 391/364/48
f 391/364/48 385/358/47 392/365/48
f 393/366/49 394/367/49 395/368/49
f 393/366/49 396/369/49 394/367/49
f 395/368/49 397/370/49 393/366/49
f 398/371/50 399/369/50 400/372/50
f 400/372/50 401/373/50 398/371/50
f 391/364/48 402/374/51 403/375/51
f 402/374/51 391/364/48 392/365/48
f 402/374/51 404/376/4 403/375/51
f 404/376/4 402/374/51 405/377/4
f 401/373/50 406/378/50 398/371/50
f 407/379/52 408/380/52 409/381/52
f 410/382/53 411/383/53 412/384/53
f 413/385/54 414/386/54 415/387/54
f 416/388/53 417/389/53 418/390/53
f 419/391/53 420/392/53 421/393/53
f 422/394/53 421/393/53 420/392/53
f 423/395/55 424/396/55 425/397/56
f 423/395/55 425/397/56 426/398/56
f 427/399/53 410/382/53 412/384/53
f 427/399/53 428/400/53 410/382/53
f 429/401/53 430/402/53 431/403/53
f 429/401/53 432/404/53 430/402/53
f 429/401/53 433/405/53 432/404/53
f 434/406/53 435/407/53 436/408/53
f 437/409/53 435/407/53 434/406/53
f 434/406/53 436/408/53 438/410/53
f 439/411/57 440/412/57 441/413/57
f 441/413/57 440/412/57 442/414/57
f 443/415/58 444/416/58 445/417/58
f 445/417/58 444/416/58 446/418/58
f 447/419/3 448/420/3 449/421/3
f 450/422/3 448/420/3 447/419/3
f 451/423/3 447/419/3 452/424/3
f 451/423/3 452/424/3 453/425/3
f 451/423/3 453/425/3 454/426/3
f 455/427/3 454/426/3 453/425/3
f 456/428/3 454/426/3 455/427/3
f 450/422/3 454/426/3 456/428/3
f 454/426/3 450/422/3 457/429/3
f 457/429/3 458/430/3 454/426/3
f 450/422/3 456/428/3 448/420/3
f 455/427/3 453/425/3 448/420/3
f 448/420/3 453/425/3 449/421/3
f 452/424/3 447/419/3 449/421/3
f 459/431/59 460/432/59 461/433/59
f 461/433/59 462/434/59 459/431/59
f 456/428/59 455/427/59 463/435/59
f 464/436/3 465/437/3 466/438/3
f 464/436/3 467/439/3 465/437/3
f 468/440/59 469/441/59 470/442/59
f 471/443/59 472/444/59 473/445/59
f 471/443/59 474/446/59 472/444/59
f 471/443/59 475/447/59 474/446/59
f 475/447/59 470/442/59 474/446/59
f 468/440/59 470/442/59 475/447/59
f 476/448/59 477/449/59 478/450/59
f 476/448/59 479/451/59 480/422/59
f 476/448/59 480/422/59 477/449/59
f 479/451/59 481/452/59 480/422/59
f 449/421/59 453/425/59 482/424/59
f 483/453/60 484/454/60 485/455/60
f 486/456/60 483/453/60 485/455/60
f 487/457/59 488/458/59 489/459/59
f 488/458/59 490/460/59 489/459/59
f 489/459/59 490/460/59 491/461/59
f 492/462/54 415/387/54 493/463/54
f 492/462/54 413/385/54 415/387/54
f 421/393/54 422/394/54 494/464/54
f 422/394/54 495/465/54 494/464/54
f 496/466/61 497/467/61 498/468/61
f 499/469/61 496/466/61 498/468/61
f 498/468/61 500/470/61 499/469/61
f 501/471/61 502/472/61 503/473/61
f 502/472/61 504/474/61 503/473/61
f 505/475/61 506/476/61 428/400/61
f 506/476/61 410/382/61 428/400/61
f 437/409/61 507/477/61 508/478/61
f 437/409/61 508/478/61 435/407/61
f 509/479/62 510/480/62 511/479/62
f 512/481/62 511/479/62 510/480/62
f 512/481/62 510/480/62 513/482/62
f 513/482/62 510/480/62 514/483/62
f 515/484/63 516/485/63 517/486/63
f 517/486/63 516/485/63 518/487/63
f 516/485/63 519/488/63 518/487/63
f 516/485/63 515/484/63 520/489/63
f 521/490/63 520/489/63 515/484/63
f 520/489/63 521/490/63 522/491/63
f 523/492/63 521/490/63 515/484/63
f 524/493/63 525/494/63 526/495/63
f 526/495/63 525/494/63 527/496/63
f 528/497/64 529/498/64 530/499/64
f 530/499/64 529/498/64 531/500/64
f 532/501/65 533/502/65 534/503/65
f 533/502/65 532/501/65 535/504/65
f 536/505/3 537/506/3 538/507/3
f 538/507/3 539/508/3 536/505/3
f 540/509/3 536/505/3 539/508/3
f 539/508/3 541/510/3 540/509/3
f 540/509/3 541/510/3 542/511/3
f 543/512/3 540/509/3 542/511/3
f 530/499/66 544/513/66 545/514/66
f 530/499/66 546/515/66 544/513/66
f 530/499/66 545/514/66 547/516/66
f 528/497/66 530/499/66 547/516/66
f 528/497/66 547/516/66 548/517/66
f 547/516/66 549/518/66 548/517/66
f 550/519/67 323/520/67 327/521/67
f 550/519/67 551/522/67 323/520/67
f 333/523/68 552/524/68 553/525/68
f 553/525/68 330/526/68 333/523/68
f 554/527/69 555/528/69 556/529/69
f 555/528/69 554/527/69 557/530/69
f 556/529/69 558/531/69 554/527/69
f 557/530/69 559/532/69 555/528/69
f 560/533/69 559/532/69 557/530/69
f 559/532/69 213/534/69 555/528/69
f 213/534/69 559/532/69 234/535/69
f 212/536/69 555/528/69 213/534/69
f 555/528/69 212/536/69 556/529/69
f 249/537/69 556/529/69 212/536/69
f 558/531/69 556/529/69 561/538/69
f 556/529/69 249/537/69 561/538/69
f 561/538/69 562/539/69 558/531/69
f 251/540/69 561/538/69 249/537/69
f 562/539/69 561/538/69 563/541/69
f 561/538/69 251/540/69 563/541/69
f 324/520/70 334/542/70 331/543/70
f 324/520/70 331/543/70 267/544/70
f 331/543/70 564/545/70 267/544/70
f 266/546/70 324/520/70 267/544/70
f 266/546/70 322/547/70 324/520/70
f 564/545/70 565/548/70 566/549/70
f 566/549/70 567/550/70 564/545/70
f 567/550/70 566/549/70 568/551/70
f 567/550/70 569/552/70 267/544/70
f 564/545/70 567/550/70 267/544/70
f 570/553/71 571/554/71 271/555/71
f 570/553/71 572/556/71 571/554/71
f 271/555/71 571/554/71 273/557/71
f 573/558/71 572/556/71 570/553/71
f 274/559/68 574/560/68 259/561/68
f 259/561/68 270/562/68 274/559/68
f 574/560/68 575/563/68 259/561/68
f 270/562/68 259/561/68 257/564/68
f 574/560/68 576/565/68 575/563/68
f 576/565/68 270/562/68 257/564/68
f 575/563/68 576/565/68 577/566/68
f 577/566/68 576/565/68 257/564/68
f 578/567/68 579/568/68 376/569/68
f 578/567/68 376/569/68 580/570/68
f 581/571/68 578/567/68 580/570/68
f 578/567/68 581/571/68 288/572/68
f 582/573/72 376/569/72 579/568/72
f 376/569/72 582/573/72 372/574/72
f 581/571/73 583/575/73 287/576/73
f 287/576/73 288/572/73 581/571/73
f 375/577/74 584/578/74 585/579/74
f 584/578/74 375/577/74 374/580/74
f 586/581/74 585/579/74 584/578/74
f 584/578/74 587/582/74 586/581/74
f 588/583/75 589/584/75 590/585/75
f 590/585/75 589/584/75 591/586/75
f 592/587/75 589/584/75 588/583/75
f 592/587/75 588/583/75 593/588/75
f 588/583/75 594/589/75 593/588/75
f 593/588/75 356/590/75 592/587/75
f 356/590/75 593/588/75 357/591/75
f 595/592/75 590/585/75 591/586/75
f 596/593/75 595/592/75 591/586/75
f 591/586/75 224/594/75 597/595/75
f 293/596/75 291/597/75 256/598/75
f 293/596/75 256/598/75 225/599/75
f 225/599/75 598/600/75 293/596/75
f 599/601/75 293/596/75 598/600/75
f 256/598/75 258/602/75 225/599/75
f 258/602/75 224/594/75 225/599/75
f 258/602/75 283/603/75 224/594/75
f 292/604/75 283/603/75 258/602/75
f 596/593/75 591/586/75 597/595/75
f 283/603/75 597/595/75 224/594/75
f 600/605/76 290/606/76 601/607/76
f 290/606/76 289/608/76 601/607/76
f 596/593/76 597/595/76 282/609/76
f 284/610/76 596/593/76 282/609/76
f 602/611/76 603/612/76 604/613/76
f 605/614/77 606/615/77 304/616/77
f 305/617/77 607/618/77 304/616/77
f 607/618/77 605/614/77 304/616/77
f 606/615/77 608/619/77 304/616/77
f 609/620/78 610/621/78 611/622/78
f 610/621/78 609/620/78 612/623/78
f 613/624/78 614/625/78 615/626/78
f 614/625/78 613/624/78 616/627/78
f 433/628/78 617/629/78 432/630/78
f 617/629/78 433/628/78 618/631/78
f 618/631/78 619/632/78 617/629/78
f 620/633/79 182/634/79 621/635/79
f 182/634/79 620/633/79 179/636/79
f 105/637/79 622/638/79 106/639/79
f 623/640/79 622/638/79 105/637/79
f 113/641/79 624/642/79 178/643/79
f 625/644/79 626/645/79 113/641/79
f 113/641/79 626/645/79 624/642/79
f 105/637/80 106/639/80 106/646/80
f 430/647/81 416/648/81 627/649/81
f 628/650/82 369/651/82 380/652/82
f 369/651/82 628/650/82 367/653/82
f 629/654/82 367/653/82 628/650/82
f 199/655/83 201/656/83 630/657/83
f 630/657/83 201/656/83 631/658/83
f 366/659/83 199/655/83 630/657/83
f 366/659/83 368/660/83 199/655/83
f 368/660/83 632/661/83 199/655/83
f 633/662/84 429/663/84 431/664/84
f 633/662/84 431/664/84 634/665/84
f 418/666/81 627/649/81 416/648/81
f 635/667/85 220/668/85 636/669/85
f 220/668/85 226/670/85 636/669/85
f 636/669/85 637/671/85 635/667/85
f 181/672/85 180/673/85 125/674/85
f 127/675/85 181/672/85 125/674/85
f 228/676/80 638/677/80 639/678/80
f 640/679/80 228/676/80 639/678/80
f 640/679/80 227/680/80 228/676/80
f 641/681/80 642/682/80 643/683/80
f 642/682/80 644/684/80 643/683/80
f 645/685/86 646/686/86 647/687/86
f 647/687/86 646/686/86 648/688/86
f 618/631/84 429/663/84 633/662/84
f 178/643/80 110/689/80 113/690/80
f 649/691/87 214/692/87 650/693/87
f 650/693/87 214/692/87 216/694/87
f 85/695/88 84/696/88 651/697/88
f 84/696/88 652/698/88 651/697/88
f 113/690/80 644/684/80 113/699/80
f 644/684/80 113/690/80 643/683/80
f 113/699/80 178/643/80 113/690/80
f 112/700/89 111/701/89 126/702/89
f 126/702/89 88/703/89 90/704/89
f 126/702/89 123/705/89 88/703/89
f 126/702/89 90/704/89 112/700/89
f 653/706/90 654/707/90 655/708/90
f 653/706/90 655/708/90 656/709/90
f 657/710/91 98/711/91 658/712/91
f 658/712/91 98/711/91 97/713/91
f 659/714/92 525/715/92 660/716/92
f 660/716/92 525/715/92 524/717/92
f 522/718/92 661/719/92 662/720/92
f 522/718/92 662/720/92 520/721/92
f 663/722/91 96/723/91 95/724/91
f 664/725/91 96/723/91 663/722/91
f 3/726/91 665/727/91 1/728/91
f 666/729/91 1/728/91 665/727/91
f 152/730/91 151/731/91 667/732/91
f 667/732/91 668/733/91 152/730/91
f 152/730/91 668/733/91 669/734/91
f 670/735/92 549/736/92 671/737/92
f 547/738/92 671/737/92 549/736/92
f 529/739/92 528/740/92 548/741/92
f 548/741/92 672/742/92 529/739/92
f 529/739/92 672/742/92 673/743/92
f 674/744/93 8/745/93 675/746/93
f 8/745/93 674/744/93 6/747/93
f 532/748/94 676/749/94 535/750/94
f 676/749/94 677/751/94 535/750/94
f 408/752/95 407/753/95 678/754/95
f 407/753/95 517/755/95 678/754/95
f 407/753/95 515/756/95 517/755/95
f 517/755/95 679/757/95 678/754/95
f 680/758/95 679/757/95 517/755/95
f 681/759/95 679/757/95 680/758/95
f 679/757/95 681/759/95 682/760/95
f 150/761/96 683/762/96 191/763/96
f 190/764/96 150/761/96 191/763/96
f 683/762/96 684/765/96 191/763/96
f 685/766/96 683/762/96 150/761/96
f 686/767/96 683/762/96 685/766/96
f 687/768/96 685/766/96 150/761/96
f 147/769/96 687/768/96 150/761/96
f 688/770/97 689/771/97 409/772/97
f 189/773/97 688/770/97 409/772/97
f 408/752/97 189/773/97 409/772/97
f 408/752/97 690/774/97 189/773/97
f 408/752/97 678/754/97 690/774/97
f 688/770/97 189/773/97 684/765/97
f 189/773/97 191/763/97 684/765/97
f 691/775/97 688/770/97 684/765/97
f 691/775/97 195/776/97 688/770/97
f 691/775/97 196/777/97 195/776/97
f 692/778/98 693/779/98 694/780/98
f 693/779/98 692/778/98 695/781/98
f 173/782/99 192/783/99 188/784/99
f 173/782/99 188/784/99 169/785/99
f 696/786/100 697/787/100 698/788/100
f 698/788/100 699/789/100 696/786/100
f 146/790/101 80/791/101 143/792/101
f 80/791/101 146/790/101 79/793/101
f 148/794/102 117/795/102 116/796/102
f 149/797/102 148/794/102 116/796/102
f 700/798/103 701/799/103 702/800/103
f 703/801/103 704/802/103 705/803/103
f 168/804/104 171/805/104 165/806/104
f 168/804/104 172/807/104 171/805/104
f 185/808/104 706/809/104 197/810/104
f 707/811/105 708/812/105 709/813/105
f 708/812/105 710/814/105 709/813/105
f 444/815/106 711/816/106 446/817/106
f 446/817/106 711/816/106 712/818/106
f 156/819/107 713/820/107 158/821/107
f 158/821/107 713/820/107 714/822/107
f 715/823/108 716/824/108 45/825/108
f 45/825/108 716/824/108 49/826/108
f 240/827/109 717/828/109 262/829/109
f 717/828/109 718/830/109 719/831/109
f 719/831/109 718/830/109 720/832/109
f 717/828/109 719/831/109 262/829/109
f 240/827/109 262/829/109 261/833/109
f 243/834/109 717/828/109 240/827/109
f 440/835/110 721/836/110 442/837/110
f 442/837/110 721/836/110 722/838/110
f 175/839/111 723/840/111 177/841/111
f 177/841/111 723/840/111 724/842/111
f 725/843/112 726/844/112 727/845/112
f 727/845/112 728/846/112 725/843/112
f 726/844/113 729/847/113 730/848/113
f 730/848/113 727/845/113 726/844/113
f 46/849/114 136/850/114 50/851/114
f 136/850/114 46/849/114 137/852/114
f 731/853/115 732/854/115 733/855/115
f 732/854/115 734/856/115 733/855/115
f 734/856/115 735/857/115 733/855/115
f 26/858/115 166/859/115 162/860/115
f 118/861/115 166/859/115 26/858/115
f 118/861/115 26/858/115 31/862/115
f 31/862/115 119/863/115 118/861/115
f 50/851/116 133/864/116 52/865/116
f 133/864/116 50/851/116 136/850/116
f 736/866/117 737/867/117 467/868/117
f 464/869/117 736/866/117 467/868/117
f 738/870/117 467/868/117 737/867/117
f 739/871/117 740/872/117 737/867/117
f 740/872/117 738/870/117 737/867/117
f 163/873/117 741/874/117 71/875/117
f 742/876/117 741/874/117 163/873/117
f 164/877/117 163/873/117 71/875/117
f 68/878/117 164/877/117 71/875/117
f 742/876/117 743/879/117 741/874/117
f 14/880/70 744/881/70 15/882/3
f 745/883/70 744/881/70 14/880/70
f 14/880/70 746/884/70 745/883/70
f 746/884/70 14/880/70 9/885/70
f 11/886/3 746/884/70 9/885/70
f 746/884/70 11/886/3 747/887/70
f 748/888/118 749/889/119 542/890/118
f 541/891/118 748/888/118 542/890/118
f 748/888/118 541/891/118 539/892/118
f 539/892/118 750/893/118 748/888/118
f 751/894/119 750/893/118 539/892/118
f 539/892/118 538/895/118 751/894/119
f 39/896/120 24/897/120 12/898/120
f 24/897/120 39/896/120 40/899/120
f 452/900/121 482/901/121 453/902/121
f 752/903/122 753/904/122 754/905/122
f 65/906/123 67/907/123 35/908/123
f 755/909/123 756/910/123 757/911/123
f 757/911/123 756/910/123 35/908/123
f 65/906/123 35/908/123 33/912/123
f 758/913/123 759/914/123 757/911/123
f 67/907/123 758/913/123 35/908/123
f 758/913/123 757/911/123 35/908/123
f 760/915/124 761/916/124 762/917/124
f 756/910/124 755/909/124 763/918/124
f 469/919/125 460/920/125 470/921/125
f 764/922/125 765/923/125 460/920/125
f 469/919/125 766/924/125 460/920/125
f 470/921/125 460/920/125 459/925/125
f 766/924/125 764/922/125 460/920/125
f 767/926/125 765/923/125 764/922/125
f 766/924/125 768/927/125 764/922/125
f 262/829/126 719/831/126 263/928/126
f 719/831/126 769/929/126 263/928/126
f 299/930/97 770/931/97 297/932/97
f 771/933/97 770/931/97 299/930/97
f 772/934/115 773/935/115 774/936/115
f 774/936/115 775/937/115 772/934/115
f 42/938/127 19/939/127 22/940/127
f 19/939/127 42/938/127 43/941/127
f 776/942/117 777/943/117 313/944/117
f 776/942/117 313/944/117 312/945/117
f 778/946/128 779/947/128 780/948/128
f 778/946/128 780/948/128 781/949/128
f 472/950/128 479/951/128 476/952/128
f 472/950/128 476/952/128 473/953/128
f 468/954/128 782/955/128 469/919/128
f 782/955/128 766/924/128 469/919/128
f 62/956/129 75/957/129 63/958/129
f 62/956/129 72/959/129 75/957/129
f 783/960/129 784/961/129 785/962/129
f 786/963/129 783/960/129 785/962/129
f 787/964/129 758/913/129 67/907/129
f 66/965/129 787/964/129 67/907/129
f 788/966/130 789/967/130 484/968/130
f 788/966/130 484/968/130 483/969/130
f 790/970/130 141/971/130 791/972/130
f 791/972/130 141/971/130 140/973/130
f 792/974/131 793/975/131 342/976/131
f 342/976/131 793/975/131 340/977/131
f 794/978/132 795/979/132 352/980/132
f 351/981/132 794/978/132 352/980/132
f 350/982/133 796/983/133 341/984/133
f 341/984/133 351/985/133 350/982/133
f 340/986/133 351/985/133 341/984/133
f 340/986/133 793/987/133 351/985/133
f 796/983/133 797/988/133 341/984/133
f 796/983/133 793/987/133 797/988/133
f 794/989/133 793/987/133 796/983/133
f 794/989/133 351/985/133 793/987/133
f 345/990/133 798/991/133 799/992/133
f 345/990/133 799/992/133 343/993/133
f 777/994/134 792/995/134 313/996/134
f 792/995/134 777/994/134 800/997/134
f 801/998/134 792/995/134 800/997/134
f 313/996/134 342/999/134 339/1000/134
f 313/996/134 339/1000/134 315/1001/134
f 315/1001/134 339/1000/134 346/1002/134
f 348/1003/134 346/1002/134 339/1000/134
f 313/996/134 792/995/134 342/999/134
f 802/1004/134 801/998/134 800/997/134
f 803/1005/134 802/1004/134 800/997/134
f 318/1006/134 347/1007/134 344/1008/134
f 321/1009/134 318/1006/134 344/1008/134
f 344/1008/134 804/1010/134 321/1009/134
f 804/1010/134 805/1011/134 321/1009/134
f 806/1012/134 807/1013/134 804/1010/134
f 804/1010/134 807/1013/134 805/1011/134
f 795/1014/135 808/1015/135 349/1016/135
f 352/1017/135 795/1014/135 349/1016/135
f 320/1018/136 317/1019/136 314/1020/136
f 298/1021/136 314/1020/136 317/1019/136
f 312/1022/136 314/1020/136 297/1023/136
f 297/1023/136 314/1020/136 298/1021/136
f 770/1024/136 776/1025/136 297/1023/136
f 776/1025/136 770/1024/136 809/1026/136
f 776/1025/136 809/1026/136 810/1027/136
f 811/1028/136 809/1026/136 812/1029/136
f 810/1027/136 809/1026/136 811/1028/136
f 297/1023/136 776/1025/136 312/1022/136
f 316/1030/136 813/1031/136 814/1032/136
f 316/1030/136 814/1032/136 310/1033/136
f 815/1034/136 814/1032/136 813/1031/136
f 816/1035/136 815/1034/136 813/1031/136
f 306/1036/136 319/1037/136 316/1030/136
f 306/1036/136 316/1030/136 310/1033/136
f 263/1038/137 771/1039/137 299/1040/137
f 263/1038/137 769/1041/137 771/1039/137
f 265/1042/137 263/1038/137 296/1043/137
f 263/1038/137 299/1040/137 296/1043/137
f 296/1043/137 308/1044/137 307/1045/137
f 265/1042/137 296/1043/137 307/1045/137
f 817/1046/137 818/1047/137 819/1048/137
f 820/1049/137 819/1048/137 818/1047/137
f 769/1041/137 818/1047/137 771/1039/137
f 771/1039/137 818/1047/137 817/1046/137
f 821/1050/137 822/1051/137 823/1052/137
f 822/1051/137 821/1050/137 278/1053/137
f 824/1054/137 823/1052/137 822/1051/137
f 309/1055/137 822/1051/137 278/1053/137
f 277/1056/137 309/1055/137 278/1053/137
f 309/1055/137 277/1056/137 311/1057/137
f 718/1058/138 825/1059/138 720/1060/138
f 825/1059/138 718/1058/138 826/1061/138
f 825/1059/138 826/1061/138 827/1062/138
f 240/1063/138 261/1064/138 264/1065/138
f 241/1066/138 240/1063/138 264/1065/138
f 241/1066/138 264/1065/138 279/1067/138
f 264/1065/138 276/1068/138 279/1067/138
f 827/1062/138 826/1061/138 828/1069/138
f 252/1070/138 254/1071/138 280/1072/138
f 829/1073/138 830/1074/138 280/1072/138
f 831/1075/138 830/1074/138 829/1073/138
f 831/1075/138 829/1073/138 832/1076/138
f 280/1072/138 830/1074/138 252/1070/138
f 254/1071/138 281/1077/138 280/1072/138
f 833/1078/139 834/1079/139 835/1080/139
f 835/1080/139 834/1079/139 836/1081/139
f 477/1082/139 487/1083/139 478/1084/139
f 487/1083/139 489/1085/139 478/1084/139
f 482/1086/139 452/1087/139 449/1088/139
f 837/1089/140 838/1090/140 839/1091/140
f 837/1089/140 840/1092/140 838/1090/140
f 753/1093/140 752/1094/140 841/1095/140
f 76/1096/140 104/1097/140 86/1098/140
f 86/1098/140 104/1097/140 101/1099/140
f 842/1100/141 843/1101/141 490/1102/141
f 490/1102/141 488/1103/141 842/1100/141
f 844/1104/142 845/1105/142 103/1106/142
f 102/1107/142 844/1104/142 103/1106/142
f 569/1108/143 846/1109/143 269/1110/143
f 267/1111/143 569/1108/143 269/1110/143
f 330/1112/144 553/1113/144 332/1114/144
f 553/1113/144 847/1115/144 332/1114/144
f 575/1116/145 590/1117/145 595/1118/145
f 575/1116/145 595/1118/145 596/1119/145
f 596/1119/145 284/1120/145 575/1116/145
f 258/1121/145 575/1116/145 284/1120/145
f 259/1122/145 575/1116/145 258/1121/145
f 258/1121/145 284/1120/145 292/1123/145
f 189/1124/136 690/1125/136 187/1126/136
f 187/1126/136 690/1125/136 848/1127/136
f 849/1128/146 215/1129/146 649/1130/146
f 649/1130/146 215/1129/146 214/1131/146
f 552/1132/147 850/1133/147 851/1134/147
f 551/1135/147 850/1133/147 552/1132/147
f 552/1132/147 333/1136/147 551/1135/147
f 323/1137/147 551/1135/147 333/1136/147
f 333/1136/147 325/1138/147 323/1137/147
f 325/1138/147 333/1136/147 329/1139/147
f 852/1140/148 200/1141/148 853/1142/148
f 200/1141/148 632/1143/148 853/1142/148
f 632/1143/148 200/1141/148 199/1144/148
f 304/1145/149 608/1146/149 303/1147/149
f 303/1147/149 608/1146/149 854/1148/149
f 632/1143/150 368/1149/150 367/1150/150
f 632/1143/150 367/1150/150 629/1151/150
f 632/1143/150 629/1151/150 855/1152/150
f 855/1152/150 853/1142/150 632/1143/150
f 856/1153/151 773/1154/151 772/1155/151
f 773/1154/151 856/1153/151 857/1156/151
f 40/1157/151 42/1158/151 22/1159/151
f 22/1159/151 24/1160/151 40/1157/151
f 591/1161/152 604/1162/152 224/1163/152
f 401/1164/153 457/1165/153 858/1166/153
f 458/1167/153 401/1164/153 400/1168/153
f 705/1169/153 704/1170/153 859/1171/153
f 705/1169/153 859/1171/153 737/1172/153
f 859/1171/153 702/1173/153 737/1172/153
f 701/1174/153 737/1172/153 702/1173/153
f 705/1169/153 737/1172/153 736/1175/153
f 736/1175/153 860/1176/153 705/1169/153
f 401/1164/153 458/1167/153 457/1165/153
f 861/1177/154 862/1178/154 863/1179/154
f 165/1180/154 170/1181/154 163/1182/154
f 165/1180/154 171/1183/154 170/1181/154
f 170/1181/154 706/1184/154 163/1182/154
f 185/1185/154 163/1182/154 706/1184/154
f 184/1186/154 163/1182/154 185/1185/154
f 163/1182/154 184/1186/154 742/1187/154
f 864/1188/154 865/1189/154 866/1190/154
f 419/1191/53 421/1192/53 867/1193/53
f 169/1194/155 197/1195/155 706/1184/155
f 692/1196/156 859/1171/156 704/1170/156
f 695/1197/156 704/1170/156 703/1198/156
f 695/1197/156 692/1196/156 704/1170/156
f 170/1181/155 169/1194/155 706/1184/155
f 197/1195/155 169/1194/155 188/1199/155
f 604/1162/157 603/1200/157 607/1201/157
f 603/1200/157 605/1202/157 607/1201/157
f 224/1163/152 604/1162/152 305/1203/152
f 305/1203/152 604/1162/152 607/1201/152
f 305/1203/152 219/1204/152 224/1163/152
f 219/1204/152 305/1203/152 302/1205/152
f 282/1206/157 597/1207/157 283/1208/157
f 603/1200/158 606/1209/158 605/1202/158
f 591/1161/158 589/1210/158 603/1200/158
f 589/1210/158 606/1209/158 603/1200/158
f 606/1209/158 589/1210/158 868/1211/158
f 868/1211/158 589/1210/158 869/1212/158
f 604/1162/152 591/1161/152 602/1213/152
f 602/1213/158 591/1161/158 603/1200/158
f 738/1214/134 870/1215/134 465/1216/134
f 467/1217/134 738/1214/134 465/1216/134
f 71/1218/134 741/1219/134 69/1220/134
f 69/1220/134 741/1219/134 871/1221/134
f 491/1102/159 872/1222/159 471/1223/159
f 473/1224/159 476/1225/159 478/1084/159
f 781/1226/159 780/1227/159 836/1081/159
f 873/1228/159 872/1222/159 491/1102/159
f 835/1080/159 836/1081/159 873/1228/159
f 873/1228/159 780/1227/159 872/1222/159
f 478/1084/159 489/1085/159 471/1223/159
f 471/1223/159 489/1085/159 491/1102/159
f 473/1224/159 478/1084/159 471/1223/159
f 836/1081/159 780/1227/159 873/1228/159
f 399/1229/160 398/1230/160 394/1231/160
f 394/1231/160 396/1232/160 399/1229/160
f 874/1233/160 875/1234/160 876/1235/160
f 877/1236/160 875/1234/160 874/1233/160
f 878/1237/160 734/1238/160 732/1239/160
f 878/1237/160 682/1240/160 734/1238/160
f 879/1241/160 682/1240/160 878/1237/160
f 679/1242/160 682/1240/160 694/1243/160
f 679/1242/160 694/1243/160 693/1244/160
f 682/1240/160 879/1241/160 694/1243/160
f 880/1245/160 881/1246/160 882/1247/160
f 117/1248/160 148/1249/160 167/1250/160
f 118/1251/160 117/1248/160 167/1250/160
f 118/1251/160 167/1250/160 166/1252/160
f 168/1253/160 167/1250/160 150/1254/160
f 150/1254/160 173/1255/160 168/1253/160
f 173/1255/160 172/1256/160 168/1253/160
f 150/1254/160 190/1257/160 173/1255/160
f 192/1258/160 173/1255/160 190/1257/160
f 883/1259/160 882/1247/160 881/1246/160
f 875/1234/160 884/1260/160 876/1235/160
f 121/1261/160 29/1262/160 159/1263/160
f 160/1264/160 159/1263/160 29/1262/160
f 121/1261/160 28/1265/160 29/1262/160
f 885/1266/160 121/1261/160 159/1263/160
f 886/1267/161 887/1268/161 888/1269/161
f 888/1269/161 889/1270/161 886/1267/161
f 889/1270/161 229/1271/161 886/1267/161
f 886/1267/161 229/1271/161 231/1272/161
f 887/1268/161 886/1267/161 890/1273/161
f 231/1272/161 890/1273/161 886/1267/161
f 890/1273/161 891/1274/161 887/1268/161
f 890/1273/161 231/1272/161 232/1275/161
f 891/1274/161 890/1273/161 892/1276/161
f 890/1273/161 232/1275/161 892/1276/161
f 892/1276/161 893/1277/161 891/1274/161
f 892/1276/161 232/1275/161 233/1278/161
f 893/1277/161 892/1276/161 559/1279/161
f 233/1278/161 559/1279/161 892/1276/161
f 559/1279/161 560/1280/161 893/1277/161
f 559/1279/161 233/1278/161 234/1281/161
f 238/1282/162 243/1283/162 239/1284/162
f 894/1285/162 243/1283/162 237/1286/162
f 894/1285/162 895/1287/162 717/1288/162
f 243/1283/162 894/1285/162 717/1288/162
f 895/1287/162 894/1285/162 896/1289/162
f 238/1282/162 237/1286/162 243/1283/162
f 75/1290/163 86/1098/163 63/1291/163
f 845/1105/163 897/1292/163 103/1106/163
f 86/1098/163 101/1099/163 60/1293/163
f 60/1293/163 101/1099/163 103/1106/163
f 63/1291/163 86/1098/163 60/1293/163
f 785/1294/163 840/1092/163 786/1295/163
f 840/1092/163 785/1294/163 845/1105/163
f 838/1090/163 840/1092/163 845/1105/163
f 845/1105/163 785/1294/163 897/1292/163
f 897/1292/163 60/1293/163 103/1106/163
f 105/1296/164 105/1297/164 105/1296/164
f 294/1298/165 898/1299/165 899/1300/165
f 898/1299/165 294/1298/165 295/1301/165
f 898/1299/165 900/1302/165 899/1300/165
f 900/1302/165 898/1299/165 901/1303/165
f 181/1304/85 127/1305/85 624/1306/85
f 902/1307/166 903/1308/166 904/1309/166
f 903/1308/166 905/1310/166 904/1309/166
f 904/1309/166 905/1310/166 710/1311/166
f 905/1310/166 709/1312/166 710/1311/166
f 106/1313/164 622/1314/164 906/1315/164
f 183/1316/164 106/1313/164 906/1315/164
f 109/1317/164 183/1316/164 907/1318/164
f 183/1316/164 908/1319/164 907/1318/164
f 638/1320/164 221/1321/164 909/1322/164
f 183/1316/164 109/1317/164 106/1323/164
f 228/1324/164 221/1321/164 638/1320/164
f 56/1325/167 51/1326/167 910/1327/167
f 910/1327/167 51/1326/167 911/1328/167
f 51/1326/167 49/1329/167 911/1328/167
f 911/1328/167 49/1329/167 716/1330/167
f 93/1331/168 912/1332/168 913/1333/168
f 912/1332/168 914/1334/168 913/1333/168
f 912/1332/168 93/1331/168 94/1335/168
f 447/1336/169 466/1337/169 915/1338/169
f 616/1339/170 916/1340/170 412/1341/170
f 616/1339/170 412/1341/170 411/1342/170
f 616/1339/170 613/1343/170 916/1340/170
f 613/1343/170 917/1344/170 916/1340/170
f 916/1340/170 917/1344/170 496/1345/170
f 916/1340/170 496/1345/170 499/1346/170
f 411/1342/170 410/1347/170 506/1348/170
f 125/1349/164 180/1350/164 124/1351/164
f 918/1352/169 915/1338/169 466/1337/169
f 919/1353/164 920/1354/164 921/1355/164
f 124/1351/164 919/1353/164 921/1355/164
f 124/1351/164 108/1356/164 919/1353/164
f 639/1357/164 620/1358/164 636/1359/164
f 620/1358/164 639/1357/164 623/1360/164
f 227/1361/164 636/1359/164 226/1362/164
f 620/1358/164 105/1297/164 179/1363/164
f 922/1364/164 923/1365/164 924/1366/164
f 923/1365/164 925/1367/164 924/1366/164
f 925/1367/164 926/1368/164 924/1366/164
f 927/1369/164 218/1370/164 926/1368/164
f 105/1296/164 107/1371/164 180/1350/164
f 179/1363/164 105/1296/164 180/1350/164
f 928/1372/164 929/1373/164 930/1374/164
f 920/1354/164 928/1372/164 930/1374/164
f 930/1374/164 921/1355/164 920/1354/164
f 921/1355/164 930/1374/164 124/1351/164
f 218/1370/164 927/1369/164 222/1375/164
f 860/1176/169 736/1175/169 464/1376/169
f 464/1376/169 931/1377/169 860/1176/169
f 464/1376/169 447/1336/169 931/1377/169
f 447/1336/169 451/1378/169 931/1377/169
f 447/1336/169 464/1376/169 466/1337/169
f 740/1379/169 733/1380/169 918/1352/169
f 918/1352/169 733/1380/169 915/1338/169
f 740/1379/169 731/1381/169 733/1380/169
f 731/1381/169 740/1379/169 739/1382/169
f 70/1383/169 932/1384/169 27/1385/169
f 27/1385/169 68/1386/169 70/1383/169
f 26/1387/169 68/1386/169 27/1385/169
f 26/1387/169 164/1388/169 68/1386/169
f 162/1389/169 164/1388/169 26/1387/169
f 933/1390/169 934/1391/169 932/1384/169
f 933/1390/169 932/1384/169 186/1392/169
f 932/1384/169 743/1393/169 186/1392/169
f 186/1392/169 743/1393/169 184/1186/169
f 742/1187/169 184/1186/169 743/1393/169
f 935/1394/119 543/1395/171 542/1396/171
f 542/1396/171 749/1397/119 935/1394/119
f 623/1360/164 105/1297/164 620/1358/164
f 639/1357/164 636/1359/164 640/1398/164
f 636/1359/164 227/1361/164 640/1398/164
f 925/1367/164 927/1369/164 926/1368/164
f 936/1399/164 927/1369/164 925/1367/164
f 922/1364/164 929/1373/164 928/1372/164
f 180/1350/164 107/1371/164 108/1356/164
f 124/1351/164 180/1350/164 108/1356/164
f 932/1384/169 934/1391/169 27/1385/169
f 77/1400/172 651/1401/172 937/1402/172
f 651/1401/172 77/1400/172 85/1403/172
f 143/1404/173 82/1405/173 144/1406/173
f 82/1405/173 143/1404/173 80/1407/173
f 519/1408/174 938/1409/174 518/1410/174
f 519/1408/174 939/1411/174 938/1409/174
f 179/1363/164 105/1297/164 105/1296/164
f 611/1412/170 615/1413/170 614/1414/170
f 610/1415/170 615/1413/170 611/1412/170
f 610/1415/170 940/1416/170 615/1413/170
f 940/1416/170 610/1415/170 941/1417/170
f 941/1417/170 610/1415/170 942/1418/170
f 943/1419/170 941/1417/170 944/1420/170
f 945/1421/170 943/1419/170 944/1420/170
f 945/1421/170 492/1422/170 497/1423/170
f 492/1422/170 493/1424/170 497/1423/170
f 493/1424/170 498/1425/170 497/1423/170
f 427/1426/170 498/1425/170 493/1424/170
f 498/1425/170 427/1426/170 500/1427/170
f 427/1426/170 493/1424/170 419/1191/170
f 419/1191/170 867/1193/170 427/1426/170
f 494/1428/170 867/1193/170 421/1192/170
f 505/1429/170 428/1430/170 427/1426/170
f 867/1193/170 505/1429/170 427/1426/170
f 942/1418/170 944/1420/170 941/1417/170
f 944/1420/170 942/1418/170 492/1422/170
f 945/1421/170 944/1420/170 492/1422/170
f 946/1431/175 947/1432/175 948/1433/175
f 697/1434/176 949/1435/176 950/1436/176
f 950/1436/176 698/1437/176 697/1434/176
f 951/1438/177 445/1439/177 712/1440/177
f 712/1440/177 445/1439/177 446/1441/177
f 18/1442/3 744/1443/178 952/1444/178
f 744/1443/178 18/1442/3 15/1445/3
f 953/1446/179 157/1447/179 714/1448/179
f 714/1448/179 157/1447/179 158/1449/179
f 88/1450/175 123/1451/175 122/1452/175
f 88/1450/175 122/1452/175 89/1453/175
f 89/1453/175 122/1452/175 912/1332/175
f 122/1452/175 946/1431/175 912/1332/175
f 912/1332/175 946/1431/175 914/1334/175
f 946/1431/175 948/1433/175 914/1334/175
f 954/1454/180 955/1455/180 646/1456/180
f 646/1456/180 645/1457/180 954/1454/180
f 514/1458/181 956/1459/181 513/1460/181
f 514/1458/181 957/1461/181 956/1459/181
f 957/1461/181 656/1462/181 956/1459/181
f 957/1461/181 653/1463/181 656/1462/181
f 106/1323/164 106/1323/164 183/1316/164
f 525/1464/174 659/1465/174 527/1466/174
f 527/1466/174 659/1465/174 958/1467/174
f 959/1468/182 672/1469/182 960/1470/182
f 959/1468/182 960/1470/182 544/1471/182
f 546/1472/182 959/1468/182 544/1471/182
f 672/1469/182 670/1473/182 960/1470/182
f 549/1474/182 670/1473/182 672/1469/182
f 672/1469/182 548/1475/182 549/1474/182
f 98/1476/168 657/1477/168 100/1478/168
f 100/1478/168 657/1477/168 961/1479/168
f 153/1480/183 4/1481/183 1/1482/183
f 962/1483/183 4/1481/183 153/1480/183
f 153/1480/183 963/1484/183 962/1483/183
f 151/1485/183 153/1480/183 1/1482/183
f 151/1485/183 1/1482/183 666/1486/183
f 667/1487/183 151/1485/183 666/1486/183
f 964/1488/171 965/1489/171 966/1490/171
f 966/1490/171 965/1489/171 967/1491/171
f 968/1492/184 441/1493/184 722/1494/184
f 722/1494/184 441/1493/184 442/1495/184
f 969/1496/185 176/1497/185 724/1498/185
f 724/1498/185 176/1497/185 177/1499/185
f 39/1500/178 12/1501/178 36/1502/178
f 12/1501/178 10/1503/178 36/1502/178
f 669/1504/186 970/1505/186 154/1506/186
f 669/1504/186 154/1506/186 152/1507/186
f 673/1508/187 971/1509/187 531/1510/187
f 673/1508/187 531/1510/187 529/1511/187
f 972/1512/188 973/1513/188 974/1514/188
f 974/1514/188 973/1513/188 975/1515/188
f 976/1516/189 977/1517/189 978/1518/189
f 978/1518/189 977/1517/189 979/1519/189
f 964/1488/190 966/1490/190 857/1156/190
f 857/1156/190 856/1153/190 964/1488/190
f 132/1520/191 58/1521/191 129/1522/191
f 58/1521/191 59/1523/191 129/1522/191
f 977/1517/192 980/1524/192 979/1519/192
f 979/1519/192 980/1524/192 981/1525/192
f 533/1526/193 677/1527/193 982/1528/193
f 677/1527/193 533/1526/193 535/1529/193
f 375/1530/194 580/1531/194 376/1532/194
f 580/1531/194 375/1530/194 585/1533/194
f 585/1533/194 581/1534/194 580/1531/194
f 581/1534/194 585/1533/194 586/1535/194
f 983/1536/195 7/1537/195 6/1538/195
f 983/1536/195 6/1538/195 674/1539/195
f 129/1522/196 59/1523/196 130/1540/196
f 59/1523/196 55/1541/196 130/1540/196
f 463/1542/197 455/1543/197 448/1544/197
f 404/1545/198 984/1546/199 985/1547/199
f 984/1546/199 404/1545/198 405/1548/198
f 985/1547/199 984/1546/199 986/1549/200
f 984/1546/199 987/1550/200 986/1549/200
f 573/1551/201 574/1552/201 988/1553/201
f 988/1553/201 572/1554/201 573/1551/201
f 574/1552/201 275/1555/201 988/1553/201
f 275/1555/201 574/1552/201 274/1556/201
f 960/1557/202 671/1558/202 989/1559/202
f 671/1558/202 960/1557/202 670/1560/202
f 990/1561/203 677/1562/203 676/1563/203
f 677/1562/203 990/1561/203 982/1564/203
f 750/1565/119 751/1566/119 967/1567/119
f 751/1566/119 966/1568/119 967/1567/119
f 750/1565/119 967/1567/119 991/1569/119
f 991/1569/119 748/1570/119 750/1565/119
f 749/1571/119 748/1570/119 991/1569/119
f 749/1571/119 991/1569/119 992/1572/119
f 749/1571/119 992/1572/119 993/1573/119
f 993/1573/119 935/1574/119 749/1571/119
f 935/1574/119 993/1573/119 774/1575/119
f 774/1575/119 994/1576/119 935/1574/119
f 995/1577/119 994/1576/119 774/1575/119
f 774/1575/119 773/1578/119 995/1577/119
f 996/1579/119 995/1577/119 773/1578/119
f 966/1568/119 751/1566/119 996/1579/119
f 996/1579/119 773/1578/119 966/1568/119
f 966/1568/119 773/1578/119 857/1580/119
f 997/1581/204 725/1582/204 708/1583/204
f 708/1583/204 725/1582/204 998/1584/204
f 708/1583/204 998/1584/204 999/1585/204
f 708/1583/204 999/1585/204 710/1586/204
f 726/1587/204 725/1582/204 997/1581/204
f 904/1588/204 710/1586/204 999/1585/204
f 729/1589/204 726/1587/204 997/1581/204
f 999/1585/204 729/1589/204 904/1588/204
f 997/1581/204 904/1588/204 729/1589/204
f 997/1581/204 1000/1590/204 904/1588/204
f 1000/1590/204 1001/1591/204 904/1588/204
f 997/1581/204 981/1592/204 1000/1590/204
f 902/1593/204 904/1588/204 1001/1591/204
f 1002/1594/204 981/1592/204 997/1581/204
f 1001/1591/204 978/1595/204 902/1593/204
f 902/1593/204 978/1595/204 1002/1594/204
f 979/1596/204 981/1592/204 1002/1594/204
f 1002/1594/204 978/1595/204 979/1596/204
f 1003/1597/205 764/1598/205 1004/1599/205
f 1003/1597/205 767/1600/205 764/1598/205
f 1005/1601/205 1003/1597/205 1004/1599/205
f 659/1602/206 660/1603/206 958/1604/206
f 958/1604/206 660/1603/206 1006/1605/206
f 915/1606/119 1007/1607/119 767/1600/119
f 767/1600/119 1007/1607/119 765/1608/119
f 1007/1607/119 1008/1609/119 765/1608/119
f 915/1606/119 767/1600/119 1003/1597/119
f 915/1606/119 1003/1597/119 1009/1610/119
f 915/1606/119 874/1611/119 1007/1607/119
f 915/1606/119 877/1612/119 874/1611/119
f 733/1613/119 877/1612/119 915/1606/119
f 733/1613/119 735/1614/119 877/1612/119
f 779/1615/205 1010/1616/205 872/1617/205
f 780/1618/205 779/1615/205 872/1617/205
f 1010/1616/205 1011/1619/205 872/1617/205
f 768/1620/205 1011/1619/205 1010/1616/205
f 768/1620/205 782/1621/205 1011/1619/205
f 782/1621/205 768/1620/205 766/1622/205
f 1012/1623/204 980/1624/204 977/1625/204
f 1013/1626/204 1012/1623/204 977/1625/204
f 977/1625/204 976/1627/204 1013/1626/204
f 730/1628/204 1014/1629/204 1015/1630/204
f 730/1628/204 1015/1630/204 727/1631/204
f 1015/1630/204 728/1632/204 727/1631/204
f 1016/1610/205 1017/1633/205 778/1634/205
f 834/1635/205 1016/1610/205 781/1636/205
f 1016/1610/205 778/1634/205 781/1636/205
f 834/1635/205 781/1636/205 836/1637/205
f 954/1638/207 699/1639/207 1018/1640/207
f 1018/1640/207 699/1639/207 698/1641/207
f 1019/1642/207 699/1639/207 954/1638/207
f 1018/1640/207 698/1641/207 950/1643/207
f 1020/1644/207 1019/1642/207 954/1638/207
f 1018/1640/207 950/1643/207 647/1645/207
f 954/1638/207 645/1646/207 1020/1644/207
f 950/1643/207 1020/1644/207 645/1646/207
f 645/1646/207 647/1645/207 950/1643/207
f 965/1567/119 1021/1572/119 1022/1569/119
f 965/1567/119 964/1568/119 1021/1572/119
f 964/1568/119 856/1580/119 1021/1572/119
f 1021/1572/119 856/1580/119 1023/1573/119
f 856/1580/119 772/1578/119 1023/1573/119
f 772/1578/119 775/1575/119 1023/1573/119
f 656/1647/208 655/1648/208 956/1649/208
f 956/1649/208 655/1648/208 1024/1650/208
f 959/1651/209 971/1652/209 672/1653/209
f 672/1653/210 971/1652/210 673/1654/210
f 738/1655/119 918/1656/119 870/1657/119
f 738/1655/119 740/1658/119 918/1656/119
f 661/1659/206 1025/1660/206 662/1661/206
f 1025/1660/206 661/1659/206 938/1662/206
f 661/1659/206 1026/1663/206 938/1662/206
f 939/1664/206 1025/1660/206 938/1662/206
f 1027/1665/211 654/1666/211 1028/1667/211
f 654/1666/211 612/1668/211 1028/1667/211
f 612/1668/211 654/1666/211 653/1669/211
f 612/1668/211 653/1669/211 610/1670/211
f 610/1670/211 653/1669/211 957/1671/211
f 942/1672/211 610/1670/211 957/1671/211
f 940/1673/212 917/1674/212 613/1675/212
f 917/1674/212 940/1673/212 941/1676/212
f 615/1677/212 940/1673/212 613/1675/212
f 619/1678/212 618/1679/212 1029/1680/212
f 1029/1680/212 618/1679/212 1030/1681/212
f 843/1682/205 835/1683/205 873/1684/205
f 833/1685/205 835/1683/205 842/1686/205
f 842/1686/205 835/1683/205 843/1682/205
f 1031/1687/213 875/1688/213 735/1614/213
f 877/1612/213 735/1614/213 875/1688/213
f 735/1614/213 682/1689/213 1031/1687/213
f 682/1689/213 681/1690/213 1031/1687/213
f 682/1689/213 735/1614/213 734/1691/213
f 1032/1692/207 949/1693/207 697/1694/207
f 1032/1692/207 697/1694/207 1033/1695/207
f 697/1694/207 696/1696/207 1033/1695/207
f 789/1697/214 1034/1698/214 1035/1699/214
f 789/1697/214 788/1700/214 1034/1698/214
f 701/1701/215 878/1702/215 737/1703/215
f 700/1704/215 878/1702/215 701/1701/215
f 700/1704/215 879/1705/215 878/1702/215
f 737/1703/215 878/1702/215 731/1613/215
f 878/1702/215 732/1691/215 731/1613/215
f 737/1703/215 731/1613/215 739/1658/215
f 876/1706/215 1007/1607/215 874/1611/215
f 711/1707/216 1036/1708/216 712/1709/216
f 712/1709/216 1036/1708/216 951/1710/216
f 694/1711/217 700/1704/217 692/1712/217
f 694/1711/217 879/1705/217 700/1704/217
f 692/1712/217 700/1704/217 702/1713/217
f 702/1713/217 859/1714/217 692/1712/217
f 721/1715/218 1037/1716/218 722/1717/218
f 722/1717/218 1037/1716/218 968/1718/218
f 1038/1719/119 689/1720/119 688/1721/119
f 1039/1722/119 1038/1719/119 688/1721/119
f 690/1723/119 693/1724/119 695/1725/119
f 679/1726/119 693/1724/119 690/1723/119
f 690/1723/119 678/1727/119 679/1726/119
f 848/1728/119 690/1723/119 695/1725/119
f 848/1728/119 695/1725/119 705/1729/119
f 848/1728/119 705/1729/119 860/1730/119
f 860/1730/119 931/1731/119 848/1728/119
f 695/1725/119 703/1732/119 705/1729/119
f 628/1733/219 855/1734/219 629/1735/219
f 1040/1736/219 855/1734/219 628/1733/219
f 423/1737/220 1041/1738/56 1042/1739/220
f 1041/1738/56 423/1737/220 426/1740/56
f 1043/1741/221 1044/1742/222 1045/1743/223
f 1044/1742/222 1043/1741/221 1046/1744/224
f 1046/1744/224 1047/1745/225 1044/1742/222
f 1047/1745/225 1046/1744/224 1048/1746/226
f 1048/1746/226 554/1747/227 1047/1745/225
f 554/1747/227 1048/1746/226 557/1748/227
f 887/1749/228 1043/1741/228 1049/1750/228
f 887/1749/228 1049/1750/228 888/1751/228
f 891/1752/228 1043/1741/228 887/1749/228
f 891/1752/228 1046/1744/228 1043/1741/228
f 893/1753/228 1046/1744/228 891/1752/228
f 893/1753/228 1048/1746/228 1046/1744/228
f 560/1754/228 1048/1746/228 893/1753/228
f 560/1754/228 557/1748/228 1048/1746/228
f 611/1755/229 614/1756/229 616/1757/229
f 589/1758/229 609/1759/229 611/1755/229
f 589/1758/229 616/1757/229 869/1760/229
f 869/1760/229 616/1757/229 411/1761/229
f 609/1759/229 589/1758/229 592/1762/229
f 869/1760/229 411/1761/229 506/1763/229
f 609/1759/229 592/1762/229 417/1764/229
f 869/1760/229 506/1763/229 494/1765/229
f 506/1763/229 867/1766/229 494/1765/229
f 505/1767/229 867/1766/229 506/1763/229
f 1050/1768/229 494/1765/229 495/1769/229
f 592/1762/229 1050/1768/229 507/1770/229
f 507/1770/229 495/1769/229 508/1771/229
f 633/1772/229 592/1762/229 507/1770/229
f 417/1764/229 592/1762/229 633/1772/229
f 417/1764/229 633/1772/229 627/1773/229
f 627/1773/229 633/1772/229 634/1774/229
f 418/1775/229 417/1764/229 627/1773/229
f 494/1765/229 1050/1768/229 869/1760/229
f 495/1769/229 507/1770/229 1050/1768/229
f 589/1758/229 611/1755/229 616/1757/229
f 849/1776/119 649/1777/119 1051/1778/119
f 1051/1778/119 649/1777/119 650/1779/119
f 894/1780/119 1052/1781/119 896/1782/119
f 894/1780/119 1053/1783/119 1052/1781/119
f 554/1747/230 1054/1784/231 1047/1745/230
f 1054/1784/231 554/1747/230 558/1785/232
f 558/1785/232 1055/1786/233 1054/1784/231
f 1055/1786/233 558/1785/232 562/1787/233
f 718/1788/119 717/1789/119 895/1782/119
f 718/1788/119 895/1782/119 826/1790/119
f 895/1782/119 1056/1791/119 826/1790/119
f 1057/1792/119 1058/1783/119 1059/1793/119
f 1060/1794/119 1059/1793/119 1058/1783/119
f 1043/1741/221 1061/1795/234 1049/1750/234
f 1061/1795/234 1043/1741/221 1045/1743/223
f 831/1796/119 1062/1791/119 1063/1797/119
f 831/1796/119 1063/1797/119 830/1798/119
f 575/1799/119 588/1800/119 590/1801/119
f 575/1799/119 577/1802/119 588/1800/119
f 825/1803/119 818/1804/119 720/1788/119
f 769/1805/119 720/1788/119 818/1804/119
f 720/1788/119 769/1805/119 719/1806/119
f 1064/1807/235 582/1808/235 579/1809/235
f 582/1808/235 1064/1807/235 1065/1810/235
f 829/1811/119 823/1812/119 828/1790/119
f 823/1812/119 827/1803/119 828/1790/119
f 823/1812/119 829/1811/119 821/1813/119
f 829/1811/119 828/1790/119 832/1796/119
f 1065/1810/236 900/1814/236 582/1808/236
f 900/1814/236 901/1815/236 582/1808/236
f 105/1816/80 106/1817/80 105/1816/80
f 608/1818/119 868/1819/119 854/1820/119
f 606/1821/119 868/1819/119 608/1818/119
f 854/1820/119 868/1819/119 1066/1822/119
f 868/1819/119 1067/1823/119 1066/1822/119
f 574/1824/237 573/1825/237 570/1826/237
f 576/1827/237 574/1824/237 570/1826/237
f 771/1828/119 809/1829/119 770/1830/119
f 771/1828/119 817/1831/119 809/1829/119
f 572/1832/237 988/1833/237 846/1834/237
f 572/1832/237 567/1835/237 571/1836/237
f 572/1832/237 846/1834/237 569/1837/237
f 569/1837/237 567/1835/237 572/1832/237
f 820/1804/119 814/1838/119 815/1839/119
f 820/1804/119 822/1840/119 814/1838/119
f 822/1840/119 820/1804/119 824/1812/119
f 815/1839/119 819/1831/119 820/1804/119
f 601/1841/238 593/1842/238 600/1843/238
f 1068/1844/238 1069/1845/238 1070/1846/238
f 594/1847/238 600/1843/238 593/1842/238
f 776/1848/119 800/1849/119 777/1850/119
f 810/1851/119 800/1849/119 776/1848/119
f 807/1852/119 813/1853/119 805/1854/119
f 807/1852/119 811/1851/119 812/1829/119
f 813/1853/119 812/1829/119 816/1839/119
f 807/1852/119 812/1829/119 813/1853/119
f 1071/1855/119 568/1856/119 550/1857/119
f 566/1858/119 550/1857/119 568/1856/119
f 850/1859/119 550/1857/119 566/1858/119
f 551/1860/119 550/1857/119 850/1859/119
f 550/1857/119 1072/1861/119 1071/1855/119
f 565/1862/119 564/1863/119 851/1864/119
f 847/1865/119 851/1864/119 564/1863/119
f 847/1865/119 552/1866/119 851/1864/119
f 552/1866/119 847/1865/119 553/1867/119
f 1073/1868/119 1074/1869/119 1075/1870/119
f 1073/1868/119 1076/1871/119 1074/1869/119
f 801/1872/119 797/1873/119 792/1874/119
f 793/1875/119 792/1874/119 797/1873/119
f 798/1876/119 802/1872/119 803/1849/119
f 798/1876/119 804/1877/119 799/1878/119
f 804/1877/119 803/1849/119 806/1852/119
f 804/1877/119 798/1876/119 803/1849/119
f 795/1879/119 796/1880/119 808/1881/119
f 795/1879/119 794/1882/119 796/1880/119
f 1077/1883/119 1078/1884/119 1079/1885/119
f 360/1886/239 361/1887/239 1080/1888/239
f 599/1889/239 598/1890/239 1081/1891/239
f 1080/1888/239 599/1889/239 1081/1891/239
f 360/1886/239 1080/1888/239 1081/1891/239
f 366/1892/240 630/1893/240 370/1894/240
f 381/1895/240 1082/1896/240 1083/1897/240
f 1083/1897/240 1082/1896/240 852/1898/240
f 1083/1897/240 382/1899/240 381/1895/240
f 1084/1900/241 583/1901/242 587/1902/242
f 583/1901/242 1084/1900/241 1085/1903/241
f 583/1901/242 586/1904/243 587/1902/242
f 586/1904/243 583/1901/242 581/1905/243
f 1086/1906/244 1087/1907/245 1088/1908/245
f 1087/1907/245 1086/1906/244 1089/1909/244
f 1089/1909/244 1086/1906/244 1090/1910/119
f 1091/1911/119 1090/1910/119 1086/1906/244
f 1092/1912/119 1090/1910/119 1091/1911/119
f 1090/1910/119 1092/1912/119 1093/1913/119
f 631/1914/246 363/1915/246 365/1916/246
f 631/1914/246 1094/1917/246 363/1915/246
f 1094/1917/246 1095/1918/246 363/1915/246
f 1096/1919/246 1094/1917/246 631/1914/246
f 370/1894/246 631/1914/246 365/1916/246
f 631/1914/246 370/1894/246 630/1893/246
f 384/1920/246 370/1894/246 365/1916/246
f 622/1921/247 909/1922/247 906/1923/247
f 203/1924/21 1097/1925/248 204/1926/248
f 1097/1925/248 203/1924/21 1098/1927/21
f 986/1928/249 1099/1929/250 1100/1930/250
f 1099/1929/250 986/1928/249 987/1931/249
f 1099/1929/250 1087/1907/245 1100/1930/250
f 1087/1907/245 1099/1929/250 1088/1908/245
f 1101/1932/251 862/1933/251 861/1934/251
f 1101/1932/251 880/1935/251 862/1933/251
f 880/1935/251 1102/1936/251 862/1933/251
f 881/1937/251 880/1935/251 1101/1932/251
f 865/1938/251 881/1937/251 1101/1932/251
f 881/1937/251 865/1938/251 864/1939/251
f 1103/1940/252 1104/1941/252 882/1942/252
f 1103/1940/252 1105/1943/252 1104/1941/252
f 882/1942/252 883/1937/252 1103/1940/252
f 683/1944/253 691/1945/253 684/1946/253
f 621/1947/247 637/1948/247 636/1949/247
f 636/1949/247 620/1950/247 621/1947/247
f 1106/1951/247 1107/1952/247 924/1953/247
f 926/1954/247 1106/1951/247 924/1953/247
f 1108/1955/247 1109/1956/247 1110/1957/247
f 1110/1957/247 1109/1956/247 1111/1958/247
f 1108/1955/247 1112/1959/247 1109/1956/247
f 638/1960/247 623/1961/247 639/1962/247
f 623/1961/247 638/1960/247 622/1921/247
f 906/1923/247 909/1922/247 936/1963/247
f 906/1923/247 936/1963/247 925/1964/247
f 625/1965/247 1113/1966/247 626/1967/247
f 642/1968/247 625/1965/247 644/1969/247
f 1113/1966/247 625/1965/247 642/1968/247
f 723/1970/254 1114/1971/254 724/1972/254
f 724/1972/254 1114/1971/254 969/1973/254
f 713/1974/255 1115/1975/255 714/1976/255
f 714/1976/255 1115/1975/255 953/1977/255
f 865/1938/119 1101/1932/119 1116/1978/119
f 934/1979/119 760/1980/119 1116/1978/119
f 1116/1978/119 760/1980/119 1117/1981/119
f 1117/1981/119 865/1938/119 1116/1978/119
f 760/1980/119 934/1979/119 841/1982/119
f 761/1983/119 865/1938/119 1117/1981/119
f 841/1982/119 761/1983/119 760/1980/119
f 841/1982/119 865/1938/119 761/1983/119
f 841/1982/119 866/1984/119 865/1938/119
f 934/1979/119 933/1985/119 754/1986/119
f 866/1984/119 754/1986/119 933/1985/119
f 934/1979/119 754/1986/119 753/1987/119
f 866/1984/119 841/1982/119 754/1986/119
f 934/1979/119 753/1987/119 841/1982/119
f 755/1988/256 757/1989/256 763/1990/256
f 757/1989/256 1118/1991/256 1119/1992/256
f 763/1990/256 757/1989/256 1119/1992/256
f 762/1993/256 761/1983/256 1117/1981/256
f 784/1994/256 1120/1995/256 897/1996/256
f 785/1997/256 784/1994/256 897/1996/256
f 759/1998/256 1121/1999/256 1120/1995/256
f 759/1998/256 787/2000/256 1121/1999/256
f 759/1998/256 758/2001/256 787/2000/256
f 1120/1995/256 1121/1999/256 897/1996/256
f 932/2002/119 871/2003/119 741/2004/119
f 741/2004/119 743/2005/119 932/2002/119
f 786/2006/256 837/2007/256 783/2008/256
f 1122/2009/256 783/2008/256 837/2007/256
f 837/2007/256 786/2006/256 840/2010/256
f 754/1986/256 841/1982/256 752/2011/256
f 790/2012/257 791/2013/257 1123/2014/257
f 790/2012/257 1123/2014/257 1124/2015/257
f 1125/1978/256 839/2016/256 838/2017/256
f 1125/1978/256 845/2018/256 844/2019/256
f 845/2018/256 1125/1978/256 838/2017/256
f 220/2020/258 635/2021/258 1106/1951/258
f 220/2020/258 1106/1951/258 926/1954/258
f 218/2022/258 220/2020/258 926/1954/258
f 929/2023/258 1126/2024/258 930/2025/258
f 929/2023/258 1127/2026/258 1126/2024/258
f 1128/2027/259 1129/2028/259 1130/2029/259
f 1129/2028/259 1131/2030/259 1130/2029/259
f 221/2031/259 222/2032/259 909/1922/259
f 909/1922/259 222/2032/259 927/2033/259
f 907/2034/259 908/2035/259 922/2036/259
f 909/1922/259 927/2033/259 936/1963/259
f 907/2034/259 922/2036/259 928/2037/259
f 1112/1959/259 641/2038/259 643/2039/259
f 1112/1959/259 643/2039/259 1109/1956/259
f 908/2035/259 923/2040/259 922/2036/259
f 1132/2041/260 1133/2042/260 1134/2043/260
f 1132/2041/260 1135/2044/260 1133/2042/260
f 946/2045/260 1132/2041/260 1134/2043/260
f 947/2046/260 946/2045/260 1134/2043/260
f 947/2046/260 1134/2043/260 1136/2047/260
f 913/2048/261 1136/2047/261 663/2049/261
f 1136/2047/261 913/2048/261 948/2050/261
f 1134/2043/261 663/2049/261 1136/2047/261
f 1134/2043/261 664/2051/261 663/2049/261
f 913/2048/261 663/2049/261 686/2052/261
f 913/2048/261 686/2052/261 685/2053/261
f 1137/2054/261 686/2052/261 663/2049/261
f 663/2049/261 1138/2055/261 1137/2054/261
f 914/2056/261 948/2050/261 913/2048/261
f 1109/1956/259 643/2039/259 1130/2029/259
f 657/2057/261 658/2058/261 961/2059/261
f 961/2059/261 658/2058/261 1139/2060/261
f 1131/2030/259 1109/1956/259 1130/2029/259
f 970/2061/262 668/2062/262 1140/2063/262
f 668/2062/262 970/2061/262 669/2064/262
f 983/2065/263 675/2066/263 1141/2067/263
f 675/2066/263 983/2065/263 674/2068/263
f 1142/2069/119 747/2070/119 1143/2071/119
f 747/2070/119 1142/2069/119 746/2072/119
f 1144/2073/119 746/2072/119 1142/2069/119
f 746/2072/119 1144/2073/119 745/2074/119
f 1144/2073/119 744/2075/119 745/2074/119
f 952/2076/119 744/2075/119 1144/2073/119
f 1140/2063/264 665/2077/264 1145/2078/264
f 1140/2063/264 1145/2078/264 963/2079/264
f 1145/2078/264 962/2080/264 963/2079/264
f 665/2077/264 1140/2063/264 668/2062/264
f 666/2081/264 665/2077/264 668/2062/264
f 668/2062/264 667/2082/264 666/2081/264
f 808/2083/265 796/2084/265 350/2085/265
f 349/2086/265 808/2083/265 350/2085/265
f 1077/2087/265 1079/2088/265 353/2089/265
f 355/2090/265 1077/2087/265 353/2089/265
f 1078/2091/266 804/2092/266 354/2093/266
f 354/2093/266 804/2092/266 344/2094/266
f 344/2094/266 343/2095/266 355/2090/266
f 343/2095/266 1077/2087/266 355/2090/266
f 799/2096/266 1077/2087/266 343/2095/266
f 354/2093/266 344/2094/266 355/2090/266
f 1077/2087/266 799/2096/266 804/2092/266
f 804/2092/266 1078/2091/266 1077/2087/266
f 341/2097/266 797/2098/266 345/2099/266
f 341/2097/266 345/2099/266 339/2100/266
f 797/2098/266 798/2101/266 345/2099/266
f 798/2101/266 801/2102/266 802/2103/266
f 339/2100/266 345/2099/266 348/2104/266
f 797/2098/266 801/2102/266 798/2101/266
f 321/2105/267 805/2106/267 316/2107/267
f 813/2108/267 316/2107/267 805/2106/267
f 810/2109/267 811/2110/267 807/2111/267
f 800/2112/267 810/2109/267 807/2111/267
f 803/2113/267 807/2111/267 806/2114/267
f 315/2115/267 320/2116/267 314/2117/267
f 800/2112/267 807/2111/267 803/2113/267
f 315/2115/267 346/2118/267 318/2119/267
f 347/2120/267 318/2119/267 346/2118/267
f 318/2119/267 320/2116/267 315/2115/267
f 1035/2121/268 1034/2122/268 486/2123/268
f 1035/2121/268 486/2123/268 485/2124/268
f 1124/2125/268 1123/2126/268 139/2127/268
f 1124/2125/268 139/2127/268 138/2128/268
f 872/2129/269 1011/2130/269 475/2131/269
f 872/2129/269 475/2131/269 471/2132/269
f 60/2133/270 897/2134/270 64/2135/270
f 1121/2136/270 64/2135/270 897/2134/270
f 310/2137/271 814/2138/271 822/2139/271
f 822/2139/271 309/2140/271 310/2137/271
f 817/2141/271 819/2142/271 815/2143/271
f 817/2141/271 815/2143/271 809/2144/271
f 319/2145/271 306/2146/271 317/2147/271
f 306/2146/271 308/2148/271 296/2149/271
f 298/2150/271 306/2146/271 296/2149/271
f 298/2150/271 317/2147/271 306/2146/271
f 812/2151/271 809/2144/271 815/2143/271
f 812/2151/271 815/2143/271 816/2152/271
f 490/2153/272 843/2154/272 491/2155/272
f 843/2154/272 873/2156/272 491/2155/272
f 280/2157/273 278/2158/273 821/2159/273
f 829/2160/273 280/2157/273 821/2159/273
f 915/2161/274 1009/2162/274 1016/2163/274
f 915/2161/274 1016/2163/274 834/2164/274
f 842/2165/274 915/2161/274 834/2164/274
f 834/2164/274 833/2166/274 842/2165/274
f 915/2161/274 842/2165/274 447/2167/274
f 447/2167/274 842/2165/274 488/2168/274
f 477/2169/274 447/2167/274 488/2168/274
f 488/2168/274 487/2170/274 477/2169/274
f 477/2169/274 450/2171/274 447/2167/274
f 450/2171/274 477/2169/274 480/2172/274
f 844/2173/274 934/2174/274 1125/2175/274
f 27/2176/274 102/2177/274 76/2178/274
f 102/2177/274 104/2179/274 76/2178/274
f 27/2176/274 844/2173/274 102/2177/274
f 27/2176/274 934/2174/274 844/2173/274
f 27/2176/274 76/2178/274 25/2180/274
f 76/2178/274 74/2181/274 25/2180/274
f 934/2174/274 1116/2182/274 1125/2175/274
f 465/2183/267 870/2184/267 466/2185/267
f 870/2184/267 918/2186/267 466/2185/267
f 69/2187/267 871/2188/267 70/2189/267
f 871/2188/267 932/2190/267 70/2189/267
f 952/2191/275 20/2192/275 18/2193/3
f 20/2192/275 952/2191/275 1144/2194/275
f 1144/2194/275 21/2195/275 20/2192/275
f 21/2195/275 1144/2194/275 1142/2196/275
f 1142/2196/275 23/2197/3 21/2195/275
f 23/2197/3 1142/2196/275 1143/2198/275
f 543/2199/276 935/2200/119 994/2201/276
f 994/2201/276 540/2202/276 543/2199/276
f 540/2202/276 994/2201/276 995/2203/276
f 995/2203/276 536/2204/276 540/2202/276
f 536/2204/276 995/2203/276 996/2205/119
f 996/2205/119 537/2206/276 536/2204/276
f 265/2207/273 307/2208/273 277/2209/273
f 307/2208/273 311/2210/273 277/2209/273
f 276/2211/273 265/2207/273 277/2209/273
f 264/2212/273 265/2207/273 276/2211/273
f 820/2213/273 818/2214/273 823/2215/273
f 820/2213/273 823/2215/273 824/2216/273
f 823/2215/273 825/2217/273 827/2218/273
f 818/2214/273 825/2217/273 823/2215/273
f 1118/2219/277 757/2220/277 759/2221/277
f 1118/2219/277 759/2221/277 1120/2222/277
f 65/2223/277 33/2224/277 61/2225/277
f 61/2225/277 33/2224/277 32/2226/277
f 57/2227/278 910/2228/278 1146/2229/278
f 910/2228/278 57/2227/278 56/2230/278
f 862/2231/279 1102/2232/279 885/2233/279
f 862/2231/279 885/2233/279 863/2234/279
f 863/2234/279 159/2235/279 161/2236/279
f 885/2233/279 159/2235/279 863/2234/279
f 858/2237/280 884/2238/280 401/2239/280
f 884/2238/280 406/2240/280 401/2239/280
f 1008/2241/280 884/2238/280 858/2237/280
f 1008/2241/280 876/2242/280 884/2238/280
f 1007/2243/280 876/2242/280 1008/2241/280
f 884/2238/281 395/2244/281 406/2240/281
f 884/2238/281 875/2245/281 395/2244/281
f 875/2245/281 1031/2246/281 395/2244/281
f 406/2240/281 395/2244/281 394/2247/281
f 394/2247/281 398/2248/281 406/2240/281
f 882/2249/282 1104/2250/282 1102/2232/282
f 880/2251/282 882/2249/282 1102/2232/282
f 1104/2250/282 120/2252/282 1102/2232/282
f 1102/2232/282 120/2252/282 885/2233/282
f 885/2233/282 120/2252/282 121/2253/282
f 1002/2254/283 1147/2255/283 903/2256/283
f 903/2256/283 902/2257/283 1002/2254/283
f 235/2258/284 242/2259/284 255/2260/284
f 253/2261/284 255/2260/284 242/2259/284
f 238/2262/284 242/2259/284 235/2258/284
f 1063/2263/284 235/2258/284 255/2260/284
f 1063/2263/284 1052/2264/284 235/2258/284
f 1056/2265/284 1052/2264/284 1063/2263/284
f 1056/2265/284 1063/2263/284 1062/2266/284
f 895/2267/284 896/2268/284 1056/2265/284
f 1056/2265/284 896/2268/284 1052/2264/284
f 242/2259/284 238/2262/284 239/2269/284
f 779/2270/285 1004/2271/285 1010/2272/285
f 1005/2273/285 1004/2271/285 779/2270/285
f 1017/2274/285 1005/2273/285 778/2275/285
f 456/2276/285 463/2277/285 448/2278/285
f 244/2279/284 247/2280/284 1057/2281/284
f 1057/2281/284 1059/2282/284 244/2279/284
f 462/2283/285 472/2284/285 474/2285/285
f 462/2283/285 461/2286/285 472/2284/285
f 472/2284/285 461/2286/285 481/2287/285
f 481/2287/285 479/2288/285 472/2284/285
f 1005/2273/285 779/2270/285 778/2275/285
f 32/2226/286 73/2289/286 62/2290/286
f 783/2291/286 1122/2292/286 784/2293/286
f 1119/2294/286 784/2293/286 1122/2292/286
f 760/2295/286 762/2296/286 1117/2297/286
f 62/2290/286 61/2225/286 32/2226/286
f 32/2226/286 34/2298/286 73/2289/286
f 1119/2294/286 1118/2219/286 784/2293/286
f 1120/2222/286 784/2293/286 1118/2219/286
f 73/2289/286 72/2299/286 62/2290/286
f 1037/2300/287 439/2301/287 968/2302/287
f 968/2302/287 439/2301/287 441/2303/287
f 1114/2304/288 174/2305/288 969/2306/288
f 969/2306/288 174/2305/288 176/2307/288
f 830/2308/289 1063/2263/289 252/2309/289
f 255/2260/289 252/2309/289 1063/2263/289
f 828/2310/289 831/2311/289 832/2312/289
f 253/2261/289 242/2259/289 241/2313/289
f 254/2314/289 253/2261/289 241/2313/289
f 826/2315/289 1056/2265/289 831/2311/289
f 1056/2265/289 1062/2266/289 831/2311/289
f 828/2310/289 826/2315/289 831/2311/289
f 279/2316/289 254/2314/289 241/2313/289
f 281/2317/289 254/2314/289 279/2316/289
f 400/2318/271 399/2319/271 396/2320/271
f 454/2321/271 458/2322/271 400/2318/271
f 1053/2323/271 454/2321/271 400/2318/271
f 1053/2323/271 400/2318/271 396/2320/271
f 1053/2323/271 451/2324/271 454/2321/271
f 1060/2325/271 1053/2323/271 396/2320/271
f 1060/2325/271 1058/2326/271 1053/2323/271
f 1060/2325/271 396/2320/271 393/2327/271
f 245/2328/271 1060/2325/271 393/2327/271
f 393/2327/271 1103/2329/271 245/2328/271
f 245/2328/271 1103/2329/271 883/2330/271
f 246/2331/271 245/2328/271 883/2330/271
f 1053/2323/271 848/2332/271 451/2324/271
f 848/2332/271 931/2333/271 451/2324/271
f 848/2332/271 1053/2323/271 894/2334/271
f 894/2334/271 237/2335/271 848/2332/271
f 237/2335/271 187/2336/271 848/2332/271
f 237/2335/271 933/2337/271 187/2336/271
f 933/2337/271 186/2338/271 187/2336/271
f 237/2335/271 866/2339/271 933/2337/271
f 237/2335/271 864/2340/271 866/2339/271
f 237/2335/271 236/2341/271 864/2340/271
f 236/2341/271 881/2342/271 864/2340/271
f 236/2341/271 246/2331/271 883/2330/271
f 236/2341/271 883/2330/271 881/2342/271
f 128/2343/290 53/2344/290 131/2345/290
f 53/2344/290 54/2346/290 131/2345/290
f 128/2343/291 130/2347/291 55/2348/291
f 55/2348/291 53/2344/291 128/2343/291
f 965/2349/276 1022/2350/276 991/2351/276
f 991/2351/276 967/2352/276 965/2349/276
f 36/2353/275 13/2354/275 37/2355/275
f 13/2354/275 36/2353/275 10/2356/275
f 1012/2357/292 1013/2358/292 1000/2359/292
f 1000/2359/292 1013/2358/292 1001/2360/292
f 1036/2361/293 443/2362/293 951/2363/293
f 951/2363/293 443/2362/293 445/2364/293
f 1115/2365/294 155/2366/294 953/2367/294
f 953/2367/294 155/2366/294 157/2368/294
f 1012/2357/295 981/2369/295 980/2370/295
f 981/2369/295 1012/2357/295 1000/2359/295
f 134/2371/296 48/2372/296 135/2373/296
f 48/2372/296 134/2371/296 47/2374/296
f 1015/2375/297 1014/2376/297 999/2377/297
f 999/2377/297 998/2378/297 1015/2375/297
f 137/2379/298 47/2374/298 134/2371/298
f 47/2374/298 137/2379/298 46/2380/298
f 215/2381/299 849/2382/299 217/2383/299
f 217/2383/299 849/2382/299 1051/2384/299
f 728/2385/300 1015/2375/300 998/2378/300
f 998/2378/300 725/2386/300 728/2385/300
f 1006/2387/301 526/2388/301 958/2389/301
f 958/2389/301 526/2388/301 527/2390/301
f 1094/2391/302 200/2392/302 1095/2393/302
f 1095/2393/302 200/2392/302 852/2394/302
f 1095/2393/302 852/2394/302 1082/2395/302
f 377/2396/303 855/2397/303 378/2398/303
f 378/2398/303 855/2397/303 1040/2399/303
f 853/2400/303 855/2397/303 377/2396/303
f 853/2400/303 377/2396/303 852/2394/303
f 852/2394/303 377/2396/303 1083/2401/303
f 364/2402/303 1148/2403/303 362/2404/303
f 1139/2405/304 99/2406/304 961/2407/304
f 961/2407/304 99/2406/304 100/2408/304
f 518/2409/301 938/2410/301 517/2411/301
f 938/2410/301 680/2412/301 517/2411/301
f 523/2413/301 680/2412/301 521/2414/301
f 521/2414/301 680/2412/301 938/2410/301
f 938/2410/301 1026/2415/301 521/2414/301
f 93/2416/304 913/2417/304 91/2418/304
f 687/2419/304 91/2418/304 913/2417/304
f 91/2418/304 687/2419/304 1138/2420/304
f 1137/2421/304 1138/2420/304 687/2419/304
f 913/2417/304 685/2422/304 687/2419/304
f 960/2423/301 989/2424/301 545/2425/301
f 544/2426/301 960/2423/301 545/2425/301
f 513/2427/305 956/2428/305 519/2429/305
f 1024/2430/305 1025/2431/305 939/2432/305
f 956/2428/305 1024/2430/305 939/2432/305
f 939/2432/305 519/2429/305 956/2428/305
f 513/2427/305 519/2429/305 516/2433/305
f 516/2433/305 512/2434/305 513/2427/305
f 990/2435/306 533/2436/306 982/2437/306
f 533/2436/306 990/2435/306 534/2438/306
f 962/2439/304 1145/2440/304 2/2441/304
f 962/2439/304 2/2441/304 4/2442/304
f 971/2443/301 959/2444/301 546/2445/301
f 546/2445/301 530/2446/301 971/2443/301
f 971/2443/301 530/2446/301 531/2447/301
f 87/2448/307 89/2449/307 94/2450/307
f 89/2449/307 912/2451/307 94/2450/307
f 94/2450/307 92/2452/307 87/2448/307
f 947/2453/307 1136/2454/307 948/2455/307
f 5/2456/308 983/2457/308 1141/2458/308
f 983/2457/308 5/2456/308 7/2459/308
f 970/2460/304 1140/2461/304 963/2462/304
f 963/2462/304 153/2463/304 970/2460/304
f 970/2460/304 153/2463/304 154/2464/304
f 198/2465/309 1094/2391/309 1096/2466/309
f 1094/2391/309 198/2465/309 200/2392/309
f 78/2467/310 937/2468/310 1149/2469/310
f 937/2468/310 78/2467/310 77/2470/310
f 1027/2471/311 1028/2472/311 1150/2473/311
f 492/2474/311 514/2475/311 510/2476/311
f 510/2476/311 413/2477/311 492/2474/311
f 942/2478/311 957/2479/311 514/2475/311
f 492/2474/311 942/2478/311 514/2475/311
f 1018/2480/312 1151/2481/312 955/2482/312
f 955/2482/312 954/2483/312 1018/2480/312
f 930/2484/313 1126/2485/313 946/2486/313
f 1126/2485/313 1132/2487/313 946/2486/313
f 122/2488/313 930/2484/313 946/2486/313
f 124/2489/313 930/2484/313 122/2488/313
f 1045/2490/314 388/2491/314 1061/2492/314
f 388/2491/314 1045/2490/314 387/2493/314
f 379/2494/315 378/2398/315 1040/2399/315
f 1092/2495/316 1091/2496/316 208/2497/316
f 208/2497/316 260/2498/316 1092/2495/316
f 1133/2499/317 114/2500/317 115/2501/317
f 1128/2502/317 1133/2499/317 1135/2503/317
f 1133/2499/317 1128/2502/317 1130/2504/317
f 1130/2504/317 114/2500/317 1133/2499/317
f 907/2505/317 928/2506/317 920/2507/317
f 907/2505/317 919/2508/317 109/2509/317
f 920/2507/317 919/2508/317 907/2505/317
f 109/2509/317 919/2508/317 108/2510/317
f 496/2511/318 945/2512/318 497/2513/318
f 501/2514/318 1030/2515/318 502/2516/318
f 511/2517/318 1030/2515/318 501/2514/318
f 1029/2518/318 1030/2515/318 1152/2519/318
f 1152/2519/318 1030/2515/318 511/2517/318
f 496/2511/318 917/2520/318 945/2512/318
f 943/2521/318 945/2512/318 917/2520/318
f 917/2520/318 941/2522/318 943/2521/318
f 509/2517/318 511/2517/318 501/2514/318
f 1153/2523/319 1061/2492/319 388/2491/319
f 1153/2523/319 388/2491/319 1154/2524/319
f 1092/2495/319 1153/2523/319 1154/2524/319
f 1153/2523/319 1092/2495/319 260/2498/319
f 389/2525/320 1155/2526/320 1156/2527/320
f 1155/2526/320 389/2525/320 386/2528/320
f 1155/2526/320 1093/2529/320 1156/2527/320
f 1093/2529/320 1155/2526/320 1090/2530/320
f 424/2531/321 1042/2532/321 1041/2533/56
f 424/2531/321 1041/2533/56 425/2534/56
f 922/2535/322 924/2536/322 929/2537/322
f 183/2538/322 906/2539/322 908/2540/322
f 1157/2541/323 371/2542/323 373/2543/323
f 373/2543/323 1158/2544/323 1157/2541/323
f 1084/2545/323 1157/2541/323 1158/2544/323
f 1158/2544/323 1085/2546/323 1084/2545/323
f 924/2536/322 1107/2547/322 929/2537/322
f 1107/2547/322 1127/2548/322 929/2537/322
f 142/2549/324 144/2550/324 82/2551/324
f 82/2551/324 83/2552/324 142/2549/324
f 415/2553/325 419/2554/325 493/2555/325
f 415/2553/325 420/2556/325 419/2554/325
f 412/2557/325 916/2558/325 499/2559/325
f 906/2539/322 925/2560/322 908/2540/322
f 908/2540/322 925/2560/322 923/2561/322
f 1129/2562/322 1111/2563/322 1131/2564/322
f 1159/2565/322 1111/2563/322 1129/2562/322
f 1110/2566/322 1111/2563/322 1159/2565/322
f 412/2557/325 500/2567/325 427/2568/325
f 412/2557/325 499/2559/325 500/2567/325
f 503/2569/325 504/2570/325 414/2571/325
f 504/2570/325 434/2572/325 438/2573/325
f 414/2571/325 504/2570/325 438/2573/325
f 1032/2574/326 950/2575/326 949/2576/326
f 950/2575/326 1032/2574/326 1020/2577/326
f 854/2578/327 1066/2579/327 300/2580/327
f 303/2581/327 854/2578/327 300/2580/327
f 1098/2582/21 205/2583/302 1097/2584/302
f 205/2583/302 1098/2582/21 202/2585/21
f 869/2586/328 1050/2587/328 359/2588/328
f 1070/2589/328 869/2586/328 359/2588/328
f 868/2590/328 869/2586/328 1067/2591/328
f 1067/2591/328 869/2586/328 1070/2589/328
f 1069/2592/328 1067/2591/328 1070/2589/328
f 360/2593/328 1070/2589/328 359/2588/328
f 360/2593/328 1160/2594/328 1070/2589/328
f 1160/2594/328 360/2593/328 301/2595/328
f 1160/2594/328 301/2595/328 1161/2596/328
f 301/2595/328 360/2593/328 1081/2597/328
f 301/2595/328 1081/2597/328 223/2598/328
f 219/2599/328 301/2595/328 223/2598/328
f 219/2599/328 302/2600/328 301/2595/328
f 1068/2601/329 1070/2589/329 1160/2594/329
f 1068/2601/329 1160/2594/329 1161/2596/329
f 361/2602/329 358/2603/329 1080/2604/329
f 248/2605/330 1088/2606/330 1099/2607/330
f 1088/2606/330 248/2605/330 210/2608/330
f 1054/2609/331 392/2610/331 1047/2611/331
f 392/2610/331 1054/2609/331 402/2612/331
f 570/2613/332 271/2614/332 576/2615/332
f 576/2615/332 271/2614/332 270/2616/332
f 1061/2492/333 1162/2617/333 1049/2618/333
f 1162/2617/333 1061/2492/333 1153/2523/333
f 260/2498/333 1162/2617/333 1153/2523/333
f 1162/2617/333 260/2498/333 230/2619/333
f 1064/2620/334 1163/2621/334 1065/2622/334
f 1163/2621/334 1064/2620/334 1164/2623/334
f 286/2624/334 1163/2621/334 1164/2623/334
f 1163/2621/334 286/2624/334 285/2625/334
f 1049/2618/335 889/2626/335 888/2627/335
f 889/2626/335 1049/2618/335 1162/2617/335
f 889/2626/335 1162/2617/335 230/2619/335
f 889/2626/335 230/2619/335 229/2628/335
f 403/2629/336 1165/2630/337 391/2631/337
f 1165/2630/337 403/2629/336 1166/2632/338
f 404/2633/339 1166/2632/338 403/2629/336
f 1166/2632/338 404/2633/339 985/2634/271
f 986/2635/340 1166/2632/338 985/2634/271
f 1166/2632/338 986/2635/340 1100/2636/341
f 1100/2636/341 1165/2630/337 1166/2632/338
f 1165/2630/337 1100/2636/341 1087/2637/337
f 1065/2622/342 899/2638/342 900/2639/342
f 899/2638/342 1065/2622/342 1163/2621/342
f 285/2625/342 899/2638/342 1163/2621/342
f 899/2638/342 285/2625/342 294/2640/342
f 405/2641/343 1054/2609/343 1055/2642/343
f 1054/2609/343 405/2641/343 402/2612/343
f 987/2643/344 248/2605/344 1099/2607/344
f 248/2605/344 987/2643/344 250/2644/344
f 405/2641/345 1167/2645/345 984/2646/345
f 1167/2645/345 405/2641/345 1055/2642/345
f 1167/2645/346 250/2644/346 987/2643/346
f 1167/2645/346 987/2643/346 984/2646/346
f 268/2647/275 269/2648/275 275/2649/275
f 275/2649/275 272/2650/275 268/2647/275
f 269/2648/275 846/2651/275 275/2649/275
f 846/2651/275 988/2652/275 275/2649/275
f 1076/2653/347 1071/2654/347 1074/2655/347
f 1074/2655/347 1071/2654/347 326/2656/347
f 326/2656/347 1071/2654/347 1072/2657/347
f 1074/2655/347 326/2656/347 338/2658/347
f 328/2659/347 338/2658/347 326/2656/347
f 338/2658/347 328/2659/347 336/2660/347
f 850/2661/347 566/2662/347 851/2663/347
f 851/2663/347 566/2662/347 565/2664/347
f 324/2665/347 325/2666/347 334/2667/347
f 325/2666/347 329/2668/347 334/2667/347
f 337/2669/348 1075/2670/348 335/2671/348
f 337/2669/348 1073/2672/348 1075/2670/348
f 332/2673/348 564/2674/348 331/2675/348
f 847/2676/348 564/2674/348 332/2673/348
f 898/2677/349 373/2678/349 901/2679/349
f 373/2678/349 898/2677/349 1158/2680/349
f 1085/2681/349 1158/2680/349 898/2677/349
f 898/2677/349 295/2682/349 1085/2681/349
f 582/2683/350 901/2679/350 373/2678/350
f 582/2683/350 373/2678/350 372/2684/350
f 1085/2681/351 287/2685/351 583/2686/351
f 287/2685/351 1085/2681/351 295/2682/351
f 374/2687/352 1157/2688/352 584/2689/352
f 1157/2688/352 374/2687/352 371/2690/352
f 1157/2688/352 587/2691/352 584/2689/352
f 587/2691/352 1157/2688/352 1084/2692/352
f 388/2693/353 1156/2694/353 1154/2695/353
f 1156/2694/353 388/2693/353 389/2696/353
f 1156/2694/353 1092/2697/353 1154/2695/353
f 1092/2697/353 1156/2694/353 1093/2698/353
f 1004/2699/354 768/2700/354 1010/2701/354
f 764/2702/354 768/2700/354 1004/2699/354
f 474/2703/354 470/2704/354 459/2705/354
f 474/2703/354 459/2705/354 462/2706/354
f 562/2707/355 1167/2708/356 1055/2709/355
f 1167/2708/356 562/2707/355 563/2710/356
f 563/2710/356 250/2711/357 1167/2708/356
f 250/2711/357 563/2710/356 251/2712/357
f 658/2713/358 97/2714/358 1139/2715/358
f 1139/2715/358 97/2714/358 99/2716/358
f 660/2717/359 524/2718/359 1006/2719/359
f 1006/2719/359 524/2718/359 526/2720/359
f 1044/2721/360 385/2722/360 1045/2723/360
f 1045/2723/360 385/2722/360 387/2724/360
f 1086/2725/361 208/2726/361 1091/2727/361
f 208/2726/361 1086/2725/361 206/2728/361
f 8/2729/362 1141/2730/362 675/2731/362
f 1141/2730/362 8/2729/362 5/2732/362
f 676/2733/363 534/2734/363 990/2735/363
f 534/2734/363 676/2733/363 532/2736/363
f 1026/2737/359 522/2738/359 521/2739/359
f 661/2740/359 522/2738/359 1026/2737/359
f 1138/2741/358 95/2742/358 91/2743/358
f 1138/2741/358 663/2744/358 95/2742/358
f 204/2745/21 631/2746/364 205/2747/21
f 1096/2748/364 631/2746/364 204/2745/21
f 380/2749/365 379/2750/365 423/2751/56
f 380/2749/365 423/2751/56 1042/2752/56
f 579/2753/366 1164/2754/366 1064/2755/366
f 1164/2754/366 579/2753/366 578/2756/366
f 578/2756/366 286/2757/366 1164/2754/366
f 286/2757/366 578/2756/366 288/2758/366
f 1096/2748/21 201/2759/21 198/2760/21
f 379/2750/56 1040/2761/56 628/2762/56
f 721/2763/367 440/2764/367 1037/2765/367
f 1037/2765/367 440/2764/367 439/2766/367
f 723/2767/368 175/2768/368 1114/2769/368
f 1114/2769/368 175/2768/368 174/2770/368
f 1123/2771/369 140/2772/369 139/2773/369
f 1123/2771/369 791/2774/369 140/2772/369
f 201/2759/370 1096/2748/370 204/2745/21
f 201/2759/370 204/2745/21 1097/2775/21
f 423/2751/56 628/2762/371 424/2776/56
f 628/2762/371 423/2751/56 379/2750/371
f 1168/2777/21 1169/2778/21 1170/2779/21
f 1145/2780/372 3/2781/372 2/2782/372
f 665/2783/372 3/2781/372 1145/2780/372
f 1081/2784/373 598/2785/373 225/2786/373
f 1081/2784/373 225/2786/373 223/2787/373
f 1171/2788/56 1172/2789/56 1173/2790/56
f 1050/2791/374 592/2792/374 356/2793/374
f 1050/2791/374 356/2793/374 359/2794/374
f 1034/2795/375 788/2796/375 483/2797/375
f 486/2798/375 1034/2795/375 483/2797/375
f 201/2759/376 205/2747/21 631/2746/376
f 205/2747/21 201/2759/376 1097/2775/21
f 599/2799/377 601/2800/377 293/2801/377
f 358/2802/377 599/2799/377 1080/2803/377
f 358/2802/377 357/2804/377 599/2799/377
f 293/2801/377 601/2800/377 289/2805/377
f 593/2806/377 601/2800/377 357/2804/377
f 1042/2752/56 628/2762/378 380/2749/378
f 628/2762/378 1042/2752/56 424/2776/56
f 545/2807/379 989/2808/379 547/2809/379
f 547/2809/379 989/2808/379 671/2810/379
f 1059/2811/380 1060/2812/380 245/2813/380
f 244/2814/380 1059/2811/380 245/2813/380
f 357/2804/377 601/2800/377 599/2799/377
f 1052/2815/380 1053/2816/380 1057/2817/380
f 1058/2818/380 1057/2817/380 1053/2816/380
f 235/2819/380 1052/2815/380 1057/2817/380
f 236/2820/380 235/2819/380 247/2821/380
f 236/2820/380 247/2821/380 246/2822/380
f 235/2819/380 1057/2817/380 247/2821/380
f 195/2823/381 397/2824/381 688/2825/381
f 397/2824/381 1039/2826/381 688/2825/381
f 195/2823/381 393/2827/381 397/2824/381
f 1105/2828/381 393/2827/381 195/2823/381
f 1105/2828/381 1103/2829/381 393/2827/381
f 1105/2828/381 195/2823/381 194/2830/381
f 110/2831/382 178/2832/382 178/2833/382
f 64/2834/383 1121/2835/383 1124/2836/383
f 64/2834/383 1124/2836/383 138/2837/383
f 787/2838/383 141/2839/383 790/2840/383
f 787/2838/383 790/2840/383 1121/2835/383
f 1121/2835/383 790/2840/383 1124/2836/383
f 141/2839/383 787/2838/383 66/2841/383
f 138/2837/383 141/2839/383 66/2841/383
f 64/2834/383 138/2837/383 66/2841/383
f 160/2842/384 29/2843/384 161/2844/384
f 161/2844/384 29/2843/384 35/2845/384
f 35/2845/384 863/2846/384 161/2844/384
f 35/2845/384 29/2843/384 34/2847/384
f 756/2848/384 863/2846/384 35/2845/384
f 34/2847/384 29/2843/384 25/2849/384
f 73/2850/384 34/2847/384 25/2849/384
f 25/2849/384 74/2851/384 73/2850/384
f 861/2852/384 863/2846/384 756/2848/384
f 861/2852/384 756/2848/384 763/2853/384
f 1119/2854/384 861/2852/384 763/2853/384
f 1119/2854/384 1122/2855/384 837/2856/384
f 1116/2857/384 1119/2854/384 837/2856/384
f 1116/2857/384 1101/2858/384 1119/2854/384
f 837/2856/384 1125/2859/384 1116/2857/384
f 1125/2859/384 837/2856/384 839/2860/384
f 31/2861/384 30/2862/384 119/2863/384
f 481/2864/384 461/2865/384 450/2866/384
f 480/2867/384 481/2864/384 450/2866/384
f 461/2865/384 460/2868/384 450/2866/384
f 460/2868/384 457/2869/384 450/2866/384
f 460/2868/384 858/2870/384 457/2869/384
f 460/2868/384 1008/2871/384 858/2870/384
f 765/2872/384 1008/2871/384 460/2868/384
f 1009/2873/384 1003/2874/384 1005/2875/384
f 1005/2875/384 1017/2876/384 1016/2877/384
f 1009/2873/384 1005/2875/384 1016/2877/384
f 1143/2878/385 11/2879/3 23/2880/3
f 11/2879/3 1143/2878/385 747/2881/385
f 618/2882/386 433/2883/386 429/2884/386
f 618/2882/386 633/2885/386 507/2886/386
f 1030/2887/386 618/2882/386 507/2886/386
f 1030/2887/386 507/2886/386 437/2888/386
f 504/2889/386 1030/2887/386 437/2888/386
f 1030/2887/386 504/2889/386 502/2890/386
f 504/2889/386 437/2888/386 434/2891/386
f 44/2892/387 1146/2893/387 1174/2894/387
f 1146/2893/387 44/2892/387 57/2895/387
f 1174/2894/387 45/2896/387 44/2892/387
f 45/2896/387 1174/2894/387 715/2897/387
f 997/2898/388 1175/2899/388 1147/2900/388
f 1147/2900/388 1002/2901/388 997/2898/388
f 1175/2899/388 997/2898/388 708/2902/388
f 708/2902/388 707/2903/388 1175/2899/388
f 520/2904/389 662/2905/389 1150/2906/389
f 520/2904/389 1150/2906/389 512/2907/389
f 516/2908/389 520/2904/389 512/2907/389
f 1150/2906/389 511/2909/389 512/2907/389
f 1150/2906/389 1152/2910/389 511/2909/389
f 1027/2911/389 1150/2906/389 662/2905/389
f 1024/2912/389 1027/2911/389 662/2905/389
f 1024/2912/389 662/2905/389 1025/2913/389
f 1027/2911/389 1024/2912/389 655/2914/389
f 654/2915/389 1027/2911/389 655/2914/389
f 435/2916/386 508/2917/386 495/2918/386
f 634/2919/386 430/2920/386 627/2921/386
f 861/2852/384 1119/2854/384 1101/2858/384
f 430/2920/386 432/2922/386 417/2923/386
f 417/2923/386 416/2924/386 430/2920/386
f 432/2922/386 609/2925/386 417/2923/386
f 432/2922/386 612/2926/386 609/2925/386
f 431/2927/386 430/2920/386 634/2919/386
f 617/2928/386 619/2929/386 612/2926/386
f 612/2926/386 619/2929/386 1028/2930/386
f 1028/2930/386 619/2929/386 1029/2931/386
f 1150/2906/386 1029/2931/386 1152/2910/386
f 617/2928/386 612/2926/386 432/2922/386
f 414/2932/386 420/2933/386 415/2934/386
f 413/2935/386 501/2936/386 414/2932/386
f 510/2937/386 501/2936/386 413/2935/386
f 420/2933/386 438/2938/386 422/2939/386
f 438/2938/386 436/2940/386 422/2939/386
f 436/2940/386 435/2916/386 422/2939/386
f 435/2916/386 495/2918/386 422/2939/386
f 414/2932/386 438/2938/386 420/2933/386
f 503/2941/386 414/2932/386 501/2936/386
f 510/2937/386 509/2909/386 501/2936/386
f 1028/2930/386 1029/2931/386 1150/2906/386
f 537/2942/390 996/2943/119 751/2944/119
f 751/2944/119 538/2945/390 537/2942/390
f 1151/2946/391 1018/2947/391 648/2948/391
f 1018/2947/391 647/2949/391 648/2948/391
f 96/2950/392 1133/2951/392 115/2952/392
f 664/2953/392 1133/2951/392 96/2950/392
f 115/2952/392 90/2954/392 96/2950/392
f 112/2955/392 90/2954/392 115/2952/392
f 96/2950/392 90/2954/392 87/2956/392
f 92/2957/392 96/2950/392 87/2956/392
f 1134/2958/392 1133/2951/392 664/2953/392
f 37/2959/393 13/2960/393 38/2961/393
f 13/2960/393 16/2962/393 38/2961/393
f 1111/2963/382 1109/2964/382 1131/2965/382
f 644/2966/382 625/2967/382 113/2968/382
f 643/2969/382 113/2970/382 1130/2971/382
f 1130/2971/382 113/2970/382 114/2972/382
f 1039/2826/394 1031/2973/394 1176/2974/394
f 1031/2973/394 1039/2826/394 395/2975/394
f 1039/2826/394 397/2824/394 395/2975/394
f 681/2976/394 1176/2974/394 1031/2973/394
f 1176/2974/394 1038/2977/394 1039/2826/394
f 681/2976/394 1038/2977/394 1176/2974/394
f 681/2976/394 680/2978/394 523/2979/394
f 1038/2977/394 523/2979/394 515/2980/394
f 1038/2977/394 515/2980/394 689/2981/394
f 515/2980/394 407/2982/394 689/2981/394
f 407/2982/394 409/2983/394 689/2981/394
f 1038/2977/394 681/2976/394 523/2979/394
f 1104/2984/394 1177/2985/394 120/2986/394
f 1177/2985/394 149/2987/394 120/2986/394
f 1177/2985/394 687/2988/394 149/2987/394
f 1177/2985/394 1137/2989/394 687/2988/394
f 683/2990/394 686/2991/394 1137/2989/394
f 1177/2985/394 683/2990/394 1137/2989/394
f 1177/2985/394 1104/2984/394 194/2830/394
f 194/2830/394 1104/2984/394 1105/2828/394
f 194/2830/394 193/2992/394 1177/2985/394
f 196/2993/394 1177/2985/394 193/2992/394
f 196/2993/394 683/2990/394 1177/2985/394
f 196/2993/394 691/2994/394 683/2990/394
f 120/2986/394 149/2987/394 116/2995/394
f 687/2988/394 147/2996/394 149/2987/394
f 475/2997/395 1035/2998/395 485/2999/395
f 1149/3000/396 652/3001/396 78/3002/396
f 78/3002/396 652/3001/396 84/3003/396
f 484/3004/395 782/3005/395 468/3006/395
f 484/3004/395 468/3006/395 475/2997/395
f 485/2999/395 484/3004/395 475/2997/395
f 789/3007/395 782/3005/395 484/3004/395
f 782/3005/395 789/3007/395 1011/3008/395
f 1011/3008/395 789/3007/395 1035/2998/395
f 650/3009/397 216/3010/397 1051/3011/397
f 1051/3011/397 216/3010/397 217/3012/397
f 1110/3013/382 1159/3014/382 1127/3015/382
f 1107/3016/382 1110/3013/382 1127/3015/382
f 1107/3016/382 1108/3017/382 1110/3013/382
f 1107/3016/382 1106/3018/382 1108/3017/382
f 1106/3018/382 1112/3019/382 1108/3017/382
f 1106/3018/382 635/3020/382 1112/3019/382
f 1126/3021/382 1127/3015/382 1128/3022/382
f 1126/3021/382 1128/3022/382 1132/3023/382
f 182/3024/382 626/3025/382 621/3026/382
f 637/3027/382 626/3025/382 1113/3028/382
f 637/3027/382 621/3026/382 626/3025/382
f 641/3029/382 637/3027/382 642/3030/382
f 626/3025/382 182/3024/382 624/3031/382
f 624/3031/382 182/3024/382 181/3032/382
f 624/3031/382 127/3033/382 178/2833/382
f 637/3027/382 1113/3028/382 642/3030/382
f 637/3027/382 641/3029/382 635/3020/382
f 127/3033/382 111/3034/382 110/2831/382
f 635/3020/382 641/3029/382 1112/3019/382
f 1128/3022/382 1135/3035/382 1132/3023/382
f 1127/3015/382 1129/3036/382 1128/3022/382
f 1127/3015/382 1159/3014/382 1129/3036/382
f 111/3034/382 127/3033/382 126/3037/382
f 1011/3008/395 1035/2998/395 475/2997/395
f 711/3038/398 444/3039/398 1036/3040/398
f 1036/3040/398 444/3039/398 443/3041/398
f 713/3042/399 156/3043/399 1115/3044/399
f 1115/3044/399 156/3043/399 155/3045/399
f 110/2831/382 178/2833/382 127/3033/382
f 1022/3046/400 1021/3047/400 991/3048/400
f 991/3048/400 1021/3047/400 992/3049/400
f 1019/3050/401 1020/3051/401 1032/3052/401
f 1032/3052/401 1033/3053/401 1019/3050/401
f 113/2968/382 113/3054/382 644/2966/382
f 81/3055/402 142/3056/402 83/3057/402
f 142/3056/402 81/3055/402 145/3058/402
f 1178/3059/403 1087/3060/403 1089/3061/403
f 1087/3060/403 1178/3059/403 1165/3062/403
f 1178/3059/404 391/3063/403 1165/3062/403
f 391/3063/403 1178/3059/404 390/3064/405
f 1155/3065/406 390/3064/405 1178/3059/404
f 390/3064/405 1155/3065/406 386/3066/406
f 1178/3059/404 1090/3067/406 1155/3065/406
f 1090/3067/406 1178/3059/404 1089/3061/406
f 1072/3068/407 550/3069/407 327/3070/407
f 326/3071/407 1072/3068/407 327/3070/407
f 699/3072/408 1019/3050/408 1033/3053/408
f 1033/3053/408 696/3073/408 699/3072/408
f 41/3074/385 38/2961/385 16/2962/385
f 16/2962/385 17/3075/385 41/3074/385
f 79/3076/409 145/3058/409 81/3055/409
f 145/3058/409 79/3076/409 146/3077/409
f 1023/3078/390 992/3049/390 1021/3047/390
f 992/3049/390 1023/3078/390 993/3079/390
f 567/3080/410 568/3081/410 1071/3082/410
f 567/3080/410 1071/3082/410 571/3083/410
f 273/3084/410 337/3085/410 266/3086/410
f 273/3084/410 266/3086/410 268/3087/410
f 328/3088/410 322/3089/410 266/3086/410
f 571/3083/410 1073/3090/410 337/3085/410
f 337/3085/410 336/3091/410 328/3088/410
f 1073/3090/410 1071/3082/410 1076/3092/410
f 571/3083/410 1071/3082/410 1073/3090/410
f 571/3083/410 337/3085/410 273/3084/410
f 273/3084/410 268/3087/410 272/3093/410
f 337/3085/410 328/3088/410 266/3086/410
f 290/3094/411 257/3095/411 256/3096/411
f 290/3094/411 577/3097/411 257/3095/411
f 600/3098/411 577/3097/411 290/3094/411
f 594/3099/411 577/3097/411 600/3098/411
f 588/3100/411 577/3097/411 594/3099/411
f 291/3101/411 290/3094/411 256/3096/411
f 133/3102/412 135/3103/412 48/3104/412
f 48/3104/412 52/3105/412 133/3102/412
f 1086/2725/413 210/3106/413 206/2728/413
f 1086/2725/413 1088/3107/413 210/3106/413
f 730/3108/414 999/3109/414 1014/3110/414
f 999/3109/414 730/3108/414 729/3111/414
f 1047/3112/415 385/2722/415 1044/2721/415
f 385/2722/415 1047/3112/415 392/3113/415
f 335/3114/416 1074/3115/416 338/3116/416
f 1075/3117/416 1074/3115/416 335/3114/416
f 1068/3118/417 1067/3119/417 1069/3120/417
f 1067/3119/417 1068/3118/417 1066/3121/417
f 1066/3121/417 1068/3118/417 1161/3122/417
f 1066/3121/417 1161/3122/417 300/3123/417
f 1161/3122/417 301/3124/417 300/3123/417
f 43/3125/418 41/3074/418 17/3075/418
f 17/3075/418 19/3126/418 43/3125/418
f 377/3127/419 382/3128/419 1083/3129/419
f 365/3130/419 362/3131/419 1148/3132/419
f 365/3130/419 1148/3132/419 383/3133/419
f 383/3133/419 384/3134/419 365/3130/419
f 364/3135/420 1095/3136/420 1148/3132/420
f 364/3135/420 363/3137/420 1095/3136/420
f 1095/3136/420 1082/3138/420 1148/3132/420
f 1082/3138/420 381/3139/420 1148/3132/420
f 381/3139/420 383/3133/420 1148/3132/420
f 775/3140/418 993/3079/418 1023/3078/418
f 993/3079/418 775/3140/418 774/3141/418
f 976/3142/421 1001/3143/421 1013/3144/421
f 1001/3143/421 976/3142/421 978/3145/421
f 132/3146/422 131/3147/422 54/3148/422
f 54/3148/422 58/3149/422 132/3146/422
f 622/3150/247 638/3151/247 909/3152/247
f 1079/3153/423 1078/3154/423 354/3155/423
f 353/3156/423 1079/3153/423 354/3155/423
usemtl c_a78af0
f 1179/3157/424 1180/3158/424 1181/3159/424
f 1180/3158/424 1179/3157/424 1182/3160/424
f 1183/3161/424 1184/3162/424 1185/3163/424
f 1184/3162/424 1183/3161/424 1186/3164/424
f 1187/3165/4 1188/3166/4 1189/3167/4
f 1188/3166/4 1187/3165/4 1190/3168/4
f 1191/3169/4 1192/3170/4 1193/3171/4
f 1192/3170/4 1191/3169/4 1194/3172/4
f 1195/3173/425 1196/3174/425 1197/3175/425
f 1196/3174/425 1195/3173/425 1198/3176/425
f 1199/3177/426 1200/3178/426 1201/3179/426
f 1201/3179/426 1202/3180/426 1199/3177/426
f 1203/3181/427 1204/3182/427 1205/3183/427
f 1206/3184/428 1207/3185/428 1208/3186/428
f 1207/3185/428 1209/3187/428 1208/3186/428
f 1210/3188/429 1211/3189/429 1212/3190/429
f 1211/3189/429 1210/3188/429 1213/3191/429
f 1214/3192/430 1215/3193/430 1216/3194/430
f 1215/3193/430 1214/3192/430 1217/3195/430
f 1218/3196/431 1219/3197/431 1220/3198/431
f 1219/3197/431 1218/3196/431 1221/3199/431
f 1222/3200/427 1223/3201/427 1224/3202/427
f 1225/3203/432 1226/3204/432 1227/3205/432
f 1226/3204/432 1225/3203/432 1228/3206/432
f 1229/3207/3 1230/3208/3 1231/3209/3
f 1231/3209/3 1230/3208/3 1232/3210/3
f 1233/3211/427 1234/3212/427 1235/3213/427
f 1236/3214/427 1237/3215/427 1238/3216/427
f 1239/3217/433 1204/3182/433 1203/3181/433
f 1240/3218/434 1241/3219/434 1242/3220/434
f 1243/3221/434 1244/3222/434 1245/3223/434
f 1246/3224/433 1237/3215/433 1236/3214/433
f 1247/3225/435 1241/3219/435 1240/3218/435
f 1248/3226/435 1244/3222/435 1243/3221/435
f 1249/3227/59 1250/3228/59 1251/3229/59
f 1250/3228/59 1249/3227/59 1252/3230/59
f 1253/3231/59 1254/3232/59 1255/3233/59
f 1254/3232/59 1253/3231/59 1256/3234/59
f 1257/3235/65 1258/3236/65 1259/3237/65
f 1258/3236/65 1257/3235/65 1260/3238/65
f 1261/3239/65 1262/3240/65 1263/3241/65
f 1262/3240/65 1261/3239/65 1264/3242/65
f 1265/3243/436 1247/3244/436 1242/3245/436
f 1245/3246/436 1248/3247/436 1243/3248/436
f 1266/3249/436 1248/3247/436 1245/3246/436
f 1242/3245/436 1247/3244/436 1240/3250/436
f 1267/3251/436 1268/3252/436 1269/3253/436
f 1269/3253/436 1268/3252/436 1270/3254/436
f 1271/3255/436 1272/3256/436 1273/3257/436
f 1273/3257/436 1272/3256/436 1274/3258/436
f 1218/3259/437 1275/3260/437 1221/3261/437
f 1275/3260/437 1276/3262/437 1221/3261/437
f 1277/3263/438 1227/3264/438 1210/3265/438
f 1227/3264/438 1277/3263/438 1278/3266/438
f 1213/3267/439 1227/3264/439 1226/3268/439
f 1279/3269/440 1278/3266/440 1277/3263/440
f 1278/3266/440 1279/3269/440 1280/3270/440
f 1213/3267/441 1280/3270/441 1279/3269/441
f 1280/3270/441 1213/3267/441 1226/3268/441
f 1213/3267/439 1210/3265/439 1227/3264/439
f 1281/3271/442 1209/3272/442 1282/3273/442
f 1207/3274/442 1282/3273/442 1209/3272/442
f 1260/3275/443 1257/3276/443 1283/3277/443
f 1283/3277/443 1284/3278/443 1260/3275/443
f 1285/3279/444 1179/3280/444 1286/3281/444
f 1179/3280/444 1285/3279/444 1182/3282/444
f 1261/3283/445 1287/3284/445 1264/3285/445
f 1287/3284/445 1288/3286/445 1264/3285/445
f 1289/3287/446 1183/3288/446 1290/3289/446
f 1183/3288/446 1289/3287/446 1186/3290/446
f 1202/3291/447 1291/3292/448 1292/3293/449
f 1291/3292/448 1202/3291/447 1215/3294/450
f 1293/3295/451 1292/3293/449 1291/3292/448
f 1292/3293/449 1293/3295/451 1294/3296/451
f 1216/3297/452 1294/3296/451 1293/3295/451
f 1202/3291/447 1216/3297/452 1215/3294/450
f 1294/3296/451 1216/3297/452 1201/3298/452
f 1202/3291/447 1201/3298/452 1216/3297/452
f 1295/3299/453 1231/3300/74 1198/3301/453
f 1231/3300/74 1295/3299/453 1296/3302/74
f 1297/3303/453 1296/3302/74 1295/3299/453
f 1296/3302/74 1297/3303/453 1298/3304/74
f 1198/3301/453 1232/3305/74 1196/3306/453
f 1232/3305/74 1198/3301/453 1231/3300/74
f 1196/3306/453 1298/3304/74 1297/3303/453
f 1298/3304/74 1196/3306/453 1232/3305/74
f 1299/3307/454 1300/3308/454 1256/3309/454
f 1299/3307/454 1256/3309/454 1253/3310/454
f 1301/3311/455 1302/3312/455 1187/3313/455
f 1187/3313/455 1302/3312/455 1190/3314/455
f 1249/3315/456 1303/3316/456 1252/3317/456
f 1303/3316/456 1249/3315/456 1304/3318/456
f 1305/3319/457 1194/3320/457 1191/3321/457
f 1194/3320/457 1305/3319/457 1306/3322/457
f 1211/3323/136 1279/3324/136 1307/3325/136
f 1279/3324/136 1211/3323/136 1213/3326/136
f 1219/3327/136 1276/3328/136 1308/3329/136
f 1276/3328/136 1219/3327/136 1221/3330/136
f 1309/3331/136 1226/3332/136 1228/3333/136
f 1280/3334/136 1226/3332/136 1309/3331/136
f 1208/3335/458 1281/3336/458 1310/3337/458
f 1281/3336/458 1208/3335/458 1209/3338/458
f 1217/3339/459 1311/3340/459 1215/3341/459
f 1291/3342/459 1215/3341/459 1311/3340/459
f 1199/3343/460 1292/3344/460 1312/3345/460
f 1292/3344/460 1199/3343/460 1202/3346/460
f 1232/3347/461 1313/3348/461 1298/3349/461
f 1313/3348/461 1232/3347/461 1230/3350/461
f 1297/3351/462 1197/3352/462 1196/3353/462
f 1197/3352/462 1297/3351/462 1314/3354/462
f 1315/3355/463 1180/3356/463 1182/3357/463
f 1315/3355/463 1182/3357/463 1285/3358/463
f 1258/3359/464 1284/3360/464 1316/3361/464
f 1284/3360/464 1258/3359/464 1260/3362/464
f 1317/3363/463 1184/3364/463 1186/3365/463
f 1317/3363/463 1186/3365/463 1289/3366/463
f 1262/3367/464 1288/3368/464 1318/3369/464
f 1288/3368/464 1262/3367/464 1264/3370/464
f 1271/3371/465 1319/3372/465 1272/3373/465
f 1268/3374/435 1320/3375/435 1270/3376/435
f 1267/3377/465 1320/3375/465 1268/3374/465
f 1272/3373/435 1319/3372/435 1274/3378/435
f 1284/3379/203 1283/3380/203 1316/3381/203
f 1321/3382/203 1316/3381/203 1283/3380/203
f 1288/3383/203 1287/3384/203 1318/3385/203
f 1322/3386/203 1318/3385/203 1287/3384/203
f 1323/3387/205 1324/3388/205 1299/3389/205
f 1324/3388/205 1300/3390/205 1299/3389/205
f 1325/3391/205 1326/3392/205 1304/3393/205
f 1326/3392/205 1303/3394/205 1304/3393/205
f 1327/3395/466 1314/3396/466 1297/3397/466
f 1327/3395/466 1297/3397/466 1295/3398/466
f 1312/3399/467 1294/3400/467 1328/3401/467
f 1294/3400/467 1312/3399/467 1292/3402/467
f 1238/3403/468 1237/3404/468 1329/3405/468
f 1307/3406/469 1277/3407/469 1330/3408/469
f 1277/3407/469 1307/3406/469 1279/3409/469
f 1310/3410/470 1282/3411/470 1331/3412/470
f 1282/3411/470 1310/3410/470 1281/3413/470
f 1308/3414/471 1275/3415/471 1332/3416/471
f 1275/3415/471 1308/3414/471 1276/3417/471
f 1311/3418/472 1333/3419/472 1291/3420/472
f 1293/3421/472 1291/3420/472 1333/3419/472
f 1280/3422/473 1334/3423/473 1278/3424/473
f 1334/3423/473 1280/3422/473 1309/3425/473
f 1235/3426/468 1234/3427/468 1335/3428/468
f 1296/3429/119 1313/3430/119 1336/3431/119
f 1313/3430/119 1296/3429/119 1298/3432/119
f 1224/3433/468 1223/3434/468 1337/3435/468
f 1205/3436/468 1204/3437/468 1338/3438/468
f 1245/3439/474 1244/3440/474 1266/3441/474
f 1329/3405/475 1237/3404/475 1246/3442/475
f 1273/3443/474 1319/3444/474 1271/3445/474
f 1242/3446/474 1241/3447/474 1265/3448/474
f 1269/3449/474 1320/3450/474 1267/3451/474
f 1338/3438/475 1204/3437/475 1239/3452/475
f 1266/3441/465 1244/3440/465 1248/3453/465
f 1265/3448/465 1241/3447/465 1247/3454/465
f 1305/3455/256 1339/3456/256 1306/3457/256
f 1339/3456/256 1305/3455/256 1340/3458/256
f 1301/3459/256 1341/3460/256 1302/3461/256
f 1341/3460/256 1301/3459/256 1342/3462/256
f 1315/3463/476 1286/3464/476 1343/3465/476
f 1286/3464/476 1315/3463/476 1285/3466/476
f 1317/3467/476 1290/3468/476 1344/3469/476
f 1290/3468/476 1317/3467/476 1289/3470/476
f 1193/3471/268 1192/3472/268 1340/3473/268
f 1192/3472/268 1339/3474/268 1340/3473/268
f 1189/3475/268 1341/3476/268 1342/3477/268
f 1341/3476/268 1189/3475/268 1188/3478/268
f 1251/3479/268 1326/3480/268 1325/3481/268
f 1326/3480/268 1251/3479/268 1250/3482/268
f 1323/3483/268 1254/3484/268 1324/3485/268
f 1254/3484/268 1323/3483/268 1255/3486/268
f 1197/3487/335 1314/3488/335 1195/3489/335
f 1195/3489/335 1314/3488/335 1327/3490/335
f 1199/3491/477 1312/3492/477 1313/3493/478
f 1199/3491/477 1313/3493/478 1230/3494/478
f 1200/3495/477 1199/3491/477 1230/3494/478
f 1200/3495/477 1230/3494/478 1229/3496/478
f 1312/3492/477 1328/3497/477 1336/3498/478
f 1312/3492/477 1336/3498/478 1313/3493/478
f 1328/3497/477 1200/3495/477 1229/3496/478
f 1328/3497/477 1229/3496/478 1336/3498/478
f 1331/3499/479 1214/3500/480 1333/3501/479
f 1214/3500/480 1331/3499/479 1206/3502/480
f 1208/3503/481 1214/3500/480 1206/3502/480
f 1214/3500/480 1208/3503/481 1217/3504/482
f 1208/3503/481 1311/3505/483 1217/3504/482
f 1208/3503/481 1310/3506/484 1311/3505/483
f 1310/3506/484 1331/3499/479 1333/3501/479
f 1310/3506/484 1333/3501/479 1311/3505/483
f 1185/3507/485 1317/3508/485 1344/3509/485
f 1317/3508/485 1185/3507/485 1184/3510/485
f 1322/3511/486 1262/3512/486 1318/3513/486
f 1262/3512/486 1322/3511/486 1263/3514/486
f 1181/3515/487 1315/3516/487 1343/3517/487
f 1315/3516/487 1181/3515/487 1180/3518/487
f 1321/3519/488 1258/3520/488 1316/3521/488
f 1258/3520/488 1321/3519/488 1259/3522/488
f 1330/3523/489 1212/3524/489 1211/3525/489
f 1330/3523/489 1211/3525/489 1307/3526/489
f 1219/3527/347 1308/3528/347 1309/3529/347
f 1219/3527/347 1309/3529/347 1228/3530/347
f 1308/3528/490 1332/3531/490 1334/3532/490
f 1308/3528/490 1334/3532/490 1309/3529/490
f 1219/3527/491 1225/3533/491 1220/3534/491
f 1225/3533/491 1219/3527/491 1228/3530/491
f 1220/3534/492 1334/3532/492 1332/3531/492
f 1334/3532/492 1220/3534/492 1225/3533/492
f 1203/3535/493 1205/3536/493 1239/3537/493
f 1239/3537/493 1205/3536/493 1338/3538/493
f 1236/3539/493 1238/3540/493 1246/3541/493
f 1246/3541/493 1238/3540/493 1329/3542/493
f 1233/3543/493 1235/3544/493 1345/3545/493
f 1345/3545/493 1235/3544/493 1335/3546/493
f 1346/3547/493 1224/3548/493 1337/3549/493
f 1222/3550/493 1224/3548/493 1346/3547/493
f 1283/3551/494 1259/3552/494 1321/3553/494
f 1259/3552/494 1283/3551/494 1257/3554/494
f 1179/3555/495 1343/3556/495 1286/3557/495
f 1343/3556/495 1179/3555/495 1181/3558/495
f 1295/3559/393 1198/3560/393 1195/3561/393
f 1295/3559/393 1195/3561/393 1327/3562/393
f 1287/3563/494 1263/3564/494 1322/3565/494
f 1263/3564/494 1287/3563/494 1261/3566/494
f 1183/3567/495 1344/3568/495 1290/3569/495
f 1344/3568/495 1183/3567/495 1185/3570/495
f 1346/3571/496 1223/3572/496 1222/3573/496
f 1335/3574/475 1234/3575/475 1345/3576/475
f 1305/3577/497 1191/3578/497 1193/3579/497
f 1305/3577/497 1193/3579/497 1340/3580/497
f 1231/3581/498 1336/3582/498 1229/3583/498
f 1336/3582/498 1231/3581/498 1296/3584/498
f 1249/3585/499 1325/3586/499 1304/3587/499
f 1325/3586/499 1249/3585/499 1251/3588/499
f 1301/3589/497 1187/3590/497 1189/3591/497
f 1301/3589/497 1189/3591/497 1342/3592/497
f 1294/3593/500 1201/3594/500 1200/3595/500
f 1294/3593/500 1200/3595/500 1328/3596/500
f 1253/3597/499 1323/3598/499 1299/3599/499
f 1323/3598/499 1253/3597/499 1255/3600/499
f 1345/3576/433 1234/3575/433 1233/3601/433
f 1337/3602/475 1223/3572/475 1346/3571/475
f 1220/3603/501 1332/3604/501 1275/3605/501
f 1220/3603/501 1275/3605/501 1218/3606/501
f 1216/3607/502 1333/3608/502 1214/3609/502
f 1333/3608/502 1216/3607/502 1293/3610/502
f 1270/3611/434 1320/3612/434 1269/3613/434
f 1282/3614/503 1206/3615/503 1331/3616/503
f 1206/3615/503 1282/3614/503 1207/3617/503
f 1212/3618/504 1330/3619/504 1277/3620/504
f 1212/3618/504 1277/3620/504 1210/3621/504
f 1227/3622/505 1334/3623/505 1225/3624/505
f 1334/3623/505 1227/3622/505 1278/3625/505
f 1274/3626/434 1319/3627/434 1273/3628/434
usemtl c_1b2a35
f 1347/3629/3 1348/3630/3 1349/3631/3
f 1350/3632/3 1348/3630/3 1347/3629/3
f 1351/3633/3 1352/3634/3 1353/3635/3
f 1354/3636/3 1352/3634/3 1351/3633/3
f 1350/3637/77 1355/3638/77 1348/3639/77
f 1348/3639/77 1355/3638/77 1356/3640/77
f 1354/3641/506 1357/3642/506 1352/3643/506
f 1358/3644/506 1357/3642/506 1354/3641/506
f 1348/3645/149 1356/3646/149 1349/3647/149
f 1349/3647/149 1356/3646/149 1359/3648/149
f 1352/3649/507 1357/3650/507 1353/3651/507
f 1353/3651/507 1357/3650/507 1360/3652/507
f 1359/3653/119 1355/3654/119 1361/3655/119
f 1356/3656/119 1355/3654/119 1359/3653/119
f 1357/3657/119 1358/3658/119 1360/3659/119
f 1360/3659/119 1358/3658/119 1362/3660/119
f 1351/3661/508 1353/3662/508 1362/3663/508
f 1362/3663/508 1353/3662/508 1360/3664/508
f 1349/3665/327 1359/3666/327 1347/3667/327
f 1347/3667/327 1359/3666/327 1361/3668/327
f 1362/3669/509 1354/3670/509 1351/3671/509
f 1358/3672/509 1354/3670/509 1362/3669/509
f 1361/3673/417 1350/3674/417 1347/3675/417
f 1355/3676/417 1350/3674/417 1361/3673/417
usemtl c_d14ba1
f 1363/3677/510 1364/3678/510 1365/3679/510
f 1366/3680/510 1367/3681/510 1368/3682/510
f 1368/3682/510 1367/3681/510 1369/3683/510
f 1363/3677/510 1368/3682/510 1369/3683/510
f 1369/3683/510 1367/3681/510 1370/3684/510
f 1369/3683/510 1364/3678/510 1363/3677/510
f 1369/3683/510 1370/3684/510 1371/3685/510
f 1364/3678/510 1369/3683/510 1371/3685/510
f 1371/3685/510 1370/3684/510 1372/3686/510
f 1364/3678/510 1371/3685/510 1372/3686/510
f 1370/3684/510 1373/3687/510 1372/3686/510
f 1372/3686/510 1374/3688/510 1364/3678/510
f 1364/3678/510 1374/3688/510 1375/3689/510
f 1375/3689/510 1374/3688/510 1376/3690/510
f 1377/3691/510 1364/3678/510 1375/3689/510
f 1377/3691/510 1375/3689/510 1376/3690/510
f 1378/3692/510 1377/3691/510 1376/3690/510
f 1378/3692/510 1379/3693/510 1377/3691/510
f 1380/3694/510 1379/3693/510 1378/3692/510
f 1364/3678/510 1377/3691/510 1365/3679/510
f 1365/3679/510 1377/3691/510 1379/3693/510
f 1381/3695/511 1382/3696/511 1383/3697/511
f 1384/3698/512 1385/3699/512 1386/3700/512
f 1387/3701/119 1388/3702/119 1389/3703/119
f 1387/3701/119 1390/3704/119 1388/3702/119
f 1391/3705/513 1392/3706/513 1393/3707/513
f 1394/3708/512 1395/3709/512 1396/3710/512
f 1397/3711/514 1398/3712/514 1399/3713/514
f 1400/3714/515 1401/3715/515 1402/3716/515
f 1403/3717/514 1404/3718/514 1405/3719/514
f 1406/3720/516 1407/3721/516 1408/3722/516
f 1409/3723/517 1410/3724/517 1411/3725/517
f 1412/3726/517 1413/3727/517 1414/3728/517
f 1415/3729/517 1413/3727/517 1412/3726/517
f 1416/3730/517 1412/3726/517 1414/3728/517
f 1416/3730/517 1414/3728/517 1417/3731/517
f 1418/3732/517 1412/3726/517 1416/3730/517
f 1419/3733/517 1412/3726/517 1418/3732/517
f 1416/3730/517 1417/3731/517 1420/3734/517
f 1416/3730/517 1420/3734/517 1418/3732/517
f 1420/3734/517 1417/3731/517 1421/3735/517
f 1422/3736/517 1421/3735/517 1417/3731/517
f 1423/3737/517 1418/3732/517 1420/3734/517
f 1421/3735/517 1423/3737/517 1420/3734/517
f 1419/3733/517 1418/3732/517 1423/3737/517
f 1423/3737/517 1421/3735/517 1424/3738/517
f 1425/3739/517 1423/3737/517 1424/3738/517
f 1425/3739/517 1426/3740/517 1423/3737/517
f 1426/3740/517 1419/3733/517 1423/3737/517
f 1427/3741/517 1426/3740/517 1425/3739/517
f 1427/3741/517 1428/3742/517 1426/3740/517
f 1428/3742/517 1419/3733/517 1426/3740/517
f 1427/3741/517 1429/3743/517 1428/3742/517
f 1429/3743/517 1409/3723/517 1428/3742/517
f 1411/3725/517 1428/3742/517 1409/3723/517
f 1411/3725/517 1415/3729/517 1428/3742/517
f 1415/3729/517 1430/3744/517 1428/3742/517
f 1428/3742/517 1430/3744/517 1419/3733/517
f 1419/3733/517 1430/3744/517 1412/3726/517
f 1430/3744/517 1415/3729/517 1412/3726/517
f 1431/3745/77 1387/3746/77 1432/3747/77
f 1389/3748/77 1432/3747/77 1387/3746/77
f 1395/3749/518 1433/3750/518 1396/3751/518
f 1433/3750/518 1434/3752/518 1396/3751/518
f 1399/3753/519 1435/3754/519 1436/3755/519
f 1398/3756/519 1435/3754/519 1399/3753/519
f 1393/3757/520 1437/3758/520 1438/3759/520
f 1392/3760/520 1437/3758/520 1393/3757/520
f 1402/3761/521 1439/3762/521 1440/3763/521
f 1401/3764/521 1439/3762/521 1402/3761/521
f 1385/3765/522 1441/3766/522 1386/3767/522
f 1386/3767/522 1441/3766/522 1442/3768/522
f 1404/3769/523 1443/3770/523 1444/3771/523
f 1403/3772/523 1443/3770/523 1404/3769/523
f 1445/3773/524 1381/3774/524 1383/3775/524
f 1445/3773/524 1446/3776/524 1381/3774/524
f 1408/3777/525 1447/3778/525 1448/3779/525
f 1407/3780/525 1447/3778/525 1408/3777/525
f 1431/3781/417 1449/3782/417 1390/3783/417
f 1387/3784/417 1431/3781/417 1390/3783/417
f 1374/3785/526 1450/3786/526 1376/3787/526
f 1376/3787/526 1450/3786/526 1451/3788/526
f 1452/3789/527 1453/3790/527 1425/3791/527
f 1452/3789/527 1425/3791/527 1424/3792/527
f 1373/3793/528 1454/3794/528 1455/3795/528
f 1372/3796/528 1373/3793/528 1455/3795/528
f 1422/3797/529 1456/3798/529 1421/3799/529
f 1457/3800/529 1456/3798/529 1422/3797/529
f 1458/3801/530 1370/3802/530 1367/3803/530
f 1370/3802/530 1458/3801/530 1459/3804/530
f 1460/3805/531 1461/3806/531 1417/3807/531
f 1414/3808/531 1460/3805/531 1417/3807/531
f 1406/3809/532 1408/3810/532 1448/3811/532
f 1448/3811/532 1462/3812/532 1406/3809/532
f 1404/3813/533 1444/3814/533 1405/3815/533
f 1444/3814/533 1463/3816/533 1405/3815/533
f 1446/3817/534 1464/3818/534 1382/3819/534
f 1382/3819/534 1381/3820/534 1446/3817/534
f 1465/3821/535 1384/3822/535 1442/3823/535
f 1384/3822/535 1386/3824/535 1442/3823/535
f 1440/3825/536 1466/3826/536 1400/3827/536
f 1402/3828/536 1440/3825/536 1400/3827/536
f 1399/3829/533 1436/3830/533 1397/3831/533
f 1436/3830/533 1467/3832/533 1397/3831/533
f 1393/3833/537 1438/3834/537 1391/3835/537
f 1438/3834/537 1468/3836/537 1391/3835/537
f 1396/3837/535 1434/3838/535 1394/3839/535
f 1469/3840/535 1394/3839/535 1434/3838/535
f 1470/3841/538 1471/3842/538 1472/3843/538
f 1470/3841/538 1473/3844/538 1471/3842/538
f 1474/3845/538 1473/3844/538 1470/3841/538
f 1473/3844/538 1474/3845/538 1475/3846/538
f 1475/3846/538 1474/3845/538 1461/3847/538
f 1461/3847/538 1476/3848/538 1475/3846/538
f 1461/3847/538 1460/3849/538 1476/3848/538
f 1461/3847/538 1474/3845/538 1457/3850/538
f 1457/3850/538 1474/3845/538 1456/3851/538
f 1456/3851/538 1474/3845/538 1477/3852/538
f 1456/3851/538 1477/3852/538 1452/3853/538
f 1452/3853/538 1477/3852/538 1453/3854/538
f 1477/3852/538 1478/3855/538 1453/3854/538
f 1477/3852/538 1474/3845/538 1478/3855/538
f 1474/3845/538 1479/3856/538 1478/3855/538
f 1479/3856/538 1474/3845/538 1472/3843/538
f 1470/3841/538 1472/3843/538 1474/3845/538
f 1447/3857/539 1462/3858/539 1448/3859/539
f 1443/3860/540 1463/3861/540 1444/3862/540
f 1432/3863/3 1449/3864/3 1431/3865/3
f 1480/3866/3 1449/3864/3 1432/3863/3
f 1439/3867/541 1466/3868/541 1440/3869/541
f 1436/3870/540 1435/3871/540 1467/3872/540
f 1433/3873/542 1469/3874/542 1434/3875/542
f 1437/3876/543 1468/3877/543 1438/3878/543
f 1464/3879/544 1446/3880/544 1445/3881/544
f 1441/3882/542 1465/3883/542 1442/3884/542
f 1459/3885/545 1481/3886/545 1482/3887/545
f 1459/3885/545 1458/3888/545 1481/3886/545
f 1482/3887/545 1483/3889/545 1459/3885/545
f 1483/3889/545 1454/3890/545 1459/3885/545
f 1483/3889/545 1482/3887/545 1484/3891/545
f 1454/3890/545 1483/3889/545 1485/3892/545
f 1485/3892/545 1483/3889/545 1484/3891/545
f 1455/3893/545 1454/3890/545 1485/3892/545
f 1486/3894/545 1485/3892/545 1484/3891/545
f 1487/3895/545 1486/3894/545 1484/3891/545
f 1485/3892/545 1486/3894/545 1488/3896/545
f 1485/3892/545 1488/3896/545 1489/3897/545
f 1490/3898/545 1455/3893/545 1485/3892/545
f 1490/3898/545 1489/3897/545 1451/3899/545
f 1450/3900/545 1455/3893/545 1490/3898/545
f 1450/3900/545 1490/3898/545 1451/3899/545
f 1485/3892/545 1489/3897/545 1490/3898/545
f 1464/3901/546 1445/3902/546 1383/3903/546
f 1382/3904/546 1464/3901/546 1383/3903/546
f 1462/3905/547 1407/3906/547 1406/3907/547
f 1447/3908/547 1407/3906/547 1462/3905/547
f 1441/3909/548 1385/3910/548 1465/3911/548
f 1465/3911/548 1385/3910/548 1384/3912/548
f 1463/3913/549 1403/3914/549 1405/3915/549
f 1443/3916/549 1403/3914/549 1463/3913/549
f 1478/3917/550 1479/3918/550 1427/3919/550
f 1427/3919/550 1479/3918/550 1429/3920/550
f 1468/3921/551 1392/3922/551 1391/3923/551
f 1437/3924/551 1392/3922/551 1468/3921/551
f 1488/3925/552 1380/3926/552 1378/3927/552
f 1489/3928/552 1488/3925/552 1378/3927/552
f 1466/3929/553 1401/3930/553 1400/3931/553
f 1439/3932/553 1401/3930/553 1466/3929/553
f 1475/3933/554 1413/3934/554 1415/3935/554
f 1476/3936/554 1413/3934/554 1475/3933/554
f 1409/3937/555 1472/3938/555 1410/3939/555
f 1472/3938/555 1471/3940/555 1410/3939/555
f 1453/3941/555 1478/3917/555 1427/3919/555
f 1453/3941/555 1427/3919/555 1425/3942/555
f 1482/3943/556 1366/3944/556 1368/3945/556
f 1482/3943/556 1481/3946/556 1366/3944/556
f 1451/3947/557 1489/3928/557 1378/3927/557
f 1376/3948/557 1451/3947/557 1378/3927/557
f 1486/3949/557 1487/3950/557 1365/3951/557
f 1486/3949/557 1365/3951/557 1379/3952/557
f 1394/3953/548 1469/3954/548 1395/3955/548
f 1469/3954/548 1433/3956/548 1395/3955/548
f 1435/3957/549 1398/3958/549 1467/3959/549
f 1467/3959/549 1398/3958/549 1397/3960/549
f 1390/3961/327 1449/3962/327 1388/3963/327
f 1449/3962/327 1480/3964/327 1388/3963/327
f 1476/3965/558 1414/3966/558 1413/3967/558
f 1414/3966/558 1476/3965/558 1460/3968/558
f 1458/3969/559 1367/3970/559 1481/3971/559
f 1481/3971/559 1367/3970/559 1366/3972/559
f 1417/3973/560 1457/3974/560 1422/3975/560
f 1417/3973/560 1461/3976/560 1457/3974/560
f 1472/3977/560 1429/3978/560 1479/3979/560
f 1429/3978/560 1472/3977/560 1409/3980/560
f 1411/3981/560 1473/3982/560 1475/3983/560
f 1411/3981/560 1475/3983/560 1415/3984/560
f 1370/3985/561 1459/3986/561 1454/3987/561
f 1370/3985/561 1454/3987/561 1373/3988/561
f 1484/3989/561 1482/3990/561 1363/3991/561
f 1363/3991/561 1482/3990/561 1368/3992/561
f 1486/3993/561 1379/3994/561 1380/3995/561
f 1488/3996/561 1486/3993/561 1380/3995/561
f 1487/3997/562 1484/3989/562 1363/3991/562
f 1365/3998/562 1487/3997/562 1363/3991/562
f 1372/3999/562 1455/4000/562 1374/4001/562
f 1455/4000/562 1450/4002/562 1374/4001/562
f 1410/4003/563 1471/4004/563 1411/3981/563
f 1471/4004/563 1473/3982/563 1411/3981/563
f 1421/4005/563 1456/4006/563 1452/4007/563
f 1424/4008/563 1421/4005/563 1452/4007/563
f 1388/4009/149 1480/4010/149 1389/4011/149
f 1432/4012/149 1389/4011/149 1480/4010/149
usemtl c_6282be
f 1491/4013/3 1492/4014/3 1493/4015/3
f 1493/4015/3 1492/4014/3 1494/4016/3
f 1495/4017/564 1492/4014/564 1496/4018/564
f 1496/4018/564 1492/4014/564 1491/4019/564
f 1492/4017/565 1495/4014/565 1494/4020/565
f 1494/4020/565 1495/4014/565 1497/4016/565
f 1495/4013/119 1496/4014/119 1497/4015/119
f 1497/4015/119 1496/4014/119 1498/4016/119
f 1498/4017/566 1493/4014/566 1497/4018/566
f 1497/4018/566 1493/4014/566 1494/4019/566
f 1496/4017/567 1491/4014/567 1498/4020/567
f 1498/4020/567 1491/4014/567 1493/4016/567
