# Roblox asset pack: cyber_t_rex (creatures), from the Studio model "Cyber T-Rex". Exported with Export Selection, split by tools/build_creatures.py: one object per rigid body. Units: studs. +Y up, front faces -Z, pivot (bottom centre) at the origin.
mtllib cyber_t_rex.mtl

v 3.61300 11.14000 -7.17000
v 2.13300 11.14000 -9.10000
v 5.48600 11.60000 -8.60000
v 4.00700 11.60000 -10.53000
v 5.29800 11.58000 -8.69000
v 4.03600 11.58000 -10.33000
v 6.67600 11.98000 -10.24000
v 5.89900 11.98000 -11.26000
v -6.67600 11.98000 -10.24000
v -4.03600 11.58000 -10.33000
v -5.29800 11.58000 -8.69000
v -5.89900 11.98000 -11.26000
v 2.83200 11.15000 -9.26000
v 3.93600 10.96000 -7.97000
v 2.99100 10.96000 -9.20000
v 3.95200 11.15000 -7.80000
v 3.77000 10.60000 -9.80000
v 5.89700 10.38000 -10.06000
v 5.52000 10.38000 -10.55000
v 4.71400 10.60000 -8.57000
v 3.71900 10.75000 -9.94000
v 5.57600 10.52000 -10.74000
v 4.83900 10.75000 -8.48000
v 6.09300 10.52000 -10.07000
v -5.48600 11.60000 -8.60000
v -2.13300 11.14000 -9.10000
v -3.61300 11.14000 -7.17000
v -4.00700 11.60000 -10.53000
v -3.77000 10.60000 -9.80000
v -5.89700 10.38000 -10.06000
v -4.71400 10.60000 -8.57000
v -5.52000 10.38000 -10.55000
v -2.99100 10.96000 -9.20000
v -3.93600 10.96000 -7.97000
v -3.71900 10.75000 -9.94000
v -2.83200 11.15000 -9.26000
v -5.57600 10.52000 -10.74000
v -4.83900 10.75000 -8.48000
v -6.09300 10.52000 -10.07000
v -3.95200 11.15000 -7.80000
v 5.99900 13.17000 -10.04000
v 6.49000 12.26000 -10.52000
v 6.01500 13.28000 -10.16000
v 6.45300 12.21000 -10.38000
v 5.07100 13.24000 -9.10000
v 5.64500 13.28000 -10.64000
v 6.11900 12.26000 -11.01000
v 4.37600 13.24000 -10.01000
v 5.52300 13.17000 -10.66000
v 4.25900 13.12000 -10.12000
v 5.15300 13.12000 -8.96000
v 5.97600 12.21000 -11.01000
v 3.07400 13.16000 -6.76000
v 3.65600 13.56000 -6.92000
v 3.52100 13.56000 -7.10000
v 1.59400 13.16000 -8.69000
v 2.04200 13.56000 -9.03000
v 1.90700 13.56000 -9.20000
v 5.31800 13.33000 -8.48000
v 3.83800 13.33000 -10.41000
v 3.69600 13.13000 -6.95000
v 3.10500 12.84000 -6.78000
v 5.34800 13.02000 -8.50000
v 1.94700 13.13000 -9.24000
v 1.62600 12.84000 -8.71000
v 3.56100 13.13000 -7.13000
v 3.86900 13.02000 -10.43000
v 2.08200 13.13000 -9.06000
v 1.45100 12.52000 -8.41000
v 3.04600 11.44000 -6.90000
v 1.72800 11.44000 -8.62000
v 2.76800 12.52000 -6.69000
v 1.78000 11.30000 -5.93000
v 0.46200 11.30000 -7.65000
v 2.21000 10.12000 -6.26000
v 0.89300 10.12000 -7.98000
v -2.47500 9.38000 -6.46000
v -1.15700 9.38000 -8.18000
v -0.89300 10.12000 -7.98000
v -2.21000 10.12000 -6.26000
v -3.04600 11.44000 -6.90000
v -3.21600 10.77000 -7.03000
v -1.72800 11.44000 -8.62000
v -1.89900 10.77000 -8.75000
v 4.07800 10.08000 -7.33000
v 5.32300 10.44000 -8.58000
v 4.33100 10.49000 -7.52000
v 4.13200 10.44000 -10.14000
v 4.30300 10.18000 -10.66000
v 3.94500 10.44000 -10.38000
v 4.49000 10.18000 -10.41000
v 5.68100 10.18000 -8.86000
v 5.13600 10.44000 -8.83000
v 5.49400 10.18000 -9.10000
v 2.84700 10.49000 -9.46000
v 2.65900 10.49000 -9.70000
v 4.14400 10.49000 -7.76000
v 2.30600 11.02000 -9.04000
v 2.11900 11.02000 -9.29000
v 3.79100 11.02000 -7.11000
v 3.60400 11.02000 -7.35000
v 3.53700 10.61000 -6.91000
v 2.59300 10.08000 -9.26000
v 2.05300 10.61000 -8.85000
v 1.86500 10.61000 -9.09000
v 3.35000 10.61000 -7.16000
v 3.89100 10.08000 -7.57000
v 2.40600 10.08000 -9.51000
v -2.82200 10.48000 -6.63000
v -1.40700 10.48000 -8.48000
v -1.34600 11.10000 -8.43000
v -2.76100 11.10000 -6.58000
v -2.49400 11.24000 -9.31000
v -3.91000 11.24000 -7.46000
v -3.38500 9.89000 -7.06000
v -4.04300 9.86000 -7.56000
v -5.00900 10.75000 -8.31000
v -5.09200 9.90000 -8.37000
v -5.65900 10.51000 -11.05000
v -6.44300 10.19000 -10.09000
v -6.41200 10.51000 -10.07000
v -5.68900 10.19000 -11.07000
v -1.97000 9.89000 -8.91000
v -3.67600 9.90000 -10.21000
v -2.62800 9.86000 -9.41000
v -3.59400 10.75000 -10.15000
v 2.17400 6.89000 1.09000
v 2.17400 6.19000 -3.12000
v 2.17400 9.60000 -0.50000
v 2.17400 4.77000 0.13000
v 2.17400 9.24000 -1.36000
v 2.17400 10.54000 -7.30000
v 2.17400 6.80000 -3.24000
v 2.17400 10.02000 -6.95000
v 2.17400 8.75000 -7.76000
v 2.17400 8.99000 -7.21000
v -2.17400 10.54000 -7.30000
v -2.17400 9.60000 -0.50000
v -2.17400 4.77000 0.13000
v -2.17400 6.89000 1.09000
v -2.17400 6.19000 -3.12000
v -2.17400 9.24000 -1.36000
v -2.17400 6.80000 -3.24000
v -2.17400 10.02000 -6.95000
v -2.17400 8.75000 -7.76000
v -2.17400 8.99000 -7.21000
v -3.18900 11.00000 -6.75000
v -3.38400 11.31000 -6.90000
v -3.63500 11.07000 -7.09000
v -3.43900 10.75000 -6.94000
v 0.34000 11.43000 -7.86000
v 2.43200 10.04000 -6.13000
v 0.82200 10.04000 -8.23000
v 1.95000 11.43000 -5.76000
v 0.82600 10.28000 -4.90000
v -0.78400 10.28000 -7.00000
v 1.63400 8.89000 -5.52000
v 0.02500 8.89000 -7.62000
v -4.25900 13.12000 -10.12000
v -5.07100 13.24000 -9.10000
v -5.15300 13.12000 -8.96000
v -4.37600 13.24000 -10.01000
v -5.52300 13.17000 -10.66000
v -5.99900 13.17000 -10.04000
v -5.64500 13.28000 -10.64000
v -6.01500 13.28000 -10.16000
v -6.49000 12.26000 -10.52000
v -6.45300 12.21000 -10.38000
v -6.11900 12.26000 -11.01000
v -5.97600 12.21000 -11.01000
v 2.49400 11.24000 -9.31000
v 3.91000 11.24000 -7.46000
v 5.00900 10.75000 -8.31000
v 3.59400 10.75000 -10.15000
v 6.41300 10.51000 -10.07000
v 5.65900 10.51000 -11.05000
v -3.90900 11.24000 -7.46000
v -3.59300 10.75000 -10.15000
v -0.46200 11.30000 -7.65000
v -1.78000 11.30000 -5.93000
v -1.45100 12.52000 -8.41000
v -2.76800 12.52000 -6.69000
v 2.17400 7.24000 -8.15000
v 2.17400 4.89000 -4.12000
v 2.17400 4.39000 -0.03000
v -2.17400 4.39000 -0.03000
v -2.17400 7.24000 -8.15000
v -2.17400 4.89000 -4.12000
v 2.42500 13.53000 -8.96000
v 3.52300 13.39000 -7.62000
v 2.54900 13.39000 -8.89000
v 3.55800 13.53000 -7.49000
v 2.63500 12.74000 -6.42000
v 1.15500 12.74000 -8.35000
v 4.93400 13.36000 -8.54000
v 3.80100 13.36000 -10.02000
v 4.70500 13.25000 -8.53000
v 3.73200 13.25000 -9.80000
v 2.81000 10.94000 -6.55000
v 1.33000 10.94000 -8.48000
v -2.12500 8.04000 -5.89000
v -0.51500 8.04000 -7.99000
v -0.02500 8.89000 -7.62000
v -1.63400 8.89000 -5.52000
v -2.72400 9.19000 -6.35000
v -2.43200 10.04000 -6.13000
v -0.82200 10.04000 -8.23000
v -1.11400 9.19000 -8.45000
v -3.88200 13.16000 -10.21000
v -5.14400 13.16000 -8.57000
v -5.30900 13.06000 -10.83000
v -5.72800 12.12000 -11.03000
v -5.74900 12.08000 -11.18000
v -5.32200 13.00000 -10.71000
v -6.16900 13.17000 -9.86000
v -6.00000 13.17000 -10.04000
v -5.39200 13.17000 -10.87000
v -4.23800 11.80000 -10.28000
v -4.13500 11.73000 -10.37000
v -5.36400 11.73000 -8.77000
v -6.41200 12.12000 -10.14000
v -6.56200 12.08000 -10.12000
v -5.30400 11.80000 -8.89000
v -6.11400 13.06000 -9.78000
v -5.99300 13.00000 -9.83000
v -5.89800 11.98000 -11.26000
v -5.24300 13.01000 -8.67000
v -5.19900 12.93000 -8.80000
v -4.12400 12.93000 -10.21000
v -4.00700 13.01000 -10.28000
v -1.59400 13.16000 -8.69000
v -1.94700 13.13000 -9.24000
v -1.90700 13.56000 -9.20000
v -1.62600 12.84000 -8.71000
v -3.07400 13.16000 -6.76000
v -3.52100 13.56000 -7.10000
v -3.65600 13.56000 -6.92000
v -2.04200 13.56000 -9.03000
v -5.31800 13.33000 -8.48000
v -3.83800 13.33000 -10.41000
v -3.69600 13.13000 -6.95000
v -3.10500 12.84000 -6.78000
v -5.34800 13.02000 -8.50000
v -3.56100 13.13000 -7.13000
v -3.86900 13.02000 -10.43000
v -2.08200 13.13000 -9.06000
v 3.21600 10.77000 -7.03000
v 1.89900 10.77000 -8.75000
v 1.15700 9.38000 -8.18000
v 2.47500 9.38000 -6.46000
v 0.89200 10.12000 -7.98000
v 6.44300 10.19000 -10.09000
v 5.68900 10.19000 -11.07000
v 6.41200 10.51000 -10.07000
v 5.09200 9.90000 -8.37000
v 2.76100 11.10000 -6.58000
v 1.34600 11.10000 -8.43000
v 2.82200 10.48000 -6.63000
v 3.38500 9.89000 -7.06000
v 4.04300 9.86000 -7.56000
v 1.40700 10.48000 -8.48000
v 1.97000 9.89000 -8.91000
v 3.67600 9.90000 -10.21000
v 2.62800 9.86000 -9.41000
v -1.33000 10.94000 -8.48000
v -1.15500 12.74000 -8.35000
v -2.81000 10.94000 -6.55000
v -2.63500 12.74000 -6.42000
v -4.93400 13.36000 -8.54000
v -2.42500 13.53000 -8.96000
v -3.80100 13.36000 -10.02000
v -3.55800 13.53000 -7.49000
v -4.70500 13.25000 -8.53000
v -3.52300 13.40000 -7.62000
v -3.73200 13.25000 -9.80000
v -2.54900 13.40000 -8.89000
v 2.72400 9.19000 -6.35000
v 1.11400 9.19000 -8.45000
v 0.51500 8.04000 -7.99000
v 2.12500 8.04000 -5.89000
v 0.78400 10.28000 -7.00000
v -1.63500 8.89000 -5.52000
v -0.82600 10.28000 -4.90000
v -0.34000 11.43000 -7.86000
v -1.95000 11.43000 -5.76000
v -1.86500 10.61000 -9.09000
v -2.30600 11.02000 -9.04000
v -2.05300 10.61000 -8.85000
v -2.11900 11.02000 -9.29000
v -3.35000 10.61000 -7.16000
v -3.79100 11.02000 -7.11000
v -3.53700 10.61000 -6.91000
v -3.60400 11.02000 -7.35000
v -3.89100 10.08000 -7.57000
v -5.13600 10.44000 -8.83000
v -4.14400 10.49000 -7.76000
v -4.13200 10.44000 -10.14000
v -4.30300 10.18000 -10.66000
v -4.49000 10.18000 -10.41000
v -3.94500 10.44000 -10.38000
v -5.68100 10.18000 -8.86000
v -5.32300 10.44000 -8.58000
v -5.49400 10.18000 -9.10000
v -2.84700 10.49000 -9.46000
v -2.65900 10.49000 -9.70000
v -4.33100 10.49000 -7.52000
v -4.07800 10.08000 -7.33000
v -2.59300 10.08000 -9.26000
v -2.40600 10.08000 -9.51000
v 5.89800 11.98000 -11.26000
v 6.16900 13.17000 -9.86000
v 6.00000 13.17000 -10.04000
v 5.36400 11.73000 -8.77000
v 6.56200 12.08000 -10.12000
v 5.24300 13.01000 -8.67000
v 5.14400 13.16000 -8.57000
v 6.11400 13.06000 -9.78000
v 5.39200 13.17000 -10.87000
v 5.19900 12.93000 -8.80000
v 5.30400 11.80000 -8.89000
v 3.88200 13.16000 -10.21000
v 5.72800 12.12000 -11.03000
v 4.13500 11.73000 -10.37000
v 4.23800 11.80000 -10.28000
v 5.74900 12.08000 -11.18000
v 6.41200 12.12000 -10.14000
v 5.99300 13.00000 -9.83000
v 5.30900 13.06000 -10.83000
v 5.32200 13.00000 -10.71000
v 4.12400 12.93000 -10.21000
v 4.00700 13.01000 -10.28000
v -3.26000 10.95000 -9.84000
v -3.34800 11.13000 -9.83000
v -3.34700 10.95000 -9.73000
v -3.22000 10.83000 -9.83000
v -3.33400 10.84000 -9.68000
v -4.62000 10.95000 -8.06000
v -4.53400 10.95000 -8.18000
v -4.63300 11.13000 -8.15000
v -4.48700 10.84000 -8.18000
v -4.60100 10.83000 -8.03000
v -3.65000 10.82000 -10.11000
v -3.73500 11.00000 -10.08000
v -3.71100 10.82000 -9.98000
v -3.60700 10.70000 -10.11000
v -3.68700 10.70000 -9.94000
v -3.95700 10.77000 -10.26000
v -4.04300 10.95000 -10.23000
v -4.01700 10.78000 -10.13000
v -3.91400 10.65000 -10.26000
v -3.99400 10.66000 -10.09000
v -4.26600 10.73000 -10.42000
v -4.35000 10.91000 -10.38000
v -4.32000 10.73000 -10.29000
v -4.22300 10.61000 -10.42000
v -4.29400 10.61000 -10.25000
v -4.58200 10.68000 -10.55000
v -4.66700 10.86000 -10.51000
v -4.63600 10.69000 -10.42000
v -4.53900 10.57000 -10.55000
v -4.61000 10.57000 -10.38000
v -4.89900 10.64000 -10.68000
v -4.98300 10.82000 -10.64000
v -4.95200 10.64000 -10.54000
v -4.85600 10.52000 -10.68000
v -4.92700 10.52000 -10.51000
v -5.23000 10.65000 -10.81000
v -5.32000 10.83000 -10.78000
v -5.28400 10.65000 -10.68000
v -5.18300 10.53000 -10.81000
v -5.25400 10.54000 -10.64000
v -6.06100 10.83000 -9.81000
v -5.95900 10.65000 -9.80000
v -6.04300 10.63000 -9.91000
v -5.91200 10.54000 -9.78000
v -6.02400 10.51000 -9.93000
v -5.83900 10.82000 -9.52000
v -5.74100 10.64000 -9.52000
v -5.82600 10.62000 -9.63000
v -5.69800 10.52000 -9.50000
v -5.81000 10.50000 -9.65000
v -5.42600 10.91000 -8.98000
v -5.32800 10.73000 -8.97000
v -5.41300 10.71000 -9.08000
v -5.28500 10.61000 -8.96000
v -5.39700 10.59000 -9.10000
v -5.63200 10.86000 -9.25000
v -5.53500 10.69000 -9.24000
v -5.62000 10.67000 -9.35000
v -5.49200 10.57000 -9.23000
v -5.60400 10.54000 -9.38000
v -4.97400 11.00000 -8.46000
v -4.87500 10.82000 -8.46000
v -4.96600 10.80000 -8.57000
v -4.83100 10.70000 -8.45000
v -4.95100 10.68000 -8.59000
v -5.20000 10.95000 -8.72000
v -5.10100 10.78000 -8.72000
v -5.19200 10.76000 -8.83000
v -5.05700 10.66000 -8.71000
v -5.17700 10.64000 -8.85000
v -6.20600 10.67000 -9.99000
v -6.09700 10.67000 -10.13000
v -6.23300 10.96000 -10.12000
v -6.03000 10.47000 -10.11000
v -6.17300 10.47000 -9.93000
v -5.52900 10.67000 -10.87000
v -5.66500 10.96000 -10.86000
v -5.63800 10.67000 -10.73000
v -5.46200 10.47000 -10.85000
v -5.60600 10.47000 -10.67000
v -5.77500 10.58000 -10.63000
v -5.85400 10.71000 -10.61000
v -5.85000 10.58000 -10.53000
v -5.73800 10.50000 -10.63000
v -5.83800 10.50000 -10.50000
v -6.03900 10.58000 -10.29000
v -5.96300 10.58000 -10.39000
v -6.04200 10.71000 -10.37000
v -5.92600 10.50000 -10.38000
v -6.02600 10.50000 -10.25000
v -4.98300 10.82000 -8.37000
v -4.97300 10.70000 -8.33000
v -4.73100 10.93000 -8.15000
v -4.74700 10.81000 -8.14000
v -5.20900 10.77000 -8.63000
v -5.20000 10.65000 -8.59000
v -6.34500 10.63000 -10.09000
v -6.35800 10.43000 -10.07000
v -5.44100 10.73000 -8.89000
v -5.43400 10.61000 -8.84000
v -5.64700 10.68000 -9.16000
v -5.64000 10.57000 -9.11000
v -6.13600 10.56000 -10.36000
v -6.15500 10.47000 -10.35000
v -5.94800 10.56000 -10.61000
v -5.96700 10.47000 -10.60000
v -5.85400 10.64000 -9.43000
v -5.84700 10.52000 -9.39000
v -5.77700 10.63000 -10.84000
v -5.79000 10.43000 -10.81000
v -6.07100 10.65000 -9.71000
v -6.06100 10.53000 -9.67000
v -5.41300 10.63000 -10.73000
v -5.42600 10.51000 -10.71000
v -4.45000 10.71000 -10.34000
v -4.46600 10.59000 -10.32000
v -4.76600 10.67000 -10.47000
v -4.78200 10.54000 -10.45000
v -5.08200 10.62000 -10.60000
v -5.09900 10.50000 -10.58000
v -3.83800 10.80000 -10.04000
v -3.85500 10.68000 -10.02000
v -4.14500 10.76000 -10.19000
v -4.16200 10.64000 -10.17000
v -3.45800 10.94000 -9.81000
v -3.48200 10.82000 -9.79000
v -6.23600 10.63000 -10.24000
v -6.21400 10.43000 -10.26000
v -5.66900 10.63000 -10.98000
v -5.64600 10.43000 -11.00000
v -5.87300 10.56000 -10.71000
v -5.86700 10.47000 -10.73000
v -6.06100 10.56000 -10.46000
v -6.05600 10.47000 -10.48000
v -6.15500 10.62000 -9.83000
v -6.17300 10.50000 -9.82000
v -5.30000 10.75000 -8.74000
v -5.32000 10.63000 -8.73000
v -5.07400 10.80000 -8.48000
v -5.09400 10.68000 -8.47000
v -5.93900 10.62000 -9.54000
v -5.95900 10.50000 -9.53000
v -5.52600 10.71000 -9.00000
v -5.54600 10.59000 -8.99000
v -5.73200 10.66000 -9.27000
v -5.75300 10.54000 -9.26000
v -5.35900 10.62000 -10.86000
v -5.35500 10.50000 -10.88000
v -5.02900 10.62000 -10.73000
v -5.02800 10.50000 -10.75000
v -4.71200 10.66000 -10.60000
v -4.71100 10.54000 -10.62000
v -4.39600 10.71000 -10.47000
v -4.39500 10.59000 -10.49000
v -4.08400 10.75000 -10.32000
v -4.08300 10.63000 -10.34000
v -3.77700 10.80000 -10.17000
v -3.77500 10.68000 -10.19000
v -3.37200 10.93000 -9.92000
v -3.36800 10.81000 -9.94000
v -4.64500 10.94000 -8.26000
v -4.63400 10.82000 -8.29000
v 3.96600 11.11000 -7.19000
v 3.54400 10.43000 -6.87000
v 3.33400 10.43000 -7.14000
v 3.75600 11.11000 -7.47000
v 1.82700 10.43000 -9.11000
v 2.45900 11.11000 -9.16000
v 2.03600 10.43000 -8.84000
v 2.24900 11.11000 -9.43000
v 3.18900 11.00000 -6.75000
v 3.44900 11.39000 -6.80000
v 3.19800 10.99000 -6.60000
v 3.38500 11.31000 -6.90000
v 3.42600 11.64000 -6.78000
v 3.21600 11.64000 -7.05000
v 1.91800 11.64000 -8.75000
v 1.70900 11.64000 -9.02000
v 3.52000 10.67000 -6.85000
v 3.43900 10.75000 -6.94000
v 1.80300 10.67000 -9.09000
v 1.48100 10.99000 -8.84000
v 1.61800 11.00000 -8.80000
v 1.86800 10.75000 -8.99000
v 3.77100 11.08000 -7.04000
v 3.00300 10.96000 -6.46000
v 3.63500 11.07000 -7.09000
v 1.49600 10.96000 -8.42000
v 2.79300 10.96000 -6.73000
v 1.28600 10.96000 -8.70000
v 2.06300 11.07000 -9.14000
v 2.05400 11.08000 -9.28000
v 1.81300 11.31000 -8.95000
v 1.73300 11.39000 -9.04000
v -0.92400 11.02000 -5.90000
v -0.98600 10.19000 -2.13000
v -0.92400 10.58000 -2.29000
v -0.98600 10.68000 -6.15000
v -3.23200 11.28000 -9.59000
v -3.25000 11.10000 -9.69000
v -3.15600 11.28000 -9.73000
v -3.11000 11.39000 -9.73000
v -3.21000 11.39000 -9.55000
v -3.56000 11.35000 -9.77000
v -3.57800 11.18000 -9.87000
v -3.48400 11.35000 -9.91000
v -3.43900 11.47000 -9.91000
v -3.53900 11.46000 -9.72000
v -3.88800 11.43000 -9.94000
v -3.90600 11.26000 -10.05000
v -3.81200 11.43000 -10.08000
v -3.76700 11.54000 -10.08000
v -3.86700 11.54000 -9.90000
v -4.21600 11.50000 -10.12000
v -4.23400 11.33000 -10.23000
v -4.14100 11.50000 -10.26000
v -4.09500 11.62000 -10.26000
v -4.19500 11.61000 -10.08000
v -4.53300 11.58000 -10.29000
v -4.55100 11.41000 -10.40000
v -4.45700 11.58000 -10.43000
v -4.41200 11.69000 -10.43000
v -4.51200 11.69000 -10.25000
v -4.85100 11.64000 -10.46000
v -4.86900 11.47000 -10.57000
v -4.77500 11.64000 -10.60000
v -4.73000 11.76000 -10.60000
v -4.83000 11.75000 -10.42000
v -5.16500 11.74000 -10.63000
v -5.18300 11.57000 -10.74000
v -5.08900 11.75000 -10.77000
v -5.04400 11.86000 -10.77000
v -5.14400 11.85000 -10.59000
v -5.48500 11.78000 -10.81000
v -5.50300 11.61000 -10.91000
v -5.41000 11.79000 -10.95000
v -5.36400 11.90000 -10.95000
v -5.46400 11.89000 -10.76000
v -5.86500 11.81000 -10.99000
v -5.88000 11.52000 -11.10000
v -5.76700 11.81000 -11.11000
v -5.71200 11.99000 -11.10000
v -5.84200 11.99000 -10.94000
v -6.40500 11.81000 -10.28000
v -6.50300 11.81000 -10.15000
v -6.51800 11.52000 -10.27000
v -6.35000 11.99000 -10.27000
v -6.48000 11.99000 -10.10000
v -6.11700 11.92000 -10.68000
v -6.17900 11.92000 -10.60000
v -6.18300 11.79000 -10.67000
v -6.08600 12.00000 -10.68000
v -6.16700 12.00000 -10.57000
v -6.00700 11.92000 -10.83000
v -6.01100 11.79000 -10.89000
v -5.94500 11.92000 -10.91000
v -5.91400 12.00000 -10.90000
v -5.99600 12.00000 -10.80000
v -6.28900 11.92000 -10.46000
v -6.35000 11.92000 -10.38000
v -6.35400 11.79000 -10.45000
v -6.25700 12.00000 -10.46000
v -6.33900 12.00000 -10.35000
v -6.27300 12.02000 -10.66000
v -6.19100 12.02000 -10.76000
v -6.10100 12.02000 -10.88000
v -6.02000 12.02000 -10.99000
v -6.44500 12.02000 -10.43000
v -6.36300 12.02000 -10.54000
v -6.00900 12.02000 -11.06000
v -5.88000 12.02000 -11.23000
v -6.51800 12.02000 -10.40000
v -6.64700 12.02000 -10.23000
v -5.22600 11.88000 -10.87000
v -5.32600 11.88000 -10.69000
v -5.83600 11.85000 -9.69000
v -6.13000 11.88000 -9.69000
v -5.98700 11.86000 -9.54000
v -5.97900 11.88000 -9.84000
v -5.54600 11.92000 -11.05000
v -5.64600 11.92000 -10.86000
v -6.08700 11.89000 -9.95000
v -6.38100 11.92000 -9.96000
v -6.23800 11.90000 -9.81000
v -6.23000 11.92000 -10.10000
v -5.59100 11.75000 -9.43000
v -5.88500 11.78000 -9.43000
v -5.74200 11.76000 -9.28000
v -5.73400 11.78000 -9.58000
v -4.91200 11.78000 -10.70000
v -5.01200 11.78000 -10.52000
v -4.59400 11.72000 -10.53000
v -4.69400 11.71000 -10.35000
v -5.34200 11.69000 -9.17000
v -5.63600 11.72000 -9.17000
v -5.49300 11.69000 -9.02000
v -5.48500 11.71000 -9.32000
v -4.27700 11.64000 -10.36000
v -4.37800 11.64000 -10.18000
v -5.09500 11.61000 -8.90000
v -5.38900 11.64000 -8.91000
v -5.24600 11.62000 -8.76000
v -5.23800 11.64000 -9.06000
v -4.83800 11.54000 -8.63000
v -5.13200 11.57000 -8.64000
v -4.99000 11.54000 -8.49000
v -4.98100 11.56000 -8.78000
v -3.94900 11.57000 -10.18000
v -4.04900 11.56000 -10.00000
v -4.58200 11.46000 -8.36000
v -4.87600 11.49000 -8.37000
v -4.73300 11.47000 -8.22000
v -4.72500 11.49000 -8.51000
v -3.62100 11.49000 -10.01000
v -3.72100 11.49000 -9.82000
v -3.29300 11.42000 -9.83000
v -3.39300 11.41000 -9.65000
v -4.32500 11.39000 -8.09000
v -4.61900 11.42000 -8.10000
v -4.47600 11.39000 -7.95000
v -4.46800 11.41000 -8.24000
v -4.37200 11.28000 -8.10000
v -4.48700 11.28000 -7.99000
v -4.47700 11.10000 -8.09000
v -4.62900 11.35000 -8.37000
v -4.74300 11.35000 -8.26000
v -4.73400 11.18000 -8.36000
v -4.88500 11.43000 -8.64000
v -5.00000 11.43000 -8.53000
v -4.99000 11.26000 -8.63000
v -5.14200 11.50000 -8.91000
v -5.25600 11.50000 -8.81000
v -5.24700 11.33000 -8.90000
v -6.63000 11.83000 -10.25000
v -5.38900 11.58000 -9.18000
v -5.50300 11.58000 -9.07000
v -5.49400 11.41000 -9.17000
v -6.43000 11.93000 -10.44000
v -5.63800 11.64000 -9.44000
v -5.75200 11.64000 -9.33000
v -5.74300 11.47000 -9.43000
v -6.25800 11.93000 -10.66000
v -6.08700 11.93000 -10.89000
v -5.88300 11.74000 -9.70000
v -5.99700 11.75000 -9.59000
v -5.98700 11.57000 -9.69000
v -5.99200 11.83000 -11.08000
v -3.36900 11.30000 -9.66000
v -3.69800 11.37000 -9.84000
v -4.02600 11.45000 -10.02000
v -4.35400 11.52000 -10.20000
v -4.67100 11.60000 -10.37000
v -4.98900 11.66000 -10.54000
v -5.62300 11.80000 -10.88000
v -5.30300 11.76000 -10.71000
v -6.13400 11.78000 -9.96000
v -6.24800 11.79000 -9.85000
v -6.23800 11.61000 -9.95000
v -5.89400 11.83000 -11.21000
v -6.53200 11.83000 -10.38000
v -6.19700 11.93000 -10.75000
v -6.02500 11.93000 -10.97000
v -6.36800 11.93000 -10.52000
v -4.59500 11.30000 -8.11000
v -4.85100 11.37000 -8.38000
v -5.10800 11.45000 -8.65000
v -5.36400 11.52000 -8.92000
v -5.61100 11.60000 -9.18000
v -5.54700 11.80000 -11.02000
v -5.86000 11.66000 -9.44000
v -6.35600 11.80000 -9.97000
v -6.10500 11.77000 -9.70000
v -5.22700 11.77000 -10.85000
v -4.91300 11.66000 -10.68000
v -4.59500 11.60000 -10.51000
v -4.27900 11.52000 -10.33000
v -3.95000 11.45000 -10.16000
v -3.62200 11.37000 -9.98000
v -3.29400 11.30000 -9.80000
v -6.24200 11.80000 -10.07000
v -5.99100 11.76000 -9.81000
v -5.74600 11.66000 -9.55000
v -5.49700 11.60000 -9.29000
v -5.25000 11.52000 -9.03000
v -4.48000 11.30000 -8.21000
v -4.73700 11.37000 -8.49000
v -4.99300 11.45000 -8.76000
v 0.98600 10.19000 -2.13000
v 0.92400 11.02000 -5.90000
v 0.92400 10.58000 -2.29000
v 0.98600 10.68000 -6.15000
v -0.98600 6.46000 -7.25000
v -0.92400 7.41000 -8.69000
v -0.92400 6.21000 -7.51000
v -0.98600 7.82000 -8.57000
v -0.92400 5.10000 -5.47000
v -0.98600 5.21000 -5.07000
v 5.88000 11.52000 -11.10000
v 5.89400 11.83000 -11.21000
v 5.99200 11.83000 -11.08000
v 6.00900 12.02000 -11.06000
v 5.88000 12.02000 -11.23000
v 6.51800 11.52000 -10.27000
v 6.53200 11.83000 -10.38000
v 6.63000 11.83000 -10.25000
v 6.64700 12.02000 -10.23000
v 6.51800 12.02000 -10.40000
v 6.18300 11.79000 -10.67000
v 6.19700 11.93000 -10.75000
v 6.25800 11.93000 -10.66000
v 6.27300 12.02000 -10.66000
v 6.19100 12.02000 -10.76000
v 6.01100 11.79000 -10.89000
v 6.02500 11.93000 -10.97000
v 6.08700 11.93000 -10.89000
v 6.10100 12.02000 -10.88000
v 6.02000 12.02000 -10.99000
v 6.35400 11.79000 -10.45000
v 6.36800 11.93000 -10.52000
v 6.43000 11.93000 -10.44000
v 6.44500 12.02000 -10.43000
v 6.36300 12.02000 -10.54000
v 4.47700 11.10000 -8.09000
v 4.59500 11.30000 -8.11000
v 4.48700 11.28000 -7.99000
v 4.61900 11.42000 -8.10000
v 4.47600 11.39000 -7.95000
v 4.73400 11.18000 -8.36000
v 4.85100 11.37000 -8.38000
v 4.74300 11.35000 -8.26000
v 4.87600 11.49000 -8.37000
v 4.73300 11.47000 -8.22000
v 4.99000 11.26000 -8.63000
v 5.10800 11.45000 -8.65000
v 5.00000 11.43000 -8.53000
v 5.13200 11.57000 -8.64000
v 4.98900 11.54000 -8.49000
v 5.24700 11.33000 -8.90000
v 5.36400 11.52000 -8.92000
v 5.25600 11.50000 -8.81000
v 5.38900 11.64000 -8.91000
v 5.24600 11.62000 -8.76000
v 5.49400 11.41000 -9.17000
v 5.61100 11.60000 -9.18000
v 5.50300 11.58000 -9.07000
v 5.63600 11.72000 -9.17000
v 5.49300 11.69000 -9.02000
v 5.50300 11.61000 -10.91000
v 5.54700 11.80000 -11.02000
v 5.62300 11.80000 -10.88000
v 5.64600 11.92000 -10.86000
v 5.54600 11.92000 -11.05000
v 5.74300 11.47000 -9.43000
v 5.86000 11.66000 -9.44000
v 5.75200 11.64000 -9.33000
v 5.88500 11.78000 -9.43000
v 5.74200 11.76000 -9.28000
v 6.23800 11.61000 -9.95000
v 6.35600 11.80000 -9.97000
v 6.24800 11.79000 -9.85000
v 6.38100 11.92000 -9.96000
v 6.23800 11.90000 -9.81000
v 5.98700 11.57000 -9.69000
v 6.10500 11.77000 -9.70000
v 5.99700 11.75000 -9.59000
v 6.13000 11.88000 -9.69000
v 5.98700 11.86000 -9.54000
v 5.18300 11.57000 -10.74000
v 5.22700 11.77000 -10.85000
v 5.30300 11.76000 -10.71000
v 5.32600 11.88000 -10.69000
v 5.22600 11.88000 -10.87000
v 4.86900 11.47000 -10.57000
v 4.91300 11.66000 -10.68000
v 4.98900 11.66000 -10.54000
v 5.01200 11.78000 -10.52000
v 4.91200 11.78000 -10.70000
v 4.55100 11.41000 -10.40000
v 4.59500 11.60000 -10.51000
v 4.67100 11.60000 -10.37000
v 4.69400 11.71000 -10.35000
v 4.59400 11.72000 -10.53000
v 4.23400 11.33000 -10.23000
v 4.27900 11.52000 -10.33000
v 4.35400 11.52000 -10.20000
v 4.37800 11.64000 -10.18000
v 4.27700 11.64000 -10.36000
v 3.90600 11.26000 -10.05000
v 3.95000 11.45000 -10.16000
v 4.02600 11.45000 -10.02000
v 4.04900 11.56000 -10.00000
v 3.94900 11.57000 -10.18000
v 3.57800 11.18000 -9.87000
v 3.62200 11.37000 -9.98000
v 3.69800 11.37000 -9.84000
v 3.72100 11.49000 -9.82000
v 3.62100 11.49000 -10.01000
v 3.25000 11.10000 -9.69000
v 3.29400 11.30000 -9.80000
v 3.36900 11.30000 -9.66000
v 3.39300 11.41000 -9.65000
v 3.29300 11.42000 -9.83000
v 6.08600 12.00000 -10.68000
v 6.16700 12.00000 -10.57000
v 5.91400 12.00000 -10.90000
v 5.99600 12.00000 -10.80000
v 6.25700 12.00000 -10.46000
v 6.33900 12.00000 -10.35000
v 5.71200 11.99000 -11.10000
v 5.84200 11.99000 -10.94000
v 6.48000 11.99000 -10.10000
v 6.35000 11.99000 -10.27000
v 5.14400 11.85000 -10.59000
v 5.04400 11.86000 -10.77000
v 5.83600 11.85000 -9.69000
v 5.97900 11.88000 -9.84000
v 5.46400 11.89000 -10.76000
v 5.36400 11.90000 -10.95000
v 6.08700 11.89000 -9.95000
v 6.23000 11.92000 -10.10000
v 5.59100 11.75000 -9.43000
v 5.73400 11.78000 -9.58000
v 4.83000 11.75000 -10.42000
v 4.73000 11.76000 -10.60000
v 4.51200 11.69000 -10.25000
v 4.41200 11.69000 -10.43000
v 5.34200 11.69000 -9.17000
v 5.48500 11.71000 -9.32000
v 4.19500 11.61000 -10.08000
v 4.09500 11.62000 -10.26000
v 5.09500 11.61000 -8.90000
v 5.23800 11.64000 -9.06000
v 4.83800 11.54000 -8.63000
v 4.98100 11.56000 -8.78000
v 3.86700 11.54000 -9.90000
v 3.76700 11.54000 -10.08000
v 4.58200 11.46000 -8.36000
v 4.72500 11.49000 -8.51000
v 3.53900 11.46000 -9.72000
v 3.43900 11.47000 -9.91000
v 3.21000 11.39000 -9.55000
v 3.11000 11.39000 -9.73000
v 4.32500 11.39000 -8.09000
v 4.46800 11.41000 -8.24000
v 4.37200 11.28000 -8.10000
v 4.62900 11.35000 -8.37000
v 4.88500 11.43000 -8.64000
v 5.14200 11.50000 -8.91000
v 6.50300 11.81000 -10.15000
v 5.38900 11.58000 -9.18000
v 6.35000 11.92000 -10.38000
v 5.63800 11.64000 -9.44000
v 6.17900 11.92000 -10.60000
v 6.00700 11.92000 -10.83000
v 5.88300 11.74000 -9.70000
v 5.86500 11.81000 -10.99000
v 3.23200 11.28000 -9.59000
v 3.56000 11.35000 -9.77000
v 3.88800 11.43000 -9.94000
v 4.21600 11.50000 -10.12000
v 4.53300 11.58000 -10.29000
v 4.85100 11.64000 -10.46000
v 5.48500 11.78000 -10.81000
v 5.16500 11.74000 -10.63000
v 6.13400 11.78000 -9.96000
v 3.15600 11.28000 -9.73000
v 3.48400 11.35000 -9.91000
v 3.81200 11.43000 -10.08000
v 4.14100 11.50000 -10.26000
v 4.45700 11.58000 -10.43000
v 4.77500 11.64000 -10.60000
v 5.08900 11.75000 -10.77000
v 5.41000 11.79000 -10.95000
v 5.76700 11.81000 -11.11000
v 6.40500 11.81000 -10.28000
v 6.11700 11.92000 -10.68000
v 5.94500 11.92000 -10.91000
v 6.28900 11.92000 -10.46000
v 6.24200 11.80000 -10.07000
v 5.99100 11.76000 -9.81000
v 5.74600 11.66000 -9.55000
v 5.49700 11.60000 -9.29000
v 5.25000 11.52000 -9.03000
v 4.48000 11.30000 -8.21000
v 4.73700 11.37000 -8.49000
v 4.99300 11.45000 -8.76000
v 6.23300 10.96000 -10.12000
v 6.34500 10.63000 -10.09000
v 6.23600 10.63000 -10.24000
v 6.21400 10.43000 -10.26000
v 6.35800 10.43000 -10.07000
v 5.66500 10.96000 -10.86000
v 5.77700 10.63000 -10.84000
v 5.66900 10.63000 -10.98000
v 5.64600 10.43000 -11.00000
v 5.79000 10.43000 -10.81000
v 5.85400 10.71000 -10.61000
v 5.94800 10.56000 -10.61000
v 5.87300 10.56000 -10.71000
v 5.96700 10.47000 -10.60000
v 5.86700 10.47000 -10.73000
v 6.04200 10.71000 -10.37000
v 6.13600 10.56000 -10.36000
v 6.06100 10.56000 -10.46000
v 6.15500 10.47000 -10.35000
v 6.05600 10.47000 -10.48000
v 6.06100 10.83000 -9.81000
v 6.07100 10.65000 -9.71000
v 6.15500 10.62000 -9.83000
v 6.17300 10.50000 -9.82000
v 6.06100 10.53000 -9.67000
v 5.20000 10.95000 -8.72000
v 5.20900 10.77000 -8.63000
v 5.30000 10.75000 -8.74000
v 5.32000 10.63000 -8.73000
v 5.20000 10.65000 -8.59000
v 4.97400 11.00000 -8.46000
v 4.98300 10.82000 -8.37000
v 5.07400 10.80000 -8.48000
v 5.09400 10.68000 -8.47000
v 4.97300 10.70000 -8.33000
v 5.83900 10.82000 -9.52000
v 5.85400 10.64000 -9.43000
v 5.93900 10.62000 -9.54000
v 5.95900 10.50000 -9.53000
v 5.84700 10.52000 -9.39000
v 5.42600 10.91000 -8.98000
v 5.44100 10.73000 -8.89000
v 5.52600 10.71000 -9.00000
v 5.54600 10.59000 -8.99000
v 5.43400 10.61000 -8.84000
v 5.63200 10.86000 -9.25000
v 5.64700 10.68000 -9.16000
v 5.73200 10.66000 -9.27000
v 5.75300 10.54000 -9.26000
v 5.64000 10.57000 -9.11000
v 5.32000 10.83000 -10.78000
v 5.41300 10.63000 -10.73000
v 5.35900 10.62000 -10.86000
v 5.42600 10.51000 -10.71000
v 5.35500 10.50000 -10.88000
v 4.98300 10.82000 -10.64000
v 5.08200 10.62000 -10.60000
v 5.02900 10.62000 -10.73000
v 5.09900 10.50000 -10.58000
v 5.02800 10.50000 -10.75000
v 4.66700 10.86000 -10.51000
v 4.76600 10.67000 -10.47000
v 4.71200 10.66000 -10.60000
v 4.78200 10.54000 -10.45000
v 4.71100 10.54000 -10.62000
v 4.35000 10.91000 -10.38000
v 4.45000 10.71000 -10.34000
v 4.39600 10.71000 -10.47000
v 4.46600 10.59000 -10.32000
v 4.39500 10.59000 -10.49000
v 4.04300 10.95000 -10.23000
v 4.14500 10.76000 -10.19000
v 4.08400 10.75000 -10.32000
v 4.16200 10.64000 -10.17000
v 4.08300 10.63000 -10.34000
v 3.73500 11.00000 -10.08000
v 3.83800 10.80000 -10.04000
v 3.77700 10.80000 -10.17000
v 3.85500 10.68000 -10.02000
v 3.77500 10.68000 -10.19000
v 3.34800 11.13000 -9.83000
v 3.45800 10.94000 -9.81000
v 3.37200 10.93000 -9.92000
v 3.48200 10.82000 -9.79000
v 3.36800 10.81000 -9.94000
v 4.63300 11.13000 -8.15000
v 4.73100 10.93000 -8.15000
v 4.64500 10.94000 -8.26000
v 4.74700 10.81000 -8.14000
v 4.63400 10.82000 -8.29000
v 4.87500 10.82000 -8.46000
v 4.83100 10.70000 -8.45000
v 4.62000 10.95000 -8.06000
v 4.60100 10.83000 -8.03000
v 5.10100 10.78000 -8.72000
v 5.05700 10.66000 -8.71000
v 6.20600 10.67000 -9.99000
v 6.17300 10.47000 -9.93000
v 5.32800 10.73000 -8.97000
v 5.28500 10.61000 -8.96000
v 5.53500 10.69000 -9.24000
v 5.49200 10.57000 -9.23000
v 6.03900 10.58000 -10.29000
v 6.02600 10.50000 -10.25000
v 5.85000 10.58000 -10.53000
v 5.83800 10.50000 -10.50000
v 5.74100 10.64000 -9.52000
v 5.69800 10.52000 -9.50000
v 5.63800 10.67000 -10.73000
v 5.60600 10.47000 -10.67000
v 5.95900 10.65000 -9.80000
v 5.91200 10.54000 -9.78000
v 5.28400 10.65000 -10.68000
v 5.25400 10.54000 -10.64000
v 4.32000 10.73000 -10.29000
v 4.29400 10.61000 -10.25000
v 4.63600 10.69000 -10.42000
v 4.61000 10.57000 -10.38000
v 4.95200 10.64000 -10.54000
v 4.92700 10.52000 -10.51000
v 3.71100 10.82000 -9.98000
v 3.68700 10.70000 -9.94000
v 4.01700 10.78000 -10.13000
v 3.99400 10.66000 -10.09000
v 3.34700 10.95000 -9.73000
v 3.33400 10.84000 -9.68000
v 3.26000 10.95000 -9.84000
v 3.22000 10.83000 -9.83000
v 4.53400 10.95000 -8.18000
v 4.48700 10.84000 -8.18000
v 3.65000 10.82000 -10.11000
v 3.60700 10.70000 -10.11000
v 3.95700 10.77000 -10.26000
v 3.91400 10.65000 -10.26000
v 4.26600 10.73000 -10.42000
v 4.22300 10.61000 -10.42000
v 4.58200 10.68000 -10.55000
v 4.53900 10.57000 -10.55000
v 4.89900 10.64000 -10.68000
v 4.85600 10.52000 -10.68000
v 5.23000 10.65000 -10.81000
v 5.18300 10.53000 -10.81000
v 6.04300 10.63000 -9.91000
v 6.02400 10.51000 -9.93000
v 5.82600 10.62000 -9.63000
v 5.81000 10.50000 -9.65000
v 5.41300 10.71000 -9.08000
v 5.39700 10.59000 -9.10000
v 5.62000 10.67000 -9.35000
v 5.60400 10.54000 -9.38000
v 4.96600 10.80000 -8.57000
v 4.95100 10.68000 -8.59000
v 5.19200 10.76000 -8.83000
v 5.17700 10.64000 -8.85000
v 6.09700 10.67000 -10.13000
v 6.03000 10.47000 -10.11000
v 5.52900 10.67000 -10.87000
v 5.46200 10.47000 -10.85000
v 5.77500 10.58000 -10.63000
v 5.73800 10.50000 -10.63000
v 5.96300 10.58000 -10.39000
v 5.92600 10.50000 -10.38000
v -2.79300 10.96000 -6.73000
v -3.42500 11.64000 -6.78000
v -3.00300 10.96000 -6.46000
v -3.21600 11.64000 -7.05000
v -1.28600 10.96000 -8.70000
v -1.70800 11.64000 -9.02000
v -1.91800 11.64000 -8.75000
v -1.49600 10.96000 -8.42000
v -1.80300 10.67000 -9.09000
v -2.06300 11.07000 -9.14000
v -1.86700 10.75000 -8.99000
v -2.05400 11.08000 -9.28000
v -3.75600 11.11000 -7.47000
v -3.96600 11.11000 -7.19000
v -2.24900 11.11000 -9.43000
v -2.45900 11.11000 -9.16000
v -3.51900 10.67000 -6.85000
v -3.19800 10.99000 -6.60000
v -1.48100 10.99000 -8.84000
v -1.61700 11.00000 -8.80000
v -3.54300 10.43000 -6.87000
v -3.77100 11.08000 -7.04000
v -3.44900 11.39000 -6.80000
v -3.63400 11.07000 -7.09000
v -2.03600 10.43000 -8.84000
v -3.33400 10.43000 -7.14000
v -1.82600 10.43000 -9.11000
v -1.73200 11.39000 -9.04000
v -1.81300 11.31000 -8.95000
v 0.98600 6.46000 -7.25000
v 0.92400 7.41000 -8.69000
v 0.98600 7.82000 -8.57000
v 0.92400 6.21000 -7.51000
v 0.92400 5.10000 -5.47000
v 0.98600 5.21000 -5.07000
v -2.52700 13.24000 -9.46000
v -2.64300 12.50000 -9.28000
v -2.53000 12.49000 -9.43000
v -2.64000 13.25000 -9.30000
v -4.06200 13.24000 -7.46000
v -3.91700 12.50000 -7.61000
v -3.94100 13.25000 -7.60000
v -4.03800 12.49000 -7.46000
v -3.34800 13.05000 -10.05000
v -3.46100 13.06000 -9.89000
v -4.84500 13.05000 -8.10000
v -4.72400 13.06000 -8.24000
v -4.83200 12.65000 -8.10000
v -3.46300 12.66000 -9.88000
v -3.35000 12.65000 -10.03000
v -4.71100 12.66000 -8.25000
v 3.34800 13.05000 -10.05000
v 3.46200 12.66000 -9.88000
v 3.34900 12.65000 -10.03000
v 3.46100 13.06000 -9.89000
v 4.84400 13.05000 -8.10000
v 4.71100 12.66000 -8.25000
v 4.72400 13.06000 -8.24000
v 4.83200 12.65000 -8.10000
v 2.64000 13.25000 -9.30000
v 2.52700 13.24000 -9.46000
v 3.94100 13.25000 -7.60000
v 4.06200 13.24000 -7.46000
v 4.03800 12.49000 -7.46000
v 2.64200 12.50000 -9.28000
v 2.53000 12.49000 -9.43000
v 3.91700 12.50000 -7.61000
v -5.20000 12.93000 -8.80000
v 5.30300 11.80000 -8.89000
v 3.51300 13.40000 -7.53000
v 3.77600 13.24000 -9.88000
v 2.50500 13.40000 -8.91000
v 4.78400 13.24000 -8.50000
v 5.38600 13.07000 -10.73000
v 4.20200 11.74000 -10.22000
v 4.07800 12.99000 -10.13000
v 5.82200 12.10000 -11.10000
v -2.46000 9.60000 -6.70000
v -2.46000 9.20000 -6.80000
v -2.46000 8.96000 -2.04000
v -2.46000 7.29000 -3.33000
v 1.21800 6.89000 -6.82000
v 1.14000 7.80000 -8.59000
v 1.21800 8.82000 -8.71000
v 1.00100 7.38000 -9.10000
v 1.14000 6.45000 -7.27000
v 1.07800 7.40000 -8.70000
v 1.14000 5.19000 -5.09000
v 1.00100 5.98000 -7.73000
v 1.21800 5.07000 -4.07000
v 1.07800 6.19000 -7.53000
v 1.00100 4.68000 -5.51000
v 1.07800 5.08000 -5.49000
v -1.21800 6.89000 -6.82000
v -1.21800 5.07000 -4.07000
v -1.07900 6.19000 -7.53000
v -1.07900 5.08000 -5.49000
v 0.98500 5.21000 -5.07000
v -1.14000 5.19000 -5.09000
v -1.21800 8.82000 -8.71000
v -1.07900 7.40000 -8.70000
v 0.98500 7.82000 -8.57000
v -1.14000 7.80000 -8.59000
v -1.14000 6.45000 -7.27000
v -1.00100 7.38000 -9.10000
v -1.00100 4.68000 -5.51000
v -1.00100 5.98000 -7.73000
v 0.98500 6.46000 -7.25000
v 1.67800 8.37000 -7.12000
v 1.67800 8.76000 -8.86000
v 1.67800 9.83000 -8.40000
v 1.67800 7.30000 -7.90000
v -1.67800 7.30000 -7.90000
v -1.67800 8.37000 -7.12000
v -1.67800 8.76000 -8.86000
v -1.67800 9.83000 -8.40000
v 1.21800 10.17000 -7.02000
v 1.14000 10.21000 -2.12000
v 1.21800 9.49000 -1.40000
v 1.00100 10.86000 -1.98000
v 1.14000 10.71000 -6.15000
v 1.07800 10.60000 -2.29000
v 1.00100 11.37000 -6.13000
v 1.07800 11.04000 -5.89000
v -1.00100 11.37000 -6.13000
v -1.00100 10.86000 -1.98000
v -1.14000 10.71000 -6.15000
v -1.14000 10.21000 -2.12000
v 0.98500 10.19000 -2.13000
v 0.98500 10.68000 -6.15000
v -1.21800 9.49000 -1.40000
v -1.07900 11.04000 -5.89000
v -1.21800 10.17000 -7.02000
v -1.07900 10.60000 -2.29000
v 2.46000 9.60000 -6.70000
v 2.46000 9.20000 -6.80000
v 2.46000 8.96000 -2.04000
v 2.46000 7.29000 -3.33000
v 4.83700 13.04000 -8.04000
v 4.80100 12.75000 -8.07000
v 4.81000 13.04000 -8.07000
v 4.82700 12.75000 -8.04000
v 3.29100 13.04000 -10.05000
v 3.31700 12.75000 -10.01000
v 3.29200 12.75000 -10.04000
v 3.31600 13.04000 -10.02000
v 4.23400 13.19000 -7.60000
v 4.26100 13.18000 -7.57000
v 2.71300 13.19000 -9.59000
v 2.68700 13.18000 -9.62000
v 4.24400 12.63000 -7.57000
v 2.71400 12.63000 -9.57000
v 4.21700 12.63000 -7.61000
v 2.68900 12.63000 -9.60000
v -4.26100 13.18000 -7.57000
v -4.21700 12.63000 -7.61000
v -4.23400 13.19000 -7.60000
v -4.24400 12.63000 -7.57000
v -2.68700 13.18000 -9.62000
v -2.71400 12.63000 -9.57000
v -2.68900 12.63000 -9.60000
v -2.71200 13.19000 -9.59000
v -4.83700 13.04000 -8.04000
v -4.81000 13.04000 -8.07000
v -3.29100 13.04000 -10.05000
v -3.31600 13.04000 -10.02000
v -4.82700 12.75000 -8.04000
v -3.31700 12.75000 -10.01000
v -4.80000 12.75000 -8.07000
v -3.29200 12.75000 -10.04000
v -2.06900 2.22000 -0.49000
v -2.06900 1.60000 -1.10000
v -2.06900 1.85000 -1.10000
v -2.06900 2.22000 -1.47000
v -2.06900 2.22000 -0.74000
v -2.06900 2.22000 -1.72000
v -2.06900 2.83000 -1.10000
v -2.06900 2.58000 -1.10000
v -2.32800 2.22000 -0.49000
v -2.32800 2.83000 -1.10000
v -2.32800 1.60000 -1.10000
v -2.22700 2.22000 -1.39000
v -2.22700 1.93000 -1.10000
v -2.22700 2.50000 -1.10000
v -2.32800 2.22000 -1.72000
v -2.22700 2.22000 -0.82000
v -3.13400 2.22000 -0.49000
v -3.13400 2.22000 -1.72000
v -3.13400 2.83000 -1.10000
v -3.13400 1.60000 -1.10000
v -3.39300 1.85000 -1.10000
v -3.39300 2.22000 -0.74000
v -3.23600 2.22000 -0.82000
v -3.39300 2.22000 -0.49000
v -3.39300 2.83000 -1.10000
v -3.39300 1.60000 -1.10000
v -3.23600 1.93000 -1.10000
v -3.39300 2.22000 -1.47000
v -3.23600 2.22000 -1.39000
v -3.39300 2.58000 -1.10000
v -3.23600 2.50000 -1.10000
v -3.39300 2.22000 -1.72000
v -2.28300 2.32000 -0.16000
v -2.28300 1.16000 -0.86000
v -2.28300 1.87000 -1.38000
v -2.28300 0.33000 -2.16000
v -2.28300 0.84000 -2.56000
v -2.28300 2.94000 -1.41000
v -2.29600 2.94000 -0.60000
v -2.28300 1.30000 -2.54000
v -2.28300 2.19000 -1.99000
v -3.21000 2.94000 -1.41000
v -3.21000 2.94000 -0.60000
v -3.21000 2.32000 -0.16000
v -3.21000 1.16000 -0.86000
v -3.21000 1.87000 -1.38000
v -3.21000 0.33000 -2.16000
v -3.21000 0.84000 -2.56000
v -3.21000 1.30000 -2.54000
v -3.21000 2.19000 -1.99000
v -0.69900 13.59000 -14.84000
v -1.11100 12.06000 -13.42000
v -1.12100 13.51000 -13.25000
v -0.71300 12.47000 -15.50000
v 1.11100 12.06000 -13.42000
v 0.70000 13.59000 -14.84000
v 1.12100 13.51000 -13.25000
v 0.71300 12.47000 -15.50000
v -1.01500 13.90000 -12.54000
v -1.01500 14.09000 -10.65000
v 1.01500 13.90000 -12.54000
v 1.01500 14.09000 -10.65000
v 1.54200 11.23000 -10.39000
v 1.54200 13.26000 -8.82000
v 1.54200 10.97000 -9.10000
v 1.54200 14.30000 -10.24000
v 1.54200 14.01000 -13.11000
v 1.54200 11.82000 -13.38000
v -1.18100 14.27000 -10.58000
v -1.18100 14.05000 -12.78000
v -1.54300 14.30000 -10.24000
v -1.54300 13.26000 -8.82000
v -1.54300 14.01000 -13.11000
v 1.18100 14.05000 -12.78000
v 1.18100 14.27000 -10.58000
v -1.54300 10.97000 -9.10000
v -1.54300 11.23000 -10.39000
v -1.54300 11.82000 -13.38000
v 1.31600 11.79000 -13.25000
v 0.81000 12.30000 -15.84000
v 0.84700 12.42000 -15.63000
v 1.28100 11.98000 -13.39000
v 1.28800 13.61000 -13.19000
v 1.31600 13.80000 -13.01000
v 0.81000 13.81000 -15.03000
v 0.83800 13.67000 -14.92000
v -0.93200 13.74000 -13.32000
v -0.49700 13.81000 -15.00000
v -0.81000 13.81000 -15.03000
v -1.31600 13.80000 -13.01000
v 0.93200 13.74000 -13.32000
v 0.49700 13.81000 -15.00000
v -1.28200 11.98000 -13.39000
v -0.84800 12.42000 -15.63000
v -1.31600 11.79000 -13.25000
v -0.70000 13.59000 -14.84000
v -0.83900 13.67000 -14.92000
v 0.69900 13.59000 -14.84000
v -0.81000 12.30000 -15.84000
v -1.28800 13.61000 -13.19000
v -0.49700 12.59000 -15.73000
v 0.49700 12.59000 -15.73000
v -1.47600 11.35000 -10.91000
v 1.47500 11.35000 -10.91000
v 1.16800 11.25000 -11.22000
v 1.47500 10.73000 -12.67000
v -1.16800 11.25000 -11.22000
v 1.16800 10.73000 -12.63000
v -1.47600 10.73000 -12.67000
v 0.53900 10.45000 -15.12000
v -1.16800 10.73000 -12.63000
v 0.78600 10.43000 -15.44000
v -0.53900 10.45000 -15.12000
v -0.78600 10.43000 -15.44000
v 1.54200 13.80000 -9.53000
v 1.82400 13.75000 -10.30000
v 1.82400 14.30000 -10.24000
v 1.54200 13.38000 -9.58000
v 1.54200 13.62000 -13.16000
v -1.54300 13.80000 -9.53000
v -1.82400 14.30000 -10.24000
v -1.82400 13.75000 -10.30000
v -1.54300 13.38000 -9.58000
v -1.54300 13.62000 -13.16000
v -1.54300 13.75000 -10.30000
v 1.54200 13.75000 -10.30000
v 0.38600 12.66000 -15.87000
v 0.38600 13.95000 -15.11000
v 0.72400 13.90000 -13.34000
v -0.72400 13.90000 -13.34000
v -0.38600 13.95000 -15.11000
v -0.38600 12.66000 -15.87000
v 1.47500 9.65000 -12.80000
v 0.78600 10.03000 -15.49000
v 1.47500 9.61000 -11.13000
v 1.47500 9.65000 -10.07000
v 1.47500 10.39000 -9.18000
v 1.47500 11.19000 -9.08000
v -1.47600 11.19000 -9.08000
v -1.47600 10.39000 -9.18000
v -0.78600 10.03000 -15.49000
v -1.47600 9.65000 -12.80000
v -1.47600 9.65000 -10.07000
v -1.47600 9.61000 -11.13000
v 1.74300 10.56000 -10.11000
v 1.74300 10.40000 -11.38000
v 1.74300 11.08000 -10.52000
v 1.74300 9.88000 -10.98000
v 1.43700 10.01000 -13.77000
v 1.43700 10.34000 -13.20000
v -1.35300 9.88000 -10.98000
v -1.04700 10.34000 -13.20000
v -1.35300 10.40000 -11.38000
v -1.04700 10.01000 -13.77000
v -1.35300 10.56000 -10.11000
v -1.35300 11.08000 -10.52000
v 1.04600 10.01000 -13.77000
v 1.04600 10.34000 -13.20000
v -1.43700 10.01000 -13.77000
v -1.43700 10.34000 -13.20000
v 1.35300 10.40000 -11.38000
v -1.74300 10.40000 -11.38000
v 1.35300 11.08000 -10.52000
v -1.74300 11.08000 -10.52000
v 1.35300 10.56000 -10.11000
v -1.74300 10.56000 -10.11000
v -1.74300 9.88000 -10.98000
v 1.35300 9.88000 -10.98000
v -0.98500 11.00000 -11.33000
v -0.98500 10.54000 -12.57000
v -0.39300 10.26000 -14.92000
v 0.39300 10.26000 -14.92000
v 0.98500 10.54000 -12.57000
v 0.98500 11.00000 -11.33000
v 1.28000 11.19000 -11.97000
v 1.35600 11.43000 -12.10000
v 1.38700 11.41000 -11.90000
v 1.42400 11.55000 -11.86000
v 1.38300 11.58000 -12.12000
v 1.20500 11.28000 -12.44000
v 1.28100 11.53000 -12.57000
v 1.31200 11.50000 -12.37000
v 1.34900 11.65000 -12.33000
v 1.30800 11.68000 -12.58000
v 1.13000 11.38000 -12.90000
v 1.20700 11.62000 -13.03000
v 1.23800 11.60000 -12.84000
v 1.27500 11.74000 -12.79000
v 1.23400 11.77000 -13.05000
v 1.05500 11.47000 -13.37000
v 1.13200 11.72000 -13.50000
v 1.16300 11.69000 -13.30000
v 1.20000 11.84000 -13.26000
v 1.15900 11.87000 -13.52000
v 0.98300 11.57000 -13.82000
v 1.06000 11.82000 -13.95000
v 1.09100 11.79000 -13.76000
v 1.12800 11.93000 -13.71000
v 1.08700 11.97000 -13.97000
v 0.91100 11.65000 -14.28000
v 0.98700 11.89000 -14.40000
v 1.01800 11.87000 -14.21000
v 1.05500 12.01000 -14.16000
v 1.01400 12.04000 -14.42000
v 0.76600 11.83000 -15.18000
v 0.84300 12.07000 -15.31000
v 0.87400 12.05000 -15.11000
v 0.91100 12.19000 -15.07000
v 0.87000 12.22000 -15.33000
v 0.83900 11.78000 -14.72000
v 0.91500 12.02000 -14.85000
v 0.94600 12.00000 -14.65000
v 0.98300 12.14000 -14.61000
v 0.94200 12.17000 -14.87000
v 0.66500 11.71000 -15.70000
v 0.76700 12.10000 -15.80000
v 0.76700 12.08000 -15.60000
v 0.80000 12.35000 -15.81000
v 0.80000 12.32000 -15.54000
v 0.35800 12.06000 -15.68000
v 0.42200 12.24000 -15.75000
v 0.42200 12.22000 -15.62000
v 0.44300 12.35000 -15.76000
v 0.44300 12.33000 -15.59000
v 0.00000 12.06000 -15.68000
v 0.06400 12.24000 -15.75000
v 0.06400 12.22000 -15.62000
v 0.08500 12.35000 -15.76000
v 0.08500 12.33000 -15.59000
v -0.35800 12.06000 -15.68000
v -0.29400 12.24000 -15.75000
v -0.29400 12.22000 -15.62000
v -0.27300 12.35000 -15.76000
v -0.27300 12.33000 -15.59000
v -0.66500 11.71000 -15.70000
v -0.56300 12.10000 -15.80000
v -0.56300 12.08000 -15.60000
v -0.53000 12.35000 -15.81000
v -0.53000 12.32000 -15.54000
v -1.28000 11.19000 -11.97000
v -1.15800 11.43000 -12.07000
v -1.19000 11.40000 -11.87000
v -1.12100 11.58000 -12.08000
v -1.16300 11.55000 -11.82000
v -1.20500 11.28000 -12.44000
v -1.08400 11.52000 -12.54000
v -1.11500 11.50000 -12.34000
v -1.04700 11.67000 -12.54000
v -1.08800 11.64000 -12.28000
v -1.13000 11.38000 -12.90000
v -1.00900 11.62000 -13.00000
v -1.04000 11.60000 -12.81000
v -0.97200 11.77000 -13.01000
v -1.01300 11.74000 -12.75000
v -1.05500 11.47000 -13.37000
v -0.93400 11.71000 -13.47000
v -0.96500 11.69000 -13.27000
v -0.89700 11.86000 -13.48000
v -0.93800 11.83000 -13.22000
v -0.98300 11.57000 -13.82000
v -0.86200 11.81000 -13.92000
v -0.89300 11.79000 -13.72000
v -0.82500 11.96000 -13.93000
v -0.86600 11.93000 -13.67000
v -0.91100 11.65000 -14.28000
v -0.79000 11.89000 -14.37000
v -0.82100 11.87000 -14.18000
v -0.75300 12.04000 -14.38000
v -0.79400 12.01000 -14.12000
v -0.76700 11.83000 -15.18000
v -0.64500 12.07000 -15.28000
v -0.67600 12.05000 -15.08000
v -0.60800 12.22000 -15.29000
v -0.64900 12.19000 -15.03000
v -0.83900 11.78000 -14.72000
v -0.71700 12.02000 -14.82000
v -0.74900 12.00000 -14.62000
v -0.68000 12.17000 -14.83000
v -0.72200 12.14000 -14.57000
v -0.08500 12.35000 -15.76000
v -0.08500 12.33000 -15.59000
v 0.27300 12.35000 -15.76000
v 0.27300 12.33000 -15.59000
v -0.44300 12.35000 -15.76000
v -0.44300 12.33000 -15.59000
v 0.53000 12.35000 -15.81000
v 0.53000 12.32000 -15.54000
v -0.80000 12.32000 -15.54000
v -0.80000 12.35000 -15.81000
v 0.72100 12.14000 -14.57000
v 0.68000 12.17000 -14.83000
v -0.94200 12.17000 -14.87000
v -0.98400 12.14000 -14.61000
v 0.64900 12.19000 -15.03000
v 0.60800 12.22000 -15.29000
v -0.87000 12.22000 -15.33000
v -0.91100 12.19000 -15.07000
v -1.01500 12.04000 -14.42000
v -1.05600 12.01000 -14.16000
v 0.79400 12.01000 -14.12000
v 0.75200 12.04000 -14.38000
v 0.86600 11.93000 -13.67000
v 0.82500 11.96000 -13.93000
v -1.08700 11.97000 -13.97000
v -1.12800 11.93000 -13.71000
v 0.93800 11.83000 -13.22000
v 0.89700 11.86000 -13.48000
v -1.15900 11.87000 -13.52000
v -1.20000 11.84000 -13.26000
v -1.23400 11.77000 -13.05000
v -1.27500 11.74000 -12.79000
v 1.01300 11.74000 -12.75000
v 0.97200 11.77000 -13.01000
v -1.30900 11.68000 -12.58000
v -1.35000 11.65000 -12.33000
v 1.08800 11.64000 -12.28000
v 1.04600 11.67000 -12.54000
v 1.16200 11.55000 -11.82000
v 1.12100 11.58000 -12.08000
v -1.38300 11.58000 -12.12000
v -1.42500 11.55000 -11.86000
v 1.18900 11.40000 -11.87000
v -1.38700 11.41000 -11.90000
v -1.31300 11.50000 -12.37000
v 1.11500 11.50000 -12.34000
v -1.23800 11.60000 -12.84000
v 1.04000 11.60000 -12.81000
v 0.96500 11.69000 -13.27000
v -1.16300 11.69000 -13.30000
v 0.89300 11.79000 -13.72000
v -1.09100 11.79000 -13.76000
v -1.01900 11.87000 -14.21000
v 0.82100 11.87000 -14.18000
v 0.74800 12.00000 -14.62000
v -0.94600 12.00000 -14.65000
v 0.67600 12.05000 -15.08000
v -0.87400 12.05000 -15.11000
v 0.56300 12.08000 -15.60000
v -0.76700 12.08000 -15.60000
v -0.06400 12.22000 -15.62000
v 0.29300 12.22000 -15.62000
v -0.42200 12.22000 -15.62000
v -1.35600 11.43000 -12.10000
v -1.28200 11.53000 -12.57000
v -1.20700 11.62000 -13.03000
v -1.13200 11.72000 -13.50000
v -1.06000 11.82000 -13.95000
v -0.98800 11.89000 -14.40000
v -0.84300 12.07000 -15.31000
v -0.91500 12.02000 -14.85000
v -0.76700 12.10000 -15.80000
v -0.42200 12.24000 -15.75000
v -0.06400 12.24000 -15.75000
v 0.29300 12.24000 -15.75000
v 0.56300 12.10000 -15.80000
v 1.15800 11.43000 -12.07000
v 1.08300 11.52000 -12.54000
v 1.00900 11.62000 -13.00000
v 0.93400 11.71000 -13.47000
v 0.86200 11.81000 -13.92000
v 0.78900 11.89000 -14.37000
v 0.64500 12.07000 -15.28000
v 0.71700 12.02000 -14.82000
v 1.34000 11.22000 -12.17000
v 1.41800 10.99000 -12.09000
v 1.41700 10.96000 -12.27000
v 1.43900 10.84000 -12.04000
v 1.43800 10.81000 -12.28000
v 0.77300 10.84000 -14.89000
v 0.87700 10.61000 -14.83000
v 0.83000 10.58000 -15.00000
v 0.91500 10.46000 -14.78000
v 0.85300 10.42000 -15.01000
v 1.20600 11.00000 -13.18000
v 1.30600 10.76000 -13.12000
v 1.26700 10.74000 -13.29000
v 1.34100 10.62000 -13.08000
v 1.29000 10.59000 -13.31000
v 1.29100 11.05000 -12.75000
v 1.39000 10.82000 -12.69000
v 1.35200 10.80000 -12.87000
v 1.42500 10.67000 -12.65000
v 1.37500 10.64000 -12.88000
v 1.12100 10.94000 -13.61000
v 1.22500 10.71000 -13.55000
v 1.17800 10.68000 -13.72000
v 1.26300 10.56000 -13.51000
v 1.20000 10.53000 -13.74000
v 1.00600 10.88000 -14.03000
v 1.11000 10.65000 -13.97000
v 1.06300 10.63000 -14.14000
v 1.14800 10.50000 -13.93000
v 1.08600 10.47000 -14.16000
v 0.89200 10.83000 -14.44000
v 0.99500 10.59000 -14.39000
v 0.94800 10.57000 -14.56000
v 1.03400 10.45000 -14.35000
v 0.97100 10.42000 -14.58000
v 0.59200 11.00000 -15.30000
v 0.70500 10.63000 -15.17000
v 0.70500 10.59000 -15.40000
v 0.74100 10.34000 -15.39000
v 0.74100 10.39000 -15.09000
v 0.19600 10.68000 -15.30000
v 0.27500 10.52000 -15.24000
v 0.27500 10.50000 -15.39000
v 0.30000 10.41000 -15.20000
v 0.30000 10.39000 -15.40000
v -0.19700 10.68000 -15.30000
v -0.11800 10.52000 -15.24000
v -0.11800 10.50000 -15.39000
v -0.09300 10.41000 -15.20000
v -0.09300 10.39000 -15.40000
v -0.59200 11.00000 -15.30000
v -0.47900 10.63000 -15.17000
v -0.47900 10.59000 -15.40000
v -0.44200 10.34000 -15.39000
v -0.44200 10.39000 -15.09000
v -0.77400 10.84000 -14.89000
v -0.70400 10.61000 -14.78000
v -0.65700 10.58000 -14.95000
v -0.62400 10.43000 -14.95000
v -0.68600 10.47000 -14.72000
v -0.89200 10.83000 -14.44000
v -0.82200 10.60000 -14.34000
v -0.77500 10.57000 -14.51000
v -0.74200 10.42000 -14.51000
v -0.80400 10.45000 -14.29000
v -1.12100 10.94000 -13.61000
v -1.05200 10.71000 -13.51000
v -1.00500 10.69000 -13.68000
v -0.97100 10.53000 -13.68000
v -1.03400 10.56000 -13.45000
v -1.00700 10.88000 -14.03000
v -0.93700 10.65000 -13.92000
v -0.89000 10.63000 -14.09000
v -0.85700 10.48000 -14.10000
v -0.91900 10.51000 -13.87000
v -1.29100 11.05000 -12.75000
v -1.21500 10.83000 -12.66000
v -1.17700 10.80000 -12.83000
v -1.14300 10.65000 -12.83000
v -1.19300 10.68000 -12.60000
v -1.20700 11.00000 -13.18000
v -1.13000 10.77000 -13.08000
v -1.09200 10.75000 -13.26000
v -1.05800 10.59000 -13.26000
v -1.10900 10.62000 -13.03000
v -1.34000 11.22000 -12.17000
v -1.23900 11.00000 -12.09000
v -1.23800 10.97000 -12.27000
v -1.20100 10.82000 -12.28000
v -1.20200 10.85000 -12.05000
v 1.23800 11.00000 -12.09000
v 1.20200 10.85000 -12.05000
v -1.41800 10.99000 -12.09000
v -1.43900 10.84000 -12.04000
v 1.21400 10.83000 -12.66000
v 1.19200 10.68000 -12.60000
v -1.39000 10.82000 -12.69000
v -1.42500 10.67000 -12.65000
v -1.30600 10.76000 -13.12000
v -1.34100 10.62000 -13.08000
v 1.13000 10.77000 -13.08000
v 1.10900 10.62000 -13.03000
v 1.05100 10.71000 -13.51000
v 1.03300 10.56000 -13.45000
v -1.22500 10.71000 -13.55000
v -1.26300 10.56000 -13.51000
v 0.93700 10.65000 -13.92000
v 0.91900 10.51000 -13.87000
v -1.11000 10.65000 -13.97000
v -1.14800 10.50000 -13.93000
v -0.99600 10.59000 -14.39000
v -1.03400 10.45000 -14.35000
v 0.82200 10.60000 -14.34000
v 0.80400 10.45000 -14.29000
v 0.70400 10.61000 -14.78000
v 0.68600 10.47000 -14.72000
v -0.87700 10.61000 -14.83000
v -0.91500 10.46000 -14.78000
v -0.70500 10.63000 -15.17000
v -0.74200 10.39000 -15.09000
v 0.47900 10.63000 -15.17000
v 0.44200 10.39000 -15.09000
v 0.11800 10.52000 -15.24000
v 0.09200 10.41000 -15.20000
v -0.27500 10.52000 -15.24000
v -0.30100 10.41000 -15.20000
v -1.41700 10.96000 -12.27000
v -1.43800 10.81000 -12.28000
v -0.83000 10.58000 -15.00000
v -0.85300 10.42000 -15.01000
v -1.26700 10.74000 -13.29000
v -1.29000 10.59000 -13.31000
v -1.35200 10.80000 -12.87000
v -1.37500 10.64000 -12.88000
v -0.94900 10.57000 -14.56000
v -0.97100 10.42000 -14.58000
v -1.17800 10.68000 -13.72000
v -1.20100 10.53000 -13.74000
v -1.06300 10.63000 -14.14000
v -1.08600 10.47000 -14.16000
v -0.70500 10.59000 -15.40000
v -0.74200 10.34000 -15.39000
v -0.27500 10.50000 -15.39000
v -0.30100 10.39000 -15.40000
v 0.11800 10.50000 -15.39000
v 0.09200 10.39000 -15.40000
v 0.47900 10.59000 -15.40000
v 0.44200 10.34000 -15.39000
v 0.65700 10.58000 -14.95000
v 0.62300 10.43000 -14.95000
v 1.00400 10.69000 -13.68000
v 0.97100 10.53000 -13.68000
v 0.89000 10.63000 -14.09000
v 0.85700 10.48000 -14.10000
v 0.77500 10.57000 -14.51000
v 0.74200 10.42000 -14.51000
v 1.17600 10.80000 -12.83000
v 1.14200 10.65000 -12.83000
v 1.09200 10.75000 -13.26000
v 1.05800 10.59000 -13.26000
v 1.23700 10.97000 -12.27000
v 1.20000 10.82000 -12.28000
v 1.79000 10.33000 -10.09000
v 1.79000 11.15000 -10.45000
v 1.79000 10.64000 -10.05000
v 1.79000 11.19000 -10.76000
v 1.79000 11.00000 -9.22000
v 1.79000 11.55000 -9.94000
v 1.79000 11.04000 -9.53000
v 1.79000 11.87000 -9.90000
v -1.35300 11.00000 -9.22000
v -1.35300 11.19000 -10.76000
v -1.35300 11.87000 -9.90000
v -1.35300 10.33000 -10.09000
v -1.79000 11.19000 -10.76000
v -1.79000 11.87000 -9.90000
v 1.35300 11.19000 -10.76000
v 1.35300 11.87000 -9.90000
v -1.63900 11.05000 -9.64000
v -1.63900 10.74000 -10.04000
v -1.79000 10.64000 -10.05000
v -1.79000 11.04000 -9.53000
v 1.63800 11.05000 -9.64000
v 1.63800 10.74000 -10.04000
v -1.79000 11.00000 -9.22000
v 1.35300 11.00000 -9.22000
v -1.79000 11.15000 -10.45000
v -1.63900 11.14000 -10.35000
v 1.63800 11.14000 -10.35000
v -1.79000 10.33000 -10.09000
v -1.79000 11.55000 -9.94000
v 1.35300 10.33000 -10.09000
v -1.63900 11.45000 -9.95000
v 1.63800 11.45000 -9.95000
v 1.61200 13.64000 -12.29000
v 1.64100 13.83000 -11.35000
v 1.60100 13.27000 -12.28000
v 1.62100 13.12000 -11.34000
v -1.58700 13.83000 -11.35000
v -1.54700 13.27000 -12.28000
v -1.55700 13.65000 -12.29000
v -1.56700 13.13000 -11.33000
v -1.61200 13.64000 -12.29000
v -1.64100 13.83000 -11.35000
v 1.58700 13.83000 -11.35000
v 1.55700 13.65000 -12.29000
v -1.62100 13.12000 -11.34000
v 1.56600 13.13000 -11.33000
v -1.60100 13.27000 -12.28000
v 1.54600 13.27000 -12.28000
v 1.56000 13.65000 -12.34000
v 1.60000 13.90000 -11.06000
v 1.54500 13.15000 -12.33000
v 1.57300 12.95000 -11.04000
v -1.35700 13.91000 -11.05000
v -1.30200 13.16000 -12.33000
v -1.31700 13.66000 -12.34000
v -1.32900 12.95000 -11.04000
v 1.35700 13.91000 -11.05000
v 1.31600 13.66000 -12.34000
v -1.56000 13.65000 -12.34000
v -1.60000 13.90000 -11.06000
v 1.32900 12.95000 -11.04000
v -1.57300 12.95000 -11.04000
v -1.54600 13.15000 -12.33000
v 1.30200 13.16000 -12.33000
v 0.71800 8.40000 11.77000
v 0.65900 8.44000 13.02000
v 0.73300 7.99000 11.48000
v 0.67400 8.67000 12.69000
v 0.67400 9.11000 12.67000
v 0.65900 9.50000 12.96000
v 0.73300 9.16000 11.42000
v 0.71800 8.91000 11.74000
v 0.60000 9.01000 12.58000
v 0.63600 8.85000 11.83000
v 0.63600 8.51000 11.85000
v 0.60000 8.73000 12.60000
v -0.73300 9.16000 11.42000
v -0.40500 9.23000 11.72000
v 0.40500 9.23000 11.72000
v 0.36100 9.43000 12.65000
v -0.66000 9.50000 12.96000
v -0.36100 9.43000 12.65000
v -0.31500 9.17000 11.82000
v -0.27900 9.34000 12.59000
v 0.31500 9.17000 11.82000
v 0.27900 9.34000 12.59000
v -0.66000 8.44000 13.02000
v -0.71800 8.40000 11.77000
v -0.73300 7.99000 11.48000
v -0.67400 8.67000 12.69000
v -0.71800 8.91000 11.74000
v -0.67400 9.11000 12.67000
v -0.60000 9.01000 12.58000
v -0.63600 8.85000 11.83000
v -0.63600 8.51000 11.85000
v -0.60000 8.73000 12.60000
v 0.65900 8.18000 13.03000
v 0.73300 7.70000 11.49000
v -0.66000 8.18000 13.03000
v -0.73300 7.70000 11.49000
v 2.94200 6.95000 -6.99000
v 2.94200 7.58000 -6.73000
v 2.94200 7.25000 -6.52000
v 2.94200 7.27000 -7.20000
v 2.94200 6.50000 -6.68000
v 2.94200 6.59000 -6.90000
v 2.80700 7.27000 -7.20000
v 2.80700 7.58000 -6.73000
v 2.80700 7.25000 -6.52000
v 2.80100 6.50000 -6.68000
v 2.80700 6.95000 -6.99000
v 2.80100 6.59000 -6.90000
v 2.89400 7.33000 -6.31000
v 2.89400 7.26000 -6.98000
v 2.89400 8.09000 -6.88000
v 2.89400 6.27000 -6.67000
v 2.89400 6.34000 -6.17000
v 2.89400 6.43000 -6.98000
v 2.89400 7.02000 -7.42000
v 2.89400 8.04000 -7.46000
v 2.89400 7.58000 -7.74000
v 2.34200 8.04000 -7.46000
v 2.33400 8.09000 -6.88000
v 2.33400 7.33000 -6.31000
v 2.33400 6.34000 -6.17000
v 2.33400 7.26000 -6.98000
v 2.33400 6.27000 -6.67000
v 2.33400 7.58000 -7.74000
v 2.33400 7.02000 -7.42000
v 2.33400 6.43000 -6.98000
v 3.05500 7.09000 -7.19000
v 3.05500 7.66000 -7.44000
v 3.05500 7.30000 -7.16000
v 3.05500 7.68000 -7.66000
v 3.05500 7.55000 -6.59000
v 3.05500 7.93000 -7.08000
v 3.05500 7.58000 -6.81000
v 3.05500 8.15000 -7.06000
v 2.88300 7.68000 -7.66000
v 2.88300 8.15000 -7.06000
v 2.95000 7.59000 -6.88000
v 2.95000 7.37000 -7.15000
v 2.88300 7.55000 -6.59000
v 2.95000 7.65000 -7.37000
v 2.88300 7.09000 -7.19000
v 2.95000 7.86000 -7.09000
v -3.31100 7.00000 -0.62000
v -3.31100 7.00000 -3.59000
v -3.31100 8.48000 -2.10000
v -3.31100 5.51000 -2.10000
v -3.78700 7.00000 -0.62000
v -3.78700 8.48000 -2.10000
v -3.78700 7.00000 -2.99000
v -3.49700 6.31000 -2.10000
v -3.49700 7.00000 -2.79000
v -3.49700 7.00000 -1.42000
v -3.78700 6.11000 -2.10000
v -3.78700 7.00000 -1.22000
v -3.78700 7.88000 -2.10000
v -3.78700 7.00000 -3.59000
v -3.78700 5.51000 -2.10000
v -3.49700 7.68000 -2.10000
v -2.15100 5.55000 -3.72000
v -2.13500 7.91000 -3.52000
v -2.14400 6.55000 -1.97000
v -2.13000 8.69000 -2.12000
v -2.16100 4.16000 -1.30000
v -2.13200 8.39000 -0.72000
v -2.15500 4.93000 -0.74000
v -2.14300 6.76000 -0.59000
v -2.16500 3.58000 -2.42000
v -3.32800 8.71000 -2.12000
v -3.33000 8.41000 -0.72000
v -3.33300 7.93000 -3.52000
v -3.35900 4.18000 -1.30000
v -3.35400 4.95000 -0.74000
v -3.34100 6.78000 -0.59000
v -3.34900 5.57000 -3.72000
v -3.34200 6.57000 -1.97000
v -3.36300 3.60000 -2.42000
v 1.54500 6.83000 3.49000
v 1.83800 7.11000 -1.81000
v 1.82100 7.41000 -1.47000
v 1.54500 9.00000 3.65000
v 1.56300 7.16000 3.20000
v 1.56300 8.73000 3.32000
v 1.82100 9.34000 -1.32000
v 1.83800 9.69000 -1.61000
v 1.73800 9.24000 -1.25000
v 1.48900 8.65000 3.22000
v 1.48900 7.25000 3.11000
v 1.73800 7.49000 -1.38000
v -1.50700 9.65000 -1.30000
v -1.83800 9.69000 -1.61000
v -1.54600 9.00000 3.65000
v 1.50700 9.65000 -1.30000
v 1.24900 9.04000 3.34000
v -1.25000 9.04000 3.34000
v -1.16800 8.97000 3.24000
v -1.41700 9.56000 -1.23000
v 1.16800 8.97000 3.24000
v 1.41600 9.56000 -1.23000
v -1.54600 6.83000 3.49000
v -1.82100 7.41000 -1.47000
v -1.73800 9.24000 -1.25000
v -1.82100 9.34000 -1.32000
v -1.73800 7.49000 -1.38000
v -1.83800 7.11000 -1.81000
v -1.56300 8.73000 3.32000
v -1.56300 7.16000 3.20000
v -1.49000 8.65000 3.22000
v -1.49000 7.25000 3.11000
v -1.48900 8.65000 3.22000
v -1.48900 7.25000 3.11000
v 1.54500 5.91000 3.42000
v 1.83800 6.02000 -1.89000
v -1.54600 5.91000 3.42000
v -1.83800 6.02000 -1.89000
v 3.78700 5.51000 -2.10000
v 3.78700 7.00000 -3.59000
v 3.78700 6.11000 -2.10000
v 3.78700 7.00000 -2.99000
v 3.78700 7.00000 -1.22000
v 3.78700 8.48000 -2.10000
v 3.78700 7.00000 -0.62000
v 3.78700 7.88000 -2.10000
v 3.31100 8.48000 -2.10000
v 3.31100 7.00000 -0.62000
v 3.49700 6.31000 -2.10000
v 3.49700 7.00000 -2.79000
v 3.49700 7.00000 -1.42000
v 3.31100 7.00000 -3.59000
v 3.31100 5.51000 -2.10000
v 3.49700 7.68000 -2.10000
v 3.34900 5.57000 -3.72000
v 3.33300 7.93000 -3.52000
v 3.34200 6.57000 -1.97000
v 3.32800 8.71000 -2.12000
v 3.35900 4.18000 -1.30000
v 3.33000 8.41000 -0.72000
v 3.35400 4.95000 -0.74000
v 3.34100 6.78000 -0.59000
v 3.36300 3.60000 -2.42000
v 2.13200 8.39000 -0.72000
v 2.13000 8.69000 -2.12000
v 2.13500 7.91000 -3.52000
v 2.15500 4.93000 -0.74000
v 2.16100 4.16000 -1.30000
v 2.14300 6.76000 -0.59000
v 2.15100 5.55000 -3.72000
v 2.14400 6.55000 -1.97000
v 2.16500 3.58000 -2.42000
v -1.16500 8.32000 6.54000
v -1.33900 8.50000 3.62000
v -1.33600 7.20000 3.52000
v -1.16800 7.28000 6.60000
v 1.16500 8.32000 6.54000
v 1.33600 7.20000 3.52000
v 1.33900 8.50000 3.62000
v 1.16800 7.28000 6.60000
v -1.01500 8.82000 3.65000
v -0.84600 8.64000 6.52000
v 1.01500 8.82000 3.65000
v 0.84600 8.64000 6.52000
v 1.22200 6.89000 7.02000
v 1.43800 6.79000 3.09000
v 1.41900 7.12000 3.43000
v 1.24100 7.19000 6.69000
v 1.43800 8.92000 3.25000
v 1.42200 8.59000 3.54000
v 1.22200 8.69000 6.93000
v 1.23900 8.40000 6.63000
v -1.10700 8.90000 3.56000
v -1.43900 8.92000 3.25000
v 1.10600 8.90000 3.56000
v -1.22200 8.69000 6.93000
v 0.92700 8.71000 6.61000
v -0.92700 8.71000 6.61000
v -1.22200 6.89000 7.02000
v -1.42000 7.12000 3.43000
v -1.42200 8.59000 3.54000
v -1.43900 6.79000 3.09000
v -1.24100 7.19000 6.69000
v -1.23900 8.40000 6.63000
v 1.22200 6.25000 7.06000
v 1.43800 6.05000 3.03000
v -1.22200 6.25000 7.06000
v -1.43900 6.05000 3.03000
v -2.28300 3.94000 -2.15000
v -2.28300 5.30000 -2.29000
v -2.28300 4.07000 -1.02000
v -2.28300 2.32000 -1.22000
v -2.28300 4.45000 -3.55000
v -2.29600 5.21000 -3.26000
v -2.28300 3.54000 -2.78000
v -2.28300 2.58000 -1.82000
v -2.28300 2.45000 -0.40000
v -3.21000 5.21000 -3.26000
v -3.21000 5.30000 -2.29000
v -3.21000 4.07000 -1.02000
v -3.21000 2.45000 -0.40000
v -3.21000 3.94000 -2.15000
v -3.21000 2.32000 -1.22000
v -3.21000 2.58000 -1.82000
v -3.21000 3.54000 -2.78000
v -3.21000 4.45000 -3.55000
v -0.78100 8.31000 11.12000
v -0.85400 8.48000 9.64000
v -0.85400 7.90000 9.67000
v -0.78100 8.79000 11.09000
v 0.85400 8.48000 9.64000
v 0.78100 8.31000 11.12000
v 0.85400 7.90000 9.67000
v 0.78100 8.79000 11.09000
v -0.53300 8.81000 9.63000
v -0.45900 9.11000 11.09000
v 0.53300 8.81000 9.63000
v 0.45900 9.11000 11.09000
v 0.93700 7.79000 9.59000
v 0.83900 8.02000 11.54000
v 0.95200 7.38000 9.30000
v 0.85400 8.25000 11.21000
v 0.85400 8.89000 11.18000
v 0.83900 9.27000 11.47000
v 0.95200 8.80000 9.23000
v 0.93700 8.55000 9.55000
v -0.95200 8.80000 9.23000
v -0.62400 8.87000 9.53000
v 0.62300 8.87000 9.53000
v 0.54100 9.21000 11.16000
v -0.83900 9.27000 11.47000
v -0.54100 9.21000 11.16000
v -0.83900 8.02000 11.54000
v -0.93700 8.55000 9.55000
v -0.93700 7.79000 9.59000
v -0.85500 8.25000 11.21000
v -0.95200 7.38000 9.30000
v -0.85500 8.89000 11.18000
v 0.83900 7.60000 11.56000
v 0.95200 6.90000 9.33000
v -0.83900 7.60000 11.56000
v -0.95200 6.90000 9.33000
v -2.33400 7.26000 -6.98000
v -2.33400 8.09000 -6.88000
v -2.33400 7.33000 -6.31000
v -2.33400 6.27000 -6.67000
v -2.34200 8.04000 -7.46000
v -2.33400 7.58000 -7.74000
v -2.33400 7.02000 -7.42000
v -2.33400 6.43000 -6.98000
v -2.33400 6.34000 -6.17000
v -2.89400 8.04000 -7.46000
v -2.89400 8.09000 -6.88000
v -2.89400 6.34000 -6.17000
v -2.89400 7.33000 -6.31000
v -2.89400 7.26000 -6.98000
v -2.89400 6.27000 -6.67000
v -2.89400 6.43000 -6.98000
v -2.89400 7.02000 -7.42000
v -2.89400 7.58000 -7.74000
v -2.80700 6.95000 -6.99000
v -2.80700 7.58000 -6.73000
v -2.80700 7.25000 -6.52000
v -2.80700 7.27000 -7.20000
v -2.80100 6.50000 -6.68000
v -2.80100 6.59000 -6.90000
v -2.94200 7.58000 -6.73000
v -2.94200 7.27000 -7.20000
v -2.94200 7.25000 -6.52000
v -2.94200 6.50000 -6.68000
v -2.94200 6.95000 -6.99000
v -2.94200 6.59000 -6.90000
v -2.88300 7.55000 -6.67000
v -2.88300 7.68000 -7.74000
v -2.88300 8.15000 -7.14000
v -2.88300 7.09000 -7.27000
v -3.05500 7.68000 -7.74000
v -3.05500 8.15000 -7.14000
v -2.95000 7.59000 -6.96000
v -2.95000 7.37000 -7.24000
v -3.05500 7.30000 -7.24000
v -3.05500 7.58000 -6.89000
v -3.05500 7.55000 -6.67000
v -3.05500 7.66000 -7.52000
v -2.95000 7.65000 -7.45000
v -3.05500 7.09000 -7.27000
v -3.05500 7.93000 -7.17000
v -2.95000 7.86000 -7.17000
v 3.21000 5.30000 -2.29000
v 3.21000 4.07000 -1.02000
v 3.21000 3.94000 -2.15000
v 3.21000 2.32000 -1.22000
v 3.21000 2.45000 -0.40000
v 3.21000 2.58000 -1.82000
v 3.21000 3.54000 -2.78000
v 3.21000 5.21000 -3.26000
v 3.21000 4.45000 -3.55000
v 2.29600 5.21000 -3.26000
v 2.28300 5.30000 -2.29000
v 2.28300 4.07000 -1.02000
v 2.28300 2.45000 -0.40000
v 2.28300 3.94000 -2.15000
v 2.28300 2.32000 -1.22000
v 2.28300 4.45000 -3.55000
v 2.28300 3.54000 -2.78000
v 2.28300 2.58000 -1.82000
v 1.67800 10.15000 -5.83000
v 1.67800 11.60000 -7.62000
v -1.67800 11.60000 -7.62000
v -1.67800 10.15000 -5.83000
v 0.00000 9.70000 15.87000
v 0.46600 8.87000 13.96000
v 0.46600 9.59000 13.93000
v -0.46600 9.59000 13.93000
v -0.46600 8.87000 13.96000
v 0.46600 8.66000 13.98000
v 0.46600 8.87000 13.97000
v -0.46600 8.66000 13.98000
v -0.46600 8.87000 13.97000
v -1.06900 8.24000 6.62000
v -0.95000 7.66000 8.90000
v -0.95000 8.43000 8.86000
v -1.06900 7.29000 6.67000
v 1.06900 8.24000 6.62000
v 0.95000 7.66000 8.90000
v 1.06900 7.29000 6.67000
v 0.95000 8.43000 8.86000
v -0.74700 8.56000 6.61000
v -0.62900 8.75000 8.85000
v 0.74700 8.56000 6.61000
v 0.62800 8.75000 8.85000
v 1.00700 7.33000 9.32000
v 1.16800 6.83000 6.29000
v 1.15100 7.19000 6.59000
v 1.02300 7.59000 8.99000
v 1.16800 8.60000 6.20000
v 1.15100 8.32000 6.53000
v 1.02300 8.52000 8.94000
v 1.00700 8.86000 9.24000
v 1.06800 8.24000 6.62000
v 1.06800 7.29000 6.67000
v -1.16800 8.60000 6.20000
v -0.83800 8.63000 6.51000
v 0.83800 8.63000 6.51000
v 0.71000 8.83000 8.93000
v -1.00700 8.86000 9.24000
v -0.71000 8.83000 8.93000
v -0.74700 8.56000 6.60000
v 0.74700 8.56000 6.60000
v -1.00700 7.33000 9.32000
v -1.15100 8.32000 6.53000
v -1.15100 7.19000 6.59000
v -1.16800 6.83000 6.29000
v -1.02400 7.59000 8.99000
v -1.02400 8.52000 8.94000
v 1.00700 6.85000 9.35000
v 1.16800 6.27000 6.32000
v -1.00700 6.85000 9.35000
v -1.16800 6.27000 6.32000
v -1.30400 0.07000 -3.89000
v -1.20700 0.79000 -4.45000
v -1.28100 0.96000 -4.02000
v -1.60900 0.03000 -2.94000
v -1.62500 1.14000 -2.87000
v -1.04700 0.01000 -4.88000
v -1.79400 0.96000 -4.32000
v -1.59800 0.79000 -4.68000
v -2.20600 1.14000 -3.21000
v -2.17700 0.03000 -3.27000
v -1.46400 0.01000 -5.13000
v -1.85000 0.07000 -4.21000
v -2.57800 0.79000 -4.88000
v -2.49300 0.07000 -4.31000
v -2.56400 0.01000 -5.36000
v -2.51200 0.96000 -4.44000
v -2.48200 0.03000 -3.28000
v -2.47500 1.14000 -3.21000
v -3.00700 0.79000 -4.88000
v -3.07300 0.96000 -4.44000
v -3.11000 1.14000 -3.21000
v -3.10300 0.03000 -3.28000
v -3.09100 0.07000 -4.31000
v -3.02100 0.01000 -5.36000
v -3.70400 0.07000 -4.19000
v -3.93000 0.79000 -4.69000
v -3.75400 0.96000 -4.31000
v -3.42800 0.03000 -3.23000
v -3.40300 1.14000 -3.17000
v -4.04000 0.01000 -5.15000
v -4.33300 0.79000 -4.50000
v -4.28200 0.96000 -4.05000
v -4.00000 1.14000 -2.88000
v -4.01200 0.03000 -2.95000
v -4.46900 0.01000 -4.94000
v -4.26600 0.07000 -3.92000
v -1.75500 1.16000 -3.47000
v -1.24700 0.00000 -2.08000
v -1.75500 0.02000 -3.47000
v -1.24700 1.18000 -2.08000
v -1.91200 1.15000 -0.85000
v -1.91200 0.02000 -0.85000
v -4.33800 1.18000 -2.08000
v -3.67200 1.15000 -0.85000
v -3.83000 1.16000 -3.47000
v -3.67200 0.02000 -0.85000
v -3.83000 0.02000 -3.47000
v -4.33800 0.00000 -2.08000
v -2.93200 5.24000 -7.70000
v -3.01100 5.20000 -8.06000
v -2.94900 5.35000 -8.08000
v -2.82600 5.75000 -8.01000
v -2.83500 5.55000 -7.55000
v -3.05000 4.92000 -7.80000
v -3.03600 5.85000 -7.97000
v -3.04000 5.64000 -7.52000
v -3.12900 5.33000 -7.66000
v -3.20100 4.99000 -7.77000
v -3.15300 5.26000 -8.03000
v -3.13500 5.43000 -8.05000
v -2.08800 5.34000 -7.66000
v -2.05400 5.27000 -8.03000
v -2.08100 5.45000 -8.04000
v -2.19600 5.64000 -7.52000
v -2.20100 5.85000 -7.97000
v -1.99800 5.01000 -7.76000
v -2.40500 5.74000 -8.01000
v -2.39500 5.53000 -7.56000
v -2.28000 5.24000 -7.70000
v -2.14500 4.93000 -7.79000
v -2.19200 5.20000 -8.06000
v -2.26100 5.35000 -8.08000
v -2.50600 5.20000 -7.71000
v -2.53600 5.14000 -8.08000
v -2.51300 5.31000 -8.10000
v -2.50200 5.53000 -7.56000
v -2.50000 5.74000 -8.01000
v -2.53100 4.85000 -7.82000
v -2.72300 5.74000 -8.01000
v -2.72100 5.53000 -7.56000
v -2.71700 5.20000 -7.71000
v -2.69200 4.85000 -7.82000
v -2.68700 5.14000 -8.08000
v -2.71000 5.31000 -8.10000
v -2.30200 6.09000 -7.33000
v -2.24700 5.47000 -7.58000
v -2.30200 6.28000 -7.80000
v -2.24700 5.66000 -8.05000
v -2.92100 6.09000 -7.33000
v -2.92100 6.28000 -7.80000
v -2.97600 5.47000 -7.58000
v -2.97600 5.66000 -8.05000
v 0.60900 8.48000 12.90000
v 0.55800 8.57000 14.04000
v 0.60900 8.22000 12.91000
v 0.55800 8.81000 14.03000
v -0.55900 8.57000 14.04000
v -0.55900 8.81000 14.03000
v -0.60900 8.48000 12.90000
v -0.60900 8.22000 12.91000
v -0.51300 9.12000 13.26000
v -0.49800 9.10000 13.61000
v -0.49800 9.20000 13.61000
v -0.51300 9.00000 13.26000
v -0.19200 9.45000 13.25000
v 0.17600 9.53000 13.61000
v 0.19200 9.45000 13.25000
v -0.17600 9.53000 13.61000
v 0.51300 9.12000 13.26000
v 0.49800 9.10000 13.61000
v 0.51300 9.00000 13.26000
v 0.49800 9.20000 13.61000
v 0.59500 8.89000 13.19000
v 0.57200 9.04000 13.71000
v 0.60900 9.44000 12.84000
v 0.59500 9.19000 13.17000
v 0.57200 9.31000 13.69000
v 0.55800 9.69000 13.98000
v -0.28200 9.51000 13.15000
v -0.60900 9.44000 12.84000
v 0.28200 9.51000 13.15000
v 0.25900 9.62000 13.68000
v -0.55900 9.69000 13.98000
v -0.25900 9.62000 13.68000
v -0.59500 8.89000 13.19000
v -0.57200 9.04000 13.71000
v -0.59500 9.19000 13.17000
v -0.57200 9.31000 13.69000
v 2.26100 5.35000 -8.08000
v 2.28000 5.24000 -7.70000
v 2.19200 5.20000 -8.06000
v 2.39500 5.53000 -7.56000
v 2.40500 5.74000 -8.01000
v 2.14500 4.93000 -7.79000
v 2.20100 5.85000 -7.97000
v 2.19600 5.64000 -7.52000
v 2.08800 5.34000 -7.66000
v 1.99800 5.01000 -7.76000
v 2.05400 5.27000 -8.03000
v 2.08100 5.45000 -8.04000
v 2.71000 5.31000 -8.10000
v 2.71700 5.20000 -7.71000
v 2.68700 5.14000 -8.08000
v 2.72100 5.53000 -7.56000
v 2.72300 5.74000 -8.01000
v 2.69200 4.85000 -7.82000
v 2.50000 5.74000 -8.01000
v 2.50200 5.53000 -7.56000
v 2.50600 5.20000 -7.71000
v 2.53100 4.85000 -7.82000
v 2.53600 5.14000 -8.08000
v 2.51300 5.31000 -8.10000
v 3.13500 5.43000 -8.05000
v 3.12900 5.33000 -7.66000
v 3.15300 5.26000 -8.03000
v 3.04000 5.64000 -7.52000
v 3.03600 5.85000 -7.97000
v 3.20100 4.99000 -7.77000
v 2.83500 5.55000 -7.55000
v 2.82600 5.75000 -8.01000
v 2.93200 5.24000 -7.70000
v 3.05000 4.92000 -7.80000
v 3.01100 5.20000 -8.06000
v 2.94900 5.35000 -8.08000
v 2.92100 6.09000 -7.33000
v 2.97600 5.47000 -7.58000
v 2.92100 6.28000 -7.80000
v 2.97600 5.66000 -8.05000
v 2.30200 6.28000 -7.80000
v 2.30200 6.09000 -7.33000
v 2.24700 5.47000 -7.58000
v 2.24700 5.66000 -8.05000
v -2.39500 6.21000 -6.22000
v -2.39500 6.35000 -7.00000
v -2.40100 6.67000 -6.25000
v -2.39500 6.42000 -7.79000
v -2.39500 6.18000 -7.94000
v -2.39500 6.71000 -7.22000
v -2.39500 6.93000 -6.68000
v -2.39500 5.82000 -6.95000
v -2.39500 5.79000 -7.89000
v -2.83300 6.93000 -6.68000
v -2.83300 6.67000 -6.25000
v -2.83300 6.71000 -7.22000
v -2.83300 6.42000 -7.79000
v -2.83300 6.21000 -6.22000
v -2.83300 6.35000 -7.00000
v -2.83300 5.82000 -6.95000
v -2.83300 5.79000 -7.89000
v -2.83300 6.18000 -7.94000
v 2.83300 6.21000 -6.22000
v 2.83300 5.82000 -6.95000
v 2.83300 6.35000 -7.00000
v 2.83300 5.79000 -7.89000
v 2.83300 6.18000 -7.94000
v 2.83300 6.42000 -7.79000
v 2.83300 6.71000 -7.22000
v 2.83300 6.67000 -6.25000
v 2.83300 6.93000 -6.68000
v 2.40100 6.67000 -6.25000
v 2.39500 6.93000 -6.68000
v 2.39500 6.71000 -7.22000
v 2.39500 6.42000 -7.79000
v 2.39500 6.21000 -6.22000
v 2.39500 5.82000 -6.95000
v 2.39500 6.35000 -7.00000
v 2.39500 5.79000 -7.89000
v 2.39500 6.18000 -7.94000
v 4.28200 0.96000 -4.05000
v 4.01200 0.03000 -2.95000
v 4.26600 0.07000 -3.92000
v 4.33300 0.79000 -4.50000
v 4.46900 0.01000 -4.94000
v 4.00000 1.14000 -2.88000
v 3.75400 0.96000 -4.31000
v 3.93000 0.79000 -4.69000
v 3.40300 1.14000 -3.17000
v 3.42800 0.03000 -3.23000
v 3.70400 0.07000 -4.19000
v 4.03900 0.01000 -5.15000
v 1.59800 0.79000 -4.68000
v 1.85000 0.07000 -4.21000
v 1.46400 0.01000 -5.13000
v 1.79400 0.96000 -4.32000
v 2.17700 0.03000 -3.27000
v 2.20600 1.14000 -3.21000
v 1.20700 0.79000 -4.45000
v 1.28100 0.96000 -4.02000
v 1.62500 1.14000 -2.87000
v 1.60900 0.03000 -2.94000
v 1.30400 0.07000 -3.89000
v 1.04700 0.01000 -4.88000
v 3.09100 0.07000 -4.31000
v 3.00700 0.79000 -4.88000
v 3.07300 0.96000 -4.44000
v 3.10300 0.03000 -3.28000
v 3.11000 1.14000 -3.21000
v 3.02100 0.01000 -5.36000
v 2.57800 0.79000 -4.88000
v 2.51200 0.96000 -4.44000
v 2.47500 1.14000 -3.21000
v 2.48200 0.03000 -3.28000
v 2.49300 0.07000 -4.31000
v 2.56400 0.01000 -5.36000
v 3.83000 1.16000 -3.47000
v 4.33800 0.00000 -2.08000
v 3.83000 0.02000 -3.47000
v 4.33800 1.18000 -2.08000
v 3.67200 1.15000 -0.85000
v 3.67200 0.02000 -0.85000
v 1.24700 1.18000 -2.08000
v 1.91200 1.15000 -0.85000
v 1.75500 1.16000 -3.47000
v 1.91200 0.02000 -0.85000
v 1.24700 0.00000 -2.08000
v 1.75500 0.02000 -3.47000
v 1.37400 11.44000 -7.59000
v 1.37400 11.61000 -9.61000
v 1.37400 12.98000 -9.17000
v 1.37400 9.93000 -8.27000
v -1.37400 12.98000 -9.17000
v -1.37400 11.44000 -7.59000
v -1.37400 9.93000 -8.27000
v -1.37400 11.61000 -9.61000
v 1.37400 10.76000 -9.88000
v 1.37400 9.01000 -8.70000
v -1.37400 9.01000 -8.70000
v -1.37400 10.76000 -9.88000
v 3.21000 2.32000 -0.16000
v 3.21000 1.16000 -0.86000
v 3.21000 1.87000 -1.38000
v 3.21000 0.33000 -2.16000
v 3.21000 0.84000 -2.56000
v 3.21000 1.30000 -2.54000
v 3.21000 2.19000 -1.99000
v 3.21000 2.94000 -0.60000
v 3.21000 2.94000 -1.41000
v 2.29600 2.94000 -0.60000
v 2.28300 2.94000 -1.41000
v 2.28300 2.32000 -0.16000
v 2.28300 1.16000 -0.86000
v 2.28300 1.87000 -1.38000
v 2.28300 2.19000 -1.99000
v 2.28300 1.30000 -2.54000
v 2.28300 0.84000 -2.56000
v 2.28300 0.33000 -2.16000
v 3.39300 1.60000 -1.10000
v 3.39300 2.22000 -1.72000
v 3.39300 1.85000 -1.10000
v 3.39300 2.22000 -1.47000
v 3.39300 2.22000 -0.74000
v 3.39300 2.83000 -1.10000
v 3.39300 2.22000 -0.49000
v 3.39300 2.58000 -1.10000
v 2.32800 2.22000 -0.49000
v 2.32800 2.22000 -1.72000
v 2.32800 2.83000 -1.10000
v 2.32800 1.60000 -1.10000
v 3.23600 2.22000 -0.82000
v 3.13400 2.83000 -1.10000
v 3.13400 2.22000 -0.49000
v 3.13400 1.60000 -1.10000
v 2.06900 2.83000 -1.10000
v 2.06900 2.22000 -0.49000
v 2.06900 1.60000 -1.10000
v 3.23600 1.93000 -1.10000
v 3.23600 2.22000 -1.39000
v 3.23600 2.50000 -1.10000
v 2.06900 2.22000 -1.47000
v 2.06900 1.85000 -1.10000
v 2.22700 2.22000 -1.39000
v 2.22700 1.93000 -1.10000
v 2.22700 2.50000 -1.10000
v 2.06900 2.58000 -1.10000
v 2.06900 2.22000 -0.74000
v 2.06900 2.22000 -1.72000
v 3.13400 2.22000 -1.72000
v 2.22700 2.22000 -0.82000
vt 37.97540 -44.78960
vt 37.79040 -45.03090
vt 38.20960 -44.96910
vt 38.02460 -45.21040
vt 57.99280 -60.83930
vt 57.83500 -61.04510
vt 58.16500 -61.03400
vt 58.06780 -61.16070
vt 53.83500 -33.03400
vt 54.16500 -33.04510
vt 54.00720 -32.83930
vt 53.93220 -33.16070
vt 53.99890 -8.95160
vt 53.83740 -8.97574
vt 53.99140 -8.97574
vt 53.81620 -8.95160
vt 54.08660 -9.06600
vt 53.82070 -9.09883
vt 53.86780 -9.16025
vt 53.96860 -8.91199
vt 54.18390 -8.99144
vt 54.06580 -8.83742
vt 54.09290 -9.08389
vt 54.20380 -8.99887
vt 53.86080 -9.18377
vt 53.95290 -8.90124
vt 53.79620 -9.09942
vt 54.06580 -8.97574
vt 53.95290 -9.00220
vt 53.96860 -9.02077
vt 54.06380 -8.95160
vt 47.79040 -52.96910
vt 48.20960 -53.03090
vt 48.02460 -52.78960
vt 47.97540 -53.21040
vt 5.91339 -27.06600
vt 6.17932 -27.09880
vt 6.03144 -26.91200
vt 6.13224 -27.16020
vt 5.81611 -26.99140
vt 5.93416 -26.83740
vt 5.90707 -27.08390
vt 5.79616 -26.99890
vt 6.13918 -27.18380
vt 6.04707 -26.90120
vt 6.20384 -27.09940
vt 6.00113 -26.95160
vt 6.16258 -26.97570
vt 6.18377 -26.95160
vt 6.00856 -26.97570
vt 5.93416 -26.97570
vt 6.03144 -27.02080
vt 6.04707 -27.00220
vt 5.93616 -26.95160
vt 46.00690 -40.94690
vt 46.06770 -41.06070
vt 46.02220 -40.93320
vt 46.05040 -41.06680
vt 45.88980 -40.93850
vt 46.08260 -40.93320
vt 46.12810 -41.06070
vt 46.12480 -41.00300
vt 45.98150 -41.08470
vt 46.13940 -41.01760
vt 46.02770 -40.87180
vt 45.92190 -41.00690
vt 46.03800 -40.88980
vt 45.96620 -41.08260
vt 45.91990 -41.02220
vt 45.98240 -40.95370
vt 46.11020 -40.93850
vt 45.99700 -40.93850
vt 46.12820 -40.95370
vt 46.09310 -41.12810
vt 46.13480 -41.05040
vt 46.07520 -41.12820
vt 46.13940 -41.06770
vt 45.96620 -40.93320
vt 45.90690 -41.06070
vt 45.98150 -40.94690
vt 45.92480 -41.06680
vt 46.12480 -40.93850
vt 18.04970 -58.77040
vt 17.97690 -58.79120
vt 17.99380 -58.81330
vt 18.23460 -59.01170
vt 18.17870 -59.05450
vt 18.19560 -59.07660
vt 17.76920 -58.98540
vt 17.95410 -59.22670
vt 18.02810 -59.00880
vt 17.95030 -59.00460
vt 17.95430 -59.04520
vt 18.02310 -58.95480
vt 18.23080 -58.98320
vt 18.23460 -59.02230
vt 17.91960 -59.00880
vt 17.98830 -59.00460
vt 17.92340 -58.95480
vt 17.98530 -59.04520
vt 18.23460 -58.98830
vt 18.02810 -58.79510
vt 18.01120 -58.81710
vt 18.04970 -59.22960
vt 17.82630 -59.05840
vt 17.80940 -59.08040
vt 17.95430 -58.77340
vt 17.76930 -59.01470
vt 17.95410 -58.98320
vt 18.19060 -59.00880
vt 18.19560 -58.95480
vt 17.95030 -59.02230
vt 12.14150 -28.84960
vt 11.95320 -28.98500
vt 12.16810 -28.98500
vt 11.92660 -28.84960
vt 11.99670 -28.83190
vt 12.03790 -29.14150
vt 12.16140 -29.04680
vt 11.87320 -28.92660
vt 12.00330 -29.00200
vt 12.16140 -28.98500
vt 12.12680 -28.84960
vt 12.05700 -29.15040
vt 11.91200 -29.15040
vt 12.12690 -29.15040
vt 11.95320 -29.00200
vt 12.16810 -29.00200
vt 12.16140 -29.00200
vt 12.00330 -28.98500
vt 12.10770 -29.15040
vt 12.03790 -28.84960
vt 9.86972 -51.12830
vt 10.08460 -51.12830
vt 10.05930 -51.03700
vt 9.84435 -51.03700
vt 9.98052 -51.03700
vt 9.87610 -50.87170
vt 9.85476 -50.95500
vt 9.94743 -51.12830
vt 9.86071 -50.87170
vt 10.05930 -50.95500
vt 10.07560 -50.87170
vt 9.84436 -50.95500
vt 9.91539 -51.12830
vt 10.13030 -51.12830
vt 9.95918 -50.87170
vt 9.85476 -51.03700
vt 9.98052 -50.95500
vt 9.88785 -51.12830
vt 51.81770 -61.05880
vt 51.97500 -61.01400
vt 51.84200 -61.00770
vt 51.95520 -61.16920
vt 51.93380 -61.23410
vt 51.97860 -61.19980
vt 51.91040 -61.20360
vt 51.76150 -61.00940
vt 51.82970 -61.00560
vt 51.80630 -60.97500
vt 51.78490 -61.03990
vt 52.11580 -61.08410
vt 52.13920 -61.11460
vt 51.95360 -60.87250
vt 51.93020 -60.84200
vt 52.18340 -61.03230
vt 52.20680 -61.06290
vt 51.99780 -60.79020
vt 52.02120 -60.82070
vt 51.97050 -60.99230
vt 52.06980 -61.00770
vt 52.00220 -60.94120
vt 52.03810 -61.05880
vt 52.23850 -61.04590
vt 52.19370 -61.01400
vt 51.85250 -61.05880
vt 52.04480 -61.01400
vt 51.88420 -61.00770
vt 52.08960 -61.04590
vt 51.78490 -60.99230
vt 51.81660 -60.94120
vt 51.96140 -60.99230
vt 51.96770 -60.94120
vt 51.93710 -60.94120
vt 51.99200 -60.99230
vt 52.20360 -60.99230
vt 52.20980 -60.94120
vt 52.17930 -60.94120
vt 52.23410 -60.99230
vt 51.99440 -61.01400
vt 52.15180 -61.05880
vt 52.12750 -61.00770
vt 51.76150 -61.03860
vt 51.85250 -61.05980
vt 51.78490 -61.00800
vt 51.82910 -61.09040
vt 51.97050 -60.76590
vt 52.01470 -60.84820
vt 52.03810 -60.81770
vt 51.94710 -60.79640
vt 52.06620 -61.23410
vt 52.08960 -61.20360
vt 52.23850 -61.00940
vt 52.21510 -61.03990
vt 52.23850 -60.99230
vt 52.13920 -61.00770
vt 52.17090 -61.05880
vt 52.20680 -60.94120
vt 51.97860 -61.01400
vt 51.93380 -61.04590
vt 51.98530 -61.05880
vt 51.82970 -61.01400
vt 51.78490 -61.04590
vt 52.05290 -60.99230
vt 51.95360 -61.00770
vt 52.02120 -60.94120
vt 43.72520 0.99092
vt 43.95600 0.99092
vt 43.95010 1.06956
vt 43.71930 1.06956
vt 43.85830 1.28066
vt 43.68140 1.04986
vt 43.82500 0.93984
vt 44.00190 1.17064
vt 44.06370 0.91803
vt 43.99810 1.08604
vt 43.98140 0.91396
vt 44.13400 0.99092
vt 44.14170 1.06956
vt 43.86070 1.02466
vt 43.85040 0.91837
vt 43.72230 0.99480
vt 43.84230 0.95527
vt 43.84520 0.99480
vt 43.71930 0.95527
vt 44.05740 0.91837
vt 44.06530 1.02466
vt 44.31090 1.04400
vt 44.06370 1.22088
vt 44.24060 0.99008
vt 44.13400 1.27480
vt 43.68140 0.84227
vt 44.02730 0.82660
vt 43.85040 1.05740
vt 43.77570 0.71934
vt 43.98140 1.15781
vt 44.15830 0.92701
vt 43.97270 0.91837
vt 44.22050 0.99480
vt 43.96240 1.02466
vt 44.22430 0.95527
vt 43.84170 0.91396
vt 43.82500 1.08604
vt 43.75940 0.91803
vt 43.68910 0.99092
vt 43.68140 1.06956
vt 11.44730 -55.09540
vt 11.97250 -55.18220
vt 11.64490 -54.75690
vt 11.56610 -55.36070
vt 11.75310 -54.80120
vt 12.49540 -54.63930
vt 11.98820 -55.10650
vt 12.45160 -54.70460
vt 12.55270 -54.86230
vt 12.48460 -54.83290
vt 12.27180 -55.49540
vt 12.27180 -54.64490
vt 11.72820 -55.49540
vt 11.72820 -54.64490
vt 11.72820 -55.36070
vt 12.27180 -55.36070
vt 12.27180 -55.09540
vt 11.72820 -55.09540
vt 12.27180 -54.75690
vt 11.72820 -54.75690
vt 12.55270 -55.09540
vt 12.02750 -55.18220
vt 12.43390 -55.36070
vt 12.35510 -54.75690
vt 12.24690 -54.80120
vt 11.50460 -54.63930
vt 12.01180 -55.10650
vt 11.54840 -54.70460
vt 11.44730 -54.86230
vt 11.51540 -54.83290
vt 12.27180 -54.63930
vt 11.72820 -54.63930
vt 11.72820 -54.86230
vt 12.27180 -54.86230
vt 38.02790 -33.00430
vt 38.00340 -32.96490
vt 37.97210 -32.99570
vt 37.99660 -33.03510
vt 12.16200 -28.84100
vt 11.94570 -29.01510
vt 12.20820 -29.01510
vt 11.89950 -28.84100
vt 11.99980 -28.79180
vt 12.06050 -29.16200
vt 12.20100 -29.05430
vt 11.85930 -28.89950
vt 12.00020 -28.98420
vt 12.20100 -29.01510
vt 12.14070 -28.84100
vt 12.10130 -29.15900
vt 11.86820 -29.15900
vt 12.13070 -29.15900
vt 11.94570 -28.98420
vt 12.20820 -28.98420
vt 12.20100 -28.98420
vt 12.00020 -29.01510
vt 12.09990 -29.15900
vt 12.06050 -28.84100
vt 12.01760 -40.95370
vt 11.88980 -40.93850
vt 11.87180 -40.95370
vt 12.00300 -40.93850
vt 12.01850 -41.08470
vt 11.87520 -41.00300
vt 11.86060 -41.01760
vt 11.96200 -40.88980
vt 12.07810 -41.00690
vt 11.97230 -40.87180
vt 12.03380 -41.08260
vt 12.08010 -41.02220
vt 11.93230 -41.06070
vt 11.99310 -40.94690
vt 11.97780 -40.93320
vt 11.94960 -41.06680
vt 12.11020 -40.93850
vt 11.91740 -40.93320
vt 11.87190 -41.06070
vt 11.86520 -41.05040
vt 11.90690 -41.12810
vt 11.92480 -41.12820
vt 11.86060 -41.06770
vt 12.01850 -40.94690
vt 12.07520 -41.06680
vt 12.09310 -41.06070
vt 12.03380 -40.93320
vt 11.87520 -40.93850
vt 52.06270 -28.81810
vt 52.24490 -29.00660
vt 52.06800 -28.77580
vt 51.93060 -28.88110
vt 52.20270 -29.00070
vt 51.95180 -28.90310
vt 52.10750 -29.11190
vt 51.79500 -29.10130
vt 52.09180 -29.08570
vt 51.75510 -29.10120
vt 51.85970 -29.18560
vt 51.84930 -29.22420
vt 33.75510 -53.00660
vt 33.93730 -52.81810
vt 33.93200 -52.77580
vt 34.06940 -52.88110
vt 33.79730 -53.00070
vt 34.04820 -52.90310
vt 33.89250 -53.11190
vt 34.20500 -53.10130
vt 33.90820 -53.08570
vt 34.24490 -53.10120
vt 34.14030 -53.18560
vt 34.15070 -53.22420
vt 50.08800 -49.15040
vt 50.04680 -49.00200
vt 49.87310 -49.15040
vt 49.83190 -49.00200
vt 50.00330 -48.83190
vt 49.96210 -49.14150
vt 50.12680 -48.92660
vt 49.83860 -49.04680
vt 49.83860 -48.98500
vt 49.99670 -49.00200
vt 49.87320 -48.84960
vt 49.94300 -49.15040
vt 49.85850 -48.84960
vt 50.04680 -48.98500
vt 50.07340 -48.84960
vt 49.83190 -48.98500
vt 49.99670 -48.98500
vt 49.83860 -49.00200
vt 49.89230 -49.15040
vt 49.96210 -48.84960
vt 15.88870 0.95268
vt 16.51770 1.08340
vt 16.46900 1.27260
vt 16.01400 0.78999
vt 15.50330 0.72740
vt 15.48230 0.77421
vt 15.72820 0.72740
vt 16.27180 0.72740
vt 16.27180 0.77421
vt 15.72820 0.77421
vt 16.11130 0.95268
vt 15.53100 1.27260
vt 15.48230 1.08340
vt 15.98600 0.78999
vt 16.49670 0.72740
vt 16.51770 0.77421
vt 15.72820 0.48234
vt 16.27180 0.48234
vt 16.27180 0.98598
vt 15.72820 0.98598
vt 16.27180 1.49669
vt 15.72820 1.49669
vt 16.27180 1.27260
vt 15.72820 1.27260
vt 15.72820 1.08340
vt 16.27180 1.08340
vt 62.24110 -44.86450
vt 62.01600 -45.08100
vt 62.25720 -45.08100
vt 61.99980 -44.86450
vt 62.06090 -44.83940
vt 61.89330 -44.85670
vt 62.05210 -44.85670
vt 61.87610 -44.83940
vt 62.08580 -44.74280
vt 62.15990 -45.06900
vt 62.27070 -44.98400
vt 61.97500 -44.82770
vt 61.75040 -44.99980
vt 61.93530 -45.24110
vt 61.79830 -45.00790
vt 61.97030 -44.87610
vt 62.11190 -45.06090
vt 61.93990 -45.19270
vt 61.82690 -45.00660
vt 61.97480 -44.89330
vt 61.94860 -45.16540
vt 62.09650 -45.05210
vt 62.03650 -45.13900
vt 61.91420 -44.93890
vt 61.93610 -45.16390
vt 62.02500 -44.83610
vt 62.24960 -44.86450
vt 62.27070 -45.08100
vt 61.99920 -45.16390
vt 62.24050 -45.16390
vt 62.01600 -44.93890
vt 62.25720 -44.93890
vt 61.93610 -44.75950
vt 61.85160 -45.07770
vt 62.03650 -44.83650
vt 61.75120 -45.00080
vt 62.27070 -44.93890
vt 62.14840 -45.13900
vt 62.24880 -45.16390
vt 62.15990 -44.83610
vt 61.93530 -44.86450
vt 61.91420 -45.08100
vt 3.86353 -53.12500
vt 4.12602 -53.12500
vt 4.07905 -53.01900
vt 3.81655 -53.01900
vt 3.83130 -52.98060
vt 3.96751 -53.01900
vt 3.86783 -52.87500
vt 3.90622 -53.12500
vt 3.84456 -52.87500
vt 4.07905 -52.98060
vt 4.10705 -52.87500
vt 3.81655 -52.98060
vt 3.87398 -53.12500
vt 4.13647 -53.12500
vt 3.89259 -53.12500
vt 3.96751 -52.98060
vt 3.83130 -53.01900
vt 3.93097 -52.87500
vt 44.05250 -19.09940
vt 44.03770 -18.90190
vt 43.84660 -19.09940
vt 43.83190 -18.90190
vt 44.11520 -18.91480
vt 44.13970 -19.03240
vt 44.15840 -19.03760
vt 44.09910 -18.92230
vt 43.98420 -18.88040
vt 44.11130 -18.99290
vt 43.98320 -18.83190
vt 44.09010 -19.01550
vt 43.87250 -19.02610
vt 43.82540 -19.03770
vt 44.01420 -19.11960
vt 44.03050 -19.09320
vt 44.05620 -19.13970
vt 43.86990 -19.04640
vt 43.85700 -19.05760
vt 44.05870 -19.15840
vt 44.01060 -18.85720
vt 44.14160 -19.02820
vt 44.16030 -19.02580
vt 44.00310 -18.87260
vt 43.85840 -19.03240
vt 43.89570 -18.91480
vt 43.83970 -19.03760
vt 43.91070 -18.92230
vt 43.95860 -19.04920
vt 43.86330 -19.02060
vt 43.83190 -19.04920
vt 43.94110 -19.02060
vt 43.88040 -18.90110
vt 43.90680 -18.90060
vt 44.15340 -19.09940
vt 44.14280 -19.08120
vt 43.97420 -19.03760
vt 44.00710 -18.90110
vt 44.01600 -18.91480
vt 44.16810 -18.90190
vt 44.15520 -18.92070
vt 43.98450 -18.90060
vt 44.13870 -18.93070
vt 44.12740 -19.07270
vt 44.14440 -19.03670
vt 43.99620 -19.11520
vt 44.15900 -19.04630
vt 43.99460 -19.09910
vt 44.00990 -18.86130
vt 43.89570 -18.98400
vt 43.91070 -18.98970
vt 44.00450 -18.84480
vt 44.07740 -19.04920
vt 43.85700 -19.08120
vt 43.84460 -19.09940
vt 44.05870 -19.03760
vt 43.84100 -18.92070
vt 43.82540 -18.90190
vt 44.01420 -18.90110
vt 44.00380 -18.91480
vt 43.85560 -18.93070
vt 43.86990 -19.07270
vt 42.01170 -1.00457
vt 42.08040 -1.00878
vt 42.07660 -0.95479
vt 42.01470 -1.04521
vt 41.95030 -0.77041
vt 42.00620 -0.81327
vt 42.02310 -0.79124
vt 41.76540 -1.01167
vt 41.80440 -1.07656
vt 41.82130 -1.05453
vt 42.23080 -0.98541
vt 42.04590 -1.22667
vt 41.97190 -1.00878
vt 42.04970 -1.00457
vt 41.97690 -0.95479
vt 42.04570 -1.04521
vt 41.76920 -0.98321
vt 41.76540 -1.02231
vt 41.76540 -0.98833
vt 41.98880 -0.81712
vt 41.97190 -0.79509
vt 41.95030 -1.22959
vt 42.19060 -1.08041
vt 42.17370 -1.05838
vt 42.04570 -0.77344
vt 42.23070 -1.01470
vt 41.80940 -1.00878
vt 42.04590 -0.98321
vt 41.80440 -0.95479
vt 42.04970 -1.02231
vt 6.13929 -36.87170
vt 5.94075 -36.95500
vt 6.15564 -36.95500
vt 5.92439 -36.87170
vt 6.08461 -37.12830
vt 5.86972 -37.12830
vt 6.05257 -37.12830
vt 6.14524 -36.95500
vt 6.01948 -37.03700
vt 6.12390 -36.87170
vt 5.91539 -37.12830
vt 6.13028 -37.12830
vt 5.94075 -37.03700
vt 6.15564 -37.03700
vt 6.01948 -36.95500
vt 6.11215 -37.12830
vt 6.14524 -37.03700
vt 6.04082 -36.87170
vt 46.27770 -9.00520
vt 46.15770 -9.04473
vt 46.28070 -9.04473
vt 46.15480 -9.00520
vt 45.94260 -9.08163
vt 45.93470 -8.97534
vt 46.14170 -8.71934
vt 46.17500 -9.06016
vt 46.31860 -8.95014
vt 45.99810 -8.82936
vt 45.86600 -9.00908
vt 46.00190 -8.91396
vt 45.85830 -8.93044
vt 45.93630 -9.08197
vt 46.01860 -9.08604
vt 46.13930 -8.97534
vt 46.14960 -9.08163
vt 46.04400 -9.00908
vt 46.27480 -9.00908
vt 46.04990 -8.93044
vt 46.28070 -8.93044
vt 45.68910 -8.95600
vt 45.93630 -8.77913
vt 45.86600 -8.72520
vt 45.75940 -9.00992
vt 46.14960 -8.94260
vt 45.97270 -9.17340
vt 46.31860 -9.15773
vt 46.22430 -9.28066
vt 45.84170 -9.07299
vt 46.01860 -8.84219
vt 45.77950 -9.00520
vt 46.02730 -9.08163
vt 46.03760 -8.97534
vt 45.77570 -9.04473
vt 46.15830 -9.08604
vt 46.17500 -8.91396
vt 46.31090 -9.00908
vt 46.31860 -8.93044
vt 46.24060 -9.08197
vt 56.00080 -5.16392
vt 55.98400 -4.93892
vt 55.75950 -5.16392
vt 55.74280 -4.93892
vt 55.91420 -4.74276
vt 55.84010 -5.06896
vt 56.02500 -4.82770
vt 55.72930 -4.98402
vt 56.06470 -5.24110
vt 56.24960 -4.99984
vt 56.20170 -5.00793
vt 55.88810 -5.06086
vt 56.06010 -5.19268
vt 56.02970 -4.87611
vt 56.17310 -5.00661
vt 56.02520 -4.89329
vt 56.05140 -5.16542
vt 55.90350 -5.05210
vt 55.96350 -5.13904
vt 56.08580 -4.93892
vt 55.97500 -4.83608
vt 56.06390 -5.16392
vt 55.75040 -4.86450
vt 55.72930 -5.08098
vt 55.75890 -4.86450
vt 55.98400 -5.08098
vt 56.00020 -4.86450
vt 55.74280 -5.08098
vt 55.93910 -4.83941
vt 56.10670 -4.85670
vt 56.12390 -4.83941
vt 55.94790 -4.85670
vt 56.06390 -4.75954
vt 56.14840 -5.07773
vt 56.24880 -5.00080
vt 55.96350 -4.83647
vt 55.85160 -5.13904
vt 55.72930 -4.93892
vt 55.75120 -5.16392
vt 55.84010 -4.83608
vt 56.06470 -4.86450
vt 56.08580 -5.08098
vt 50.15540 -30.87500
vt 49.92100 -30.98060
vt 50.18340 -30.98060
vt 49.89300 -30.87500
vt 50.12600 -31.12500
vt 49.86350 -31.12500
vt 50.13220 -30.87500
vt 50.03250 -31.01900
vt 50.16870 -30.98060
vt 50.09380 -31.12500
vt 49.87400 -31.12500
vt 50.13650 -31.12500
vt 49.92100 -31.01900
vt 50.18340 -31.01900
vt 50.10740 -31.12500
vt 50.16870 -31.01900
vt 50.03250 -30.98060
vt 50.06900 -30.87500
vt 42.13180 -21.15900
vt 42.05430 -20.98420
vt 41.86930 -21.15900
vt 41.79180 -20.98420
vt 42.00020 -20.79180
vt 41.93950 -21.16200
vt 42.14070 -20.89950
vt 41.79900 -21.05430
vt 41.79900 -21.01510
vt 41.99980 -20.98420
vt 41.85930 -20.84100
vt 41.89870 -21.15900
vt 41.83800 -20.84100
vt 42.05430 -21.01510
vt 42.10050 -20.84100
vt 41.79180 -21.01510
vt 41.99980 -21.01510
vt 41.79900 -20.98420
vt 41.90010 -21.15900
vt 41.93950 -20.84100
vt 24.03860 -60.99230
vt 24.03230 -60.94120
vt 24.00800 -60.99230
vt 24.06290 -60.94120
vt 23.79640 -60.99230
vt 23.79020 -60.94120
vt 23.76590 -60.99230
vt 23.82070 -60.94120
vt 23.84820 -61.05880
vt 24.00560 -61.01400
vt 23.87250 -61.00770
vt 24.04480 -61.16920
vt 24.06620 -61.23410
vt 24.08960 -61.20360
vt 24.02140 -61.19980
vt 24.17030 -61.00560
vt 24.23850 -61.00940
vt 24.19370 -60.97500
vt 24.21510 -61.03990
vt 23.88420 -61.08410
vt 23.86080 -61.11460
vt 24.04640 -60.87250
vt 24.06980 -60.84200
vt 23.79320 -61.06290
vt 23.81660 -61.03230
vt 23.97880 -60.82070
vt 24.00220 -60.79020
vt 23.93020 -61.00770
vt 24.02950 -60.99230
vt 23.99780 -60.94120
vt 23.96190 -61.05880
vt 23.76150 -61.04590
vt 23.80630 -61.01400
vt 24.14750 -61.05880
vt 23.95520 -61.01400
vt 23.91040 -61.04590
vt 24.11580 -61.00770
vt 24.21510 -60.99230
vt 24.18340 -60.94120
vt 24.02500 -61.01400
vt 24.18230 -61.05880
vt 24.15800 -61.00770
vt 24.14750 -61.05980
vt 24.23850 -61.03860
vt 24.21510 -61.00800
vt 24.17090 -61.09040
vt 24.02950 -60.76590
vt 23.98530 -60.84820
vt 24.05290 -60.79640
vt 23.96190 -60.81770
vt 23.93380 -61.23410
vt 23.91040 -61.20360
vt 23.76150 -61.00940
vt 23.78490 -61.03990
vt 23.86080 -61.00770
vt 23.76150 -60.99230
vt 23.82910 -61.05880
vt 23.79320 -60.94120
vt 24.06620 -61.04590
vt 24.02140 -61.01400
vt 24.17030 -61.01400
vt 24.01470 -61.05880
vt 24.21510 -61.04590
vt 24.04640 -61.00770
vt 23.94710 -60.99230
vt 23.97880 -60.94120
vt 30.13670 -49.02060
vt 30.04140 -49.04920
vt 30.16810 -49.04920
vt 30.05890 -49.02060
vt 29.99290 -48.90110
vt 30.01550 -48.90060
vt 29.85720 -49.08120
vt 30.02580 -49.03760
vt 29.84660 -49.09940
vt 29.84480 -48.92070
vt 29.83190 -48.90190
vt 29.98400 -48.91480
vt 30.09320 -48.90060
vt 30.11960 -48.90110
vt 29.86130 -48.93070
vt 29.87260 -49.07270
vt 29.90990 -49.01550
vt 30.01580 -48.88040
vt 29.88870 -48.99290
vt 30.01680 -48.83190
vt 30.12750 -49.02610
vt 30.17460 -49.03770
vt 29.98580 -49.11960
vt 29.96950 -49.09320
vt 29.94380 -49.13970
vt 30.14300 -49.05760
vt 30.13010 -49.04640
vt 29.94130 -49.15840
vt 29.85840 -49.02820
vt 29.98940 -48.85720
vt 29.83970 -49.02580
vt 29.99690 -48.87260
vt 30.08930 -48.92230
vt 30.14160 -49.03240
vt 30.10430 -48.91480
vt 30.16030 -49.03760
vt 29.94750 -49.09940
vt 30.15340 -49.09940
vt 29.96230 -48.90190
vt 30.16810 -48.90190
vt 29.86030 -49.03240
vt 29.88480 -48.91480
vt 29.84160 -49.03760
vt 29.90090 -48.92230
vt 30.00540 -49.09910
vt 29.85560 -49.03670
vt 30.00380 -49.11520
vt 29.84100 -49.04630
vt 29.99010 -48.86130
vt 30.10430 -48.98400
vt 29.99550 -48.84480
vt 30.08930 -48.98970
vt 30.14300 -49.08120
vt 29.92260 -49.04920
vt 30.15540 -49.09940
vt 29.94130 -49.03760
vt 29.98580 -48.90110
vt 29.99620 -48.91480
vt 30.15900 -48.92070
vt 30.17460 -48.90190
vt 30.14440 -48.93070
vt 30.13010 -49.07270
vt 0.89713 4.40902
vt 0.89581 4.43208
vt 0.88311 4.40992
vt 0.89593 4.39431
vt 0.87738 4.39550
vt 0.67538 4.40902
vt 0.68941 4.40992
vt 0.68624 4.43208
vt 0.68940 4.39550
vt 0.67082 4.39431
vt 0.93098 4.39268
vt 0.92690 4.41551
vt 0.91501 4.39313
vt 0.93120 4.37805
vt 0.91005 4.37863
vt 0.94996 4.38707
vt 0.94582 4.40989
vt 0.93395 4.38750
vt 0.95020 4.37243
vt 0.92902 4.37300
vt 0.96951 4.38151
vt 0.96473 4.40427
vt 0.95314 4.38184
vt 0.97010 4.36689
vt 0.94843 4.36733
vt 0.98560 4.37594
vt 0.98081 4.39871
vt 0.96923 4.37627
vt 0.98618 4.36133
vt 0.96452 4.36176
vt 1.00168 4.37038
vt 0.99690 4.39314
vt 0.98532 4.37071
vt 1.00227 4.35577
vt 0.98060 4.35620
vt 1.01869 4.37166
vt 1.01441 4.39420
vt 1.00234 4.37216
vt 1.01896 4.35720
vt 0.99731 4.35786
vt 0.89344 4.39420
vt 0.89225 4.37216
vt 0.90616 4.36926
vt 0.89002 4.35786
vt 0.90844 4.35402
vt 0.85739 4.39314
vt 0.85670 4.37071
vt 0.87067 4.36842
vt 0.85479 4.35620
vt 0.87328 4.35318
vt 0.78937 4.40427
vt 0.78868 4.38184
vt 0.80265 4.37955
vt 0.78677 4.36733
vt 0.80527 4.36430
vt 0.82338 4.39871
vt 0.82269 4.37627
vt 0.83666 4.37399
vt 0.82078 4.36176
vt 0.83928 4.35874
vt 0.72497 4.41551
vt 0.72506 4.39313
vt 0.73845 4.39087
vt 0.72353 4.37863
vt 0.74125 4.37564
vt 0.75713 4.40989
vt 0.75716 4.38750
vt 0.77059 4.38524
vt 0.75560 4.37300
vt 0.77338 4.37001
vt 0.91576 4.37380
vt 0.93345 4.37380
vt 0.93242 4.41073
vt 0.93153 4.35001
vt 0.90812 4.35001
vt 1.02602 4.37380
vt 1.02498 4.41073
vt 1.00833 4.37380
vt 1.02410 4.35001
vt 1.00069 4.35001
vt 0.99618 4.36289
vt 0.99398 4.37882
vt 0.98388 4.36289
vt 0.99580 4.35262
vt 0.97952 4.35262
vt 0.95315 4.36289
vt 0.96545 4.36289
vt 0.96325 4.37882
vt 0.96507 4.35262
vt 0.94879 4.35262
vt 0.83205 4.39268
vt 0.84550 4.39313
vt 0.83322 4.41551
vt 0.83324 4.37805
vt 0.85105 4.37863
vt 0.87583 4.43208
vt 0.86352 4.40681
vt 0.87739 4.40902
vt 0.87985 4.39431
vt 0.86150 4.39139
vt 0.80374 4.38707
vt 0.81725 4.38750
vt 0.80497 4.40989
vt 0.80491 4.37243
vt 0.82278 4.37300
vt 0.67582 4.41073
vt 0.66181 4.36994
vt 0.67923 4.37380
vt 0.68327 4.35001
vt 0.66021 4.34489
vt 0.77483 4.38151
vt 0.78889 4.38184
vt 0.77671 4.40427
vt 0.77567 4.36689
vt 0.79428 4.36733
vt 0.74902 4.37594
vt 0.76308 4.37627
vt 0.75090 4.39871
vt 0.74986 4.36133
vt 0.76847 4.36176
vt 0.69962 4.37882
vt 0.68787 4.36085
vt 0.70006 4.36289
vt 0.70163 4.35262
vt 0.68550 4.34992
vt 0.72318 4.37882
vt 0.71143 4.36085
vt 0.72362 4.36289
vt 0.72518 4.35262
vt 0.70905 4.34992
vt 0.72321 4.37038
vt 0.73727 4.37071
vt 0.72509 4.39314
vt 0.72405 4.35577
vt 0.74266 4.35620
vt 0.74677 4.41073
vt 0.73276 4.36994
vt 0.75018 4.37380
vt 0.75422 4.35001
vt 0.73116 4.34489
vt 0.69603 4.37166
vt 0.71008 4.37216
vt 0.69726 4.39420
vt 0.69729 4.35720
vt 0.71589 4.35786
vt 0.78998 4.39420
vt 0.77829 4.36926
vt 0.79446 4.37216
vt 0.79812 4.35786
vt 0.77671 4.35402
vt 0.91112 4.40427
vt 0.89870 4.37955
vt 0.91495 4.38184
vt 0.91819 4.36733
vt 0.89669 4.36430
vt 0.87157 4.39871
vt 0.85916 4.37399
vt 0.87540 4.37627
vt 0.87864 4.36176
vt 0.85714 4.35874
vt 0.83202 4.39314
vt 0.81961 4.36842
vt 0.83586 4.37071
vt 0.83910 4.35620
vt 0.81759 4.35318
vt 0.98799 4.41551
vt 0.97522 4.39087
vt 0.99110 4.39313
vt 0.99402 4.37863
vt 0.97300 4.37564
vt 0.94960 4.40989
vt 0.93685 4.38524
vt 0.95276 4.38750
vt 0.95570 4.37300
vt 0.93465 4.37001
vt 1.03646 4.43208
vt 1.02261 4.40771
vt 1.03660 4.40992
vt 1.03815 4.39550
vt 1.01964 4.39258
vt 0.78019 4.41073
vt 0.76580 4.36994
vt 0.78349 4.36994
vt 0.76340 4.34489
vt 0.78681 4.34489
vt 0.68762 4.41073
vt 0.67323 4.36994
vt 0.69092 4.36994
vt 0.67082 4.34489
vt 0.69424 4.34489
vt 0.71862 4.37882
vt 0.70708 4.36085
vt 0.71937 4.36085
vt 0.72071 4.34992
vt 0.70443 4.34992
vt 0.74935 4.37882
vt 0.73781 4.36085
vt 0.75010 4.36085
vt 0.75144 4.34992
vt 0.73516 4.34992
vt 0.81917 4.39420
vt 0.81717 4.36876
vt 0.83109 4.37166
vt 0.81837 4.35336
vt 0.83679 4.35720
vt 0.95548 4.40989
vt 0.95343 4.38481
vt 0.96686 4.38707
vt 0.95434 4.36944
vt 0.97212 4.37243
vt 0.98764 4.41551
vt 0.98563 4.39042
vt 0.99902 4.39268
vt 0.98654 4.37506
vt 1.00426 4.37805
vt 0.85521 4.39314
vt 0.85266 4.36809
vt 0.86663 4.37038
vt 0.85351 4.35274
vt 0.87201 4.35577
vt 0.92323 4.40427
vt 0.92068 4.37922
vt 0.93465 4.38151
vt 0.92153 4.36387
vt 0.94003 4.36689
vt 0.88922 4.39871
vt 0.88667 4.37366
vt 0.90064 4.37594
vt 0.88752 4.35830
vt 0.90602 4.36133
vt 0.69819 4.39420
vt 0.68736 4.36876
vt 0.70371 4.36926
vt 0.70662 4.35402
vt 0.68497 4.35336
vt 0.71571 4.39314
vt 0.70431 4.36809
vt 0.72068 4.36842
vt 0.72325 4.35318
vt 0.70159 4.35274
vt 0.73179 4.39871
vt 0.72040 4.37366
vt 0.73676 4.37399
vt 0.73934 4.35874
vt 0.71767 4.35830
vt 0.74788 4.40427
vt 0.73648 4.37922
vt 0.75285 4.37955
vt 0.75542 4.36430
vt 0.73376 4.36387
vt 0.76678 4.40989
vt 0.75524 4.38481
vt 0.77124 4.38524
vt 0.77378 4.37001
vt 0.75260 4.36944
vt 0.78570 4.41551
vt 0.77414 4.39042
vt 0.79012 4.39087
vt 0.79266 4.37564
vt 0.77152 4.37506
vt 0.81679 4.43208
vt 0.80488 4.40681
vt 0.81889 4.40771
vt 0.82119 4.39258
vt 0.80264 4.39139
vt 1.02636 4.43208
vt 1.01244 4.40771
vt 1.02647 4.40681
vt 1.02754 4.39139
vt 1.00897 4.39258
vt 0.91819 4.29635
vt 0.90556 4.26594
vt 0.92707 4.27469
vt 0.89669 4.28760
vt 0.72405 4.40419
vt 0.71002 4.38569
vt 0.74266 4.38999
vt 0.72863 4.37150
vt 0.87864 4.28027
vt 0.86601 4.24986
vt 0.88752 4.25860
vt 0.85714 4.27152
vt 0.83910 4.26418
vt 0.82646 4.23377
vt 0.84797 4.24252
vt 0.81759 4.25543
vt 0.77567 4.47221
vt 0.76164 4.45371
vt 0.79428 4.45801
vt 0.78025 4.43952
vt 0.74986 4.43820
vt 0.73583 4.41970
vt 0.76847 4.42400
vt 0.75444 4.40551
vt 0.80491 4.50430
vt 0.78997 4.48652
vt 0.82278 4.48919
vt 0.80785 4.47141
vt 0.95570 4.31577
vt 0.94460 4.28478
vt 0.96565 4.29458
vt 0.93465 4.30597
vt 0.99402 4.33473
vt 0.98304 4.30370
vt 1.00405 4.31359
vt 0.97300 4.32484
vt 0.83324 4.53644
vt 0.81823 4.51872
vt 0.85105 4.52126
vt 0.83604 4.50354
vt 0.72153 4.23661
vt 0.72518 4.26526
vt 0.70905 4.25289
vt 0.73766 4.24898
vt 0.70163 4.29599
vt 0.69797 4.26735
vt 0.71411 4.27971
vt 0.68550 4.28362
vt 0.79812 4.24748
vt 0.78560 4.21716
vt 0.80700 4.22583
vt 0.77671 4.23881
vt 0.69729 4.36897
vt 0.68335 4.35055
vt 0.71589 4.35476
vt 0.70195 4.33634
vt 0.70121 4.31325
vt 0.68327 4.33666
vt 0.66021 4.31899
vt 0.67816 4.29558
vt 0.74911 4.20301
vt 0.75422 4.24409
vt 0.73116 4.22642
vt 0.77217 4.22068
vt 1.03815 4.36740
vt 1.03388 4.33482
vt 1.05239 4.34885
vt 1.01964 4.35337
vt 0.89406 4.55539
vt 0.87985 4.57396
vt 0.86150 4.55972
vt 0.87570 4.54115
vt 0.67614 4.43208
vt 0.66524 4.40902
vt 0.67923 4.40681
vt 0.67872 4.39139
vt 0.66021 4.39431
vt 0.92262 4.39420
vt 0.91143 4.37166
vt 0.92760 4.36876
vt 0.92700 4.35336
vt 0.90560 4.35720
vt 0.76300 4.40989
vt 0.75233 4.38707
vt 0.76823 4.38481
vt 0.76800 4.36944
vt 0.74695 4.37243
vt 0.72461 4.41551
vt 0.71392 4.39268
vt 0.72980 4.39042
vt 0.72956 4.37506
vt 0.70855 4.37805
vt 0.80148 4.40427
vt 0.79094 4.38151
vt 0.80719 4.37922
vt 0.80704 4.36387
vt 0.78554 4.36689
vt 0.84103 4.39871
vt 0.83049 4.37594
vt 0.84674 4.37366
vt 0.84659 4.35830
vt 0.82508 4.36133
vt 0.88058 4.39314
vt 0.87004 4.37038
vt 0.88629 4.36809
vt 0.88614 4.35274
vt 0.86463 4.35577
vt 1.01535 4.39420
vt 1.01305 4.36926
vt 1.02710 4.36876
vt 1.01065 4.35402
vt 1.02925 4.35336
vt 0.96583 4.41073
vt 0.94886 4.37380
vt 0.96628 4.36994
vt 0.96349 4.34489
vt 0.94044 4.35001
vt 0.98751 4.39314
vt 0.98593 4.36842
vt 1.00000 4.36809
vt 0.98397 4.35318
vt 1.00259 4.35274
vt 0.98942 4.37882
vt 0.97956 4.36289
vt 0.99175 4.36085
vt 0.99108 4.34992
vt 0.97494 4.35262
vt 1.01298 4.37882
vt 1.00311 4.36289
vt 1.01530 4.36085
vt 1.01463 4.34992
vt 0.99850 4.35262
vt 0.96170 4.39871
vt 0.96012 4.37399
vt 0.97419 4.37366
vt 0.95816 4.35874
vt 0.97678 4.35830
vt 1.03678 4.41073
vt 1.01981 4.37380
vt 1.03724 4.36994
vt 1.03445 4.34489
vt 1.01139 4.35001
vt 0.93589 4.40427
vt 0.93431 4.37955
vt 0.94838 4.37922
vt 0.93235 4.36430
vt 0.95097 4.36387
vt 0.90763 4.40989
vt 0.90664 4.38524
vt 0.92014 4.38481
vt 0.90476 4.37001
vt 0.92263 4.36944
vt 0.83677 4.43208
vt 0.82448 4.40992
vt 0.83835 4.40771
vt 0.83690 4.39258
vt 0.81854 4.39550
vt 0.87939 4.41551
vt 0.87844 4.39087
vt 0.89190 4.39042
vt 0.87656 4.37564
vt 0.89437 4.37506
vt -2.10307 2.51480
vt -2.14355 2.42966
vt -2.10936 2.42966
vt -2.06887 2.51480
vt -1.86355 2.42966
vt -1.85727 2.51480
vt -1.89775 2.42966
vt -1.82307 2.51480
vt -2.15870 2.50120
vt -2.15257 2.55062
vt -2.17666 2.49997
vt -2.13997 2.54060
vt -2.15050 2.56517
vt -2.10914 2.65115
vt -2.17671 2.59936
vt -2.08293 2.61696
vt -1.92073 2.40535
vt -1.96210 2.31936
vt -1.89452 2.37116
vt -1.98831 2.35356
vt -2.08070 2.67295
vt -2.12090 2.64213
vt -2.07957 2.65499
vt -2.11084 2.63102
vt -1.90629 2.36214
vt -1.86609 2.39295
vt -1.88313 2.39871
vt -1.91440 2.37474
vt -1.89751 2.46038
vt -1.84171 2.51480
vt -1.86609 2.51103
vt -1.90629 2.55062
vt -1.89452 2.42966
vt -1.90928 2.58134
vt -1.96210 2.49620
vt -1.93771 2.49997
vt -1.88313 2.50980
vt -1.90758 2.47040
vt -2.15050 2.49620
vt -2.03011 2.51480
vt -2.09768 2.58134
vt -2.08293 2.42966
vt -1.85727 2.49620
vt -1.86355 2.58134
vt -1.89775 2.58134
vt -1.82307 2.49620
vt -2.10307 2.49620
vt -2.10936 2.58134
vt -2.14355 2.58134
vt -2.06887 2.49620
vt -2.15257 2.46038
vt -2.15870 2.50980
vt -2.17666 2.51103
vt -2.13997 2.47040
vt -1.96210 2.69164
vt -1.92073 2.60565
vt -1.89452 2.63984
vt -1.98831 2.65744
vt -2.17671 2.41164
vt -2.10914 2.35985
vt -2.15050 2.44583
vt -2.08293 2.39404
vt -1.91440 2.63626
vt -1.88313 2.61229
vt -1.90629 2.64886
vt -1.86609 2.61805
vt -2.07957 2.35601
vt -2.11084 2.37998
vt -2.12090 2.36887
vt -2.08070 2.33805
vt -1.90629 2.46038
vt -1.96210 2.51480
vt -1.90928 2.42966
vt -1.84171 2.49620
vt -1.93771 2.51103
vt -1.86609 2.49997
vt -1.89751 2.55062
vt -1.89452 2.58134
vt -1.88313 2.50120
vt -1.90758 2.54060
vt -2.03011 2.49620
vt -2.15050 2.51480
vt -2.09768 2.42966
vt -2.08293 2.58134
vt 0.66575 -1.21364
vt 1.13702 -1.31738
vt 1.11667 -1.26891
vt 0.63430 -1.25576
vt 1.81494 -0.62833
vt 1.82788 -0.64978
vt 1.83227 -0.62796
vt 1.83249 -0.61395
vt 1.80956 -0.61444
vt 1.83710 -0.61893
vt 1.85005 -0.64038
vt 1.85443 -0.61856
vt 1.85466 -0.60455
vt 1.83172 -0.60505
vt 1.85927 -0.60953
vt 1.87221 -0.63098
vt 1.87660 -0.60916
vt 1.87682 -0.59515
vt 1.85389 -0.59565
vt 1.88143 -0.60014
vt 1.89438 -0.62158
vt 1.89876 -0.59976
vt 1.89899 -0.58576
vt 1.87605 -0.58625
vt 1.90280 -0.59056
vt 1.91574 -0.61200
vt 1.92013 -0.59018
vt 1.92035 -0.57618
vt 1.89742 -0.57667
vt 1.92430 -0.58277
vt 1.93724 -0.60422
vt 1.94163 -0.58240
vt 1.94185 -0.56840
vt 1.91892 -0.56889
vt 1.94543 -0.56996
vt 1.95837 -0.59141
vt 1.96276 -0.56959
vt 1.96298 -0.55558
vt 1.94004 -0.55608
vt 1.96714 -0.56508
vt 1.98009 -0.58653
vt 1.98447 -0.56471
vt 1.98470 -0.55070
vt 1.96176 -0.55119
vt 1.98951 -0.56202
vt 2.00364 -0.59846
vt 2.00545 -0.56202
vt 2.00429 -0.53856
vt 1.98319 -0.53856
vt 1.90140 -0.56202
vt 1.88546 -0.56202
vt 1.89959 -0.59846
vt 1.90024 -0.53856
vt 1.87914 -0.53856
vt 1.95170 -0.54785
vt 1.94165 -0.54785
vt 1.95004 -0.56392
vt 1.95129 -0.53750
vt 1.93800 -0.53750
vt 1.96962 -0.54785
vt 1.97802 -0.56392
vt 1.97967 -0.54785
vt 1.97927 -0.53750
vt 1.96597 -0.53750
vt 1.92372 -0.54785
vt 1.91368 -0.54785
vt 1.92207 -0.56392
vt 1.92332 -0.53750
vt 1.91003 -0.53750
vt 1.96591 -0.72883
vt 1.98929 -0.72565
vt 1.97610 -0.71554
vt 1.97910 -0.73895
vt 1.94447 -0.75680
vt 1.96785 -0.75362
vt 1.95466 -0.74351
vt 1.95766 -0.76692
vt 1.98735 -0.70086
vt 2.01074 -0.69768
vt 1.99754 -0.68756
vt 2.00054 -0.71097
vt 1.91922 -0.78182
vt 1.95632 -0.77678
vt 1.93539 -0.76073
vt 1.94016 -0.79787
vt 2.01991 -0.69382
vt 2.01514 -0.65668
vt 1.99897 -0.67778
vt 2.03608 -0.67273
vt 1.84814 -0.71758
vt 1.85844 -0.75288
vt 1.87094 -0.72994
vt 1.83564 -0.74052
vt 1.93463 -0.60474
vt 1.97139 -0.60551
vt 1.95353 -0.58670
vt 1.95249 -0.62354
vt 1.88817 -0.73930
vt 1.89847 -0.77460
vt 1.91097 -0.75166
vt 1.87567 -0.76223
vt 1.96600 -0.63775
vt 2.00277 -0.63852
vt 1.98490 -0.61972
vt 1.98387 -0.65656
vt 1.90403 -0.57232
vt 1.94079 -0.57309
vt 1.92293 -0.55428
vt 1.92189 -0.59112
vt 1.80888 -0.69646
vt 1.81918 -0.73175
vt 1.83168 -0.70882
vt 1.79638 -0.71939
vt 1.76913 -0.67496
vt 1.77943 -0.71025
vt 1.79193 -0.68732
vt 1.75663 -0.69789
vt 1.87294 -0.53952
vt 1.90970 -0.54029
vt 1.89184 -0.52149
vt 1.89080 -0.55833
vt 1.72956 -0.65359
vt 1.73986 -0.68889
vt 1.75236 -0.66595
vt 1.71706 -0.67652
vt 1.84202 -0.50686
vt 1.87879 -0.50763
vt 1.86092 -0.48882
vt 1.85989 -0.52566
vt 1.80996 -0.47300
vt 1.84672 -0.47377
vt 1.82886 -0.45496
vt 1.82782 -0.49180
vt 1.68853 -0.63142
vt 1.69883 -0.66672
vt 1.71133 -0.64379
vt 1.67602 -0.65436
vt 1.77789 -0.43913
vt 1.81466 -0.43991
vt 1.79679 -0.42110
vt 1.79576 -0.45794
vt 1.64750 -0.60926
vt 1.65780 -0.64456
vt 1.67030 -0.62162
vt 1.63499 -0.63219
vt 1.60647 -0.58709
vt 1.61676 -0.62239
vt 1.62927 -0.59946
vt 1.59396 -0.61003
vt 1.74583 -0.40527
vt 1.78259 -0.40604
vt 1.76473 -0.38724
vt 1.76369 -0.42408
vt 1.87832 -0.62833
vt 1.86404 -0.62796
vt 1.86524 -0.64978
vt 1.86531 -0.61395
vt 1.88421 -0.61444
vt 1.84626 -0.61893
vt 1.83198 -0.61856
vt 1.83317 -0.64038
vt 1.83325 -0.60455
vt 1.85214 -0.60505
vt 1.81419 -0.60953
vt 1.79991 -0.60916
vt 1.80111 -0.63098
vt 1.80118 -0.59515
vt 1.82008 -0.59565
vt 1.78213 -0.60014
vt 1.76785 -0.59976
vt 1.76904 -0.62158
vt 1.76912 -0.58576
vt 1.78801 -0.58625
vt 1.61007 -0.59846
vt 1.61200 -0.56202
vt 1.59618 -0.55958
vt 1.61490 -0.53856
vt 1.59396 -0.53533
vt 1.75121 -0.59056
vt 1.73693 -0.59018
vt 1.73812 -0.61200
vt 1.73820 -0.57618
vt 1.75710 -0.57667
vt 1.63056 -0.56392
vt 1.63110 -0.54785
vt 1.62113 -0.54631
vt 1.63250 -0.53750
vt 1.61930 -0.53546
vt 1.72012 -0.58277
vt 1.70584 -0.58240
vt 1.70703 -0.60422
vt 1.70711 -0.56840
vt 1.72601 -0.56889
vt 1.65200 -0.56392
vt 1.65254 -0.54785
vt 1.64257 -0.54631
vt 1.65394 -0.53750
vt 1.64074 -0.53546
vt 1.67344 -0.56392
vt 1.67398 -0.54785
vt 1.66401 -0.54631
vt 1.67538 -0.53750
vt 1.66218 -0.53546
vt 1.68952 -0.56996
vt 1.67524 -0.56959
vt 1.67643 -0.59141
vt 1.67651 -0.55558
vt 1.69541 -0.55608
vt 1.68982 -0.59846
vt 1.69175 -0.56202
vt 1.67593 -0.55958
vt 1.69465 -0.53856
vt 1.67371 -0.53533
vt 2.01865 -0.64978
vt 2.02092 -0.62833
vt 2.00369 -0.62596
vt 2.02357 -0.61444
vt 2.00077 -0.61130
vt 1.97762 -0.64038
vt 1.97989 -0.61893
vt 1.96266 -0.61656
vt 1.98254 -0.60505
vt 1.95974 -0.60191
vt 1.93659 -0.63098
vt 1.93886 -0.60953
vt 1.92163 -0.60716
vt 1.94151 -0.59565
vt 1.91871 -0.59251
vt 1.89556 -0.62158
vt 1.89783 -0.60014
vt 1.88060 -0.59776
vt 1.90048 -0.58625
vt 1.87768 -0.58311
vt 1.85599 -0.61200
vt 1.85825 -0.59056
vt 1.84103 -0.58818
vt 1.86091 -0.57667
vt 1.83811 -0.57353
vt 1.81624 -0.60422
vt 1.81851 -0.58277
vt 1.80128 -0.58040
vt 1.82116 -0.56889
vt 1.79836 -0.56575
vt 1.73695 -0.58653
vt 1.73922 -0.56508
vt 1.72199 -0.56271
vt 1.74187 -0.55119
vt 1.71907 -0.54805
vt 1.77698 -0.59141
vt 1.77925 -0.56996
vt 1.76202 -0.56759
vt 1.78190 -0.55608
vt 1.75910 -0.55294
vt 1.65815 -0.56508
vt 1.64387 -0.56471
vt 1.64506 -0.58653
vt 1.64514 -0.55070
vt 1.66403 -0.55119
vt 1.62640 -0.59846
vt 1.62840 -0.55958
vt 1.61246 -0.55958
vt 1.63080 -0.53533
vt 1.60970 -0.53533
vt 1.73045 -0.59846
vt 1.73245 -0.55958
vt 1.71651 -0.55958
vt 1.73485 -0.53533
vt 1.71375 -0.53533
vt 1.68000 -0.56392
vt 1.68074 -0.54631
vt 1.67070 -0.54631
vt 1.68192 -0.53546
vt 1.66863 -0.53546
vt 1.65202 -0.56392
vt 1.65277 -0.54631
vt 1.64273 -0.54631
vt 1.65395 -0.53546
vt 1.64066 -0.53546
vt 1.70797 -0.56392
vt 1.70872 -0.54631
vt 1.69867 -0.54631
vt 1.70990 -0.53546
vt 1.69660 -0.53546
vt 2.00231 -0.64978
vt 2.01477 -0.62796
vt 2.00056 -0.62559
vt 2.00153 -0.61081
vt 2.02034 -0.61395
vt 1.96845 -0.64038
vt 1.98090 -0.61856
vt 1.96669 -0.61619
vt 1.96767 -0.60141
vt 1.98647 -0.60455
vt 1.93459 -0.63098
vt 1.94704 -0.60916
vt 1.93283 -0.60679
vt 1.93381 -0.59201
vt 1.95261 -0.59515
vt 1.90073 -0.62158
vt 1.91318 -0.59976
vt 1.89897 -0.59739
vt 1.89994 -0.58262
vt 1.91875 -0.58576
vt 1.86807 -0.61200
vt 1.88052 -0.59018
vt 1.86631 -0.58781
vt 1.86728 -0.57303
vt 1.88609 -0.57618
vt 1.64995 -0.58653
vt 1.65355 -0.56271
vt 1.63623 -0.56233
vt 1.65592 -0.54805
vt 1.63298 -0.54756
vt 1.83527 -0.60422
vt 1.84772 -0.58240
vt 1.83351 -0.58003
vt 1.83449 -0.56525
vt 1.85329 -0.56840
vt 1.76984 -0.58653
vt 1.78229 -0.56471
vt 1.76808 -0.56233
vt 1.76905 -0.54756
vt 1.78786 -0.55070
vt 1.80285 -0.59141
vt 1.81530 -0.56959
vt 1.80109 -0.56722
vt 1.80207 -0.55244
vt 1.82087 -0.55558
vt 1.67167 -0.59141
vt 1.67527 -0.56759
vt 1.65794 -0.56722
vt 1.67763 -0.55294
vt 1.65470 -0.55244
vt 1.69280 -0.60422
vt 1.69640 -0.58040
vt 1.67907 -0.58003
vt 1.69876 -0.56575
vt 1.67582 -0.56525
vt 1.71430 -0.61200
vt 1.71790 -0.58818
vt 1.70057 -0.58781
vt 1.72026 -0.57353
vt 1.69732 -0.57303
vt 1.73566 -0.62158
vt 1.73926 -0.59776
vt 1.72193 -0.59739
vt 1.74162 -0.58311
vt 1.71869 -0.58262
vt 1.75783 -0.63098
vt 1.76143 -0.60716
vt 1.74410 -0.60679
vt 1.76379 -0.59251
vt 1.74085 -0.59201
vt 1.77999 -0.64038
vt 1.78359 -0.61656
vt 1.76626 -0.61619
vt 1.78595 -0.60191
vt 1.76302 -0.60141
vt 1.80216 -0.64978
vt 1.80576 -0.62596
vt 1.78843 -0.62559
vt 1.80812 -0.61130
vt 1.78518 -0.61081
vt 1.61139 -0.64978
vt 1.61690 -0.62559
vt 1.59967 -0.62796
vt 1.61676 -0.61081
vt 1.59396 -0.61395
vt 1.65242 -0.64038
vt 1.65793 -0.61619
vt 1.64070 -0.61856
vt 1.65780 -0.60141
vt 1.63499 -0.60455
vt 1.69345 -0.63098
vt 1.69896 -0.60679
vt 1.68173 -0.60916
vt 1.69883 -0.59201
vt 1.67602 -0.59515
vt 1.73448 -0.62158
vt 1.73999 -0.59739
vt 1.72276 -0.59976
vt 1.73986 -0.58262
vt 1.71706 -0.58576
vt 1.77405 -0.61200
vt 1.77957 -0.58781
vt 1.76234 -0.59018
vt 1.77943 -0.57303
vt 1.75663 -0.57618
vt 1.98498 -0.58653
vt 1.99967 -0.56233
vt 1.98539 -0.56271
vt 1.98387 -0.54805
vt 2.00277 -0.54756
vt 1.81380 -0.60422
vt 1.81931 -0.58003
vt 1.80209 -0.58240
vt 1.81918 -0.56525
vt 1.79638 -0.56840
vt 1.89309 -0.58653
vt 1.89860 -0.56233
vt 1.88138 -0.56471
vt 1.89847 -0.54756
vt 1.87567 -0.55070
vt 1.85306 -0.59141
vt 1.85857 -0.56722
vt 1.84135 -0.56959
vt 1.85844 -0.55244
vt 1.83564 -0.55558
vt 1.94022 -0.59846
vt 1.94189 -0.55958
vt 1.92607 -0.56202
vt 1.94016 -0.53533
vt 1.91922 -0.53856
vt 1.95361 -0.59141
vt 1.96829 -0.56722
vt 1.95402 -0.56759
vt 1.95249 -0.55294
vt 1.97139 -0.55244
vt 1.95660 -0.56392
vt 1.95833 -0.54631
vt 1.94836 -0.54785
vt 1.95766 -0.53546
vt 1.94447 -0.53750
vt 1.92300 -0.60422
vt 1.93769 -0.58003
vt 1.92341 -0.58040
vt 1.92189 -0.56575
vt 1.94079 -0.56525
vt 1.97804 -0.56392
vt 1.97977 -0.54631
vt 1.96980 -0.54785
vt 1.97910 -0.53546
vt 1.96591 -0.53750
vt 1.89191 -0.61200
vt 1.90660 -0.58781
vt 1.89232 -0.58818
vt 1.89080 -0.57353
vt 1.90970 -0.57303
vt 1.99948 -0.56392
vt 2.00121 -0.54631
vt 1.99124 -0.54785
vt 2.00054 -0.53546
vt 1.98735 -0.53750
vt 2.01997 -0.59846
vt 2.02164 -0.55958
vt 2.00582 -0.56202
vt 2.01991 -0.53533
vt 1.99897 -0.53856
vt 1.86100 -0.62158
vt 1.87569 -0.59739
vt 1.86141 -0.59776
vt 1.85989 -0.58311
vt 1.87879 -0.58262
vt 1.76480 -0.64978
vt 1.76521 -0.62596
vt 1.75172 -0.62833
vt 1.76369 -0.61130
vt 1.74583 -0.61444
vt 1.79687 -0.64038
vt 1.79728 -0.61656
vt 1.78378 -0.61893
vt 1.79576 -0.60191
vt 1.77789 -0.60505
vt 1.82893 -0.63098
vt 1.82934 -0.60716
vt 1.81585 -0.60953
vt 1.82782 -0.59251
vt 1.80996 -0.59565
vt 1.84791 -0.60014
vt 1.84202 -0.58625
vt 1.87883 -0.59056
vt 1.87294 -0.57667
vt 1.90992 -0.58277
vt 1.90403 -0.56889
vt 1.97189 -0.56508
vt 1.96600 -0.55119
vt 1.94052 -0.56996
vt 1.93463 -0.55608
vt 1.84362 -0.60679
vt 1.84672 -0.59201
vt 1.81156 -0.61619
vt 1.81466 -0.60141
vt 1.77949 -0.62559
vt 1.78259 -0.61081
vt 1.35678 -0.69118
vt 1.82805 -0.58744
vt 1.37713 -0.64271
vt 1.85949 -0.62956
vt -1.44809 3.88801
vt -1.62743 4.00690
vt -1.48039 3.85577
vt -1.61356 4.05761
vt -1.22608 3.71779
vt -1.17535 3.73157
vt -1.17015 -2.85210
vt -1.15622 -2.81322
vt -1.17216 -2.81322
vt -1.17455 -2.78897
vt -1.15346 -2.78897
vt -1.27420 -2.85210
vt -1.26027 -2.81322
vt -1.27620 -2.81322
vt -1.27860 -2.78897
vt -1.25751 -2.78897
vt -1.22375 -2.81755
vt -1.21445 -2.79995
vt -1.22450 -2.79995
vt -1.22568 -2.78910
vt -1.21238 -2.78910
vt -1.19578 -2.81755
vt -1.18648 -2.79995
vt -1.19653 -2.79995
vt -1.19771 -2.78910
vt -1.18441 -2.78910
vt -1.25172 -2.81755
vt -1.24243 -2.79995
vt -1.25247 -2.79995
vt -1.25365 -2.78910
vt -1.24036 -2.78910
vt -1.54607 -2.90342
vt -1.54431 -2.87923
vt -1.55852 -2.88160
vt -1.54528 -2.86445
vt -1.56409 -2.86759
vt -1.51221 -2.89402
vt -1.51045 -2.86983
vt -1.52466 -2.87220
vt -1.51142 -2.85505
vt -1.53023 -2.85819
vt -1.47834 -2.88462
vt -1.47659 -2.86043
vt -1.49080 -2.86280
vt -1.47756 -2.84565
vt -1.49637 -2.84879
vt -1.44448 -2.87522
vt -1.44272 -2.85103
vt -1.45693 -2.85340
vt -1.44370 -2.83626
vt -1.46250 -2.83939
vt -1.41182 -2.86565
vt -1.41006 -2.84145
vt -1.42427 -2.84382
vt -1.41104 -2.82668
vt -1.42984 -2.82982
vt -1.19371 -2.84017
vt -1.17998 -2.81597
vt -1.19731 -2.81635
vt -1.19967 -2.80169
vt -1.17673 -2.80120
vt -1.37902 -2.85786
vt -1.37727 -2.83367
vt -1.39147 -2.83604
vt -1.37824 -2.81889
vt -1.39705 -2.82203
vt -1.31359 -2.84017
vt -1.31183 -2.81597
vt -1.32604 -2.81835
vt -1.31281 -2.80120
vt -1.33161 -2.80434
vt -1.34660 -2.84505
vt -1.34484 -2.82086
vt -1.35905 -2.82323
vt -1.34582 -2.80608
vt -1.36462 -2.80922
vt -1.21542 -2.84505
vt -1.20170 -2.82086
vt -1.21903 -2.82123
vt -1.22139 -2.80658
vt -1.19845 -2.80608
vt -1.23655 -2.85786
vt -1.22282 -2.83367
vt -1.24015 -2.83404
vt -1.24251 -2.81939
vt -1.21958 -2.81889
vt -1.25805 -2.86565
vt -1.24432 -2.84145
vt -1.26165 -2.84182
vt -1.26401 -2.82717
vt -1.24108 -2.82668
vt -1.27942 -2.87522
vt -1.26569 -2.85103
vt -1.28302 -2.85140
vt -1.28538 -2.83675
vt -1.26244 -2.83626
vt -1.30158 -2.88462
vt -1.28785 -2.86043
vt -1.30518 -2.86080
vt -1.30754 -2.84615
vt -1.28461 -2.84565
vt -1.32375 -2.89402
vt -1.31002 -2.86983
vt -1.32735 -2.87020
vt -1.32971 -2.85555
vt -1.30677 -2.85505
vt -1.34591 -2.90342
vt -1.33218 -2.87923
vt -1.34951 -2.87960
vt -1.35187 -2.86494
vt -1.32894 -2.86445
vt -1.53305 -2.97929
vt -1.50966 -2.98247
vt -1.51985 -2.96918
vt -1.52286 -2.99259
vt -1.48822 -3.01045
vt -1.49841 -2.99715
vt -1.51161 -3.00726
vt -1.50142 -3.02056
vt -1.55449 -2.95132
vt -1.53110 -2.95450
vt -1.54129 -2.94120
vt -1.54430 -2.96461
vt -1.46297 -3.03546
vt -1.47914 -3.01437
vt -1.50008 -3.03042
vt -1.48391 -3.05151
vt -1.56366 -2.94746
vt -1.55889 -2.91032
vt -1.57983 -2.92637
vt -1.54272 -2.93142
vt -1.39189 -2.97122
vt -1.40219 -3.00652
vt -1.37939 -2.99416
vt -1.41469 -2.98358
vt -1.51515 -2.85915
vt -1.47839 -2.85838
vt -1.49728 -2.84034
vt -1.49625 -2.87718
vt -1.43192 -2.99294
vt -1.44222 -3.02823
vt -1.41942 -3.01587
vt -1.45473 -3.00530
vt -1.54652 -2.89216
vt -1.50976 -2.89139
vt -1.52866 -2.87336
vt -1.52762 -2.91020
vt -1.48455 -2.82673
vt -1.44778 -2.82596
vt -1.46668 -2.80792
vt -1.46565 -2.84476
vt -1.35263 -2.95010
vt -1.36293 -2.98539
vt -1.34013 -2.97303
vt -1.37544 -2.96246
vt -1.31289 -2.92860
vt -1.32318 -2.96389
vt -1.30038 -2.95153
vt -1.33569 -2.94096
vt -1.45346 -2.79393
vt -1.41669 -2.79316
vt -1.43559 -2.77513
vt -1.43456 -2.81197
vt -1.27331 -2.90723
vt -1.28361 -2.94253
vt -1.26081 -2.93016
vt -1.29611 -2.91959
vt -1.42254 -2.76127
vt -1.38578 -2.76050
vt -1.40468 -2.74246
vt -1.40364 -2.77930
vt -1.39047 -2.72741
vt -1.35371 -2.72664
vt -1.37261 -2.70860
vt -1.37158 -2.74544
vt -1.23228 -2.88506
vt -1.24258 -2.92036
vt -1.21978 -2.90800
vt -1.25508 -2.89743
vt -1.35841 -2.69355
vt -1.32165 -2.69277
vt -1.34055 -2.67474
vt -1.33951 -2.71158
vt -1.19125 -2.86290
vt -1.20155 -2.89820
vt -1.17875 -2.88583
vt -1.21405 -2.87526
vt -1.15022 -2.84073
vt -1.16052 -2.87603
vt -1.13772 -2.86367
vt -1.17302 -2.85310
vt -1.32634 -2.65968
vt -1.28958 -2.65891
vt -1.30848 -2.64088
vt -1.30745 -2.67772
vt -1.42208 -2.88197
vt -1.40899 -2.90342
vt -1.40780 -2.88160
vt -1.40906 -2.86759
vt -1.42796 -2.86808
vt -1.39001 -2.87257
vt -1.37692 -2.89402
vt -1.37573 -2.87220
vt -1.37700 -2.85819
vt -1.39590 -2.85869
vt -1.35795 -2.86317
vt -1.34486 -2.88462
vt -1.34367 -2.86280
vt -1.34493 -2.84879
vt -1.36383 -2.84929
vt -1.32588 -2.85377
vt -1.31279 -2.87522
vt -1.31160 -2.85340
vt -1.31287 -2.83939
vt -1.33177 -2.83989
vt -1.15382 -2.85210
vt -1.13993 -2.81322
vt -1.15575 -2.81566
vt -1.15866 -2.79220
vt -1.13772 -2.78897
vt -1.29497 -2.84420
vt -1.28188 -2.86565
vt -1.28069 -2.84382
vt -1.28195 -2.82982
vt -1.30085 -2.83031
vt -1.17431 -2.81755
vt -1.16488 -2.79995
vt -1.17485 -2.80149
vt -1.17625 -2.79114
vt -1.16306 -2.78910
vt -1.26387 -2.83641
vt -1.25079 -2.85786
vt -1.24960 -2.83604
vt -1.25086 -2.82203
vt -1.26976 -2.82253
vt -1.19575 -2.81755
vt -1.18632 -2.79995
vt -1.19630 -2.80149
vt -1.19769 -2.79114
vt -1.18450 -2.78910
vt -1.21719 -2.81755
vt -1.20777 -2.79995
vt -1.21774 -2.80149
vt -1.21914 -2.79114
vt -1.20594 -2.78910
vt -1.23327 -2.82360
vt -1.22019 -2.84505
vt -1.21899 -2.82323
vt -1.22026 -2.80922
vt -1.23916 -2.80972
vt -1.23357 -2.85210
vt -1.21968 -2.81322
vt -1.23550 -2.81566
vt -1.23841 -2.79220
vt -1.21747 -2.78897
vt -1.56241 -2.90342
vt -1.54745 -2.87960
vt -1.56467 -2.88197
vt -1.56733 -2.86808
vt -1.54453 -2.86494
vt -1.52138 -2.89402
vt -1.50642 -2.87020
vt -1.52364 -2.87257
vt -1.52630 -2.85869
vt -1.50349 -2.85555
vt -1.48034 -2.88462
vt -1.46538 -2.86080
vt -1.48261 -2.86317
vt -1.48527 -2.84929
vt -1.46246 -2.84615
vt -1.43931 -2.87522
vt -1.42435 -2.85140
vt -1.44158 -2.85377
vt -1.44423 -2.83989
vt -1.42143 -2.83675
vt -1.39974 -2.86565
vt -1.38478 -2.84182
vt -1.40201 -2.84420
vt -1.40466 -2.83031
vt -1.38186 -2.82717
vt -1.35999 -2.85786
vt -1.34503 -2.83404
vt -1.36226 -2.83641
vt -1.36491 -2.82253
vt -1.34211 -2.81939
vt -1.28070 -2.84017
vt -1.26574 -2.81635
vt -1.28297 -2.81872
vt -1.28562 -2.80483
vt -1.26282 -2.80169
vt -1.32073 -2.84505
vt -1.30577 -2.82123
vt -1.32300 -2.82360
vt -1.32565 -2.80972
vt -1.30285 -2.80658
vt -1.20190 -2.81872
vt -1.18881 -2.84017
vt -1.18762 -2.81835
vt -1.18889 -2.80434
vt -1.20779 -2.80483
vt -1.35869 -2.88197
vt -1.37602 -2.88160
vt -1.37164 -2.90342
vt -1.37625 -2.86759
vt -1.35331 -2.86808
vt -1.38086 -2.87257
vt -1.39819 -2.87220
vt -1.39380 -2.89402
vt -1.39841 -2.85819
vt -1.37548 -2.85869
vt -1.40302 -2.86317
vt -1.42035 -2.86280
vt -1.41597 -2.88462
vt -1.42058 -2.84879
vt -1.39764 -2.84929
vt -1.42519 -2.85377
vt -1.44252 -2.85340
vt -1.43813 -2.87522
vt -1.44274 -2.83939
vt -1.41981 -2.83989
vt -1.44655 -2.84420
vt -1.46388 -2.84382
vt -1.45950 -2.86565
vt -1.46411 -2.82982
vt -1.44117 -2.83031
vt -1.46806 -2.83641
vt -1.48538 -2.83604
vt -1.48100 -2.85786
vt -1.48561 -2.82203
vt -1.46267 -2.82253
vt -1.48918 -2.82360
vt -1.50651 -2.82323
vt -1.50212 -2.84505
vt -1.50673 -2.80922
vt -1.48380 -2.80972
vt -1.51090 -2.81872
vt -1.52823 -2.81835
vt -1.52384 -2.84017
vt -1.52845 -2.80434
vt -1.50551 -2.80483
vt -1.53326 -2.81566
vt -1.54920 -2.81566
vt -1.54739 -2.85210
vt -1.54804 -2.79220
vt -1.52695 -2.79220
vt -1.44515 -2.81566
vt -1.44335 -2.85210
vt -1.42922 -2.81566
vt -1.44399 -2.79220
vt -1.42290 -2.79220
vt -1.49545 -2.80149
vt -1.49380 -2.81755
vt -1.48540 -2.80149
vt -1.49505 -2.79114
vt -1.48175 -2.79114
vt -1.51338 -2.80149
vt -1.52342 -2.80149
vt -1.52177 -2.81755
vt -1.52302 -2.79114
vt -1.50973 -2.79114
vt -1.46748 -2.80149
vt -1.46582 -2.81755
vt -1.45743 -2.80149
vt -1.46708 -2.79114
vt -1.45378 -2.79114
vt -1.15514 -2.90342
vt -1.14343 -2.88160
vt -1.16065 -2.87923
vt -1.16052 -2.86445
vt -1.13772 -2.86759
vt -1.19617 -2.89402
vt -1.18446 -2.87220
vt -1.20168 -2.86983
vt -1.20155 -2.85505
vt -1.17875 -2.85819
vt -1.23720 -2.88462
vt -1.22549 -2.86280
vt -1.24272 -2.86043
vt -1.24258 -2.84565
vt -1.21978 -2.84879
vt -1.27823 -2.87522
vt -1.26652 -2.85340
vt -1.28375 -2.85103
vt -1.28361 -2.83626
vt -1.26081 -2.83939
vt -1.31781 -2.86565
vt -1.30609 -2.84382
vt -1.32332 -2.84145
vt -1.32318 -2.82668
vt -1.30038 -2.82982
vt -1.52873 -2.84017
vt -1.52914 -2.81635
vt -1.54342 -2.81597
vt -1.52762 -2.80169
vt -1.54652 -2.80120
vt -1.35756 -2.85786
vt -1.34584 -2.83604
vt -1.36307 -2.83367
vt -1.36293 -2.81889
vt -1.34013 -2.82203
vt -1.43684 -2.84017
vt -1.42513 -2.81835
vt -1.44236 -2.81597
vt -1.44222 -2.80120
vt -1.41942 -2.80434
vt -1.39681 -2.84505
vt -1.38510 -2.82323
vt -1.40233 -2.82086
vt -1.40219 -2.80608
vt -1.37939 -2.80922
vt -1.48397 -2.85210
vt -1.46983 -2.81566
vt -1.48565 -2.81322
vt -1.48391 -2.78897
vt -1.46297 -2.79220
vt -1.49736 -2.84505
vt -1.49777 -2.82123
vt -1.51205 -2.82086
vt -1.49625 -2.80658
vt -1.51515 -2.80608
vt -1.50036 -2.81755
vt -1.49211 -2.80149
vt -1.50208 -2.79995
vt -1.50142 -2.78910
vt -1.48822 -2.79114
vt -1.46676 -2.85786
vt -1.46717 -2.83404
vt -1.48145 -2.83367
vt -1.46565 -2.81939
vt -1.48455 -2.81889
vt -1.52180 -2.81755
vt -1.51355 -2.80149
vt -1.52352 -2.79995
vt -1.52286 -2.78910
vt -1.50966 -2.79114
vt -1.43567 -2.86565
vt -1.43608 -2.84182
vt -1.45036 -2.84145
vt -1.43456 -2.82717
vt -1.45346 -2.82668
vt -1.54324 -2.81755
vt -1.53499 -2.80149
vt -1.54496 -2.79995
vt -1.54430 -2.78910
vt -1.53110 -2.79114
vt -1.56373 -2.85210
vt -1.54958 -2.81566
vt -1.56540 -2.81322
vt -1.56366 -2.78897
vt -1.54272 -2.79220
vt -1.40475 -2.87522
vt -1.40516 -2.85140
vt -1.41944 -2.85103
vt -1.40364 -2.83675
vt -1.42254 -2.83626
vt -1.30856 -2.90342
vt -1.29547 -2.88197
vt -1.30897 -2.87960
vt -1.30745 -2.86494
vt -1.28958 -2.86808
vt -1.34062 -2.89402
vt -1.32754 -2.87257
vt -1.34103 -2.87020
vt -1.33951 -2.85555
vt -1.32165 -2.85869
vt -1.37269 -2.88462
vt -1.35960 -2.86317
vt -1.37310 -2.86080
vt -1.37158 -2.84615
vt -1.35371 -2.84929
vt -1.39167 -2.85377
vt -1.38578 -2.83989
vt -1.42258 -2.84420
vt -1.41669 -2.83031
vt -1.45367 -2.83641
vt -1.44778 -2.82253
vt -1.51565 -2.81872
vt -1.50976 -2.80483
vt -1.48427 -2.82360
vt -1.47839 -2.80972
vt -1.38738 -2.86043
vt -1.39047 -2.84565
vt -1.35531 -2.86983
vt -1.35841 -2.85505
vt -1.32325 -2.87923
vt -1.32634 -2.86445
vt 2.08271 2.11494
vt 2.07941 2.07415
vt 2.09710 2.07415
vt 2.09950 2.04910
vt 2.07609 2.04910
vt 2.17528 2.11494
vt 2.17198 2.07415
vt 2.18967 2.07415
vt 2.19207 2.04910
vt 2.16866 2.04910
vt 2.14428 2.08304
vt 2.14352 2.06506
vt 2.15582 2.06506
vt 2.14219 2.05413
vt 2.15846 2.05413
vt 2.11355 2.08304
vt 2.11279 2.06506
vt 2.12509 2.06506
vt 2.11145 2.05413
vt 2.12773 2.05413
vt 2.04373 2.09842
vt 2.03181 2.07587
vt 2.04572 2.07297
vt 2.04453 2.05757
vt 2.02611 2.06141
vt 1.90742 2.11410
vt 1.89603 2.09128
vt 1.90947 2.08902
vt 1.90856 2.07365
vt 1.89078 2.07664
vt 1.87526 2.11972
vt 1.86388 2.09690
vt 1.87727 2.09464
vt 1.87636 2.07927
vt 1.85864 2.08226
vt 2.00769 2.09735
vt 1.99626 2.07459
vt 2.01024 2.07231
vt 2.00938 2.05695
vt 1.99089 2.05998
vt 1.93967 2.10848
vt 1.92824 2.08572
vt 1.94222 2.08344
vt 1.94136 2.06808
vt 1.92287 2.07111
vt 1.97368 2.10292
vt 1.96226 2.08016
vt 1.97623 2.07787
vt 1.97537 2.06252
vt 1.95688 2.06554
vt 2.16470 2.09842
vt 2.15918 2.07347
vt 2.17554 2.07297
vt 2.15627 2.05823
vt 2.17792 2.05757
vt 2.14719 2.09735
vt 2.14222 2.07264
vt 2.15859 2.07231
vt 2.13964 2.05739
vt 2.16131 2.05695
vt 2.13110 2.10292
vt 2.12613 2.07820
vt 2.14250 2.07787
vt 2.12356 2.06295
vt 2.14522 2.06252
vt 2.11502 2.10848
vt 2.11005 2.08377
vt 2.12642 2.08344
vt 2.10747 2.06852
vt 2.12914 2.06808
vt 2.09611 2.11410
vt 2.09165 2.08946
vt 2.10766 2.08902
vt 2.08911 2.07423
vt 2.11030 2.07365
vt 2.07719 2.11972
vt 2.07277 2.09508
vt 2.08875 2.09464
vt 2.07024 2.07986
vt 2.09138 2.07927
vt 2.04610 2.13629
vt 2.04401 2.11193
vt 2.05802 2.11103
vt 2.04171 2.09679
vt 2.06025 2.09560
vt 1.83654 2.13629
vt 1.83642 2.11103
vt 1.85046 2.11193
vt 1.83535 2.09560
vt 1.85392 2.09679
vt 2.03085 2.09690
vt 2.02968 2.11972
vt 2.01739 2.09734
vt 2.02966 2.08226
vt 2.01185 2.08284
vt 1.98707 2.13629
vt 1.98551 2.11324
vt 1.99938 2.11103
vt 1.98304 2.09852
vt 2.00140 2.09560
vt 2.05915 2.09128
vt 2.05793 2.11410
vt 2.04565 2.09172
vt 2.05799 2.07664
vt 2.04012 2.07722
vt 2.18708 2.11494
vt 2.18367 2.07802
vt 2.20109 2.07415
vt 2.17963 2.05422
vt 2.20269 2.04910
vt 2.08807 2.08572
vt 2.08618 2.10848
vt 2.07400 2.08605
vt 2.08723 2.07111
vt 2.06861 2.07154
vt 2.11388 2.08016
vt 2.11199 2.10292
vt 2.09981 2.08049
vt 2.11304 2.06554
vt 2.09442 2.06598
vt 2.16327 2.08304
vt 2.16283 2.06711
vt 2.17502 2.06506
vt 2.16127 2.05683
vt 2.17740 2.05413
vt 2.13972 2.08304
vt 2.13928 2.06711
vt 2.15147 2.06506
vt 2.13771 2.05683
vt 2.15385 2.05413
vt 2.13969 2.07459
vt 2.13780 2.09735
vt 2.12562 2.07492
vt 2.13884 2.05998
vt 2.12023 2.06041
vt 2.11613 2.11494
vt 2.11272 2.07802
vt 2.13014 2.07415
vt 2.10868 2.05422
vt 2.13173 2.04910
vt 2.16687 2.07587
vt 2.16564 2.09842
vt 2.15282 2.07637
vt 2.16561 2.06141
vt 2.14701 2.06207
vt 2.07292 2.09842
vt 2.06844 2.07637
vt 2.08461 2.07347
vt 2.06478 2.06207
vt 2.08619 2.05823
vt 1.95178 2.10848
vt 1.94794 2.08605
vt 1.96419 2.08377
vt 1.94470 2.07154
vt 1.96621 2.06852
vt 1.99133 2.10292
vt 1.98749 2.08049
vt 2.00374 2.07820
vt 1.98425 2.06598
vt 2.00576 2.06295
vt 2.03088 2.09735
vt 2.02704 2.07492
vt 2.04329 2.07264
vt 2.02380 2.06041
vt 2.04531 2.05739
vt 1.87490 2.11972
vt 1.87180 2.09734
vt 1.88767 2.09508
vt 1.86888 2.08284
vt 1.88989 2.07986
vt 1.91330 2.11410
vt 1.91014 2.09172
vt 1.92604 2.08946
vt 1.90719 2.07722
vt 1.92824 2.07423
vt 1.82644 2.13629
vt 1.82630 2.11414
vt 1.84029 2.11193
vt 1.82474 2.09971
vt 1.84326 2.09679
vt 1.96577 2.11324
vt 1.97978 2.11414
vt 1.96709 2.13629
vt 1.96696 2.09852
vt 1.98551 2.09971
vt 2.18752 2.11324
vt 2.17665 2.13629
vt 2.17349 2.11414
vt 2.17350 2.09971
vt 2.19207 2.09852
vt 1.93191 2.09690
vt 1.94789 2.09734
vt 1.93600 2.11972
vt 1.93170 2.08226
vt 1.95284 2.08284
vt 1.91294 2.09128
vt 1.92894 2.09172
vt 1.91708 2.11410
vt 1.91269 2.07664
vt 1.93388 2.07722
vt 1.89338 2.08572
vt 1.90975 2.08605
vt 1.89817 2.10848
vt 1.89280 2.07111
vt 1.91446 2.07154
vt 1.87730 2.08016
vt 1.89367 2.08049
vt 1.88209 2.10292
vt 1.87672 2.06554
vt 1.89838 2.06598
vt 1.86121 2.07459
vt 1.87758 2.07492
vt 1.86600 2.09735
vt 1.86063 2.05998
vt 1.88229 2.06041
vt 1.84420 2.07587
vt 1.86056 2.07637
vt 1.84849 2.09842
vt 1.84394 2.06141
vt 1.86559 2.06207
vt 1.96946 2.09842
vt 1.95673 2.07347
vt 1.97065 2.07637
vt 1.97287 2.06207
vt 1.95445 2.05823
vt 2.00550 2.09735
vt 1.99223 2.07264
vt 2.00620 2.07492
vt 2.00810 2.06041
vt 1.98961 2.05739
vt 2.07352 2.10848
vt 2.06025 2.08377
vt 2.07422 2.08605
vt 2.07612 2.07154
vt 2.05763 2.06852
vt 2.03951 2.10292
vt 2.02624 2.07820
vt 2.04021 2.08049
vt 2.04211 2.06598
vt 2.02362 2.06295
vt 2.13793 2.11972
vt 2.12445 2.09508
vt 2.13784 2.09734
vt 2.13937 2.08284
vt 2.12165 2.07986
vt 2.10577 2.11410
vt 2.09231 2.08946
vt 2.10574 2.09172
vt 2.10730 2.07722
vt 2.08952 2.07423
vt 1.94714 2.07802
vt 1.93048 2.11494
vt 1.92945 2.07802
vt 1.93136 2.05422
vt 1.95478 2.05422
vt 1.83688 2.07802
vt 1.85457 2.07802
vt 1.83791 2.11494
vt 1.83879 2.05422
vt 1.86221 2.05422
vt 1.86671 2.06711
vt 1.87901 2.06711
vt 1.86891 2.08304
vt 1.86709 2.05683
vt 1.88337 2.05683
vt 1.90974 2.06711
vt 1.89965 2.08304
vt 1.89745 2.06711
vt 1.89783 2.05683
vt 1.91410 2.05683
vt 1.94470 2.00056
vt 1.93583 1.97890
vt 1.95734 1.97015
vt 1.96621 1.99182
vt 2.12023 2.09421
vt 2.15288 2.08991
vt 2.13884 2.10840
vt 2.13427 2.07571
vt 1.98425 1.98448
vt 1.97538 1.96282
vt 1.99688 1.95407
vt 2.00576 1.97573
vt 2.02380 1.96839
vt 2.01493 1.94673
vt 2.03643 1.93798
vt 2.04531 1.95965
vt 2.06861 2.16223
vt 2.10126 2.15793
vt 2.08723 2.17642
vt 2.08265 2.14373
vt 2.09442 2.12822
vt 2.12707 2.12392
vt 2.11304 2.14241
vt 2.10846 2.10972
vt 2.04012 2.19340
vt 2.07292 2.19073
vt 2.05799 2.20851
vt 2.05505 2.17562
vt 1.90719 2.01998
vt 1.89725 1.99880
vt 1.91830 1.98899
vt 1.92824 2.01018
vt 1.86888 2.03894
vt 1.85884 2.01780
vt 1.87986 2.00791
vt 1.88989 2.02906
vt 2.01185 2.22547
vt 2.04467 2.22294
vt 2.02966 2.24066
vt 2.02686 2.20775
vt 2.14137 1.94083
vt 2.13771 1.96947
vt 2.12524 1.95320
vt 2.15385 1.95711
vt 2.16127 2.00020
vt 2.16493 1.97156
vt 2.17740 1.98784
vt 2.14879 1.98393
vt 2.06478 1.95169
vt 2.05589 1.93004
vt 2.07730 1.92137
vt 2.08619 1.94302
vt 2.14701 2.05897
vt 2.17954 2.05476
vt 2.16561 2.07318
vt 2.16094 2.04056
vt 2.16168 2.01746
vt 2.20269 2.02320
vt 2.17963 2.04088
vt 2.18474 1.99979
vt 2.11379 1.90722
vt 2.10868 1.94831
vt 2.09073 1.92489
vt 2.13173 1.93063
vt 1.82474 2.07161
vt 1.81050 2.05307
vt 1.82902 2.03904
vt 1.84326 2.05759
vt 1.96883 2.25960
vt 2.00140 2.26394
vt 1.98304 2.27817
vt 1.98719 2.24537
vt 2.18675 2.13629
vt 2.18366 2.11103
vt 2.19765 2.11324
vt 2.18417 2.09560
vt 2.20269 2.09852
vt 1.94027 2.09842
vt 1.93529 2.07297
vt 1.95147 2.07587
vt 1.93589 2.05757
vt 1.95730 2.06141
vt 2.09989 2.11410
vt 2.09466 2.08902
vt 2.11057 2.09128
vt 2.09489 2.07365
vt 2.11594 2.07664
vt 2.13829 2.11972
vt 2.13310 2.09464
vt 2.14897 2.09690
vt 2.13333 2.07927
vt 2.15435 2.08226
vt 2.06141 2.10848
vt 2.05570 2.08344
vt 2.07195 2.08572
vt 2.05585 2.06808
vt 2.07736 2.07111
vt 2.02186 2.10292
vt 2.01615 2.07787
vt 2.03240 2.08016
vt 2.01631 2.06252
vt 2.03781 2.06554
vt 1.98231 2.09735
vt 1.97661 2.07231
vt 1.99285 2.07459
vt 1.97676 2.05695
vt 1.99826 2.05998
vt 1.84755 2.09842
vt 1.83579 2.07297
vt 1.84984 2.07347
vt 1.85225 2.05823
vt 1.83365 2.05757
vt 1.89706 2.11494
vt 1.89661 2.07415
vt 1.91403 2.07802
vt 1.89940 2.04910
vt 1.92246 2.05422
vt 1.87539 2.09735
vt 1.86290 2.07231
vt 1.87696 2.07264
vt 1.87892 2.05739
vt 1.86031 2.05695
vt 1.87347 2.08304
vt 1.87115 2.06506
vt 1.88334 2.06711
vt 1.87182 2.05413
vt 1.88796 2.05683
vt 1.84992 2.08304
vt 1.84759 2.06506
vt 1.85978 2.06711
vt 1.84827 2.05413
vt 1.86440 2.05683
vt 1.90120 2.10292
vt 1.88871 2.07787
vt 1.90277 2.07820
vt 1.90473 2.06295
vt 1.88612 2.06252
vt 1.82611 2.11494
vt 1.82566 2.07415
vt 1.84308 2.07802
vt 1.82845 2.04910
vt 1.85151 2.05422
vt 1.92701 2.10848
vt 1.91452 2.08344
vt 1.92858 2.08377
vt 1.93054 2.06852
vt 1.91193 2.06808
vt 1.95526 2.11410
vt 1.94275 2.08902
vt 1.95626 2.08946
vt 1.95814 2.07423
vt 1.94027 2.07365
vt 2.02613 2.13629
vt 2.02455 2.11193
vt 2.03842 2.11414
vt 2.02600 2.09679
vt 2.04436 2.09971
vt 1.98351 2.11972
vt 1.97100 2.09464
vt 1.98446 2.09508
vt 1.98633 2.07986
vt 1.96852 2.07927
vt -1.20126 3.68200
vt -1.19497 3.76714
vt -1.23545 3.68200
vt -1.16077 3.76714
vt -0.95546 3.68200
vt -0.91497 3.76714
vt -0.94917 3.76714
vt -0.98965 3.68200
vt -0.90595 3.64618
vt -0.89982 3.69560
vt -0.91856 3.65620
vt -0.88187 3.69683
vt -0.90802 3.75097
vt -0.94939 3.83695
vt -0.97560 3.80276
vt -0.88181 3.78516
vt -1.13779 3.59115
vt -1.09643 3.50516
vt -1.07022 3.53936
vt -1.16400 3.55696
vt -0.97895 3.84079
vt -0.93762 3.82793
vt -0.97782 3.85875
vt -0.94768 3.81682
vt -1.19243 3.57875
vt -1.15223 3.54794
vt -1.17539 3.58451
vt -1.14412 3.56054
vt -1.21682 3.70060
vt -1.16400 3.61546
vt -1.16101 3.64618
vt -1.09643 3.68200
vt -1.19243 3.69683
vt -1.12081 3.68577
vt -1.15223 3.73642
vt -1.14924 3.76714
vt -1.17539 3.69560
vt -1.15095 3.65620
vt -1.02841 3.70060
vt -0.90802 3.68200
vt -0.96084 3.76714
vt -0.97560 3.61546
vt -0.91497 3.61546
vt -0.95546 3.70060
vt -0.94917 3.61546
vt -0.98965 3.70060
vt -1.19497 3.61546
vt -1.20126 3.70060
vt -1.23545 3.70060
vt -1.16077 3.61546
vt -0.89982 3.68700
vt -0.90595 3.73642
vt -0.91856 3.72640
vt -0.88187 3.68577
vt -1.09643 3.87744
vt -1.13779 3.79145
vt -1.07022 3.84324
vt -1.16400 3.82564
vt -0.90802 3.63163
vt -0.97560 3.57984
vt -0.94939 3.54565
vt -0.88181 3.59744
vt -1.17539 3.79809
vt -1.14412 3.82206
vt -1.15223 3.83466
vt -1.19243 3.80385
vt -0.97895 3.54181
vt -0.93762 3.55467
vt -0.94768 3.56578
vt -0.97782 3.52385
vt -1.15223 3.64618
vt -1.09643 3.70060
vt -1.12081 3.69683
vt -1.16101 3.73642
vt -1.14924 3.61546
vt -1.16400 3.76714
vt -1.21682 3.68200
vt -1.19243 3.68577
vt -1.17539 3.68700
vt -1.15095 3.72640
vt -0.90802 3.70060
vt -1.02841 3.68200
vt -0.96084 3.61546
vt -0.97560 3.76714
vt -0.43989 2.22108
vt -0.26056 2.33998
vt -0.27442 2.39068
vt -0.40760 2.18884
vt -0.66190 2.05086
vt -0.71263 2.06464
vt 56.08830 -26.95340
vt 56.06570 -27.04660
vt 56.08510 -27.04730
vt 56.06890 -26.95270
vt 55.83800 -26.95340
vt 55.85780 -27.04660
vt 55.85670 -26.95270
vt 55.83910 -27.04730
vt 55.86930 -27.06890
vt 55.95780 -27.16200
vt 55.97190 -27.14260
vt 55.85520 -27.08830
vt 56.03190 -26.85670
vt 56.14480 -26.91800
vt 56.04700 -26.83800
vt 56.12970 -26.93670
vt 55.95600 -27.04730
vt 55.95300 -26.95340
vt 55.85670 -27.02740
vt 55.85520 -26.97760
vt 56.02790 -27.02670
vt 56.13040 -27.04660
vt 56.02810 -26.97690
vt 56.13070 -26.95270
vt 55.83800 -26.97760
vt 55.83970 -27.02740
vt 55.85910 -27.02670
vt 55.85740 -26.97690
vt 56.08140 -27.02740
vt 56.08200 -26.97760
vt 56.06270 -27.02670
vt 56.06330 -26.97690
vt 56.14450 -27.08510
vt 56.02790 -27.14090
vt 56.04200 -27.16030
vt 56.13040 -27.06570
vt 55.95600 -26.83910
vt 55.87180 -26.93730
vt 55.97110 -26.85780
vt 55.85670 -26.91860
vt 55.95780 -26.97760
vt 55.85550 -27.04730
vt 55.95800 -27.02740
vt 55.85520 -26.95340
vt 56.03190 -26.95270
vt 56.12820 -27.02670
vt 56.12970 -26.97690
vt 56.02890 -27.04660
vt 14.16200 -48.97760
vt 14.14090 -49.02670
vt 14.16030 -49.02740
vt 14.14260 -48.97690
vt 13.91800 -48.97760
vt 13.93730 -49.02670
vt 13.93670 -48.97690
vt 13.91860 -49.02740
vt 14.13070 -49.06890
vt 14.04220 -49.16200
vt 14.14480 -49.08830
vt 14.02810 -49.14260
vt 13.85520 -48.91800
vt 13.96810 -48.85670
vt 13.95300 -48.83800
vt 13.87030 -48.93670
vt 14.04400 -49.04730
vt 14.14330 -49.02740
vt 14.04700 -48.95340
vt 14.14480 -48.97760
vt 13.97190 -48.97690
vt 13.86960 -49.04660
vt 13.97210 -49.02670
vt 13.86930 -48.95270
vt 13.91170 -48.95340
vt 13.93430 -49.04660
vt 13.93110 -48.95270
vt 13.91490 -49.04730
vt 14.14220 -49.04660
vt 14.16200 -48.95340
vt 14.14330 -48.95270
vt 14.16090 -49.04730
vt 13.85550 -49.08510
vt 13.97210 -49.14090
vt 13.86960 -49.06570
vt 13.95800 -49.16030
vt 14.04400 -48.83910
vt 14.12820 -48.93730
vt 14.14330 -48.91860
vt 14.02890 -48.85780
vt 14.04220 -48.97760
vt 14.14450 -49.04730
vt 14.14480 -48.95340
vt 14.04200 -49.02740
vt 13.96810 -48.95270
vt 13.87180 -49.02670
vt 13.97110 -49.04660
vt 13.87030 -48.97690
vt 6.04952 -32.92480
vt 5.89974 -32.93320
vt 5.91400 -33.07520
vt 6.10026 -33.03490
vt 27.95500 -2.92479
vt 28.07220 -3.07521
vt 28.08340 -2.93324
vt 27.91660 -3.03495
vt 14.04500 -2.92479
vt 13.92780 -3.07521
vt 14.08340 -3.03495
vt 13.91660 -2.93324
vt 59.85440 -33.02410
vt 60.14560 -32.97590
vt 59.98590 -32.85590
vt 60.01410 -33.14410
vt 23.95000 -36.91700
vt 24.08020 -37.08300
vt 24.09270 -36.92630
vt 23.90730 -37.03860
vt 37.86520 -33.02270
vt 38.13480 -32.97730
vt 37.98690 -32.86390
vt 38.01310 -33.13610
vt 17.63420 -22.92730
vt 17.69900 -22.85080
vt 17.66720 -22.79900
vt 17.68600 -22.90100
vt 18.13060 -23.20100
vt 18.36580 -22.89560
vt 18.28100 -22.93130
vt 18.12000 -23.14030
vt 32.02910 -8.98223
vt 32.25070 -8.86864
vt 32.26560 -8.74153
vt 32.31460 -8.92083
vt 32.08520 -9.03825
vt 32.26460 -8.91935
vt 31.81250 -9.19468
vt 32.14330 -9.09623
vt 31.68540 -9.20977
vt 32.11750 -9.07048
vt 31.86480 -9.25847
vt 31.86320 -9.20846
vt 31.84780 -9.02912
vt 32.15220 -9.02912
vt 32.15220 -8.68541
vt 31.84780 -8.68541
vt 31.88450 -9.11524
vt 31.86520 -8.86323
vt 31.86520 -9.11753
vt 31.88450 -8.86093
vt 32.13480 -9.11753
vt 32.13480 -8.86323
vt 32.11550 -9.11524
vt 32.11550 -8.86093
vt 31.87680 -8.81020
vt 31.85750 -8.81250
vt 32.12320 -8.81020
vt 32.14250 -8.81250
vt 32.15220 -8.98223
vt 32.15220 -8.74153
vt 31.84780 -8.98223
vt 31.84780 -8.74153
vt 32.13480 -9.07048
vt 32.13480 -8.91935
vt 32.11550 -9.06819
vt 32.11550 -8.91706
vt 31.88450 -9.06819
vt 31.86520 -8.91935
vt 31.86520 -9.07048
vt 31.88450 -8.91706
vt 32.12320 -8.86635
vt 32.14250 -8.86864
vt 31.87680 -8.86635
vt 31.85750 -8.86864
vt 31.97090 -8.98223
vt 31.74930 -8.86864
vt 31.91480 -9.03825
vt 32.18750 -9.19468
vt 31.73440 -8.74153
vt 32.31460 -9.20977
vt 31.68540 -8.92083
vt 32.13520 -9.25847
vt 31.73540 -8.91935
vt 32.13680 -9.20846
vt 31.85670 -9.09623
vt 31.88250 -9.07048
vt 32.12510 -8.86481
vt 31.87490 -8.86481
vt 32.12510 -9.14333
vt 31.87490 -9.14333
vt 32.14250 -9.08524
vt 32.12320 -9.08294
vt 31.87680 -9.08294
vt 31.85750 -9.08524
vt 31.87490 -8.92083
vt 32.12510 -8.92083
vt 31.87490 -9.09623
vt 32.12510 -9.09623
vt 31.87680 -9.03595
vt 31.85750 -9.03825
vt 32.12320 -9.03595
vt 32.14250 -9.03825
vt 39.89110 -23.02400
vt 40.10890 -22.97540
vt 40.05050 -22.84150
vt 39.98910 -23.15850
vt 39.79020 -23.15850
vt 40.20980 -23.15850
vt 40.20980 -23.02400
vt 39.79020 -23.02400
vt 40.01090 -23.15850
vt 40.10890 -23.02400
vt 39.89110 -22.97540
vt 39.94950 -22.84150
vt 40.20980 -22.84150
vt 39.79020 -22.84150
vt 39.79020 -22.97540
vt 40.20980 -22.97540
vt 54.35110 -17.03140
vt 53.73900 -17.02660
vt 53.64890 -17.11750
vt 53.72090 -16.94610
vt 54.24170 -16.96500
vt 53.75930 -16.97810
vt 54.23990 -16.88250
vt 54.21030 -16.92280
vt 54.12510 -17.23990
vt 54.12510 -16.72090
vt 53.87490 -17.23990
vt 53.87490 -16.72090
vt 54.12320 -16.73940
vt 54.12320 -17.24210
vt 54.14250 -17.24170
vt 54.14250 -16.73900
vt 53.85750 -17.24170
vt 53.87680 -16.73940
vt 53.85750 -16.73900
vt 53.87680 -17.24210
vt 53.84780 -17.11750
vt 54.15220 -17.11750
vt 54.12510 -16.94610
vt 53.87490 -16.94610
vt 53.87680 -16.96820
vt 53.86520 -16.92280
vt 53.85750 -16.96500
vt 53.88450 -16.92610
vt 54.13480 -16.92280
vt 54.12320 -16.96820
vt 54.14250 -16.96500
vt 54.11550 -16.92610
vt 53.64890 -17.03140
vt 54.35110 -17.11750
vt 54.26100 -17.02660
vt 54.27910 -16.94610
vt 53.75830 -16.96500
vt 54.24070 -16.97810
vt 53.76010 -16.88250
vt 53.78970 -16.92280
vt 54.15220 -17.35110
vt 54.15220 -16.64890
vt 53.84780 -17.35110
vt 53.84780 -16.64890
vt 53.86520 -17.21030
vt 53.88450 -16.75970
vt 53.86520 -16.75930
vt 53.88450 -17.21070
vt 54.11550 -16.75970
vt 54.11550 -17.21070
vt 54.13480 -17.21030
vt 54.13480 -16.75930
vt 54.12510 -16.88250
vt 53.87490 -16.88250
vt 53.84780 -17.03140
vt 54.15220 -17.03140
vt 54.14250 -17.02660
vt 54.11550 -16.98130
vt 54.12320 -17.02980
vt 54.13480 -16.97810
vt 53.88450 -16.98130
vt 53.85750 -17.02660
vt 53.87680 -17.02980
vt 53.86520 -16.97810
vt 16.30100 -58.85080
vt 16.36580 -58.92730
vt 16.33280 -58.79900
vt 16.31400 -58.90100
vt 15.86940 -59.20100
vt 15.71900 -58.93130
vt 15.63420 -58.89560
vt 15.88000 -59.14030
vt -1.49541 -0.71502
vt -1.49080 -0.75145
vt -1.49124 -0.71486
vt -1.49497 -0.75160
vt -1.24333 -0.71502
vt -1.24891 -0.75145
vt -1.24457 -0.75160
vt -1.24768 -0.71486
vt -1.53311 -0.63500
vt -1.45782 -0.58038
vt -1.46119 -0.57620
vt -1.52973 -0.63917
vt -1.33989 -0.88708
vt -1.26759 -0.82856
vt -1.34305 -0.88273
vt -1.26443 -0.83291
vt -1.33854 -0.76622
vt -1.26559 -0.75160
vt -1.33635 -0.69721
vt -1.26443 -0.71502
vt -1.45449 -0.71486
vt -1.52972 -0.76606
vt -1.45437 -0.75145
vt -1.52995 -0.69706
vt -1.24834 -0.76606
vt -1.24333 -0.69721
vt -1.24751 -0.69706
vt -1.24417 -0.76622
vt -1.50004 -0.69721
vt -1.49336 -0.76606
vt -1.49569 -0.69706
vt -1.49770 -0.76622
vt -1.33854 -0.57703
vt -1.26897 -0.63961
vt -1.26559 -0.63544
vt -1.34192 -0.58121
vt -1.53287 -0.83057
vt -1.45437 -0.88150
vt -1.52972 -0.82623
vt -1.45752 -0.88584
vt -1.33989 -0.71502
vt -1.26467 -0.76622
vt -1.26443 -0.69721
vt -1.34002 -0.75160
vt -1.45782 -0.69706
vt -1.52857 -0.75145
vt -1.45563 -0.76606
vt -1.52973 -0.71486
vt 1.53986 -1.05025
vt 1.54487 -1.11910
vt 1.54403 -1.05009
vt 1.54069 -1.11925
vt 1.79656 -1.05025
vt 1.78989 -1.11910
vt 1.79423 -1.11925
vt 1.79222 -1.05009
vt 1.75434 -0.93341
vt 1.82963 -0.98803
vt 1.75772 -0.92923
vt 1.82626 -0.99220
vt 1.56411 -1.18159
vt 1.63642 -1.24011
vt 1.63957 -1.23576
vt 1.56096 -1.18594
vt 1.63507 -1.11925
vt 1.63288 -1.05025
vt 1.56212 -1.10464
vt 1.56096 -1.06805
vt 1.75089 -1.10448
vt 1.82625 -1.11910
vt 1.75102 -1.06789
vt 1.82648 -1.05009
vt 1.79150 -1.10464
vt 1.79194 -1.06805
vt 1.78732 -1.10448
vt 1.78776 -1.06789
vt 1.53986 -1.06805
vt 1.54109 -1.10464
vt 1.54544 -1.10448
vt 1.54420 -1.06789
vt 1.63507 -0.93006
vt 1.56549 -0.99264
vt 1.63844 -0.93424
vt 1.56212 -0.98847
vt 1.82940 -1.18360
vt 1.75089 -1.23453
vt 1.75405 -1.23887
vt 1.82625 -1.17926
vt 1.63642 -1.06805
vt 1.56119 -1.11925
vt 1.63654 -1.10464
vt 1.56096 -1.05025
vt 1.75434 -1.05009
vt 1.82510 -1.10448
vt 1.82626 -1.06789
vt 1.75215 -1.11910
vt 0.82971 0.03574
vt 0.90653 -0.04108
vt 0.90653 -0.00996
vt 0.95223 0.03574
vt 0.86082 0.03574
vt 0.98335 0.03574
vt 0.90653 0.11256
vt 0.90653 0.08144
vt 0.92269 0.03574
vt 0.92269 0.11256
vt 0.89036 0.03574
vt 0.89036 0.11256
vt 0.89036 -0.04108
vt 0.92269 -0.04108
vt 0.90300 0.03574
vt 0.92269 -0.00996
vt 0.90300 0.00019
vt 0.90300 0.07129
vt 0.92269 0.08144
vt 0.91006 0.03574
vt 0.91006 0.00019
vt 0.89036 -0.00996
vt 0.91006 0.07129
vt 0.89036 0.08144
vt -0.76881 0.11250
vt -0.61518 0.11250
vt -0.69200 0.18932
vt -0.69200 0.03568
vt -0.67583 0.11250
vt -0.67583 0.15820
vt -0.69553 0.14805
vt -0.67583 0.18932
vt -0.70816 0.11250
vt -0.70816 0.18932
vt -0.67583 0.03568
vt -0.70816 0.03568
vt -0.68846 0.07695
vt -0.70816 0.06680
vt -0.68846 0.11250
vt -0.70816 0.15820
vt -0.68846 0.14805
vt -0.69200 0.06680
vt -0.64629 0.11250
vt -0.73770 0.11250
vt -0.69200 0.15820
vt -0.69553 0.07695
vt -0.67583 0.06680
vt -0.69553 0.11250
vt 13.85010 -8.91469
vt 13.93710 -9.05947
vt 14.00240 -8.97041
vt 14.09900 -9.16295
vt 14.14990 -9.09911
vt 14.00590 -8.83705
vt 13.90430 -8.83731
vt 14.14710 -9.04109
vt 14.07780 -8.92998
vt 14.05790 -9.00590
vt 13.94370 -8.90434
vt 13.94210 -9.00590
vt 14.05790 -8.90434
vt 14.05790 -8.91469
vt 14.05630 -8.83731
vt 13.94210 -8.91469
vt 13.94210 -8.83731
vt 14.05790 -9.05947
vt 13.94210 -9.05947
vt 14.14990 -8.91469
vt 13.99760 -8.97041
vt 14.06290 -9.05947
vt 13.90100 -9.16295
vt 13.85010 -9.09911
vt 13.85290 -9.04109
vt 13.92220 -8.92998
vt 14.09570 -8.83731
vt 13.99410 -8.83705
vt 14.05790 -9.09896
vt 13.94210 -8.93710
vt 13.94210 -9.09896
vt 14.05790 -8.93710
vt 14.05790 -9.09911
vt 13.94210 -9.09911
vt 13.94210 -9.16295
vt 14.05790 -9.16295
vt 14.05790 -9.04109
vt 13.94210 -9.04109
vt 13.94210 -8.83705
vt 13.94210 -8.92998
vt 14.05790 -8.83705
vt 14.05790 -8.92998
vt 25.94170 -4.90459
vt 26.11890 -5.09541
vt 26.14070 -4.91531
vt 25.85930 -5.04433
vt 23.88110 -41.09540
vt 24.05830 -40.90460
vt 23.85930 -40.91530
vt 24.14070 -41.04430
vt 54.12690 -57.11810
vt 54.12690 -56.88190
vt 53.87310 -57.11810
vt 53.87310 -56.88190
vt 11.91050 -11.17640
vt 11.71510 -10.92250
vt 11.75010 -11.20790
vt 11.89220 -10.79210
vt 12.25120 -10.82810
vt 12.28490 -11.10270
vt 11.93430 -10.79630
vt 12.17940 -10.84190
vt 12.20920 -10.82390
vt 11.94310 -10.81820
vt 12.19280 -10.89220
vt 11.80720 -10.71510
vt 11.80720 -10.89220
vt 12.19280 -10.71510
vt 11.80720 -11.25120
vt 12.19280 -11.25120
vt 12.14760 -11.20920
vt 11.85240 -11.20920
vt 11.85240 -10.93430
vt 12.14760 -10.93430
vt 12.12690 -11.17940
vt 11.87310 -11.17940
vt 11.80720 -11.20790
vt 12.19280 -11.20790
vt 12.19280 -10.92250
vt 11.80720 -10.92250
vt 12.08950 -11.17640
vt 12.28490 -10.92250
vt 12.10780 -10.79210
vt 12.24990 -11.20790
vt 11.74880 -10.82810
vt 11.71510 -11.10270
vt 12.06570 -10.79630
vt 11.79080 -10.82390
vt 11.82060 -10.84190
vt 12.05690 -10.81820
vt 11.80720 -10.91050
vt 12.19280 -10.91050
vt 12.19280 -10.75010
vt 11.80720 -10.75010
vt 12.19280 -10.82810
vt 11.80720 -10.82810
vt 11.80720 -11.10270
vt 12.19280 -11.10270
vt 12.14760 -10.79630
vt 11.85240 -10.79630
vt 11.87310 -10.81820
vt 12.12690 -10.81820
vt 43.85350 -33.12610
vt 44.17720 -33.06240
vt 44.15090 -33.04770
vt 43.86990 -33.10300
vt 43.84510 -32.89940
vt 43.82280 -32.87550
vt 44.07600 -32.87460
vt 44.06220 -32.89190
vt 44.11650 -32.86130
vt 44.06220 -33.07210
vt 44.10130 -33.07600
vt 44.16450 -32.82280
vt 43.88350 -32.86130
vt 43.83550 -32.82280
vt 43.89870 -33.07600
vt 43.93780 -33.07210
vt 43.83980 -32.86990
vt 43.89410 -33.15090
vt 43.91090 -33.13380
vt 43.86110 -32.87420
vt 44.16020 -32.86990
vt 44.08910 -33.13380
vt 44.10590 -33.15090
vt 44.13890 -32.87420
vt 43.83550 -33.12610
vt 44.16450 -33.12610
vt 44.16450 -32.87550
vt 43.83550 -32.87550
vt 43.89410 -33.04770
vt 43.91260 -32.90140
vt 43.89520 -32.89190
vt 43.91090 -33.04120
vt 44.08740 -32.90140
vt 44.08910 -33.04120
vt 44.10590 -33.04770
vt 44.10480 -32.89190
vt 44.14650 -33.12610
vt 43.84910 -33.04770
vt 43.82280 -33.06240
vt 44.13010 -33.10300
vt 43.92400 -32.87460
vt 43.93780 -32.89190
vt 44.15490 -32.89940
vt 44.17720 -32.87550
vt 43.85980 -32.85240
vt 43.89520 -33.06220
vt 43.91260 -33.05140
vt 43.83900 -32.84510
vt 44.14020 -32.85240
vt 44.08740 -33.05140
vt 44.10480 -33.06220
vt 44.16100 -32.84510
vt 43.89870 -33.06240
vt 44.10130 -33.06240
vt 44.06220 -33.02610
vt 43.93780 -33.02610
vt 43.89870 -32.87460
vt 43.93780 -32.87390
vt 44.10130 -32.87460
vt 44.06220 -32.87390
vt 44.14020 -32.91210
vt 44.16020 -33.10300
vt 44.16100 -32.89940
vt 44.13890 -33.09220
vt 43.85980 -32.91210
vt 43.83980 -33.10300
vt 43.86110 -33.09220
vt 43.83900 -32.89940
vt 40.18450 -16.71690
vt 39.81550 -16.71690
vt 39.85400 -16.75480
vt 39.81550 -16.93660
vt 40.14600 -16.75480
vt 39.85400 -16.93210
vt 40.18450 -16.93660
vt 39.93260 -17.24290
vt 40.14600 -16.93210
vt 39.90180 -17.28310
vt 40.06740 -17.24290
vt 40.09820 -17.28310
vt 61.77280 -53.00580
vt 61.87020 -53.01110
vt 61.86220 -52.94260
vt 61.77910 -53.05740
vt 62.22110 -52.97870
vt 62.22720 -53.02830
vt 62.19280 -52.77280
vt 62.19280 -52.86220
vt 62.22800 -52.86220
vt 61.80720 -52.77280
vt 61.77200 -52.86220
vt 61.80720 -52.86220
vt 62.19280 -53.22110
vt 61.80720 -53.22110
vt 62.12980 -53.01110
vt 62.22720 -53.00580
vt 62.13780 -52.94260
vt 62.22090 -53.05740
vt 61.77890 -52.97870
vt 61.77280 -53.02830
vt 61.80720 -53.22720
vt 61.80720 -52.87020
vt 61.77200 -52.87020
vt 62.19280 -53.22720
vt 62.22800 -52.87020
vt 62.19280 -52.87020
vt 61.80720 -52.77910
vt 62.19280 -52.77910
vt 10.15970 0.92301
vt 10.06490 1.08480
vt 10.05110 1.06742
vt 10.14170 0.91520
vt 9.84382 1.07803
vt 9.93784 0.94889
vt 9.90949 1.15618
vt 9.88351 1.15968
vt 10.06220 0.94889
vt 10.11650 1.15968
vt 10.09050 1.15618
vt 10.04830 0.93512
vt 9.95171 0.93512
vt 9.88351 1.05878
vt 10.11650 1.05878
vt 10.09050 1.07803
vt 9.90949 1.07803
vt 9.94889 1.06742
vt 9.84032 0.92301
vt 9.85826 0.91520
vt 9.93512 1.08480
vt 10.15620 1.07803
vt 10.06220 0.85826
vt 9.93784 0.85826
vt 9.95171 0.84032
vt 10.04830 0.84032
vt 10.04830 1.08480
vt 9.95171 1.08480
vt 9.95171 0.92301
vt 10.04830 0.92301
vt 32.39470 -31.00660
vt 32.06470 -31.10360
vt 32.40090 -31.05670
vt 32.04820 -30.96870
vt 31.85530 -31.10910
vt 31.82860 -30.89090
vt 31.72380 -31.10400
vt 31.61140 -31.01150
vt 31.59910 -30.91180
vt 32.18450 -30.59910
vt 31.81550 -30.82860
vt 32.18450 -30.82860
vt 31.81550 -30.59910
vt 31.81550 -31.01150
vt 32.18450 -31.01150
vt 32.18450 -30.91180
vt 31.81550 -30.91180
vt 31.59910 -31.05670
vt 31.93530 -31.10360
vt 31.60530 -31.00660
vt 31.95180 -30.96870
vt 32.17140 -30.89090
vt 32.38860 -31.01150
vt 32.40090 -30.91180
vt 32.27620 -31.10400
vt 32.14470 -31.10910
vt 32.18450 -30.61140
vt 31.81550 -30.61140
vt 32.18450 -30.72380
vt 31.81550 -30.72380
vt 32.18450 -31.06470
vt 31.81550 -31.06470
vt 31.90180 -31.40090
vt 32.09820 -31.40090
vt 31.81550 -30.85530
vt 32.18450 -30.85530
vt 32.09820 -31.00660
vt 31.90180 -31.00660
vt 31.90180 -31.05670
vt 32.09820 -31.05670
vt 61.77110 -26.99020
vt 61.92980 -27.00980
vt 61.82180 -26.92540
vt 61.87910 -27.07460
vt 62.22890 -27.05820
vt 62.15730 -27.01780
vt 61.82040 -27.22890
vt 61.86920 -27.22890
vt 61.82040 -27.15730
vt 61.86920 -27.15730
vt 62.17960 -27.22890
vt 62.17960 -27.15730
vt 62.13080 -27.22890
vt 62.13080 -27.15730
vt 61.83090 -26.92980
vt 61.78210 -26.92980
vt 62.16910 -26.92980
vt 62.21790 -26.92980
vt 61.78210 -26.82180
vt 61.83090 -26.82180
vt 62.21790 -26.82180
vt 62.16910 -26.82180
vt 62.21790 -26.99020
vt 62.16910 -26.92540
vt 62.16910 -26.99020
vt 62.21790 -26.92540
vt 61.78210 -26.99020
vt 61.83090 -26.99020
vt 61.83090 -26.92540
vt 61.78210 -26.92540
vt 62.22890 -26.99020
vt 62.07020 -27.00980
vt 62.12090 -27.07460
vt 62.17820 -26.92540
vt 61.77110 -27.05820
vt 61.84270 -27.01780
vt 62.21790 -26.87910
vt 62.16910 -26.77110
vt 62.16910 -26.87910
vt 62.21790 -26.77110
vt 61.83090 -26.87910
vt 61.83090 -26.77110
vt 61.78210 -26.87910
vt 61.78210 -26.77110
vt 19.77030 -16.96920
vt 19.92580 -17.02630
vt 19.93330 -17.00280
vt 19.75600 -16.93860
vt 20.21890 -17.06140
vt 20.24400 -17.03880
vt 20.04910 -17.21890
vt 20.12310 -16.92580
vt 19.95090 -17.21890
vt 19.87690 -16.92580
vt 20.12310 -16.77030
vt 19.87690 -16.77030
vt 20.14600 -16.93330
vt 19.85400 -16.93330
vt 19.93260 -17.24400
vt 20.06740 -17.24400
vt 20.22970 -16.96920
vt 20.06670 -17.00280
vt 20.07420 -17.02630
vt 20.24400 -16.93860
vt 19.75600 -17.03880
vt 19.78110 -17.06140
vt 20.14600 -16.93860
vt 19.85400 -16.93860
vt 19.87690 -16.96920
vt 20.12310 -16.96920
vt 47.80720 -45.18720
vt 48.19280 -45.18720
vt 48.19280 -44.81280
vt 47.80720 -44.81280
vt 26.16450 1.16183
vt 25.83550 1.16183
vt 25.89870 0.83817
vt 26.10130 0.83817
vt 2.60889 1.53594
vt 2.62504 1.56663
vt 2.60049 1.56362
vt 2.59491 1.58139
vt 2.62741 1.58537
vt 2.66731 1.54786
vt 2.68346 1.57855
vt 2.65890 1.57554
vt 2.65333 1.59331
vt 2.68583 1.59730
vt 2.72573 1.55978
vt 2.74187 1.59048
vt 2.71732 1.58747
vt 2.71174 1.60524
vt 2.74424 1.60922
vt 2.78414 1.57171
vt 2.80029 1.60240
vt 2.77574 1.59939
vt 2.77016 1.61716
vt 2.80266 1.62114
vt 2.84048 1.58386
vt 2.85662 1.61455
vt 2.83207 1.61154
vt 2.82649 1.62931
vt 2.85899 1.63329
vt 2.89709 1.59373
vt 2.91324 1.62442
vt 2.88868 1.62141
vt 2.88311 1.63918
vt 2.91560 1.64317
vt 3.00999 1.61618
vt 3.02613 1.64687
vt 3.00158 1.64386
vt 2.99600 1.66163
vt 3.02850 1.66561
vt 2.95292 1.60998
vt 2.96907 1.64068
vt 2.94451 1.63767
vt 2.93894 1.65543
vt 2.97144 1.65942
vt 3.07562 1.60104
vt 3.08805 1.65036
vt 3.06277 1.64727
vt 3.08844 1.68113
vt 3.05497 1.67702
vt 3.07233 1.64487
vt 3.08125 1.66720
vt 3.06531 1.66524
vt 3.08218 1.68096
vt 3.06108 1.67838
vt 2.62118 1.56616
vt 2.59662 1.56315
vt 2.62230 1.58475
vt 2.58980 1.58077
vt 2.67959 1.57808
vt 2.65504 1.57507
vt 2.68071 1.59667
vt 2.64822 1.59269
vt 2.73801 1.59000
vt 2.71346 1.58699
vt 2.73913 1.60859
vt 2.70663 1.60461
vt 2.79643 1.60193
vt 2.77187 1.59892
vt 2.79755 1.62052
vt 2.76505 1.61653
vt 2.85276 1.61408
vt 2.82821 1.61107
vt 2.85388 1.63267
vt 2.82138 1.62868
vt 2.90937 1.62395
vt 2.88482 1.62094
vt 2.91049 1.64254
vt 2.87800 1.63856
vt 3.02227 1.64640
vt 2.99771 1.64339
vt 3.02339 1.66499
vt 2.99089 1.66100
vt 2.96520 1.64020
vt 2.94065 1.63719
vt 2.96632 1.65879
vt 2.93383 1.65481
vt 2.84974 1.36547
vt 2.84974 1.38657
vt 2.82849 1.36547
vt 2.82849 1.38657
vt 2.78378 1.36547
vt 2.80503 1.36547
vt 2.78378 1.38657
vt 2.80503 1.38657
vt 2.89445 1.36547
vt 2.89445 1.38657
vt 2.87320 1.36547
vt 2.87320 1.38657
vt 2.73911 1.35921
vt 2.77282 1.35921
vt 2.73911 1.39268
vt 2.77282 1.39268
vt 2.93913 1.39268
vt 2.90541 1.35921
vt 2.93913 1.35921
vt 2.90541 1.39268
vt 2.74894 1.51382
vt 2.72134 1.47621
vt 2.75409 1.48132
vt 2.71619 1.50871
vt 2.95689 1.47621
vt 2.92930 1.51382
vt 2.92415 1.48132
vt 2.96204 1.50871
vt 2.75796 1.45676
vt 2.73037 1.41915
vt 2.76311 1.42426
vt 2.72522 1.45165
vt 2.94786 1.41915
vt 2.92027 1.45676
vt 2.91512 1.42426
vt 2.95301 1.45165
vt 2.96592 1.53204
vt 2.93833 1.56965
vt 2.93318 1.53716
vt 2.97107 1.56454
vt 2.73991 1.56965
vt 2.71232 1.53204
vt 2.74506 1.53716
vt 2.70717 1.56454
vt 2.73088 1.62627
vt 2.70329 1.58866
vt 2.73603 1.59377
vt 2.69814 1.62115
vt 2.97495 1.58866
vt 2.94735 1.62627
vt 2.94220 1.59377
vt 2.98009 1.62115
vt 2.72185 1.68260
vt 2.69426 1.64499
vt 2.72700 1.65010
vt 2.68911 1.67749
vt 2.98397 1.64499
vt 2.95638 1.68260
vt 2.95123 1.65010
vt 2.98912 1.67749
vt 2.99332 1.70341
vt 2.96573 1.74102
vt 2.96058 1.70852
vt 2.99847 1.73590
vt 2.71251 1.74102
vt 2.68491 1.70341
vt 2.71765 1.70852
vt 2.67976 1.73590
vt 3.00267 1.76182
vt 2.97508 1.79943
vt 2.96993 1.76693
vt 3.00782 1.79432
vt 2.70316 1.79943
vt 2.67557 1.76182
vt 2.70831 1.76693
vt 2.67042 1.79432
vt 2.69381 1.85785
vt 2.66622 1.82024
vt 2.69896 1.82535
vt 2.66107 1.85274
vt 3.01202 1.82024
vt 2.98443 1.85785
vt 2.97928 1.82535
vt 3.01717 1.85274
vt 2.98780 1.56315
vt 2.99908 1.53594
vt 3.01254 1.56362
vt 2.98443 1.58077
vt 3.01717 1.58139
vt 2.69044 1.56315
vt 2.66570 1.56362
vt 2.67916 1.53594
vt 2.69381 1.58077
vt 2.66107 1.58139
vt 2.69978 1.57507
vt 2.67505 1.57554
vt 2.68850 1.54786
vt 2.70316 1.59269
vt 2.67042 1.59331
vt 2.97845 1.57507
vt 2.98973 1.54786
vt 3.00319 1.57554
vt 2.97508 1.59269
vt 3.00782 1.59331
vt 2.70913 1.58699
vt 2.68440 1.58747
vt 2.69785 1.55978
vt 2.71251 1.60461
vt 2.67976 1.60524
vt 2.96910 1.58699
vt 2.98038 1.55978
vt 2.99384 1.58747
vt 2.96573 1.60461
vt 2.99847 1.60524
vt 2.95975 1.59892
vt 2.97103 1.57171
vt 2.98449 1.59939
vt 2.95638 1.61653
vt 2.98912 1.61716
vt 2.71848 1.59892
vt 2.69374 1.59939
vt 2.70720 1.57171
vt 2.72185 1.61653
vt 2.68911 1.61716
vt 2.95073 1.61107
vt 2.96201 1.58386
vt 2.97546 1.61154
vt 2.94735 1.62868
vt 2.98009 1.62931
vt 2.72751 1.61107
vt 2.70277 1.61154
vt 2.71623 1.58386
vt 2.73088 1.62868
vt 2.69814 1.62931
vt 2.73654 1.62094
vt 2.71180 1.62141
vt 2.72526 1.59373
vt 2.73991 1.63856
vt 2.70717 1.63918
vt 2.94170 1.62094
vt 2.95298 1.59373
vt 2.96644 1.62141
vt 2.93833 1.63856
vt 2.97107 1.63918
vt 2.93267 1.63719
vt 2.94395 1.60998
vt 2.95741 1.63767
vt 2.92930 1.65481
vt 2.96204 1.65543
vt 2.74556 1.63719
vt 2.72083 1.63767
vt 2.73428 1.60998
vt 2.74894 1.65481
vt 2.71619 1.65543
vt 2.92364 1.64339
vt 2.93492 1.61618
vt 2.94838 1.64386
vt 2.92027 1.66100
vt 2.95301 1.66163
vt 2.75459 1.64339
vt 2.72985 1.64386
vt 2.74331 1.61618
vt 2.75796 1.66100
vt 2.72522 1.66163
vt 2.90953 1.64727
vt 2.92227 1.60104
vt 2.93501 1.64727
vt 2.90541 1.67702
vt 2.93913 1.67702
vt 2.76870 1.64727
vt 2.74323 1.64727
vt 2.75596 1.60104
vt 2.77282 1.67702
vt 2.73911 1.67702
vt 2.84715 1.66524
vt 2.83109 1.66524
vt 2.83912 1.64487
vt 2.84974 1.67838
vt 2.82849 1.67838
vt 2.87580 1.66524
vt 2.88383 1.64487
vt 2.89186 1.66524
vt 2.89445 1.67838
vt 2.87320 1.67838
vt 2.80243 1.66524
vt 2.78638 1.66524
vt 2.79441 1.64487
vt 2.78378 1.67838
vt 2.80503 1.67838
vt 3.06934 1.53594
vt 3.07775 1.56362
vt 3.05320 1.56663
vt 3.08332 1.58139
vt 3.05083 1.58537
vt 3.01092 1.54786
vt 3.01933 1.57554
vt 2.99478 1.57855
vt 3.02491 1.59331
vt 2.99241 1.59730
vt 2.95251 1.55978
vt 2.96092 1.58747
vt 2.93636 1.59048
vt 2.96649 1.60524
vt 2.93399 1.60922
vt 2.89409 1.57171
vt 2.90250 1.59939
vt 2.87794 1.60240
vt 2.90807 1.61716
vt 2.87558 1.62114
vt 2.83776 1.58386
vt 2.84617 1.61154
vt 2.82161 1.61455
vt 2.85174 1.62931
vt 2.81924 1.63329
vt 2.78114 1.59373
vt 2.78955 1.62141
vt 2.76500 1.62442
vt 2.79513 1.63918
vt 2.76263 1.64317
vt 2.66825 1.61618
vt 2.67666 1.64386
vt 2.65210 1.64687
vt 2.68223 1.66163
vt 2.64974 1.66561
vt 2.72531 1.60998
vt 2.73372 1.63767
vt 2.70917 1.64068
vt 2.73930 1.65543
vt 2.70680 1.65942
vt 2.60262 1.60104
vt 2.61547 1.64727
vt 2.59018 1.65036
vt 2.58980 1.68113
vt 2.62327 1.67702
vt 2.60590 1.64487
vt 2.61293 1.66524
vt 2.59699 1.66720
vt 2.59606 1.68096
vt 2.61715 1.67838
vt 3.08161 1.56315
vt 3.05706 1.56616
vt 3.05594 1.58475
vt 3.08844 1.58077
vt 3.02319 1.57507
vt 2.99864 1.57808
vt 2.99752 1.59667
vt 3.03002 1.59269
vt 2.96478 1.58699
vt 2.94022 1.59000
vt 2.93911 1.60859
vt 2.97160 1.60461
vt 2.90636 1.59892
vt 2.88181 1.60193
vt 2.88069 1.62052
vt 2.91319 1.61653
vt 2.85003 1.61107
vt 2.82547 1.61408
vt 2.82435 1.63267
vt 2.85685 1.62868
vt 2.79341 1.62094
vt 2.76886 1.62395
vt 2.76774 1.64254
vt 2.80024 1.63856
vt 2.68052 1.64339
vt 2.65597 1.64640
vt 2.65485 1.66499
vt 2.68734 1.66100
vt 2.73758 1.63719
vt 2.71303 1.64020
vt 2.71191 1.65879
vt 2.74441 1.65481
vt 2.76870 1.65036
vt 2.74323 1.65036
vt 2.73911 1.68113
vt 2.77282 1.68113
vt 2.93501 1.65036
vt 2.90953 1.65036
vt 2.93913 1.68113
vt 2.90541 1.68113
vt 2.84715 1.66720
vt 2.83109 1.66720
vt 2.84974 1.68096
vt 2.82849 1.68096
vt 2.80243 1.66720
vt 2.78638 1.66720
vt 2.78378 1.68096
vt 2.80503 1.68096
vt 2.89186 1.66720
vt 2.87580 1.66720
vt 2.89445 1.68096
vt 2.87320 1.68096
vt 2.75848 1.64640
vt 2.73374 1.64687
vt 2.73037 1.66561
vt 2.76311 1.66499
vt 2.94449 1.64687
vt 2.91975 1.64640
vt 2.94786 1.66561
vt 2.91512 1.66499
vt 2.74945 1.64020
vt 2.72472 1.64068
vt 2.72134 1.65942
vt 2.75409 1.65879
vt 2.95352 1.64068
vt 2.92878 1.64020
vt 2.95689 1.65942
vt 2.92415 1.65879
vt 2.96255 1.62442
vt 2.93781 1.62395
vt 2.96592 1.64317
vt 2.93318 1.64254
vt 2.74043 1.62395
vt 2.71569 1.62442
vt 2.71232 1.64317
vt 2.74506 1.64254
vt 2.73140 1.61408
vt 2.70666 1.61455
vt 2.70329 1.63329
vt 2.73603 1.63267
vt 2.97157 1.61455
vt 2.94684 1.61408
vt 2.97495 1.63329
vt 2.94220 1.63267
vt 2.72237 1.60193
vt 2.69763 1.60240
vt 2.69426 1.62114
vt 2.72700 1.62052
vt 2.98060 1.60240
vt 2.95586 1.60193
vt 2.98397 1.62114
vt 2.95123 1.62052
vt 2.98995 1.59048
vt 2.96521 1.59000
vt 2.99332 1.60922
vt 2.96058 1.60859
vt 2.71302 1.59000
vt 2.68829 1.59048
vt 2.68491 1.60922
vt 2.71765 1.60859
vt 2.99930 1.57855
vt 2.97456 1.57808
vt 3.00267 1.59730
vt 2.96993 1.59667
vt 2.70368 1.57808
vt 2.67894 1.57855
vt 2.67557 1.59730
vt 2.70831 1.59667
vt 2.69433 1.56616
vt 2.66959 1.56663
vt 2.66622 1.58537
vt 2.69896 1.58475
vt 3.00864 1.56663
vt 2.98391 1.56616
vt 3.01202 1.58537
vt 2.97928 1.58475
vt -1.55301 -1.27094
vt -1.56297 -1.30019
vt -1.54070 -1.30299
vt -1.56896 -1.31885
vt -1.53949 -1.32256
vt -1.21332 -1.31899
vt -1.22128 -1.34759
vt -1.19994 -1.35127
vt -1.22695 -1.36593
vt -1.19870 -1.37080
vt -1.42696 -1.29909
vt -1.43451 -1.32804
vt -1.41278 -1.33091
vt -1.43974 -1.34661
vt -1.41098 -1.35040
vt -1.48022 -1.29196
vt -1.48783 -1.32091
vt -1.46608 -1.32378
vt -1.49307 -1.33949
vt -1.46428 -1.34328
vt -1.37362 -1.30622
vt -1.38054 -1.33509
vt -1.35908 -1.33799
vt -1.38554 -1.35363
vt -1.35714 -1.35747
vt -1.32139 -1.31328
vt -1.32831 -1.34215
vt -1.30685 -1.34505
vt -1.33331 -1.36069
vt -1.30490 -1.36453
vt -1.26916 -1.32034
vt -1.27608 -1.34921
vt -1.25462 -1.35211
vt -1.28107 -1.36775
vt -1.25267 -1.37159
vt -1.16165 -1.29802
vt -1.17794 -1.34487
vt -1.15009 -1.34977
vt -1.15105 -1.38155
vt -1.18790 -1.37505
vt -1.16182 -1.33850
vt -1.17006 -1.35871
vt -1.15057 -1.36130
vt -1.17500 -1.37174
vt -1.14921 -1.37517
vt -1.22714 -1.34696
vt -1.20580 -1.35064
vt -1.20646 -1.36997
vt -1.23471 -1.36510
vt -1.28196 -1.34879
vt -1.26050 -1.35169
vt -1.26046 -1.37104
vt -1.28886 -1.36720
vt -1.38643 -1.33467
vt -1.36496 -1.33757
vt -1.36492 -1.35692
vt -1.39332 -1.35308
vt -1.33419 -1.34173
vt -1.31273 -1.34464
vt -1.31269 -1.36398
vt -1.34109 -1.36014
vt -1.49252 -1.32035
vt -1.47077 -1.32322
vt -1.47050 -1.34253
vt -1.49928 -1.33874
vt -1.43930 -1.32749
vt -1.41757 -1.33036
vt -1.41732 -1.34967
vt -1.44607 -1.34588
vt -1.56295 -1.29905
vt -1.54068 -1.30185
vt -1.53946 -1.32105
vt -1.56893 -1.31734
vt -1.18186 -1.30019
vt -1.19160 -1.27094
vt -1.20428 -1.29905
vt -1.17918 -1.31885
vt -1.20885 -1.31734
vt -1.53630 -1.30019
vt -1.51389 -1.29905
vt -1.52656 -1.27094
vt -1.53898 -1.31885
vt -1.50932 -1.31734
vt -1.18534 -1.32091
vt -1.19771 -1.29196
vt -1.20728 -1.32035
vt -1.21002 -1.33874
vt -1.18098 -1.33949
vt -1.53283 -1.32091
vt -1.51089 -1.32035
vt -1.52046 -1.29196
vt -1.50815 -1.33874
vt -1.53719 -1.33949
vt -1.52229 -1.32804
vt -1.50038 -1.32749
vt -1.50988 -1.29909
vt -1.49768 -1.34588
vt -1.52669 -1.34661
vt -1.19587 -1.32804
vt -1.20828 -1.29909
vt -1.21779 -1.32749
vt -1.22049 -1.34588
vt -1.19148 -1.34661
vt -1.20599 -1.33509
vt -1.21894 -1.30622
vt -1.22764 -1.33467
vt -1.22989 -1.35308
vt -1.20123 -1.35363
vt -1.51218 -1.33509
vt -1.49052 -1.33467
vt -1.49922 -1.30622
vt -1.48828 -1.35308
vt -1.51694 -1.35363
vt -1.22032 -1.34215
vt -1.23327 -1.31328
vt -1.24197 -1.34173
vt -1.24421 -1.36014
vt -1.21555 -1.36069
vt -1.49785 -1.34215
vt -1.47620 -1.34173
vt -1.48490 -1.31328
vt -1.47396 -1.36014
vt -1.50261 -1.36069
vt -1.48353 -1.34921
vt -1.46187 -1.34879
vt -1.47057 -1.32034
vt -1.45963 -1.36720
vt -1.48829 -1.36775
vt -1.23464 -1.34921
vt -1.24759 -1.32034
vt -1.25629 -1.34879
vt -1.25854 -1.36720
vt -1.22988 -1.36775
vt -1.24945 -1.34759
vt -1.26240 -1.31899
vt -1.27110 -1.34696
vt -1.27335 -1.36510
vt -1.24469 -1.36593
vt -1.46872 -1.34759
vt -1.44706 -1.34696
vt -1.45576 -1.31899
vt -1.44482 -1.36510
vt -1.47348 -1.36593
vt -1.44720 -1.34487
vt -1.41893 -1.34487
vt -1.43306 -1.29802
vt -1.45177 -1.37505
vt -1.41435 -1.37505
vt -1.27097 -1.34487
vt -1.28510 -1.29802
vt -1.29924 -1.34487
vt -1.26639 -1.37505
vt -1.30382 -1.37505
vt -1.32470 -1.35871
vt -1.33452 -1.33850
vt -1.34435 -1.35871
vt -1.32152 -1.37174
vt -1.34753 -1.37174
vt -1.39347 -1.35871
vt -1.37382 -1.35871
vt -1.38364 -1.33850
vt -1.39665 -1.37174
vt -1.37064 -1.37174
vt -1.16516 -1.27094
vt -1.17747 -1.30299
vt -1.15520 -1.30019
vt -1.14921 -1.31885
vt -1.17868 -1.32256
vt -1.50485 -1.31899
vt -1.51823 -1.35127
vt -1.49689 -1.34759
vt -1.49122 -1.36593
vt -1.51946 -1.37080
vt -1.29121 -1.29909
vt -1.30538 -1.33091
vt -1.28365 -1.32804
vt -1.27843 -1.34661
vt -1.30719 -1.35040
vt -1.23795 -1.29196
vt -1.25209 -1.32378
vt -1.23034 -1.32091
vt -1.22510 -1.33949
vt -1.25388 -1.34328
vt -1.44901 -1.32034
vt -1.46355 -1.35211
vt -1.44209 -1.34921
vt -1.43709 -1.36775
vt -1.46550 -1.37159
vt -1.34454 -1.30622
vt -1.33762 -1.33509
vt -1.33263 -1.35363
vt -1.36103 -1.35747
vt -1.39677 -1.31328
vt -1.41132 -1.34505
vt -1.38986 -1.34215
vt -1.38486 -1.36069
vt -1.41327 -1.36453
vt -1.55652 -1.29802
vt -1.56808 -1.34977
vt -1.54023 -1.34487
vt -1.56712 -1.38155
vt -1.53027 -1.37505
vt -1.55634 -1.33850
vt -1.56759 -1.36130
vt -1.54811 -1.35871
vt -1.54317 -1.37174
vt -1.56896 -1.37517
vt -1.51236 -1.35064
vt -1.49102 -1.34696
vt -1.51170 -1.36997
vt -1.48346 -1.36510
vt -1.35320 -1.33757
vt -1.33174 -1.33467
vt -1.35325 -1.35692
vt -1.32484 -1.35308
vt -1.40544 -1.34464
vt -1.38397 -1.34173
vt -1.40548 -1.36398
vt -1.37708 -1.36014
vt -1.45767 -1.35169
vt -1.43621 -1.34879
vt -1.45771 -1.37104
vt -1.42931 -1.36720
vt -1.24740 -1.32322
vt -1.22565 -1.32035
vt -1.24767 -1.34253
vt -1.21888 -1.33874
vt -1.30060 -1.33036
vt -1.27887 -1.32749
vt -1.30085 -1.34967
vt -1.27209 -1.34588
vt -1.17748 -1.30185
vt -1.15522 -1.29905
vt -1.17870 -1.32105
vt -1.14923 -1.31734
vt -1.22989 -1.29200
vt -1.23768 -1.32041
vt -1.20902 -1.32819
vt -1.20123 -1.29979
vt -1.45963 -1.39647
vt -1.48050 -1.43266
vt -1.45184 -1.42487
vt -1.48829 -1.40425
vt -1.24421 -1.34424
vt -1.25200 -1.37264
vt -1.22334 -1.38043
vt -1.21555 -1.35202
vt -1.25854 -1.39647
vt -1.26633 -1.42487
vt -1.23767 -1.43266
vt -1.22988 -1.40425
vt -1.48828 -1.29200
vt -1.50915 -1.32819
vt -1.48049 -1.32041
vt -1.51694 -1.29979
vt -1.47396 -1.34424
vt -1.49482 -1.38043
vt -1.46617 -1.37264
vt -1.50261 -1.35202
vt -1.49768 -1.23925
vt -1.52031 -1.27435
vt -1.49130 -1.26801
vt -1.52669 -1.24559
vt -1.22687 -1.26801
vt -1.19786 -1.27435
vt -1.22049 -1.23925
vt -1.19148 -1.24559
vt -1.21627 -1.21483
vt -1.18724 -1.22104
vt -1.21002 -1.18604
vt -1.18098 -1.19226
vt -1.50815 -1.18604
vt -1.53093 -1.22104
vt -1.50189 -1.21483
vt -1.53719 -1.19226
vt -1.34753 -1.53612
vt -1.32152 -1.53612
vt -1.34753 -1.51033
vt -1.32152 -1.51033
vt -1.37064 -1.53612
vt -1.37064 -1.51033
vt -1.39665 -1.53612
vt -1.39665 -1.51033
vt -1.28114 -1.47886
vt -1.25248 -1.48662
vt -1.27335 -1.45062
vt -1.24469 -1.45838
vt -1.44482 -1.45062
vt -1.46569 -1.48662
vt -1.43703 -1.47886
vt -1.47348 -1.45838
vt -1.41435 -1.53428
vt -1.41435 -1.49743
vt -1.45177 -1.53428
vt -1.45177 -1.49743
vt -1.30382 -1.53428
vt -1.26639 -1.53428
vt -1.30382 -1.49743
vt -1.26639 -1.49743
vt -1.20901 -1.14586
vt -1.17935 -1.14584
vt -1.20885 -1.11639
vt -1.17918 -1.11637
vt -1.50916 -1.14586
vt -1.50932 -1.11639
vt -1.53882 -1.14584
vt -1.53898 -1.11637
vt -1.29924 -1.34977
vt -1.27097 -1.34977
vt -1.26639 -1.38155
vt -1.30382 -1.38155
vt -1.44720 -1.34977
vt -1.41893 -1.34977
vt -1.45177 -1.38155
vt -1.41435 -1.38155
vt -1.39347 -1.36130
vt -1.37382 -1.36130
vt -1.39665 -1.37517
vt -1.37064 -1.37517
vt -1.34435 -1.36130
vt -1.32470 -1.36130
vt -1.32152 -1.37517
vt -1.34753 -1.37517
vt -1.46283 -1.35127
vt -1.44118 -1.35064
vt -1.46569 -1.37080
vt -1.43703 -1.36997
vt -1.27699 -1.35064
vt -1.25534 -1.35127
vt -1.25248 -1.37080
vt -1.28114 -1.36997
vt -1.26218 -1.35169
vt -1.24053 -1.35211
vt -1.23767 -1.37159
vt -1.26633 -1.37104
vt -1.47764 -1.35211
vt -1.45599 -1.35169
vt -1.48050 -1.37159
vt -1.45184 -1.37104
vt -1.49196 -1.34505
vt -1.47031 -1.34464
vt -1.49482 -1.36453
vt -1.46617 -1.36398
vt -1.24786 -1.34464
vt -1.22620 -1.34505
vt -1.22334 -1.36453
vt -1.25200 -1.36398
vt -1.50629 -1.33799
vt -1.48464 -1.33757
vt -1.50915 -1.35747
vt -1.48049 -1.35692
vt -1.23353 -1.33757
vt -1.21188 -1.33799
vt -1.20902 -1.35747
vt -1.23768 -1.35692
vt -1.22261 -1.33036
vt -1.20069 -1.33091
vt -1.19786 -1.35040
vt -1.22687 -1.34967
vt -1.51748 -1.33091
vt -1.49556 -1.33036
vt -1.52031 -1.35040
vt -1.49130 -1.34967
vt -1.52810 -1.32378
vt -1.50616 -1.32322
vt -1.53093 -1.34328
vt -1.50189 -1.34253
vt -1.21201 -1.32322
vt -1.19007 -1.32378
vt -1.18724 -1.34328
vt -1.21627 -1.34253
vt -1.53618 -1.30299
vt -1.51377 -1.30185
vt -1.50916 -1.32105
vt -1.53882 -1.32256
vt -1.20440 -1.30185
vt -1.18199 -1.30299
vt -1.20901 -1.32105
vt -1.17935 -1.32256
vt 1.95954 2.59989
vt 2.00499 2.70312
vt 1.95476 2.63886
vt 2.04396 2.70789
vt 1.85153 2.68431
vt 1.94073 2.75334
vt 1.89051 2.68908
vt 1.93595 2.79231
vt 2.17151 2.59989
vt 2.17151 2.70789
vt 2.11686 2.59989
vt 2.11686 2.70789
vt 1.72398 2.70789
vt 1.72398 2.59989
vt 1.77863 2.59989
vt 1.77863 2.70789
vt 2.15256 2.74062
vt 2.15256 2.69064
vt 2.17151 2.68908
vt 2.17151 2.75334
vt 1.74293 2.74062
vt 1.72398 2.68908
vt 1.74293 2.69064
vt 1.72398 2.75334
vt 1.77863 2.68431
vt 1.77863 2.79231
vt 1.72398 2.68431
vt 1.72398 2.79231
vt 2.17151 2.68431
vt 2.11686 2.79231
vt 2.11686 2.68431
vt 2.17151 2.79231
vt 1.74293 2.65158
vt 1.72398 2.70312
vt 1.72398 2.63886
vt 1.74293 2.70156
vt 2.17151 2.63886
vt 2.17151 2.70312
vt 2.15256 2.65158
vt 2.15256 2.70156
vt 1.93595 2.59989
vt 1.89051 2.70312
vt 1.85153 2.70789
vt 1.94073 2.63886
vt 1.95476 2.75334
vt 2.04396 2.68431
vt 1.95954 2.79231
vt 2.00499 2.68908
vt -0.80783 -0.00214
vt -0.92561 0.02044
vt -0.80866 -0.04856
vt -0.92718 -0.06710
vt -0.92579 0.02064
vt -0.80883 -0.04835
vt -0.80800 -0.00194
vt -0.92735 -0.06690
vt -0.66613 -0.08299
vt -0.66925 0.03497
vt -0.67294 -0.08281
vt -0.66244 0.03479
vt -1.06905 -0.08299
vt -1.06594 0.03497
vt -1.07274 0.03479
vt -1.06224 -0.08281
vt -1.06341 -0.06690
vt -1.07274 0.02044
vt -1.07021 -0.06710
vt -1.06594 0.02064
vt -0.67178 -0.06690
vt -0.66244 0.02044
vt -0.66925 0.02064
vt -0.66497 -0.06710
vt -0.80957 0.02044
vt -0.92735 -0.00214
vt -0.92652 -0.04856
vt -0.80800 -0.06710
vt -0.92635 -0.04835
vt -0.80939 0.02064
vt -0.92718 -0.00194
vt -0.80783 -0.06690
vt -1.06090 -0.08198
vt -1.07021 0.03636
vt -1.06771 -0.08216
vt -1.06341 0.03653
vt -0.67428 -0.08198
vt -0.66497 0.03636
vt -0.67178 0.03653
vt -0.66748 -0.08216
vt -0.67294 -0.00194
vt -0.67428 -0.04835
vt -0.66613 -0.00214
vt -0.66748 -0.04856
vt -1.06905 -0.00214
vt -1.06090 -0.04835
vt -1.06224 -0.00194
vt -1.06771 -0.04856
vt 28.08160 -32.97160
vt 27.92130 -32.94090
vt 28.08040 -33.03480
vt 27.91920 -33.06000
vt 27.92060 -32.94000
vt 28.07970 -33.03390
vt 28.08080 -32.97070
vt 27.91840 -33.05910
vt 27.80500 -33.08160
vt 27.83040 -32.92060
vt 27.80000 -32.92130
vt 27.83540 -33.08080
vt 28.19500 -33.08160
vt 28.16960 -32.92060
vt 28.16460 -33.08080
vt 28.20000 -32.92130
vt 28.16610 -33.05910
vt 28.20000 -32.94090
vt 28.16960 -32.94000
vt 28.19660 -33.06000
vt 27.83390 -33.05910
vt 27.80000 -32.94090
vt 27.80340 -33.06000
vt 27.83040 -32.94000
vt 28.07870 -32.94090
vt 27.91840 -32.97160
vt 27.91960 -33.03480
vt 28.08080 -33.06000
vt 27.92030 -33.03390
vt 28.07940 -32.94000
vt 27.91920 -32.97070
vt 28.08160 -33.05910
vt 28.16270 -33.07970
vt 28.19660 -32.91920
vt 28.16610 -32.91840
vt 28.19320 -33.08040
vt 27.83730 -33.07970
vt 27.80340 -32.91920
vt 27.80680 -33.08040
vt 27.83390 -32.91840
vt 27.80500 -32.97160
vt 27.83730 -33.03390
vt 27.83540 -32.97070
vt 27.80680 -33.03480
vt 28.16460 -32.97070
vt 28.16270 -33.03390
vt 28.19500 -32.97160
vt 28.19320 -33.03480
vt 36.05580 -55.04270
vt 35.90000 -55.03800
vt 36.09220 -55.09410
vt 35.94070 -55.00910
vt 35.94360 -54.95380
vt 35.90700 -54.90590
vt 36.10000 -54.94730
vt 36.05920 -54.97850
vt 35.95420 -54.96700
vt 36.04840 -54.98720
vt 36.04620 -55.02860
vt 35.95230 -55.00120
vt 35.90840 -55.10000
vt 36.09160 -55.10000
vt 36.05060 -55.06170
vt 35.94940 -55.06170
vt 35.91760 -54.90700
vt 35.95490 -54.94530
vt 36.08240 -54.90700
vt 36.04510 -54.94530
vt 36.03940 -55.04910
vt 36.03480 -54.95380
vt 35.96060 -55.04910
vt 35.96520 -54.95380
vt 35.91760 -55.03800
vt 36.08240 -55.03800
vt 36.08240 -54.90590
vt 35.91760 -54.90590
vt 36.10000 -55.03800
vt 35.94420 -55.04270
vt 35.90780 -55.09410
vt 36.05930 -55.00910
vt 35.90000 -54.94730
vt 35.94080 -54.97850
vt 36.09300 -54.90590
vt 36.05640 -54.95380
vt 36.04580 -54.96700
vt 35.95160 -54.98720
vt 35.95380 -55.02860
vt 36.04770 -55.00120
vt 36.09160 -54.94730
vt 35.90840 -54.94730
vt 35.90840 -55.09410
vt 36.09160 -55.09410
vt 35.95490 -54.91410
vt 36.03480 -54.92590
vt 36.04510 -54.91410
vt 35.96520 -54.92590
vt 6.09693 -15.00990
vt 5.90307 -14.98640
vt 6.09501 -15.04610
vt 5.90479 -14.95390
vt 5.91755 -14.98640
vt 6.08245 -14.98640
vt 6.08245 -14.95390
vt 5.91755 -14.95390
vt 5.90307 -15.00990
vt 6.09693 -14.98640
vt 6.09521 -14.95390
vt 5.90499 -15.04610
vt 5.90838 -15.09500
vt 6.09162 -15.09500
vt 6.08245 -14.90310
vt 5.91755 -14.90310
vt 6.09162 -15.00990
vt 5.90838 -15.00990
vt 5.90838 -15.04610
vt 6.09162 -15.04610
vt 0.31676 1.03024
vt 0.22069 1.01621
vt 0.31456 0.98882
vt 0.22251 1.05045
vt 0.78979 0.44577
vt 0.71559 0.54115
vt 0.71106 0.44577
vt 0.78526 0.54115
vt -0.53168 1.19470
vt -0.62775 1.20874
vt -0.62555 1.16731
vt -0.53350 1.22894
vt 6.01651 -3.01151
vt 5.98349 -2.93247
vt 5.95718 -2.97311
vt 6.04282 -2.97088
vt 5.97752 -3.06753
vt 6.00560 -3.05542
vt 5.99121 -2.98349
vt 5.99121 -3.04282
vt 6.00810 -3.04282
vt 6.00810 -2.98349
vt 6.00879 -2.97311
vt 5.99190 -2.93247
vt 5.99190 -2.97311
vt 6.00879 -2.93247
vt 6.00879 -3.06753
vt 5.99121 -3.06753
vt 6.02248 -3.06753
vt 5.98349 -3.01151
vt 5.99440 -3.05542
vt 6.04282 -2.97311
vt 6.01651 -2.93247
vt 5.95718 -2.97088
vt 6.00879 -3.00560
vt 5.99121 -2.97752
vt 5.99121 -3.00560
vt 6.00879 -2.97752
vt 5.99121 -2.97088
vt 6.00810 -3.01151
vt 6.00810 -2.97088
vt 5.99121 -3.01151
vt 5.99121 -3.05542
vt 6.00879 -3.05542
vt 1.91914 -10.98080
vt 2.00358 -10.99000
vt 1.99042 -10.88620
vt 1.96415 -11.11380
vt 1.90222 -11.10490
vt 2.00367 -11.09410
vt 2.05751 -11.02000
vt 2.06294 -10.89270
vt 2.09778 -10.95020
vt 2.03405 -11.06290
vt 1.96498 -10.99040
vt 1.96498 -11.06290
vt 2.03502 -10.99040
vt 1.96498 -10.98080
vt 1.96498 -11.10490
vt 2.03502 -11.10490
vt 2.03502 -10.98080
vt 1.96498 -10.88620
vt 2.03502 -10.88620
vt 1.99642 -10.99000
vt 2.08086 -10.98080
vt 2.00958 -10.88620
vt 2.03585 -11.11380
vt 1.93706 -10.89270
vt 1.90222 -10.95020
vt 1.94249 -11.02000
vt 1.99633 -11.09410
vt 2.09778 -11.10490
vt 1.96498 -10.96420
vt 2.03502 -10.96420
vt 1.96498 -10.90220
vt 2.03502 -10.90220
vt 2.03502 -11.00370
vt 1.96498 -11.00370
vt 2.03405 -10.89270
vt 1.96498 -10.95020
vt 2.03502 -10.95020
vt 1.96498 -10.89270
vt 1.96498 -11.02000
vt 2.03502 -11.02000
vt 2.03502 -11.09410
vt 1.96498 -11.09410
vt -0.66509 1.92474
vt -0.63364 1.99617
vt -0.66839 1.95170
vt -0.60667 1.99947
vt -0.73982 1.98315
vt -0.67810 2.03092
vt -0.71285 1.98646
vt -0.68141 2.05789
vt -0.68401 1.99947
vt -0.68401 1.92474
vt -0.66248 1.92474
vt -0.66248 1.99947
vt -0.67090 2.02212
vt -0.68401 1.98646
vt -0.67090 1.98753
vt -0.68401 2.03092
vt -0.66248 1.98315
vt -0.68401 2.05789
vt -0.68401 1.98315
vt -0.66248 2.05789
vt -0.66248 1.95170
vt -0.66248 1.99617
vt -0.67560 1.96050
vt -0.67560 1.99509
vt -0.60667 1.98315
vt -0.73982 1.99947
vt -0.68141 1.92474
vt -0.66509 2.05789
vt -0.67090 1.98754
vt 2.82567 3.51053
vt 3.19655 3.51053
vt 3.01111 3.69596
vt 3.01111 3.32509
vt 2.98135 3.69596
vt 2.98135 3.51052
vt 3.04087 3.69596
vt 3.04087 3.51052
vt 3.04087 3.40020
vt 3.00461 3.51052
vt 3.00461 3.42471
vt 3.00461 3.59634
vt 3.04087 3.62085
vt 3.01761 3.51053
vt 2.98135 3.62085
vt 2.98135 3.51053
vt 3.01761 3.42471
vt 2.98135 3.40020
vt 3.01111 3.40020
vt 2.90079 3.51053
vt 3.12143 3.51053
vt 3.01111 3.62085
vt 3.01761 3.51052
vt 3.01761 3.59634
vt 2.98135 3.32509
vt 3.04087 3.51053
vt 3.04087 3.32509
vt 50.19610 -49.07460
vt 50.17010 -48.77960
vt 49.97640 -48.94990
vt 49.99590 -48.68210
vt 49.89290 -49.24810
vt 49.82110 -48.71980
vt 49.82320 -49.15220
vt 49.80390 -48.92340
vt 50.03320 -49.32090
vt 50.07270 -48.99590
vt 49.92320 -48.82110
vt 49.92290 -48.99590
vt 50.07290 -48.82110
vt 50.07340 -49.17010
vt 49.92360 -49.17010
vt 49.92340 -49.24510
vt 50.07320 -49.24810
vt 50.07380 -49.15220
vt 49.92410 -49.14920
vt 49.92570 -48.92050
vt 50.07540 -48.92340
vt 50.07680 -48.71980
vt 49.92710 -48.71690
vt 49.80390 -49.07170
vt 50.02360 -48.94690
vt 49.82990 -48.77660
vt 50.10710 -49.24510
vt 49.96680 -49.31790
vt 50.17680 -49.14920
vt 50.19610 -48.92050
vt 50.17890 -48.71690
vt 50.00410 -48.67910
vt 50.07270 -49.03320
vt 49.92340 -48.89290
vt 49.92290 -49.03320
vt 50.07320 -48.89290
vt 49.92560 -49.07460
vt 50.07710 -49.31790
vt 50.07540 -49.07170
vt 49.92730 -49.32090
vt 49.92360 -48.77960
vt 50.07340 -48.77660
vt 7.91419 -31.00000
vt 8.08581 -31.00000
vt 8.00000 -30.91420
vt 8.00000 -31.08580
vt 35.67950 -23.17870
vt 36.34100 -23.14340
vt 36.29910 -23.10650
vt 35.65900 -22.90780
vt 35.71550 -23.13760
vt 35.70070 -22.94180
vt 36.28080 -22.86550
vt 36.31660 -22.82130
vt 36.27150 -22.87760
vt 35.71270 -22.95110
vt 35.72600 -23.12620
vt 36.28810 -23.09630
vt 36.18840 -23.27780
vt 35.77020 -23.31660
vt 36.22980 -23.31660
vt 36.19320 -22.65900
vt 35.81160 -23.27780
vt 35.80680 -22.65900
vt 35.84380 -22.69780
vt 36.15620 -22.69780
vt 36.14600 -22.70970
vt 36.17700 -23.26840
vt 35.85400 -22.70970
vt 35.82300 -23.26840
vt 35.80680 -23.17870
vt 36.19320 -23.17870
vt 36.19320 -22.90780
vt 35.80680 -22.90780
vt 36.22760 -23.10650
vt 36.22760 -22.86550
vt 36.21720 -22.87760
vt 36.21720 -23.09630
vt 35.77240 -23.10650
vt 35.78280 -22.87760
vt 35.77240 -22.86550
vt 35.78280 -23.09630
vt 36.18840 -22.82640
vt 35.81160 -22.82640
vt 35.82300 -22.83750
vt 36.17700 -22.83750
vt 36.32050 -23.17870
vt 35.70090 -23.10650
vt 35.65900 -23.14340
vt 35.71920 -22.86550
vt 35.68340 -22.82130
vt 36.34100 -22.90780
vt 36.29930 -22.94180
vt 36.28450 -23.13760
vt 35.72850 -22.87760
vt 36.28730 -22.95110
vt 36.27400 -23.12620
vt 35.71190 -23.09630
vt 36.22980 -22.82130
vt 35.77020 -22.82130
vt 35.77020 -23.14340
vt 36.22980 -23.14340
vt 2.52653 2.79297
vt 1.96778 2.86646
vt 1.95121 2.64781
vt 2.51326 2.61785
vt 0.46997 1.07597
vt 0.43891 1.63472
vt 0.11587 1.07597
vt 0.14693 1.63472
vt 2.66201 3.14791
vt 2.08669 3.29307
vt 2.09996 3.11795
vt 2.64544 3.36656
vt 42.32560 -10.92510
vt 41.67270 -11.07490
vt 42.33590 -11.06130
vt 41.66410 -10.96040
vt 41.80680 -11.07490
vt 42.19320 -11.07490
vt 42.19320 -10.96040
vt 41.80680 -10.96040
vt 41.67440 -10.92510
vt 42.32730 -11.07490
vt 42.33590 -10.96040
vt 41.66410 -11.06130
vt 41.77020 -11.33590
vt 42.22980 -11.33590
vt 42.19320 -10.67270
vt 41.80680 -10.67270
vt 42.22980 -10.92510
vt 41.77020 -10.92510
vt 41.77020 -11.06130
vt 42.22980 -11.06130
vt -1.72770 -1.27156
vt -1.54226 -1.08612
vt -1.72770 -1.19644
vt -1.61738 -1.08612
vt -1.83802 -1.08612
vt -1.72770 -0.90068
vt -1.91314 -1.08612
vt -1.72770 -0.97580
vt -1.75746 -0.90068
vt -1.69795 -1.08612
vt -1.69795 -0.90068
vt -1.75746 -1.08612
vt -1.72120 -1.08612
vt -1.75746 -1.19644
vt -1.72120 -1.17193
vt -1.72120 -1.00030
vt -1.75746 -0.97580
vt -1.69795 -0.97580
vt -1.73420 -1.08612
vt -1.69795 -1.19644
vt -1.73420 -1.17193
vt -1.73420 -1.00030
vt -1.69795 -1.27156
vt -1.75746 -1.27156
vt 50.08580 -29.00000
vt 49.91420 -29.00000
vt 50.00000 -29.08580
vt 50.00000 -28.91420
vt 58.19610 -19.07170
vt 58.17010 -18.77660
vt 57.97640 -18.94690
vt 57.99590 -18.67910
vt 57.89290 -19.24510
vt 57.82110 -18.71690
vt 57.82320 -19.14920
vt 57.80390 -18.92050
vt 58.03320 -19.31790
vt 57.92730 -18.99590
vt 58.07680 -18.82110
vt 57.92710 -18.82110
vt 58.07710 -18.99590
vt 57.92660 -19.17010
vt 58.07640 -19.17010
vt 58.07660 -19.24510
vt 57.92620 -19.15220
vt 57.92680 -19.24810
vt 58.07590 -19.14920
vt 58.07430 -18.92050
vt 57.92320 -18.71990
vt 57.92460 -18.92340
vt 58.07290 -18.71690
vt 57.82990 -18.77960
vt 57.80390 -19.07460
vt 58.02360 -18.94990
vt 58.00410 -18.68210
vt 58.17890 -18.71990
vt 58.19610 -18.92340
vt 58.17680 -19.15220
vt 58.10710 -19.24810
vt 57.96680 -19.32090
vt 57.92730 -19.03320
vt 58.07660 -18.89290
vt 57.92680 -18.89290
vt 58.07710 -19.03320
vt 58.07440 -19.07460
vt 57.92290 -19.31790
vt 58.07270 -19.32090
vt 57.92460 -19.07170
vt 58.07640 -18.77960
vt 57.92660 -18.77660
vt -0.61326 0.14934
vt -0.97923 0.17180
vt -0.99151 0.01006
vt -0.60631 0.01905
vt -0.25450 -0.76906
vt 0.12375 -0.90834
vt 0.11147 -0.74660
vt -0.26144 -0.89935
vt -0.98715 0.18004
vt -1.00835 0.53977
vt -1.24097 0.18004
vt -1.21978 0.53977
vt 17.75430 -35.12140
vt 18.24570 -35.13280
vt 18.20350 -35.09270
vt 17.79540 -35.08320
vt 18.22560 -34.86720
vt 18.18950 -34.90860
vt 17.76630 -34.89530
vt 17.80340 -34.93230
vt 17.81420 -34.94240
vt 18.18020 -34.91990
vt 17.80730 -35.07270
vt 18.19250 -35.08170
vt 18.13830 -35.18650
vt 17.82020 -35.22560
vt 18.17980 -35.22560
vt 17.84720 -34.76630
vt 17.86170 -35.18650
vt 18.15280 -34.76630
vt 17.88410 -34.80530
vt 18.11590 -34.80530
vt 18.12690 -35.17640
vt 18.10570 -34.81670
vt 17.87310 -35.17640
vt 17.89430 -34.81670
vt 18.15280 -35.12140
vt 17.84720 -34.89530
vt 17.84720 -35.12140
vt 18.15280 -34.89530
vt 18.17740 -35.09270
vt 18.17770 -34.90860
vt 18.16740 -34.91990
vt 18.16700 -35.08170
vt 17.82260 -35.09270
vt 17.83260 -34.91990
vt 17.82230 -34.90860
vt 17.83300 -35.08170
vt 18.13830 -34.86960
vt 17.86170 -34.86960
vt 17.87310 -34.88000
vt 18.12690 -34.88000
vt 18.23370 -34.89530
vt 17.77440 -34.86720
vt 17.81050 -34.90860
vt 18.24570 -35.12140
vt 17.79650 -35.09270
vt 17.75430 -35.13280
vt 18.20460 -35.08320
vt 18.19660 -34.93230
vt 18.18580 -34.94240
vt 17.81980 -34.91990
vt 18.19270 -35.07270
vt 17.80750 -35.08170
vt 18.17980 -34.86720
vt 17.82020 -34.86720
vt 17.82020 -35.13280
vt 18.17980 -35.13280
vt 33.74870 -51.02690
vt 34.24430 -50.95930
vt 33.75290 -50.94780
vt 34.25130 -51.05220
vt 34.15270 -51.02690
vt 33.84730 -50.94780
vt 33.84730 -51.02690
vt 34.15270 -50.94780
vt 33.75570 -50.95930
vt 34.25130 -51.02690
vt 34.24710 -50.94780
vt 33.74870 -51.05220
vt 33.82020 -51.25130
vt 34.17980 -51.25130
vt 34.15270 -50.74870
vt 33.84730 -50.74870
vt 34.17980 -50.95930
vt 33.82020 -50.95930
vt 33.82020 -51.05220
vt 34.17980 -51.05220
vt 2.02091 -26.98400
vt 2.03942 -26.81370
vt 1.88082 -26.96760
vt 1.90499 -27.18630
vt 2.19690 -26.92030
vt 2.16025 -26.82550
vt 2.10085 -27.03410
vt 1.98002 -27.15460
vt 1.80310 -27.17070
vt 1.94370 -27.16030
vt 2.05790 -27.16030
vt 2.05790 -27.03940
vt 1.94210 -27.03940
vt 2.05790 -26.88080
vt 1.94210 -26.88080
vt 2.05790 -27.17070
vt 1.94210 -26.96760
vt 1.94210 -27.17070
vt 2.05790 -26.96760
vt 2.11918 -26.96760
vt 1.96058 -26.81370
vt 1.97910 -26.98400
vt 2.09501 -27.18630
vt 2.19690 -27.17070
vt 2.01998 -27.15460
vt 1.89915 -27.03410
vt 1.83975 -26.82550
vt 1.80310 -26.92030
vt 2.05790 -26.90500
vt 2.05790 -26.80310
vt 1.94210 -26.90500
vt 1.94210 -26.80310
vt 2.05790 -26.98000
vt 1.94210 -26.98000
vt 1.94210 -27.10080
vt 2.05790 -27.10080
vt 1.94370 -26.82550
vt 2.05790 -26.92030
vt 2.05790 -26.82550
vt 1.94210 -26.92030
vt 1.94210 -27.03410
vt 2.05790 -27.03410
vt 1.07306 0.28238
vt 0.88813 0.30332
vt 0.89200 0.23046
vt 1.06992 0.34149
vt -0.37343 1.63912
vt -0.55836 1.61818
vt -0.37730 1.56626
vt -0.55522 1.67729
vt 0.26290 0.83348
vt 0.25366 1.01631
vt 0.12965 0.83348
vt 0.13889 1.01631
vt 44.09850 -43.06740
vt 43.85560 -43.03840
vt 44.13490 -43.11850
vt 43.89630 -43.00940
vt 43.90050 -42.92920
vt 43.86390 -42.88150
vt 44.14440 -42.94040
vt 44.10360 -42.97180
vt 43.91110 -42.94230
vt 44.09290 -42.98050
vt 44.08900 -43.05330
vt 43.90790 -43.00140
vt 43.88100 -43.14440
vt 44.11900 -43.14440
vt 44.07790 -43.10610
vt 43.92210 -43.10610
vt 43.89510 -42.86390
vt 43.93240 -42.90220
vt 44.10490 -42.86390
vt 44.06760 -42.90220
vt 44.06660 -43.09360
vt 44.05740 -42.91070
vt 43.93340 -43.09360
vt 43.94260 -42.91070
vt 43.89510 -43.03840
vt 44.10490 -43.03840
vt 44.10490 -42.88150
vt 43.89510 -42.88150
vt 43.88290 -42.97180
vt 43.88290 -43.06740
vt 43.89320 -43.05330
vt 43.89320 -42.98050
vt 44.11710 -42.97180
vt 44.10680 -43.05330
vt 44.11710 -43.06740
vt 44.10680 -42.98050
vt 43.90150 -43.06740
vt 44.14440 -43.03840
vt 44.10370 -43.00940
vt 43.85560 -42.94040
vt 43.89640 -42.97180
vt 43.86510 -43.11850
vt 44.13610 -42.88150
vt 44.09950 -42.92920
vt 44.08890 -42.94230
vt 43.90710 -42.98050
vt 43.91100 -43.05330
vt 44.09210 -43.00140
vt 44.11900 -42.94040
vt 43.88100 -42.94040
vt 43.88100 -43.11850
vt 44.11900 -43.11850
vt 43.94260 -42.90130
vt 44.06760 -42.88950
vt 43.93240 -42.88950
vt 44.05740 -42.90130
vt 42.14110 -41.01020
vt 41.85890 -40.98270
vt 42.13790 -41.06990
vt 41.86170 -40.93010
vt 41.89510 -40.98270
vt 42.10490 -40.98270
vt 42.10490 -40.93010
vt 41.89510 -40.93010
vt 41.85890 -41.01020
vt 42.14110 -40.98270
vt 42.13830 -40.93010
vt 41.86210 -41.06990
vt 41.88100 -41.13790
vt 42.11900 -41.13790
vt 42.10490 -40.85890
vt 41.89510 -40.85890
vt 42.11900 -41.01020
vt 41.88100 -41.01020
vt 41.88100 -41.06990
vt 42.11900 -41.06990
vt 20.00360 -24.99000
vt 19.99040 -24.88620
vt 19.91910 -24.98080
vt 19.96420 -25.11380
vt 20.06290 -24.89270
vt 20.09780 -24.95020
vt 20.05750 -25.02000
vt 20.00370 -25.09410
vt 19.90220 -25.10490
vt 19.96590 -25.06290
vt 20.03500 -25.06290
vt 20.03500 -24.99040
vt 19.96500 -24.99040
vt 20.03500 -24.98080
vt 19.96500 -25.10490
vt 20.03500 -25.10490
vt 19.96500 -24.98080
vt 20.03500 -24.88620
vt 19.96500 -24.88620
vt 20.08090 -24.98080
vt 20.00960 -24.88620
vt 19.99640 -24.99000
vt 20.03580 -25.11380
vt 20.09780 -25.10490
vt 19.99630 -25.09410
vt 19.94250 -25.02000
vt 19.93710 -24.89270
vt 19.90220 -24.95020
vt 20.03500 -24.90220
vt 19.96500 -24.96420
vt 20.03500 -24.96420
vt 19.96500 -24.90220
vt 19.96500 -25.00370
vt 20.03500 -25.00370
vt 19.96590 -24.89270
vt 20.03500 -24.95020
vt 20.03500 -24.89270
vt 19.96500 -24.95020
vt 20.03500 -25.02000
vt 19.96500 -25.02000
vt 19.96500 -25.09410
vt 20.03500 -25.09410
vt 52.01650 -45.01150
vt 51.98350 -44.93250
vt 51.95720 -44.97310
vt 52.04280 -44.97090
vt 51.97750 -45.06750
vt 52.00560 -45.05540
vt 52.00880 -44.98350
vt 51.99190 -45.04280
vt 52.00880 -45.04280
vt 51.99190 -44.98350
vt 52.00810 -44.97310
vt 52.00810 -44.93250
vt 51.99120 -44.97310
vt 51.99120 -44.93250
vt 52.00880 -45.06750
vt 51.99120 -45.06750
vt 51.98350 -45.01150
vt 52.01650 -44.93250
vt 51.95720 -44.97090
vt 52.04280 -44.97310
vt 52.02250 -45.06750
vt 51.99440 -45.05540
vt 51.99120 -45.00560
vt 52.00880 -45.00560
vt 52.00880 -44.97750
vt 51.99120 -44.97750
vt 51.99190 -44.97090
vt 51.99190 -45.01150
vt 52.00880 -44.97090
vt 52.00880 -45.01150
vt 52.00880 -45.05540
vt 51.99120 -45.05540
vt -0.10142 0.31264
vt 0.03173 0.32896
vt -0.04300 0.38737
vt -0.02669 0.25422
vt -0.02408 0.25422
vt -0.02408 0.32896
vt -0.04561 0.25422
vt -0.04561 0.32896
vt -0.03720 0.35161
vt -0.03720 0.31702
vt -0.02408 0.31594
vt -0.02408 0.36040
vt -0.02408 0.31264
vt -0.02408 0.38737
vt -0.04561 0.31264
vt -0.04561 0.38737
vt -0.03249 0.28999
vt -0.04561 0.32565
vt -0.04561 0.28119
vt -0.03249 0.32457
vt -0.04300 0.25422
vt -0.07445 0.32565
vt -0.10142 0.32896
vt -0.02999 0.36040
vt -0.03970 0.28119
vt -0.02668 0.38737
vt 0.03173 0.31264
vt 0.00476 0.31594
vt -0.03720 0.35160
vt 14.03940 -18.81370
vt 13.88080 -18.96760
vt 14.02090 -18.98400
vt 13.90500 -19.18630
vt 13.80310 -19.17070
vt 13.98000 -19.15460
vt 14.10080 -19.03410
vt 14.16030 -18.82550
vt 14.19690 -18.92030
vt 14.05630 -19.16030
vt 13.94210 -19.03940
vt 13.94210 -19.16030
vt 14.05790 -19.03940
vt 13.94210 -18.88080
vt 14.05790 -18.88080
vt 13.94210 -19.17070
vt 14.05790 -18.96760
vt 13.94210 -18.96760
vt 14.05790 -19.17070
vt 14.11920 -18.96760
vt 13.96060 -18.81370
vt 13.97910 -18.98400
vt 14.09500 -19.18630
vt 13.83970 -18.82550
vt 13.80310 -18.92030
vt 13.89920 -19.03410
vt 14.02000 -19.15460
vt 14.19690 -19.17070
vt 13.94210 -18.90500
vt 14.05790 -18.90500
vt 13.94210 -18.80310
vt 14.05790 -18.80310
vt 13.94210 -18.98000
vt 14.05790 -18.98000
vt 13.94210 -19.10080
vt 14.05790 -19.10080
vt 14.05630 -18.82550
vt 13.94210 -18.92030
vt 14.05790 -18.92030
vt 13.94210 -18.82550
vt 14.05790 -19.03410
vt 13.94210 -19.03410
vt 57.83960 -0.97994
vt 58.16040 -1.01918
vt 58.06410 -0.79826
vt 58.00110 -1.20174
vt 58.20980 -1.06412
vt 57.79020 -0.83956
vt 57.79020 -1.06412
vt 58.20980 -0.83956
vt 57.79020 -1.20174
vt 58.20980 -1.20174
vt 58.20980 -0.97994
vt 57.79020 -0.97994
vt 58.16040 -0.97994
vt 57.83960 -1.01918
vt 57.99890 -1.20174
vt 57.93590 -0.79826
vt 58.20980 -0.79826
vt 57.79020 -0.79826
vt 57.79020 -1.01918
vt 58.20980 -1.01918
vt 9.87845 -2.94792
vt 10.11670 -3.05208
vt 10.12160 -2.96163
vt 9.94172 -3.12155
vt 10.05830 -3.12155
vt 10.00000 -2.87845
vt 9.88325 -3.05208
vt 10.12160 -2.94792
vt 9.87845 -2.96163
vt 10.05830 -2.96163
vt 9.94172 -2.96163
vt 9.94172 -3.05208
vt 10.05830 -3.05208
vt 3.88085 -50.93500
vt 4.11777 -51.06500
vt 4.11915 -51.03910
vt 3.88223 -51.06500
vt 4.11915 -50.93500
vt 3.88085 -51.03910
vt 4.00000 -50.88080
vt 3.94173 -51.11780
vt 4.05827 -51.11780
vt 4.05827 -51.03910
vt 3.94173 -51.03910
vt 3.94173 -51.06500
vt 4.05827 -51.06500
vt 1.03680 0.21792
vt 1.32227 0.14616
vt 1.31720 0.24157
vt 1.04306 0.09998
vt 0.87488 0.86678
vt 0.58941 0.79502
vt 0.86861 0.74884
vt 0.59448 0.89043
vt -0.78726 -0.53272
vt -0.80208 -0.25240
vt -0.97405 -0.53272
vt -0.95922 -0.25240
vt 19.80510 0.93559
vt 20.18320 0.87305
vt 20.14650 0.91877
vt 19.84590 0.96848
vt 20.19490 1.09493
vt 20.15390 1.05913
vt 19.85210 1.08458
vt 19.81520 1.12695
vt 19.86270 1.07290
vt 20.14320 1.04926
vt 20.13690 0.93132
vt 19.85770 0.97750
vt 19.85400 0.80506
vt 20.14600 0.80506
vt 20.10470 0.84404
vt 19.89530 0.84404
vt 19.87410 1.18478
vt 19.91120 1.14579
vt 20.12590 1.18478
vt 20.08880 1.14579
vt 20.09340 0.85558
vt 20.07860 1.13589
vt 19.90660 0.85558
vt 19.92140 1.13589
vt 19.87410 0.93559
vt 20.12590 0.93559
vt 20.12590 1.12695
vt 19.87410 1.12695
vt 20.14390 1.05913
vt 20.13360 0.93132
vt 20.14390 0.91877
vt 20.13360 1.04926
vt 19.85610 1.05913
vt 19.85610 0.91877
vt 19.86640 0.93132
vt 19.86640 1.04926
vt 20.19490 0.93559
vt 19.85350 0.91877
vt 19.81680 0.87305
vt 20.15410 0.96848
vt 19.80510 1.09493
vt 19.84610 1.05913
vt 20.14790 1.08458
vt 20.18480 1.12695
vt 20.13730 1.07290
vt 19.85680 1.04926
vt 19.86310 0.93132
vt 20.14230 0.97750
vt 20.14600 1.09493
vt 19.85400 1.09493
vt 19.85400 0.87305
vt 20.14600 0.87305
vt 20.08880 1.12366
vt 19.91120 1.12366
vt 19.92140 1.11302
vt 20.07860 1.11302
vt 20.19060 -24.99640
vt 19.80940 -24.99400
vt 20.18690 -25.06610
vt 19.81250 -24.93390
vt 19.87410 -24.99400
vt 20.12590 -24.99400
vt 20.12590 -24.93390
vt 19.87410 -24.93390
vt 19.80940 -24.99640
vt 20.19060 -24.99400
vt 20.18750 -24.93390
vt 19.81310 -25.06610
vt 19.85400 -25.18690
vt 20.14600 -25.18690
vt 20.12590 -24.80940
vt 19.87410 -24.80940
vt 20.14600 -24.99640
vt 19.85400 -24.99640
vt 19.85400 -25.06610
vt 20.14600 -25.06610
vt 1.50239 2.29408
vt 1.57304 2.38403
vt 1.51824 2.40532
vt 1.38399 2.28877
vt 1.37525 2.42776
vt 1.62669 2.28659
vt 1.46380 2.30040
vt 1.53724 2.31761
vt 1.47314 2.35520
vt 1.51274 2.27169
vt 1.58869 2.45562
vt 1.51610 2.49819
vt 1.51839 2.28877
vt 1.51644 2.42776
vt 1.44744 2.28877
vt 1.44385 2.42776
vt 1.43079 2.38403
vt 1.37525 2.28659
vt 1.49008 2.29408
vt 1.47670 2.40532
vt 1.60695 2.28877
vt 1.61471 2.42776
vt 1.55660 2.37105
vt 1.44744 2.44785
vt 1.48827 2.33099
vt 1.51839 2.48946
vt 1.58869 2.24675
vt 1.53652 2.21616
vt 1.49602 2.28659
vt 1.51274 2.38403
vt 1.46380 2.38403
vt 1.44385 2.28659
vt 0.58059 2.08151
vt 0.50950 1.99156
vt 0.64032 1.98407
vt 0.52549 2.10280
vt 0.38080 1.98625
vt 0.37178 2.12524
vt 0.47927 1.98011
vt 0.53282 1.98011
vt 0.54111 2.03521
vt 0.47098 2.03521
vt 0.54576 2.18892
vt 0.46634 2.18892
vt 0.54486 1.98625
vt 0.54576 2.12524
vt 0.46724 1.98625
vt 0.46634 2.12524
vt 0.50259 1.99156
vt 0.48660 2.10280
vt 0.43150 2.08151
vt 0.63129 1.98625
vt 0.64032 2.12524
vt 0.37178 1.98407
vt 0.46867 2.05120
vt 0.54342 2.05120
vt 0.54486 2.17990
vt 0.46724 2.17990
vt 0.53458 1.92038
vt 0.47751 1.92038
vt 0.53458 1.98407
vt 0.53282 2.08151
vt 0.47927 2.08151
vt 0.47751 1.98407
vt -1.25548 -0.52328
vt -1.19338 -0.43332
vt -1.24148 -0.41204
vt -1.37588 -0.52858
vt -1.38396 -0.38960
vt -1.13642 -0.53076
vt -1.22841 -0.52078
vt -1.30074 -0.49672
vt -1.27878 -0.54482
vt -1.23479 -0.46524
vt -1.34465 -0.35424
vt -1.26996 -0.31858
vt -1.21456 -0.52858
vt -1.28608 -0.38960
vt -1.28756 -0.52858
vt -1.21139 -0.38960
vt -1.33862 -0.43332
vt -1.39399 -0.53076
vt -1.26700 -0.52328
vt -1.28308 -0.41204
vt -1.14531 -0.52858
vt -1.13642 -0.38960
vt -1.31931 -0.44916
vt -1.21456 -0.36232
vt -1.28756 -0.32747
vt -1.24901 -0.48272
vt -1.34465 -0.57615
vt -1.29097 -0.60178
vt -1.26507 -0.53076
vt -1.22841 -0.43332
vt -1.27878 -0.43332
vt -1.21139 -0.53076
vt 12.16330 -6.92877
vt 11.99040 -7.07367
vt 12.16330 -7.07123
vt 11.99040 -6.92633
vt 11.83670 -6.92940
vt 11.83670 -7.07060
vt 11.80680 -6.99039
vt 12.19320 -6.99039
vt 12.11000 -6.83673
vt 11.89000 -6.83673
vt 11.87030 -7.16327
vt 12.12970 -7.16327
vt 12.11000 -7.07060
vt 11.89000 -6.92940
vt 11.89000 -7.07060
vt 12.11000 -6.92940
vt 11.83670 -6.92877
vt 11.83670 -7.07123
vt 12.00960 -7.07367
vt 12.00960 -6.92633
vt 12.16330 -6.92940
vt 12.16330 -7.07060
vt 12.12970 -6.92877
vt 11.87030 -6.92877
vt 11.87030 -7.07123
vt 12.12970 -7.07123
vt -0.09673 0.62417
vt -0.05135 0.61870
vt -0.04875 0.63792
vt -0.05791 0.68816
vt -0.11454 0.66262
vt -0.08439 0.58405
vt -0.08107 0.62056
vt -0.10620 0.67256
vt -0.10732 0.61594
vt -0.08055 0.67708
vt -0.09841 0.63513
vt -0.06160 0.66262
vt -0.08726 0.67401
vt -0.07371 0.62417
vt -0.10732 0.59242
vt -0.08845 0.58405
vt -0.11334 0.62656
vt -0.06673 0.63513
vt -0.11497 0.64820
vt -0.04875 0.67401
vt -0.10527 0.69981
vt -0.08009 0.59242
vt -0.08417 0.61870
vt -0.07935 0.58405
vt -0.06049 0.59242
vt -0.06647 0.62656
vt -0.10732 0.68816
vt -0.06871 0.64820
vt -0.08107 0.69981
vt -0.09189 0.63792
vt -0.43301 1.81013
vt -0.38652 1.80186
vt -0.38479 1.82327
vt -0.45056 1.84793
vt -0.39402 1.87367
vt -0.42000 1.76829
vt -0.38979 1.78925
vt -0.39106 1.84591
vt -0.41530 1.79477
vt -0.41599 1.85131
vt -0.40107 1.81013
vt -0.43943 1.83434
vt -0.42508 1.79704
vt -0.41450 1.84793
vt -0.38979 1.76829
vt -0.40813 1.75830
vt -0.44768 1.79249
vt -0.40267 1.79704
vt -0.45056 1.81099
vt -0.38532 1.83434
vt -0.44198 1.85977
vt -0.41445 1.75830
vt -0.41648 1.79249
vt -0.44069 1.76829
vt -0.42236 1.75830
vt -0.43368 1.80186
vt -0.38979 1.85977
vt -0.43040 1.82327
vt -0.40787 1.81099
vt -0.41530 1.87367
vt 0.02898 0.64716
vt 0.07552 0.63876
vt 0.07721 0.66026
vt 0.01009 0.68833
vt 0.06659 0.71417
vt 0.04283 0.60320
vt 0.05760 0.63574
vt 0.05729 0.69225
vt 0.02969 0.63574
vt 0.03001 0.69225
vt 0.03051 0.64716
vt 0.05678 0.64716
vt 0.05729 0.68833
vt 0.03001 0.68833
vt 0.05368 0.60320
vt 0.03362 0.60320
vt 0.01177 0.63876
vt 0.05832 0.64716
vt 0.01009 0.66026
vt 0.07721 0.68833
vt 0.02070 0.71417
vt 0.04446 0.60320
vt 0.05306 0.63876
vt 0.03424 0.63876
vt 0.02969 0.71417
vt 0.03132 0.66026
vt 0.05760 0.71417
vt 0.05597 0.66026
vt 33.95510 -12.97260
vt 33.98580 -13.05060
vt 34.01370 -12.94940
vt 34.04490 -13.02720
vt 34.03870 -12.95510
vt 33.96130 -13.01370
vt 34.03870 -13.01370
vt 33.96130 -12.95510
vt 34.04560 -13.05060
vt 33.96130 -12.97260
vt 33.95440 -13.05060
vt 34.03870 -12.97260
vt 33.98630 -12.94940
vt 33.95510 -13.02720
vt 34.01420 -13.05060
vt 34.04490 -12.97260
vt 33.95440 -13.04490
vt 34.04560 -13.04490
vt 34.04560 -12.98580
vt 33.95440 -12.98580
vt 33.96130 -12.94940
vt 33.95440 -13.02720
vt 34.03870 -12.94940
vt 34.04560 -13.02720
vt 38.07180 -61.00480
vt 37.92820 -60.99260
vt 38.07010 -61.03660
vt 37.92970 -60.96340
vt 37.93020 -60.99260
vt 38.06980 -60.99260
vt 38.06980 -60.96340
vt 37.93020 -60.96340
vt 37.92820 -61.00480
vt 38.07180 -60.99260
vt 38.07030 -60.96340
vt 37.92990 -61.03660
vt 37.92390 -61.07010
vt 38.07610 -61.07010
vt 38.06980 -60.92820
vt 37.93020 -60.92820
vt 38.07610 -61.00480
vt 37.92390 -61.00480
vt 37.92390 -61.03660
vt 38.07610 -61.03660
vt -0.28004 0.80451
vt -0.23542 0.80220
vt -0.23606 0.81422
vt -0.27924 0.78942
vt 0.22282 0.59650
vt 0.17676 0.64171
vt 0.17477 0.59650
vt 0.22083 0.64171
vt 0.20918 1.11165
vt 0.16456 1.10933
vt 0.20838 1.09656
vt 0.16520 1.12136
vt 54.03140 -37.02450
vt 53.92580 -37.03440
vt 54.06790 -37.07580
vt 53.96640 -37.00550
vt 54.07420 -36.95570
vt 54.03350 -36.98670
vt 53.96820 -36.97230
vt 53.93160 -36.92420
vt 53.97870 -36.98560
vt 54.02270 -36.99530
vt 53.97800 -36.99760
vt 54.02190 -37.01040
vt 54.03530 -37.03600
vt 53.92390 -37.07420
vt 54.07610 -37.07420
vt 53.96470 -37.03600
vt 53.93020 -36.93160
vt 53.96770 -36.96980
vt 54.06980 -36.93160
vt 54.03230 -36.96980
vt 53.97600 -37.02340
vt 54.02400 -37.02340
vt 54.02200 -36.97820
vt 53.97800 -36.97820
vt 53.93020 -37.03440
vt 54.06980 -37.03440
vt 54.06980 -36.92420
vt 53.93020 -36.92420
vt 54.07420 -37.03440
vt 53.96860 -37.02450
vt 53.93210 -37.07580
vt 54.03360 -37.00550
vt 53.92580 -36.95570
vt 53.96650 -36.98670
vt 54.03180 -36.97230
vt 54.06840 -36.92420
vt 54.02130 -36.98560
vt 53.97730 -36.99530
vt 54.02200 -36.99760
vt 53.97810 -37.01040
vt 54.07610 -36.95570
vt 53.92390 -36.95570
vt 53.92390 -37.07580
vt 54.07610 -37.07580
vt 53.97800 -36.94450
vt 54.03230 -36.93260
vt 53.96770 -36.93260
vt 54.02200 -36.94450
vt 0.95951 1.54918
vt 0.91161 1.53523
vt 0.95663 1.53068
vt 0.89426 1.57253
vt 0.95092 1.59796
vt 0.92340 1.49649
vt 0.90000 1.58410
vt 0.89873 1.52743
vt 0.92424 1.53295
vt 0.92493 1.58950
vt 0.91001 1.54831
vt 0.94837 1.57253
vt 0.92344 1.58611
vt 0.93402 1.53523
vt 0.89873 1.50648
vt 0.91707 1.49649
vt 0.89546 1.54005
vt 0.94195 1.54831
vt 0.89374 1.56146
vt 0.95951 1.58611
vt 0.90296 1.61186
vt 0.92894 1.50648
vt 0.92542 1.53068
vt 0.94964 1.50648
vt 0.94262 1.54005
vt 0.93130 1.49649
vt 0.89873 1.59796
vt 0.91681 1.54918
vt 0.93934 1.56146
vt 0.92424 1.61186
vt 0.11764 0.42951
vt 0.06941 0.41641
vt 0.11596 0.40801
vt 0.05052 0.45758
vt 0.10703 0.48342
vt 0.08327 0.37245
vt 0.07044 0.46149
vt 0.07013 0.40499
vt 0.09804 0.40499
vt 0.09772 0.46149
vt 0.09722 0.41641
vt 0.07044 0.45758
vt 0.07095 0.41641
vt 0.09772 0.45758
vt 0.09411 0.37245
vt 0.07405 0.37245
vt 0.05221 0.40801
vt 0.09875 0.41641
vt 0.05052 0.42951
vt 0.11764 0.45758
vt 0.06114 0.48342
vt 0.08490 0.37245
vt 0.07467 0.40801
vt 0.09349 0.40801
vt 0.07013 0.48342
vt 0.09641 0.42951
vt 0.09804 0.48342
vt 0.07176 0.42951
vt -0.50270 0.46132
vt -0.55094 0.44825
vt -0.50433 0.43967
vt -0.56892 0.48712
vt -0.51240 0.51292
vt -0.53758 0.40553
vt -0.53660 0.43368
vt -0.51147 0.48568
vt -0.53712 0.49020
vt -0.51036 0.42905
vt -0.51926 0.44825
vt -0.53042 0.48712
vt -0.55607 0.47574
vt -0.54396 0.43729
vt -0.51036 0.40553
vt -0.52922 0.39716
vt -0.56633 0.43182
vt -0.52095 0.43729
vt -0.56892 0.45104
vt -0.53328 0.39716
vt -0.50313 0.47574
vt -0.55976 0.50127
vt -0.55120 0.43967
vt -0.55719 0.40553
vt -0.53350 0.43182
vt -0.53832 0.39716
vt -0.51036 0.50127
vt -0.54896 0.46132
vt -0.52578 0.45104
vt -0.53660 0.51292
vt 1.95511 -8.97264
vt 1.98577 -9.05062
vt 2.01371 -8.94938
vt 2.04488 -9.02715
vt 1.96134 -9.01371
vt 2.03866 -9.01371
vt 1.96134 -8.95511
vt 2.03866 -8.95511
vt 1.95442 -9.05062
vt 2.04558 -9.05062
vt 2.03866 -8.97264
vt 1.96134 -8.97264
vt 1.98629 -8.94938
vt 1.95512 -9.02715
vt 2.01423 -9.05062
vt 2.04489 -8.97264
vt 2.04558 -9.04488
vt 1.95442 -8.98577
vt 1.95442 -9.04488
vt 2.04558 -8.98577
vt 2.03866 -8.94938
vt 1.96134 -8.94938
vt 2.04558 -9.02715
vt 1.95442 -9.02715
vt 29.89220 -39.01840
vt 29.98990 -39.00010
vt 29.89660 -38.96070
vt 30.08820 -38.99200
vt 30.10780 -39.02170
vt 30.01690 -38.95520
vt 29.95000 -38.92870
vt 29.98330 -39.06740
vt 30.10090 -39.07130
vt 30.02740 -38.95000
vt 29.97340 -38.89660
vt 29.97260 -38.95000
vt 30.02740 -38.89660
vt 29.97260 -39.01690
vt 30.02740 -39.01690
vt 30.02740 -39.08820
vt 29.97260 -39.08820
vt 30.02740 -39.01840
vt 30.02660 -38.96070
vt 29.97260 -39.01840
vt 29.97260 -38.96070
vt 30.10780 -39.01840
vt 30.01010 -39.00010
vt 30.01670 -39.06740
vt 29.89910 -39.07130
vt 29.89220 -39.02170
vt 29.91180 -38.99200
vt 29.98310 -38.95520
vt 30.10340 -38.96070
vt 30.05000 -38.92870
vt 30.02740 -38.89220
vt 29.97260 -38.98330
vt 30.02740 -38.98330
vt 29.97260 -38.89220
vt 29.97260 -39.10090
vt 30.02740 -39.10090
vt 29.97260 -39.02170
vt 29.97260 -39.07130
vt 30.02740 -39.02170
vt 30.02740 -39.07130
vt 30.02740 -38.99200
vt 29.97260 -38.99200
vt 27.89220 -9.01839
vt 27.98330 -9.06740
vt 27.98990 -9.00005
vt 28.10090 -9.07125
vt 28.10780 -9.02169
vt 28.08820 -8.99201
vt 28.01690 -8.95518
vt 27.89660 -8.96066
vt 27.95000 -8.92875
vt 27.97260 -8.94997
vt 28.02660 -8.89656
vt 27.97260 -8.89656
vt 28.02740 -8.94997
vt 28.02740 -9.01691
vt 27.97260 -9.01691
vt 27.97260 -9.08818
vt 28.02740 -9.08818
vt 27.97260 -9.01839
vt 28.02740 -9.01839
vt 27.97340 -8.96066
vt 28.02740 -8.96066
vt 28.01670 -9.06740
vt 28.10780 -9.01839
vt 28.01010 -9.00005
vt 28.10340 -8.96066
vt 27.89910 -9.07125
vt 27.89220 -9.02169
vt 28.05000 -8.92875
vt 27.98310 -8.95518
vt 27.91180 -8.99201
vt 27.97260 -8.98332
vt 28.02740 -8.98332
vt 27.97260 -8.89219
vt 28.02740 -8.89219
vt 27.97260 -9.10094
vt 28.02740 -9.10094
vt 28.02740 -9.02169
vt 27.97260 -9.02169
vt 28.02740 -9.07125
vt 27.97260 -9.07125
vt 27.97260 -8.99201
vt 28.02740 -8.99201
vt 1.55768 1.60557
vt 1.41991 1.48902
vt 1.54160 1.49433
vt 1.61322 1.58428
vt 1.66859 1.48684
vt 1.41102 1.62801
vt 1.50301 1.49683
vt 1.57534 1.52088
vt 1.50939 1.55237
vt 1.55338 1.47279
vt 1.61925 1.66337
vt 1.54456 1.69903
vt 1.48916 1.48902
vt 1.56068 1.62801
vt 1.48599 1.62801
vt 1.56216 1.48902
vt 1.53008 1.49433
vt 1.46798 1.58428
vt 1.41102 1.48684
vt 1.51608 1.60557
vt 1.65048 1.48902
vt 1.65856 1.62801
vt 1.59391 1.56845
vt 1.56216 1.69013
vt 1.48916 1.65528
vt 1.52361 1.53489
vt 1.61925 1.44145
vt 1.56557 1.41583
vt 1.50301 1.58428
vt 1.53967 1.48684
vt 1.55338 1.58428
vt 1.48599 1.48684
vt -1.69428 -0.48941
vt -1.75357 -0.57936
vt -1.63874 -0.58685
vt -1.74019 -0.46812
vt -1.87044 -0.58467
vt -1.87820 -0.44569
vt -1.72729 -0.57304
vt -1.73663 -0.51824
vt -1.80073 -0.55583
vt -1.77623 -0.60175
vt -1.77959 -0.37525
vt -1.85218 -0.41782
vt -1.71093 -0.58467
vt -1.77993 -0.44569
vt -1.78188 -0.58467
vt -1.70734 -0.44569
vt -1.83653 -0.48941
vt -1.76588 -0.57936
vt -1.78173 -0.46812
vt -1.64747 -0.58467
vt -1.63874 -0.44569
vt -1.89018 -0.58685
vt -1.82008 -0.50239
vt -1.71093 -0.42559
vt -1.78188 -0.38398
vt -1.75176 -0.54245
vt -1.85218 -0.62669
vt -1.80001 -0.65728
vt -1.77623 -0.48941
vt -1.75951 -0.58685
vt -1.72729 -0.48941
vt -1.70734 -0.58685
vt 1.39145 -0.63491
vt 1.46254 -0.54496
vt 1.40744 -0.52367
vt 1.26275 -0.64022
vt 1.25373 -0.50123
vt 1.52227 -0.64239
vt 1.41477 -0.64636
vt 1.35293 -0.59126
vt 1.36122 -0.64636
vt 1.42306 -0.59126
vt 1.34829 -0.43754
vt 1.42771 -0.43754
vt 1.42681 -0.64022
vt 1.34829 -0.50123
vt 1.34919 -0.64022
vt 1.42771 -0.50123
vt 1.38454 -0.63491
vt 1.31345 -0.54496
vt 1.25373 -0.64239
vt 1.36855 -0.52367
vt 1.51324 -0.64022
vt 1.52227 -0.50123
vt 1.42537 -0.57527
vt 1.34919 -0.44657
vt 1.35062 -0.57527
vt 1.42681 -0.44657
vt 1.41654 -0.70608
vt 1.35946 -0.70608
vt 1.36122 -0.54496
vt 1.35946 -0.64239
vt 1.41477 -0.54496
vt 1.41654 -0.64239
vt 36.16330 -12.92880
vt 35.99040 -13.07370
vt 36.16330 -13.07120
vt 35.99040 -12.92630
vt 35.83670 -12.92940
vt 35.83670 -13.07060
vt 35.89000 -12.83670
vt 36.19320 -12.99040
vt 36.11000 -12.83670
vt 35.80680 -12.99040
vt 36.12970 -13.16330
vt 35.87030 -13.16330
vt 35.89000 -13.07060
vt 36.11000 -12.92940
vt 35.89000 -12.92940
vt 36.11000 -13.07060
vt 35.83670 -12.92880
vt 36.00960 -13.07370
vt 36.00960 -12.92630
vt 35.83670 -13.07120
vt 36.16330 -12.92940
vt 36.16330 -13.07060
vt 35.87030 -12.92880
vt 36.12970 -13.07120
vt 36.12970 -12.92880
vt 35.87030 -13.07120
vt 21.87360 -47.00260
vt 22.12640 -46.98100
vt 22.07100 -46.80920
vt 21.95950 -47.19080
vt 22.17170 -47.07100
vt 21.82830 -46.87360
vt 21.82830 -47.07100
vt 22.17170 -46.87360
vt 21.82830 -47.19080
vt 22.17170 -47.19080
vt 22.17170 -47.00260
vt 21.82830 -47.00260
vt 22.12640 -47.00260
vt 21.87360 -46.98100
vt 22.04050 -47.19080
vt 21.92900 -46.80920
vt 22.17170 -46.80920
vt 21.82830 -46.80920
vt 21.82830 -46.98100
vt 22.17170 -46.98100
vt 47.89950 -25.04700
vt 48.10050 -24.94290
vt 48.06640 -24.83720
vt 47.95240 -25.16280
vt 47.82830 -25.16280
vt 48.17170 -25.16280
vt 48.17170 -25.04700
vt 47.82830 -25.04700
vt 48.10050 -25.04700
vt 47.93360 -24.83720
vt 47.89950 -24.94290
vt 48.04760 -25.16280
vt 48.17170 -24.83720
vt 47.82830 -24.83720
vt 47.82830 -24.94290
vt 48.17170 -24.94290
vt 61.97210 -21.00430
vt 62.02790 -20.99570
vt 61.99660 -20.96490
vt 62.00340 -21.03510
vt 13.85010 -20.91470
vt 13.93710 -21.05950
vt 14.00240 -20.97040
vt 14.09900 -21.16290
vt 14.14990 -21.09910
vt 14.14710 -21.04110
vt 14.07780 -20.93000
vt 13.90430 -20.83730
vt 14.00590 -20.83710
vt 13.94210 -21.00590
vt 14.05630 -20.90430
vt 13.94210 -20.90430
vt 14.05790 -21.00590
vt 13.94210 -20.91470
vt 14.05790 -20.91470
vt 13.94370 -20.83730
vt 14.05790 -20.83730
vt 13.94210 -21.05950
vt 14.05790 -21.05950
vt 14.09570 -20.83730
vt 13.99760 -20.97040
vt 14.14990 -20.91470
vt 13.99410 -20.83710
vt 13.92220 -20.93000
vt 13.85290 -21.04110
vt 13.85010 -21.09910
vt 14.06290 -21.05950
vt 13.90100 -21.16290
vt 13.94210 -21.09900
vt 14.05790 -20.93710
vt 13.94210 -20.93710
vt 14.05790 -21.09900
vt 13.94210 -21.16290
vt 14.05790 -21.16290
vt 13.94210 -21.09910
vt 14.05790 -21.09910
vt 13.94210 -21.04110
vt 14.05790 -21.04110
vt 14.05790 -20.83710
vt 13.94210 -20.83710
vt 14.05790 -20.93000
vt 13.94210 -20.93000
vt 0.48914 2.55152
vt 0.56596 2.62834
vt 0.48914 2.58264
vt 0.53484 2.62834
vt 0.44343 2.62834
vt 0.48914 2.70516
vt 0.41232 2.62834
vt 0.48914 2.67404
vt 0.40638 2.67404
vt 0.40638 2.62834
vt 0.42608 2.66389
vt 0.57189 2.62834
vt 0.53955 2.70516
vt 0.53955 2.62834
vt 0.57189 2.70516
vt 0.57189 2.55152
vt 0.53955 2.55152
vt 0.40638 2.70516
vt 0.43872 2.62834
vt 0.43872 2.70516
vt 0.40638 2.55152
vt 0.43872 2.55152
vt 0.57189 2.58264
vt 0.55219 2.59279
vt 0.55219 2.62834
vt 0.57189 2.67404
vt 0.55219 2.66389
vt 0.40638 2.58264
vt 0.42608 2.62834
vt 0.42608 2.59279
vn 0.1496 -0.9843 -0.1181
vn -0.1496 -0.9843 -0.1181
vn 0.7165 0.4252 -0.5512
vn 0.0945 0.9921 -0.0709
vn 0.2756 0.9370 -0.2126
vn 0.6299 0.6457 0.4331
vn 0.4646 0.6850 0.5591
vn 0.4567 0.6929 0.5669
vn 0.3543 0.7008 0.6220
vn -0.4173 0.6850 -0.5906
vn -0.5039 0.7008 -0.5039
vn -0.4252 0.6929 -0.5827
vn -0.5276 0.7402 0.4094
vn -0.2598 0.6457 -0.7244
vn -0.0945 0.9921 -0.0709
vn -0.2756 0.9370 -0.2126
vn -0.6299 0.6457 0.4331
vn -0.4567 0.6850 0.5591
vn -0.4567 0.6929 0.5669
vn -0.3543 0.7008 0.6220
vn 0.5039 0.7008 -0.5039
vn 0.4173 0.6850 -0.5906
vn 0.4252 0.6929 -0.5827
vn 0.5276 0.7402 0.4094
vn -0.7165 0.4252 -0.5512
vn 0.2598 0.6457 -0.7244
vn 0.8898 0.2913 0.3543
vn 0.5276 0.7008 0.4724
vn 0.6850 0.5039 -0.5276
vn -0.3228 0.7008 -0.6378
vn -0.0236 1.0000 0.0157
vn -0.7795 0.1811 0.5984
vn 0.3150 -0.9134 -0.2441
vn -0.1102 0.2913 -0.9528
vn -0.4567 0.8189 0.3543
vn 0.0787 0.9921 -0.0630
vn 0.5984 0.0000 0.7953
vn 0.2992 -0.0394 0.9528
vn 0.6220 0.0000 0.7874
vn 0.6850 0.0157 0.7323
vn -0.6142 0.0000 -0.7874
vn -0.8425 -0.0394 -0.5354
vn -0.5984 0.0000 -0.8032
vn -0.0394 -1.0000 0.0315
vn 0.3622 -0.8898 -0.2756
vn -0.5276 0.0157 -0.8504
vn 0.7559 0.3071 -0.5827
vn -0.5591 0.7165 0.4252
vn 0.6063 0.0000 0.7953
vn -0.7244 -0.4173 0.5512
vn -0.6063 0.0000 -0.7953
vn 0.7244 -0.4173 0.5512
vn -0.6063 0.0000 0.7953
vn -0.7559 0.3071 -0.5827
vn -0.6614 -0.5591 -0.5039
vn 0.6063 0.0000 -0.7953
vn 0.7087 0.0236 0.7087
vn 0.3937 0.8740 -0.2992
vn 0.0315 1.0000 -0.0236
vn 0.4882 0.7874 -0.3780
vn 0.4961 -0.0236 0.8661
vn -0.6220 0.6142 0.4803
vn -0.7087 -0.0236 -0.7087
vn -0.4882 -0.7874 0.3780
vn 0.0394 -1.0000 -0.0315
vn -0.4961 0.0236 -0.8661
vn 0.7874 -0.1181 0.6063
vn 0.0709 0.9921 0.0551
vn -0.7874 0.1181 -0.6063
vn -0.7874 0.0315 0.6220
vn 0.5039 -0.7717 0.3858
vn -0.1102 -0.9921 -0.0866
vn 0.0315 -1.0000 0.0236
vn -0.0236 -1.0000 -0.0157
vn 0.3937 0.0315 -0.9213
vn 1.0000 0.0000 0.0000
vn 0.0000 0.9921 0.1339
vn 0.0000 0.9134 0.4016
vn 0.0000 -0.4094 0.9134
vn 0.0000 0.5039 0.8661
vn -1.0000 0.0000 0.0000
vn 0.0000 0.2520 -0.9685
vn 0.7244 0.4016 -0.5591
vn -0.4961 0.7795 0.3858
vn -0.6378 -0.5906 0.4882
vn 0.7795 0.1811 0.5984
vn 0.3228 0.7008 -0.6378
vn -0.5276 0.7008 0.4724
vn 0.0236 1.0000 0.0157
vn -0.8898 0.2913 0.3543
vn -0.6850 0.5039 -0.5276
vn -0.3150 -0.9134 -0.2441
vn 0.1102 0.2913 -0.9528
vn 0.2598 0.9449 -0.2047
vn 0.2677 0.9449 -0.1968
vn 0.1417 0.9843 -0.1417
vn 0.1339 0.9843 -0.1417
vn 0.1732 0.9843 -0.0945
vn 0.0551 0.9921 -0.0709
vn 0.1654 0.9843 -0.0945
vn 0.0787 0.9921 -0.0315
vn -0.2677 0.9449 -0.1968
vn -0.2598 0.9449 -0.2047
vn -0.1417 0.9843 -0.1417
vn -0.1339 0.9843 -0.1417
vn -0.1732 0.9843 -0.0945
vn -0.0551 0.9921 -0.0709
vn -0.1654 0.9843 -0.0945
vn -0.0787 0.9921 -0.0315
vn 0.5591 0.7165 0.4252
vn 0.0000 -0.8661 -0.5039
vn 0.0000 -0.9449 -0.3307
vn 0.0000 -0.9921 -0.1181
vn 0.7874 0.1181 -0.6063
vn 0.7402 0.3701 -0.5669
vn -0.4724 0.8032 0.3622
vn -0.3780 0.7008 -0.6063
vn 0.4882 0.7008 0.5197
vn -0.4094 0.8583 0.3150
vn -0.7874 -0.1181 0.6063
vn 0.6378 -0.5906 0.4882
vn -0.7244 0.4016 -0.5591
vn -0.6614 -0.5512 -0.5118
vn 0.9134 -0.3937 -0.0551
vn -0.0394 1.0000 -0.0787
vn 0.0866 0.9921 -0.0472
vn -0.0394 0.9921 -0.0787
vn -0.0866 1.0000 -0.0157
vn -0.0866 0.9921 -0.0157
vn -0.0157 0.9921 0.0945
vn 0.3386 0.8976 -0.2913
vn -0.1890 0.8976 0.4016
vn 0.1890 -0.3937 0.8976
vn -0.7244 0.4409 -0.5354
vn -0.7087 0.4331 -0.5591
vn -0.7244 0.4331 -0.5354
vn -0.6772 0.4882 -0.5512
vn -0.7480 0.0630 0.6614
vn -0.7480 0.0315 0.6614
vn -0.7638 0.0787 0.6378
vn -0.7717 0.0709 0.6378
vn -0.7717 0.0394 0.6378
vn -0.7087 0.4882 -0.5039
vn -0.9213 0.1181 -0.3780
vn 0.1654 -0.8583 -0.4882
vn -0.4252 -0.8583 0.2835
vn 0.4488 0.0630 -0.8898
vn 0.4488 0.0315 -0.8976
vn 0.4173 0.0394 -0.9055
vn 0.4173 0.0394 -0.9134
vn 0.4173 0.0787 -0.9055
vn 0.4094 0.0709 -0.9055
vn -0.6063 0.1181 -0.7874
vn 0.8425 -0.0394 -0.5354
vn 0.6142 0.0000 -0.7874
vn 0.5984 0.0000 -0.8032
vn 0.4567 0.8189 0.3543
vn -0.0787 0.9921 -0.0630
vn -0.5984 0.0000 0.8032
vn -0.2992 -0.0394 0.9528
vn -0.6220 0.0000 0.7874
vn -0.6850 0.0157 0.7323
vn 0.0394 -1.0000 0.0315
vn -0.3622 -0.8898 -0.2756
vn 0.5276 0.0157 -0.8504
vn 0.6614 -0.5591 -0.5039
vn 0.7874 0.0315 0.6220
vn -0.0709 0.9921 0.0551
vn -0.5039 -0.7717 0.3858
vn 0.1102 -0.9921 -0.0866
vn -0.0315 -1.0000 0.0236
vn 0.0236 -1.0000 -0.0157
vn -0.3937 0.0315 -0.9213
vn 0.4724 0.8032 0.3622
vn 0.3780 0.7008 -0.6063
vn -0.4882 0.7008 0.5197
vn 0.4094 0.8583 0.3150
vn -0.7402 0.3701 -0.5669
vn 0.6614 -0.5512 -0.5118
vn 0.4961 0.7795 0.3858
vn 0.6220 0.6142 0.4803
vn 0.7087 -0.0236 -0.7087
vn -0.3937 0.8740 -0.2992
vn -0.0236 1.0000 -0.0236
vn -0.4882 0.7874 -0.3780
vn -0.7087 0.0236 0.7087
vn -0.4961 -0.0236 0.8661
vn 0.4882 -0.7874 0.3780
vn -0.0394 -1.0000 -0.0315
vn 0.4961 0.0236 -0.8661
vn 0.7087 0.4331 -0.5591
vn 0.7244 0.4409 -0.5354
vn 0.7244 0.4331 -0.5354
vn 0.7087 0.4882 -0.5039
vn 0.7480 0.0315 0.6614
vn 0.7480 0.0630 0.6614
vn 0.7717 0.0394 0.6378
vn 0.7717 0.0709 0.6378
vn 0.7638 0.0787 0.6378
vn 0.6772 0.4882 -0.5512
vn 0.7008 0.4409 -0.5591
vn 0.9213 0.1181 -0.3780
vn -0.0866 0.9921 -0.0472
vn 0.0394 1.0000 -0.0787
vn 0.0394 0.9921 -0.0787
vn 0.0866 1.0000 -0.0157
vn 0.0866 0.9921 -0.0157
vn 0.0236 0.9921 0.0945
vn -0.3386 0.8976 -0.2913
vn 0.1890 0.8976 0.4016
vn -0.1890 -0.3937 0.8976
vn -0.9134 -0.3937 -0.0551
vn -0.1654 -0.8583 -0.4882
vn 0.4252 -0.8583 0.2835
vn -0.4488 0.0315 -0.8976
vn -0.4488 0.0630 -0.8898
vn -0.4173 0.0787 -0.9055
vn -0.4094 0.0709 -0.9055
vn -0.4173 0.0394 -0.9055
vn -0.4173 0.0394 -0.9134
vn 0.6063 0.1181 -0.7874
vn 0.7638 0.3150 0.5669
vn 0.7559 0.3307 0.5591
vn 0.7638 0.3071 0.5669
vn 0.7402 0.3150 0.5906
vn 0.7402 0.3307 0.5906
vn 0.7480 0.3071 0.5906
vn 0.8583 0.3150 0.4016
vn 0.8583 0.3307 0.3937
vn 0.8583 0.3071 0.4016
vn 0.8583 0.3150 0.3937
vn 0.8661 0.3071 0.3937
vn 0.8819 0.3150 0.3543
vn 0.8740 0.3307 0.3543
vn 0.8661 0.3543 0.3465
vn 0.8661 0.3622 0.3465
vn 0.8740 0.3465 0.3465
vn 0.7008 0.3780 -0.6063
vn 0.7402 0.2677 -0.6142
vn 0.7402 0.2598 -0.6142
vn 0.7559 0.2126 -0.6142
vn 0.7087 0.3701 -0.5984
vn 0.7480 0.2598 -0.6063
vn 0.7480 0.2520 -0.6142
vn 0.7638 0.2047 -0.6142
vn 0.6772 0.3701 -0.6378
vn 0.7087 0.2677 -0.6457
vn 0.7165 0.2598 -0.6457
vn 0.7323 0.2126 -0.6535
vn 0.6772 0.3701 -0.6299
vn 0.7165 0.2677 -0.6457
vn 0.7323 0.2126 -0.6457
vn 0.7559 0.3150 0.5748
vn 0.7480 0.3307 0.5748
vn 0.7402 0.3622 0.5669
vn 0.7323 0.3780 0.5669
vn 0.7402 0.3543 0.5669
vn 0.6063 0.3150 0.7244
vn 0.6063 0.3307 0.7244
vn 0.6142 0.3071 0.7323
vn -0.6142 0.2992 0.7323
vn -0.6220 0.1890 0.7638
vn -0.6220 0.1968 0.7559
vn -0.6220 0.1339 0.7717
vn 0.6063 0.3150 0.7323
vn 0.6063 0.3071 0.7323
vn -0.6220 0.2756 0.7323
vn -0.6220 0.1811 0.7638
vn -0.6220 0.1890 0.7559
vn -0.6220 0.1417 0.7717
vn 0.5669 0.3150 0.7559
vn 0.5669 0.3307 0.7559
vn 0.5748 0.3150 0.7559
vn -0.5984 0.4173 0.6850
vn -0.6142 0.2835 0.7402
vn -0.6142 0.2913 0.7323
vn -0.6142 0.2283 0.7559
vn 0.5591 0.3543 0.7480
vn 0.5591 0.3622 0.7480
vn 0.5591 0.3465 0.7480
vn -0.4016 0.3780 0.8346
vn -0.4016 0.2598 0.8740
vn -0.4016 0.2677 0.8740
vn -0.4016 0.2126 0.8898
vn -0.3937 0.3701 0.8425
vn -0.3937 0.2520 0.8819
vn -0.3937 0.2598 0.8819
vn -0.3937 0.2047 0.8976
vn -0.4409 0.3701 0.8189
vn -0.4409 0.2598 0.8583
vn -0.4409 0.2677 0.8583
vn -0.4409 0.2126 0.8740
vn -0.4331 0.3701 0.8189
vn -0.5906 0.3937 0.7008
vn -0.6063 0.2835 0.7402
vn -0.6063 0.2913 0.7402
vn -0.6142 0.2362 0.7559
vn -0.7717 0.2205 -0.5906
vn -0.7953 0.0551 -0.6063
vn -0.7953 -0.0315 -0.6063
vn -0.7087 0.4409 -0.5433
vn -0.7874 0.0945 -0.6063
vn -0.7874 0.3228 0.5276
vn -0.8032 0.2047 0.5591
vn -0.8032 0.2126 0.5591
vn -0.8032 0.1575 0.5748
vn -0.7480 0.3307 0.5748
vn -0.7638 0.2126 0.6063
vn -0.7638 0.2205 0.6063
vn -0.7717 0.1575 0.6220
vn -0.7480 0.3228 0.5748
vn -0.7638 0.2126 0.6142
vn -0.7638 0.1575 0.6220
vn -0.7795 0.3307 0.5354
vn -0.7953 0.2205 0.5669
vn -0.7953 0.2283 0.5669
vn -0.7953 0.1654 0.5827
vn -0.8740 0.3307 -0.3701
vn -0.9134 0.1260 -0.3780
vn -0.9213 0.0236 -0.3780
vn -0.8583 0.3622 -0.3622
vn -0.9134 0.1654 -0.3780
vn -0.9213 0.0551 -0.3780
vn -0.8425 0.3622 -0.4016
vn -0.8898 0.1654 -0.4252
vn -0.9055 0.0630 -0.4252
vn -0.8346 0.3622 -0.4094
vn -0.8976 0.0630 -0.4331
vn -0.7244 0.3622 -0.5827
vn -0.7795 0.1654 -0.6063
vn -0.7874 0.0630 -0.6142
vn -0.7480 0.3622 -0.5512
vn -0.7874 0.1654 -0.5906
vn -0.7953 0.0630 -0.6063
vn 0.1102 -0.9921 0.0630
vn 0.0945 -0.9921 0.0945
vn 0.1024 -0.9921 0.0787
vn 0.1417 -0.9843 0.0866
vn 0.1181 -0.9843 0.1102
vn 0.1417 -0.9843 0.1024
vn 0.0709 -0.9921 0.1181
vn 0.1260 -0.9921 0.0394
vn 0.5433 0.2992 -0.7795
vn 0.5748 0.1968 -0.7953
vn 0.5748 0.1890 -0.7953
vn 0.5827 0.1339 -0.8032
vn 0.3071 0.3228 -0.8976
vn 0.3307 0.2126 -0.9213
vn 0.3386 0.2047 -0.9213
vn 0.3465 0.1575 -0.9213
vn 0.3622 0.3307 -0.8740
vn 0.3858 0.2205 -0.8976
vn 0.3858 0.2126 -0.8976
vn 0.4016 0.1575 -0.9055
vn 0.3622 0.3228 -0.8740
vn 0.3937 0.2126 -0.8976
vn 0.3150 0.3307 -0.8898
vn 0.3386 0.2283 -0.9134
vn 0.3386 0.2205 -0.9134
vn 0.3543 0.1654 -0.9213
vn -0.5827 0.3307 -0.7480
vn -0.6063 0.1260 -0.7874
vn -0.6063 0.0236 -0.7953
vn 0.5433 0.2756 -0.7953
vn 0.5669 0.1890 -0.7953
vn 0.5748 0.1811 -0.7953
vn 0.5827 0.1417 -0.8032
vn -0.5748 0.3622 -0.7402
vn -0.5984 0.1654 -0.7795
vn -0.6063 0.0551 -0.7953
vn 0.5039 0.4173 -0.7559
vn 0.5512 0.2913 -0.7795
vn 0.5512 0.2835 -0.7795
vn 0.5669 0.2283 -0.7874
vn -0.6063 0.3622 -0.7087
vn -0.6378 0.1654 -0.7480
vn -0.6457 0.0630 -0.7638
vn 0.5197 0.3937 -0.7559
vn 0.5591 0.2913 -0.7795
vn 0.5591 0.2835 -0.7795
vn 0.5748 0.2362 -0.7874
vn -0.6142 0.3622 -0.7008
vn -0.6457 0.1654 -0.7480
vn -0.6457 0.0630 -0.7559
vn 0.6220 -0.6142 -0.4803
vn 0.8268 -0.5591 -0.0866
vn 0.7008 0.7087 0.0079
vn 0.1811 0.7087 -0.6772
vn -0.2992 0.5591 0.7717
vn -0.8268 0.5591 0.0866
vn -0.1811 -0.7087 0.6772
vn -0.7008 -0.7087 0.0000
vn 0.2992 -0.5591 -0.7717
vn -0.9843 0.1654 0.0236
vn 0.8268 -0.3386 0.4409
vn 0.8268 -0.3543 0.4409
vn 0.8346 -0.3307 0.4488
vn 0.7638 -0.2598 0.5906
vn 0.7638 -0.2677 0.5827
vn 0.7717 -0.2520 0.5906
vn 0.7559 -0.3150 0.5748
vn 0.7480 -0.3228 0.5748
vn 0.7559 -0.3071 0.5827
vn 0.0945 0.9921 0.0709
vn 0.6457 -0.3386 0.6850
vn 0.6378 -0.3543 0.6850
vn 0.6457 -0.3307 0.6850
vn -0.6142 -0.2598 0.7480
vn -0.6142 -0.1811 0.7638
vn -0.6142 -0.1732 0.7717
vn -0.6142 -0.1339 0.7795
vn -0.6063 -0.3543 0.7165
vn -0.6142 -0.2441 0.7480
vn -0.6142 -0.2362 0.7559
vn -0.6142 -0.1890 0.7638
vn -0.4803 -0.4173 0.7717
vn -0.4882 -0.2992 0.8189
vn -0.4882 -0.2913 0.8268
vn -0.4882 -0.2362 0.8425
vn -0.7717 -0.2441 -0.5906
vn -0.7874 -0.0945 -0.6063
vn -0.7953 -0.0157 -0.6063
vn -0.7402 -0.3701 -0.5669
vn -0.7795 -0.1732 -0.5984
vn -0.7953 -0.0709 -0.6063
vn -0.7008 -0.3858 0.5984
vn -0.7244 -0.2598 0.6378
vn -0.7244 -0.2520 0.6457
vn -0.7244 -0.1968 0.6614
vn -0.7874 -0.4252 -0.4409
vn -0.8583 -0.2126 -0.4724
vn -0.8740 -0.0945 -0.4803
vn 0.4016 -0.3858 -0.8346
vn 0.4331 -0.2520 -0.8661
vn 0.4331 -0.2598 -0.8661
vn 0.4488 -0.1968 -0.8740
vn -0.6299 -0.4331 -0.6457
vn -0.6772 -0.2126 -0.7008
vn -0.6850 -0.0945 -0.7165
vn 0.5591 -0.2598 -0.7874
vn 0.5827 -0.1732 -0.7953
vn 0.5827 -0.1811 -0.7953
vn 0.5906 -0.1339 -0.7953
vn 0.5354 -0.3543 -0.7717
vn 0.5669 -0.2362 -0.7874
vn 0.5669 -0.2441 -0.7874
vn 0.5827 -0.1890 -0.7953
vn 0.6220 -0.4173 -0.6614
vn 0.6693 -0.2913 -0.6850
vn 0.6693 -0.2992 -0.6850
vn 0.6850 -0.2362 -0.6929
vn 0.9843 0.1654 0.0236
vn -0.9843 -0.1417 -0.1024
vn -0.9843 -0.1181 -0.1181
vn -0.9843 -0.1654 -0.0945
vn 0.7717 -0.2441 -0.5906
vn 0.7874 -0.0945 -0.6063
vn 0.7953 -0.0157 -0.6063
vn 0.7402 -0.3701 -0.5669
vn 0.7795 -0.1732 -0.5984
vn 0.7953 -0.0709 -0.6063
vn 0.7008 -0.3858 0.5984
vn 0.7244 -0.2520 0.6457
vn 0.7244 -0.2598 0.6378
vn 0.7244 -0.1968 0.6614
vn 0.7874 -0.4331 -0.4409
vn 0.8583 -0.2126 -0.4724
vn 0.8740 -0.0945 -0.4803
vn -0.0945 0.9921 0.0709
vn -0.6457 -0.3386 0.6850
vn -0.6378 -0.3543 0.6772
vn -0.6457 -0.3307 0.6850
vn 0.6142 -0.2598 0.7480
vn 0.6142 -0.1732 0.7717
vn 0.6142 -0.1811 0.7638
vn 0.6142 -0.1339 0.7795
vn 0.6063 -0.3543 0.7165
vn 0.6142 -0.2362 0.7559
vn 0.6142 -0.2441 0.7480
vn 0.6142 -0.1890 0.7638
vn 0.4803 -0.4173 0.7717
vn 0.4882 -0.2913 0.8268
vn 0.4882 -0.2992 0.8189
vn 0.4882 -0.2362 0.8425
vn -0.8268 -0.3386 0.4409
vn -0.8268 -0.3543 0.4409
vn -0.8346 -0.3307 0.4488
vn -0.7638 -0.2598 0.5906
vn -0.7638 -0.2677 0.5827
vn -0.7717 -0.2520 0.5906
vn -0.7559 -0.3150 0.5748
vn -0.7480 -0.3228 0.5748
vn -0.7559 -0.3071 0.5827
vn -0.4016 -0.3858 -0.8346
vn -0.4331 -0.2598 -0.8661
vn -0.4331 -0.2520 -0.8661
vn -0.4488 -0.1968 -0.8740
vn 0.6299 -0.4331 -0.6457
vn 0.6772 -0.2126 -0.7008
vn 0.6850 -0.0945 -0.7165
vn -0.5591 -0.2598 -0.7874
vn -0.5827 -0.1811 -0.7953
vn -0.5827 -0.1732 -0.7953
vn -0.5906 -0.1339 -0.7953
vn -0.5354 -0.3543 -0.7717
vn -0.5669 -0.2441 -0.7874
vn -0.5669 -0.2362 -0.7874
vn -0.5827 -0.1890 -0.7953
vn -0.6220 -0.4173 -0.6614
vn -0.6693 -0.2992 -0.6850
vn -0.6693 -0.2913 -0.6850
vn -0.6850 -0.2362 -0.6929
vn 0.7717 0.2205 -0.5906
vn 0.7953 0.0551 -0.6063
vn 0.7953 -0.0315 -0.6063
vn 0.7087 0.4409 -0.5433
vn 0.7874 0.0945 -0.6063
vn 0.7874 0.3228 0.5276
vn 0.8032 0.2126 0.5591
vn 0.8032 0.2047 0.5591
vn 0.8032 0.1575 0.5748
vn 0.7638 0.2205 0.6063
vn 0.7638 0.2126 0.6063
vn 0.7717 0.1575 0.6220
vn 0.7480 0.3228 0.5748
vn 0.7638 0.2126 0.6142
vn 0.7638 0.1575 0.6220
vn 0.7795 0.3307 0.5354
vn 0.7953 0.2283 0.5669
vn 0.7953 0.2205 0.5669
vn 0.7953 0.1654 0.5748
vn 0.8740 0.3307 -0.3701
vn 0.9134 0.1260 -0.3780
vn 0.9213 0.0236 -0.3780
vn 0.8583 0.3622 -0.3622
vn 0.9134 0.1654 -0.3780
vn 0.9213 0.0551 -0.3780
vn 0.8425 0.3622 -0.4016
vn 0.8898 0.1654 -0.4252
vn 0.9055 0.0630 -0.4252
vn 0.8425 0.3622 -0.4094
vn 0.8976 0.0630 -0.4331
vn 0.7244 0.3622 -0.5827
vn 0.7795 0.1654 -0.6063
vn 0.7874 0.0630 -0.6142
vn 0.7480 0.3622 -0.5512
vn 0.7874 0.1654 -0.5906
vn 0.7953 0.0630 -0.6063
vn -0.6063 0.3150 0.7244
vn -0.6063 0.3307 0.7244
vn -0.6142 0.3071 0.7323
vn 0.6142 0.2992 0.7323
vn 0.6220 0.1968 0.7559
vn 0.6220 0.1890 0.7638
vn 0.6220 0.1339 0.7717
vn -0.6063 0.3150 0.7323
vn -0.6063 0.3071 0.7323
vn 0.6220 0.2756 0.7323
vn 0.6220 0.1890 0.7559
vn 0.6220 0.1811 0.7559
vn 0.6220 0.1417 0.7717
vn -0.5669 0.3150 0.7559
vn -0.5669 0.3307 0.7559
vn -0.5748 0.3150 0.7559
vn 0.5984 0.4173 0.6850
vn 0.6142 0.2913 0.7323
vn 0.6142 0.2835 0.7402
vn 0.6142 0.2283 0.7559
vn -0.5591 0.3543 0.7480
vn -0.5591 0.3622 0.7480
vn -0.5591 0.3465 0.7480
vn 0.4016 0.3780 0.8346
vn 0.4016 0.2677 0.8740
vn 0.4016 0.2598 0.8740
vn 0.4016 0.2126 0.8898
vn 0.3937 0.3701 0.8425
vn 0.3937 0.2598 0.8819
vn 0.3937 0.2520 0.8819
vn 0.3937 0.2047 0.8976
vn 0.4409 0.3701 0.8189
vn 0.4409 0.2677 0.8583
vn 0.4409 0.2598 0.8583
vn 0.4409 0.2126 0.8740
vn 0.4331 0.3701 0.8189
vn 0.5906 0.3937 0.7008
vn 0.6063 0.2913 0.7402
vn 0.6063 0.2835 0.7402
vn 0.6063 0.2362 0.7559
vn -0.7638 0.3150 0.5669
vn -0.7559 0.3307 0.5591
vn -0.7638 0.3071 0.5669
vn -0.7480 0.3150 0.5906
vn -0.7402 0.3307 0.5906
vn -0.7480 0.3071 0.5906
vn -0.8583 0.3150 0.4016
vn -0.8583 0.3307 0.3937
vn -0.8583 0.3071 0.4016
vn -0.8583 0.3150 0.3937
vn -0.8661 0.3071 0.3937
vn -0.8819 0.3150 0.3543
vn -0.8740 0.3307 0.3543
vn -0.8661 0.3543 0.3465
vn -0.8661 0.3622 0.3465
vn -0.8740 0.3465 0.3465
vn -0.7008 0.3780 -0.6063
vn -0.7402 0.2598 -0.6142
vn -0.7402 0.2677 -0.6142
vn -0.7559 0.2126 -0.6142
vn -0.7087 0.3701 -0.5984
vn -0.7480 0.2520 -0.6142
vn -0.7480 0.2598 -0.6063
vn -0.7638 0.2047 -0.6142
vn -0.6772 0.3701 -0.6378
vn -0.7165 0.2598 -0.6457
vn -0.7087 0.2677 -0.6457
vn -0.7244 0.2126 -0.6535
vn -0.6772 0.3701 -0.6299
vn -0.7165 0.2677 -0.6457
vn -0.7323 0.2126 -0.6457
vn -0.7559 0.3150 0.5748
vn -0.7402 0.3622 0.5669
vn -0.7323 0.3780 0.5669
vn -0.7402 0.3543 0.5669
vn -0.1102 -0.9921 0.0630
vn -0.0945 -0.9921 0.0945
vn -0.1024 -0.9921 0.0787
vn -0.1417 -0.9843 0.0866
vn -0.1181 -0.9843 0.1102
vn -0.1339 -0.9843 0.1024
vn -0.0709 -0.9921 0.1181
vn -0.1339 -0.9921 0.0394
vn -0.5433 0.2992 -0.7795
vn -0.5748 0.1890 -0.7953
vn -0.5748 0.1968 -0.7953
vn -0.5827 0.1339 -0.8032
vn -0.3071 0.3228 -0.8976
vn -0.3386 0.2047 -0.9213
vn -0.3307 0.2126 -0.9213
vn -0.3465 0.1575 -0.9213
vn -0.3622 0.3307 -0.8740
vn -0.3858 0.2126 -0.8976
vn -0.3858 0.2205 -0.8976
vn -0.3937 0.1575 -0.9055
vn -0.3622 0.3228 -0.8740
vn -0.3937 0.2126 -0.8976
vn -0.4016 0.1575 -0.8976
vn -0.3150 0.3307 -0.8898
vn -0.3386 0.2205 -0.9134
vn -0.3386 0.2283 -0.9134
vn -0.3543 0.1654 -0.9213
vn 0.5827 0.3307 -0.7480
vn 0.6063 0.1260 -0.7874
vn 0.6063 0.0236 -0.7953
vn -0.5433 0.2756 -0.7953
vn -0.5748 0.1811 -0.8032
vn -0.5669 0.1890 -0.7953
vn -0.5827 0.1417 -0.8032
vn 0.5669 0.3622 -0.7402
vn 0.5984 0.1654 -0.7795
vn 0.6063 0.0551 -0.7953
vn -0.5039 0.4173 -0.7559
vn -0.5512 0.2835 -0.7795
vn -0.5512 0.2913 -0.7795
vn -0.5669 0.2283 -0.7953
vn 0.6063 0.3622 -0.7087
vn 0.6378 0.1654 -0.7480
vn 0.6457 0.0630 -0.7638
vn -0.5197 0.3937 -0.7559
vn -0.5591 0.2835 -0.7795
vn -0.5591 0.2913 -0.7795
vn -0.5748 0.2362 -0.7874
vn 0.6142 0.3622 -0.7008
vn 0.6457 0.1654 -0.7480
vn 0.6457 0.0630 -0.7559
vn 0.8268 0.5591 0.0866
vn -0.7008 0.7087 0.0079
vn -0.1811 0.7087 -0.6772
vn 0.2992 0.5591 0.7717
vn -0.6220 -0.6142 -0.4803
vn -0.8268 -0.5591 -0.0866
vn 0.1811 -0.7087 0.6772
vn 0.7008 -0.7087 0.0000
vn -0.2992 -0.5591 -0.7717
vn 0.9843 -0.1417 -0.1024
vn 0.9843 -0.1181 -0.1181
vn 0.9843 -0.1654 -0.0945
vn 0.8110 0.0157 0.5906
vn 0.7795 0.0157 0.6299
vn -0.1339 0.9843 -0.1339
vn -0.6299 -0.0315 0.7795
vn -0.5906 0.0315 0.8110
vn -0.8110 -0.0157 -0.5906
vn -0.7795 -0.0157 -0.6299
vn -0.1417 -0.9843 -0.0709
vn -0.1024 -0.9843 -0.1181
vn 0.5906 -0.0315 -0.8110
vn 0.6299 0.0315 -0.7795
vn 0.8110 -0.0157 -0.5906
vn 0.7795 -0.0157 -0.6299
vn 0.1339 0.9843 -0.1339
vn 0.6299 -0.0315 0.7795
vn 0.5906 0.0315 0.8110
vn -0.8110 0.0157 0.5906
vn -0.7795 0.0157 0.6299
vn 0.1417 -0.9843 -0.0709
vn 0.1024 -0.9843 -0.1181
vn -0.5906 -0.0315 -0.8110
vn -0.6299 0.0315 -0.7795
vn 0.4252 0.0709 -0.8976
vn -0.7559 0.0709 0.6457
vn 0.7559 0.0709 0.6457
vn 0.0787 0.9921 -0.0551
vn -0.4567 0.0709 -0.8819
vn -0.7717 0.1575 -0.6142
vn -0.7874 -0.3780 0.4882
vn -0.7953 0.5984 0.0866
vn -0.8032 -0.5197 -0.2913
vn 0.9921 -0.1024 -0.0787
vn 0.9921 -0.0866 -0.1102
vn 0.9921 -0.0866 -0.1024
vn 0.9764 -0.1417 -0.1890
vn 0.9685 -0.1496 -0.1890
vn 0.9843 -0.1339 -0.0787
vn 0.9685 -0.1968 -0.1496
vn 0.9685 -0.1968 -0.1417
vn 0.9764 -0.1968 -0.1102
vn 0.9764 -0.2047 -0.1102
vn 0.0000 0.7795 0.6299
vn 0.0000 0.8346 0.5512
vn 0.1654 0.8032 0.5748
vn 0.1575 0.8661 0.4724
vn -0.1654 0.8032 0.5748
vn -0.1575 0.8661 0.4724
vn 0.0787 0.9606 -0.2756
vn -0.0787 0.9606 -0.2756
vn 0.0000 0.7008 0.7165
vn 0.1654 0.6850 0.7087
vn -0.1654 0.6850 0.7087
vn 0.0787 -0.2756 0.9606
vn -0.0787 -0.2756 0.9606
vn -0.9921 -0.1024 -0.0787
vn -0.9921 -0.0866 -0.1102
vn -0.9843 -0.1339 -0.0787
vn -0.9921 -0.0866 -0.1024
vn -0.9764 -0.1417 -0.1890
vn -0.9764 -0.1968 -0.1102
vn -0.9685 -0.1496 -0.1890
vn -0.9764 -0.2047 -0.1102
vn -0.9685 -0.1968 -0.1496
vn -0.9685 -0.1968 -0.1417
vn 0.0000 -0.9685 0.2598
vn 0.0000 -0.8032 -0.5984
vn -0.1654 -0.7874 -0.5906
vn -0.1575 -0.8583 -0.4882
vn -0.1654 -0.7953 -0.5906
vn 0.1654 -0.7953 -0.5906
vn 0.1575 -0.8583 -0.4882
vn 0.1654 -0.7874 -0.5906
vn 0.0000 0.2677 -0.9685
vn 0.0000 -0.7008 -0.7165
vn -0.1654 -0.6850 -0.7087
vn 0.1654 -0.6850 -0.7087
vn 0.0000 -0.5906 0.8110
vn 0.0000 0.4016 -0.9134
vn 0.0000 -0.5512 -0.8346
vn 0.9921 0.1260 0.0079
vn 0.9921 0.1260 0.0236
vn 0.9921 0.1260 0.0157
vn 0.9685 0.2362 0.0472
vn 0.9921 0.1339 0.0079
vn 0.9685 0.2441 0.0472
vn 0.9685 0.2362 0.0079
vn 0.9685 0.2441 0.0157
vn 0.0000 0.9921 0.1181
vn 0.1654 0.9764 0.1181
vn -0.1654 0.9764 0.1181
vn 0.0000 0.3858 0.9213
vn -0.0787 -0.5827 0.8032
vn 0.0787 -0.5827 0.8032
vn -0.9921 0.1260 0.0079
vn -0.9921 0.1260 0.0157
vn -0.9921 0.1260 0.0236
vn -0.9685 0.2362 0.0472
vn -0.9921 0.1339 0.0079
vn -0.9685 0.2441 0.0472
vn -0.9685 0.2362 0.0079
vn -0.9685 0.2441 0.0157
vn -0.1654 -0.9764 -0.1181
vn 0.1654 -0.9764 -0.1181
vn 0.0000 0.5984 -0.8032
vn -0.0787 -0.3780 -0.9213
vn 0.0787 -0.3780 -0.9213
vn 0.7717 0.1575 -0.6142
vn 0.7874 -0.3780 0.4882
vn 0.7953 0.5984 0.0866
vn 0.8032 -0.5197 -0.2913
vn 0.0000 0.7087 0.7087
vn 0.0000 -0.7087 0.7087
vn 0.3386 0.6614 0.6614
vn 0.3386 -0.6614 0.6614
vn 0.0000 0.7087 -0.7087
vn 0.0000 -0.7087 -0.7087
vn 0.3386 0.6614 -0.6614
vn 0.3465 -0.6614 -0.6614
vn -0.3386 0.6614 -0.6614
vn -0.3386 0.6614 0.6614
vn -0.3386 -0.6614 0.6614
vn -0.3465 -0.6614 -0.6614
vn 1.0000 0.0079 0.0000
vn 1.0000 0.0000 0.0079
vn 0.0000 1.0000 0.0000
vn 0.0000 0.5748 0.8189
vn 0.0000 -0.5118 0.8583
vn 0.0000 -0.8425 0.5354
vn 0.0000 -0.6220 -0.7795
vn 0.0000 0.0472 -1.0000
vn 0.0000 0.6142 -0.7874
vn 0.0000 0.5276 -0.8504
vn -0.9764 0.0709 -0.2126
vn 0.9764 0.0709 -0.2126
vn 0.0000 0.9921 -0.1024
vn 0.7087 0.7008 -0.0709
vn 0.0000 0.8032 0.5906
vn 0.0000 0.8583 0.5197
vn 0.0000 -0.1181 0.9921
vn -0.7087 0.7008 -0.0709
vn 0.0000 -0.9843 -0.1968
vn 0.0000 0.1181 -0.9921
vn 0.0000 0.3701 -0.9291
vn 0.9843 0.0315 -0.1890
vn 0.9843 0.0630 -0.1890
vn 0.9764 0.0630 -0.1890
vn 0.9764 0.0394 -0.2205
vn 0.9764 0.0394 -0.2283
vn 0.9764 0.0787 -0.2205
vn 0.9685 0.0709 -0.2283
vn 0.0866 0.9921 0.0394
vn -0.0866 0.9921 0.0394
vn 0.4331 0.8976 0.0945
vn -0.4331 0.8976 0.0945
vn -0.5984 -0.3937 0.6929
vn 0.5984 -0.3937 0.6929
vn -0.9843 0.0315 -0.1890
vn -0.9764 0.0630 -0.1890
vn -0.9843 0.0630 -0.1890
vn -0.9764 0.0787 -0.2205
vn -0.9685 0.0709 -0.2283
vn -0.9764 0.0394 -0.2205
vn -0.9764 0.0394 -0.2283
vn -0.4882 -0.8583 -0.1654
vn 0.4882 -0.8583 -0.1654
vn 0.0157 0.4331 -0.8976
vn -0.0157 0.4331 -0.8976
vn 0.0315 0.4882 -0.8740
vn -0.0315 0.4882 -0.8740
vn -0.0157 0.4409 -0.8976
vn -0.2598 0.1181 -0.9606
vn 0.2598 0.1181 -0.9606
vn 0.0079 0.9449 -0.3386
vn -0.0079 0.9449 -0.3386
vn -0.0236 0.9843 -0.1968
vn -0.0236 0.9843 -0.1890
vn 0.0236 0.9843 -0.1968
vn -0.0236 0.9921 -0.0866
vn 0.0236 0.9843 -0.1890
vn 0.0236 0.9921 -0.0866
vn 0.9370 -0.0394 0.3386
vn 1.0000 0.0000 -0.0157
vn 0.9921 0.0079 -0.1024
vn 0.0000 0.8189 0.5748
vn -1.0000 0.0000 0.0079
vn -0.9370 -0.0394 0.3386
vn -1.0000 0.0000 -0.0157
vn -0.9921 0.0079 -0.1024
vn 0.0000 -1.0000 0.0472
vn 0.0000 -0.8898 -0.4488
vn 0.8189 0.2913 -0.4882
vn 0.7008 0.7008 -0.1339
vn -0.7008 0.7008 -0.1339
vn 0.0000 1.0000 0.0315
vn 0.0000 0.1811 0.9843
vn -0.8189 0.2913 -0.4882
vn 0.0000 -0.9134 -0.4016
vn 0.0000 0.5039 -0.8661
vn 0.9685 0.0315 -0.2441
vn 0.0000 0.9921 0.0945
vn -0.9685 0.0315 -0.2441
vn 0.0000 -0.7717 0.6378
vn 0.0000 -0.9921 -0.1339
vn 0.0000 -1.0000 0.0394
vn 0.0000 -1.0000 -0.0236
vn 0.9921 0.0236 -0.1339
vn 0.9921 -0.0236 0.1339
vn 0.0000 0.8740 -0.4882
vn 0.0000 1.0000 -0.0394
vn 0.0000 0.7874 -0.6142
vn 0.0000 0.6142 0.7874
vn -0.9921 0.0236 -0.1339
vn -0.9921 -0.0236 0.1339
vn 0.0000 -0.7874 0.6142
vn 0.0000 -1.0000 -0.0472
vn 0.7244 0.6457 -0.2362
vn 0.7244 0.6929 -0.0157
vn 0.7244 0.6850 -0.0236
vn 0.7087 0.7008 0.0945
vn 0.0000 0.9921 -0.1181
vn 0.0000 0.9370 -0.3465
vn -0.7087 0.7008 0.0945
vn -0.7244 0.6929 -0.0157
vn -0.7244 0.6850 -0.0236
vn 0.0000 0.7402 0.6693
vn -0.7244 0.6457 -0.2362
vn 0.0000 0.4252 -0.9055
vn 0.9055 -0.3780 -0.1890
vn 0.9528 -0.2520 -0.1811
vn 0.9449 -0.2598 -0.1811
vn 0.9685 -0.1968 -0.1732
vn 0.9685 -0.2598 -0.0315
vn 0.9843 -0.1732 -0.0236
vn 0.9843 -0.1811 -0.0236
vn 0.9921 -0.1339 -0.0157
vn 0.9370 -0.3543 -0.0394
vn 0.9685 -0.2362 -0.0315
vn 0.9685 -0.2441 -0.0315
vn 0.9843 -0.1890 -0.0236
vn 0.9055 -0.4173 0.0945
vn 0.9528 -0.2913 0.1181
vn 0.9449 -0.2992 0.1102
vn 0.9685 -0.2362 0.1260
vn 0.1496 -0.3386 0.9291
vn 0.1496 -0.3543 0.9213
vn 0.1496 -0.3307 0.9291
vn -0.1496 -0.3386 0.9291
vn -0.1496 -0.3543 0.9213
vn -0.1496 -0.3307 0.9291
vn 0.0000 -0.2598 0.9685
vn 0.0000 -0.2677 0.9606
vn 0.0000 -0.2520 0.9685
vn 0.0000 -0.3150 0.9528
vn 0.0000 -0.3228 0.9449
vn 0.0000 -0.3071 0.9528
vn -0.9055 -0.3780 -0.1890
vn -0.9449 -0.2598 -0.1811
vn -0.9528 -0.2520 -0.1811
vn -0.9685 -0.1968 -0.1732
vn -0.9685 -0.2598 -0.0315
vn -0.9843 -0.1811 -0.0236
vn -0.9843 -0.1732 -0.0236
vn -0.9921 -0.1339 -0.0157
vn -0.9370 -0.3543 -0.0394
vn -0.9685 -0.2441 -0.0315
vn -0.9685 -0.2362 -0.0315
vn -0.9843 -0.1890 -0.0236
vn -0.9055 -0.4173 0.0945
vn -0.9449 -0.2992 0.1102
vn -0.9528 -0.2913 0.1181
vn -0.9685 -0.2362 0.1260
vn 0.0000 -0.2441 -0.9685
vn 0.0000 -0.0945 -0.9921
vn 0.0000 -0.0157 -1.0000
vn 0.0000 -0.3701 -0.9291
vn 0.0000 -0.1732 -0.9843
vn 0.0000 -0.0709 -1.0000
vn -0.1339 -0.4331 -0.8898
vn -0.1496 -0.2126 -0.9685
vn -0.1496 -0.0945 -0.9843
vn 0.1339 -0.4331 -0.8898
vn 0.1496 -0.2126 -0.9685
vn 0.1496 -0.0945 -0.9843
vn 0.9528 0.2992 -0.0472
vn 0.9843 0.1968 -0.0315
vn 0.9843 0.1890 -0.0315
vn 0.9921 0.1339 -0.0236
vn 0.8976 0.3228 -0.2992
vn 0.9291 0.2126 -0.2913
vn 0.9370 0.2047 -0.2913
vn 0.9449 0.1575 -0.2835
vn 0.9134 0.3307 -0.2441
vn 0.9449 0.2205 -0.2362
vn 0.9449 0.2126 -0.2362
vn 0.9606 0.1575 -0.2362
vn 0.9134 0.3228 -0.2441
vn 0.9606 0.1575 -0.2283
vn 0.8976 0.3307 -0.2913
vn 0.9291 0.2283 -0.2835
vn 0.9370 0.2205 -0.2835
vn 0.9449 0.1654 -0.2835
vn 0.9606 0.2756 -0.0472
vn 0.9843 0.1811 -0.0315
vn 0.9921 0.1417 -0.0236
vn 0.9055 0.4173 -0.0551
vn 0.9528 0.2913 -0.0394
vn 0.9606 0.2835 -0.0394
vn 0.9764 0.2283 -0.0315
vn 0.9055 0.3780 0.1890
vn 0.9370 0.2677 0.2126
vn 0.9449 0.2598 0.2126
vn 0.9528 0.2126 0.2283
vn 0.9055 0.3701 0.1968
vn 0.9370 0.2598 0.2205
vn 0.9449 0.2520 0.2205
vn 0.9528 0.2047 0.2362
vn 0.9134 0.3701 0.1496
vn 0.9449 0.2677 0.1732
vn 0.9528 0.2598 0.1732
vn 0.9606 0.2126 0.1811
vn 0.9134 0.3701 0.1575
vn 0.9134 0.3937 -0.0472
vn 0.9528 0.2913 -0.0315
vn 0.9606 0.2835 -0.0315
vn 0.9685 0.2362 -0.0236
vn 0.0157 0.3150 0.9528
vn 0.0157 0.3228 0.9449
vn 0.0157 0.3071 0.9528
vn -0.0157 0.3150 0.9528
vn -0.0157 0.3228 0.9449
vn -0.0157 0.3071 0.9528
vn 0.2047 0.3150 0.9291
vn 0.2047 0.3307 0.9213
vn 0.2047 0.3071 0.9291
vn -0.2047 0.3150 0.9291
vn -0.2047 0.3307 0.9213
vn -0.2047 0.3071 0.9291
vn -0.2126 0.3150 0.9213
vn -0.2126 0.3307 0.9213
vn -0.2126 0.3071 0.9291
vn 0.2126 0.3150 0.9213
vn 0.2126 0.3307 0.9213
vn 0.2126 0.3071 0.9291
vn 0.2520 0.3150 0.9134
vn 0.2520 0.3307 0.9055
vn -0.2520 0.3150 0.9134
vn -0.2520 0.3307 0.9055
vn 0.2520 0.3543 0.8976
vn 0.2520 0.3622 0.8976
vn 0.2520 0.3465 0.9055
vn -0.2520 0.3543 0.8976
vn -0.2520 0.3622 0.8976
vn -0.2520 0.3465 0.9055
vn 0.0000 0.3150 0.9449
vn 0.0000 0.3307 0.9449
vn 0.0000 0.3150 0.9528
vn 0.0000 0.3228 0.9449
vn 0.0000 0.3622 0.9291
vn 0.0000 0.3780 0.9291
vn 0.0000 0.3543 0.9370
vn -0.9528 0.2992 -0.0472
vn -0.9843 0.1890 -0.0315
vn -0.9843 0.1968 -0.0315
vn -0.9921 0.1339 -0.0236
vn -0.8976 0.3228 -0.2992
vn -0.9370 0.2047 -0.2913
vn -0.9291 0.2126 -0.2913
vn -0.9449 0.1575 -0.2835
vn -0.9134 0.3307 -0.2441
vn -0.9449 0.2126 -0.2362
vn -0.9449 0.2205 -0.2362
vn -0.9606 0.1575 -0.2362
vn -0.9134 0.3228 -0.2441
vn -0.9606 0.1575 -0.2283
vn -0.8976 0.3307 -0.2913
vn -0.9370 0.2205 -0.2835
vn -0.9291 0.2283 -0.2835
vn -0.9449 0.1654 -0.2835
vn -0.9606 0.2756 -0.0472
vn -0.9843 0.1811 -0.0315
vn -0.9921 0.1417 -0.0236
vn -0.9055 0.4173 -0.0551
vn -0.9606 0.2835 -0.0394
vn -0.9528 0.2913 -0.0394
vn -0.9764 0.2283 -0.0315
vn -0.9055 0.3780 0.1890
vn -0.9370 0.2598 0.2126
vn -0.9370 0.2677 0.2126
vn -0.9528 0.2126 0.2283
vn -0.9055 0.3701 0.1968
vn -0.9449 0.2520 0.2205
vn -0.9370 0.2598 0.2205
vn -0.9528 0.2047 0.2362
vn -0.9134 0.3701 0.1496
vn -0.9528 0.2598 0.1732
vn -0.9449 0.2677 0.1732
vn -0.9606 0.2126 0.1811
vn -0.9134 0.3701 0.1575
vn -0.9134 0.3937 -0.0472
vn -0.9606 0.2835 -0.0315
vn -0.9528 0.2913 -0.0315
vn -0.9685 0.2362 -0.0236
vn 0.0157 -0.9921 0.1260
vn -0.0157 -0.9921 0.1260
vn 0.0000 -0.9921 0.1260
vn 0.0000 -0.9921 0.1339
vn 0.0157 -0.9843 0.1654
vn -0.0157 -0.9843 0.1654
vn 0.0000 -0.9843 0.1732
vn -0.0472 -0.9921 0.1260
vn 0.0472 -0.9921 0.1260
vn 0.0000 0.2205 -0.9764
vn 0.0000 0.0551 -1.0000
vn 0.0000 -0.0315 -1.0000
vn 0.0000 0.4409 -0.8976
vn 0.0000 0.0945 -0.9921
vn -0.2362 0.3228 -0.9134
vn -0.2598 0.1339 -0.9606
vn -0.2598 0.0236 -0.9685
vn 0.2362 0.3228 -0.9134
vn 0.2598 0.1339 -0.9606
vn 0.2598 0.0236 -0.9685
vn 0.2362 0.3622 -0.9055
vn 0.2598 0.1654 -0.9528
vn 0.2598 0.0551 -0.9606
vn -0.2362 0.3622 -0.9055
vn -0.2598 0.1654 -0.9528
vn -0.2598 0.0551 -0.9606
vn -0.2520 0.1654 -0.9528
vn 0.2520 0.1654 -0.9528
vn 0.1890 0.3622 -0.9134
vn 0.2047 0.1654 -0.9606
vn 0.2126 0.0630 -0.9764
vn -0.1890 0.3622 -0.9134
vn -0.2047 0.1654 -0.9606
vn -0.2126 0.0630 -0.9764
vn -0.2047 0.1654 -0.9685
vn -0.2047 0.0630 -0.9764
vn 0.2047 0.1654 -0.9685
vn 0.2047 0.0630 -0.9764
vn 0.0157 0.3622 -0.9291
vn 0.0079 0.1654 -0.9843
vn 0.0079 0.0630 -1.0000
vn -0.0157 0.3622 -0.9291
vn -0.0079 0.1654 -0.9843
vn -0.0079 0.0630 -1.0000
vn -0.4331 0.7087 -0.5591
vn 0.4331 0.7087 -0.5591
vn -0.4331 0.5591 0.7087
vn 0.4331 0.5591 0.7087
vn -0.4331 -0.7087 0.5591
vn 0.4331 -0.7087 0.5591
vn 0.0000 -0.6142 -0.7874
vn -0.4331 -0.5591 -0.7087
vn 0.4331 -0.5591 -0.7087
vn 1.0000 -0.0315 -0.0236
vn 1.0000 0.0315 0.0236
vn -0.0236 0.0157 1.0000
vn 0.0236 0.0157 1.0000
vn -1.0000 -0.0315 -0.0236
vn -1.0000 0.0315 0.0236
vn 0.0315 -0.9843 -0.1575
vn -0.0315 -0.9843 -0.1575
vn 0.0236 -0.0157 -1.0000
vn -0.0236 -0.0157 -1.0000
vn 1.0000 0.0000 0.0472
vn 0.7323 -0.6535 0.1732
vn 0.7480 0.6457 -0.1496
vn 0.7717 -0.0315 -0.6378
vn 0.7087 0.0394 0.7087
vn 0.0000 0.9764 -0.2126
vn 0.6693 0.7165 -0.1890
vn -0.6693 0.7165 -0.1890
vn 0.0000 0.8661 0.5039
vn 0.0000 0.0551 1.0000
vn -1.0000 0.0000 0.0472
vn -0.7323 -0.6535 0.1732
vn -0.7480 0.6457 -0.1496
vn -0.7717 -0.0315 -0.6378
vn -0.7087 0.0394 0.7087
vn 0.0000 -0.0551 -1.0000
vn 0.0000 0.5827 -0.8110
vn 0.0000 -0.9528 0.2992
vn 0.0000 0.8425 -0.5433
vn 0.0000 0.5433 0.8425
vn 0.0000 -0.2126 0.9764
vn -1.0000 0.0079 0.0000
vn 0.0000 -0.9213 -0.3937
vn 0.0000 -0.5433 -0.8425
vn 0.0000 0.9921 -0.0866
vn 0.0000 0.1339 0.9921
vn 0.0000 0.5984 0.7953
vn -1.0000 0.0000 -0.0079
vn 0.0000 -0.9921 0.1417
vn 0.0000 -0.8976 -0.4488
vn 0.0000 0.5197 -0.8583
vn 0.0000 -0.4961 -0.8661
vn 0.0000 -0.5906 -0.8110
vn -0.4331 0.6378 0.6378
vn -0.4331 0.6378 -0.6378
vn -0.4331 -0.6378 0.6378
vn -0.4331 -0.6378 -0.6378
vn 1.0000 -0.0079 0.0000
vn 0.0157 0.9764 0.2126
vn 0.0157 0.8740 -0.4882
vn -0.0079 -0.5906 0.8110
vn 0.0000 0.0866 1.0000
vn 0.0000 -0.0866 1.0000
vn -0.0157 -0.8898 0.4567
vn -0.0079 -0.5512 -0.8346
vn 0.0000 0.0866 -1.0000
vn 1.0000 0.0000 0.0551
vn 0.7402 -0.6693 -0.0472
vn 0.7402 0.6693 0.0787
vn 0.7795 0.0472 -0.6299
vn 0.6693 0.7402 0.0630
vn -0.6693 0.7402 0.0630
vn 0.0000 0.8189 -0.5669
vn 0.0000 -0.0787 1.0000
vn 0.7008 -0.0551 0.7087
vn -0.7008 -0.0551 0.7087
vn 0.0000 0.6457 0.7638
vn -1.0000 0.0000 0.0551
vn -0.7402 -0.6693 -0.0472
vn -0.7402 0.6693 0.0787
vn -0.7795 0.0472 -0.6299
vn 0.0000 0.0787 -1.0000
vn -1.0000 -0.0079 0.0551
vn 1.0000 -0.0079 0.0551
vn 0.4331 0.6378 0.6378
vn 0.4331 0.6378 -0.6378
vn 0.4331 -0.6378 0.6378
vn 0.4331 -0.6378 -0.6378
vn -0.0157 0.9764 0.2126
vn -0.0157 0.8740 -0.4882
vn 0.0079 -0.5906 0.8110
vn -1.0000 -0.0079 0.0000
vn 0.0157 -0.8898 0.4567
vn 0.0079 -0.5512 -0.8346
vn 0.0000 1.0000 0.0630
vn 0.7402 -0.6693 0.0000
vn 0.7402 0.6693 0.0236
vn 0.7795 -0.0315 -0.6299
vn 0.6693 0.7402 0.0079
vn -0.6693 0.7402 0.0079
vn 0.0000 0.7795 -0.6299
vn -0.7402 -0.6693 0.0000
vn -0.7402 0.6693 0.0236
vn -0.7795 -0.0315 -0.6299
vn 1.0000 0.0000 -0.0079
vn 0.0000 0.9921 -0.0945
vn 0.0000 0.7165 0.6929
vn 0.0000 -0.9921 0.1496
vn 0.0000 -0.9213 -0.3858
vn 0.0000 0.3622 -0.9291
vn 0.0000 -0.6457 -0.7638
vn 0.0000 0.9764 -0.2047
vn 0.6693 0.7165 -0.1811
vn -0.6693 0.7165 -0.1811
vn 0.9685 0.0157 0.2362
vn 0.0000 1.0000 -0.0551
vn -0.9685 0.0157 0.2362
vn 0.0000 -0.8740 0.4803
vn 0.0000 1.0000 -0.0866
vn 0.7402 -0.6693 0.0945
vn 0.7402 0.6693 -0.0709
vn 0.7717 -0.0315 -0.6299
vn 0.6693 0.7323 -0.0945
vn -0.6693 0.7323 -0.0945
vn 0.0000 0.7953 0.6063
vn 0.7008 0.0394 0.7087
vn -0.7008 0.0394 0.7087
vn -0.7402 -0.6693 0.0945
vn -0.7402 0.6693 -0.0709
vn -0.7717 -0.0315 -0.6299
vn 0.0000 0.6772 -0.7323
vn 0.0000 -0.9843 0.1890
vn 0.9764 0.0394 0.2205
vn 0.9528 0.0079 0.2992
vn 0.1890 0.9291 -0.3307
vn 0.0787 0.9921 -0.1339
vn -0.5039 -0.0630 0.8583
vn -0.9055 0.0394 -0.4173
vn -0.9370 0.0079 -0.3386
vn 0.0236 -1.0000 -0.0394
vn -0.0315 -1.0000 0.0551
vn 0.4409 0.5039 -0.7480
vn 0.9921 0.0394 -0.0945
vn 1.0000 0.0079 -0.0236
vn 0.0000 0.9291 -0.3622
vn 0.0000 0.9921 -0.1417
vn 0.0000 -0.0630 1.0000
vn -0.9921 0.0394 -0.0945
vn -1.0000 0.0079 -0.0236
vn 0.0000 -1.0000 -0.0394
vn 0.0000 -1.0000 0.0551
vn 0.0000 0.5197 -0.8504
vn 0.9291 0.0394 -0.3622
vn 0.9606 0.0079 -0.2835
vn -0.1575 0.9291 -0.3386
vn -0.0630 0.9921 -0.1339
vn 0.4331 -0.0630 0.8976
vn -0.9843 0.0394 0.1654
vn -0.9685 0.0079 0.2441
vn -0.0157 -1.0000 -0.0394
vn 0.0236 -1.0000 0.0551
vn -0.3701 0.5039 -0.7795
vn 0.9370 0.0000 -0.3465
vn 0.8819 0.0000 0.4724
vn 0.0000 1.0000 0.0236
vn 0.0000 1.0000 -0.0157
vn 0.0000 0.0000 1.0000
vn -0.9370 0.0000 -0.3465
vn -0.8819 0.0000 0.4803
vn 0.0000 -1.0000 0.0236
vn 0.0000 -1.0000 -0.0157
vn 0.0000 0.0000 -1.0000
vn 0.9291 -0.3228 -0.1654
vn 0.9606 -0.2677 -0.1102
vn 0.4331 0.8189 0.3780
vn -0.0236 -0.4173 0.9134
vn 0.0315 -0.3071 0.9528
vn -0.9843 0.1654 0.0315
vn -0.9685 0.2283 0.0866
vn -0.3937 -0.6063 -0.6929
vn -0.0787 0.2047 -0.9764
vn -0.1968 -0.0551 -0.9764
vn 0.9764 0.2126 0.0551
vn 0.9528 0.2756 0.1024
vn -0.5039 0.7795 0.3622
vn 0.0315 -0.4094 0.9134
vn -0.0394 -0.3071 0.9528
vn -0.9370 -0.3150 -0.1260
vn 0.4646 -0.5748 -0.6772
vn 0.0945 0.2047 -0.9764
vn 0.2362 -0.0394 -0.9685
vn 0.9921 -0.0787 -0.0630
vn 1.0000 -0.0157 -0.0079
vn 0.0000 0.9134 0.4173
vn 0.0000 -0.4173 0.9055
vn 0.0000 -0.2992 0.9528
vn -0.9921 -0.0787 -0.0630
vn -1.0000 -0.0157 -0.0079
vn 0.0000 -0.6772 -0.7323
vn 0.0000 0.1968 -0.9843
vn 0.0000 -0.0787 -1.0000
vn 1.0000 0.0787 0.0315
vn 0.0000 0.9291 0.3701
vn 0.0000 -0.3622 0.9291
vn -1.0000 0.0787 0.0315
vn 0.0000 -0.9291 -0.3701
vn 0.7480 0.6457 -0.1575
vn 0.7087 0.0394 0.7008
vn 0.0000 0.8661 0.4961
vn -0.7480 0.6457 -0.1575
vn -0.7087 0.0394 0.7008
vn 0.0000 0.5748 -0.8189
vn 0.9370 -0.3150 -0.1260
vn 0.5039 0.7795 0.3622
vn -0.0315 -0.4094 0.9134
vn 0.0394 -0.3071 0.9528
vn -0.9764 0.2126 0.0551
vn -0.9528 0.2756 0.1024
vn -0.4567 -0.5748 -0.6772
vn -0.0945 0.2047 -0.9764
vn -0.2362 -0.0394 -0.9685
vn 0.9843 0.1654 0.0315
vn 0.9685 0.2283 0.0866
vn -0.4331 0.8189 0.3780
vn 0.0236 -0.4173 0.9134
vn -0.0315 -0.3071 0.9528
vn -0.9291 -0.3228 -0.1654
vn -0.9606 -0.2677 -0.1102
vn 0.3937 -0.6063 -0.6929
vn 0.0787 0.2047 -0.9764
vn 0.1968 -0.0551 -0.9764
vn 0.0000 0.8583 0.5118
vn 0.0000 0.9291 -0.3701
vn 0.0000 0.8898 -0.4567
vn 0.0000 0.0787 1.0000
vn 0.0000 -0.8819 0.4724
vn 0.0000 -1.0000 0.0315
vn 0.0000 -0.1339 -0.9921
vn 0.0000 0.5512 -0.8346
vn 0.9685 0.0079 0.2441
vn 0.9843 0.0394 0.1654
vn 0.1575 0.9291 -0.3386
vn 0.0630 0.9921 -0.1339
vn -0.4331 -0.0630 0.8976
vn -0.9291 0.0394 -0.3622
vn -0.9606 0.0079 -0.2835
vn 0.0157 -1.0000 -0.0394
vn -0.0236 -1.0000 0.0551
vn 0.3701 0.5039 -0.7795
vn 0.9055 0.0394 -0.4173
vn 0.9370 0.0079 -0.3386
vn -0.1890 0.9291 -0.3307
vn -0.0787 0.9921 -0.1339
vn 0.5039 -0.0630 0.8583
vn -0.9764 0.0394 0.2205
vn -0.9528 0.0079 0.2992
vn -0.0236 -1.0000 -0.0394
vn 0.0315 -1.0000 0.0551
vn -0.4409 0.5039 -0.7480
vn 0.0000 0.7165 0.7008
vn 0.0000 -0.4173 0.9134
vn 0.0000 0.3071 -0.9528
vn 0.0000 -0.5591 -0.8268

o Torso
usemtl c_e2a4fc
f 1/1/1 2/2/1 3/3/1
f 2/2/1 4/4/1 3/3/1
f 5/5/1 6/6/1 7/7/1
f 6/6/1 8/8/1 7/7/1
f 9/9/2 10/10/2 11/11/2
f 10/10/2 9/9/2 12/12/2
f 13/13/3 14/14/3 15/15/3
f 14/14/3 13/13/3 16/16/3
f 17/17/4 18/18/4 19/19/4
f 18/18/4 17/17/4 20/20/4
f 20/20/5 15/21/5 14/22/5
f 15/21/5 20/20/5 17/17/5
f 15/21/6 21/23/7 13/24/6
f 21/23/7 15/21/6 17/17/8
f 17/17/8 19/19/9 21/23/7
f 22/25/9 21/23/7 19/19/9
f 23/26/10 18/18/11 20/20/12
f 18/18/11 23/26/10 24/27/11
f 24/27/13 19/19/13 18/18/13
f 19/19/13 24/27/13 22/25/13
f 14/28/14 23/29/10 20/30/12
f 16/31/14 23/29/10 14/28/14
f 25/32/2 26/33/2 27/34/2
f 26/33/2 25/32/2 28/35/2
f 29/36/15 30/37/15 31/38/15
f 30/37/15 29/36/15 32/39/15
f 33/40/16 31/38/16 34/41/16
f 31/38/16 33/40/16 29/36/16
f 33/40/17 35/42/18 29/36/19
f 35/42/18 33/40/17 36/43/17
f 32/39/20 29/36/19 35/42/18
f 35/42/18 37/44/20 32/39/20
f 30/37/21 38/45/22 31/38/23
f 38/45/22 30/37/21 39/46/21
f 39/46/24 32/39/24 37/44/24
f 32/39/24 39/46/24 30/37/24
f 36/47/25 34/48/25 40/49/25
f 34/48/25 36/47/25 33/50/25
f 34/51/26 31/52/23 38/53/22
f 38/53/22 40/54/26 34/51/26
usemtl c_5f456a
f 41/55/27 42/56/27 43/57/27
f 42/56/27 41/55/27 44/58/27
f 43/57/28 45/59/28 41/55/28
f 46/60/29 42/56/29 47/61/29
f 42/56/29 46/60/29 43/57/29
f 48/62/30 49/63/30 50/64/30
f 51/65/28 41/66/28 45/67/28
f 45/67/31 46/68/31 48/62/31
f 46/68/31 45/67/31 43/69/31
f 50/70/32 45/71/32 48/72/32
f 45/71/32 50/70/32 51/73/32
f 47/74/33 44/75/33 52/76/33
f 44/75/33 47/74/33 42/77/33
f 46/78/34 47/79/34 49/80/34
f 52/81/34 49/80/34 47/79/34
f 49/80/30 48/82/30 46/78/30
f 53/83/35 54/84/35 55/85/35
f 56/86/35 57/87/35 58/88/35
f 55/85/36 54/84/36 59/89/36
f 57/87/36 60/90/36 58/88/36
f 61/91/37 53/92/38 62/93/38
f 53/92/38 61/91/37 54/94/39
f 61/91/37 59/95/40 54/94/39
f 59/95/40 61/91/37 63/96/40
f 64/97/41 56/98/42 58/99/43
f 56/98/42 64/97/41 65/100/42
f 63/101/44 61/102/44 66/103/44
f 67/104/44 68/105/44 64/106/44
f 66/103/45 61/102/45 62/107/45
f 68/105/45 65/108/45 64/106/45
f 60/109/46 64/110/41 58/111/43
f 64/110/41 60/109/46 67/112/46
f 69/113/47 70/114/47 71/115/47
f 70/114/47 69/113/47 72/116/47
f 73/117/48 69/118/48 74/119/48
f 69/118/48 73/117/48 72/120/48
f 73/121/49 70/122/49 72/123/49
f 70/122/49 73/121/49 75/124/49
f 76/125/50 75/126/50 74/127/50
f 74/127/50 75/126/50 73/128/50
f 74/129/51 71/130/51 76/131/51
f 71/130/51 74/129/51 69/132/51
f 77/133/52 78/134/52 79/135/52
f 79/135/52 80/136/52 77/133/52
f 80/137/53 81/138/53 82/139/53
f 80/137/53 82/139/53 77/140/53
f 83/141/54 82/142/54 81/143/54
f 82/142/54 83/141/54 84/144/54
f 78/145/55 82/142/55 84/144/55
f 78/145/55 77/146/55 82/142/55
f 83/147/56 79/148/56 84/149/56
f 78/150/56 84/149/56 79/148/56
f 85/151/57 86/152/57 87/153/57
f 88/154/58 89/155/58 90/156/58
f 89/155/58 88/154/58 91/157/58
f 92/158/58 93/159/58 86/160/58
f 93/159/58 92/158/58 94/161/58
f 95/162/59 90/156/59 96/163/59
f 90/156/59 95/162/59 88/154/59
f 97/164/59 86/160/59 93/159/59
f 86/160/59 97/164/59 87/165/59
f 98/166/60 95/162/60 99/167/60
f 95/162/60 96/163/60 99/167/60
f 97/164/60 100/168/60 87/165/60
f 100/168/60 97/164/60 101/169/60
f 102/170/49 87/171/49 100/172/49
f 87/171/49 102/170/49 85/173/49
f 85/173/57 92/174/57 86/175/57
f 103/176/61 88/177/61 95/178/61
f 88/177/61 103/176/61 91/179/61
f 104/180/49 95/178/49 98/181/49
f 95/178/49 104/180/49 103/176/49
f 105/182/62 98/183/62 99/184/62
f 105/182/62 104/185/62 98/183/62
f 106/186/62 100/187/62 101/188/62
f 100/187/62 106/186/62 102/189/62
f 93/190/63 107/191/63 97/192/63
f 105/193/64 103/194/64 104/195/64
f 103/194/64 105/193/64 108/196/64
f 102/197/64 107/198/64 85/199/64
f 107/198/64 102/197/64 106/200/64
f 108/196/65 89/201/65 103/194/65
f 103/194/65 89/201/65 91/202/65
f 92/203/65 85/199/65 107/198/65
f 107/198/65 94/204/65 92/203/65
f 105/205/51 96/206/51 108/207/51
f 96/206/51 105/205/51 99/208/51
f 90/209/66 108/207/66 96/206/66
f 89/210/66 108/207/66 90/209/66
f 107/211/63 93/212/63 94/213/63
f 106/214/51 97/215/51 107/211/51
f 97/215/51 106/214/51 101/216/51
f 109/217/67 110/218/67 111/219/67
f 111/219/67 112/220/67 109/217/67
f 112/221/68 111/222/68 113/223/68
f 112/221/68 113/223/68 114/224/68
f 115/225/53 114/226/53 116/227/53
f 114/226/53 115/225/53 109/228/53
f 114/226/53 109/228/53 112/229/53
f 116/227/53 114/226/53 117/230/53
f 118/231/53 116/227/53 117/230/53
f 119/232/69 120/233/69 121/234/69
f 120/233/69 119/232/69 122/235/69
f 120/233/70 118/236/70 121/234/70
f 118/236/70 117/237/70 121/234/70
f 110/238/71 115/239/71 123/240/71
f 115/239/71 110/238/71 109/241/71
f 120/242/72 124/243/72 118/244/72
f 124/243/72 120/242/72 122/245/72
f 116/246/73 123/240/73 115/239/73
f 123/240/73 116/246/73 125/247/73
f 116/246/74 124/243/74 125/247/74
f 124/243/74 116/246/74 118/244/74
f 124/248/75 119/249/75 126/250/75
f 119/249/75 124/248/75 122/251/75
f 126/250/56 125/252/56 124/248/56
f 125/252/56 126/250/56 113/253/56
f 123/254/56 113/253/56 110/255/56
f 113/253/56 111/256/56 110/255/56
f 113/253/56 123/254/56 125/252/56
f 127/257/76 128/258/76 129/259/76
f 128/258/76 127/257/76 130/260/76
f 128/258/76 131/261/76 129/259/76
f 132/262/76 129/259/76 131/261/76
f 131/261/76 128/258/76 133/263/76
f 131/261/76 134/264/76 132/262/76
f 135/265/76 133/263/76 128/258/76
f 134/264/76 135/265/76 132/262/76
f 133/263/76 135/265/76 136/266/76
f 135/265/76 134/264/76 136/266/76
f 137/267/77 138/268/78 132/269/77
f 132/269/77 138/268/78 129/270/78
f 139/271/79 130/272/79 127/273/79
f 139/271/79 127/273/79 140/274/79
f 140/274/80 129/275/78 138/276/78
f 140/274/80 127/273/80 129/275/78
f 140/277/81 141/278/81 139/279/81
f 141/278/81 140/277/81 138/280/81
f 141/278/81 138/280/81 142/281/81
f 137/282/81 142/281/81 138/280/81
f 141/278/81 142/281/81 143/283/81
f 142/281/81 137/282/81 144/284/81
f 145/285/81 141/278/81 143/283/81
f 145/285/81 144/284/81 137/282/81
f 145/285/81 143/283/81 146/286/81
f 144/284/81 145/285/81 146/286/81
f 137/287/82 132/288/82 135/289/82
f 137/287/82 135/289/82 145/290/82
f 147/291/53 148/292/53 149/293/53
f 149/293/53 150/294/53 147/291/53
f 151/295/83 152/296/83 153/297/83
f 152/296/83 151/295/83 154/298/83
f 155/299/84 151/300/84 156/301/84
f 151/300/84 155/299/84 154/302/84
f 155/303/49 152/304/49 154/305/49
f 152/304/49 155/303/49 157/306/49
f 158/307/85 157/308/85 156/309/85
f 155/310/85 156/309/85 157/308/85
f 156/311/51 153/312/51 158/313/51
f 153/312/51 156/311/51 151/314/51
f 159/315/86 160/316/86 161/317/86
f 160/316/86 159/315/86 162/318/86
f 163/319/87 162/320/87 159/321/87
f 160/322/88 164/323/88 161/324/88
f 160/322/89 162/320/89 165/325/89
f 160/322/89 165/325/89 166/326/89
f 167/327/90 164/328/90 166/329/90
f 164/328/90 167/327/90 168/330/90
f 160/331/88 166/329/88 164/328/88
f 165/332/91 167/327/91 166/329/91
f 167/327/91 165/332/91 169/333/91
f 168/334/92 169/335/92 170/336/92
f 169/335/92 168/334/92 167/337/92
f 163/338/93 170/339/93 169/340/93
f 163/338/93 169/340/93 165/341/93
f 162/342/87 163/338/87 165/341/87
f 16/343/94 171/344/95 172/345/94
f 172/345/94 173/346/96 16/343/94
f 171/344/95 16/343/94 13/347/95
f 173/346/96 23/348/97 16/343/94
f 13/347/95 174/349/98 171/344/95
f 173/346/96 24/350/99 23/348/97
f 174/349/98 13/347/95 21/351/100
f 24/350/99 173/346/96 175/352/99
f 22/353/101 174/349/98 21/351/100
f 176/354/101 24/350/99 175/352/99
f 176/354/101 174/349/98 22/353/101
f 24/350/99 176/354/101 22/353/101
f 113/355/102 40/356/103 177/357/103
f 40/356/103 117/358/104 177/357/103
f 40/356/103 113/355/102 36/359/102
f 117/358/104 40/356/103 38/360/105
f 178/361/106 36/359/102 113/355/102
f 39/362/107 117/358/104 38/360/105
f 36/359/102 178/361/106 35/363/108
f 117/358/104 39/362/107 121/364/107
f 37/365/109 35/363/108 178/361/106
f 119/366/109 121/364/107 39/362/107
f 119/366/109 39/362/107 37/365/109
f 178/361/106 119/366/109 37/365/109
f 79/367/52 179/368/52 80/369/52
f 179/368/52 180/370/52 80/369/52
f 180/371/110 181/372/110 182/373/110
f 181/372/110 180/371/110 179/374/110
f 81/375/53 180/376/53 182/377/53
f 180/376/53 81/375/53 80/378/53
f 181/379/54 81/380/54 182/381/54
f 81/380/54 181/379/54 83/382/54
f 83/383/56 179/384/56 79/385/56
f 179/384/56 83/383/56 181/386/56
f 128/387/76 183/388/76 135/389/76
f 183/388/76 128/387/76 184/390/76
f 128/387/76 185/391/76 184/390/76
f 128/387/76 130/392/76 185/391/76
f 186/393/79 185/394/79 130/395/79
f 186/393/79 130/395/79 139/396/79
f 141/397/81 145/398/81 187/399/81
f 141/397/81 187/399/81 188/400/81
f 186/401/81 141/397/81 188/400/81
f 141/397/81 186/401/81 139/402/81
f 187/403/111 183/404/111 184/405/112
f 187/403/111 184/405/112 188/406/112
f 188/406/112 184/405/112 185/407/113
f 188/406/112 185/407/113 186/408/113
f 145/409/82 135/410/82 183/411/82
f 145/409/82 183/411/82 187/412/82
f 60/413/114 3/414/114 4/415/114
f 3/414/114 60/413/114 59/416/114
f 189/417/115 190/418/115 191/419/115
f 190/418/115 189/417/115 192/420/115
f 193/421/116 57/422/116 194/423/116
f 57/422/116 193/421/116 55/424/116
f 59/425/36 60/426/36 195/427/36
f 192/428/36 59/425/36 195/427/36
f 55/424/36 59/425/36 192/428/36
f 189/429/36 55/424/36 192/428/36
f 189/429/36 60/426/36 57/422/36
f 57/422/36 55/424/36 189/429/36
f 195/427/36 60/426/36 196/430/36
f 60/426/36 189/429/36 196/430/36
f 197/431/117 192/428/117 195/427/117
f 192/428/117 197/431/117 190/432/117
f 198/433/118 189/429/118 191/434/118
f 196/430/118 189/429/118 198/433/118
f 195/427/119 198/433/119 197/431/119
f 198/433/119 195/427/119 196/430/119
f 1/435/49 193/436/49 199/437/49
f 193/436/49 1/435/49 55/438/49
f 1/435/49 59/439/49 55/438/49
f 59/439/49 1/435/49 3/440/49
f 200/441/120 199/442/120 194/443/120
f 194/443/120 199/442/120 193/444/120
f 199/445/1 2/446/1 1/447/1
f 2/446/1 199/445/1 200/448/1
f 194/449/51 2/450/51 200/451/51
f 2/450/51 194/449/51 57/452/51
f 60/453/51 2/450/51 57/452/51
f 2/450/51 60/453/51 4/454/51
f 201/455/121 202/456/121 203/457/121
f 203/457/121 204/458/121 201/455/121
f 205/459/53 204/460/53 206/461/53
f 204/460/53 205/459/53 201/462/53
f 207/463/122 205/464/122 206/465/122
f 205/464/122 207/463/122 208/466/122
f 202/467/123 205/464/123 208/466/123
f 202/467/123 201/468/123 205/464/123
f 202/469/56 208/470/56 203/471/56
f 208/470/56 207/472/56 203/471/56
f 10/473/67 209/474/67 11/475/67
f 209/474/67 210/476/67 11/475/67
f 211/477/124 212/478/124 213/479/124
f 212/478/124 211/477/124 214/480/124
f 161/481/125 215/482/126 210/483/127
f 215/482/126 161/481/125 216/484/126
f 210/483/127 159/485/128 161/481/125
f 210/483/127 209/486/129 159/485/128
f 217/487/130 159/485/128 209/486/129
f 159/485/128 217/487/130 163/488/130
f 212/489/131 218/490/131 219/491/131
f 219/491/131 213/492/131 212/489/131
f 220/493/132 221/494/132 222/495/132
f 221/494/132 220/493/132 223/496/132
f 221/497/133 224/498/133 222/499/133
f 224/498/133 221/497/133 225/500/133
f 9/501/134 170/502/135 226/503/135
f 170/502/135 9/501/134 168/504/136
f 217/505/137 226/503/135 170/502/135
f 170/502/135 163/506/137 217/505/137
f 9/501/138 11/507/139 220/508/139
f 9/501/138 220/508/139 222/509/138
f 215/510/140 9/501/138 222/509/138
f 222/509/138 224/511/141 215/510/140
f 224/511/141 210/512/142 215/510/140
f 210/512/142 224/511/141 227/513/142
f 11/507/139 210/512/142 227/513/142
f 11/507/139 227/513/142 220/508/139
f 168/504/136 215/510/143 216/514/143
f 215/510/143 168/504/136 9/501/134
f 220/508/144 227/513/144 228/515/144
f 220/508/144 228/515/144 223/516/144
f 229/517/145 211/518/145 230/519/145
f 211/518/145 229/517/145 214/520/145
f 228/521/146 224/522/146 225/523/146
f 224/522/146 228/521/146 227/524/146
f 226/525/147 219/526/148 10/527/148
f 219/526/148 226/525/147 213/528/147
f 230/529/149 10/527/148 219/526/148
f 10/527/148 230/529/149 209/530/150
f 230/529/149 217/531/151 209/530/150
f 217/531/151 230/529/149 211/532/152
f 213/528/147 217/531/151 211/532/152
f 217/531/151 213/528/147 226/525/147
f 229/533/153 219/526/153 218/534/153
f 219/526/153 229/533/153 230/529/153
f 231/535/154 232/536/155 233/537/156
f 232/536/155 231/535/154 234/538/154
f 235/539/157 236/540/157 237/541/157
f 231/542/157 233/543/157 238/544/157
f 236/540/158 239/545/158 237/541/158
f 238/544/158 233/543/158 240/546/158
f 241/547/159 235/548/160 237/549/161
f 235/548/160 241/547/159 242/550/160
f 239/551/162 241/547/159 237/549/161
f 241/547/159 239/551/162 243/552/162
f 243/553/163 244/554/163 241/555/163
f 245/556/163 232/557/163 246/558/163
f 244/554/164 242/559/164 241/555/164
f 246/558/164 232/557/164 234/560/164
f 232/561/155 240/562/165 233/563/156
f 240/562/165 232/561/155 245/564/165
f 71/565/47 247/566/47 248/567/47
f 247/566/47 71/565/47 70/568/47
f 249/569/166 247/566/166 250/570/166
f 249/569/166 248/567/166 247/566/166
f 250/571/49 247/572/49 75/573/49
f 70/574/49 75/573/49 247/572/49
f 249/575/50 250/576/50 251/577/50
f 251/577/50 250/576/50 75/578/50
f 248/579/51 249/580/51 251/581/51
f 248/579/51 251/581/51 71/582/51
f 176/583/114 252/584/114 253/585/114
f 252/584/114 176/583/114 254/586/114
f 255/587/167 254/586/167 173/588/167
f 254/586/167 255/587/167 252/584/167
f 256/589/168 171/590/168 257/591/168
f 171/590/168 256/589/168 172/592/168
f 258/593/49 172/594/49 256/595/49
f 259/596/49 172/594/49 258/593/49
f 172/594/49 259/596/49 260/597/49
f 173/598/49 260/597/49 255/599/49
f 172/594/49 260/597/49 173/598/49
f 261/600/120 258/601/120 257/602/120
f 257/602/120 258/601/120 256/603/120
f 261/604/169 259/605/169 258/606/169
f 259/605/169 261/604/169 262/607/169
f 255/608/170 263/609/170 252/610/170
f 263/609/170 253/611/170 252/610/170
f 264/612/171 259/605/171 262/607/171
f 259/605/171 264/612/171 260/613/171
f 260/613/172 264/612/172 255/608/172
f 264/612/172 263/609/172 255/608/172
f 176/614/173 263/615/173 174/616/173
f 263/615/173 176/614/173 253/617/173
f 174/616/51 264/618/51 171/619/51
f 264/618/51 174/616/51 263/615/51
f 171/619/51 261/620/51 257/621/51
f 171/619/51 262/622/51 261/620/51
f 262/622/51 171/619/51 264/618/51
f 265/623/67 266/624/67 267/625/67
f 266/624/67 268/626/67 267/625/67
f 268/627/174 238/628/174 236/629/174
f 238/628/174 268/627/174 266/630/174
f 240/631/158 239/632/158 269/633/158
f 240/631/158 270/634/158 238/628/158
f 240/631/158 269/633/158 271/635/158
f 270/634/158 240/631/158 271/635/158
f 239/632/158 272/636/158 269/633/158
f 272/636/158 239/632/158 236/629/158
f 236/629/158 270/634/158 272/636/158
f 236/629/158 238/628/158 270/634/158
f 272/636/175 273/637/175 269/633/175
f 273/637/175 272/636/175 274/638/175
f 275/639/176 276/640/176 270/634/176
f 270/634/176 271/635/176 275/639/176
f 269/633/177 275/639/177 271/635/177
f 275/639/177 269/633/177 273/637/177
f 27/641/53 268/642/53 236/643/53
f 268/642/53 27/641/53 267/644/53
f 27/641/53 239/645/53 25/646/53
f 239/645/53 27/641/53 236/643/53
f 240/647/69 25/648/69 239/649/69
f 25/648/69 240/647/69 28/650/69
f 270/651/178 274/652/178 272/653/178
f 274/652/178 270/651/178 276/654/178
f 267/655/2 26/656/2 265/657/2
f 26/656/2 267/655/2 27/658/2
f 26/659/56 266/660/56 265/661/56
f 266/660/56 26/659/56 238/662/56
f 26/659/56 240/663/56 238/662/56
f 240/663/56 26/659/56 28/664/56
f 153/665/83 277/666/83 278/667/83
f 277/666/83 153/665/83 152/668/83
f 279/669/179 277/666/179 280/670/179
f 279/669/179 278/667/179 277/666/179
f 152/671/49 157/672/49 277/673/49
f 157/672/49 280/674/49 277/673/49
f 279/675/85 280/676/85 158/677/85
f 157/678/85 158/677/85 280/676/85
f 279/679/51 158/680/51 278/681/51
f 278/681/51 158/680/51 153/682/51
f 203/683/121 281/684/121 282/685/121
f 281/684/121 283/686/121 282/685/121
f 283/687/180 284/688/180 285/689/180
f 284/688/180 283/687/180 281/690/180
f 206/691/53 283/692/53 285/693/53
f 283/692/53 206/691/53 282/694/53
f 284/695/122 206/696/122 285/697/122
f 206/696/122 284/695/122 207/698/122
f 207/699/56 281/700/56 203/701/56
f 281/700/56 207/699/56 284/702/56
f 286/703/181 287/704/181 288/705/181
f 286/703/181 289/706/181 287/704/181
f 290/707/181 291/708/181 292/709/181
f 291/708/181 290/707/181 293/710/181
f 294/711/182 295/712/182 296/713/182
f 297/714/183 298/715/183 299/716/183
f 298/715/183 297/714/183 300/717/183
f 295/718/183 301/719/183 302/720/183
f 301/719/183 295/718/183 303/721/183
f 304/722/184 300/717/184 297/714/184
f 300/717/184 304/722/184 305/723/184
f 296/724/184 302/720/184 306/725/184
f 302/720/184 296/724/184 295/718/184
f 289/726/185 304/722/185 287/727/185
f 304/722/185 289/726/185 305/723/185
f 293/728/185 306/725/185 291/729/185
f 306/725/185 293/728/185 296/724/185
f 306/730/53 292/731/53 291/732/53
f 292/731/53 306/730/53 307/733/53
f 301/734/186 307/733/186 302/735/186
f 308/736/187 297/737/187 299/738/187
f 297/737/187 308/736/187 304/739/187
f 304/739/53 288/740/53 287/741/53
f 288/740/53 304/739/53 308/736/53
f 302/742/186 307/743/186 306/744/186
f 308/745/188 286/746/188 288/747/188
f 286/746/188 308/745/188 309/748/188
f 292/749/188 294/750/188 290/751/188
f 294/750/188 292/749/188 307/752/188
f 298/753/189 309/748/189 308/745/189
f 308/745/189 299/754/189 298/753/189
f 301/755/189 294/750/189 307/752/189
f 294/750/189 301/755/189 303/756/189
f 305/757/56 286/758/56 309/759/56
f 286/758/56 305/757/56 289/760/56
f 309/759/190 298/761/190 300/762/190
f 309/759/190 300/762/190 305/757/190
f 295/763/182 294/764/182 303/765/182
f 296/766/56 290/767/56 294/764/56
f 290/767/56 296/766/56 293/768/56
f 52/769/191 7/770/192 310/771/191
f 7/770/192 52/769/191 44/772/193
f 44/772/193 311/773/194 7/770/192
f 311/773/194 44/772/193 312/774/194
f 313/775/195 7/770/196 314/776/196
f 5/777/195 7/770/196 313/775/195
f 315/778/197 5/777/195 313/775/195
f 316/779/197 5/777/195 315/778/197
f 316/779/197 315/778/197 317/780/198
f 311/773/199 316/779/197 317/780/198
f 314/776/196 311/773/199 317/780/198
f 7/770/196 311/773/199 314/776/196
f 49/781/200 52/769/191 318/782/200
f 310/771/201 318/782/200 52/769/191
f 313/775/202 319/783/202 315/778/202
f 319/783/202 313/775/202 320/784/202
f 312/785/203 51/786/204 311/787/203
f 316/788/205 311/787/203 51/786/204
f 50/789/206 316/788/205 51/786/204
f 321/790/207 316/788/205 50/789/206
f 50/789/206 318/791/208 321/790/207
f 318/791/208 50/789/206 49/792/208
f 322/793/209 323/794/209 324/795/209
f 325/796/209 323/794/209 322/793/209
f 326/797/210 313/798/210 314/799/210
f 313/798/210 326/797/210 320/800/210
f 327/801/211 326/802/211 317/803/211
f 314/804/211 317/803/211 326/802/211
f 6/805/120 5/806/120 321/807/120
f 321/807/120 5/806/120 316/808/120
f 322/809/212 328/810/212 325/811/212
f 328/810/212 322/809/212 329/812/212
f 329/813/213 330/814/213 328/815/213
f 331/816/213 328/815/213 330/814/213
f 319/817/214 317/818/214 315/819/214
f 317/818/214 319/817/214 327/820/214
f 323/821/215 310/822/216 6/823/215
f 310/822/216 323/821/215 325/824/216
f 325/824/216 318/825/217 310/822/216
f 318/825/217 325/824/216 328/826/218
f 331/827/219 318/825/217 328/826/218
f 321/828/220 318/825/217 331/827/219
f 331/827/219 6/823/215 321/828/220
f 6/823/215 331/827/219 323/821/215
f 330/829/221 323/821/221 331/827/221
f 323/821/221 330/829/221 324/830/221
usemtl c_b479aa_neon
f 332/831/222 333/832/223 334/833/222
f 332/831/222 334/833/222 335/834/224
f 335/834/224 334/833/222 336/835/224
f 337/836/225 338/837/225 339/838/226
f 337/836/225 340/839/227 338/837/225
f 340/839/227 337/836/225 341/840/227
f 342/841/228 343/842/229 344/843/228
f 344/843/228 345/844/230 342/841/228
f 345/844/230 344/843/228 346/845/230
f 347/846/231 348/847/229 349/848/231
f 349/848/231 350/849/232 347/846/231
f 350/849/232 349/848/231 351/850/232
f 352/851/233 353/852/234 354/853/233
f 354/853/233 355/854/233 352/851/233
f 355/854/233 354/853/233 356/855/233
f 357/856/233 358/857/234 359/858/233
f 359/858/233 360/859/233 357/856/233
f 360/859/233 359/858/233 361/860/233
f 362/861/233 363/862/234 364/863/233
f 364/863/233 365/864/233 362/861/233
f 365/864/233 364/863/233 366/865/233
f 367/866/235 368/867/236 369/868/235
f 369/868/235 370/869/237 367/866/235
f 370/869/237 369/868/235 371/870/237
f 372/871/238 373/872/239 374/873/240
f 374/873/240 373/872/239 375/874/241
f 376/875/241 374/873/240 375/874/241
f 377/876/242 378/877/243 379/878/244
f 379/878/244 378/877/243 380/879/245
f 381/880/245 379/878/244 380/879/245
f 382/881/242 383/882/243 384/883/244
f 384/883/244 383/882/243 385/884/245
f 386/885/245 384/883/244 385/884/245
f 387/886/242 388/887/243 389/888/244
f 389/888/244 388/887/243 390/889/245
f 391/890/245 389/888/244 390/889/245
f 392/891/246 393/892/247 394/893/248
f 394/893/248 393/892/247 395/894/249
f 396/895/249 394/893/248 395/894/249
f 397/896/250 398/897/251 399/898/248
f 399/898/248 398/897/251 400/899/252
f 401/900/252 399/898/248 400/899/252
f 402/901/253 403/902/253 404/903/254
f 402/901/253 405/904/253 403/902/253
f 405/904/253 402/901/253 406/905/253
f 407/906/253 408/907/254 409/908/253
f 407/906/253 409/908/253 410/909/253
f 410/909/253 409/908/253 411/910/253
f 412/911/255 413/912/256 414/913/255
f 412/911/255 414/913/255 415/914/257
f 416/915/257 415/914/257 414/913/255
f 417/916/255 418/917/255 419/918/256
f 417/916/255 420/919/257 418/917/255
f 420/919/257 417/916/255 421/920/257
f 422/921/258 393/922/258 392/923/259
f 423/924/260 393/922/258 422/921/258
f 393/922/258 423/924/260 395/925/260
f 339/926/261 424/927/262 337/928/263
f 424/927/262 341/929/264 337/928/263
f 341/929/264 424/927/262 425/930/264
f 426/931/265 398/932/265 397/933/259
f 427/934/266 398/932/265 426/931/265
f 398/932/265 427/934/266 400/935/266
f 404/936/267 428/937/268 402/938/269
f 428/937/268 406/939/270 402/938/269
f 406/939/270 428/937/268 429/940/270
f 430/941/271 383/942/271 382/943/272
f 431/944/273 383/942/271 430/941/271
f 383/942/271 431/944/273 385/945/273
f 432/946/271 388/947/271 387/948/272
f 433/949/273 388/947/271 432/946/271
f 388/947/271 433/949/273 390/950/273
f 419/951/274 434/952/275 417/953/276
f 434/952/275 421/954/277 417/953/276
f 421/954/277 434/952/275 435/955/277
f 413/956/274 436/957/275 414/958/276
f 436/957/275 416/959/277 414/958/276
f 416/959/277 436/957/275 437/960/277
f 438/961/271 378/962/271 377/963/272
f 439/964/273 378/962/271 438/961/271
f 378/962/271 439/964/273 380/965/273
f 408/966/267 440/967/268 409/968/269
f 440/967/268 411/969/270 409/968/269
f 411/969/270 440/967/268 441/970/270
f 442/971/278 373/972/278 372/973/279
f 443/974/280 373/972/278 442/971/278
f 373/972/278 443/974/280 375/975/280
f 368/976/281 444/977/282 369/978/283
f 444/977/282 371/979/284 369/978/283
f 371/979/284 444/977/282 445/980/284
f 353/981/285 446/982/286 354/983/287
f 446/982/286 356/984/288 354/983/287
f 356/984/288 446/982/286 447/985/288
f 358/986/285 448/987/286 359/988/287
f 448/987/286 361/989/288 359/988/287
f 361/989/288 448/987/286 449/990/288
f 363/991/285 450/992/286 364/993/287
f 450/992/286 366/994/288 364/993/287
f 366/994/288 450/992/286 451/995/288
f 343/996/289 452/997/290 344/998/291
f 452/997/290 346/999/292 344/998/291
f 346/999/292 452/997/290 453/1000/292
f 348/1001/293 454/1002/290 349/1003/291
f 454/1002/290 351/1004/292 349/1003/291
f 351/1004/292 454/1002/290 455/1005/292
f 333/1006/294 456/1007/295 334/1008/296
f 456/1007/295 336/1009/297 334/1008/296
f 336/1009/297 456/1007/295 457/1010/297
f 404/1011/298 458/1012/299 428/1013/299
f 459/1014/300 428/1013/299 458/1012/299
f 428/1013/299 459/1014/300 429/1015/300
f 408/1016/298 460/1017/299 440/1018/299
f 461/1019/300 440/1018/299 460/1017/299
f 440/1018/299 461/1019/300 441/1020/300
f 413/1021/301 462/1022/298 436/1023/298
f 462/1022/298 437/1024/302 436/1023/298
f 463/1025/302 437/1024/302 462/1022/298
f 419/1026/301 464/1027/298 434/1028/298
f 464/1027/298 435/1029/302 434/1028/298
f 435/1029/302 464/1027/298 465/1030/302
f 372/1031/303 466/1032/304 442/1033/305
f 467/1034/306 442/1033/305 466/1032/304
f 442/1033/305 467/1034/306 443/1035/306
f 397/1036/307 468/1037/308 426/1038/309
f 469/1039/310 426/1038/309 468/1037/308
f 426/1038/309 469/1039/310 427/1040/310
f 392/1041/311 470/1042/312 422/1043/309
f 471/1044/313 422/1043/309 470/1042/312
f 422/1043/309 471/1044/313 423/1045/313
f 377/1046/314 472/1047/315 438/1048/316
f 473/1049/317 438/1048/316 472/1047/315
f 438/1048/316 473/1049/317 439/1050/317
f 382/1051/314 474/1052/315 430/1053/316
f 475/1054/317 430/1053/316 474/1052/315
f 430/1053/316 475/1054/317 431/1055/317
f 387/1056/314 476/1057/315 432/1058/316
f 477/1059/317 432/1058/316 476/1057/315
f 432/1058/316 477/1059/317 433/1060/317
f 368/1061/318 478/1062/319 444/1063/319
f 478/1062/319 445/1064/320 444/1063/319
f 479/1065/320 445/1064/320 478/1062/319
f 363/1066/321 480/1067/322 450/1068/322
f 480/1067/322 451/1069/323 450/1068/322
f 481/1070/323 451/1069/323 480/1067/322
f 358/1071/321 482/1072/322 448/1073/322
f 482/1072/322 449/1074/323 448/1073/322
f 483/1075/323 449/1074/323 482/1072/322
f 353/1076/321 484/1077/322 446/1078/322
f 484/1077/322 447/1079/323 446/1078/322
f 485/1080/323 447/1079/323 484/1077/322
f 348/1081/324 486/1082/325 454/1083/325
f 486/1082/325 455/1084/326 454/1083/325
f 487/1085/326 455/1084/326 486/1082/325
f 343/1086/327 488/1087/325 452/1088/325
f 488/1087/325 453/1089/328 452/1088/325
f 489/1090/328 453/1089/328 488/1087/325
f 333/1091/329 490/1092/330 456/1093/330
f 490/1092/330 457/1094/331 456/1093/330
f 491/1095/331 457/1094/331 490/1092/330
f 339/1096/332 492/1097/333 424/1098/333
f 492/1097/333 425/1099/334 424/1098/333
f 425/1099/334 492/1097/333 493/1100/334
f 356/1101/335 485/1102/335 355/1103/335
f 485/1102/335 356/1101/335 447/1104/335
f 439/1105/336 473/1106/336 380/1107/336
f 473/1106/336 381/1108/336 380/1107/336
f 361/1109/335 483/1110/335 360/1111/335
f 483/1110/335 361/1109/335 449/1112/335
f 366/1113/335 481/1114/335 365/1115/335
f 481/1114/335 366/1113/335 451/1116/335
f 431/1117/336 475/1118/336 385/1119/336
f 475/1118/336 386/1120/336 385/1119/336
f 433/1121/336 477/1122/336 390/1123/336
f 477/1122/336 391/1124/336 390/1123/336
f 427/1125/337 469/1126/337 400/1127/337
f 469/1126/337 401/1128/337 400/1127/337
f 351/1129/337 487/1130/337 350/1131/337
f 487/1130/337 351/1129/337 455/1132/337
f 346/1133/337 489/1134/337 345/1135/337
f 489/1134/337 346/1133/337 453/1136/337
f 423/1137/337 471/1138/337 395/1139/337
f 471/1138/337 396/1140/337 395/1139/337
f 463/1141/337 416/1142/337 437/1143/337
f 416/1142/337 463/1141/337 415/1144/337
f 421/1145/337 465/1146/337 420/1147/337
f 465/1146/337 421/1145/337 435/1148/337
f 371/1149/338 479/1150/338 370/1151/338
f 479/1150/338 371/1149/338 445/1152/338
f 443/1153/339 467/1154/339 375/1155/339
f 467/1154/339 376/1156/339 375/1155/339
f 405/1157/340 406/1158/340 429/1159/340
f 429/1159/340 459/1160/340 405/1157/340
f 461/1161/340 411/1162/340 441/1163/340
f 411/1162/340 461/1161/340 410/1164/340
f 336/1165/341 491/1166/341 335/1167/341
f 491/1166/341 336/1165/341 457/1168/341
f 340/1169/342 341/1170/342 425/1171/342
f 425/1171/342 493/1172/342 340/1169/342
f 333/1173/343 332/1174/344 490/1175/345
f 490/1175/345 332/1174/344 491/1176/346
f 332/1174/344 335/1177/346 491/1176/346
f 368/1178/347 367/1179/348 478/1180/349
f 478/1180/349 367/1179/348 479/1181/350
f 367/1179/348 370/1182/350 479/1181/350
f 348/1183/351 347/1184/352 486/1185/353
f 486/1185/353 347/1184/352 487/1186/354
f 347/1184/352 350/1187/354 487/1186/354
f 343/1188/355 342/1189/352 488/1190/356
f 488/1190/356 342/1189/352 489/1191/354
f 342/1189/352 345/1192/354 489/1191/354
f 353/1193/357 352/1194/358 484/1195/359
f 484/1195/359 352/1194/358 485/1196/360
f 352/1194/358 355/1197/360 485/1196/360
f 358/1198/357 357/1199/358 482/1200/359
f 482/1200/359 357/1199/358 483/1201/360
f 357/1199/358 360/1202/360 483/1201/360
f 363/1203/357 362/1204/358 480/1205/359
f 480/1205/359 362/1204/358 481/1206/360
f 362/1204/358 365/1207/360 481/1206/360
f 372/1208/361 374/1209/362 466/1210/362
f 374/1209/362 376/1211/363 466/1210/362
f 466/1210/362 376/1211/363 467/1212/363
f 408/1213/364 407/1214/365 460/1215/366
f 461/1216/367 460/1215/366 407/1214/365
f 407/1214/365 410/1217/367 461/1216/367
f 377/1218/368 379/1219/369 472/1220/369
f 379/1219/369 381/1221/370 472/1220/369
f 472/1220/369 381/1221/370 473/1222/370
f 413/1223/371 412/1224/372 462/1225/373
f 462/1225/373 412/1224/372 463/1226/374
f 412/1224/372 415/1227/374 463/1226/374
f 419/1228/371 418/1229/372 464/1230/373
f 418/1229/372 465/1231/374 464/1230/373
f 465/1231/374 418/1229/372 420/1232/374
f 387/1233/368 389/1234/369 476/1235/369
f 389/1234/369 391/1236/370 476/1235/369
f 476/1235/369 391/1236/370 477/1237/370
f 404/1238/364 403/1239/365 458/1240/366
f 403/1239/365 459/1241/367 458/1240/366
f 459/1241/367 403/1239/365 405/1242/367
f 382/1243/368 384/1244/369 474/1245/369
f 384/1244/369 386/1246/370 474/1245/369
f 474/1245/369 386/1246/370 475/1247/370
f 397/1248/375 399/1249/376 468/1250/376
f 399/1249/376 401/1251/377 468/1250/376
f 468/1250/376 401/1251/377 469/1252/377
f 339/1253/378 338/1254/379 492/1255/380
f 338/1254/379 493/1256/381 492/1255/380
f 493/1256/381 338/1254/379 340/1257/381
f 392/1258/382 394/1259/383 470/1260/383
f 394/1259/383 396/1261/384 470/1260/383
f 470/1260/383 396/1261/384 471/1262/384
f 494/1263/385 495/1264/385 496/1265/385
f 496/1265/385 497/1266/385 494/1263/385
f 498/1267/385 499/1268/385 500/1269/385
f 499/1268/385 498/1267/385 501/1270/385
f 502/1271/386 503/1272/386 504/1273/386
f 503/1272/386 502/1271/386 505/1274/386
f 497/1275/60 506/1276/60 494/1277/60
f 506/1276/60 497/1275/60 507/1278/60
f 508/1279/60 501/1280/60 509/1281/60
f 501/1280/60 508/1279/60 499/1282/60
f 504/1283/387 510/1284/387 502/1285/387
f 510/1284/387 511/1286/387 502/1285/387
f 512/1287/388 513/1288/388 514/1289/388
f 512/1287/388 514/1289/388 515/1290/388
f 510/1291/49 494/1292/49 516/1293/49
f 494/1292/49 503/1294/49 516/1293/49
f 495/1295/49 494/1292/49 510/1291/49
f 503/1294/49 494/1292/49 506/1296/49
f 510/1291/49 517/1297/49 495/1295/49
f 506/1296/49 517/1297/49 503/1294/49
f 517/1297/49 510/1291/49 504/1298/49
f 503/1294/49 517/1297/49 504/1298/49
f 510/1291/389 518/1299/389 511/1300/389
f 518/1299/389 510/1291/389 516/1293/389
f 519/1301/49 499/1302/49 508/1303/49
f 499/1302/49 519/1301/49 500/1304/49
f 520/1305/62 506/1306/62 507/1307/62
f 506/1306/62 520/1305/62 517/1308/62
f 521/1309/62 508/1310/62 509/1311/62
f 519/1312/62 508/1310/62 521/1309/62
f 512/1313/390 522/1314/390 523/1315/390
f 522/1314/390 512/1313/390 515/1316/390
f 517/1317/64 496/1318/64 495/1319/64
f 496/1318/64 517/1317/64 520/1320/64
f 521/1321/64 498/1322/64 519/1323/64
f 519/1323/64 498/1322/64 500/1324/64
f 505/1325/391 518/1326/391 503/1327/391
f 516/1328/391 503/1327/391 518/1326/391
f 522/1329/392 524/1330/392 525/1331/392
f 525/1331/392 523/1332/392 522/1329/392
f 512/1333/51 501/1334/51 498/1335/51
f 521/1336/51 512/1333/51 498/1335/51
f 501/1334/51 512/1333/51 523/1337/51
f 512/1333/51 521/1336/51 513/1338/51
f 525/1339/51 501/1334/51 523/1337/51
f 521/1336/51 525/1339/51 513/1338/51
f 501/1334/51 525/1339/51 509/1340/51
f 521/1336/51 509/1340/51 525/1339/51
f 525/1339/393 514/1341/393 513/1338/393
f 514/1341/393 525/1339/393 524/1342/393
f 520/1343/51 497/1344/51 496/1345/51
f 497/1344/51 520/1343/51 507/1346/51
f 526/1347/394 527/1348/394 528/1349/394
f 527/1348/394 526/1347/394 529/1350/394
f 530/1351/395 531/1352/396 532/1353/395
f 533/1354/397 530/1351/395 532/1353/395
f 530/1351/395 533/1354/397 534/1355/397
f 535/1356/395 536/1357/396 537/1358/395
f 538/1359/397 535/1356/395 537/1358/395
f 535/1356/395 538/1359/397 539/1360/397
f 540/1361/395 541/1362/396 542/1363/395
f 543/1364/397 540/1361/395 542/1363/395
f 540/1361/395 543/1364/397 544/1365/397
f 545/1366/395 546/1367/396 547/1368/395
f 548/1369/397 545/1366/395 547/1368/395
f 545/1366/395 548/1369/397 549/1370/397
f 550/1371/395 551/1372/396 552/1373/395
f 553/1374/397 550/1371/395 552/1373/395
f 550/1371/395 553/1374/397 554/1375/397
f 555/1376/395 556/1377/396 557/1378/395
f 558/1379/397 555/1376/395 557/1378/395
f 555/1376/395 558/1379/397 559/1380/397
f 560/1381/395 561/1382/396 562/1383/395
f 563/1384/397 560/1381/395 562/1383/395
f 560/1381/395 563/1384/397 564/1385/397
f 565/1386/395 566/1387/396 567/1388/395
f 568/1389/397 565/1386/395 567/1388/395
f 565/1386/395 568/1389/397 569/1390/397
f 570/1391/398 571/1392/399 572/1393/398
f 573/1394/400 570/1391/398 572/1393/398
f 570/1391/398 573/1394/400 574/1395/400
f 575/1396/398 576/1397/398 577/1398/399
f 575/1396/398 578/1399/400 576/1397/398
f 578/1399/400 579/1400/400 576/1397/398
f 580/1401/401 581/1402/401 582/1403/402
f 580/1401/401 583/1404/403 581/1402/401
f 583/1404/403 584/1405/403 581/1402/401
f 585/1406/401 586/1407/402 587/1408/401
f 588/1409/403 585/1406/401 587/1408/401
f 585/1406/401 588/1409/403 589/1410/403
f 590/1411/401 591/1412/401 592/1413/402
f 590/1411/401 593/1414/403 591/1412/401
f 593/1414/403 594/1415/403 591/1412/401
f 583/1416/404 595/1417/404 584/1418/404
f 595/1417/404 583/1416/404 596/1419/404
f 588/1420/404 597/1421/404 589/1422/404
f 597/1421/404 588/1420/404 598/1423/404
f 593/1424/404 599/1425/404 594/1426/404
f 599/1425/404 593/1424/404 600/1427/404
f 573/1428/404 601/1429/404 574/1430/404
f 601/1429/404 573/1428/404 602/1431/404
f 603/1432/404 579/1433/404 578/1434/404
f 579/1433/404 603/1432/404 604/1435/404
f 564/1436/404 605/1437/404 606/1438/404
f 605/1437/404 564/1436/404 563/1439/404
f 607/1440/404 608/1441/404 609/1442/404
f 608/1441/404 607/1440/404 610/1443/404
f 569/1444/404 611/1445/404 612/1446/404
f 611/1445/404 569/1444/404 568/1447/404
f 613/1448/404 614/1449/404 615/1450/404
f 614/1449/404 613/1448/404 616/1451/404
f 617/1452/404 618/1453/404 619/1454/404
f 618/1453/404 617/1452/404 620/1455/404
f 559/1456/404 621/1457/404 622/1458/404
f 621/1457/404 559/1456/404 558/1459/404
f 554/1460/404 623/1461/404 624/1462/404
f 623/1461/404 554/1460/404 553/1463/404
f 625/1464/404 626/1465/404 627/1466/404
f 626/1465/404 625/1464/404 628/1467/404
f 549/1468/404 629/1469/404 630/1470/404
f 629/1469/404 549/1468/404 548/1471/404
f 631/1472/404 632/1473/404 633/1474/404
f 632/1473/404 631/1472/404 634/1475/404
f 635/1476/404 636/1477/404 637/1478/404
f 636/1477/404 635/1476/404 638/1479/404
f 544/1480/404 639/1481/404 640/1482/404
f 639/1481/404 544/1480/404 543/1483/404
f 641/1484/404 642/1485/404 643/1486/404
f 642/1485/404 641/1484/404 644/1487/404
f 539/1488/404 645/1489/404 646/1490/404
f 645/1489/404 539/1488/404 538/1491/404
f 534/1492/404 647/1493/404 648/1494/404
f 647/1493/404 534/1492/404 533/1495/404
f 649/1496/404 650/1497/404 651/1498/404
f 650/1497/404 649/1496/404 652/1499/404
f 653/1500/405 654/1501/405 655/1502/406
f 653/1500/405 651/1503/407 654/1501/405
f 651/1503/407 653/1500/405 649/1504/407
f 656/1505/405 657/1506/405 658/1507/406
f 656/1505/405 643/1508/407 657/1506/405
f 643/1508/407 656/1505/405 641/1509/407
f 659/1510/405 660/1511/405 661/1512/406
f 659/1510/405 637/1513/407 660/1511/405
f 637/1513/407 659/1510/405 635/1514/407
f 662/1515/405 663/1516/405 664/1517/406
f 662/1515/405 633/1518/407 663/1516/405
f 633/1518/407 662/1515/405 631/1519/407
f 577/1520/408 576/1521/409 665/1522/410
f 576/1521/409 579/1523/411 665/1522/410
f 665/1522/410 579/1523/411 604/1524/411
f 666/1525/405 667/1526/405 668/1527/406
f 666/1525/405 627/1528/407 667/1526/405
f 627/1528/407 666/1525/405 625/1529/407
f 592/1530/412 591/1531/413 669/1532/414
f 591/1531/413 594/1533/415 669/1532/414
f 669/1532/414 594/1533/415 599/1534/415
f 670/1535/405 671/1536/405 672/1537/406
f 670/1535/405 619/1538/407 671/1536/405
f 619/1538/407 670/1535/405 617/1539/407
f 582/1540/412 581/1541/413 673/1542/414
f 581/1541/413 584/1543/415 673/1542/414
f 673/1542/414 584/1543/415 595/1544/415
f 586/1545/412 585/1546/413 674/1547/414
f 589/1548/415 674/1547/414 585/1546/413
f 674/1547/414 589/1548/415 597/1549/415
f 675/1550/405 676/1551/405 677/1552/406
f 675/1550/405 609/1553/407 676/1551/405
f 609/1553/407 675/1550/405 607/1554/407
f 571/1555/408 570/1556/409 678/1557/410
f 574/1558/411 678/1557/410 570/1556/409
f 678/1557/410 574/1558/411 601/1559/411
f 531/1560/416 530/1561/417 679/1562/418
f 534/1563/419 679/1562/418 530/1561/417
f 679/1562/418 534/1563/419 648/1564/419
f 536/1565/416 535/1566/417 680/1567/418
f 539/1568/419 680/1567/418 535/1566/417
f 680/1567/418 539/1568/419 646/1569/419
f 541/1570/416 540/1571/417 681/1572/418
f 544/1573/419 681/1572/418 540/1571/417
f 681/1572/418 544/1573/419 640/1574/419
f 546/1575/416 545/1576/417 682/1577/418
f 549/1578/419 682/1577/418 545/1576/417
f 682/1577/418 549/1578/419 630/1579/419
f 551/1580/416 550/1581/417 683/1582/418
f 554/1583/419 683/1582/418 550/1581/417
f 683/1582/418 554/1583/419 624/1584/419
f 556/1585/416 555/1586/417 684/1587/418
f 559/1588/419 684/1587/418 555/1586/417
f 684/1587/418 559/1588/419 622/1589/419
f 566/1590/416 565/1591/417 685/1592/418
f 569/1593/419 685/1592/418 565/1591/417
f 685/1592/418 569/1593/419 612/1594/419
f 561/1595/416 560/1596/417 686/1597/418
f 564/1598/419 686/1597/418 560/1596/417
f 686/1597/418 564/1598/419 606/1599/419
f 687/1600/405 688/1601/405 689/1602/406
f 687/1600/405 615/1603/407 688/1601/405
f 615/1603/407 687/1600/405 613/1604/407
f 571/1605/420 678/1606/421 690/1607/421
f 601/1608/422 690/1607/421 678/1606/421
f 690/1607/421 601/1608/422 602/1609/422
f 577/1610/420 665/1611/421 691/1612/421
f 691/1612/421 665/1611/421 604/1613/422
f 603/1614/422 691/1612/421 604/1613/422
f 582/1615/423 673/1616/424 692/1617/424
f 692/1617/424 673/1616/424 595/1618/425
f 596/1619/425 692/1617/424 595/1618/425
f 586/1620/423 674/1621/424 693/1622/424
f 597/1623/425 693/1622/424 674/1621/424
f 693/1622/424 597/1623/425 598/1624/425
f 592/1625/423 669/1626/424 694/1627/424
f 694/1627/424 669/1626/424 599/1628/425
f 600/1629/425 694/1627/424 599/1628/425
f 655/1630/426 654/1631/427 695/1632/428
f 654/1631/427 650/1633/429 695/1632/428
f 650/1633/429 654/1631/427 651/1634/429
f 658/1635/426 657/1636/427 696/1637/428
f 657/1636/427 642/1638/429 696/1637/428
f 642/1638/429 657/1636/427 643/1639/429
f 661/1640/426 660/1641/427 697/1642/428
f 660/1641/427 636/1643/429 697/1642/428
f 636/1643/429 660/1641/427 637/1644/429
f 664/1645/426 663/1646/427 698/1647/428
f 663/1646/427 632/1648/429 698/1647/428
f 632/1648/429 663/1646/427 633/1649/429
f 668/1650/426 667/1651/427 699/1652/428
f 667/1651/427 626/1653/429 699/1652/428
f 626/1653/429 667/1651/427 627/1654/429
f 566/1655/430 685/1656/431 700/1657/431
f 612/1658/432 700/1657/431 685/1656/431
f 700/1657/431 612/1658/432 611/1659/432
f 672/1660/426 671/1661/427 701/1662/428
f 671/1661/427 618/1663/429 701/1662/428
f 618/1663/429 671/1661/427 619/1664/429
f 689/1665/426 688/1666/427 702/1667/428
f 688/1666/427 614/1668/429 702/1667/428
f 614/1668/429 688/1666/427 615/1669/429
f 677/1670/426 676/1671/427 703/1672/428
f 676/1671/427 608/1673/429 703/1672/428
f 608/1673/429 676/1671/427 609/1674/429
f 561/1675/430 686/1676/431 704/1677/431
f 606/1678/432 704/1677/431 686/1676/431
f 704/1677/431 606/1678/432 605/1679/432
f 556/1680/430 684/1681/431 705/1682/431
f 622/1683/432 705/1682/431 684/1681/431
f 705/1682/431 622/1683/432 621/1684/432
f 551/1685/430 683/1686/431 706/1687/431
f 624/1688/432 706/1687/431 683/1686/431
f 706/1687/431 624/1688/432 623/1689/432
f 546/1690/430 682/1691/431 707/1692/431
f 630/1693/432 707/1692/431 682/1691/431
f 707/1692/431 630/1693/432 629/1694/432
f 541/1695/430 681/1696/431 708/1697/431
f 640/1698/432 708/1697/431 681/1696/431
f 708/1697/431 640/1698/432 639/1699/432
f 536/1700/430 680/1701/431 709/1702/431
f 646/1703/432 709/1702/431 680/1701/431
f 709/1702/431 646/1703/432 645/1704/432
f 531/1705/430 679/1706/431 710/1707/431
f 648/1708/432 710/1707/431 679/1706/431
f 710/1707/431 648/1708/432 647/1709/432
f 531/1710/433 710/1711/434 532/1712/435
f 647/1713/436 532/1712/435 710/1711/434
f 532/1712/435 647/1713/436 533/1714/436
f 536/1715/433 709/1716/434 537/1717/435
f 645/1718/436 537/1717/435 709/1716/434
f 537/1717/435 645/1718/436 538/1719/436
f 541/1720/433 708/1721/434 542/1722/435
f 639/1723/436 542/1722/435 708/1721/434
f 542/1722/435 639/1723/436 543/1724/436
f 546/1725/433 707/1726/434 547/1727/435
f 629/1728/436 547/1727/435 707/1726/434
f 547/1727/435 629/1728/436 548/1729/436
f 551/1730/433 706/1731/434 552/1732/435
f 623/1733/436 552/1732/435 706/1731/434
f 552/1732/435 623/1733/436 553/1734/436
f 689/1735/437 702/1736/438 711/1737/438
f 702/1736/438 616/1738/439 711/1737/438
f 616/1738/439 702/1736/438 614/1739/439
f 556/1740/433 705/1741/434 557/1742/435
f 621/1743/436 557/1742/435 705/1741/434
f 557/1742/435 621/1743/436 558/1744/436
f 566/1745/433 700/1746/434 567/1747/435
f 611/1748/436 567/1747/435 700/1746/434
f 567/1747/435 611/1748/436 568/1749/436
f 561/1750/433 704/1751/434 562/1752/435
f 605/1753/436 562/1752/435 704/1751/434
f 562/1752/435 605/1753/436 563/1754/436
f 571/1755/440 690/1756/441 572/1757/442
f 602/1758/443 572/1757/442 690/1756/441
f 572/1757/442 602/1758/443 573/1759/443
f 677/1760/437 703/1761/438 712/1762/438
f 703/1761/438 610/1763/439 712/1762/438
f 610/1763/439 703/1761/438 608/1764/439
f 586/1765/444 693/1766/445 587/1767/446
f 598/1768/447 587/1767/446 693/1766/445
f 587/1767/446 598/1768/447 588/1769/447
f 672/1770/437 701/1771/438 713/1772/438
f 701/1771/438 620/1773/439 713/1772/438
f 620/1773/439 701/1771/438 618/1774/439
f 582/1775/444 692/1776/445 580/1777/446
f 596/1778/447 580/1777/446 692/1776/445
f 596/1778/447 583/1779/447 580/1777/446
f 668/1780/437 699/1781/438 714/1782/438
f 699/1781/438 628/1783/439 714/1782/438
f 628/1783/439 699/1781/438 626/1784/439
f 592/1785/444 694/1786/445 590/1787/446
f 600/1788/447 590/1787/446 694/1786/445
f 600/1788/447 593/1789/447 590/1787/446
f 577/1790/440 691/1791/441 575/1792/442
f 603/1793/443 575/1792/442 691/1791/441
f 578/1794/443 575/1792/442 603/1793/443
f 664/1795/437 698/1796/438 715/1797/438
f 698/1796/438 634/1798/439 715/1797/438
f 634/1798/439 698/1796/438 632/1799/439
f 655/1800/448 716/1801/449 653/1802/450
f 652/1803/451 653/1802/450 716/1801/449
f 652/1803/451 649/1804/451 653/1802/450
f 658/1805/448 717/1806/449 656/1807/450
f 644/1808/451 656/1807/450 717/1806/449
f 644/1808/451 641/1809/451 656/1807/450
f 661/1810/448 718/1811/449 659/1812/450
f 638/1813/451 659/1812/450 718/1811/449
f 638/1813/451 635/1814/451 659/1812/450
f 664/1795/448 715/1797/449 662/1815/450
f 634/1798/451 662/1815/450 715/1797/449
f 634/1798/451 631/1816/451 662/1815/450
f 668/1780/448 714/1782/449 666/1817/450
f 628/1783/451 666/1817/450 714/1782/449
f 628/1783/451 625/1818/451 666/1817/450
f 672/1770/448 713/1772/449 670/1819/450
f 620/1773/451 670/1819/450 713/1772/449
f 620/1773/451 617/1820/451 670/1819/450
f 689/1735/448 711/1737/449 687/1821/450
f 616/1738/451 687/1821/450 711/1737/449
f 616/1738/451 613/1822/451 687/1821/450
f 677/1760/448 712/1762/449 675/1823/450
f 610/1763/451 675/1823/450 712/1762/449
f 610/1763/451 607/1824/451 675/1823/450
f 661/1810/437 697/1825/438 718/1811/438
f 697/1825/438 638/1813/439 718/1811/438
f 638/1813/439 697/1825/438 636/1826/439
f 658/1805/437 696/1827/438 717/1806/438
f 696/1827/438 644/1808/439 717/1806/438
f 644/1808/439 696/1827/438 642/1828/439
f 655/1800/437 695/1829/438 716/1801/438
f 695/1829/438 652/1803/439 716/1801/438
f 652/1803/439 695/1829/438 650/1830/439
f 719/1831/452 720/1832/452 721/1833/452
f 720/1832/452 719/1831/452 722/1834/452
f 723/1835/453 724/1836/454 725/1837/453
f 724/1836/454 723/1835/453 726/1838/454
f 727/1839/455 723/1835/453 725/1837/453
f 723/1835/453 727/1839/455 728/1840/455
f 729/1841/456 730/1842/457 731/1843/457
f 730/1842/457 732/1844/458 731/1843/457
f 732/1844/458 730/1842/457 733/1845/458
f 734/1846/456 735/1847/457 736/1848/457
f 735/1847/457 737/1849/458 736/1848/457
f 738/1850/458 737/1849/458 735/1847/457
f 739/1851/459 740/1852/460 741/1853/460
f 740/1852/460 742/1854/461 741/1853/460
f 743/1855/461 742/1854/461 740/1852/460
f 744/1856/459 745/1857/460 746/1858/460
f 745/1857/460 747/1859/461 746/1858/460
f 747/1859/461 745/1857/460 748/1860/461
f 749/1861/459 750/1862/460 751/1863/460
f 750/1862/460 752/1864/461 751/1863/460
f 753/1865/461 752/1864/461 750/1862/460
f 754/1866/462 755/1867/463 756/1868/464
f 757/1869/465 756/1868/464 755/1867/463
f 756/1868/464 757/1869/465 758/1870/465
f 759/1871/462 760/1872/463 761/1873/464
f 762/1874/465 761/1873/464 760/1872/463
f 761/1873/464 762/1874/465 763/1875/465
f 764/1876/462 765/1877/463 766/1878/464
f 767/1879/465 766/1878/464 765/1877/463
f 766/1878/464 767/1879/465 768/1880/465
f 769/1881/462 770/1882/463 771/1883/464
f 772/1884/465 771/1883/464 770/1882/463
f 771/1883/464 772/1884/465 773/1885/465
f 774/1886/462 775/1887/463 776/1888/464
f 777/1889/465 776/1888/464 775/1887/463
f 776/1888/464 777/1889/465 778/1890/465
f 779/1891/466 780/1892/467 781/1893/467
f 780/1892/467 782/1894/468 781/1893/467
f 782/1894/468 780/1892/467 783/1895/468
f 784/1896/462 785/1897/463 786/1898/464
f 787/1899/465 786/1898/464 785/1897/463
f 786/1898/464 787/1899/465 788/1900/465
f 789/1901/462 790/1902/463 791/1903/464
f 792/1904/465 791/1903/464 790/1902/463
f 791/1903/464 792/1904/465 793/1905/465
f 794/1906/462 795/1907/463 796/1908/464
f 797/1909/465 796/1908/464 795/1907/463
f 796/1908/464 797/1909/465 798/1910/465
f 799/1911/466 800/1912/467 801/1913/467
f 800/1912/467 802/1914/468 801/1913/467
f 802/1914/468 800/1912/467 803/1915/468
f 804/1916/466 805/1917/467 806/1918/467
f 805/1917/467 807/1919/468 806/1918/467
f 807/1919/468 805/1917/467 808/1920/468
f 809/1921/466 810/1922/467 811/1923/467
f 810/1922/467 812/1924/468 811/1923/467
f 812/1924/468 810/1922/467 813/1925/468
f 814/1926/466 815/1927/467 816/1928/467
f 815/1927/467 817/1929/468 816/1928/467
f 817/1929/468 815/1927/467 818/1930/468
f 819/1931/466 820/1932/467 821/1933/467
f 820/1932/467 822/1934/468 821/1933/467
f 822/1934/468 820/1932/467 823/1935/468
f 824/1936/466 825/1937/467 826/1938/467
f 825/1937/467 827/1939/468 826/1938/467
f 827/1939/468 825/1937/467 828/1940/468
f 829/1941/466 830/1942/467 831/1943/467
f 830/1942/467 832/1944/468 831/1943/467
f 832/1944/468 830/1942/467 833/1945/468
f 742/1946/469 834/1947/469 835/1948/469
f 834/1947/469 742/1946/469 743/1949/469
f 836/1950/469 837/1951/469 747/1952/469
f 747/1952/469 748/1953/469 836/1950/469
f 752/1954/469 838/1955/469 839/1956/469
f 838/1955/469 752/1954/469 753/1957/469
f 840/1958/469 841/1959/469 732/1960/469
f 732/1960/469 733/1961/469 840/1958/469
f 738/1962/469 842/1963/469 737/1964/469
f 842/1963/469 738/1962/469 843/1965/469
f 844/1966/469 803/1967/469 845/1968/469
f 803/1967/469 844/1966/469 802/1969/469
f 797/1970/469 846/1971/469 798/1972/469
f 846/1971/469 797/1970/469 847/1973/469
f 848/1974/469 783/1975/469 849/1976/469
f 783/1975/469 848/1974/469 782/1977/469
f 792/1978/469 850/1979/469 793/1980/469
f 850/1979/469 792/1978/469 851/1981/469
f 787/1982/469 852/1983/469 788/1984/469
f 852/1983/469 787/1982/469 853/1985/469
f 854/1986/469 808/1987/469 855/1988/469
f 808/1987/469 854/1986/469 807/1989/469
f 856/1990/469 813/1991/469 857/1992/469
f 813/1991/469 856/1990/469 812/1993/469
f 777/1994/469 858/1995/469 778/1996/469
f 858/1995/469 777/1994/469 859/1997/469
f 860/1998/469 818/1999/469 861/2000/469
f 818/1999/469 860/1998/469 817/2001/469
f 772/2002/469 862/2003/469 773/2004/469
f 862/2003/469 772/2002/469 863/2005/469
f 767/2006/469 864/2007/469 768/2008/469
f 864/2007/469 767/2006/469 865/2009/469
f 866/2010/469 823/2011/469 867/2012/469
f 823/2011/469 866/2010/469 822/2013/469
f 762/2014/469 868/2015/469 763/2016/469
f 868/2015/469 762/2014/469 869/2017/469
f 870/2018/469 828/2019/469 871/2020/469
f 828/2019/469 870/2018/469 827/2021/469
f 872/2022/469 833/2023/469 873/2024/469
f 833/2023/469 872/2022/469 832/2025/469
f 757/2026/469 874/2027/469 758/2028/469
f 874/2027/469 757/2026/469 875/2029/469
f 876/2030/470 754/2031/471 756/2032/470
f 758/2033/472 876/2030/470 756/2032/470
f 876/2030/470 758/2033/472 874/2034/472
f 877/2035/470 759/2036/471 761/2037/470
f 763/2038/472 877/2035/470 761/2037/470
f 877/2035/470 763/2038/472 868/2039/472
f 878/2040/470 764/2041/471 766/2042/470
f 768/2043/472 878/2040/470 766/2042/470
f 878/2040/470 768/2043/472 864/2044/472
f 879/2045/470 769/2046/471 771/2047/470
f 773/2048/472 879/2045/470 771/2047/470
f 879/2045/470 773/2048/472 862/2049/472
f 734/2050/473 736/2051/474 880/2052/475
f 880/2052/475 736/2051/474 842/2053/476
f 736/2051/474 737/2054/476 842/2053/476
f 881/2055/470 774/2056/471 776/2057/470
f 778/2058/472 881/2055/470 776/2057/470
f 881/2055/470 778/2058/472 858/2059/472
f 749/2060/477 751/2061/478 882/2062/479
f 882/2062/479 751/2061/478 839/2063/480
f 751/2061/478 752/2064/480 839/2063/480
f 883/2065/470 784/2066/471 786/2067/470
f 788/2068/472 883/2065/470 786/2067/470
f 883/2065/470 788/2068/472 852/2069/472
f 739/2070/477 741/2071/478 884/2072/479
f 884/2072/479 741/2071/478 835/2073/480
f 741/2071/478 742/2074/480 835/2073/480
f 744/2075/477 746/2076/478 885/2077/479
f 746/2076/478 837/2078/480 885/2077/479
f 837/2078/480 746/2076/478 747/2079/480
f 886/2080/470 794/2081/471 796/2082/470
f 798/2083/472 886/2080/470 796/2082/470
f 886/2080/470 798/2083/472 846/2084/472
f 729/2085/473 731/2086/474 887/2087/475
f 731/2086/474 841/2088/476 887/2087/475
f 841/2088/476 731/2086/474 732/2089/476
f 829/2090/481 831/2091/482 888/2092/483
f 831/2091/482 872/2093/484 888/2092/483
f 872/2093/484 831/2091/482 832/2094/484
f 824/2095/481 826/2096/482 889/2097/483
f 826/2096/482 870/2098/484 889/2097/483
f 870/2098/484 826/2096/482 827/2099/484
f 819/2100/481 821/2101/482 890/2102/483
f 821/2101/482 866/2103/484 890/2102/483
f 866/2103/484 821/2101/482 822/2104/484
f 814/2105/481 816/2106/482 891/2107/483
f 816/2106/482 860/2108/484 891/2107/483
f 860/2108/484 816/2106/482 817/2109/484
f 809/2110/481 811/2111/482 892/2112/483
f 811/2111/482 856/2113/484 892/2112/483
f 856/2113/484 811/2111/482 812/2114/484
f 804/2115/481 806/2116/482 893/2117/483
f 806/2116/482 854/2118/484 893/2117/483
f 854/2118/484 806/2116/482 807/2119/484
f 779/2120/481 781/2121/482 894/2122/483
f 781/2121/482 848/2123/484 894/2122/483
f 848/2123/484 781/2121/482 782/2124/484
f 799/2125/481 801/2126/482 895/2127/483
f 801/2126/482 844/2128/484 895/2127/483
f 844/2128/484 801/2126/482 802/2129/484
f 896/2130/470 789/2131/471 791/2132/470
f 793/2133/472 896/2130/470 791/2132/470
f 896/2130/470 793/2133/472 850/2134/472
f 888/2135/485 897/2136/485 829/2137/486
f 888/2135/485 873/2138/487 897/2136/485
f 873/2138/487 888/2135/485 872/2139/487
f 889/2140/485 898/2141/485 824/2142/486
f 889/2140/485 871/2143/487 898/2141/485
f 871/2143/487 889/2140/485 870/2144/487
f 890/2145/485 899/2146/485 819/2147/486
f 890/2145/485 867/2148/487 899/2146/485
f 867/2148/487 890/2145/485 866/2149/487
f 891/2150/485 900/2151/485 814/2152/486
f 891/2150/485 861/2153/487 900/2151/485
f 861/2153/487 891/2150/485 860/2154/487
f 892/2155/485 901/2156/485 809/2157/486
f 892/2155/485 857/2158/487 901/2156/485
f 857/2158/487 892/2155/485 856/2159/487
f 893/2160/485 902/2161/485 804/2162/486
f 893/2160/485 855/2163/487 902/2161/485
f 855/2163/487 893/2160/485 854/2164/487
f 895/2165/485 903/2166/485 799/2167/486
f 895/2165/485 845/2168/487 903/2166/485
f 845/2168/487 895/2165/485 844/2169/487
f 894/2170/485 904/2171/485 779/2172/486
f 894/2170/485 849/2173/487 904/2171/485
f 849/2173/487 894/2170/485 848/2174/487
f 887/2175/488 905/2176/488 729/2177/489
f 887/2175/488 840/2178/490 905/2176/488
f 840/2178/490 887/2175/488 841/2179/490
f 906/2180/488 734/2181/489 880/2182/488
f 906/2180/488 880/2182/488 843/2183/490
f 843/2183/490 880/2182/488 842/2184/490
f 907/2185/491 739/2186/492 884/2187/491
f 907/2185/491 884/2187/491 834/2188/493
f 834/2188/493 884/2187/491 835/2189/493
f 885/2190/491 908/2191/491 744/2192/492
f 885/2190/491 836/2193/493 908/2191/491
f 836/2193/493 885/2190/491 837/2194/493
f 909/2195/491 749/2196/492 882/2197/491
f 909/2195/491 882/2197/491 838/2198/493
f 838/2198/493 882/2197/491 839/2199/493
f 829/2200/494 897/2201/495 830/2202/496
f 897/2201/495 833/2203/497 830/2202/496
f 833/2203/497 897/2201/495 873/2204/497
f 824/2205/494 898/2206/495 825/2207/496
f 898/2206/495 828/2208/497 825/2207/496
f 828/2208/497 898/2206/495 871/2209/497
f 819/2210/494 899/2211/495 820/2212/496
f 899/2211/495 823/2213/497 820/2212/496
f 823/2213/497 899/2211/495 867/2214/497
f 814/2215/494 900/2216/495 815/2217/496
f 900/2216/495 818/2218/497 815/2217/496
f 818/2218/497 900/2216/495 861/2219/497
f 809/2220/494 901/2221/495 810/2222/496
f 901/2221/495 813/2223/497 810/2222/496
f 813/2223/497 901/2221/495 857/2224/497
f 789/2225/498 910/2226/499 790/2227/499
f 851/2228/500 790/2227/499 910/2226/499
f 790/2227/499 851/2228/500 792/2229/500
f 804/2230/494 902/2231/495 805/2232/496
f 902/2231/495 808/2233/497 805/2232/496
f 808/2233/497 902/2231/495 855/2234/497
f 779/2235/494 904/2236/495 780/2237/496
f 904/2236/495 783/2238/497 780/2237/496
f 783/2238/497 904/2236/495 849/2239/497
f 799/2240/494 903/2241/495 800/2242/496
f 903/2241/495 803/2243/497 800/2242/496
f 803/2243/497 903/2241/495 845/2244/497
f 729/2245/501 905/2246/502 730/2247/503
f 905/2246/502 733/2248/504 730/2247/503
f 733/2248/504 905/2246/502 840/2249/504
f 794/2250/498 911/2251/499 795/2252/499
f 847/2253/500 795/2252/499 911/2251/499
f 795/2252/499 847/2253/500 797/2254/500
f 744/2255/505 908/2256/506 745/2257/507
f 908/2256/506 748/2258/508 745/2257/507
f 748/2258/508 908/2256/506 836/2259/508
f 784/2260/498 912/2261/499 785/2262/499
f 853/2263/500 785/2262/499 912/2261/499
f 785/2262/499 853/2263/500 787/2264/500
f 739/2265/505 907/2266/506 740/2267/507
f 907/2266/506 743/2268/508 740/2267/507
f 743/2268/508 907/2266/506 834/2269/508
f 774/2270/498 913/2271/499 775/2272/499
f 859/2273/500 775/2272/499 913/2271/499
f 775/2272/499 859/2273/500 777/2274/500
f 749/2275/505 909/2276/506 750/2277/507
f 909/2276/506 753/2278/508 750/2277/507
f 753/2278/508 909/2276/506 838/2279/508
f 734/2280/501 906/2281/502 735/2282/503
f 906/2281/502 738/2283/504 735/2282/503
f 738/2283/504 906/2281/502 843/2284/504
f 769/2285/498 914/2286/499 770/2287/499
f 863/2288/500 770/2287/499 914/2286/499
f 770/2287/499 863/2288/500 772/2289/500
f 754/2290/509 876/2291/510 915/2292/511
f 876/2291/510 875/2293/512 915/2292/511
f 875/2293/512 876/2291/510 874/2294/512
f 759/2295/509 877/2296/510 916/2297/511
f 877/2296/510 869/2298/512 916/2297/511
f 869/2298/512 877/2296/510 868/2299/512
f 764/2300/509 878/2301/510 917/2302/511
f 878/2301/510 865/2303/512 917/2302/511
f 865/2303/512 878/2301/510 864/2304/512
f 769/2285/509 879/2305/510 914/2286/511
f 879/2305/510 863/2288/512 914/2286/511
f 863/2288/512 879/2305/510 862/2306/512
f 774/2270/509 881/2307/510 913/2271/511
f 881/2307/510 859/2273/512 913/2271/511
f 859/2273/512 881/2307/510 858/2308/512
f 784/2260/509 883/2309/510 912/2261/511
f 883/2309/510 853/2263/512 912/2261/511
f 853/2263/512 883/2309/510 852/2310/512
f 789/2225/509 896/2311/510 910/2226/511
f 896/2311/510 851/2228/512 910/2226/511
f 851/2228/512 896/2311/510 850/2312/512
f 794/2250/509 886/2313/510 911/2251/511
f 886/2313/510 847/2253/512 911/2251/511
f 847/2253/512 886/2313/510 846/2314/512
f 764/2300/498 917/2302/499 765/2315/499
f 865/2303/500 765/2315/499 917/2302/499
f 765/2315/499 865/2303/500 767/2316/500
f 759/2295/498 916/2297/499 760/2317/499
f 869/2298/500 760/2317/499 916/2297/499
f 760/2317/499 869/2298/500 762/2318/500
f 754/2290/498 915/2292/499 755/2319/499
f 875/2293/500 755/2319/499 915/2292/499
f 755/2319/499 875/2293/500 757/2320/500
f 918/2321/513 919/2322/514 920/2323/514
f 921/2324/515 920/2323/514 919/2322/514
f 921/2324/515 919/2322/514 922/2325/515
f 923/2326/513 924/2327/514 925/2328/514
f 924/2327/514 926/2329/515 925/2328/514
f 926/2329/515 924/2327/514 927/2330/515
f 928/2331/516 929/2332/513 930/2333/513
f 930/2333/513 929/2332/513 931/2334/517
f 932/2335/517 930/2333/513 931/2334/517
f 933/2336/516 934/2337/513 935/2338/513
f 936/2339/517 935/2338/513 934/2337/513
f 935/2338/513 936/2339/517 937/2340/517
f 938/2341/518 939/2342/519 940/2343/520
f 939/2342/519 941/2344/521 940/2343/520
f 941/2344/521 939/2342/519 942/2345/521
f 943/2346/254 944/2347/522 945/2348/523
f 944/2347/522 946/2349/524 945/2348/523
f 946/2349/524 944/2347/522 947/2350/524
f 948/2351/525 949/2352/522 950/2353/526
f 949/2352/522 951/2354/527 950/2353/526
f 951/2354/527 949/2352/522 952/2355/527
f 953/2356/528 954/2357/529 955/2358/530
f 954/2357/529 956/2359/531 955/2358/530
f 956/2359/531 954/2357/529 957/2360/531
f 958/2361/528 959/2362/529 960/2363/530
f 959/2362/529 961/2364/531 960/2363/530
f 961/2364/531 959/2362/529 962/2365/531
f 963/2366/528 964/2367/529 965/2368/530
f 964/2367/529 966/2369/531 965/2368/530
f 966/2369/531 964/2367/529 967/2370/531
f 968/2371/532 969/2372/533 970/2373/533
f 970/2373/533 969/2372/533 971/2374/534
f 972/2375/534 970/2373/533 971/2374/534
f 973/2376/535 974/2377/536 975/2378/536
f 975/2378/536 974/2377/536 976/2379/537
f 977/2380/537 975/2378/536 976/2379/537
f 978/2381/535 979/2382/536 980/2383/536
f 980/2383/536 979/2382/536 981/2384/537
f 982/2385/537 980/2383/536 981/2384/537
f 983/2386/535 984/2387/536 985/2388/536
f 985/2388/536 984/2387/536 986/2389/537
f 987/2390/537 985/2388/536 986/2389/537
f 988/2391/538 989/2392/539 990/2393/539
f 990/2393/539 989/2392/539 991/2394/540
f 992/2395/540 990/2393/539 991/2394/540
f 993/2396/541 994/2397/539 995/2398/539
f 995/2398/539 994/2397/539 996/2399/542
f 997/2400/542 995/2398/539 996/2399/542
f 998/2401/543 999/2402/544 1000/2403/544
f 1000/2403/544 999/2402/544 1001/2404/545
f 1002/2405/545 1000/2403/544 1001/2404/545
f 1003/2406/546 1004/2407/547 1005/2408/547
f 1006/2409/548 1005/2408/547 1004/2407/547
f 1005/2408/547 1006/2409/548 1007/2410/548
f 949/2411/549 948/2412/550 1008/2413/549
f 952/2414/551 949/2411/549 1008/2413/549
f 1009/2415/551 952/2414/551 1008/2413/549
f 1003/2416/552 1010/2417/553 1004/2418/554
f 1011/2419/555 1004/2418/554 1010/2417/553
f 1004/2418/554 1011/2419/555 1006/2420/555
f 944/2421/556 943/2422/550 1012/2423/556
f 947/2424/557 944/2421/556 1012/2423/556
f 1013/2425/557 947/2424/557 1012/2423/556
f 918/2426/558 1014/2427/559 919/2428/560
f 1015/2429/561 919/2428/560 1014/2427/559
f 919/2428/560 1015/2429/561 922/2430/561
f 959/2431/562 958/2432/563 1016/2433/562
f 962/2434/564 959/2431/562 1016/2433/562
f 1017/2435/564 962/2434/564 1016/2433/562
f 964/2436/562 963/2437/563 1018/2438/562
f 967/2439/564 964/2436/562 1018/2438/562
f 1019/2440/564 967/2439/564 1018/2438/562
f 933/2441/565 1020/2442/566 934/2443/567
f 1021/2444/568 934/2443/567 1020/2442/566
f 934/2443/567 1021/2444/568 936/2445/568
f 928/2446/565 1022/2447/566 929/2448/567
f 1023/2449/568 929/2448/567 1022/2447/566
f 1023/2449/568 931/2450/568 929/2448/567
f 954/2451/562 953/2452/563 1024/2453/562
f 957/2454/564 954/2451/562 1024/2453/562
f 1025/2455/564 957/2454/564 1024/2453/562
f 923/2456/558 1026/2457/559 924/2458/560
f 1027/2459/561 924/2458/560 1026/2457/559
f 1027/2459/561 927/2460/561 924/2458/560
f 939/2461/569 938/2462/570 1028/2463/569
f 942/2464/571 939/2461/569 1028/2463/569
f 1029/2465/571 942/2464/571 1028/2463/569
f 968/2466/572 1030/2467/573 969/2468/574
f 1031/2469/575 969/2468/574 1030/2467/573
f 1031/2469/575 971/2470/575 969/2468/574
f 983/2471/576 1032/2472/577 984/2473/578
f 1033/2474/579 984/2473/578 1032/2472/577
f 1033/2474/579 986/2475/579 984/2473/578
f 978/2476/576 1034/2477/577 979/2478/578
f 1035/2479/579 979/2478/578 1034/2477/577
f 1035/2479/579 981/2480/579 979/2478/578
f 973/2481/576 1036/2482/577 974/2483/578
f 1037/2484/579 974/2483/578 1036/2482/577
f 1037/2484/579 976/2485/579 974/2483/578
f 993/2486/580 1038/2487/581 994/2488/582
f 1039/2489/583 994/2488/582 1038/2487/581
f 1039/2489/583 996/2490/583 994/2488/582
f 988/2491/584 1040/2492/581 989/2493/582
f 1041/2494/583 989/2493/582 1040/2492/581
f 1041/2494/583 991/2495/583 989/2493/582
f 998/2496/585 1042/2497/586 999/2498/587
f 1043/2499/588 999/2498/587 1042/2497/586
f 1043/2499/588 1001/2500/588 999/2498/587
f 1044/2501/589 1042/2502/589 998/2503/590
f 1044/2501/589 1045/2504/591 1042/2502/589
f 1045/2504/591 1043/2505/591 1042/2502/589
f 1010/2506/592 1003/2507/593 1046/2508/592
f 1047/2509/594 1010/2506/592 1046/2508/592
f 1010/2506/592 1047/2509/594 1011/2510/594
f 1048/2511/595 1038/2512/595 993/2513/596
f 1048/2511/595 1049/2514/597 1038/2512/595
f 1049/2514/597 1039/2515/597 1038/2512/595
f 1050/2516/598 1040/2517/598 988/2518/596
f 1050/2516/598 1051/2519/599 1040/2517/598
f 1051/2519/599 1041/2520/599 1040/2517/598
f 1052/2521/600 1032/2522/600 983/2523/601
f 1052/2521/600 1053/2524/600 1032/2522/600
f 1053/2524/600 1033/2525/600 1032/2522/600
f 1054/2526/600 1034/2527/600 978/2528/601
f 1054/2526/600 1055/2529/600 1034/2527/600
f 1055/2529/600 1035/2530/600 1034/2527/600
f 1056/2531/600 1036/2532/600 973/2533/601
f 1056/2531/600 1057/2534/600 1036/2532/600
f 1057/2534/600 1037/2535/600 1036/2532/600
f 1058/2536/602 1030/2537/602 968/2538/603
f 1058/2536/602 1059/2539/604 1030/2537/602
f 1059/2539/604 1031/2540/604 1030/2537/602
f 938/2541/605 1060/2542/606 1028/2543/607
f 1060/2542/606 1029/2544/608 1028/2543/607
f 1061/2545/608 1029/2544/608 1060/2542/606
f 953/2546/609 1062/2547/610 1024/2548/611
f 1062/2547/610 1025/2549/612 1024/2548/611
f 1063/2550/612 1025/2549/612 1062/2547/610
f 958/2551/609 1064/2552/610 1016/2553/611
f 1064/2552/610 1017/2554/612 1016/2553/611
f 1065/2555/612 1017/2554/612 1064/2552/610
f 963/2556/609 1066/2557/610 1018/2558/611
f 1066/2557/610 1019/2559/612 1018/2558/611
f 1067/2560/612 1019/2559/612 1066/2557/610
f 948/2561/613 1068/2562/614 1008/2563/615
f 1068/2562/614 1009/2564/616 1008/2563/615
f 1069/2565/616 1009/2564/616 1068/2562/614
f 943/2566/617 1070/2567/614 1012/2568/618
f 1070/2567/614 1013/2569/619 1012/2568/618
f 1071/2570/619 1013/2569/619 1070/2567/614
f 1014/2571/620 918/2572/307 1072/2573/620
f 1073/2574/620 1014/2571/620 1072/2573/620
f 1014/2571/620 1073/2574/620 1015/2575/620
f 1074/2576/620 1026/2577/620 923/2578/307
f 1074/2576/620 1075/2579/620 1026/2577/620
f 1075/2579/620 1027/2580/620 1026/2577/620
f 1076/2581/621 1022/2582/621 928/2583/622
f 1076/2581/621 1077/2584/623 1022/2582/621
f 1077/2584/623 1023/2585/623 1022/2582/621
f 1020/2586/621 933/2587/622 1078/2588/621
f 1079/2589/623 1020/2586/621 1078/2588/621
f 1020/2586/621 1079/2589/623 1021/2590/623
f 1033/2591/624 1053/2592/624 987/2593/624
f 987/2593/624 986/2594/624 1033/2591/624
f 1025/2595/625 956/2596/625 957/2597/625
f 956/2596/625 1025/2595/625 1063/2598/625
f 1035/2599/624 1055/2600/624 982/2601/624
f 982/2601/624 981/2602/624 1035/2599/624
f 1037/2603/624 1057/2604/624 977/2605/624
f 977/2605/624 976/2606/624 1037/2603/624
f 1017/2607/625 961/2608/625 962/2609/625
f 961/2608/625 1017/2607/625 1065/2610/625
f 1019/2611/625 966/2612/625 967/2613/625
f 966/2612/625 1019/2611/625 1067/2614/625
f 1013/2615/626 946/2616/626 947/2617/626
f 946/2616/626 1013/2615/626 1071/2618/626
f 1041/2619/626 1051/2620/626 992/2621/626
f 1041/2619/626 992/2621/626 991/2622/626
f 1039/2623/626 1049/2624/626 997/2625/626
f 1039/2623/626 997/2625/626 996/2626/626
f 1009/2627/626 951/2628/626 952/2629/626
f 951/2628/626 1009/2627/626 1069/2630/626
f 932/2631/626 1023/2632/626 1077/2633/626
f 1023/2632/626 932/2631/626 931/2634/626
f 1021/2635/626 937/2636/626 936/2637/626
f 937/2636/626 1021/2635/626 1079/2638/626
f 1031/2639/627 1059/2640/627 972/2641/627
f 972/2641/627 971/2642/627 1031/2639/627
f 1029/2643/628 941/2644/628 942/2645/628
f 941/2644/628 1029/2643/628 1061/2646/628
f 1073/2647/629 922/2648/629 1015/2649/629
f 922/2648/629 1073/2647/629 921/2650/629
f 926/2651/629 1027/2652/629 1075/2653/629
f 1027/2652/629 926/2651/629 927/2654/629
f 1043/2655/630 1045/2656/630 1002/2657/630
f 1043/2655/630 1002/2657/630 1001/2658/630
f 1047/2659/631 1006/2660/631 1011/2661/631
f 1006/2660/631 1047/2659/631 1007/2662/631
f 998/2663/632 1000/2664/633 1044/2665/634
f 1002/2666/635 1044/2665/634 1000/2664/633
f 1044/2665/634 1002/2666/635 1045/2667/635
f 968/2668/636 970/2669/637 1058/2670/638
f 972/2671/639 1058/2670/638 970/2669/637
f 1058/2670/638 972/2671/639 1059/2672/639
f 988/2673/640 990/2674/641 1050/2675/642
f 992/2676/643 1050/2675/642 990/2674/641
f 1050/2675/642 992/2676/643 1051/2677/643
f 993/2678/644 995/2679/645 1048/2680/642
f 997/2681/646 1048/2680/642 995/2679/645
f 1048/2680/642 997/2681/646 1049/2682/646
f 983/2683/647 985/2684/648 1052/2685/649
f 987/2686/650 1052/2685/649 985/2684/648
f 1052/2685/649 987/2686/650 1053/2687/650
f 978/2688/647 980/2689/648 1054/2690/649
f 982/2691/650 1054/2690/649 980/2689/648
f 1054/2690/649 982/2691/650 1055/2692/650
f 973/2693/647 975/2694/648 1056/2695/649
f 977/2696/650 1056/2695/649 975/2694/648
f 1056/2695/649 977/2696/650 1057/2697/650
f 938/2698/651 940/2699/652 1060/2700/652
f 1060/2700/652 940/2699/652 1061/2701/653
f 940/2699/652 941/2702/653 1061/2701/653
f 923/2703/654 925/2704/655 1074/2705/656
f 926/2706/657 1074/2705/656 925/2704/655
f 1074/2705/656 926/2706/657 1075/2707/657
f 953/2708/658 955/2709/659 1062/2710/659
f 1062/2710/659 955/2709/659 1063/2711/660
f 955/2709/659 956/2712/660 1063/2711/660
f 928/2713/661 930/2714/662 1076/2715/663
f 932/2716/664 1076/2715/663 930/2714/662
f 1076/2715/663 932/2716/664 1077/2717/664
f 933/2718/661 935/2719/662 1078/2720/663
f 937/2721/664 1078/2720/663 935/2719/662
f 1078/2720/663 937/2721/664 1079/2722/664
f 963/2723/658 965/2724/659 1066/2725/659
f 1066/2725/659 965/2724/659 1067/2726/660
f 965/2724/659 966/2727/660 1067/2726/660
f 918/2728/654 920/2729/655 1072/2730/656
f 921/2731/657 1072/2730/656 920/2729/655
f 1072/2730/656 921/2731/657 1073/2732/657
f 958/2733/658 960/2734/659 1064/2735/659
f 1064/2735/659 960/2734/659 1065/2736/660
f 960/2734/659 961/2737/660 1065/2736/660
f 943/2738/665 945/2739/666 1070/2740/666
f 1070/2740/666 945/2739/666 1071/2741/667
f 945/2739/666 946/2742/667 1071/2741/667
f 1003/2743/668 1005/2744/669 1046/2745/670
f 1007/2746/671 1046/2745/670 1005/2744/669
f 1046/2745/670 1007/2746/671 1047/2747/671
f 948/2748/672 950/2749/673 1068/2750/673
f 1068/2750/673 950/2749/673 1069/2751/674
f 950/2749/673 951/2752/674 1069/2751/674
f 1080/2753/181 1081/2754/181 1082/2755/181
f 1081/2754/181 1080/2753/181 1083/2756/181
f 1084/2757/181 1085/2758/181 1086/2759/181
f 1084/2757/181 1086/2759/181 1087/2760/181
f 1088/2761/675 1089/2762/675 1090/2763/675
f 1089/2762/675 1088/2761/675 1091/2764/675
f 1092/2765/185 1081/2766/185 1083/2767/185
f 1081/2766/185 1092/2765/185 1093/2768/185
f 1086/2769/185 1094/2770/185 1095/2771/185
f 1094/2770/185 1086/2769/185 1085/2772/185
f 147/2773/676 1096/2774/676 1097/2775/676
f 1096/2774/676 147/2773/676 150/2776/676
f 1098/2777/677 1088/2778/677 1099/2779/677
f 1099/2779/677 1088/2778/677 1090/2780/677
f 1093/2781/53 1100/2782/53 1096/2783/53
f 1082/2784/53 1096/2783/53 1100/2782/53
f 1093/2781/53 1096/2783/53 1101/2785/53
f 1096/2783/53 1082/2784/53 1097/2786/53
f 1102/2787/53 1093/2781/53 1101/2785/53
f 1082/2784/53 1102/2787/53 1097/2786/53
f 1093/2781/53 1102/2787/53 1081/2788/53
f 1102/2787/53 1082/2784/53 1081/2788/53
f 1096/2783/678 1103/2789/678 1101/2785/678
f 1103/2789/678 1096/2783/678 150/2790/678
f 1095/2791/53 1087/2792/53 1086/2793/53
f 1087/2792/53 1095/2791/53 1104/2794/53
f 1100/2795/679 1093/2796/679 1105/2797/679
f 1092/2798/679 1105/2797/679 1093/2796/679
f 1106/2799/679 1095/2800/679 1094/2801/679
f 1095/2800/679 1106/2799/679 1104/2802/679
f 147/2803/680 1102/2804/680 148/2805/680
f 1102/2804/680 147/2803/680 1097/2806/680
f 1082/2807/188 1105/2808/188 1080/2809/188
f 1105/2808/188 1082/2807/188 1100/2810/188
f 1087/2811/188 1104/2812/188 1106/2813/188
f 1087/2811/188 1106/2813/188 1084/2814/188
f 1103/2815/681 148/2816/681 1102/2817/681
f 1102/2817/681 1101/2818/681 1103/2815/681
f 1089/2819/682 1107/2820/682 1108/2821/682
f 1091/2822/682 1107/2820/682 1089/2819/682
f 1088/2823/56 1094/2824/56 1091/2825/56
f 1094/2824/56 1107/2826/56 1091/2825/56
f 1106/2827/56 1094/2824/56 1088/2823/56
f 1107/2826/56 1094/2824/56 1085/2828/56
f 1088/2823/56 1084/2829/56 1106/2827/56
f 1085/2828/56 1084/2829/56 1107/2826/56
f 1084/2829/56 1088/2823/56 1098/2830/56
f 1107/2826/56 1084/2829/56 1098/2830/56
f 1107/2826/683 1099/2831/683 1108/2832/683
f 1099/2831/683 1107/2826/683 1098/2830/683
f 1092/2833/56 1080/2834/56 1105/2835/56
f 1080/2834/56 1092/2833/56 1083/2836/56
f 1109/2837/684 1110/2838/685 1111/2839/685
f 1110/2838/685 1109/2837/684 1112/2840/684
f 1109/2837/684 1113/2841/686 1112/2840/684
f 1113/2841/686 1109/2837/684 1114/2842/686
usemtl c_000000
f 1115/2843/687 1116/2844/687 1117/2845/687
f 1116/2844/687 1115/2843/687 1118/2846/687
f 1119/2847/688 1120/2848/688 1121/2849/688
f 1120/2848/688 1119/2847/688 1122/2850/688
f 1118/2851/689 1123/2852/689 1124/2853/689
f 1123/2852/689 1118/2851/689 1115/2854/689
f 1121/2855/108 1125/2856/108 1119/2857/108
f 1125/2856/108 1121/2855/108 1126/2858/108
f 1122/2859/690 1119/2860/690 1127/2861/690
f 1127/2861/690 1119/2860/690 1125/2862/690
f 1128/2863/691 1116/2864/691 1124/2865/691
f 1116/2864/691 1118/2866/691 1124/2865/691
f 1123/2867/692 1129/2868/692 1128/2869/692
f 1123/2867/692 1128/2869/692 1124/2870/692
f 1127/2871/693 1125/2872/693 1130/2873/693
f 1126/2874/693 1130/2873/693 1125/2872/693
f 1117/2875/694 1128/2876/694 1129/2877/694
f 1128/2876/694 1117/2875/694 1116/2878/694
f 1122/2879/695 1130/2880/695 1120/2881/695
f 1130/2880/695 1122/2879/695 1127/2882/695
f 1123/2883/696 1117/2884/696 1129/2885/696
f 1117/2884/696 1123/2883/696 1115/2886/696
f 1121/2887/697 1130/2888/697 1126/2889/697
f 1130/2888/697 1121/2887/697 1120/2890/697
f 1131/2891/698 1132/2892/698 1133/2893/698
f 1132/2892/698 1131/2891/698 1134/2894/698
f 1135/2895/699 1136/2896/699 1137/2897/699
f 1136/2896/699 1135/2895/699 1138/2898/699
f 1139/2899/700 1131/2900/700 1140/2901/700
f 1131/2900/700 1139/2899/700 1134/2902/700
f 1135/2903/100 1141/2904/100 1142/2905/100
f 1141/2904/100 1135/2903/100 1137/2906/100
f 1143/2907/701 1138/2908/701 1142/2909/701
f 1138/2908/701 1135/2910/701 1142/2909/701
f 1134/2911/702 1144/2912/702 1132/2913/702
f 1144/2912/702 1134/2911/702 1139/2914/702
f 1140/2915/703 1144/2916/703 1139/2917/703
f 1144/2916/703 1140/2915/703 1145/2918/703
f 1146/2919/704 1142/2920/704 1141/2921/704
f 1142/2920/704 1146/2919/704 1143/2922/704
f 1145/2923/705 1132/2924/705 1144/2925/705
f 1132/2924/705 1145/2923/705 1133/2926/705
f 1143/2927/706 1136/2928/706 1138/2929/706
f 1136/2928/706 1143/2927/706 1146/2930/706
f 1131/2931/707 1145/2932/707 1140/2933/707
f 1145/2932/707 1131/2931/707 1133/2934/707
f 1141/2935/708 1136/2936/708 1146/2937/708
f 1136/2936/708 1141/2935/708 1137/2938/708
usemtl c_402f48
f 214/2939/709 229/2940/709 218/2941/709
f 218/2941/709 212/2942/709 214/2939/709
f 225/2943/710 223/2944/710 1147/2945/710
f 223/2944/710 225/2943/710 221/2946/710
f 327/2947/711 1148/2948/711 326/2949/711
f 1148/2948/711 327/2947/711 319/2950/711
f 1149/2951/712 1150/2952/712 1151/2953/712
f 1150/2952/712 1149/2951/712 1152/2954/712
f 1153/2955/713 1154/2956/713 1155/2957/713
f 1154/2956/713 1153/2955/713 1156/2958/713
f 276/2959/158 273/2960/158 274/2961/158
f 273/2960/158 276/2959/158 275/2962/158
usemtl c_3f2e46
f 146/2963/714 1157/2964/714 144/2965/714
f 1157/2964/714 146/2963/714 1158/2966/714
f 143/2967/715 142/2968/715 1159/2969/715
f 143/2967/715 1159/2969/715 1160/2970/715
f 144/2965/716 1159/2969/716 142/2968/716
f 1159/2969/716 144/2965/716 1157/2964/716
f 146/2963/717 143/2967/717 1160/2970/717
f 146/2963/717 1160/2970/717 1158/2966/717
f 1157/2964/81 1160/2970/81 1159/2969/81
f 1160/2970/81 1157/2964/81 1158/2966/81
f 1161/2971/718 1162/2972/719 1163/2973/720
f 1164/2974/721 1163/2973/720 1162/2972/719
f 1162/2972/719 1161/2971/718 1165/2975/718
f 1164/2974/721 1162/2972/719 1166/2976/722
f 1161/2971/718 1167/2977/723 1165/2975/718
f 1166/2976/722 1168/2978/724 1164/2974/721
f 1167/2977/723 1161/2971/718 1169/2979/723
f 1168/2978/724 1166/2976/722 1170/2980/725
f 1171/2981/726 1167/2977/723 1169/2979/723
f 1172/2982/727 1168/2978/724 1170/2980/725
f 1167/2977/723 1171/2981/726 1172/2982/727
f 1168/2978/724 1172/2982/727 1171/2981/726
f 1161/2983/728 1173/2984/728 1174/2985/729
f 1161/2983/728 1174/2985/729 1169/2986/729
f 1112/2987/730 1172/2988/731 1170/2989/730
f 1172/2988/731 1112/2987/730 1113/2990/731
f 1175/2991/732 1176/2992/733 725/2993/732
f 725/2993/732 1176/2992/733 727/2994/733
f 1177/2995/734 1172/2988/734 1113/2990/734
f 1172/2988/734 1177/2995/734 1167/2996/734
f 728/2997/735 727/2994/735 1176/2992/735
f 1176/2992/735 1178/2998/735 728/2997/735
f 1161/2999/728 1163/3000/736 1173/3001/728
f 1173/3001/728 1163/3000/736 1179/3002/736
f 1170/3003/730 1166/3004/737 1112/3005/730
f 1112/3005/730 1166/3004/737 1110/3006/737
f 725/3007/732 1180/3008/738 1175/3009/732
f 1180/3008/738 725/3007/732 724/3010/738
f 1181/3011/739 1110/3006/739 1166/3004/739
f 1166/3004/739 1162/3012/739 1181/3011/739
f 726/3013/740 1180/3008/740 724/3010/740
f 1180/3008/740 726/3013/740 1182/3014/740
f 1173/3015/741 1182/3016/742 1183/3017/741
f 1178/3018/743 1173/3015/741 1183/3017/741
f 1182/3016/742 1173/3015/741 1179/3019/744
f 1173/3015/741 1178/3018/743 1174/3020/743
f 1184/3021/745 1182/3016/742 1179/3019/744
f 1185/3022/746 1174/3020/743 1178/3018/743
f 1182/3016/742 1184/3021/745 1180/3023/747
f 1185/3022/746 1178/3018/743 1176/3024/748
f 1186/3025/749 1180/3023/747 1184/3021/745
f 1176/3024/748 1186/3025/749 1185/3022/746
f 1180/3023/747 1186/3025/749 1175/3026/750
f 1186/3025/749 1176/3024/748 1175/3026/750
f 1171/3027/751 1169/2985/751 1185/3028/751
f 1185/3028/751 1169/2985/751 1174/2986/751
f 1168/3029/752 1171/3027/111 1186/3030/752
f 1186/3030/752 1171/3027/111 1185/3028/111
f 1165/3031/753 1167/2998/754 1187/3032/755
f 1187/3032/755 1167/2998/754 1177/2997/754
f 723/3033/756 1178/2996/757 1183/3034/758
f 1178/2996/757 723/3033/756 728/2995/757
f 1163/3002/759 1164/3035/759 1179/3000/759
f 1179/3000/759 1164/3035/759 1184/3036/759
f 1168/3037/752 1184/3036/760 1164/3035/760
f 1184/3036/760 1168/3037/752 1186/3038/752
f 1187/3039/755 1181/3013/761 1162/3014/761
f 1162/3014/761 1165/3040/753 1187/3039/755
f 726/3011/762 723/3041/756 1182/3012/762
f 1182/3012/762 723/3041/756 1183/3042/758
f 1188/3043/76 1189/3044/76 1190/3045/76
f 1188/3043/76 1191/3046/76 1189/3044/76
f 1192/3047/763 1191/3048/763 1188/3049/763
f 1192/3047/763 1188/3049/763 1193/3050/763
f 1192/3051/81 1193/3052/81 1194/3053/81
f 1193/3052/81 1195/3054/81 1194/3053/81
f 1195/3055/764 1190/3056/764 1189/3057/764
f 1195/3055/764 1189/3057/764 1194/3058/764
f 1194/3058/765 1189/3057/765 1191/3047/765
f 1194/3058/765 1191/3047/765 1192/3048/765
f 1196/3059/766 1197/3060/767 1198/3061/768
f 1199/3062/769 1198/3061/768 1197/3060/767
f 1197/3060/767 1196/3059/766 1200/3063/770
f 1199/3062/769 1197/3060/767 1201/3064/771
f 1202/3065/772 1200/3063/770 1196/3059/766
f 1203/3066/773 1199/3062/769 1201/3064/771
f 1200/3063/770 1202/3065/772 1203/3066/773
f 1199/3062/769 1203/3066/773 1202/3065/772
f 1204/3067/774 1205/3068/774 1202/3069/774
f 1202/3069/774 1205/3068/774 1199/3070/774
f 527/3071/775 529/3072/775 1206/3073/775
f 1206/3073/775 1207/3074/775 527/3071/775
f 1200/3075/776 1208/3076/776 1197/3077/776
f 1208/3076/776 1200/3075/776 1209/3078/776
f 1210/3079/777 1198/3080/777 1199/3081/777
f 1210/3079/777 1199/3081/777 1205/3082/777
f 529/3083/778 1211/3084/778 1206/3085/778
f 1211/3084/778 529/3083/778 526/3086/778
f 1203/3087/779 1209/3088/779 1200/3089/779
f 1209/3088/779 1203/3087/779 720/3090/779
f 1212/3091/780 1210/3092/781 1207/3093/782
f 1205/3094/783 1207/3093/782 1210/3092/781
f 1212/3091/780 1207/3093/782 1206/3095/784
f 1207/3093/782 1205/3094/783 1213/3096/785
f 1204/3097/786 1212/3091/780 1206/3095/784
f 1205/3094/783 1211/3098/787 1213/3096/785
f 1211/3098/787 1204/3097/786 1206/3095/784
f 1211/3098/787 1205/3094/783 1204/3097/786
f 1196/3099/113 1198/3100/113 1212/3101/113
f 1212/3101/113 1198/3100/113 1210/3102/113
f 1211/3103/788 528/3104/788 1213/3105/788
f 528/3104/788 1211/3103/788 526/3106/788
f 721/3107/789 720/3108/789 1203/3109/789
f 1203/3109/789 1201/3110/789 721/3107/789
f 1204/3111/790 1202/3112/790 1196/3113/790
f 1204/3111/790 1196/3113/790 1212/3114/790
f 1207/3115/791 528/3116/791 527/3117/791
f 528/3116/791 1207/3115/791 1213/3118/791
f 721/3119/792 1197/3120/792 1208/3121/792
f 1197/3120/792 721/3119/792 1201/3122/792
f 1214/3123/793 136/3124/793 134/3125/793
f 136/3124/793 1214/3123/793 1215/3126/793
f 133/3127/794 1216/3128/794 131/3129/794
f 1216/3128/794 133/3127/794 1217/3130/794
f 1216/3128/795 1214/3123/795 134/3125/795
f 134/3125/795 131/3129/795 1216/3128/795
f 136/3124/796 1217/3130/796 133/3127/796
f 1217/3130/796 136/3124/796 1215/3126/796
f 1217/3130/76 1214/3123/76 1216/3128/76
f 1214/3123/76 1217/3130/76 1215/3126/76
usemtl c_9d72af_neon
f 1218/3131/699 1219/3132/699 1220/3133/699
f 1219/3132/699 1218/3131/699 1221/3134/699
f 1222/3135/698 1223/3136/698 1224/3137/698
f 1223/3136/698 1222/3135/698 1225/3138/698
f 1218/3139/100 1226/3140/100 1227/3141/100
f 1226/3140/100 1218/3139/100 1220/3142/100
f 1222/3143/700 1228/3144/700 1225/3145/700
f 1228/3144/700 1222/3143/700 1229/3146/700
f 1230/3147/701 1221/3148/701 1227/3149/701
f 1221/3148/701 1218/3150/701 1227/3149/701
f 1225/3151/702 1231/3152/702 1223/3153/702
f 1231/3152/702 1225/3151/702 1228/3154/702
f 1232/3155/704 1227/3156/704 1226/3157/704
f 1227/3156/704 1232/3155/704 1230/3158/704
f 1229/3159/703 1231/3160/703 1228/3161/703
f 1231/3160/703 1229/3159/703 1233/3162/703
f 1230/3163/706 1219/3164/706 1221/3165/706
f 1219/3164/706 1230/3163/706 1232/3166/706
f 1233/3167/705 1223/3168/705 1231/3169/705
f 1223/3168/705 1233/3167/705 1224/3170/705
f 1222/3171/707 1233/3172/707 1229/3173/707
f 1233/3172/707 1222/3171/707 1224/3174/707
f 1226/3175/708 1219/3176/708 1232/3177/708
f 1219/3176/708 1226/3175/708 1220/3178/708
f 1234/3179/688 1235/3180/688 1236/3181/688
f 1235/3180/688 1234/3179/688 1237/3182/688
f 1238/3183/687 1239/3184/687 1240/3185/687
f 1239/3184/687 1238/3183/687 1241/3186/687
f 1236/3187/108 1242/3188/108 1234/3189/108
f 1242/3188/108 1236/3187/108 1243/3190/108
f 1241/3191/689 1244/3192/689 1245/3193/689
f 1244/3192/689 1241/3191/689 1238/3194/689
f 1237/3195/690 1234/3196/690 1246/3197/690
f 1246/3197/690 1234/3196/690 1242/3198/690
f 1247/3199/691 1239/3200/691 1245/3201/691
f 1239/3200/691 1241/3202/691 1245/3201/691
f 1246/3203/693 1242/3204/693 1248/3205/693
f 1243/3206/693 1248/3205/693 1242/3204/693
f 1244/3207/692 1249/3208/692 1247/3209/692
f 1244/3207/692 1247/3209/692 1245/3210/692
f 1237/3211/695 1248/3212/695 1235/3213/695
f 1248/3212/695 1237/3211/695 1246/3214/695
f 1240/3215/694 1247/3216/694 1249/3217/694
f 1247/3216/694 1240/3215/694 1239/3218/694
f 1244/3219/696 1240/3220/696 1249/3221/696
f 1240/3220/696 1244/3219/696 1238/3222/696
f 1236/3223/697 1248/3224/697 1243/3225/697
f 1248/3224/697 1236/3223/697 1235/3226/697
o LeftBottomLeg
usemtl c_b479aa_neon
f 1250/3227/76 1251/3228/76 1252/3229/76
f 1251/3228/76 1253/3230/76 1252/3229/76
f 1250/3227/76 1252/3229/76 1254/3231/76
f 1251/3228/76 1255/3232/76 1253/3230/76
f 1254/3231/76 1256/3233/76 1250/3227/76
f 1255/3232/76 1257/3234/76 1253/3230/76
f 1256/3233/76 1254/3231/76 1257/3234/76
f 1255/3232/76 1256/3233/76 1257/3234/76
f 1250/3235/797 1256/3236/797 1258/3237/797
f 1258/3237/797 1256/3236/797 1259/3238/797
f 1250/3235/798 1260/3239/798 1251/3240/798
f 1260/3239/798 1250/3235/798 1258/3237/798
f 1261/3241/799 1252/3242/799 1253/3235/799
f 1252/3242/799 1261/3241/799 1262/3243/799
f 1261/3241/800 1253/3235/800 1263/3244/800
f 1253/3235/800 1257/3245/800 1263/3244/800
f 1258/3232/81 1264/3227/81 1260/3228/81
f 1264/3227/81 1258/3232/81 1259/3233/81
f 1256/3238/801 1255/3237/801 1259/3236/801
f 1259/3236/801 1255/3237/801 1264/3235/801
f 1251/3239/802 1264/3235/802 1255/3237/802
f 1264/3235/802 1251/3239/802 1260/3240/802
f 1265/3246/803 1254/3237/803 1262/3247/803
f 1254/3237/803 1252/3248/803 1262/3247/803
f 1263/3249/804 1257/3250/804 1265/3246/804
f 1257/3250/804 1254/3237/804 1265/3246/804
f 1266/3251/76 1267/3252/76 1268/3253/76
f 1267/3252/76 1266/3251/76 1269/3254/76
f 1270/3255/805 1271/3256/805 1272/3257/805
f 1266/3255/797 1268/3258/797 1273/3259/797
f 1273/3259/797 1268/3258/797 1274/3260/797
f 1269/3261/798 1266/3255/798 1275/3262/798
f 1275/3262/798 1266/3255/798 1273/3259/798
f 1276/3263/806 1277/3259/806 1270/3264/806
f 1277/3259/806 1276/3263/806 1278/3265/806
f 1278/3265/807 1279/3266/807 1277/3259/807
f 1279/3266/807 1278/3265/807 1280/3267/807
f 1281/3251/81 1275/3254/81 1270/3268/81
f 1275/3254/81 1271/3269/81 1270/3268/81
f 1281/3251/81 1270/3268/81 1277/3270/81
f 1271/3269/81 1275/3254/81 1273/3252/81
f 1274/3253/81 1281/3251/81 1277/3270/81
f 1273/3252/81 1279/3271/81 1271/3269/81
f 1274/3253/81 1277/3270/81 1279/3271/81
f 1273/3252/81 1274/3253/81 1279/3271/81
f 1280/3265/808 1271/3266/808 1279/3259/808
f 1268/3260/801 1267/3259/801 1274/3258/801
f 1274/3258/801 1267/3259/801 1281/3255/801
f 1267/3259/802 1269/3262/802 1281/3255/802
f 1281/3255/802 1269/3262/802 1275/3261/802
f 1276/3272/805 1270/3273/805 1272/3274/805
f 1271/3255/808 1280/3257/808 1272/3274/808
usemtl c_5f456a
f 1282/3275/809 1283/3276/809 1284/3277/76
f 1285/3278/76 1284/3277/76 1283/3276/809
f 1284/3277/76 1285/3278/76 1286/3279/76
f 1284/3277/76 1287/3280/810 1288/3281/810
f 1282/3275/809 1284/3277/76 1288/3281/810
f 1289/3282/76 1284/3277/76 1286/3279/76
f 1284/3277/76 1289/3282/76 1290/3283/810
f 1287/3280/810 1284/3277/76 1290/3283/810
f 1291/3284/811 1288/3285/811 1287/3286/811
f 1288/3285/811 1291/3284/811 1292/3287/811
f 1282/3288/812 1288/3289/812 1293/3290/812
f 1293/3290/812 1288/3289/812 1292/3291/812
f 1283/3292/813 1282/3288/813 1294/3293/813
f 1294/3293/813 1282/3288/813 1293/3290/813
f 1293/3294/81 1295/3295/81 1294/3296/81
f 1295/3295/81 1296/3297/81 1294/3296/81
f 1296/3297/81 1295/3295/81 1297/3298/81
f 1298/3299/81 1295/3295/81 1299/3300/81
f 1295/3295/81 1293/3294/81 1292/3301/81
f 1291/3302/81 1295/3295/81 1292/3301/81
f 1295/3295/81 1291/3302/81 1299/3300/81
f 1295/3295/81 1298/3299/81 1297/3298/81
f 1285/3303/814 1294/3304/814 1296/3305/814
f 1294/3304/814 1285/3303/814 1283/3306/814
f 1297/3307/815 1286/3308/815 1285/3309/815
f 1297/3307/815 1285/3309/815 1296/3310/815
f 1286/3308/816 1298/3311/816 1289/3312/816
f 1298/3311/816 1286/3308/816 1297/3307/816
f 1287/3313/817 1290/3314/817 1291/3315/817
f 1291/3315/817 1290/3314/817 1299/3316/817
f 1290/3314/818 1289/3312/818 1299/3316/818
f 1299/3316/818 1289/3312/818 1298/3311/818
o Head
usemtl c_402f48
f 1300/3317/819 1301/3318/819 1302/3319/819
f 1301/3318/819 1300/3317/819 1303/3320/819
f 1304/3321/820 1305/3322/820 1306/3323/820
f 1305/3322/820 1304/3321/820 1307/3324/820
f 1308/3325/821 1309/3326/821 1310/3327/821
f 1310/3327/821 1309/3326/821 1311/3328/821
usemtl c_5f456a
f 1312/3329/76 1313/3330/76 1314/3331/76
f 1313/3330/76 1312/3329/76 1315/3332/76
f 1312/3329/76 1316/3333/76 1315/3332/76
f 1316/3333/76 1312/3329/76 1317/3334/76
f 1318/3335/822 1308/3336/822 1319/3337/822
f 1308/3336/822 1318/3335/822 1309/3338/822
f 1320/3339/823 1313/3340/823 1315/3341/823
f 1313/3340/823 1320/3339/823 1321/3342/823
f 1316/3343/821 1322/3344/821 1319/3345/821
f 1316/3343/821 1319/3345/821 1323/3346/821
f 1324/3347/821 1316/3343/821 1323/3346/821
f 1322/3344/821 1320/3339/821 1318/3348/821
f 1322/3344/821 1318/3348/821 1319/3345/821
f 1320/3339/821 1324/3347/821 1318/3348/821
f 1320/3339/821 1315/3341/821 1324/3347/821
f 1316/3343/821 1324/3347/821 1315/3341/821
f 1323/3346/824 1319/3345/824 1308/3349/824
f 1323/3346/824 1308/3349/824 1310/3350/824
f 1325/3351/825 1314/3352/825 1313/3353/825
f 1325/3351/825 1313/3353/825 1321/3354/825
f 1326/3355/81 1321/3356/81 1320/3357/81
f 1321/3356/81 1326/3355/81 1325/3358/81
f 1322/3359/81 1326/3355/81 1320/3357/81
f 1326/3355/81 1322/3359/81 1327/3360/81
f 1324/3361/826 1323/3362/826 1310/3363/826
f 1324/3361/826 1310/3363/826 1311/3364/826
f 1326/3365/827 1312/3366/827 1314/3367/827
f 1326/3365/827 1314/3367/827 1325/3368/827
f 1322/3369/828 1316/3370/828 1317/3371/828
f 1322/3369/828 1317/3371/828 1327/3372/828
f 1318/3373/829 1324/3374/829 1311/3375/829
f 1318/3373/829 1311/3375/829 1309/3376/829
f 1328/3377/830 1329/3378/831 1330/3379/832
f 1328/3377/830 1330/3379/832 1331/3380/830
f 1332/3381/833 1328/3377/830 1331/3380/830
f 1328/3377/830 1332/3381/833 1333/3382/834
f 1334/3383/835 1333/3382/834 1332/3381/833
f 1332/3381/833 1335/3384/836 1334/3383/835
f 1330/3379/832 1334/3383/835 1335/3384/836
f 1334/3383/835 1330/3379/832 1329/3378/831
f 1336/3385/204 1337/3386/837 1338/3387/837
f 1338/3387/837 1339/3388/205 1336/3385/204
f 1339/3388/205 1340/3389/125 1336/3385/204
f 1339/3388/205 1333/3390/127 1340/3389/125
f 1334/3391/838 1340/3389/125 1333/3390/127
f 1340/3389/125 1334/3391/838 1341/3392/838
f 1331/3393/839 1330/3394/839 1307/3395/839
f 1331/3393/839 1307/3395/839 1304/3396/839
f 1342/3397/840 1303/3398/840 1343/3399/840
f 1303/3398/840 1342/3397/840 1301/3400/840
f 1344/3401/825 1328/3402/825 1333/3403/825
f 1344/3401/825 1333/3403/825 1339/3404/825
f 1343/3405/841 1345/3406/841 1346/3407/841
f 1345/3406/841 1343/3405/841 1303/3408/841
f 1347/3409/842 1307/3410/842 1330/3411/842
f 1330/3411/842 1335/3412/842 1347/3409/842
f 1344/3413/843 1343/3414/844 1348/3415/845
f 1343/3414/844 1344/3413/843 1342/3416/843
f 1338/3417/846 1348/3415/845 1343/3414/844
f 1343/3414/844 1346/3418/847 1338/3417/846
f 1349/3419/848 1338/3417/846 1346/3418/847
f 1338/3417/846 1349/3419/848 1339/3420/849
f 1344/3413/843 1339/3420/849 1349/3419/848
f 1344/3413/843 1349/3419/848 1342/3416/843
f 1302/3421/850 1346/3422/850 1345/3423/850
f 1346/3422/850 1302/3421/850 1349/3424/850
f 1306/3425/851 1347/3426/851 1335/3427/851
f 1335/3427/851 1332/3428/851 1306/3425/851
f 1329/3429/852 1348/3430/853 1350/3431/853
f 1329/3429/852 1350/3431/853 1351/3432/852
f 1334/3433/854 1329/3429/852 1351/3432/852
f 1351/3432/852 1341/3434/854 1334/3433/854
f 1338/3435/855 1350/3431/853 1348/3430/856
f 1350/3431/853 1338/3435/855 1337/3436/855
f 1302/3437/857 1342/3438/857 1349/3439/857
f 1342/3438/857 1302/3437/857 1301/3440/857
f 1306/3441/858 1331/3442/858 1304/3443/858
f 1331/3442/858 1306/3441/858 1332/3444/858
f 1352/3445/859 1353/3446/860 1354/3447/860
f 1355/3448/861 1354/3447/860 1353/3446/860
f 1352/3445/859 1354/3447/860 1356/3449/859
f 1354/3447/860 1355/3448/861 1357/3450/862
f 1358/3451/863 1352/3445/859 1356/3449/859
f 1355/3448/861 1359/3452/864 1357/3450/862
f 1356/3449/859 1360/3453/865 1358/3451/863
f 1355/3448/861 1361/3454/864 1359/3452/864
f 1362/3455/866 1358/3451/863 1360/3453/865
f 1361/3454/864 1362/3455/866 1359/3452/864
f 1358/3451/863 1362/3455/866 1363/3456/866
f 1361/3454/864 1363/3456/866 1362/3455/866
f 1364/3457/867 1365/3458/810 1366/3459/868
f 1365/3458/810 1364/3457/867 1367/3460/867
f 1365/3458/810 1316/3461/869 1366/3459/868
f 1316/3461/869 1365/3458/810 1368/3462/869
f 1369/3463/870 1320/3464/870 1370/3465/870
f 1364/3466/870 1366/3467/870 1315/3468/870
f 1320/3464/821 1322/3469/821 1370/3465/821
f 1315/3468/821 1366/3467/821 1316/3470/821
f 1371/3471/871 1369/3472/872 1370/3473/873
f 1369/3472/872 1371/3471/871 1372/3474/872
f 1322/3475/874 1371/3471/871 1370/3473/873
f 1371/3471/871 1322/3475/874 1373/3476/874
f 1373/3477/875 1374/3478/875 1371/3479/875
f 1368/3480/875 1365/3481/875 1375/3482/875
f 1374/3478/876 1372/3483/876 1371/3479/876
f 1375/3482/876 1365/3481/876 1367/3484/876
f 1376/3485/877 1377/3486/877 1341/3487/877
f 1341/3487/877 1351/3488/877 1376/3485/877
f 1378/3489/878 1341/3487/878 1377/3486/878
f 1341/3490/878 1378/3491/878 1340/3492/878
f 1337/3493/879 1336/3494/879 1379/3495/879
f 1380/3496/880 1379/3495/880 1377/3497/880
f 1377/3497/880 1379/3495/880 1378/3491/880
f 1336/3498/881 1340/3499/881 1378/3500/881
f 1336/3498/881 1378/3500/881 1379/3501/881
f 1337/3502/882 1381/3503/882 1350/3504/882
f 1381/3503/882 1337/3502/882 1380/3505/882
f 1379/3506/879 1380/3505/879 1337/3502/879
f 1351/3507/883 1350/3508/883 1381/3509/883
f 1351/3507/883 1381/3509/883 1376/3510/883
f 1380/3511/884 1377/3512/884 1376/3513/884
f 1380/3511/884 1376/3513/884 1381/3514/884
f 1361/3515/885 1382/3516/885 1383/3517/885
f 1382/3516/885 1361/3515/885 1355/3518/885
f 1355/3518/76 1384/3519/76 1382/3516/76
f 1384/3519/76 1355/3518/76 1353/3520/76
f 1353/3520/76 1385/3521/76 1384/3519/76
f 1385/3521/76 1353/3520/76 1386/3522/76
f 1386/3522/76 1353/3520/76 1387/3523/76
f 1388/3524/886 1353/3525/886 1352/3526/886
f 1353/3525/886 1388/3524/886 1387/3527/886
f 1389/3528/825 1386/3529/825 1387/3530/825
f 1389/3528/825 1387/3530/825 1388/3531/825
f 1390/3532/887 1391/3533/887 1363/3534/887
f 1391/3533/887 1358/3535/887 1363/3534/887
f 1352/3536/81 1389/3537/81 1388/3538/81
f 1389/3537/81 1352/3536/81 1392/3539/81
f 1392/3539/81 1352/3536/81 1393/3540/81
f 1393/3540/81 1352/3536/81 1358/3535/81
f 1358/3535/81 1391/3533/81 1393/3540/81
f 1386/3541/888 1389/3542/888 1385/3543/888
f 1392/3544/888 1385/3543/888 1389/3542/888
f 1382/3545/889 1391/3546/889 1390/3547/889
f 1382/3545/889 1390/3547/889 1383/3548/889
f 1393/3549/890 1384/3550/890 1385/3543/890
f 1393/3549/890 1385/3543/890 1392/3544/890
f 1391/3546/891 1382/3545/891 1384/3550/891
f 1391/3546/891 1384/3550/891 1393/3549/891
f 1363/3551/828 1361/3552/828 1383/3553/828
f 1363/3551/828 1383/3553/828 1390/3554/828
f 1394/3555/76 1395/3556/76 1396/3557/76
f 1395/3556/76 1394/3555/76 1397/3558/76
f 1397/3558/892 1398/3559/892 1399/3560/892
f 1397/3558/892 1399/3560/892 1395/3556/892
f 1400/3558/893 1401/3560/893 1402/3556/893
f 1401/3560/893 1400/3558/893 1403/3559/893
f 1404/3555/76 1402/3556/76 1405/3557/76
f 1402/3556/76 1404/3555/76 1400/3558/76
f 1398/3561/894 1406/3562/894 1399/3563/894
f 1406/3562/894 1407/3564/894 1399/3563/894
f 1408/3565/894 1409/3566/894 1403/3567/894
f 1403/3567/894 1409/3566/894 1401/3568/894
f 1410/3569/895 1399/3563/895 1407/3564/895
f 1399/3563/895 1410/3569/895 1395/3570/895
f 1409/3566/895 1402/3571/895 1401/3568/895
f 1402/3571/895 1409/3566/895 1411/3572/895
f 1396/3573/896 1395/3570/896 1410/3569/896
f 1410/3569/896 1412/3574/896 1396/3573/896
f 1413/3575/896 1402/3571/896 1411/3572/896
f 1402/3571/896 1413/3575/896 1405/3576/896
f 1394/3577/897 1412/3578/897 1414/3579/897
f 1412/3578/897 1394/3577/897 1396/3580/897
f 1415/3581/897 1404/3582/897 1405/3583/897
f 1415/3581/897 1405/3583/897 1413/3584/897
f 1415/3585/81 1411/3586/81 1416/3587/81
f 1411/3586/81 1415/3585/81 1413/3588/81
f 1408/3589/898 1416/3587/898 1409/3590/898
f 1409/3590/898 1416/3587/898 1411/3586/898
f 1407/3590/899 1417/3587/899 1410/3586/899
f 1417/3587/899 1407/3590/899 1406/3589/899
f 1414/3585/81 1410/3586/81 1417/3587/81
f 1410/3586/81 1414/3585/81 1412/3588/81
f 1397/3591/900 1414/3592/900 1417/3593/900
f 1414/3592/900 1397/3591/900 1394/3594/900
f 1400/3595/900 1404/3596/900 1416/3597/900
f 1416/3597/900 1404/3596/900 1415/3598/900
f 1398/3565/901 1417/3593/901 1406/3567/901
f 1417/3593/901 1398/3565/901 1397/3591/901
f 1403/3562/901 1400/3595/901 1408/3561/901
f 1400/3595/901 1416/3597/901 1408/3561/901
usemtl c_e2a4fc
f 1418/3599/902 1419/3600/903 1360/3601/904
f 1360/3601/904 1356/3602/902 1418/3599/902
f 1360/3601/904 1420/3603/905 1362/3604/905
f 1420/3605/906 1419/3606/906 1421/3607/906
f 1419/3606/906 1422/3608/906 1421/3607/906
f 1422/3608/907 1419/3606/907 1418/3609/907
f 1422/3608/907 1418/3609/907 1423/3610/907
f 1420/3605/905 1360/3611/904 1419/3606/903
f 1421/3607/908 1422/3608/909 1357/3612/910
f 1359/3613/911 1362/3614/911 1420/3605/911
f 1359/3613/911 1420/3605/911 1421/3607/911
f 1423/3615/912 1357/3616/910 1422/3617/909
f 1357/3616/910 1423/3615/912 1354/3618/912
f 1357/3616/910 1359/3619/908 1421/3620/908
f 1356/3621/913 1354/3622/913 1423/3623/913
f 1356/3621/913 1423/3623/913 1418/3624/913
f 1327/3625/827 1317/3626/827 1312/3627/827
f 1327/3625/827 1312/3627/827 1326/3628/827
f 1328/3629/827 1344/3630/827 1348/3631/827
f 1328/3629/827 1348/3631/827 1329/3632/827
usemtl c_b479aa_neon
f 1424/3633/914 1425/3634/915 1426/3635/916
f 1425/3634/915 1427/3636/917 1426/3635/916
f 1428/3637/917 1427/3636/917 1425/3634/915
f 1429/3638/914 1430/3639/915 1431/3640/916
f 1430/3639/915 1432/3641/917 1431/3640/916
f 1433/3642/917 1432/3641/917 1430/3639/915
f 1434/3643/914 1435/3644/915 1436/3645/916
f 1435/3644/915 1437/3646/917 1436/3645/916
f 1438/3647/917 1437/3646/917 1435/3644/915
f 1439/3648/914 1440/3649/915 1441/3650/916
f 1440/3649/915 1442/3651/917 1441/3650/916
f 1443/3652/917 1442/3651/917 1440/3649/915
f 1444/3653/914 1445/3654/915 1446/3655/916
f 1445/3654/915 1447/3656/917 1446/3655/916
f 1448/3657/917 1447/3656/917 1445/3654/915
f 1449/3658/914 1450/3659/915 1451/3660/916
f 1450/3659/915 1452/3661/917 1451/3660/916
f 1453/3662/917 1452/3661/917 1450/3659/915
f 1454/3663/914 1455/3664/915 1456/3665/916
f 1455/3664/915 1457/3666/917 1456/3665/916
f 1458/3667/917 1457/3666/917 1455/3664/915
f 1459/3668/914 1460/3669/915 1461/3670/916
f 1460/3669/915 1462/3671/917 1461/3670/916
f 1463/3672/917 1462/3671/917 1460/3669/915
f 1464/3673/918 1465/3674/919 1466/3675/920
f 1467/3676/921 1466/3675/920 1465/3674/919
f 1466/3675/920 1467/3676/921 1468/3677/921
f 1469/3678/922 1470/3679/923 1471/3680/924
f 1472/3681/925 1471/3680/924 1470/3679/923
f 1471/3680/924 1472/3681/925 1473/3682/925
f 1474/3678/922 1475/3679/923 1476/3680/924
f 1477/3681/925 1476/3680/924 1475/3679/923
f 1476/3680/924 1477/3681/925 1478/3682/925
f 1479/3678/922 1480/3679/923 1481/3680/924
f 1482/3681/925 1481/3680/924 1480/3679/923
f 1481/3680/924 1482/3681/925 1483/3682/925
f 1484/3673/918 1485/3674/919 1486/3675/920
f 1487/3676/921 1486/3675/920 1485/3674/919
f 1486/3675/920 1487/3676/921 1488/3677/921
f 1489/3633/926 1490/3683/927 1491/3684/928
f 1492/3685/929 1491/3684/928 1490/3683/927
f 1492/3685/929 1493/3686/929 1491/3684/928
f 1494/3638/926 1495/3687/927 1496/3688/928
f 1497/3689/929 1496/3688/928 1495/3687/927
f 1497/3689/929 1498/3690/929 1496/3688/928
f 1499/3643/926 1500/3691/927 1501/3692/928
f 1502/3693/929 1501/3692/928 1500/3691/927
f 1502/3693/929 1503/3694/929 1501/3692/928
f 1504/3648/926 1505/3695/927 1506/3696/928
f 1507/3697/929 1506/3696/928 1505/3695/927
f 1507/3697/929 1508/3698/929 1506/3696/928
f 1509/3653/926 1510/3699/927 1511/3700/928
f 1512/3701/929 1511/3700/928 1510/3699/927
f 1512/3701/929 1513/3702/929 1511/3700/928
f 1514/3658/926 1515/3703/927 1516/3704/928
f 1517/3705/929 1516/3704/928 1515/3703/927
f 1517/3705/929 1518/3706/929 1516/3704/928
f 1519/3663/926 1520/3707/927 1521/3708/928
f 1522/3709/929 1521/3708/928 1520/3707/927
f 1522/3709/929 1523/3710/929 1521/3708/928
f 1524/3668/926 1525/3711/927 1526/3712/928
f 1527/3713/929 1526/3712/928 1525/3711/927
f 1527/3713/929 1528/3714/929 1526/3712/928
f 1529/3715/774 1530/3716/774 1477/3717/774
f 1477/3717/774 1530/3716/774 1478/3718/774
f 1472/3719/774 1531/3720/774 1473/3721/774
f 1531/3720/774 1532/3722/774 1473/3721/774
f 1533/3723/774 1534/3724/774 1482/3725/774
f 1482/3725/774 1534/3724/774 1483/3726/774
f 1467/3727/774 1535/3728/774 1468/3729/774
f 1535/3728/774 1536/3730/774 1468/3729/774
f 1537/3731/774 1487/3732/774 1538/3733/774
f 1487/3732/774 1537/3731/774 1488/3734/774
f 1539/3735/774 1463/3736/774 1540/3737/774
f 1463/3736/774 1539/3735/774 1462/3738/774
f 1541/3739/774 1528/3740/774 1527/3741/774
f 1528/3740/774 1541/3739/774 1542/3742/774
f 1543/3743/774 1458/3744/774 1544/3745/774
f 1458/3744/774 1543/3743/774 1457/3746/774
f 1545/3747/774 1523/3748/774 1522/3749/774
f 1523/3748/774 1545/3747/774 1546/3750/774
f 1547/3751/774 1518/3752/774 1517/3753/774
f 1518/3752/774 1547/3751/774 1548/3754/774
f 1549/3755/774 1453/3756/774 1550/3757/774
f 1453/3756/774 1549/3755/774 1452/3758/774
f 1551/3759/774 1448/3760/774 1552/3761/774
f 1448/3760/774 1551/3759/774 1447/3762/774
f 1553/3763/774 1513/3764/774 1512/3765/774
f 1513/3764/774 1553/3763/774 1554/3766/774
f 1555/3767/774 1443/3768/774 1556/3769/774
f 1443/3768/774 1555/3767/774 1442/3770/774
f 1557/3771/774 1508/3772/774 1507/3773/774
f 1508/3772/774 1557/3771/774 1558/3774/774
f 1559/3775/774 1503/3776/774 1502/3777/774
f 1503/3776/774 1559/3775/774 1560/3778/774
f 1561/3779/774 1438/3780/774 1562/3781/774
f 1438/3780/774 1561/3779/774 1437/3782/774
f 1563/3783/774 1498/3784/774 1497/3785/774
f 1498/3784/774 1563/3783/774 1564/3786/774
f 1565/3787/774 1433/3788/774 1566/3789/774
f 1433/3788/774 1565/3787/774 1432/3790/774
f 1567/3791/774 1428/3792/774 1568/3793/774
f 1428/3792/774 1567/3791/774 1427/3794/774
f 1569/3795/774 1493/3796/774 1492/3797/774
f 1493/3796/774 1569/3795/774 1570/3798/774
f 1571/3799/930 1424/3800/931 1426/3801/930
f 1426/3801/930 1567/3802/932 1571/3799/930
f 1567/3802/932 1426/3801/930 1427/3803/932
f 1491/3804/933 1572/3805/933 1489/3806/934
f 1572/3805/933 1491/3804/933 1493/3807/935
f 1493/3807/935 1570/3808/935 1572/3805/933
f 1496/3809/933 1573/3810/933 1494/3811/934
f 1573/3810/933 1496/3809/933 1498/3812/935
f 1498/3812/935 1564/3813/935 1573/3810/933
f 1574/3814/930 1429/3815/931 1431/3816/930
f 1431/3816/930 1565/3817/932 1574/3814/930
f 1565/3817/932 1431/3816/930 1432/3818/932
f 1501/3819/933 1575/3820/933 1499/3821/934
f 1575/3820/933 1501/3819/933 1503/3822/935
f 1503/3822/935 1560/3823/935 1575/3820/933
f 1576/3824/930 1434/3825/931 1436/3826/930
f 1436/3826/930 1561/3827/932 1576/3824/930
f 1561/3827/932 1436/3826/930 1437/3828/932
f 1577/3829/930 1439/3830/931 1441/3831/930
f 1441/3831/930 1555/3832/932 1577/3829/930
f 1555/3832/932 1441/3831/930 1442/3833/932
f 1506/3834/933 1578/3835/933 1504/3836/934
f 1578/3835/933 1506/3834/933 1508/3837/935
f 1508/3837/935 1558/3838/935 1578/3835/933
f 1579/3839/930 1444/3840/931 1446/3841/930
f 1446/3841/930 1551/3842/932 1579/3839/930
f 1551/3842/932 1446/3841/930 1447/3843/932
f 1511/3844/933 1580/3845/933 1509/3846/934
f 1580/3845/933 1511/3844/933 1513/3847/935
f 1513/3847/935 1554/3848/935 1580/3845/933
f 1516/3849/933 1581/3850/933 1514/3851/934
f 1581/3850/933 1516/3849/933 1518/3852/935
f 1518/3852/935 1548/3853/935 1581/3850/933
f 1582/3854/930 1449/3855/931 1451/3856/930
f 1451/3856/930 1549/3857/932 1582/3854/930
f 1549/3857/932 1451/3856/930 1452/3858/932
f 1583/3859/930 1459/3860/931 1461/3861/930
f 1461/3861/930 1539/3862/932 1583/3859/930
f 1539/3862/932 1461/3861/930 1462/3863/932
f 1526/3864/933 1584/3865/933 1524/3866/934
f 1584/3865/933 1526/3864/933 1528/3867/935
f 1528/3867/935 1542/3868/935 1584/3865/933
f 1585/3869/930 1454/3870/931 1456/3871/930
f 1456/3871/930 1543/3872/932 1585/3869/930
f 1543/3872/932 1456/3871/930 1457/3873/932
f 1521/3874/933 1586/3875/933 1519/3876/934
f 1586/3875/933 1521/3874/933 1523/3877/935
f 1523/3877/935 1546/3878/935 1586/3875/933
f 1587/3879/936 1464/3880/937 1466/3881/936
f 1466/3881/936 1536/3882/938 1587/3879/936
f 1536/3882/938 1466/3881/936 1468/3883/938
f 1486/3884/936 1588/3885/936 1484/3886/937
f 1588/3885/936 1486/3884/936 1488/3887/938
f 1588/3885/936 1488/3887/938 1537/3888/938
f 1476/3889/939 1589/3890/939 1474/3891/940
f 1478/3892/941 1589/3890/939 1476/3889/939
f 1478/3892/941 1530/3893/941 1589/3890/939
f 1590/3894/939 1469/3895/940 1471/3896/939
f 1473/3897/941 1590/3894/939 1471/3896/939
f 1590/3894/939 1473/3897/941 1532/3898/941
f 1481/3899/939 1591/3900/939 1479/3901/940
f 1481/3899/939 1534/3902/941 1591/3900/939
f 1534/3902/941 1481/3899/939 1483/3903/941
f 1489/3904/942 1572/3905/943 1592/3906/944
f 1592/3906/944 1572/3905/943 1570/3907/945
f 1570/3907/945 1569/3908/945 1592/3906/944
f 1494/3909/942 1573/3910/943 1593/3911/944
f 1593/3911/944 1573/3910/943 1564/3912/945
f 1564/3912/945 1563/3913/945 1593/3911/944
f 1499/3914/942 1575/3915/943 1594/3916/944
f 1594/3916/944 1575/3915/943 1560/3917/945
f 1560/3917/945 1559/3918/945 1594/3916/944
f 1504/3919/942 1578/3920/943 1595/3921/944
f 1595/3921/944 1578/3920/943 1558/3922/945
f 1558/3922/945 1557/3923/945 1595/3921/944
f 1509/3924/942 1580/3925/943 1596/3926/944
f 1596/3926/944 1580/3925/943 1554/3927/945
f 1554/3927/945 1553/3928/945 1596/3926/944
f 1514/3929/942 1581/3930/943 1597/3931/944
f 1597/3931/944 1581/3930/943 1548/3932/945
f 1548/3932/945 1547/3933/945 1597/3931/944
f 1519/3934/942 1586/3935/943 1598/3936/944
f 1598/3936/944 1586/3935/943 1546/3937/945
f 1546/3937/945 1545/3938/945 1598/3936/944
f 1524/3939/942 1584/3940/943 1599/3941/944
f 1599/3941/944 1584/3940/943 1542/3942/945
f 1542/3942/945 1541/3943/945 1599/3941/944
f 1484/3944/946 1588/3945/947 1600/3946/948
f 1588/3945/947 1538/3947/949 1600/3946/948
f 1538/3947/949 1588/3945/947 1537/3948/949
f 1479/3949/950 1591/3950/951 1601/3951/952
f 1591/3950/951 1533/3952/953 1601/3951/952
f 1533/3952/953 1591/3950/951 1534/3953/953
f 1474/3949/950 1589/3950/951 1602/3951/952
f 1589/3950/951 1529/3952/953 1602/3951/952
f 1529/3952/953 1589/3950/951 1530/3953/953
f 1469/3949/950 1590/3950/951 1603/3951/952
f 1531/3952/953 1603/3951/952 1590/3950/951
f 1531/3952/953 1590/3950/951 1532/3953/953
f 1464/3944/946 1587/3945/947 1604/3946/948
f 1535/3947/949 1604/3946/948 1587/3945/947
f 1535/3947/949 1587/3945/947 1536/3948/949
f 1424/3904/954 1571/3954/955 1605/3955/956
f 1568/3956/957 1605/3955/956 1571/3954/955
f 1568/3956/957 1571/3954/955 1567/3957/957
f 1429/3909/954 1574/3958/955 1606/3959/956
f 1566/3960/957 1606/3959/956 1574/3958/955
f 1566/3960/957 1574/3958/955 1565/3961/957
f 1434/3914/954 1576/3962/955 1607/3963/956
f 1562/3964/957 1607/3963/956 1576/3962/955
f 1562/3964/957 1576/3962/955 1561/3965/957
f 1439/3919/954 1577/3966/955 1608/3967/956
f 1556/3968/957 1608/3967/956 1577/3966/955
f 1556/3968/957 1577/3966/955 1555/3969/957
f 1444/3924/954 1579/3970/955 1609/3971/956
f 1552/3972/957 1609/3971/956 1579/3970/955
f 1552/3972/957 1579/3970/955 1551/3973/957
f 1449/3929/954 1582/3974/955 1610/3975/956
f 1550/3976/957 1610/3975/956 1582/3974/955
f 1550/3976/957 1582/3974/955 1549/3977/957
f 1454/3934/954 1585/3978/955 1611/3979/956
f 1544/3980/957 1611/3979/956 1585/3978/955
f 1544/3980/957 1585/3978/955 1543/3981/957
f 1459/3939/954 1583/3982/955 1612/3983/956
f 1540/3984/957 1612/3983/956 1583/3982/955
f 1540/3984/957 1583/3982/955 1539/3985/957
f 1464/3886/958 1604/3986/959 1465/3987/959
f 1604/3986/959 1467/3988/960 1465/3987/959
f 1467/3988/960 1604/3986/959 1535/3989/960
f 1484/3880/958 1600/3990/959 1485/3991/959
f 1538/3992/960 1485/3991/959 1600/3990/959
f 1538/3992/960 1487/3993/960 1485/3991/959
f 1474/3891/961 1602/3994/962 1475/3995/962
f 1529/3996/963 1475/3995/962 1602/3994/962
f 1529/3996/963 1477/3997/963 1475/3995/962
f 1469/3901/961 1603/3998/962 1470/3999/962
f 1603/3998/962 1472/4000/963 1470/3999/962
f 1472/4000/963 1603/3998/962 1531/4001/963
f 1479/3895/961 1601/4002/962 1480/4003/962
f 1533/4004/963 1480/4003/962 1601/4002/962
f 1533/4004/963 1482/4005/963 1480/4003/962
f 1454/3876/964 1611/4006/965 1455/4007/965
f 1611/4006/965 1458/4008/966 1455/4007/965
f 1458/4008/966 1611/4006/965 1544/4009/966
f 1519/3870/967 1598/4010/968 1520/4011/968
f 1545/4012/969 1520/4011/968 1598/4010/968
f 1545/4012/969 1522/4013/969 1520/4011/968
f 1459/3866/964 1612/4014/965 1460/4015/965
f 1612/4014/965 1463/4016/966 1460/4015/965
f 1463/4016/966 1612/4014/965 1540/4017/966
f 1524/3860/967 1599/4018/968 1525/4019/968
f 1541/4020/969 1525/4019/968 1599/4018/968
f 1541/4020/969 1527/4021/969 1525/4019/968
f 1514/3855/967 1597/4022/968 1515/4023/968
f 1547/4024/969 1515/4023/968 1597/4022/968
f 1547/4024/969 1517/4025/969 1515/4023/968
f 1449/3851/964 1610/4026/965 1450/4027/965
f 1610/4026/965 1453/4028/966 1450/4027/965
f 1453/4028/966 1610/4026/965 1550/4029/966
f 1444/3846/964 1609/4030/965 1445/4031/965
f 1609/4030/965 1448/4032/966 1445/4031/965
f 1448/4032/966 1609/4030/965 1552/4033/966
f 1509/3840/967 1596/4034/968 1510/4035/968
f 1553/4036/969 1510/4035/968 1596/4034/968
f 1553/4036/969 1512/4037/969 1510/4035/968
f 1439/3836/964 1608/4038/965 1440/4039/965
f 1608/4038/965 1443/4040/966 1440/4039/965
f 1443/4040/966 1608/4038/965 1556/4041/966
f 1504/3830/967 1595/4042/968 1505/4043/968
f 1557/4044/969 1505/4043/968 1595/4042/968
f 1557/4044/969 1507/4045/969 1505/4043/968
f 1499/3825/967 1594/4046/968 1500/4047/968
f 1559/4048/969 1500/4047/968 1594/4046/968
f 1559/4048/969 1502/4049/969 1500/4047/968
f 1434/3821/964 1607/4050/965 1435/4051/965
f 1607/4050/965 1438/4052/966 1435/4051/965
f 1438/4052/966 1607/4050/965 1562/4053/966
f 1494/3815/967 1593/4054/968 1495/4055/968
f 1563/4056/969 1495/4055/968 1593/4054/968
f 1563/4056/969 1497/4057/969 1495/4055/968
f 1429/3811/964 1606/4058/965 1430/4059/965
f 1606/4058/965 1433/4060/966 1430/4059/965
f 1433/4060/966 1606/4058/965 1566/4061/966
f 1424/3806/964 1605/4062/965 1425/4063/965
f 1605/4062/965 1428/4064/966 1425/4063/965
f 1428/4064/966 1605/4062/965 1568/4065/966
f 1489/3800/967 1592/4066/968 1490/4067/968
f 1569/4068/969 1490/4067/968 1592/4066/968
f 1569/4068/969 1492/4069/969 1490/4067/968
f 1613/4070/970 1614/4071/971 1615/4072/972
f 1616/4073/973 1615/4072/972 1614/4071/971
f 1615/4072/972 1616/4073/973 1617/4074/973
f 1618/4075/974 1619/4076/975 1620/4077/976
f 1621/4078/977 1620/4077/976 1619/4076/975
f 1620/4077/976 1621/4078/977 1622/4079/977
f 1623/4080/978 1624/4081/979 1625/4082/980
f 1626/4083/981 1625/4082/980 1624/4081/979
f 1625/4082/980 1626/4083/981 1627/4084/981
f 1628/4085/982 1629/4086/979 1630/4087/980
f 1631/4088/983 1630/4087/980 1629/4086/979
f 1630/4087/980 1631/4088/983 1632/4089/983
f 1633/4090/984 1634/4091/985 1635/4092/986
f 1636/4093/987 1635/4092/986 1634/4091/985
f 1635/4092/986 1636/4093/987 1637/4094/987
f 1638/4095/984 1639/4096/985 1640/4097/986
f 1641/4098/987 1640/4097/986 1639/4096/985
f 1640/4097/986 1641/4098/987 1642/4099/987
f 1643/4100/984 1644/4101/985 1645/4102/986
f 1646/4103/987 1645/4102/986 1644/4101/985
f 1645/4102/986 1646/4103/987 1647/4104/987
f 1648/4105/988 1649/4106/972 1650/4107/989
f 1649/4106/972 1651/4108/990 1650/4107/989
f 1651/4108/990 1649/4106/972 1652/4109/990
f 1653/4110/991 1654/4111/992 1655/4112/993
f 1656/4113/994 1655/4112/993 1654/4111/992
f 1655/4112/993 1656/4113/994 1657/4114/994
f 1658/4110/991 1659/4111/992 1660/4112/993
f 1661/4113/994 1660/4112/993 1659/4111/992
f 1661/4113/994 1662/4114/994 1660/4112/993
f 1663/4105/988 1664/4106/972 1665/4107/989
f 1664/4106/972 1666/4108/990 1665/4107/989
f 1666/4108/990 1664/4106/972 1667/4109/990
f 1668/4075/995 1669/4115/996 1670/4116/997
f 1669/4115/996 1671/4117/998 1670/4116/997
f 1671/4117/998 1669/4115/996 1672/4118/998
f 1673/4100/999 1674/4119/1000 1675/4120/1001
f 1674/4119/1000 1676/4121/1002 1675/4120/1001
f 1676/4121/1002 1674/4119/1000 1677/4122/1002
f 1678/4090/999 1679/4123/1000 1680/4124/1001
f 1679/4123/1000 1681/4125/1002 1680/4124/1001
f 1681/4125/1002 1679/4123/1000 1682/4126/1002
f 1683/4095/999 1684/4127/1000 1685/4128/1001
f 1684/4127/1000 1686/4129/1002 1685/4128/1001
f 1686/4129/1002 1684/4127/1000 1687/4130/1002
f 1688/4085/1003 1689/4131/1004 1690/4132/1005
f 1689/4131/1004 1691/4133/1006 1690/4132/1005
f 1691/4133/1006 1689/4131/1004 1692/4134/1006
f 1693/4080/1007 1694/4135/1004 1695/4136/1005
f 1694/4135/1004 1696/4137/1006 1695/4136/1005
f 1696/4137/1006 1694/4135/1004 1697/4138/1006
f 1698/4070/1008 1699/4139/1009 1700/4140/1010
f 1699/4139/1009 1701/4141/1011 1700/4140/1010
f 1701/4141/1011 1699/4139/1009 1702/4142/1011
f 1614/4143/1012 1613/4144/1013 1703/4145/1012
f 1616/4146/1014 1614/4143/1012 1703/4145/1012
f 1704/4147/1014 1616/4146/1014 1703/4145/1012
f 1705/4148/1015 1699/4149/1015 1698/4150/1016
f 1706/4151/1017 1699/4149/1015 1705/4148/1015
f 1699/4149/1015 1706/4151/1017 1702/4152/1017
f 1629/4153/1018 1628/4154/1019 1707/4155/1018
f 1708/4156/1020 1629/4153/1018 1707/4155/1018
f 1629/4153/1018 1708/4156/1020 1631/4157/1020
f 1709/4158/1021 1689/4159/1021 1688/4160/1022
f 1709/4158/1021 1692/4161/1023 1689/4159/1021
f 1692/4161/1023 1709/4158/1021 1710/4162/1023
f 1711/4163/1024 1694/4164/1024 1693/4165/1025
f 1711/4163/1024 1697/4166/1026 1694/4164/1024
f 1697/4166/1026 1711/4163/1024 1712/4167/1026
f 1624/4168/1027 1623/4169/1028 1713/4170/1027
f 1714/4171/1029 1624/4168/1027 1713/4170/1027
f 1624/4168/1027 1714/4171/1029 1626/4172/1029
f 1634/4173/1030 1633/4174/1031 1715/4175/1030
f 1716/4176/1030 1634/4173/1030 1715/4175/1030
f 1634/4173/1030 1716/4176/1030 1636/4177/1030
f 1717/4178/1032 1679/4179/1032 1678/4180/1033
f 1717/4178/1032 1682/4181/1032 1679/4179/1032
f 1682/4181/1032 1717/4178/1032 1718/4182/1032
f 1639/4183/1030 1638/4184/1031 1719/4185/1030
f 1720/4186/1030 1639/4183/1030 1719/4185/1030
f 1639/4183/1030 1720/4186/1030 1641/4187/1030
f 1721/4188/1032 1684/4189/1032 1683/4190/1033
f 1721/4188/1032 1687/4191/1032 1684/4189/1032
f 1687/4191/1032 1721/4188/1032 1722/4192/1032
f 1723/4193/1032 1674/4194/1032 1673/4195/1033
f 1723/4193/1032 1677/4196/1032 1674/4194/1032
f 1677/4196/1032 1723/4193/1032 1724/4197/1032
f 1644/4198/1030 1643/4199/1031 1725/4200/1030
f 1726/4201/1030 1644/4198/1030 1725/4200/1030
f 1644/4198/1030 1726/4201/1030 1646/4202/1030
f 1619/4203/1034 1618/4204/1035 1727/4205/1034
f 1728/4206/1036 1619/4203/1034 1727/4205/1034
f 1619/4203/1034 1728/4206/1036 1621/4207/1036
f 1729/4208/1037 1669/4209/1037 1668/4210/1038
f 1729/4208/1037 1672/4211/1039 1669/4209/1037
f 1672/4211/1039 1729/4208/1037 1730/4212/1039
f 1731/4213/1040 1664/4214/1040 1663/4215/1041
f 1732/4216/1042 1664/4214/1040 1731/4213/1040
f 1667/4217/1042 1664/4214/1040 1732/4216/1042
f 1649/4218/1040 1648/4219/1041 1733/4220/1043
f 1652/4221/1042 1649/4218/1040 1733/4220/1043
f 1734/4222/1042 1652/4221/1042 1733/4220/1043
f 1654/4223/1044 1653/4224/1045 1735/4225/1044
f 1656/4226/1046 1654/4223/1044 1735/4225/1044
f 1736/4227/1046 1656/4226/1046 1735/4225/1044
f 1737/4228/1044 1659/4229/1044 1658/4230/1045
f 1738/4231/1046 1659/4229/1044 1737/4228/1044
f 1661/4232/1046 1659/4229/1044 1738/4231/1046
f 1698/4233/1047 1739/4234/1048 1705/4235/1049
f 1739/4234/1048 1706/4236/1050 1705/4235/1049
f 1706/4236/1050 1739/4234/1048 1740/4237/1050
f 1668/4238/1051 1741/4239/1052 1729/4240/1053
f 1741/4239/1052 1730/4241/1054 1729/4240/1053
f 1730/4241/1054 1741/4239/1052 1742/4242/1054
f 1693/4243/1055 1743/4244/1056 1711/4245/1057
f 1743/4244/1056 1712/4246/1058 1711/4245/1057
f 1712/4246/1058 1743/4244/1056 1744/4247/1058
f 1688/4248/1059 1745/4249/1056 1709/4250/1057
f 1745/4249/1056 1710/4251/1060 1709/4250/1057
f 1710/4251/1060 1745/4249/1056 1746/4252/1060
f 1673/4253/1061 1747/4254/1062 1723/4255/1063
f 1747/4254/1062 1724/4256/1064 1723/4255/1063
f 1724/4256/1064 1747/4254/1062 1748/4257/1064
f 1678/4258/1061 1749/4092/1062 1717/4259/1063
f 1749/4092/1062 1718/4260/1064 1717/4259/1063
f 1718/4260/1064 1749/4092/1062 1750/4261/1064
f 1683/4262/1061 1751/4263/1062 1721/4264/1063
f 1751/4263/1062 1722/4265/1064 1721/4264/1063
f 1722/4265/1064 1751/4263/1062 1752/4266/1064
f 1663/4267/1065 1753/4268/1066 1731/4269/1048
f 1754/4270/1067 1731/4269/1048 1753/4268/1066
f 1731/4269/1048 1754/4270/1067 1732/4271/1067
f 1658/4272/1068 1755/4273/1069 1737/4274/1070
f 1755/4273/1069 1738/4275/1071 1737/4274/1070
f 1738/4275/1071 1755/4273/1069 1756/4276/1071
f 1653/4272/1068 1757/4273/1069 1735/4274/1070
f 1757/4273/1069 1736/4275/1071 1735/4274/1070
f 1758/4276/1071 1736/4275/1071 1757/4273/1069
f 1648/4267/1065 1759/4268/1066 1733/4269/1048
f 1760/4270/1067 1733/4269/1048 1759/4268/1066
f 1733/4269/1048 1760/4270/1067 1734/4271/1067
f 1618/4238/1072 1761/4277/1073 1727/4278/1074
f 1762/4279/1075 1727/4278/1074 1761/4277/1073
f 1727/4278/1074 1762/4279/1075 1728/4280/1075
f 1633/4258/1076 1763/4281/1077 1715/4282/1078
f 1764/4283/1079 1715/4282/1078 1763/4281/1077
f 1715/4282/1078 1764/4283/1079 1716/4284/1079
f 1638/4262/1076 1765/4285/1077 1719/4286/1078
f 1766/4287/1079 1719/4286/1078 1765/4285/1077
f 1719/4286/1078 1766/4287/1079 1720/4288/1079
f 1643/4253/1076 1767/4289/1077 1725/4290/1078
f 1768/4291/1079 1725/4290/1078 1767/4289/1077
f 1725/4290/1078 1768/4291/1079 1726/4292/1079
f 1628/4248/1080 1769/4293/1081 1707/4294/1082
f 1770/4295/1083 1707/4294/1082 1769/4293/1081
f 1707/4294/1082 1770/4295/1083 1708/4296/1083
f 1623/4243/1084 1771/4297/1081 1713/4298/1082
f 1772/4299/1083 1713/4298/1082 1771/4297/1081
f 1713/4298/1082 1772/4299/1083 1714/4300/1083
f 1613/4233/1085 1773/4301/1086 1703/4302/1087
f 1774/4303/1088 1703/4302/1087 1773/4301/1086
f 1703/4302/1087 1774/4303/1088 1704/4304/1088
f 1716/4305/1089 1764/4306/1089 1637/4307/1089
f 1637/4307/1089 1636/4308/1089 1716/4305/1089
f 1677/4309/1090 1748/4310/1090 1676/4311/1090
f 1748/4310/1090 1677/4309/1090 1724/4312/1090
f 1720/4313/1089 1766/4314/1089 1642/4315/1089
f 1642/4315/1089 1641/4316/1089 1720/4313/1089
f 1726/4317/1089 1768/4318/1089 1647/4319/1089
f 1647/4319/1089 1646/4320/1089 1726/4317/1089
f 1682/4321/1090 1750/4322/1090 1681/4323/1090
f 1750/4322/1090 1682/4321/1090 1718/4324/1090
f 1687/4325/1090 1752/4326/1090 1686/4327/1090
f 1752/4326/1090 1687/4325/1090 1722/4328/1090
f 1697/4329/1091 1744/4330/1091 1696/4331/1091
f 1744/4330/1091 1697/4329/1091 1712/4332/1091
f 1772/4333/1091 1627/4334/1091 1714/4335/1091
f 1627/4334/1091 1626/4336/1091 1714/4335/1091
f 1770/4337/1091 1632/4338/1091 1708/4339/1091
f 1632/4338/1091 1631/4340/1091 1708/4339/1091
f 1692/4341/1091 1746/4342/1091 1691/4343/1091
f 1746/4342/1091 1692/4341/1091 1710/4344/1091
f 1758/4345/1092 1657/4346/1092 1736/4347/1092
f 1657/4346/1092 1656/4348/1092 1736/4347/1092
f 1662/4349/1092 1661/4350/1092 1756/4351/1092
f 1756/4351/1092 1661/4350/1092 1738/4352/1092
f 1762/4353/1093 1622/4354/1093 1728/4355/1093
f 1622/4354/1093 1621/4356/1093 1728/4355/1093
f 1672/4357/1094 1742/4358/1094 1671/4359/1094
f 1742/4358/1094 1672/4357/1094 1730/4360/1094
f 1666/4361/1095 1667/4362/1095 1754/4363/1095
f 1754/4363/1095 1667/4362/1095 1732/4364/1095
f 1760/4365/1095 1651/4366/1095 1734/4367/1095
f 1651/4366/1095 1652/4368/1095 1734/4367/1095
f 1774/4369/1096 1617/4370/1096 1704/4371/1096
f 1617/4370/1096 1616/4372/1096 1704/4371/1096
f 1701/4373/1097 1702/4374/1097 1740/4375/1097
f 1740/4375/1097 1702/4374/1097 1706/4376/1097
f 1663/4219/1098 1665/4377/1099 1753/4378/1099
f 1665/4377/1099 1754/4379/1100 1753/4378/1099
f 1754/4379/1100 1665/4377/1099 1666/4380/1100
f 1648/4215/1098 1650/4381/1099 1759/4382/1099
f 1651/4383/1100 1759/4382/1099 1650/4381/1099
f 1759/4382/1099 1651/4383/1100 1760/4384/1100
f 1653/4230/1101 1655/4385/1098 1757/4386/1098
f 1657/4387/1102 1757/4386/1098 1655/4385/1098
f 1757/4386/1098 1657/4387/1102 1758/4388/1102
f 1658/4224/1101 1660/4389/1098 1755/4390/1098
f 1660/4389/1098 1756/4391/1102 1755/4390/1098
f 1756/4391/1102 1660/4389/1098 1662/4392/1102
f 1618/4210/1103 1620/4393/1104 1761/4394/1104
f 1622/4395/1105 1761/4394/1104 1620/4393/1104
f 1761/4394/1104 1622/4395/1105 1762/4396/1105
f 1668/4204/1106 1670/4397/1107 1741/4398/1107
f 1670/4397/1107 1742/4399/1108 1741/4398/1107
f 1742/4399/1108 1670/4397/1107 1671/4400/1108
f 1673/4199/1109 1675/4401/1110 1747/4402/1110
f 1675/4401/1110 1748/4403/1111 1747/4402/1110
f 1748/4403/1111 1675/4401/1110 1676/4404/1111
f 1643/4195/1112 1645/4405/1113 1767/4406/1113
f 1647/4407/1114 1767/4406/1113 1645/4405/1113
f 1767/4406/1113 1647/4407/1114 1768/4408/1114
f 1638/4190/1112 1640/4409/1115 1765/4410/1115
f 1642/4411/1114 1765/4410/1115 1640/4409/1115
f 1765/4410/1115 1642/4411/1114 1766/4412/1114
f 1683/4184/1109 1685/4413/1116 1751/4414/1116
f 1685/4413/1116 1752/4415/1111 1751/4414/1116
f 1752/4415/1111 1685/4413/1116 1686/4416/1111
f 1633/4180/1112 1635/4417/1113 1763/4418/1113
f 1637/4419/1114 1763/4418/1113 1635/4417/1113
f 1763/4418/1113 1637/4419/1114 1764/4420/1114
f 1678/4174/1109 1680/4421/1110 1749/4422/1110
f 1680/4421/1110 1750/4423/1111 1749/4422/1110
f 1750/4423/1111 1680/4421/1110 1681/4424/1111
f 1693/4169/1117 1695/4425/1118 1743/4426/1118
f 1695/4425/1118 1744/4427/1119 1743/4426/1118
f 1744/4427/1119 1695/4425/1118 1696/4428/1119
f 1623/4165/1120 1625/4429/1121 1771/4430/1121
f 1627/4431/1122 1771/4430/1121 1625/4429/1121
f 1771/4430/1121 1627/4431/1122 1772/4432/1122
f 1628/4160/1120 1630/4433/1123 1769/4434/1123
f 1632/4435/1124 1769/4434/1123 1630/4433/1123
f 1769/4434/1123 1632/4435/1124 1770/4436/1124
f 1688/4154/1117 1690/4437/1125 1745/4438/1125
f 1690/4437/1125 1746/4439/1126 1745/4438/1125
f 1746/4439/1126 1690/4437/1125 1691/4440/1126
f 1613/4150/1127 1615/4441/1128 1773/4442/1128
f 1615/4441/1128 1774/4443/1129 1773/4442/1128
f 1615/4441/1128 1617/4444/1129 1774/4443/1129
f 1698/4144/1130 1700/4445/1131 1739/4446/1131
f 1700/4445/1131 1701/4447/1132 1739/4446/1131
f 1739/4446/1131 1701/4447/1132 1740/4448/1132
f 1775/4449/76 1776/4450/76 1777/4451/76
f 1776/4450/76 1775/4449/76 1778/4452/76
f 1777/4451/76 1779/4453/76 1775/4449/76
f 1778/4452/76 1780/4454/76 1776/4450/76
f 1779/4453/76 1777/4451/76 1781/4455/76
f 1780/4454/76 1779/4453/76 1781/4455/76
f 1780/4454/76 1778/4452/76 1782/4456/76
f 1782/4456/76 1779/4453/76 1780/4454/76
f 1783/4453/76 1784/4452/76 1785/4456/76
f 1784/4452/76 1783/4453/76 1786/4449/76
f 1787/4457/896 1788/4458/896 1784/4459/896
f 1784/4459/896 1788/4458/896 1785/4460/896
f 1782/4461/896 1778/4462/896 1789/4463/896
f 1789/4463/896 1790/4464/896 1782/4461/896
f 1791/4465/1133 1792/4466/1133 1793/4467/1133
f 1793/4467/1133 1794/4468/1133 1791/4465/1133
f 1795/4469/1134 1777/4470/1134 1796/4471/1134
f 1781/4472/1134 1777/4470/1134 1795/4469/1134
f 1783/4473/897 1785/4474/897 1797/4475/897
f 1797/4475/897 1785/4474/897 1788/4476/897
f 1779/4477/897 1790/4478/897 1798/4479/897
f 1790/4478/897 1779/4477/897 1782/4480/897
f 1792/4481/1135 1799/4482/1135 1793/4483/1135
f 1799/4482/1135 1792/4481/1135 1800/4484/1135
f 1777/4485/1136 1776/4486/1136 1796/4487/1136
f 1796/4487/1136 1776/4486/1136 1801/4488/1136
f 1802/4489/81 1799/4490/81 1787/4491/81
f 1799/4490/81 1802/4489/81 1793/4492/81
f 1803/4493/81 1787/4491/81 1799/4490/81
f 1797/4494/81 1793/4492/81 1802/4489/81
f 1787/4491/81 1803/4493/81 1788/4495/81
f 1797/4494/81 1788/4495/81 1803/4493/81
f 1793/4492/81 1797/4494/81 1794/4496/81
f 1803/4493/81 1794/4496/81 1797/4494/81
f 1798/4494/81 1789/4491/81 1804/4489/81
f 1789/4491/81 1798/4494/81 1790/4495/81
f 1786/4473/900 1783/4474/900 1802/4475/900
f 1802/4475/900 1783/4474/900 1797/4476/900
f 1775/4477/900 1798/4478/900 1804/4479/900
f 1798/4478/900 1775/4477/900 1779/4480/900
f 1800/4481/1137 1803/4482/1137 1799/4483/1137
f 1803/4482/1137 1800/4481/1137 1805/4484/1137
f 1776/4485/1138 1780/4486/1138 1801/4487/1138
f 1801/4487/1138 1780/4486/1138 1806/4488/1138
f 1784/4460/1139 1786/4459/1139 1787/4458/1139
f 1787/4458/1139 1786/4459/1139 1802/4457/1139
f 1778/4461/1139 1804/4463/1139 1789/4464/1139
f 1804/4463/1139 1778/4461/1139 1775/4462/1139
f 1805/4465/1140 1794/4467/1140 1803/4468/1140
f 1794/4467/1140 1805/4465/1140 1791/4466/1140
f 1780/4472/1141 1781/4470/1141 1806/4469/1141
f 1806/4469/1141 1781/4470/1141 1795/4471/1141
usemtl c_9d72af_neon
f 1807/4497/1142 1808/4498/1142 1809/4499/1142
f 1809/4499/1142 1808/4498/1142 1810/4500/1142
f 1811/4501/1143 1812/4502/1143 1813/4503/1143
f 1812/4502/1143 1811/4501/1143 1814/4504/1143
f 1815/4505/862 1811/4506/862 1813/4507/862
f 1811/4506/862 1815/4505/862 1816/4508/862
f 1807/4509/865 1817/4510/865 1808/4511/865
f 1817/4510/865 1807/4509/865 1818/4512/865
f 1814/4513/1144 1816/4514/1144 1819/4515/1144
f 1816/4514/1144 1814/4513/1144 1811/4516/1144
f 1820/4517/1145 1808/4518/1145 1817/4519/1145
f 1808/4518/1145 1820/4517/1145 1810/4520/1145
f 1816/4521/1146 1815/4522/1146 1821/4523/1146
f 1821/4523/1146 1819/4524/1146 1816/4521/1146
f 1822/4525/1147 1817/4526/1147 1818/4527/1147
f 1817/4526/1147 1822/4525/1147 1820/4528/1147
f 1812/4529/1148 1819/4530/1148 1821/4531/1148
f 1819/4530/1148 1812/4529/1148 1814/4532/1148
f 1822/4533/1149 1810/4534/1149 1820/4535/1149
f 1810/4534/1149 1822/4533/1149 1809/4536/1149
f 1813/4537/1150 1812/4538/1150 1815/4539/1150
f 1815/4539/1150 1812/4538/1150 1821/4540/1150
f 1807/4541/1151 1822/4542/1151 1818/4543/1151
f 1822/4542/1151 1807/4541/1151 1809/4544/1151
usemtl c_000000
f 1823/4545/1142 1824/4546/1142 1825/4547/1142
f 1825/4547/1142 1824/4546/1142 1826/4548/1142
f 1827/4549/1143 1828/4550/1143 1829/4551/1143
f 1828/4550/1143 1827/4549/1143 1830/4552/1143
f 1823/4553/865 1831/4554/865 1824/4555/865
f 1831/4554/865 1823/4553/865 1832/4556/865
f 1833/4557/862 1827/4558/862 1829/4559/862
f 1827/4558/862 1833/4557/862 1834/4560/862
f 1835/4561/1145 1824/4562/1145 1831/4563/1145
f 1824/4562/1145 1835/4561/1145 1826/4564/1145
f 1830/4565/1144 1834/4566/1144 1836/4567/1144
f 1834/4566/1144 1830/4565/1144 1827/4568/1144
f 1834/4569/1146 1833/4570/1146 1837/4571/1146
f 1837/4571/1146 1836/4572/1146 1834/4569/1146
f 1838/4573/1147 1831/4574/1147 1832/4575/1147
f 1831/4574/1147 1838/4573/1147 1835/4576/1147
f 1838/4577/1149 1826/4578/1149 1835/4579/1149
f 1826/4578/1149 1838/4577/1149 1825/4580/1149
f 1828/4581/1148 1836/4582/1148 1837/4583/1148
f 1836/4582/1148 1828/4581/1148 1830/4584/1148
f 1823/4585/1151 1838/4586/1151 1832/4587/1151
f 1838/4586/1151 1823/4585/1151 1825/4588/1151
f 1829/4589/1150 1828/4590/1150 1833/4591/1150
f 1833/4591/1150 1828/4590/1150 1837/4592/1150
o Meshes/set_10_trex_027
usemtl c_5f456a
f 1839/4593/1152 1840/4594/1152 1841/4595/1152
f 1840/4594/1152 1839/4593/1152 1842/4596/1152
f 1843/4597/1152 1840/4594/1152 1842/4596/1152
f 1840/4594/1152 1843/4597/1152 1844/4598/1152
f 1845/4599/1152 1843/4597/1152 1846/4600/1152
f 1839/4593/1152 1845/4599/1152 1846/4600/1152
f 1845/4599/1152 1839/4593/1152 1841/4595/1152
f 1845/4599/1152 1844/4598/1152 1843/4597/1152
f 1846/4600/1153 1843/4597/1153 1847/4601/1153
f 1846/4600/1153 1847/4601/1153 1848/4602/1153
f 1849/4603/1154 1842/4596/1154 1839/4593/1154
f 1842/4596/1154 1849/4603/1154 1850/4604/1154
f 1842/4596/1155 1847/4601/1155 1843/4597/1155
f 1847/4601/1155 1842/4596/1155 1850/4604/1155
f 1846/4600/1156 1849/4603/1156 1839/4593/1156
f 1849/4603/1156 1846/4600/1156 1848/4602/1156
f 1845/4605/1157 1851/4606/1157 1852/4607/1157
f 1845/4605/1157 1852/4607/1157 1853/4608/1157
f 1844/4609/1157 1845/4605/1157 1853/4608/1157
f 1844/4609/1157 1853/4608/1157 1854/4610/1157
f 1855/4611/1157 1844/4609/1157 1854/4610/1157
f 1855/4611/1157 1854/4610/1157 1856/4612/1157
f 1855/4611/1157 1852/4607/1157 1851/4606/1157
f 1852/4607/1157 1855/4611/1157 1856/4612/1157
f 1856/4612/1158 1857/4613/1158 1852/4607/1158
f 1857/4613/1158 1856/4612/1158 1858/4614/1158
f 1854/4610/1159 1853/4608/1159 1859/4615/1159
f 1854/4610/1159 1859/4615/1159 1860/4616/1159
f 1852/4607/1160 1859/4615/1160 1853/4608/1160
f 1859/4615/1160 1852/4607/1160 1857/4613/1160
f 1861/4617/1161 1840/4618/1161 1844/4619/1161
f 1861/4617/1161 1844/4619/1161 1855/4620/1161
f 1861/4621/1162 1862/4622/1162 1863/4623/1162
f 1862/4622/1162 1861/4621/1162 1864/4624/1162
f 1862/4622/1162 1851/4625/1162 1863/4623/1162
f 1851/4625/1162 1862/4622/1162 1865/4626/1162
f 1861/4621/1162 1855/4627/1162 1866/4628/1162
f 1861/4621/1162 1866/4628/1162 1864/4624/1162
f 1851/4625/1162 1866/4628/1162 1855/4627/1162
f 1866/4628/1162 1851/4625/1162 1865/4626/1162
f 1865/4626/1163 1867/4629/1163 1866/4628/1163
f 1867/4629/1163 1865/4626/1163 1868/4630/1163
f 1869/4631/1164 1864/4624/1164 1870/4632/1164
f 1864/4624/1164 1869/4631/1164 1862/4622/1164
f 1864/4624/1165 1866/4628/1165 1867/4629/1165
f 1864/4624/1165 1867/4629/1165 1870/4632/1165
f 1869/4631/1166 1865/4626/1166 1862/4622/1166
f 1865/4626/1166 1869/4631/1166 1868/4630/1166
f 1851/4633/1167 1845/4634/1167 1841/4635/1167
f 1851/4633/1167 1841/4635/1167 1863/4636/1167
f 1854/4637/1168 1858/4638/1168 1856/4639/1168
f 1858/4638/1168 1854/4637/1168 1860/4640/1168
usemtl c_43314b
f 1841/4641/1152 1871/4642/1152 1872/4643/1152
f 1871/4642/1152 1841/4641/1152 1840/4644/1152
f 1873/4645/1161 1871/4646/1161 1840/4647/1161
f 1873/4645/1161 1840/4647/1161 1861/4648/1161
f 1863/4649/1162 1873/4650/1162 1861/4651/1162
f 1873/4650/1162 1863/4649/1162 1874/4652/1162
f 1874/4653/1169 1872/4654/1169 1871/4655/1169
f 1874/4653/1169 1871/4655/1169 1873/4656/1169
f 1863/4657/1167 1841/4658/1167 1872/4659/1167
f 1863/4657/1167 1872/4659/1167 1874/4660/1167
usemtl c_b479aa_neon
f 1848/4661/1152 1850/4662/1152 1849/4663/1152
f 1850/4662/1152 1848/4661/1152 1847/4664/1152
f 1857/4665/1157 1860/4666/1157 1859/4667/1157
f 1860/4666/1157 1857/4665/1157 1858/4668/1157
f 1870/4669/1162 1868/4670/1162 1869/4671/1162
f 1868/4670/1162 1870/4669/1162 1867/4672/1162
o RightArm
usemtl c_5f456a
f 1875/4673/76 1876/4674/76 1877/4675/76
f 1876/4674/76 1875/4673/76 1878/4676/76
f 1879/4677/76 1875/4673/76 1877/4675/76
f 1875/4673/76 1879/4677/76 1880/4678/76
f 1876/4679/1170 1878/4680/1170 1881/4681/1170
f 1881/4681/1170 1882/4682/1170 1876/4679/1170
f 1877/4683/1171 1882/4684/1171 1883/4685/1171
f 1882/4684/1171 1877/4683/1171 1876/4686/1171
f 1879/4687/1172 1883/4685/1172 1884/4688/1172
f 1883/4685/1172 1879/4687/1172 1877/4683/1172
f 1884/4689/1173 1885/4690/81 1886/4691/1173
f 1885/4690/81 1884/4689/1173 1883/4692/1173
f 1885/4690/81 1882/4693/81 1881/4694/81
f 1882/4693/81 1885/4690/81 1883/4692/1173
f 1880/4695/1174 1884/4696/1174 1886/4697/1174
f 1884/4696/1174 1880/4695/1174 1879/4698/1174
f 1878/4699/1175 1885/4700/1175 1881/4701/1175
f 1885/4700/1175 1878/4699/1175 1875/4702/1175
f 1885/4700/958 1880/4703/958 1886/4704/958
f 1880/4703/958 1885/4700/958 1875/4702/958
usemtl c_3f2e46
f 1887/4705/76 1888/4706/76 1889/4707/76
f 1887/4705/76 1890/4708/76 1888/4706/76
f 1890/4708/76 1887/4705/76 1891/4709/76
f 1888/4706/76 1892/4710/76 1893/4711/76
f 1888/4706/76 1894/4712/76 1889/4707/76
f 1888/4706/76 1895/4713/76 1894/4712/76
f 1895/4713/76 1888/4706/76 1893/4711/76
f 1892/4710/76 1888/4706/76 1890/4708/76
f 1896/4714/1176 1889/4715/1176 1894/4716/1176
f 1889/4715/1176 1896/4714/1176 1897/4717/1176
f 1898/4718/1177 1899/4719/1177 1891/4720/1177
f 1891/4720/1177 1887/4721/1177 1898/4718/1177
f 1898/4718/1178 1887/4721/1178 1897/4722/1178
f 1887/4721/1178 1889/4723/1178 1897/4722/1178
f 1900/4724/81 1898/4725/1179 1897/4726/1179
f 1901/4727/81 1898/4725/1179 1900/4724/81
f 1900/4724/81 1897/4726/1179 1896/4728/81
f 1902/4729/1173 1900/4724/81 1896/4728/81
f 1900/4724/81 1902/4729/1173 1903/4730/81
f 1904/4731/81 1900/4724/81 1903/4730/81
f 1900/4724/81 1904/4731/81 1901/4727/81
f 1898/4725/1179 1901/4727/81 1899/4732/81
f 1901/4733/1180 1890/4734/1180 1899/4735/1180
f 1890/4734/1180 1891/4736/1180 1899/4735/1180
f 1890/4734/1181 1901/4733/1181 1892/4737/1181
f 1904/4738/1181 1892/4737/1181 1901/4733/1181
f 1896/4739/1182 1895/4740/1182 1902/4741/1182
f 1895/4740/1182 1896/4739/1182 1894/4742/1182
f 1902/4741/1183 1893/4743/1183 1903/4744/1183
f 1893/4743/1183 1902/4741/1183 1895/4740/1183
f 1903/4744/1184 1893/4743/1184 1904/4745/1184
f 1893/4743/1184 1892/4746/1184 1904/4745/1184
usemtl c_b479aa_neon
f 1905/4747/76 1906/4748/76 1907/4749/76
f 1906/4748/76 1905/4747/76 1908/4750/76
f 1907/4749/76 1909/4751/76 1905/4747/76
f 1908/4750/76 1910/4752/76 1906/4748/76
f 1909/4751/76 1907/4749/76 1911/4753/76
f 1910/4752/76 1908/4750/76 1912/4754/76
f 1911/4753/76 1912/4754/76 1909/4751/76
f 1912/4754/76 1911/4753/76 1910/4752/76
f 1912/4755/896 1908/4756/896 1913/4757/896
f 1913/4757/896 1914/4758/896 1912/4755/896
f 1915/4759/1134 1907/4760/1134 1916/4761/1134
f 1911/4762/1134 1907/4760/1134 1915/4759/1134
f 1909/4763/897 1914/4764/897 1917/4765/897
f 1914/4764/897 1909/4763/897 1912/4766/897
f 1907/4767/1136 1906/4768/1136 1916/4769/1136
f 1916/4769/1136 1906/4768/1136 1918/4770/1136
f 1917/4771/81 1913/4772/81 1919/4773/81
f 1913/4772/81 1917/4771/81 1914/4774/81
f 1905/4763/900 1917/4764/900 1919/4765/900
f 1917/4764/900 1905/4763/900 1909/4766/900
f 1906/4767/1138 1910/4768/1138 1918/4769/1138
f 1918/4769/1138 1910/4768/1138 1920/4770/1138
f 1908/4755/1139 1919/4757/1139 1913/4758/1139
f 1919/4757/1139 1908/4755/1139 1905/4756/1139
f 1910/4762/1141 1911/4760/1141 1920/4759/1141
f 1920/4759/1141 1911/4760/1141 1915/4775/1141
o LeftLeg
usemtl c_b479aa_neon
f 1921/4776/76 1922/4777/76 1923/4778/76
f 1922/4777/76 1921/4776/76 1924/4779/76
f 1921/4780/797 1923/4781/797 1925/4782/797
f 1925/4782/797 1923/4781/797 1926/4783/797
f 1927/4784/1185 1928/4785/1185 1929/4786/1185
f 1930/4787/1186 1928/4785/1186 1931/4783/1186
f 1931/4783/1186 1932/4788/1186 1930/4787/1186
f 1929/4789/1187 1933/4790/1187 1927/4791/1187
f 1928/4792/1185 1927/4791/1185 1931/4793/1185
f 1934/4776/81 1935/4779/81 1931/4794/81
f 1934/4776/81 1931/4794/81 1927/4795/81
f 1935/4779/81 1932/4796/81 1931/4794/81
f 1926/4778/81 1934/4776/81 1927/4795/81
f 1932/4796/81 1935/4779/81 1925/4777/81
f 1926/4778/81 1932/4796/81 1925/4777/81
f 1932/4796/81 1926/4778/81 1933/4797/81
f 1926/4778/81 1927/4795/81 1933/4797/81
f 1924/4783/798 1921/4782/798 1935/4781/798
f 1935/4781/798 1921/4782/798 1925/4780/798
f 1933/4781/1187 1929/4792/1187 1936/4798/1187
f 1936/4798/1188 1932/4790/1188 1933/4781/1188
f 1932/4790/1188 1936/4798/1188 1930/4799/1188
f 1922/4791/802 1924/4800/802 1934/4801/802
f 1934/4801/802 1924/4800/802 1935/4802/802
f 1923/4780/801 1922/4791/801 1926/4782/801
f 1926/4782/801 1922/4791/801 1934/4801/801
usemtl c_43314b
f 1937/4803/1189 1938/4804/1189 1939/4805/1189
f 1939/4805/1189 1938/4804/1189 1940/4806/1189
f 1941/4807/1189 1937/4803/1189 1939/4805/1189
f 1942/4808/1189 1939/4805/1189 1940/4806/1189
f 1939/4805/1189 1943/4809/1189 1941/4807/1189
f 1939/4805/1189 1942/4808/1189 1944/4810/1189
f 1943/4809/1189 1939/4805/1189 1944/4810/1189
f 1937/4803/1189 1941/4807/1189 1945/4811/1189
f 1946/4812/1190 1942/4813/1190 1940/4814/1190
f 1942/4813/1190 1946/4812/1190 1947/4815/1190
f 1948/4816/1191 1946/4812/1191 1938/4817/1191
f 1938/4817/1191 1946/4812/1191 1940/4814/1191
f 1949/4818/1192 1941/4819/1192 1943/4820/1192
f 1949/4818/1192 1943/4820/1192 1950/4821/1192
f 1951/4822/1193 1944/4823/1193 1942/4824/1193
f 1951/4822/1193 1942/4824/1193 1947/4825/1193
f 1950/4821/1194 1943/4820/1194 1944/4823/1194
f 1950/4821/1194 1944/4823/1194 1951/4822/1194
f 1952/4826/1173 1953/4827/1173 1948/4828/1173
f 1949/4829/1173 1952/4826/1173 1954/4830/1173
f 1953/4827/1173 1950/4831/1173 1951/4832/1173
f 1947/4833/1173 1953/4827/1173 1951/4832/1173
f 1948/4828/1173 1953/4827/1173 1946/4834/1173
f 1953/4827/1173 1947/4833/1173 1946/4834/1173
f 1950/4831/1173 1953/4827/1173 1949/4829/1173
f 1952/4826/1173 1949/4829/1173 1953/4827/1173
f 1945/4835/1195 1949/4836/1195 1954/4837/1195
f 1949/4836/1195 1945/4835/1195 1941/4838/1195
f 1937/4839/1196 1954/4840/1196 1952/4841/1196
f 1954/4840/1196 1937/4839/1196 1945/4842/1196
f 1938/4843/1197 1952/4841/1197 1948/4844/1197
f 1952/4841/1197 1938/4843/1197 1937/4839/1197
usemtl c_5f456a
f 1929/4845/81 1930/4846/81 1936/4847/81
f 1930/4846/81 1929/4845/81 1928/4848/81
o Tail
usemtl c_5f456a
f 1955/4849/1198 1956/4850/1198 1957/4851/1198
f 1958/4852/1198 1955/4849/1198 1959/4853/1198
f 1958/4852/1198 1959/4853/1198 1960/4854/1198
f 1961/4855/1198 1958/4852/1198 1960/4854/1198
f 1961/4855/1198 1956/4850/1198 1962/4856/1198
f 1956/4850/1198 1961/4855/1198 1957/4851/1198
f 1955/4849/1198 1957/4851/1198 1959/4853/1198
f 1958/4852/1198 1961/4855/1198 1962/4856/1198
f 1963/4857/1199 1960/4854/1199 1964/4858/1199
f 1960/4854/1199 1963/4857/1199 1961/4855/1199
f 1957/4851/1200 1965/4859/1200 1959/4853/1200
f 1965/4859/1200 1957/4851/1200 1966/4860/1200
f 1960/4854/1201 1959/4853/1201 1965/4859/1201
f 1960/4854/1201 1965/4859/1201 1964/4858/1201
f 1967/4861/77 1962/4862/77 1968/4863/77
f 1969/4864/77 1967/4861/77 1968/4863/77
f 1962/4862/77 1967/4861/77 1970/4865/77
f 1958/4866/77 1962/4862/77 1970/4865/77
f 1958/4866/77 1970/4865/77 1971/4867/77
f 1969/4864/77 1958/4866/77 1971/4867/77
f 1969/4864/77 1971/4867/77 1972/4868/77
f 1967/4861/77 1969/4864/77 1972/4868/77
f 1973/4869/1202 1974/4870/1202 1967/4861/1202
f 1967/4861/1202 1972/4868/1202 1973/4869/1202
f 1970/4865/1203 1975/4871/1203 1971/4867/1203
f 1975/4871/1203 1970/4865/1203 1976/4872/1203
f 1972/4868/1204 1971/4867/1204 1975/4871/1204
f 1972/4868/1204 1975/4871/1204 1973/4869/1204
f 1977/4873/1205 1955/4874/1205 1958/4875/1205
f 1977/4873/1205 1958/4875/1205 1969/4876/1205
f 1957/4877/1206 1961/4878/1206 1963/4879/1206
f 1957/4877/1206 1963/4879/1206 1966/4880/1206
f 1978/4881/1207 1979/4882/1207 1980/4883/1207
f 1979/4882/1207 1978/4881/1207 1981/4884/1207
f 1970/4885/1208 1967/4886/1208 1974/4887/1208
f 1970/4885/1208 1974/4887/1208 1976/4888/1208
f 1977/4889/1209 1978/4890/1209 1982/4891/1209
f 1980/4892/1209 1982/4891/1209 1978/4890/1209
f 1982/4891/1209 1980/4892/1209 1968/4893/1209
f 1980/4892/1209 1969/4894/1209 1968/4893/1209
f 1969/4894/1209 1980/4892/1209 1983/4895/1209
f 1984/4896/1209 1969/4894/1209 1983/4895/1209
f 1969/4894/1209 1984/4896/1209 1977/4889/1209
f 1978/4890/1209 1977/4889/1209 1984/4896/1209
f 1979/4897/1210 1983/4895/1210 1980/4892/1210
f 1983/4895/1210 1979/4897/1210 1985/4898/1210
f 1978/4890/1211 1984/4896/1211 1986/4899/1211
f 1978/4890/1211 1986/4899/1211 1981/4900/1211
f 1983/4895/1212 1986/4899/1212 1984/4896/1212
f 1986/4899/1212 1983/4895/1212 1985/4898/1212
f 1968/4901/1213 1962/4902/1213 1956/4903/1213
f 1968/4901/1213 1956/4903/1213 1982/4904/1213
usemtl c_b479aa_neon
f 1987/4905/1214 1979/4906/1214 1981/4907/1214
f 1981/4907/1214 1988/4908/1214 1987/4905/1214
f 1974/4909/77 1973/4910/77 1976/4911/77
f 1976/4911/77 1973/4910/77 1975/4912/77
f 1966/4913/1215 1964/4914/1215 1965/4915/1215
f 1964/4914/1215 1966/4913/1215 1963/4916/1215
usemtl c_43314b
f 1956/4917/1198 1989/4918/1198 1990/4919/1198
f 1989/4918/1198 1956/4917/1198 1955/4920/1198
f 1991/4921/1205 1989/4922/1205 1955/4923/1205
f 1991/4921/1205 1955/4923/1205 1977/4924/1205
f 1982/4925/1209 1991/4926/1209 1977/4927/1209
f 1991/4926/1209 1982/4925/1209 1992/4928/1209
f 1992/4929/891 1990/4930/891 1989/4931/891
f 1992/4929/891 1989/4931/891 1991/4932/891
f 1982/4933/1213 1956/4934/1213 1990/4935/1213
f 1982/4933/1213 1990/4935/1213 1992/4936/1213
o RightLeg
usemtl c_b479aa_neon
f 1993/4937/76 1994/4938/76 1995/4939/76
f 1995/4939/76 1994/4938/76 1996/4940/76
f 1997/4941/76 1993/4937/76 1995/4939/76
f 1994/4938/76 1998/4942/76 1996/4940/76
f 1999/4943/76 1993/4937/76 1997/4941/76
f 1997/4941/76 1998/4942/76 1999/4943/76
f 1998/4942/76 1997/4941/76 2000/4944/76
f 1996/4940/76 1998/4942/76 2000/4944/76
f 1999/4945/797 2001/4946/797 2002/4947/797
f 2001/4946/797 1999/4945/797 1998/4948/797
f 2003/4949/1216 1996/4950/1216 2004/4951/1216
f 2005/4952/1217 1995/4948/1217 2003/4949/1217
f 1997/4953/1217 1995/4948/1217 2005/4952/1217
f 1996/4946/1218 2000/4954/1218 2004/4955/1218
f 1995/4956/1216 1996/4946/1216 2003/4957/1216
f 2002/4938/81 2006/4943/81 2007/4937/81
f 2006/4943/81 2002/4938/81 2001/4942/81
f 1993/4946/798 2002/4945/798 2007/4948/798
f 2002/4945/798 1993/4946/798 1999/4947/798
f 2004/4957/1218 2000/4946/1218 2008/4955/1218
f 2000/4946/1219 1997/4954/1219 2008/4955/1219
f 2008/4955/1219 1997/4954/1219 2005/4958/1219
f 1994/4948/802 2007/4959/802 2006/4946/802
f 2007/4959/802 1994/4948/802 1993/4960/802
f 1998/4945/801 2006/4946/801 2001/4947/801
f 2006/4946/801 1998/4945/801 1994/4948/801
usemtl c_5f456a
f 2004/4961/76 2005/4962/76 2003/4963/76
f 2005/4962/76 2004/4961/76 2008/4964/76
usemtl c_43314b
f 2009/4965/809 2010/4966/809 2011/4967/809
f 2010/4966/809 2012/4968/809 2011/4967/809
f 2013/4969/809 2009/4965/809 2011/4967/809
f 2014/4970/809 2011/4967/809 2012/4968/809
f 2011/4967/809 2015/4971/809 2013/4969/809
f 2011/4967/809 2014/4970/809 2016/4972/809
f 2015/4971/809 2011/4967/809 2016/4972/809
f 2009/4965/809 2013/4969/809 2017/4973/809
f 2012/4974/1220 2018/4975/1220 2014/4976/1220
f 2018/4975/1220 2012/4974/1220 2019/4977/1220
f 2010/4978/1221 2020/4979/1221 2012/4974/1221
f 2020/4979/1221 2019/4977/1221 2012/4974/1221
f 2013/4980/1222 2021/4981/1222 2022/4982/1222
f 2021/4981/1222 2013/4980/1222 2015/4983/1222
f 2016/4984/1193 2018/4985/1193 2023/4986/1193
f 2018/4985/1193 2016/4984/1193 2014/4987/1193
f 2015/4983/1194 2023/4986/1194 2021/4981/1194
f 2023/4986/1194 2015/4983/1194 2016/4984/1194
f 2020/4988/1223 2024/4989/1223 2025/4990/1223
f 2025/4990/1223 2019/4991/1223 2020/4988/1223
f 2025/4990/1223 2018/4992/1223 2019/4991/1223
f 2018/4992/1223 2025/4990/1223 2023/4993/1223
f 2025/4990/1223 2021/4994/1223 2023/4993/1223
f 2024/4989/1223 2022/4995/1223 2025/4990/1223
f 2022/4995/1223 2024/4989/1223 2026/4996/1223
f 2021/4994/1223 2025/4990/1223 2022/4995/1223
f 2026/4997/1224 2013/4998/1224 2022/4999/1224
f 2013/4998/1224 2026/4997/1224 2017/5000/1224
f 2024/5001/1225 2017/5002/1225 2026/5003/1225
f 2017/5002/1225 2024/5001/1225 2009/5004/1225
f 2020/5005/1197 2009/5004/1197 2024/5001/1197
f 2009/5004/1197 2020/5005/1197 2010/5006/1197
o Meshes/set_10_trex_035 (1)
usemtl c_b479aa_neon
f 2027/5007/1209 2028/5008/1209 2029/5009/1209
f 2029/5009/1209 2030/5010/1209 2027/5007/1209
f 2031/5011/1198 2032/5012/1198 2033/5013/1198
f 2032/5012/1198 2031/5011/1198 2034/5014/1198
f 2035/5015/1226 2036/5016/1226 2037/5017/1226
f 2037/5017/1226 2036/5016/1226 2038/5018/1226
usemtl c_5f456a
f 2039/5019/1198 2040/5020/1198 2041/5021/1198
f 2039/5019/1198 2041/5021/1198 2042/5022/1198
f 2043/5023/1198 2041/5021/1198 2040/5020/1198
f 2041/5021/1198 2043/5023/1198 2044/5024/1198
f 2045/5025/1198 2044/5024/1198 2043/5023/1198
f 2044/5024/1198 2045/5025/1198 2046/5026/1198
f 2045/5025/1198 2042/5022/1198 2046/5026/1198
f 2045/5025/1198 2039/5019/1198 2042/5022/1198
f 2031/5027/1227 2033/5028/1227 2044/5024/1227
f 2044/5024/1227 2046/5026/1227 2031/5027/1227
f 2041/5021/1228 2034/5029/1228 2042/5022/1228
f 2034/5029/1228 2041/5021/1228 2032/5030/1228
f 2046/5026/1229 2042/5022/1229 2034/5029/1229
f 2046/5026/1229 2034/5029/1229 2031/5027/1229
f 2047/5031/1226 2043/5032/1226 2048/5033/1226
f 2045/5034/1226 2043/5032/1226 2049/5035/1226
f 2050/5036/1226 2045/5034/1226 2051/5037/1226
f 2043/5032/1226 2047/5031/1226 2049/5035/1226
f 2045/5034/1226 2049/5035/1226 2051/5037/1226
f 2050/5036/1226 2047/5031/1226 2048/5033/1226
f 2047/5031/1226 2050/5036/1226 2052/5038/1226
f 2050/5036/1226 2051/5037/1226 2052/5038/1226
f 2052/5038/1230 2035/5039/1230 2047/5031/1230
f 2035/5039/1230 2052/5038/1230 2036/5040/1230
f 2051/5037/1231 2049/5035/1231 2037/5041/1231
f 2051/5037/1231 2037/5041/1231 2038/5042/1231
f 2052/5038/1232 2051/5037/1232 2038/5042/1232
f 2052/5038/1232 2038/5042/1232 2036/5040/1232
f 2039/5043/1161 2050/5044/1161 2053/5045/1161
f 2050/5044/1161 2039/5043/1161 2045/5046/1161
f 2041/5047/1206 2044/5048/1206 2033/5049/1206
f 2041/5047/1206 2033/5049/1206 2032/5050/1206
f 2054/5051/1207 2028/5052/1207 2055/5053/1207
f 2028/5052/1207 2054/5051/1207 2029/5054/1207
f 2049/5055/736 2047/5056/736 2035/5057/736
f 2049/5055/736 2035/5057/736 2037/5058/736
f 2050/5059/1209 2048/5060/1209 2055/5061/1209
f 2053/5062/1209 2054/5063/1209 2056/5064/1209
f 2054/5063/1209 2053/5062/1209 2057/5065/1209
f 2048/5060/1209 2056/5064/1209 2054/5063/1209
f 2048/5060/1209 2054/5063/1209 2055/5061/1209
f 2050/5059/1209 2055/5061/1209 2058/5066/1209
f 2057/5065/1209 2050/5059/1209 2058/5066/1209
f 2050/5059/1209 2057/5065/1209 2053/5062/1209
f 2027/5067/1233 2055/5061/1233 2028/5068/1233
f 2055/5061/1233 2027/5067/1233 2058/5066/1233
f 2054/5063/1234 2057/5065/1234 2030/5069/1234
f 2054/5063/1234 2030/5069/1234 2029/5070/1234
f 2058/5066/1235 2030/5069/1235 2057/5065/1235
f 2030/5069/1235 2058/5066/1235 2027/5067/1235
f 2048/5071/1213 2043/5072/1213 2040/5073/1213
f 2048/5071/1213 2040/5073/1213 2056/5074/1213
usemtl c_43314b
f 2059/5075/1198 2040/5076/1198 2039/5077/1198
f 2040/5076/1198 2059/5075/1198 2060/5078/1198
f 2059/5079/1161 2053/5080/1161 2061/5081/1161
f 2053/5080/1161 2059/5079/1161 2039/5082/1161
f 2056/5083/1209 2061/5084/1209 2053/5085/1209
f 2061/5084/1209 2056/5083/1209 2062/5086/1209
f 2062/5087/875 2060/5088/875 2059/5089/875
f 2062/5087/875 2059/5089/875 2061/5090/875
f 2056/5091/1213 2040/5092/1213 2060/5093/1213
f 2056/5091/1213 2060/5093/1213 2062/5094/1213
o LeftAltLeg
usemtl c_5f456a
f 2063/5095/809 2064/5096/1236 2065/5097/1236
f 2065/5097/1236 2066/5098/76 2063/5095/809
f 2063/5095/809 2067/5099/809 2068/5100/1236
f 2063/5095/809 2068/5100/1236 2064/5096/1236
f 2067/5099/809 2063/5095/809 2069/5101/76
f 2063/5095/809 2070/5102/76 2069/5101/76
f 2070/5102/76 2063/5095/809 2066/5098/76
f 2066/5098/76 2065/5097/1236 2071/5103/76
f 2068/5104/1237 2072/5105/1237 2073/5106/1237
f 2068/5104/1237 2073/5106/1237 2064/5107/1237
f 2064/5107/1238 2073/5106/1238 2074/5108/1238
f 2064/5107/1238 2074/5108/1238 2065/5109/1238
f 2071/5110/1046 2074/5111/1046 2075/5112/1046
f 2074/5111/1046 2071/5110/1046 2065/5113/1046
f 2074/5114/81 2073/5115/81 2076/5116/81
f 2077/5117/81 2074/5114/81 2076/5116/81
f 2074/5114/81 2077/5117/81 2075/5118/81
f 2078/5119/81 2076/5116/81 2079/5120/81
f 2072/5121/81 2076/5116/81 2073/5115/81
f 2080/5122/81 2076/5116/81 2072/5121/81
f 2076/5116/81 2080/5122/81 2079/5120/81
f 2076/5116/81 2078/5119/81 2077/5117/81
f 2066/5123/1239 2071/5124/1239 2077/5125/1239
f 2077/5125/1239 2071/5124/1239 2075/5126/1239
f 2070/5127/1240 2066/5123/1240 2078/5128/1240
f 2078/5128/1240 2066/5123/1240 2077/5125/1240
f 2070/5127/802 2079/5129/802 2069/5130/802
f 2079/5129/802 2070/5127/802 2078/5128/802
f 2068/5131/1241 2080/5132/1241 2072/5133/1241
f 2080/5132/1241 2068/5131/1241 2067/5134/1241
f 2069/5135/1242 2080/5132/1242 2067/5134/1242
f 2080/5132/1242 2069/5135/1242 2079/5136/1242
o Meshes/set_10_trex_028
usemtl c_b479aa_neon
f 2081/5137/1162 2082/5138/1162 2083/5139/1162
f 2082/5138/1162 2081/5137/1162 2084/5140/1162
f 2085/5141/1152 2086/5142/1152 2087/5143/1152
f 2086/5142/1152 2085/5141/1152 2088/5144/1152
f 2089/5145/1243 2090/5146/1243 2091/5147/1243
f 2091/5147/1243 2090/5146/1243 2092/5148/1243
usemtl c_5f456a
f 2093/5149/1152 2094/5150/1152 2095/5151/1152
f 2094/5150/1152 2093/5149/1152 2096/5152/1152
f 2097/5153/1152 2094/5150/1152 2096/5152/1152
f 2094/5150/1152 2097/5153/1152 2098/5154/1152
f 2099/5155/1152 2093/5149/1152 2095/5151/1152
f 2093/5149/1152 2099/5155/1152 2100/5156/1152
f 2099/5155/1152 2098/5154/1152 2097/5153/1152
f 2099/5155/1152 2097/5153/1152 2100/5156/1152
f 2100/5156/1153 2097/5153/1153 2088/5157/1153
f 2100/5156/1153 2088/5157/1153 2085/5158/1153
f 2087/5159/1154 2096/5152/1154 2093/5149/1154
f 2096/5152/1154 2087/5159/1154 2086/5160/1154
f 2096/5152/1155 2088/5157/1155 2097/5153/1155
f 2088/5157/1155 2096/5152/1155 2086/5160/1155
f 2099/5161/1243 2101/5162/1243 2102/5163/1243
f 2099/5161/1243 2102/5163/1243 2103/5164/1243
f 2098/5165/1243 2099/5161/1243 2103/5164/1243
f 2098/5165/1243 2103/5164/1243 2104/5166/1243
f 2105/5167/1243 2098/5165/1243 2104/5166/1243
f 2102/5163/1243 2105/5167/1243 2106/5168/1243
f 2105/5167/1243 2104/5166/1243 2106/5168/1243
f 2105/5167/1243 2102/5163/1243 2101/5162/1243
f 2106/5168/1244 2089/5169/1244 2102/5163/1244
f 2089/5169/1244 2106/5168/1244 2090/5170/1244
f 2104/5166/1245 2103/5164/1245 2091/5171/1245
f 2104/5166/1245 2091/5171/1245 2092/5172/1245
f 2089/5169/1160 2103/5164/1160 2102/5163/1160
f 2103/5164/1160 2089/5169/1160 2091/5171/1160
f 2107/5173/1161 2094/5174/1161 2098/5175/1161
f 2107/5173/1161 2098/5175/1161 2105/5176/1161
f 2108/5177/1166 2109/5178/1166 2083/5179/1166
f 2108/5177/1166 2083/5179/1166 2082/5180/1166
f 2100/5181/1156 2087/5182/1156 2093/5183/1156
f 2087/5182/1156 2100/5181/1156 2085/5184/1156
f 2109/5185/1162 2107/5186/1162 2110/5187/1162
f 2101/5188/1162 2109/5185/1162 2108/5189/1162
f 2109/5185/1162 2101/5188/1162 2111/5190/1162
f 2107/5186/1162 2109/5185/1162 2111/5190/1162
f 2107/5186/1162 2105/5191/1162 2112/5192/1162
f 2107/5186/1162 2112/5192/1162 2110/5187/1162
f 2101/5188/1162 2112/5192/1162 2105/5191/1162
f 2112/5192/1162 2101/5188/1162 2108/5189/1162
f 2108/5189/1163 2084/5193/1163 2112/5192/1163
f 2084/5193/1163 2108/5189/1163 2082/5194/1163
f 2083/5195/1164 2110/5187/1164 2081/5196/1164
f 2110/5187/1164 2083/5195/1164 2109/5185/1164
f 2110/5187/1165 2112/5192/1165 2084/5193/1165
f 2110/5187/1165 2084/5193/1165 2081/5196/1165
f 2101/5197/1167 2099/5198/1167 2095/5199/1167
f 2101/5197/1167 2095/5199/1167 2111/5200/1167
f 2092/5201/1168 2106/5202/1168 2104/5203/1168
f 2106/5202/1168 2092/5201/1168 2090/5204/1168
usemtl c_43314b
f 2095/5205/1152 2113/5206/1152 2114/5207/1152
f 2113/5206/1152 2095/5205/1152 2094/5208/1152
f 2115/5209/1161 2113/5210/1161 2094/5211/1161
f 2115/5209/1161 2094/5211/1161 2107/5212/1161
f 2111/5213/1162 2115/5214/1162 2107/5215/1162
f 2115/5214/1162 2111/5213/1162 2116/5216/1162
f 2116/5217/1169 2114/5218/1169 2113/5219/1169
f 2116/5217/1169 2113/5219/1169 2115/5220/1169
f 2111/5221/1167 2095/5222/1167 2114/5223/1167
f 2111/5221/1167 2114/5223/1167 2116/5224/1167
o LeftArm
usemtl c_3f2e46
f 2117/5225/76 2118/5226/1236 2119/5227/1236
f 2119/5227/1236 2120/5228/76 2117/5225/76
f 2117/5225/76 2121/5229/76 2118/5226/1236
f 2117/5225/76 2122/5230/809 2121/5229/76
f 2122/5230/809 2117/5225/76 2123/5231/76
f 2117/5225/76 2124/5232/76 2123/5231/76
f 2124/5232/76 2117/5225/76 2120/5228/76
f 2120/5228/76 2119/5227/1236 2125/5233/76
f 2121/5234/1176 2126/5235/1176 2127/5236/1176
f 2121/5234/1176 2127/5236/1176 2118/5237/1176
f 2119/5238/1177 2128/5239/1177 2125/5240/1177
f 2128/5239/1177 2119/5238/1177 2129/5241/1177
f 2118/5242/1178 2129/5241/1178 2119/5238/1178
f 2129/5241/1178 2118/5242/1178 2127/5243/1178
f 2129/5244/81 2127/5245/81 2130/5246/81
f 2131/5247/81 2129/5244/81 2130/5246/81
f 2129/5244/81 2131/5247/81 2128/5248/81
f 2132/5249/81 2130/5246/81 2133/5250/81
f 2126/5251/81 2130/5246/81 2127/5245/81
f 2134/5252/81 2130/5246/81 2126/5251/81
f 2130/5246/81 2134/5252/81 2133/5250/81
f 2130/5246/81 2132/5249/81 2131/5247/81
f 2125/5253/1180 2131/5254/1180 2120/5255/1180
f 2131/5254/1180 2125/5253/1180 2128/5256/1180
f 2132/5257/1181 2124/5258/1181 2120/5255/1181
f 2132/5257/1181 2120/5255/1181 2131/5254/1181
f 2121/5259/1182 2134/5260/1182 2126/5261/1182
f 2134/5260/1182 2121/5259/1182 2122/5262/1182
f 2122/5262/1183 2133/5263/1183 2134/5260/1183
f 2133/5263/1183 2122/5262/1183 2123/5264/1183
f 2123/5264/1184 2124/5265/1184 2133/5263/1184
f 2133/5263/1184 2124/5265/1184 2132/5266/1184
usemtl c_5f456a
f 2135/5267/76 2136/5268/76 2137/5269/809
f 2136/5268/76 2135/5267/76 2138/5270/76
f 2137/5269/809 2139/5271/809 2135/5267/76
f 2135/5267/76 2139/5271/809 2140/5272/809
f 2141/5273/1170 2138/5274/1170 2142/5275/1170
f 2138/5274/1170 2141/5273/1170 2136/5276/1170
f 2137/5277/1171 2136/5278/1171 2143/5279/1171
f 2143/5279/1171 2136/5278/1171 2141/5280/1171
f 2139/5281/1172 2137/5277/1172 2144/5282/1172
f 2144/5282/1172 2137/5277/1172 2143/5279/1172
f 2145/5283/81 2141/5284/81 2142/5285/81
f 2141/5284/81 2145/5283/81 2143/5286/81
f 2144/5287/81 2145/5283/81 2146/5288/81
f 2145/5283/81 2144/5287/81 2143/5286/81
f 2146/5289/1174 2140/5290/1174 2139/5291/1174
f 2146/5289/1174 2139/5291/1174 2144/5292/1174
f 2138/5293/1175 2135/5294/1175 2142/5295/1175
f 2142/5295/1175 2135/5294/1175 2145/5296/1175
f 2135/5294/958 2146/5297/958 2145/5296/958
f 2146/5297/958 2135/5294/958 2140/5298/958
usemtl c_b479aa_neon
f 2147/5299/76 2148/5300/76 2149/5301/76
f 2148/5300/76 2147/5299/76 2150/5302/76
f 2151/5303/896 2152/5304/896 2148/5305/896
f 2148/5305/896 2152/5304/896 2149/5306/896
f 2153/5307/1133 2154/5308/1133 2155/5309/1133
f 2155/5309/1133 2156/5310/1133 2153/5307/1133
f 2147/5311/897 2149/5312/897 2157/5313/897
f 2157/5313/897 2149/5312/897 2152/5314/897
f 2154/5315/1135 2158/5316/1135 2155/5317/1135
f 2158/5316/1135 2154/5315/1135 2159/5318/1135
f 2160/5319/81 2158/5320/81 2151/5321/81
f 2161/5322/81 2151/5321/81 2158/5320/81
f 2158/5320/81 2160/5319/81 2155/5323/81
f 2151/5321/81 2161/5322/81 2152/5324/81
f 2157/5325/81 2155/5323/81 2160/5319/81
f 2156/5326/81 2152/5324/81 2161/5322/81
f 2155/5323/81 2157/5325/81 2156/5326/81
f 2152/5324/81 2156/5326/81 2157/5325/81
f 2150/5311/900 2147/5312/900 2160/5313/900
f 2160/5313/900 2147/5312/900 2157/5314/900
f 2159/5315/1137 2161/5316/1137 2158/5317/1137
f 2161/5316/1137 2159/5315/1137 2162/5318/1137
f 2148/5306/1139 2150/5305/1139 2151/5304/1139
f 2151/5304/1139 2150/5305/1139 2160/5303/1139
f 2162/5327/1140 2156/5309/1140 2161/5310/1140
f 2156/5309/1140 2162/5327/1140 2153/5308/1140
o RightAltLeg
usemtl c_5f456a
f 2163/5328/76 2164/5329/76 2165/5330/76
f 2164/5329/76 2166/5331/76 2165/5330/76
f 2166/5331/76 2164/5329/76 2167/5332/76
f 2168/5333/76 2169/5334/76 2165/5330/76
f 2165/5330/76 2170/5335/76 2163/5328/76
f 2165/5330/76 2171/5336/76 2170/5335/76
f 2171/5336/76 2165/5330/76 2169/5334/76
f 2165/5330/76 2166/5331/76 2168/5333/76
f 2172/5337/1237 2163/5338/1237 2170/5339/1237
f 2163/5338/1237 2172/5337/1237 2173/5340/1237
f 2173/5340/1238 2164/5341/1238 2163/5338/1238
f 2164/5341/1238 2173/5340/1238 2174/5342/1238
f 2175/5343/1046 2164/5344/1046 2174/5345/1046
f 2164/5344/1046 2175/5343/1046 2167/5346/1046
f 2174/5347/1179 2173/5348/1179 2176/5349/1173
f 2177/5350/81 2174/5347/1179 2176/5349/1173
f 2173/5348/1179 2172/5351/1179 2176/5349/1173
f 2178/5352/1173 2176/5349/1173 2172/5351/1179
f 2176/5349/1173 2178/5352/1173 2179/5353/81
f 2179/5353/81 2180/5354/81 2176/5349/1173
f 2177/5350/81 2176/5349/1173 2180/5354/81
f 2174/5347/1179 2177/5350/81 2175/5355/81
f 2177/5356/1239 2166/5357/1239 2175/5358/1239
f 2166/5357/1239 2167/5359/1239 2175/5358/1239
f 2180/5360/1240 2168/5361/1240 2177/5356/1240
f 2168/5361/1240 2166/5357/1240 2177/5356/1240
f 2179/5362/802 2169/5363/802 2180/5360/802
f 2169/5363/802 2168/5361/802 2180/5360/802
f 2172/5364/1241 2171/5365/1241 2178/5366/1241
f 2171/5365/1241 2172/5364/1241 2170/5367/1241
f 2178/5366/1242 2171/5365/1242 2179/5368/1242
f 2171/5365/1242 2169/5369/1242 2179/5368/1242
o Meshes/set_10_trex_030 (1)
usemtl c_5f456a
f 2181/5370/76 1190/5371/76 2182/5372/76
f 1190/5371/76 2181/5370/76 1188/5373/76
f 2183/5374/728 2181/5375/728 2182/5376/728
f 2181/5375/728 2183/5374/728 2184/5377/728
f 1193/5378/763 1188/5379/763 2181/5380/763
f 1193/5378/763 2181/5380/763 2184/5381/763
f 2184/5382/81 1195/5383/81 1193/5384/81
f 1195/5383/81 2184/5382/81 2183/5385/81
f 2183/5386/764 2182/5387/764 1190/5388/764
f 2183/5386/764 1190/5388/764 1195/5389/764
o Meshes/batch7_FINAL_polySurface659
usemtl c_5f456a
f 2185/5390/1246 2186/5391/1246 2187/5392/1246
f 2187/5393/1247 2188/5394/1247 2185/5395/1247
f 2189/5396/1248 2185/5397/1248 2188/5398/1248
f 2188/5399/1167 2187/5400/1167 2186/5401/1167
f 2188/5399/1167 2186/5401/1167 2189/5402/1167
usemtl c_43314b
f 2185/5403/1246 2190/5404/1246 2191/5405/1246
f 2192/5406/1248 2185/5407/1248 2193/5408/1248
f 2185/5409/1249 2192/5410/1249 2190/5411/1249
f 2193/5412/1167 2191/5413/1167 2190/5414/1167
f 2193/5412/1167 2190/5414/1167 2192/5415/1167
o Meshes/set_10_trex_036 (1)
usemtl c_b479aa_neon
f 2194/5416/1209 2195/5417/1209 2196/5418/1209
f 2195/5417/1209 2194/5416/1209 2197/5419/1209
f 2198/5420/1198 2199/5421/1198 2200/5422/1198
f 2199/5421/1198 2198/5420/1198 2201/5423/1198
f 2202/5424/1250 2203/5425/1250 2204/5426/1250
f 2204/5426/1250 2203/5425/1250 2205/5427/1250
usemtl c_5f456a
f 2206/5428/1198 2207/5429/1198 2208/5430/1198
f 2206/5428/1198 2208/5430/1198 2209/5431/1198
f 2210/5432/1198 2208/5430/1198 2207/5429/1198
f 2208/5430/1198 2210/5432/1198 2211/5433/1198
f 2210/5432/1198 2212/5434/1198 2211/5433/1198
f 2212/5434/1198 2206/5428/1198 2209/5431/1198
f 2206/5428/1198 2212/5434/1198 2213/5435/1198
f 2210/5432/1198 2213/5435/1198 2212/5434/1198
f 2211/5433/1251 2212/5434/1251 2201/5436/1251
f 2211/5433/1251 2201/5436/1251 2214/5437/1251
f 2215/5438/1252 2209/5431/1252 2208/5430/1252
f 2209/5431/1252 2215/5438/1252 2199/5439/1252
f 2209/5431/1253 2201/5436/1253 2212/5434/1253
f 2201/5436/1253 2209/5431/1253 2199/5439/1253
f 2210/5440/1250 2216/5441/1250 2217/5442/1250
f 2210/5440/1250 2217/5442/1250 2218/5443/1250
f 2213/5444/1250 2210/5440/1250 2218/5443/1250
f 2213/5444/1250 2218/5443/1250 2219/5445/1250
f 2220/5446/1250 2213/5444/1250 2219/5445/1250
f 2217/5442/1250 2220/5446/1250 2221/5447/1250
f 2220/5446/1250 2219/5445/1250 2221/5447/1250
f 2220/5446/1250 2217/5442/1250 2216/5441/1250
f 2221/5447/1254 2222/5448/1254 2217/5442/1254
f 2222/5448/1254 2221/5447/1254 2203/5449/1254
f 2219/5445/1255 2218/5443/1255 2223/5450/1255
f 2219/5445/1255 2223/5450/1255 2205/5451/1255
f 2218/5443/1256 2217/5442/1256 2222/5448/1256
f 2218/5443/1256 2222/5448/1256 2223/5450/1256
f 2224/5452/1161 2206/5453/1161 2213/5454/1161
f 2224/5452/1161 2213/5454/1161 2220/5455/1161
f 2211/5456/1257 2215/5457/1257 2208/5458/1257
f 2215/5457/1257 2211/5456/1257 2214/5459/1257
f 2225/5460/1258 2226/5461/1258 2197/5462/1258
f 2225/5460/1258 2197/5462/1258 2194/5463/1258
f 2224/5464/1209 2226/5465/1209 2227/5466/1209
f 2226/5465/1209 2224/5464/1209 2228/5467/1209
f 2226/5465/1209 2216/5468/1209 2227/5466/1209
f 2216/5468/1209 2226/5465/1209 2225/5469/1209
f 2229/5470/1209 2216/5468/1209 2225/5469/1209
f 2224/5464/1209 2220/5471/1209 2229/5470/1209
f 2224/5464/1209 2229/5470/1209 2228/5467/1209
f 2216/5468/1209 2229/5470/1209 2220/5471/1209
f 2225/5469/1259 2196/5472/1259 2229/5470/1259
f 2196/5472/1259 2225/5469/1259 2194/5473/1259
f 2197/5474/1260 2228/5467/1260 2195/5475/1260
f 2228/5467/1260 2197/5474/1260 2226/5465/1260
f 2228/5467/1261 2229/5470/1261 2196/5472/1261
f 2228/5467/1261 2196/5472/1261 2195/5475/1261
f 2216/5476/1167 2210/5477/1167 2207/5478/1167
f 2216/5476/1167 2207/5478/1167 2227/5479/1167
f 2221/5480/1262 2219/5481/1262 2205/5482/1262
f 2221/5480/1262 2205/5482/1262 2203/5483/1262
usemtl c_43314b
f 2207/5484/1198 2230/5485/1198 2231/5486/1198
f 2230/5485/1198 2207/5484/1198 2206/5487/1198
f 2232/5488/1161 2230/5489/1161 2206/5490/1161
f 2232/5488/1161 2206/5490/1161 2224/5491/1161
f 2227/5492/1209 2232/5493/1209 2224/5494/1209
f 2232/5493/1209 2227/5492/1209 2233/5495/1209
f 2233/5496/1263 2231/5497/1263 2230/5498/1263
f 2233/5496/1263 2230/5498/1263 2232/5499/1263
f 2227/5500/1167 2207/5501/1167 2231/5502/1167
f 2227/5500/1167 2231/5502/1167 2233/5503/1167
o LeftFoot
usemtl c_b479aa_neon
f 2234/5504/1264 2235/5505/1264 2236/5506/1264
f 2236/5506/1265 2237/5507/1265 2234/5504/1265
f 2237/5507/1265 2236/5506/1265 2238/5508/1265
f 2235/5505/1264 2234/5504/1264 2239/5509/1264
f 2235/5510/1266 2240/5511/1266 2236/5512/1266
f 2240/5511/1266 2235/5510/1266 2241/5513/1266
f 2240/5511/1267 2242/5514/1267 2236/5512/1267
f 2238/5515/1267 2236/5512/1267 2242/5514/1267
f 2237/5516/1268 2238/5517/1268 2243/5518/1268
f 2243/5518/1268 2238/5517/1268 2242/5519/1268
f 2241/5520/1269 2244/5521/1269 2245/5522/1269
f 2245/5522/1269 2240/5523/1269 2241/5520/1269
f 2243/5524/1270 2240/5523/1270 2245/5522/1270
f 2240/5523/1270 2243/5524/1270 2242/5525/1270
f 2234/5526/1271 2243/5527/1271 2245/5528/1271
f 2243/5527/1271 2234/5526/1271 2237/5529/1271
f 2239/5530/1272 2245/5528/1272 2244/5531/1272
f 2245/5528/1272 2239/5530/1272 2234/5526/1272
f 2244/5532/1273 2241/5533/1273 2235/5534/1273
f 2235/5534/1273 2239/5535/1273 2244/5532/1273
f 2246/5536/1274 2247/5537/1274 2248/5538/1274
f 2247/5537/1274 2246/5536/1274 2249/5539/1274
f 2249/5539/1275 2250/5540/1275 2247/5537/1275
f 2250/5540/1275 2249/5539/1275 2251/5541/1275
f 2246/5542/1276 2252/5543/1276 2253/5544/1276
f 2246/5542/1276 2253/5544/1276 2249/5545/1276
f 2253/5544/1277 2254/5546/1277 2249/5545/1277
f 2249/5545/1277 2254/5546/1277 2251/5547/1277
f 2250/5548/1278 2251/5549/1278 2255/5550/1278
f 2255/5550/1278 2251/5549/1278 2254/5551/1278
f 2256/5552/1279 2253/5553/1279 2252/5554/1279
f 2255/5555/1280 2253/5553/1280 2256/5552/1280
f 2253/5553/1280 2255/5555/1280 2254/5556/1280
f 2252/5554/1279 2257/5557/1279 2256/5552/1279
f 2256/5558/1281 2247/5559/1281 2250/5560/1281
f 2256/5558/1281 2250/5560/1281 2255/5561/1281
f 2248/5562/1282 2247/5559/1282 2257/5563/1282
f 2257/5563/1282 2247/5559/1282 2256/5558/1282
f 2257/5564/1283 2252/5565/1283 2246/5566/1283
f 2246/5566/1283 2248/5567/1283 2257/5564/1283
f 2258/5568/1284 2259/5569/1284 2260/5570/1284
f 2260/5570/1285 2261/5571/1285 2258/5568/1285
f 2261/5571/1285 2260/5570/1285 2262/5572/1285
f 2259/5569/1284 2258/5568/1284 2263/5573/1284
f 2264/5574/1286 2260/5575/1286 2259/5576/1286
f 2260/5575/1286 2264/5574/1286 2265/5577/1286
f 2265/5577/1287 2262/5578/1287 2260/5575/1287
f 2262/5578/1287 2265/5577/1287 2266/5579/1287
f 2261/5580/1288 2266/5581/1288 2267/5582/1288
f 2266/5581/1288 2261/5580/1288 2262/5583/1288
f 2264/5584/1289 2268/5585/1289 2269/5586/1289
f 2269/5586/1289 2265/5587/1289 2264/5584/1289
f 2267/5588/1290 2265/5587/1290 2269/5586/1290
f 2265/5587/1290 2267/5588/1290 2266/5589/1290
f 2269/5590/1291 2261/5591/1291 2267/5592/1291
f 2261/5591/1291 2269/5590/1291 2258/5593/1291
f 2268/5594/1292 2258/5593/1292 2269/5590/1292
f 2258/5593/1292 2268/5594/1292 2263/5595/1292
f 2263/5596/1293 2264/5597/1293 2259/5598/1293
f 2264/5597/1293 2263/5596/1293 2268/5599/1293
usemtl c_43314b
f 2270/5600/1294 2271/5601/1294 2272/5602/1294
f 2271/5601/1294 2270/5600/1294 2273/5603/1294
f 2271/5601/1295 2274/5604/1295 2275/5605/1295
f 2274/5604/1295 2271/5601/1295 2273/5603/1295
f 2273/5606/1296 2276/5607/1296 2277/5608/1296
f 2273/5606/1296 2277/5608/1296 2274/5609/1296
f 2276/5607/1297 2273/5606/1297 2270/5610/1297
f 2276/5607/1297 2270/5610/1297 2278/5611/1297
f 2275/5612/1298 2277/5613/1298 2279/5614/1298
f 2277/5613/1298 2275/5612/1298 2274/5615/1298
f 2278/5616/1299 2280/5617/1299 2281/5618/1299
f 2278/5616/1299 2281/5618/1299 2276/5619/1299
f 2276/5619/1300 2281/5618/1300 2277/5620/1300
f 2281/5618/1300 2279/5621/1300 2277/5620/1300
f 2271/5607/1301 2279/5609/1301 2281/5606/1301
f 2279/5609/1301 2271/5607/1301 2275/5608/1301
f 2271/5607/1302 2281/5606/1302 2280/5610/1302
f 2271/5607/1302 2280/5610/1302 2272/5611/1302
f 2278/5622/1303 2270/5623/1303 2272/5624/1303
f 2278/5622/1303 2272/5624/1303 2280/5625/1303
o LeftHand
usemtl c_b479aa_neon
f 2282/5626/1304 2283/5627/1304 2284/5628/1304
f 2285/5629/1305 2286/5630/1305 2284/5628/1305
f 2286/5630/1305 2282/5626/1305 2284/5628/1305
f 2283/5627/1304 2282/5626/1304 2287/5631/1304
f 2288/5632/1306 2286/5633/1306 2285/5634/1306
f 2286/5633/1306 2288/5632/1306 2289/5635/1306
f 2290/5636/1307 2286/5637/1307 2289/5638/1307
f 2286/5637/1307 2290/5636/1307 2282/5639/1307
f 2291/5640/1308 2282/5639/1308 2290/5636/1308
f 2282/5639/1308 2291/5640/1308 2287/5641/1308
f 2292/5642/1309 2290/5643/1309 2293/5644/1309
f 2289/5645/1310 2293/5644/1310 2290/5643/1310
f 2293/5644/1310 2289/5645/1310 2288/5646/1310
f 2290/5643/1309 2292/5642/1309 2291/5647/1309
f 2283/5648/1311 2287/5649/1311 2291/5650/1311
f 2283/5648/1311 2291/5650/1311 2292/5651/1311
f 2285/5652/1312 2293/5653/1312 2288/5654/1312
f 2293/5653/1312 2285/5652/1312 2284/5655/1312
f 2284/5655/1313 2292/5651/1313 2293/5653/1313
f 2292/5651/1313 2284/5655/1313 2283/5648/1313
f 2294/5656/1314 2295/5657/1314 2296/5658/1314
f 2297/5659/1315 2294/5656/1315 2296/5658/1315
f 2298/5660/1315 2297/5659/1315 2296/5658/1315
f 2295/5657/1314 2294/5656/1314 2299/5661/1314
f 2300/5662/1316 2301/5663/1316 2298/5664/1316
f 2298/5664/1316 2301/5663/1316 2297/5665/1316
f 2294/5666/1317 2301/5667/1317 2302/5668/1317
f 2301/5667/1317 2294/5666/1317 2297/5669/1317
f 2299/5670/1318 2302/5668/1318 2303/5671/1318
f 2302/5668/1318 2299/5670/1318 2294/5666/1318
f 2304/5672/942 2302/5673/942 2305/5674/942
f 2301/5675/1319 2305/5674/1319 2302/5673/1319
f 2305/5674/1319 2301/5675/1319 2300/5676/1319
f 2302/5673/942 2304/5672/942 2303/5677/942
f 2304/5678/1320 2299/5679/1320 2303/5680/1320
f 2299/5679/1320 2304/5678/1320 2295/5681/1320
f 2300/5682/1321 2296/5683/1321 2305/5684/1321
f 2296/5683/1321 2300/5682/1321 2298/5685/1321
f 2304/5678/1322 2305/5684/1322 2295/5681/1322
f 2305/5684/1322 2296/5683/1322 2295/5681/1322
f 2306/5686/1323 2307/5687/1323 2308/5688/1323
f 2309/5689/1324 2306/5686/1324 2308/5688/1324
f 2310/5690/1324 2309/5689/1324 2308/5688/1324
f 2307/5687/1323 2306/5686/1323 2311/5691/1323
f 2312/5692/1325 2313/5693/1325 2310/5694/1325
f 2310/5694/1325 2313/5693/1325 2309/5695/1325
f 2314/5696/1326 2306/5697/1326 2309/5698/1326
f 2314/5696/1326 2309/5698/1326 2313/5699/1326
f 2311/5700/1327 2306/5697/1327 2315/5701/1327
f 2315/5701/1327 2306/5697/1327 2314/5696/1327
f 2316/5702/1328 2314/5703/1328 2317/5704/1328
f 2313/5705/1329 2317/5704/1329 2314/5703/1329
f 2317/5704/1329 2313/5705/1329 2312/5706/1329
f 2314/5703/1328 2316/5702/1328 2315/5707/1328
f 2315/5700/1330 2316/5708/1330 2307/5709/1330
f 2307/5709/1330 2311/5701/1330 2315/5700/1330
f 2310/5710/1331 2308/5711/1331 2312/5712/1331
f 2312/5712/1331 2308/5711/1331 2317/5713/1331
f 2308/5711/1332 2307/5709/1332 2317/5713/1332
f 2317/5713/1332 2307/5709/1332 2316/5708/1332
usemtl c_3f2e46
f 2318/5714/1333 2319/5715/1333 2320/5716/1333
f 2320/5716/1333 2319/5715/1333 2321/5717/1333
f 2322/5718/1334 2320/5719/1334 2323/5720/1334
f 2320/5719/1334 2322/5718/1334 2318/5721/1334
f 2319/5722/1335 2322/5723/1335 2324/5724/1335
f 2322/5723/1335 2319/5722/1335 2318/5725/1335
f 2323/5726/1336 2325/5727/1336 2324/5728/1336
f 2323/5726/1336 2324/5728/1336 2322/5729/1336
f 2325/5730/1337 2321/5731/1337 2319/5732/1337
f 2325/5730/1337 2319/5732/1337 2324/5733/1337
f 2320/5734/829 2321/5735/829 2323/5736/829
f 2323/5736/829 2321/5735/829 2325/5737/829
o Meshes/set_10_trex_026 (1)
usemtl c_43314b
f 2326/5738/1152 2327/5739/1152 2328/5740/1152
f 2327/5739/1152 2326/5738/1152 2329/5741/1152
f 2330/5742/1161 2327/5743/1161 2329/5744/1161
f 2330/5742/1161 2329/5744/1161 2331/5745/1161
f 2332/5746/1162 2330/5747/1162 2331/5748/1162
f 2330/5747/1162 2332/5746/1162 2333/5749/1162
f 2333/5750/1169 2328/5751/1169 2327/5752/1169
f 2333/5750/1169 2327/5752/1169 2330/5753/1169
f 2332/5754/1167 2326/5755/1167 2328/5756/1167
f 2332/5754/1167 2328/5756/1167 2333/5757/1167
usemtl c_b479aa_neon
f 2334/5758/1162 2335/5759/1162 2336/5760/1162
f 2335/5759/1162 2334/5758/1162 2337/5761/1162
f 2338/5762/1157 2339/5763/1157 2340/5764/1157
f 2339/5763/1157 2338/5762/1157 2341/5765/1157
f 2342/5766/1152 2343/5767/1152 2344/5768/1152
f 2343/5767/1152 2342/5766/1152 2345/5769/1152
usemtl c_5f456a
f 2346/5770/1152 2329/5771/1152 2326/5772/1152
f 2329/5771/1152 2346/5770/1152 2347/5773/1152
f 2348/5774/1152 2346/5770/1152 2326/5772/1152
f 2346/5770/1152 2348/5774/1152 2349/5775/1152
f 2348/5774/1152 2350/5776/1152 2349/5775/1152
f 2348/5774/1152 2351/5777/1152 2350/5776/1152
f 2329/5771/1152 2350/5776/1152 2351/5777/1152
f 2350/5776/1152 2329/5771/1152 2347/5773/1152
f 2349/5775/1153 2350/5776/1153 2345/5778/1153
f 2349/5775/1153 2345/5778/1153 2342/5779/1153
f 2347/5773/1155 2345/5778/1155 2350/5776/1155
f 2345/5778/1155 2347/5773/1155 2343/5780/1155
f 2344/5781/1338 2347/5773/1338 2346/5770/1338
f 2347/5773/1338 2344/5781/1338 2343/5780/1338
f 2349/5775/1339 2344/5781/1339 2346/5770/1339
f 2344/5781/1339 2349/5775/1339 2342/5779/1339
f 2352/5782/1157 2348/5783/1157 2353/5784/1157
f 2348/5783/1157 2352/5782/1157 2354/5785/1157
f 2351/5786/1157 2348/5783/1157 2354/5785/1157
f 2351/5786/1157 2354/5785/1157 2355/5787/1157
f 2356/5788/1157 2351/5786/1157 2355/5787/1157
f 2356/5788/1157 2355/5787/1157 2357/5789/1157
f 2356/5788/1157 2352/5782/1157 2353/5784/1157
f 2352/5782/1157 2356/5788/1157 2357/5789/1157
f 2352/5782/1340 2340/5790/1340 2354/5785/1340
f 2340/5790/1340 2352/5782/1340 2338/5791/1340
f 2357/5789/1158 2338/5791/1158 2352/5782/1158
f 2338/5791/1158 2357/5789/1158 2341/5792/1158
f 2355/5787/1159 2354/5785/1159 2340/5790/1159
f 2355/5787/1159 2340/5790/1159 2339/5793/1159
f 2331/5794/1161 2329/5795/1161 2351/5796/1161
f 2331/5794/1161 2351/5796/1161 2356/5797/1161
f 2331/5798/1162 2358/5799/1162 2332/5800/1162
f 2358/5799/1162 2331/5798/1162 2359/5801/1162
f 2353/5802/1162 2358/5799/1162 2360/5803/1162
f 2358/5799/1162 2353/5802/1162 2332/5800/1162
f 2353/5802/1162 2361/5804/1162 2356/5805/1162
f 2331/5798/1162 2356/5805/1162 2361/5804/1162
f 2331/5798/1162 2361/5804/1162 2359/5801/1162
f 2361/5804/1162 2353/5802/1162 2360/5803/1162
f 2360/5803/1163 2336/5806/1163 2361/5804/1163
f 2336/5806/1163 2360/5803/1163 2334/5807/1163
f 2359/5801/1165 2361/5804/1165 2336/5806/1165
f 2359/5801/1165 2336/5806/1165 2335/5808/1165
f 2337/5809/1341 2359/5801/1341 2335/5808/1341
f 2359/5801/1341 2337/5809/1341 2358/5799/1341
f 2337/5809/1342 2360/5803/1342 2358/5799/1342
f 2360/5803/1342 2337/5809/1342 2334/5807/1342
f 2353/5810/1167 2348/5811/1167 2326/5812/1167
f 2353/5810/1167 2326/5812/1167 2332/5813/1167
f 2339/5814/1343 2357/5815/1343 2355/5816/1343
f 2357/5815/1343 2339/5814/1343 2341/5817/1343
o RightHand
usemtl c_b479aa_neon
f 2362/5818/914 2363/5819/914 2364/5820/914
f 2365/5821/1344 2362/5818/1344 2366/5822/1344
f 2362/5818/1344 2365/5821/1344 2363/5819/1344
f 2363/5819/914 2367/5823/914 2364/5820/914
f 2365/5824/1345 2366/5825/1345 2368/5826/1345
f 2368/5826/1345 2369/5827/1345 2365/5824/1345
f 2370/5828/1346 2365/5829/1346 2369/5830/1346
f 2365/5829/1346 2370/5828/1346 2363/5831/1346
f 2371/5832/1347 2363/5831/1347 2370/5828/1347
f 2363/5831/1347 2371/5832/1347 2367/5833/1347
f 2372/5834/1348 2370/5835/1348 2373/5836/1348
f 2369/5837/1349 2373/5836/1349 2370/5835/1349
f 2373/5836/1349 2369/5837/1349 2368/5838/1349
f 2370/5835/1348 2372/5834/1348 2371/5839/1348
f 2364/5840/1350 2371/5841/1350 2372/5842/1350
f 2371/5841/1350 2364/5840/1350 2367/5843/1350
f 2366/5844/1351 2362/5845/1351 2373/5846/1351
f 2366/5844/1351 2373/5846/1351 2368/5847/1351
f 2364/5840/1352 2372/5842/1352 2362/5845/1352
f 2362/5845/1352 2372/5842/1352 2373/5846/1352
f 2374/5848/1323 2375/5849/1323 2376/5850/1323
f 2374/5848/1324 2377/5851/1324 2375/5849/1324
f 2377/5851/1324 2374/5848/1324 2378/5852/1324
f 2375/5849/1323 2379/5853/1323 2376/5850/1323
f 2377/5854/1325 2378/5855/1325 2380/5856/1325
f 2380/5856/1325 2381/5857/1325 2377/5854/1325
f 2375/5858/1326 2381/5859/1326 2382/5860/1326
f 2381/5859/1326 2375/5858/1326 2377/5861/1326
f 2379/5862/1327 2382/5860/1327 2383/5863/1327
f 2382/5860/1327 2379/5862/1327 2375/5858/1327
f 2384/5864/1328 2382/5865/1328 2385/5866/1328
f 2381/5867/1329 2385/5866/1329 2382/5865/1329
f 2385/5866/1329 2381/5867/1329 2380/5868/1329
f 2382/5865/1328 2384/5864/1328 2383/5869/1328
f 2376/5870/1330 2379/5863/1330 2384/5871/1330
f 2384/5871/1330 2379/5863/1330 2383/5862/1330
f 2378/5872/1331 2385/5873/1331 2380/5874/1331
f 2385/5873/1331 2378/5872/1331 2374/5875/1331
f 2385/5873/1332 2374/5875/1332 2384/5871/1332
f 2374/5875/1332 2376/5870/1332 2384/5871/1332
f 2386/5876/1353 2387/5877/1353 2388/5878/1353
f 2389/5879/1354 2386/5876/1354 2390/5880/1354
f 2386/5876/1354 2389/5879/1354 2387/5877/1354
f 2387/5877/1353 2391/5881/1353 2388/5878/1353
f 2390/5882/1355 2392/5883/1355 2389/5884/1355
f 2392/5883/1355 2390/5882/1355 2393/5885/1355
f 2387/5886/1356 2389/5887/1356 2392/5888/1356
f 2387/5886/1356 2392/5888/1356 2394/5889/1356
f 2391/5890/1357 2387/5886/1357 2394/5889/1357
f 2391/5890/1357 2394/5889/1357 2395/5891/1357
f 2396/5892/1358 2394/5893/1358 2397/5894/1358
f 2394/5893/1358 2396/5892/1358 2395/5895/1358
f 2397/5894/1359 2392/5896/1359 2393/5897/1359
f 2392/5896/1359 2397/5894/1359 2394/5893/1359
f 2388/5898/1360 2391/5899/1360 2396/5900/1360
f 2395/5901/1360 2396/5900/1360 2391/5899/1360
f 2393/5902/1361 2386/5903/1361 2397/5904/1361
f 2386/5903/1361 2393/5902/1361 2390/5905/1361
f 2397/5904/1362 2388/5898/1362 2396/5900/1362
f 2388/5898/1362 2397/5904/1362 2386/5903/1362
usemtl c_3f2e46
f 2398/5906/1333 2399/5907/1333 2400/5908/1333
f 2400/5908/1333 2399/5907/1333 2401/5909/1333
f 2400/5910/1334 2402/5911/1334 2398/5912/1334
f 2402/5911/1334 2403/5913/1334 2398/5912/1334
f 2404/5914/1335 2399/5915/1335 2398/5916/1335
f 2404/5914/1335 2398/5916/1335 2403/5917/1335
f 2402/5918/1336 2405/5919/1336 2404/5920/1336
f 2402/5918/1336 2404/5920/1336 2403/5921/1336
f 2401/5922/1337 2404/5923/1337 2405/5924/1337
f 2404/5923/1337 2401/5922/1337 2399/5925/1337
f 2402/5926/829 2400/5927/829 2405/5928/829
f 2400/5927/829 2401/5929/829 2405/5928/829
o Meshes/batch7_FINAL_polySurface685
usemtl c_5f456a
f 2406/5930/809 2407/5931/76 2408/5932/810
f 2409/5933/76 2407/5931/76 2410/5934/76
f 2407/5931/76 2409/5933/76 2411/5935/810
f 2412/5936/810 2407/5931/76 2411/5935/810
f 2413/5937/809 2407/5931/76 2406/5930/809
f 2414/5938/76 2407/5931/76 2413/5937/809
f 2407/5931/76 2414/5938/76 2410/5934/76
f 2407/5931/76 2412/5936/810 2408/5932/810
f 2415/5939/1363 2408/5940/1363 2412/5941/1363
f 2408/5940/1363 2415/5939/1363 2416/5942/1363
f 2411/5943/1364 2417/5944/1364 2415/5939/1364
f 2411/5943/1364 2415/5939/1364 2412/5941/1364
f 2418/5945/1365 2411/5943/1365 2409/5946/1365
f 2411/5943/1365 2418/5945/1365 2417/5944/1365
f 2406/5947/1366 2408/5948/1366 2419/5949/1366
f 2419/5949/1366 2408/5948/1366 2416/5950/1366
f 2419/5951/81 2420/5952/81 2421/5953/81
f 2422/5954/81 2421/5953/81 2420/5952/81
f 2422/5954/81 2420/5952/81 2423/5955/81
f 2418/5956/81 2420/5952/81 2417/5957/81
f 2420/5952/81 2419/5951/81 2416/5958/81
f 2415/5959/81 2420/5952/81 2416/5958/81
f 2420/5952/81 2415/5959/81 2417/5957/81
f 2420/5952/81 2418/5956/81 2423/5955/81
f 2406/5960/1367 2421/5961/1367 2413/5962/1367
f 2421/5961/1367 2406/5960/1367 2419/5963/1367
f 2413/5962/1368 2422/5964/1368 2414/5965/1368
f 2422/5964/1368 2413/5962/1368 2421/5961/1368
f 2410/5966/1369 2414/5967/1369 2423/5968/1369
f 2423/5968/1369 2414/5967/1369 2422/5969/1369
f 2418/5970/1370 2409/5971/1370 2410/5966/1370
f 2418/5970/1370 2410/5966/1370 2423/5968/1370
o Meshes/batch7_FINAL_polySurface632
usemtl c_5f456a
f 2424/5972/76 2425/5973/76 2426/5974/76
f 2427/5975/76 2426/5974/76 2425/5973/76
f 2428/5976/76 2426/5974/76 2427/5975/76
f 2426/5974/76 2429/5977/76 2430/5978/76
f 2426/5974/76 2431/5979/76 2424/5972/76
f 2426/5974/76 2432/5980/76 2431/5979/76
f 2432/5980/76 2426/5974/76 2430/5978/76
f 2429/5977/76 2426/5974/76 2428/5976/76
f 2432/5981/1363 2433/5982/1363 2431/5983/1363
f 2433/5982/1363 2432/5981/1363 2434/5984/1363
f 2435/5985/1364 2432/5981/1364 2430/5986/1364
f 2432/5981/1364 2435/5985/1364 2434/5984/1364
f 2429/5987/1365 2435/5985/1365 2430/5986/1365
f 2435/5985/1365 2429/5987/1365 2436/5988/1365
f 2437/5989/1366 2424/5990/1366 2433/5991/1366
f 2424/5990/1366 2431/5992/1366 2433/5991/1366
f 2438/5993/1173 2437/5994/1173 2439/5995/81
f 2437/5994/1173 2433/5996/871 2439/5995/81
f 2439/5995/81 2440/5997/81 2438/5993/1173
f 2440/5997/81 2439/5995/81 2441/5998/81
f 2439/5995/81 2434/5999/871 2435/6000/871
f 2434/5999/871 2439/5995/81 2433/5996/871
f 2436/6001/81 2439/5995/81 2435/6000/871
f 2439/5995/81 2436/6001/81 2441/5998/81
f 2438/6002/1367 2425/6003/1367 2437/6004/1367
f 2425/6003/1367 2424/6005/1367 2437/6004/1367
f 2438/6002/1368 2440/6006/1368 2427/6007/1368
f 2427/6007/1368 2425/6003/1368 2438/6002/1368
f 2441/6008/1369 2428/6009/1369 2440/6010/1369
f 2428/6009/1369 2427/6011/1369 2440/6010/1369
f 2428/6009/1370 2441/6008/1370 2429/6012/1370
f 2436/6013/1370 2429/6012/1370 2441/6008/1370
o RightFoot
usemtl c_b479aa_neon
f 2442/6014/1371 2443/6015/1371 2444/6016/1371
f 2445/6017/1372 2444/6016/1372 2446/6018/1372
f 2444/6016/1372 2445/6017/1372 2442/6014/1372
f 2443/6015/1371 2442/6014/1371 2447/6019/1371
f 2445/6020/1373 2448/6021/1373 2442/6022/1373
f 2448/6021/1373 2445/6020/1373 2449/6023/1373
f 2442/6022/1374 2450/6024/1374 2447/6025/1374
f 2450/6024/1374 2442/6022/1374 2448/6021/1374
f 2451/6026/1375 2447/6027/1375 2450/6028/1375
f 2447/6027/1375 2451/6026/1375 2443/6029/1375
f 2452/6030/1376 2449/6031/1376 2453/6032/1376
f 2449/6031/1376 2452/6030/1376 2448/6033/1376
f 2448/6033/1377 2452/6030/1377 2451/6034/1377
f 2451/6034/1377 2450/6035/1377 2448/6033/1377
f 2444/6036/1378 2443/6037/1378 2451/6038/1378
f 2444/6036/1378 2451/6038/1378 2452/6039/1378
f 2446/6040/1379 2444/6036/1379 2452/6039/1379
f 2446/6040/1379 2452/6039/1379 2453/6041/1379
f 2445/6042/1380 2453/6043/1380 2449/6044/1380
f 2453/6043/1380 2445/6042/1380 2446/6045/1380
f 2454/6046/1381 2455/6047/1381 2456/6048/1381
f 2455/6047/1381 2454/6046/1381 2457/6049/1381
f 2457/6049/1382 2458/6050/1382 2455/6047/1382
f 2458/6050/1382 2457/6049/1382 2459/6051/1382
f 2460/6052/1383 2461/6053/1383 2457/6054/1383
f 2460/6052/1383 2457/6054/1383 2454/6055/1383
f 2461/6053/1384 2462/6056/1384 2459/6057/1384
f 2461/6053/1384 2459/6057/1384 2457/6054/1384
f 2458/6058/1385 2462/6059/1385 2463/6060/1385
f 2462/6059/1385 2458/6058/1385 2459/6061/1385
f 2460/6062/1386 2464/6063/1386 2461/6064/1386
f 2461/6064/1387 2464/6063/1387 2463/6065/1387
f 2463/6065/1387 2462/6066/1387 2461/6064/1387
f 2464/6063/1386 2460/6062/1386 2465/6067/1386
f 2464/6068/1388 2458/6069/1388 2463/6070/1388
f 2458/6069/1388 2464/6068/1388 2455/6071/1388
f 2465/6072/1389 2455/6071/1389 2464/6068/1389
f 2455/6071/1389 2465/6072/1389 2456/6073/1389
f 2454/6074/1390 2456/6075/1390 2460/6076/1390
f 2460/6076/1390 2456/6075/1390 2465/6077/1390
f 2466/6078/1274 2467/6079/1274 2468/6080/1274
f 2468/6080/1275 2469/6081/1275 2466/6078/1275
f 2469/6081/1275 2468/6080/1275 2470/6082/1275
f 2467/6079/1274 2466/6078/1274 2471/6083/1274
f 2472/6084/1276 2468/6085/1276 2467/6086/1276
f 2468/6085/1276 2472/6084/1276 2473/6087/1276
f 2470/6088/1277 2468/6085/1277 2473/6087/1277
f 2473/6087/1277 2474/6089/1277 2470/6088/1277
f 2469/6090/1278 2474/6091/1278 2475/6092/1278
f 2474/6091/1278 2469/6090/1278 2470/6093/1278
f 2476/6094/1279 2472/6095/1279 2477/6096/1279
f 2472/6095/1279 2476/6094/1279 2473/6097/1279
f 2473/6097/1280 2476/6094/1280 2475/6098/1280
f 2475/6098/1280 2474/6099/1280 2473/6097/1280
f 2466/6100/1281 2475/6101/1281 2476/6102/1281
f 2475/6101/1281 2466/6100/1281 2469/6103/1281
f 2471/6104/1282 2476/6102/1282 2477/6105/1282
f 2476/6102/1282 2471/6104/1282 2466/6100/1282
f 2467/6106/1283 2471/6107/1283 2472/6108/1283
f 2472/6108/1283 2471/6107/1283 2477/6109/1283
usemtl c_43314b
f 2478/6110/1294 2479/6111/1294 2480/6112/1294
f 2479/6111/1294 2478/6110/1294 2481/6113/1294
f 2482/6114/1295 2479/6111/1295 2481/6113/1295
f 2479/6111/1295 2482/6114/1295 2483/6115/1295
f 2482/6116/1296 2484/6117/1296 2485/6118/1296
f 2481/6119/1296 2484/6117/1296 2482/6116/1296
f 2481/6119/1297 2486/6120/1297 2484/6117/1297
f 2486/6120/1297 2481/6119/1297 2478/6121/1297
f 2487/6122/1298 2482/6123/1298 2485/6124/1298
f 2482/6123/1298 2487/6122/1298 2483/6125/1298
f 2486/6126/1299 2488/6127/1299 2484/6128/1299
f 2488/6127/1299 2486/6126/1299 2489/6129/1299
f 2488/6127/1300 2485/6130/1300 2484/6128/1300
f 2485/6130/1300 2488/6127/1300 2487/6131/1300
f 2488/6119/1301 2483/6118/1301 2487/6116/1301
f 2483/6118/1301 2488/6119/1301 2479/6117/1301
f 2488/6119/1302 2480/6120/1302 2479/6117/1302
f 2480/6120/1302 2488/6119/1302 2489/6121/1302
f 2478/6132/1303 2489/6133/1303 2486/6134/1303
f 2489/6133/1303 2478/6132/1303 2480/6135/1303
o Neck
usemtl c_5f456a
f 2490/6136/76 2491/6137/76 2492/6138/76
f 2491/6137/76 2490/6136/76 2493/6139/76
f 2494/6140/1391 2490/6141/1391 2492/6142/1391
f 2490/6141/1391 2494/6140/1391 2495/6143/1391
f 2496/6144/1392 2493/6145/1392 2490/6146/1392
f 2496/6144/1392 2490/6146/1392 2495/6147/1392
f 2495/6148/81 2497/6149/81 2496/6150/81
f 2497/6149/81 2495/6148/81 2494/6151/81
f 2494/6152/1393 2492/6153/1393 2491/6154/1393
f 2494/6152/1393 2491/6154/1393 2497/6155/1393
f 2493/6156/76 2498/6157/76 2491/6158/76
f 2498/6157/76 2493/6156/76 2499/6159/76
f 2500/6160/1392 2499/6161/1392 2493/6162/1392
f 2500/6160/1392 2493/6162/1392 2496/6163/1392
f 2496/6164/81 2497/6165/81 2501/6166/81
f 2496/6164/81 2501/6166/81 2500/6167/81
f 2497/6168/1393 2491/6169/1393 2498/6170/1393
f 2497/6168/1393 2498/6170/1393 2501/6171/1393
f 2498/6170/1394 2499/6160/1394 2501/6171/1394
f 2501/6171/1394 2499/6160/1394 2500/6161/1394
o Meshes/batch7_FINAL_polySurface539.002
usemtl c_5f456a
f 502/6172/49 518/6173/49 505/6174/49
f 518/6173/49 502/6172/49 511/6175/49
o RightBottomLeg
usemtl c_5f456a
f 2502/6176/76 2503/6177/76 2504/6178/76
f 2503/6177/76 2505/6179/76 2504/6178/76
f 2505/6179/76 2506/6180/76 2504/6178/76
f 2504/6178/76 2507/6181/76 2508/6182/76
f 2502/6176/76 2504/6178/76 2509/6183/76
f 2504/6178/76 2510/6184/76 2509/6183/76
f 2510/6184/76 2504/6178/76 2508/6182/76
f 2507/6181/76 2504/6178/76 2506/6180/76
f 2510/6185/811 2511/6186/811 2509/6187/811
f 2511/6186/811 2510/6185/811 2512/6188/811
f 2513/6189/812 2502/6190/812 2511/6191/812
f 2502/6190/812 2509/6192/812 2511/6191/812
f 2514/6193/813 2503/6194/813 2513/6189/813
f 2503/6194/813 2502/6190/813 2513/6189/813
f 2511/6195/871 2515/6196/81 2513/6197/1173
f 2512/6198/871 2515/6196/81 2511/6195/871
f 2515/6196/81 2512/6198/871 2516/6199/871
f 2517/6200/81 2515/6196/81 2516/6199/871
f 2515/6196/81 2517/6200/81 2518/6201/81
f 2514/6202/1173 2513/6197/1173 2515/6196/81
f 2519/6203/81 2514/6202/1173 2515/6196/81
f 2519/6203/81 2515/6196/81 2518/6201/81
f 2519/6204/814 2503/6205/814 2514/6206/814
f 2503/6205/814 2519/6204/814 2505/6207/814
f 2505/6208/815 2519/6209/815 2506/6210/815
f 2518/6211/815 2506/6210/815 2519/6209/815
f 2506/6210/816 2518/6211/816 2507/6212/816
f 2517/6213/816 2507/6212/816 2518/6211/816
f 2512/6214/817 2510/6215/817 2516/6216/817
f 2510/6215/817 2508/6217/817 2516/6216/817
f 2516/6216/818 2508/6217/818 2517/6213/818
f 2508/6217/818 2507/6212/818 2517/6213/818
usemtl c_b479aa_neon
f 2520/6218/76 2521/6219/76 2522/6220/76
f 2522/6220/76 2521/6219/76 2523/6221/76
f 2524/6222/76 2520/6218/76 2522/6220/76
f 2521/6219/76 2525/6223/76 2523/6221/76
f 2526/6224/76 2520/6218/76 2524/6222/76
f 2523/6221/76 2525/6223/76 2527/6225/76
f 2525/6223/76 2526/6224/76 2527/6225/76
f 2527/6225/76 2526/6224/76 2524/6222/76
f 2528/6224/76 2529/6219/76 2530/6223/76
f 2529/6219/76 2528/6224/76 2531/6218/76
f 2524/6226/803 2522/6227/803 2532/6228/803
f 2526/6229/797 2533/6230/797 2534/6231/797
f 2533/6230/797 2526/6229/797 2525/6232/797
f 2520/6233/798 2534/6231/798 2535/6234/798
f 2534/6231/798 2520/6233/798 2526/6229/798
f 2536/6235/797 2537/6227/797 2528/6236/797
f 2528/6236/797 2530/6237/797 2536/6235/797
f 2537/6227/798 2538/6238/798 2531/6239/798
f 2531/6239/798 2528/6236/798 2537/6227/798
f 2522/6240/799 2523/6229/799 2539/6241/799
f 2539/6241/799 2523/6229/799 2540/6242/799
f 2523/6229/800 2527/6243/800 2540/6242/800
f 2540/6242/800 2527/6243/800 2541/6244/800
f 2542/6227/806 2543/6245/806 2544/6246/806
f 2544/6246/806 2543/6245/806 2545/6247/806
f 2544/6246/807 2546/6228/807 2542/6227/807
f 2547/6226/807 2542/6227/807 2546/6228/807
f 2543/6220/81 2537/6219/81 2548/6221/81
f 2537/6219/81 2536/6223/81 2548/6221/81
f 2538/6218/81 2537/6219/81 2543/6220/81
f 2548/6221/81 2536/6223/81 2547/6225/81
f 2542/6222/81 2538/6218/81 2543/6220/81
f 2536/6223/81 2549/6224/81 2547/6225/81
f 2549/6224/81 2538/6218/81 2542/6222/81
f 2547/6225/81 2549/6224/81 2542/6222/81
f 2534/6219/81 2550/6224/81 2535/6218/81
f 2550/6224/81 2534/6219/81 2533/6223/81
f 2527/6229/804 2524/6243/804 2541/6242/804
f 2525/6235/801 2550/6236/801 2533/6237/801
f 2550/6236/801 2525/6235/801 2521/6227/801
f 2521/6227/802 2535/6239/802 2550/6236/802
f 2535/6239/802 2521/6227/802 2520/6238/802
f 2549/6229/801 2536/6232/801 2530/6230/801
f 2530/6230/801 2529/6231/801 2549/6229/801
f 2538/6233/802 2549/6229/802 2529/6231/802
f 2529/6231/802 2531/6234/802 2538/6233/802
f 2539/6247/803 2532/6246/803 2522/6245/803
f 2541/6228/804 2524/6227/804 2532/6246/804
f 2551/6242/805 2545/6241/805 2548/6229/805
f 2543/6240/805 2548/6229/805 2545/6241/805
f 2551/6242/808 2547/6243/808 2546/6244/808
f 2548/6229/808 2547/6243/808 2551/6242/808
