# Roblox asset pack: egg_designer_10 (props), from the Studio model "Egg10". Exported with Export Selection, split by tools/build_creatures.py: one object per rigid body. Units: studs. +Y up, front faces -Z, pivot (bottom centre) at the origin.
mtllib egg_designer_10.mtl

v 1.83580 1.18990 -1.24000
v 1.80540 1.38990 -1.47000
v 1.83580 1.44990 -1.43000
v 1.60730 1.23990 -1.59000
v 1.25690 1.29990 -1.94000
v 1.59210 1.47990 -1.79000
v 1.28740 1.07990 -1.72000
v 1.60730 1.01990 -1.37000
v 1.85110 1.00990 -1.00000
v 1.47020 0.95990 -1.41000
v 1.36350 0.87990 -1.50000
v 1.60730 0.82990 -1.14000
v 1.60730 0.68990 -0.91000
v 1.85110 0.84990 -0.77000
v 1.36350 0.67990 -1.26000
v 1.36350 0.53990 -1.02000
v 1.60730 0.56990 -0.65000
v 1.82060 0.71990 -0.53000
v 1.36350 0.42990 -0.76000
v 1.04360 0.56990 -1.37000
v 1.04360 0.77990 -1.61000
v 0.66270 0.48990 -1.47000
v 0.66270 0.32990 -1.23000
v 1.04360 0.41990 -1.12000
v 0.66270 0.20990 -0.95000
v 0.20570 0.15990 -1.03000
v 0.20570 0.08990 -0.70000
v 1.04360 0.29990 -0.86000
v 0.66270 0.13990 -0.63000
v 0.20570 0.01990 0.00000
v 0.66270 0.09990 0.00000
v 1.04360 0.22990 -0.54000
v 1.04360 0.18990 0.00000
v 1.36350 0.34990 -0.45000
v 1.36350 0.30990 0.00000
v 1.60730 0.47990 -0.38000
v 1.60730 0.42990 0.00000
v 1.77490 0.61990 -0.28000
v 1.77490 0.56990 0.00000
v 2.46050 1.50990 0.44000
v 2.23200 1.24990 0.25000
v 2.32340 1.37990 0.16000
v 2.43000 1.43990 0.54000
v 2.46050 1.50990 -0.44000
v 2.23200 1.24990 -0.25000
v 2.43000 1.43990 -0.54000
v 2.32340 1.37990 -0.16000
v 2.21670 1.12990 0.00000
v 2.38430 1.56990 0.65000
v 2.52140 1.73990 0.67000
v 2.38430 1.56990 -0.65000
v 2.52140 1.73990 -0.67000
v -0.25140 0.05990 0.71000
v 0.20570 0.08990 0.70000
v 0.20570 0.15990 1.03000
v -0.25140 -0.00010 0.00000
v 0.66270 0.20990 0.95000
v 0.66270 0.32990 1.23000
v 0.66270 0.13990 0.63000
v 1.04360 0.41990 1.12000
v 1.04360 0.56990 1.37000
v 1.04360 0.29990 0.86000
v 1.04360 0.22990 0.54000
v 1.36350 0.34990 0.45000
v 1.36350 0.42990 0.76000
v 1.36350 0.53990 1.02000
v 1.36350 0.67990 1.26000
v 1.60730 0.47990 0.38000
v 1.77490 0.61990 0.28000
v 1.82060 0.71990 0.53000
v 1.60730 0.56990 0.65000
v 1.85110 0.84990 0.77000
v 1.60730 0.68990 0.91000
v 1.85110 1.00990 1.00000
v 1.60730 0.82990 1.14000
v 1.60730 1.01990 1.37000
v 1.83580 1.18990 1.24000
v 1.47020 0.95990 1.41000
v 1.36350 0.87990 1.50000
v 1.04360 0.77990 1.61000
v 1.60730 1.23990 1.59000
v 1.28740 1.07990 1.72000
v 1.04360 1.00990 1.84000
v 0.66270 0.91990 1.96000
v 1.04360 1.21990 2.05000
v 1.25690 1.29990 1.94000
v 0.66270 1.14990 2.19000
v 0.20570 1.10990 2.28000
v 0.43420 1.32990 2.37000
v 0.66270 1.33990 2.31000
v 0.20570 1.30990 2.42000
v -0.00760 1.30990 2.43000
v 0.20570 1.64990 2.57000
v -0.00760 1.62990 2.57000
v 0.02290 1.97990 2.71000
v -0.19040 1.88990 2.60000
v -0.28190 1.56990 2.51000
v -0.28190 1.76990 2.52000
v -0.26660 1.91990 2.55000
v -0.19040 1.91990 2.57000
v -0.32760 2.01990 2.57000
v 0.86080 1.37990 2.23000
v 0.87600 1.61990 2.36000
v 0.99790 1.43990 2.23000
v 0.99790 1.70990 2.39000
v 1.24170 1.53990 2.14000
v 1.21120 1.81990 2.34000
v 1.22640 2.34990 2.66000
v 1.59210 1.47990 1.79000
v 1.56160 1.72990 1.98000
v 1.51590 1.97990 2.16000
v 1.60730 2.05990 2.08000
v 1.69870 1.84990 1.88000
v 1.72920 1.88990 1.84000
v 1.80540 1.69990 1.62000
v 1.75970 1.61990 1.69000
v 1.83580 1.44990 1.43000
v 1.80540 1.38990 1.47000
v -2.65850 0.79990 0.28000
v -2.75000 1.03990 0.41000
v -2.81090 1.03990 0.28000
v -2.65850 0.79990 -0.28000
v -2.81090 1.03990 -0.28000
v -2.75000 1.03990 -0.41000
v -1.15030 1.56990 -2.36000
v -1.48540 1.56990 -2.22000
v -1.43970 1.82990 -2.39000
v -1.33310 2.29990 -2.66000
v -1.60730 1.94990 -2.33000
v -1.71400 2.04990 -2.25000
v -1.89680 1.84990 -1.99000
v -1.69870 1.69990 -2.13000
v -1.88150 1.49990 -1.84000
v -1.98820 1.84990 -1.88000
v -1.75970 1.43990 -1.93000
v -1.28740 1.46990 -2.26000
v -1.18070 1.35990 -2.22000
v -1.54640 1.30990 -2.04000
v -1.80540 1.17990 -1.72000
v -1.33310 1.24990 -2.08000
v -1.57680 1.07990 -1.82000
v -1.18070 1.20990 -2.14000
v -1.18070 0.98990 -1.94000
v -0.87600 1.32990 -2.31000
v -1.11980 1.58990 -2.31000
v -0.70840 1.14990 -2.23000
v -1.18070 0.76990 -1.72000
v -1.80540 0.95990 -1.50000
v -0.89130 1.69990 -2.45000
v -1.57680 0.85990 -1.61000
v -0.70840 0.69990 -1.81000
v -2.03390 1.07990 -1.41000
v -0.70840 0.91990 -2.04000
v -0.70840 0.46990 -1.56000
v -1.18070 0.55990 -1.47000
v -1.57680 0.65990 -1.37000
v -1.80540 0.75990 -1.26000
v -1.18070 0.37990 -1.23000
v -1.57680 0.48990 -1.12000
v -0.70840 0.29990 -1.32000
v -0.25140 0.27990 -1.35000
v -1.80540 0.59990 -1.02000
v -0.25140 0.44990 -1.59000
v -0.25140 0.65990 -1.84000
v -0.25140 0.88990 -2.08000
v -0.25140 1.10990 -2.28000
v 0.20570 0.88990 -2.07000
v 0.20570 0.66990 -1.82000
v 0.20570 0.45990 -1.56000
v 0.20570 0.28990 -1.32000
v 0.66270 0.91990 -1.96000
v 0.66270 0.68990 -1.73000
v -0.25140 0.14990 -1.06000
v -0.70840 0.15990 -1.03000
v -0.25140 0.05990 -0.71000
v -1.18070 0.24990 -0.95000
v -0.70840 0.08990 -0.70000
v -1.57680 0.34990 -0.86000
v -0.70840 0.01990 0.00000
v -1.18070 0.15990 -0.63000
v -1.18070 0.10990 0.00000
v -1.57680 0.25990 -0.54000
v -1.57680 0.22990 0.00000
v -1.80540 0.46990 -0.76000
v -1.80540 0.36990 -0.45000
v -1.80540 0.32990 0.00000
v -2.04910 0.58990 -0.62000
v -1.91200 0.41990 -0.35000
v -1.91200 0.35990 0.00000
v -2.04910 0.72990 -0.89000
v -2.12530 0.80990 -0.83000
v -2.04910 0.88990 -1.17000
v -2.18620 1.01990 -1.08000
v -2.21670 1.10990 -1.02000
v -2.20150 1.23990 -1.30000
v -2.27770 1.38990 -1.18000
v -2.17100 1.44990 -1.52000
v -2.24720 1.59990 -1.40000
v -2.00340 1.27990 -1.62000
v -2.15580 1.75990 -1.64000
v -2.09480 1.64990 -1.73000
v -2.01870 1.85990 -1.93000
v -1.95770 1.52990 -1.81000
v -1.15030 1.56990 2.36000
v -1.43970 1.82990 2.39000
v -1.48540 1.56990 2.22000
v -1.33310 2.29990 2.66000
v -1.60730 1.94990 2.33000
v -1.71400 2.04990 2.25000
v -1.89680 1.84990 1.99000
v -1.69870 1.69990 2.13000
v -1.88150 1.49990 1.84000
v -1.98820 1.84990 1.88000
v -1.75970 1.43990 1.93000
v -1.28740 1.46990 2.26000
v -1.18070 1.35990 2.22000
v -1.54640 1.30990 2.04000
v -1.80540 1.17990 1.72000
v -1.33310 1.24990 2.08000
v -1.57680 1.07990 1.82000
v -1.18070 1.20990 2.14000
v -1.18070 0.98990 1.94000
v -0.87600 1.32990 2.31000
v -1.11980 1.58990 2.31000
v -0.70840 1.14990 2.23000
v -1.18070 0.76990 1.72000
v -1.80540 0.95990 1.50000
v -0.89130 1.69990 2.45000
v -1.57680 0.85990 1.61000
v -0.70840 0.69990 1.81000
v -2.03390 1.07990 1.41000
v -1.18070 0.55990 1.47000
v -1.57680 0.65990 1.37000
v -1.80540 0.75990 1.26000
v -1.18070 0.37990 1.23000
v -1.57680 0.48990 1.12000
v -0.70840 0.46990 1.56000
v -0.70840 0.29990 1.32000
v -1.18070 0.24990 0.95000
v -0.70840 0.15990 1.03000
v -0.25140 0.14990 1.06000
v -0.25140 0.27990 1.35000
v -0.25140 0.44990 1.59000
v -0.25140 0.65990 1.84000
v -0.70840 0.08990 0.70000
v -1.18070 0.15990 0.63000
v -1.57680 0.34990 0.86000
v -1.57680 0.25990 0.54000
v -1.80540 0.59990 1.02000
v -1.80540 0.46990 0.76000
v -1.80540 0.36990 0.45000
v -2.04910 0.58990 0.62000
v -1.91200 0.41990 0.35000
v -2.04910 0.72990 0.89000
v -2.12530 0.80990 0.83000
v -2.04910 0.88990 1.17000
v -2.18620 1.01990 1.08000
v -2.21670 1.10990 1.02000
v -2.20150 1.23990 1.30000
v -2.27770 1.38990 1.18000
v -2.17100 1.44990 1.52000
v -2.24720 1.59990 1.40000
v -2.00340 1.27990 1.62000
v -2.15580 1.75990 1.64000
v -2.09480 1.64990 1.73000
v -2.01870 1.85990 1.93000
v -1.95770 1.52990 1.81000
v 2.20150 1.30990 0.48000
v 2.20150 1.30990 -0.48000
v 2.64330 1.78990 0.28000
v 2.68900 1.99990 0.28000
v 2.62810 1.84990 0.44000
v 2.68900 2.02990 0.45000
v 2.68900 2.34990 0.27000
v 2.68900 2.33990 0.19000
v 2.53670 1.73990 0.47000
v 3.05460 1.97990 0.00000
v 2.76520 2.17990 0.30000
v 2.62810 1.59990 0.13000
v 2.67380 1.47990 0.00000
v 2.53670 1.64990 0.33000
v 2.43000 1.58990 0.36000
v 2.46050 1.41990 0.16000
v 2.38430 1.20990 0.00000
v 2.36910 1.64990 0.56000
v 2.44520 1.76990 0.68000
v 2.27770 1.65990 0.68000
v -0.16000 6.61990 0.36000
v -0.28190 6.61990 0.31000
v -0.25140 6.61990 0.45000
v -0.16000 6.61990 -0.36000
v -0.25140 6.61990 -0.45000
v -0.28190 6.61990 -0.31000
v -3.05470 1.69990 -0.07000
v -3.02420 1.59990 -0.04000
v -3.05470 1.69990 -0.03000
v -0.37330 2.02990 2.63000
v -0.49510 1.65990 2.52000
v -0.49510 2.05990 2.63000
v -0.44940 2.45990 2.69000
v -0.70840 2.43990 2.66000
v -0.60180 3.15990 2.77000
v -0.89130 2.45990 2.60000
v -0.99790 2.46990 2.52000
v -0.89130 2.07990 2.55000
v -1.07410 2.07990 2.43000
v -0.70840 2.07990 2.60000
v -0.70840 1.67990 2.49000
v -1.19600 1.70990 2.30000
v -1.15030 2.11990 2.36000
v -1.10460 2.11990 2.37000
v -0.99790 2.48990 2.46000
v -0.70840 1.30990 2.36000
v -0.49510 1.29990 2.37000
v -0.25140 1.10990 2.28000
v -0.25140 1.27990 2.40000
v -0.70840 0.91990 2.04000
v -0.25140 0.88990 2.08000
v 0.20570 0.88990 2.07000
v 0.20570 0.66990 1.82000
v 0.20570 0.45990 1.56000
v 0.66270 0.68990 1.73000
v 0.20570 0.28990 1.32000
v 0.66270 0.48990 1.47000
v 2.64330 1.78990 -0.28000
v 2.62810 1.84990 -0.44000
v 2.68900 1.99990 -0.28000
v 2.68900 2.02990 -0.45000
v 2.53670 1.73990 -0.47000
v 2.76520 2.17990 -0.30000
v 2.62810 1.59990 -0.13000
v 2.53670 1.64990 -0.33000
v 2.43000 1.58990 -0.36000
v 2.36910 1.64990 -0.56000
v 2.44520 1.76990 -0.68000
v 2.27770 1.65990 -0.68000
v 2.46050 1.41990 -0.16000
v 1.48540 2.84990 -2.07000
v 1.43970 3.12990 -2.01000
v 1.50070 3.12990 -1.99000
v 1.45500 2.46990 -2.08000
v 1.36350 2.60990 -2.16000
v 1.43970 2.60990 -2.10000
v 1.48540 2.60990 -2.07000
v 1.60730 2.84990 -1.94000
v 1.60730 3.12990 -1.91000
v 1.59210 2.46990 -1.96000
v 1.50070 2.29990 -2.08000
v 1.60730 2.60990 -1.96000
v 1.71400 2.84990 -1.82000
v 1.68350 2.58990 -1.84000
v 1.75970 2.68990 -1.73000
v 1.82060 2.84990 -1.69000
v 1.54640 2.29990 -2.05000
v 1.43970 2.10990 -2.14000
v 1.56160 2.07990 -2.07000
v 1.63780 2.45990 -1.94000
v 1.72920 2.58990 -1.82000
v 1.80540 2.68990 -1.72000
v 1.77490 2.33990 -1.82000
v 1.66830 2.19990 -1.94000
v 1.85110 2.48990 -1.69000
v 1.92720 2.39990 -1.55000
v 1.91200 2.61990 -1.53000
v 1.94250 2.84990 -1.53000
v 1.97300 2.52990 -1.44000
v 1.95770 2.63990 -1.34000
v 1.98820 2.45990 -1.40000
v 2.01870 2.28990 -1.40000
v 2.06440 2.48990 -1.34000
v 1.86630 2.19990 -1.66000
v 2.04910 2.84990 -1.34000
v 2.11010 2.81990 -1.11000
v 1.77490 2.02990 -1.75000
v 1.68350 1.88990 -1.82000
v 1.95770 2.04990 -1.47000
v 1.86630 1.84990 -1.55000
v 1.77490 1.70990 -1.61000
v 2.07960 2.25990 -1.32000
v 2.01870 1.97990 -1.37000
v 1.92730 1.73990 -1.41000
v 2.09480 1.94990 -1.21000
v 1.97300 1.67990 -1.32000
v 2.04910 1.64990 -1.24000
v 2.09480 1.43990 -1.05000
v 2.14050 1.90990 -1.05000
v 2.04910 1.18990 -0.86000
v 1.95770 0.95990 -0.68000
v 1.85110 0.76990 -0.51000
v 1.94250 0.76990 -0.22000
v 1.94250 0.73990 0.00000
v 2.09480 0.94990 0.00000
v 1.94250 0.86990 -0.45000
v 1.91200 0.98990 -0.73000
v 2.07960 0.95990 -0.22000
v 2.06440 1.01990 -0.44000
v 1.97300 1.03990 -0.70000
v 1.92720 1.20990 -0.94000
v 2.04910 1.09990 -0.63000
v 2.12530 1.30990 -0.70000
v 2.24720 1.52990 -0.63000
v 2.00340 1.24990 -0.88000
v 2.18620 1.56990 -0.79000
v 2.04910 1.50990 -0.98000
v -0.49510 1.65990 -2.52000
v -0.49510 2.05990 -2.63000
v -0.37330 2.02990 -2.63000
v -0.44940 2.45990 -2.69000
v -0.28190 1.56990 -2.51000
v -0.70840 2.43990 -2.66000
v -0.60180 3.15990 -2.77000
v -0.89130 2.45990 -2.60000
v -0.99790 2.46990 -2.52000
v -0.89130 2.07990 -2.55000
v -1.07410 2.07990 -2.43000
v -0.70840 2.07990 -2.60000
v -0.70840 1.67990 -2.49000
v -1.19600 1.70990 -2.30000
v -1.15030 2.11990 -2.36000
v -1.10460 2.11990 -2.37000
v -0.99790 2.48990 -2.46000
v -0.70840 1.30990 -2.36000
v -0.49510 1.29990 -2.37000
v -0.25140 1.27990 -2.40000
v -0.00760 1.30990 -2.43000
v 0.20570 1.10990 -2.28000
v -0.00760 1.62990 -2.57000
v 0.20570 1.30990 -2.42000
v 0.43420 1.32990 -2.37000
v 0.20570 1.64990 -2.57000
v 0.02290 1.97990 -2.71000
v -0.19040 1.88990 -2.60000
v -0.28190 1.76990 -2.52000
v -0.26660 1.91990 -2.55000
v -0.19040 1.91990 -2.57000
v -0.32760 2.01990 -2.57000
v 0.66270 1.14990 -2.19000
v 0.66270 1.33990 -2.31000
v 1.04360 1.21990 -2.05000
v 0.86080 1.37990 -2.23000
v 0.87600 1.61990 -2.36000
v 0.99790 1.43990 -2.23000
v 0.99790 1.70990 -2.39000
v 1.04360 1.00990 -1.84000
v 1.24170 1.53990 -2.14000
v 1.21120 1.81990 -2.34000
v 1.22640 2.34990 -2.66000
v 1.51590 1.97990 -2.16000
v 1.60730 2.05990 -2.08000
v 1.56160 1.72990 -1.98000
v 1.69870 1.84990 -1.88000
v 1.72920 1.88990 -1.84000
v 1.80540 1.69990 -1.62000
v 1.75970 1.61990 -1.69000
v 0.20570 1.99990 2.69000
v 0.43420 1.65990 2.54000
v 0.00760 2.17990 2.74000
v 0.34280 2.49990 2.86000
v 0.43420 1.99990 2.66000
v 0.72370 2.39990 2.63000
v 0.66270 2.01990 2.58000
v 0.86080 2.01990 2.48000
v 0.66270 1.67990 2.48000
v 0.95220 2.29990 2.45000
v 0.92170 1.79990 2.37000
v 0.99790 2.02990 2.37000
v 1.08930 2.01990 2.34000
v 1.01310 2.29990 2.43000
v 1.19600 2.29990 2.34000
v 1.27210 2.07990 2.26000
v 0.93700 2.60990 2.49000
v 1.36350 2.29990 2.22000
v 1.43970 2.10990 2.14000
v 1.50070 2.29990 2.08000
v 1.11980 2.60990 2.40000
v 1.28740 2.60990 2.28000
v 1.36350 2.60990 2.20000
v 1.45500 2.46990 2.08000
v 1.36350 2.60990 2.16000
v 1.19600 2.75990 2.33000
v 1.01310 2.84990 2.43000
v 0.86080 2.84990 2.51000
v 0.47990 3.21990 2.60000
v 0.84560 2.60990 2.52000
v 0.66270 2.40990 2.55000
v 0.60180 2.60990 2.60000
v 0.76940 2.84990 2.55000
v 0.54080 2.84990 2.60000
v 0.46470 2.84990 2.58000
v 0.43420 3.21990 2.58000
v 0.51040 2.60990 2.57000
v 0.58660 2.39990 2.51000
v 0.20570 1.99990 -2.69000
v 0.43420 1.65990 -2.54000
v 0.00760 2.17990 -2.74000
v 0.34280 2.49990 -2.86000
v 0.43420 1.99990 -2.66000
v 0.72370 2.39990 -2.63000
v 0.66270 2.01990 -2.58000
v 0.86080 2.01990 -2.48000
v 0.66270 1.67990 -2.48000
v 0.95220 2.29990 -2.45000
v 0.92170 1.79990 -2.37000
v 0.99790 2.02990 -2.37000
v 1.08930 2.01990 -2.34000
v 1.01310 2.29990 -2.43000
v 1.19600 2.29990 -2.34000
v 1.27210 2.07990 -2.26000
v 0.93700 2.60990 -2.49000
v 1.11980 2.60990 -2.40000
v 1.36350 2.29990 -2.22000
v 1.28740 2.60990 -2.28000
v 1.36350 2.60990 -2.20000
v 1.19600 2.75990 -2.33000
v 1.01310 2.84990 -2.43000
v 1.19600 2.75990 -2.30000
v 0.86080 2.84990 -2.51000
v 0.47990 3.21990 -2.60000
v 0.84560 2.60990 -2.52000
v 0.66270 2.40990 -2.55000
v 0.60180 2.60990 -2.60000
v 0.76940 2.84990 -2.55000
v 0.54080 2.84990 -2.60000
v 0.46470 2.84990 -2.58000
v 0.43420 3.21990 -2.58000
v 0.51040 2.60990 -2.57000
v 0.58660 2.39990 -2.51000
v 2.17100 2.22990 -1.12000
v 2.21670 2.19990 -0.92000
v 2.21670 2.58990 -1.06000
v 2.27770 2.66990 -0.82000
v -2.62090 0.33990 0.00000
v -2.69710 0.67990 0.16000
v -2.81900 0.64990 0.00000
v -2.69710 0.67990 -0.16000
v -2.75000 1.03990 0.18000
v 2.68900 2.34990 -0.27000
v 2.62810 2.39990 -0.13000
v 2.68900 2.33990 -0.19000
v 2.61280 2.84990 -0.35000
v 2.71950 2.39990 -0.42000
v -2.75000 1.03990 -0.18000
v -2.93780 1.43990 0.06000
v -2.93380 1.35990 0.10000
v -2.93380 1.43990 0.10000
v -2.93780 1.35990 0.06000
v -2.88710 1.29990 0.10000
v -2.91750 1.29990 0.10000
v -2.53670 1.37990 0.50000
v -2.64330 1.55990 0.25000
v -2.58240 1.32990 0.24000
v -2.65850 1.55990 0.00000
v -2.62810 1.61990 0.38000
v -2.59760 1.30990 0.00000
v -2.52140 1.59990 0.62000
v -2.50620 1.09990 0.22000
v -2.35380 1.76990 0.95000
v -2.36910 1.91990 0.97000
v -2.38430 1.46990 0.86000
v -2.52140 1.07990 0.00000
v -2.35380 1.20990 0.76000
v -2.33860 1.23990 0.82000
v -2.24720 0.95990 0.71000
v -2.46050 1.14990 0.45000
v -2.27770 0.95990 0.65000
v -2.11010 0.67990 0.54000
v -2.36910 0.92990 0.41000
v -2.39950 0.87990 0.21000
v -2.39950 0.85990 0.00000
v -2.26240 0.77990 0.41000
v -2.17100 0.70990 0.48000
v -2.26240 0.67990 0.21000
v -2.26240 0.65990 0.00000
v -2.09480 0.49990 0.00000
v -2.09480 0.53990 0.25000
v -2.93280 1.29990 0.13000
v -2.94800 1.35990 0.13000
v -2.94800 1.43990 0.13000
v -2.97850 1.49990 0.13000
v -2.96320 1.49990 0.07000
v -2.99370 1.53990 0.13000
v -2.96320 1.49990 0.04000
v -2.99370 1.53990 0.06000
v -2.53670 1.37990 -0.50000
v -2.64330 1.55990 -0.25000
v -2.62810 1.61990 -0.38000
v -2.52140 1.59990 -0.62000
v -2.35380 1.76990 -0.95000
v -2.36910 1.91990 -0.97000
v -2.38430 1.46990 -0.86000
v -2.58240 1.32990 -0.24000
v -2.35380 1.20990 -0.76000
v -2.33860 1.23990 -0.82000
v -2.24720 0.95990 -0.71000
v -2.46050 1.14990 -0.45000
v -2.27770 0.95990 -0.65000
v -2.11010 0.67990 -0.54000
v -2.50620 1.09990 -0.22000
v -2.36910 0.92990 -0.41000
v -2.39950 0.87990 -0.21000
v -2.26240 0.77990 -0.41000
v -2.17100 0.70990 -0.48000
v -2.26240 0.67990 -0.21000
v -2.09480 0.53990 -0.25000
v -2.94800 1.35990 -0.13000
v -2.93280 1.29990 -0.13000
v -2.93380 1.35990 -0.10000
v -2.91750 1.29990 -0.10000
v -2.93380 1.43990 -0.10000
v -2.94800 1.43990 -0.13000
v -2.97850 1.49990 -0.13000
v -2.96320 1.49990 -0.07000
v -2.99370 1.53990 -0.13000
v -2.96320 1.49990 -0.04000
v -2.99370 1.53990 -0.06000
v -3.05470 1.69990 0.03000
v -3.05470 1.69990 0.07000
v -3.06990 1.79990 0.06000
v 2.52140 1.97990 0.36000
v 2.50620 2.22990 0.35000
v 2.52140 2.08990 0.47000
v 2.50620 2.26990 0.45000
v 2.49100 2.51990 0.35000
v 2.52140 1.97990 -0.36000
v 2.52140 2.08990 -0.47000
v 2.50620 2.22990 -0.35000
v 2.50620 2.26990 -0.45000
v 2.49100 2.51990 -0.35000
v -2.46050 1.26990 1.44000
v -2.46050 1.26990 1.41000
v -2.41480 1.24990 1.41000
v -2.41480 1.26990 1.44000
v 1.62250 5.04990 1.35000
v 1.43970 5.60990 1.12000
v 1.36350 5.19990 1.50000
v 1.43970 5.60990 -1.12000
v 1.62250 5.04990 -1.35000
v 1.36350 5.19990 -1.50000
v 1.85110 0.76990 0.51000
v 1.94250 0.76990 0.22000
v 1.94250 0.86990 0.45000
v 1.95770 0.95990 0.68000
v 2.04910 1.18990 0.86000
v 2.09480 1.43990 1.05000
v 2.04910 1.64990 1.24000
v 1.97300 1.67990 1.32000
v 2.09480 1.94990 1.21000
v 1.92730 1.73990 1.41000
v 1.77490 1.70990 1.61000
v 2.14050 1.90990 1.05000
v 1.86630 1.84990 1.55000
v 1.68350 1.88990 1.82000
v 2.01870 1.97990 1.37000
v 2.17100 2.22990 1.12000
v 2.21670 2.19990 0.92000
v 2.21670 2.58990 1.06000
v 2.27770 2.66990 0.82000
v 2.06440 2.48990 1.34000
v 2.07960 2.25990 1.32000
v 1.95770 2.04990 1.47000
v 2.01870 2.28990 1.40000
v 1.98820 2.45990 1.40000
v 1.77490 2.02990 1.75000
v 1.56160 2.07990 2.07000
v 1.86630 2.19990 1.66000
v 1.92720 2.39990 1.55000
v 1.97300 2.52990 1.44000
v 1.66830 2.19990 1.94000
v 1.77490 2.33990 1.82000
v 1.54640 2.29990 2.05000
v 1.59210 2.46990 1.96000
v 1.63780 2.45990 1.94000
v 1.72920 2.58990 1.82000
v 1.68350 2.58990 1.84000
v 1.75970 2.68990 1.73000
v 1.80540 2.68990 1.72000
v 1.85110 2.48990 1.69000
v 1.91200 2.61990 1.53000
v 1.95770 2.63990 1.34000
v 1.94250 2.84990 1.53000
v 1.82060 2.84990 1.69000
v 2.04910 2.84990 1.34000
v 2.11010 2.81990 1.11000
v 2.14050 2.98990 1.18000
v 2.18620 2.93990 1.00000
v 2.15580 3.12990 1.15000
v 2.23200 3.12990 0.89000
v 2.06440 3.12990 1.32000
v 1.95770 3.12990 1.50000
v 1.83580 3.12990 1.66000
v 1.80540 3.27990 1.64000
v 1.94250 3.33990 1.46000
v 2.04910 3.33990 1.29000
v 2.15580 3.33990 1.12000
v 1.92720 3.57990 1.35000
v 2.23200 3.33990 0.91000
v 2.24720 3.33990 0.76000
v 2.01870 3.57990 1.23000
v 2.12530 3.57990 1.06000
v 2.21670 3.57990 0.85000
v 2.24720 3.57990 0.65000
v 1.97300 3.74990 1.18000
v 2.04910 3.88990 0.97000
v 2.12530 3.97990 0.73000
v -2.46050 1.26990 -1.44000
v -2.41480 1.24990 -1.41000
v -2.46050 1.26990 -1.41000
v -2.26240 1.43990 1.15000
v -2.21670 1.64990 1.35000
v -2.30810 1.44990 1.11000
v -2.26240 1.43990 -1.15000
v -2.30810 1.44990 -1.11000
v -2.21670 1.64990 -1.35000
v -0.26660 5.31990 2.65000
v -0.44940 5.69990 2.58000
v -0.54080 5.10990 2.74000
v -0.02290 5.10990 2.55000
v -0.26660 5.31990 -2.65000
v -0.54080 5.10990 -2.74000
v -0.44940 5.69990 -2.58000
v -0.02290 5.10990 -2.55000
v -2.24720 2.31990 1.84000
v -2.12530 1.76990 1.59000
v -1.97300 1.88990 1.87000
v -1.98820 2.33990 1.99000
v -1.88150 1.90990 1.94000
v -1.74440 2.46990 2.20000
v -1.75970 1.94990 2.05000
v -2.12530 1.76990 -1.59000
v -2.24720 2.31990 -1.84000
v -1.97300 1.88990 -1.87000
v -1.98820 2.33990 -1.99000
v -1.88150 1.90990 -1.94000
v -1.74440 2.46990 -2.20000
v -1.75970 1.94990 -2.05000
v -2.58240 1.62990 0.60000
v -2.58240 1.62990 -0.60000
v 2.62810 2.39990 0.13000
v 2.61280 2.84990 0.35000
v 2.71950 2.39990 0.42000
v 2.04910 3.12990 0.95000
v 2.00340 3.41990 0.92000
v 1.83580 3.41990 1.24000
v 2.15580 3.24990 0.73000
v 1.86630 3.12990 1.29000
v 1.77490 3.33990 1.44000
v 1.69870 3.12990 1.58000
v 1.69870 3.16990 1.64000
v 1.59210 3.04990 1.79000
v 1.69870 2.84990 1.59000
v 1.59210 2.84990 1.81000
v 1.59210 2.75990 1.81000
v 1.71400 2.75990 1.59000
v 1.89680 2.84990 1.32000
v 1.89680 2.75990 1.32000
v 2.04910 2.81990 0.98000
v 2.20150 2.95990 0.76000
v 2.32340 3.00990 0.62000
v 2.27770 3.30990 0.59000
v 2.20150 2.66990 0.79000
v 2.04910 2.57990 1.02000
v 1.97300 2.51990 1.32000
v 2.32340 2.72990 0.65000
v 2.04910 2.28990 1.03000
v 2.00340 2.20990 1.32000
v 2.20150 2.37990 0.80000
v 2.32340 2.45990 0.67000
v 2.06440 2.01990 1.05000
v 1.97300 1.87990 1.29000
v 2.20150 2.10990 0.82000
v 2.04910 1.76990 1.05000
v 1.92730 1.62990 1.29000
v 2.20150 1.84990 0.83000
v 2.33860 2.01990 0.70000
v 2.32340 2.20990 0.70000
v 2.04910 1.50990 0.98000
v 1.92730 1.43990 1.15000
v 2.18620 1.56990 0.79000
v 1.92720 1.20990 0.94000
v 2.24720 1.52990 0.63000
v 2.00340 1.24990 0.88000
v 2.12530 1.30990 0.70000
v 1.97300 1.03990 0.70000
v 1.91200 0.98990 0.73000
v 2.04910 1.09990 0.63000
v 2.06440 1.01990 0.44000
v 2.07960 0.95990 0.22000
v 1.07410 3.83990 2.40000
v 0.93700 3.83990 2.51000
v 0.98270 3.41990 2.39000
v 1.07410 3.83990 -2.40000
v 0.98270 3.41990 -2.39000
v 0.93700 3.83990 -2.51000
v 2.47570 2.10990 0.59000
v 2.47570 2.29990 0.56000
v 2.46050 2.11990 0.67000
v 2.44520 1.97990 0.68000
v 2.44520 1.88990 0.60000
v 2.46050 2.31990 0.63000
v 2.52140 1.87990 0.51000
v 2.44520 2.48990 0.54000
v 2.43000 2.49990 0.60000
v 2.46050 2.49990 0.45000
v 2.41480 2.69990 0.53000
v 2.39950 2.69990 0.57000
v 2.44520 2.72990 0.45000
v 2.39950 2.86990 0.53000
v 2.43000 2.93990 0.45000
v 2.41480 3.15990 0.45000
v 2.35380 3.39990 0.45000
v 2.49100 2.77990 0.35000
v 2.47570 3.03990 0.35000
v 2.44520 3.24990 0.35000
v 2.39950 3.47990 0.35000
v 2.49100 3.32990 0.19000
v 2.52140 3.10990 0.19000
v 2.55190 3.15990 0.00000
v 2.56710 2.87990 0.00000
v 2.53670 2.83990 0.19000
v 2.58240 2.61990 0.00000
v 2.53670 2.54990 0.19000
v 2.56710 2.16990 0.15000
v 2.53670 2.19990 0.21000
v 2.55190 1.94990 0.24000
v -2.90230 2.25990 0.38000
v -2.90230 2.29990 0.36000
v -2.91750 2.25990 0.30000
v -2.87180 2.25990 0.44000
v -2.90230 2.22990 0.38000
v -2.87180 2.20990 0.44000
v -2.87180 2.16990 0.41000
v -2.90230 2.19990 0.36000
v -2.90230 2.17990 0.35000
v -2.87180 2.13990 0.36000
v -2.87180 2.11990 0.31000
v -2.90230 2.17990 0.31000
v -2.87180 2.11990 0.28000
v -2.90230 2.17990 0.28000
v -2.90230 2.17990 0.27000
v 0.03810 2.60990 -2.71000
v 0.32760 2.28990 -2.60000
v 0.02290 2.29990 -2.66000
v 0.02290 2.17990 -2.63000
v -0.14470 2.84990 -2.72000
v 0.03810 2.84990 -2.71000
v -0.06860 3.12990 -2.69000
v 0.03810 3.12990 -2.68000
v -0.16000 2.60990 -2.71000
v -0.20570 2.84990 -2.72000
v -0.09900 3.25990 -2.69000
v -0.25140 2.60990 -2.71000
v -0.16000 2.29990 -2.66000
v -0.26660 2.29990 -2.65000
v -0.26660 3.25990 -2.68000
v -0.25140 2.84990 -2.68000
v -0.16000 3.67990 -2.63000
v -0.09900 3.67990 -2.65000
v -0.11430 3.83990 -2.69000
v 0.16000 3.83990 -2.71000
v 0.03810 3.41990 -2.62000
v 0.19040 3.41990 -2.62000
v 1.92730 1.43990 -1.15000
v 1.92730 1.62990 -1.29000
v 2.20150 1.84990 -0.83000
v 2.04910 1.76990 -1.05000
v 1.97300 1.87990 -1.29000
v 2.06440 2.01990 -1.05000
v 2.00340 2.20990 -1.32000
v 2.20150 2.10990 -0.82000
v 2.33860 2.01990 -0.70000
v 2.04910 2.28990 -1.03000
v 1.97300 2.51990 -1.32000
v 2.32340 2.20990 -0.70000
v 2.04910 2.57990 -1.02000
v 2.20150 2.37990 -0.80000
v 2.04910 2.81990 -0.98000
v 2.20150 2.66990 -0.79000
v 2.32340 2.45990 -0.67000
v 2.46050 2.31990 -0.63000
v 2.46050 2.11990 -0.67000
v 2.44520 1.97990 -0.68000
v 2.43000 2.49990 -0.60000
v 2.39950 2.69990 -0.57000
v 2.32340 2.72990 -0.65000
v 2.20150 2.95990 -0.76000
v 2.32340 3.00990 -0.62000
v 2.39950 2.86990 -0.53000
v 2.41480 2.69990 -0.53000
v 2.44520 2.48990 -0.54000
v 2.47570 2.29990 -0.56000
v 2.46050 2.49990 -0.45000
v 2.44520 2.72990 -0.45000
v 2.47570 2.10990 -0.59000
v -2.41480 1.26990 -1.44000
v 3.10040 3.99990 0.00000
v 2.85660 4.38990 0.15000
v 2.91750 4.03990 0.19000
v 2.96320 4.49990 0.00000
v 2.85660 4.38990 -0.15000
v 2.91750 4.03990 -0.19000
v -2.93780 1.43990 -0.06000
v -2.93780 1.35990 -0.06000
v 0.00760 5.98990 1.00000
v -0.25140 5.98990 1.02000
v -0.16000 5.92990 1.09000
v -0.38850 5.98990 1.11000
v 0.00760 5.98990 -1.00000
v -0.16000 5.92990 -1.09000
v -0.25140 5.98990 -1.02000
v -0.38850 5.98990 -1.11000
v 1.79010 4.52990 -0.95000
v 1.65300 4.87990 -0.85000
v 1.83580 4.53990 -0.79000
v 1.68350 4.93990 -0.68000
v 1.62250 4.81990 -1.00000
v 1.88150 4.55990 -0.60000
v 1.72920 5.08990 -0.36000
v 1.88150 4.55990 -0.50000
v 1.95770 4.17990 -0.71000
v 1.94250 4.17990 -0.88000
v 1.97300 3.99990 -0.82000
v 1.74440 4.50990 -1.11000
v 2.12530 4.11990 -0.47000
v 2.01870 3.99990 -0.71000
v 1.97300 3.86990 -0.97000
v 1.89680 4.17990 -1.05000
v 1.59210 4.75990 -1.12000
v 1.95770 3.83990 -1.11000
v 1.94250 3.71990 -1.20000
v 1.83580 4.17990 -1.20000
v 1.68350 4.49990 -1.24000
v 1.56160 4.67990 -1.24000
v 1.89680 3.83990 -1.27000
v 1.92720 3.57990 -1.35000
v 1.77490 4.17990 -1.35000
v 1.62250 4.46990 -1.37000
v 1.51590 4.52990 -1.43000
v 1.83580 3.83990 -1.43000
v 1.69870 4.17990 -1.47000
v 1.56160 4.43990 -1.47000
v 1.48540 4.37990 -1.58000
v 1.60730 4.17990 -1.59000
v 1.74440 3.83990 -1.56000
v 1.51590 4.17990 -1.67000
v 1.45500 4.17990 -1.70000
v 1.53110 3.83990 -1.79000
v 1.42450 3.83990 -1.85000
v 1.42450 3.41990 -1.96000
v 1.63780 3.83990 -1.70000
v 1.54640 3.41990 -1.88000
v 1.54640 3.16990 -1.91000
v 1.66830 3.41990 -1.78000
v 1.68350 3.21990 -1.79000
v 1.79010 3.41990 -1.64000
v 1.80540 3.27990 -1.64000
v 1.71400 3.12990 -1.79000
v 1.83580 3.12990 -1.66000
v 1.95770 3.12990 -1.50000
v 1.88150 3.41990 -1.49000
v 1.94250 3.33990 -1.46000
v 2.06440 3.12990 -1.32000
v 2.14050 2.98990 -1.18000
v 2.18620 2.93990 -1.00000
v 2.15580 3.12990 -1.15000
v 2.23200 3.12990 -0.89000
v 2.04910 3.33990 -1.29000
v 2.15580 3.33990 -1.12000
v 2.01870 3.57990 -1.23000
v 1.97300 3.74990 -1.18000
v 2.12530 3.57990 -1.06000
v 2.04910 3.88990 -0.97000
v 2.23200 3.33990 -0.91000
v 2.24720 3.33990 -0.76000
v 2.21670 3.57990 -0.85000
v 2.12530 3.97990 -0.73000
v 2.24720 3.57990 -0.65000
v 2.17100 4.09990 -0.48000
v 0.25140 4.12990 2.43000
v -0.08380 4.40990 2.43000
v 0.05330 4.17990 2.51000
v -0.22090 4.12990 2.57000
v -0.11430 3.83990 2.69000
v 0.16000 3.83990 2.71000
v 0.17520 4.73990 2.17000
v 0.29710 3.83990 2.51000
v 0.38850 4.12990 2.34000
v 0.44940 4.12990 2.25000
v 0.51040 3.83990 2.33000
v 0.43420 3.83990 2.42000
v 0.51040 3.41990 2.45000
v 0.46470 3.41990 2.49000
v 0.47990 3.12990 2.49000
v 0.19040 3.41990 2.62000
v 0.26660 3.12990 2.63000
v 0.29710 2.84990 2.65000
v 0.46470 2.84990 2.52000
v 0.03810 3.12990 2.68000
v 0.32760 2.60990 2.65000
v 0.51040 2.60990 2.52000
v 0.32760 2.28990 2.60000
v 0.03810 2.60990 2.71000
v 0.03810 2.84990 2.71000
v 0.02290 2.29990 2.66000
v 0.02290 2.17990 2.63000
v -0.14470 2.84990 2.72000
v -0.06860 3.12990 2.69000
v -0.16000 2.29990 2.66000
v -0.16000 2.60990 2.71000
v -0.26660 2.29990 2.65000
v -0.25140 2.60990 2.71000
v -0.20570 2.84990 2.72000
v -0.09900 3.25990 2.69000
v -0.26660 3.25990 2.68000
v -0.25140 2.84990 2.68000
v -0.16000 3.67990 2.63000
v -0.09900 3.67990 2.65000
v 0.03810 3.41990 2.62000
v 0.96740 6.06990 0.16000
v 0.86080 6.21990 0.00000
v 0.81510 6.21990 0.12000
v 0.73890 6.32990 0.00000
v 1.01310 6.06990 0.00000
v 1.16550 5.87990 0.00000
v 0.78460 6.13990 0.22000
v 1.11980 5.87990 0.19000
v 1.28740 5.71990 0.00000
v 1.24170 5.71990 0.22000
v 0.87600 6.06990 0.33000
v 0.78460 6.06990 0.45000
v 0.99790 5.87990 0.41000
v 0.86080 5.87990 0.56000
v 0.95220 5.71990 0.62000
v 1.11980 5.71990 0.47000
v 1.28740 5.54990 0.35000
v 1.04360 5.54990 0.68000
v 1.21120 5.54990 0.53000
v -2.90230 1.79990 0.25000
v -2.94800 1.69990 0.07000
v -2.88710 1.69990 0.25000
v -2.91750 1.61990 0.13000
v -2.90230 1.61990 0.22000
v -2.96320 1.79990 0.06000
v -2.96320 1.85990 0.09000
v -2.91750 1.85990 0.22000
v 2.76520 1.87990 0.53000
v 2.84140 1.79990 0.73000
v -2.90230 1.79990 -0.25000
v -2.94800 1.69990 -0.07000
v -2.96320 1.79990 -0.06000
v -2.96320 1.85990 -0.09000
v -2.91750 1.85990 -0.22000
v -2.88710 1.69990 -0.25000
v -2.91750 1.61990 -0.13000
v -2.90230 1.61990 -0.22000
v 2.84140 1.79990 -0.73000
v 2.76520 1.87990 -0.53000
v 2.17100 4.09990 0.48000
v 1.88150 3.41990 1.49000
v 1.83580 3.83990 1.43000
v 1.79010 3.41990 1.64000
v 1.74440 3.83990 1.56000
v 1.66830 3.41990 1.78000
v 1.68350 3.21990 1.79000
v 1.63780 3.83990 1.70000
v 1.54640 3.41990 1.88000
v 1.60730 4.17990 1.59000
v 1.53110 3.83990 1.79000
v 1.71400 3.12990 1.79000
v 1.71400 2.84990 1.82000
v 1.60730 3.12990 1.91000
v 1.60730 2.60990 1.96000
v 1.60730 2.84990 1.94000
v 1.50070 3.12990 1.99000
v 1.48540 2.60990 2.07000
v 1.48540 2.84990 2.07000
v 1.43970 3.12990 2.01000
v 1.43970 2.60990 2.10000
v 1.42450 2.84990 2.10000
v 1.33310 2.84990 2.17000
v 1.19600 2.75990 2.30000
v 1.31780 3.12990 2.17000
v 1.19600 2.84990 2.30000
v 1.01310 2.84990 2.39000
v 1.18070 3.12990 2.30000
v 1.28740 3.41990 2.16000
v 0.99790 3.12990 2.39000
v 0.76940 3.01990 2.46000
v 1.15030 3.41990 2.30000
v 0.76940 3.12990 2.46000
v 0.51040 3.41990 2.48000
v 0.76940 3.41990 2.46000
v 0.55610 3.83990 2.42000
v 1.08930 3.83990 2.23000
v 0.76940 3.83990 2.43000
v 0.61700 4.12990 2.34000
v 0.92170 4.17990 2.23000
v 0.81510 4.63990 2.04000
v 1.11980 4.12990 2.05000
v 1.19600 4.12990 1.94000
v 1.21120 3.83990 2.10000
v 1.30260 3.83990 1.94000
v 1.19600 4.12990 1.88000
v 1.39400 3.41990 1.99000
v 1.40920 3.41990 1.94000
v 1.31780 3.83990 1.84000
v 1.34830 3.83990 1.78000
v 1.31780 4.12990 1.82000
v 1.39400 4.12990 1.75000
v 1.30260 4.32990 1.82000
v 1.37880 4.32990 1.75000
v 1.31780 4.52990 1.75000
v 1.15030 4.32990 1.91000
v 1.02840 4.32990 1.96000
v 1.24170 4.52990 1.84000
v 1.02840 4.79990 1.91000
v 1.08930 4.52990 1.91000
v 0.81510 4.73990 2.07000
v 0.99790 4.52990 1.93000
v 0.89130 4.32990 2.04000
v 0.89130 4.52990 1.96000
v 0.76940 4.32990 2.04000
v 0.69320 4.52990 2.01000
v 0.69320 4.64990 1.98000
v 0.49510 4.73990 1.96000
v 0.38850 4.52990 2.04000
v 0.61700 4.32990 2.08000
v 0.38850 4.32990 2.10000
v 0.61700 4.12990 2.14000
v 0.38850 4.12990 2.17000
v 0.52560 3.97990 2.20000
v 0.46470 3.97990 2.20000
v -2.88710 1.27990 0.12000
v -2.88710 1.27990 -0.12000
v -2.88710 1.29990 -0.10000
v 1.65300 4.87990 0.85000
v 1.79010 4.52990 0.95000
v 1.83580 4.53990 0.79000
v 1.62250 4.81990 1.00000
v 1.68350 4.93990 0.68000
v 1.88150 4.55990 0.60000
v 1.72920 5.08990 0.36000
v 1.94250 4.17990 0.67000
v 1.88150 4.55990 0.50000
v 1.95770 4.17990 0.71000
v 1.94250 4.17990 0.88000
v 1.97300 3.99990 0.82000
v 2.12530 4.11990 0.47000
v 2.01870 3.99990 0.71000
v 1.97300 3.86990 0.97000
v 1.89680 4.17990 1.05000
v 1.74440 4.50990 1.11000
v 1.59210 4.75990 1.12000
v 1.95770 3.83990 1.11000
v 1.94250 3.71990 1.20000
v 1.83580 4.17990 1.20000
v 1.68350 4.49990 1.24000
v 1.56160 4.67990 1.24000
v 1.89680 3.83990 1.27000
v 1.77490 4.17990 1.35000
v 1.62250 4.46990 1.37000
v 1.51590 4.52990 1.43000
v 1.69870 4.17990 1.47000
v 1.56160 4.43990 1.47000
v 1.48540 4.37990 1.58000
v 1.51590 4.17990 1.67000
v 1.45500 4.17990 1.70000
v 1.42450 3.83990 1.85000
v 1.42450 3.41990 1.96000
v 1.54640 3.16990 1.91000
v 2.44520 1.88990 -0.60000
v 2.52140 1.87990 -0.51000
v 2.43000 2.93990 -0.45000
v 2.49100 2.77990 -0.35000
v 2.53670 2.54990 -0.19000
v 2.47570 3.03990 -0.35000
v 2.41480 3.15990 -0.45000
v 2.53670 2.83990 -0.19000
v 2.56710 2.16990 -0.15000
v 2.52140 3.10990 -0.19000
v 2.53670 2.19990 -0.21000
v 2.55190 1.94990 -0.24000
v 2.49100 3.32990 -0.19000
v 2.52140 3.36990 0.00000
v 2.44520 3.24990 -0.35000
v 2.43000 3.53990 -0.19000
v 2.46050 3.57990 0.00000
v 2.39950 3.47990 -0.35000
v 2.36910 3.76990 -0.12000
v 2.35380 3.39990 -0.45000
v 2.32340 3.70990 -0.35000
v 2.27770 3.30990 -0.59000
v 2.27770 3.64990 -0.45000
v 2.20150 3.57990 -0.57000
v 2.15580 3.24990 -0.73000
v 2.09480 3.51990 -0.70000
v 2.04910 3.12990 -0.95000
v 2.00340 3.41990 -0.92000
v 2.01870 3.79990 -0.68000
v 2.11010 3.83990 -0.56000
v 1.92720 3.67990 -0.88000
v 1.85110 3.94990 -0.83000
v 1.86630 3.83990 -0.97000
v 1.82060 3.57990 -1.21000
v 1.91200 4.05990 -0.65000
v 1.85110 4.17990 -0.67000
v 1.80540 4.32990 -0.60000
v 1.83580 3.41990 -1.24000
v 1.77490 3.33990 -1.44000
v 1.86630 3.12990 -1.29000
v 1.69870 3.12990 -1.58000
v 1.69870 3.16990 -1.64000
v 1.59210 3.04990 -1.79000
v 1.89680 2.84990 -1.32000
v 1.69870 2.84990 -1.59000
v 1.59210 2.84990 -1.81000
v 1.59210 2.75990 -1.81000
v 1.71400 2.75990 -1.59000
v 1.89680 2.75990 -1.32000
v 1.36350 5.46990 0.60000
v 1.37880 5.36990 0.68000
v 1.42450 5.36990 0.59000
v 1.48540 5.27990 0.56000
v 1.45500 5.36990 0.50000
v 1.39400 5.46990 0.51000
v 1.40930 5.46990 0.44000
v 1.43970 5.27990 0.67000
v 1.51590 5.16990 0.62000
v 1.47020 5.16990 0.73000
v 1.36350 5.54990 0.44000
v 1.37880 5.54990 0.39000
v 1.24170 5.83990 0.31000
v 1.33310 5.54990 0.51000
v 1.40930 5.27990 0.76000
v 1.30260 5.54990 0.59000
v 1.25690 5.54990 0.67000
v 1.21120 5.54990 0.73000
v 1.31780 5.46990 0.68000
v 1.25690 5.46990 0.76000
v 1.21120 5.46990 0.83000
v 1.33310 5.36990 0.77000
v 1.27210 5.36990 0.85000
v 1.21120 5.36990 0.92000
v 1.34830 5.27990 0.85000
v 1.28740 5.27990 0.92000
v 1.18070 5.17990 0.97000
v 1.42450 5.16990 0.83000
v 1.48540 5.05990 0.79000
v 1.43970 5.05990 0.89000
v 1.36350 5.16990 0.92000
v 1.39400 5.05990 0.97000
v 1.33310 5.16990 0.98000
v 1.24170 5.19990 1.00000
v 0.38850 4.52990 -2.04000
v 0.28190 4.73990 -2.07000
v 0.43420 4.73990 -1.93000
v 0.28190 4.95990 -1.98000
v 0.44940 4.95990 -1.82000
v 0.28190 5.16990 -1.85000
v 0.28190 4.32990 -2.17000
v 0.38850 4.32990 -2.10000
v 0.28190 4.23990 -2.19000
v 0.38850 4.12990 -2.17000
v 0.35800 5.16990 -1.75000
v 0.28190 5.31990 -1.73000
v 0.44940 5.16990 -1.64000
v 0.31230 5.31990 -1.66000
v 0.28190 5.36990 -1.67000
v 0.35800 5.31990 -1.58000
v 0.31230 5.36990 -1.61000
v 0.26660 5.54990 -1.56000
v 0.31230 5.36990 -1.55000
v 0.61700 4.32990 -2.08000
v 0.61700 4.12990 -2.14000
v 0.52560 3.97990 -2.20000
v 0.46470 3.97990 -2.20000
v 0.51040 3.83990 -2.33000
v 0.76940 4.32990 -2.04000
v 0.69320 4.52990 -2.01000
v 0.49510 4.73990 -1.96000
v 0.69320 4.64990 -1.98000
v 0.89130 4.52990 -1.96000
v 0.89130 4.32990 -2.04000
v 0.99790 4.52990 -1.93000
v 1.02840 4.32990 -1.96000
v 1.08930 4.52990 -1.91000
v 1.15030 4.32990 -1.91000
v 1.19600 4.12990 -1.88000
v 0.81510 4.73990 -2.07000
v 1.02840 4.79990 -1.91000
v 1.24170 4.52990 -1.84000
v 1.31780 4.52990 -1.75000
v 1.30260 4.32990 -1.82000
v 1.37880 4.32990 -1.75000
v 1.39400 4.12990 -1.75000
v 1.31780 4.12990 -1.82000
v 1.34830 3.83990 -1.78000
v 1.31780 3.83990 -1.84000
v 1.40920 3.41990 -1.94000
v 1.30260 3.83990 -1.94000
v 1.19600 4.12990 -1.94000
v 1.39400 3.41990 -1.99000
v 1.11980 4.12990 -2.05000
v 0.81510 4.63990 -2.04000
v 1.21120 3.83990 -2.10000
v 1.28740 3.41990 -2.16000
v 1.08930 3.83990 -2.23000
v 0.92170 4.17990 -2.23000
v 0.61700 4.12990 -2.34000
v 0.76940 3.83990 -2.43000
v 0.55610 3.83990 -2.42000
v 0.76940 3.41990 -2.46000
v 0.51040 3.41990 -2.48000
v 0.76940 3.12990 -2.46000
v 0.47990 3.12990 -2.49000
v 0.76940 3.01990 -2.46000
v 0.99790 3.12990 -2.39000
v 1.01310 2.84990 -2.39000
v 1.15030 3.41990 -2.30000
v 1.18070 3.12990 -2.30000
v 1.19600 2.84990 -2.30000
v 1.31780 3.12990 -2.17000
v 1.33310 2.84990 -2.17000
v 1.42450 2.84990 -2.10000
v 1.48540 5.27990 -0.24000
v 1.40930 5.36990 -0.30000
v 1.43970 5.36990 -0.22000
v 1.51590 5.27990 -0.15000
v 1.47020 5.36990 -0.13000
v 1.56160 5.27990 0.00000
v 1.50070 5.36990 0.00000
v 1.40930 5.46990 -0.12000
v 1.43970 5.46990 0.00000
v 1.39400 5.54990 0.00000
v 1.39400 5.46990 -0.21000
v 1.36350 5.46990 -0.27000
v 1.36350 5.54990 -0.12000
v 1.34830 5.54990 -0.19000
v 1.31780 5.54990 -0.25000
v 1.33310 5.46990 -0.31000
v 1.37880 5.36990 -0.35000
v 1.31780 5.46990 -0.39000
v 1.24170 5.71990 -0.22000
v 1.28740 5.54990 -0.35000
v 1.30260 5.54990 -0.28000
v 1.11980 5.87990 -0.19000
v 1.11980 5.71990 -0.47000
v 1.21120 5.54990 -0.53000
v 1.04360 5.54990 -0.68000
v 0.95220 5.71990 -0.62000
v 0.99790 5.87990 -0.41000
v 0.86080 5.87990 -0.56000
v 0.78460 6.06990 -0.45000
v 0.87600 6.06990 -0.33000
v 0.78460 6.13990 -0.22000
v 0.96740 6.06990 -0.16000
v 0.81510 6.21990 -0.12000
v 1.37880 5.36990 -0.68000
v 1.36350 5.46990 -0.60000
v 1.42450 5.36990 -0.59000
v 1.48540 5.27990 -0.56000
v 1.45500 5.36990 -0.50000
v 1.39400 5.46990 -0.51000
v 1.40930 5.46990 -0.44000
v 1.43970 5.27990 -0.67000
v 1.51590 5.16990 -0.62000
v 1.36350 5.54990 -0.44000
v 1.37880 5.54990 -0.39000
v 1.24170 5.83990 -0.31000
v 1.33310 5.54990 -0.51000
v 1.47020 5.16990 -0.73000
v 1.53110 5.05990 -0.68000
v 1.48540 5.05990 -0.79000
v 1.40930 5.27990 -0.76000
v 1.42450 5.16990 -0.83000
v 1.43970 5.05990 -0.89000
v 1.30260 5.54990 -0.59000
v 1.31780 5.46990 -0.68000
v 1.25690 5.54990 -0.67000
v 1.21120 5.54990 -0.73000
v 1.25690 5.46990 -0.76000
v 1.21120 5.46990 -0.83000
v 1.33310 5.36990 -0.77000
v 1.27210 5.36990 -0.85000
v 1.21120 5.36990 -0.92000
v 1.34830 5.27990 -0.85000
v 1.28740 5.27990 -0.92000
v 1.18070 5.17990 -0.97000
v 1.36350 5.16990 -0.92000
v 1.39400 5.05990 -0.97000
v 1.33310 5.16990 -0.98000
v 1.24170 5.19990 -1.00000
v -0.31230 3.83990 -2.52000
v -0.16000 3.67990 -2.60000
v -0.31230 3.41990 -2.60000
v -0.16000 3.41990 -2.63000
v -0.16000 3.12990 -2.63000
v -0.31230 3.12990 -2.62000
v -0.47990 3.41990 -2.57000
v -0.47990 3.12990 -2.60000
v -0.47990 2.84990 -2.58000
v -0.31230 2.84990 -2.60000
v -0.16000 2.84990 -2.63000
v -0.20570 2.60990 -2.60000
v -0.31230 2.60990 -2.57000
v -0.26660 2.31990 -2.55000
v -0.31230 2.31990 -2.54000
v -0.31230 2.22990 -2.55000
v -0.47990 2.45990 -2.52000
v -0.47990 2.60990 -2.55000
v -0.70840 2.48990 -2.48000
v -0.70840 2.60990 -2.52000
v -0.70840 2.84990 -2.55000
v -0.70840 3.12990 -2.58000
v -0.99790 3.12990 -2.48000
v -0.99790 2.84990 -2.46000
v -1.15030 2.84990 -2.39000
v -0.99790 2.60990 -2.45000
v -0.99790 2.42990 -2.42000
v -1.15030 2.60990 -2.37000
v -1.24170 2.61990 -2.33000
v -1.15030 2.42990 -2.36000
v -0.23610 5.74990 2.14000
v -0.25140 5.59990 2.43000
v -0.34280 5.91990 2.11000
v -0.22090 5.33990 2.51000
v -0.09900 5.23990 2.43000
v 0.14470 5.17990 2.28000
v 0.22090 5.08990 2.39000
v 0.52560 5.01990 2.19000
v 0.61700 5.11990 1.87000
v -0.23610 5.74990 -2.14000
v -0.25140 5.59990 -2.43000
v -0.34280 5.91990 -2.11000
v -0.22090 5.33990 -2.51000
v -0.09900 5.23990 -2.43000
v 0.14470 5.17990 -2.28000
v 0.22090 5.08990 -2.39000
v 0.52560 5.01990 -2.19000
v 0.61700 5.11990 -1.87000
v -1.68350 2.11990 2.13000
v -1.59210 2.10990 2.20000
v -1.60730 1.85990 2.14000
v -1.21120 2.11990 2.37000
v -1.56160 2.29990 2.22000
v -1.21120 2.42990 2.42000
v -1.34830 2.60990 2.36000
v -1.16550 2.92990 2.48000
v -1.57680 2.33990 2.19000
v -1.69870 2.11990 2.08000
v -1.36350 2.61990 2.33000
v -1.16550 2.93990 2.46000
v -1.28740 2.84990 2.33000
v -1.59210 2.10990 -2.20000
v -1.68350 2.11990 -2.13000
v -1.60730 1.85990 -2.14000
v -1.21120 2.11990 -2.37000
v -1.56160 2.29990 -2.22000
v -1.21120 2.42990 -2.42000
v -1.34830 2.60990 -2.36000
v -1.16550 2.92990 -2.48000
v -1.57680 2.33990 -2.19000
v -1.69870 2.11990 -2.08000
v -1.36350 2.61990 -2.33000
v -1.16550 2.93990 -2.46000
v -1.28740 2.84990 -2.33000
v -0.12950 5.16990 2.14000
v -0.22090 5.57990 1.90000
v -0.31230 5.16990 2.10000
v -0.12950 5.16990 -2.14000
v -0.31230 5.16990 -2.10000
v -0.22090 5.57990 -1.90000
v 1.77490 4.84990 0.12000
v 1.69870 4.95990 0.13000
v 1.74440 4.84990 0.19000
v 1.85110 4.69990 0.19000
v 1.89680 4.72990 0.00000
v 2.01870 4.47990 0.00000
v 1.68350 4.95990 0.19000
v 1.62250 5.05990 0.18000
v 1.63780 5.05990 0.13000
v 1.63780 4.95990 0.28000
v 1.59210 5.05990 0.27000
v 1.57680 5.16990 0.16000
v 1.59210 5.16990 0.09000
v 1.54640 5.16990 0.25000
v 1.69870 4.84990 0.30000
v 1.54640 5.05990 0.36000
v 1.51590 5.27990 0.15000
v 1.48540 5.27990 0.24000
v 1.47020 5.36990 0.13000
v 1.43970 5.36990 0.22000
v 1.40930 5.46990 0.12000
v 1.39400 5.46990 0.21000
v 1.36350 5.54990 0.12000
v 1.34830 5.54990 0.19000
v 1.31780 5.54990 0.25000
v 1.36350 5.46990 0.27000
v 1.30260 5.54990 0.28000
v 1.40930 5.36990 0.30000
v 0.58660 5.71990 0.98000
v 0.52560 5.87990 0.82000
v 0.43420 5.87990 0.94000
v 0.67800 5.71990 0.86000
v 0.70840 5.60990 0.97000
v 0.81510 5.60990 0.86000
v 0.76940 5.71990 0.71000
v 0.93700 5.60990 0.68000
v 0.84560 5.71990 0.56000
v 0.61700 5.87990 0.68000
v 0.70840 5.87990 0.50000
v 0.78460 5.87990 0.41000
v 0.66270 5.98990 0.33000
v 0.72370 5.98990 0.22000
v 0.58660 5.98990 0.48000
v 0.51040 5.98990 0.63000
v 0.43420 5.98990 0.76000
v 0.55610 6.13990 0.24000
v 0.66270 6.13990 0.00000
v 0.47990 6.32990 0.00000
v 0.38850 6.32990 0.16000
v 0.11430 6.51990 0.00000
v 0.46470 6.13990 0.48000
v 0.28190 6.32990 0.33000
v 0.32760 6.13990 0.68000
v 0.03810 6.45990 0.24000
v 0.11430 6.32990 0.48000
v -0.16000 6.61990 0.00000
v -0.31230 6.45990 0.28000
v -0.34280 6.61990 0.00000
v -0.16000 6.32990 0.56000
v 0.00760 6.21990 0.76000
v -0.47990 6.32990 0.39000
v -0.49510 6.45990 0.16000
v -0.75410 6.45990 0.00000
v -0.19040 6.32990 0.68000
v -0.67800 6.32990 0.24000
v -0.99790 6.32990 0.00000
v -0.67800 6.13990 0.48000
v -0.89130 6.13990 0.33000
v -1.16550 6.13990 0.00000
v -0.84560 5.98990 0.57000
v -1.07410 5.98990 0.31000
v -1.16550 5.92990 0.28000
v -0.89130 5.71990 0.60000
v -1.16550 5.71990 0.42000
v -0.09900 6.21990 0.83000
v -0.29710 6.32990 0.73000
v -0.29710 6.21990 0.91000
v -0.38850 6.32990 0.77000
v 0.00760 6.10990 0.91000
v 0.11430 6.10990 0.91000
v 0.23610 5.98990 0.97000
v 0.32760 5.98990 0.86000
v 0.32760 5.87990 1.05000
v 0.23610 5.87990 1.14000
v 0.46470 5.77990 1.09000
v 0.38850 5.77990 1.17000
v -0.08380 4.40990 -2.43000
v 0.25140 4.12990 -2.43000
v 0.05330 4.17990 -2.51000
v -0.22090 4.12990 -2.57000
v 0.17520 4.73990 -2.17000
v 0.29710 3.83990 -2.51000
v 0.38850 4.12990 -2.34000
v 0.44940 4.12990 -2.25000
v 0.43420 3.83990 -2.42000
v 0.51040 3.41990 -2.45000
v 0.46470 3.41990 -2.49000
v 0.26660 3.12990 -2.63000
v 0.29710 2.84990 -2.65000
v 0.46470 2.84990 -2.52000
v 0.32760 2.60990 -2.65000
v 0.51040 2.60990 -2.52000
v 0.93700 1.81990 2.42000
v 0.93700 1.81990 -2.42000
v 0.84560 5.71990 -0.56000
v 0.70840 5.87990 -0.50000
v 0.78460 5.87990 -0.41000
v 0.58660 5.98990 -0.48000
v 0.61700 5.87990 -0.68000
v 0.51040 5.98990 -0.63000
v 0.32760 6.13990 -0.68000
v 0.66270 5.98990 -0.33000
v 0.72370 5.98990 -0.22000
v 0.55610 6.13990 -0.24000
v 0.46470 6.13990 -0.48000
v 0.38850 6.32990 -0.16000
v 0.28190 6.32990 -0.33000
v 0.11430 6.32990 -0.48000
v 0.00760 6.21990 -0.76000
v 0.03810 6.45990 -0.24000
v -0.16000 6.32990 -0.56000
v -0.19040 6.32990 -0.68000
v -0.31230 6.45990 -0.28000
v -0.47990 6.32990 -0.39000
v -0.09900 6.21990 -0.83000
v 0.00760 6.10990 -0.91000
v -0.29710 6.32990 -0.73000
v -0.29710 6.21990 -0.91000
v -0.38850 6.32990 -0.77000
v -0.49510 6.45990 -0.16000
v -0.67800 6.32990 -0.24000
v -0.67800 6.13990 -0.48000
v -0.89130 6.13990 -0.33000
v -0.84560 5.98990 -0.57000
v -1.07410 5.98990 -0.31000
v -1.16550 5.92990 -0.28000
v -0.89130 5.71990 -0.60000
v -1.16550 5.71990 -0.42000
v 1.53110 4.73990 0.92000
v 1.56160 4.78990 0.80000
v 1.51590 4.84990 0.88000
v 1.56160 4.84990 0.77000
v 1.60730 4.84990 0.60000
v 1.54640 4.95990 0.73000
v 1.50070 4.95990 0.83000
v 1.47020 4.84990 0.98000
v 1.53110 5.05990 0.68000
v 1.45500 4.95990 0.94000
v 1.42450 4.95990 1.00000
v 1.45500 4.84990 1.05000
v 1.48540 4.73990 1.02000
v 1.45500 4.73990 1.14000
v 1.48540 4.69990 1.03000
v 1.43970 4.61990 1.18000
v 1.40920 4.66990 1.26000
v 1.39400 4.52990 1.35000
v 1.36350 4.66990 1.41000
v 1.28740 4.52990 1.52000
v 1.39400 4.32990 1.49000
v 1.28740 4.32990 1.59000
v 1.39400 4.12990 1.58000
v 1.28740 4.12990 1.69000
v 1.19600 4.32990 1.67000
v 1.13500 4.52990 1.67000
v 1.11980 4.73990 1.61000
v 1.21120 4.73990 1.49000
v 0.99790 4.73990 1.73000
v 1.07410 4.95990 1.53000
v 1.16550 4.95990 1.43000
v 0.95220 4.95990 1.64000
v 0.81510 4.87990 1.78000
v 1.01310 5.16990 1.44000
v 1.08930 5.16990 1.34000
v 0.79980 4.95990 1.75000
v 0.64750 4.95990 1.81000
v 0.90650 5.16990 1.55000
v 0.95220 5.36990 1.34000
v 1.02840 5.36990 1.23000
v 1.10460 5.25990 1.26000
v 1.05880 5.36990 1.17000
v 0.76940 5.16990 1.64000
v 0.46470 5.16990 1.73000
v 0.44940 4.95990 1.82000
v 0.63230 5.16990 1.70000
v 0.49510 5.36990 1.61000
v 0.84560 5.36990 1.44000
v 0.73890 5.36990 1.52000
v 0.61700 5.36990 1.58000
v 0.52560 5.54990 1.49000
v 0.89130 5.54990 1.24000
v 0.79980 5.54990 1.34000
v 0.70840 5.54990 1.41000
v 0.61700 5.54990 1.46000
v 0.61700 6.03990 1.09000
v 0.64750 6.01990 1.09000
v 0.70840 5.94990 1.08000
v 0.78460 5.81990 1.05000
v 0.95220 5.54990 1.17000
v 0.96740 5.54990 1.12000
v 0.81510 5.71990 0.98000
v 0.86080 5.54990 1.08000
v 0.96740 5.54990 0.95000
v 0.69320 5.54990 1.17000
v 0.66270 5.71990 1.08000
v 0.72370 5.36990 1.24000
v 0.89130 5.36990 1.17000
v 1.02840 5.36990 1.03000
v 1.04360 5.23990 1.12000
v 1.08930 5.36990 0.92000
v 1.15030 5.36990 0.83000
v 0.89130 5.71990 0.88000
v 0.73890 5.87990 0.88000
v 1.02840 5.54990 0.85000
v 1.07410 5.54990 0.74000
v 1.15030 5.46990 0.74000
v 0.95220 5.71990 0.77000
v 0.99790 5.71990 0.67000
v 0.81510 5.87990 0.79000
v 0.87600 5.87990 0.70000
v 0.90650 5.87990 0.60000
v 0.67800 6.06990 0.76000
v 0.52560 6.06990 0.85000
v 0.51040 6.38990 0.59000
v 0.73890 6.06990 0.68000
v 0.57130 6.38990 0.50000
v 0.78460 6.06990 0.60000
v 0.79980 6.06990 0.56000
v 0.46470 5.77990 -1.09000
v 0.43420 5.87990 -0.94000
v 0.58660 5.71990 -0.98000
v 0.61700 5.60990 -1.06000
v 0.52560 5.60990 -1.18000
v 0.66270 5.46990 -1.14000
v 0.38850 5.77990 -1.17000
v 0.58660 5.46990 -1.27000
v 0.72370 5.36990 -1.24000
v 0.67800 5.36990 -1.35000
v 0.44940 5.60990 -1.29000
v 0.47990 5.46990 -1.41000
v 0.47990 5.36990 -1.53000
v 0.28190 5.46990 -1.46000
v 0.28190 5.60990 -1.37000
v 0.00760 5.60990 -1.43000
v 0.00760 5.46990 -1.49000
v 0.28190 5.77990 -1.26000
v -0.31230 5.54990 -1.53000
v 0.23610 5.87990 -1.14000
v 0.00760 5.77990 -1.34000
v -0.25140 5.77990 -1.35000
v 0.00760 5.98990 -1.20000
v -0.31230 5.60990 -1.47000
v -0.34280 5.77990 -1.35000
v 0.12950 5.98990 -1.06000
v -0.47990 5.60990 -1.47000
v -0.47990 5.46990 -1.58000
v -0.37330 5.46990 -1.58000
v -0.47990 5.36990 -1.69000
v 0.23610 5.98990 -0.97000
v 0.11430 6.10990 -0.91000
v 0.32760 5.87990 -1.05000
v 0.32760 5.98990 -0.86000
v 0.43420 5.98990 -0.76000
v 0.52560 5.87990 -0.82000
v 0.67800 5.71990 -0.86000
v 0.70840 5.60990 -0.97000
v 0.81510 5.60990 -0.86000
v 0.76940 5.71990 -0.71000
v 0.93700 5.60990 -0.68000
v 1.53110 4.73990 -0.92000
v 1.51590 4.84990 -0.88000
v 1.56160 4.78990 -0.80000
v 1.56160 4.84990 -0.77000
v 1.60730 4.84990 -0.60000
v 1.54640 4.95990 -0.73000
v 1.50070 4.95990 -0.83000
v 1.47020 4.84990 -0.98000
v 1.45500 4.95990 -0.94000
v 1.42450 4.95990 -1.00000
v 1.45500 4.84990 -1.05000
v 1.48540 4.73990 -1.02000
v 1.45500 4.73990 -1.14000
v 1.48540 4.69990 -1.03000
v 1.43970 4.61990 -1.18000
v 1.40920 4.66990 -1.26000
v 1.39400 4.52990 -1.35000
v 1.36350 4.66990 -1.41000
v 1.28740 4.52990 -1.52000
v 1.39400 4.32990 -1.49000
v 1.28740 4.32990 -1.59000
v 1.39400 4.12990 -1.58000
v 1.28740 4.12990 -1.69000
v 1.19600 4.32990 -1.67000
v 1.13500 4.52990 -1.67000
v 1.11980 4.73990 -1.61000
v 1.21120 4.73990 -1.49000
v 0.99790 4.73990 -1.73000
v 1.07410 4.95990 -1.53000
v 1.16550 4.95990 -1.43000
v 0.95220 4.95990 -1.64000
v 0.81510 4.87990 -1.78000
v 1.01310 5.16990 -1.44000
v 1.08930 5.16990 -1.34000
v 0.79980 4.95990 -1.75000
v 0.64750 4.95990 -1.81000
v 0.90650 5.16990 -1.55000
v 0.95220 5.36990 -1.34000
v 0.76940 5.16990 -1.64000
v 0.84560 5.36990 -1.44000
v 1.02840 5.36990 -1.23000
v 1.10460 5.25990 -1.26000
v 1.05880 5.36990 -1.17000
v 0.89130 5.54990 -1.24000
v 0.95220 5.54990 -1.17000
v 0.96740 5.54990 -1.12000
v 0.78460 5.81990 -1.05000
v 0.79980 5.54990 -1.34000
v 0.70840 5.94990 -1.08000
v 0.73890 5.36990 -1.52000
v 0.70840 5.54990 -1.41000
v 0.64750 6.01990 -1.09000
v 0.63230 5.16990 -1.70000
v 0.46470 5.16990 -1.73000
v 0.49510 5.36990 -1.61000
v 0.61700 5.36990 -1.58000
v 0.52560 5.54990 -1.49000
v 0.61700 5.54990 -1.46000
v 0.61700 6.03990 -1.09000
v 0.86080 5.54990 -1.08000
v 0.81510 5.71990 -0.98000
v 0.96740 5.54990 -0.95000
v 0.69320 5.54990 -1.17000
v 0.66270 5.71990 -1.08000
v 0.89130 5.36990 -1.17000
v 1.02840 5.36990 -1.03000
v 1.04360 5.23990 -1.12000
v 1.08930 5.36990 -0.92000
v 1.15030 5.36990 -0.83000
v 0.89130 5.71990 -0.88000
v 1.02840 5.54990 -0.85000
v 0.73890 5.87990 -0.88000
v 1.07410 5.54990 -0.74000
v 1.15030 5.46990 -0.74000
v 0.95220 5.71990 -0.77000
v 0.99790 5.71990 -0.67000
v 0.81510 5.87990 -0.79000
v 0.67800 6.06990 -0.76000
v 0.52560 6.06990 -0.85000
v 0.51040 6.38990 -0.59000
v 0.87600 5.87990 -0.70000
v 0.90650 5.87990 -0.60000
v 0.73890 6.06990 -0.68000
v 0.57130 6.38990 -0.50000
v 0.78460 6.06990 -0.60000
v 0.79980 6.06990 -0.56000
v 2.90230 2.25990 0.77000
v 2.78040 2.23990 0.53000
v 2.59760 2.86990 0.59000
v 2.90230 2.25990 -0.77000
v 2.78040 2.23990 -0.53000
v 2.59760 2.86990 -0.59000
v -2.90230 2.25990 0.22000
v -2.90230 2.29990 0.24000
v -2.90230 2.28990 0.22000
v -2.90230 2.25990 -0.38000
v -2.90230 2.29990 -0.36000
v -2.90230 2.28990 -0.38000
v -1.27210 5.98990 0.59000
v -0.89130 5.98990 0.71000
v -0.89130 5.98990 -0.71000
v -1.27210 5.98990 -0.59000
v -1.16550 3.67990 2.52000
v -1.22640 4.15990 2.28000
v -1.48540 3.68990 2.45000
v -1.16550 3.67990 -2.52000
v -1.48540 3.68990 -2.45000
v -1.22640 4.15990 -2.28000
v -0.70840 3.12990 2.58000
v -0.49510 3.41990 2.60000
v -0.70840 3.41990 2.58000
v -0.47990 3.12990 2.62000
v -0.54080 3.83990 2.55000
v -0.47990 2.84990 2.58000
v -0.70840 3.83990 2.55000
v -0.63230 4.40990 2.46000
v -0.95220 3.83990 2.46000
v -0.67800 4.40990 2.43000
v -0.99790 3.12990 2.48000
v -1.07410 3.83990 2.33000
v -0.89130 4.17990 2.34000
v -0.99790 3.41990 2.49000
v -1.11980 3.67990 2.40000
v -1.10460 4.17990 2.20000
v -1.13500 3.83990 2.28000
v -1.21120 3.97990 2.17000
v -0.52560 4.93990 2.20000
v -0.61700 4.17990 2.42000
v -1.15030 3.41990 2.42000
v -1.24170 3.41990 2.37000
v -0.47990 4.17990 2.43000
v -1.15030 3.12990 2.40000
v -1.27210 3.12990 2.36000
v -0.55610 3.83990 2.49000
v -0.47990 4.93990 2.23000
v -1.15030 2.84990 2.39000
v -0.31230 4.17990 2.43000
v -0.25140 4.17990 2.42000
v -1.24170 2.61990 2.33000
v -0.31230 3.83990 2.52000
v 0.00760 4.12990 2.39000
v -0.20570 3.83990 2.49000
v -0.16000 3.67990 2.60000
v -1.15030 2.60990 2.37000
v -1.15030 2.42990 2.36000
v -0.99790 2.42990 2.42000
v -0.99790 2.60990 2.45000
v -0.70840 2.48990 2.48000
v -0.99790 2.84990 2.46000
v -0.70840 2.60990 2.52000
v -0.70840 2.84990 2.55000
v -0.47990 2.60990 2.55000
v -0.47990 2.45990 2.52000
v -0.31230 2.60990 2.57000
v -0.31230 2.31990 2.54000
v -0.26660 2.31990 2.55000
v -0.31230 2.22990 2.55000
v -0.20570 2.60990 2.60000
v -0.31230 2.84990 2.60000
v -0.16000 2.84990 2.63000
v -0.16000 3.12990 2.63000
v -0.31230 3.12990 2.62000
v -0.47990 3.12990 2.60000
v -0.47990 3.41990 2.57000
v -0.31230 3.41990 2.60000
v -0.16000 3.41990 2.63000
v -0.47990 3.83990 2.48000
v -0.49510 3.41990 -2.60000
v -0.47990 3.12990 -2.62000
v -0.70840 3.41990 -2.58000
v -0.54080 3.83990 -2.55000
v -0.70840 3.83990 -2.55000
v -0.63230 4.40990 -2.46000
v -0.95220 3.83990 -2.46000
v -0.67800 4.40990 -2.43000
v -0.99790 3.41990 -2.49000
v -1.07410 3.83990 -2.33000
v -0.89130 4.17990 -2.34000
v -1.11980 3.67990 -2.40000
v -1.15030 3.41990 -2.42000
v -1.13500 3.83990 -2.28000
v -1.24170 3.41990 -2.37000
v -1.10460 4.17990 -2.20000
v -1.21120 3.97990 -2.17000
v -0.52560 4.93990 -2.20000
v -0.61700 4.17990 -2.42000
v -1.15030 3.12990 -2.40000
v -1.27210 3.12990 -2.36000
v -0.47990 4.17990 -2.43000
v -0.55610 3.83990 -2.49000
v -0.47990 4.93990 -2.23000
v -0.31230 4.17990 -2.43000
v -0.25140 4.17990 -2.42000
v -0.47990 3.83990 -2.48000
v -0.20570 3.83990 -2.49000
v 0.00760 4.12990 -2.39000
v 1.72920 5.08990 0.31000
v -0.14470 5.31990 1.79000
v 0.00760 5.31990 1.78000
v -0.14470 5.36990 1.73000
v -0.25140 5.27990 1.81000
v -0.37330 5.36990 1.70000
v -0.37330 5.23990 1.84000
v -0.47990 5.23990 1.79000
v -0.47990 5.36990 1.69000
v -0.37330 5.46990 1.58000
v -0.29710 5.54990 1.59000
v -0.14470 5.54990 1.61000
v 0.00760 5.98990 1.35000
v 0.00760 5.54990 1.61000
v 0.26660 5.54990 1.56000
v 0.00760 5.36990 1.73000
v 0.28190 5.36990 1.67000
v 0.28190 5.31990 1.73000
v 0.11430 5.16990 1.87000
v 0.28190 5.16990 1.85000
v 0.16000 4.95990 1.98000
v 0.28190 4.95990 1.98000
v 0.28190 4.73990 2.07000
v 0.00760 4.73990 2.13000
v 0.43420 4.73990 1.93000
v 0.35800 5.16990 1.75000
v 0.44940 5.16990 1.64000
v 0.31230 5.31990 1.66000
v 0.35800 5.31990 1.58000
v 0.31230 5.36990 1.61000
v 0.31230 5.36990 1.55000
v 0.26660 5.54990 1.53000
v 0.26660 5.54990 1.49000
v 0.28190 4.52990 2.13000
v 0.28190 4.32990 2.17000
v 0.00760 4.52990 2.20000
v 0.28190 4.23990 2.19000
v -0.26660 4.52990 2.22000
v 0.00760 4.32990 2.25000
v 0.00760 4.23990 2.30000
v -0.26660 4.32990 2.26000
v -0.26660 4.23990 2.34000
v 2.85660 2.93990 0.00000
v -1.48540 3.41990 2.23000
v -1.33310 3.22990 2.37000
v -1.48540 3.41990 -2.23000
v -1.33310 3.22990 -2.37000
v 2.39950 1.87990 0.74000
v 2.39950 1.87990 -0.74000
v -0.95220 5.54990 1.87000
v -1.11980 5.23990 1.91000
v -0.99790 5.23990 2.04000
v -0.95220 5.54990 -1.87000
v -0.99790 5.23990 -2.04000
v -1.11980 5.23990 -1.91000
v -2.72750 1.08990 0.09000
v -2.72750 1.05990 0.00000
v -2.65140 1.08990 0.06000
v -2.62090 1.08990 0.00000
v -2.78850 1.08990 0.06000
v -2.81900 1.08990 0.00000
v -2.72750 1.08990 -0.09000
v -2.65140 1.08990 -0.06000
v -2.78850 1.08990 -0.06000
v 1.33310 5.46990 0.31000
v 1.31780 5.46990 0.39000
v 1.37880 5.36990 0.35000
v 1.34830 5.36990 0.44000
v 1.45500 5.27990 0.31000
v 1.40930 5.27990 0.38000
v 1.37880 5.27990 0.48000
v 1.50070 5.16990 0.33000
v 1.45500 5.16990 0.41000
v 1.40930 5.16990 0.51000
v 1.50070 5.05990 0.44000
v 1.45500 5.05990 0.54000
v 1.59210 4.95990 0.38000
v 1.54640 4.95990 0.47000
v 1.50070 4.95990 0.57000
v 1.59210 4.84990 0.48000
v 1.65300 4.84990 0.39000
v 1.82060 4.66990 0.31000
v 1.77490 4.63990 0.41000
v 1.72920 4.60990 0.50000
v 1.63780 4.73990 0.59000
v 1.71400 4.55990 0.56000
v 1.98820 4.46990 0.19000
v 1.95770 4.43990 0.31000
v 1.91200 4.40990 0.42000
v 1.85110 4.37990 0.51000
v 1.80540 4.32990 0.60000
v 2.14050 4.23990 0.07000
v 2.18620 4.26990 0.00000
v 2.12530 4.21990 0.19000
v 2.32340 4.03990 0.07000
v 2.35380 4.06990 0.00000
v 2.26240 3.99990 0.12000
v 2.47570 3.91990 0.00000
v 2.44520 3.86990 0.07000
v 2.64330 3.77990 0.07000
v 2.64330 3.82990 0.00000
v 2.36910 3.76990 0.12000
v 2.41480 3.71990 0.12000
v 2.68900 3.64990 0.15000
v 2.24720 3.97990 0.19000
v 2.09480 4.18990 0.33000
v 2.04910 4.15990 0.44000
v 2.21670 3.94990 0.35000
v 2.35380 3.74990 0.19000
v 2.43000 3.53990 0.19000
v 2.32340 3.70990 0.35000
v 2.17100 3.89990 0.45000
v 2.27770 3.64990 0.45000
v 1.98820 4.11990 0.54000
v 2.11010 3.83990 0.56000
v 1.91200 4.05990 0.65000
v 1.85110 4.17990 0.67000
v 1.85110 3.94990 0.83000
v 2.01870 3.79990 0.68000
v 2.20150 3.57990 0.57000
v 1.92720 3.67990 0.88000
v 1.86630 3.83990 0.97000
v 1.82060 3.57990 1.21000
v 2.09480 3.51990 0.70000
v 1.72920 5.08990 -0.31000
v 1.94250 4.17990 -0.67000
v 1.77490 4.84990 -0.12000
v 1.74440 4.84990 -0.19000
v 1.69870 4.95990 -0.13000
v 1.85110 4.69990 -0.19000
v 1.68350 4.95990 -0.19000
v 1.62250 5.05990 -0.18000
v 1.63780 5.05990 -0.13000
v 1.63780 4.95990 -0.28000
v 1.69870 4.84990 -0.30000
v 1.57680 5.16990 -0.16000
v 1.59210 5.16990 -0.09000
v 1.59210 5.05990 -0.27000
v 1.54640 5.16990 -0.25000
v 1.50070 5.16990 -0.33000
v 1.54640 5.05990 -0.36000
v 1.59210 4.95990 -0.38000
v 1.45500 5.27990 -0.31000
v 1.45500 5.16990 -0.41000
v 1.40930 5.27990 -0.38000
v 1.37880 5.27990 -0.48000
v 1.34830 5.36990 -0.44000
v 1.40930 5.16990 -0.51000
v 1.50070 5.05990 -0.44000
v 1.45500 5.05990 -0.54000
v 1.54640 4.95990 -0.47000
v 1.50070 4.95990 -0.57000
v 1.59210 4.84990 -0.48000
v 1.65300 4.84990 -0.39000
v 1.82060 4.66990 -0.31000
v 1.77490 4.63990 -0.41000
v 1.72920 4.60990 -0.50000
v 1.63780 4.73990 -0.59000
v 1.71400 4.55990 -0.56000
v 1.98820 4.46990 -0.19000
v 1.95770 4.43990 -0.31000
v 1.91200 4.40990 -0.42000
v 1.85110 4.37990 -0.51000
v 2.14050 4.23990 -0.07000
v 2.12530 4.21990 -0.19000
v 2.32340 4.03990 -0.07000
v 2.26240 3.99990 -0.12000
v 2.44520 3.86990 -0.07000
v 2.64330 3.77990 -0.07000
v 2.41480 3.71990 -0.12000
v 2.68900 3.64990 -0.15000
v 2.24720 3.97990 -0.19000
v 2.09480 4.18990 -0.33000
v 2.35380 3.74990 -0.19000
v 2.21670 3.94990 -0.35000
v 2.04910 4.15990 -0.44000
v 2.17100 3.89990 -0.45000
v 1.98820 4.11990 -0.54000
v -1.99680 3.50990 1.98000
v -2.22530 3.04990 1.55000
v -2.12530 2.93990 1.70000
v -2.35480 2.77990 1.36000
v -2.24720 2.66990 1.50000
v -2.44520 2.48990 1.17000
v -2.52240 2.57990 1.09000
v -2.59760 2.22990 0.95000
v -2.67470 2.33990 0.80000
v -2.85760 2.07990 0.55000
v -1.99680 3.50990 -1.98000
v -2.12530 2.93990 -1.70000
v -2.22530 3.04990 -1.55000
v -2.35480 2.77990 -1.36000
v -2.24720 2.66990 -1.50000
v -2.44520 2.48990 -1.17000
v -2.52240 2.57990 -1.09000
v -2.59760 2.22990 -0.95000
v -2.67470 2.33990 -0.80000
v -2.85760 2.07990 -0.55000
v -0.14470 5.36990 -1.73000
v 0.00760 5.31990 -1.78000
v -0.14470 5.31990 -1.79000
v -0.25140 5.27990 -1.81000
v -0.37330 5.36990 -1.70000
v -0.37330 5.23990 -1.84000
v -0.47990 5.23990 -1.79000
v -0.29710 5.54990 -1.59000
v -0.14470 5.54990 -1.61000
v 0.00760 5.98990 -1.35000
v 0.00760 5.54990 -1.61000
v 0.00760 5.36990 -1.73000
v 0.11430 5.16990 -1.87000
v 0.16000 4.95990 -1.98000
v 0.00760 4.73990 -2.13000
v 0.00760 4.84990 -2.08000
v 0.00760 4.95990 -2.08000
v 0.08380 5.16990 -1.99000
v -0.00760 5.16990 -2.10000
v -0.12950 4.95990 -2.13000
v -0.26660 4.73990 -2.16000
v -0.26660 4.95990 -2.08000
v -0.47990 4.95990 -2.07000
v -0.38850 5.16990 -1.96000
v -0.47990 4.73990 -2.14000
v -0.47990 5.16990 -1.98000
v -0.49510 5.31990 -1.87000
v -0.67800 5.31990 -1.91000
v -0.61700 5.54990 -1.81000
v -0.67800 5.16990 -2.01000
v -0.67800 4.95990 -2.08000
v -0.84560 4.95990 -2.04000
v -0.67800 4.73990 -2.13000
v -0.86080 4.73990 -2.07000
v -0.95220 4.95990 -1.99000
v -1.02840 4.73990 -2.02000
v -0.86080 4.52990 -2.10000
v -0.67800 4.52990 -2.16000
v -0.47990 4.52990 -2.20000
v -1.02840 4.52990 -2.04000
v -1.16550 4.52990 -1.96000
v -0.67800 4.32990 -2.22000
v -0.86080 4.32990 -2.14000
v -1.04360 4.32990 -2.08000
v -0.86080 4.23990 -2.17000
v -1.08930 4.17990 -2.14000
v -0.47990 4.32990 -2.26000
v -0.86080 4.23990 -2.23000
v -0.67800 4.23990 -2.26000
v -0.47990 4.23990 -2.30000
v -0.26660 4.23990 -2.34000
v -1.16550 4.32990 -2.01000
v -1.18070 4.17990 -2.07000
v -1.27210 4.32990 -1.91000
v -1.34830 4.47990 -1.91000
v 0.00760 4.23990 -2.30000
v -0.26660 4.32990 -2.26000
v -0.26660 4.52990 -2.22000
v 0.00760 4.32990 -2.25000
v 0.00760 4.52990 -2.20000
v 0.28190 4.52990 -2.13000
v -0.47990 4.32990 2.26000
v -0.47990 4.23990 2.30000
v -0.67800 4.23990 2.26000
v -0.47990 4.52990 2.20000
v -0.67800 4.32990 2.22000
v -0.86080 4.23990 2.23000
v -0.67800 4.52990 2.16000
v -0.47990 4.73990 2.14000
v -0.86080 4.52990 2.10000
v -0.26660 4.73990 2.16000
v -0.67800 4.73990 2.13000
v 0.00760 4.84990 2.08000
v -0.26660 4.95990 2.08000
v 0.00760 4.95990 2.08000
v 0.08380 5.16990 1.99000
v -0.12950 4.95990 2.13000
v -0.00760 5.16990 2.10000
v -0.47990 4.95990 2.07000
v -0.38850 5.16990 1.96000
v -0.67800 4.95990 2.08000
v -0.47990 5.16990 1.98000
v -0.49510 5.31990 1.87000
v -0.67800 5.16990 2.01000
v -0.67800 5.31990 1.91000
v -0.61700 5.54990 1.81000
v -0.84560 4.95990 2.04000
v -0.86080 4.73990 2.07000
v -0.95220 4.95990 1.99000
v -1.02840 4.73990 2.02000
v -1.02840 4.52990 2.04000
v -1.16550 4.52990 1.96000
v -0.86080 4.32990 2.14000
v -0.86080 4.23990 2.17000
v -1.04360 4.32990 2.08000
v -1.08930 4.17990 2.14000
v -1.16550 4.32990 2.01000
v -1.27210 4.32990 1.91000
v -1.34830 4.47990 1.91000
v -1.18070 4.17990 2.07000
v 2.20150 3.83990 0.54000
v 2.20150 3.83990 -0.54000
v 0.61700 5.60990 1.06000
v 0.52560 5.60990 1.18000
v 0.66270 5.46990 1.14000
v 0.58660 5.46990 1.27000
v 0.67800 5.36990 1.35000
v 0.44940 5.60990 1.29000
v 0.47990 5.46990 1.41000
v 0.47990 5.36990 1.53000
v 0.28190 5.46990 1.46000
v 0.28190 5.60990 1.37000
v 0.00760 5.60990 1.43000
v 0.00760 5.46990 1.49000
v 0.28190 5.77990 1.26000
v -0.31230 5.54990 1.53000
v 0.00760 5.77990 1.34000
v -0.25140 5.77990 1.35000
v 0.00760 5.98990 1.20000
v -0.31230 5.60990 1.47000
v -0.34280 5.77990 1.35000
v 0.12950 5.98990 1.06000
v -0.47990 5.60990 1.47000
v -0.47990 5.46990 1.58000
v -0.47990 5.77990 1.35000
v -0.41900 5.83990 1.30000
v -0.46470 5.87990 1.26000
v -0.61700 5.60990 1.44000
v -0.57130 5.77990 1.32000
v -0.61700 5.77990 1.26000
v -0.46470 5.91990 1.20000
v -0.69320 5.77990 1.21000
v -0.73890 5.60990 1.41000
v -0.67800 5.46990 1.55000
v -0.67800 5.33990 1.64000
v -0.81510 5.46990 1.53000
v -0.81510 5.33990 1.64000
v -0.81510 5.60990 1.35000
v -0.95220 5.46990 1.46000
v -1.01340 5.36990 1.53000
v -0.90650 5.60990 1.30000
v -0.83030 5.77990 1.18000
v -0.96740 5.60990 1.27000
v -1.05780 5.46990 1.40000
v -1.21120 5.31990 1.40000
v -1.11970 5.46990 1.33000
v -1.04360 5.60990 1.24000
v -1.22570 5.32990 1.35000
v -1.30260 5.16990 1.40000
v -1.19580 5.46990 1.29000
v -1.10460 5.60990 1.18000
v -1.25690 5.46990 1.09000
v -1.10460 5.60990 1.09000
v -1.25690 5.46990 1.20000
v -1.38110 5.32990 1.21000
v -1.29180 5.32990 1.31000
v -1.39400 5.16990 1.34000
v -1.51590 5.16990 1.23000
v -1.53110 5.13990 1.23000
v -1.42450 4.95990 1.38000
v -1.50070 4.95990 1.34000
v -1.56160 4.73990 1.46000
v -1.79010 4.78990 1.30000
v -1.75970 4.61990 1.46000
v 1.15030 5.54990 0.63000
v 1.15030 5.54990 -0.63000
v -2.79570 1.47990 0.28000
v -2.79570 1.30990 0.28000
v -2.78040 1.47990 0.33000
v -2.78040 1.30990 0.33000
v -2.78040 1.47990 -0.33000
v -2.79570 1.30990 -0.28000
v -2.79570 1.47990 -0.28000
v -2.78040 1.30990 -0.33000
v -1.42450 4.95990 -1.38000
v -1.56160 4.73990 -1.46000
v -1.50070 4.95990 -1.34000
v -1.79010 4.78990 -1.30000
v -1.75970 4.61990 -1.46000
v -1.39400 5.16990 -1.34000
v -1.53110 5.13990 -1.23000
v -1.51590 5.16990 -1.23000
v -1.30260 5.16990 -1.40000
v -1.38110 5.32990 -1.21000
v -1.29180 5.32990 -1.31000
v -1.22570 5.32990 -1.35000
v -1.19580 5.46990 -1.29000
v -1.25690 5.46990 -1.20000
v -1.10460 5.60990 -1.18000
v -1.25690 5.46990 -1.09000
v -1.10460 5.60990 -1.09000
v -1.04360 5.60990 -1.24000
v -1.11970 5.46990 -1.33000
v -0.96740 5.60990 -1.27000
v -1.05780 5.46990 -1.40000
v -1.21120 5.31990 -1.40000
v -1.01340 5.36990 -1.53000
v -0.90650 5.60990 -1.30000
v -0.83030 5.77990 -1.18000
v -0.95220 5.46990 -1.46000
v -0.69320 5.77990 -1.21000
v -0.81510 5.33990 -1.64000
v -0.81510 5.60990 -1.35000
v -0.81510 5.46990 -1.53000
v -0.67800 5.33990 -1.64000
v -0.61700 5.77990 -1.26000
v -0.46470 5.91990 -1.20000
v -0.46470 5.87990 -1.26000
v -0.73890 5.60990 -1.41000
v -0.67800 5.46990 -1.55000
v -0.61700 5.60990 -1.44000
v -0.57130 5.77990 -1.32000
v -0.47990 5.77990 -1.35000
v -0.41900 5.83990 -1.30000
v -2.44520 2.89990 1.11000
v -2.49100 2.65990 0.97000
v -2.35380 2.86990 1.18000
v -2.21670 3.12990 1.35000
v -2.64330 2.69990 0.85000
v -2.73470 2.57990 0.63000
v -2.64330 2.42990 0.60000
v -2.73470 2.51990 0.54000
v -2.61280 2.36990 0.48000
v -2.35380 2.86990 -1.18000
v -2.49100 2.65990 -0.97000
v -2.44520 2.89990 -1.11000
v -2.21670 3.12990 -1.35000
v -2.64330 2.69990 -0.85000
v -2.73470 2.57990 -0.63000
v -2.64330 2.42990 -0.60000
v -2.73470 2.51990 -0.54000
v -2.61280 2.36990 -0.48000
v -0.81510 5.23990 2.01000
v -0.78460 5.16990 1.99000
v -0.81510 5.23990 -2.01000
v -0.78460 5.16990 -1.99000
v -1.10460 5.71990 0.86000
v -1.24170 5.71990 0.76000
v -1.10460 5.71990 -0.86000
v -1.24170 5.71990 -0.76000
v -1.40930 5.16990 1.52000
v -1.48540 4.95990 1.52000
v -1.33310 4.95990 1.67000
v -1.39400 4.73990 1.67000
v -1.54640 4.73990 1.50000
v -1.48540 4.52990 1.66000
v -1.72920 4.46990 1.56000
v -1.25690 4.76990 1.82000
v -1.25690 5.16990 1.66000
v -1.19600 4.95990 1.81000
v -1.08930 4.84990 1.94000
v -1.34830 5.31990 1.52000
v -1.05880 4.95990 1.91000
v -1.07410 5.16990 1.79000
v -1.21120 5.31990 1.62000
v -1.22640 5.54990 1.52000
v -0.96740 5.31990 1.76000
v -1.11980 5.54990 1.59000
v -0.81510 5.98990 1.49000
v -0.90650 5.54990 1.70000
v -0.49510 3.86990 3.29000
v -0.54080 4.23990 2.98000
v -0.69320 3.89990 3.06000
v -0.35800 4.29990 3.09000
v -0.79990 3.62990 3.03000
v -0.69320 3.50990 3.13000
v -0.93700 3.48990 2.92000
v -0.98270 3.33990 3.01000
v -1.24170 3.38990 2.69000
v -1.37880 3.24990 2.72000
v -1.40930 5.16990 -1.52000
v -1.33310 4.95990 -1.67000
v -1.48540 4.95990 -1.52000
v -1.39400 4.73990 -1.67000
v -1.54640 4.73990 -1.50000
v -1.48540 4.52990 -1.66000
v -1.72920 4.46990 -1.56000
v -1.25690 4.76990 -1.82000
v -1.25690 5.16990 -1.66000
v -1.19600 4.95990 -1.81000
v -1.08930 4.84990 -1.94000
v -1.34830 5.31990 -1.52000
v -1.05880 4.95990 -1.91000
v -1.07410 5.16990 -1.79000
v -1.21120 5.31990 -1.62000
v -1.22640 5.54990 -1.52000
v -0.96740 5.31990 -1.76000
v -1.11980 5.54990 -1.59000
v -0.81510 5.98990 -1.49000
v -0.90650 5.54990 -1.70000
v -0.54080 4.23990 -2.98000
v -0.49510 3.86990 -3.29000
v -0.69320 3.89990 -3.06000
v -0.35800 4.29990 -3.09000
v -0.79990 3.62990 -3.03000
v -0.69320 3.50990 -3.13000
v -0.93700 3.48990 -2.92000
v -0.98270 3.33990 -3.01000
v -1.24170 3.38990 -2.69000
v -1.37880 3.24990 -2.72000
v -2.58790 2.77990 0.54000
v -2.59760 2.98990 0.70000
v -2.65850 2.98990 0.59000
v -2.61840 2.85990 0.45000
v -2.64890 2.99990 0.42000
v -2.59760 3.15990 0.63000
v -2.49100 3.22990 0.74000
v -2.61840 2.85990 -0.45000
v -2.65850 2.98990 -0.59000
v -2.58790 2.77990 -0.54000
v -2.64890 2.99990 -0.42000
v -2.59760 2.98990 -0.70000
v -2.59760 3.15990 -0.63000
v -2.49100 3.22990 -0.74000
v -2.85660 1.29990 -0.13000
v -2.88710 1.29990 -0.16000
v -2.85660 1.29990 -0.16000
v -1.15030 2.42990 2.40000
v -1.13500 2.93990 2.46000
v -0.99790 5.71990 1.00000
v -0.99790 5.71990 1.11000
v -1.15030 2.42990 -2.40000
v -1.13500 2.93990 -2.46000
v -0.99790 5.71990 -1.11000
v -0.99790 5.71990 -1.00000
v -2.62810 1.30990 0.28000
v -2.65850 1.30990 0.33000
v -2.71950 1.27990 0.28000
v -2.71950 1.30990 0.36000
v 0.00760 6.10990 1.06000
v -0.25140 6.33990 1.20000
v -0.11430 6.21990 1.18000
v -2.62810 1.30990 -0.28000
v -2.71950 1.27990 -0.28000
v -2.65850 1.30990 -0.33000
v -2.71950 1.30990 -0.36000
v 0.00760 6.10990 -1.06000
v -0.11430 6.21990 -1.18000
v -0.25140 6.33990 -1.20000
v 2.04910 5.08990 0.00000
v 1.86630 5.62990 0.00000
v 1.85110 5.14990 0.21000
v 1.85110 5.14990 -0.21000
v -2.88710 1.29990 0.16000
v -2.85660 1.29990 0.13000
v -2.85660 1.29990 0.16000
v -2.91750 1.29990 0.16000
v 2.58240 2.07990 0.54000
v 2.61280 2.42990 0.50000
v 2.58240 2.07990 -0.54000
v 2.61280 2.42990 -0.50000
v -2.78040 1.47990 0.22000
v -2.78040 1.30990 0.22000
v -2.78040 1.30990 -0.22000
v -2.78040 1.47990 -0.22000
v -2.20150 3.15990 1.29000
v -2.33320 3.23990 1.22000
v -2.33860 2.92990 0.97000
v -2.09480 3.28990 1.49000
v -2.22980 3.49990 1.39000
v -1.97300 3.56990 1.70000
v -2.17830 3.63990 1.48000
v -2.04070 3.96990 1.70000
v -1.89680 3.91990 1.81000
v -1.82060 4.28990 1.87000
v -2.20150 3.15990 -1.29000
v -2.33860 2.92990 -0.97000
v -2.33320 3.23990 -1.22000
v -2.09480 3.28990 -1.49000
v -2.22980 3.49990 -1.39000
v -1.97300 3.56990 -1.70000
v -2.17830 3.63990 -1.48000
v -2.04070 3.96990 -1.70000
v -1.89680 3.91990 -1.81000
v -1.82060 4.28990 -1.87000
v -2.91750 1.29990 -0.16000
v -2.93280 1.29990 0.04000
v -2.94800 1.29990 0.00000
v -2.88710 1.27990 0.00000
v -2.88710 1.29990 0.06000
v -2.85660 1.29990 0.04000
v -2.82610 1.29990 0.00000
v -2.93280 1.29990 -0.04000
v -2.88710 1.29990 -0.06000
v -2.85660 1.29990 -0.04000
v -2.33860 1.20990 0.89000
v -2.27770 1.14990 1.00000
v -2.26240 0.90990 0.74000
v -2.35380 1.49990 1.00000
v -2.18620 0.85990 0.83000
v -2.12530 0.63990 0.54000
v -2.29290 1.82990 1.14000
v -2.17100 1.87990 1.52000
v -2.09480 2.11990 1.64000
v -2.11010 2.17990 1.53000
v -2.04910 2.49990 1.55000
v -2.06440 2.60990 1.49000
v -1.88150 2.71990 1.70000
v -1.83580 2.57990 1.78000
v -2.00340 2.84990 1.50000
v -1.69870 2.71990 1.98000
v -1.83580 2.98990 1.75000
v -1.94250 3.12990 1.58000
v -2.06440 2.87990 1.47000
v -2.00340 3.28990 1.53000
v -2.12530 2.61990 1.49000
v -2.18620 2.19990 1.56000
v -2.12530 2.17990 1.58000
v -2.24720 1.88990 1.58000
v -2.18620 1.87990 1.58000
v -1.77490 3.27990 1.81000
v -1.65300 2.98990 2.02000
v -1.60730 3.27990 2.07000
v -1.48540 3.12990 2.28000
v -1.54640 2.93990 2.26000
v -1.72920 2.49990 2.04000
v -1.77490 2.42990 1.94000
v -1.83580 2.42990 1.84000
v -1.89680 2.11990 1.85000
v -1.79010 2.11990 1.98000
v -1.63780 2.46990 2.08000
v -1.56160 2.33990 2.16000
v -1.36350 2.61990 2.30000
v -1.47020 2.72990 2.19000
v -1.45500 2.83990 2.31000
v -1.36350 3.09990 2.69000
v -2.27770 1.14990 -1.00000
v -2.33860 1.20990 -0.89000
v -2.26240 0.90990 -0.74000
v -2.35380 1.49990 -1.00000
v -2.18620 0.85990 -0.83000
v -2.12530 0.63990 -0.54000
v -2.29290 1.82990 -1.14000
v -2.17100 1.87990 -1.52000
v -2.09480 2.11990 -1.64000
v -2.11010 2.17990 -1.53000
v -2.04910 2.49990 -1.55000
v -2.06440 2.60990 -1.49000
v -1.88150 2.71990 -1.70000
v -1.83580 2.57990 -1.78000
v -2.00340 2.84990 -1.50000
v -1.69870 2.71990 -1.98000
v -1.83580 2.98990 -1.75000
v -1.94250 3.12990 -1.58000
v -2.06440 2.87990 -1.47000
v -2.00340 3.28990 -1.53000
v -2.12530 2.61990 -1.49000
v -2.18620 2.19990 -1.56000
v -2.12530 2.17990 -1.58000
v -2.24720 1.88990 -1.58000
v -2.18620 1.87990 -1.58000
v -1.77490 3.27990 -1.81000
v -1.65300 2.98990 -2.02000
v -1.60730 3.27990 -2.07000
v -1.48540 3.12990 -2.28000
v -1.54640 2.93990 -2.26000
v -1.72920 2.49990 -2.04000
v -1.77490 2.42990 -1.94000
v -1.83580 2.42990 -1.84000
v -1.89680 2.11990 -1.85000
v -1.79010 2.11990 -1.98000
v -1.63780 2.46990 -2.08000
v -1.56160 2.33990 -2.16000
v -1.36350 2.61990 -2.30000
v -1.47020 2.72990 -2.19000
v -1.45500 2.83990 -2.31000
v -1.36350 3.09990 -2.69000
v -1.30260 4.84990 2.02000
v -0.92170 4.84990 2.43000
v -0.93700 5.01990 2.43000
v -1.21120 4.69990 2.08000
v -0.64750 5.27990 2.57000
v -0.58660 5.60990 2.40000
v -1.59210 4.52990 1.78000
v -1.62260 4.11990 1.75000
v -1.71400 4.12990 1.66000
v -1.66830 4.52990 1.69000
v -1.79010 4.17990 1.56000
v -1.37880 4.88990 1.79000
v -0.84560 5.11990 2.31000
v -0.61700 5.27990 2.45000
v -1.30260 4.84990 -2.02000
v -0.92170 4.84990 -2.43000
v -1.21120 4.69990 -2.08000
v -0.93700 5.01990 -2.43000
v -0.64750 5.27990 -2.57000
v -0.58660 5.60990 -2.40000
v -1.59210 4.52990 -1.78000
v -1.62260 4.11990 -1.75000
v -1.71400 4.12990 -1.66000
v -1.66830 4.52990 -1.69000
v -1.79010 4.17990 -1.56000
v -1.37880 4.88990 -1.79000
v -0.84560 5.11990 -2.31000
v -0.61700 5.27990 -2.45000
v -1.14050 5.70990 1.07000
v -2.79570 2.40990 0.27000
v -2.76520 2.63990 0.28000
v -2.79570 2.40990 0.24000
v 0.66270 5.71990 0.95000
v -1.24170 5.71990 0.80000
v -1.08930 5.71990 0.56000
v -1.42450 5.71990 0.54000
v 0.66270 5.71990 -0.95000
v -1.08930 5.71990 -0.56000
v -1.42450 5.71990 -0.54000
v 0.08380 6.55990 1.26000
v -0.03810 7.03990 1.09000
v -0.06860 6.55990 1.26000
v 0.08380 6.55990 -1.26000
v -0.06860 6.55990 -1.26000
v -0.03810 7.03990 -1.09000
v -1.14050 5.70990 -1.07000
v -1.16550 5.71990 -1.18000
v 0.22090 4.95990 2.39000
v 0.51040 4.82990 2.14000
v -1.13500 6.03990 1.09000
v -0.99790 5.98990 1.03000
v -1.11980 6.03990 0.97000
v -0.98270 5.98990 0.88000
v 0.22090 4.95990 -2.39000
v 0.51040 4.82990 -2.14000
v -0.99790 5.98990 -1.03000
v -1.13500 6.03990 -1.09000
v -1.11980 6.03990 -0.97000
v -0.98270 5.98990 -0.88000
v -2.71950 3.50990 0.27000
v -2.61280 3.70990 0.41000
v -2.62810 3.73990 0.31000
v -2.52140 3.91990 0.45000
v -2.52140 3.94990 0.36000
v -2.68900 3.47990 0.36000
v -2.47570 3.82990 0.68000
v -2.35380 4.15990 0.76000
v -2.35380 4.23990 0.54000
v -2.17100 4.52990 0.92000
v -2.56710 3.62990 0.60000
v -2.81090 3.27990 0.19000
v -2.65850 3.41990 0.51000
v -2.75000 3.24990 0.31000
v -2.73470 3.19990 0.42000
v -2.87180 3.04990 0.13000
v -2.91230 3.08990 0.07000
v -2.94800 2.95990 0.00000
v -2.79570 3.01990 0.28000
v -2.79570 2.96990 0.33000
v -2.81090 2.81990 0.27000
v -2.88710 2.83990 0.12000
v -2.96320 2.84990 0.00000
v -2.87970 2.64990 0.23000
v -2.96320 2.69990 0.00000
v -2.96320 2.48990 0.00000
v -2.90540 2.42990 0.19000
v -2.91750 2.26990 0.09000
v -2.93280 2.20990 0.00000
v -2.71950 3.50990 -0.27000
v -2.61280 3.70990 -0.41000
v -2.68900 3.47990 -0.36000
v -2.62810 3.73990 -0.31000
v -2.81090 3.27990 -0.19000
v -2.56710 3.62990 -0.60000
v -2.47570 3.82990 -0.68000
v -2.65850 3.41990 -0.51000
v -2.52140 3.91990 -0.45000
v -2.52140 3.94990 -0.36000
v -2.35380 4.15990 -0.76000
v -2.35380 4.23990 -0.54000
v -2.17100 4.52990 -0.92000
v -2.75000 3.24990 -0.31000
v -2.73470 3.19990 -0.42000
v -2.87180 3.04990 -0.13000
v -2.91230 3.08990 -0.07000
v -2.79570 3.01990 -0.28000
v -2.79570 2.96990 -0.33000
v -2.81090 2.81990 -0.27000
v -2.88710 2.83990 -0.12000
v -2.87970 2.64990 -0.23000
v -2.90540 2.42990 -0.19000
v -2.91750 2.26990 -0.09000
v -1.85110 4.03990 1.52000
v -1.86630 3.83990 1.61000
v -1.77490 3.83990 1.66000
v -1.82060 3.67990 1.70000
v -1.86630 3.56990 1.69000
v -1.79010 4.46990 1.61000
v -1.85110 4.46990 1.58000
v -1.97300 4.02990 1.43000
v -1.71400 5.01990 1.61000
v -1.85110 4.03990 -1.52000
v -1.77490 3.83990 -1.66000
v -1.86630 3.83990 -1.61000
v -1.82060 3.67990 -1.70000
v -1.86630 3.56990 -1.69000
v -1.79010 4.46990 -1.61000
v -1.85110 4.46990 -1.58000
v -1.71400 5.01990 -1.61000
v -1.97300 4.02990 -1.43000
v -1.16550 5.71990 1.18000
v -0.22090 4.11990 2.94000
v -0.29710 3.79990 3.09000
v -0.22090 4.11990 -2.94000
v -0.29710 3.79990 -3.09000
v -2.75000 2.61990 0.33000
v -2.71950 2.72990 0.39000
v -2.75000 2.80990 0.35000
v -2.73910 2.83990 0.43000
v -2.70810 2.76990 0.52000
v -2.76520 2.95990 0.35000
v -2.67380 3.21990 0.67000
v -2.70430 3.18990 0.44000
v -2.62810 3.39990 0.53000
v -2.52140 3.39990 0.88000
v -2.46050 3.77990 0.73000
v -2.36910 3.74990 1.03000
v -2.14050 4.08990 1.24000
v -2.79570 2.40990 -0.27000
v -2.76520 2.63990 -0.28000
v -2.75000 2.61990 -0.33000
v -2.79570 2.40990 -0.24000
v -2.71950 2.72990 -0.39000
v -2.75000 2.80990 -0.35000
v -2.73910 2.83990 -0.43000
v -2.70810 2.76990 -0.52000
v -2.76520 2.95990 -0.35000
v -2.67380 3.21990 -0.67000
v -2.70430 3.18990 -0.44000
v -2.62810 3.39990 -0.53000
v -2.52140 3.39990 -0.88000
v -2.46050 3.77990 -0.73000
v -2.36910 3.74990 -1.03000
v -2.14050 4.08990 -1.24000
v -1.63780 3.83990 1.91000
v -1.48540 3.67990 2.13000
v -1.37880 4.47990 1.96000
v -1.53110 4.11990 1.96000
v -1.65300 4.11990 1.79000
v -1.71400 3.56990 1.87000
v -1.53110 3.56990 2.11000
v -1.88150 3.41990 1.66000
v -1.63780 3.83990 -1.91000
v -1.53110 4.11990 -1.96000
v -1.37880 4.47990 -1.96000
v -1.65300 4.11990 -1.79000
v -1.48540 3.67990 -2.13000
v -1.71400 3.56990 -1.87000
v -1.53110 3.56990 -2.11000
v -1.88150 3.41990 -1.66000
v 0.41900 6.76990 1.26000
v 0.58660 6.27990 1.21000
v 0.67800 6.29990 1.08000
v 0.58660 6.27990 -1.21000
v 0.41900 6.76990 -1.26000
v 0.67800 6.29990 -1.08000
v -2.65850 1.30990 0.22000
v -2.71950 1.30990 0.21000
v -2.65850 1.30990 -0.22000
v -2.71950 1.30990 -0.21000
v -2.81900 1.31990 0.00000
v -2.78850 1.31990 0.06000
v -2.78850 1.31990 -0.06000
v -2.35380 1.50990 0.94000
v -2.30810 1.79990 1.03000
v -2.27770 2.10990 1.03000
v -2.35380 1.50990 -0.94000
v -2.30810 1.79990 -1.03000
v -2.27770 2.10990 -1.03000
v -1.56160 5.71990 0.44000
v -1.69870 5.54990 0.33000
v -1.63780 5.54990 0.50000
v -1.57680 5.54990 0.54000
v -1.60730 5.71990 0.31000
v -1.75970 5.54990 0.16000
v -1.65300 5.71990 0.16000
v -1.79010 5.54990 0.00000
v -1.68350 5.71990 0.00000
v -1.48540 5.92990 0.31000
v -1.50070 5.92990 0.25000
v -1.40930 6.21990 0.00000
v -1.54640 5.92990 0.15000
v -1.57680 5.92990 0.00000
v -1.51590 5.71990 0.47000
v -1.47020 5.92990 0.31000
v -1.57680 5.60990 0.31000
v -1.42450 5.92990 0.31000
v -1.56160 5.77990 0.00000
v -1.50070 5.92990 0.00000
v -1.31780 6.13990 0.19000
v -1.37880 6.13990 0.00000
v -1.16550 6.41990 0.00000
v -1.21120 6.13990 0.28000
v -1.22640 5.92990 0.42000
v -1.39400 5.71990 0.62000
v -1.53110 5.54990 0.63000
v -1.68350 5.31990 0.65000
v -1.31780 5.71990 0.70000
v -1.45500 5.54990 0.73000
v -1.60730 5.31990 0.76000
v -1.48540 5.31990 0.83000
v -1.34830 5.54990 0.80000
v -1.33310 5.33990 0.92000
v -1.25690 5.54990 0.85000
v -1.22640 5.46990 0.95000
v -1.72920 5.98990 0.00000
v -2.12530 5.48990 0.00000
v -1.92730 5.48990 0.22000
v -1.92730 5.48990 -0.22000
v -2.73470 2.43990 -0.33000
v -2.78040 2.42990 -0.38000
v -2.75000 2.40990 -0.33000
v -2.75000 2.37990 -0.35000
v -2.78040 2.45990 -0.38000
v -2.73470 2.48990 -0.35000
v -2.78040 2.46990 -0.39000
v -2.79570 2.40990 -0.39000
v -2.79570 2.45990 -0.45000
v -2.79570 2.39990 -0.41000
v -2.79570 2.37990 -0.44000
v -2.79570 2.37990 -0.47000
v -2.79570 2.39990 -0.50000
v -2.79570 2.40990 -0.51000
v -2.76520 2.34990 -0.39000
v -2.76520 2.33990 -0.44000
v -2.71950 2.29990 -0.44000
v -2.76520 2.33990 -0.48000
v -2.71950 2.31990 -0.38000
v -2.65850 2.29990 -0.38000
v -2.65850 2.28990 -0.44000
v -2.71950 2.29990 -0.50000
v -2.65850 2.28990 -0.50000
v -2.70430 2.34990 -0.35000
v -2.65850 2.34990 -0.35000
v -2.65850 2.39990 -0.31000
v -2.70430 2.39990 -0.31000
v -2.55190 1.96990 0.65000
v -2.53670 1.61990 0.80000
v -2.47570 1.94990 0.85000
v -2.44520 1.59990 0.92000
v -2.47570 1.23990 0.82000
v -2.39950 1.93990 0.98000
v -2.33860 2.19990 1.03000
v -2.55190 1.26990 0.73000
v -2.47570 0.76990 0.53000
v -2.50620 0.77990 0.50000
v -2.58240 1.29990 0.53000
v -2.64330 1.72990 0.39000
v -2.67380 1.91990 0.35000
v -2.68900 2.10990 0.28000
v -2.65850 2.25990 0.39000
v -2.75000 2.14990 0.19000
v -2.50620 2.23990 0.68000
v -2.44520 2.51990 0.71000
v -2.41480 2.22990 0.88000
v -2.35380 2.49990 0.91000
v -2.32340 2.75990 0.95000
v -2.27770 2.48990 1.05000
v -2.30810 2.20990 1.30000
v -2.21670 2.52990 1.24000
v -2.39950 1.84990 1.17000
v -2.38430 1.88990 1.35000
v -2.47570 1.94990 -0.85000
v -2.53670 1.61990 -0.80000
v -2.55190 1.96990 -0.65000
v -2.67380 1.91990 -0.35000
v -2.68900 2.10990 -0.28000
v -2.64330 1.72990 -0.39000
v -2.65850 2.25990 -0.39000
v -2.75000 2.14990 -0.19000
v -2.50620 2.23990 -0.68000
v -2.44520 2.51990 -0.71000
v -2.55190 1.26990 -0.73000
v -2.58240 1.29990 -0.53000
v -2.50620 0.77990 -0.50000
v -2.47570 0.76990 -0.53000
v -2.47570 1.23990 -0.82000
v -2.44520 1.59990 -0.92000
v -2.39950 1.93990 -0.98000
v -2.33860 2.19990 -1.03000
v -2.41480 2.22990 -0.88000
v -2.35380 2.49990 -0.91000
v -2.32340 2.75990 -0.95000
v -2.27770 2.48990 -1.05000
v -2.30810 2.20990 -1.30000
v -2.21670 2.52990 -1.24000
v -2.39950 1.84990 -1.17000
v -2.38430 1.88990 -1.35000
v -1.89680 2.90990 1.84000
v -2.88710 1.49990 0.06000
v -1.89680 2.90990 -1.84000
v -2.88710 1.49990 -0.06000
v -2.65850 4.26990 0.00000
v 1.27210 4.66990 1.50000
v 1.27210 4.66990 -1.50000
v -2.99370 1.87990 0.28000
v -3.06990 1.87990 0.10000
v -3.06990 1.87990 -0.10000
v -2.99370 1.87990 -0.28000
v -2.07960 2.92990 1.72000
v -1.91200 3.48990 1.98000
v -2.01870 2.90990 1.72000
v -1.86630 3.48990 1.98000
v -2.20150 2.63990 1.50000
v -2.39950 2.46990 1.18000
v -2.55190 2.19990 0.95000
v -2.77280 2.04990 0.53000
v -2.87180 2.36990 -0.36000
v -2.81090 2.39990 -0.38000
v -2.87180 2.34990 -0.41000
v -2.73470 2.40990 -0.33000
v -2.71950 2.39990 -0.38000
v -2.71950 2.40990 -0.33000
v -2.81090 2.40990 -0.33000
v -2.87180 2.37990 -0.31000
v -2.90230 2.33990 -0.31000
v -2.87180 2.37990 -0.28000
v -2.90230 2.33990 -0.28000
v -2.90230 2.31990 -0.35000
v -2.91750 2.25990 -0.30000
v -2.87180 2.29990 -0.44000
v -2.87180 2.25990 -0.44000
v -2.90230 2.22990 -0.38000
v -2.87180 2.20990 -0.44000
v -2.87180 2.16990 -0.41000
v -2.90230 2.19990 -0.36000
v -2.90230 2.17990 -0.31000
v -2.90230 2.17990 -0.28000
v -2.90230 2.17990 -0.35000
v -2.87180 2.11990 -0.28000
v -2.90230 2.17990 -0.27000
v -2.87180 2.13990 -0.36000
v -2.87180 2.11990 -0.31000
v -1.91200 3.48990 -1.98000
v -2.07960 2.92990 -1.72000
v -1.86630 3.48990 -1.98000
v -2.01870 2.90990 -1.72000
v -2.20150 2.63990 -1.50000
v -2.39950 2.46990 -1.18000
v -2.55190 2.19990 -0.95000
v -2.77280 2.04990 -0.53000
v -2.03390 4.84990 -0.63000
v -2.14050 4.58990 -0.60000
v -2.04910 4.84990 -0.47000
v -1.82060 5.39990 -0.71000
v -1.98820 4.84990 -0.80000
v -2.04910 4.84990 -0.27000
v -2.04910 4.84990 -0.22000
v -2.06440 4.55990 -0.80000
v -2.15580 4.60990 -0.41000
v -2.15580 4.61990 -0.22000
v -2.27770 4.23990 -0.54000
v -2.21670 4.17990 -0.68000
v -2.29290 4.28990 -0.30000
v -2.32340 4.08990 -0.39000
v -2.23200 4.41990 -0.18000
v -2.18620 4.55990 0.00000
v -2.15580 4.61990 0.00000
v -2.55190 2.98990 0.79000
v -2.29290 3.30990 1.06000
v -2.55190 2.74990 0.71000
v -2.20150 3.70990 1.15000
v -1.57680 5.54990 -0.54000
v -1.57680 5.60990 -0.31000
v -1.42450 5.92990 -0.31000
v -1.31780 6.13990 -0.19000
v -1.21120 6.13990 -0.28000
v -1.22640 5.92990 -0.42000
v -1.68350 5.31990 -0.65000
v -1.74440 5.31990 -0.53000
v -1.77490 5.16990 -0.67000
v -1.63780 5.54990 -0.50000
v -1.56160 5.71990 -0.44000
v -1.51590 5.71990 -0.47000
v -1.48540 5.92990 -0.31000
v -1.47020 5.92990 -0.31000
v -1.80540 5.31990 -0.33000
v -1.69870 5.54990 -0.33000
v -1.60730 5.71990 -0.31000
v -1.75970 5.54990 -0.16000
v -1.50070 5.92990 -0.25000
v -1.65300 5.71990 -0.16000
v -1.54640 5.92990 -0.15000
v -1.92720 5.31990 -0.16000
v -1.88150 5.16990 -0.33000
v -1.97630 5.16990 -0.10000
v -1.82060 5.16990 -0.51000
v -1.95770 4.95990 -0.31000
v -2.06440 4.95990 0.00000
v -2.11010 4.84990 0.00000
v -1.89680 4.95990 -0.50000
v -1.97300 4.84990 -0.47000
v -1.92730 4.84990 -0.48000
v -1.85110 4.95990 -0.65000
v -1.69870 5.16990 -0.79000
v -1.79010 4.95990 -0.82000
v -1.89680 4.84990 -0.63000
v -1.85110 4.84990 -0.85000
v -1.94250 4.72990 -0.60000
v -1.97300 4.72990 -0.47000
v -1.97300 4.55990 -0.82000
v -1.95770 4.47990 -0.92000
v -2.29290 3.30990 -1.06000
v -2.55190 2.98990 -0.79000
v -2.55190 2.74990 -0.71000
v -2.20150 3.70990 -1.15000
v -2.65850 2.61990 0.33000
v -2.56710 2.61990 0.51000
v -2.61280 2.71990 0.39000
v -2.71950 2.40990 0.24000
v -2.42030 2.77990 0.53000
v -2.47570 2.74990 0.65000
v -2.46050 2.98990 0.65000
v -2.43000 2.98990 0.73000
v -2.39950 3.21990 0.71000
v -2.36910 3.22990 0.77000
v -2.75000 2.26990 0.15000
v -2.76520 2.26990 0.09000
v -2.76520 2.17990 0.09000
v -2.78040 2.17990 0.04000
v -2.78040 2.20990 0.00000
v -2.78040 2.17990 0.00000
v -2.78040 2.17990 -0.04000
v 2.73470 1.84990 0.82000
v -2.15580 4.60990 0.41000
v -2.23200 4.41990 0.18000
v -2.29290 4.28990 0.30000
v -2.56710 2.61990 -0.51000
v -2.65850 2.61990 -0.33000
v -2.61280 2.71990 -0.39000
v -2.71950 2.40990 -0.24000
v -2.42030 2.77990 -0.53000
v -2.47570 2.74990 -0.65000
v -2.46050 2.98990 -0.65000
v -2.43000 2.98990 -0.73000
v -2.39950 3.21990 -0.71000
v -2.36910 3.22990 -0.77000
v -2.75000 2.26990 -0.15000
v -2.76520 2.26990 -0.09000
v -2.76520 2.17990 -0.09000
v 2.73470 1.84990 -0.82000
v -2.04910 4.84990 0.47000
v -2.14050 4.58990 0.60000
v -2.03390 4.84990 0.63000
v -1.82060 5.39990 0.71000
v -1.98820 4.84990 0.80000
v -2.06440 4.55990 0.80000
v -2.04910 4.84990 0.27000
v -2.04910 4.84990 0.22000
v -2.27770 4.23990 0.54000
v -2.21670 4.17990 0.68000
v -2.32340 4.08990 0.39000
v -2.15580 4.61990 0.22000
v -3.10040 3.57990 0.00000
v -2.85660 3.57990 0.30000
v -2.85660 3.57990 -0.30000
v -1.60730 5.31990 -0.76000
v -1.57680 5.16990 -0.86000
v -1.51590 5.01990 -1.02000
v -1.57680 5.01990 -0.92000
v -1.47020 5.16990 -0.91000
v -1.69870 4.95990 -0.88000
v -1.48540 5.31990 -0.83000
v -1.33310 5.33990 -0.92000
v -1.22640 5.46990 -0.95000
v -1.25690 5.54990 -0.85000
v -1.34830 5.54990 -0.80000
v -1.31780 5.71990 -0.70000
v -1.45500 5.54990 -0.73000
v -1.53110 5.54990 -0.63000
v -1.39400 5.71990 -0.62000
v -1.57680 5.16990 0.86000
v -1.51590 5.01990 1.02000
v -1.57680 5.01990 0.92000
v -1.47020 5.16990 0.91000
v -1.69870 4.95990 0.88000
v -1.69870 5.16990 0.79000
v -1.79010 4.95990 0.82000
v -1.85110 4.84990 0.85000
v -1.77490 5.16990 0.67000
v -1.85110 4.95990 0.65000
v -1.89680 4.84990 0.63000
v -1.95770 4.47990 0.92000
v -1.97300 4.55990 0.82000
v -1.94250 4.72990 0.60000
v -1.92730 4.84990 0.48000
v -1.97300 4.72990 0.47000
v -1.89680 4.95990 0.50000
v -1.97300 4.84990 0.47000
v -1.95770 4.95990 0.31000
v -1.82060 5.16990 0.51000
v -1.88150 5.16990 0.33000
v -1.97630 5.16990 0.10000
v -1.92720 5.31990 0.16000
v -1.80540 5.31990 0.33000
v -1.74440 5.31990 0.53000
v -0.06860 6.51990 0.63000
v 0.03810 6.51990 0.57000
v 0.08380 6.93990 0.42000
v -0.16000 6.51990 0.63000
v -0.28190 6.61990 0.57000
v -0.40370 6.61990 0.51000
v -0.29710 6.93990 0.42000
v -0.58660 6.32990 0.63000
v -0.44940 6.61990 0.45000
v -0.67800 6.32990 0.59000
v -0.75410 6.21990 0.63000
v -0.06860 6.51990 -0.63000
v 0.03810 6.51990 -0.57000
v 0.08380 6.93990 -0.42000
v -0.16000 6.51990 -0.63000
v -0.28190 6.61990 -0.57000
v -0.40370 6.61990 -0.51000
v -0.29710 6.93990 -0.42000
v -0.58660 6.32990 -0.63000
v -0.44940 6.61990 -0.45000
v -0.67800 6.32990 -0.59000
v -0.75410 6.21990 -0.63000
v -2.73470 2.43990 0.33000
v -2.78040 2.42990 0.38000
v -2.78040 2.45990 0.38000
v -2.75000 2.40990 0.33000
v -2.73470 2.48990 0.35000
v -2.78040 2.46990 0.39000
v -2.75000 2.37990 0.35000
v -2.79570 2.40990 0.39000
v -2.79570 2.45990 0.45000
v -2.79570 2.39990 0.41000
v -2.76520 2.49990 0.47000
v -2.76520 2.49990 0.48000
v -2.76520 2.34990 0.39000
v -2.79570 2.37990 0.44000
v -2.70430 2.39990 0.31000
v -2.70430 2.34990 0.35000
v -2.65850 2.39990 0.31000
v -2.65850 2.34990 0.35000
v -2.65850 2.29990 0.38000
v -2.71950 2.31990 0.38000
v -2.76520 2.33990 0.44000
v -2.79570 2.37990 0.47000
v -2.76520 2.33990 0.48000
v -2.71950 2.29990 0.44000
v -2.71950 2.29990 0.50000
v -2.65850 2.28990 0.44000
v -1.92730 4.49990 1.38000
v -1.97300 4.49990 1.09000
v -2.07960 4.11990 1.15000
v -2.11010 3.74990 1.15000
v -2.17100 3.83990 0.86000
v -2.12530 4.11990 0.88000
v -2.11010 4.17990 0.71000
v -1.92730 4.49990 -1.38000
v -1.97300 4.49990 -1.09000
v -2.07960 4.11990 -1.15000
v -2.11010 3.74990 -1.15000
v -2.17100 3.83990 -0.86000
v -2.12530 4.11990 -0.88000
v -2.11010 4.17990 -0.71000
v -0.44940 5.80990 2.10000
v -0.44940 5.80990 -2.10000
v 2.78040 3.50990 0.00000
v -2.00340 4.55990 0.82000
v -2.00340 4.55990 -0.82000
v -1.85110 4.79990 1.29000
v -1.71400 5.34990 1.27000
v -2.07960 4.90990 1.11000
v -1.85110 4.79990 -1.29000
v -1.71400 5.34990 -1.27000
v -2.07960 4.90990 -1.11000
v -1.57680 3.68990 2.25000
v -1.57680 3.68990 -2.25000
v 1.53110 4.98990 1.02000
v 1.53110 4.98990 -1.02000
v -2.84140 2.14990 -0.18000
v -2.84140 2.08990 -0.25000
v -2.93280 2.07990 -0.22000
v -2.85660 2.17990 -0.09000
v -2.90230 2.13990 -0.16000
v -2.99370 2.05990 -0.16000
v -3.02420 1.96990 -0.22000
v -3.06990 1.96990 -0.12000
v -2.93280 2.13990 -0.12000
v -3.02420 2.05990 -0.10000
v -2.94800 2.13990 -0.07000
v -2.87180 2.17990 -0.04000
v -3.08510 1.96990 -0.07000
v -2.96320 2.13990 -0.04000
v -2.88710 2.17990 0.00000
v -2.97850 2.13990 0.00000
v -3.03940 2.05990 -0.06000
v -3.05470 2.05990 0.00000
v -3.10040 1.96990 0.00000
v -3.08510 1.87990 -0.06000
v -3.10040 1.87990 0.00000
v -3.06990 1.79990 -0.06000
v -3.08510 1.79990 -0.03000
v -3.10040 1.79990 0.00000
v -3.06990 1.69990 0.00000
v -3.03940 1.59990 0.00000
v -3.00890 1.53990 0.00000
v -3.00890 1.59990 -0.13000
v -2.99370 1.49990 0.00000
v -2.99880 1.43990 -0.03000
v -2.96320 1.43990 0.00000
v -2.96320 1.35990 0.00000
v -2.99880 1.35990 -0.03000
v -2.96320 1.53990 -0.24000
v -2.96320 1.59990 -0.28000
v -2.94800 1.49990 -0.21000
v -2.93280 1.43990 -0.18000
v -2.93280 1.35990 -0.18000
v -1.48540 4.95990 -1.47000
v -2.84140 2.14990 0.18000
v -2.99370 2.05990 0.16000
v -3.02420 1.96990 0.22000
v -2.93280 2.07990 0.22000
v -2.85660 2.17990 0.09000
v -3.06990 1.96990 0.12000
v -2.90230 2.13990 0.16000
v -3.02420 2.05990 0.10000
v -2.93280 2.13990 0.12000
v -2.87180 2.17990 0.04000
v -2.94800 2.13990 0.07000
v -2.96320 2.13990 0.04000
v -3.03940 2.05990 0.06000
v -3.08510 1.96990 0.07000
v -3.08510 1.87990 0.06000
v -3.08510 1.79990 0.03000
v -3.02420 1.59990 0.04000
v -3.00890 1.59990 0.13000
v -2.99880 1.43990 0.03000
v -2.99880 1.35990 0.03000
v -2.96320 1.53990 0.24000
v -2.96320 1.59990 0.28000
v -2.94800 1.49990 0.21000
v -2.93280 1.43990 0.18000
v -2.93280 1.35990 0.18000
v -1.83580 3.91990 1.81000
v -1.77490 4.28990 1.87000
v -1.91200 3.56990 1.72000
v -1.83580 3.91990 -1.81000
v -1.77490 4.28990 -1.87000
v -1.91200 3.56990 -1.72000
v -2.90230 2.31990 -0.27000
v -2.90230 2.29990 -0.24000
v -2.90230 2.28990 -0.22000
v -2.87180 2.34990 -0.21000
v -2.81090 2.31990 -0.15000
v -2.87180 2.29990 -0.18000
v -2.81090 2.25990 -0.15000
v -2.90230 2.25990 -0.22000
v -2.87180 2.25990 -0.18000
v -2.76520 2.31990 -0.15000
v -2.90230 2.22990 -0.22000
v -2.87180 2.20990 -0.18000
v -2.75000 2.25990 -0.15000
v -2.75000 2.31990 -0.15000
v -2.76520 2.25990 -0.15000
v -2.73470 2.20990 -0.15000
v -2.75000 2.19990 -0.15000
v -2.81090 2.19990 -0.15000
v -2.90230 2.19990 -0.24000
v -2.87180 2.16990 -0.21000
v -2.87180 2.13990 -0.24000
v -2.81090 2.14990 -0.18000
v -2.71950 2.16990 -0.18000
v -2.75000 2.14990 -0.18000
v -2.70430 2.11990 -0.22000
v -2.81090 2.10990 -0.22000
v -2.81090 2.08990 -0.28000
v -2.73470 2.10990 -0.22000
v -2.71950 2.08990 -0.28000
v -2.71950 2.08990 -0.33000
v -2.81090 2.08990 -0.33000
v 2.64330 2.29990 0.86000
v 2.64330 2.29990 -0.86000
v -2.46050 4.28990 0.22000
v -2.36910 4.06990 0.39000
v -2.32340 4.28990 0.31000
v -2.29290 4.55990 0.21000
v -2.27770 4.90990 0.00000
v -2.46050 4.28990 -0.22000
v -2.36910 4.06990 -0.39000
v -2.32340 4.28990 -0.31000
v -2.29290 4.55990 -0.21000
v 0.76940 6.06990 0.51000
v 0.76940 6.06990 -0.51000
v -1.89680 5.05990 0.97000
v -1.72920 5.16990 0.97000
v -1.69870 5.22990 1.01000
v -1.83580 5.08990 0.91000
v -1.72920 5.16990 -0.97000
v -1.89680 5.05990 -0.97000
v -1.83580 5.08990 -0.91000
v -1.69870 5.22990 -1.01000
v -2.94800 1.69990 0.31000
v -2.96320 1.79990 0.31000
v -2.96320 1.79990 -0.31000
v -2.94800 1.69990 -0.31000
v 0.44940 4.95990 1.87000
v 0.44940 4.95990 -1.87000
v -0.52560 3.42990 3.00000
v -0.83030 3.30990 2.87000
v -1.19600 3.10990 2.60000
v -0.52560 3.42990 -3.00000
v -0.83030 3.30990 -2.87000
v -1.19600 3.10990 -2.60000
v -0.41900 2.46990 2.65000
v -0.58660 3.16990 2.75000
v 1.22640 2.37990 2.62000
v -0.41900 2.46990 -2.65000
v -0.58660 3.16990 -2.75000
v 1.22640 2.37990 -2.62000
v 0.54080 6.32990 0.83000
v 0.54080 6.32990 -0.83000
v -2.01870 4.00990 1.49000
v -2.18620 3.67990 1.23000
v -1.36740 5.32990 1.07000
v -1.48540 5.16990 1.05000
v -1.37880 5.86990 1.20000
v -1.54640 5.98990 0.89000
v -1.60730 5.86990 1.00000
v -1.45500 6.48990 1.14000
v -2.18620 3.67990 -1.23000
v -2.01870 4.00990 -1.49000
v -1.36740 5.32990 -1.07000
v -1.48540 5.16990 -1.05000
v -1.37880 5.86990 -1.20000
v -1.54640 5.98990 -0.89000
v -1.45500 6.48990 -1.14000
v -1.60730 5.86990 -1.00000
v -2.53670 3.59990 0.62000
v -2.43000 3.77990 0.71000
v -2.27770 3.83990 0.85000
v -2.17100 4.11990 0.88000
v -2.53670 3.59990 -0.62000
v -2.43000 3.77990 -0.71000
v -2.27770 3.83990 -0.85000
v -2.17100 4.11990 -0.88000
v -2.76520 2.37990 0.56000
v -2.79570 2.39990 0.50000
v -2.76520 2.34990 0.53000
v -2.65850 2.28990 0.50000
v -2.71950 2.31990 0.54000
v -2.64330 2.29990 0.54000
v -2.70430 2.36990 0.59000
v -2.64330 2.34990 0.59000
v -2.59760 2.34990 0.57000
v -2.59760 2.31990 0.53000
v -2.61280 2.29990 0.48000
v -2.62810 2.29990 0.44000
v -2.62810 2.39990 0.60000
v -2.59760 2.39990 0.59000
v -2.59760 2.43990 0.59000
v -2.68900 2.40990 0.60000
v -2.62810 2.45990 0.60000
v -2.61280 2.48990 0.57000
v -2.62810 2.49990 0.57000
v -2.61280 2.51990 0.53000
v -2.62810 2.52990 0.53000
v -2.62810 2.52990 0.47000
v -2.68900 2.45990 0.60000
v -2.75000 2.42990 0.57000
v -2.79570 2.40990 0.51000
v -2.78040 2.43990 0.53000
v -2.76520 2.48990 0.41000
v -2.73470 2.46990 0.57000
v -2.78040 2.46990 0.53000
v -2.73470 2.49990 0.56000
v -2.76520 2.48990 0.51000
v -2.76520 2.49990 0.42000
v -2.71950 2.52990 0.47000
v -2.71950 2.52990 0.51000
v -2.67380 2.52990 0.42000
v -2.71950 2.52990 0.42000
v -2.67380 2.54990 0.47000
v -2.67380 2.52990 0.53000
v -2.64330 2.54990 0.47000
v -2.67380 2.49990 0.57000
v -1.48540 4.95990 1.47000
v -1.40930 5.16990 1.49000
v -1.34830 5.31990 1.49000
v -1.22640 5.54990 1.49000
v 0.26660 5.54990 -1.49000
v 0.26660 5.54990 -1.53000
v 2.00340 1.62990 1.20000
v 2.11010 1.88990 1.02000
v 2.18620 2.17990 0.91000
v 2.24720 2.66990 0.80000
v 2.00340 1.62990 -1.20000
v 2.11010 1.88990 -1.02000
v 2.18620 2.17990 -0.91000
v 2.24720 2.66990 -0.80000
v -0.55610 5.36990 1.81000
v -1.40930 5.16990 -1.49000
v -1.34830 5.31990 -1.49000
v -1.22640 5.54990 -1.49000
v -0.55610 5.36990 -1.81000
v 1.68350 5.08990 -0.31000
v -0.78460 7.25990 0.80000
v -0.52560 7.12990 0.67000
v -0.89130 7.05990 0.67000
v -0.54080 7.25990 0.74000
v -0.66270 8.11990 1.20000
v -0.95220 7.25990 0.94000
v -1.02840 6.97990 0.80000
v -1.18070 6.79990 1.05000
v -0.99790 7.25990 1.15000
v -0.89130 7.05990 -0.67000
v -0.52560 7.12990 -0.67000
v -0.78460 7.25990 -0.80000
v -0.54080 7.25990 -0.74000
v -0.66270 8.11990 -1.20000
v -0.95220 7.25990 -0.94000
v -1.02840 6.97990 -0.80000
v -1.18070 6.79990 -1.05000
v -0.99790 7.25990 -1.15000
v -2.43000 2.92990 1.02000
v -2.62810 2.74990 0.77000
v -2.70430 2.61990 0.56000
v -2.43000 2.92990 -1.02000
v -2.62810 2.74990 -0.77000
v -2.70430 2.61990 -0.56000
v 0.00760 6.21990 1.32000
v 0.11430 6.21990 1.18000
v 0.00760 6.21990 -1.32000
v 0.11430 6.21990 -1.18000
v -0.22090 7.05990 1.05000
v -0.35800 7.25990 0.94000
v -0.34280 7.25990 1.15000
v -0.22090 7.05990 -1.05000
v -0.34280 7.25990 -1.15000
v -0.35800 7.25990 -0.94000
v -2.20150 2.37990 1.64000
v -2.20150 2.37990 -1.64000
v -1.22640 4.17990 2.10000
v -1.22640 4.17990 -2.10000
v -2.71950 1.30990 0.28000
v -2.71950 1.30990 -0.28000
v -2.62810 2.45990 -0.60000
v -2.67380 2.49990 -0.57000
v -2.62810 2.49990 -0.57000
v -2.68900 2.45990 -0.60000
v -2.75000 2.42990 -0.57000
v -2.68900 2.40990 -0.60000
v -2.70430 2.36990 -0.59000
v -2.76520 2.37990 -0.56000
v -2.76520 2.34990 -0.53000
v -2.64330 2.34990 -0.59000
v -2.71950 2.31990 -0.54000
v -2.64330 2.29990 -0.54000
v -2.59760 2.34990 -0.57000
v -2.59760 2.31990 -0.53000
v -2.61280 2.29990 -0.48000
v -2.62810 2.29990 -0.44000
v -2.62810 2.39990 -0.60000
v -2.59760 2.39990 -0.59000
v -2.59760 2.43990 -0.59000
v -2.61280 2.48990 -0.57000
v -2.61280 2.51990 -0.53000
v -2.62810 2.52990 -0.53000
v -2.64330 2.54990 -0.47000
v -2.62810 2.52990 -0.47000
v -2.71950 1.47990 0.36000
v -2.71950 1.47990 -0.36000
v 0.34280 6.32990 0.83000
v 0.34280 6.32990 -0.83000
v -2.76520 2.36990 0.18000
v -2.75000 2.31990 0.15000
v -2.76520 2.31990 0.15000
v -2.75000 2.36990 0.18000
v -2.81090 2.31990 0.15000
v -2.75000 2.39990 0.22000
v -2.73470 2.39990 0.22000
v -2.75000 2.40990 0.27000
v -2.73470 2.40990 0.27000
v -2.81090 2.39990 0.22000
v -2.81090 2.40990 0.27000
v -2.81090 2.36990 0.18000
v -2.87180 2.36990 0.24000
v -2.87180 2.34990 0.21000
v -2.87180 2.37990 0.28000
v -2.90230 2.33990 0.28000
v -2.90230 2.33990 0.31000
v -2.90230 2.31990 0.27000
v -2.87180 2.29990 0.18000
v -2.87180 2.25990 0.18000
v -2.81090 2.25990 0.15000
v -2.90230 2.22990 0.22000
v -2.90230 2.19990 0.24000
v -2.87180 2.20990 0.18000
v -2.87180 2.13990 0.24000
v -2.87180 2.16990 0.21000
v -2.81090 2.19990 0.15000
v -2.76520 2.25990 0.15000
v -2.75000 2.19990 0.15000
v -2.73470 2.20990 0.15000
v -2.75000 2.25990 0.15000
v -2.81090 2.14990 0.18000
v -2.71950 2.16990 0.18000
v -2.75000 2.14990 0.18000
v -2.70430 2.11990 0.22000
v -2.81090 2.10990 0.22000
v -2.73470 2.10990 0.22000
v -2.71950 2.08990 0.28000
v -2.81090 2.08990 0.28000
v -2.81090 2.08990 0.33000
v -1.98820 4.72990 0.60000
v -1.98820 4.72990 -0.60000
v -1.22640 6.27990 1.15000
v -1.36350 6.15990 1.37000
v -1.25690 6.62990 1.61000
v -1.22640 6.27990 -1.15000
v -1.25690 6.62990 -1.61000
v -1.36350 6.15990 -1.37000
v -2.78040 2.43990 -0.53000
v -2.76520 2.48990 -0.51000
v -2.78040 2.46990 -0.53000
v -2.59760 2.42990 0.60000
v -2.59760 2.42990 -0.60000
v 0.43420 6.27990 1.21000
v 0.60180 5.94990 1.09000
v 0.60180 5.94990 -1.09000
v 0.43420 6.27990 -1.21000
v -0.19040 6.65990 1.62000
v -0.19040 6.65990 -1.62000
v -0.63230 6.32990 0.47000
v -0.70840 6.21990 0.51000
v -0.40370 6.61990 0.36000
v -0.70840 6.21990 -0.51000
v -0.63230 6.32990 -0.47000
v -0.40370 6.61990 -0.36000
v -0.28190 2.60990 2.65000
v -0.31230 2.31990 2.58000
v -0.28190 2.60990 -2.65000
v -0.31230 2.31990 -2.58000
v -0.87600 5.98990 1.21000
v -1.09690 6.50990 1.07000
v -0.95220 6.50990 1.32000
v -0.92170 6.88990 1.41000
v -0.78460 7.25990 1.34000
v -0.54080 7.25990 1.38000
v -0.52560 6.97990 1.44000
v -0.72370 6.50990 1.37000
v -0.49510 6.50990 1.32000
v -0.67800 5.98990 1.26000
v -0.49510 5.98990 1.21000
v -0.87600 5.98990 -1.21000
v -1.09690 6.50990 -1.07000
v -0.95220 6.50990 -1.32000
v -0.92170 6.88990 -1.41000
v -0.78460 7.25990 -1.34000
v -0.54080 7.25990 -1.38000
v -0.52560 6.97990 -1.44000
v -0.72370 6.50990 -1.37000
v -0.49510 6.50990 -1.32000
v -0.67800 5.98990 -1.26000
v -0.49510 5.98990 -1.21000
v -0.34280 4.40990 2.55000
v -0.26660 4.41990 2.57000
v -0.47990 2.43990 2.58000
v -0.26660 4.41990 -2.57000
v -0.34280 4.40990 -2.55000
v -0.47990 2.43990 -2.58000
v -2.00340 4.72990 0.45000
v -2.00340 4.72990 -0.45000
v -1.43970 6.03990 0.82000
v -1.43970 6.03990 -0.82000
v -0.98270 6.27990 1.30000
v -0.98270 6.27990 -1.30000
v -1.94250 4.84990 0.82000
v -1.94250 4.84990 -0.82000
v -0.22090 4.31990 2.55000
v -0.22090 4.31990 -2.55000
v 0.70840 5.83990 1.06000
v 0.70840 5.83990 -1.06000
v -2.79570 1.49990 -0.13000
v -2.79570 1.49990 -0.04000
v -2.72750 1.31990 0.09000
v -2.72750 1.31990 -0.09000
v 1.69870 5.22990 0.19000
v 1.69870 5.22990 -0.19000
v -1.22640 5.92990 1.18000
v -1.22640 5.92990 -1.18000
v -2.36910 2.46990 1.14000
v 0.72370 2.42990 2.58000
v 0.34280 2.52990 2.81000
v -2.36910 2.46990 -1.14000
v 0.34280 2.52990 -2.81000
v 0.72370 2.42990 -2.58000
v -2.61280 1.05990 0.39000
v -2.61280 1.05990 -0.39000
v -2.30810 4.55990 0.00000
v -2.26240 4.55990 0.18000
v -2.26240 4.55990 -0.18000
v -1.24170 5.71990 -0.80000
v -1.79010 5.39990 0.70000
v -1.79010 5.39990 -0.70000
v -2.76520 2.48990 -0.41000
v -2.76520 2.49990 -0.48000
v -2.71950 2.52990 -0.51000
v -2.71950 2.52990 -0.47000
v -2.73470 2.49990 -0.56000
v -2.73470 2.46990 -0.57000
v -2.76520 2.49990 -0.47000
v -2.71950 2.52990 -0.42000
v -2.76520 2.49990 -0.42000
v -2.67380 2.52990 -0.53000
v -2.67380 2.54990 -0.47000
v -2.79570 1.49990 0.13000
v -2.79570 1.49990 0.04000
v -2.11010 5.31990 0.00000
v -2.06440 5.16990 0.00000
v -1.07410 4.69990 2.02000
v -1.31780 2.31990 2.65000
v -1.07410 4.69990 -2.02000
v -1.31780 2.31990 -2.65000
v -0.25140 5.68990 1.82000
v -0.22090 5.60990 1.85000
v 1.27210 4.52990 1.70000
v -0.25140 5.68990 -1.82000
v -0.22090 5.60990 -1.85000
v 1.27210 4.52990 -1.70000
v -2.88710 1.59990 -0.35000
v -2.88710 1.69990 -0.38000
v -2.88710 1.53990 -0.28000
v -2.88710 1.49990 -0.22000
v -2.79570 1.49990 -0.21000
v -2.88710 1.43990 -0.19000
v -2.84140 1.43990 -0.18000
v -2.88710 1.35990 -0.19000
v -2.84140 1.35990 -0.18000
v -2.79570 1.53990 -0.30000
v -2.68900 1.56990 -0.36000
v -2.68900 1.61990 -0.39000
v -2.79570 1.59990 -0.38000
v -2.79570 1.69990 -0.41000
v -2.68900 1.69990 -0.41000
v -2.68900 1.81990 -0.39000
v -2.79570 1.81990 -0.39000
v -2.88710 1.81990 -0.36000
v -2.70430 1.91990 -0.36000
v -2.81090 1.91990 -0.36000
v -2.91750 1.90990 -0.33000
v -2.71950 2.02990 -0.31000
v -2.82610 2.01990 -0.31000
v -2.73470 2.10990 -0.27000
v -2.93280 1.99990 -0.28000
v -1.08930 4.17990 2.17000
v -2.88710 1.59990 0.35000
v -2.88710 1.69990 0.38000
v -2.88710 1.53990 0.28000
v -2.88710 1.49990 0.22000
v -2.79570 1.49990 0.21000
v -2.88710 1.43990 0.19000
v -2.84140 1.43990 0.18000
v -2.88710 1.35990 0.19000
v -2.84140 1.35990 0.18000
v -2.79570 1.53990 0.30000
v -2.68900 1.56990 0.36000
v -2.68900 1.61990 0.39000
v -2.79570 1.59990 0.38000
v -2.79570 1.69990 0.41000
v -2.68900 1.69990 0.41000
v -2.68900 1.81990 0.39000
v -2.79570 1.81990 0.39000
v -2.88710 1.81990 0.36000
v -2.70430 1.91990 0.36000
v -2.81090 1.91990 0.36000
v -2.91750 1.90990 0.33000
v -2.71950 2.02990 0.31000
v -2.82610 2.01990 0.31000
v -2.93280 1.99990 0.28000
v -2.73470 2.10990 0.27000
v -2.84140 2.08990 0.25000
v -0.63230 4.40990 2.42000
v -0.63230 4.40990 -2.42000
v -2.81090 2.25990 0.47000
v -2.87180 2.29990 0.44000
v -2.81090 2.31990 0.45000
v -2.87180 2.34990 0.41000
v -2.81090 2.19990 0.45000
v -2.71950 2.31990 0.45000
v -2.71950 2.19990 0.45000
v -2.81090 2.14990 0.42000
v -2.81090 2.10990 0.38000
v -2.71950 2.14990 0.42000
v -2.71950 2.08990 0.33000
v -2.71950 2.10990 0.38000
v -2.65850 2.16990 0.41000
v -2.65850 2.13990 0.36000
v -2.67380 2.11990 0.31000
v -2.65850 2.20990 0.44000
v -2.71950 2.25990 0.47000
v -2.65850 2.25990 0.44000
v -2.65850 2.29990 0.44000
v -2.71950 2.40990 0.33000
v -2.71950 2.39990 0.38000
v -2.71950 2.36990 0.42000
v -2.81090 2.36990 0.42000
v -2.81090 2.39990 0.38000
v -2.87180 2.36990 0.36000
v -2.73470 2.40990 0.33000
v -2.81090 2.40990 0.33000
v -2.87180 2.37990 0.31000
v -2.90230 2.31990 0.35000
v -2.90230 2.28990 0.38000
v -0.35800 6.50990 1.18000
v -0.28190 6.50990 0.95000
v -0.35800 6.50990 -1.18000
v -0.28190 6.50990 -0.95000
v -1.08930 4.17990 -2.17000
v -1.75970 4.28990 1.85000
v -1.75970 4.28990 -1.85000
v -0.41900 6.12990 1.47000
v -0.49510 6.21990 1.34000
v -0.41900 6.12990 -1.47000
v -0.49510 6.21990 -1.34000
v -1.69870 2.07990 2.22000
v -1.65300 2.10990 2.25000
v -1.69870 2.07990 -2.22000
v -1.65300 2.10990 -2.25000
v 0.08380 6.51990 0.45000
v 0.08380 6.51990 -0.45000
v 0.16000 6.21990 1.05000
v 0.19040 6.55990 1.05000
v -0.16000 6.07990 1.52000
v 0.16000 6.21990 -1.05000
v 0.19040 6.55990 -1.05000
v -0.16000 6.07990 -1.52000
v -2.46050 0.77990 0.53000
v -2.44520 1.24990 0.80000
v -2.41480 1.59990 0.91000
v -0.99790 6.15990 1.47000
v -2.46050 0.77990 -0.53000
v -2.44520 1.24990 -0.80000
v -2.41480 1.59990 -0.91000
v -0.99790 6.15990 -1.47000
v 2.39950 4.52990 0.00000
v 2.41480 4.61990 0.00000
v 0.08380 6.55990 0.83000
v -0.06860 6.55990 0.83000
v 0.08380 6.55990 -0.83000
v -0.06860 6.55990 -0.83000
v -0.23610 4.12990 -2.48000
v -1.92730 4.84990 0.95000
v -2.81090 2.25990 -0.47000
v -2.81090 2.31990 -0.45000
v -2.81090 2.19990 -0.45000
v -2.71950 2.19990 -0.45000
v -2.81090 2.14990 -0.42000
v -2.81090 2.10990 -0.38000
v -2.71950 2.10990 -0.38000
v -2.71950 2.14990 -0.42000
v -2.65850 2.16990 -0.41000
v -2.65850 2.13990 -0.36000
v -2.65850 2.20990 -0.44000
v -2.67380 2.11990 -0.31000
v -2.71950 2.25990 -0.47000
v -2.65850 2.25990 -0.44000
v -2.65850 2.29990 -0.44000
v -2.71950 2.31990 -0.45000
v -2.71950 2.36990 -0.42000
v -2.81090 2.36990 -0.42000
v -1.92730 4.84990 -0.95000
v -0.23610 4.12990 2.48000
v -0.09900 4.40990 2.37000
v -0.09900 4.40990 -2.37000
v -1.66830 5.01990 1.59000
v -2.47570 0.79990 0.50000
v -1.66830 5.01990 -1.59000
v -2.47570 0.79990 -0.50000
v -0.32760 5.68990 1.82000
v -0.32760 5.68990 -1.82000
v -0.92170 5.71990 -0.71000
v -1.06680 5.80990 -0.88000
v -1.94250 2.37990 1.96000
v -0.61700 5.54990 -1.75000
v -1.94250 2.37990 -1.96000
v -1.18070 6.07990 1.55000
v -1.18070 6.07990 -1.55000
v 2.15580 2.61990 1.05000
v 2.01870 2.51990 1.32000
v 2.15580 2.61990 -1.05000
v 2.01870 2.51990 -1.32000
v -2.61280 1.05990 0.19000
v -2.61280 1.05990 -0.19000
v 0.99790 5.36990 1.12000
v 0.92170 5.54990 1.09000
v 0.99790 5.36990 -1.12000
v 0.92170 5.54990 -1.09000
v -0.17520 6.55990 1.05000
v -0.11430 6.21990 1.05000
v -0.17520 6.55990 -1.05000
v -0.11430 6.21990 -1.05000
v -1.80540 3.91990 1.78000
v -1.80540 3.91990 -1.78000
v -0.61700 5.54990 1.75000
v -1.91200 4.84990 0.80000
v -1.91200 4.84990 -0.80000
v 0.31230 6.29990 1.12000
v 0.31230 6.29990 -1.12000
v 0.58660 4.12990 -2.25000
v 0.78460 4.63990 -2.01000
v 0.00760 2.20990 2.71000
v 0.00760 2.20990 -2.71000
v -2.51420 0.70990 0.09000
v -2.51420 0.70990 -0.09000
v -0.92170 5.71990 0.71000
v -1.06680 5.80990 0.88000
v 0.58660 4.12990 2.25000
v 0.78460 4.63990 2.01000
v -1.08930 5.54990 1.40000
v -1.08930 5.54990 -1.40000
v -0.35800 6.50990 0.80000
v -0.52560 6.50990 0.60000
v -0.35800 6.50990 -0.80000
v -0.52560 6.50990 -0.60000
v 1.37880 3.83990 1.82000
v 1.40920 4.17990 1.69000
v 1.43970 4.37990 1.56000
v 1.47020 4.52990 1.41000
v 1.51590 4.67990 1.23000
v 1.54640 4.75990 1.09000
v 1.57680 4.81990 0.97000
v 1.60730 4.87990 0.83000
v 1.63780 4.93990 0.67000
v 1.68350 5.08990 0.31000
v 1.37880 3.83990 -1.82000
v 1.40920 4.17990 -1.69000
v 1.43970 4.37990 -1.56000
v 1.47020 4.52990 -1.41000
v 1.51590 4.67990 -1.23000
v 1.54640 4.75990 -1.09000
v 1.57680 4.81990 -0.97000
v 1.60730 4.87990 -0.83000
v 1.63780 4.93990 -0.67000
v 1.68350 5.05990 0.16000
v 1.63780 5.16990 0.13000
v 1.77490 4.95990 0.15000
v 1.85110 4.84990 0.09000
v 1.92720 4.84990 0.00000
v 1.63780 5.16990 -0.13000
v 1.68350 5.05990 -0.16000
v 1.77490 4.95990 -0.15000
v 1.85110 4.84990 -0.09000
v 0.51040 5.54990 1.43000
v 0.51040 5.54990 -1.43000
v -2.81090 1.43990 0.00000
v -2.84140 1.43990 0.06000
v -2.75000 1.49990 0.00000
v -2.84140 1.43990 -0.06000
v 2.18620 3.57990 -0.63000
v 2.15580 3.83990 -0.54000
v 2.20150 3.33990 -0.74000
v 2.18620 3.12990 -0.88000
v 2.14050 2.95990 -0.98000
v 2.07960 2.84990 -1.09000
v 2.18620 3.57990 0.63000
v 2.15580 3.83990 0.54000
v 2.20150 3.33990 0.74000
v 2.18620 3.12990 0.88000
v 2.14050 2.95990 0.98000
v 2.07960 2.84990 1.09000
v -0.20570 5.02990 2.48000
v -0.49510 5.02990 2.52000
v 0.16000 4.88990 2.31000
v -0.79990 4.88990 2.25000
v -0.20570 5.02990 -2.48000
v -0.49510 5.02990 -2.52000
v 0.16000 4.88990 -2.31000
v -0.79990 4.88990 -2.25000
v -2.71950 1.47990 0.21000
v -2.65850 1.47990 0.22000
v -2.71950 1.47990 -0.21000
v -2.65850 1.47990 -0.22000
v -2.53670 2.20990 0.92000
v -2.53670 2.20990 -0.92000
v -2.76520 2.36990 -0.18000
v -2.75000 2.36990 -0.18000
v -2.75000 2.39990 -0.22000
v -2.73470 2.39990 -0.22000
v -2.75000 2.40990 -0.27000
v -2.81090 2.39990 -0.22000
v -2.73470 2.40990 -0.27000
v -2.81090 2.36990 -0.18000
v -2.81090 2.40990 -0.27000
v -2.87180 2.36990 -0.24000
v -0.26660 4.34990 2.48000
v -0.26660 4.34990 -2.48000
v -2.64330 2.31990 0.39000
v -1.01310 6.50990 0.80000
v -0.75410 6.50990 0.63000
v -1.01310 6.50990 -0.80000
v -0.75410 6.50990 -0.63000
v -2.84140 1.43990 0.13000
v -2.84140 1.43990 -0.13000
v -2.65850 2.52990 -0.42000
v -2.64330 2.52990 -0.42000
v -2.64330 2.51990 -0.38000
v -2.65850 2.51990 -0.38000
v -2.65850 2.48990 -0.35000
v -2.67380 2.52990 -0.42000
v -2.67380 2.48990 -0.35000
v -2.68900 2.51990 -0.38000
v -2.71950 2.51990 -0.38000
v -2.68900 2.48990 -0.35000
v -2.68900 2.43990 -0.31000
v -2.67380 2.43990 -0.31000
v -2.65850 2.43990 -0.33000
v -2.64330 2.52990 0.42000
v -2.65850 2.52990 0.42000
v -2.64330 2.51990 0.38000
v -2.65850 2.51990 0.38000
v -2.65850 2.48990 0.35000
v -2.67380 2.48990 0.35000
v -2.68900 2.51990 0.38000
v -2.71950 2.51990 0.38000
v -2.68900 2.48990 0.35000
v -2.68900 2.43990 0.31000
v -2.67380 2.43990 0.31000
v -2.65850 2.43990 0.33000
v 0.89130 5.71990 0.63000
v 0.89130 5.71990 -0.63000
v 2.65850 1.93990 0.57000
v 2.59760 2.26990 0.51000
v 2.65850 1.93990 -0.57000
v 2.59760 2.26990 -0.51000
v -0.14470 5.17990 2.36000
v -0.29710 5.27990 2.42000
v 0.09900 5.08990 2.20000
v -0.14470 5.17990 -2.36000
v -0.29710 5.27990 -2.42000
v 0.09900 5.08990 -2.20000
v -0.31230 5.63990 2.13000
v -0.28190 5.55990 1.85000
v -0.31230 5.63990 -2.13000
v -0.28190 5.55990 -1.85000
v -2.55190 1.29990 0.51000
v -2.55190 1.29990 -0.51000
v -2.24720 4.90990 0.00000
v -2.55190 1.05990 0.28000
v -2.55190 1.05990 -0.28000
v -0.70840 2.48990 2.54000
v -0.70840 2.48990 -2.54000
v -2.65140 1.31990 0.06000
v -2.65140 1.31990 -0.06000
v 1.63780 2.75990 1.81000
v 1.74440 2.75990 1.66000
v 1.85110 2.75990 1.44000
v 1.63780 2.75990 -1.81000
v 1.74440 2.75990 -1.66000
v 1.85110 2.75990 -1.44000
v -2.84140 1.35990 0.06000
v -2.81090 1.35990 0.00000
v -2.84140 1.35990 -0.06000
v 1.33310 4.32990 1.70000
v 1.36350 4.12990 1.73000
v 1.36350 4.12990 -1.73000
v 1.33310 4.32990 -1.70000
v 2.58240 1.96990 0.65000
v 2.61280 1.93990 0.76000
v 2.58240 1.96990 -0.65000
v 2.61280 1.93990 -0.76000
v -0.28190 5.59990 1.78000
v -0.35800 5.60990 1.84000
v -0.28190 5.59990 -1.78000
v -0.35800 5.60990 -1.84000
v -0.70840 3.62990 2.94000
v -0.70840 3.62990 -2.94000
v -0.55610 5.08990 2.42000
v -0.79990 5.01990 2.23000
v -0.79990 5.01990 -2.23000
v -0.55610 5.08990 -2.42000
v -2.65850 1.47990 0.33000
v -2.62810 1.47990 0.28000
v -2.65850 1.47990 -0.33000
v -2.62810 1.47990 -0.28000
v -2.56590 0.52990 0.00000
v -2.51420 0.70990 0.00000
v -0.40370 5.68990 2.11000
v -0.52560 5.51990 2.37000
v -0.40370 5.68990 -2.11000
v -0.52560 5.51990 -2.37000
v -2.84140 1.35990 0.13000
v -2.84140 1.35990 -0.13000
v 1.75970 3.12990 1.64000
v 1.66830 3.04990 1.78000
v 1.83580 3.33990 1.44000
v 1.89680 3.57990 1.23000
v 1.94250 3.83990 0.97000
v 1.82060 4.55990 0.50000
v 1.66830 3.04990 -1.78000
v 1.75970 3.12990 -1.64000
v 1.83580 3.33990 -1.44000
v 1.89680 3.57990 -1.23000
v 1.94250 3.83990 -0.97000
v 1.82060 4.55990 -0.50000
v 2.79570 4.05990 0.10000
v 2.76520 4.31990 0.09000
v 2.79570 4.05990 -0.10000
v 2.76520 4.31990 -0.09000
v 2.44520 2.31990 0.62000
v 2.44520 2.31990 -0.62000
v 0.58660 5.87990 0.92000
v 0.58660 5.87990 -0.92000
v -0.37330 5.48990 2.37000
v -0.37330 5.48990 -2.37000
v -0.58660 3.83990 2.97000
v -0.46470 4.11990 2.87000
v -0.32760 4.31990 2.54000
v -0.58660 3.83990 -2.97000
v -0.46470 4.11990 -2.87000
v -0.32760 4.31990 -2.54000
v 2.59760 2.14990 0.19000
v 2.59760 2.14990 -0.19000
v -1.95770 4.84990 0.62000
v -2.71950 1.50990 0.28000
v -1.95770 4.84990 -0.62000
v -2.71950 1.50990 -0.28000
v -1.01310 5.54990 1.47000
v -1.01310 5.54990 -1.47000
v -2.62090 1.31990 0.00000
v -1.15030 3.24990 2.58000
v -0.84560 3.41990 2.81000
v -0.61700 3.54990 2.90000
v -0.44940 3.79990 2.95000
v -0.35800 4.05990 2.86000
v -0.26660 4.26990 2.54000
v -1.15030 3.24990 -2.58000
v -0.84560 3.41990 -2.81000
v -0.61700 3.54990 -2.90000
v -0.44940 3.79990 -2.95000
v -0.35800 4.05990 -2.86000
v -0.26660 4.26990 -2.54000
v -2.72750 1.35990 0.00000
v 1.65300 2.84990 1.79000
v 1.65300 2.84990 -1.79000
v 2.53670 2.43990 0.41000
v 2.53670 2.43990 -0.41000
v 0.09900 4.95990 2.22000
v -0.23610 5.08990 2.40000
v 0.09900 4.95990 -2.22000
v -0.23610 5.08990 -2.40000
v -2.65850 2.39990 -0.33000
v -2.64330 2.34990 -0.35000
v -2.64330 2.31990 -0.39000
v 2.73470 4.29990 0.00000
v -2.65850 2.39990 0.33000
v -2.64330 2.34990 0.35000
v 0.63230 6.06990 0.70000
v 0.70840 5.87990 0.76000
v 0.76940 5.71990 0.82000
v 0.63230 6.06990 -0.70000
v 0.70840 5.87990 -0.76000
v 0.76940 5.71990 -0.82000
v 0.84560 5.54990 1.14000
v 0.64750 5.54990 1.30000
v 0.84560 5.54990 -1.14000
v 0.64750 5.54990 -1.30000
v 2.76520 4.05990 0.00000
v 1.88150 3.12990 1.43000
v 1.86630 2.84990 1.44000
v 1.92720 3.12990 1.29000
v 1.74440 2.84990 1.66000
v 1.91200 3.41990 1.24000
v 1.86630 2.84990 -1.44000
v 1.88150 3.12990 -1.43000
v 1.92720 3.12990 -1.29000
v 1.74440 2.84990 -1.66000
v 1.91200 3.41990 -1.24000
v 2.00340 1.44990 1.09000
v 1.97300 1.21990 0.91000
v 2.00340 1.44990 -1.09000
v 1.97300 1.21990 -0.91000
v 2.58240 2.16990 0.31000
v 2.56710 2.42990 0.30000
v 2.58240 2.16990 -0.31000
v 2.56710 2.42990 -0.30000
v -2.61750 0.87990 0.00000
vt 0.91567 0.64176
vt 0.91549 0.64349
vt 0.91567 0.64402
vt 0.91434 0.64216
vt 0.91230 0.64269
vt 0.91425 0.64429
vt 0.91248 0.64082
vt 0.91434 0.64028
vt 0.91576 0.64015
vt 0.91354 0.63972
vt 0.91292 0.63903
vt 0.91434 0.63862
vt 0.91434 0.63733
vt 0.91576 0.63877
vt 0.91292 0.63731
vt 0.91292 0.63609
vt 0.91434 0.63628
vt 0.91558 0.63764
vt 0.91292 0.63511
vt 0.91106 0.63634
vt 0.91106 0.63815
vt 0.90884 0.63560
vt 0.90884 0.63420
vt 0.91106 0.63502
vt 0.90884 0.63318
vt 0.90618 0.63272
vt 0.90618 0.63213
vt 0.91106 0.63396
vt 0.90884 0.63256
vt 0.90618 0.63155
vt 0.90884 0.63225
vt 0.91106 0.63331
vt 0.91106 0.63299
vt 0.91292 0.63441
vt 0.91292 0.63405
vt 0.91434 0.63551
vt 0.91434 0.63506
vt 0.91532 0.63676
vt 0.91532 0.63633
vt 0.89916 0.59607
vt 0.89433 0.58567
vt 0.89626 0.59056
vt 0.89852 0.59301
vt 0.89401 0.58077
vt 0.89755 0.59851
vt 0.90045 0.60524
vt 0.90352 0.63183
vt 0.90352 0.63134
vt 0.91106 0.64013
vt 0.90884 0.63942
vt 0.91106 0.64203
vt 0.90884 0.64136
vt 0.90618 0.64108
vt 0.90751 0.64296
vt 0.90884 0.64309
vt 0.90618 0.64283
vt 0.90494 0.64283
vt 0.90618 0.64576
vt 0.90494 0.64562
vt 0.90512 0.64869
vt 0.90388 0.64789
vt 0.90335 0.64509
vt 0.90335 0.64682
vt 0.90344 0.64815
vt 0.90388 0.64815
vt 0.90308 0.64895
vt 0.91000 0.64336
vt 0.91008 0.64549
vt 0.91080 0.64389
vt 0.91080 0.64629
vt 0.91221 0.64482
vt 0.91204 0.64722
vt 0.91212 0.65188
vt 0.91408 0.64642
vt 0.91381 0.64869
vt 0.91434 0.64935
vt 0.91487 0.64749
vt 0.91505 0.64789
vt 0.91549 0.64616
vt 0.91523 0.64549
vt 0.70752 0.64272
vt 0.70699 0.64380
vt 0.70664 0.64380
vt 0.89829 0.64509
vt 0.89634 0.64509
vt 0.89661 0.64736
vt 0.89723 0.65148
vt 0.89563 0.64842
vt 0.89501 0.64922
vt 0.89395 0.64749
vt 0.89510 0.64616
vt 0.89404 0.64442
vt 0.89342 0.64749
vt 0.89475 0.64389
vt 0.89750 0.64416
vt 0.89812 0.64323
vt 0.89599 0.64283
vt 0.89448 0.64162
vt 0.89723 0.64229
vt 0.89581 0.64081
vt 0.89812 0.64189
vt 0.89812 0.63996
vt 0.89989 0.64296
vt 0.89847 0.64522
vt 0.90086 0.64135
vt 0.89812 0.63808
vt 0.89448 0.63970
vt 0.89980 0.64616
vt 0.89581 0.63885
vt 0.90086 0.63743
vt 0.89315 0.64081
vt 0.90086 0.63938
vt 0.90086 0.63547
vt 0.89812 0.63620
vt 0.89581 0.63707
vt 0.89448 0.63798
vt 0.89812 0.63467
vt 0.89581 0.63563
vt 0.90086 0.63400
vt 0.90352 0.63378
vt 0.89448 0.63659
vt 0.90352 0.63528
vt 0.90352 0.63713
vt 0.90352 0.63911
vt 0.90352 0.64108
vt 0.90618 0.63912
vt 0.90618 0.63716
vt 0.90618 0.63533
vt 0.90618 0.63386
vt 0.90884 0.63738
vt 0.90352 0.63262
vt 0.90086 0.63272
vt 0.89812 0.63353
vt 0.90086 0.63213
vt 0.89581 0.63441
vt 0.90086 0.63155
vt 0.89812 0.63272
vt 0.89812 0.63227
vt 0.89581 0.63363
vt 0.89581 0.63332
vt 0.89448 0.63546
vt 0.89448 0.63460
vt 0.89448 0.63423
vt 0.89306 0.63649
vt 0.89386 0.63499
vt 0.89386 0.63452
vt 0.89306 0.63770
vt 0.89262 0.63842
vt 0.89306 0.63914
vt 0.89226 0.64026
vt 0.89209 0.64108
vt 0.89218 0.64216
vt 0.89173 0.64349
vt 0.89235 0.64402
vt 0.89191 0.64536
vt 0.89333 0.64256
vt 0.89244 0.64669
vt 0.89280 0.64576
vt 0.89324 0.64762
vt 0.89360 0.64469
vt 0.89368 0.58811
vt 0.73801 0.64719
vt 0.73819 0.65266
vt 0.73795 0.64875
vt 0.73819 0.65344
vt 0.73819 0.66165
vt 0.73819 0.66126
vt 0.73760 0.64602
vt 0.73958 0.65227
vt 0.73848 0.65735
vt 0.73795 0.64250
vt 0.73813 0.63937
vt 0.73760 0.64367
vt 0.73720 0.64211
vt 0.73731 0.63781
vt 0.73702 0.63233
vt 0.73696 0.64367
vt 0.73725 0.64680
vt 0.73661 0.64406
vt 0.73679 0.63663
vt 0.73638 0.63038
vt 0.91649 0.60958
vt 0.91602 0.60958
vt 0.91614 0.60958
vt 0.69540 0.63276
vt 0.69558 0.63236
vt 0.90282 0.64909
vt 0.90211 0.64589
vt 0.90211 0.64935
vt 0.90237 0.65282
vt 0.90086 0.65268
vt 0.90148 0.65894
vt 0.89980 0.65282
vt 0.89918 0.65295
vt 0.89980 0.64949
vt 0.89874 0.64949
vt 0.90086 0.64949
vt 0.90086 0.64602
vt 0.89803 0.64629
vt 0.89829 0.64989
vt 0.89856 0.64989
vt 0.89918 0.65308
vt 0.90086 0.64283
vt 0.90211 0.64269
vt 0.90352 0.64256
vt 0.92278 0.58227
vt 0.92260 0.58426
vt 0.92284 0.58426
vt 0.92266 0.57950
vt 0.92231 0.58050
vt 0.92260 0.58050
vt 0.92278 0.58050
vt 0.92324 0.58227
vt 0.92324 0.58426
vt 0.92318 0.57950
vt 0.92284 0.57829
vt 0.92324 0.58050
vt 0.92365 0.58227
vt 0.92354 0.58039
vt 0.92383 0.58105
vt 0.92406 0.58227
vt 0.92301 0.57829
vt 0.92260 0.57685
vt 0.92307 0.57663
vt 0.92336 0.57939
vt 0.92371 0.58039
vt 0.92400 0.58105
vt 0.92388 0.57851
vt 0.92348 0.57751
vt 0.92418 0.57961
vt 0.92447 0.57895
vt 0.92441 0.58061
vt 0.92452 0.58227
vt 0.92464 0.57995
vt 0.92458 0.58072
vt 0.92470 0.57939
vt 0.92482 0.57818
vt 0.92499 0.57961
vt 0.92423 0.57751
vt 0.92493 0.58227
vt 0.92517 0.58205
vt 0.92388 0.57630
vt 0.92354 0.57530
vt 0.92458 0.57641
vt 0.92423 0.57497
vt 0.92388 0.57398
vt 0.92505 0.57796
vt 0.92482 0.57597
vt 0.92447 0.57420
vt 0.92412 0.57210
vt 0.92511 0.57574
vt 0.92464 0.57376
vt 0.92493 0.57353
vt 0.92511 0.57199
vt 0.92412 0.57022
vt 0.92528 0.57541
vt 0.92493 0.57022
vt 0.92418 0.56888
vt 0.92458 0.56854
vt 0.92418 0.56774
vt 0.92418 0.56715
vt 0.92406 0.56680
vt 0.92388 0.56607
vt 0.92452 0.56716
vt 0.92388 0.56571
vt 0.92452 0.56693
vt 0.92511 0.56844
vt 0.92452 0.56786
vt 0.92441 0.56877
vt 0.92505 0.56855
vt 0.92557 0.56978
vt 0.92563 0.57066
vt 0.92499 0.56900
vt 0.92552 0.57110
vt 0.92464 0.56911
vt 0.92447 0.57033
vt 0.92493 0.56955
vt 0.92522 0.57110
vt 0.92569 0.57265
vt 0.92476 0.57066
vt 0.92546 0.57298
vt 0.92616 0.57353
vt 0.92581 0.57364
vt 0.92493 0.57254
vt 0.90618 0.64882
vt 0.90751 0.64589
vt 0.90503 0.65042
vt 0.90698 0.65322
vt 0.90751 0.64882
vt 0.90920 0.65228
vt 0.90884 0.64895
vt 0.91000 0.64895
vt 0.90884 0.64602
vt 0.91053 0.65148
vt 0.91035 0.64709
vt 0.91080 0.64909
vt 0.91133 0.64895
vt 0.91088 0.65148
vt 0.91195 0.65148
vt 0.91239 0.64949
vt 0.91044 0.65415
vt 0.91292 0.65148
vt 0.91337 0.64975
vt 0.91372 0.65148
vt 0.91150 0.65415
vt 0.91248 0.65415
vt 0.91292 0.65415
vt 0.91346 0.65295
vt 0.91195 0.65548
vt 0.91088 0.65628
vt 0.91000 0.65628
vt 0.90778 0.65948
vt 0.90991 0.65415
vt 0.90884 0.65242
vt 0.90849 0.65415
vt 0.90946 0.65628
vt 0.90814 0.65628
vt 0.90769 0.65628
vt 0.90751 0.65948
vt 0.90796 0.65415
vt 0.90840 0.65228
vt 0.92540 0.57774
vt 0.92557 0.57751
vt 0.92557 0.58039
vt 0.92581 0.58094
vt 0.70774 0.64070
vt 0.70730 0.64219
vt 0.70659 0.64206
vt 0.73795 0.66282
vt 0.73790 0.67455
vt 0.73830 0.66282
vt 0.69638 0.63161
vt 0.69611 0.63127
vt 0.69611 0.63161
vt 0.69638 0.63127
vt 0.69638 0.63100
vt 0.69620 0.63100
vt 0.89022 0.64336
vt 0.88960 0.64496
vt 0.88996 0.64296
vt 0.88952 0.64496
vt 0.88969 0.64549
vt 0.88987 0.64283
vt 0.89031 0.64536
vt 0.89040 0.64095
vt 0.89129 0.64682
vt 0.89120 0.64815
vt 0.89111 0.64416
vt 0.89031 0.64082
vt 0.89129 0.64189
vt 0.89138 0.64216
vt 0.89191 0.63970
vt 0.89067 0.64135
vt 0.89173 0.63970
vt 0.89271 0.63724
vt 0.89120 0.63943
vt 0.89102 0.63902
vt 0.89102 0.63888
vt 0.89182 0.63814
vt 0.89235 0.63754
vt 0.89182 0.63729
vt 0.89182 0.63715
vt 0.89280 0.63573
vt 0.89280 0.63603
vt 0.69611 0.63100
vt 0.69602 0.63127
vt 0.69602 0.63161
vt 0.69585 0.63188
vt 0.69594 0.63188
vt 0.69576 0.63209
vt 0.69532 0.63324
vt 0.92674 0.57597
vt 0.92668 0.57774
vt 0.92674 0.57674
vt 0.92668 0.57807
vt 0.92662 0.57984
vt 0.90769 0.57077
vt 0.90787 0.57066
vt 0.90787 0.57077
vt 0.73892 0.65581
vt 0.73822 0.65990
vt 0.73793 0.65692
vt 0.92528 0.58326
vt 0.92546 0.58293
vt 0.92534 0.58426
vt 0.92563 0.58426
vt 0.92499 0.58426
vt 0.92458 0.58426
vt 0.92412 0.58426
vt 0.92400 0.58536
vt 0.92452 0.58581
vt 0.92493 0.58581
vt 0.92534 0.58581
vt 0.92447 0.58757
vt 0.92563 0.58581
vt 0.92569 0.58581
vt 0.92482 0.58757
vt 0.92522 0.58757
vt 0.92557 0.58757
vt 0.92569 0.58757
vt 0.92464 0.58879
vt 0.92493 0.58979
vt 0.92522 0.59045
vt 0.90845 0.57199
vt 0.90862 0.57353
vt 0.90827 0.57210
vt 0.91608 0.60018
vt 0.91538 0.60294
vt 0.91503 0.59863
vt 0.91701 0.59863
vt 0.89191 0.65162
vt 0.89262 0.64682
vt 0.89351 0.64789
vt 0.89342 0.65175
vt 0.89404 0.64802
vt 0.89484 0.65295
vt 0.89475 0.64842
vt 0.90746 0.57320
vt 0.90723 0.57342
vt 0.90705 0.57331
vt 0.92493 0.58426
vt 0.92476 0.58636
vt 0.92412 0.58636
vt 0.92534 0.58514
vt 0.92423 0.58426
vt 0.92388 0.58581
vt 0.92359 0.58426
vt 0.92359 0.58459
vt 0.92318 0.58370
vt 0.92359 0.58227
vt 0.92318 0.58227
vt 0.92318 0.58160
vt 0.92365 0.58160
vt 0.92435 0.58227
vt 0.92435 0.58160
vt 0.92493 0.58205
vt 0.92552 0.58304
vt 0.92598 0.58337
vt 0.92581 0.58558
vt 0.92552 0.58094
vt 0.92493 0.58028
vt 0.92464 0.57984
vt 0.92598 0.58138
vt 0.92493 0.57818
vt 0.92476 0.57762
vt 0.92552 0.57884
vt 0.92598 0.57939
vt 0.92499 0.57619
vt 0.92464 0.57519
vt 0.92552 0.57685
vt 0.92493 0.57442
vt 0.92447 0.57342
vt 0.92552 0.57497
vt 0.92604 0.57619
vt 0.92598 0.57762
vt 0.92447 0.57199
vt 0.73682 0.64708
vt 0.73630 0.64708
vt 0.73647 0.64398
vt 0.92656 0.57685
vt 0.92656 0.57829
vt 0.92650 0.57696
vt 0.92645 0.57597
vt 0.92645 0.57530
vt 0.92650 0.57840
vt 0.92674 0.57519
vt 0.92645 0.57961
vt 0.92639 0.57973
vt 0.92650 0.57973
vt 0.92633 0.58116
vt 0.92627 0.58116
vt 0.92645 0.58138
vt 0.92627 0.58238
vt 0.92639 0.58293
vt 0.92633 0.58448
vt 0.92610 0.58625
vt 0.92662 0.58172
vt 0.92656 0.58359
vt 0.92645 0.58514
vt 0.92627 0.58680
vt 0.92662 0.58570
vt 0.92674 0.58415
vt 0.92686 0.58448
vt 0.92691 0.58249
vt 0.92680 0.58216
vt 0.92697 0.58061
vt 0.92680 0.58006
vt 0.92691 0.57729
vt 0.92680 0.57751
vt 0.92686 0.57574
vt 0.70610 0.64921
vt 0.70610 0.64941
vt 0.70602 0.64921
vt 0.70628 0.64921
vt 0.70610 0.64908
vt 0.70628 0.64901
vt 0.70628 0.64880
vt 0.70610 0.64894
vt 0.70610 0.64887
vt 0.70628 0.64867
vt 0.70628 0.64860
vt 0.91724 0.58050
vt 0.91835 0.57818
vt 0.91719 0.57829
vt 0.91719 0.57740
vt 0.91654 0.58227
vt 0.91724 0.58227
vt 0.91684 0.58426
vt 0.91724 0.58426
vt 0.91649 0.58050
vt 0.91631 0.58227
vt 0.91672 0.58525
vt 0.91614 0.58050
vt 0.91649 0.57829
vt 0.91608 0.57829
vt 0.91637 0.57552
vt 0.91608 0.57552
vt 0.91585 0.57619
vt 0.91608 0.58525
vt 0.91614 0.58227
vt 0.91649 0.58824
vt 0.91672 0.58824
vt 0.91666 0.58945
vt 0.91771 0.58945
vt 0.91724 0.58636
vt 0.91783 0.58636
vt 0.92895 0.59056
vt 0.92802 0.59343
vt 0.92825 0.59089
vt 0.92843 0.59421
vt 0.73835 0.64476
vt 0.73684 0.64476
vt 0.73737 0.64381
vt 0.73604 0.64476
vt 0.92394 0.59443
vt 0.92342 0.59697
vt 0.92412 0.59454
vt 0.92354 0.59741
vt 0.92330 0.59653
vt 0.92429 0.59465
vt 0.92371 0.59852
vt 0.92458 0.59189
vt 0.92452 0.59189
vt 0.92464 0.59056
vt 0.92377 0.59432
vt 0.92522 0.59144
vt 0.92482 0.59056
vt 0.92464 0.58967
vt 0.92435 0.59189
vt 0.92318 0.59609
vt 0.92458 0.58945
vt 0.92452 0.58857
vt 0.92412 0.59189
vt 0.92354 0.59421
vt 0.92307 0.59554
vt 0.92435 0.58945
vt 0.92388 0.59189
vt 0.92330 0.59399
vt 0.92289 0.59443
vt 0.92412 0.58945
vt 0.92359 0.59189
vt 0.92307 0.59377
vt 0.92278 0.59332
vt 0.92324 0.59189
vt 0.92377 0.58945
vt 0.92289 0.59189
vt 0.92266 0.59189
vt 0.92295 0.58945
vt 0.92254 0.58945
vt 0.92254 0.58636
vt 0.92336 0.58945
vt 0.92301 0.58636
vt 0.92301 0.58459
vt 0.92348 0.58636
vt 0.92354 0.58492
vt 0.92394 0.58636
vt 0.92365 0.58426
vt 0.92429 0.58636
vt 0.92540 0.59133
vt 0.91806 0.59156
vt 0.91678 0.59354
vt 0.91730 0.59189
vt 0.91625 0.59156
vt 0.91777 0.59598
vt 0.91823 0.58945
vt 0.91858 0.59156
vt 0.91882 0.59156
vt 0.91905 0.58945
vt 0.91876 0.58945
vt 0.91905 0.58636
vt 0.91888 0.58636
vt 0.91893 0.58426
vt 0.91812 0.58426
vt 0.91823 0.58227
vt 0.91888 0.58227
vt 0.91835 0.58050
vt 0.91905 0.58050
vt 0.91934 0.57895
vt 0.92080 0.60560
vt 0.92039 0.60670
vt 0.92022 0.60670
vt 0.91992 0.60748
vt 0.92097 0.60560
vt 0.92155 0.60427
vt 0.92010 0.60615
vt 0.92138 0.60427
vt 0.92202 0.60305
vt 0.92185 0.60305
vt 0.92045 0.60560
vt 0.92010 0.60560
vt 0.92091 0.60427
vt 0.92039 0.60427
vt 0.92074 0.60305
vt 0.92138 0.60305
vt 0.92202 0.60184
vt 0.92109 0.60184
vt 0.92173 0.60184
vt 0.95193 0.64880
vt 0.95167 0.64833
vt 0.95202 0.64833
vt 0.95184 0.64799
vt 0.95193 0.64799
vt 0.95158 0.64880
vt 0.95158 0.64907
vt 0.95184 0.64907
vt 0.73848 0.64953
vt 0.73877 0.64758
vt 0.92254 0.58227
vt 0.92220 0.58227
vt 0.92167 0.58160
vt 0.92214 0.58426
vt 0.92167 0.58227
vt 0.92097 0.58227
vt 0.92161 0.58426
vt 0.92202 0.58636
vt 0.92091 0.58426
vt 0.92004 0.58348
vt 0.92150 0.58636
vt 0.92004 0.58426
vt 0.92086 0.58636
vt 0.92004 0.58636
vt 0.91922 0.58945
vt 0.92068 0.58945
vt 0.92126 0.58945
vt 0.92004 0.58945
vt 0.91946 0.59156
vt 0.92062 0.59189
vt 0.92022 0.59520
vt 0.92138 0.59156
vt 0.92167 0.59156
vt 0.92173 0.58945
vt 0.92208 0.58945
vt 0.92243 0.58636
vt 0.92249 0.58636
vt 0.92214 0.58945
vt 0.92225 0.58945
vt 0.92214 0.59156
vt 0.92243 0.59156
vt 0.92208 0.59299
vt 0.92237 0.59299
vt 0.92214 0.59443
vt 0.92150 0.59299
vt 0.92103 0.59299
vt 0.92185 0.59443
vt 0.92103 0.59642
vt 0.92126 0.59443
vt 0.92022 0.59598
vt 0.92091 0.59443
vt 0.92051 0.59299
vt 0.92051 0.59443
vt 0.92004 0.59299
vt 0.91975 0.59443
vt 0.91975 0.59531
vt 0.91899 0.59598
vt 0.91858 0.59443
vt 0.91946 0.59299
vt 0.91858 0.59299
vt 0.91911 0.59045
vt 0.91888 0.59045
vt 0.69638 0.63094
vt 0.92674 0.58603
vt 0.92639 0.58724
vt 0.92650 0.58757
vt 0.92616 0.58890
vt 0.92598 0.58846
vt 0.92581 0.58802
vt 0.92552 0.58757
vt 0.92511 0.58713
vt 0.92482 0.58912
vt 0.92517 0.58945
vt 0.92447 0.58824
vt 0.92418 0.59023
vt 0.92423 0.58945
vt 0.92406 0.58757
vt 0.92441 0.59100
vt 0.92418 0.59189
vt 0.92400 0.59299
vt 0.92231 0.60128
vt 0.92237 0.60051
vt 0.92254 0.60051
vt 0.92278 0.59985
vt 0.92266 0.60051
vt 0.92243 0.60128
vt 0.92249 0.60128
vt 0.92260 0.59985
vt 0.92289 0.59907
vt 0.92272 0.59907
vt 0.92231 0.60184
vt 0.92237 0.60184
vt 0.92185 0.60394
vt 0.92220 0.60184
vt 0.92249 0.59985
vt 0.92208 0.60184
vt 0.92190 0.60184
vt 0.92214 0.60128
vt 0.92190 0.60128
vt 0.92173 0.60128
vt 0.92220 0.60051
vt 0.92196 0.60051
vt 0.92173 0.60051
vt 0.92225 0.59985
vt 0.92202 0.59985
vt 0.92161 0.59918
vt 0.92254 0.59907
vt 0.92278 0.59830
vt 0.92260 0.59830
vt 0.92231 0.59907
vt 0.92243 0.59830
vt 0.92220 0.59907
vt 0.92185 0.59929
vt 0.91818 0.59598
vt 0.91876 0.59598
vt 0.91818 0.59752
vt 0.91882 0.59752
vt 0.91818 0.59907
vt 0.91818 0.59299
vt 0.91818 0.59233
vt 0.91847 0.59907
vt 0.91818 0.60018
vt 0.91882 0.59907
vt 0.91829 0.60018
vt 0.91818 0.60051
vt 0.91847 0.60018
vt 0.91829 0.60051
vt 0.91812 0.60184
vt 0.92249 0.60051
vt 0.92260 0.60051
vt 0.92289 0.59985
vt 0.92272 0.60051
vt 0.92307 0.59985
vt 0.92284 0.60051
vt 0.92260 0.60128
vt 0.92243 0.60184
vt 0.92225 0.60184
vt 0.92214 0.60184
vt 0.92220 0.60128
vt 0.92295 0.59830
vt 0.91590 0.58945
vt 0.91590 0.58636
vt 0.91649 0.58636
vt 0.91649 0.58426
vt 0.91590 0.58426
vt 0.91526 0.58636
vt 0.91526 0.58426
vt 0.91526 0.58227
vt 0.91590 0.58227
vt 0.91649 0.58227
vt 0.91631 0.58050
vt 0.91590 0.58050
vt 0.91608 0.57840
vt 0.91590 0.57840
vt 0.91590 0.57774
vt 0.91526 0.57939
vt 0.91526 0.58050
vt 0.91439 0.57961
vt 0.91439 0.58050
vt 0.91439 0.58227
vt 0.91439 0.58426
vt 0.91328 0.58426
vt 0.91328 0.58227
vt 0.91270 0.58227
vt 0.91328 0.58050
vt 0.91328 0.57917
vt 0.91270 0.58050
vt 0.91235 0.58061
vt 0.91270 0.57917
vt 0.91288 0.57696
vt 0.91270 0.57696
vt 0.91620 0.60327
vt 0.91614 0.60217
vt 0.91579 0.60449
vt 0.91625 0.60029
vt 0.91672 0.59963
vt 0.91765 0.59918
vt 0.91794 0.59852
vt 0.91911 0.59797
vt 0.91946 0.59874
vt 0.89519 0.64989
vt 0.89572 0.64975
vt 0.89563 0.64762
vt 0.89794 0.64989
vt 0.89590 0.65148
vt 0.89794 0.65255
vt 0.89714 0.65415
vt 0.89820 0.65694
vt 0.89581 0.65175
vt 0.89510 0.64989
vt 0.89705 0.65428
vt 0.89820 0.65708
vt 0.89750 0.65628
vt 0.91660 0.59907
vt 0.91625 0.60206
vt 0.91590 0.59907
vt 0.89852 0.59912
vt 0.73624 0.64951
vt 0.92388 0.59675
vt 0.92359 0.59752
vt 0.92377 0.59675
vt 0.92418 0.59564
vt 0.92435 0.59587
vt 0.92482 0.59410
vt 0.92354 0.59752
vt 0.92330 0.59830
vt 0.92336 0.59830
vt 0.92336 0.59752
vt 0.92318 0.59830
vt 0.92313 0.59907
vt 0.92318 0.59907
vt 0.92301 0.59907
vt 0.92359 0.59675
vt 0.92301 0.59830
vt 0.91934 0.60305
vt 0.91911 0.60427
vt 0.91876 0.60427
vt 0.91969 0.60305
vt 0.91981 0.60228
vt 0.92022 0.60228
vt 0.92004 0.60305
vt 0.92068 0.60228
vt 0.92033 0.60305
vt 0.91946 0.60427
vt 0.91981 0.60427
vt 0.92010 0.60427
vt 0.91963 0.60504
vt 0.91986 0.60504
vt 0.91934 0.60504
vt 0.91905 0.60504
vt 0.91876 0.60504
vt 0.91922 0.60615
vt 0.91963 0.60615
vt 0.91893 0.60748
vt 0.91858 0.60748
vt 0.91754 0.60891
vt 0.91888 0.60615
vt 0.91818 0.60748
vt 0.91835 0.60615
vt 0.91724 0.60847
vt 0.91754 0.60748
vt 0.91590 0.60847
vt 0.91579 0.60958
vt 0.91649 0.60748
vt 0.91713 0.60670
vt 0.91526 0.60748
vt 0.91521 0.60847
vt 0.91422 0.60847
vt 0.91637 0.60748
vt 0.91451 0.60748
vt 0.91328 0.60748
vt 0.91451 0.60615
vt 0.91369 0.60615
vt 0.91264 0.60615
vt 0.91387 0.60504
vt 0.91299 0.60504
vt 0.91264 0.60460
vt 0.91369 0.60305
vt 0.91264 0.60305
vt 0.91672 0.60670
vt 0.91596 0.60748
vt 0.91596 0.60670
vt 0.91561 0.60748
vt 0.91614 0.60504
vt 0.91713 0.60504
vt 0.91713 0.60593
vt 0.91754 0.60593
vt 0.91800 0.60504
vt 0.91835 0.60504
vt 0.91835 0.60427
vt 0.91800 0.60427
vt 0.91888 0.60350
vt 0.91858 0.60350
vt 0.91044 0.64722
vt 0.92295 0.59598
vt 0.92307 0.59631
vt 0.92289 0.59675
vt 0.92307 0.59675
vt 0.92324 0.59675
vt 0.92301 0.59752
vt 0.92284 0.59752
vt 0.92272 0.59675
vt 0.92266 0.59752
vt 0.92254 0.59752
vt 0.92266 0.59675
vt 0.92278 0.59598
vt 0.92266 0.59598
vt 0.92278 0.59564
vt 0.92260 0.59509
vt 0.92249 0.59542
vt 0.92243 0.59443
vt 0.92231 0.59542
vt 0.92202 0.59443
vt 0.92243 0.59299
vt 0.92202 0.59299
vt 0.92202 0.59156
vt 0.92167 0.59299
vt 0.92144 0.59443
vt 0.92138 0.59598
vt 0.92173 0.59598
vt 0.92091 0.59598
vt 0.92120 0.59752
vt 0.92155 0.59752
vt 0.92074 0.59752
vt 0.92022 0.59697
vt 0.92097 0.59907
vt 0.92126 0.59907
vt 0.92016 0.59752
vt 0.91957 0.59752
vt 0.92056 0.59907
vt 0.92074 0.60051
vt 0.92103 0.60051
vt 0.92132 0.59974
vt 0.92115 0.60051
vt 0.92004 0.59907
vt 0.91888 0.59907
vt 0.91952 0.59907
vt 0.91899 0.60051
vt 0.92033 0.60051
vt 0.91992 0.60051
vt 0.91946 0.60051
vt 0.91911 0.60184
vt 0.92051 0.60184
vt 0.92016 0.60184
vt 0.91981 0.60184
vt 0.91946 0.60184
vt 0.91946 0.60538
vt 0.91957 0.60526
vt 0.91981 0.60471
vt 0.92010 0.60383
vt 0.92074 0.60184
vt 0.92080 0.60184
vt 0.92022 0.60305
vt 0.92039 0.60184
vt 0.91975 0.60184
vt 0.91963 0.60305
vt 0.91986 0.60051
vt 0.92051 0.60051
vt 0.92109 0.59963
vt 0.92126 0.60051
vt 0.92150 0.60051
vt 0.92051 0.60305
vt 0.91992 0.60427
vt 0.92103 0.60184
vt 0.92120 0.60184
vt 0.92150 0.60128
vt 0.92091 0.60305
vt 0.92022 0.60427
vt 0.92045 0.60427
vt 0.92056 0.60427
vt 0.91969 0.60560
vt 0.91911 0.60560
vt 0.91905 0.60792
vt 0.91992 0.60560
vt 0.91928 0.60792
vt 0.92016 0.60560
vt 0.91946 0.60228
vt 0.91911 0.60228
vt 0.91963 0.60128
vt 0.91934 0.60128
vt 0.91969 0.60051
vt 0.91882 0.60228
vt 0.91893 0.60128
vt 0.91893 0.60051
vt 0.91818 0.60128
vt 0.91818 0.60228
vt 0.91713 0.60228
vt 0.91713 0.60128
vt 0.91818 0.60350
vt 0.91590 0.60184
vt 0.91713 0.60350
vt 0.91614 0.60350
vt 0.91590 0.60228
vt 0.91579 0.60350
vt 0.91759 0.60504
vt 0.91526 0.60228
vt 0.91526 0.60128
vt 0.91567 0.60128
vt 0.91526 0.60051
vt 0.73900 0.65930
vt 0.73854 0.65891
vt 0.73784 0.67494
vt 0.70610 0.64935
vt 0.91224 0.60504
vt 0.91369 0.60504
vt 0.72826 0.64586
vt 0.72803 0.64940
vt 0.72704 0.64597
vt 0.91521 0.58636
vt 0.91439 0.58636
vt 0.91503 0.58945
vt 0.91439 0.58945
vt 0.91468 0.59354
vt 0.91346 0.58945
vt 0.91451 0.59354
vt 0.91299 0.58945
vt 0.91369 0.59189
vt 0.91328 0.58636
vt 0.91282 0.58824
vt 0.91288 0.59189
vt 0.91276 0.58945
vt 0.91247 0.59045
vt 0.91509 0.59741
vt 0.91474 0.59189
vt 0.91270 0.58636
vt 0.91235 0.58636
vt 0.91526 0.59189
vt 0.91270 0.58426
vt 0.91224 0.58426
vt 0.91497 0.58945
vt 0.91526 0.59741
vt 0.91218 0.58227
vt 0.91590 0.59189
vt 0.91614 0.59189
vt 0.91713 0.59156
vt 0.91631 0.58945
vt 0.91526 0.58945
vt 0.91654 0.60018
vt 0.91713 0.60018
vt 0.91654 0.60051
vt 0.91614 0.59985
vt 0.91567 0.60051
vt 0.91567 0.59963
vt 0.91526 0.59963
vt 0.91596 0.60184
vt 0.91654 0.60184
vt 0.91713 0.60184
vt 0.91713 0.60051
vt 0.91754 0.59907
vt 0.91771 0.59752
vt 0.91713 0.59598
vt 0.91818 0.59443
vt 0.91713 0.59443
vt 0.91608 0.59443
vt 0.91713 0.59299
vt 0.91713 0.59233
vt 0.91608 0.59299
vt 0.91608 0.59233
vt 0.73883 0.67689
vt 0.72704 0.64398
vt 0.72762 0.64265
vt 0.73708 0.64953
vt 0.73632 0.64875
vt 0.73848 0.68232
vt 0.73751 0.65714
vt 0.73822 0.65714
vt 0.70712 0.64402
vt 0.70712 0.64389
vt 0.70756 0.64402
vt 0.70774 0.64402
vt 0.70677 0.64402
vt 0.70659 0.64402
vt 0.92225 0.60051
vt 0.92266 0.59985
vt 0.92237 0.59985
vt 0.92284 0.59907
vt 0.92266 0.59907
vt 0.92249 0.59907
vt 0.92284 0.59830
vt 0.92266 0.59830
vt 0.92318 0.59752
vt 0.92318 0.59675
vt 0.92342 0.59675
vt 0.92406 0.59542
vt 0.92388 0.59520
vt 0.92371 0.59498
vt 0.92336 0.59598
vt 0.92365 0.59465
vt 0.92470 0.59399
vt 0.92458 0.59377
vt 0.92441 0.59354
vt 0.92418 0.59332
vt 0.92528 0.59233
vt 0.92546 0.59255
vt 0.92522 0.59222
vt 0.92598 0.59089
vt 0.92610 0.59111
vt 0.92575 0.59056
vt 0.92656 0.59001
vt 0.92645 0.58967
vt 0.92720 0.58901
vt 0.92720 0.58934
vt 0.92633 0.58857
vt 0.92738 0.58802
vt 0.92569 0.59045
vt 0.92511 0.59200
vt 0.92493 0.59178
vt 0.92557 0.59023
vt 0.92610 0.58879
vt 0.92540 0.58990
vt 0.92470 0.59144
vt 0.53694 0.71961
vt 0.53561 0.71758
vt 0.53588 0.71717
vt 0.53486 0.71639
vt 0.53517 0.71595
vt 0.53401 0.71514
vt 0.53388 0.71551
vt 0.53313 0.71399
vt 0.53299 0.71443
vt 0.53193 0.71328
vt 0.91713 0.59675
vt 0.91713 0.59752
vt 0.91742 0.59907
vt 0.91707 0.59907
vt 0.91660 0.59752
vt 0.91608 0.59598
vt 0.91608 0.59752
vt 0.91526 0.59752
vt 0.91561 0.59907
vt 0.91526 0.59598
vt 0.91526 0.59907
vt 0.91521 0.60018
vt 0.91451 0.60018
vt 0.91474 0.60184
vt 0.91451 0.59907
vt 0.91451 0.59752
vt 0.91387 0.59752
vt 0.91451 0.59598
vt 0.91381 0.59598
vt 0.91346 0.59752
vt 0.91317 0.59598
vt 0.91381 0.59443
vt 0.91451 0.59443
vt 0.91526 0.59443
vt 0.91317 0.59443
vt 0.91264 0.59443
vt 0.91451 0.59299
vt 0.91381 0.59299
vt 0.91311 0.59299
vt 0.91381 0.59233
vt 0.91293 0.59189
vt 0.91526 0.59299
vt 0.91451 0.59233
vt 0.91526 0.59233
vt 0.91264 0.59299
vt 0.91258 0.59189
vt 0.91224 0.59299
vt 0.91194 0.59410
vt 0.92552 0.58945
vt 0.91526 0.60350
vt 0.91550 0.60394
vt 0.91532 0.60427
vt 0.91474 0.60228
vt 0.91491 0.60350
vt 0.91474 0.60350
vt 0.91532 0.60449
vt 0.91445 0.60350
vt 0.91427 0.60228
vt 0.91451 0.60128
vt 0.91451 0.60029
vt 0.91398 0.60128
vt 0.91398 0.60029
vt 0.91398 0.60228
vt 0.91346 0.60128
vt 0.91322 0.60051
vt 0.91363 0.60228
vt 0.91392 0.60350
vt 0.91340 0.60228
vt 0.91306 0.60127
vt 0.91247 0.60018
vt 0.91282 0.60128
vt 0.91311 0.60228
vt 0.91241 0.60021
vt 0.91212 0.59907
vt 0.91253 0.60128
vt 0.91288 0.60228
vt 0.91229 0.60128
vt 0.91182 0.60023
vt 0.91216 0.60022
vt 0.91177 0.59907
vt 0.91130 0.59907
vt 0.91124 0.59885
vt 0.91165 0.59752
vt 0.91136 0.59752
vt 0.91113 0.59598
vt 0.91026 0.59631
vt 0.91037 0.59509
vt 0.92150 0.60184
vt 0.70672 0.64576
vt 0.70672 0.64502
vt 0.70681 0.64576
vt 0.70681 0.64502
vt 0.53401 0.71697
vt 0.53375 0.71589
vt 0.53455 0.71683
vt 0.53534 0.71798
vt 0.53286 0.71609
vt 0.53233 0.71555
vt 0.53286 0.71487
vt 0.53233 0.71528
vt 0.53304 0.71460
vt 0.74008 0.65085
vt 0.73928 0.65714
vt 0.73946 0.65085
vt 0.74008 0.66344
vt 0.73910 0.63322
vt 0.73848 0.63322
vt 0.90946 0.65774
vt 0.91288 0.60305
vt 0.91235 0.60305
vt 0.91171 0.59907
vt 0.91142 0.59752
vt 0.91200 0.59752
vt 0.91177 0.59598
vt 0.91119 0.59598
vt 0.91142 0.59443
vt 0.91049 0.59399
vt 0.91229 0.59620
vt 0.91229 0.59907
vt 0.91253 0.59752
vt 0.91293 0.59675
vt 0.91194 0.60018
vt 0.91305 0.59752
vt 0.91299 0.59907
vt 0.91241 0.60184
vt 0.91340 0.60018
vt 0.91282 0.60184
vt 0.91398 0.60504
vt 0.91363 0.60184
vt 0.91521 0.58967
vt 0.91503 0.59233
vt 0.91445 0.58990
vt 0.91573 0.59277
vt 0.91404 0.58791
vt 0.91445 0.58702
vt 0.91352 0.58691
vt 0.91334 0.58581
vt 0.91235 0.58614
vt 0.91183 0.58514
vt 0.83616 0.58398
vt 0.83678 0.58492
vt 0.83642 0.58492
vt 0.83598 0.58432
vt 0.83580 0.58492
vt 0.83678 0.58567
vt 0.83740 0.58601
vt 0.91200 0.58503
vt 0.69656 0.63100
vt 0.89829 0.65255
vt 0.89838 0.65708
vt 0.73347 0.64144
vt 0.73250 0.64049
vt 0.70770 0.64502
vt 0.70752 0.64502
vt 0.70717 0.64488
vt 0.70717 0.64502
vt 0.73835 0.64665
vt 0.73684 0.65021
vt 0.73764 0.64831
vt 0.74055 0.65614
vt 0.73985 0.66001
vt 0.73979 0.65658
vt 0.73778 0.65461
vt 0.73755 0.64953
vt 0.73790 0.66360
vt 0.53543 0.71812
vt 0.53517 0.71846
vt 0.53464 0.71710
vt 0.53605 0.71873
vt 0.53577 0.71962
vt 0.53676 0.71995
vt 0.53607 0.72021
vt 0.53687 0.72169
vt 0.53721 0.72150
vt 0.53765 0.72313
vt 0.69602 0.63100
vt 0.69673 0.63100
vt 0.90816 0.57032
vt 0.90839 0.56988
vt 0.90845 0.56816
vt 0.90810 0.57243
vt 0.90874 0.56781
vt 0.90926 0.56584
vt 0.90897 0.56623
vt 0.90979 0.56460
vt 0.90897 0.56744
vt 0.90862 0.56965
vt 0.90833 0.57486
vt 0.90880 0.57519
vt 0.90897 0.57442
vt 0.90909 0.57696
vt 0.90903 0.57740
vt 0.90926 0.57973
vt 0.90921 0.58050
vt 0.90990 0.58127
vt 0.91008 0.58028
vt 0.90944 0.58227
vt 0.91060 0.58127
vt 0.91008 0.58326
vt 0.90967 0.58426
vt 0.90921 0.58249
vt 0.90944 0.58547
vt 0.90897 0.58061
vt 0.90874 0.57751
vt 0.90897 0.57740
vt 0.90851 0.57530
vt 0.90874 0.57519
vt 0.91031 0.58536
vt 0.91078 0.58326
vt 0.91095 0.58536
vt 0.91142 0.58426
vt 0.91142 0.58636
vt 0.91119 0.58293
vt 0.91049 0.57973
vt 0.91031 0.57917
vt 0.91008 0.57917
vt 0.90985 0.57696
vt 0.91026 0.57696
vt 0.91060 0.57696
vt 0.91084 0.57950
vt 0.91113 0.57851
vt 0.91189 0.58061
vt 0.91148 0.58138
vt 0.91154 0.58216
vt 0.91189 0.58404
vt 0.91212 0.59675
vt 0.91358 0.59675
vt 0.91352 0.59797
vt 0.91247 0.59564
vt 0.91462 0.59985
vt 0.91486 0.60228
vt 0.91101 0.59443
vt 0.91090 0.59144
vt 0.91055 0.59156
vt 0.91072 0.59443
vt 0.91026 0.59189
vt 0.91183 0.59708
vt 0.91387 0.59874
vt 0.91474 0.59985
vt 0.73167 0.64043
vt 0.53198 0.71480
vt 0.53215 0.71582
vt 0.73188 0.64049
vt 0.73108 0.64049
vt 0.91293 0.60305
vt 0.91165 0.60305
vt 0.73879 0.65352
vt 0.73808 0.66110
vt 0.73791 0.65352
vt 0.73152 0.64049
vt 0.91794 0.59752
vt 0.91905 0.59664
vt 0.73170 0.64547
vt 0.73250 0.64476
vt 0.73179 0.64547
vt 0.73259 0.64476
vt 0.53242 0.71968
vt 0.53304 0.72056
vt 0.53295 0.72069
vt 0.53357 0.72150
vt 0.53357 0.72164
vt 0.53260 0.71954
vt 0.53384 0.72110
vt 0.53455 0.72259
vt 0.53455 0.72292
vt 0.53561 0.72421
vt 0.53330 0.72022
vt 0.53189 0.71866
vt 0.53277 0.71927
vt 0.53224 0.71853
vt 0.53233 0.71832
vt 0.53153 0.71765
vt 0.53153 0.71771
vt 0.53109 0.71724
vt 0.53198 0.71751
vt 0.53198 0.71731
vt 0.53189 0.71663
vt 0.53144 0.71670
vt 0.53100 0.71677
vt 0.53135 0.71602
vt 0.53100 0.71609
vt 0.53100 0.71514
vt 0.53126 0.71514
vt 0.53126 0.71420
vt 0.53118 0.71392
vt 0.88776 0.58355
vt 0.88771 0.58107
vt 0.88806 0.58107
vt 0.88788 0.57898
vt 0.88771 0.57765
vt 0.88864 0.58450
vt 0.88829 0.58469
vt 0.88800 0.58526
vt 0.88800 0.58888
vt 0.88776 0.58888
vt 0.88730 0.58336
vt 0.88829 0.59574
vt 0.91625 0.59144
vt 0.91596 0.58912
vt 0.53224 0.71575
vt 0.53242 0.71622
vt 0.53224 0.71656
vt 0.53230 0.71671
vt 0.53248 0.71638
vt 0.53215 0.71724
vt 0.53215 0.71738
vt 0.53268 0.71839
vt 0.53251 0.71826
vt 0.53295 0.71920
vt 0.53357 0.71920
vt 0.53392 0.72089
vt 0.53446 0.72076
vt 0.53579 0.72225
vt 0.89015 0.58507
vt 0.88858 0.58107
vt 0.88916 0.57898
vt 0.89021 0.59174
vt 0.88957 0.58907
vt 0.88899 0.58450
vt 0.88852 0.58450
vt 0.88829 0.57765
vt 0.88899 0.57765
vt 0.88765 0.57574
vt 0.88870 0.57403
vt 0.88916 0.57574
vt 0.88806 0.57403
vt 0.88741 0.57212
vt 0.88718 0.57422
vt 0.73432 0.66830
vt 0.73496 0.66477
vt 0.73531 0.66488
vt 0.70659 0.64504
vt 0.70677 0.64504
vt 0.90810 0.57442
vt 0.90810 0.57254
vt 0.90827 0.57464
vt 0.90798 0.57221
vt 0.90816 0.57055
vt 0.90804 0.57552
vt 0.90839 0.57685
vt 0.91113 0.60305
vt 0.91060 0.60184
vt 0.91084 0.60184
vt 0.91107 0.60184
vt 0.91095 0.60305
vt 0.91037 0.60184
vt 0.91078 0.60305
vt 0.91026 0.60184
vt 0.91066 0.60305
vt 0.91142 0.60460
vt 0.91136 0.60460
vt 0.91171 0.60670
vt 0.91119 0.60460
vt 0.91107 0.60460
vt 0.91130 0.60305
vt 0.91148 0.60460
vt 0.91107 0.60228
vt 0.91165 0.60460
vt 0.91113 0.60350
vt 0.91206 0.60615
vt 0.91183 0.60615
vt 0.91264 0.60814
vt 0.91247 0.60615
vt 0.91241 0.60460
vt 0.91177 0.60305
vt 0.91124 0.60184
vt 0.91066 0.60018
vt 0.91206 0.60305
vt 0.91154 0.60184
vt 0.91095 0.60018
vt 0.91142 0.60018
vt 0.91194 0.60184
vt 0.91200 0.60034
vt 0.91229 0.60184
vt 0.91241 0.60128
vt 0.73642 0.67163
vt 0.73412 0.65577
vt 0.73527 0.65577
vt 0.70708 0.65002
vt 0.70681 0.64996
vt 0.70699 0.64989
vt 0.70699 0.64975
vt 0.70681 0.65009
vt 0.70708 0.65023
vt 0.70681 0.65016
vt 0.70672 0.64989
vt 0.70672 0.65009
vt 0.70672 0.64982
vt 0.70672 0.64975
vt 0.70690 0.64962
vt 0.70690 0.64955
vt 0.70717 0.64941
vt 0.70717 0.64948
vt 0.70752 0.64941
vt 0.70752 0.64935
vt 0.70726 0.64962
vt 0.70752 0.64962
vt 0.70752 0.64982
vt 0.70726 0.64982
vt 0.90734 0.57586
vt 0.90740 0.57331
vt 0.90763 0.57574
vt 0.90775 0.57320
vt 0.90763 0.57055
vt 0.90792 0.57563
vt 0.90816 0.57751
vt 0.90734 0.57077
vt 0.90763 0.56712
vt 0.90752 0.56723
vt 0.90723 0.57099
vt 0.90699 0.57409
vt 0.90688 0.57552
vt 0.90682 0.57685
vt 0.90694 0.57796
vt 0.90658 0.57718
vt 0.90752 0.57785
vt 0.90711 0.57873
vt 0.90775 0.57984
vt 0.90787 0.57774
vt 0.90810 0.57973
vt 0.90822 0.58160
vt 0.90839 0.57961
vt 0.90827 0.57762
vt 0.90862 0.57995
vt 0.90792 0.57497
vt 0.90798 0.57530
vt 0.89395 0.65681
vt 0.69638 0.63188
vt 0.53277 0.72306
vt 0.73793 0.65305
vt 0.73758 0.65305
vt 0.73764 0.65205
vt 0.95140 0.64914
vt 0.95096 0.64914
vt 0.53614 0.71710
vt 0.53712 0.71961
vt 0.53650 0.71704
vt 0.53738 0.71961
vt 0.53588 0.71575
vt 0.53543 0.71582
vt 0.53428 0.71508
vt 0.53339 0.71386
vt 0.53211 0.71318
vt 0.70628 0.64968
vt 0.70664 0.64982
vt 0.70628 0.64962
vt 0.70708 0.64989
vt 0.70717 0.64982
vt 0.70717 0.64989
vt 0.70664 0.64989
vt 0.70628 0.64975
vt 0.70610 0.64955
vt 0.70610 0.64948
vt 0.70628 0.64941
vt 0.88706 0.59364
vt 0.88666 0.59041
vt 0.88701 0.59364
vt 0.88788 0.60050
vt 0.88724 0.59364
vt 0.88695 0.59003
vt 0.88660 0.59060
vt 0.88660 0.59079
vt 0.88613 0.58603
vt 0.88637 0.58526
vt 0.88608 0.58660
vt 0.88596 0.58412
vt 0.88631 0.58831
vt 0.88648 0.59003
vt 0.53339 0.71738
vt 0.53490 0.71880
vt 0.53339 0.71629
vt 0.53543 0.72056
vt 0.91043 0.60018
vt 0.91031 0.59907
vt 0.91020 0.60018
vt 0.90973 0.60018
vt 0.90990 0.59907
vt 0.90967 0.59907
vt 0.91014 0.59907
vt 0.90961 0.59752
vt 0.90921 0.59752
vt 0.90926 0.59675
vt 0.90903 0.59675
vt 0.90886 0.59509
vt 0.90985 0.59752
vt 0.90956 0.59675
vt 0.90973 0.59675
vt 0.91002 0.59752
vt 0.91060 0.59907
vt 0.91026 0.59752
vt 0.90985 0.59675
vt 0.91002 0.59675
vt 0.90967 0.59587
vt 0.90956 0.59587
vt 0.90956 0.59465
vt 0.90961 0.59410
vt 0.94404 0.58508
vt 0.94430 0.58318
vt 0.94457 0.58508
vt 0.94430 0.58575
vt 0.94368 0.58352
vt 0.94474 0.58619
vt 0.94510 0.58597
vt 0.94519 0.58776
vt 0.94536 0.58776
vt 0.94554 0.58943
vt 0.94572 0.58954
vt 0.94404 0.58240
vt 0.94350 0.58251
vt 0.94350 0.58162
vt 0.94342 0.58251
vt 0.94342 0.58184
vt 0.94333 0.58184
vt 0.94333 0.58206
vt 0.73836 0.64875
vt 0.73384 0.65589
vt 0.73811 0.63611
vt 0.73840 0.65589
vt 0.73668 0.63204
vt 0.89465 0.59668
vt 0.91107 0.59907
vt 0.91130 0.59797
vt 0.91107 0.59797
vt 0.91148 0.59907
vt 0.91060 0.59752
vt 0.91684 0.60891
vt 0.91724 0.60891
vt 0.91742 0.61190
vt 0.91649 0.60891
vt 0.91556 0.60958
vt 0.91596 0.61190
vt 0.91486 0.60748
vt 0.91538 0.60958
vt 0.91422 0.60670
vt 0.70690 0.65029
vt 0.88747 0.58926
vt 0.88730 0.58926
vt 0.88689 0.58450
vt 0.88677 0.57993
vt 0.88654 0.58107
vt 0.88672 0.58450
vt 0.88736 0.58907
vt 0.88677 0.58526
vt 0.91538 0.60372
vt 0.92773 0.58702
vt 0.88718 0.59003
vt 0.74210 0.68208
vt 0.73691 0.65863
vt 0.73391 0.64866
vt 0.73443 0.64766
vt 0.73508 0.68454
vt 0.73195 0.65564
vt 0.72669 0.64597
vt 0.73857 0.65537
vt 0.69664 0.63479
vt 0.69718 0.63479
vt 0.69664 0.63452
vt 0.69611 0.63445
vt 0.69709 0.63493
vt 0.69656 0.63493
vt 0.69629 0.63472
vt 0.69576 0.63439
vt 0.69558 0.63398
vt 0.69532 0.63398
vt 0.69611 0.63472
vt 0.69558 0.63439
vt 0.69602 0.63472
vt 0.69647 0.63493
vt 0.69523 0.63398
vt 0.69594 0.63472
vt 0.69638 0.63493
vt 0.69585 0.63472
vt 0.69549 0.63439
vt 0.69540 0.63439
vt 0.69514 0.63398
vt 0.69523 0.63358
vt 0.69514 0.63358
vt 0.69532 0.63358
vt 0.69576 0.63358
vt 0.69523 0.63324
vt 0.69514 0.63324
vt 0.69532 0.63276
vt 0.69549 0.63236
vt 0.69567 0.63209
vt 0.69567 0.63236
vt 0.69576 0.63188
vt 0.69594 0.63161
vt 0.69594 0.63127
vt 0.69594 0.63209
vt 0.69594 0.63236
vt 0.69602 0.63188
vt 0.69700 0.63493
vt 0.53756 0.72150
vt 0.53792 0.72313
vt 0.53712 0.71995
vt 0.53658 0.71873
vt 0.53729 0.71927
vt 0.53738 0.71995
vt 0.70664 0.64948
vt 0.70664 0.64921
vt 0.70690 0.64948
vt 0.70699 0.64921
vt 0.70699 0.64948
vt 0.70690 0.64921
vt 0.70708 0.64901
vt 0.70699 0.64894
vt 0.70664 0.64894
vt 0.70664 0.64874
vt 0.70717 0.64880
vt 0.70699 0.64874
vt 0.70726 0.64860
vt 0.70664 0.64854
vt 0.70664 0.64847
vt 0.70708 0.64854
vt 0.70717 0.64847
vt 0.70734 0.64854
vt 0.73801 0.66048
vt 0.53392 0.72313
vt 0.53446 0.72218
vt 0.53472 0.72313
vt 0.53490 0.72434
vt 0.53499 0.72590
vt 0.92004 0.60560
vt 0.73352 0.66560
vt 0.73495 0.67258
vt 0.73521 0.67637
vt 0.73404 0.66760
vt 0.95158 0.64792
vt 0.91509 0.58647
vt 0.91392 0.58558
vt 0.91253 0.58415
vt 0.90255 0.65295
vt 0.90157 0.65908
vt 0.90317 0.65082
vt 0.91408 0.64949
vt 0.91212 0.65215
vt 0.73688 0.64708
vt 0.73572 0.66145
vt 0.73554 0.66189
vt 0.73583 0.66068
vt 0.73478 0.66510
vt 0.53650 0.72191
vt 0.53552 0.72042
vt 0.91187 0.60023
vt 0.91142 0.59907
vt 0.73028 0.64286
vt 0.72931 0.64476
vt 0.72895 0.64286
vt 0.72984 0.65258
vt 0.53348 0.72008
vt 0.53410 0.72089
vt 0.53499 0.72116
vt 0.53561 0.72238
vt 0.70690 0.64975
vt 0.70761 0.64941
vt 0.70726 0.64968
vt 0.70761 0.64962
vt 0.70788 0.64962
vt 0.70788 0.64948
vt 0.70779 0.64941
vt 0.70770 0.64941
vt 0.70770 0.64982
vt 0.70788 0.64982
vt 0.70788 0.65002
vt 0.70734 0.64989
vt 0.70770 0.65009
vt 0.70779 0.65023
vt 0.70770 0.65029
vt 0.70779 0.65036
vt 0.70770 0.65043
vt 0.70734 0.65009
vt 0.70699 0.64996
vt 0.70681 0.65002
vt 0.70690 0.65023
vt 0.70708 0.65016
vt 0.70708 0.65029
vt 0.70717 0.65043
vt 0.70743 0.65043
vt 0.70743 0.65050
vt 0.70761 0.65050
vt 0.70743 0.65029
vt 0.92476 0.57342
vt 0.92517 0.57530
vt 0.92546 0.57740
vt 0.92569 0.58094
vt 0.91497 0.60051
vt 0.73786 0.63322
vt 0.92354 0.59852
vt 0.90851 0.56850
vt 0.90903 0.56646
vt 0.88800 0.59288
vt 0.73374 0.66442
vt 0.73525 0.66252
vt 0.73312 0.66134
vt 0.73516 0.66442
vt 0.73445 0.67792
vt 0.73276 0.66442
vt 0.73232 0.66015
vt 0.73143 0.65731
vt 0.73250 0.66442
vt 0.53410 0.71710
vt 0.53295 0.71629
vt 0.53251 0.71575
vt 0.73835 0.64831
vt 0.73897 0.64831
vt 0.73543 0.66233
vt 0.73519 0.66289
vt 0.73702 0.66134
vt 0.73622 0.66442
vt 0.73631 0.66442
vt 0.89280 0.64989
vt 0.89218 0.65215
vt 0.89033 0.58526
vt 0.89015 0.58526
vt 0.89021 0.58279
vt 0.70717 0.64576
vt 0.73403 0.66510
vt 0.53596 0.72076
vt 0.70690 0.64968
vt 0.70699 0.64968
vt 0.70699 0.64982
vt 0.70708 0.64982
vt 0.70664 0.64968
vt 0.88730 0.59003
vt 0.90950 0.59587
vt 0.73117 0.64926
vt 0.73037 0.64736
vt 0.73099 0.65471
vt 0.73117 0.63670
vt 0.53375 0.71846
vt 0.53313 0.71812
vt 0.53313 0.71487
vt 0.73508 0.66300
vt 0.73438 0.66477
vt 0.73502 0.66233
vt 0.73720 0.65518
vt 0.91468 0.60748
vt 0.91439 0.60670
vt 0.73694 0.65736
vt 0.73688 0.65670
vt 0.91602 0.58050
vt 0.73321 0.64476
vt 0.73192 0.65281
vt 0.73276 0.65281
vt 0.73294 0.65873
vt 0.73525 0.66015
vt 0.73409 0.65281
vt 0.73542 0.65281
vt 0.73436 0.64476
vt 0.73542 0.64476
vt 0.73560 0.64357
vt 0.73427 0.64144
vt 0.91579 0.59354
vt 0.91608 0.59366
vt 0.91526 0.57928
vt 0.90717 0.57917
vt 0.90944 0.59587
vt 0.72993 0.64547
vt 0.73828 0.65360
vt 0.73810 0.65305
vt 0.73259 0.64926
vt 0.88741 0.59364
vt 0.53242 0.71480
vt 0.91625 0.59288
vt 0.73525 0.66068
vt 0.73543 0.66156
vt 0.69691 0.63188
vt 0.69780 0.63215
vt 0.69771 0.63215
vt 0.70712 0.64504
vt 0.53206 0.71392
vt 0.53215 0.71420
vt 0.73921 0.65714
vt 0.53676 0.72198
vt 0.53446 0.71846
vt 0.53428 0.71839
vt 0.73117 0.64381
vt 0.73299 0.62772
vt 0.53534 0.71534
vt 0.53446 0.71508
vt 0.53499 0.71514
vt 0.90920 0.65255
vt 0.90698 0.65348
vt 0.70779 0.64386
vt 0.53552 0.72434
vt 0.53481 0.72434
vt 0.53508 0.72434
vt 0.88654 0.58450
vt 0.88613 0.58107
vt 0.73099 0.63789
vt 0.88800 0.60050
vt 0.88736 0.59498
vt 0.73420 0.65049
vt 0.73518 0.64568
vt 0.73527 0.65049
vt 0.73447 0.64568
vt 0.73447 0.63895
vt 0.91299 0.59564
vt 0.89732 0.65162
vt 0.53304 0.71616
vt 0.53348 0.71643
vt 0.91614 0.60283
vt 0.91625 0.60228
vt 0.92196 0.59443
vt 0.53747 0.72204
vt 0.69602 0.63276
vt 0.69638 0.63236
vt 0.69638 0.63276
vt 0.69594 0.63324
vt 0.69638 0.63209
vt 0.69664 0.63161
vt 0.69664 0.63127
vt 0.69691 0.63209
vt 0.69753 0.63222
vt 0.69789 0.63242
vt 0.69753 0.63242
vt 0.69691 0.63236
vt 0.69691 0.63276
vt 0.69753 0.63276
vt 0.69780 0.63290
vt 0.69753 0.63330
vt 0.69762 0.63378
vt 0.69691 0.63330
vt 0.69638 0.63330
vt 0.69744 0.63378
vt 0.69682 0.63378
vt 0.69620 0.63371
vt 0.69735 0.63425
vt 0.69753 0.63459
vt 0.69673 0.63418
vt 0.69727 0.63459
vt 0.69611 0.63412
vt 0.70717 0.64894
vt 0.70717 0.64874
vt 0.70717 0.64854
vt 0.70752 0.64880
vt 0.70752 0.64867
vt 0.70743 0.64860
vt 0.70752 0.64901
vt 0.70717 0.64921
vt 0.70752 0.64921
vt 0.70717 0.64968
vt 0.53251 0.71643
vt 0.95096 0.64880
vt 0.53472 0.71636
vt 0.73685 0.65305
vt 0.73725 0.65227
vt 0.73622 0.65281
vt 0.73658 0.64831
vt 0.73666 0.65281
vt 0.73735 0.65360
vt 0.73717 0.65515
vt 0.53800 0.72313
vt 0.73587 0.64689
vt 0.73560 0.64310
vt 0.73587 0.64239
vt 0.73542 0.64831
vt 0.89510 0.64949
vt 0.89537 0.64975
vt 0.91742 0.60891
vt 0.73906 0.64476
vt 0.73924 0.64831
vt 0.73941 0.65352
vt 0.73737 0.64618
vt 0.73684 0.64144
vt 0.90769 0.56723
vt 0.90775 0.57066
vt 0.90787 0.57320
vt 0.73250 0.64736
vt 0.73664 0.67059
vt 0.92627 0.59443
vt 0.92633 0.59509
vt 0.73925 0.64426
vt 0.74096 0.65299
vt 0.91620 0.59156
vt 0.73325 0.65165
vt 0.73391 0.65165
vt 0.91672 0.59354
vt 0.88823 0.58888
vt 0.88846 0.59574
vt 0.90763 0.56734
vt 0.53233 0.71677
vt 0.73631 0.64144
vt 0.91585 0.60283
vt 0.73897 0.64665
vt 0.72686 0.64509
vt 0.72704 0.64586
vt 0.73294 0.64049
vt 0.73210 0.64186
vt 0.53277 0.71575
vt 0.89368 0.65215
vt 0.89209 0.64576
vt 0.73143 0.64618
vt 0.73268 0.63884
vt 0.92534 0.58061
vt 0.92482 0.57984
vt 0.92091 0.60051
vt 0.92062 0.60184
vt 0.83758 0.58492
vt 0.83713 0.58398
vt 0.83793 0.58594
vt 0.73729 0.65352
vt 0.88998 0.58717
vt 0.88969 0.58907
vt 0.73223 0.63884
vt 0.73188 0.63884
vt 0.53774 0.72150
vt 0.89182 0.64389
vt 0.53472 0.72225
vt 0.53499 0.72292
vt 0.88753 0.59364
vt 0.73391 0.66488
vt 0.91934 0.59156
vt 0.92010 0.59520
vt 0.72844 0.64586
vt 0.72838 0.64708
vt 0.90503 0.65068
vt 0.70836 0.64233
vt 0.72797 0.64398
vt 0.53384 0.71629
vt 0.53410 0.71738
vt 0.91358 0.60305
vt 0.91293 0.60184
vt 0.89430 0.65388
vt 0.89430 0.65255
vt 0.89395 0.64989
vt 0.73840 0.66344
vt 0.73778 0.65085
vt 0.73604 0.64997
vt 0.73525 0.65281
vt 0.73489 0.64997
vt 0.73828 0.65437
vt 0.53330 0.71575
vt 0.92237 0.58945
vt 0.92249 0.59189
vt 0.92260 0.59332
vt 0.92272 0.59443
vt 0.92289 0.59554
vt 0.92301 0.59609
vt 0.92313 0.59653
vt 0.92324 0.59697
vt 0.92336 0.59741
vt 0.73746 0.65692
vt 0.73723 0.65681
vt 0.73915 0.65592
vt 0.73898 0.65670
vt 0.73898 0.65592
vt 0.73880 0.65670
vt 0.73869 0.65747
vt 0.73921 0.65515
vt 0.73950 0.65515
vt 0.73950 0.65437
vt 0.73979 0.65437
vt 0.73997 0.65349
vt 0.74008 0.65437
vt 0.91905 0.60184
vt 0.89306 0.65322
vt 0.69682 0.63161
vt 0.69718 0.63188
vt 0.92546 0.58757
vt 0.92534 0.58945
vt 0.92552 0.58581
vt 0.92546 0.58426
vt 0.92528 0.58304
vt 0.92505 0.58227
vt 0.91631 0.59808
vt 0.91521 0.59808
vt 0.91771 0.59708
vt 0.91404 0.59708
vt 0.73671 0.65725
vt 0.70752 0.64576
vt 0.73781 0.65670
vt 0.73805 0.65592
vt 0.73816 0.65515
vt 0.73678 0.66261
vt 0.73625 0.66261
vt 0.53348 0.71392
vt 0.91608 0.59310
vt 0.70761 0.64948
vt 0.73312 0.64476
vt 0.73241 0.65281
vt 0.73392 0.65281
vt 0.73392 0.64831
vt 0.89590 0.65175
vt 0.73521 0.65863
vt 0.70752 0.65043
vt 0.70761 0.65043
vt 0.70761 0.65036
vt 0.70752 0.65036
vt 0.70752 0.65023
vt 0.70743 0.65023
vt 0.70734 0.65036
vt 0.70717 0.65036
vt 0.70734 0.65023
vt 0.70734 0.65002
vt 0.70743 0.65002
vt 0.70752 0.65002
vt 0.95105 0.64833
vt 0.95131 0.64792
vt 0.73807 0.65110
vt 0.73784 0.65970
vt 0.91654 0.59918
vt 0.91596 0.59985
vt 0.91748 0.59852
vt 0.91590 0.60250
vt 0.91602 0.60195
vt 0.90734 0.57099
vt 0.91940 0.60471
vt 0.53490 0.72313
vt 0.53526 0.72374
vt 0.53517 0.72590
vt 0.70814 0.64386
vt 0.70756 0.64504
vt 0.92336 0.58160
vt 0.92377 0.58160
vt 0.92418 0.58160
vt 0.69682 0.63127
vt 0.90778 0.65868
vt 0.92220 0.59299
vt 0.92231 0.59156
vt 0.73778 0.65188
vt 0.73790 0.65110
vt 0.73473 0.66322
vt 0.91328 0.57961
vt 0.91602 0.60217
vt 0.91573 0.60228
vt 0.89918 0.65255
vt 0.91439 0.58791
vt 0.91497 0.59852
vt 0.91404 0.59797
vt 0.89776 0.65428
vt 0.70770 0.64576
vt 0.70806 0.64154
vt 0.72809 0.64807
vt 0.91556 0.60283
vt 0.91509 0.60162
vt 0.73607 0.65769
vt 0.92383 0.58426
vt 0.92348 0.58370
vt 0.92412 0.58581
vt 0.92435 0.58757
vt 0.92452 0.58945
vt 0.92406 0.59465
vt 0.92779 0.59100
vt 0.92767 0.59288
vt 0.73725 0.66087
vt 0.73496 0.66189
vt 0.91567 0.60140
vt 0.91486 0.58945
vt 0.91532 0.59144
vt 0.91585 0.59288
vt 0.53623 0.71690
vt 0.53738 0.72116
vt 0.91478 0.64789
vt 0.91532 0.64629
vt 0.88811 0.59079
vt 0.53534 0.72265
vt 0.73784 0.65657
vt 0.73772 0.65696
vt 0.73766 0.65149
vt 0.73778 0.66869
vt 0.88724 0.59212
vt 0.88736 0.59364
vt 0.88730 0.59364
vt 0.88718 0.59212
vt 0.70717 0.64590
vt 0.91322 0.60184
vt 0.70774 0.64504
vt 0.91270 0.58514
vt 0.91387 0.58636
vt 0.91474 0.58735
vt 0.91538 0.58912
vt 0.91573 0.59100
vt 0.91608 0.59255
vt 0.73725 0.64992
vt 0.70712 0.64524
vt 0.92342 0.58227
vt 0.73760 0.66400
vt 0.73755 0.65500
vt 0.91748 0.59752
vt 0.91620 0.59852
vt 0.92755 0.59277
vt 0.91952 0.60560
vt 0.91934 0.60427
vt 0.92033 0.60184
vt 0.91981 0.60394
vt 0.91957 0.60184
vt 0.89723 0.60157
vt 0.92767 0.59100
vt 0.92429 0.58426
vt 0.92423 0.58227
vt 0.92447 0.58426
vt 0.92377 0.58227
vt 0.92441 0.58636
vt 0.90086 0.65308
vt 0.90220 0.65268
vt 0.89457 0.64989
vt 0.90689 0.65135
vt 0.90512 0.65042
vt 0.92476 0.57210
vt 0.92464 0.57044
vt 0.73778 0.65696
vt 0.73772 0.66360
vt 0.73755 0.65227
vt 0.70776 0.64308
vn 0.7244 -0.4803 -0.4882
vn 0.7402 -0.4252 -0.5197
vn 0.8032 -0.3071 -0.5118
vn 0.6063 -0.5354 -0.5906
vn 0.5433 -0.5276 -0.6535
vn 0.6220 -0.4646 -0.6378
vn 0.5118 -0.5827 -0.6378
vn 0.6220 -0.5827 -0.5276
vn 0.7165 -0.5512 -0.4173
vn 0.5906 -0.5827 -0.5591
vn 0.5276 -0.6063 -0.5984
vn 0.6457 -0.6142 -0.4488
vn 0.6220 -0.6850 -0.3701
vn 0.7087 -0.6220 -0.3307
vn 0.5197 -0.6929 -0.5039
vn 0.5118 -0.7638 -0.4016
vn 0.6063 -0.7480 -0.2756
vn 0.6929 -0.6772 -0.2362
vn 0.4882 -0.8268 -0.2835
vn 0.3780 -0.7480 -0.5433
vn 0.3937 -0.6772 -0.6220
vn 0.2520 -0.7795 -0.5748
vn 0.2362 -0.8583 -0.4646
vn 0.3780 -0.8189 -0.4331
vn 0.2126 -0.9291 -0.2992
vn 0.1024 -0.9449 -0.3071
vn 0.1024 -0.9843 -0.1260
vn 0.3543 -0.8898 -0.2913
vn 0.1890 -0.9764 -0.1181
vn 0.1024 -0.9921 0.0000
vn 0.1811 -0.9843 0.0000
vn 0.3071 -0.9449 -0.1181
vn 0.2835 -0.9606 0.0000
vn 0.4252 -0.8898 -0.1417
vn 0.4016 -0.9134 0.0000
vn 0.5591 -0.8110 -0.1575
vn 0.5433 -0.8425 0.0000
vn 0.6850 -0.7087 -0.1575
vn 0.6850 -0.7323 0.0000
vn 0.7874 -0.6063 -0.1260
vn 0.8504 -0.5118 0.1181
vn 0.8110 -0.5827 -0.0551
vn 0.7874 -0.6063 0.1260
vn 0.8504 -0.5118 -0.1181
vn 0.8110 -0.5827 0.0551
vn 0.8583 -0.5039 0.0000
vn 0.8189 -0.4094 0.4094
vn 0.8189 -0.4094 -0.4094
vn 0.0000 -0.9921 0.1339
vn 0.1024 -0.9843 0.1260
vn 0.1024 -0.9449 0.3071
vn 0.0000 -1.0000 0.0000
vn 0.2126 -0.9291 0.2992
vn 0.2362 -0.8583 0.4646
vn 0.1890 -0.9764 0.1181
vn 0.3780 -0.8189 0.4331
vn 0.3780 -0.7480 0.5433
vn 0.3543 -0.8898 0.2913
vn 0.3071 -0.9449 0.1181
vn 0.4252 -0.8898 0.1417
vn 0.4882 -0.8268 0.2835
vn 0.5118 -0.7638 0.4016
vn 0.5197 -0.6929 0.5039
vn 0.5591 -0.8110 0.1575
vn 0.6850 -0.7087 0.1575
vn 0.6929 -0.6772 0.2362
vn 0.6063 -0.7480 0.2756
vn 0.7087 -0.6220 0.3307
vn 0.6220 -0.6850 0.3701
vn 0.7165 -0.5512 0.4173
vn 0.6457 -0.6142 0.4488
vn 0.6220 -0.5827 0.5276
vn 0.7244 -0.4803 0.4882
vn 0.5906 -0.5827 0.5591
vn 0.5276 -0.6063 0.5984
vn 0.3937 -0.6772 0.6220
vn 0.6063 -0.5354 0.5906
vn 0.5118 -0.5827 0.6378
vn 0.4094 -0.6378 0.6535
vn 0.2756 -0.6850 0.6772
vn 0.4331 -0.5906 0.6772
vn 0.5433 -0.5276 0.6535
vn 0.2835 -0.6220 0.7323
vn 0.1102 -0.6535 0.7480
vn 0.2205 -0.4803 0.8504
vn 0.2992 -0.4724 0.8268
vn 0.1181 -0.4488 0.8819
vn -0.0157 -0.4803 0.8819
vn 0.1102 -0.3780 0.9213
vn -0.0709 -0.3465 0.9370
vn -0.0866 -0.2913 0.9528
vn -0.2677 -0.2441 0.9291
vn -0.1260 -0.3386 0.9291
vn -0.5748 -0.0472 0.8189
vn -0.1968 -0.1811 0.9606
vn -0.1654 -0.1968 0.9685
vn -0.1024 -0.2283 0.9685
vn -0.0394 -0.1890 0.9843
vn 0.3465 -0.4724 0.8110
vn 0.3465 -0.3858 0.8583
vn 0.3937 -0.4961 0.7717
vn 0.4016 -0.4724 0.7874
vn 0.5512 -0.4567 0.7008
vn 0.5433 -0.4331 0.7165
vn 0.5906 -0.4173 0.6929
vn 0.6220 -0.4646 0.6378
vn 0.6378 -0.4016 0.6614
vn 0.6535 -0.3622 0.6614
vn 0.7244 -0.2835 0.6220
vn 0.7559 -0.2835 0.5906
vn 0.8740 -0.1417 0.4646
vn 0.8898 -0.1732 0.4252
vn 0.7638 -0.3386 0.5512
vn 0.8032 -0.3071 0.5118
vn 0.7402 -0.4252 0.5197
vn -0.7795 -0.4882 0.3937
vn -0.7795 -0.4882 -0.3937
vn -0.3150 -0.4331 -0.8425
vn -0.4646 -0.4252 -0.7717
vn -0.4094 -0.4016 -0.8189
vn -0.4252 -0.3701 -0.8268
vn -0.6142 -0.2992 -0.7323
vn -0.6850 -0.2441 -0.6929
vn -0.6929 -0.2992 -0.6614
vn -0.6220 -0.3465 -0.7008
vn -0.6220 -0.3701 -0.6850
vn -0.7244 -0.2992 -0.6220
vn -0.6142 -0.4094 -0.6772
vn -0.3465 -0.4724 -0.8110
vn -0.3071 -0.4409 -0.8425
vn -0.4882 -0.4882 -0.7244
vn -0.5591 -0.5276 -0.6378
vn -0.3780 -0.5591 -0.7402
vn -0.4488 -0.5984 -0.6614
vn -0.2835 -0.5906 -0.7559
vn -0.2913 -0.6614 -0.6929
vn -0.2835 -0.4016 -0.8661
vn -0.3937 -0.2756 -0.8819
vn -0.1811 -0.6299 -0.7559
vn -0.2835 -0.7008 -0.6535
vn -0.5512 -0.6142 -0.5669
vn -0.3622 -0.2598 -0.8976
vn -0.4173 -0.6693 -0.6142
vn -0.1732 -0.7244 -0.6693
vn -0.6535 -0.5433 -0.5276
vn -0.1732 -0.6850 -0.7087
vn -0.1654 -0.7717 -0.6142
vn -0.2913 -0.7480 -0.5906
vn -0.4173 -0.7244 -0.5512
vn -0.5512 -0.6772 -0.4882
vn -0.2835 -0.8268 -0.4882
vn -0.4252 -0.7795 -0.4646
vn -0.1575 -0.8504 -0.4961
vn -0.0079 -0.8661 -0.4961
vn -0.5591 -0.7165 -0.4173
vn -0.0236 -0.7874 -0.6142
vn -0.0315 -0.7402 -0.6693
vn -0.0472 -0.7008 -0.7165
vn -0.0551 -0.6378 -0.7638
vn 0.1102 -0.7087 -0.7008
vn 0.1102 -0.7480 -0.6614
vn 0.1102 -0.7953 -0.5984
vn 0.1102 -0.8661 -0.4882
vn 0.2756 -0.6850 -0.6772
vn 0.2598 -0.7244 -0.6457
vn -0.0079 -0.9449 -0.3228
vn -0.1417 -0.9370 -0.3307
vn 0.0000 -0.9921 -0.1339
vn -0.2598 -0.9055 -0.3386
vn -0.1181 -0.9843 -0.1339
vn -0.4016 -0.8504 -0.3307
vn -0.1102 -0.9921 0.0000
vn -0.2205 -0.9685 -0.1417
vn -0.2126 -0.9764 0.0000
vn -0.3543 -0.9213 -0.1417
vn -0.3307 -0.9449 0.0000
vn -0.5433 -0.7795 -0.3150
vn -0.4882 -0.8583 -0.1654
vn -0.4252 -0.9055 0.0000
vn -0.6142 -0.7323 -0.2913
vn -0.5276 -0.8268 -0.1811
vn -0.5118 -0.8583 0.0000
vn -0.6299 -0.6772 -0.3780
vn -0.7402 -0.5669 -0.3622
vn -0.6457 -0.6142 -0.4488
vn -0.8425 -0.4488 -0.3071
vn -0.9449 -0.2835 -0.1496
vn -0.8425 -0.3701 -0.3858
vn -0.9370 -0.2283 -0.2756
vn -0.8268 -0.2913 -0.4803
vn -0.9134 -0.1654 -0.3701
vn -0.6457 -0.4567 -0.6063
vn -0.8976 -0.1181 -0.4331
vn -0.7953 -0.2598 -0.5512
vn -0.7402 -0.2835 -0.6063
vn -0.6299 -0.3858 -0.6772
vn -0.3150 -0.4331 0.8425
vn -0.4094 -0.4016 0.8189
vn -0.4646 -0.4252 0.7717
vn -0.4252 -0.3701 0.8268
vn -0.6142 -0.2992 0.7323
vn -0.6850 -0.2441 0.6929
vn -0.6929 -0.2992 0.6614
vn -0.6220 -0.3465 0.7008
vn -0.6220 -0.3701 0.6850
vn -0.7244 -0.2992 0.6220
vn -0.6142 -0.4094 0.6772
vn -0.3465 -0.4724 0.8110
vn -0.3071 -0.4409 0.8425
vn -0.4882 -0.4882 0.7244
vn -0.5591 -0.5276 0.6378
vn -0.3780 -0.5591 0.7402
vn -0.4488 -0.5984 0.6614
vn -0.2835 -0.5906 0.7559
vn -0.2913 -0.6614 0.6929
vn -0.2835 -0.4016 0.8661
vn -0.3937 -0.2756 0.8819
vn -0.1811 -0.6299 0.7559
vn -0.2835 -0.7008 0.6535
vn -0.5512 -0.6142 0.5669
vn -0.3622 -0.2598 0.8976
vn -0.4173 -0.6693 0.6142
vn -0.1732 -0.7244 0.6693
vn -0.6535 -0.5433 0.5276
vn -0.2913 -0.7480 0.5906
vn -0.4173 -0.7244 0.5512
vn -0.5512 -0.6772 0.4882
vn -0.2835 -0.8268 0.4882
vn -0.4252 -0.7795 0.4646
vn -0.1654 -0.7717 0.6142
vn -0.1575 -0.8504 0.4961
vn -0.2598 -0.9055 0.3386
vn -0.1417 -0.9370 0.3307
vn -0.0079 -0.9449 0.3228
vn -0.0079 -0.8661 0.4961
vn -0.0236 -0.7874 0.6142
vn -0.0315 -0.7402 0.6693
vn -0.1181 -0.9843 0.1339
vn -0.2205 -0.9685 0.1417
vn -0.4016 -0.8504 0.3307
vn -0.3543 -0.9213 0.1417
vn -0.5591 -0.7165 0.4173
vn -0.5433 -0.7795 0.3150
vn -0.4882 -0.8583 0.1654
vn -0.6142 -0.7323 0.2913
vn -0.5276 -0.8268 0.1811
vn -0.6299 -0.6772 0.3780
vn -0.7402 -0.5669 0.3622
vn -0.6457 -0.6142 0.4488
vn -0.8425 -0.4488 0.3071
vn -0.9449 -0.2835 0.1496
vn -0.8425 -0.3701 0.3858
vn -0.9370 -0.2283 0.2756
vn -0.8268 -0.2913 0.4803
vn -0.9134 -0.1654 0.3701
vn -0.6457 -0.4567 0.6063
vn -0.8976 -0.1181 0.4331
vn -0.7953 -0.2598 0.5512
vn -0.7402 -0.2835 0.6063
vn -0.6299 -0.3858 0.6772
vn 0.3937 -0.8740 0.2835
vn 0.3937 -0.8740 -0.2835
vn 0.7008 -0.3858 0.5984
vn 0.9921 -0.1339 0.0000
vn 0.9055 -0.3701 0.2047
vn 0.9921 -0.1181 -0.0236
vn 0.9764 0.0866 -0.1890
vn 0.9449 0.1890 -0.2677
vn 0.6535 -0.6535 0.3858
vn 0.6378 -0.3622 0.6772
vn 0.6378 -0.3465 0.6850
vn 0.6614 -0.4252 0.6220
vn 0.6063 -0.5039 0.6142
vn 0.6535 -0.5984 0.4646
vn 0.4724 -0.6929 0.5433
vn 0.4961 -0.6220 0.6063
vn 0.3386 -0.6299 0.7008
vn 0.5748 -0.7008 0.4252
vn 0.5433 -0.7402 0.4016
vn 0.7323 -0.4567 0.5118
vn 0.2835 -0.6457 0.7087
vn 0.2520 -0.6220 0.7402
vn 0.0000 1.0000 0.0000
vn -0.9449 -0.2992 -0.1339
vn -0.9213 -0.3465 -0.1811
vn -0.9213 -0.2756 -0.2677
vn -0.0472 -0.2441 0.9685
vn -0.1102 -0.3071 0.9449
vn -0.1102 -0.2126 0.9685
vn -0.1181 -0.1417 0.9843
vn -0.2047 -0.1260 0.9685
vn -0.2362 -0.1024 0.9685
vn -0.4409 -0.0709 0.8898
vn -0.5669 -0.0472 0.8189
vn -0.4016 -0.1732 0.8976
vn -0.5906 -0.1102 0.7953
vn -0.1968 -0.1968 0.9606
vn -0.1968 -0.3071 0.9291
vn -0.4882 -0.1496 0.8583
vn -0.5276 0.0079 0.8504
vn -0.6929 0.0551 0.7244
vn -0.9213 0.3543 0.1496
vn -0.9213 0.3465 0.1654
vn -0.8661 0.4961 0.0236
vn -0.1890 -0.4016 0.8976
vn -0.1260 -0.4567 0.8819
vn -0.0551 -0.6378 0.7638
vn -0.0866 -0.4882 0.8740
vn -0.1732 -0.6850 0.7087
vn -0.0472 -0.7008 0.7165
vn 0.1102 -0.7087 0.7008
vn 0.1102 -0.7480 0.6614
vn 0.1102 -0.7953 0.5984
vn 0.2598 -0.7244 0.6457
vn 0.1102 -0.8661 0.4882
vn 0.2520 -0.7795 0.5748
vn 0.7008 -0.3858 -0.5984
vn 0.9055 -0.3701 -0.2047
vn 0.9921 -0.1181 0.0236
vn 0.6535 -0.6535 -0.3858
vn 0.6378 -0.3622 -0.6772
vn 0.6378 -0.3465 -0.6850
vn 0.6614 -0.4252 -0.6220
vn 0.6063 -0.5039 -0.6142
vn 0.6535 -0.5984 -0.4646
vn 0.4724 -0.6929 -0.5433
vn 0.5748 -0.7008 -0.4252
vn 0.5433 -0.7402 -0.4016
vn 0.7323 -0.4567 -0.5118
vn 0.4961 -0.6220 -0.6063
vn 0.3386 -0.6299 -0.7008
vn 0.2835 -0.6457 -0.7087
vn 0.2520 -0.6220 -0.7402
vn 0.5906 0.1024 -0.7953
vn 0.7323 0.1496 -0.6614
vn 0.5748 0.1654 -0.8032
vn 0.7559 0.1024 -0.6457
vn 0.6378 0.0315 -0.7717
vn 0.5906 0.0157 -0.8110
vn 0.6457 -0.0079 -0.7638
vn 0.7244 0.0551 -0.6850
vn 0.6850 0.1732 -0.7087
vn 0.6220 0.1102 -0.7717
vn 0.6772 0.0866 -0.7244
vn 0.7402 -0.0157 -0.6772
vn 0.7795 0.0157 -0.6220
vn 0.8110 -0.0394 -0.5906
vn 0.8110 -0.0945 -0.5748
vn 0.7953 0.0000 -0.6063
vn 0.6378 0.1260 -0.7638
vn 0.6220 0.0000 -0.7795
vn 0.7244 -0.0394 -0.6850
vn 0.6772 0.1654 -0.7165
vn 0.3307 0.5354 -0.7795
vn 0.2835 0.5984 -0.7559
vn 0.2441 0.6457 -0.7244
vn 0.8032 0.0000 -0.5984
vn 0.7874 0.1260 -0.6063
vn 0.7638 -0.0630 -0.6378
vn 0.8425 0.0709 -0.5354
vn 0.8346 0.0394 -0.5512
vn 0.8819 0.0157 -0.4724
vn 0.8898 -0.0315 -0.4488
vn 0.8583 -0.0709 -0.5118
vn 0.9291 0.1575 -0.3228
vn 0.9528 0.1417 -0.2756
vn 0.9213 0.0945 -0.3858
vn 0.9055 -0.2756 -0.3307
vn 0.8346 -0.0079 -0.5512
vn 0.8661 0.0000 -0.4961
vn 0.8504 -0.0866 -0.5197
vn 0.8976 -0.1654 -0.4016
vn 0.9055 -0.3150 -0.2913
vn 0.8110 -0.1811 -0.5591
vn 0.7953 -0.2126 -0.5669
vn 0.8346 -0.1181 -0.5354
vn 0.8032 -0.2126 -0.5591
vn 0.7874 -0.2362 -0.5669
vn 0.8661 -0.0472 -0.4961
vn 0.8504 -0.1496 -0.5039
vn 0.8110 -0.2126 -0.5433
vn 0.8976 -0.1339 -0.4173
vn 0.8268 -0.1496 -0.5354
vn 0.8032 -0.2677 -0.5276
vn 0.7638 -0.4094 -0.4882
vn 0.9291 -0.1339 -0.3386
vn 0.7717 -0.4961 -0.4016
vn 0.7795 -0.5433 -0.2992
vn 0.7638 -0.5984 -0.2283
vn 0.7559 -0.6378 -0.1575
vn 0.7480 -0.6614 0.0000
vn 0.8346 -0.5433 0.0000
vn 0.7559 -0.5984 -0.2677
vn 0.7244 -0.5591 -0.4016
vn 0.8346 -0.5276 -0.1732
vn 0.8268 -0.5039 -0.2441
vn 0.8583 -0.4252 -0.2677
vn 0.7480 -0.5276 -0.3937
vn 0.7559 -0.4409 -0.4882
vn 0.8189 -0.4724 -0.3307
vn 0.8346 -0.3858 -0.3858
vn 0.8425 -0.3780 -0.3937
vn 0.7874 -0.4016 -0.4646
vn 0.8346 -0.2520 -0.4803
vn 0.8425 -0.2520 -0.4724
vn -0.1102 -0.3071 -0.9449
vn -0.1102 -0.2126 -0.9685
vn -0.0472 -0.2441 -0.9685
vn -0.1181 -0.1417 -0.9843
vn -0.1260 -0.3386 -0.9291
vn -0.2047 -0.1260 -0.9685
vn -0.2362 -0.1024 -0.9685
vn -0.4409 -0.0709 -0.8898
vn -0.5669 -0.0472 -0.8189
vn -0.4016 -0.1732 -0.8976
vn -0.5906 -0.1102 -0.7953
vn -0.1968 -0.1968 -0.9606
vn -0.1968 -0.3071 -0.9291
vn -0.4882 -0.1496 -0.8583
vn -0.5276 0.0079 -0.8504
vn -0.6929 0.0551 -0.7244
vn -0.9213 0.3543 -0.1496
vn -0.9213 0.3465 -0.1654
vn -0.8661 0.4961 -0.0236
vn -0.1890 -0.4016 -0.8976
vn -0.1260 -0.4567 -0.8819
vn -0.0866 -0.4882 -0.8740
vn -0.0157 -0.4803 -0.8819
vn 0.1102 -0.6535 -0.7480
vn -0.0709 -0.3465 -0.9370
vn 0.1181 -0.4488 -0.8819
vn 0.2205 -0.4803 -0.8504
vn 0.1102 -0.3780 -0.9213
vn -0.0866 -0.2913 -0.9528
vn -0.2677 -0.2441 -0.9291
vn -0.5748 -0.0472 -0.8189
vn -0.1968 -0.1811 -0.9606
vn -0.1654 -0.1968 -0.9685
vn -0.0394 -0.1890 -0.9843
vn -0.1024 -0.2283 -0.9685
vn 0.2835 -0.6220 -0.7323
vn 0.2992 -0.4724 -0.8268
vn 0.4331 -0.5906 -0.6772
vn 0.3465 -0.4724 -0.8110
vn 0.3465 -0.3858 -0.8583
vn 0.3937 -0.4961 -0.7717
vn 0.4016 -0.4724 -0.7874
vn 0.4094 -0.6378 -0.6535
vn 0.5512 -0.4567 -0.7008
vn 0.5433 -0.4331 -0.7165
vn 0.5906 -0.4173 -0.6929
vn 0.6535 -0.3622 -0.6614
vn 0.7244 -0.2835 -0.6220
vn 0.6378 -0.4016 -0.6614
vn 0.7559 -0.2835 -0.5906
vn 0.8740 -0.1417 -0.4646
vn 0.8898 -0.1732 -0.4252
vn 0.7638 -0.3386 -0.5512
vn 0.0630 -0.3150 0.9449
vn 0.2126 -0.3780 0.8976
vn -0.0551 -0.2598 0.9606
vn 0.2913 -0.2520 0.9213
vn 0.2913 -0.2835 0.9134
vn 0.4488 -0.2047 0.8740
vn 0.4173 -0.2362 0.8740
vn 0.5118 -0.1890 0.8346
vn 0.3465 -0.3465 0.8740
vn 0.4252 -0.1417 0.8898
vn 0.5827 -0.2047 0.7874
vn 0.4488 -0.1732 0.8819
vn 0.3858 -0.1654 0.9055
vn 0.3937 -0.1260 0.9134
vn 0.5118 -0.0787 0.8583
vn 0.5197 -0.1181 0.8504
vn 0.4094 -0.0157 0.9134
vn 0.6378 -0.0157 0.7717
vn 0.6220 0.0000 0.7795
vn 0.6772 0.0866 0.7244
vn 0.5118 0.0157 0.8583
vn 0.6220 0.0394 0.7795
vn 0.7638 0.1732 0.6220
vn 0.7559 0.1024 0.6457
vn 0.7480 0.6614 0.0000
vn 0.5669 0.1260 0.8110
vn 0.4724 0.1102 0.8740
vn 0.4252 0.1417 0.8898
vn -0.0236 0.0236 1.0000
vn 0.2992 -0.0630 0.9528
vn 0.2992 -0.1260 0.9449
vn 0.2677 -0.0472 0.9606
vn 0.2992 0.0630 0.9528
vn 0.0709 -0.0079 1.0000
vn -0.2520 -0.0551 0.9685
vn -0.2441 -0.0315 0.9685
vn -0.3071 -0.1968 0.9291
vn -0.3228 -0.2362 0.9134
vn -0.3622 -0.3465 0.8661
vn 0.0630 -0.3150 -0.9449
vn 0.2126 -0.3780 -0.8976
vn -0.0551 -0.2598 -0.9606
vn 0.2913 -0.2520 -0.9213
vn 0.2913 -0.2835 -0.9134
vn 0.4488 -0.2047 -0.8740
vn 0.4173 -0.2362 -0.8740
vn 0.5118 -0.1890 -0.8346
vn 0.3465 -0.3465 -0.8740
vn 0.4252 -0.1417 -0.8898
vn 0.5827 -0.2047 -0.7874
vn 0.4488 -0.1732 -0.8819
vn 0.3858 -0.1654 -0.9055
vn 0.3937 -0.1260 -0.9134
vn 0.5118 -0.0787 -0.8583
vn 0.5197 -0.1181 -0.8504
vn 0.4094 -0.0157 -0.9134
vn 0.5118 0.0157 -0.8583
vn 0.6378 -0.0157 -0.7717
vn 0.6220 0.0394 -0.7795
vn 0.7638 0.1732 -0.6220
vn 0.5669 0.1260 -0.8110
vn 0.4724 0.1102 -0.8740
vn 0.6063 0.7953 0.0000
vn 0.4252 0.1417 -0.8898
vn -0.0236 0.0236 -1.0000
vn 0.2992 -0.0630 -0.9528
vn 0.2992 -0.1260 -0.9449
vn 0.2677 -0.0472 -0.9606
vn 0.2992 0.0630 -0.9528
vn 0.0709 -0.0079 -1.0000
vn -0.2520 -0.0551 -0.9685
vn -0.2441 -0.0315 -0.9685
vn -0.3071 -0.1968 -0.9291
vn -0.3228 -0.2362 -0.9134
vn -0.3622 -0.3465 -0.8661
vn 0.9370 -0.0787 -0.3386
vn 0.9685 -0.1024 -0.2441
vn 0.9528 -0.0551 -0.2992
vn 0.9685 -0.0787 -0.2283
vn -0.6772 -0.4409 0.5906
vn -0.6772 -0.4409 -0.5906
vn -0.7638 -0.4803 -0.4331
vn 0.9764 0.0866 0.1890
vn 0.9134 0.2283 0.3307
vn 0.9449 0.1890 0.2677
vn 0.9370 0.2047 0.2913
vn 0.9843 0.0551 0.1575
vn -0.7638 -0.4803 0.4331
vn -0.9921 0.0000 0.1024
vn -0.9685 -0.2126 -0.1102
vn -0.9843 -0.1575 -0.0551
vn -0.7087 -0.5433 -0.4567
vn -0.8976 -0.2598 0.3543
vn -0.9528 -0.2520 0.1496
vn -0.9449 -0.2913 0.1496
vn -0.9685 -0.2520 0.0000
vn -0.9370 -0.2283 0.2677
vn -0.9606 -0.2835 0.0000
vn -0.8898 -0.1102 0.4409
vn -0.9134 -0.3858 0.1575
vn -0.8819 -0.0945 0.4724
vn -0.8819 0.0157 0.4724
vn -0.8819 -0.1732 0.4409
vn -0.9213 -0.3937 0.0000
vn -0.8504 -0.3543 0.3937
vn -0.8583 -0.3386 0.3858
vn -0.7717 -0.5039 0.3937
vn -0.8740 -0.3701 0.3228
vn -0.7953 -0.4724 0.3780
vn -0.6614 -0.6772 0.3228
vn -0.8189 -0.4724 0.3150
vn -0.8504 -0.5039 0.1496
vn -0.8583 -0.5197 0.0000
vn -0.7402 -0.5906 0.3150
vn -0.6929 -0.6457 0.3307
vn -0.7480 -0.6457 0.1575
vn -0.7480 -0.6614 0.0000
vn -0.6299 -0.7795 0.0000
vn -0.6378 -0.7480 0.1890
vn -0.8976 -0.1102 -0.4331
vn -0.8740 -0.2205 -0.4252
vn -0.8976 -0.1024 -0.4331
vn -0.8898 -0.2992 -0.3465
vn -0.8898 -0.2913 -0.3465
vn -0.8898 -0.4409 0.1024
vn -0.8661 -0.4803 -0.1496
vn -0.9291 -0.3228 0.1732
vn -0.9291 -0.3150 0.1811
vn -0.9055 -0.4094 0.1339
vn -0.8976 -0.2598 -0.3543
vn -0.9528 -0.2520 -0.1496
vn -0.9370 -0.2283 -0.2677
vn -0.8898 -0.1102 -0.4409
vn -0.8819 -0.0945 -0.4724
vn -0.8819 0.0157 -0.4724
vn -0.8819 -0.1732 -0.4409
vn -0.9449 -0.2913 -0.1496
vn -0.8504 -0.3543 -0.3937
vn -0.8583 -0.3386 -0.3858
vn -0.7717 -0.5039 -0.3937
vn -0.8740 -0.3701 -0.3228
vn -0.7953 -0.4724 -0.3780
vn -0.6614 -0.6772 -0.3228
vn -0.9134 -0.3858 -0.1575
vn -0.8189 -0.4724 -0.3150
vn -0.8504 -0.5039 -0.1496
vn -0.7402 -0.5906 -0.3150
vn -0.6929 -0.6457 -0.3307
vn -0.7480 -0.6457 -0.1575
vn -0.6378 -0.7480 -0.1890
vn -0.8976 -0.1024 0.4331
vn -0.8740 -0.2205 0.4252
vn -0.8976 -0.1102 0.4331
vn -0.8898 -0.2992 0.3465
vn -0.8898 -0.2913 0.3465
vn -0.8898 -0.4409 -0.1024
vn -0.8661 -0.4803 0.1496
vn -0.9291 -0.3228 -0.1732
vn -0.9291 -0.3150 -0.1811
vn -0.9055 -0.4094 -0.1339
vn -0.9213 -0.2756 0.2677
vn -0.9449 -0.2992 0.1339
vn -0.9449 -0.1890 0.2756
vn 0.9843 0.0787 0.1417
vn 0.9843 0.0630 0.1575
vn 0.9764 0.0551 0.2205
vn 0.9843 0.1102 0.1575
vn 0.9685 0.0394 0.2598
vn 0.9843 0.0787 -0.1417
vn 0.9764 0.0551 -0.2205
vn 0.9843 0.0630 -0.1575
vn 0.9843 0.1102 -0.1575
vn 0.9685 0.0394 -0.2598
vn -0.1575 -0.9606 0.2362
vn 0.9213 0.3622 0.1575
vn 0.9213 0.3622 -0.1575
vn 0.7638 -0.5984 0.2283
vn 0.7559 -0.6378 0.1575
vn 0.7559 -0.5984 0.2677
vn 0.7795 -0.5433 0.2992
vn 0.7717 -0.4961 0.4016
vn 0.7638 -0.4094 0.4882
vn 0.8032 -0.2677 0.5276
vn 0.8268 -0.1496 0.5354
vn 0.8976 -0.1339 0.4173
vn 0.8110 -0.2126 0.5433
vn 0.7874 -0.2362 0.5669
vn 0.9291 -0.1339 0.3386
vn 0.8032 -0.2126 0.5591
vn 0.7953 -0.2126 0.5669
vn 0.8504 -0.1496 0.5039
vn 0.9370 -0.0787 0.3386
vn 0.9685 -0.1024 0.2441
vn 0.9528 -0.0551 0.2992
vn 0.9685 -0.0787 0.2283
vn 0.8661 0.0000 0.4961
vn 0.8661 -0.0472 0.4961
vn 0.8346 -0.1181 0.5354
vn 0.8346 -0.0079 0.5512
vn 0.9213 0.0945 0.3858
vn 0.8110 -0.1811 0.5591
vn 0.7244 -0.0394 0.6850
vn 0.8504 -0.0866 0.5197
vn 0.8819 0.0157 0.4724
vn 0.9291 0.1575 0.3228
vn 0.7638 -0.0630 0.6378
vn 0.8032 0.0000 0.5984
vn 0.6378 0.1260 0.7638
vn 0.6220 0.1102 0.7717
vn 0.6772 0.1654 0.7165
vn 0.7874 0.1260 0.6063
vn 0.3307 0.5354 0.7795
vn 0.2835 0.5984 0.7559
vn 0.2441 0.6457 0.7244
vn 0.8425 0.0709 0.5354
vn 0.8346 0.0394 0.5512
vn 0.8898 -0.0315 0.4488
vn 0.9528 0.1417 0.2756
vn 0.8583 -0.0709 0.5118
vn 0.9055 -0.2756 0.3307
vn 0.7953 0.0000 0.6063
vn 0.8976 -0.1654 0.4016
vn 0.9055 -0.3150 0.2913
vn 0.9213 -0.1260 0.3701
vn 0.9528 -0.1417 0.2835
vn 0.9213 0.0079 0.3858
vn 0.9606 -0.0157 0.2835
vn 0.8661 0.0551 0.5039
vn 0.8268 0.0787 0.5591
vn 0.7638 0.1024 0.6378
vn 0.7559 0.1732 0.6299
vn 0.8110 0.1968 0.5512
vn 0.8268 0.1890 0.5197
vn 0.8976 0.1339 0.4173
vn 0.8346 0.2362 0.4961
vn 0.9606 0.0866 0.2756
vn 0.9921 0.0630 0.1260
vn 0.8032 0.2913 0.5276
vn 0.8583 0.2756 0.4331
vn 0.9291 0.2283 0.2913
vn 0.9528 0.2126 0.2047
vn 0.7874 0.3465 0.5118
vn 0.8504 0.3307 0.4094
vn 0.9213 0.2677 0.2756
vn -0.1575 -0.9606 -0.2362
vn -0.7165 -0.3858 0.5827
vn -0.7165 -0.3858 -0.5827
vn 0.2283 0.1181 0.9685
vn 0.1496 0.2205 0.9606
vn 0.2283 0.1260 0.9685
vn 0.3307 -0.0236 0.9449
vn 0.2283 0.1181 -0.9685
vn 0.2283 0.1260 -0.9685
vn 0.1496 0.2205 -0.9606
vn 0.3307 -0.0236 -0.9449
vn -0.6142 -0.3465 0.7087
vn -0.6063 -0.3150 0.7323
vn -0.5984 -0.2913 0.7480
vn -0.5748 -0.2283 0.7874
vn -0.5984 -0.2126 0.7717
vn -0.6142 -0.3465 -0.7087
vn -0.6063 -0.3150 -0.7323
vn -0.5984 -0.2913 -0.7480
vn -0.5748 -0.2283 -0.7874
vn -0.5984 -0.2126 -0.7717
vn -0.4724 -0.8661 0.1496
vn -0.4724 -0.8661 -0.1496
vn 0.9134 0.2283 -0.3307
vn 0.9370 0.2047 -0.2913
vn 0.9843 0.0551 -0.1575
vn 0.8661 0.1417 0.4803
vn 0.8583 0.2205 0.4567
vn 0.8819 0.1811 0.4331
vn 0.7874 0.1890 0.5906
vn 0.8740 0.1102 0.4724
vn 0.9055 0.0709 0.4252
vn 0.8740 0.0472 0.4803
vn 0.9213 -0.3150 0.2362
vn 0.8898 0.0236 0.4488
vn 0.8583 0.0709 0.5118
vn 0.8898 0.0394 0.4567
vn 0.8819 0.0709 0.4724
vn 0.8425 0.0709 0.5276
vn 0.8661 0.1181 0.4803
vn 0.8189 0.0709 0.5669
vn 0.8740 0.0945 0.4803
vn 0.7874 0.1102 0.6142
vn 0.7559 0.1339 0.6378
vn 0.7323 0.2047 0.6457
vn 0.7874 0.0551 0.6142
vn 0.9134 0.0472 0.4094
vn 0.9764 0.0787 0.2126
vn 0.7165 0.0709 0.6929
vn 0.9213 0.0315 0.3780
vn 0.9764 0.0079 0.2205
vn 0.7874 0.0472 0.6142
vn 0.6457 0.0787 0.7559
vn 0.9134 -0.0236 0.4016
vn 0.9528 -0.0787 0.2992
vn 0.7874 0.0394 0.6142
vn 0.8819 -0.1181 0.4567
vn 0.9055 -0.1575 0.3937
vn 0.8189 -0.0551 0.5748
vn 0.6772 0.0472 0.7323
vn 0.5591 0.0787 0.8268
vn 0.8425 -0.2520 0.4724
vn 0.8583 -0.2598 0.4488
vn 0.8346 -0.2520 0.4803
vn 0.7559 -0.4409 0.4882
vn 0.8425 -0.3780 0.3937
vn 0.7874 -0.4016 0.4646
vn 0.8346 -0.3858 0.3858
vn 0.8583 -0.4252 0.2677
vn 0.7480 -0.5276 0.3937
vn 0.7244 -0.5591 0.4016
vn 0.8189 -0.4724 0.3307
vn 0.8268 -0.5039 0.2441
vn 0.8346 -0.5276 0.1732
vn 0.6063 -0.1575 0.7795
vn 0.6063 -0.1575 -0.7795
vn 0.9449 0.0079 0.3228
vn 0.9685 0.1181 0.2283
vn 0.9843 -0.0394 0.1811
vn 0.9764 -0.1102 0.1732
vn 0.8976 -0.0157 0.4331
vn 0.9764 0.1024 0.1811
vn 0.8661 0.0079 0.4961
vn 0.9606 0.1654 0.2283
vn 0.9606 0.1732 0.2126
vn 0.9685 0.1024 0.2362
vn 0.9449 0.1102 0.3150
vn 0.7402 0.1417 0.6535
vn 0.9291 0.0630 0.3701
vn 0.8583 0.0787 0.5039
vn 0.5512 0.1417 0.8189
vn 0.3307 0.1417 0.9370
vn 0.2520 0.0787 0.9606
vn 0.2598 0.2520 0.9291
vn 0.8819 0.0787 0.4567
vn 0.8425 0.1496 0.5197
vn 0.8032 0.2205 0.5512
vn 0.9449 0.0315 0.3307
vn 0.9291 0.0787 0.3543
vn 0.9055 0.1654 0.3858
vn 0.8819 0.2520 0.4016
vn 0.9449 0.1968 0.2598
vn 0.9685 0.0945 0.2441
vn 0.9921 0.1024 0.0000
vn 1.0000 0.0472 0.0000
vn 0.9685 0.0394 0.2362
vn 1.0000 0.0315 0.0000
vn 0.9606 0.0236 0.2677
vn 0.9528 0.0551 0.3150
vn 0.9606 0.0472 0.2677
vn 0.9685 0.0787 0.2205
vn -0.9370 0.0157 0.3465
vn -0.9370 0.2441 0.2520
vn -1.0000 -0.0157 -0.0157
vn -0.8976 0.0000 0.4488
vn -0.9291 -0.1102 0.3622
vn -0.8976 -0.1260 0.4252
vn -0.8740 -0.3071 0.3701
vn -0.9291 -0.2598 0.2677
vn -0.9213 -0.3543 0.1575
vn -0.8661 -0.4567 0.1968
vn -0.8819 -0.4646 0.0472
vn -0.9370 -0.3465 0.0472
vn -0.8898 -0.4567 -0.0551
vn -0.9213 -0.3858 -0.0394
vn -0.9291 -0.3307 -0.1654
vn 0.1339 -0.0866 -0.9843
vn 0.2835 -0.1102 -0.9528
vn 0.1024 -0.1732 -0.9764
vn 0.0315 -0.2362 -0.9685
vn 0.0630 0.0157 -1.0000
vn 0.1575 0.0472 -0.9843
vn 0.1417 0.1024 -0.9843
vn 0.1732 0.1181 -0.9764
vn 0.0000 -0.1102 -0.9921
vn -0.1339 0.0394 -0.9921
vn 0.0000 0.1181 -0.9921
vn -0.0472 -0.1339 -0.9921
vn -0.0394 -0.1968 -0.9764
vn -0.1260 -0.2047 -0.9685
vn -0.2047 0.0945 -0.9764
vn -0.2756 0.0630 -0.9606
vn -0.1417 0.0945 -0.9843
vn -0.1102 -0.1181 -0.9843
vn -0.0945 -0.2126 -0.9764
vn -0.0866 -0.2047 -0.9764
vn 0.1339 0.0079 -0.9921
vn 0.3937 0.1024 -0.9134
vn 0.3228 0.0866 -0.9449
vn 0.8583 -0.2598 -0.4488
vn 0.9055 -0.1575 -0.3937
vn 0.8189 -0.0551 -0.5748
vn 0.8819 -0.1181 -0.4567
vn 0.9528 -0.0787 -0.2992
vn 0.9134 -0.0236 -0.4016
vn 0.9764 0.0079 -0.2205
vn 0.7874 0.0394 -0.6142
vn 0.6772 0.0472 -0.7323
vn 0.9213 0.0315 -0.3780
vn 0.9764 0.0787 -0.2126
vn 0.5591 0.0787 -0.8268
vn 0.9134 0.0472 -0.4094
vn 0.7874 0.0472 -0.6142
vn 0.8740 0.0945 -0.4803
vn 0.7874 0.0551 -0.6142
vn 0.6457 0.0787 -0.7559
vn 0.3307 0.1417 -0.9370
vn 0.2520 0.0787 -0.9606
vn 0.2598 0.2520 -0.9291
vn 0.5512 0.1417 -0.8189
vn 0.7402 0.1417 -0.6535
vn 0.7165 0.0709 -0.6929
vn 0.7874 0.1102 -0.6142
vn 0.7559 0.1339 -0.6378
vn 0.8583 0.0787 -0.5039
vn 0.9449 0.1102 -0.3150
vn 0.9606 0.1732 -0.2126
vn 0.9606 0.1654 -0.2283
vn 0.9764 0.1024 -0.1811
vn 0.9685 0.1181 -0.2283
vn 0.9843 -0.0394 -0.1811
vn 0.9685 0.1024 -0.2362
vn 0.9291 0.0630 -0.3701
vn 0.9449 0.0079 -0.3228
vn 0.7244 0.2047 0.6535
vn 0.7244 0.2047 -0.6535
vn -0.9921 0.0000 -0.1024
vn -0.9685 -0.2126 0.1102
vn -0.9843 -0.1575 0.0551
vn -0.7087 -0.5433 0.4567
vn 0.1496 0.5748 0.8032
vn 0.1732 0.6299 0.7559
vn 0.0945 0.8268 0.5512
vn 0.2598 0.8819 0.3937
vn 0.1496 0.5748 -0.8032
vn 0.0945 0.8268 -0.5512
vn 0.1732 0.6299 -0.7559
vn 0.2598 0.8819 -0.3937
vn 0.8740 0.3858 -0.2992
vn 0.8583 0.4252 -0.2992
vn 0.8976 0.3622 -0.2598
vn 0.8661 0.4016 -0.2913
vn 0.8268 0.4409 -0.3465
vn 0.9291 0.3307 -0.1890
vn 0.9291 0.3386 -0.1575
vn 0.9685 0.2362 0.0315
vn 0.9685 0.2205 -0.0945
vn 0.9370 0.2677 -0.2047
vn 0.9606 0.2126 -0.1811
vn 0.8504 0.3937 -0.3543
vn 0.9213 -0.0157 -0.3937
vn 0.9213 0.0630 -0.3937
vn 0.9606 0.1811 -0.2047
vn 0.9134 0.2835 -0.2913
vn 0.7717 0.4646 -0.4252
vn 0.9370 0.1890 -0.2835
vn 0.9291 0.1890 -0.3228
vn 0.8898 0.2913 -0.3543
vn 0.8032 0.4094 -0.4331
vn 0.7165 0.4961 -0.4961
vn 0.9134 0.2283 -0.3465
vn 0.8346 0.2362 -0.4961
vn 0.8425 0.3071 -0.4331
vn 0.7323 0.4331 -0.5197
vn 0.6142 0.5354 -0.5748
vn 0.8583 0.2205 -0.4646
vn 0.7795 0.3150 -0.5433
vn 0.6772 0.4409 -0.5906
vn 0.5827 0.4252 -0.6929
vn 0.7008 0.3228 -0.6378
vn 0.7953 0.2126 -0.5669
vn 0.5591 0.3386 -0.7559
vn 0.4488 0.3386 -0.8268
vn 0.5669 0.2362 -0.7874
vn 0.4882 0.2441 -0.8346
vn 0.5354 0.1732 -0.8268
vn 0.7087 0.2205 -0.6772
vn 0.5906 0.1654 -0.7874
vn 0.5906 0.1968 -0.7795
vn 0.5669 0.1339 -0.8110
vn 0.7008 0.1575 -0.6929
vn 0.3386 0.7008 -0.6220
vn 0.6929 0.1654 -0.7008
vn 0.7874 0.1654 -0.5906
vn 0.7559 0.1732 -0.6299
vn 0.7402 0.1260 -0.6535
vn 0.7638 0.1024 -0.6378
vn 0.8268 0.0787 -0.5591
vn 0.8189 0.1890 -0.5354
vn 0.8110 0.1968 -0.5512
vn 0.8661 0.0551 -0.5039
vn 0.9213 -0.1260 -0.3701
vn 0.9528 -0.1417 -0.2835
vn 0.9213 0.0079 -0.3858
vn 0.9606 -0.0157 -0.2835
vn 0.8268 0.1890 -0.5197
vn 0.8976 0.1339 -0.4173
vn 0.8032 0.2913 -0.5276
vn 0.7874 0.3465 -0.5118
vn 0.8583 0.2756 -0.4331
vn 0.8504 0.3307 -0.4094
vn 0.9606 0.0866 -0.2756
vn 0.9921 0.0630 -0.1260
vn 0.9291 0.2283 -0.2913
vn 0.9213 0.2677 -0.2756
vn 0.9528 0.2126 -0.2047
vn 0.9449 0.2441 -0.2283
vn 0.4803 0.4016 0.7795
vn 0.3228 0.4173 0.8504
vn 0.2992 0.4409 0.8425
vn 0.0551 0.4488 0.8898
vn 0.0315 0.4646 0.8819
vn 0.6063 0.4409 0.6614
vn 0.3937 0.4252 0.8189
vn 0.5276 0.2756 0.8032
vn 0.6299 0.3465 0.6929
vn 0.7638 0.3465 0.5433
vn 0.7559 0.2362 0.6142
vn 0.5827 0.2126 0.7874
vn 0.7323 0.1575 0.6614
vn 0.5197 0.1339 0.8425
vn 0.5118 0.0945 0.8583
vn 0.3228 0.0866 0.9449
vn 0.3622 0.1024 0.9291
vn 0.3780 0.0709 0.9213
vn 0.5669 0.0866 0.8189
vn 0.1732 0.1181 0.9764
vn 0.3386 -0.0394 0.9370
vn 0.4882 0.0079 0.8740
vn 0.4409 -0.0394 0.8976
vn 0.2835 -0.1102 0.9528
vn 0.1339 -0.0866 0.9843
vn 0.1575 0.0472 0.9843
vn 0.1024 -0.1732 0.9764
vn 0.0315 -0.2362 0.9685
vn 0.0630 0.0157 1.0000
vn 0.1417 0.1024 0.9843
vn -0.0394 -0.1968 0.9764
vn 0.0000 -0.1102 0.9921
vn -0.1260 -0.2047 0.9685
vn -0.0472 -0.1339 0.9921
vn -0.1339 0.0394 0.9921
vn 0.0000 0.1181 0.9921
vn -0.2047 0.0945 0.9764
vn -0.2756 0.0630 0.9606
vn -0.1417 0.0945 0.9843
vn -0.1102 -0.1181 0.9843
vn -0.0945 -0.2126 0.9764
vn -0.0866 -0.2047 0.9764
vn 0.1339 0.0079 0.9921
vn 0.3937 0.1024 0.9134
vn 0.6693 0.6772 0.3071
vn 0.6850 0.7323 0.0000
vn 0.5354 0.7638 0.3543
vn 0.6614 0.7559 0.0000
vn 0.7323 0.6772 0.0000
vn 0.7795 0.6220 0.0000
vn 0.4488 0.7874 0.4173
vn 0.1654 0.7795 0.6063
vn 0.7323 0.6220 0.2913
vn 0.8268 0.5669 0.0000
vn 0.7717 0.5669 0.2835
vn 0.5984 0.6772 0.4252
vn 0.5984 0.6299 0.4961
vn 0.6535 0.6063 0.4567
vn 0.5984 0.5827 0.5512
vn 0.5748 0.5591 0.5984
vn 0.6693 0.5669 0.4803
vn 0.7953 0.5039 0.3386
vn 0.5669 0.5354 0.6220
vn 0.6850 0.5354 0.4961
vn -0.9449 -0.1181 0.2992
vn -0.9528 -0.1024 0.2992
vn -0.9528 -0.0945 0.2913
vn -0.9606 -0.0394 0.2677
vn 0.5354 -0.6772 -0.5039
vn -0.9449 -0.1181 -0.2992
vn -0.9528 -0.1024 -0.2992
vn -0.9528 -0.0945 -0.2913
vn -0.9606 -0.0394 -0.2677
vn 0.5354 -0.6772 0.5039
vn 0.9449 0.2441 0.2283
vn 0.8189 0.1890 0.5354
vn 0.8583 0.2205 0.4646
vn 0.7874 0.1654 0.5906
vn 0.7953 0.2126 0.5669
vn 0.7008 0.1575 0.6929
vn 0.6929 0.1654 0.7008
vn 0.7087 0.2205 0.6772
vn 0.5906 0.1654 0.7874
vn 0.7008 0.3228 0.6378
vn 0.5669 0.2362 0.7874
vn 0.7402 0.1260 0.6535
vn 0.7795 0.0157 0.6220
vn 0.8110 -0.0945 0.5748
vn 0.8110 -0.0394 0.5906
vn 0.6850 0.1732 0.7087
vn 0.7402 -0.0157 0.6772
vn 0.7244 0.0551 0.6850
vn 0.5748 0.1654 0.8032
vn 0.6457 -0.0079 0.7638
vn 0.5906 0.1024 0.7953
vn 0.7323 0.1496 0.6614
vn 0.5906 0.0157 0.8110
vn 0.6378 0.0315 0.7717
vn 0.6378 0.1024 0.7638
vn 0.6850 0.0551 0.7244
vn 0.6299 0.0236 0.7795
vn 0.7323 0.0945 0.6693
vn 0.5748 0.0315 0.8189
vn 0.4016 0.0236 0.9134
vn 0.5669 0.0472 0.8189
vn 0.7638 0.1732 0.6142
vn 0.3858 0.0236 0.9213
vn 0.3071 0.0551 0.9449
vn 0.6063 0.1339 0.7795
vn 0.2126 0.0157 0.9764
vn 0.0866 0.0236 1.0000
vn 0.0394 0.0630 1.0000
vn 0.2835 0.0079 0.9606
vn 0.0866 0.0157 0.9921
vn -0.0157 0.1417 0.9921
vn 0.6929 0.2677 0.6693
vn 0.0000 0.2205 0.9764
vn 0.0866 0.4567 0.8819
vn 0.3858 0.4567 0.8032
vn 0.0079 0.5039 0.8583
vn 0.4646 0.4488 0.7638
vn 0.7165 0.3701 0.5906
vn 0.8425 0.4173 0.3543
vn 0.7559 0.2677 0.5906
vn 0.8740 0.2756 0.4016
vn 0.8898 0.4567 0.0551
vn 0.7953 0.6063 0.0000
vn 0.8583 0.1968 0.4646
vn 0.9528 0.2283 0.2126
vn 0.9055 0.2126 0.3701
vn 0.8189 0.0787 0.5669
vn 0.6220 0.0236 0.7874
vn 0.7480 0.0157 0.6614
vn 0.4646 0.0157 0.8819
vn 0.5906 0.0945 0.8032
vn 0.7165 0.1260 0.6850
vn 0.7244 0.2441 0.6457
vn 0.4252 0.0630 0.9055
vn 0.3386 0.1732 0.9213
vn 0.5827 0.1890 0.7874
vn 0.5197 0.1260 0.8425
vn 0.4646 0.1181 0.8740
vn 0.5118 0.1102 0.8504
vn 0.3386 0.2126 0.9134
vn 0.2441 0.2756 0.9291
vn 0.2520 0.2756 0.9291
vn 0.1890 0.2756 0.9449
vn 0.1181 0.2835 0.9528
vn 0.0945 0.2756 0.9606
vn 0.0787 0.2756 0.9606
vn 0.0787 0.2992 0.9528
vn 0.1260 0.3071 0.9449
vn 0.2441 0.2992 0.9213
vn 0.1102 0.3150 0.9449
vn 0.1575 0.3071 0.9370
vn 0.0866 0.3386 0.9370
vn 0.0000 0.6614 0.7480
vn -0.2520 -0.8898 -0.3780
vn -0.2520 -0.8898 0.3780
vn 0.8583 0.4252 0.2992
vn 0.8740 0.3858 0.2992
vn 0.8976 0.3622 0.2598
vn 0.8268 0.4409 0.3465
vn 0.8661 0.4016 0.2913
vn 0.9291 0.3307 0.1890
vn 0.9291 0.3386 0.1575
vn 0.9843 0.1260 -0.1102
vn 0.9685 0.2362 -0.0315
vn 0.9685 0.2205 0.0945
vn 0.9370 0.2677 0.2047
vn 0.9606 0.2126 0.1811
vn 0.9213 -0.0157 0.3937
vn 0.9213 0.0630 0.3937
vn 0.9606 0.1811 0.2047
vn 0.9134 0.2835 0.2913
vn 0.8504 0.3937 0.3543
vn 0.7717 0.4646 0.4252
vn 0.9370 0.1890 0.2835
vn 0.9291 0.1890 0.3228
vn 0.8898 0.2913 0.3543
vn 0.8032 0.4094 0.4331
vn 0.7165 0.4961 0.4961
vn 0.9134 0.2283 0.3465
vn 0.8425 0.3071 0.4331
vn 0.7323 0.4331 0.5197
vn 0.6142 0.5354 0.5748
vn 0.7795 0.3150 0.5433
vn 0.6772 0.4409 0.5906
vn 0.5827 0.4252 0.6929
vn 0.5591 0.3386 0.7559
vn 0.4488 0.3386 0.8268
vn 0.4882 0.2441 0.8346
vn 0.5354 0.1732 0.8268
vn 0.5906 0.1968 0.7795
vn 0.5669 0.1339 0.8110
vn 0.3386 0.7008 0.6220
vn 0.9764 -0.1102 -0.1732
vn 0.8976 -0.0157 -0.4331
vn 0.8661 0.0079 -0.4961
vn 0.8819 0.0787 -0.4567
vn 0.9449 0.0315 -0.3307
vn 0.9606 0.0236 -0.2677
vn 0.9291 0.0787 -0.3543
vn 0.8425 0.1496 -0.5197
vn 0.9685 0.0394 -0.2362
vn 0.9528 0.0551 -0.3150
vn 0.9685 0.0945 -0.2441
vn 0.9606 0.0472 -0.2677
vn 0.9685 0.0787 -0.2205
vn 0.9449 0.1968 -0.2598
vn 0.9764 0.2205 0.0000
vn 0.9055 0.1654 -0.3858
vn 0.9213 0.2835 -0.2598
vn 0.9528 0.2992 0.0000
vn 0.8819 0.2520 -0.4016
vn 0.9055 0.3543 -0.2362
vn 0.8032 0.2205 -0.5512
vn 0.8583 0.3307 -0.3858
vn 0.7323 0.2047 -0.6457
vn 0.7795 0.2835 -0.5591
vn 0.7165 0.2520 -0.6457
vn 0.7874 0.1890 -0.5906
vn 0.7717 0.2520 -0.5827
vn 0.8661 0.1417 -0.4803
vn 0.8583 0.2205 -0.4567
vn 0.7480 0.3150 -0.5827
vn 0.7087 0.3150 -0.6378
vn 0.8504 0.2756 -0.4488
vn 0.8032 0.3386 -0.4882
vn 0.9449 0.2047 -0.2520
vn 0.8898 0.2441 -0.3937
vn 0.7244 0.3543 -0.5827
vn 0.8425 0.3701 -0.3937
vn 0.6929 0.4016 -0.5984
vn 0.8819 0.1811 -0.4331
vn 0.9055 0.0709 -0.4252
vn 0.8740 0.1102 -0.4724
vn 0.8740 0.0472 -0.4803
vn 0.9213 -0.3150 -0.2362
vn 0.8898 0.0236 -0.4488
vn 0.8661 0.1181 -0.4803
vn 0.8583 0.0709 -0.5118
vn 0.8898 0.0394 -0.4567
vn 0.8819 0.0709 -0.4724
vn 0.8425 0.0709 -0.5276
vn 0.8189 0.0709 -0.5669
vn 0.7795 0.5118 0.3543
vn 0.7953 0.4724 0.3858
vn 0.8346 0.4488 0.3150
vn 0.8346 0.4409 0.3386
vn 0.8504 0.4567 0.2677
vn 0.8189 0.5039 0.2677
vn 0.8504 0.4803 0.2205
vn 0.8268 0.4488 0.3386
vn 0.8425 0.4016 0.3622
vn 0.8583 0.3780 0.3543
vn 0.8189 0.5039 0.2835
vn 0.8346 0.4803 0.2520
vn 0.7717 0.5197 0.3701
vn 0.7874 0.5276 0.3150
vn 0.7953 0.4646 0.3937
vn 0.7244 0.5669 0.3937
vn 0.6614 0.5984 0.4567
vn 0.7087 0.5433 0.4488
vn 0.6693 0.5512 0.4882
vn 0.7087 0.5039 0.4961
vn 0.7008 0.5276 0.4803
vn 0.6378 0.4961 0.5906
vn 0.5276 0.4016 0.7480
vn 0.7087 0.5039 0.4882
vn 0.5591 0.4646 0.6929
vn 0.4173 0.3465 0.8346
vn 0.8110 0.4016 0.4252
vn 0.8740 0.3150 0.3780
vn 0.8346 0.3465 0.4252
vn 0.7480 0.4567 0.4803
vn 0.7953 0.3780 0.4724
vn 0.6614 0.5197 0.5433
vn 0.3150 0.5669 0.7559
vn 0.6299 0.2126 -0.7480
vn 0.3937 0.3386 -0.8583
vn 0.6378 0.2756 -0.7165
vn 0.6457 0.3543 -0.6772
vn 0.6535 0.3780 -0.6535
vn 0.6850 0.4331 -0.5906
vn 0.3701 0.2441 -0.8976
vn 0.2441 0.2992 -0.9213
vn 0.3858 0.3150 -0.8661
vn 0.1575 0.3071 -0.9370
vn 0.6929 0.4646 -0.5591
vn 0.7795 0.4331 -0.4488
vn 0.6693 0.5276 -0.5276
vn 0.7244 0.5039 -0.4567
vn 0.8740 0.3622 -0.3307
vn 0.6850 0.5591 -0.4646
vn 0.9055 0.3701 -0.2126
vn 0.9055 0.3701 -0.2047
vn 0.9528 0.3071 -0.0394
vn 0.1260 0.3071 -0.9449
vn 0.0787 0.2992 -0.9528
vn 0.1102 0.3150 -0.9449
vn 0.0866 0.3386 -0.9370
vn 0.0000 0.6614 -0.7480
vn 0.1890 0.2756 -0.9449
vn 0.1181 0.2835 -0.9528
vn 0.0787 0.2756 -0.9606
vn 0.0945 0.2756 -0.9606
vn 0.2520 0.2756 -0.9291
vn 0.2441 0.2756 -0.9291
vn 0.3386 0.2126 -0.9134
vn 0.3386 0.1732 -0.9213
vn 0.4646 0.1181 -0.8740
vn 0.4252 0.0630 -0.9055
vn 0.4646 0.0157 -0.8819
vn 0.5118 0.1102 -0.8504
vn 0.5197 0.1260 -0.8425
vn 0.5827 0.1890 -0.7874
vn 0.7244 0.2441 -0.6457
vn 0.5906 0.0945 -0.8032
vn 0.7165 0.1260 -0.6850
vn 0.7480 0.0157 -0.6614
vn 0.6220 0.0236 -0.7874
vn 0.8189 0.0787 -0.5669
vn 0.9055 0.2126 -0.3701
vn 0.9528 0.2283 -0.2126
vn 0.8740 0.2756 -0.4016
vn 0.8898 0.4567 -0.0551
vn 0.8425 0.4173 -0.3543
vn 0.8583 0.1968 -0.4646
vn 0.7165 0.3701 -0.5906
vn 0.4646 0.4488 -0.7638
vn 0.7559 0.2677 -0.5906
vn 0.7638 0.1732 -0.6142
vn 0.6929 0.2677 -0.6693
vn 0.3858 0.4567 -0.8032
vn 0.0866 0.4567 -0.8819
vn 0.0000 0.2205 -0.9764
vn 0.0079 0.5039 -0.8583
vn -0.0157 0.1417 -0.9921
vn 0.0866 0.0157 -0.9921
vn 0.0394 0.0630 -1.0000
vn 0.2835 0.0079 -0.9606
vn 0.2126 0.0157 -0.9764
vn 0.0866 0.0236 -1.0000
vn 0.3071 0.0551 -0.9449
vn 0.3858 0.0236 -0.9213
vn 0.4016 0.0236 -0.9134
vn 0.6063 0.1339 -0.7795
vn 0.5669 0.0472 -0.8189
vn 0.5748 0.0315 -0.8189
vn 0.6299 0.0236 -0.7795
vn 0.7323 0.0945 -0.6693
vn 0.6850 0.0551 -0.7244
vn 0.6378 0.1024 -0.7638
vn 0.8189 0.4724 -0.3228
vn 0.7874 0.4488 -0.4252
vn 0.8425 0.4567 -0.2913
vn 0.8346 0.4882 -0.2520
vn 0.8425 0.4882 -0.2283
vn 0.8661 0.5039 0.0000
vn 0.8583 0.5118 0.0000
vn 0.8425 0.4961 -0.2047
vn 0.8504 0.5276 0.0000
vn 0.8346 0.4803 -0.2756
vn 0.7795 0.4724 -0.4173
vn 0.8425 0.5118 -0.1811
vn 0.8346 0.5039 -0.2126
vn 0.7795 0.4803 -0.4016
vn 0.8346 0.4488 -0.3228
vn 0.8268 0.4252 -0.3622
vn 0.8819 0.4173 -0.2283
vn 0.7717 0.5669 -0.2835
vn 0.7953 0.5039 -0.3386
vn 0.8425 0.4488 -0.2992
vn 0.7323 0.6220 -0.2913
vn 0.6693 0.5669 -0.4803
vn 0.6850 0.5354 -0.4961
vn 0.5669 0.5354 -0.6220
vn 0.5748 0.5591 -0.5984
vn 0.6535 0.6063 -0.4567
vn 0.5984 0.5827 -0.5512
vn 0.5984 0.6299 -0.4961
vn 0.5984 0.6772 -0.4252
vn 0.4488 0.7874 -0.4173
vn 0.6693 0.6772 -0.3071
vn 0.5354 0.7638 -0.3543
vn 0.1654 0.7795 -0.6063
vn 0.7953 0.4724 -0.3858
vn 0.7795 0.5118 -0.3543
vn 0.8346 0.4488 -0.3150
vn 0.8346 0.4409 -0.3386
vn 0.8504 0.4567 -0.2677
vn 0.8189 0.5039 -0.2677
vn 0.8504 0.4803 -0.2205
vn 0.8268 0.4488 -0.3386
vn 0.8425 0.4016 -0.3622
vn 0.8189 0.5039 -0.2835
vn 0.8346 0.4803 -0.2520
vn 0.7717 0.5197 -0.3701
vn 0.7874 0.5276 -0.3150
vn 0.8583 0.3780 -0.3543
vn 0.8740 0.3150 -0.3701
vn 0.8740 0.3150 -0.3780
vn 0.7953 0.4646 -0.3937
vn 0.8110 0.4016 -0.4252
vn 0.8346 0.3465 -0.4252
vn 0.7244 0.5669 -0.3937
vn 0.7087 0.5433 -0.4488
vn 0.6614 0.5984 -0.4567
vn 0.6693 0.5512 -0.4882
vn 0.7087 0.5039 -0.4961
vn 0.7008 0.5276 -0.4803
vn 0.6378 0.4961 -0.5906
vn 0.5276 0.4016 -0.7480
vn 0.7087 0.5039 -0.4882
vn 0.5591 0.4646 -0.6929
vn 0.4173 0.3465 -0.8346
vn 0.7480 0.4567 -0.4803
vn 0.7953 0.3780 -0.4724
vn 0.6614 0.5197 -0.5433
vn 0.3150 0.5669 -0.7559
vn -0.1102 0.2126 -0.9685
vn -0.2520 0.1496 -0.9528
vn -0.1968 0.1181 -0.9764
vn -0.1496 0.0000 -0.9921
vn -0.1339 0.0079 -0.9921
vn -0.1811 0.1496 -0.9764
vn -0.1102 0.0157 -0.9921
vn -0.1102 -0.1024 -0.9843
vn -0.1339 -0.0709 -0.9921
vn -0.1811 -0.0551 -0.9843
vn -0.2441 -0.0945 -0.9606
vn -0.1732 -0.1181 -0.9764
vn -0.2913 -0.0787 -0.9528
vn -0.2205 -0.1024 -0.9685
vn -0.3150 0.1575 -0.9370
vn -0.1575 -0.1811 -0.9685
vn -0.1339 -0.1496 -0.9764
vn -0.1890 -0.2441 -0.9528
vn -0.2047 -0.1575 -0.9685
vn -0.2283 -0.0945 -0.9685
vn -0.2362 -0.0472 -0.9685
vn -0.3701 -0.0472 -0.9291
vn -0.3543 -0.0709 -0.9291
vn -0.4252 -0.0630 -0.9055
vn -0.3150 -0.1260 -0.9370
vn -0.3150 -0.1417 -0.9370
vn -0.4331 -0.0787 -0.8976
vn -0.4331 -0.0709 -0.8976
vn -0.3858 -0.0630 -0.9213
vn 0.6929 0.5984 0.4016
vn 0.7323 0.5118 0.4567
vn 0.7323 0.5039 0.4567
vn 0.7559 0.4646 0.4646
vn 0.7480 0.4961 0.4488
vn 0.5197 0.7402 0.4252
vn 0.5669 0.7244 0.3937
vn 0.4409 0.7874 0.4252
vn 0.4409 0.7953 0.4173
vn 0.5039 0.7244 0.4724
vn 0.5354 0.6535 0.5276
vn 0.5669 0.5906 0.5748
vn 0.7323 0.5118 -0.4567
vn 0.6929 0.5984 -0.4016
vn 0.7323 0.5039 -0.4567
vn 0.7559 0.4646 -0.4646
vn 0.7480 0.4961 -0.4488
vn 0.5197 0.7402 -0.4252
vn 0.5669 0.7244 -0.3937
vn 0.4409 0.7874 -0.4252
vn 0.4409 0.7953 -0.4173
vn 0.5039 0.7244 -0.4724
vn 0.5354 0.6535 -0.5276
vn 0.5669 0.5906 -0.5748
vn -0.6929 -0.0079 0.7244
vn -0.5984 -0.1260 0.7874
vn -0.4409 -0.1417 0.8819
vn -0.4252 -0.1811 0.8898
vn -0.4094 -0.1417 0.8976
vn -0.3937 -0.1890 0.8976
vn -0.5118 -0.0236 0.8583
vn -0.4488 -0.0709 0.8898
vn -0.4724 -0.0630 0.8819
vn -0.7953 0.2835 0.5354
vn -0.7953 0.2913 0.5354
vn -0.8740 0.2835 0.3937
vn -0.9134 0.2756 0.3071
vn -0.8189 0.2835 0.5039
vn -0.8268 0.2992 0.4724
vn -0.8346 0.2913 0.4724
vn -0.8110 0.2441 0.5354
vn -0.4409 -0.1417 -0.8819
vn -0.5984 -0.1260 -0.7874
vn -0.6929 -0.0079 -0.7244
vn -0.4252 -0.1811 -0.8898
vn -0.4094 -0.1417 -0.8976
vn -0.3937 -0.1890 -0.8976
vn -0.5118 -0.0236 -0.8583
vn -0.4488 -0.0709 -0.8898
vn -0.4724 -0.0630 -0.8819
vn -0.7953 0.2835 -0.5354
vn -0.7953 0.2913 -0.5354
vn -0.8740 0.2835 -0.3937
vn -0.9134 0.2756 -0.3071
vn -0.8189 0.2835 -0.5039
vn -0.8268 0.2992 -0.4724
vn -0.8346 0.2913 -0.4724
vn -0.8110 0.2441 -0.5354
vn -0.2126 0.4646 0.8583
vn -0.2126 0.4646 -0.8583
vn 0.9291 0.0157 -0.3622
vn 0.9055 -0.0630 -0.4252
vn 0.9291 -0.0079 -0.3780
vn 0.9449 0.0630 -0.3150
vn 0.9291 0.0157 0.3622
vn 0.9291 -0.0079 0.3780
vn 0.9055 -0.0630 0.4252
vn 0.9449 0.0630 0.3150
vn 0.5118 0.5591 0.6535
vn 0.5118 0.5591 -0.6535
vn 0.7953 0.5354 0.2835
vn 0.8268 0.5039 0.2598
vn 0.8661 0.4961 0.0000
vn 0.8740 0.4882 0.0000
vn 0.8110 0.4803 0.3228
vn 0.8504 0.4488 0.2835
vn 0.8583 0.4646 0.2283
vn 0.8032 0.4646 0.3780
vn 0.8268 0.4252 0.3701
vn 0.8504 0.4567 0.2520
vn 0.8189 0.4567 0.3465
vn 0.7717 0.5039 0.3937
vn 0.7953 0.4331 0.4331
vn 0.8346 0.4882 0.2520
vn 0.8189 0.4724 0.3228
vn 0.8425 0.4882 0.2283
vn 0.8425 0.4567 0.2913
vn 0.8425 0.4961 0.2047
vn 0.8346 0.4803 0.2756
vn 0.8425 0.5118 0.1811
vn 0.8346 0.5039 0.2126
vn 0.7795 0.4803 0.4016
vn 0.7795 0.4724 0.4173
vn 0.8425 0.4488 0.2992
vn 0.7874 0.4488 0.4252
vn 0.6378 0.6299 0.4409
vn 0.5984 0.6929 0.4016
vn 0.5354 0.7244 0.4252
vn 0.6063 0.6772 0.4094
vn 0.5748 0.6929 0.4331
vn 0.5512 0.7402 0.3858
vn 0.6063 0.7087 0.3622
vn 0.5512 0.7717 0.3228
vn 0.6063 0.7087 0.3701
vn 0.6220 0.6929 0.3622
vn 0.6142 0.7087 0.3543
vn 0.5591 0.7402 0.3701
vn 0.6378 0.7008 0.3307
vn 0.6378 0.7087 0.3071
vn 0.6614 0.6535 0.3701
vn 0.5591 0.7087 0.4331
vn 0.6457 0.7087 0.2992
vn 0.6535 0.6929 0.3150
vn 0.6063 0.7402 0.3071
vn 0.5591 0.7717 0.2913
vn 0.5827 0.7244 0.3701
vn 0.4567 0.8268 0.3386
vn 0.4094 0.8110 0.4252
vn 0.2047 0.8898 0.4094
vn 0.2520 0.8740 0.4094
vn 0.0709 0.8898 0.4488
vn -0.0709 0.8740 0.4803
vn -0.1890 0.8583 0.4803
vn 0.1181 0.8898 0.4331
vn 0.2520 0.8740 0.4173
vn -0.3622 0.7717 0.5276
vn -0.3071 0.8110 0.5039
vn -0.3701 0.7559 0.5433
vn 0.2913 0.8819 0.3701
vn -0.4173 0.7323 0.5433
vn -0.4882 0.6850 0.5433
vn -0.4409 0.7165 0.5433
vn -0.4961 0.6850 0.5276
vn -0.5276 0.6693 0.5276
vn -0.5748 0.4961 0.6535
vn -0.5591 0.6614 0.5039
vn -0.6142 0.3858 0.6850
vn -0.6142 0.3071 0.7323
vn 0.2205 0.7323 0.6457
vn 0.2047 0.8504 0.4882
vn 0.1811 0.6614 0.7323
vn 0.2441 0.8346 0.4882
vn 0.1496 0.7480 0.6457
vn 0.3780 0.7795 0.4961
vn 0.4724 0.7244 0.5039
vn 0.5039 0.7165 0.4803
vn 0.4646 0.7638 0.4567
vn 0.3858 0.6929 0.6063
vn 0.5984 0.6535 0.4646
vn 0.4961 0.6614 0.5591
vn 0.3228 0.4173 -0.8504
vn 0.4803 0.4016 -0.7795
vn 0.2992 0.4409 -0.8425
vn 0.0551 0.4488 -0.8898
vn 0.0315 0.4646 -0.8819
vn 0.6063 0.4409 -0.6614
vn 0.3937 0.4252 -0.8189
vn 0.5276 0.2756 -0.8032
vn 0.6299 0.3465 -0.6929
vn 0.7638 0.3465 -0.5433
vn 0.7559 0.2362 -0.6142
vn 0.5827 0.2126 -0.7874
vn 0.7323 0.1575 -0.6614
vn 0.5197 0.1339 -0.8425
vn 0.5118 0.0945 -0.8583
vn 0.3622 0.1024 -0.9291
vn 0.3780 0.0709 -0.9213
vn 0.5669 0.0866 -0.8189
vn 0.3386 -0.0394 -0.9370
vn 0.4882 0.0079 -0.8740
vn 0.4409 -0.0394 -0.8976
vn -0.2441 -0.2756 0.9291
vn -0.3780 -0.1654 0.9134
vn -0.1811 -0.3150 0.9291
vn -0.1417 -0.3465 0.9291
vn -0.2441 -0.2756 -0.9291
vn -0.3780 -0.1654 -0.9134
vn -0.1811 -0.3150 -0.9291
vn -0.1417 -0.3465 -0.9291
vn 0.6063 0.7087 -0.3701
vn 0.6142 0.7087 -0.3543
vn 0.5591 0.7402 -0.3701
vn 0.6614 0.6535 -0.3701
vn 0.6220 0.6929 -0.3622
vn 0.4094 0.8110 -0.4252
vn 0.6378 0.7008 -0.3307
vn 0.6378 0.7087 -0.3071
vn 0.6457 0.7087 -0.2992
vn 0.6535 0.6929 -0.3150
vn 0.5827 0.7244 -0.3701
vn 0.6063 0.7402 -0.3071
vn 0.5591 0.7717 -0.2913
vn 0.4567 0.8268 -0.3386
vn 0.2520 0.8740 -0.4094
vn 0.2520 0.8740 -0.4173
vn 0.2047 0.8898 -0.4094
vn 0.0709 0.8898 -0.4488
vn 0.1181 0.8898 -0.4331
vn 0.2913 0.8819 -0.3701
vn -0.0709 0.8740 -0.4803
vn -0.1890 0.8583 -0.4803
vn -0.3622 0.7717 -0.5276
vn 0.2205 0.7323 -0.6457
vn 0.1496 0.7480 -0.6457
vn 0.2047 0.8504 -0.4882
vn 0.1811 0.6614 -0.7323
vn 0.2441 0.8346 -0.4882
vn -0.3071 0.8110 -0.5039
vn -0.3701 0.7559 -0.5433
vn -0.4173 0.7323 -0.5433
vn -0.4409 0.7165 -0.5433
vn -0.4882 0.6850 -0.5433
vn -0.4961 0.6850 -0.5276
vn -0.5748 0.4961 -0.6535
vn -0.5276 0.6693 -0.5276
vn -0.5591 0.6614 -0.5039
vn -0.6142 0.3858 -0.6850
vn -0.6142 0.3071 -0.7323
vn 0.8819 0.2598 0.3937
vn 0.9134 0.2205 0.3386
vn 0.8898 0.2756 0.3780
vn 0.9134 0.3386 0.2283
vn 0.8740 0.4882 0.0236
vn 0.8976 0.4016 0.1968
vn 0.8819 0.2913 0.3780
vn 0.8976 0.2756 0.3465
vn 0.8740 0.3150 0.3701
vn 0.8661 0.3071 0.3937
vn 0.8583 0.3386 0.3937
vn 0.9370 0.2441 0.2677
vn 0.9291 0.1732 0.3150
vn 0.9606 0.0630 0.2756
vn 0.9606 0.0236 0.2835
vn 0.9449 0.0472 0.3150
vn 0.9213 0.0394 0.3858
vn 0.8583 0.1417 0.4961
vn 0.6142 -0.1102 0.7795
vn 0.7402 0.2598 0.6220
vn 0.7244 0.3150 0.6142
vn 0.6850 0.2913 0.6693
vn 0.6693 0.3228 0.6693
vn 0.6614 0.3307 0.6693
vn 0.6614 0.3465 0.6614
vn 0.6535 0.2598 0.7165
vn 0.6929 0.3307 0.6457
vn 0.6142 0.3780 0.6929
vn 0.6693 0.4094 0.6220
vn 0.7165 0.4094 0.5669
vn 0.5669 0.4252 0.7087
vn 0.4961 0.4252 0.7559
vn 0.6535 0.4724 0.5906
vn 0.7008 0.4803 0.5354
vn 0.4488 0.4331 0.7795
vn 0.2205 0.4331 0.8740
vn 0.5512 0.4724 0.6850
vn 0.6535 0.5039 0.5669
vn 0.7244 0.4961 0.4803
vn 0.4882 0.5433 0.6772
vn 0.7874 0.5039 0.3465
vn 0.4331 0.4803 0.7638
vn 0.1339 0.4567 0.8819
vn 0.1102 0.4173 0.8976
vn 0.2441 0.4724 0.8504
vn 0.1968 0.5197 0.8346
vn 0.5591 0.5118 0.6535
vn 0.4409 0.5197 0.7323
vn 0.2913 0.5197 0.8032
vn 0.2441 0.5512 0.7953
vn 0.6772 0.5197 0.5118
vn 0.6299 0.5118 0.5827
vn 0.4803 0.5276 0.7008
vn 0.3150 0.5512 0.7795
vn 0.3465 0.5591 0.7559
vn 0.4567 0.5433 0.7008
vn 0.6457 0.5118 0.5669
vn 0.7165 0.5276 0.4567
vn 0.7165 0.5276 0.4488
vn 0.7953 0.5197 0.3071
vn 0.5748 0.5354 0.6142
vn 0.5433 0.4724 0.6929
vn 0.7087 0.4803 0.5197
vn 0.4173 0.4646 0.7795
vn 0.4252 0.5039 0.7480
vn 0.4016 0.4331 0.8032
vn 0.5276 0.4567 0.7165
vn 0.7087 0.4646 0.5276
vn 0.7165 0.4882 0.5039
vn 0.7480 0.4724 0.4646
vn 0.7638 0.4646 0.4488
vn 0.7559 0.4882 0.4409
vn 0.6929 0.5433 0.4803
vn 0.6063 0.5827 0.5354
vn 0.7717 0.4882 0.4094
vn 0.7717 0.5039 0.3858
vn 0.5433 0.5433 0.6378
vn 0.7559 0.5276 0.3780
vn 0.7953 0.5197 0.3228
vn 0.7480 0.5433 0.3780
vn 0.7953 0.5276 0.2913
vn 0.5512 0.5906 0.5827
vn 0.4173 0.5906 0.6929
vn 0.6142 0.5984 0.5197
vn 0.6614 0.5827 0.4646
vn 0.6535 0.5984 0.4646
vn 0.7717 0.5827 0.2677
vn 0.8268 0.5591 0.0157
vn 0.8189 0.5591 -0.1339
vn 0.5984 0.6535 -0.4646
vn 0.5354 0.7244 -0.4252
vn 0.6378 0.6299 -0.4409
vn 0.6929 0.5433 -0.4803
vn 0.6693 0.5591 -0.4882
vn 0.6850 0.5906 -0.4331
vn 0.4961 0.6614 -0.5591
vn 0.6299 0.6457 -0.4252
vn 0.5827 0.7323 -0.3543
vn 0.5591 0.7244 -0.3937
vn 0.4882 0.5984 -0.6378
vn 0.3780 0.6693 -0.6378
vn 0.2283 0.6693 -0.7087
vn 0.1654 0.4488 -0.8819
vn 0.1339 0.4961 -0.8583
vn 0.1102 0.7008 -0.7008
vn 0.1732 0.5827 -0.7953
vn 0.2441 0.5354 -0.8110
vn 0.1496 0.5039 -0.8504
vn 0.1575 0.4961 -0.8504
vn 0.3307 0.5906 -0.7323
vn 0.0866 0.5748 -0.8110
vn 0.3858 0.6929 -0.6063
vn 0.1811 0.5512 -0.8189
vn 0.0630 0.5433 -0.8425
vn 0.2835 0.6299 -0.7244
vn 0.0709 0.5591 -0.8268
vn -0.0315 0.5906 -0.8110
vn 0.4567 0.7480 -0.4882
vn -0.0787 0.6142 -0.7874
vn -0.1260 0.6457 -0.7559
vn -0.0394 0.6772 -0.7402
vn -0.1575 0.6693 -0.7244
vn 0.4724 0.7244 -0.5039
vn 0.3780 0.7795 -0.4961
vn 0.4646 0.7638 -0.4567
vn 0.5039 0.7165 -0.4803
vn 0.5591 0.7087 -0.4331
vn 0.5984 0.6929 -0.4016
vn 0.6063 0.6772 -0.4094
vn 0.5748 0.6929 -0.4331
vn 0.5512 0.7402 -0.3858
vn 0.6063 0.7087 -0.3622
vn 0.5512 0.7717 -0.3228
vn 0.8819 0.2598 -0.3937
vn 0.8898 0.2756 -0.3780
vn 0.9134 0.2205 -0.3386
vn 0.9134 0.3386 -0.2283
vn 0.8740 0.4882 -0.0236
vn 0.8976 0.4016 -0.1968
vn 0.8819 0.2913 -0.3780
vn 0.8976 0.2756 -0.3465
vn 0.8661 0.3071 -0.3937
vn 0.8583 0.3386 -0.3937
vn 0.9370 0.2441 -0.2677
vn 0.9291 0.1732 -0.3150
vn 0.9606 0.0630 -0.2756
vn 0.9606 0.0236 -0.2835
vn 0.9449 0.0472 -0.3150
vn 0.9213 0.0394 -0.3858
vn 0.8583 0.1417 -0.4961
vn 0.6142 -0.1102 -0.7795
vn 0.7402 0.2598 -0.6220
vn 0.7244 0.3150 -0.6142
vn 0.6850 0.2913 -0.6693
vn 0.6693 0.3228 -0.6693
vn 0.6614 0.3307 -0.6693
vn 0.6614 0.3465 -0.6614
vn 0.6535 0.2598 -0.7165
vn 0.6929 0.3307 -0.6457
vn 0.6142 0.3780 -0.6929
vn 0.6693 0.4094 -0.6220
vn 0.7165 0.4094 -0.5669
vn 0.5669 0.4252 -0.7087
vn 0.4961 0.4252 -0.7559
vn 0.6535 0.4724 -0.5906
vn 0.7008 0.4803 -0.5354
vn 0.4488 0.4331 -0.7795
vn 0.2205 0.4331 -0.8740
vn 0.5512 0.4724 -0.6850
vn 0.6535 0.5039 -0.5669
vn 0.4331 0.4803 -0.7638
vn 0.5591 0.5118 -0.6535
vn 0.7244 0.4961 -0.4803
vn 0.4882 0.5433 -0.6772
vn 0.7874 0.5039 -0.3465
vn 0.6772 0.5197 -0.5118
vn 0.7165 0.5276 -0.4488
vn 0.7953 0.5197 -0.3071
vn 0.7165 0.5276 -0.4567
vn 0.6299 0.5118 -0.5827
vn 0.6457 0.5118 -0.5669
vn 0.4409 0.5197 -0.7323
vn 0.4803 0.5276 -0.7008
vn 0.4567 0.5433 -0.7008
vn 0.2441 0.4724 -0.8504
vn 0.1339 0.4567 -0.8819
vn 0.1102 0.4173 -0.8976
vn 0.1968 0.5197 -0.8346
vn 0.2913 0.5197 -0.8032
vn 0.2441 0.5512 -0.7953
vn 0.3150 0.5512 -0.7795
vn 0.3465 0.5591 -0.7559
vn 0.5433 0.4724 -0.6929
vn 0.5748 0.5354 -0.6142
vn 0.7087 0.4803 -0.5197
vn 0.4173 0.4646 -0.7795
vn 0.4252 0.5039 -0.7480
vn 0.4016 0.4331 -0.8032
vn 0.5276 0.4567 -0.7165
vn 0.7087 0.4646 -0.5276
vn 0.7165 0.4882 -0.5039
vn 0.7480 0.4724 -0.4646
vn 0.7638 0.4646 -0.4488
vn 0.7559 0.4882 -0.4409
vn 0.7717 0.4882 -0.4094
vn 0.6063 0.5827 -0.5354
vn 0.7717 0.5039 -0.3858
vn 0.5433 0.5433 -0.6378
vn 0.7559 0.5276 -0.3780
vn 0.7953 0.5197 -0.3228
vn 0.5512 0.5906 -0.5827
vn 0.4173 0.5906 -0.6929
vn 0.6142 0.5984 -0.5197
vn 0.7480 0.5433 -0.3780
vn 0.7953 0.5276 -0.2913
vn 0.6614 0.5827 -0.4646
vn 0.6535 0.5984 -0.4646
vn 0.7717 0.5827 -0.2677
vn 0.8268 0.5591 -0.0157
vn 0.8189 0.5591 0.1339
vn 0.9055 -0.0630 -0.4173
vn 0.8976 0.0945 -0.4331
vn 0.8976 0.1024 -0.4331
vn 0.8504 0.2913 -0.4409
vn 0.9055 -0.0630 0.4173
vn 0.8976 0.0945 0.4331
vn 0.8976 0.1024 0.4331
vn 0.8504 0.2913 0.4409
vn -0.9134 0.0157 -0.4016
vn -0.9291 0.2677 -0.2598
vn -0.9134 0.1339 -0.3780
vn -0.9370 0.0157 -0.3465
vn -0.9370 0.2441 -0.2520
vn -0.9370 0.1181 -0.3307
vn -0.1890 0.4173 0.8898
vn -0.1890 0.4173 -0.8898
vn -0.2362 -0.0472 0.9685
vn -0.0709 0.0551 0.9921
vn -0.2205 0.0472 0.9764
vn -0.1181 -0.0472 0.9921
vn -0.0236 0.1102 0.9921
vn -0.1102 -0.1024 0.9843
vn -0.2126 0.1260 0.9685
vn -0.5276 0.3071 0.7874
vn -0.4567 0.2047 0.8661
vn -0.6614 0.3543 0.6614
vn -0.3701 -0.0472 0.9291
vn -0.5984 0.3228 0.7323
vn -0.4567 0.3307 0.8268
vn -0.3622 0.0394 0.9291
vn -0.4646 0.1496 0.8740
vn -0.5276 0.3150 0.7874
vn -0.5512 0.2598 0.7953
vn -0.6299 0.2283 0.7402
vn -0.2835 0.2913 0.9134
vn -0.2126 0.2677 0.9370
vn -0.4331 0.0236 0.8976
vn -0.4016 0.0000 0.9134
vn -0.1102 0.2362 0.9685
vn -0.4252 -0.0472 0.9055
vn -0.3858 -0.0472 0.9213
vn 0.0551 0.1890 0.9843
vn -0.2047 0.2677 0.9449
vn -0.4252 -0.0630 0.9055
vn -0.4016 -0.0709 0.9134
vn 0.0394 0.2441 0.9685
vn 0.2126 0.2598 0.9449
vn -0.4331 -0.0709 0.8976
vn -0.1102 0.2126 0.9685
vn 0.1575 0.2362 0.9606
vn 0.2205 0.3071 0.9291
vn 0.2283 0.5669 0.7953
vn -0.4331 -0.0787 0.8976
vn -0.3858 -0.0630 0.9213
vn -0.3150 -0.1417 0.9370
vn -0.3150 -0.1260 0.9370
vn -0.1890 -0.2441 0.9528
vn -0.3543 -0.0709 0.9291
vn -0.2047 -0.1575 0.9685
vn -0.2283 -0.0945 0.9685
vn -0.1339 -0.1496 0.9764
vn -0.1575 -0.1811 0.9685
vn -0.1732 -0.1181 0.9764
vn -0.2205 -0.1024 0.9685
vn -0.2913 -0.0787 0.9528
vn -0.3150 0.1575 0.9370
vn -0.2441 -0.0945 0.9606
vn -0.1339 -0.0709 0.9921
vn -0.1811 -0.0551 0.9843
vn -0.1496 0.0000 0.9921
vn -0.1339 0.0079 0.9921
vn -0.1102 0.0157 0.9921
vn -0.1811 0.1496 0.9764
vn -0.1968 0.1181 0.9764
vn -0.2520 0.1496 0.9528
vn -0.1102 0.1968 0.9764
vn -0.0709 0.0551 -0.9921
vn -0.1181 -0.0472 -0.9921
vn -0.2205 0.0472 -0.9764
vn -0.0236 0.1102 -0.9921
vn -0.2126 0.1260 -0.9685
vn -0.5276 0.3071 -0.7874
vn -0.4567 0.2047 -0.8661
vn -0.6614 0.3543 -0.6614
vn -0.3622 0.0394 -0.9291
vn -0.5984 0.3228 -0.7323
vn -0.4567 0.3307 -0.8268
vn -0.4646 0.1496 -0.8740
vn -0.4331 0.0236 -0.8976
vn -0.5512 0.2598 -0.7953
vn -0.4016 0.0000 -0.9134
vn -0.5276 0.3150 -0.7874
vn -0.6299 0.2283 -0.7402
vn -0.2835 0.2913 -0.9134
vn -0.2126 0.2677 -0.9370
vn -0.4252 -0.0472 -0.9055
vn -0.3858 -0.0472 -0.9213
vn -0.1102 0.2362 -0.9685
vn -0.4016 -0.0709 -0.9134
vn 0.0551 0.1890 -0.9843
vn -0.2047 0.2677 -0.9449
vn 0.0394 0.2441 -0.9685
vn 0.2126 0.2598 -0.9449
vn -0.1102 0.1968 -0.9764
vn 0.2205 0.3071 -0.9291
vn 0.1575 0.2362 -0.9606
vn 0.2283 0.5669 -0.7953
vn 0.9606 0.2756 0.0000
vn -0.0787 0.7323 0.6772
vn 0.1024 0.6772 0.7244
vn -0.0630 0.6063 0.7953
vn -0.1024 0.7244 0.6772
vn -0.1102 0.6457 0.7559
vn -0.1339 0.7165 0.6850
vn -0.1968 0.6929 0.6929
vn -0.1575 0.6693 0.7244
vn -0.0394 0.6772 0.7402
vn -0.0945 0.5354 0.8425
vn -0.0551 0.5354 0.8425
vn 0.0787 0.5118 0.8583
vn 0.1024 0.5197 0.8504
vn 0.1575 0.5118 0.8425
vn 0.1024 0.5984 0.7953
vn 0.1575 0.5827 0.7953
vn 0.1181 0.6535 0.7480
vn 0.0866 0.5512 0.8268
vn 0.0787 0.5433 0.8346
vn 0.2362 0.3937 0.8898
vn 0.0945 0.4646 0.8819
vn 0.3937 0.3386 0.8583
vn 0.1496 0.3386 0.9291
vn 0.6457 0.3543 0.6772
vn 0.6378 0.2756 0.7165
vn 0.6535 0.3780 0.6535
vn 0.6299 0.2126 0.7480
vn 0.6850 0.4331 0.5906
vn 0.6929 0.4646 0.5591
vn 0.7795 0.4331 0.4488
vn 0.6693 0.5276 0.5276
vn 0.7244 0.5039 0.4567
vn 0.8740 0.3622 0.3307
vn 0.6850 0.5591 0.4646
vn 0.9055 0.3701 0.2126
vn 0.9055 0.3701 0.2047
vn 0.9528 0.3071 0.0394
vn 0.9213 0.3858 0.0551
vn 0.9213 0.3937 -0.0079
vn 0.3858 0.2520 0.8898
vn 0.3701 0.2441 0.8976
vn 0.1575 0.2598 0.9528
vn 0.3858 0.3150 0.8661
vn 0.0157 0.2677 0.9606
vn 0.1732 0.2992 0.9370
vn 0.2047 0.5591 0.8032
vn 0.1968 0.6850 0.7008
vn 0.0157 0.3465 0.9370
vn 0.0709 0.6063 0.7953
vn 0.7638 0.1575 0.6299
vn 0.7638 0.1575 -0.6299
vn -0.6299 -0.1339 0.7638
vn -0.4961 -0.2992 0.8189
vn -0.5906 -0.1654 0.7874
vn -0.4961 -0.2992 -0.8189
vn -0.6299 -0.1339 -0.7638
vn -0.5906 -0.1654 -0.7874
vn 0.3701 -0.4488 0.8189
vn 0.3701 -0.4488 -0.8189
vn -0.6299 0.4409 0.6299
vn -0.6299 0.4409 -0.6299
vn 0.0000 -0.9449 0.3307
vn -0.0079 -1.0000 0.0000
vn 0.1102 -0.9606 0.2598
vn 0.2756 -0.9606 0.0000
vn -0.1024 -0.9528 0.2835
vn -0.3150 -0.9449 0.0000
vn 0.0000 -0.9449 -0.3307
vn 0.1102 -0.9606 -0.2598
vn -0.1024 -0.9528 -0.2835
vn 0.8346 0.4488 0.3228
vn 0.8819 0.4173 0.2283
vn 0.8268 0.4252 0.3622
vn 0.8819 0.4016 0.2598
vn 0.7795 0.4488 0.4331
vn 0.8268 0.4173 0.3780
vn 0.7795 0.4409 0.4488
vn 0.8110 0.4331 0.3937
vn 0.8425 0.4252 0.3307
vn 0.8032 0.4488 0.3937
vn 0.8189 0.4488 0.3543
vn 0.7874 0.4488 0.4173
vn 0.8032 0.4961 0.3228
vn 0.8425 0.5197 0.1496
vn 0.7717 0.4961 0.3937
vn 0.7323 0.4567 0.5039
vn 0.7480 0.4331 0.5039
vn 0.8898 0.4488 0.1102
vn 0.7559 0.3937 0.5276
vn 0.8425 0.4803 0.2520
vn 0.7244 0.4488 0.5197
vn 0.7008 0.4173 0.5827
vn 0.6929 0.4016 0.5984
vn 0.7874 0.4882 0.3701
vn 0.8504 0.4646 0.2362
vn 0.5197 0.4094 0.7480
vn 0.8740 0.4409 0.2205
vn 0.5276 0.6299 0.5669
vn 0.4252 0.3150 0.8504
vn 0.5197 0.6378 0.5669
vn 0.3701 0.7402 0.5591
vn 0.3386 0.2205 0.9134
vn 0.0866 0.3780 0.9213
vn 0.0787 0.3937 0.9134
vn 0.8661 0.4252 0.2598
vn 0.9055 0.3543 0.2362
vn 0.8110 0.4488 0.3701
vn 0.7402 0.4173 0.5354
vn 0.8346 0.4016 0.3780
vn 0.8976 0.3543 0.2677
vn 0.9213 0.2835 0.2598
vn 0.8583 0.3307 0.3858
vn 0.7559 0.3543 0.5512
vn 0.7795 0.2835 0.5591
vn 0.6929 0.3780 0.6142
vn 0.7087 0.3150 0.6378
vn 0.7244 0.3543 0.5827
vn 0.8425 0.3701 0.3937
vn 0.8032 0.3386 0.4882
vn 0.7480 0.3150 0.5827
vn 0.7165 0.2520 0.6457
vn 0.8504 0.2756 0.4488
vn 0.9449 0.2047 0.2520
vn 0.8898 0.2441 0.3937
vn 0.7717 0.2520 0.5827
vn 0.9843 0.1260 0.1102
vn 0.7953 0.5354 -0.2835
vn 0.8268 0.5039 -0.2598
vn 0.8110 0.4803 -0.3228
vn 0.8504 0.4488 -0.2835
vn 0.8583 0.4646 -0.2283
vn 0.8032 0.4646 -0.3780
vn 0.7717 0.5039 -0.3937
vn 0.8504 0.4567 -0.2520
vn 0.8268 0.4252 -0.3701
vn 0.8189 0.4567 -0.3465
vn 0.7795 0.4409 -0.4488
vn 0.7953 0.4331 -0.4331
vn 0.7874 0.4488 -0.4173
vn 0.7795 0.4488 -0.4331
vn 0.8110 0.4331 -0.3937
vn 0.8268 0.4173 -0.3780
vn 0.8819 0.4016 -0.2598
vn 0.8425 0.4252 -0.3307
vn 0.8032 0.4488 -0.3937
vn 0.8189 0.4488 -0.3543
vn 0.8032 0.4961 -0.3228
vn 0.8425 0.5197 -0.1496
vn 0.7717 0.4961 -0.3937
vn 0.7323 0.4567 -0.5039
vn 0.7480 0.4331 -0.5039
vn 0.8898 0.4488 -0.1102
vn 0.7559 0.3937 -0.5276
vn 0.8425 0.4803 -0.2520
vn 0.7244 0.4488 -0.5197
vn 0.7008 0.4173 -0.5827
vn 0.7874 0.4882 -0.3701
vn 0.8504 0.4646 -0.2362
vn 0.5197 0.4094 -0.7480
vn 0.8740 0.4409 -0.2205
vn 0.4252 0.3150 -0.8504
vn 0.5276 0.6299 -0.5669
vn 0.5197 0.6378 -0.5669
vn 0.3701 0.7402 -0.5591
vn 0.3386 0.2205 -0.9134
vn 0.0866 0.3780 -0.9213
vn 0.0787 0.3937 -0.9134
vn 0.8661 0.4252 -0.2598
vn 0.8110 0.4488 -0.3701
vn 0.8976 0.3543 -0.2677
vn 0.8346 0.4016 -0.3780
vn 0.7402 0.4173 -0.5354
vn 0.7559 0.3543 -0.5512
vn 0.6929 0.3780 -0.6142
vn -0.8583 -0.0630 0.5118
vn -0.8346 -0.0315 0.5433
vn -0.8425 -0.0394 0.5433
vn -0.8189 -0.0787 0.5669
vn -0.8189 -0.0551 0.5669
vn -0.8268 -0.0787 0.5512
vn -0.8346 -0.0709 0.5512
vn -0.8504 0.0079 0.5276
vn -0.8504 0.0394 0.5197
vn -0.8583 0.1102 0.5039
vn -0.8583 -0.0630 -0.5118
vn -0.8425 -0.0394 -0.5433
vn -0.8346 -0.0315 -0.5433
vn -0.8189 -0.0787 -0.5669
vn -0.8189 -0.0551 -0.5669
vn -0.8268 -0.0787 -0.5512
vn -0.8346 -0.0709 -0.5512
vn -0.8504 0.0079 -0.5276
vn -0.8504 0.0394 -0.5197
vn -0.8583 0.1102 -0.5039
vn -0.0630 0.6063 -0.7953
vn 0.1024 0.6772 -0.7244
vn -0.0787 0.7323 -0.6772
vn -0.1024 0.7244 -0.6772
vn -0.1102 0.6457 -0.7559
vn -0.1339 0.7165 -0.6850
vn -0.1968 0.6929 -0.6929
vn -0.0945 0.5354 -0.8425
vn -0.0551 0.5354 -0.8425
vn 0.0787 0.5118 -0.8583
vn 0.1024 0.5197 -0.8504
vn 0.1575 0.5118 -0.8425
vn 0.1024 0.5984 -0.7953
vn 0.1575 0.5827 -0.7953
vn 0.1181 0.6535 -0.7480
vn 0.0866 0.5512 -0.8268
vn 0.0787 0.5433 -0.8346
vn 0.2362 0.3937 -0.8898
vn 0.0945 0.4646 -0.8819
vn 0.1496 0.3386 -0.9291
vn 0.2047 0.3150 -0.9291
vn 0.5118 0.0236 -0.8583
vn 0.6535 0.0866 -0.7480
vn 0.3307 -0.0472 -0.9449
vn 0.3307 -0.0551 -0.9449
vn 0.0236 0.3150 -0.9449
vn 0.0079 0.3701 -0.9291
vn 0.0079 0.3543 -0.9370
vn 0.1260 0.5276 -0.8425
vn -0.0709 0.2756 -0.9606
vn 0.1339 0.4803 -0.8661
vn 0.3780 0.6535 -0.6535
vn 0.2283 0.5276 -0.8189
vn 0.2126 0.4724 -0.8504
vn 0.2283 0.3622 -0.9055
vn 0.0945 0.4094 -0.9055
vn -0.0787 0.2835 -0.9528
vn -0.1890 0.1417 -0.9685
vn -0.1811 0.2047 -0.9606
vn -0.2992 0.1496 -0.9449
vn -0.1496 0.0945 -0.9843
vn -0.3228 0.1339 -0.9370
vn -0.3228 0.1732 -0.9291
vn -0.2520 0.2205 -0.9449
vn -0.1181 0.2598 -0.9606
vn -0.3858 0.1654 -0.9055
vn -0.4724 0.1102 -0.8740
vn -0.2677 0.3386 -0.9055
vn -0.3150 0.2756 -0.9055
vn -0.3858 0.2992 -0.8740
vn -0.2913 0.4567 -0.8425
vn -0.4409 0.4094 -0.7953
vn -0.1260 0.3307 -0.9370
vn -0.3071 0.7244 -0.6220
vn -0.2283 0.5276 -0.8189
vn -0.1260 0.4488 -0.8819
vn 0.0709 0.6063 -0.7953
vn -0.5118 0.2205 -0.8346
vn -0.5512 0.4094 -0.7244
vn -0.5669 0.4567 -0.6850
vn -0.4567 0.0709 -0.8819
vn -0.4331 0.0236 -0.9055
vn 0.1968 0.6850 -0.7008
vn 0.1575 0.7087 -0.6929
vn 0.2047 0.5591 -0.8032
vn 0.0157 0.3465 -0.9370
vn 0.0157 0.2677 -0.9606
vn 0.1732 0.2992 -0.9370
vn 0.1575 0.2598 -0.9528
vn 0.3858 0.2520 -0.8898
vn 0.1575 0.7087 0.6929
vn -0.1260 0.3307 0.9370
vn -0.1260 0.4488 0.8819
vn -0.2283 0.5276 0.8189
vn -0.1181 0.2598 0.9606
vn -0.2677 0.3386 0.9055
vn -0.3071 0.7244 0.6220
vn -0.2520 0.2205 0.9449
vn -0.0709 0.2756 0.9606
vn -0.3228 0.1732 0.9291
vn 0.0236 0.3150 0.9449
vn -0.1811 0.2047 0.9606
vn 0.2047 0.3150 0.9291
vn 0.0079 0.3701 0.9291
vn 0.5118 0.0236 0.8583
vn 0.6535 0.0866 0.7480
vn 0.3307 -0.0472 0.9449
vn 0.3307 -0.0551 0.9449
vn 0.0079 0.3543 0.9370
vn 0.1260 0.5276 0.8425
vn -0.0787 0.2835 0.9528
vn 0.1339 0.4803 0.8661
vn 0.3780 0.6535 0.6535
vn 0.2283 0.5276 0.8189
vn 0.0945 0.4094 0.9055
vn 0.2126 0.4724 0.8504
vn 0.2283 0.3622 0.9055
vn -0.1890 0.1417 0.9685
vn -0.2992 0.1496 0.9449
vn -0.1496 0.0945 0.9843
vn -0.3228 0.1339 0.9370
vn -0.3858 0.1654 0.9055
vn -0.4724 0.1102 0.8740
vn -0.3150 0.2756 0.9055
vn -0.2913 0.4567 0.8425
vn -0.3858 0.2992 0.8740
vn -0.4409 0.4094 0.7953
vn -0.5118 0.2205 0.8346
vn -0.4567 0.0709 0.8819
vn -0.4331 0.0236 0.9055
vn -0.5512 0.4094 0.7244
vn -0.5669 0.4567 0.6850
vn 0.9449 0.0394 -0.3150
vn 0.9449 0.0394 0.3150
vn 0.6693 0.5591 0.4882
vn 0.6850 0.5906 0.4331
vn 0.6299 0.6457 0.4252
vn 0.5827 0.7323 0.3543
vn 0.5591 0.7244 0.3937
vn 0.4882 0.5984 0.6378
vn 0.3780 0.6693 0.6378
vn 0.2283 0.6693 0.7087
vn 0.1339 0.4961 0.8583
vn 0.1654 0.4488 0.8819
vn 0.1102 0.7008 0.7008
vn 0.1732 0.5827 0.7953
vn 0.2441 0.5354 0.8110
vn 0.1496 0.5039 0.8504
vn 0.1575 0.4961 0.8504
vn 0.3307 0.5906 0.7323
vn 0.0866 0.5748 0.8110
vn 0.1811 0.5512 0.8189
vn 0.0630 0.5433 0.8425
vn 0.2835 0.6299 0.7244
vn 0.0709 0.5591 0.8268
vn -0.0315 0.5906 0.8110
vn 0.4567 0.7480 0.4882
vn -0.0787 0.6142 0.7874
vn -0.1260 0.6457 0.7559
vn -0.1339 0.6063 0.7795
vn -0.1339 0.6378 0.7559
vn -0.4252 0.7402 0.5197
vn -0.1496 0.6220 0.7638
vn -0.3465 0.7008 0.6220
vn -0.5039 0.7480 0.4331
vn -0.3071 0.7087 0.6378
vn -0.3071 0.7165 0.6220
vn -0.1339 0.6299 0.7638
vn -0.1339 0.6063 0.7874
vn -0.2441 0.6614 0.7087
vn -0.1890 0.6063 0.7717
vn -0.3622 0.7480 0.5591
vn -0.3780 0.6772 0.6299
vn -0.4252 0.6142 0.6693
vn -0.2992 0.7087 0.6378
vn -0.2283 0.6378 0.7323
vn -0.3307 0.6850 0.6457
vn -0.4567 0.6693 0.5906
vn -0.5984 0.5906 0.5433
vn -0.4567 0.6220 0.6299
vn -0.4331 0.6772 0.5984
vn -0.5512 0.4882 0.6772
vn -0.8110 0.4803 0.3386
vn -0.5354 0.5984 0.5984
vn -0.6220 0.7480 0.2441
vn -0.7323 0.6772 -0.0787
vn -0.6693 0.7402 -0.0315
vn -0.7008 0.6772 0.2283
vn -0.6142 0.5276 0.5906
vn -0.5748 0.5039 0.6457
vn -0.5118 0.3543 0.7874
vn -0.5669 0.3937 0.7244
vn -0.6142 0.4016 0.6772
vn -0.6220 0.3150 0.7165
vn -0.4567 0.4173 0.7874
vn -0.4488 0.4724 0.7559
vn -0.3937 0.5512 0.7402
vn -0.3858 0.5591 0.7323
vn -0.3622 0.5906 0.7244
vn 0.2441 0.7874 0.5669
vn 0.2441 0.7874 -0.5669
vn -0.9449 0.0000 0.3150
vn -0.9449 0.0000 -0.3150
vn -0.4567 0.4173 -0.7874
vn -0.3937 0.5512 -0.7402
vn -0.4488 0.4724 -0.7559
vn -0.3858 0.5591 -0.7323
vn -0.3622 0.5906 -0.7244
vn -0.5669 0.3937 -0.7244
vn -0.6220 0.3150 -0.7165
vn -0.6142 0.4016 -0.6772
vn -0.5118 0.3543 -0.7874
vn -0.6142 0.5276 -0.5906
vn -0.5748 0.5039 -0.6457
vn -0.5512 0.4882 -0.6772
vn -0.5354 0.5984 -0.5984
vn -0.7008 0.6772 -0.2283
vn -0.6220 0.7480 -0.2441
vn -0.7323 0.6772 0.0787
vn -0.6693 0.7402 0.0315
vn -0.4331 0.6772 -0.5984
vn -0.4567 0.6220 -0.6299
vn -0.3307 0.6850 -0.6457
vn -0.4567 0.6693 -0.5906
vn -0.5984 0.5906 -0.5433
vn -0.8110 0.4803 -0.3386
vn -0.4252 0.6142 -0.6693
vn -0.2992 0.7087 -0.6378
vn -0.2283 0.6378 -0.7323
vn -0.3780 0.6772 -0.6299
vn -0.3071 0.7087 -0.6378
vn -0.1890 0.6063 -0.7717
vn -0.3622 0.7480 -0.5591
vn -0.2441 0.6614 -0.7087
vn -0.1339 0.6063 -0.7874
vn -0.4252 0.7402 -0.5197
vn -0.5039 0.7480 -0.4331
vn -0.3071 0.7165 -0.6220
vn -0.1339 0.6299 -0.7638
vn -0.1496 0.6220 -0.7638
vn -0.3465 0.7008 -0.6220
vn -0.1339 0.6063 -0.7795
vn -0.1339 0.6378 -0.7559
vn -0.6614 -0.2520 0.7087
vn -0.6535 -0.3622 0.6614
vn -0.6614 -0.2047 0.7244
vn -0.6614 -0.1260 0.7402
vn -0.6457 -0.4646 0.6063
vn -0.6457 -0.5118 0.5669
vn -0.6772 -0.5512 0.4961
vn -0.7638 -0.5827 0.2756
vn -0.7480 -0.6535 0.1417
vn -0.6614 -0.2047 -0.7244
vn -0.6535 -0.3622 -0.6614
vn -0.6614 -0.2520 -0.7087
vn -0.6614 -0.1260 -0.7402
vn -0.6457 -0.4646 -0.6063
vn -0.6457 -0.5118 -0.5669
vn -0.6772 -0.5512 -0.4961
vn -0.7638 -0.5827 -0.2756
vn -0.7480 -0.6535 -0.1417
vn 0.2047 0.3858 0.8976
vn 0.0315 0.1181 0.9921
vn 0.2126 0.4803 0.8504
vn 0.1496 0.4567 0.8740
vn 0.0079 -0.0079 1.0000
vn 0.2047 0.3858 -0.8976
vn 0.0315 0.1181 -0.9921
vn 0.0079 -0.0079 -1.0000
vn 0.2126 0.4803 -0.8504
vn 0.1496 0.4567 -0.8740
vn 0.5118 0.4016 0.7559
vn 0.5118 0.4016 -0.7559
vn -0.5354 0.8268 0.1732
vn -0.4567 0.6772 0.5827
vn -0.4252 0.7244 0.5512
vn -0.5354 0.8268 -0.1732
vn -0.4252 0.7244 -0.5512
vn -0.4567 0.6772 -0.5827
vn -0.6535 0.2677 0.7087
vn -0.6929 0.2126 0.6850
vn -0.6772 0.2598 0.6850
vn -0.7165 0.2126 0.6693
vn -0.5827 0.3307 0.7402
vn -0.4882 0.4173 0.7638
vn -0.4173 0.4567 0.7874
vn -0.6929 0.2598 0.6772
vn -0.6378 0.3150 0.7008
vn -0.6142 0.3150 0.7244
vn -0.5984 0.2992 0.7402
vn -0.5906 0.3386 0.7323
vn -0.5433 0.3701 0.7559
vn -0.5512 0.3780 0.7480
vn -0.5197 0.3386 0.7874
vn -0.5512 0.3780 0.7402
vn -0.4252 0.3701 0.8268
vn -0.4724 0.3937 0.7874
vn -0.3543 0.4724 0.8110
vn -0.3780 0.4173 0.8268
vn -0.3701 0.4094 0.8346
vn -0.3465 0.4331 0.8346
vn -0.6535 0.3386 0.6772
vn -0.6063 0.4646 0.6457
vn -0.6614 0.3071 0.6850
vn -0.6772 0.2126 0.7008
vn -0.6850 0.2047 0.7008
vn -0.6063 0.4882 0.6220
vn -0.5984 0.5276 0.5984
vn -0.5827 0.5984 0.5512
vn -0.6535 0.2677 -0.7087
vn -0.6772 0.2598 -0.6850
vn -0.6929 0.2126 -0.6850
vn -0.7165 0.2126 -0.6693
vn -0.5827 0.3307 -0.7402
vn -0.4882 0.4173 -0.7638
vn -0.4173 0.4567 -0.7874
vn -0.6929 0.2598 -0.6772
vn -0.6378 0.3150 -0.7008
vn -0.6142 0.3150 -0.7244
vn -0.5984 0.2992 -0.7402
vn -0.5906 0.3386 -0.7323
vn -0.5433 0.3701 -0.7559
vn -0.5512 0.3780 -0.7480
vn -0.5197 0.3386 -0.7874
vn -0.5512 0.3780 -0.7402
vn -0.4252 0.3701 -0.8268
vn -0.4724 0.3937 -0.7874
vn -0.3543 0.4724 -0.8110
vn -0.3780 0.4173 -0.8268
vn -0.3701 0.4094 -0.8346
vn -0.3465 0.4331 -0.8346
vn -0.6063 0.4646 -0.6457
vn -0.6535 0.3386 -0.6772
vn -0.6614 0.3071 -0.6850
vn -0.6772 0.2126 -0.7008
vn -0.6850 0.2047 -0.7008
vn -0.6063 0.4882 -0.6220
vn -0.5984 0.5276 -0.5984
vn -0.5827 0.5984 -0.5512
vn -0.8898 -0.3622 0.2756
vn -0.8740 0.0079 0.4803
vn -0.9606 -0.0551 0.2677
vn -0.9213 -0.3307 0.1968
vn -1.0000 0.0079 -0.0551
vn -0.8425 0.2283 0.4882
vn -0.8032 0.2047 0.5591
vn -0.9213 -0.3307 -0.1968
vn -0.9606 -0.0551 -0.2677
vn -0.8898 -0.3622 -0.2756
vn -1.0000 0.0079 0.0551
vn -0.8740 0.0079 -0.4803
vn -0.8425 0.2283 -0.4882
vn -0.8032 0.2047 -0.5591
vn 0.1339 -0.0630 0.9921
vn 0.1339 -0.0630 -0.9921
vn 0.1890 -0.9606 -0.1890
vn 0.0000 -0.9764 -0.2126
vn 0.3307 -0.1339 0.9370
vn 0.2913 -0.1339 0.9449
vn 0.2362 -0.1496 0.9606
vn 0.2362 -0.1575 0.9606
vn 0.2362 -0.1654 0.9528
vn -0.3386 0.9370 0.0000
vn 0.3307 -0.1339 -0.9370
vn 0.2913 -0.1339 -0.9449
vn 0.2362 -0.1496 -0.9606
vn 0.2362 -0.1575 -0.9606
vn 0.2362 -0.1654 -0.9528
vn 0.3150 -0.9449 0.0000
vn 0.1890 -0.9685 0.1654
vn 0.0079 -1.0000 0.0394
vn 0.0000 -0.9291 0.3701
vn -0.1102 -0.9449 0.3071
vn -0.2756 -0.9528 -0.1417
vn 0.6614 0.7480 0.0079
vn 0.0079 -1.0000 -0.0394
vn 0.1890 -0.9685 -0.1654
vn 0.0000 -0.9291 -0.3701
vn -0.1102 -0.9449 -0.3071
vn -0.2756 -0.9528 0.1417
vn 0.6614 0.7480 -0.0079
vn 0.7402 0.2520 0.6299
vn 0.7402 0.2520 -0.6299
vn 0.0000 -0.9764 0.2126
vn 0.1890 -0.9606 0.1890
vn -0.0079 -0.9764 0.2126
vn -0.1496 -0.9606 0.2205
vn 0.5984 -0.0630 0.7953
vn 0.5354 -0.2677 0.8032
vn 0.5984 -0.0945 0.7953
vn 0.6220 0.1024 0.7717
vn 0.6220 0.1260 0.7717
vn 0.6063 0.2677 0.7480
vn 0.5984 -0.0945 -0.7953
vn 0.5354 -0.2677 -0.8032
vn 0.5984 -0.0630 -0.7953
vn 0.6220 0.1024 -0.7717
vn 0.6220 0.1260 -0.7717
vn 0.6063 0.2677 -0.7480
vn -0.9685 0.0000 -0.2441
vn -0.9685 0.0000 0.2441
vn -0.6850 -0.3071 0.6535
vn -0.6850 -0.3307 0.6535
vn -0.6378 -0.4724 0.6142
vn -0.7244 -0.2047 0.6614
vn -0.7323 -0.1968 0.6535
vn -0.7165 -0.1260 0.6850
vn -0.7244 -0.1417 0.6693
vn -0.6929 -0.0945 0.7165
vn -0.6850 -0.0787 0.7244
vn -0.6142 -0.0079 0.7953
vn -0.6850 -0.3071 -0.6535
vn -0.6378 -0.4724 -0.6142
vn -0.6850 -0.3307 -0.6535
vn -0.7244 -0.2047 -0.6614
vn -0.7323 -0.1968 -0.6535
vn -0.7165 -0.1260 -0.6850
vn -0.7244 -0.1417 -0.6693
vn -0.6929 -0.0945 -0.7165
vn -0.6850 -0.0787 -0.7244
vn -0.6142 -0.0079 -0.7953
vn -0.0079 -0.9764 -0.2126
vn -0.1496 -0.9606 -0.2205
vn -0.1654 -0.9685 0.1811
vn -0.1654 -0.9843 0.0000
vn -0.0551 -1.0000 0.0000
vn -0.0945 -0.9764 0.2047
vn 0.1968 -0.9606 0.2126
vn 0.2441 -0.9685 0.0000
vn -0.1654 -0.9685 -0.1811
vn -0.0945 -0.9764 -0.2047
vn 0.1968 -0.9606 -0.2126
vn -0.9291 -0.0945 0.3622
vn -0.9449 -0.2520 0.2047
vn -0.8740 -0.3307 0.3465
vn -0.7953 -0.5118 0.3228
vn -0.9685 -0.0472 0.2283
vn -0.7165 -0.5512 0.4331
vn -0.7165 -0.6457 0.2598
vn -0.5039 -0.4882 0.7165
vn -0.5433 -0.4252 0.7244
vn -0.5748 -0.3543 0.7323
vn -0.9370 0.0315 0.3386
vn -0.9370 -0.0394 0.3386
vn -0.9370 0.0000 0.3543
vn -0.9370 -0.0157 0.3543
vn -0.9213 0.1102 0.3701
vn -0.9291 0.1339 0.3543
vn -0.8661 0.1654 0.4803
vn -0.8110 0.1339 0.5748
vn -0.8110 0.0866 0.5748
vn -0.8268 0.1417 0.5433
vn -0.7402 0.0630 0.6693
vn -0.8740 0.1102 0.4724
vn -0.8268 0.0551 0.5591
vn -0.7638 0.0079 0.6457
vn -0.4961 -0.0236 0.8661
vn -0.6457 -0.0551 0.7559
vn -0.1339 0.1417 0.9843
vn -0.1260 0.1496 0.9843
vn -0.0866 0.1417 0.9843
vn -0.0866 0.1339 0.9843
vn -0.0630 -0.1181 0.9921
vn -0.0315 -0.2047 0.9764
vn -0.8189 0.0551 0.5669
vn -0.8504 0.0709 0.5197
vn -0.8189 0.0945 0.5669
vn -0.8583 0.1732 0.4803
vn -0.8976 0.1654 0.4016
vn -0.9449 0.2992 0.1417
vn -0.7402 0.0000 0.6772
vn -0.8583 0.1496 0.4961
vn -0.8346 0.1654 0.5276
vn -0.7953 0.1417 0.5827
vn -0.7323 0.0945 0.6693
vn -0.6299 0.0472 0.7717
vn -0.6142 -0.0236 0.7874
vn -0.6299 0.0945 0.7717
vn -0.6929 0.1339 0.7087
vn -0.6457 0.0945 0.7638
vn -0.7087 -0.2677 0.6535
vn -0.7244 -0.2756 0.6299
vn -0.7795 -0.2992 0.5433
vn -0.6929 -0.2677 0.6693
vn -0.5433 -0.2126 0.8110
vn -0.9291 -0.0945 -0.3622
vn -0.8740 -0.3307 -0.3465
vn -0.9449 -0.2520 -0.2047
vn -0.7953 -0.5118 -0.3228
vn -0.9685 -0.0472 -0.2283
vn -0.7165 -0.5512 -0.4331
vn -0.7165 -0.6457 -0.2598
vn -0.5039 -0.4882 -0.7165
vn -0.5433 -0.4252 -0.7244
vn -0.5748 -0.3543 -0.7323
vn -0.9370 0.0315 -0.3386
vn -0.9370 -0.0394 -0.3386
vn -0.9370 0.0000 -0.3543
vn -0.9370 -0.0157 -0.3543
vn -0.9213 0.1102 -0.3701
vn -0.9291 0.1339 -0.3543
vn -0.8661 0.1654 -0.4803
vn -0.8110 0.1339 -0.5748
vn -0.8110 0.0866 -0.5748
vn -0.8268 0.1417 -0.5433
vn -0.7402 0.0630 -0.6693
vn -0.8740 0.1102 -0.4724
vn -0.8268 0.0551 -0.5591
vn -0.7638 0.0079 -0.6457
vn -0.4961 -0.0236 -0.8661
vn -0.6457 -0.0551 -0.7559
vn -0.1339 0.1417 -0.9843
vn -0.1260 0.1496 -0.9843
vn -0.0866 0.1417 -0.9843
vn -0.0866 0.1339 -0.9843
vn -0.0630 -0.1181 -0.9921
vn -0.0315 -0.2047 -0.9764
vn -0.8189 0.0551 -0.5669
vn -0.8504 0.0709 -0.5197
vn -0.8189 0.0945 -0.5669
vn -0.8583 0.1732 -0.4803
vn -0.8976 0.1654 -0.4016
vn -0.9449 0.2992 -0.1417
vn -0.7402 0.0000 -0.6772
vn -0.8583 0.1496 -0.4961
vn -0.8346 0.1654 -0.5276
vn -0.7953 0.1417 -0.5827
vn -0.7323 0.0945 -0.6693
vn -0.6299 0.0472 -0.7717
vn -0.6142 -0.0236 -0.7874
vn -0.6299 0.0945 -0.7717
vn -0.6929 0.1339 -0.7087
vn -0.6457 0.0945 -0.7638
vn -0.7087 -0.2677 -0.6535
vn -0.7244 -0.2756 -0.6299
vn -0.7795 -0.2992 -0.5433
vn -0.6929 -0.2677 -0.6693
vn -0.5433 -0.2126 -0.8110
vn -0.6535 -0.1417 0.7480
vn -0.6929 -0.0079 0.7165
vn -0.6693 0.0551 0.7402
vn -0.6772 0.2283 0.7008
vn -0.6614 -0.1339 0.7402
vn -0.7008 0.2598 0.6614
vn -0.7402 0.3228 0.5906
vn -0.5748 -0.1181 0.8110
vn -0.7165 0.1575 0.6850
vn -0.5827 0.0079 0.8110
vn -0.6614 0.0551 0.7480
vn -0.8032 0.2126 0.5591
vn -0.7008 0.0157 0.7087
vn -0.9134 0.1890 0.3622
vn -0.7402 0.5512 0.3937
vn -0.6614 0.6772 0.3228
vn -0.6299 0.7559 0.1968
vn -0.6299 0.7480 0.2283
vn -0.6299 0.7795 0.0236
vn -0.6535 -0.1417 -0.7480
vn -0.6929 -0.0079 -0.7165
vn -0.6614 -0.1339 -0.7402
vn -0.5748 -0.1181 -0.8110
vn -0.6693 0.0551 -0.7402
vn -0.6772 0.2283 -0.7008
vn -0.7008 0.2598 -0.6614
vn -0.7402 0.3228 -0.5906
vn -0.7165 0.1575 -0.6850
vn -0.5827 0.0079 -0.8110
vn -0.6614 0.0551 -0.7480
vn -0.8032 0.2126 -0.5591
vn -0.7008 0.0157 -0.7087
vn -0.9134 0.1890 -0.3622
vn -0.7402 0.5512 -0.3937
vn -0.6614 0.6772 -0.3228
vn -0.6299 0.7559 -0.1968
vn -0.6299 0.7480 -0.2283
vn -0.6299 0.7795 -0.0236
vn 0.3150 0.1417 0.9370
vn -0.0236 1.0000 -0.0236
vn 0.3150 0.1417 -0.9370
vn -0.9685 0.1181 0.2126
vn -0.9449 0.0394 0.3228
vn 0.1654 0.9134 -0.3701
vn 0.0000 0.3228 0.9449
vn 0.0000 0.3228 -0.9449
vn -0.0236 1.0000 0.0236
vn 0.4882 -0.1654 0.8583
vn 0.5591 -0.1024 0.8189
vn 0.5591 -0.1181 0.8189
vn 0.5669 0.0000 0.8268
vn 0.3937 -0.1968 0.8976
vn 0.1654 -0.2520 0.9528
vn 0.3386 0.9449 0.0394
vn 0.5591 -0.1024 -0.8189
vn 0.4882 -0.1654 -0.8583
vn 0.5591 -0.1181 -0.8189
vn 0.5669 0.0000 -0.8268
vn 0.3937 -0.1968 -0.8976
vn 0.1654 -0.2520 -0.9528
vn 0.3386 0.9449 -0.0394
vn -0.8976 0.2205 0.3858
vn -0.9055 0.2992 0.2913
vn -0.9134 0.3228 0.2598
vn -0.9055 0.3386 0.2520
vn -0.9055 0.3780 0.2047
vn -0.9213 0.2283 0.3228
vn -0.9055 0.3307 0.2598
vn -0.9134 0.3622 0.1968
vn -0.9134 0.3543 0.1968
vn -0.9134 0.3937 0.1417
vn -0.9055 0.2835 0.3071
vn -0.8819 0.1339 0.4567
vn -0.9291 0.2362 0.2835
vn -0.9213 0.1732 0.3543
vn -0.9528 0.1968 0.2362
vn -0.8740 0.0630 0.4803
vn -0.8268 0.0079 0.5591
vn -0.8583 0.0551 0.5118
vn -0.9213 0.1024 0.3780
vn -0.9764 0.1417 0.1654
vn -0.8976 0.1102 0.4252
vn -0.8819 0.1181 0.4488
vn -0.9213 0.1102 0.3622
vn -0.9213 0.0866 0.3701
vn -1.0000 -0.0157 0.0000
vn -0.9528 -0.0157 0.3071
vn -0.9606 -0.1024 0.2598
vn -0.9921 -0.1024 0.0000
vn 0.7638 0.5827 0.2835
vn 0.7717 0.6142 0.1654
vn 0.6929 0.6220 0.3622
vn 0.7953 0.5827 0.1732
vn 0.9213 0.3150 0.2283
vn 0.4882 0.5748 0.6535
vn 0.2992 0.5354 0.7874
vn -0.8976 0.2205 -0.3858
vn -0.9055 0.2992 -0.2913
vn -0.9213 0.2283 -0.3228
vn -0.9134 0.3228 -0.2598
vn -0.8819 0.1339 -0.4567
vn -0.9055 0.2835 -0.3071
vn -0.9055 0.3307 -0.2598
vn -0.9291 0.2362 -0.2835
vn -0.9055 0.3386 -0.2520
vn -0.9055 0.3780 -0.2047
vn -0.9134 0.3622 -0.1968
vn -0.9134 0.3543 -0.1968
vn -0.9134 0.3937 -0.1417
vn -0.9213 0.1732 -0.3543
vn -0.9528 0.1968 -0.2362
vn -0.8740 0.0630 -0.4803
vn -0.8268 0.0079 -0.5591
vn -0.8583 0.0551 -0.5118
vn -0.9213 0.1024 -0.3780
vn -0.9764 0.1417 -0.1654
vn -0.8976 0.1102 -0.4252
vn -0.8819 0.1181 -0.4488
vn -0.9213 0.1102 -0.3622
vn -0.9213 0.0866 -0.3701
vn -0.9528 -0.0157 -0.3071
vn -0.9606 -0.1024 -0.2598
vn 0.7638 0.5827 -0.2835
vn 0.7717 0.6142 -0.1654
vn 0.7953 0.5827 -0.1732
vn 0.9213 0.3150 -0.2283
vn 0.6929 0.6220 -0.3622
vn 0.4882 0.5748 -0.6535
vn 0.2992 0.5354 -0.7874
vn -0.6063 0.0315 0.7953
vn -0.6299 0.2520 0.7323
vn -0.7165 0.2835 0.6378
vn -0.6378 0.2283 0.7323
vn -0.6850 0.1968 0.7008
vn -0.8504 0.3386 0.3937
vn -0.5118 -0.0630 0.8583
vn -0.5276 -0.0787 0.8504
vn -0.5433 -0.1181 0.8346
vn -0.4488 0.0630 0.8898
vn -0.6063 0.0315 -0.7953
vn -0.7165 0.2835 -0.6378
vn -0.6299 0.2520 -0.7323
vn -0.6378 0.2283 -0.7323
vn -0.6850 0.1968 -0.7008
vn -0.8504 0.3386 -0.3937
vn -0.5118 -0.0630 -0.8583
vn -0.5276 -0.0787 -0.8504
vn -0.4488 0.0630 -0.8898
vn -0.5433 -0.1181 -0.8346
vn 0.7559 0.0945 0.6535
vn 0.7559 0.0945 -0.6535
vn -0.9449 0.0315 0.3307
vn -0.9449 -0.1417 0.2992
vn -0.9134 0.0079 0.4094
vn -0.9134 0.0236 0.4016
vn -0.9528 -0.2362 0.1732
vn -0.7402 0.0787 0.6614
vn -0.7874 -0.1260 0.5984
vn -0.9370 0.2835 0.2047
vn -0.9685 -0.0787 0.2362
vn -0.9213 0.2992 0.2598
vn -0.9134 0.2756 0.2913
vn -0.9134 0.2835 0.2913
vn -0.8976 0.3307 0.2992
vn -0.8661 0.4016 0.2992
vn -0.9685 0.1181 -0.2126
vn -0.9449 0.0394 -0.3228
vn -0.9449 0.0315 -0.3307
vn -0.9449 -0.1417 -0.2992
vn -0.9134 0.0079 -0.4094
vn -0.9134 0.0236 -0.4016
vn -0.9528 -0.2362 -0.1732
vn -0.7402 0.0787 -0.6614
vn -0.7874 -0.1260 -0.5984
vn -0.9370 0.2835 -0.2047
vn -0.9685 -0.0787 -0.2362
vn -0.9213 0.2992 -0.2598
vn -0.9134 0.2756 -0.2913
vn -0.9134 0.2835 -0.2913
vn -0.8976 0.3307 -0.2992
vn -0.8661 0.4016 -0.2992
vn -0.7244 0.2205 0.6457
vn -0.7638 0.1732 0.6142
vn -0.7402 0.1654 0.6457
vn -0.7559 0.2441 0.6063
vn -0.7402 0.2756 0.6142
vn -0.7480 0.2205 0.6299
vn -0.8032 0.2283 0.5591
vn -0.8032 0.1339 0.5748
vn -0.8032 0.0945 0.5827
vn -0.8032 0.1181 0.5906
vn -0.8032 0.0394 0.5984
vn -0.7244 0.2205 -0.6457
vn -0.7638 0.1732 -0.6142
vn -0.7480 0.2205 -0.6299
vn -0.7402 0.2756 -0.6142
vn -0.7559 0.2441 -0.6063
vn -0.8032 0.2283 -0.5591
vn -0.7402 0.1654 -0.6457
vn -0.8032 0.1339 -0.5748
vn -0.8032 0.0945 -0.5827
vn -0.8032 0.1181 -0.5906
vn -0.8032 0.0394 -0.5984
vn 0.8661 0.4961 -0.0472
vn 0.8976 0.4094 -0.1811
vn 0.8661 0.4961 0.0472
vn 0.8976 0.4094 0.1811
vn 0.6693 0.6693 -0.3307
vn 0.6693 0.6693 0.3307
vn 0.2598 -0.9606 -0.1102
vn -0.1260 -0.9528 -0.2835
vn -0.2362 -0.9449 -0.2362
vn 0.2598 -0.9606 0.1102
vn -0.1260 -0.9528 0.2835
vn -0.2362 -0.9449 0.2362
vn -0.8740 0.0000 0.4803
vn -0.8740 0.0000 -0.4803
vn -0.9764 0.0000 0.2205
vn -0.9449 0.0787 0.3150
vn -0.9843 -0.1102 -0.1181
vn -0.8898 0.0866 0.4488
vn -0.9764 0.0000 -0.2205
vn -0.9843 -0.1102 0.1181
vn -0.9449 0.0787 -0.3150
vn -0.8898 0.0866 -0.4488
vn -0.7402 0.5118 0.4409
vn -0.8268 0.4646 0.3228
vn -0.7953 0.4488 0.4016
vn -0.7165 0.5748 0.4016
vn -0.8268 0.4803 0.2913
vn -0.8110 0.5118 0.2913
vn -0.8425 0.4882 0.2205
vn -0.8346 0.5591 0.0000
vn -0.8661 0.4961 0.0000
vn -0.8346 0.4724 0.2677
vn -0.8268 0.4803 0.2835
vn -0.8504 0.5197 0.0000
vn -0.8425 0.4803 0.2441
vn -0.8819 0.4724 0.0000
vn -0.4488 0.5276 0.7165
vn -0.2913 0.6142 0.7323
vn -0.2598 0.6378 0.7244
vn 0.0000 0.7402 0.6772
vn -0.8268 0.4882 0.2756
vn -0.8583 0.4409 0.2598
vn -0.8583 0.4409 0.2520
vn -0.9055 0.4173 0.0000
vn -0.7008 0.5827 0.4173
vn -0.8346 0.5512 0.0000
vn -0.7402 0.6772 0.0000
vn -0.4646 0.5827 0.6693
vn -0.4567 0.5512 0.7008
vn -0.6929 0.5276 0.4882
vn -0.3622 0.4646 0.8110
vn -0.7008 0.5512 0.4567
vn -0.7480 0.5039 0.4331
vn -0.4409 0.4882 0.7559
vn -0.3307 0.4646 0.8189
vn -0.5748 0.4961 0.6457
vn -0.6063 0.4803 0.6378
vn -0.4724 0.4094 0.7795
vn -0.4803 0.4488 0.7559
vn -0.4961 0.5197 0.7008
vn -0.4803 0.4016 0.7795
vn -0.4882 0.4252 0.7638
vn -0.7244 0.4409 0.5276
vn -0.6457 0.5039 0.5748
vn -0.6457 0.5039 -0.5748
vn -0.7008 0.2520 0.6693
vn -0.8583 0.0945 0.5118
vn -0.7638 0.0394 0.6378
vn -0.5827 -0.4409 0.6850
vn -0.7953 0.2677 0.5433
vn -0.6693 0.3307 0.6693
vn -0.9055 -0.1024 0.4016
vn -0.9528 0.3071 0.0315
vn -0.9606 0.1890 0.1890
vn -1.0000 0.0000 0.0000
vn -0.9291 -0.3071 -0.1968
vn -0.9213 -0.0236 -0.3937
vn -0.8110 -0.4488 0.3780
vn -0.6772 -0.6142 0.4016
vn -0.8346 -0.5354 0.1181
vn -0.8504 -0.5197 -0.1024
vn -0.6772 -0.7244 0.1181
vn -0.3858 -0.9134 0.1181
vn -0.7008 -0.7008 -0.1102
vn -0.3701 -0.7953 0.4724
vn -0.2441 -0.9606 0.1181
vn -0.3858 -0.9134 -0.1575
vn -0.2283 -0.9606 -0.1732
vn -0.2283 -0.5827 0.7795
vn -0.0866 -0.6142 0.7874
vn -0.0472 -0.5827 0.8110
vn 0.0000 -0.5512 0.8346
vn -0.1811 -0.5276 0.8268
vn -0.3701 -0.4803 0.7953
vn -0.9291 0.0630 0.3622
vn -0.9213 0.0079 0.3937
vn -0.8976 0.1024 0.4252
vn -0.8189 -0.0236 0.5748
vn -0.7874 -0.2047 0.5827
vn -0.8504 0.0866 0.5118
vn -0.9449 0.1968 0.2598
vn -0.9213 -0.1417 0.3622
vn -0.7717 -0.3307 0.5512
vn -0.8346 -0.2992 0.4646
vn -0.9843 -0.0709 0.1654
vn -0.9685 0.0236 0.2520
vn -0.9528 -0.0157 0.2992
vn -0.9606 -0.0079 0.2756
vn -0.9291 0.0000 0.3701
vn -0.9370 0.0709 0.3386
vn -0.8898 0.0630 0.4488
vn -0.8898 0.1260 0.4409
vn -0.8898 0.1417 0.4409
vn -0.8898 0.1102 0.4488
vn -0.8976 0.0236 0.4488
vn -0.9370 0.1968 0.2913
vn -0.9291 0.2441 0.2756
vn -0.9291 0.2520 0.2756
vn -0.9055 0.2520 0.3465
vn -0.9843 0.1811 0.0630
vn -0.8819 0.2441 0.4016
vn -0.8898 0.1732 0.4252
vn -0.8661 0.2047 0.4646
vn -0.8740 0.1732 0.4646
vn -0.8976 0.1024 -0.4252
vn -0.9213 0.0079 -0.3937
vn -0.9291 0.0630 -0.3622
vn -0.9291 0.0000 -0.3701
vn -0.9528 -0.0157 -0.2992
vn -0.9370 0.0709 -0.3386
vn -0.9685 0.0236 -0.2520
vn -0.9606 -0.0079 -0.2756
vn -0.8898 0.0630 -0.4488
vn -0.8898 0.1260 -0.4409
vn -0.9213 -0.1417 -0.3622
vn -0.9843 -0.0709 -0.1654
vn -0.8346 -0.2992 -0.4646
vn -0.7717 -0.3307 -0.5512
vn -0.7874 -0.2047 -0.5827
vn -0.8189 -0.0236 -0.5748
vn -0.8504 0.0866 -0.5118
vn -0.9449 0.1968 -0.2598
vn -0.8898 0.1417 -0.4409
vn -0.8898 0.1102 -0.4488
vn -0.8976 0.0236 -0.4488
vn -0.9370 0.1968 -0.2913
vn -0.9291 0.2441 -0.2756
vn -0.9291 0.2520 -0.2756
vn -0.9055 0.2520 -0.3465
vn -0.9843 0.1811 -0.0630
vn -0.8819 0.2441 -0.4016
vn -0.8898 0.1732 -0.4252
vn -0.8661 0.2047 -0.4646
vn -0.8740 0.1732 -0.4646
vn -0.7402 0.4409 0.5118
vn -0.7402 0.4409 -0.5118
vn -0.8425 0.2362 0.4882
vn -0.8425 0.2362 -0.4882
vn 0.5197 -0.1417 0.8425
vn 0.5354 -0.1181 0.8346
vn 0.5197 -0.1417 -0.8425
vn 0.5354 -0.1181 -0.8346
vn -0.1417 -0.9921 0.0551
vn -0.1417 -0.9921 -0.0551
vn -0.1339 -0.4567 0.8819
vn -0.1575 -0.3937 0.9055
vn -0.2283 -0.4094 0.8819
vn -0.1024 -0.3937 0.9134
vn -0.4016 -0.5591 0.7244
vn -0.0551 -0.4882 0.8740
vn -0.0551 -0.4016 0.9134
vn -0.0472 -0.5984 0.8032
vn -0.2520 -0.5827 0.7717
vn -0.4094 -0.5906 0.6929
vn -0.3937 -0.5354 0.7480
vn -0.3543 -0.7008 0.6220
vn -0.3543 -0.7165 0.5984
vn -0.3386 -0.8110 0.4803
vn 0.8189 -0.0630 0.5669
vn -0.6299 0.7165 -0.2992
vn -0.1890 0.8898 -0.4173
vn -0.3780 0.6929 -0.6142
vn 0.0000 0.9843 -0.1654
vn 0.0000 0.8898 -0.4646
vn 0.0000 0.9921 -0.1024
vn -0.2126 0.9606 -0.1654
vn -0.6142 0.7795 -0.1260
vn -0.8976 0.4331 -0.1024
vn -0.6063 0.7795 0.1339
vn -0.8898 0.4331 0.1260
vn -0.9055 0.3858 -0.1890
vn -0.8898 0.3386 -0.3071
vn -1.0000 -0.0157 0.0157
vn -0.9055 0.1339 -0.4094
vn -0.8976 0.0000 -0.4488
vn -0.9291 -0.1102 -0.3622
vn -0.8976 -0.1260 -0.4252
vn -0.8740 -0.3071 -0.3701
vn -0.9291 -0.2598 -0.2677
vn -0.9370 -0.3465 -0.0472
vn -0.9213 -0.3858 0.0394
vn -0.9213 -0.3543 -0.1575
vn -0.8898 -0.4567 0.0551
vn -0.9291 -0.3307 0.1654
vn -0.8661 -0.4567 -0.1968
vn -0.8819 -0.4646 -0.0472
vn -0.1024 -0.3937 -0.9134
vn -0.1339 -0.4567 -0.8819
vn -0.1575 -0.3937 -0.9055
vn -0.2283 -0.4094 -0.8819
vn -0.0551 -0.4016 -0.9134
vn -0.0551 -0.4882 -0.8740
vn -0.0472 -0.5984 -0.8032
vn -0.4016 -0.5591 -0.7244
vn -0.2520 -0.5827 -0.7717
vn -0.4094 -0.5906 -0.6929
vn -0.3937 -0.5354 -0.7480
vn -0.3543 -0.7008 -0.6220
vn -0.3543 -0.7165 -0.5984
vn -0.3386 -0.8110 -0.4803
vn 0.8189 -0.0630 -0.5669
vn -0.9213 0.3307 -0.1968
vn -0.9134 0.3150 -0.2520
vn -0.9213 0.3780 -0.0472
vn -0.9291 0.3543 -0.1102
vn -0.9134 0.4016 -0.0079
vn -0.9055 0.4094 -0.1417
vn -0.8898 0.2598 -0.3780
vn -0.9213 0.3780 -0.0709
vn -0.9213 0.3937 -0.0079
vn -0.9213 0.2913 -0.2520
vn -0.8740 0.2362 -0.4252
vn -0.9370 0.3386 -0.0866
vn -0.9764 0.1968 -0.0945
vn -0.9291 0.3780 -0.0079
vn -0.9291 0.3780 0.0000
vn -0.9370 0.3543 0.0000
vn -0.6378 -0.0866 0.7638
vn -0.6693 -0.2205 0.7087
vn -0.6142 -0.0630 0.7874
vn -0.5984 -0.0945 0.7953
vn -0.8268 0.4882 -0.2756
vn -0.7165 0.5748 -0.4016
vn -0.8583 0.4409 -0.2598
vn -0.8583 0.4409 -0.2520
vn -0.7008 0.5827 -0.4173
vn -0.4646 0.5827 -0.6693
vn -0.4567 0.5512 -0.7008
vn -0.7480 0.5039 -0.4331
vn -0.8346 0.4488 -0.3150
vn -0.8425 0.3937 -0.3701
vn -0.7953 0.4488 -0.4016
vn -0.7402 0.5118 -0.4409
vn -0.4488 0.5276 -0.7165
vn -0.2913 0.6142 -0.7323
vn -0.2598 0.6378 -0.7244
vn 0.0000 0.7402 -0.6772
vn -0.8346 0.4094 -0.3622
vn -0.8268 0.4646 -0.3228
vn -0.8268 0.4803 -0.2913
vn -0.8346 0.4724 -0.2677
vn -0.8110 0.5118 -0.2913
vn -0.8268 0.4803 -0.2835
vn -0.8425 0.4882 -0.2205
vn -0.8425 0.4803 -0.2441
vn -0.8268 0.3701 -0.4252
vn -0.8898 0.2992 -0.3465
vn -0.8976 0.2598 -0.3622
vn -0.8898 0.3622 -0.2913
vn -0.8976 0.3071 -0.3228
vn -0.8898 0.3465 -0.3071
vn -0.9449 0.3386 0.0000
vn -0.8976 0.3150 -0.2913
vn -0.7874 0.4409 -0.4252
vn -0.8976 0.3465 -0.2756
vn -0.8898 0.3543 -0.2992
vn -0.6772 0.4094 -0.6142
vn -0.7638 0.4016 -0.5039
vn -0.9213 0.3386 -0.1811
vn -0.9291 0.3150 -0.1968
vn -0.8740 0.3307 -0.3622
vn -0.6378 -0.0866 -0.7638
vn -0.6693 -0.2205 -0.7087
vn -0.6142 -0.0630 -0.7874
vn -0.5984 -0.0945 -0.7953
vn -0.8819 0.1417 0.4567
vn -0.8583 0.2441 0.4567
vn -0.7323 0.3858 0.5669
vn -0.9134 0.0472 0.4016
vn -0.9370 0.3307 0.0709
vn -0.9528 0.2835 -0.1260
vn -0.9921 0.0945 0.0394
vn -0.9843 0.1102 0.1496
vn -0.9134 0.1496 0.3858
vn -0.9449 0.0630 0.3228
vn -0.9685 0.0236 0.2441
vn -0.9528 0.0787 0.2913
vn -0.9843 0.0551 0.1654
vn -0.9921 0.0945 0.0000
vn -0.9843 0.0551 -0.1654
vn 0.0472 -0.9606 0.2677
vn -0.9213 0.3780 0.0709
vn -0.9291 0.3780 0.0079
vn -0.9370 0.3386 0.0866
vn -0.8583 0.2441 -0.4567
vn -0.8819 0.1417 -0.4567
vn -0.7323 0.3858 -0.5669
vn -0.9134 0.0472 -0.4016
vn -0.9370 0.3307 -0.0709
vn -0.9528 0.2835 0.1260
vn -0.9921 0.0945 -0.0394
vn -0.9843 0.1102 -0.1496
vn -0.9134 0.1496 -0.3858
vn -0.9449 0.0630 -0.3228
vn -0.9685 0.0236 -0.2441
vn -0.9528 0.0787 -0.2913
vn 0.0472 -0.9606 -0.2677
vn -0.9213 0.3780 0.0472
vn -0.9134 0.3150 0.2520
vn -0.9213 0.3307 0.1968
vn -0.9291 0.3543 0.1102
vn -0.8898 0.2598 0.3780
vn -0.9134 0.4016 0.0079
vn -0.9055 0.4094 0.1417
vn -0.9213 0.2913 0.2520
vn -0.8740 0.2362 0.4252
vn -0.9764 0.1968 0.0945
vn -0.9213 0.3937 0.0079
vn -0.7480 -0.1968 0.6299
vn -0.7480 -0.1968 -0.6299
vn 0.1024 -0.5906 0.8032
vn -0.6063 0.4803 -0.6378
vn -0.4961 0.4016 -0.7717
vn -0.5591 0.4646 -0.6850
vn -0.5276 0.4173 -0.7402
vn -0.4882 0.4016 -0.7795
vn -0.5039 0.3465 -0.7874
vn -0.4724 0.4094 -0.7795
vn -0.4803 0.4016 -0.7795
vn -0.4882 0.4882 -0.7244
vn -0.7244 0.4409 -0.5276
vn -0.4882 0.4252 -0.7638
vn -0.4803 0.4488 -0.7559
vn -0.4961 0.5197 -0.7008
vn -0.4409 0.4882 -0.7559
vn -0.5748 0.4961 -0.6457
vn -0.7008 0.5512 -0.4567
vn -0.6929 0.5276 -0.4882
vn -0.3622 0.4646 -0.8110
vn -0.3307 0.4646 -0.8189
vn 0.1024 -0.5906 -0.8032
vn -0.4961 0.4016 0.7717
vn -0.5591 0.4646 0.6850
vn -0.5276 0.4173 0.7402
vn -0.4882 0.4016 0.7795
vn -0.5039 0.3465 0.7874
vn -0.6772 0.4094 0.6142
vn -0.7638 0.4016 0.5039
vn -0.4882 0.4882 0.7244
vn -0.8425 0.3937 0.3701
vn -0.8898 0.3543 0.2992
vn -0.8740 0.3307 0.3622
vn -0.9213 0.3386 0.1811
vn -0.8976 0.3465 0.2756
vn -0.9291 0.3150 0.1968
vn -0.8976 0.3150 0.2913
vn -0.7874 0.4409 0.4252
vn -0.8976 0.3071 0.3228
vn -0.8898 0.3622 0.2913
vn -0.8898 0.2992 0.3465
vn -0.8976 0.2598 0.3622
vn -0.8898 0.3465 0.3071
vn -0.8268 0.3701 0.4252
vn -0.8346 0.4094 0.3622
vn -0.8346 0.4488 0.3150
vn 0.3150 0.1890 0.9291
vn 0.4488 -0.0709 0.8898
vn 0.4724 0.1811 0.8583
vn 0.4803 0.2598 0.8425
vn 0.2913 0.1890 0.9370
vn 0.0472 0.4488 0.8898
vn -0.0551 0.4882 0.8740
vn -0.3307 0.5748 0.7480
vn -0.2756 0.5433 0.7953
vn -0.4409 0.5669 0.7008
vn -0.4173 0.3780 0.8268
vn -0.4488 0.6063 0.6614
vn -0.4803 0.6220 0.6220
vn -0.4567 0.6063 0.6457
vn -0.3622 0.5748 0.7323
vn 0.2913 0.1890 -0.9370
vn 0.3150 0.1890 -0.9291
vn 0.4488 -0.0709 -0.8898
vn 0.4724 0.1811 -0.8583
vn 0.4803 0.2598 -0.8425
vn 0.0472 0.4488 -0.8898
vn -0.0551 0.4882 -0.8740
vn -0.3307 0.5748 -0.7480
vn -0.2756 0.5433 -0.7953
vn -0.4409 0.5669 -0.7008
vn -0.4173 0.3780 -0.8268
vn -0.4488 0.6063 -0.6614
vn -0.4803 0.6220 -0.6220
vn -0.4567 0.6063 -0.6457
vn -0.3622 0.5748 -0.7323
vn -0.7008 0.2520 -0.6693
vn -0.8583 0.0945 -0.5118
vn -0.7953 0.2677 -0.5433
vn -0.7638 0.0394 -0.6378
vn -0.6693 0.3307 -0.6693
vn -0.5827 -0.4409 -0.6850
vn -0.9055 -0.1024 -0.4016
vn -0.9528 0.3071 -0.0315
vn -0.9606 0.1890 -0.1890
vn -0.8110 -0.4488 -0.3780
vn -0.6929 0.7008 0.1496
vn -0.6772 -0.6142 -0.4016
vn -0.8346 -0.5354 -0.1181
vn -0.1811 -0.5276 -0.8268
vn -0.3701 -0.4803 -0.7953
vn -0.2283 -0.5827 -0.7795
vn 0.0000 -0.5512 -0.8346
vn -0.0472 -0.5827 -0.8110
vn -0.0866 -0.6142 -0.7874
vn -0.3701 -0.7953 -0.4724
vn -0.6772 -0.7244 -0.1181
vn -0.8504 -0.5197 0.1024
vn -0.7008 -0.7008 0.1102
vn -0.3858 -0.9134 -0.1181
vn -0.3858 -0.9134 0.1575
vn -0.2441 -0.9606 -0.1181
vn -0.9370 0.2205 0.2756
vn -0.9291 0.1102 0.3543
vn -0.9134 0.1575 0.3858
vn -0.9291 0.2677 0.2520
vn -0.9291 0.3701 0.0787
vn -0.9449 0.1732 0.2677
vn -0.9449 0.0787 0.3071
vn -0.9528 0.0945 0.2756
vn -0.9449 0.3150 0.0866
vn -0.8976 0.4409 -0.0394
vn -0.9055 0.4173 -0.0236
vn -0.9134 0.1575 -0.3858
vn -0.9291 0.1102 -0.3543
vn -0.9370 0.2205 -0.2756
vn -0.9291 0.2677 -0.2520
vn -0.9291 0.3701 -0.0787
vn -0.9449 0.1732 -0.2677
vn -0.9449 0.0787 -0.3071
vn -0.9528 0.0945 -0.2756
vn -0.9449 0.3150 -0.0866
vn -0.9055 0.4173 0.0236
vn -0.8976 0.4409 0.0394
vn -0.6929 0.7008 0.1575
vn -0.6929 0.7008 -0.1575
vn 0.5906 -0.4016 0.6929
vn 0.5906 -0.4016 -0.6929
vn 0.3071 -0.2756 0.9134
vn 0.3071 -0.2756 -0.9134
vn -0.8819 0.1181 0.4646
vn -0.8819 0.1181 -0.4646
vn -0.6929 0.4488 0.5669
vn -0.6929 0.4488 -0.5669
vn 0.1339 0.8976 -0.4252
vn 0.0000 -0.3622 0.9291
vn -0.5197 0.8425 0.1732
vn -0.5197 0.8425 -0.1732
vn -0.1575 0.0709 0.9843
vn -0.3543 0.1181 0.9291
vn -0.3307 0.1102 0.9370
vn -0.5669 0.1654 0.8032
vn -0.1575 0.0709 -0.9843
vn -0.3543 0.1181 -0.9291
vn -0.3307 0.1102 -0.9370
vn -0.5669 0.1654 -0.8032
vn -0.8661 -0.3071 0.4016
vn -0.8661 -0.3071 -0.4016
vn -0.1811 0.8740 -0.4567
vn -0.1024 0.8740 -0.4724
vn -0.2362 0.6693 -0.7087
vn -0.4882 0.6299 -0.6063
vn -0.0157 0.9764 -0.2283
vn -0.1811 0.9606 -0.2126
vn -0.4252 0.7874 -0.4488
vn -0.6929 0.5827 -0.4252
vn -0.6693 0.4409 -0.5906
vn -0.8110 0.4803 -0.3307
vn -0.5354 0.7874 -0.2992
vn -0.7480 0.5827 -0.3150
vn -0.5591 0.7953 -0.2283
vn -0.2283 0.9685 -0.0866
vn -0.9370 0.2362 -0.2677
vn -0.5906 0.7795 -0.2205
vn -0.2598 0.9685 0.0000
vn -0.6457 0.7638 0.0000
vn -0.7795 0.5827 -0.2362
vn -0.8189 0.5669 0.0000
vn -0.9685 0.2362 0.0000
vn -0.9528 -0.0709 -0.2992
vn -1.0000 -0.0394 0.0000
vn -0.9291 -0.0709 -0.3701
vn -0.9291 -0.0551 -0.3701
vn -0.9213 -0.0551 -0.3858
vn -0.9449 -0.1890 -0.2756
vn -0.9213 -0.1654 -0.3543
vn -0.8898 -0.1496 -0.4252
vn -0.8504 -0.2441 -0.4567
vn -0.8819 -0.3228 -0.3465
vn -0.8425 -0.4252 -0.3228
vn -0.9449 -0.2913 -0.1732
vn -0.9291 -0.2835 -0.2205
vn -0.8425 0.0157 0.5354
vn -0.8032 -0.2677 0.5276
vn -0.7874 -0.1968 0.5827
vn -0.8110 -0.5512 0.2205
vn -0.9213 -0.2598 -0.2835
vn -0.9370 -0.2205 -0.2756
vn -0.8661 -0.3937 -0.2992
vn -0.9134 -0.2441 -0.3228
vn -0.9134 -0.2283 -0.3228
vn -0.9370 -0.1024 -0.3386
vn -0.9370 -0.1102 -0.3386
vn -0.8976 -0.2677 -0.3543
vn -0.9449 0.2913 -0.1575
vn -0.1811 0.8740 0.4567
vn -0.1024 0.8740 0.4724
vn -0.0157 0.9764 0.2283
vn -0.6929 0.5827 0.4252
vn -0.6693 0.4409 0.5906
vn -0.4882 0.6299 0.6063
vn -0.1811 0.9606 0.2126
vn -0.8110 0.4803 0.3307
vn -0.4252 0.7874 0.4488
vn -0.7480 0.5827 0.3150
vn -0.5354 0.7874 0.2992
vn -0.2283 0.9685 0.0866
vn -0.5591 0.7953 0.2283
vn -0.5906 0.7795 0.2205
vn -0.7795 0.5827 0.2362
vn -0.9370 0.2362 0.2677
vn -0.9528 -0.0709 0.2992
vn -0.9291 -0.0709 0.3701
vn -0.9291 -0.0551 0.3701
vn -0.9213 -0.0551 0.3858
vn -0.9213 -0.1654 0.3543
vn -0.8898 -0.1496 0.4252
vn -0.8504 -0.2441 0.4567
vn -0.8819 -0.3228 0.3465
vn -0.9213 -0.3465 0.1811
vn -0.8425 -0.4252 0.3228
vn -0.9449 -0.2913 0.1732
vn -0.9291 -0.2835 0.2205
vn -0.8425 0.0157 -0.5354
vn -0.8032 -0.2677 -0.5276
vn -0.7874 -0.1968 -0.5827
vn -0.8110 -0.5512 -0.2205
vn -0.9213 -0.2598 0.2835
vn -0.9370 -0.2205 0.2756
vn -0.8661 -0.3937 0.2992
vn -0.9134 -0.2441 0.3228
vn -0.9134 -0.2283 0.3228
vn -0.9370 -0.1024 0.3386
vn -0.9370 -0.1102 0.3386
vn -0.8976 -0.2677 0.3543
vn -0.2756 -0.0945 0.9606
vn -0.2756 -0.0945 -0.9606
vn 0.0000 -0.1654 0.9843
vn -0.0709 -0.2126 0.9764
vn -0.0551 -0.2047 0.9764
vn -0.2047 -0.3543 0.9134
vn -0.2598 -0.3937 0.8819
vn -0.3150 -0.4567 0.8346
vn -0.3307 -0.4646 0.8189
vn -0.1968 -0.3937 0.8976
vn -0.1181 -0.3622 0.9291
vn 0.0000 -0.1654 -0.9843
vn -0.0551 -0.2047 -0.9764
vn -0.0709 -0.2126 -0.9764
vn -0.2047 -0.3543 -0.9134
vn -0.2598 -0.3937 -0.8819
vn -0.3150 -0.4567 -0.8346
vn -0.3307 -0.4646 -0.8189
vn -0.1968 -0.3937 -0.8976
vn -0.1181 -0.3622 -0.9291
vn -0.9291 0.2677 0.2598
vn -0.9134 0.1339 0.3780
vn -0.6299 0.5669 0.5276
vn -0.2835 0.2835 0.9134
vn -0.6142 0.2283 0.7559
vn -0.2520 0.0000 0.9685
vn -0.9134 0.0157 0.4016
vn -0.6063 0.0000 0.7953
vn 0.0000 0.0000 1.0000
vn -0.9213 -0.1260 0.3701
vn -0.6142 -0.2205 0.7559
vn -0.2520 -0.2913 0.9213
vn -0.9213 -0.2520 0.2835
vn -0.6220 -0.5039 0.5984
vn -0.8661 -0.4488 0.2283
vn -0.2362 -0.6220 0.7480
vn 0.1260 -0.5354 0.8346
vn -0.4724 -0.7559 0.4488
vn 0.3150 -0.5669 0.7638
vn 0.3228 -0.4882 0.8110
vn 0.0945 -0.6378 0.7638
vn 0.3780 -0.7559 0.5354
vn -0.2047 -0.8583 0.4724
vn -0.1890 -0.9685 0.1417
vn -0.4567 -0.8740 0.1496
vn 0.1102 -0.8740 0.4724
vn 0.1575 -0.9764 0.1417
vn 0.4882 -0.8661 0.1102
vn 0.0000 -0.9843 -0.1654
vn -0.1968 -0.9685 -0.1732
vn -0.4724 -0.8661 -0.1417
vn 0.4331 -0.0787 0.8976
vn 0.4173 0.1260 0.8976
vn 0.4094 0.2205 0.8898
vn 0.3701 0.4331 0.8268
vn 0.4331 -0.0787 -0.8976
vn 0.4094 0.2205 -0.8898
vn 0.4173 0.1260 -0.8976
vn 0.3701 0.4331 -0.8268
vn -0.6457 0.4016 0.6457
vn -0.7165 0.3307 0.6142
vn -0.4961 0.3937 0.7717
vn -0.5039 0.3858 0.7717
vn -0.6142 0.4094 0.6693
vn -0.6772 0.4173 0.6063
vn -0.7087 0.3858 0.5906
vn -0.7874 0.2756 0.5433
vn -0.7165 0.3307 -0.6142
vn -0.6457 0.4016 -0.6457
vn -0.4961 0.3937 -0.7717
vn -0.5039 0.3858 -0.7717
vn -0.6142 0.4094 -0.6693
vn -0.6772 0.4173 -0.6063
vn -0.7087 0.3858 -0.5906
vn -0.7874 0.2756 -0.5433
vn -0.7638 0.5433 0.3543
vn -0.7638 0.5433 -0.3543
vn -0.6457 0.7165 -0.2756
vn -0.6378 0.7165 -0.2756
vn -0.5039 0.7717 -0.3858
vn -0.7244 0.6063 -0.3307
vn -0.4961 0.7795 -0.3858
vn -0.7165 0.6693 -0.2047
vn -0.5039 0.7717 0.3858
vn -0.6378 0.7165 0.2756
vn -0.6457 0.7165 0.2756
vn -0.7165 0.6693 0.2047
vn -0.4961 0.7795 0.3858
vn -0.7244 0.6063 0.3307
vn -0.7323 0.6142 -0.2992
vn -0.7323 0.6142 0.2992
vn -0.6772 -0.2756 -0.6850
vn -0.7165 0.0945 -0.6929
vn -0.6772 -0.2835 -0.6850
vn -0.6142 -0.4803 -0.6299
vn -0.7087 0.1260 -0.6929
vn -0.6850 0.3543 -0.6378
vn -0.6535 0.6457 -0.3858
vn -0.5906 0.5591 -0.5906
vn -0.6693 0.6693 -0.3150
vn -0.6850 0.7087 -0.1732
vn -0.6772 -0.2835 0.6850
vn -0.7165 0.0945 0.6929
vn -0.6772 -0.2756 0.6850
vn -0.6142 -0.4803 0.6299
vn -0.7087 0.1260 0.6929
vn -0.6850 0.3543 0.6378
vn -0.6535 0.6457 0.3858
vn -0.6693 0.6693 0.3150
vn -0.5906 0.5591 0.5906
vn -0.6850 0.7087 0.1732
vn -0.4094 0.3858 0.8268
vn -0.4331 0.2756 0.8583
vn -0.3937 0.4803 0.7874
vn -0.4094 0.3858 -0.8268
vn -0.4331 0.2756 -0.8583
vn -0.3937 0.4803 -0.7874
vn 0.3701 -0.6299 0.6772
vn 0.3543 -0.6535 0.6693
vn 0.2047 -0.8661 0.4567
vn 0.4567 -0.5118 0.7323
vn 0.2126 -0.8740 0.4409
vn 0.2441 -0.8740 0.4094
vn 0.2677 -0.8740 0.4094
vn 0.1417 -0.7795 0.6063
vn 0.0079 -0.7402 0.6772
vn -0.0394 -0.7165 0.6929
vn 0.3701 -0.6299 -0.6772
vn 0.2047 -0.8661 -0.4567
vn 0.3543 -0.6535 -0.6693
vn 0.4567 -0.5118 -0.7323
vn 0.2126 -0.8740 -0.4409
vn 0.2441 -0.8740 -0.4094
vn 0.2677 -0.8740 -0.4094
vn 0.1417 -0.7795 -0.6063
vn 0.0079 -0.7402 -0.6772
vn -0.0394 -0.7165 -0.6929
vn 0.7717 0.0945 0.6299
vn 0.7953 0.0787 0.6063
vn 0.7874 0.0787 0.6142
vn 0.8110 0.0551 0.5906
vn 0.7953 0.0472 0.6063
vn 0.6614 0.0079 0.7559
vn 0.6929 -0.0472 0.7165
vn 0.6850 -0.0551 0.7244
vn 0.3543 0.8898 -0.2913
vn 0.3780 0.8898 -0.2598
vn 0.8898 0.4488 0.0787
vn 0.7953 0.0787 -0.6063
vn 0.7717 0.0945 -0.6299
vn 0.7874 0.0787 -0.6142
vn 0.8110 0.0551 -0.5906
vn 0.7953 0.0472 -0.6063
vn 0.6614 0.0079 -0.7559
vn 0.6929 -0.0472 -0.7165
vn 0.6850 -0.0551 -0.7244
vn 0.3780 0.8898 0.2598
vn 0.3543 0.8898 0.2913
vn 0.8898 0.4488 -0.0787
vn 0.9055 0.2992 -0.3071
vn 0.8976 0.2913 -0.3228
vn 0.9291 0.3386 -0.1339
vn 0.8976 0.4016 -0.1890
vn 0.9055 0.2992 0.3071
vn 0.8976 0.2913 0.3228
vn 0.9291 0.3386 0.1339
vn 0.8976 0.4016 0.1890
vn -0.9213 0.3858 0.0472
vn -0.8819 0.4646 0.0315
vn -0.9055 0.4252 0.0394
vn -0.8268 0.5669 0.0236
vn -0.9370 0.3386 0.0472
vn -0.9449 0.3228 0.0079
vn -0.9606 0.2756 -0.0472
vn -0.9528 0.1575 0.2520
vn -0.9606 0.2756 -0.0551
vn -0.9685 0.1575 -0.1811
vn -0.7402 0.6614 -0.1417
vn -0.7795 0.6220 -0.0945
vn -0.7717 0.6220 -0.1181
vn -0.7795 0.6220 -0.0787
vn -0.8583 0.4882 -0.1417
vn -0.8504 0.5118 -0.1260
vn -0.8268 0.5512 -0.1024
vn -0.9449 0.2677 -0.1890
vn -0.9528 0.2520 -0.1654
vn -0.9370 0.3386 -0.0472
vn -0.9055 0.4252 -0.0394
vn -0.9213 0.3858 -0.0472
vn -0.8819 0.4646 -0.0315
vn -0.8268 0.5669 -0.0236
vn -0.9449 0.3228 -0.0079
vn -0.9606 0.2756 0.0472
vn -0.9528 0.1575 -0.2520
vn -0.9606 0.2756 0.0551
vn -0.9685 0.1575 0.1811
vn -0.7402 0.6614 0.1417
vn -0.7795 0.6220 0.0945
vn -0.7717 0.6220 0.1181
vn -0.7795 0.6220 0.0787
vn -0.8583 0.4882 0.1417
vn -0.8504 0.5118 0.1260
vn -0.8268 0.5512 0.1024
vn -0.9449 0.2677 0.1890
vn -0.9528 0.2520 0.1654
vn -0.4961 -0.1024 0.8583
vn -0.4409 -0.2205 0.8661
vn -0.5118 -0.1024 0.8504
vn -0.4409 -0.1811 0.8819
vn -0.4331 -0.4646 0.7717
vn -0.6457 -0.1024 0.7559
vn -0.6535 -0.1024 0.7480
vn -0.6457 -0.1654 0.7480
vn -0.6220 -0.1654 0.7638
vn -0.5118 -0.1890 0.8346
vn -0.5197 -0.1575 0.8425
vn -0.5433 -0.1024 0.8346
vn -0.5512 -0.0945 0.8268
vn -0.5906 -0.0945 0.8032
vn -0.5984 0.0472 0.8032
vn -0.5984 0.0787 0.7953
vn -0.5906 0.0315 0.8032
vn -0.5906 0.0157 0.8110
vn -0.5669 -0.0945 0.8189
vn -0.5118 -0.1024 -0.8504
vn -0.4409 -0.2205 -0.8661
vn -0.4961 -0.1024 -0.8583
vn -0.4409 -0.1811 -0.8819
vn -0.4331 -0.4646 -0.7717
vn -0.6457 -0.1024 -0.7559
vn -0.6535 -0.1024 -0.7480
vn -0.6457 -0.1654 -0.7480
vn -0.6220 -0.1654 -0.7638
vn -0.5118 -0.1890 -0.8346
vn -0.5197 -0.1575 -0.8425
vn -0.5433 -0.1024 -0.8346
vn -0.5512 -0.0945 -0.8268
vn -0.5906 -0.0945 -0.8032
vn -0.5984 0.0472 -0.8032
vn -0.5984 0.0787 -0.7953
vn -0.5906 0.0315 -0.8032
vn -0.5906 0.0157 -0.8110
vn -0.5669 -0.0945 -0.8189
vn -0.6693 -0.2756 0.6929
vn -0.9291 -0.3071 0.1968
vn -0.6929 -0.5827 0.4173
vn -0.2283 -0.9606 0.1732
vn -0.3543 -0.7559 0.5433
vn 0.0551 -0.8504 0.5197
vn -0.3071 -0.4488 0.8425
vn 0.0315 -0.5748 0.8189
vn 0.3386 -0.6063 0.7165
vn 0.3543 -0.8346 0.4173
vn 0.3622 -0.9291 0.0787
vn 0.4488 -0.8819 -0.1417
vn 0.4646 -0.8740 -0.1496
vn 0.1417 -0.1732 0.9764
vn 0.4016 -0.1890 0.8976
vn 0.4803 0.1260 0.8661
vn -0.2362 -0.0945 0.9685
vn 0.2362 0.1102 0.9685
vn 0.6929 0.4803 0.5354
vn 0.6142 0.5827 0.5433
vn 0.7008 0.6614 0.2520
vn 0.8898 0.3780 0.2520
vn 0.7008 0.7008 0.1496
vn 0.6378 0.7638 -0.0866
vn -0.2126 0.2598 0.9449
vn -0.6142 0.0236 0.7874
vn -0.9213 -0.0236 0.3937
vn -0.8504 0.1968 0.4803
vn -0.6929 0.6772 -0.2520
vn -0.6457 0.7244 -0.2362
vn -0.5118 0.3386 0.7874
vn -0.8425 0.3465 0.4094
vn -0.6850 0.6220 0.3780
vn -0.2047 0.7165 0.6693
vn -0.7795 0.5591 0.2756
vn -0.7008 0.6929 -0.1654
vn -0.3622 0.9291 0.0000
vn -0.3622 0.8819 0.2992
vn -0.0551 0.9606 -0.2598
vn -0.3543 0.9134 -0.1968
vn -0.1024 0.9921 0.0315
vn -0.0866 0.9134 0.4016
vn 0.0000 0.9685 0.2441
vn 0.0000 0.9055 0.4252
vn 0.0000 0.6929 0.7165
vn -0.0945 0.7008 0.7087
vn 0.0000 0.5512 0.8346
vn -0.9449 0.2913 0.1575
vn -0.9370 0.3465 0.0000
vn -0.9055 0.4331 0.0000
vn -0.8110 0.5906 0.0000
vn -0.7323 0.6850 0.0000
vn 0.1496 -0.4409 0.8819
vn 0.2205 -0.3858 0.8976
vn 0.1811 -0.4173 0.8898
vn 0.2598 -0.3543 0.8976
vn 0.1496 -0.4409 -0.8819
vn 0.1811 -0.4173 -0.8898
vn 0.2205 -0.3858 -0.8976
vn 0.2598 -0.3543 -0.8976
vn 0.9213 0.3937 0.0079
vn 0.9213 0.3858 -0.0551
vn 0.9764 -0.2126 0.0866
vn 0.9764 -0.2126 -0.0866
vn 0.6772 -0.5827 -0.4409
vn 0.6772 -0.5197 -0.5197
vn 0.6772 -0.5354 -0.5039
vn 0.5984 -0.3465 -0.7244
vn 0.5433 -0.3071 -0.7795
vn 0.4803 -0.2441 -0.8425
vn 0.6772 -0.5197 0.5197
vn 0.6772 -0.5827 0.4409
vn 0.6772 -0.5354 0.5039
vn 0.5984 -0.3465 0.7244
vn 0.5433 -0.3071 0.7795
vn 0.4803 -0.2441 0.8425
vn -0.4961 0.4961 0.7165
vn -0.4961 0.4961 -0.7165
vn -0.1339 0.9843 -0.0787
vn -0.0394 0.9843 -0.1496
vn -0.1024 0.9921 -0.1024
vn 0.0000 0.9843 -0.1811
vn -0.1339 0.9843 0.0787
vn -0.1024 0.9921 0.1024
vn -0.0394 0.9843 0.1496
vn 0.0000 0.9843 0.1811
vn -0.7402 0.6220 0.2598
vn -0.6850 0.6063 0.4094
vn -0.7244 0.6220 0.2992
vn -0.7559 0.6220 0.1890
vn -0.7402 0.6220 -0.2598
vn -0.7244 0.6220 -0.2992
vn -0.6850 0.6063 -0.4094
vn -0.7559 0.6220 -0.1890
vn -0.6457 -0.1811 0.7402
vn -0.6457 -0.1811 -0.7402
vn -0.2441 0.8976 -0.3622
vn -0.2362 0.9055 -0.3543
vn -0.8819 -0.0551 -0.4724
vn -0.9213 -0.1024 -0.3780
vn -0.7244 0.0866 -0.6850
vn -0.6693 0.1339 -0.7323
vn -0.5118 0.2362 -0.8268
vn -0.6772 0.6614 -0.3150
vn -0.6693 0.6693 -0.3307
vn 0.8425 0.5039 0.1968
vn -0.8819 -0.0551 0.4724
vn -0.9213 -0.1024 0.3780
vn -0.7244 0.0866 0.6850
vn -0.6693 0.1339 0.7323
vn -0.5118 0.2362 0.8268
vn -0.6772 0.6614 0.3150
vn -0.6693 0.6693 0.3307
vn 0.8425 0.5039 -0.1968
vn -0.8110 0.5118 -0.2992
vn -0.8110 0.5118 0.2992
vn -0.3858 0.4882 -0.7795
vn -0.1496 0.5748 -0.8032
vn -0.1968 0.4882 -0.8504
vn -0.3780 0.4252 -0.8189
vn -0.8032 0.4331 -0.4094
vn -0.8268 0.4488 -0.3307
vn -0.6299 0.5591 -0.5433
vn -0.8898 0.3937 -0.2283
vn -0.9055 0.3780 -0.2126
vn -0.1496 0.5748 0.8032
vn -0.3858 0.4882 0.7795
vn -0.1968 0.4882 0.8504
vn -0.3780 0.4252 0.8189
vn -0.8032 0.4331 0.4094
vn -0.8268 0.4488 0.3307
vn -0.6299 0.5591 0.5433
vn -0.8898 0.3937 0.2283
vn -0.9055 0.3780 0.2126
vn -0.8504 0.5118 0.0866
vn -0.8661 0.4882 0.0709
vn -0.8661 0.4961 0.0709
vn -0.8740 0.4724 0.0945
vn -0.8740 0.4724 0.1102
vn -0.8976 0.4252 0.1417
vn -0.8898 0.4409 0.1024
vn -0.9213 0.3701 0.1181
vn -0.9055 0.4173 0.0709
vn -0.7953 0.6063 0.0630
vn -0.7638 0.6299 0.1181
vn -0.7717 0.6299 0.1260
vn -0.8032 0.5906 0.1102
vn -0.8189 0.5669 0.0945
vn -0.8740 0.4882 0.0157
vn -0.8819 0.4803 0.0079
vn -0.9370 0.2992 -0.1968
vn -0.8504 0.5118 -0.0866
vn -0.8661 0.4961 -0.0709
vn -0.8661 0.4882 -0.0709
vn -0.8740 0.4724 -0.0945
vn -0.8740 0.4724 -0.1102
vn -0.8976 0.4252 -0.1417
vn -0.8898 0.4409 -0.1024
vn -0.9213 0.3701 -0.1181
vn -0.9055 0.4173 -0.0709
vn -0.7953 0.6063 -0.0630
vn -0.7638 0.6299 -0.1181
vn -0.7717 0.6299 -0.1260
vn -0.8032 0.5906 -0.1102
vn -0.8189 0.5669 -0.0945
vn -0.8740 0.4882 -0.0157
vn -0.8819 0.4803 -0.0079
vn -0.9370 0.2992 0.1968
vn 0.9764 0.2205 -0.0630
vn 0.4646 0.0551 0.8819
vn 0.4646 0.0551 -0.8819
vn -0.8583 0.4724 -0.2126
vn -0.8583 0.4724 0.2126
vn 0.4173 0.0394 0.9055
vn 0.3465 0.0315 0.9370
vn 0.4016 0.0315 0.9134
vn 0.2677 0.0236 0.9606
vn 0.4173 0.0394 -0.9055
vn 0.4016 0.0315 -0.9134
vn 0.3465 0.0315 -0.9370
vn 0.2677 0.0236 -0.9606
vn 0.8346 0.5433 -0.0630
vn 0.9213 0.3858 -0.0630
vn 0.9213 0.3780 -0.0630
vn 0.9370 0.3465 -0.0630
vn 0.8346 0.5433 0.0630
vn 0.9213 0.3780 0.0630
vn 0.9213 0.3858 0.0630
vn 0.9370 0.3465 0.0630
vn -0.8819 -0.3622 -0.3150
vn -0.8819 -0.3622 0.3150
vn 0.0315 0.4724 0.8819
vn 0.5197 0.3386 0.7795
vn 0.0315 0.4724 -0.8819
vn 0.5197 0.3386 -0.7795
vn -0.8583 0.2835 0.4252
vn -0.8583 0.2835 -0.4252
vn -0.6142 -0.1260 0.7795
vn 0.0000 0.5512 -0.8346
vn -0.0945 0.7008 -0.7087
vn 0.0000 0.6929 -0.7165
vn -0.2126 0.2598 -0.9449
vn -0.6142 0.0236 -0.7874
vn -0.2362 -0.0945 -0.9685
vn 0.2362 0.1102 -0.9685
vn -0.3071 -0.4488 -0.8425
vn -0.6693 -0.2756 -0.6929
vn -0.6929 -0.5827 -0.4173
vn 0.0315 -0.5748 -0.8189
vn -0.3543 -0.7559 -0.5433
vn 0.0551 -0.8504 -0.5197
vn 0.3386 -0.6063 -0.7165
vn 0.3543 -0.8346 -0.4173
vn 0.3622 -0.9291 -0.0787
vn 0.4488 -0.8819 0.1417
vn 0.4646 -0.8740 0.1496
vn 0.1417 -0.1732 -0.9764
vn 0.4016 -0.1890 -0.8976
vn 0.4803 0.1260 -0.8661
vn 0.6929 0.4803 -0.5354
vn 0.6142 0.5827 -0.5433
vn 0.7008 0.6614 -0.2520
vn 0.8898 0.3780 -0.2520
vn 0.7008 0.7008 -0.1496
vn 0.4173 0.8819 0.1968
vn 0.6378 0.7638 0.0866
vn -0.8032 0.1811 0.5669
vn -0.8032 0.1811 -0.5669
vn 0.1654 -0.2126 0.9606
vn 0.1654 -0.2126 -0.9606
vn -0.4488 0.0000 0.8976
vn -0.4488 0.0000 -0.8976
vn -0.4094 0.8189 0.4094
vn -0.4094 0.8189 -0.4094
vn 0.0000 0.7087 0.7087
vn 0.0000 0.7087 -0.7087
vn 0.0000 0.7244 -0.6929
vn 0.0000 0.7165 -0.6929
vn -0.2835 0.2835 -0.9134
vn 0.0000 0.8976 -0.4331
vn 0.0000 0.9921 -0.1260
vn 0.0000 0.9921 -0.1339
vn -0.2520 0.8740 -0.4173
vn -0.2283 0.9606 -0.1496
vn -0.2756 0.6772 -0.6850
vn -0.6378 0.6929 -0.3228
vn -0.6299 0.5669 -0.5276
vn -0.6063 0.7795 -0.1339
vn -0.8898 0.4331 -0.1260
vn -0.8976 0.4331 0.1024
vn -0.6142 0.2283 -0.7559
vn -0.6063 0.0000 -0.7953
vn -0.2520 0.0000 -0.9685
vn 0.0000 0.0000 -1.0000
vn -0.9213 -0.1260 -0.3701
vn -0.9213 -0.2520 -0.2835
vn -0.6142 -0.2205 -0.7559
vn -0.8661 -0.4488 -0.2283
vn -0.6220 -0.5039 -0.5984
vn -0.2520 -0.2913 -0.9213
vn -0.2362 -0.6220 -0.7480
vn 0.1260 -0.5354 -0.8346
vn -0.4724 -0.7559 -0.4488
vn 0.3150 -0.5669 -0.7638
vn 0.3228 -0.4882 -0.8110
vn 0.0945 -0.6378 -0.7638
vn 0.3780 -0.7559 -0.5354
vn -0.2047 -0.8583 -0.4724
vn 0.1102 -0.8740 -0.4724
vn 0.1575 -0.9764 -0.1417
vn 0.4882 -0.8661 -0.1102
vn -0.1890 -0.9685 -0.1417
vn -0.4567 -0.8740 -0.1496
vn -0.1968 -0.9685 0.1732
vn -0.4724 -0.8661 0.1417
vn 0.0000 0.8110 0.5827
vn 0.0000 0.7874 0.6142
vn 0.0000 0.8110 -0.5827
vn 0.0000 0.7874 -0.6142
vn -0.8661 0.3701 -0.3386
vn -0.8819 0.4173 -0.2047
vn -0.8661 0.3701 0.3386
vn -0.8819 0.4173 0.2047
vn -0.8504 0.1968 -0.4803
vn -0.7795 0.5591 -0.2756
vn -0.8425 0.3465 -0.4094
vn 0.9764 0.2205 0.0630
vn -0.2598 -0.6535 0.7087
vn -0.2441 -0.6457 0.7244
vn -0.2756 -0.6693 0.6929
vn -0.3228 -0.7165 0.6220
vn -0.2598 -0.6535 -0.7087
vn -0.2441 -0.6457 -0.7244
vn -0.2756 -0.6693 -0.6929
vn -0.3228 -0.7165 -0.6220
vn 0.1496 -0.8661 0.4803
vn 0.0000 -0.8976 0.4488
vn 0.1968 -0.8898 0.4173
vn 0.1496 -0.8661 -0.4803
vn 0.1968 -0.8898 -0.4173
vn 0.0000 -0.8976 -0.4488
vn 0.4803 -0.0787 0.8740
vn 0.4803 -0.0787 -0.8740
vn 0.5512 0.6378 -0.5433
vn 0.5512 0.6378 0.5433
vn -0.8189 0.4724 -0.3307
vn -0.8425 0.4409 -0.3071
vn -0.8661 0.4646 -0.1732
vn -0.8504 0.4331 -0.3071
vn -0.8583 0.4252 -0.2992
vn -0.4331 0.6457 0.6220
vn -0.8189 0.4724 0.3307
vn -0.8425 0.4409 0.3071
vn -0.8504 0.4331 0.3071
vn -0.8583 0.4252 0.2992
vn -0.8661 0.4646 0.1732
vn -0.4331 0.6457 -0.6220
vn -0.8583 0.4016 0.3307
vn -0.9134 0.3937 0.1339
vn -0.8425 0.3937 0.3543
vn -0.8032 0.3937 0.4488
vn -0.8583 0.4016 -0.3307
vn -0.8425 0.3937 -0.3543
vn -0.9134 0.3937 -0.1339
vn -0.8032 0.3937 -0.4488
vn -0.8346 0.0000 0.5433
vn -0.8583 -0.0315 0.5039
vn -0.8346 0.0157 0.5512
vn -0.8110 0.0709 0.5827
vn -0.8425 -0.0630 0.5354
vn -0.9134 0.0709 0.4016
vn -0.9213 0.0945 0.3858
vn -0.8346 0.0157 -0.5512
vn -0.8583 -0.0315 -0.5039
vn -0.8346 0.0000 -0.5433
vn -0.8110 0.0709 -0.5827
vn -0.8425 -0.0630 -0.5354
vn -0.9134 0.0709 -0.4016
vn -0.9213 0.0945 -0.3858
vn -0.8110 -0.1968 0.5512
vn -0.7638 -0.1496 0.6299
vn -0.8110 -0.1968 0.5433
vn -0.8268 -0.1654 0.5354
vn -0.8110 0.0472 0.5906
vn -0.7874 0.1339 0.5984
vn -0.7165 0.2520 0.6535
vn -0.4724 0.2362 0.8504
vn -0.4488 0.1968 0.8740
vn -0.1654 0.2047 0.9606
vn -0.0472 0.0157 1.0000
vn -0.0394 -0.0472 1.0000
vn 0.0000 -0.1968 0.9764
vn -0.1968 -0.2205 0.9528
vn 0.1260 -0.1811 0.9764
vn -0.1732 -0.2205 0.9606
vn 0.0079 -0.2047 0.9764
vn 0.2126 -0.1811 0.9606
vn 0.0315 -0.1968 0.9764
vn -0.2126 -0.1811 0.9606
vn -0.8110 -0.1968 -0.5512
vn -0.8110 -0.1968 -0.5433
vn -0.7638 -0.1496 -0.6299
vn -0.8268 -0.1654 -0.5354
vn -0.8110 0.0472 -0.5906
vn -0.7874 0.1339 -0.5984
vn -0.7165 0.2520 -0.6535
vn -0.4724 0.2362 -0.8504
vn -0.4488 0.1968 -0.8740
vn -0.1654 0.2047 -0.9606
vn -0.0472 0.0157 -1.0000
vn -0.0394 -0.0472 -1.0000
vn 0.0000 -0.1968 -0.9764
vn -0.1968 -0.2205 -0.9528
vn 0.1260 -0.1811 -0.9764
vn -0.1732 -0.2205 -0.9606
vn 0.0079 -0.2047 -0.9764
vn 0.2126 -0.1811 -0.9606
vn 0.0315 -0.1968 -0.9764
vn -0.2126 -0.1811 -0.9606
vn -0.3543 0.9213 0.1732
vn 0.5433 0.4882 0.6850
vn -0.3543 0.9213 -0.1732
vn 0.5433 0.4882 -0.6850
vn -0.0866 -0.6929 0.7165
vn -0.1024 -0.6772 0.7323
vn -0.0866 -0.6929 -0.7165
vn -0.1024 -0.6772 -0.7323
vn -0.6378 0.4252 -0.6378
vn -0.6378 0.4252 0.6378
vn 0.8976 -0.4252 -0.1024
vn 0.8976 -0.4409 -0.0630
vn 0.8819 -0.4646 0.0236
vn 0.8189 -0.5197 0.2441
vn 0.7402 -0.1339 0.6614
vn 0.8976 -0.4409 0.0630
vn 0.8976 -0.4252 0.1024
vn 0.8819 -0.4646 -0.0236
vn 0.8189 -0.5197 -0.2441
vn 0.7402 -0.1339 -0.6614
vn 0.3465 0.7559 -0.5591
vn 0.3465 0.7559 0.5591
vn -0.8346 0.2756 -0.4803
vn -0.8346 0.2756 0.4803
vn -0.2598 -0.1339 0.9528
vn -0.2598 -0.1968 0.9449
vn -0.2677 -0.0945 0.9606
vn -0.2913 0.1339 0.9449
vn -0.2913 0.1575 0.9449
vn -0.3071 0.2441 0.9213
vn -0.2598 -0.1339 -0.9528
vn -0.2598 -0.1968 -0.9449
vn -0.2677 -0.0945 -0.9606
vn -0.2913 0.1339 -0.9449
vn -0.2913 0.1575 -0.9449
vn -0.3071 0.2441 -0.9213
vn 0.8740 0.4173 0.2362
vn 0.8740 0.4173 -0.2362
vn 0.3780 -0.1496 0.9134
vn 0.4016 -0.2047 0.8898
vn 0.3543 -0.1181 0.9291
vn 0.2835 0.0157 0.9606
vn 0.3780 -0.1496 -0.9134
vn 0.4016 -0.2047 -0.8898
vn 0.3543 -0.1181 -0.9291
vn 0.2835 0.0157 -0.9606
vn 0.3701 -0.9291 0.0157
vn 0.3228 -0.9370 -0.1496
vn 0.3858 -0.9213 0.0157
vn 0.9921 0.1181 -0.0866
vn 0.9843 0.1339 0.0787
vn 0.9921 0.1181 -0.0787
vn 0.9685 0.0394 -0.2441
vn 0.0000 -0.8189 0.5748
vn 0.0000 -0.8189 -0.5748
vn 0.1102 0.4016 0.9134
vn 0.1102 0.4016 -0.9134
vn -0.7480 0.6063 -0.2598
vn -0.7480 0.6063 0.2598
vn 0.7717 0.1575 -0.6142
vn 0.8032 0.1654 -0.5748
vn 0.7402 0.1417 -0.6614
vn 0.7165 0.1654 -0.6772
vn 0.7323 0.2126 -0.6457
vn 0.7480 0.2441 -0.6220
vn -0.1654 -0.7244 0.6693
vn 0.8032 0.1654 0.5748
vn 0.7717 0.1575 0.6142
vn 0.7402 0.1417 0.6614
vn 0.7165 0.1654 0.6772
vn 0.7323 0.2126 0.6457
vn 0.7480 0.2441 0.6220
vn -0.1654 -0.7244 -0.6693
vn 0.5433 0.1732 0.8189
vn 0.2835 0.1890 0.9370
vn 0.3465 0.1575 0.9213
vn 0.0551 0.1024 0.9921
vn 0.5591 0.0079 0.8268
vn 0.3780 -0.1024 0.9213
vn 0.5433 0.1732 -0.8189
vn 0.3465 0.1575 -0.9213
vn 0.2835 0.1890 -0.9370
vn 0.0551 0.1024 -0.9921
vn 0.5591 0.0079 -0.8268
vn 0.3780 -0.1024 -0.9213
vn -0.3307 -0.6614 0.6772
vn -0.5984 -0.5039 0.6220
vn -0.6693 -0.4567 0.5906
vn -0.6772 -0.4488 0.5906
vn -0.3307 -0.6614 -0.6772
vn -0.6693 -0.4567 -0.5906
vn -0.5984 -0.5039 -0.6220
vn -0.6772 -0.4488 -0.5906
vn 0.0945 -0.9213 0.3701
vn 0.1890 -0.9449 0.2598
vn 0.1260 -0.9291 0.3386
vn 0.2835 -0.9528 0.1417
vn 0.5276 0.7087 0.4724
vn 0.4961 0.7244 0.4803
vn 0.5118 0.7165 0.4724
vn 0.6142 0.6535 0.4409
vn 0.0945 -0.9213 -0.3701
vn 0.1260 -0.9291 -0.3386
vn 0.1890 -0.9449 -0.2598
vn 0.2835 -0.9528 -0.1417
vn 0.5118 0.7165 -0.4724
vn 0.4961 0.7244 -0.4803
vn 0.5276 0.7087 -0.4724
vn 0.6142 0.6535 -0.4409
vn 0.1417 -0.4016 0.9055
vn 0.1417 -0.4016 -0.9055
vn -0.4331 0.7559 0.4961
vn -0.4331 0.7559 -0.4961
vn -0.1024 -0.0551 0.9921
vn -0.1024 -0.0551 -0.9921
vn -0.3701 0.0000 0.9291
vn -0.3701 0.0000 -0.9291
vn 0.0000 -0.7402 0.6693
vn 0.0000 -0.7402 -0.6693
vn -0.9921 0.0866 0.0000
vn -0.3228 0.6850 -0.6535
vn -0.0551 0.6772 -0.7323
vn -0.3071 0.6850 -0.6614
vn -0.3228 0.6850 0.6535
vn -0.3071 0.6850 0.6614
vn -0.0551 0.6772 0.7323
vn -0.3386 -0.3228 0.8819
vn -0.3701 -0.1654 0.9134
vn -0.3780 -0.0866 0.9213
vn -0.3543 0.0709 0.9291
vn -0.2835 0.1968 0.9370
vn -0.3701 -0.1654 -0.9134
vn -0.3386 -0.3228 -0.8819
vn -0.3780 -0.0866 -0.9213
vn -0.3543 0.0709 -0.9291
vn -0.2835 0.1968 -0.9370
vn -0.6929 0.6772 0.2520
vn -0.6457 0.7244 0.2362
vn -0.6929 0.7008 -0.1496
vn -0.3622 0.8819 -0.2992
vn -0.6850 0.6220 -0.3780
vn -0.5118 0.3386 -0.7874
vn -0.3543 0.9134 0.1968
vn -0.7008 0.6929 0.1654
vn -0.2047 0.7165 -0.6693
vn -0.0866 0.9134 -0.4016
vn -0.1024 0.9921 -0.0315
vn 0.0000 0.9685 -0.2441
vn 0.0000 0.9055 -0.4252
vn 0.3228 -0.9370 0.1496
vn 0.3701 -0.9291 -0.0157
vn 0.3858 -0.9213 -0.0157
vn 0.4724 0.5118 -0.7165
vn 0.5354 0.6063 -0.5906
vn 0.5354 0.6063 0.5906
vn 0.4724 0.5118 0.7165
vn -0.5433 0.8032 -0.2362
vn -0.5433 0.8032 0.2362
vn -0.0630 0.9449 0.3228
vn -0.0630 0.9449 -0.3228
vn -0.6929 -0.1575 0.7008
vn -0.6929 -0.1181 0.7087
vn -0.7008 -0.1575 0.7008
vn -0.7008 -0.1024 0.7087
vn -0.7323 0.0000 0.6772
vn -0.7008 -0.1575 0.6929
vn -0.6929 -0.1575 -0.7008
vn -0.6929 -0.1181 -0.7087
vn -0.7008 -0.1024 -0.7087
vn -0.7323 0.0000 -0.6772
vn -0.7008 -0.1575 -0.7008
vn -0.7008 -0.1575 -0.6929
vn 0.1260 -0.5591 0.8189
vn 0.1181 -0.5591 0.8189
vn 0.2047 -0.5433 0.8189
vn 0.4173 -0.4173 0.8032
vn 0.8110 -0.0472 0.5827
vn 0.8189 -0.0945 0.5669
vn 0.8189 -0.1102 0.5591
vn 0.8189 -0.3858 0.4173
vn -0.0079 -0.9291 0.3622
vn 0.1260 -0.5591 -0.8189
vn 0.1181 -0.5591 -0.8189
vn 0.2047 -0.5433 -0.8189
vn 0.4173 -0.4173 -0.8032
vn 0.8189 -0.0945 -0.5669
vn 0.8110 -0.0472 -0.5827
vn 0.8189 -0.1102 -0.5591
vn 0.8189 -0.3858 -0.4173
vn -0.0079 -0.9291 -0.3622
vn 0.8740 0.4646 -0.1260
vn 0.5276 0.7480 -0.4016
vn 0.5276 0.7638 -0.3780
vn 0.5197 0.7717 -0.3701
vn 0.5512 0.6772 -0.4803
vn 0.5591 0.6457 -0.5118
vn 0.8740 0.4646 0.1260
vn 0.5276 0.7480 0.4016
vn 0.5276 0.7638 0.3780
vn 0.5197 0.7717 0.3701
vn 0.5512 0.6772 0.4803
vn 0.5591 0.6457 0.5118
vn -0.0709 0.8661 -0.4882
vn -0.0709 0.8740 -0.4882
vn -0.0709 0.8661 0.4882
vn -0.0709 0.8740 0.4882
vn -0.4094 -0.4646 -0.7874
vn -0.5591 -0.4173 -0.7165
vn -0.4646 -0.0709 -0.8819
vn -0.5748 0.0630 -0.8110
vn -0.2283 -0.7402 -0.6299
vn -0.3858 -0.6378 -0.6614
vn -0.0709 -0.7087 -0.7008
vn -0.2756 -0.6063 -0.7402
vn -0.2835 -0.2441 -0.9291
vn 0.2913 -0.9449 -0.1417
vn -0.0945 -0.3622 -0.9291
vn 0.1890 -0.4961 -0.8504
vn 0.0000 -0.1496 -0.9921
vn -0.2677 -0.1417 -0.9528
vn -0.1811 -0.3622 -0.9134
vn 0.0000 -0.3701 -0.9291
vn 0.1811 -0.3622 -0.9134
vn 0.2677 -0.1417 -0.9528
vn 0.3150 0.0000 -0.9449
vn 0.0472 -0.8661 -0.4882
vn 0.2913 -0.8740 -0.3937
vn 0.4488 -0.7559 -0.4803
vn -0.1654 -0.5118 -0.8425
vn -0.1024 -0.7008 -0.7008
vn 0.0236 -0.3858 -0.9213
vn -0.1654 -0.0472 -0.9843
vn 0.0709 -0.0472 -1.0000
vn 0.3071 -0.1339 -0.9449
vn 0.3150 0.0157 -0.9528
vn 0.1181 0.2126 -0.9685
vn 0.3937 0.3386 -0.8504
vn -0.1417 0.1811 -0.9764
vn -0.4252 0.1260 -0.8976
vn 0.0472 0.3465 -0.9370
vn -0.1575 0.3307 -0.9291
vn -0.4331 0.2677 -0.8583
vn -0.5669 0.2283 -0.7874
vn -0.0394 0.4488 -0.8898
vn -0.1496 0.5354 -0.8268
vn -0.1968 0.4724 -0.8583
vn -0.1575 0.6772 -0.7244
vn -0.4724 0.4488 -0.7638
vn -0.8504 0.5276 0.0000
vn -0.8346 0.5118 -0.2205
vn -0.7717 0.5512 -0.3228
vn -0.5591 -0.4173 0.7165
vn -0.4094 -0.4646 0.7874
vn -0.4646 -0.0709 0.8819
vn -0.5748 0.0630 0.8110
vn -0.2283 -0.7402 0.6299
vn -0.3858 -0.6378 0.6614
vn -0.0709 -0.7087 0.7008
vn -0.2756 -0.6063 0.7402
vn -0.2835 -0.2441 0.9291
vn 0.2913 -0.9449 0.1417
vn -0.0945 -0.3622 0.9291
vn 0.1890 -0.4961 0.8504
vn 0.0000 -0.1496 0.9921
vn -0.2677 -0.1417 0.9528
vn -0.1811 -0.3622 0.9134
vn 0.0000 -0.3701 0.9291
vn 0.1811 -0.3622 0.9134
vn 0.2677 -0.1417 0.9528
vn 0.3150 0.0000 0.9449
vn 0.0472 -0.8661 0.4882
vn 0.2913 -0.8740 0.3937
vn 0.4488 -0.7559 0.4803
vn -0.1654 -0.5118 0.8425
vn -0.1024 -0.7008 0.7008
vn 0.0236 -0.3858 0.9213
vn -0.1654 -0.0472 0.9843
vn 0.0709 -0.0472 1.0000
vn 0.3071 -0.1339 0.9449
vn 0.3150 0.0157 0.9528
vn 0.1181 0.2126 0.9685
vn 0.3937 0.3386 0.8504
vn -0.1417 0.1811 0.9764
vn -0.4252 0.1260 0.8976
vn 0.0472 0.3465 0.9370
vn -0.1575 0.3307 0.9291
vn -0.4331 0.2677 0.8583
vn -0.5669 0.2283 0.7874
vn -0.0394 0.4488 0.8898
vn -0.1496 0.5354 0.8268
vn -0.1968 0.4724 0.8583
vn -0.4724 0.4488 0.7638
vn -0.1575 0.6772 0.7244
vn -0.2362 0.6693 0.7087
vn -0.1339 0.0000 0.9921
vn -0.3543 0.3150 0.8819
vn -0.3622 0.0000 0.9291
vn -0.3543 -0.3150 0.8819
vn -0.1417 0.3858 0.9134
vn -0.3780 0.6929 0.6142
vn -0.1417 -0.3858 0.9134
vn -0.3780 -0.6220 0.6850
vn 0.1102 0.3622 0.9213
vn 0.1417 -0.3858 0.9134
vn -0.1496 -0.6457 0.7480
vn -0.1890 -0.8346 0.5276
vn -0.4488 -0.7717 0.4488
vn 0.1496 -0.6457 0.7480
vn 0.0000 -0.9843 0.1654
vn 0.1890 -0.8346 0.5118
vn 0.3780 -0.6220 0.6850
vn 0.4646 -0.7717 0.4409
vn 0.5276 -0.8346 0.1496
vn 0.3543 -0.3150 0.8819
vn 0.1339 0.0000 0.9921
vn 0.3622 0.0000 0.9291
vn 0.4173 0.2756 0.8661
vn 0.7402 0.6378 0.2126
vn 0.7165 0.6535 0.2598
vn 0.1417 0.7165 0.6850
vn -0.1496 0.7165 0.6850
vn 0.0000 0.8898 0.4646
vn -0.1890 0.8898 0.4173
vn -0.6299 0.7165 0.2992
vn 0.0000 0.9843 0.1654
vn 0.0000 0.9921 0.1024
vn -0.2126 0.9606 0.1654
vn -0.6142 0.7795 0.1260
vn -0.9055 0.3858 0.1890
vn -0.8898 0.3386 0.3071
vn -0.9370 0.1181 0.3307
vn -0.9055 0.1339 0.4094
vn 0.1260 -0.2520 0.9606
vn 0.1260 -0.2520 -0.9606
vn 0.0394 -0.9213 0.3937
vn 0.0394 -0.9213 -0.3937
vn 0.0315 -0.4882 0.8740
vn 0.0315 -0.4882 -0.8740
vn 0.9843 0.1339 -0.0787
vn 0.9921 0.1181 0.0866
vn 0.9921 0.1181 0.0787
vn 0.9685 0.0394 0.2441
vn 1.0000 0.0000 0.0000
vn 0.6535 -0.6063 0.4488
vn 0.6535 -0.6063 -0.4488
vn -0.6378 -0.3386 -0.6929
vn -0.6378 -0.3386 0.6929
vn 0.2992 0.4173 0.8583
vn 0.2992 0.4173 -0.8583
vn 0.7717 0.0079 0.6378
vn 0.7559 -0.0945 0.6535
vn 0.8032 -0.0945 0.5827
vn 0.7008 -0.1339 0.7008
vn 0.8032 -0.0551 0.5906
vn 0.7008 0.1417 0.7008
vn 0.8976 0.0236 0.4409
vn 0.9370 -0.1339 0.3150
vn 0.7953 -0.0079 0.6063
vn 0.7480 0.1968 0.6299
vn 0.7480 0.2047 0.6378
vn 0.7323 0.2362 0.6378
vn 0.7559 -0.0945 -0.6535
vn 0.7717 0.0079 -0.6378
vn 0.8032 -0.0945 -0.5827
vn 0.7008 -0.1339 -0.7008
vn 0.8032 -0.0551 -0.5906
vn 0.7008 0.1417 -0.7008
vn 0.8976 0.0236 -0.4409
vn 0.9370 -0.1339 -0.3150
vn 0.7953 -0.0079 -0.6063
vn 0.7480 0.1968 -0.6299
vn 0.7480 0.2047 -0.6378
vn 0.7323 0.2362 -0.6378
vn 0.9921 0.1417 0.0157
vn 0.9921 0.1417 -0.0157
vn 0.9606 0.1575 0.2362
vn 0.9606 0.1575 -0.2362
vn 0.5354 0.8425 0.0000
vn -0.4961 0.1496 0.8504
vn -0.2913 0.0709 0.9528
vn -0.1732 0.0551 0.9843
vn -0.1260 0.0945 0.9843
vn -0.5118 0.1496 0.8504
vn -0.5276 0.1654 0.8346
vn -0.4961 0.1496 -0.8504
vn -0.1732 0.0551 -0.9843
vn -0.2913 0.0709 -0.9528
vn -0.1260 0.0945 -0.9843
vn -0.5118 0.1496 -0.8504
vn -0.5276 0.1654 -0.8346
vn -0.8583 0.0000 0.5118
vn -0.9134 -0.1968 0.3622
vn -0.8819 -0.2126 0.4252
vn -0.8583 0.0236 0.5118
vn -0.8583 0.0000 -0.5118
vn -0.8819 -0.2126 -0.4252
vn -0.9134 -0.1968 -0.3622
vn -0.8583 0.0236 -0.5118
vn -0.6929 0.6850 0.2205
vn -0.7717 0.5906 0.2283
vn -0.5748 0.8189 0.0472
vn -0.8032 0.4961 0.3307
vn -0.7953 0.4961 0.3465
vn -0.7008 0.6457 0.2992
vn -0.6929 0.6378 0.3386
vn -0.7402 0.6772 0.0551
vn -0.7717 0.5906 -0.2283
vn -0.6929 0.6850 -0.2205
vn -0.5748 0.8189 -0.0472
vn -0.8032 0.4961 -0.3307
vn -0.7953 0.4961 -0.3465
vn -0.7008 0.6457 -0.2992
vn -0.6929 0.6378 -0.3386
vn -0.7402 0.6772 -0.0551
vn 0.9370 0.0236 0.3543
vn 0.9370 0.0236 -0.3543
vn 0.7795 -0.2756 0.5669
vn 0.8661 -0.1496 0.4803
vn 0.7480 -0.3622 0.5591
vn 0.9213 -0.0551 0.3858
vn 0.8976 0.1575 0.4173
vn 0.8346 0.3543 0.4173
vn 0.7874 -0.1732 0.5906
vn 0.7795 -0.2362 0.5748
vn 0.7874 -0.0709 0.6142
vn 0.7087 -0.4882 0.5118
vn 0.8661 -0.1496 -0.4803
vn 0.7795 -0.2756 -0.5669
vn 0.7480 -0.3622 -0.5591
vn 0.9213 -0.0551 -0.3858
vn 0.8976 0.1575 -0.4173
vn 0.8346 0.3543 -0.4173
vn 0.7874 -0.1732 -0.5906
vn 0.7795 -0.2362 -0.5748
vn 0.7874 -0.0709 -0.6142
vn 0.7087 -0.4882 -0.5118
vn 0.5197 -0.3858 0.7638
vn 0.5354 -0.4409 0.7244
vn 0.5118 -0.3543 0.7795
vn 0.4409 -0.2598 0.8583
vn 0.1654 -0.2205 0.9606
vn 0.0787 -0.2205 0.9685
vn -0.0787 -0.2047 0.9764
vn 0.9449 0.2283 0.2520
vn 0.8976 0.3071 0.3071
vn 0.9055 0.2992 0.2992
vn 0.8583 0.3701 0.3465
vn 0.5354 -0.4409 -0.7244
vn 0.5197 -0.3858 -0.7638
vn 0.5118 -0.3543 -0.7795
vn 0.4409 -0.2598 -0.8583
vn 0.1654 -0.2205 -0.9606
vn 0.0787 -0.2205 -0.9685
vn -0.0787 -0.2047 -0.9764
vn 0.9449 0.2283 -0.2520
vn 0.9055 0.2992 -0.2992
vn 0.8976 0.3071 -0.3071
vn 0.8583 0.3701 -0.3465
vn 0.6772 0.4488 0.5827
vn 0.7638 0.5984 0.2441
vn 0.7402 0.6614 -0.1260
vn 0.6772 0.4488 -0.5827
vn 0.7402 0.6614 0.1260
vn 0.7638 0.5984 -0.2441
vn 0.0315 0.5827 0.8110
vn 0.0315 0.5827 -0.8110
vn -0.6535 0.4961 -0.5748
vn -0.6772 0.3386 -0.6535
vn -0.6299 0.5748 -0.5197
vn -0.5827 0.6850 -0.4331
vn -0.6535 0.4961 0.5748
vn -0.6772 0.3386 0.6535
vn -0.6299 0.5748 0.5197
vn -0.5827 0.6850 0.4331
vn -0.3071 -0.3543 0.8819
vn -0.0709 -0.3386 0.9370
vn -0.3622 -0.3543 0.8583
vn 0.0315 -0.3228 0.9449
vn -0.3071 -0.3543 -0.8819
vn -0.3622 -0.3543 -0.8583
vn -0.0709 -0.3386 -0.9370
vn 0.0315 -0.3228 -0.9449
vn 0.0000 0.4724 -0.8819
vn 0.0000 0.4724 0.8819
vn -0.9134 -0.0709 -0.4094
vn -0.9055 -0.0630 -0.4173
vn -0.9370 -0.0787 -0.3307
vn -0.9843 -0.0945 -0.1654
vn 0.5748 -0.2283 -0.7874
vn 0.6142 -0.1811 -0.7717
vn 0.7087 -0.0945 -0.7008
vn 0.7559 -0.0630 -0.6535
vn 0.4961 -0.2835 -0.8189
vn 0.8504 0.0315 -0.5276
vn 0.4803 -0.2756 -0.8346
vn 0.8819 0.0709 -0.4646
vn 0.9134 0.1260 -0.3858
vn 0.4488 -0.2835 -0.8504
vn 0.4409 -0.3071 -0.8425
vn 0.4409 -0.1890 -0.8819
vn 0.4488 -0.1024 -0.8898
vn 0.4488 -0.0236 -0.8976
vn 0.5748 -0.2283 0.7874
vn 0.7087 -0.0945 0.7008
vn 0.6142 -0.1811 0.7717
vn 0.7559 -0.0630 0.6535
vn 0.4961 -0.2835 0.8189
vn 0.8504 0.0315 0.5276
vn 0.4803 -0.2756 0.8346
vn 0.8819 0.0709 0.4646
vn 0.9134 0.1260 0.3858
vn 0.4488 -0.2835 0.8504
vn 0.4409 -0.3071 0.8425
vn 0.4409 -0.1890 0.8819
vn 0.4488 -0.1024 0.8898
vn 0.4488 -0.0236 0.8976
vn -0.8425 0.3858 -0.3780
vn -0.0472 0.9528 0.3071
vn -0.8425 0.3858 0.3780
vn -0.0472 0.9528 -0.3071
vn -0.8110 0.1181 -0.5748
vn -0.7244 0.1339 -0.6693
vn -0.7953 0.1496 -0.5906
vn -0.7480 0.1732 -0.6457
vn -0.7795 0.1811 -0.6063
vn -0.6772 0.1260 -0.7244
vn -0.6772 0.1181 -0.7244
vn -0.3543 0.3150 -0.8819
vn -0.1339 0.0000 -0.9921
vn -0.3622 0.0000 -0.9291
vn -0.3543 -0.3150 -0.8819
vn -0.1417 0.3858 -0.9134
vn -0.1417 -0.3858 -0.9134
vn -0.3780 -0.6220 -0.6850
vn 0.1417 -0.3858 -0.9134
vn -0.1496 -0.6457 -0.7480
vn -0.1890 -0.8346 -0.5276
vn -0.4488 -0.7717 -0.4488
vn 0.1890 -0.8346 -0.5118
vn 0.1496 -0.6457 -0.7480
vn 0.3780 -0.6220 -0.6850
vn 0.4646 -0.7717 -0.4409
vn 0.5276 -0.8346 -0.1496
vn 0.3543 -0.3150 -0.8819
vn 0.1339 0.0000 -0.9921
vn 0.3622 0.0000 -0.9291
vn 0.4173 0.2756 -0.8661
vn 0.1102 0.3622 -0.9213
vn 0.7165 0.6535 -0.2598
vn 0.7402 0.6378 -0.2126
vn 0.1417 0.7165 -0.6850
vn -0.1496 0.7165 -0.6850
vn -0.8110 0.1181 0.5748
vn -0.7953 0.1496 0.5906
vn -0.7244 0.1339 0.6693
vn -0.7480 0.1732 0.6457
vn -0.7795 0.1811 0.6063
vn -0.6772 0.1260 0.7244
vn -0.6772 0.1181 0.7244
vn -0.8504 0.4961 0.1732
vn -0.8189 0.5512 0.1732
vn -0.7953 0.5827 0.1732
vn -0.7087 0.6850 0.1811
vn -0.8189 0.5512 -0.1732
vn -0.8504 0.4961 -0.1732
vn -0.7953 0.5827 -0.1732
vn -0.7087 0.6850 -0.1811
vn -0.2441 -0.6299 0.7323
vn -0.2441 -0.6299 -0.7323
vn -0.9055 -0.0630 0.4173
vn -0.9134 -0.0709 0.4094
vn -0.9370 -0.0787 0.3307
vn -0.9843 -0.0945 0.1654
vn -0.9921 -0.1339 0.0000
vn 0.4961 -0.0866 0.8661
vn 0.5197 -0.0945 0.8504
vn 0.5984 -0.1260 0.7953
vn 0.4252 -0.6378 -0.6378
vn 0.4961 -0.0866 -0.8661
vn 0.5197 -0.0945 -0.8504
vn 0.5984 -0.1260 -0.7953
vn 0.4252 -0.6378 0.6378
vn 0.0787 0.8819 0.4646
vn 0.0157 0.9055 0.4252
vn 0.0236 0.9055 0.4252
vn -0.0551 0.9134 0.4016
vn -0.0787 0.9055 0.4173
vn -0.4488 0.7638 0.4646
vn -0.4488 0.7165 0.5433
vn -0.4016 0.7008 0.5906
vn 0.0787 0.8819 -0.4646
vn 0.0236 0.9055 -0.4252
vn 0.0157 0.9055 -0.4252
vn -0.0551 0.9134 -0.4016
vn -0.0787 0.9055 -0.4173
vn -0.4488 0.7638 -0.4646
vn -0.4488 0.7165 -0.5433
vn -0.4016 0.7008 -0.5906
vn -0.1968 0.1732 0.9685
vn -0.2362 0.5512 0.7953
vn -0.2362 0.5433 0.8110
vn -0.2441 0.6929 0.6772
vn -0.1968 0.1732 -0.9685
vn -0.2362 0.5433 -0.8110
vn -0.2362 0.5512 -0.7953
vn -0.2441 0.6929 -0.6772
vn -0.2598 -0.2677 0.9291
vn -0.3543 -0.3780 0.8583
vn -0.3071 -0.3937 0.8661
vn 0.0000 -0.4803 0.8740
vn -0.2756 -0.2835 0.9213
vn -0.2047 -0.1890 0.9606
vn 0.0000 0.7874 -0.6220
vn -0.2598 -0.2677 -0.9291
vn -0.3543 -0.3780 -0.8583
vn -0.2756 -0.2835 -0.9213
vn -0.2047 -0.1890 -0.9606
vn -0.3071 -0.3937 -0.8661
vn 0.0000 -0.4803 -0.8740
vn 0.0000 0.7874 0.6220
vn 0.0000 -0.4488 0.8976
vn 0.0000 -0.2520 0.9685
vn 0.0000 -0.1890 0.9843
vn 0.0000 -0.0945 0.9921
vn 0.0000 -0.4488 -0.8976
vn 0.0000 -0.1890 -0.9843
vn 0.0000 -0.2520 -0.9685
vn 0.0000 -0.0945 -0.9921
vn 0.9370 -0.0630 -0.3543
vn 0.8976 0.1654 -0.4094
vn 0.9291 -0.0472 -0.3701
vn 0.9685 -0.1417 -0.2126
vn 0.8976 0.1732 -0.4094
vn 0.8110 0.4173 -0.4094
vn 0.8976 0.1654 0.4094
vn 0.9370 -0.0630 0.3543
vn 0.9291 -0.0472 0.3701
vn 0.9685 -0.1417 0.2126
vn 0.8976 0.1732 0.4094
vn 0.8110 0.4173 0.4094
vn -0.9685 -0.0945 -0.2362
vn -0.8504 -0.2126 0.4724
vn -0.9685 -0.0945 0.2362
vn -0.8504 -0.2126 -0.4724
vn -0.1890 0.8110 -0.5591
vn -0.1890 0.8110 0.5591
vn -0.5827 0.4094 0.7008
vn -0.4016 0.3622 0.8425
vn 0.1654 0.9134 0.3701
vn -0.0394 -0.5118 0.8583
vn 0.0709 -0.4409 0.8976
vn 0.1024 -0.4173 0.9055
vn 0.1654 -0.3701 0.9134
vn -0.0394 -0.5118 -0.8583
vn 0.0709 -0.4409 -0.8976
vn 0.1024 -0.4173 -0.9055
vn 0.1654 -0.3701 -0.9134
vn -0.5984 0.7717 -0.2126
vn -0.5984 0.7717 0.2126
vn 0.9528 0.2992 0.0472
vn 0.9528 0.2992 -0.0472
vn -0.6142 0.7559 0.2126
vn 0.8976 0.2992 0.3386
vn 0.9134 0.3465 0.2047
vn 0.9213 0.3780 0.1181
vn -0.6142 0.7559 -0.2126
vn 0.9685 0.1181 -0.2126
vn 0.9685 0.1181 0.2126
vn -0.7480 0.6614 0.0079
vn -0.8661 0.4882 -0.1260
vn -0.8583 0.4882 -0.1260
vn -0.8661 0.4882 0.1260
vn -0.7480 0.6614 -0.0079
vn -0.8583 0.4882 0.1260
vn 0.5906 -0.2441 0.7717
vn 0.5354 -0.1811 0.8268
vn 0.5433 -0.1890 0.8189
vn 0.4016 -0.0472 0.9134
vn 0.5906 -0.2441 -0.7717
vn 0.5354 -0.1811 -0.8268
vn 0.5433 -0.1890 -0.8189
vn 0.4016 -0.0472 -0.9134
vn 0.2835 0.8661 0.4173
vn 0.2126 0.9291 0.2992
vn 0.3150 0.8032 0.5039
vn 0.2520 0.7087 0.6614
vn 0.2126 0.9291 -0.2992
vn 0.2835 0.8661 -0.4173
vn 0.3150 0.8032 -0.5039
vn 0.2520 0.7087 -0.6614
vn 0.1417 -0.3543 -0.9291
vn 0.1417 -0.3543 0.9291
vn 0.8268 0.1024 -0.5591
vn 0.6929 0.1024 -0.7165
vn 0.5748 0.1024 -0.8110
vn 0.5669 0.1181 -0.8189
vn 0.5512 0.1339 -0.8268
vn 0.8268 0.1024 0.5591
vn 0.6929 0.1024 0.7165
vn 0.5748 0.1024 0.8110
vn 0.5669 0.1181 0.8189
vn 0.5512 0.1339 0.8268
vn 0.1654 -0.5276 0.8346
vn 0.2205 -0.4331 0.8740
vn 0.2835 -0.3071 0.9055
vn 0.1654 -0.5276 -0.8346
vn 0.2205 -0.4331 -0.8740
vn 0.2835 -0.3071 -0.9055
vn -0.9291 0.0709 0.3622
vn -0.9134 -0.0551 0.4016
vn -0.9134 0.0630 0.3937
vn -0.7480 -0.0472 0.6614
vn -0.8740 0.2047 0.4409
vn -0.9528 -0.0551 0.2913
vn 0.7795 0.5669 0.2756
vn -0.9134 0.0630 -0.3937
vn -0.9134 -0.0551 -0.4016
vn -0.9291 0.0709 -0.3622
vn -0.9528 -0.0551 -0.2913
vn -0.7480 -0.0472 -0.6614
vn -0.8740 0.2047 -0.4409
vn 0.7795 0.5669 -0.2756
vn -0.5591 0.6378 -0.5276
vn -0.5591 0.6378 0.5276
vn -0.6772 0.5827 -0.4488
vn -0.6220 0.6693 -0.4094
vn -0.5984 0.6929 -0.4016
vn -0.6772 0.5748 -0.4567
vn -0.7638 0.3937 -0.5118
vn -0.6220 -0.5433 0.5669
vn -0.7165 -0.4094 0.5591
vn -0.7008 -0.5197 0.4882
vn -0.6535 -0.3780 0.6535
vn -0.3071 -0.5748 0.7559
vn -0.7244 -0.3858 0.5669
vn -0.7323 -0.1732 0.6614
vn -0.6772 0.5827 0.4488
vn -0.6220 0.6693 0.4094
vn -0.6772 0.5748 0.4567
vn -0.7638 0.3937 0.5118
vn -0.5984 0.6929 0.4016
vn -0.7165 -0.4094 -0.5591
vn -0.6220 -0.5433 -0.5669
vn -0.7008 -0.5197 -0.4882
vn -0.6535 -0.3780 -0.6535
vn -0.3071 -0.5748 -0.7559
vn -0.7244 -0.3858 -0.5669
vn -0.7323 -0.1732 -0.6614
vn 0.6299 -0.2756 0.7244
vn 0.6850 -0.2283 0.6850
vn 0.6299 -0.2835 0.7244
vn 0.5906 -0.3071 0.7402
vn 0.6299 -0.2756 -0.7244
vn 0.6850 -0.2283 -0.6850
vn 0.6299 -0.2835 -0.7244
vn 0.5906 -0.3071 -0.7402
vn 0.9134 0.3465 -0.2047
vn 0.8976 0.2992 -0.3386
vn 0.9213 0.3780 -0.1181
vn 0.9134 0.4094 0.0000
vn -0.0709 0.9055 -0.4173
vn -0.0709 0.9055 0.4173
vn -0.9370 0.2677 -0.2205
vn -0.9370 0.2126 -0.2598
vn -0.9134 0.0394 -0.4016
vn -0.9370 0.2677 0.2205
vn -0.9370 0.2126 0.2598
vn -0.9134 0.0394 0.4016
vn -0.6142 -0.1260 -0.7795
vn -0.7323 0.4724 0.4882
vn -0.6457 0.6299 0.4331
vn -0.6929 0.5512 0.4646
vn -0.6299 0.6535 0.4173
vn -0.6220 0.6614 0.4173
vn -0.7638 0.3858 0.5118
vn -0.7795 0.3386 0.5197
vn -0.8032 0.2677 0.5354
vn -0.0472 0.7480 -0.6614
vn -0.0866 0.6929 -0.7165
vn -0.0315 0.7638 -0.6457
vn 0.0000 0.7953 -0.6063
vn -0.6929 0.5512 -0.4646
vn -0.6299 0.6535 -0.4173
vn -0.6457 0.6299 -0.4331
vn -0.6220 0.6614 -0.4173
vn -0.7323 0.4724 -0.4882
vn -0.7638 0.3858 -0.5118
vn -0.7795 0.3386 -0.5197
vn -0.8032 0.2677 -0.5354
vn -0.0472 0.7480 0.6614
vn -0.0866 0.6929 0.7165
vn -0.0315 0.7638 0.6457
vn 0.0000 0.7953 0.6063
vn 0.3701 0.0315 0.9291
vn 0.2441 -0.0236 0.9685
vn 0.3937 0.0472 0.9213
vn 0.4488 0.0709 0.8898
vn 0.3701 0.0315 -0.9291
vn 0.2441 -0.0236 -0.9685
vn 0.3937 0.0472 -0.9213
vn 0.4488 0.0709 -0.8898
vn -0.7559 0.6299 0.1890
vn -0.7480 0.6220 0.2362
vn 0.4488 0.8661 -0.2283
vn 0.4409 0.8346 -0.3307
vn 0.4488 0.8504 -0.2835
vn 0.4409 0.8346 0.3307
vn 0.4488 0.8661 0.2283
vn 0.4488 0.8504 0.2835
vn -0.6063 -0.0945 0.7874
vn -0.6063 -0.0945 -0.7874
vn -0.7402 0.2283 0.6378
vn -0.7402 0.2126 0.6378
vn -0.7795 0.1417 0.6063
vn -0.8110 0.0866 0.5827
vn -0.8189 0.1024 0.5669
vn -0.7402 0.2283 -0.6378
vn -0.7402 0.2126 -0.6378
vn -0.7795 0.1417 -0.6063
vn -0.8110 0.0866 -0.5827
vn -0.8189 0.1024 -0.5669
vn -0.7717 0.5118 -0.3858
vn -0.8504 0.4488 -0.2835
vn -0.8346 0.4094 -0.3780
vn -0.9055 0.2362 -0.3543
vn -0.9291 0.3307 -0.1496
vn -0.9055 0.2126 -0.3622
vn -0.9449 0.1260 -0.3150
vn -0.7717 0.5512 0.3228
vn -0.7480 0.5433 0.3780
vn -0.8346 0.5118 0.2205
vn -0.7402 0.5591 0.3701
vn 0.9055 0.2756 0.3228
vn 0.9291 0.2677 0.2520
vn 0.9134 0.2756 0.2992
vn 0.8976 0.2835 0.3386
vn 0.9055 0.2756 -0.3228
vn 0.9134 0.2756 -0.2992
vn 0.9291 0.2677 -0.2520
vn 0.8976 0.2835 -0.3386
vn -0.7717 0.4803 0.4252
vn -0.8346 0.3858 0.3858
vn -0.7402 0.5118 0.4331
vn -0.6929 0.5669 0.4488
vn -0.7717 0.4803 -0.4252
vn -0.8346 0.3858 -0.3858
vn -0.7402 0.5118 -0.4331
vn -0.6929 0.5669 -0.4488
vn 0.4094 -0.3228 0.8504
vn 0.4094 -0.3228 -0.8504
vn -0.5827 0.4094 -0.7008
vn -0.4016 0.3622 -0.8425
vn 0.8425 -0.4331 0.3150
vn 0.8504 -0.4252 0.2992
vn 0.8425 -0.4331 -0.3150
vn 0.8504 -0.4252 -0.2992
vn -0.2913 -0.3386 -0.8976
vn -0.2520 -0.3622 -0.8976
vn -0.3543 -0.2992 -0.8819
vn -0.8504 0.4488 0.2835
vn -0.7717 0.5118 0.3858
vn -0.8346 0.4094 0.3780
vn -0.9055 0.2362 0.3543
vn -0.9291 0.3307 0.1496
vn -0.9055 0.2126 0.3622
vn -0.9449 0.1260 0.3150
vn -0.9921 0.1024 0.0000
vn -0.9449 0.1260 0.2992
vn -0.2520 -0.3622 0.8976
vn -0.2913 -0.3386 0.8976
vn -0.3543 -0.2992 0.8819
vn -0.4331 0.2598 -0.8661
vn -0.4961 0.2992 -0.8110
vn -0.3937 0.2441 -0.8898
vn -0.4961 0.2992 0.8110
vn -0.4331 0.2598 0.8661
vn -0.3937 0.2441 0.8898
vn 0.6378 -0.0709 0.7638
vn 0.6378 -0.0709 -0.7638
vn -0.6220 0.3228 -0.7087
vn -0.7244 0.3465 -0.5984
vn -0.6457 0.3386 -0.6850
vn -0.5512 0.2835 -0.7795
vn -0.7087 0.3543 -0.6142
vn -0.7874 0.3150 -0.5276
vn -0.5433 0.2835 -0.7874
vn -0.5197 0.3465 -0.7795
vn -0.5118 0.3937 -0.7638
vn -0.4961 0.4567 -0.7402
vn -0.6457 0.3386 0.6850
vn -0.7244 0.3465 0.5984
vn -0.6220 0.3228 0.7087
vn -0.5512 0.2835 0.7795
vn -0.7087 0.3543 0.6142
vn -0.7874 0.3150 0.5276
vn -0.5433 0.2835 0.7874
vn -0.5197 0.3465 0.7795
vn -0.5118 0.3937 0.7638
vn -0.4961 0.4567 0.7402
vn -0.6220 0.7717 -0.1181
vn -0.6220 0.7717 0.1181
vn 0.3543 0.3228 -0.8740
vn 0.4803 0.5118 -0.7087
vn 0.7953 0.1024 0.5906
vn 0.8110 0.1024 0.5827
vn 0.4252 0.1654 0.8898
vn 0.8032 0.0630 0.5906
vn 0.7717 -0.1260 0.6299
vn 0.3543 0.3228 0.8740
vn 0.4803 0.5118 0.7087
vn 0.7953 0.1024 -0.5906
vn 0.8110 0.1024 -0.5827
vn 0.4252 0.1654 -0.8898
vn 0.8032 0.0630 -0.5906
vn 0.7717 -0.1260 -0.6299
vn 0.2756 0.7087 -0.6535
vn 0.2756 0.7087 0.6535
vn -0.4961 0.2047 -0.8425
vn -0.4961 0.2047 0.8425
vn -0.7480 0.3386 -0.5748
vn -0.7402 0.4094 -0.5354
vn -0.7402 0.3543 -0.5669
vn -0.7480 0.3228 -0.5827
vn -0.7480 0.3386 0.5748
vn -0.7402 0.3543 0.5669
vn -0.7402 0.4094 0.5354
vn -0.7480 0.3228 0.5827
vn -0.7480 0.5433 -0.3780
vn -0.7402 0.5591 -0.3701
vn 0.7795 -0.0866 -0.6220
vn 0.7953 0.0315 -0.6063
vn 0.8819 -0.0157 -0.4724
vn 0.8661 0.0000 -0.5039
vn 0.7795 0.0945 -0.6142
vn 0.7638 0.0315 -0.6457
vn 0.6693 -0.1654 -0.7244
vn 0.7717 0.1181 -0.6220
vn 0.7008 0.3701 -0.6063
vn 0.6693 0.4173 -0.6142
vn 0.6535 -0.4882 -0.5748
vn 0.8661 0.0000 0.5039
vn 0.8819 -0.0157 0.4724
vn 0.7795 -0.0866 0.6220
vn 0.7953 0.0315 0.6063
vn 0.7795 0.0945 0.6142
vn 0.7638 0.0315 0.6457
vn 0.6693 -0.1654 0.7244
vn 0.7717 0.1181 0.6220
vn 0.7008 0.3701 0.6063
vn 0.6693 0.4173 0.6142
vn 0.6535 -0.4882 0.5748
vn -0.2835 0.1811 -0.9449
vn 0.7008 0.6614 -0.2677
vn -0.2835 0.1811 0.9449
vn 0.7008 0.6614 0.2677
vn -0.6142 0.1654 0.7717
vn -0.5118 0.2913 0.8110
vn -0.6142 0.1732 0.7717
vn -0.7087 0.0709 0.7087
vn -0.7559 0.2598 0.5984
vn -0.9370 0.2047 0.2835
vn -0.3543 0.4488 0.8189
vn -0.9528 0.2126 0.2205
vn -0.3622 0.4488 0.8189
vn -0.2441 0.6299 0.7402
vn -0.8740 0.3228 0.3543
vn -0.2441 0.6220 0.7480
vn -0.8740 0.3307 0.3543
vn -0.2126 0.7480 0.6299
vn -0.5276 0.6614 0.5276
vn -0.6299 0.6457 0.4252
vn -0.2126 0.8110 0.5433
vn -0.5118 0.7717 0.3780
vn -0.6378 0.7165 0.2835
vn -0.2362 0.8740 0.4252
vn -0.7559 0.6457 0.1024
vn -0.7559 0.6457 0.0945
vn -0.8425 0.5433 0.0079
vn -0.2441 0.8819 0.4094
vn -0.8976 0.4331 -0.0394
vn -0.2205 0.9055 0.3701
vn -0.2047 0.9055 0.3622
vn -0.1417 0.9291 0.3386
vn -0.1339 0.9291 0.3386
vn -0.1968 0.9134 0.3543
vn -0.2126 0.9055 0.3622
vn -0.2441 0.8976 0.3622
vn -0.2362 0.9055 0.3543
vn -0.6142 0.1732 -0.7717
vn -0.7559 0.2598 -0.5984
vn -0.5118 0.2913 -0.8110
vn -0.6142 0.1654 -0.7717
vn -0.7087 0.0709 -0.7087
vn -0.9370 0.2047 -0.2835
vn -0.3543 0.4488 -0.8189
vn -0.9528 0.2126 -0.2205
vn -0.3622 0.4488 -0.8189
vn -0.2441 0.6299 -0.7402
vn -0.8740 0.3228 -0.3543
vn -0.2441 0.6220 -0.7480
vn -0.8740 0.3307 -0.3543
vn -0.2126 0.7480 -0.6299
vn -0.5276 0.6614 -0.5276
vn -0.6299 0.6457 -0.4252
vn -0.2126 0.8110 -0.5433
vn -0.5118 0.7717 -0.3780
vn -0.6378 0.7165 -0.2835
vn -0.2362 0.8740 -0.4252
vn -0.7559 0.6457 -0.1024
vn -0.7559 0.6457 -0.0945
vn -0.8425 0.5433 -0.0079
vn -0.2441 0.8819 -0.4094
vn -0.2205 0.9055 -0.3701
vn -0.8976 0.4331 0.0394
vn -0.2047 0.9055 -0.3622
vn -0.1417 0.9291 -0.3386
vn -0.1339 0.9291 -0.3386
vn -0.1968 0.9134 -0.3543
vn -0.2126 0.9055 -0.3622
vn 0.9843 0.1339 -0.0945
vn 0.9843 0.1260 -0.1496
vn 0.9843 0.1260 -0.1417
vn 0.4331 0.0551 -0.8976
vn 0.9843 0.1339 0.0945
vn 0.9843 0.1260 0.1417
vn 0.9843 0.1260 0.1496
vn 0.4331 0.0551 0.8976
vn -0.2520 -0.2047 0.9449
vn -0.7165 0.1181 0.6850
vn -0.5354 -0.1181 0.8346
vn -0.7323 0.1890 0.6535
vn -0.6457 0.4724 0.5984
vn -0.6378 0.5039 0.5748
vn -0.6220 0.5433 0.5669
vn -0.1811 -0.2992 0.9370
vn -0.1496 -0.2047 0.9685
vn 0.3858 -0.2992 0.8740
vn 0.1417 -0.3071 0.9370
vn 0.5433 -0.3228 0.7717
vn 0.3307 -0.4567 0.8268
vn 0.5748 -0.3071 0.7559
vn 0.5669 -0.3071 0.7638
vn 0.7165 -0.3071 0.6299
vn 0.7323 -0.1811 0.6535
vn -0.3780 0.1260 -0.9134
vn -0.4094 0.0157 -0.9134
vn -0.3937 0.0709 -0.9134
vn -0.3386 0.2835 -0.8976
vn -0.4173 -0.0157 -0.9055
vn -0.5197 0.1024 -0.8504
vn -0.5354 0.1181 -0.8346
vn -0.5512 0.1102 -0.8268
vn -0.5354 -0.1181 -0.8346
vn -0.7323 0.1890 -0.6535
vn -0.7165 0.1181 -0.6850
vn -0.6457 0.4724 -0.5984
vn -0.6378 0.5039 -0.5748
vn -0.6220 0.5433 -0.5669
vn -0.2520 -0.2047 -0.9449
vn -0.1811 -0.2992 -0.9370
vn -0.1496 -0.2047 -0.9685
vn 0.3858 -0.2992 -0.8740
vn 0.1417 -0.3071 -0.9370
vn 0.5433 -0.3228 -0.7717
vn 0.3307 -0.4567 -0.8268
vn 0.5748 -0.3071 -0.7559
vn 0.5669 -0.3071 -0.7638
vn 0.7165 -0.3071 -0.6299
vn 0.7323 -0.1811 -0.6535
vn -0.3937 0.0709 0.9134
vn -0.4094 0.0157 0.9134
vn -0.3780 0.1260 0.9134
vn -0.3386 0.2835 0.8976
vn -0.4173 -0.0157 0.9055
vn -0.5197 0.1024 0.8504
vn -0.5354 0.1181 0.8346
vn -0.5512 0.1102 0.8268
vn -0.9764 0.1654 0.1339
vn -0.9449 0.2598 0.1811
vn -0.9606 0.2126 0.1575
vn -0.9921 0.1102 0.0945
vn -0.9449 0.2677 0.1968
vn -0.9291 0.3150 0.2126
vn -0.9213 0.3307 0.2126
vn -0.9843 0.1890 -0.0315
vn -0.9606 0.2126 -0.1575
vn -0.9449 0.2677 -0.1968
vn -0.9449 0.2598 -0.1811
vn -0.9764 0.1654 -0.1339
vn -0.9921 0.1102 -0.0945
vn -0.9291 0.3150 -0.2126
vn -0.9213 0.3307 -0.2126
vn -0.9843 0.1890 0.0315
vn -0.7087 0.5669 -0.4252
vn -0.7087 0.5669 0.4252
vn 0.3228 -0.3386 0.8819
vn 0.2520 -0.3937 0.8819
vn 0.2677 -0.3858 0.8819
vn 0.1654 -0.4724 0.8661
vn -0.5354 -0.5827 0.6142
vn -0.5354 -0.5827 -0.6142
vn 0.3228 -0.3386 -0.8819
vn 0.2520 -0.3937 -0.8819
vn 0.2677 -0.3858 -0.8819
vn 0.1654 -0.4724 -0.8661
vn -0.9528 -0.1968 -0.2283
vn -0.9528 -0.1968 0.2283
vn -0.9685 0.2441 -0.0787
vn -0.9685 0.2441 0.0787
vn 0.6693 -0.5197 0.5276
vn 0.6457 -0.5512 0.5354
vn 0.5591 -0.6299 0.5354
vn 0.4724 -0.7087 0.5354
vn 0.6693 -0.5197 -0.5276
vn 0.6457 -0.5512 -0.5354
vn 0.5591 -0.6299 -0.5354
vn 0.4724 -0.7087 -0.5354
vn 0.2047 -0.3622 0.9134
vn 0.1260 -0.2913 0.9449
vn 0.1890 -0.3543 0.9134
vn 0.1260 -0.2835 0.9528
vn 0.1181 -0.2362 0.9685
vn 0.2598 -0.4488 0.8583
vn 0.2598 -0.4567 0.8504
vn 0.2283 -0.5433 0.8110
vn 0.0551 -0.5984 0.7953
vn 0.0787 -0.5906 0.8032
vn -0.0866 -0.6535 0.7559
vn 0.1890 -0.3543 -0.9134
vn 0.1260 -0.2835 -0.9528
vn 0.1260 -0.2913 -0.9449
vn 0.1181 -0.2362 -0.9685
vn 0.2047 -0.3622 -0.9134
vn 0.2598 -0.4488 -0.8583
vn 0.2598 -0.4567 -0.8504
vn 0.2283 -0.5433 -0.8110
vn 0.0551 -0.5984 -0.7953
vn 0.0787 -0.5906 -0.8032
vn -0.0866 -0.6535 -0.7559
vn -0.7008 0.1496 -0.6929
vn -0.7008 0.1496 0.6929
vn 0.0472 -0.8110 0.5827
vn 0.2520 -0.9213 0.3071
vn 0.0945 -0.8740 0.4803
vn 0.2598 -0.9213 0.2992
vn 0.0394 -0.7874 0.6142
vn 0.3622 -0.9134 0.1811
vn 0.0315 -0.7717 0.6378
vn 0.3858 -0.9134 0.1339
vn -0.0551 -0.8425 0.5276
vn -0.1339 -0.8110 0.5748
vn -0.2126 -0.7165 0.6614
vn -0.2205 -0.7008 0.6772
vn -0.2441 -0.5039 0.8268
vn 0.2520 -0.9213 -0.3071
vn 0.0472 -0.8110 -0.5827
vn 0.0945 -0.8740 -0.4803
vn 0.2598 -0.9213 -0.2992
vn 0.0394 -0.7874 -0.6142
vn 0.3622 -0.9134 -0.1811
vn 0.0315 -0.7717 -0.6378
vn 0.3858 -0.9134 -0.1339
vn -0.0551 -0.8425 -0.5276
vn -0.1339 -0.8110 -0.5748
vn -0.2126 -0.7165 -0.6614
vn -0.2205 -0.7008 -0.6772
vn -0.2441 -0.5039 -0.8268
vn -0.6378 0.6850 -0.3465
vn -0.6378 0.6850 0.3465
vn 0.2441 0.0000 -0.9685
vn -0.2441 0.0000 -0.9685
vn 0.2441 0.0000 0.9685
vn -0.2441 0.0000 0.9685
vn 0.2677 0.2441 -0.9291
vn -0.0551 0.3071 -0.9528
vn 0.3780 0.1968 -0.9055
vn 0.3858 0.1181 -0.9134
vn 0.2126 -0.2756 -0.9370
vn 0.2283 -0.3307 -0.9134
vn -0.9921 -0.0787 -0.0394
vn 0.2677 0.2441 0.9291
vn -0.0551 0.3071 0.9528
vn 0.3780 0.1968 0.9055
vn 0.3858 0.1181 0.9134
vn 0.2126 -0.2756 0.9370
vn 0.2283 -0.3307 0.9134
vn -0.9921 -0.0787 0.0394
vn 0.7087 0.6063 -0.3465
vn 0.7087 0.6063 0.3465
vn 0.1339 0.8268 -0.5433
vn 0.1811 0.8110 -0.5591
vn -0.1260 0.8504 -0.5118
vn -0.2520 0.8268 -0.5039
vn 0.1339 0.8268 0.5433
vn -0.1260 0.8504 0.5118
vn 0.1811 0.8110 0.5591
vn -0.2520 0.8268 0.5039
vn 0.9685 0.1575 -0.1890
vn 0.9528 0.1732 -0.2520
vn 0.7874 0.2520 -0.5591
vn 0.7559 0.2598 -0.6063
vn 0.9685 0.1575 0.1890
vn 0.7874 0.2520 0.5591
vn 0.9528 0.1732 0.2520
vn 0.7559 0.2598 0.6063
vn 0.7008 -0.6535 0.2835
vn 0.6929 -0.6929 0.1968
vn 0.7008 -0.6535 -0.2835
vn 0.6929 -0.6929 -0.1968
vn 0.9606 0.1575 0.2205
vn 0.9291 0.2205 0.2913
vn 0.9449 0.2126 0.2598
vn 0.8819 0.2520 0.3937
vn 1.0000 0.0709 0.0000
vn 0.9291 0.2205 -0.2913
vn 0.9606 0.1575 -0.2205
vn 0.9449 0.2126 -0.2598
vn 0.8819 0.2520 -0.3937
vn -0.1102 0.8425 -0.5276
vn -0.1417 0.8189 -0.5591
vn -0.1102 0.8425 0.5276
vn -0.1417 0.8189 0.5591
vn 0.0000 0.7244 0.6929
vn 0.0000 0.7165 0.6929
vn 0.0000 0.8976 0.4331
vn 0.0000 0.9921 0.1260
vn -0.2520 0.8740 0.4173
vn 0.0000 0.9921 0.1339
vn -0.2756 0.6772 0.6850
vn -0.2283 0.9606 0.1496
vn -0.6378 0.6929 0.3228
vn 0.8425 0.4094 -0.3465
vn 0.8425 0.4094 0.3465
vn 0.6457 -0.7638 -0.0630
vn 0.6457 -0.7638 0.0630
vn 0.5984 -0.6772 -0.4252
vn 0.6220 -0.4646 -0.6220
vn 0.5984 -0.7008 -0.3858
vn -0.8346 0.0472 -0.5433
vn -0.7795 0.1890 -0.5906
vn -0.9213 -0.0472 -0.3780
vn -0.7874 -0.0866 -0.6063
vn -0.9291 -0.1260 -0.3465
vn -0.9685 -0.1260 -0.2283
vn -0.8819 -0.1260 -0.4567
vn -0.7008 -0.0866 -0.7087
vn -0.3071 0.0157 -0.9528
vn -0.5984 -0.0630 -0.7953
vn -0.5276 0.0157 -0.8504
vn -0.4646 0.0079 -0.8819
vn -0.0630 -0.0551 -1.0000
vn -0.0630 0.0472 -1.0000
vn -0.0630 0.0709 -0.9921
vn -0.8346 0.0472 0.5433
vn -0.7795 0.1890 0.5906
vn -0.9213 -0.0472 0.3780
vn -0.7874 -0.0866 0.6063
vn -0.9291 -0.1260 0.3465
vn -0.9685 -0.1260 0.2283
vn -0.8819 -0.1260 0.4567
vn -0.7008 -0.0866 0.7087
vn -0.3071 0.0157 0.9528
vn -0.5984 -0.0630 0.7953
vn -0.5276 0.0157 0.8504
vn -0.4646 0.0079 0.8819
vn -0.0630 -0.0551 1.0000
vn -0.0630 0.0472 1.0000
vn -0.0630 0.0709 0.9921
vn -0.7559 0.6299 -0.1890
vn -0.7480 0.6220 -0.2362
vn -0.7244 0.5906 -0.3622
vn -0.6535 0.5197 -0.5512
vn -0.6535 0.5197 0.5512
vn 0.5433 -0.4646 -0.7008
vn 0.5433 -0.4646 0.7008
vn -0.2598 0.8583 -0.4488
vn -0.2598 0.8583 -0.4409
vn -0.2441 0.8346 -0.4882
vn -0.2520 0.8661 -0.4331
vn -0.2283 0.8583 -0.4567
vn -0.2441 0.8504 -0.4567
vn -0.3701 0.8032 -0.4646
vn -0.8661 -0.4961 0.0000
vn -0.2598 0.8583 0.4409
vn -0.2598 0.8583 0.4488
vn -0.2441 0.8346 0.4882
vn -0.2520 0.8661 0.4331
vn -0.2283 0.8583 0.4567
vn -0.2441 0.8504 0.4567
vn -0.3701 0.8032 0.4646
vn 0.3307 -0.0709 -0.9449
vn 0.3307 -0.0709 0.9449
vn 0.1811 0.4252 -0.8898
vn 0.1732 0.4094 -0.8976
vn 0.1260 0.3543 -0.9291
vn 0.2126 0.4724 -0.8583
vn 0.1339 0.3701 -0.9213
vn 0.0236 0.2441 -0.9685
vn 0.1732 0.4094 0.8976
vn 0.1811 0.4252 0.8898
vn 0.1260 0.3543 0.9291
vn 0.2126 0.4724 0.8583
vn 0.1339 0.3701 0.9213
vn 0.0236 0.2441 0.9685
vn 0.0315 0.0315 -1.0000
vn 0.2205 -0.1417 -0.9606
vn 0.0315 0.0630 -1.0000
vn 0.0000 0.1102 -0.9921
vn 0.0472 0.1417 -0.9921
vn 0.0315 0.0315 1.0000
vn 0.0315 0.0630 1.0000
vn 0.2205 -0.1417 0.9606
vn 0.0000 0.1102 0.9921
vn 0.0472 0.1417 0.9921
vn -0.1732 0.2126 -0.9606
vn -0.2126 0.2283 -0.9528
vn -0.1890 0.2205 -0.9606
vn -0.5433 0.3780 -0.7480
vn -0.1732 0.2126 0.9606
vn -0.1890 0.2205 0.9606
vn -0.2126 0.2283 0.9528
vn -0.5433 0.3780 0.7480
vn 0.0709 0.9449 0.3150
vn 0.2520 0.9213 0.3071
vn 0.0000 0.8740 0.4882
vn 0.0000 0.8583 0.5118
vn -0.0551 0.9606 0.2598
vn 0.1024 0.6142 0.7874
vn 0.0000 0.8425 0.5354
vn -0.0630 0.5827 0.8110
vn -0.0945 0.5433 0.8346
vn -0.1260 0.2598 0.9528
vn -0.2283 0.2835 0.9291
vn 0.1811 0.5039 0.8425
vn 0.4094 0.4094 0.8189
vn -0.1890 0.0787 0.9764
vn -0.2992 0.1181 0.9449
vn -0.6063 0.7165 0.3307
vn -0.6220 0.7244 0.3071
vn -0.0157 0.3150 0.9449
vn -0.0472 0.5748 0.8189
vn -0.0236 0.3858 0.9213
vn 0.0000 0.1417 0.9921
vn -0.0157 0.3150 -0.9449
vn -0.0236 0.3858 -0.9213
vn -0.0472 0.5748 -0.8189
vn 0.0000 0.1417 -0.9921
vn -0.0709 -0.6693 0.7402
vn -0.0709 -0.6693 -0.7402
vn 0.4173 0.8819 -0.1968
vn 0.2520 0.9213 -0.3071
vn 0.0709 0.9449 -0.3150
vn 0.0000 0.8740 -0.4882
vn 0.0000 0.8583 -0.5118
vn 0.1024 0.6142 -0.7874
vn -0.6063 0.7165 -0.3307
vn -0.6220 0.7244 -0.3071
vn 0.0000 0.8425 -0.5354
vn -0.0630 0.5827 -0.8110
vn -0.0945 0.5433 -0.8346
vn -0.1260 0.2598 -0.9528
vn -0.2283 0.2835 -0.9291
vn 0.1811 0.5039 -0.8425
vn 0.4094 0.4094 -0.8189
vn -0.1890 0.0787 -0.9764
vn -0.2992 0.1181 -0.9449
vn 0.4331 0.2913 -0.8504
vn 0.4331 0.2913 0.8504
vn -0.4094 -0.1654 -0.8976
vn -0.4094 -0.1654 0.8976
vn -0.9291 0.1890 0.3228
vn -0.9291 -0.0630 0.3701
vn -0.9449 -0.0157 0.3228
vn -0.9055 0.0079 0.4173
vn -0.8740 0.3543 0.3465
vn -0.8268 0.3386 0.4488
vn -0.8268 0.3465 0.4488
vn -0.8819 0.0709 0.4724
vn -0.8740 0.0157 0.4803
vn -0.8504 -0.1417 0.5118
vn -0.9291 0.1890 -0.3228
vn -0.9449 -0.0157 -0.3228
vn -0.9291 -0.0630 -0.3701
vn -0.9055 0.0079 -0.4173
vn -0.8740 0.3543 -0.3465
vn -0.8268 0.3386 -0.4488
vn -0.8268 0.3465 -0.4488
vn -0.8819 0.0709 -0.4724
vn -0.8740 0.0157 -0.4803
vn -0.8504 -0.1417 -0.5118
vn 0.3543 0.2835 0.8898
vn 0.3543 0.2835 -0.8898
vn -0.1339 -0.0945 -0.9843
vn 0.0079 0.0394 -1.0000
vn -0.0315 0.0000 -1.0000
vn 0.1024 0.1260 -0.9843
vn -0.1339 -0.0945 0.9843
vn -0.0315 0.0000 1.0000
vn 0.0079 0.0394 1.0000
vn 0.1024 0.1260 0.9843
vn -0.0630 0.7559 -0.6535
vn 0.1654 0.7402 -0.6535
vn -0.0236 0.7559 -0.6614
vn -0.3780 0.6378 -0.6693
vn -0.4094 0.6220 -0.6693
vn 0.1654 0.7402 0.6535
vn -0.0630 0.7559 0.6535
vn -0.0236 0.7559 0.6614
vn -0.3780 0.6378 0.6693
vn -0.4094 0.6220 0.6693
vn -0.0866 0.2205 -0.9685
vn -0.0866 0.2205 0.9685
vn 0.6929 -0.6535 0.3071
vn 0.6929 -0.6535 -0.3071
vn 0.8032 -0.5984 0.0000
vn -0.6614 -0.1102 -0.7402
vn -0.6614 -0.1102 0.7402
vn -0.2441 0.0079 -0.9685
vn -0.0709 0.1496 -0.9843
vn -0.0945 0.1260 -0.9843
vn 0.0866 0.2677 -0.9606
vn -0.0709 0.1496 0.9843
vn -0.2441 0.0079 0.9685
vn -0.0945 0.1260 0.9843
vn 0.0866 0.2677 0.9606
vn 0.8425 0.1890 0.4961
vn 0.8425 0.1890 -0.4961
vn -0.9843 0.1654 -0.0709
vn -0.9843 0.1654 0.0709
vn 0.9528 0.2126 -0.2205
vn 1.0000 -0.0079 0.0000
vn 1.0000 0.0315 -0.0394
vn -0.7244 0.5906 0.3622
vn 0.9528 0.2126 0.2205
vn 1.0000 0.0315 0.0394
vn 0.3465 0.3228 0.8819
vn 0.1102 0.3543 0.9291
vn 0.4803 0.2913 0.8268
vn 0.5118 0.3307 0.7953
vn 0.6614 0.3150 0.6850
vn 0.8346 0.1890 0.5197
vn 0.8976 0.1968 0.3858
vn 0.4016 0.4252 0.8110
vn 0.3465 0.3228 -0.8819
vn 0.1102 0.3543 -0.9291
vn 0.4803 0.2913 -0.8268
vn 0.5118 0.3307 -0.7953
vn 0.6614 0.3150 -0.6850
vn 0.4016 0.4252 -0.8110
vn 0.8346 0.1890 -0.5197
vn 0.8976 0.1968 -0.3858
vn -0.8740 -0.0236 -0.4803
vn -0.8504 -0.1968 -0.4961
vn -0.8583 0.2835 -0.4331
vn 0.8189 -0.3386 0.4646
vn -0.8740 -0.0236 0.4803
vn -0.8504 -0.1968 0.4961
vn -0.8583 0.2835 0.4331
vn 0.8189 -0.3386 -0.4646
vn 0.0551 0.4016 0.9134
vn 0.1417 0.9843 0.1260
vn 0.1417 0.9843 -0.1260
vn 0.0551 0.4016 -0.9134
vn 0.3701 0.0000 0.9291
vn -0.2205 -0.7323 0.6457
vn -0.2756 -0.7244 0.6299
vn -0.6220 -0.6220 0.4882
vn 0.3701 0.0000 -0.9291
vn -0.2756 -0.7244 -0.6299
vn -0.2205 -0.7323 -0.6457
vn -0.6220 -0.6220 -0.4882
vn -0.9921 0.1024 0.0709
vn -1.0000 0.0709 0.0000
vn -0.9921 0.1024 -0.0709
vn 0.1102 0.0787 0.9921
vn 0.2992 0.0394 0.9528
vn 0.0709 0.0236 1.0000
vn 0.0787 -0.0236 1.0000
vn 0.4724 -0.0787 0.8819
vn 0.1575 -0.1181 0.9843
vn 0.5118 -0.2047 0.8346
vn 0.8583 -0.1102 0.4961
vn 0.8740 0.0000 0.4803
vn 0.8110 -0.2677 0.5197
vn 0.2992 0.0394 -0.9528
vn 0.1102 0.0787 -0.9921
vn 0.0709 0.0236 -1.0000
vn 0.0787 -0.0236 -1.0000
vn 0.4724 -0.0787 -0.8819
vn 0.8740 0.0000 -0.4803
vn 0.1575 -0.1181 -0.9843
vn 0.8583 -0.1102 -0.4961
vn 0.5118 -0.2047 -0.8346
vn 0.8110 -0.2677 -0.5197
vn 0.9291 -0.3386 -0.1260
vn 0.9449 -0.3228 -0.0945
vn 0.8976 -0.3858 0.2126
vn 0.9449 -0.1417 0.2913
vn 0.9449 -0.1575 0.2835
vn 0.9449 -0.0709 0.3150
vn 0.9449 -0.3228 0.0945
vn 0.9291 -0.3386 0.1260
vn 0.8976 -0.3858 -0.2126
vn 0.9449 -0.1417 -0.2913
vn 0.9449 -0.1575 -0.2835
vn 0.9449 -0.0709 -0.3150
vn 0.8898 0.0630 -0.4488
vn 0.8898 0.0630 0.4488
vn 1.0000 -0.0315 0.0000
vn -0.9764 -0.0866 -0.1811
vn -0.9764 -0.2205 0.0000
vn -0.9764 -0.2283 0.0000
vn -0.9449 -0.3386 0.0000
vn 0.3858 -0.0472 -0.9213
vn 0.2598 0.0472 -0.9685
vn 0.4173 0.0630 -0.9055
vn 0.2126 0.1260 -0.9685
vn 0.2126 0.2205 -0.9528
vn 0.1968 0.3858 -0.8976
vn 0.6929 0.2126 -0.6929
vn 0.6614 0.1181 -0.7402
vn 0.4646 -0.0630 -0.8819
vn 0.4961 -0.1575 -0.8504
vn 0.5669 -0.0472 -0.8189
vn 0.4646 -0.0630 0.8819
vn 0.4173 0.0630 0.9055
vn 0.3858 -0.0472 0.9213
vn 0.4961 -0.1575 0.8504
vn 0.5669 -0.0472 0.8189
vn 0.6614 0.1181 0.7402
vn 0.6929 0.2126 0.6929
vn 0.2598 0.0472 0.9685
vn 0.2126 0.1260 0.9685
vn 0.2126 0.2205 0.9528
vn 0.1968 0.3858 0.8976
vn -0.1260 0.9055 -0.4016
vn 0.0315 0.9449 -0.3228
vn 0.0315 0.9449 0.3228
vn -0.1260 0.9055 0.4016
vn -0.6299 -0.4252 -0.6457
vn -0.6614 -0.4567 -0.5984
vn -0.6850 -0.4882 -0.5512
vn -0.4488 -0.2047 -0.8740
vn -0.4882 -0.2598 -0.8346
vn -0.0945 0.3228 -0.9370
vn -0.0787 0.2598 -0.9606
vn -0.1024 0.3543 -0.9291
vn -0.6850 -0.4882 0.5512
vn -0.6614 -0.4567 0.5984
vn -0.6299 -0.4252 0.6457
vn -0.4488 -0.2047 0.8740
vn -0.4882 -0.2598 0.8346
vn -0.0945 0.3228 0.9370
vn -0.0787 0.2598 0.9606
vn -0.1024 0.3543 0.9291
vn -0.2126 0.5512 0.8032
vn -0.2126 0.5512 -0.8032
vn 0.0866 -0.0630 -0.9921
vn 0.0709 -0.0630 -0.9921
vn 0.0236 -0.0630 -1.0000
vn 0.0000 -0.0630 -1.0000
vn -0.9449 0.1260 -0.2992
vn 0.0866 -0.0630 0.9921
vn 0.0236 -0.0630 1.0000
vn 0.0709 -0.0630 0.9921
vn 0.0000 -0.0630 1.0000
vn -0.1496 0.3858 -0.9134
vn -0.1496 0.3858 0.9134
vn -0.0236 0.7717 -0.6378
vn -0.0236 0.7717 0.6378
vn 0.7874 -0.3228 -0.5276
vn 0.7874 -0.3228 0.5276
vn 0.4331 0.3543 -0.8268
vn 0.4331 0.3543 0.8268
vn 0.0236 0.8661 -0.4961
vn 0.7874 -0.5906 0.1968
vn 0.7874 -0.5906 -0.1968
vn 0.1339 0.8976 0.4252
vn 0.0000 -0.3622 -0.9291
vn -0.3307 0.2835 -0.8976
vn -0.3307 0.2835 0.8976
vn -0.8110 0.3543 -0.4724
vn -0.8110 0.3543 0.4724
vn -0.4409 0.7795 -0.4409
vn -0.4409 0.7795 0.4409
vn 0.3858 0.4646 -0.7953
vn 0.3543 0.4331 -0.8268
vn 0.4488 0.5118 -0.7323
vn 0.5827 0.6220 -0.5197
vn 0.4488 0.5118 0.7323
vn 0.3543 0.4331 0.8268
vn 0.3858 0.4646 0.7953
vn 0.5827 0.6220 0.5197
vn 0.7402 0.1260 -0.6614
vn 0.7638 0.1102 -0.6378
vn 0.7638 0.1102 0.6378
vn 0.7402 0.1260 0.6614
vn 0.5276 0.3307 -0.7795
vn 0.6142 0.4567 -0.6457
vn 0.5118 0.4646 -0.7165
vn 0.4567 0.5197 -0.7165
vn 0.4567 0.5354 -0.7087
vn 0.5276 0.3307 0.7795
vn 0.5118 0.4646 0.7165
vn 0.6142 0.4567 0.6457
vn 0.4567 0.5197 0.7165
vn 0.4567 0.5354 0.7087
vn -0.8425 0.4882 -0.2362
vn -0.8268 0.5118 -0.2362
vn -0.8425 0.4882 0.2362
vn -0.8268 0.5118 0.2362
vn -0.1654 0.3307 -0.9291
vn -0.2913 0.2992 -0.9055
vn -0.2047 0.3228 -0.9213
vn -0.2992 0.2992 -0.9055
vn -0.0945 0.3543 -0.9291
vn -0.1654 0.3307 0.9291
vn -0.2047 0.3228 0.9213
vn -0.2913 0.2992 0.9055
vn -0.2992 0.2992 0.9055
vn -0.0945 0.3543 0.9291
vn 0.6378 0.0000 0.7717
vn 0.4488 0.0000 0.8976
vn 0.8346 0.0000 0.5512
vn 0.4488 0.0000 -0.8976
vn 0.6378 0.0000 -0.7717
vn 0.8346 0.0000 -0.5512
vn 0.9606 -0.2835 0.0000
vn 0.0630 0.3543 -0.9291
vn 0.0630 0.3543 0.9291
vn -0.9764 -0.0866 0.1811
vn 0.9134 0.2598 -0.3150
vn 0.9134 0.2598 0.3150
vn -0.8976 0.4409 -0.0315
vn -0.9291 0.3622 -0.0236
vn -0.9370 0.3543 -0.0236
vn -0.8976 0.4409 0.0315
vn -0.9291 0.3622 0.0236
vn -0.9370 0.3543 0.0236
vn -0.0394 0.3386 -0.9449
vn -0.0709 0.3307 -0.9449
vn -0.0551 0.3307 -0.9449
vn -0.0157 0.3386 -0.9370
vn -0.0394 0.3386 0.9449
vn -0.0551 0.3307 0.9449
vn -0.0709 0.3307 0.9449
vn -0.0157 0.3386 0.9370
vn 0.0000 -0.1732 -0.9843
vn 0.0000 -0.1732 0.9843
vn -0.9606 -0.1102 -0.2520
vn -0.8504 -0.2598 -0.4567
vn -0.8661 -0.2441 -0.4409
vn -0.8032 -0.2205 -0.5591
vn -0.8189 -0.1654 -0.5512
vn -0.8583 0.0079 -0.5197
vn -0.8504 -0.2598 0.4567
vn -0.9606 -0.1102 0.2520
vn -0.8661 -0.2441 0.4409
vn -0.8032 -0.2205 0.5591
vn -0.8189 -0.1654 0.5512
vn -0.8583 0.0079 0.5197
vn -0.8976 0.3858 0.2126
vn -0.8976 0.3858 -0.2126
vn 0.8583 -0.1181 0.4961
vn 0.8583 -0.1181 -0.4961
vn -0.1811 0.9843 0.0472
vn -0.1811 0.9843 -0.0472
vn 0.9134 -0.3150 -0.2520
vn 0.9134 -0.3150 0.2520
vn 0.6220 -0.0945 -0.7717
vn 0.6063 -0.0236 -0.7953
vn 0.6220 -0.0866 -0.7795
vn 0.5748 -0.5748 -0.5748
vn 0.5984 -0.0157 -0.8032
vn 0.5906 0.0000 -0.8032
vn 0.6220 -0.0945 0.7717
vn 0.6063 -0.0236 0.7953
vn 0.5984 -0.0157 0.8032
vn 0.5906 0.0000 0.8032
vn 0.6220 -0.0866 0.7795
vn 0.5748 -0.5748 0.5748
vn -0.4961 -0.8583 0.1260
vn -0.4961 -0.8504 0.1654
vn -0.4961 -0.8583 0.1339
vn -0.4961 -0.8504 -0.1654
vn -0.4961 -0.8583 -0.1260
vn -0.4961 -0.8583 -0.1339
vn 0.8583 -0.1732 0.4803
vn 0.8583 -0.1732 -0.4803
vn -0.9528 0.3071 0.0079
vn -0.9528 0.3071 -0.0079
vn 0.7717 -0.3307 -0.5512
vn 0.7717 -0.3307 0.5512
vn -0.2677 -0.6614 -0.7008
vn -0.2992 -0.6772 -0.6693
vn -0.0866 -0.6772 -0.7323
vn -0.0394 -0.6772 -0.7323
vn 0.0787 -0.6929 -0.7165
vn 0.0945 -0.7165 -0.6929
vn 0.0945 -0.7165 -0.6850
vn 0.0945 -0.6772 -0.7244
vn 0.0866 -0.6535 -0.7559
vn 0.0315 -0.4961 -0.8661
vn 0.0394 -0.5118 -0.8583
vn -0.3780 -0.3701 -0.8504
vn 0.0000 -0.3228 -0.9449
vn -0.2441 -0.3937 -0.8819
vn -0.6457 -0.3465 -0.6850
vn -0.7008 -0.3307 -0.6378
vn -0.7008 -0.3228 -0.6378
vn -0.8976 -0.1968 -0.4016
vn -0.2677 -0.6614 0.7008
vn -0.2992 -0.6772 0.6693
vn -0.0866 -0.6772 0.7323
vn -0.0394 -0.6772 0.7323
vn 0.0787 -0.6929 0.7165
vn 0.0945 -0.7165 0.6929
vn 0.0945 -0.7165 0.6850
vn 0.0945 -0.6772 0.7244
vn 0.0866 -0.6535 0.7559
vn 0.0315 -0.4961 0.8661
vn 0.0394 -0.5118 0.8583
vn -0.3780 -0.3701 0.8504
vn -0.2441 -0.3937 0.8819
vn 0.0000 -0.3228 0.9449
vn -0.6457 -0.3465 0.6850
vn -0.7008 -0.3307 0.6378
vn -0.7008 -0.3228 0.6378
vn -0.8976 -0.1968 0.4016
vn -0.5827 0.1260 0.8032
vn -0.5748 0.2362 0.7874
vn -0.5827 0.1339 0.8032
vn -0.5039 -0.1102 0.8583
vn -0.5197 -0.0945 0.8504
vn -0.3701 -0.2677 0.8898
vn -0.5827 0.1260 -0.8032
vn -0.5748 0.2362 -0.7874
vn -0.5827 0.1339 -0.8032
vn -0.5039 -0.1102 -0.8583
vn -0.5197 -0.0945 -0.8504
vn -0.3701 -0.2677 -0.8898
vn 0.6850 -0.7008 0.2126
vn -0.2362 -0.1968 0.9528
vn -0.3937 -0.1968 0.8976
vn -0.6299 -0.1968 0.7480
vn -0.8032 0.0236 0.5984
vn -0.8346 -0.1811 0.5197
vn -0.8032 0.0709 0.5906
vn -0.7480 0.2441 0.6220
vn 0.6850 -0.7008 -0.2126
vn -0.2362 -0.1968 -0.9528
vn -0.6299 -0.1968 -0.7480
vn -0.3937 -0.1968 -0.8976
vn -0.8032 0.0236 -0.5984
vn -0.8346 -0.1811 -0.5197
vn -0.8032 0.0709 -0.5906
vn -0.7480 0.2441 -0.6220
vn -0.6693 -0.5906 0.4567
vn -0.7402 -0.5433 0.3937
vn -0.8110 -0.4882 0.3150
vn -0.9370 -0.3228 0.1181
vn -0.8110 -0.4882 -0.3150
vn -0.6693 -0.5906 -0.4567
vn -0.7402 -0.5433 -0.3937
vn -0.9370 -0.3228 -0.1181
vn 0.2992 0.3937 0.8661
vn 0.2992 0.3937 -0.8661
vn 0.7559 -0.6142 -0.2441
vn 0.2047 0.7402 -0.6378
vn 0.7559 -0.6142 0.2441
vn 0.2047 0.7402 0.6378
vn -0.6457 0.2047 -0.7402
vn -0.5748 0.3622 -0.7402
vn -0.6457 0.2126 -0.7402
vn -0.8032 -0.0157 -0.5984
vn -0.7953 -0.0079 -0.6063
vn -0.8819 -0.1181 -0.4646
vn -0.8819 -0.1181 -0.4567
vn -0.7087 0.0000 -0.7087
vn 0.8740 -0.3228 -0.3622
vn 0.8819 -0.3228 -0.3465
vn 0.8740 -0.3228 -0.3543
vn 0.8661 -0.3228 -0.3780
vn -0.6457 0.2047 0.7402
vn -0.5748 0.3622 0.7402
vn -0.6457 0.2126 0.7402
vn -0.8032 -0.0157 0.5984
vn -0.7953 -0.0079 0.6063
vn -0.8819 -0.1181 0.4646
vn -0.8819 -0.1181 0.4567
vn -0.7087 0.0000 0.7087
vn 0.8740 -0.3228 0.3622
vn 0.8819 -0.3228 0.3465
vn 0.8740 -0.3228 0.3543
vn 0.8661 -0.3228 0.3780
vn 0.9685 -0.1575 -0.1968
vn 0.9685 -0.1496 -0.2047
vn 0.9606 -0.2362 -0.1496
vn 0.1968 -0.0315 -0.9764
vn 0.9685 -0.1575 0.1968
vn 0.9685 -0.1496 0.2047
vn 0.9606 -0.2362 0.1496
vn 0.1968 -0.0315 0.9764
vn 0.9370 -0.3150 -0.1260
vn 0.9370 -0.3228 -0.1339
vn 0.9449 -0.3228 0.0000
vn 0.9370 -0.3228 -0.1260
vn 0.9213 -0.3780 -0.1024
vn 0.9370 -0.3150 0.1260
vn 0.9370 -0.3228 0.1339
vn 0.9370 -0.3228 0.1260
vn 0.9213 -0.3780 0.1024
vn 0.9685 -0.0945 -0.2362
vn 0.9528 -0.1260 -0.2835
vn 0.9685 -0.1024 -0.2205
vn 0.9449 -0.0866 -0.3071
vn 0.9764 -0.0787 -0.2047
vn 0.9685 -0.0945 0.2362
vn 0.9685 -0.1024 0.2205
vn 0.9528 -0.1260 0.2835
vn 0.9764 -0.0787 0.2047
vn 0.9449 -0.0866 0.3071
vn 0.3780 -0.4961 -0.7795
vn 0.3071 -0.5197 -0.7953
vn 0.3150 -0.5197 -0.7953
vn 0.0945 -0.5591 -0.8189
vn 0.3780 -0.4961 0.7795
vn 0.3071 -0.5197 0.7953
vn 0.3150 -0.5197 0.7953
vn 0.0945 -0.5591 0.8189
vn 0.4488 0.6929 -0.5669
vn 0.3228 0.8110 -0.4882
vn 0.3307 0.8032 -0.4961
vn 0.3307 0.8740 -0.3543
vn 0.4252 0.7165 -0.5591
vn 0.4488 0.6929 0.5669
vn 0.3228 0.8110 0.4882
vn 0.4252 0.7165 0.5591
vn 0.3307 0.8032 0.4961
vn 0.3307 0.8740 0.3543
vn 0.9370 -0.1024 -0.3307
vn 0.9291 -0.0945 -0.3543
vn 0.9449 -0.1102 -0.3071
vn 0.9213 -0.0787 -0.3780
vn 0.9370 -0.1024 0.3307
vn 0.9449 -0.1102 0.3071
vn 0.9291 -0.0945 0.3543
vn 0.9213 -0.0787 0.3780
vn 0.9764 0.0236 -0.2205
vn 0.9528 0.0787 -0.2913
vn 0.9606 0.0630 -0.2677
vn 0.9291 0.1260 -0.3543
vn 0.9764 0.0236 0.2205
vn 0.9606 0.0630 0.2677
vn 0.9528 0.0787 0.2913
vn 0.9291 0.1260 0.3543
vn -0.7323 0.2598 0.6299
vn -0.5748 0.3228 0.7480
vn -0.7323 0.2441 0.6378
vn -0.7402 0.3071 0.5984
vn -0.4646 0.3701 0.8032
vn -0.4331 0.3780 0.8189
vn -0.4331 0.3701 0.8268
vn -0.5512 0.2756 0.7874
vn -0.4961 0.1339 0.8583
vn -0.3780 0.0787 0.9213
vn -0.7323 0.2441 -0.6378
vn -0.4646 0.3701 -0.8032
vn -0.5748 0.3228 -0.7480
vn -0.4331 0.3780 -0.8189
vn -0.7323 0.2598 -0.6299
vn -0.7402 0.3071 -0.5984
vn -0.4331 0.3701 -0.8268
vn -0.5512 0.2756 -0.7874
vn -0.4961 0.1339 -0.8583
vn -0.3780 0.0787 -0.9213
vn 0.9528 -0.2126 -0.2362
vn 0.9528 -0.2126 -0.1968
vn 0.9449 -0.2362 -0.2362
vn 0.9528 -0.2441 -0.1811
vn 0.9528 -0.2677 -0.1496
vn 0.9606 -0.2677 -0.0945
vn 0.9685 -0.2283 -0.0945
vn 0.9528 -0.2756 -0.0945
vn 0.1890 0.9685 0.1654
vn 0.0079 1.0000 0.0394
vn 0.0000 0.9291 0.3701
vn 0.3150 0.9449 0.0000
vn -0.1102 0.9449 0.3071
vn -0.2756 0.9528 -0.1417
vn 0.9528 -0.2126 0.2362
vn 0.9449 -0.2362 0.2362
vn 0.9528 -0.2126 0.1968
vn 0.9528 -0.2441 0.1811
vn 0.9528 -0.2677 0.1496
vn 0.9606 -0.2677 0.0945
vn 0.9685 -0.2283 0.0945
vn 0.9528 -0.2756 0.0945
vn 0.0079 1.0000 -0.0394
vn 0.1890 0.9685 -0.1654
vn 0.0000 0.9291 -0.3701
vn -0.1102 0.9449 -0.3071
vn -0.2756 0.9528 0.1417
vn 0.6378 -0.0551 -0.7717
vn 0.6378 -0.0551 0.7717
vn 0.6378 -0.2913 -0.7165
vn 0.5591 -0.2047 -0.8032
vn 0.6142 -0.2913 -0.7323
vn 0.5591 -0.2205 -0.7953
vn 0.5276 -0.1575 -0.8346
vn 0.5433 -0.1811 -0.8189
vn 0.5512 -0.0945 -0.8346
vn 0.6378 -0.2913 0.7165
vn 0.5591 -0.2047 0.8032
vn 0.6142 -0.2913 0.7323
vn 0.5591 -0.2205 0.7953
vn 0.5276 -0.1575 0.8346
vn 0.5433 -0.1811 0.8189
vn 0.5512 -0.0945 0.8346
vn 0.7953 -0.0394 -0.5984
vn 0.7953 -0.0394 0.5984
vn 0.8819 0.1968 -0.4252
vn 0.8819 0.1968 0.4252
vn 0.5906 -0.3071 -0.7480
vn 0.8819 -0.1890 -0.4331
vn 0.7795 -0.2520 -0.5748
vn 0.9449 -0.1260 -0.3071
vn 0.5827 -0.3071 -0.7480
vn 0.5591 -0.2598 -0.7874
vn 0.5512 -0.2677 -0.7874
vn 0.6063 -0.3150 -0.7323
vn 0.5984 -0.3543 -0.7165
vn 0.6063 -0.5669 -0.5591
vn 0.6063 -0.5906 -0.5354
vn 0.5984 -0.7165 -0.3622
vn 0.5984 -0.7165 -0.3543
vn 0.6614 -0.4646 -0.5827
vn 0.8819 -0.1890 0.4331
vn 0.5906 -0.3071 0.7480
vn 0.7795 -0.2520 0.5748
vn 0.9449 -0.1260 0.3071
vn 0.5827 -0.3071 0.7480
vn 0.5591 -0.2598 0.7874
vn 0.5512 -0.2677 0.7874
vn 0.6063 -0.3150 0.7323
vn 0.5984 -0.3543 0.7165
vn 0.6063 -0.5669 0.5591
vn 0.6063 -0.5906 0.5354
vn 0.5984 -0.7165 0.3622
vn 0.5984 -0.7165 0.3543
vn 0.6614 -0.4646 0.5827
vn 0.9843 -0.1732 0.0000
vn 0.9528 -0.1654 -0.2441
vn 0.9528 -0.1654 0.2441
vn 0.0315 0.8268 -0.5591
vn -0.0787 0.8504 -0.5276
vn -0.1339 0.8504 -0.5039
vn -0.1496 0.8976 -0.4173
vn 0.0315 0.8268 0.5591
vn -0.0787 0.8504 0.5276
vn -0.1339 0.8504 0.5039
vn -0.1496 0.8976 0.4173
vn 0.7638 -0.2520 -0.5984
vn 0.8032 -0.2520 -0.5354
vn 0.7480 -0.2520 -0.6142
vn 0.6772 -0.2362 -0.7008
vn 0.7480 -0.2520 0.6142
vn 0.8032 -0.2520 0.5354
vn 0.7638 -0.2520 0.5984
vn 0.6772 -0.2362 0.7008
vn 0.1575 0.9134 0.3780
vn -0.0079 1.0000 0.0000
vn 0.0000 0.8819 0.4646
vn 0.3937 0.9213 0.0000
vn -0.1417 0.9055 0.4016
vn -0.4488 0.8976 0.0000
vn 0.1575 0.9134 -0.3780
vn 0.0000 0.8819 -0.4646
vn -0.1417 0.9055 -0.4016
vn 0.2598 0.9606 -0.1102
vn -0.1260 0.9528 -0.2835
vn -0.2362 0.9449 -0.2362
vn 0.2598 0.9606 0.1102
vn -0.1260 0.9528 0.2835
vn -0.2362 0.9449 0.2362
vn -0.4724 -0.6535 -0.5906
vn -0.4724 -0.6614 -0.5827
vn -0.4252 -0.5669 -0.7087
vn -0.4724 -0.6535 0.5906
vn -0.4724 -0.6614 0.5827
vn -0.4252 -0.5669 0.7087
vn 0.8976 0.0000 -0.4488
vn 0.8976 0.0000 0.4488
vn -0.8661 -0.2283 -0.4409
vn -0.8346 -0.2677 -0.4803
vn -0.9055 -0.1811 -0.3780
vn -0.8346 -0.2677 0.4803
vn -0.8661 -0.2283 0.4409
vn -0.9055 -0.1811 0.3780
vn -0.2126 -0.0709 -0.9764
vn -0.1968 -0.0709 -0.9764
vn -0.1417 -0.0709 -0.9843
vn -0.2126 -0.0709 0.9764
vn -0.1968 -0.0709 0.9764
vn -0.1417 -0.0709 0.9843
vn -0.7402 0.1890 0.6457
vn -0.7559 0.1417 0.6378
vn -0.7323 0.2283 0.6457
vn -0.7559 0.1339 0.6378
vn 0.9764 0.0787 -0.2047
vn 0.9764 0.0709 -0.2126
vn 0.0236 0.8661 0.4961
vn -0.7559 0.1417 -0.6378
vn -0.7402 0.1890 -0.6457
vn -0.7323 0.2283 -0.6457
vn -0.7559 0.1339 -0.6378
vn 0.9921 -0.1024 0.0000
vn 0.9921 -0.0866 0.0000
vn 0.9685 -0.2441 0.0000
vn -0.0315 0.9449 -0.3307
vn -0.0315 0.9449 0.3307
vn -0.6535 -0.2835 -0.7008
vn -0.6063 -0.0472 -0.7953
vn -0.6220 -0.1181 -0.7717
vn -0.5512 0.1024 -0.8268
vn -0.6535 -0.2835 0.7008
vn -0.6220 -0.1181 0.7717
vn -0.6063 -0.0472 0.7953
vn -0.5512 0.1024 0.8268
vn -0.3307 -0.8504 -0.4173
vn -0.5039 -0.8189 -0.2756
vn -0.5197 -0.8189 -0.2598
vn -0.5512 -0.8110 -0.1732
vn -0.2835 -0.8504 -0.4409
vn -0.0551 -0.8425 -0.5354
vn -0.3307 -0.8504 0.4173
vn -0.5197 -0.8189 0.2598
vn -0.5039 -0.8189 0.2756
vn -0.5512 -0.8110 0.1732
vn -0.2835 -0.8504 0.4409
vn -0.0551 -0.8425 0.5354
vn 0.9685 0.1102 -0.2362
vn 0.8819 0.1496 0.4409
vn 0.8504 0.0394 0.5276
vn 0.9213 0.1181 0.3622
vn 0.6220 -0.4803 0.6220
vn 0.6220 -0.4646 0.6220
vn 0.9764 0.0315 0.2205
vn 0.9291 0.1417 0.3465
vn 0.9685 0.0787 0.2441
vn 0.9606 0.0787 0.2598
vn 0.9843 0.0315 0.1811
vn 0.9843 -0.0079 0.1811
vn 0.9528 0.0394 0.3071
vn 0.9685 0.0709 0.2362
vn 0.9764 0.0787 0.2047
vn 0.9764 0.0709 0.2126
vn 0.9685 0.0000 0.2441
vn 0.5984 -0.7008 0.3858
vn 0.5984 -0.6772 0.4252
vn -0.6614 -0.7559 0.0000
vn 0.9370 0.0709 -0.3386
vn 0.9370 0.0866 -0.3386
vn 0.9370 0.0079 -0.3465
vn 0.9370 -0.0157 -0.3465
vn 0.9370 -0.0709 -0.3465
vn -0.7953 -0.4724 -0.3858
vn -0.8189 -0.5354 -0.1890
vn -0.8032 -0.5748 -0.1417
vn -0.7559 -0.4488 -0.4803
vn 0.9370 0.0709 0.3386
vn 0.9370 0.0866 0.3386
vn 0.9370 0.0079 0.3465
vn 0.9370 -0.0157 0.3465
vn 0.9370 -0.0709 0.3465
vn -0.7953 -0.4724 0.3858
vn -0.8032 -0.5748 0.1417
vn -0.8189 -0.5354 0.1890
vn -0.7559 -0.4488 0.4803
vn -0.7480 -0.0315 -0.6693
vn -0.7480 -0.0315 0.6693
vn -0.5354 -0.7795 0.3307
vn -0.5354 -0.7795 -0.3307
vn 0.9213 0.1181 -0.3622
vn 0.8819 0.1496 -0.4409
vn 0.9764 0.0315 -0.2205
vn 0.9291 0.1417 -0.3465
vn 0.9685 0.0787 -0.2441
vn 0.9606 0.0787 -0.2598
vn 0.9843 0.0315 -0.1811
vn 0.9843 -0.0079 -0.1811
vn 0.9528 0.0394 -0.3071
vn 0.9685 0.0709 -0.2362
vn 0.9685 0.0000 -0.2441
vn -0.7165 -0.4488 -0.5354
vn -0.7165 -0.4646 -0.5197
vn -0.7087 -0.4646 -0.5276
vn -0.7244 -0.4567 -0.5197
vn -0.7165 -0.4567 -0.5197
vn -0.7165 -0.4488 -0.5276
vn -0.7323 -0.4488 -0.5118
vn -0.7165 -0.5118 -0.4803
vn -0.6772 -0.4331 -0.5906
vn -0.7008 -0.4882 -0.5276
vn -0.6535 -0.4488 -0.6063
vn -0.3543 -0.2835 -0.8898
vn -0.7165 -0.4646 0.5197
vn -0.7165 -0.4488 0.5354
vn -0.7087 -0.4646 0.5276
vn -0.7244 -0.4567 0.5197
vn -0.7165 -0.4567 0.5197
vn -0.7165 -0.4488 0.5276
vn -0.7323 -0.4488 0.5118
vn -0.7165 -0.5118 0.4803
vn -0.6772 -0.4331 0.5906
vn -0.7008 -0.4882 0.5276
vn -0.6535 -0.4488 0.6063
vn -0.3543 -0.2835 0.8898
vn -0.4016 -0.3228 -0.8583
vn -0.5512 -0.3622 -0.7480
vn -0.5669 -0.4331 -0.7008
vn -0.5591 -0.2756 -0.7795
vn -0.4173 -0.2362 -0.8819
vn -0.3858 -0.1496 -0.9055
vn -0.6299 -0.2913 -0.7165
vn -0.6142 -0.3701 -0.7008
vn -0.5906 -0.4409 -0.6772
vn -0.6299 -0.3386 -0.7008
vn -0.6457 -0.2913 -0.7087
vn -0.4016 -0.3228 0.8583
vn -0.5512 -0.3622 0.7480
vn -0.5669 -0.4331 0.7008
vn -0.5591 -0.2756 0.7795
vn -0.4173 -0.2362 0.8819
vn -0.3858 -0.1496 0.9055
vn -0.6299 -0.2913 0.7165
vn -0.6142 -0.3701 0.7008
vn -0.5906 -0.4409 0.6772
vn -0.6299 -0.3386 0.7008
vn -0.6457 -0.2913 0.7087
vn -0.6772 0.5039 0.5354
vn -0.5748 0.5827 0.5827
vn -0.5118 0.6142 0.5984
vn -0.6772 0.5039 -0.5354
vn -0.5118 0.6142 -0.5984
vn -0.5748 0.5827 -0.5827
vn 0.1890 0.1181 -0.9764
vn 0.9370 0.1339 -0.3150
vn 0.9291 0.1024 -0.3622
vn 0.1890 0.1181 0.9764
vn 0.2283 -0.0945 -0.9685
vn 0.2835 -0.0866 -0.9528
vn 0.2598 -0.0945 -0.9606
vn 0.1575 -0.1181 -0.9764
vn 0.2598 -0.1654 -0.9528
vn 0.2992 -0.1811 -0.9370
vn 0.2283 -0.0945 0.9685
vn 0.2835 -0.0866 0.9528
vn 0.2598 -0.0945 0.9606
vn 0.1575 -0.1181 0.9764
vn 0.2598 -0.1654 0.9528
vn 0.2992 -0.1811 0.9370
vn 0.6457 0.1732 -0.7402
vn 0.5906 0.1968 -0.7874
vn 0.5906 0.1968 0.7874
vn 0.6457 0.1732 0.7402
vn -0.4331 -0.8346 -0.3307
vn -0.4331 -0.8346 0.3307
vn -0.4724 -0.1654 -0.8661
vn -0.4409 -0.1496 -0.8819
vn -0.4488 -0.1654 -0.8740
vn -0.4803 -0.1654 -0.8583
vn -0.3465 -0.1260 -0.9291
vn -0.3465 -0.0866 -0.9291
vn -0.4488 -0.1654 0.8740
vn -0.4409 -0.1496 0.8819
vn -0.4724 -0.1654 0.8661
vn -0.4803 -0.1654 0.8583
vn -0.3465 -0.1260 0.9291
vn -0.3465 -0.0866 0.9291
vn 0.9606 0.0709 0.2835
vn 0.9449 0.1024 0.3071
vn 0.9449 0.1339 0.2992
vn 0.9449 0.0945 0.3150
vn 0.9528 0.0945 0.2756
vn 0.9449 0.1339 0.3150
vn 0.9370 0.1339 0.3150
vn 0.9685 0.1102 0.2362
vn 0.9291 0.1024 0.3622
vn 0.9370 0.1496 0.3071
vn 0.9055 0.4016 0.1575
vn 0.9291 0.2992 0.2283
vn 0.9449 0.1024 -0.3071
vn 0.9606 0.0709 -0.2835
vn 0.9449 0.1339 -0.2992
vn 0.9449 0.0945 -0.3150
vn 0.9528 0.0945 -0.2756
vn 0.9449 0.1339 -0.3150
vn 0.9370 0.1496 -0.3071
vn 0.9055 0.4016 -0.1575
vn 0.9291 0.2992 -0.2283
vn -0.0787 -0.2520 -0.9606
vn -0.0866 -0.1181 -0.9921
vn -0.0945 -0.1024 -0.9921
vn -0.0787 0.1102 -0.9921
vn -0.3307 0.0079 -0.9449
vn -0.4961 -0.0315 -0.8661
vn -0.6457 -0.2283 -0.7323
vn -0.6220 -0.1890 -0.7638
vn -0.6772 -0.2913 -0.6772
vn 0.6614 0.2520 -0.7008
vn -0.0787 -0.2520 0.9606
vn -0.0866 -0.1181 0.9921
vn -0.0945 -0.1024 0.9921
vn -0.0787 0.1102 0.9921
vn -0.3307 0.0079 0.9449
vn -0.4961 -0.0315 0.8661
vn -0.6457 -0.2283 0.7323
vn -0.6220 -0.1890 0.7638
vn -0.6772 -0.2913 0.6772
vn 0.6614 0.2520 0.7008
vn -0.2205 -0.2362 -0.9449
vn -0.1181 0.3937 -0.9134
vn -0.1181 0.4016 -0.9055
vn 0.0472 0.7087 -0.7087
vn 0.2913 0.7480 -0.5984
vn 0.1968 0.7559 -0.6220
vn 0.6063 0.5669 -0.5591
vn 0.6535 0.4646 -0.5984
vn -0.2205 -0.2362 0.9449
vn -0.1181 0.3937 0.9134
vn -0.1181 0.4016 0.9055
vn 0.0472 0.7087 0.7087
vn 0.2913 0.7480 0.5984
vn 0.1968 0.7559 0.6220
vn 0.6063 0.5669 0.5591
vn 0.6535 0.4646 0.5984
vn 0.8504 0.0394 -0.5276
vn 0.6220 -0.4803 -0.6220
vn -0.4409 0.0630 -0.8898
vn -0.4882 0.2047 -0.8504
vn -0.5197 0.2362 -0.8189
vn -0.5354 0.2677 -0.8032
vn -0.4409 0.0630 -0.8976
vn -0.4173 -0.0079 -0.9055
vn -0.4094 0.0000 -0.9134
vn -0.3937 0.0000 -0.9213
vn -0.4882 0.2047 0.8504
vn -0.4409 0.0630 0.8898
vn -0.4409 0.0630 0.8976
vn -0.5197 0.2362 0.8189
vn -0.5354 0.2677 0.8032
vn -0.4173 -0.0079 0.9055
vn -0.4094 0.0000 0.9134
vn -0.3937 0.0000 0.9213
vn -0.8504 0.4488 0.2677
vn -0.8504 0.4488 -0.2677
vn -0.5669 -0.1968 -0.8032
vn -0.4803 -0.1181 -0.8661
vn -0.4882 -0.1260 -0.8661
vn -0.6535 -0.2756 -0.7087
vn -0.5669 -0.1968 0.8032
vn -0.4882 -0.1260 0.8661
vn -0.4803 -0.1181 0.8661
vn -0.6535 -0.2756 0.7087
vn -0.9055 -0.0394 -0.4173
vn -0.9055 0.0472 -0.4252
vn -0.9055 -0.1339 -0.3937
vn -0.8740 -0.1102 -0.4724
vn -0.8583 0.0315 -0.5118
vn -0.8346 0.0157 -0.5591
vn -0.8268 0.0236 -0.5669
vn -0.9055 0.0787 -0.4173
vn -0.9528 0.0787 -0.2992
vn -0.8583 -0.0709 -0.5118
vn -0.6929 -0.3386 -0.6378
vn -0.7795 -0.1102 -0.6142
vn -0.8268 -0.0630 -0.5669
vn -0.8504 -0.1732 -0.4961
vn -0.8740 -0.1811 -0.4567
vn -0.8661 -0.1890 -0.4646
vn -0.8740 -0.2205 -0.4409
vn -0.8661 -0.2362 -0.4331
vn -0.8661 -0.2598 -0.4252
vn -0.8661 -0.2520 -0.4331
vn -0.8661 -0.2205 -0.4567
vn -0.9055 0.0472 0.4252
vn -0.9055 -0.0394 0.4173
vn -0.9055 -0.1339 0.3937
vn -0.8740 -0.1102 0.4724
vn -0.8583 0.0315 0.5118
vn -0.8346 0.0157 0.5591
vn -0.8268 0.0236 0.5669
vn -0.9055 0.0787 0.4173
vn -0.9528 0.0787 0.2992
vn -0.8583 -0.0709 0.5118
vn -0.6929 -0.3386 0.6378
vn -0.7795 -0.1102 0.6142
vn -0.8268 -0.0630 0.5669
vn -0.8504 -0.1732 0.4961
vn -0.8740 -0.1811 0.4567
vn -0.8661 -0.1890 0.4646
vn -0.8740 -0.2205 0.4409
vn -0.8661 -0.2362 0.4331
vn -0.8661 -0.2598 0.4252
vn -0.8661 -0.2520 0.4331
vn -0.8661 -0.2205 0.4567
vn -0.2835 0.8898 -0.3622
vn -0.2835 0.8898 0.3622
vn 0.2913 0.2520 -0.9213
vn 0.3543 0.2756 -0.8898
vn 0.3543 0.2756 -0.8976
vn 0.4882 0.4882 -0.7244
vn 0.3071 0.2520 -0.9213
vn 0.2441 0.2441 -0.9370
vn 0.3543 0.2756 0.8898
vn 0.2913 0.2520 0.9213
vn 0.3543 0.2756 0.8976
vn 0.4882 0.4882 0.7244
vn 0.3071 0.2520 0.9213
vn 0.2441 0.2441 0.9370
vn 0.6693 0.3543 -0.6457
vn 0.6772 0.3465 -0.6457
vn 0.6772 0.3543 -0.6457
vn 0.7244 0.3071 -0.6220
vn 0.6693 0.3543 0.6457
vn 0.6772 0.3465 0.6457
vn 0.6772 0.3543 0.6457
vn 0.7244 0.3071 0.6220
vn -0.1024 0.8189 -0.5591
vn 0.2677 0.7323 -0.6299
vn 0.2756 0.7244 -0.6299
vn -0.1968 0.8268 -0.5276
vn -0.1024 0.8189 0.5591
vn 0.2756 0.7244 0.6299
vn 0.2677 0.7323 0.6299
vn -0.1968 0.8268 0.5276
vn 0.8425 0.5433 0.0000
vn -0.4016 0.6772 -0.6142
vn -0.3622 0.6929 -0.6220
vn -0.6614 0.6378 -0.3858
vn -0.3543 0.7008 -0.6142
vn -0.3465 0.7244 -0.5984
vn -0.2362 0.7874 -0.5748
vn 0.0472 0.8583 -0.5118
vn 0.0866 0.8110 -0.5748
vn -0.4016 0.6772 0.6142
vn -0.3622 0.6929 0.6220
vn -0.3543 0.7008 0.6142
vn -0.6614 0.6378 0.3858
vn -0.3465 0.7244 0.5984
vn -0.2362 0.7874 0.5748
vn 0.0472 0.8583 0.5118
vn 0.0866 0.8110 0.5748
vn -0.8268 0.5118 -0.2126
vn -0.8268 0.5118 0.2126
vn 0.4961 0.4803 -0.7165
vn 0.5039 0.4803 -0.7165
vn 0.4961 0.4803 -0.7244
vn 0.6378 0.4094 -0.6535
vn 0.5591 0.4803 -0.6772
vn 0.7717 0.4252 -0.4724
vn 0.4961 0.4803 0.7165
vn 0.5039 0.4803 0.7165
vn 0.5591 0.4803 0.6772
vn 0.7717 0.4252 0.4724
vn 0.4961 0.4803 0.7244
vn 0.6378 0.4094 0.6535
vn -0.2126 -0.7874 -0.5748
vn -0.2126 -0.7874 0.5748
vn -0.9134 0.0315 -0.4016
vn -0.9134 0.0551 -0.4094
vn -0.9370 0.0472 -0.3386
vn -0.8976 0.1024 -0.4331
vn -0.8898 0.0945 -0.4488
vn -0.8189 0.1732 -0.5433
vn -0.8268 0.1654 -0.5433
vn -0.6378 0.4646 -0.6142
vn -0.3937 0.5748 -0.7165
vn 0.0000 0.6063 -0.7953
vn -0.1811 0.6220 -0.7638
vn -0.3701 0.6142 -0.7008
vn -0.5827 0.5669 -0.5827
vn -0.2283 0.6378 -0.7402
vn -0.2205 0.6535 -0.7165
vn -0.2047 0.6772 -0.7087
vn -0.1968 0.7008 -0.6850
vn -0.9134 0.0315 0.4016
vn -0.9134 0.0551 0.4094
vn -0.9370 0.0472 0.3386
vn -0.8976 0.1024 0.4331
vn -0.8898 0.0945 0.4488
vn -0.8189 0.1732 0.5433
vn -0.8268 0.1654 0.5433
vn -0.6378 0.4646 0.6142
vn -0.3937 0.5748 0.7165
vn 0.0000 0.6063 0.7953
vn -0.1811 0.6220 0.7638
vn -0.3701 0.6142 0.7008
vn -0.5827 0.5669 0.5827
vn -0.2283 0.6378 0.7402
vn -0.2205 0.6535 0.7165
vn -0.2047 0.6772 0.7087
vn -0.1968 0.7008 0.6850
vn -0.9528 0.0472 -0.2992
vn -0.9606 0.0394 -0.2835
vn -0.9449 0.0472 -0.3228
vn -0.9291 0.1339 -0.3386
vn -0.9449 0.0157 -0.3228
vn -0.9685 0.0709 -0.2441
vn -0.9449 0.0472 -0.3150
vn -0.9449 0.2205 -0.2283
vn -0.9528 0.0472 0.2992
vn -0.9606 0.0394 0.2835
vn -0.9685 0.0709 0.2441
vn -0.9449 0.2205 0.2283
vn -0.9449 0.0472 0.3150
vn -0.9449 0.0157 0.3228
vn -0.9449 0.0472 0.3228
vn -0.9291 0.1339 0.3386
vn -0.9449 -0.1024 0.3150
vn -0.9449 -0.1024 -0.3150
vn -0.5354 0.5984 -0.5906
vn -0.5748 0.6063 -0.5433
vn -0.6693 0.5906 -0.4567
vn -0.7638 0.5512 -0.3465
vn -0.5354 0.5984 0.5906
vn -0.5748 0.6063 0.5433
vn -0.6693 0.5906 0.4567
vn -0.7638 0.5512 0.3465
vn 0.8504 0.5197 0.0000

o egg_designer_10
usemtl tex_egg_designer_10_i010p001x
f 1/1/1 2/2/2 3/3/3
f 4/4/4 5/5/5 6/6/6
f 2/2/2 4/4/4 6/6/6
f 2/2/2 1/1/1 4/4/4
f 5/5/5 4/4/4 7/7/7
f 1/1/1 8/8/8 4/4/4
f 9/9/9 8/8/8 1/1/1
f 7/7/7 4/4/4 10/10/10
f 10/10/10 4/4/4 8/8/8
f 10/10/10 11/11/11 7/7/7
f 8/8/8 9/9/9 12/12/12
f 12/12/12 10/10/10 8/8/8
f 9/9/9 13/13/13 12/12/12
f 13/13/13 9/9/9 14/14/14
f 15/15/15 10/10/10 12/12/12
f 10/10/10 15/15/15 11/11/11
f 16/16/16 12/12/12 13/13/13
f 15/15/15 12/12/12 16/16/16
f 13/13/13 14/14/14 17/17/17
f 17/17/17 14/14/14 18/18/18
f 16/16/16 13/13/13 19/19/19
f 19/19/19 13/13/13 17/17/17
f 20/20/20 11/11/11 15/15/15
f 21/21/21 11/11/11 20/20/20
f 22/22/22 21/21/21 20/20/20
f 22/22/22 20/20/20 23/23/23
f 20/20/20 15/15/15 24/24/24
f 23/23/23 20/20/20 24/24/24
f 24/24/24 15/15/15 16/16/16
f 23/23/23 24/24/24 25/25/25
f 26/26/26 23/23/23 25/25/25
f 26/26/26 25/25/25 27/27/27
f 24/24/24 16/16/16 28/28/28
f 25/25/25 24/24/24 28/28/28
f 28/28/28 16/16/16 19/19/19
f 27/27/27 25/25/25 29/29/29
f 25/25/25 28/28/28 29/29/29
f 27/27/27 29/29/29 30/30/30
f 30/30/30 29/29/29 31/31/31
f 29/29/29 28/28/28 32/32/32
f 29/29/29 32/32/32 31/31/31
f 28/28/28 19/19/19 32/32/32
f 31/31/31 32/32/32 33/33/33
f 32/32/32 19/19/19 34/34/34
f 32/32/32 34/34/34 33/33/33
f 19/19/19 17/17/17 34/34/34
f 33/33/33 34/34/34 35/35/35
f 34/34/34 17/17/17 36/36/36
f 34/34/34 36/36/36 35/35/35
f 17/17/17 18/18/18 36/36/36
f 35/35/35 36/36/36 37/37/37
f 36/36/36 18/18/18 38/38/38
f 36/36/36 38/38/38 37/37/37
f 37/37/37 38/38/38 39/39/39
f 40/40/40 41/41/41 42/42/42
f 41/41/41 40/40/40 43/43/40
f 44/40/43 45/41/44 46/43/43
f 45/41/44 44/40/43 47/42/45
f 42/42/42 41/41/41 48/44/46
f 47/42/45 48/44/46 45/41/44
f 49/45/47 40/40/47 50/46/47
f 40/40/47 49/45/47 43/43/47
f 44/40/48 51/45/48 52/46/48
f 51/45/48 44/40/48 46/43/48
f 53/47/49 54/27/50 55/26/51
f 53/47/49 56/48/52 54/27/50
f 56/48/52 30/30/30 54/27/50
f 57/25/53 55/26/51 54/27/50
f 55/26/51 57/25/53 58/23/54
f 54/27/50 30/30/30 59/29/55
f 54/27/50 59/29/55 57/25/53
f 30/30/30 31/31/31 59/29/55
f 60/24/56 58/23/54 57/25/53
f 58/23/54 60/24/56 61/20/57
f 57/25/53 59/29/55 62/28/58
f 57/25/53 62/28/58 60/24/56
f 59/29/55 31/31/31 63/32/59
f 59/29/55 63/32/59 62/28/58
f 31/31/31 33/33/33 63/32/59
f 63/32/59 33/33/33 64/34/60
f 33/33/33 35/35/35 64/34/60
f 62/28/58 63/32/59 65/19/61
f 63/32/59 64/34/60 65/19/61
f 66/16/62 60/24/56 62/28/58
f 62/28/58 65/19/61 66/16/62
f 60/24/56 66/16/62 67/15/63
f 67/15/63 61/20/57 60/24/56
f 64/34/60 35/35/35 68/36/64
f 35/35/35 37/37/37 68/36/64
f 68/36/64 37/37/37 69/38/65
f 37/37/37 39/39/39 69/38/65
f 68/36/64 69/38/65 70/18/66
f 64/34/60 68/36/64 71/17/67
f 71/17/67 68/36/64 70/18/66
f 65/19/61 64/34/60 71/17/67
f 71/17/67 70/18/66 72/14/68
f 65/19/61 71/17/67 73/13/69
f 72/14/68 73/13/69 71/17/67
f 66/16/62 65/19/61 73/13/69
f 74/9/70 73/13/69 72/14/68
f 66/16/62 73/13/69 75/12/71
f 74/9/70 75/12/71 73/13/69
f 75/12/71 67/15/63 66/16/62
f 74/9/70 76/8/72 75/12/71
f 76/8/72 74/9/70 77/1/73
f 78/10/74 67/15/63 75/12/71
f 75/12/71 76/8/72 78/10/74
f 67/15/63 78/10/74 79/11/75
f 61/20/57 67/15/63 79/11/75
f 79/11/75 80/21/76 61/20/57
f 77/1/73 81/4/77 76/8/72
f 78/10/74 76/8/72 81/4/77
f 78/10/74 82/7/78 79/11/75
f 82/7/78 78/10/74 81/4/77
f 79/11/75 83/49/79 80/21/76
f 83/49/79 79/11/75 82/7/78
f 84/50/80 80/21/76 83/49/79
f 82/7/78 85/51/81 83/49/79
f 84/50/80 83/49/79 85/51/81
f 82/7/78 81/4/77 86/5/82
f 85/51/81 82/7/78 86/5/82
f 85/51/81 87/52/83 84/50/80
f 88/53/84 84/50/80 87/52/83
f 89/54/85 88/53/84 87/52/83
f 89/54/85 87/52/83 90/55/86
f 89/54/85 91/56/87 88/53/84
f 88/53/84 91/56/87 92/57/88
f 93/58/89 91/56/87 89/54/85
f 94/59/90 92/57/88 91/56/87
f 94/59/90 91/56/87 93/58/89
f 95/60/91 94/59/90 93/58/89
f 94/59/90 95/60/91 96/61/92
f 96/61/92 97/62/93 94/59/90
f 96/61/92 98/63/94 97/62/93
f 96/61/92 99/64/95 98/63/94
f 99/64/95 96/61/92 100/65/96
f 99/64/95 101/66/97 98/63/98
f 87/52/83 102/67/99 90/55/86
f 90/55/86 102/67/99 103/68/100
f 87/52/83 85/51/81 102/67/99
f 103/68/100 102/67/99 104/69/101
f 85/51/81 104/69/101 102/67/99
f 104/69/101 105/70/102 103/68/100
f 86/5/82 104/69/101 85/51/81
f 105/70/102 104/69/101 106/71/103
f 104/69/101 86/5/82 106/71/103
f 106/71/103 107/72/104 105/70/102
f 108/73/105 105/70/102 107/72/104
f 86/5/82 109/6/106 106/71/103
f 81/4/77 109/6/106 86/5/82
f 106/71/103 110/74/107 107/72/104
f 109/6/106 110/74/107 106/71/103
f 111/75/108 108/73/105 107/72/104
f 110/74/107 111/75/108 107/72/104
f 112/76/109 108/73/105 111/75/108
f 111/75/108 113/77/110 112/76/109
f 113/77/110 111/75/108 110/74/107
f 114/78/111 112/76/109 113/77/110
f 113/77/110 115/79/112 114/78/111
f 110/74/107 116/80/113 113/77/110
f 115/79/112 113/77/110 116/80/113
f 116/80/113 110/74/107 109/6/106
f 116/80/113 117/3/114 115/79/112
f 109/6/106 118/2/115 116/80/113
f 117/3/114 116/80/113 118/2/115
f 118/2/115 109/6/106 81/4/77
f 77/1/73 117/3/114 118/2/115
f 81/4/77 77/1/73 118/2/115
f 119/81/116 120/82/116 121/83/116
f 122/81/117 123/83/117 124/82/117
f 125/84/118 126/85/119 127/86/120
f 125/84/118 127/86/120 128/87/121
f 128/87/121 127/86/120 129/88/122
f 128/87/121 129/88/122 130/89/123
f 129/88/122 131/90/124 130/89/123
f 127/86/120 132/91/125 129/88/122
f 131/90/124 129/88/122 132/91/125
f 132/91/125 127/86/120 126/85/119
f 133/92/126 131/90/124 132/91/125
f 133/92/126 134/93/127 131/90/124
f 126/85/119 135/94/128 132/91/125
f 132/91/125 135/94/128 133/92/126
f 126/85/119 125/84/118 136/95/129
f 125/84/118 137/96/130 136/95/129
f 135/94/128 126/85/119 138/97/131
f 136/95/129 138/97/131 126/85/119
f 135/94/128 139/98/132 133/92/126
f 138/97/131 139/98/132 135/94/128
f 138/97/131 136/95/129 140/99/133
f 140/99/133 136/95/129 137/96/130
f 140/99/133 141/100/134 138/97/131
f 139/98/132 138/97/131 141/100/134
f 137/96/130 142/101/135 140/99/133
f 143/102/136 140/99/133 142/101/135
f 143/102/136 141/100/134 140/99/133
f 137/96/130 144/103/137 142/101/135
f 145/104/138 144/103/137 137/96/130
f 146/105/139 143/102/136 142/101/135
f 146/105/139 142/101/135 144/103/137
f 147/106/140 141/100/134 143/102/136
f 141/100/134 148/107/141 139/98/132
f 144/103/137 145/104/138 149/108/142
f 141/100/134 147/106/140 150/109/143
f 148/107/141 141/100/134 150/109/143
f 143/102/136 151/110/144 147/106/140
f 152/111/145 139/98/132 148/107/141
f 151/110/144 143/102/136 153/112/146
f 143/102/136 146/105/139 153/112/146
f 154/113/147 147/106/140 151/110/144
f 155/114/148 150/109/143 147/106/140
f 147/106/140 154/113/147 155/114/148
f 150/109/143 155/114/148 156/115/149
f 156/115/149 148/107/141 150/109/143
f 148/107/141 156/115/149 157/116/150
f 157/116/150 152/111/145 148/107/141
f 158/117/151 156/115/149 155/114/148
f 159/118/152 157/116/150 156/115/149
f 156/115/149 158/117/151 159/118/152
f 160/119/153 155/114/148 154/113/147
f 155/114/148 160/119/153 158/117/151
f 154/113/147 161/120/154 160/119/153
f 157/116/150 159/118/152 162/121/155
f 151/110/144 163/122/156 154/113/147
f 161/120/154 154/113/147 163/122/156
f 163/122/156 151/110/144 164/123/157
f 153/112/146 164/123/157 151/110/144
f 164/123/157 153/112/146 165/124/158
f 153/112/146 166/125/159 165/124/158
f 166/125/159 153/112/146 146/105/139
f 165/124/158 167/126/160 164/123/157
f 166/125/159 167/126/160 165/124/158
f 164/123/157 168/127/161 163/122/156
f 164/123/157 167/126/160 168/127/161
f 163/122/156 169/128/162 161/120/154
f 163/122/156 168/127/161 169/128/162
f 161/120/154 169/128/162 170/129/163
f 167/126/160 171/50/164 168/127/161
f 168/127/161 172/130/165 169/128/162
f 168/127/161 171/50/164 172/130/165
f 169/128/162 172/130/165 22/22/22
f 169/128/162 22/22/22 170/129/163
f 172/130/165 21/21/21 22/22/22
f 171/50/164 21/21/21 172/130/165
f 161/120/154 170/129/163 173/131/166
f 173/131/166 160/119/153 161/120/154
f 170/129/163 22/22/22 23/23/23
f 160/119/153 173/131/166 174/132/167
f 174/132/167 158/117/151 160/119/153
f 173/131/166 170/129/163 26/26/26
f 170/129/163 23/23/23 26/26/26
f 175/47/168 174/132/167 173/131/166
f 173/131/166 26/26/26 175/47/168
f 158/117/151 174/132/167 176/133/169
f 176/133/169 159/118/152 158/117/151
f 174/132/167 175/47/168 177/134/170
f 177/134/170 176/133/169 174/132/167
f 56/48/52 177/134/170 175/47/168
f 159/118/152 176/133/169 178/135/171
f 177/134/170 56/48/52 179/136/172
f 27/27/27 56/48/52 175/47/168
f 175/47/168 26/26/26 27/27/27
f 56/48/52 27/27/27 30/30/30
f 176/133/169 177/134/170 180/137/173
f 179/136/172 180/137/173 177/134/170
f 180/137/173 178/135/171 176/133/169
f 180/137/173 179/136/172 181/138/174
f 178/135/171 162/121/155 159/118/152
f 181/138/174 182/139/175 180/137/173
f 178/135/171 180/137/173 182/139/175
f 182/139/175 181/138/174 183/140/176
f 162/121/155 178/135/171 184/141/177
f 182/139/175 184/141/177 178/135/171
f 183/140/176 185/142/178 182/139/175
f 184/141/177 182/139/175 185/142/178
f 185/142/178 183/140/176 186/143/179
f 185/142/178 187/144/180 184/141/177
f 186/143/179 188/145/181 185/142/178
f 188/145/181 187/144/180 185/142/178
f 188/145/181 186/143/179 189/146/182
f 187/144/180 190/147/183 184/141/177
f 184/141/177 190/147/183 162/121/155
f 187/144/180 191/148/184 190/147/183
f 190/147/183 192/149/185 162/121/155
f 162/121/155 192/149/185 157/116/150
f 191/148/184 193/150/186 190/147/183
f 190/147/183 193/150/186 192/149/185
f 191/148/184 194/151/187 193/150/186
f 152/111/145 157/116/150 192/149/185
f 152/111/145 192/149/185 193/150/186
f 195/152/188 193/150/186 194/151/187
f 193/150/186 195/152/188 152/111/145
f 194/151/187 196/153/189 195/152/188
f 197/154/190 195/152/188 196/153/189
f 196/153/189 198/155/191 197/154/190
f 199/156/192 152/111/145 195/152/188
f 195/152/188 197/154/190 199/156/192
f 139/98/132 152/111/145 199/156/192
f 198/155/191 200/157/193 197/154/190
f 199/156/192 133/92/126 139/98/132
f 197/154/190 200/157/193 201/158/194
f 202/159/195 201/158/194 200/157/193
f 203/160/196 199/156/192 197/154/190
f 133/92/126 199/156/192 203/160/196
f 197/154/190 201/158/194 203/160/196
f 133/92/126 203/160/196 202/159/195
f 203/160/196 201/158/194 202/159/195
f 204/84/197 205/86/198 206/85/199
f 204/84/197 207/87/200 205/86/198
f 207/87/200 208/88/201 205/86/198
f 207/87/200 209/89/202 208/88/201
f 210/90/203 208/88/201 209/89/202
f 205/86/198 208/88/201 211/91/204
f 208/88/201 210/90/203 211/91/204
f 211/91/204 206/85/199 205/86/198
f 212/92/205 211/91/204 210/90/203
f 212/92/205 210/90/203 213/93/206
f 206/85/199 211/91/204 214/94/207
f 211/91/204 212/92/205 214/94/207
f 204/84/197 206/85/199 215/95/208
f 204/84/197 215/95/208 216/96/209
f 214/94/207 217/97/210 206/85/199
f 217/97/210 215/95/208 206/85/199
f 214/94/207 212/92/205 218/98/211
f 218/98/211 217/97/210 214/94/207
f 215/95/208 219/99/212 216/96/209
f 215/95/208 217/97/210 219/99/212
f 219/99/212 217/97/210 220/100/213
f 217/97/210 218/98/211 220/100/213
f 216/96/209 219/99/212 221/101/214
f 219/99/212 222/102/215 221/101/214
f 222/102/215 219/99/212 220/100/213
f 223/103/216 216/96/209 221/101/214
f 224/104/217 216/96/209 223/103/216
f 222/102/215 225/105/218 221/101/214
f 221/101/214 225/105/218 223/103/216
f 226/106/219 222/102/215 220/100/213
f 227/107/220 220/100/213 218/98/211
f 223/103/216 228/108/221 224/104/217
f 229/109/222 226/106/219 220/100/213
f 220/100/213 227/107/220 229/109/222
f 226/106/219 230/110/223 222/102/215
f 218/98/211 231/111/224 227/107/220
f 232/114/225 226/106/219 229/109/222
f 233/115/226 229/109/222 227/107/220
f 233/115/226 232/114/225 229/109/222
f 227/107/220 234/116/227 233/115/226
f 234/116/227 227/107/220 231/111/224
f 235/117/228 232/114/225 233/115/226
f 236/118/229 233/115/226 234/116/227
f 236/118/229 235/117/228 233/115/226
f 232/114/225 237/113/230 226/106/219
f 237/113/230 230/110/223 226/106/219
f 235/117/228 238/119/231 232/114/225
f 238/119/231 237/113/230 232/114/225
f 239/133/232 235/117/228 236/118/229
f 240/132/233 238/119/231 235/117/228
f 239/133/232 240/132/233 235/117/228
f 240/132/233 241/131/234 238/119/231
f 238/119/231 242/120/235 237/113/230
f 238/119/231 241/131/234 242/120/235
f 237/113/230 243/122/236 230/110/223
f 237/113/230 242/120/235 243/122/236
f 230/110/223 243/122/236 244/123/237
f 245/134/238 240/132/233 239/133/232
f 240/132/233 53/47/49 241/131/234
f 240/132/233 245/134/238 53/47/49
f 245/134/238 56/48/52 53/47/49
f 245/134/238 179/136/172 56/48/52
f 246/137/239 179/136/172 245/134/238
f 246/137/239 245/134/238 239/133/232
f 246/137/239 181/138/174 179/136/172
f 246/137/239 239/133/232 247/135/240
f 181/138/174 246/137/239 248/139/241
f 248/139/241 246/137/239 247/135/240
f 247/135/240 239/133/232 236/118/229
f 248/139/241 183/140/176 181/138/174
f 247/135/240 236/118/229 249/121/242
f 234/116/227 249/121/242 236/118/229
f 248/139/241 247/135/240 250/141/243
f 249/121/242 250/141/243 247/135/240
f 183/140/176 248/139/241 251/142/244
f 250/141/243 251/142/244 248/139/241
f 251/142/244 186/143/179 183/140/176
f 251/142/244 250/141/243 252/144/245
f 186/143/179 251/142/244 253/145/246
f 252/144/245 253/145/246 251/142/244
f 253/145/246 189/146/182 186/143/179
f 252/144/245 250/141/243 254/147/247
f 250/141/243 249/121/242 254/147/247
f 252/144/245 254/147/247 255/148/248
f 249/121/242 234/116/227 256/149/249
f 256/149/249 254/147/247 249/121/242
f 231/111/224 256/149/249 234/116/227
f 257/150/250 255/148/248 254/147/247
f 254/147/247 256/149/249 257/150/250
f 231/111/224 257/150/250 256/149/249
f 255/148/248 257/150/250 258/151/251
f 257/150/250 259/152/252 258/151/251
f 257/150/250 231/111/224 259/152/252
f 258/151/251 259/152/252 260/153/253
f 261/154/254 260/153/253 259/152/252
f 260/153/253 261/154/254 262/155/255
f 263/156/256 259/152/252 231/111/224
f 259/152/252 263/156/256 261/154/254
f 231/111/224 218/98/211 263/156/256
f 262/155/255 261/154/254 264/157/257
f 212/92/205 263/156/256 218/98/211
f 261/154/254 265/158/258 264/157/257
f 266/159/259 264/157/257 265/158/258
f 263/156/256 267/160/260 261/154/254
f 263/156/256 212/92/205 267/160/260
f 261/154/254 267/160/260 265/158/258
f 212/92/205 266/159/259 267/160/260
f 267/160/260 266/159/259 265/158/258
f 43/43/261 268/161/261 41/41/261
f 46/43/262 45/41/262 269/161/262
f 270/162/263 271/163/264 272/164/265
f 272/164/265 271/163/264 273/165/266
f 271/163/264 274/166/267 273/165/266
f 271/163/264 275/167/268 274/166/267
f 276/168/269 270/162/263 272/164/265
f 270/162/263 277/169/270 278/170/271
f 277/169/270 270/162/263 279/171/272
f 277/169/270 279/171/272 280/172/273
f 276/168/269 281/173/274 270/162/263
f 281/173/274 279/171/272 270/162/263
f 276/168/269 282/174/275 281/173/274
f 280/172/273 279/171/272 283/175/276
f 279/171/272 281/173/274 283/175/276
f 282/174/275 283/175/276 281/173/274
f 280/172/273 283/175/276 284/176/277
f 282/174/275 276/168/269 285/177/278
f 276/168/269 286/178/279 285/177/278
f 287/179/280 285/177/278 286/178/279
f 282/174/275 42/180/281 283/175/276
f 284/176/277 283/175/276 42/180/281
f 42/180/281 48/181/282 284/176/277
f 288/182/283 289/183/283 290/184/283
f 291/182/283 292/184/283 293/183/283
f 294/185/284 295/186/285 296/185/286
f 97/62/93 297/187/287 298/188/288
f 299/189/289 298/188/288 297/187/287
f 297/187/287 300/190/290 299/189/289
f 301/191/291 299/189/289 300/190/290
f 300/190/290 302/192/292 301/191/291
f 302/192/292 303/193/293 301/191/291
f 302/192/292 304/194/294 303/193/293
f 304/194/294 305/195/295 303/193/293
f 303/193/293 305/195/295 301/191/291
f 305/195/295 304/194/294 306/196/296
f 301/191/291 307/197/297 299/189/289
f 307/197/297 301/191/291 305/195/295
f 307/197/297 308/198/298 299/189/289
f 298/188/288 299/189/289 308/198/298
f 305/195/295 228/108/221 307/197/297
f 308/198/298 307/197/297 228/108/221
f 306/196/296 228/108/221 305/195/295
f 228/108/221 223/103/216 308/198/298
f 306/196/296 224/104/217 228/108/221
f 306/196/296 309/199/299 224/104/217
f 306/196/296 310/200/300 309/199/299
f 310/200/300 306/196/296 311/201/301
f 304/194/302 311/201/301 306/196/296
f 312/202/303 311/201/301 304/194/302
f 302/192/304 312/202/303 304/194/302
f 313/203/305 308/198/298 223/103/216
f 308/198/298 313/203/305 298/188/288
f 225/105/218 313/203/305 223/103/216
f 313/203/305 314/204/306 298/188/288
f 314/204/306 313/203/305 225/105/218
f 298/188/288 314/204/306 97/62/93
f 314/204/306 225/105/218 315/125/307
f 314/204/306 315/125/307 316/205/308
f 314/204/306 316/205/308 97/62/93
f 92/57/88 97/62/93 316/205/308
f 315/125/307 92/57/88 316/205/308
f 97/62/93 92/57/88 94/59/90
f 317/112/309 315/125/307 225/105/218
f 225/105/218 222/102/215 317/112/309
f 230/110/223 317/112/309 222/102/215
f 230/110/223 244/123/237 317/112/309
f 315/125/307 317/112/309 318/124/310
f 317/112/309 244/123/237 318/124/310
f 319/126/311 315/125/307 318/124/310
f 319/126/311 318/124/310 244/123/237
f 315/125/307 88/53/84 92/57/88
f 315/125/307 319/126/311 88/53/84
f 244/123/237 320/127/312 319/126/311
f 320/127/312 244/123/237 243/122/236
f 84/50/80 319/126/311 320/127/312
f 84/50/80 88/53/84 319/126/311
f 243/122/236 321/128/313 320/127/312
f 321/128/313 243/122/236 242/120/235
f 322/130/314 320/127/312 321/128/313
f 320/127/312 322/130/314 84/50/80
f 242/120/235 323/129/315 321/128/313
f 323/129/315 242/120/235 241/131/234
f 321/128/313 324/22/316 322/130/314
f 324/22/316 321/128/313 323/129/315
f 80/21/76 322/130/314 324/22/316
f 80/21/76 84/50/80 322/130/314
f 241/131/234 55/26/51 323/129/315
f 241/131/234 53/47/49 55/26/51
f 323/129/315 58/23/54 324/22/316
f 58/23/54 323/129/315 55/26/51
f 324/22/316 61/20/57 80/21/76
f 61/20/57 324/22/316 58/23/54
f 325/162/317 326/164/318 327/163/264
f 326/164/318 328/165/319 327/163/264
f 326/164/318 325/162/317 329/168/320
f 277/169/321 325/162/317 330/170/322
f 277/169/321 331/171/323 325/162/317
f 277/169/321 280/172/324 331/171/323
f 329/168/320 325/162/317 332/173/325
f 325/162/317 331/171/323 332/173/325
f 333/174/326 329/168/320 332/173/325
f 329/168/320 333/174/326 334/177/327
f 334/177/327 335/178/328 329/168/320
f 334/177/327 336/179/329 335/178/328
f 280/172/324 337/175/330 331/171/323
f 331/171/323 337/175/330 332/173/325
f 333/174/326 332/173/325 337/175/330
f 280/172/324 284/176/331 337/175/330
f 333/174/326 337/175/330 47/180/332
f 284/176/331 47/180/332 337/175/330
f 48/181/333 47/180/332 284/176/331
f 338/206/334 339/207/335 340/208/336
f 341/209/337 342/210/338 343/211/339
f 343/211/339 338/206/334 344/212/340
f 344/212/340 341/209/337 343/211/339
f 340/208/336 345/213/341 338/206/334
f 345/213/341 344/212/340 338/206/334
f 345/213/341 340/208/336 346/214/342
f 344/212/340 347/215/343 341/209/337
f 347/215/343 348/216/344 341/209/337
f 344/212/340 345/213/341 349/217/345
f 347/215/343 344/212/340 349/217/345
f 350/218/346 349/217/345 345/213/341
f 345/213/341 346/214/342 350/218/346
f 351/219/347 347/215/343 349/217/345
f 349/217/345 350/218/346 351/219/347
f 351/219/347 350/218/346 352/220/348
f 352/220/348 350/218/346 353/221/349
f 347/215/343 354/222/350 348/216/344
f 354/222/350 355/223/351 348/216/344
f 354/222/350 356/224/352 355/223/351
f 357/225/353 354/222/350 347/215/343
f 357/225/353 347/215/343 351/219/354
f 358/226/355 357/225/353 351/219/354
f 358/226/355 351/219/354 352/220/356
f 359/227/356 358/226/355 352/220/356
f 360/228/357 354/222/350 357/225/353
f 358/226/358 360/228/357 357/225/353
f 354/222/350 361/229/359 356/224/352
f 354/222/350 360/228/357 361/229/359
f 360/228/357 358/226/358 362/230/360
f 359/227/361 362/230/360 358/226/358
f 363/231/362 360/228/357 362/230/360
f 362/230/360 359/227/361 364/232/363
f 364/232/363 363/231/362 362/230/360
f 364/232/363 359/227/361 365/233/364
f 359/227/361 353/221/349 365/233/364
f 363/231/362 364/232/363 366/234/365
f 366/234/365 364/232/363 367/235/366
f 368/236/367 363/231/362 366/234/365
f 365/233/364 367/235/368 364/232/363
f 363/231/362 368/236/367 369/237/369
f 370/238/370 369/237/369 368/236/367
f 360/228/357 363/231/362 371/239/371
f 363/231/362 369/237/369 371/239/371
f 371/239/371 361/229/359 360/228/357
f 367/235/368 365/233/364 372/240/372
f 373/241/373 367/235/368 372/240/372
f 361/229/359 371/239/371 374/242/374
f 374/242/374 356/224/352 361/229/359
f 356/224/352 374/242/374 375/243/375
f 371/239/371 376/244/376 374/242/374
f 371/239/371 369/237/369 376/244/376
f 374/242/374 377/245/377 375/243/375
f 374/242/374 376/244/376 377/245/377
f 377/245/377 378/246/378 375/243/375
f 376/244/376 369/237/369 379/247/379
f 370/238/370 379/247/379 369/237/369
f 377/245/377 376/244/376 380/248/380
f 376/244/376 379/247/379 380/248/380
f 377/245/377 381/249/381 378/246/378
f 377/245/377 380/248/380 381/249/381
f 3/250/3 378/246/378 381/249/381
f 379/247/379 382/251/382 380/248/380
f 382/251/382 381/249/381 380/248/380
f 383/252/383 3/250/3 381/249/381
f 381/249/381 382/251/382 383/252/383
f 384/253/384 3/250/3 383/252/383
f 382/251/382 384/253/384 383/252/383
f 384/253/384 385/254/385 3/250/3
f 385/254/385 1/255/1 3/250/3
f 384/253/384 382/251/382 386/256/386
f 385/254/385 387/257/387 1/255/1
f 387/257/387 9/258/9 1/255/1
f 387/257/387 388/259/388 9/258/9
f 9/258/9 388/259/388 14/260/14
f 388/259/388 389/261/389 14/260/14
f 14/260/14 389/261/389 18/262/18
f 389/261/389 38/263/38 18/262/18
f 389/261/389 390/264/390 38/263/38
f 390/264/390 39/265/39 38/263/38
f 39/265/39 390/264/390 391/266/391
f 391/266/391 390/264/390 392/267/392
f 390/264/390 389/261/389 393/268/393
f 393/268/393 389/261/389 394/269/394
f 390/264/390 395/270/395 392/267/392
f 390/264/390 393/268/393 395/270/395
f 392/267/392 395/270/395 48/271/46
f 395/270/395 45/272/44 48/271/46
f 395/270/395 396/273/396 45/272/44
f 396/273/396 395/270/395 393/268/393
f 396/273/396 269/274/397 45/272/44
f 397/275/398 393/268/393 394/269/394
f 396/273/396 393/268/393 397/275/398
f 394/269/394 398/276/399 397/275/398
f 396/273/396 399/277/400 269/274/397
f 399/277/400 396/273/396 397/275/398
f 399/277/400 400/278/401 269/274/397
f 401/279/402 269/274/397 400/278/401
f 397/275/398 402/280/403 399/277/400
f 402/280/403 397/275/398 398/276/399
f 399/277/400 402/280/403 400/278/401
f 400/278/401 403/281/404 401/279/402
f 402/280/403 403/281/404 400/278/401
f 334/282/327 401/279/402 336/283/329
f 336/283/329 401/279/402 403/281/404
f 398/276/399 404/284/405 402/280/403
f 403/281/404 402/280/403 404/284/405
f 405/188/406 406/189/407 407/187/408
f 407/187/408 406/189/407 408/190/409
f 405/188/406 407/187/408 409/62/410
f 406/189/407 410/191/411 408/190/409
f 408/190/409 410/191/411 411/192/412
f 411/192/412 410/191/411 412/193/413
f 411/192/412 412/193/413 413/194/414
f 414/195/415 413/194/414 412/193/413
f 414/195/415 412/193/413 410/191/411
f 413/194/414 414/195/415 415/196/416
f 410/191/411 406/189/407 416/197/417
f 414/195/415 410/191/411 416/197/417
f 417/198/418 416/197/417 406/189/407
f 417/198/418 406/189/407 405/188/406
f 149/108/142 414/195/415 416/197/417
f 149/108/142 416/197/417 417/198/418
f 149/108/142 415/196/416 414/195/415
f 144/103/137 149/108/142 417/198/418
f 145/104/138 415/196/416 149/108/142
f 415/196/416 145/104/138 418/199/419
f 419/200/420 415/196/416 418/199/419
f 415/196/416 419/200/420 420/201/421
f 413/194/422 415/196/416 420/201/421
f 413/194/422 420/201/421 421/202/423
f 421/202/423 411/192/424 413/194/422
f 144/103/137 417/198/418 422/203/425
f 417/198/418 405/188/406 422/203/425
f 146/105/139 144/103/137 422/203/425
f 422/203/425 405/188/406 423/204/426
f 423/204/426 146/105/139 422/203/425
f 405/188/406 409/62/410 423/204/426
f 166/125/159 146/105/139 423/204/426
f 166/125/159 423/204/426 424/205/427
f 423/204/426 409/62/410 424/205/427
f 425/57/428 166/125/159 424/205/427
f 409/62/410 425/57/428 424/205/427
f 426/53/429 166/125/159 425/57/428
f 167/126/160 166/125/159 426/53/429
f 425/57/428 409/62/410 427/59/430
f 426/53/429 171/50/164 167/126/160
f 426/53/429 425/57/428 428/56/431
f 427/59/430 428/56/431 425/57/428
f 429/54/432 426/53/429 428/56/431
f 428/56/431 427/59/430 430/58/433
f 430/58/433 429/54/432 428/56/431
f 431/60/434 430/58/433 427/59/430
f 427/59/430 432/61/435 431/60/434
f 432/61/435 427/59/430 409/62/410
f 432/61/435 409/62/410 433/63/436
f 434/64/437 432/61/435 433/63/436
f 432/61/435 434/64/437 435/65/438
f 434/64/437 433/63/439 436/66/440
f 437/52/441 426/53/429 429/54/432
f 171/50/164 426/53/429 437/52/441
f 437/52/441 429/54/432 438/55/442
f 437/52/441 439/51/443 171/50/164
f 440/67/444 437/52/441 438/55/442
f 439/51/443 437/52/441 440/67/444
f 438/55/442 441/68/445 440/67/444
f 440/67/444 441/68/445 442/69/446
f 439/51/443 440/67/444 442/69/446
f 442/69/446 441/68/445 443/70/447
f 171/50/164 439/51/443 444/49/448
f 21/21/21 171/50/164 444/49/448
f 442/69/446 5/5/5 439/51/443
f 443/70/447 445/71/449 442/69/446
f 5/5/5 442/69/446 445/71/449
f 445/71/449 443/70/447 446/72/450
f 447/73/451 446/72/450 443/70/447
f 439/51/443 7/7/7 444/49/448
f 7/7/7 439/51/443 5/5/5
f 444/49/448 11/11/11 21/21/21
f 11/11/11 444/49/448 7/7/7
f 448/75/452 446/72/450 447/73/451
f 449/76/453 448/75/452 447/73/451
f 450/74/454 446/72/450 448/75/452
f 445/71/449 446/72/450 450/74/454
f 451/77/455 448/75/452 449/76/453
f 448/75/452 451/77/455 450/74/454
f 452/78/456 451/77/455 449/76/453
f 452/78/456 453/79/457 451/77/455
f 454/80/458 451/77/455 453/79/457
f 451/77/455 454/80/458 450/74/454
f 453/79/457 3/3/3 454/80/458
f 6/6/6 445/71/449 450/74/454
f 454/80/458 6/6/6 450/74/454
f 5/5/5 445/71/449 6/6/6
f 2/2/2 454/80/458 3/3/3
f 454/80/458 2/2/2 6/6/6
f 455/285/459 93/58/89 456/286/460
f 95/60/91 93/58/89 455/285/459
f 455/285/459 457/287/461 95/60/91
f 457/287/461 455/285/459 458/288/462
f 95/60/91 457/287/461 96/61/92
f 459/289/463 458/288/462 455/285/459
f 455/285/459 456/286/460 459/289/463
f 458/288/462 459/289/463 460/290/464
f 459/289/463 461/291/465 460/290/464
f 460/290/464 461/291/465 462/292/466
f 459/289/463 463/293/467 461/291/465
f 459/289/463 456/286/460 463/293/467
f 461/291/465 463/293/467 462/292/466
f 460/290/464 462/292/466 464/294/468
f 456/286/460 90/55/86 463/293/467
f 103/68/100 462/292/466 463/293/467
f 463/293/467 90/55/86 103/68/100
f 465/295/469 462/292/466 103/68/100
f 466/296/470 462/292/466 465/295/469
f 466/296/470 464/294/468 462/292/466
f 467/297/471 466/296/470 465/295/469
f 464/294/468 466/296/470 468/298/472
f 467/297/471 468/298/472 466/296/470
f 456/286/460 89/54/85 90/55/86
f 93/58/89 89/54/85 456/286/460
f 468/298/472 467/297/471 469/299/473
f 470/300/474 469/299/473 467/297/471
f 468/298/472 471/301/475 464/294/468
f 469/299/473 470/300/474 472/302/476
f 473/303/477 472/302/476 470/300/474
f 474/304/478 472/302/476 473/303/477
f 469/299/473 475/305/479 468/298/472
f 471/301/475 468/298/472 475/305/479
f 472/302/476 476/306/480 469/299/473
f 475/305/479 469/299/473 476/306/480
f 474/304/478 477/307/481 472/302/476
f 476/306/480 472/302/476 477/307/481
f 474/304/478 478/308/482 477/307/481
f 478/308/482 479/307/483 477/307/481
f 477/307/481 480/309/484 476/306/480
f 476/306/480 480/309/484 475/305/479
f 481/310/485 475/305/479 480/309/484
f 475/305/479 481/310/485 471/301/475
f 482/311/486 471/301/475 481/310/485
f 481/310/485 483/312/487 482/311/486
f 471/301/475 482/311/486 484/313/488
f 484/313/488 464/294/468 471/301/475
f 485/314/489 464/294/468 484/313/488
f 486/315/490 485/314/489 484/313/488
f 487/316/491 484/313/488 482/311/486
f 486/315/490 484/313/488 487/316/491
f 482/311/486 483/312/487 487/316/491
f 488/317/492 486/315/490 487/316/491
f 487/316/491 483/312/487 488/317/492
f 488/317/492 483/312/487 489/318/493
f 490/319/494 489/318/493 483/312/487
f 489/318/493 491/320/495 488/317/492
f 486/315/496 488/317/492 491/320/495
f 492/321/497 486/315/496 491/320/495
f 486/315/496 492/321/497 485/314/497
f 493/285/498 494/286/499 430/58/433
f 430/58/433 431/60/434 493/285/498
f 495/287/500 493/285/498 431/60/434
f 493/285/498 495/287/500 496/288/501
f 431/60/434 432/61/435 495/287/500
f 497/289/502 493/285/498 496/288/501
f 494/286/499 493/285/498 497/289/502
f 496/288/501 498/290/503 497/289/502
f 497/289/502 498/290/503 499/291/504
f 498/290/503 500/292/505 499/291/504
f 501/293/506 497/289/502 499/291/504
f 497/289/502 501/293/506 494/286/499
f 501/293/506 499/291/504 500/292/505
f 500/292/505 498/290/503 502/294/507
f 438/55/442 494/286/499 501/293/506
f 501/293/506 500/292/505 441/68/445
f 501/293/506 441/68/445 438/55/442
f 503/295/508 441/68/445 500/292/505
f 504/296/509 503/295/508 500/292/505
f 504/296/509 500/292/505 502/294/507
f 505/297/510 503/295/508 504/296/509
f 494/286/499 438/55/442 429/54/432
f 429/54/432 430/58/433 494/286/499
f 504/296/509 506/298/511 505/297/510
f 504/296/509 502/294/507 506/298/511
f 505/297/510 506/298/511 507/299/512
f 505/297/510 507/299/512 508/300/513
f 509/301/514 506/298/511 502/294/507
f 506/298/511 510/305/515 507/299/512
f 506/298/511 509/301/514 510/305/515
f 508/300/513 507/299/512 511/302/516
f 508/300/513 511/302/516 355/303/351
f 348/304/344 355/303/351 511/302/516
f 507/299/512 512/306/517 511/302/516
f 507/299/512 510/305/515 512/306/517
f 513/307/518 348/304/344 511/302/516
f 511/302/516 512/306/517 513/307/518
f 348/304/344 513/307/518 341/308/337
f 513/307/518 512/306/517 514/309/519
f 512/306/517 510/305/515 514/309/519
f 510/305/515 515/310/520 514/309/519
f 509/301/514 515/310/520 510/305/515
f 513/307/518 516/309/521 342/307/483
f 509/301/514 517/311/522 515/310/520
f 515/310/520 517/311/522 518/312/523
f 519/313/524 517/311/522 509/301/514
f 502/294/507 519/313/524 509/301/514
f 520/314/525 519/313/524 502/294/507
f 521/315/526 519/313/524 520/314/525
f 519/313/524 522/316/527 517/311/522
f 521/315/526 522/316/527 519/313/524
f 517/311/522 522/316/527 518/312/523
f 523/317/528 522/316/527 521/315/526
f 522/316/527 523/317/528 518/312/523
f 524/318/529 518/312/523 523/317/528
f 524/318/529 525/319/530 518/312/523
f 526/320/531 524/318/529 523/317/528
f 526/320/531 523/317/528 521/315/532
f 521/315/532 527/321/533 526/320/531
f 527/321/533 521/315/532 520/314/533
f 528/322/534 386/256/386 382/251/382
f 382/251/382 379/247/379 528/322/534
f 370/238/370 528/322/534 379/247/379
f 386/256/386 528/322/534 529/323/535
f 528/322/534 370/238/370 530/324/536
f 530/324/536 529/323/535 528/322/534
f 529/323/535 530/324/536 531/325/537
f 532/326/538 533/327/538 534/328/538
f 532/326/539 534/328/539 535/327/539
f 119/81/540 121/83/540 536/82/540
f 537/166/541 538/329/542 539/167/543
f 538/329/542 537/166/541 540/330/544
f 327/163/264 537/166/541 539/167/543
f 541/331/545 540/330/544 537/166/541
f 327/163/264 328/165/319 537/166/541
f 328/165/319 541/331/545 537/166/541
f 122/81/546 542/82/546 123/83/546
f 543/332/547 544/333/548 545/334/547
f 544/333/548 543/332/547 546/335/549
f 544/333/548 546/335/549 547/336/550
f 548/337/550 544/333/548 547/336/550
f 549/338/551 550/339/552 551/340/553
f 552/341/554 551/340/553 550/339/552
f 550/339/552 549/338/551 553/342/555
f 551/340/553 552/341/554 554/343/556
f 555/344/557 553/342/555 549/338/551
f 554/343/556 556/345/558 551/340/553
f 557/346/559 558/347/560 555/344/557
f 555/344/557 559/348/561 557/346/559
f 559/348/561 555/344/557 549/338/551
f 556/345/558 554/343/556 560/349/562
f 549/338/551 561/350/563 559/348/561
f 562/351/564 559/348/561 561/350/563
f 561/350/563 563/352/565 562/351/564
f 561/350/563 549/338/551 564/353/566
f 551/340/553 564/353/566 549/338/551
f 564/353/566 551/340/553 556/345/558
f 563/352/565 561/350/563 565/354/567
f 564/353/566 565/354/567 561/350/563
f 565/354/567 566/355/568 563/352/565
f 556/345/558 567/356/569 564/353/566
f 565/354/567 564/353/566 567/356/569
f 560/349/562 568/357/570 556/345/558
f 567/356/569 556/345/558 568/357/570
f 568/357/570 560/349/562 569/358/571
f 565/354/567 567/356/569 570/359/572
f 568/357/570 570/359/572 567/356/569
f 566/355/568 565/354/567 571/360/573
f 565/354/567 570/359/572 571/360/573
f 571/360/573 253/145/246 566/355/568
f 569/358/571 572/361/574 568/357/570
f 568/357/570 572/361/574 570/359/572
f 572/361/574 569/358/571 573/362/575
f 572/361/574 573/362/575 574/363/576
f 253/145/246 571/360/573 575/364/577
f 570/359/572 575/364/577 571/360/573
f 575/364/577 570/359/572 572/361/574
f 574/363/576 575/364/577 572/361/574
f 189/146/182 253/145/246 575/364/577
f 575/364/577 574/363/576 189/146/182
f 544/333/578 576/365/579 577/366/580
f 576/365/579 544/333/578 548/337/579
f 577/366/580 545/334/581 544/333/578
f 545/334/581 577/366/580 578/367/582
f 579/368/583 545/334/581 578/367/582
f 545/334/581 579/368/583 580/369/584
f 581/370/585 580/369/584 579/368/583
f 582/369/586 580/369/584 583/370/587
f 584/338/588 585/339/589 586/342/590
f 587/344/591 584/338/588 586/342/590
f 588/346/592 587/344/591 589/347/593
f 587/344/591 588/346/592 590/348/594
f 590/348/594 584/338/588 587/344/591
f 585/339/589 584/338/588 591/340/595
f 552/341/554 585/339/589 591/340/595
f 552/341/554 591/340/595 554/343/556
f 584/338/588 590/348/594 592/350/596
f 593/351/597 592/350/596 590/348/594
f 593/351/597 594/352/598 592/350/596
f 592/350/596 595/353/599 584/338/588
f 591/340/595 584/338/588 595/353/599
f 596/354/600 592/350/596 594/352/598
f 595/353/599 592/350/596 596/354/600
f 597/355/601 596/354/600 594/352/598
f 591/340/595 595/353/599 598/345/602
f 554/343/556 591/340/595 598/345/602
f 554/343/556 598/345/602 560/349/562
f 598/345/602 595/353/599 599/356/603
f 596/354/600 599/356/603 595/353/599
f 560/349/562 598/345/602 600/357/604
f 598/345/602 599/356/603 600/357/604
f 560/349/562 600/357/604 569/358/571
f 596/354/600 601/359/605 599/356/603
f 600/357/604 599/356/603 601/359/605
f 596/354/600 597/355/601 602/360/606
f 596/354/600 602/360/606 601/359/605
f 188/145/181 602/360/606 597/355/601
f 569/358/571 600/357/604 603/361/607
f 600/357/604 601/359/605 603/361/607
f 569/358/571 603/361/607 573/362/575
f 603/361/607 574/363/576 573/362/575
f 602/360/606 188/145/181 604/364/608
f 604/364/608 601/359/605 602/360/606
f 601/359/605 604/364/608 603/361/607
f 574/363/576 603/361/607 604/364/608
f 189/146/182 604/364/608 188/145/181
f 604/364/608 189/146/182 574/363/576
f 605/366/609 606/365/610 607/333/611
f 607/333/611 606/365/610 608/337/610
f 609/334/612 605/366/609 607/333/611
f 610/367/613 605/366/609 609/334/612
f 609/334/612 611/368/614 610/367/613
f 611/368/614 609/334/612 612/369/615
f 612/369/615 613/370/616 611/368/614
f 614/369/617 615/370/618 612/369/615
f 616/185/619 617/185/620 618/371/621
f 619/372/622 620/373/623 621/374/624
f 622/375/625 621/374/624 620/373/623
f 620/373/623 623/376/626 622/375/625
f 624/372/627 625/374/628 626/373/629
f 625/374/628 627/375/630 626/373/629
f 628/376/631 626/373/629 627/375/630
f 629/377/632 630/377/632 631/378/632
f 629/377/632 631/378/632 632/379/632
f 633/380/633 634/381/633 635/382/633
f 636/381/634 637/380/634 638/382/634
f 639/261/635 640/264/636 641/268/637
f 391/266/391 392/267/392 640/264/636
f 39/265/39 391/266/391 640/264/636
f 69/263/65 39/265/39 640/264/636
f 640/264/636 639/261/635 69/263/65
f 639/261/635 70/262/66 69/263/65
f 639/261/635 72/260/68 70/262/66
f 72/260/68 639/261/635 642/259/638
f 642/259/638 74/258/70 72/260/68
f 74/258/70 642/259/638 643/257/639
f 643/257/639 77/255/73 74/258/70
f 77/255/73 643/257/639 644/254/640
f 644/254/640 117/250/114 77/255/73
f 117/250/114 644/254/640 645/253/641
f 645/253/641 646/252/642 117/250/114
f 647/251/643 646/252/642 645/253/641
f 646/252/642 648/249/644 117/250/114
f 647/251/643 648/249/644 646/252/642
f 649/246/645 117/250/114 648/249/644
f 645/253/641 650/256/646 647/251/643
f 651/245/647 649/246/645 648/249/644
f 651/245/647 652/243/648 649/246/645
f 648/249/644 647/251/643 653/248/649
f 648/249/644 653/248/649 651/245/647
f 654/322/650 647/251/643 650/256/646
f 650/256/646 655/323/651 654/322/650
f 656/324/652 654/322/650 655/323/651
f 655/323/651 657/325/653 656/324/652
f 654/322/650 656/324/652 658/238/654
f 647/251/643 654/322/650 659/247/655
f 659/247/655 653/248/649 647/251/643
f 659/247/655 654/322/650 658/238/654
f 653/248/649 659/247/655 660/244/656
f 660/244/656 651/245/647 653/248/649
f 658/238/654 661/237/657 659/247/655
f 661/237/657 660/244/656 659/247/655
f 661/237/657 658/238/654 662/236/658
f 663/242/659 651/245/647 660/244/656
f 652/243/648 651/245/647 663/242/659
f 663/242/659 664/224/660 652/243/648
f 665/239/661 663/242/659 660/244/656
f 665/239/661 660/244/656 661/237/657
f 662/236/658 666/231/662 661/237/657
f 666/231/662 665/239/661 661/237/657
f 666/231/662 662/236/658 667/234/663
f 665/239/661 668/229/664 663/242/659
f 664/224/660 663/242/659 668/229/664
f 666/231/662 669/228/665 665/239/661
f 668/229/664 665/239/661 669/228/665
f 670/222/666 664/224/660 668/229/664
f 669/228/665 670/222/666 668/229/664
f 664/224/660 670/222/666 473/223/477
f 670/222/666 474/216/478 473/223/477
f 671/215/667 474/216/478 670/222/666
f 671/215/667 478/209/482 474/216/478
f 670/222/666 669/228/665 672/225/668
f 671/215/667 670/222/666 672/225/668
f 669/228/665 673/226/669 672/225/668
f 672/225/668 674/219/670 671/215/667
f 674/219/670 672/225/668 673/226/671
f 675/220/672 674/219/670 673/226/671
f 675/220/672 673/226/671 676/227/672
f 673/226/669 669/228/665 677/230/673
f 669/228/665 666/231/662 677/230/673
f 677/230/673 676/227/674 673/226/669
f 678/232/675 677/230/673 666/231/662
f 677/230/673 678/232/675 676/227/674
f 678/232/675 666/231/662 667/234/663
f 667/234/663 679/235/676 678/232/675
f 678/232/675 680/233/677 676/227/674
f 679/235/678 680/233/677 678/232/675
f 676/227/674 680/233/677 681/221/679
f 680/233/677 679/235/678 682/240/680
f 683/241/681 682/240/680 679/235/678
f 684/383/682 682/240/680 683/241/681
f 683/241/681 685/384/683 684/383/682
f 684/383/682 685/384/683 686/385/684
f 685/384/683 687/386/685 686/385/684
f 682/240/680 684/383/682 688/387/686
f 684/383/682 686/385/684 688/387/686
f 680/233/677 682/240/680 689/388/687
f 682/240/680 688/387/686 689/388/687
f 680/233/677 689/388/687 690/389/688
f 690/389/688 681/221/679 680/233/677
f 690/389/688 689/388/687 691/390/689
f 689/388/687 688/387/686 692/391/690
f 689/388/687 692/391/690 691/390/689
f 688/387/686 686/385/684 693/392/691
f 688/387/686 693/392/691 692/391/690
f 686/385/684 694/393/692 693/392/691
f 686/385/684 687/386/685 694/393/692
f 695/394/693 692/391/690 693/392/691
f 687/386/685 696/395/694 694/393/692
f 697/396/695 696/395/694 687/386/685
f 698/397/696 693/392/691 694/393/692
f 693/392/691 698/397/696 695/394/693
f 694/393/692 696/395/694 699/398/697
f 694/393/692 699/398/697 698/397/696
f 700/399/698 696/395/694 697/396/695
f 696/395/694 700/399/698 699/398/697
f 697/396/695 701/400/699 700/399/698
f 698/397/696 699/398/697 702/401/700
f 698/397/696 702/401/700 695/394/693
f 699/398/697 703/402/701 702/401/700
f 703/402/701 699/398/697 700/399/698
f 700/399/698 704/403/702 703/402/701
f 704/403/702 700/399/698 701/400/699
f 705/377/703 706/378/703 707/377/703
f 708/404/704 709/405/704 710/406/704
f 711/404/705 712/406/705 713/405/705
f 714/407/706 715/408/707 716/409/708
f 717/410/709 714/407/706 716/409/708
f 718/407/710 719/409/711 720/408/712
f 721/410/713 719/409/711 718/407/710
f 722/411/714 723/412/714 724/413/715
f 722/411/714 724/413/715 725/414/716
f 725/414/716 724/413/715 726/415/717
f 726/415/717 727/416/717 725/414/716
f 727/416/717 726/415/717 728/417/718
f 729/412/719 730/411/719 731/413/720
f 731/413/720 730/411/719 732/414/721
f 732/414/721 733/415/722 731/413/720
f 733/415/722 732/414/721 734/416/722
f 734/416/722 735/417/723 733/415/722
f 555/418/724 736/419/724 553/420/724
f 587/418/725 586/420/725 737/419/725
f 274/166/267 738/329/726 739/330/727
f 738/329/726 274/166/267 275/167/268
f 740/331/728 274/166/267 739/330/727
f 273/165/266 274/166/267 740/331/728
f 741/421/729 742/422/730 743/423/731
f 741/421/729 744/424/732 742/422/730
f 745/425/733 743/423/731 746/426/734
f 745/425/733 741/421/729 743/423/731
f 747/427/735 745/425/733 746/426/734
f 746/426/734 748/428/736 747/427/735
f 747/427/735 748/428/736 749/429/737
f 750/430/738 747/427/735 749/429/737
f 751/431/739 750/430/738 749/429/737
f 752/432/740 750/430/738 751/431/739
f 750/430/738 752/432/740 753/433/741
f 750/430/738 754/434/742 747/427/735
f 753/433/741 754/434/742 750/430/738
f 754/434/742 745/425/733 747/427/735
f 754/434/742 753/433/741 755/435/743
f 756/436/744 745/425/733 754/434/742
f 745/425/733 756/436/744 741/421/729
f 756/436/744 754/434/742 679/235/676
f 756/436/744 757/437/745 741/421/729
f 757/437/745 744/424/732 741/421/729
f 744/424/732 757/437/745 758/438/746
f 758/438/746 759/439/747 744/424/732
f 760/440/748 757/437/745 756/436/744
f 756/436/744 679/235/676 761/441/749
f 761/441/749 760/440/748 756/436/744
f 762/442/750 761/441/749 679/235/676
f 757/437/745 760/440/748 763/443/751
f 763/443/751 758/438/746 757/437/745
f 764/444/752 761/441/749 762/442/750
f 765/445/753 764/444/752 762/442/750
f 766/446/754 760/440/748 761/441/749
f 764/444/752 766/446/754 761/441/749
f 767/447/755 763/443/751 760/440/748
f 760/440/748 766/446/754 767/447/755
f 768/448/756 764/444/752 765/445/753
f 769/449/757 768/448/756 765/445/753
f 770/450/758 766/446/754 764/444/752
f 768/448/756 770/450/758 764/444/752
f 768/448/756 769/449/757 771/451/759
f 772/452/760 771/451/759 769/449/757
f 773/453/761 770/450/758 768/448/756
f 771/451/759 773/453/761 768/448/756
f 770/450/758 773/453/761 774/454/762
f 774/454/762 775/455/763 770/450/758
f 766/446/754 770/450/758 775/455/763
f 775/455/763 767/447/755 766/446/754
f 771/451/759 772/452/760 776/284/764
f 776/284/764 772/452/760 777/456/765
f 778/281/766 773/453/761 771/451/759
f 778/281/766 771/451/759 776/284/764
f 779/276/767 776/284/764 777/456/765
f 287/283/280 773/453/761 778/281/766
f 287/283/280 778/281/766 780/279/768
f 285/282/278 287/283/280 780/279/768
f 781/280/769 778/281/766 776/284/764
f 776/284/764 779/276/767 781/280/769
f 782/278/770 780/279/768 778/281/766
f 778/281/766 781/280/769 782/278/770
f 268/274/771 780/279/768 782/278/770
f 779/276/767 783/275/772 781/280/769
f 783/275/772 779/276/767 784/269/773
f 785/277/774 782/278/770 781/280/769
f 785/277/774 781/280/769 783/275/772
f 785/277/774 268/274/771 782/278/770
f 786/273/775 268/274/771 785/277/774
f 783/275/772 786/273/775 785/277/774
f 786/273/775 41/272/41 268/274/771
f 784/269/773 641/268/637 783/275/772
f 783/275/772 641/268/637 786/273/775
f 641/268/637 784/269/773 639/261/635
f 787/270/776 41/272/41 786/273/775
f 641/268/637 787/270/776 786/273/775
f 41/272/41 787/270/776 48/271/46
f 392/267/392 48/271/46 787/270/776
f 641/268/637 640/264/636 787/270/776
f 640/264/636 392/267/392 787/270/776
f 788/457/777 789/458/777 790/459/777
f 791/457/778 792/459/778 793/458/778
f 794/460/779 795/461/780 796/462/781
f 797/463/782 794/460/779 796/462/781
f 798/464/783 794/460/779 797/463/782
f 796/462/781 795/461/780 799/465/784
f 798/464/783 621/374/624 794/460/779
f 621/374/624 798/464/783 800/466/785
f 621/374/624 622/375/625 794/460/779
f 794/460/779 622/375/625 795/461/780
f 795/461/780 801/467/786 799/465/784
f 799/465/784 801/467/786 802/468/787
f 622/375/625 803/469/788 795/461/780
f 795/461/780 803/469/788 801/467/786
f 622/375/625 623/376/626 803/469/788
f 804/470/789 802/468/787 801/467/786
f 804/470/789 801/467/786 803/469/788
f 802/468/787 804/470/789 805/471/790
f 803/469/788 806/472/791 804/470/789
f 806/472/791 803/469/788 623/376/626
f 804/470/789 807/473/792 805/471/790
f 804/470/789 806/472/791 807/473/792
f 805/471/790 807/473/792 763/443/751
f 767/447/755 805/471/790 763/443/751
f 805/471/790 767/447/755 802/468/793
f 807/473/792 758/438/746 763/443/751
f 799/465/794 802/468/793 767/447/755
f 767/447/755 775/455/763 799/465/794
f 775/455/763 796/462/795 799/465/794
f 775/455/763 774/454/796 796/462/795
f 774/454/796 797/463/796 796/462/795
f 808/474/797 758/438/746 807/473/792
f 806/472/791 808/474/797 807/473/792
f 809/475/798 758/438/746 808/474/797
f 758/438/746 809/475/798 759/439/747
f 809/475/798 810/476/799 759/439/747
f 806/472/791 811/477/800 808/474/797
f 623/376/626 811/477/800 806/472/791
f 808/474/797 812/478/801 809/475/798
f 811/477/800 812/478/801 808/474/797
f 809/475/798 813/479/802 810/476/799
f 812/478/801 813/479/802 809/475/798
f 813/479/802 814/480/803 810/476/799
f 813/479/802 815/481/804 814/480/803
f 816/482/805 815/481/804 813/479/802
f 812/478/801 816/482/805 813/479/802
f 816/482/805 817/483/806 815/481/804
f 818/484/807 817/483/806 816/482/805
f 819/485/808 816/482/805 812/478/801
f 819/485/808 818/484/807 816/482/805
f 811/477/800 819/485/808 812/478/801
f 820/486/809 818/484/807 819/485/808
f 821/487/810 819/485/808 811/477/800
f 821/487/810 820/486/809 819/485/808
f 623/376/626 821/487/810 811/477/800
f 821/487/810 822/488/811 820/486/809
f 623/376/626 823/489/812 821/487/810
f 822/488/811 821/487/810 823/489/812
f 823/489/812 623/376/626 620/373/623
f 822/488/811 823/489/812 824/490/813
f 619/372/622 823/489/812 620/373/623
f 824/490/813 823/489/812 619/372/622
f 825/491/814 826/492/815 827/493/816
f 828/494/817 825/491/814 829/495/818
f 829/495/818 825/491/814 827/493/816
f 828/494/817 829/495/818 830/496/819
f 829/495/818 831/497/820 830/496/819
f 832/498/821 829/495/818 827/493/816
f 831/497/820 829/495/818 832/498/821
f 831/497/820 832/498/821 833/499/822
f 833/499/822 834/500/823 831/497/820
f 833/499/822 835/501/824 834/500/823
f 832/498/821 836/499/825 833/499/822
f 835/501/824 833/499/822 836/499/825
f 836/499/825 832/498/821 827/493/816
f 836/499/825 837/501/826 835/501/824
f 838/499/827 836/499/825 827/493/816
f 838/499/827 837/501/826 836/499/825
f 839/499/828 838/499/827 827/493/816
f 839/499/828 837/501/826 838/499/827
f 840/502/829 841/503/830 842/504/831
f 841/503/830 843/505/832 842/504/831
f 840/502/829 844/506/833 845/507/834
f 845/507/834 846/508/835 847/509/836
f 846/508/835 845/507/834 844/506/833
f 844/506/833 840/502/829 848/510/837
f 842/504/831 848/510/837 840/502/829
f 849/511/838 846/508/835 844/506/833
f 848/510/837 849/511/838 844/506/833
f 850/512/839 847/509/836 846/508/835
f 846/508/835 849/511/838 850/512/839
f 849/511/838 848/510/837 851/513/840
f 848/510/837 842/504/831 852/514/841
f 852/514/841 851/513/840 848/510/837
f 843/505/832 852/514/841 842/504/831
f 851/513/840 852/514/841 853/515/842
f 435/516/438 852/514/841 843/505/832
f 435/516/438 853/515/842 852/514/841
f 853/515/842 435/516/438 434/517/437
f 434/517/437 436/518/440 853/515/842
f 854/519/843 849/511/838 855/520/844
f 849/511/838 854/519/843 850/512/839
f 856/521/845 850/512/839 854/519/843
f 850/512/839 856/521/845 857/522/846
f 857/522/846 856/521/845 858/523/847
f 859/524/848 857/522/846 858/523/847
f 857/522/846 859/524/848 860/525/849
f 860/525/849 850/512/839 857/522/850
f 861/526/851 860/525/849 859/524/848
f 847/509/836 850/512/839 860/525/849
f 847/509/836 860/525/849 861/526/851
f 404/284/405 398/276/399 862/456/852
f 404/284/405 862/456/852 863/452/853
f 336/283/329 403/281/404 864/453/854
f 404/284/405 865/451/855 403/281/404
f 865/451/855 404/284/405 863/452/853
f 403/281/404 865/451/855 864/453/854
f 865/451/855 863/452/853 866/449/856
f 867/448/857 865/451/855 866/449/856
f 865/451/855 867/448/857 864/453/854
f 866/449/856 868/445/858 867/448/857
f 864/453/854 867/448/857 869/450/859
f 864/453/854 869/450/859 870/454/860
f 867/448/857 868/445/858 871/444/861
f 867/448/857 871/444/861 869/450/859
f 868/445/858 872/442/862 871/444/861
f 870/454/860 869/450/859 873/455/863
f 871/444/861 872/442/862 874/441/864
f 874/441/864 872/442/862 367/235/366
f 869/450/859 871/444/861 875/446/865
f 871/444/861 874/441/864 875/446/865
f 869/450/859 875/446/865 873/455/863
f 876/436/866 874/441/864 367/235/366
f 877/440/867 875/446/865 874/441/864
f 874/441/864 876/436/866 877/440/867
f 873/455/863 875/446/865 878/447/868
f 875/446/865 877/440/867 878/447/868
f 878/447/868 879/465/869 873/455/863
f 873/455/863 879/465/869 880/462/870
f 873/455/863 880/462/870 870/454/871
f 870/454/871 880/462/870 881/463/871
f 879/465/869 878/447/868 882/468/872
f 878/447/868 883/471/873 882/468/872
f 884/443/874 878/447/868 877/440/867
f 878/447/868 884/443/874 883/471/873
f 877/440/867 885/437/875 884/443/874
f 885/437/875 877/440/867 876/436/866
f 884/443/874 885/437/875 886/438/876
f 883/471/873 884/443/874 887/473/877
f 887/473/877 884/443/874 886/438/876
f 888/470/878 883/471/873 887/473/877
f 888/470/878 882/468/879 883/471/873
f 882/468/879 888/470/878 889/467/880
f 879/465/881 882/468/879 889/467/880
f 889/467/880 890/461/882 879/465/881
f 880/462/883 879/465/881 890/461/882
f 889/467/880 888/470/878 891/469/884
f 890/461/882 889/467/880 891/469/884
f 888/470/878 887/473/877 892/472/885
f 892/472/885 891/469/884 888/470/878
f 891/469/884 627/375/630 890/461/882
f 880/462/883 890/461/882 893/460/886
f 893/460/886 890/461/882 627/375/630
f 706/378/703 705/377/703 894/379/703
f 895/527/887 896/528/887 897/529/887
f 896/528/887 895/527/887 898/530/887
f 895/527/888 899/528/888 898/530/888
f 899/528/888 895/527/888 900/529/888
f 609/334/889 607/333/890 901/332/889
f 901/332/889 607/333/890 902/335/891
f 607/333/890 608/337/892 902/335/891
f 903/531/893 904/532/894 905/533/895
f 905/533/895 904/532/894 906/534/896
f 907/531/897 908/533/898 909/532/899
f 908/533/898 910/534/900 909/532/899
f 911/535/901 912/536/902 913/537/903
f 913/537/903 912/536/902 914/538/904
f 911/535/901 915/539/905 912/536/902
f 913/537/903 914/538/904 916/540/906
f 917/541/907 916/540/906 914/538/904
f 916/540/906 917/541/907 918/540/908
f 919/542/909 913/537/903 916/540/906
f 920/543/910 913/537/903 919/542/909
f 920/543/910 911/535/901 913/537/903
f 921/544/911 920/543/910 919/542/909
f 922/545/912 915/539/905 911/535/901
f 923/546/913 924/547/914 921/544/911
f 924/547/914 925/548/915 921/544/911
f 925/548/915 920/543/910 921/544/911
f 926/549/916 911/535/901 920/543/910
f 925/548/915 926/549/916 920/543/910
f 926/549/916 922/545/912 911/535/901
f 915/539/905 922/545/912 927/550/917
f 928/551/918 926/549/916 925/548/915
f 925/548/915 929/552/919 928/551/918
f 930/553/920 922/545/912 926/549/916
f 928/551/918 930/553/920 926/549/916
f 931/554/921 927/550/917 922/545/912
f 930/553/920 931/554/921 922/545/912
f 927/550/917 931/554/921 932/555/922
f 928/551/918 929/552/919 933/556/923
f 933/556/923 930/553/920 928/551/918
f 934/394/924 933/556/923 929/552/919
f 935/557/925 931/554/921 930/553/920
f 933/556/923 935/557/925 930/553/920
f 936/558/926 932/555/922 931/554/921
f 935/557/925 936/558/926 931/554/921
f 932/555/922 936/558/926 937/559/927
f 938/560/928 935/557/925 933/556/923
f 934/394/924 938/560/928 933/556/923
f 939/561/929 936/558/926 935/557/925
f 938/560/928 939/561/929 935/557/925
f 940/562/930 937/559/927 936/558/926
f 939/561/929 940/562/930 936/558/926
f 940/562/930 941/563/931 937/559/927
f 942/564/932 940/562/930 939/561/929
f 942/564/932 941/563/931 940/562/930
f 943/565/933 939/561/929 938/560/928
f 943/565/933 942/564/932 939/561/929
f 941/563/931 942/564/932 944/566/934
f 944/566/934 945/567/935 941/563/931
f 946/568/936 945/567/935 944/566/934
f 942/564/932 946/568/936 944/566/934
f 945/567/935 946/568/936 947/569/937
f 946/568/936 948/570/938 947/569/937
f 946/568/936 942/564/932 949/571/939
f 949/571/939 942/564/932 943/565/933
f 948/570/938 946/568/936 950/572/940
f 949/571/939 950/572/940 946/568/936
f 951/573/941 948/570/938 950/572/940
f 948/570/938 951/573/941 339/207/942
f 950/572/940 949/571/939 952/574/943
f 339/207/944 951/573/941 340/208/944
f 346/214/342 340/208/944 951/573/941
f 950/572/940 953/575/945 951/573/941
f 951/573/941 953/575/945 346/214/342
f 953/575/945 950/572/940 952/574/943
f 952/574/943 949/571/939 954/576/946
f 954/576/946 949/571/939 943/565/933
f 953/575/945 952/574/943 955/390/947
f 955/390/947 952/574/943 954/576/946
f 346/214/342 953/575/945 956/577/948
f 350/218/346 346/214/342 956/577/948
f 350/218/346 956/577/948 353/221/349
f 953/575/945 957/389/949 956/577/948
f 353/221/349 956/577/948 957/389/949
f 957/389/949 953/575/945 955/390/947
f 353/221/349 957/389/949 365/233/364
f 365/233/364 957/389/949 958/388/950
f 957/389/949 955/390/947 958/388/950
f 365/233/364 958/388/950 372/240/372
f 959/578/951 955/390/947 954/576/946
f 954/576/946 943/565/933 959/578/951
f 959/578/951 943/565/933 938/560/928
f 959/578/951 938/560/928 934/394/924
f 955/390/947 959/578/951 960/391/952
f 958/388/950 955/390/947 960/391/952
f 934/394/924 960/391/952 959/578/951
f 372/240/372 958/388/950 961/387/953
f 958/388/950 960/391/952 961/387/953
f 372/240/372 961/387/953 962/383/954
f 962/383/954 373/241/373 372/240/372
f 373/241/373 962/383/954 963/384/955
f 964/385/956 963/384/955 962/383/954
f 962/383/954 961/387/953 964/385/956
f 963/384/955 964/385/956 965/386/957
f 961/387/953 960/391/952 966/392/958
f 961/387/953 966/392/958 964/385/956
f 960/391/952 934/394/924 966/392/958
f 964/385/956 967/393/959 965/386/957
f 964/385/956 966/392/958 967/393/959
f 966/392/958 934/394/924 968/397/960
f 966/392/958 968/397/960 967/393/959
f 968/397/960 934/394/924 969/401/961
f 968/397/960 969/401/961 970/398/962
f 967/393/959 968/397/960 970/398/962
f 971/402/963 970/398/962 969/401/961
f 965/386/957 967/393/959 972/395/964
f 967/393/959 970/398/962 972/395/964
f 973/396/965 965/386/957 972/395/964
f 970/398/962 971/402/963 974/399/966
f 972/395/964 970/398/962 974/399/966
f 972/395/964 974/399/966 973/396/965
f 974/399/966 971/402/963 975/403/967
f 973/396/965 974/399/966 976/400/968
f 974/399/966 975/403/967 976/400/968
f 977/579/969 976/400/968 975/403/967
f 978/580/970 979/581/971 980/582/972
f 980/582/972 979/581/971 981/583/973
f 982/523/974 980/582/972 981/583/973
f 983/524/974 980/582/972 982/523/974
f 983/524/975 978/580/970 980/582/972
f 979/581/971 978/580/970 984/584/976
f 978/580/970 983/524/975 985/585/977
f 986/586/978 984/584/976 978/580/970
f 985/585/977 986/586/978 978/580/970
f 987/587/979 984/584/976 986/586/978
f 988/588/980 987/587/979 986/586/978
f 986/586/978 989/589/981 988/588/980
f 986/586/978 985/585/977 989/589/981
f 990/590/982 988/588/980 989/589/981
f 985/585/977 991/591/983 989/589/981
f 989/589/981 991/591/983 990/590/982
f 990/590/982 991/591/983 992/592/984
f 985/585/977 993/526/985 991/591/983
f 994/593/986 992/592/984 991/591/983
f 993/526/985 994/593/986 991/591/983
f 995/594/987 992/592/984 994/593/986
f 992/592/984 995/594/987 996/595/988
f 994/593/986 993/526/985 997/509/989
f 998/596/990 996/595/988 995/594/987
f 996/595/988 998/596/990 999/597/991
f 998/596/990 492/598/992 999/597/991
f 998/596/990 1000/503/993 492/598/992
f 995/594/987 1001/502/994 998/596/990
f 1001/502/994 1000/503/993 998/596/990
f 994/593/986 1002/507/995 995/594/987
f 1001/502/994 995/594/987 1002/507/995
f 1002/507/995 994/593/986 997/509/989
f 1001/502/994 1003/504/996 1000/503/993
f 1000/503/993 1003/504/996 1004/505/997
f 1005/506/998 1001/502/994 1002/507/995
f 1006/508/999 1002/507/995 997/509/989
f 1006/508/999 1005/506/998 1002/507/995
f 1007/514/1000 1004/505/997 1003/504/996
f 1008/510/1001 1003/504/996 1001/502/994
f 1005/506/998 1008/510/1001 1001/502/994
f 1008/510/1001 1007/514/1000 1003/504/996
f 1007/514/1000 100/516/96 1004/505/997
f 1009/515/1002 100/516/96 1007/514/1000
f 1009/515/1002 99/517/95 100/516/96
f 99/517/95 1009/515/1002 101/518/97
f 1007/514/1000 1010/513/1003 1009/515/1002
f 1010/513/1003 1007/514/1000 1008/510/1001
f 1011/511/1004 1010/513/1003 1008/510/1001
f 1011/511/1004 1008/510/1001 1005/506/998
f 1006/508/999 1011/511/1004 1005/506/998
f 1011/511/1004 1006/508/999 1012/512/1005
f 997/509/989 1012/512/1005 1006/508/999
f 1013/519/1006 1014/520/1007 1011/511/1004
f 1013/519/1006 1011/511/1004 1012/512/1005
f 1015/521/1008 1013/519/1006 1012/512/1005
f 1015/521/1008 1012/512/1005 1016/522/1009
f 1016/522/1009 982/523/1010 1015/521/1008
f 1016/522/1009 983/524/1011 982/523/1010
f 983/524/1011 1016/522/1009 1017/525/1012
f 1012/512/1005 997/509/989 1017/525/1012
f 1017/525/1012 1016/522/1013 1012/512/1005
f 993/526/985 983/524/1011 1017/525/1012
f 1017/525/1012 997/509/989 993/526/985
f 1018/599/1014 1019/600/1015 1020/601/1016
f 1019/600/1015 1021/602/1017 1020/601/1016
f 1019/600/1015 1018/599/1014 1022/603/1018
f 1018/599/1014 1023/604/1019 1022/603/1018
f 1024/605/1020 1018/599/1014 1020/601/1016
f 1020/601/1016 1021/602/1021 1024/605/1020
f 1023/604/1019 1018/599/1014 1025/606/1022
f 1025/606/1022 1026/607/1023 1023/604/1019
f 1026/607/1023 1025/606/1022 1027/608/1024
f 1018/599/1014 1024/605/1020 1028/609/1025
f 1025/606/1022 1018/599/1014 1028/609/1025
f 1028/609/1025 1024/605/1020 1029/610/1026
f 1030/611/1027 1025/606/1022 1028/609/1025
f 1030/611/1027 1028/609/1025 1029/610/1026
f 1027/608/1024 1025/606/1022 1030/611/1027
f 1029/610/1026 1031/612/1028 1030/611/1027
f 1032/613/1029 1030/611/1027 1031/612/1028
f 1033/614/1030 1027/608/1024 1030/611/1027
f 1030/611/1027 1032/613/1029 1033/614/1030
f 1034/615/1031 1027/608/1024 1033/614/1030
f 1035/616/1032 1033/614/1030 1032/613/1029
f 1036/617/1033 1034/615/1031 1033/614/1030
f 1033/614/1030 1035/616/1032 1036/617/1033
f 1037/618/1034 1038/619/1035 1039/620/1036
f 1040/621/1037 1039/620/1036 1038/619/1035
f 1039/620/1036 1040/621/1037 1041/622/1037
f 1038/619/1035 1037/618/1034 1042/623/1034
f 1037/618/1034 1043/624/1034 1042/623/1034
f 1043/624/1034 1037/618/1034 1044/625/1034
f 276/168/1038 1045/626/1038 1046/627/1038
f 1045/626/1038 276/168/1038 272/164/1038
f 1047/618/1039 1048/619/1040 1049/623/1039
f 1047/618/1039 1049/623/1039 1050/624/1039
f 1047/618/1039 1050/624/1039 1051/625/1039
f 1048/619/1040 1047/618/1039 1052/620/1041
f 1052/620/1041 1053/621/1042 1048/619/1040
f 1053/621/1042 1052/620/1041 1054/622/1042
f 329/168/1043 1055/627/1043 1056/626/1043
f 329/168/1043 1056/626/1043 326/164/1043
f 701/400/699 1057/579/1044 704/403/702
f 695/394/693 1058/578/1045 692/391/690
f 691/390/689 692/391/690 1058/578/1045
f 1059/560/1046 1058/578/1045 695/394/693
f 691/390/689 1058/578/1045 1060/576/1047
f 1061/565/1048 1060/576/1047 1058/578/1045
f 1058/578/1045 1059/560/1046 1061/565/1048
f 691/390/689 1060/576/1047 1062/574/1049
f 1063/575/1050 691/390/689 1062/574/1049
f 1063/575/1050 690/389/688 691/390/689
f 1064/571/1051 1062/574/1049 1060/576/1047
f 1060/576/1047 1061/565/1048 1064/571/1051
f 1064/571/1051 1065/572/1052 1062/574/1049
f 1065/572/1052 1063/575/1050 1062/574/1049
f 1066/564/1053 1064/571/1051 1061/565/1048
f 1065/572/1052 1064/571/1051 1067/568/1054
f 1066/564/1053 1067/568/1054 1064/571/1051
f 690/389/688 1063/575/1050 1068/577/1055
f 681/221/679 690/389/688 1068/577/1055
f 1068/577/1055 1069/218/1056 681/221/679
f 675/220/1057 681/221/679 1069/218/1056
f 1069/218/1056 674/219/1058 675/220/1057
f 1069/218/1056 1068/577/1055 1070/214/1059
f 1070/214/1059 1068/577/1055 1063/575/1050
f 1069/218/1056 1071/217/1060 674/219/1058
f 674/219/1058 1071/217/1060 671/215/667
f 1070/214/1059 1072/213/1061 1069/218/1056
f 1071/217/1060 1069/218/1056 1072/213/1061
f 1073/208/1062 1072/213/1061 1070/214/1059
f 1074/212/1063 671/215/667 1071/217/1060
f 1072/213/1061 1074/212/1063 1071/217/1060
f 1074/212/1063 478/209/482 671/215/667
f 1073/208/1062 1075/206/1064 1072/213/1061
f 1074/212/1063 1072/213/1061 1075/206/1064
f 1076/207/1065 1075/206/1064 1073/208/1062
f 1074/212/1063 1077/211/1066 478/209/482
f 1074/212/1063 1075/206/1064 1077/211/1066
f 478/209/482 1077/211/1066 479/210/1067
f 1078/628/1068 1077/211/1066 1075/206/1064
f 1077/211/1066 1078/628/1068 479/210/1067
f 1075/206/1064 1076/207/1065 1078/628/1068
f 1079/629/1069 479/210/1067 1078/628/1068
f 1080/630/1070 479/210/1067 1079/629/1069
f 1081/631/1071 1078/628/1068 1076/207/1065
f 1078/628/1068 1081/631/1071 1079/629/1069
f 1082/632/1072 1080/630/1070 1079/629/1069
f 1079/629/1069 1081/631/1071 1082/632/1072
f 1080/630/1070 1082/632/1072 1083/633/1073
f 1084/634/1074 1082/632/1072 1081/631/1071
f 1083/633/1073 1082/632/1072 1084/634/1074
f 1076/207/1065 1085/635/1075 1081/631/1071
f 1081/631/1071 1085/635/1075 1084/634/1074
f 1086/636/1076 1083/633/1073 1084/634/1074
f 1087/637/1077 1083/633/1073 1086/636/1076
f 1084/634/1074 1088/638/1078 1086/636/1076
f 1088/638/1078 1084/634/1074 1085/635/1075
f 1086/636/1076 1089/639/1079 1087/637/1077
f 1087/637/1077 1089/639/1079 992/592/1080
f 1089/639/1079 1090/590/1081 992/592/1080
f 1089/639/1079 1086/636/1076 790/640/1082
f 790/640/1082 1086/636/1076 1088/638/1078
f 1090/590/1081 1089/639/1079 1091/641/1083
f 1091/641/1083 1089/639/1079 790/640/1082
f 1092/642/1084 1090/590/1081 1091/641/1083
f 789/643/1001 1091/641/1083 790/640/1082
f 1088/638/1078 1093/644/1085 790/640/1082
f 1085/635/1075 1093/644/1085 1088/638/1078
f 1091/641/1083 789/643/1001 1094/645/1086
f 1092/642/1084 1091/641/1083 1094/645/1086
f 1094/645/1086 1095/646/1087 1092/642/1084
f 1094/645/1086 1096/647/1088 1095/646/1087
f 1096/647/1088 1094/645/1086 789/643/1089
f 1096/647/1088 1097/648/1090 1095/646/1087
f 1098/649/1091 1097/648/1090 1096/647/1088
f 1093/644/1085 1098/649/1091 1096/647/1088
f 1099/650/1092 1097/648/1090 1098/649/1091
f 1098/649/1091 1093/644/1085 1100/651/1093
f 1093/644/1085 1085/635/1075 1100/651/1093
f 1098/649/1091 1101/652/1094 1099/650/1092
f 1101/652/1094 1098/649/1091 1100/651/1093
f 1102/650/1095 1097/648/1096 1099/650/1092
f 1101/652/1094 1102/650/1095 1099/650/1092
f 1103/653/1097 1100/651/1093 1085/635/1075
f 1100/651/1093 1103/653/1097 1101/652/1094
f 1085/635/1075 1076/207/1065 1103/653/1097
f 1076/207/1065 1104/654/1098 1103/653/1097
f 1101/652/1094 1103/653/1097 1104/654/1098
f 1102/650/1095 1101/652/1094 1105/655/1099
f 1104/654/1098 1105/655/1099 1101/652/1094
f 1104/654/1098 1106/656/1100 1105/655/1099
f 1107/657/1101 1105/655/1099 1106/656/1100
f 1106/656/1100 1108/658/1102 1107/657/1101
f 1105/655/1099 1107/657/1101 1102/650/1103
f 1109/659/1104 1107/657/1101 1108/658/1102
f 1107/657/1101 1109/659/1104 1102/650/1103
f 1108/658/1102 1110/660/1105 1109/659/1104
f 1110/660/1105 1111/661/1106 1109/659/1104
f 1112/662/1107 1102/650/1103 1109/659/1104
f 1102/650/1103 1112/662/1107 1113/663/1108
f 1109/659/1104 1111/661/1106 1114/664/1109
f 1109/659/1104 1114/664/1109 1112/662/1107
f 1111/661/1106 1115/665/1110 1114/664/1109
f 1116/666/1111 1112/662/1107 1114/664/1109
f 1114/664/1109 1115/665/1110 1116/666/1111
f 1116/666/1111 1113/663/1108 1112/662/1107
f 1116/666/1111 1115/665/1110 1117/667/1112
f 1113/663/1108 1116/666/1111 1118/668/1113
f 1118/668/1113 1119/669/1114 1113/663/1108
f 1119/669/1114 1118/668/1113 1120/670/1115
f 1120/670/1115 1121/671/1116 1119/669/1114
f 1121/671/1116 1120/670/1115 1122/672/1117
f 1120/670/1115 1123/673/1118 1122/672/1117
f 1124/674/1119 1122/672/1117 1123/673/1118
f 1124/674/1119 1125/675/1120 1122/672/1117
f 1121/671/1116 1122/672/1117 1126/676/1121
f 1125/675/1120 1126/676/1121 1122/672/1117
f 1125/675/1120 1127/677/1122 1126/676/1121
f 1121/671/1116 1126/676/1121 1128/646/1123
f 1127/677/1122 1129/586/1124 1126/676/1121
f 1129/586/1124 1128/646/1123 1126/676/1121
f 1129/586/1124 1130/678/1125 1128/646/1123
f 1129/586/1124 1131/679/1125 1130/678/1125
f 1130/678/1125 1131/679/1125 988/588/1126
f 548/337/1127 1132/680/1127 576/365/1127
f 1132/680/1127 548/337/1127 547/336/1127
f 606/365/1128 1133/680/1128 608/337/1128
f 608/337/1128 1133/680/1128 1134/336/1128
f 1135/536/1129 1136/535/1130 1137/537/1131
f 1136/535/1130 1135/536/1129 1138/539/1132
f 1137/537/1131 1139/538/1133 1135/536/1129
f 1139/538/1133 1137/537/1131 1140/540/1134
f 1140/540/1134 1141/541/1135 1139/538/1133
f 1142/543/1136 1143/540/1137 1140/540/1134
f 1144/542/1138 1140/540/1134 1137/537/1131
f 1137/537/1131 1145/543/1139 1144/542/1138
f 1145/543/1139 1137/537/1131 1136/535/1130
f 1146/544/1140 1144/542/1138 1145/543/1139
f 1147/546/1141 1146/544/1140 1148/547/1142
f 1148/547/1142 1146/544/1140 1149/548/1143
f 1149/548/1143 1146/544/1140 1145/543/1139
f 1136/535/1130 1150/549/1144 1145/543/1139
f 1149/548/1143 1145/543/1139 1150/549/1144
f 1150/549/1144 1136/535/1130 1151/545/1145
f 1138/539/1132 1151/545/1145 1136/535/1130
f 1151/545/1145 1138/539/1132 1152/550/1146
f 1150/549/1144 1153/551/1147 1149/548/1143
f 1149/548/1143 1153/551/1147 1154/552/1148
f 1151/545/1145 1155/553/1149 1150/549/1144
f 1153/551/1147 1150/549/1144 1155/553/1149
f 1152/550/1146 1156/554/1150 1151/545/1145
f 1155/553/1149 1151/545/1145 1156/554/1150
f 1156/554/1150 1152/550/1146 1157/555/1151
f 1153/551/1147 1158/556/1152 1154/552/1148
f 1155/553/1149 1158/556/1152 1153/551/1147
f 1158/556/1152 695/394/693 1154/552/1148
f 695/394/693 1158/556/1152 1059/560/1046
f 1158/556/1152 1155/553/1149 1159/557/1153
f 1156/554/1150 1159/557/1153 1155/553/1149
f 1159/557/1153 1059/560/1046 1158/556/1152
f 1157/555/1151 1160/558/1154 1156/554/1150
f 1159/557/1153 1156/554/1150 1160/558/1154
f 1160/558/1154 1157/555/1151 1161/559/1155
f 1059/560/1046 1159/557/1153 1162/561/1156
f 1160/558/1154 1162/561/1156 1159/557/1153
f 1162/561/1156 1061/565/1048 1059/560/1046
f 1163/562/1157 1160/558/1154 1161/559/1155
f 1162/561/1156 1160/558/1154 1163/562/1157
f 1163/562/1157 1161/559/1155 1164/563/1158
f 1061/565/1048 1162/561/1156 1066/564/1053
f 1163/562/1157 1066/564/1053 1162/561/1156
f 1066/564/1053 1163/562/1157 1164/563/1158
f 1164/563/1158 1165/566/1159 1066/564/1053
f 1165/566/1159 1164/563/1158 1166/567/1160
f 1067/568/1054 1066/564/1053 1165/566/1159
f 1166/567/1160 1067/568/1054 1165/566/1159
f 1166/567/1160 1167/569/1161 1067/568/1054
f 1168/570/1162 1067/568/1054 1167/569/1161
f 1067/568/1054 1168/570/1162 1065/572/1052
f 1168/570/1162 1169/573/1163 1065/572/1052
f 1168/570/1162 1076/207/1164 1169/573/1163
f 1065/572/1052 1169/573/1163 1063/575/1050
f 1070/214/1059 1063/575/1050 1169/573/1163
f 1169/573/1163 1073/208/1165 1070/214/1059
f 1169/573/1163 1076/207/1165 1073/208/1165
f 881/463/1166 880/462/883 893/460/886
f 1170/464/1167 881/463/1166 893/460/886
f 625/374/628 893/460/886 627/375/630
f 625/374/628 1170/464/1167 893/460/886
f 1170/464/1167 625/374/628 1171/466/1168
f 627/375/630 891/469/884 628/376/631
f 891/469/884 892/472/885 628/376/631
f 1172/474/1169 892/472/885 887/473/877
f 1173/477/1170 628/376/631 892/472/885
f 892/472/885 1172/474/1169 1173/477/1170
f 1172/474/1169 887/473/877 886/438/876
f 628/376/631 1173/477/1170 1174/487/1171
f 1175/478/1172 1173/477/1170 1172/474/1169
f 1176/475/1173 1172/474/1169 886/438/876
f 1172/474/1169 1176/475/1173 1175/478/1172
f 1173/477/1170 1175/478/1172 1177/485/1174
f 1177/485/1174 1174/487/1171 1173/477/1170
f 1174/487/1171 1177/485/1174 820/486/809
f 820/486/809 1177/485/1174 818/484/807
f 1178/488/1175 1174/487/1171 820/486/809
f 1177/485/1174 1179/482/1176 818/484/807
f 1179/482/1176 1177/485/1174 1175/478/1172
f 818/484/807 1179/482/1176 817/483/806
f 1174/487/1171 1178/488/1175 1180/489/1177
f 1180/489/1177 628/376/631 1174/487/1171
f 1178/488/1175 1181/490/1178 1180/489/1177
f 628/376/631 1180/489/1177 626/373/629
f 624/372/627 1180/489/1177 1181/490/1178
f 624/372/627 626/373/629 1180/489/1177
f 1179/482/1176 1182/481/1179 817/483/806
f 817/483/806 1182/481/1179 1183/681/1180
f 1175/478/1172 1184/479/1181 1179/482/1176
f 1182/481/1179 1179/482/1176 1184/479/1181
f 1184/479/1181 1175/478/1172 1176/475/1173
f 1182/481/1179 1185/682/1182 1183/681/1180
f 1183/681/1180 1185/682/1182 1186/683/1183
f 1184/479/1181 1187/480/1184 1182/481/1179
f 1185/682/1182 1182/481/1179 1187/480/1184
f 1188/684/1185 1186/683/1183 1185/682/1182
f 1187/480/1184 1184/479/1181 1189/476/1186
f 1176/475/1173 1189/476/1186 1184/479/1181
f 1187/480/1184 1190/685/1187 1185/682/1182
f 1189/476/1186 1176/475/1173 1191/439/1188
f 886/438/876 1191/439/1188 1176/475/1173
f 1189/476/1186 1192/686/1189 1187/480/1184
f 1190/685/1187 1187/480/1184 1192/686/1189
f 1191/439/1188 1193/687/1190 1189/476/1186
f 1192/686/1189 1189/476/1186 1193/687/1190
f 1191/439/1188 886/438/876 1194/424/1191
f 885/437/875 1194/424/1191 886/438/876
f 1191/439/1188 1195/688/1192 1193/687/1190
f 1194/424/1191 1195/688/1192 1191/439/1188
f 1194/424/1191 885/437/875 1196/421/1193
f 876/436/866 1196/421/1193 885/437/875
f 1195/688/1192 1194/424/1191 1197/422/1194
f 1196/421/1193 1197/422/1194 1194/424/1191
f 1195/688/1192 1198/689/1195 1193/687/1190
f 1193/687/1190 1199/690/1196 1192/686/1189
f 1199/690/1196 1193/687/1190 1198/689/1195
f 1198/689/1195 1195/688/1192 1200/691/1197
f 1197/422/1194 1200/691/1197 1195/688/1192
f 1200/691/1197 1201/692/1198 1198/689/1195
f 1200/691/1197 1202/693/1199 1201/692/1198
f 1200/691/1197 1203/694/1200 1202/693/1199
f 1197/422/1194 1203/694/1200 1200/691/1197
f 1204/695/1201 1198/689/1195 1201/692/1198
f 1198/689/1195 1204/695/1201 1199/690/1196
f 1204/695/1201 1201/692/1198 1205/696/1202
f 1204/695/1201 1205/696/1202 1206/697/1203
f 1197/422/1194 1207/423/1204 1203/694/1200
f 1196/421/1193 1207/423/1204 1197/422/1194
f 1207/423/1204 1208/426/1205 1203/694/1200
f 1209/425/1206 1207/423/1204 1196/421/1193
f 1209/425/1206 1208/426/1205 1207/423/1204
f 876/436/866 1209/425/1206 1196/421/1193
f 1210/427/1207 1208/426/1205 1209/425/1206
f 1208/426/1205 1210/427/1207 1211/428/1208
f 1210/427/1207 1212/429/1209 1211/428/1208
f 1209/425/1206 876/436/866 1213/434/1210
f 1213/434/1210 1210/427/1207 1209/425/1206
f 876/436/866 367/235/366 1213/434/1210
f 1214/430/1211 1212/429/1209 1210/427/1207
f 1214/430/1211 1210/427/1207 1213/434/1210
f 1215/431/1212 1212/429/1209 1214/430/1211
f 1215/431/1212 1214/430/1211 1216/432/1213
f 1217/433/1214 1216/432/1213 1214/430/1211
f 1214/430/1211 1213/434/1210 1217/433/1214
f 1218/435/1215 1217/433/1214 1213/434/1210
f 1219/698/1216 1220/699/1217 1221/700/1218
f 1222/701/1219 1223/702/1220 1221/700/1218
f 1224/703/1221 1221/700/1218 1223/702/1220
f 1221/700/1218 1224/703/1221 1219/698/1216
f 1223/702/1220 1225/704/1222 1224/703/1221
f 1221/700/1218 1226/705/1223 1222/701/1219
f 1226/705/1223 1221/700/1218 1220/699/1217
f 1227/706/1224 1222/701/1219 1226/705/1223
f 1226/705/1223 1228/707/1225 1227/706/1224
f 1229/708/1226 1224/703/1221 1225/704/1222
f 1225/704/1222 1230/709/1227 1229/708/1226
f 1230/709/1227 1231/710/1228 1229/708/1226
f 1224/703/1221 1229/708/1226 1232/711/1229
f 1229/708/1226 1231/710/1228 1232/711/1229
f 1232/711/1229 1219/698/1216 1224/703/1221
f 1228/707/1225 1226/705/1223 1233/712/1230
f 1220/699/1217 1233/712/1230 1226/705/1223
f 1232/711/1229 1231/710/1228 1234/713/1231
f 1219/698/1216 1232/711/1229 1234/713/1231
f 1234/713/1231 1231/710/1228 1235/714/1232
f 1235/714/1232 1231/710/1228 1236/617/1232
f 1234/713/1231 1237/715/1233 1219/698/1216
f 1237/715/1233 1234/713/1231 1235/714/1232
f 1220/699/1217 1219/698/1216 1237/715/1233
f 1238/716/1234 1235/714/1232 1236/617/1232
f 1235/714/1232 1238/716/1234 1237/715/1233
f 1236/617/1232 1239/717/1235 1238/716/1234
f 1237/715/1233 1240/718/1236 1220/699/1217
f 1240/718/1236 1237/715/1233 1238/716/1234
f 1233/712/1230 1220/699/1217 1240/718/1236
f 1241/719/1237 1238/716/1234 1239/717/1235
f 1238/716/1234 1241/719/1237 1240/718/1236
f 1239/717/1235 1242/720/1238 1241/719/1237
f 1240/718/1236 1243/721/1239 1233/712/1230
f 1243/721/1239 1240/718/1236 1241/719/1237
f 1242/720/1238 1244/722/1240 1241/719/1237
f 1241/719/1237 1244/722/1240 1243/721/1239
f 1242/720/1238 1245/723/1241 1244/722/1240
f 1246/724/1242 1233/712/1230 1243/721/1239
f 1233/712/1230 1246/724/1242 1228/707/1225
f 1247/725/1243 1228/707/1225 1246/724/1242
f 1246/724/1242 1248/726/1244 1247/725/1243
f 1243/721/1239 1249/727/1245 1246/724/1242
f 1248/726/1244 1246/724/1242 1249/727/1245
f 1249/727/1245 1243/721/1239 1244/722/1240
f 1249/727/1245 1250/728/1246 1248/726/1244
f 1250/728/1246 1249/727/1245 1251/729/1247
f 1244/722/1240 1251/729/1247 1249/727/1245
f 1251/729/1247 1244/722/1240 1252/730/1248
f 1253/675/1249 1254/731/1250 1255/732/1251
f 1256/733/1252 1255/732/1251 1254/731/1250
f 1255/732/1251 1256/733/1252 1257/734/1253
f 1256/733/1252 1258/735/1254 1257/734/1253
f 1259/736/1255 1253/675/1249 1260/677/1256
f 1261/737/1257 1259/736/1255 1260/677/1256
f 1260/677/1256 1262/586/1258 1261/737/1257
f 1257/734/1253 1258/735/1254 1263/738/1259
f 1258/735/1254 1264/739/1260 1263/738/1259
f 1257/734/1253 1263/738/1259 1265/740/1261
f 1263/738/1259 1264/739/1260 1266/741/1262
f 1263/738/1259 1266/741/1262 1265/740/1261
f 1264/739/1260 1267/742/1263 1266/741/1262
f 1265/740/1261 1266/741/1262 1268/743/1264
f 1266/741/1262 1267/742/1263 1269/744/1265
f 1266/741/1262 1269/744/1265 1268/743/1264
f 1267/742/1263 1270/745/1266 1269/744/1265
f 1268/743/1264 1269/744/1265 1271/744/1267
f 1272/676/1268 1262/586/1258 1260/677/1256
f 1253/675/1269 1272/676/1268 1260/677/1256
f 1262/586/1258 1272/676/1268 1273/646/1270
f 1262/586/1258 1273/646/1270 1274/678/1271
f 1262/586/1258 1274/678/1271 1275/679/1271
f 1274/678/1271 1276/588/1272 1275/679/1271
f 1277/671/1273 1273/646/1270 1272/676/1268
f 1272/676/1268 1253/675/1269 1278/672/1274
f 1277/671/1273 1272/676/1268 1278/672/1274
f 1279/674/1275 1278/672/1274 1253/675/1269
f 1278/672/1274 1279/674/1275 1280/673/1276
f 1281/670/1277 1278/672/1274 1280/673/1276
f 1281/670/1277 1277/671/1273 1278/672/1274
f 1277/671/1273 1281/670/1277 1282/669/1278
f 1283/668/1279 1282/669/1278 1281/670/1277
f 1282/669/1278 1283/668/1279 1284/663/1280
f 1285/666/1281 1284/663/1280 1283/668/1279
f 1284/663/1280 1285/666/1281 1286/662/1282
f 1287/650/1283 1284/663/1280 1286/662/1282
f 1285/666/1281 1288/667/1284 1289/665/1285
f 1289/665/1285 1290/664/1286 1285/666/1281
f 1286/662/1282 1285/666/1281 1290/664/1286
f 1291/661/1287 1290/664/1286 1289/665/1285
f 1286/662/1282 1290/664/1286 1292/659/1288
f 1292/659/1288 1290/664/1286 1291/661/1287
f 1287/650/1283 1286/662/1282 1292/659/1288
f 1291/661/1287 1293/660/1289 1292/659/1288
f 1294/658/1290 1292/659/1288 1293/660/1289
f 1287/650/1283 1292/659/1288 1295/657/1291
f 1292/659/1288 1294/658/1290 1295/657/1291
f 1296/656/1292 1295/657/1291 1294/658/1290
f 1297/655/1293 1287/650/1283 1295/657/1291
f 1297/655/1293 1295/657/1291 1296/656/1292
f 1298/654/1294 1297/655/1293 1296/656/1292
f 1298/654/1294 1299/652/1295 1297/655/1293
f 1299/652/1295 1287/650/1296 1297/655/1293
f 1287/650/1296 1299/652/1295 1300/650/1297
f 1301/653/1298 1299/652/1295 1298/654/1294
f 339/207/335 1301/653/1298 1298/654/1294
f 1299/652/1295 1302/649/1299 1300/650/1297
f 1300/650/1297 1302/649/1299 1303/648/1300
f 1301/653/1298 1304/651/1301 1299/652/1295
f 1302/649/1299 1299/652/1295 1304/651/1301
f 1304/651/1301 1301/653/1298 1305/635/1302
f 339/207/335 1305/635/1302 1301/653/1298
f 1306/644/1303 1302/649/1299 1304/651/1301
f 1305/635/1302 1306/644/1303 1304/651/1301
f 1302/649/1299 1307/647/1304 1303/648/1300
f 1306/644/1303 1307/647/1304 1302/649/1299
f 1307/647/1304 1308/646/1305 1303/648/1300
f 1309/645/1306 1308/646/1305 1307/647/1304
f 1309/645/1306 1307/647/1304 793/643/1307
f 1309/645/1306 1310/642/1308 1308/646/1305
f 1311/641/1309 1310/642/1308 1309/645/1306
f 793/643/837 1311/641/1309 1309/645/1306
f 1310/642/1308 1311/641/1309 1312/590/1310
f 1311/641/1309 793/643/837 792/640/1311
f 1313/639/1312 1312/590/1310 1311/641/1309
f 1311/641/1309 792/640/1311 1313/639/1312
f 1312/590/1310 1313/639/1312 1314/592/1313
f 1315/637/1314 1314/592/1313 1313/639/1312
f 1313/639/1312 1316/636/1315 1315/637/1314
f 1313/639/1312 792/640/1311 1316/636/1315
f 1315/637/1314 1316/636/1315 1317/633/1316
f 1316/636/1315 792/640/1311 1318/638/1317
f 1318/638/1317 792/640/1311 1306/644/1303
f 1306/644/1303 1305/635/1302 1318/638/1317
f 1316/636/1315 1318/638/1317 1319/634/1318
f 1316/636/1315 1319/634/1318 1317/633/1316
f 1319/634/1318 1318/638/1317 1305/635/1302
f 1317/633/1316 1319/634/1318 1320/632/1319
f 516/630/1320 1317/633/1316 1320/632/1319
f 1319/634/1318 1305/635/1302 1321/631/1321
f 1320/632/1319 1319/634/1318 1321/631/1321
f 1305/635/1302 339/207/335 1321/631/1321
f 1320/632/1319 1322/629/1322 516/630/1320
f 1320/632/1319 1321/631/1321 1322/629/1322
f 516/630/1320 1322/629/1322 342/210/338
f 1321/631/1321 1323/628/1323 1322/629/1322
f 1323/628/1323 1321/631/1321 339/207/335
f 342/210/338 1322/629/1322 1323/628/1323
f 339/207/335 338/206/334 1323/628/1323
f 342/210/338 1323/628/1323 343/211/339
f 343/211/339 1323/628/1323 338/206/334
f 1324/701/1324 1325/746/1325 1326/747/1326
f 1324/701/1324 1326/747/1326 1327/748/1327
f 1327/748/1327 1326/747/1326 1328/749/1328
f 1327/748/1327 1328/749/1328 1329/750/1329
f 1329/750/1329 1328/749/1328 1330/751/1330
f 1328/749/1328 1331/704/1331 1330/751/1330
f 1330/751/1330 1331/704/1331 1332/752/1330
f 1331/704/1331 1333/753/1332 1332/752/1330
f 1326/747/1326 1334/703/1333 1328/749/1328
f 1328/749/1328 1334/703/1333 1331/704/1331
f 1326/747/1326 1335/698/1334 1334/703/1333
f 1325/746/1325 1335/698/1334 1326/747/1326
f 1333/753/1332 1331/704/1331 1336/708/1335
f 1333/753/1332 1336/708/1335 1026/607/1023
f 1334/703/1333 1337/754/1336 1331/704/1331
f 1331/704/1331 1337/754/1336 1336/708/1335
f 1335/698/1334 1338/755/1337 1334/703/1333
f 1334/703/1333 1338/755/1337 1337/754/1336
f 1325/746/1325 1339/756/1338 1335/698/1334
f 1340/699/1339 1339/756/1338 1325/746/1325
f 1340/699/1339 1341/715/1340 1339/756/1338
f 1342/608/1341 1336/708/1335 1337/754/1336
f 1337/754/1336 1338/755/1337 1342/608/1341
f 1336/708/1335 1342/608/1341 1026/607/1023
f 1341/715/1340 1343/615/1342 1339/756/1338
f 1335/698/1334 1344/713/1343 1338/755/1337
f 1339/756/1338 1344/713/1343 1335/698/1334
f 1339/756/1338 1343/615/1342 1344/713/1343
f 1338/755/1337 1344/713/1343 1342/608/1341
f 1344/713/1343 1343/615/1342 1342/608/1341
f 1345/606/1344 1026/607/1023 1342/608/1341
f 1026/607/1023 1345/606/1344 1023/604/1019
f 1343/615/1342 1346/614/1345 1342/608/1341
f 1347/617/1346 1346/614/1345 1343/615/1342
f 1348/616/1347 1346/614/1345 1347/617/1346
f 1346/614/1345 1348/616/1347 1349/613/1348
f 1346/614/1345 1350/611/1349 1342/608/1341
f 1349/613/1348 1350/611/1349 1346/614/1345
f 1342/608/1341 1350/611/1349 1345/606/1344
f 1350/611/1349 1349/613/1348 1351/612/1350
f 1351/612/1350 1352/610/1351 1350/611/1349
f 1350/611/1349 1352/610/1351 1353/609/1352
f 1350/611/1349 1353/609/1352 1345/606/1344
f 1353/609/1352 1352/610/1351 1354/605/1353
f 1345/606/1344 1353/609/1352 1355/599/1354
f 1355/599/1354 1353/609/1352 1354/605/1353
f 1355/599/1354 1023/604/1019 1345/606/1344
f 1023/604/1019 1355/599/1354 1022/603/1018
f 1355/599/1354 1019/600/1015 1022/603/1018
f 1356/601/1355 1355/599/1354 1354/605/1353
f 1019/600/1015 1355/599/1354 1356/601/1355
f 1356/601/1355 1354/605/1353 1021/602/1356
f 1019/600/1015 1356/601/1355 1021/602/1017
f 1357/699/1357 1358/698/1358 1359/700/1359
f 1360/701/1360 1359/700/1359 1361/702/1361
f 1359/700/1359 1362/703/1362 1361/702/1361
f 1361/702/1361 1362/703/1362 1363/704/1363
f 1359/700/1359 1358/698/1358 1362/703/1362
f 1364/705/1364 1359/700/1359 1360/701/1360
f 1364/705/1364 1357/699/1357 1359/700/1359
f 1365/706/1365 1364/705/1364 1360/701/1360
f 1362/703/1362 1366/708/1366 1363/704/1363
f 1363/704/1363 1366/708/1366 1367/709/1367
f 1367/709/1367 1366/708/1366 1368/710/1368
f 1362/703/1362 1369/711/1369 1366/708/1366
f 1366/708/1366 1369/711/1369 1368/710/1368
f 1358/698/1358 1369/711/1369 1362/703/1362
f 1370/707/1370 1364/705/1364 1365/706/1365
f 1371/757/1371 1370/707/1370 1365/706/1365
f 1372/725/1372 1370/707/1370 1371/757/1371
f 1370/707/1370 1373/712/1373 1364/705/1364
f 1373/712/1373 1357/699/1357 1364/705/1364
f 1372/725/1372 1374/724/1374 1370/707/1370
f 1374/724/1374 1373/712/1373 1370/707/1370
f 1375/726/1375 1374/724/1374 1372/725/1372
f 1358/698/1358 1376/713/1376 1369/711/1369
f 1369/711/1369 1376/713/1376 1368/710/1368
f 1357/699/1357 1377/715/1377 1358/698/1358
f 1377/715/1377 1376/713/1376 1358/698/1358
f 1376/713/1376 1378/714/1378 1368/710/1368
f 1377/715/1377 1378/714/1378 1376/713/1376
f 1378/714/1378 1379/617/1378 1368/710/1368
f 1380/716/1379 1379/617/1378 1378/714/1378
f 1380/716/1379 1378/714/1378 1377/715/1377
f 1381/717/1380 1379/617/1378 1380/716/1379
f 1382/718/1381 1377/715/1377 1357/699/1357
f 1382/718/1381 1380/716/1379 1377/715/1377
f 1373/712/1373 1382/718/1381 1357/699/1357
f 1383/719/1382 1381/717/1380 1380/716/1379
f 1383/719/1382 1380/716/1379 1382/718/1381
f 1384/720/1383 1381/717/1380 1383/719/1382
f 1385/721/1384 1382/718/1381 1373/712/1373
f 1385/721/1384 1383/719/1382 1382/718/1381
f 1374/724/1374 1385/721/1384 1373/712/1373
f 1386/722/1385 1384/720/1383 1383/719/1382
f 1386/722/1385 1383/719/1382 1385/721/1384
f 1387/723/1386 1384/720/1383 1386/722/1385
f 1388/727/1387 1385/721/1384 1374/724/1374
f 1388/727/1387 1386/722/1385 1385/721/1384
f 1375/726/1375 1388/727/1387 1374/724/1374
f 1389/728/1388 1388/727/1387 1375/726/1375
f 1389/728/1388 1390/729/1389 1388/727/1387
f 1390/729/1389 1386/722/1385 1388/727/1387
f 1390/729/1389 1391/730/1390 1386/722/1385
f 1392/758/1391 1393/521/1392 1394/759/1393
f 1394/759/1393 1393/521/1392 1395/760/843
f 1396/761/1394 1394/759/1393 1395/760/843
f 1397/762/1395 1398/763/1396 1394/759/1393
f 1394/759/1393 1396/761/1394 1397/762/1395
f 1398/763/1396 1397/762/1395 1399/764/1397
f 1397/762/1395 1400/765/1398 1399/764/1397
f 1396/761/1394 1401/766/1399 1397/762/1395
f 1400/765/1398 1397/762/1395 1401/766/1399
f 1401/766/1399 1396/761/1394 1402/767/1400
f 1403/768/1401 1401/766/1399 1402/767/1400
f 1401/766/1399 1403/768/1401 1404/769/1402
f 1404/769/1402 1400/765/1398 1401/766/1399
f 1405/770/1403 1404/769/1402 1403/768/1401
f 1404/769/1402 1405/770/1403 1406/771/1404
f 1405/770/1403 1407/772/1405 1406/771/1404
f 1408/773/1406 1404/769/1402 1406/771/1404
f 1409/774/1407 1404/769/1402 1408/773/1406
f 1400/765/1398 1404/769/1402 1409/774/1407
f 1410/775/1408 1409/774/1407 1408/773/1406
f 1411/776/1409 1400/765/1398 1409/774/1407
f 1411/776/1409 1409/774/1407 1410/775/1408
f 1400/765/1398 1411/776/1409 1412/777/1410
f 1413/778/1411 1400/765/1398 1412/777/1410
f 1412/777/1410 1414/779/1412 1413/778/1411
f 1414/779/1412 1412/777/1410 1415/780/1413
f 1411/776/1409 1415/780/1413 1412/777/1410
f 1416/781/1414 1414/779/1412 1415/780/1413
f 1410/775/1408 1417/782/1415 1411/776/1409
f 1415/780/1413 1411/776/1409 1417/782/1415
f 1417/782/1415 1416/781/1414 1415/780/1413
f 1417/782/1415 1410/775/1408 1418/783/1416
f 1416/781/1414 1417/782/1415 1419/784/1417
f 1418/783/1416 1419/784/1417 1417/782/1415
f 1420/785/1418 1416/781/1414 1419/784/1417
f 1421/786/1419 1420/785/1418 1419/784/1417
f 1419/784/1417 1418/783/1416 1421/786/1419
f 420/787/421 1421/786/1419 1418/783/1416
f 1421/786/1419 420/787/421 419/788/420
f 1422/789/1420 715/408/1421 1423/790/1422
f 715/408/1421 1422/789/1420 1424/791/1420
f 714/407/1423 1423/790/1422 715/408/1421
f 1423/790/1422 714/407/1423 1425/792/1424
f 717/410/1425 1425/792/1424 714/407/1423
f 1425/792/1424 717/410/1425 1426/793/1426
f 717/410/1425 1427/794/1427 1426/793/1426
f 1427/794/1427 717/410/1425 1428/795/1428
f 1428/795/1428 1429/796/1429 1427/794/1427
f 1430/797/1430 1427/794/1427 1429/796/1429
f 1117/667/1431 1430/797/1430 1429/796/1429
f 1430/797/1430 1117/667/1431 1115/665/1431
f 720/408/1432 1431/789/1433 1432/790/1434
f 1431/789/1433 720/408/1432 1433/791/1433
f 718/407/1435 720/408/1432 1432/790/1434
f 718/407/1435 1432/790/1434 1434/792/1436
f 721/410/1437 718/407/1435 1434/792/1436
f 721/410/1437 1434/792/1436 1435/793/1438
f 1436/794/1439 721/410/1437 1435/793/1438
f 721/410/1437 1436/794/1439 1437/795/1440
f 1438/796/1441 1437/795/1440 1436/794/1439
f 1438/796/1441 1436/794/1439 1439/797/1442
f 1438/796/1441 1439/797/1442 1288/667/1443
f 1439/797/1442 1289/665/1443 1288/667/1443
f 1440/798/1444 728/417/1445 1441/799/1446
f 728/417/1445 1442/800/1447 1441/799/1446
f 1441/799/1446 1442/800/1447 1443/801/1448
f 1442/800/1447 309/199/1449 1443/801/1448
f 1443/801/1448 1444/802/1450 1441/799/1446
f 1444/802/1450 1440/798/1444 1441/799/1446
f 1444/802/1450 1443/801/1448 1445/803/1451
f 1445/803/1451 1446/804/1452 1444/802/1450
f 1447/805/1452 1446/804/1452 1445/803/1451
f 1448/806/1453 1440/798/1444 1444/802/1450
f 1446/804/1454 1448/806/1453 1444/802/1450
f 1440/798/1444 1448/806/1453 1449/807/1455
f 1440/798/1444 1449/807/1455 728/417/1456
f 1448/806/1453 1446/804/1454 1450/808/1457
f 1447/805/1458 1450/808/1457 1446/804/1454
f 1451/809/1459 1450/808/1457 1447/805/1458
f 1452/810/1460 1450/808/1457 1451/809/1459
f 1453/799/1461 735/417/1462 1454/798/1463
f 735/417/1462 1453/799/1461 1455/800/1464
f 1453/799/1461 1456/801/1465 1455/800/1464
f 1455/800/1464 1456/801/1465 418/199/1466
f 1457/802/1467 1456/801/1465 1453/799/1461
f 1457/802/1467 1453/799/1461 1454/798/1463
f 1456/801/1465 1457/802/1467 1458/803/1468
f 1458/803/1468 1457/802/1467 1459/804/1469
f 1460/805/1469 1458/803/1468 1459/804/1469
f 1454/798/1463 1461/806/1470 1457/802/1467
f 1461/806/1470 1459/804/1471 1457/802/1467
f 1462/807/1472 1461/806/1470 1454/798/1463
f 1454/798/1463 735/417/1473 1462/807/1472
f 1459/804/1471 1461/806/1470 1463/808/1474
f 1460/805/1475 1459/804/1471 1463/808/1474
f 1463/808/1474 1464/809/1476 1460/805/1475
f 1463/808/1474 1465/810/1477 1464/809/1476
f 1466/811/1478 1467/812/1478 1468/813/1478
f 1469/811/1479 1470/813/1479 1471/812/1479
f 40/40/1480 42/42/1481 282/814/1482
f 50/46/1483 40/40/1480 282/814/1482
f 44/40/1484 333/814/1485 47/42/1486
f 52/46/1487 333/814/1485 44/40/1484
f 788/457/1488 1096/815/1488 789/458/1488
f 791/457/1489 793/458/1489 1307/815/1489
f 1472/816/1490 1473/817/1491 1474/818/1229
f 1475/819/1226 1472/816/1490 1474/818/1229
f 1472/816/1490 1475/819/1226 1476/820/1492
f 1475/819/1226 1477/821/1493 1476/820/1492
f 1474/818/1229 1473/817/1491 1478/822/1494
f 1473/817/1491 1479/823/1495 1478/822/1494
f 1479/823/1495 1473/817/1491 1480/824/1496
f 1474/818/1229 1478/822/1494 1481/825/1497
f 1478/822/1494 1479/823/1495 1482/826/1498
f 1481/825/1497 1478/822/1494 1482/826/1498
f 1480/824/1496 1483/827/1499 1479/823/1495
f 1483/827/1499 1480/824/1496 1484/828/1496
f 1482/826/1498 1479/823/1495 1485/829/1500
f 1479/823/1495 1483/827/1499 1485/829/1500
f 1486/830/1501 1474/818/1229 1481/825/1497
f 1475/819/1226 1474/818/1229 1486/830/1501
f 1481/825/1497 1482/826/1498 1487/831/1502
f 1488/748/1503 1483/827/1499 1484/828/1496
f 1484/828/1496 1329/750/1329 1488/748/1503
f 1483/827/1499 1488/748/1503 1489/701/1504
f 1485/829/1500 1483/827/1499 1489/701/1504
f 1488/748/1503 1329/750/1329 1490/749/1505
f 1329/750/1329 1330/751/1330 1490/749/1505
f 1489/701/1504 1488/748/1503 1491/747/1506
f 1488/748/1503 1490/749/1505 1491/747/1506
f 1490/749/1505 1330/751/1330 1492/704/1507
f 1330/751/1330 1332/752/1330 1492/704/1507
f 1491/747/1506 1490/749/1505 1493/703/1508
f 1490/749/1505 1492/704/1507 1493/703/1508
f 1492/704/1507 1332/752/1330 1494/708/1509
f 1332/752/1330 1333/753/1332 1494/708/1509
f 1333/753/1332 1026/607/1023 1494/708/1509
f 1492/704/1507 1494/708/1509 1495/754/1510
f 1493/703/1508 1492/704/1507 1495/754/1510
f 1027/608/1024 1494/708/1509 1026/607/1023
f 1494/708/1509 1027/608/1024 1495/754/1510
f 1493/703/1508 1495/754/1510 1496/755/1511
f 1495/754/1510 1027/608/1024 1496/755/1511
f 1497/698/1512 1493/703/1508 1496/755/1511
f 1491/747/1506 1493/703/1508 1497/698/1512
f 1497/698/1512 1496/755/1511 1498/713/1513
f 1496/755/1511 1027/608/1024 1498/713/1513
f 1497/698/1512 1499/746/1514 1491/747/1506
f 1489/701/1504 1491/747/1506 1499/746/1514
f 1500/832/1515 1501/833/1516 1502/834/1517
f 1500/832/1515 1503/835/1518 1501/833/1516
f 1504/836/1519 1503/835/1518 1500/832/1515
f 1504/836/1519 1505/837/1520 1503/835/1518
f 1506/838/1521 1503/835/1518 1505/837/1520
f 1505/837/1520 1507/839/1522 1506/838/1521
f 1508/840/1523 1506/838/1521 1507/839/1522
f 1503/835/1518 1506/838/1521 1509/841/1524
f 1503/835/1518 1509/841/1524 1501/833/1516
f 1506/838/1521 1508/840/1523 1510/842/1525
f 1506/838/1521 1510/842/1525 1509/841/1524
f 1508/840/1523 1511/843/1526 1510/842/1525
f 1512/844/1527 1510/842/1525 1511/843/1526
f 1511/843/1526 1513/845/1528 1512/844/1527
f 1509/841/1524 1510/842/1525 1514/846/1529
f 1510/842/1525 1512/844/1527 1514/846/1529
f 1501/833/1516 1509/841/1524 1515/847/1525
f 1509/841/1524 1514/846/1529 1515/847/1525
f 1501/833/1516 1515/847/1525 1516/848/1530
f 1516/848/1530 1502/834/1517 1501/833/1516
f 1513/845/1528 1517/849/1531 1512/844/1527
f 1513/845/1528 1518/850/1532 1517/849/1531
f 1519/851/1533 1517/849/1531 1518/850/1532
f 1517/849/1531 1519/851/1533 1520/852/1534
f 1519/851/1533 1521/853/896 1520/852/1534
f 1512/844/1527 1517/849/1531 1522/854/1535
f 1512/844/1527 1522/854/1535 1514/846/1529
f 1523/855/1536 1517/849/1531 1520/852/1534
f 1520/852/1534 1521/853/896 1523/855/1536
f 1517/849/1531 1523/855/1536 1522/854/1535
f 1514/846/1529 1524/856/1537 1515/847/1525
f 1514/846/1529 1522/854/1535 1524/856/1537
f 1515/847/1525 1524/856/1537 1516/848/1530
f 1523/855/1536 1521/853/896 1525/857/1538
f 1522/854/1535 1523/855/1536 1526/858/1539
f 1526/858/1539 1523/855/1536 1525/857/1538
f 1522/854/1535 1526/858/1539 1524/856/1537
f 1527/182/1540 1525/857/1538 1521/853/896
f 1527/182/1540 1528/859/1541 1525/857/1538
f 1529/860/1542 1528/859/1541 1527/182/1540
f 1530/861/1543 1526/858/1539 1525/857/1538
f 1528/859/1541 1530/861/1543 1525/857/1538
f 1531/862/1544 1526/858/1539 1530/861/1543
f 1524/856/1537 1526/858/1539 1531/862/1544
f 1530/861/1543 1528/859/1541 1532/863/1545
f 1528/859/1541 1529/860/1542 1533/864/1546
f 1528/859/1541 1533/864/1546 1532/863/1545
f 1529/860/1542 1534/865/1547 1533/864/1546
f 1531/862/1544 1530/861/1543 1535/866/1548
f 1533/864/1546 1534/865/1547 1536/867/1549
f 1532/863/1545 1533/864/1546 1536/867/1549
f 1537/868/1550 1536/867/1549 1534/865/1547
f 1532/863/1545 1536/867/1549 1538/869/1551
f 1536/867/1549 1537/868/1550 1539/870/1552
f 1538/869/1551 1536/867/1549 1539/870/1552
f 1540/871/1553 1539/870/1552 1537/868/1550
f 1538/869/1551 1539/870/1552 1541/872/1554
f 1539/870/1552 1540/871/1553 1542/873/1555
f 1542/873/1555 1541/872/1554 1539/870/1552
f 1542/873/1555 1540/871/1553 1543/874/1556
f 1541/872/1554 1542/873/1555 1543/874/1556
f 1543/874/1556 1544/875/1557 1541/872/1554
f 1544/875/1557 1543/874/1556 1545/876/1557
f 1546/877/1558 1531/862/1544 1535/866/1548
f 1546/877/1558 1535/866/1548 1547/878/1559
f 1548/879/1560 1547/878/1559 1549/880/1561
f 1548/879/1560 1546/877/1558 1547/878/1559
f 1548/879/1560 904/881/894 1546/877/1558
f 904/881/894 903/882/893 1546/877/1558
f 903/882/893 1550/883/1562 1546/877/1558
f 1550/883/1562 1531/862/1544 1546/877/1558
f 1551/884/1563 1531/862/1544 1550/883/1562
f 1524/856/1537 1531/862/1544 1551/884/1563
f 1552/885/1564 1524/856/1537 1551/884/1563
f 1553/886/1565 1524/856/1537 1552/885/1564
f 1516/848/1530 1524/856/1537 1553/886/1565
f 1502/834/1517 1516/848/1530 1553/886/1565
f 1554/887/1566 1553/886/1565 1552/885/1564
f 1553/886/1565 1554/887/1566 1502/834/1517
f 1552/885/1564 1555/888/1567 1554/887/1566
f 1556/889/1568 1502/834/1517 1554/887/1566
f 1557/890/1569 1554/887/1566 1555/888/1567
f 1557/890/1569 1556/889/1568 1554/887/1566
f 1558/581/1570 1559/580/1571 1560/582/1572
f 1560/582/1572 1561/583/1573 1558/581/1570
f 858/523/1574 1561/583/1573 1560/582/1572
f 858/523/1574 1560/582/1572 859/524/1574
f 1559/580/1571 859/524/1575 1560/582/1572
f 1559/580/1571 1558/581/1570 1562/584/1576
f 859/524/1575 1559/580/1571 1563/585/1577
f 1564/586/1578 1559/580/1571 1562/584/1576
f 1564/586/1578 1563/585/1577 1559/580/1571
f 1565/587/1579 1564/586/1578 1562/584/1576
f 1276/588/1580 1564/586/1578 1565/587/1579
f 1566/589/1581 1564/586/1578 1276/588/1580
f 1563/585/1577 1564/586/1578 1566/589/1581
f 1567/590/1582 1566/589/1581 1276/588/1580
f 1568/591/1583 1563/585/1577 1566/589/1581
f 1568/591/1583 1566/589/1581 1567/590/1582
f 1567/590/1582 1314/592/1584 1568/591/1583
f 1563/585/1577 1568/591/1583 861/526/851
f 1569/593/1585 1568/591/1583 1314/592/1584
f 861/526/851 1568/591/1583 1569/593/1585
f 1314/592/1584 1570/594/1586 1569/593/1585
f 1570/594/1586 1314/592/1584 1571/595/1587
f 847/509/836 861/526/851 1569/593/1585
f 1571/595/1587 1572/596/1588 1570/594/1586
f 1572/596/1588 1571/595/1587 1573/597/1589
f 527/598/1590 1572/596/1588 1573/597/1589
f 1572/596/1588 527/598/1590 841/503/830
f 840/502/829 1570/594/1586 1572/596/1588
f 841/503/830 840/502/829 1572/596/1588
f 845/507/834 1569/593/1585 1570/594/1586
f 1569/593/1585 845/507/834 847/509/836
f 1570/594/1586 840/502/829 845/507/834
f 105/70/1591 465/295/1592 103/68/1592
f 465/295/1592 105/70/1591 1574/891/1593
f 108/73/1594 1574/891/1593 105/70/1591
f 443/70/1595 503/295/1596 1575/891/1597
f 503/295/1596 443/70/1595 441/68/1596
f 447/73/1598 443/70/1595 1575/891/1597
f 1576/840/1599 1577/842/1600 1578/843/1601
f 1579/846/1602 1580/841/1603 1581/847/1600
f 1580/841/1603 1579/846/1602 1577/842/1600
f 1579/846/1602 1581/847/1600 1582/856/1604
f 1577/842/1600 1583/844/1605 1578/843/1601
f 1583/844/1605 1577/842/1600 1579/846/1602
f 1584/845/1606 1578/843/1601 1583/844/1605
f 1585/849/1607 1584/845/1606 1583/844/1605
f 1584/845/1606 1585/849/1607 1518/850/1608
f 1586/854/1609 1583/844/1605 1579/846/1602
f 1579/846/1602 1582/856/1604 1586/854/1609
f 1583/844/1605 1586/854/1609 1585/849/1607
f 1519/851/1610 1518/850/1608 1585/849/1607
f 1519/851/1610 1585/849/1607 1587/852/1611
f 1519/851/1610 1587/852/1611 1521/853/900
f 1587/852/1611 1585/849/1607 1588/855/1612
f 1585/849/1607 1586/854/1609 1588/855/1612
f 1587/852/1611 1588/855/1612 1521/853/900
f 1582/856/1604 1589/858/1613 1586/854/1609
f 1586/854/1609 1589/858/1613 1588/855/1612
f 1582/856/1604 1590/862/1614 1589/858/1613
f 1521/853/900 1588/855/1612 1591/857/1615
f 1589/858/1613 1591/857/1615 1588/855/1612
f 1591/857/1615 1527/182/1616 1521/853/900
f 1590/862/1614 1592/861/1617 1589/858/1613
f 1592/861/1617 1591/857/1615 1589/858/1613
f 1592/861/1617 1590/862/1614 1593/866/1618
f 1527/182/1616 1591/857/1615 1594/859/1619
f 1594/859/1619 1591/857/1615 1592/861/1617
f 1529/860/1620 1527/182/1616 1594/859/1619
f 1592/861/1617 1595/863/1621 1594/859/1619
f 1596/877/1622 1593/866/1618 1590/862/1614
f 1597/883/1623 1596/877/1622 1590/862/1614
f 907/882/897 1596/877/1622 1597/883/1623
f 907/882/897 909/881/899 1596/877/1622
f 1596/877/1622 1598/878/1624 1593/866/1618
f 1599/879/1625 1596/877/1622 909/881/899
f 1598/878/1624 1596/877/1622 1599/879/1625
f 1599/879/1625 1600/880/1626 1598/878/1624
f 1594/859/1619 1601/864/1627 1529/860/1620
f 1601/864/1627 1594/859/1619 1595/863/1621
f 1529/860/1620 1601/864/1627 1534/865/1628
f 1595/863/1621 1602/867/1629 1601/864/1627
f 1534/865/1628 1601/864/1627 1602/867/1629
f 1602/867/1629 1595/863/1621 1603/869/1630
f 1602/867/1629 1537/868/1631 1534/865/1628
f 1603/869/1630 1604/870/1632 1602/867/1629
f 1537/868/1631 1602/867/1629 1604/870/1632
f 1604/870/1632 1603/869/1630 1605/872/1633
f 1604/870/1632 1540/871/1634 1537/868/1631
f 1604/870/1632 1606/873/1635 1540/871/1634
f 1605/872/1633 1606/873/1635 1604/870/1632
f 1606/873/1635 1607/874/1636 1540/871/1634
f 1605/872/1633 1607/874/1636 1606/873/1635
f 1608/875/1637 1607/874/1636 1605/872/1633
f 1607/874/1636 1608/875/1637 1609/876/1637
f 1610/892/1638 1611/893/1639 1612/894/1640
f 1611/893/1639 1613/895/1641 1612/894/1640
f 1614/896/1642 1613/895/1641 1611/893/1639
f 1613/895/1641 1614/896/1642 1615/897/1643
f 1616/898/1644 1612/894/1640 1613/895/1641
f 1613/895/1641 1615/897/1643 1616/898/1644
f 1610/892/1638 1612/894/1640 1617/899/1645
f 1247/725/1243 1616/898/1644 1615/897/1643
f 1615/897/1643 1618/757/1646 1247/725/1243
f 1612/894/1640 1616/898/1644 1619/900/1647
f 1619/900/1647 1617/899/1645 1612/894/1640
f 1616/898/1644 1247/725/1243 1248/726/1244
f 1248/726/1244 1619/900/1647 1616/898/1644
f 1228/707/1225 1247/725/1243 1618/757/1646
f 1619/900/1647 1248/726/1244 1250/728/1246
f 1618/757/1646 1227/706/1224 1228/707/1225
f 1617/899/1645 1619/900/1647 1620/901/1648
f 1250/728/1246 1620/901/1648 1619/900/1647
f 1620/901/1648 1621/902/1649 1617/899/1645
f 1622/903/1650 1617/899/1645 1621/902/1649
f 1617/899/1645 1622/903/1650 1610/892/1638
f 1621/902/1649 1623/904/1651 1622/903/1650
f 1610/892/1638 1622/903/1650 1624/905/1652
f 1622/903/1650 1623/904/1651 1624/905/1652
f 1625/906/1653 1624/905/1652 1623/904/1651
f 1623/904/1651 1626/907/1654 1625/906/1653
f 1625/906/1653 1626/907/1654 1627/908/1655
f 1627/908/1655 1626/907/1654 1628/909/1656
f 1628/909/1656 1629/910/1657 1627/908/1655
f 1630/911/1658 1627/908/1655 1629/910/1657
f 1629/910/1657 1631/912/1659 1630/911/1658
f 1632/658/1660 1630/911/1658 1631/912/1659
f 1631/912/1659 1633/913/1661 1632/658/1660
f 1632/658/1660 1633/913/1661 1106/656/1662
f 1633/913/1661 1631/912/1659 1634/914/1663
f 1629/910/1657 1634/914/1663 1631/912/1659
f 1634/914/1663 1629/910/1657 1635/915/1085
f 1636/916/1664 1635/915/1085 1629/910/1657
f 1629/910/1657 1637/917/1658 1636/916/1664
f 1635/915/1085 1636/916/1664 1638/918/1665
f 1639/919/1666 1636/916/1664 1637/917/1658
f 1639/919/1666 1638/918/1665 1636/916/1664
f 1637/917/1658 1640/920/1667 1639/919/1666
f 1638/918/1665 1639/919/1666 1641/921/1668
f 1641/921/1668 1642/922/1669 1638/918/1665
f 1643/923/1670 1639/919/1666 1640/920/1667
f 1643/923/1670 1641/921/1668 1639/919/1666
f 1640/920/1667 1644/924/1671 1643/923/1670
f 1642/922/1669 1641/921/1668 1645/925/1672
f 1642/922/1669 1645/925/1672 1646/926/1673
f 1641/921/1668 1643/923/1670 1647/927/1674
f 1647/927/1674 1645/925/1672 1641/921/1668
f 1648/928/1675 1643/923/1670 1644/924/1671
f 1648/928/1675 1647/927/1674 1643/923/1670
f 1644/924/1671 1649/929/1676 1648/928/1675
f 1650/930/1677 1649/929/1676 1644/924/1671
f 1650/930/1677 1651/931/1678 1649/929/1676
f 1652/932/1679 1646/926/1673 1645/925/1672
f 1645/925/1672 1647/927/1674 1652/932/1679
f 1653/933/1680 1654/734/1681 1646/926/1673
f 1653/933/1680 1646/926/1673 1655/934/1682
f 1646/926/1673 1652/932/1679 1655/934/1682
f 1656/935/1683 1653/933/1680 1655/934/1682
f 1657/936/1684 1652/932/1679 1647/927/1674
f 1647/927/1674 1648/928/1675 1657/936/1684
f 1658/937/1685 1655/934/1682 1652/932/1679
f 1652/932/1679 1657/936/1684 1658/937/1685
f 1656/935/1683 1655/934/1682 1659/938/1686
f 1655/934/1682 1658/937/1685 1659/938/1686
f 1660/939/1687 1656/935/1683 1659/938/1686
f 1661/940/1688 1657/936/1684 1648/928/1675
f 1661/940/1688 1648/928/1675 1649/929/1676
f 1662/941/1689 1658/937/1685 1657/936/1684
f 1657/936/1684 1661/940/1688 1662/941/1689
f 1663/942/1690 1659/938/1686 1658/937/1685
f 1658/937/1685 1662/941/1689 1663/942/1690
f 1660/939/1687 1659/938/1686 1664/943/1691
f 1659/938/1686 1663/942/1690 1664/943/1691
f 1664/943/1691 1665/944/1692 1660/939/1687
f 1664/943/1691 1666/945/1693 1665/944/1692
f 1666/945/1693 1664/943/1691 1663/942/1690
f 1663/942/1690 1667/946/1694 1666/945/1693
f 1667/946/1694 1663/942/1690 1662/941/1689
f 1662/941/1689 1668/947/1695 1667/946/1694
f 1668/947/1695 1662/941/1689 1661/940/1688
f 1669/948/1696 1668/947/1695 1661/940/1688
f 1649/929/1676 1669/948/1696 1661/940/1688
f 1670/949/1697 1668/947/1695 1669/948/1696
f 1669/948/1696 1649/929/1676 1651/931/1678
f 1651/931/1678 1670/949/1697 1669/948/1696
f 1671/950/1698 1672/951/1699 1673/949/1700
f 1674/952/1701 1671/950/1698 1675/953/1702
f 1671/950/1698 1674/952/1701 1672/951/1699
f 1676/954/1703 1672/951/1699 1674/952/1701
f 1672/951/1699 1676/954/1703 1677/955/1704
f 1672/951/1699 1677/955/1704 1678/929/1705
f 1678/929/1705 1673/949/1700 1672/951/1699
f 1679/956/1706 1678/929/1705 1677/955/1704
f 1678/929/1705 1679/956/1706 1245/723/1707
f 1245/723/1707 1680/957/1708 1678/929/1705
f 1673/949/1700 1678/929/1705 1680/957/1708
f 1245/723/1707 1681/958/1709 1680/957/1708
f 1673/949/1700 1682/959/1710 1671/950/1698
f 1683/960/1711 1671/950/1698 1682/959/1710
f 1680/957/1708 1684/961/1712 1673/949/1700
f 1684/961/1712 1680/957/1708 1681/958/1709
f 1682/959/1710 1673/949/1700 1684/961/1712
f 1681/958/1709 1685/962/1713 1684/961/1712
f 1681/958/1709 1686/963/1714 1685/962/1713
f 1687/613/1715 1684/961/1712 1685/962/1713
f 1684/961/1712 1687/613/1715 1682/959/1710
f 1685/962/1713 1688/964/1716 1687/613/1715
f 1682/959/1710 1689/965/1030 1683/960/1711
f 1689/965/1030 1682/959/1710 1687/613/1715
f 1690/966/1717 1687/613/1715 1688/964/1716
f 1687/613/1715 1690/966/1717 1689/965/1030
f 1688/964/1716 1691/967/1718 1690/966/1717
f 1692/968/1719 1683/960/1711 1689/965/1030
f 1683/960/1711 1692/968/1719 1693/969/1720
f 1692/968/1719 1694/970/1721 1693/969/1720
f 1689/965/1030 1695/971/1722 1692/968/1719
f 1694/970/1721 1692/968/1719 1695/971/1722
f 1695/971/1722 1689/965/1030 1690/966/1717
f 1695/971/1722 1696/972/1723 1694/970/1721
f 1697/610/1724 1696/972/1723 1695/971/1722
f 1690/966/1717 1697/610/1724 1695/971/1722
f 1697/610/1724 1690/966/1717 1691/967/1718
f 1691/967/1718 1698/973/1725 1697/610/1724
f 1696/972/1726 1697/610/1724 1698/973/1725
f 1699/889/1727 1700/834/1728 1701/832/1729
f 1702/974/1730 1699/889/1727 1701/832/1729
f 1703/975/1731 1699/889/1727 1702/974/1730
f 1704/976/1732 1703/975/1731 1702/974/1730
f 1703/975/1731 1705/890/1733 1699/889/1727
f 1706/977/1734 1703/975/1731 1704/976/1732
f 1707/954/1735 1706/977/1734 1704/976/1732
f 1706/977/1734 1707/954/1735 1708/978/1736
f 1706/977/1734 1709/979/1737 1703/975/1731
f 1709/979/1737 1705/890/1733 1703/975/1731
f 1708/978/1736 1710/980/1738 1706/977/1734
f 1710/980/1738 1709/979/1737 1706/977/1734
f 1708/978/1736 1711/981/1739 1710/980/1738
f 1711/981/1739 1265/740/1740 1268/743/1741
f 1711/981/1739 1268/743/1741 1271/744/1742
f 1271/744/1742 1710/980/1738 1711/981/1739
f 1712/982/1743 1710/980/1738 1271/744/1742
f 1712/982/1743 1709/979/1737 1710/980/1738
f 1709/979/1737 1712/982/1743 1713/983/1744
f 1713/983/1744 1705/890/1733 1709/979/1737
f 1712/982/1743 1714/984/1745 1713/983/1744
f 1714/984/1745 1712/982/1743 1715/985/1746
f 1705/890/1733 1713/983/1744 1716/986/1747
f 1717/987/1748 1714/984/1745 1715/985/1746
f 1716/986/1747 1718/888/1749 1705/890/1733
f 1713/983/1744 1719/988/1750 1716/986/1747
f 1719/988/1750 1713/983/1744 1714/984/1745
f 1719/988/1750 1718/888/1749 1716/986/1747
f 1714/984/1745 1720/989/1751 1719/988/1750
f 1719/988/1750 1720/989/1751 1721/882/1752
f 1718/888/1749 1719/988/1750 1721/882/1752
f 1720/989/1751 1714/984/1745 1722/990/1753
f 1714/984/1745 1717/987/1748 1722/990/1753
f 1722/990/1753 1723/991/1754 1720/989/1751
f 1718/888/1749 1721/882/1752 1724/992/1755
f 1717/987/1748 1725/993/1756 1722/990/1753
f 1722/990/1753 1725/993/1756 1723/991/1754
f 1725/993/1756 1717/987/1748 1726/994/1757
f 1717/987/1748 1727/995/1758 1726/994/1757
f 1726/994/1757 1727/995/1758 1728/996/1759
f 1718/888/1749 1724/992/1755 1729/885/1760
f 1724/992/1755 1730/884/1761 1729/885/1760
f 1718/888/1749 1729/885/1760 1731/887/1762
f 1705/890/1733 1718/888/1749 1731/887/1762
f 1705/890/1733 1731/887/1762 1699/889/1727
f 1699/889/1727 1731/887/1762 1700/834/1728
f 1731/887/1762 1729/885/1760 1732/886/1763
f 1731/887/1762 1732/886/1763 1700/834/1728
f 1729/885/1760 1730/884/1761 1582/856/1604
f 1732/886/1763 1729/885/1760 1582/856/1604
f 1582/856/1604 1730/884/1761 1590/862/1614
f 1700/834/1728 1732/886/1763 1733/848/1764
f 1733/848/1764 1732/886/1763 1582/856/1604
f 1590/862/1614 1730/884/1761 1597/883/1623
f 1700/834/1728 1733/848/1764 1734/833/1765
f 1701/832/1729 1700/834/1728 1734/833/1765
f 1581/847/1600 1734/833/1765 1733/848/1764
f 1581/847/1600 1733/848/1764 1582/856/1604
f 1701/832/1729 1734/833/1765 1735/835/1766
f 1736/836/1767 1701/832/1729 1735/835/1766
f 1737/837/1768 1736/836/1767 1735/835/1766
f 1580/841/1603 1735/835/1766 1734/833/1765
f 1734/833/1765 1581/847/1600 1580/841/1603
f 1738/838/1769 1737/837/1768 1735/835/1766
f 1735/835/1766 1580/841/1603 1738/838/1769
f 1739/839/1770 1737/837/1768 1738/838/1769
f 1576/840/1599 1739/839/1770 1738/838/1769
f 1738/838/1769 1577/842/1600 1576/840/1599
f 1577/842/1600 1738/838/1769 1580/841/1603
f 1740/892/1771 1741/894/1772 1742/893/1773
f 1742/893/1773 1741/894/1772 1743/895/1774
f 1744/896/1775 1742/893/1773 1743/895/1774
f 1743/895/1774 1745/897/1776 1744/896/1775
f 1741/894/1772 1746/898/1777 1743/895/1774
f 1743/895/1774 1746/898/1777 1745/897/1776
f 1740/892/1771 1747/899/1778 1741/894/1772
f 1746/898/1777 1372/725/1372 1745/897/1776
f 1745/897/1776 1372/725/1372 1371/757/1371
f 1741/894/1772 1748/900/1779 1746/898/1777
f 1747/899/1778 1748/900/1779 1741/894/1772
f 1746/898/1777 1375/726/1375 1372/725/1372
f 1748/900/1779 1375/726/1375 1746/898/1777
f 1747/899/1778 1749/901/1780 1748/900/1779
f 1749/901/1780 1389/728/1388 1748/900/1779
f 1748/900/1779 1389/728/1388 1375/726/1375
f 1750/902/1781 1749/901/1780 1747/899/1778
f 1751/903/1782 1750/902/1781 1747/899/1778
f 1751/903/1782 1747/899/1778 1740/892/1771
f 1752/904/1783 1750/902/1781 1751/903/1782
f 1740/892/1771 1753/905/1784 1751/903/1782
f 1753/905/1784 1752/904/1783 1751/903/1782
f 1753/905/1784 1754/906/1785 1752/904/1783
f 1752/904/1783 1754/906/1785 1755/907/1786
f 1754/906/1785 1756/908/1787 1755/907/1786
f 1756/908/1787 1757/909/1788 1755/907/1786
f 1758/910/1789 1757/909/1788 1756/908/1787
f 1759/911/1790 1758/910/1789 1756/908/1787
f 1760/912/1791 1758/910/1789 1759/911/1790
f 1761/658/1792 1760/912/1791 1759/911/1790
f 1762/913/1793 1760/912/1791 1761/658/1792
f 1761/658/1792 1296/656/1794 1762/913/1793
f 1762/913/1793 1763/914/1795 1760/912/1791
f 1763/914/1795 1758/910/1789 1760/912/1791
f 1758/910/1789 1763/914/1795 1764/915/1303
f 1764/915/1303 1765/916/1796 1758/910/1789
f 1758/910/1789 1765/916/1796 1766/917/1790
f 1764/915/1303 1767/918/1797 1765/916/1796
f 1765/916/1796 1768/919/1798 1766/917/1790
f 1767/918/1797 1768/919/1798 1765/916/1796
f 1766/917/1790 1768/919/1798 1769/920/1799
f 1768/919/1798 1767/918/1797 1770/921/1800
f 1771/922/1801 1770/921/1800 1767/918/1797
f 1768/919/1798 1772/923/1802 1769/920/1799
f 1770/921/1800 1772/923/1802 1768/919/1798
f 1769/920/1799 1772/923/1802 1773/924/1803
f 1770/921/1800 1771/922/1801 1774/925/1804
f 1771/922/1801 1775/926/1805 1774/925/1804
f 1772/923/1802 1770/921/1800 1776/927/1806
f 1774/925/1804 1776/927/1806 1770/921/1800
f 1772/923/1802 1777/928/1807 1773/924/1803
f 1776/927/1806 1777/928/1807 1772/923/1802
f 1776/927/1806 1774/925/1804 1778/932/1808
f 1775/926/1805 1778/932/1808 1774/925/1804
f 1777/928/1807 1776/927/1806 1779/936/1809
f 1778/932/1808 1779/936/1809 1776/927/1806
f 1773/924/1803 1777/928/1807 1780/929/1810
f 1781/930/1811 1773/924/1803 1780/929/1810
f 1781/930/1811 1780/929/1810 1782/931/1812
f 1777/928/1807 1783/940/1813 1780/929/1810
f 1779/936/1809 1783/940/1813 1777/928/1807
f 1780/929/1810 1784/948/1814 1782/931/1812
f 1780/929/1810 1783/940/1813 1784/948/1814
f 1782/931/1812 1784/948/1814 1785/949/1815
f 1785/949/1815 1784/948/1814 1786/947/1816
f 1784/948/1814 1783/940/1813 1786/947/1816
f 1787/941/1817 1786/947/1816 1783/940/1813
f 1783/940/1813 1779/936/1809 1787/941/1817
f 1786/947/1816 1787/941/1817 1788/946/1818
f 1789/937/1819 1787/941/1817 1779/936/1809
f 1779/936/1809 1778/932/1808 1789/937/1819
f 1790/942/1820 1788/946/1818 1787/941/1817
f 1787/941/1817 1789/937/1819 1790/942/1820
f 1788/946/1818 1790/942/1820 1791/945/1821
f 1792/934/1822 1789/937/1819 1778/932/1808
f 1778/932/1808 1775/926/1805 1792/934/1822
f 1775/926/1805 1793/933/1823 1792/934/1822
f 1793/933/1823 1775/926/1805 1257/734/1824
f 1794/935/1825 1792/934/1822 1793/933/1823
f 1789/937/1819 1792/934/1822 1795/938/1826
f 1792/934/1822 1794/935/1825 1795/938/1826
f 1795/938/1826 1790/942/1820 1789/937/1819
f 1796/939/1827 1795/938/1826 1794/935/1825
f 1790/942/1820 1795/938/1826 1797/943/1828
f 1795/938/1826 1796/939/1827 1797/943/1828
f 1797/943/1828 1791/945/1821 1790/942/1820
f 1797/943/1828 1796/939/1827 1798/944/1829
f 1791/945/1821 1797/943/1828 1798/944/1829
f 1799/951/1830 1800/950/1831 1801/949/1832
f 1800/950/1831 1802/952/1833 1803/953/1834
f 1802/952/1833 1800/950/1831 1799/951/1830
f 1799/951/1830 1707/954/1835 1802/952/1833
f 1707/954/1835 1799/951/1830 1804/955/1836
f 1804/955/1836 1799/951/1830 1805/929/1837
f 1805/929/1837 1799/951/1830 1801/949/1832
f 1806/956/1838 1804/955/1836 1805/929/1837
f 1805/929/1837 1387/723/1839 1806/956/1838
f 1387/723/1839 1805/929/1837 1807/957/1840
f 1805/929/1837 1801/949/1832 1807/957/1840
f 1387/723/1839 1807/957/1840 1808/958/1841
f 1801/949/1832 1800/950/1831 1809/959/1730
f 1807/957/1840 1801/949/1832 1810/961/1842
f 1807/957/1840 1810/961/1842 1808/958/1841
f 1801/949/1832 1809/959/1730 1810/961/1842
f 1800/950/1831 1811/960/1843 1809/959/1730
f 1808/958/1841 1810/961/1842 1812/962/1844
f 1808/958/1841 1812/962/1844 1813/963/1845
f 1810/961/1842 1814/613/1846 1812/962/1844
f 1810/961/1842 1809/959/1730 1814/613/1846
f 1812/962/1844 1814/613/1846 1815/964/1847
f 1809/959/1730 1811/960/1843 1816/965/1345
f 1809/959/1730 1816/965/1345 1814/613/1846
f 1811/960/1843 1817/968/1848 1816/965/1345
f 1811/960/1843 1818/969/1849 1817/968/1848
f 1817/968/1848 1818/969/1849 1819/970/1850
f 1814/613/1846 1820/966/1851 1815/964/1847
f 1814/613/1846 1816/965/1345 1820/966/1851
f 1815/964/1847 1820/966/1851 1821/967/1852
f 1816/965/1345 1817/968/1848 1822/971/1853
f 1817/968/1848 1819/970/1850 1822/971/1853
f 1816/965/1345 1822/971/1853 1820/966/1851
f 1822/971/1853 1819/970/1850 1823/972/1854
f 1824/610/1855 1822/971/1853 1823/972/1854
f 1820/966/1851 1822/971/1853 1824/610/1855
f 1820/966/1851 1824/610/1855 1821/967/1852
f 1821/967/1852 1824/610/1855 1825/973/1856
f 1824/610/1855 1823/972/1857 1825/973/1856
f 1045/626/1858 1826/997/1859 1046/627/1858
f 1826/997/1859 1045/626/1858 1827/998/1860
f 1826/997/1859 1827/998/1860 1828/999/1861
f 1056/626/1862 1829/997/1863 1830/998/1864
f 1829/997/1863 1831/999/1865 1830/998/1864
f 1829/997/1863 1056/626/1862 1055/627/1862
f 1832/491/1866 1833/492/1867 1834/1000/1868
f 1835/491/1869 1836/492/1870 1837/1000/1871
f 1541/872/283 1838/1001/283 1839/1002/283
f 1605/872/283 1840/1002/283 1841/1001/283
f 1842/1003/1872 1843/1004/1872 1844/1005/1872
f 1845/1003/1873 1846/1005/1873 1847/1004/1873
f 1848/778/1874 1849/1006/1875 1850/1007/1876
f 1849/1006/1875 1848/778/1874 1851/764/1877
f 1852/1008/1878 1850/1007/1876 1849/1006/1875
f 1848/778/1874 1853/765/1879 1851/764/1877
f 1850/1007/1876 1852/1008/1878 1854/1009/1880
f 1852/1008/1878 1855/1010/1881 1854/1009/1880
f 1855/1010/1881 1856/1011/1882 1854/1009/1880
f 1856/1011/1882 1850/1007/1876 1854/1009/1880
f 1857/1012/1883 1856/1011/1882 1855/1010/1881
f 1850/1007/1876 1858/779/1884 1848/778/1874
f 1856/1011/1882 1857/1012/1883 1859/1013/1885
f 1857/1012/1883 1860/1014/1886 1859/1013/1885
f 1856/1011/1882 1861/1015/1887 1850/1007/1876
f 1858/779/1884 1850/1007/1876 1861/1015/1887
f 1856/1011/1882 1859/1013/1885 1862/1016/1888
f 1861/1015/1887 1856/1011/1882 1862/1016/1888
f 1863/1017/1889 1859/1013/1885 1860/1014/1886
f 1859/1013/1885 1864/1018/1890 1862/1016/1888
f 1859/1013/1885 1863/1017/1889 1864/1018/1890
f 1863/1017/1889 1865/1019/1891 1864/1018/1890
f 1866/1020/1892 1863/1017/1889 1860/1014/1886
f 1866/1020/1892 1860/1014/1886 1867/1021/1893
f 1862/1016/1888 1868/1022/1894 1861/1015/1887
f 1862/1016/1888 1869/1023/1895 1868/1022/1894
f 1870/1024/1896 1866/1020/1892 1867/1021/1893
f 1868/1022/1894 1871/1025/1897 1861/1015/1887
f 1869/1023/1895 1871/1025/1897 1868/1022/1894
f 1858/779/1884 1861/1015/1887 1871/1025/1897
f 1869/1023/1895 1872/1026/1898 1871/1025/1897
f 1867/1021/1893 1873/1027/1899 1870/1024/1896
f 1866/1020/1892 1870/1024/1896 1874/1028/1900
f 1872/1026/1898 1875/781/1901 1871/1025/1897
f 1871/1025/1897 1875/781/1901 1858/779/1884
f 1875/781/1901 1872/1026/1898 1452/1029/1902
f 1876/1030/1903 1874/1028/1900 1870/1024/1896
f 1877/1031/1904 1874/1028/1900 1876/1030/1903
f 1452/1029/1902 1878/785/1905 1875/781/1901
f 1879/758/1906 1877/1031/1904 1876/1030/1903
f 1870/1024/1896 1879/758/1906 1876/1030/1903
f 1880/1032/1907 1877/1031/1904 1881/1033/1908
f 1877/1031/1904 1879/758/1906 1881/1033/1908
f 1882/521/1909 1881/1033/1908 1879/758/1906
f 1883/784/1910 1875/781/1901 1878/785/1905
f 1884/786/1911 1883/784/1910 1878/785/1905
f 1884/786/1911 310/788/300 311/787/301
f 1884/786/1911 311/787/301 1885/783/1912
f 1883/784/1910 1884/786/1911 1885/783/1912
f 1883/784/1910 1885/783/1912 1886/782/1913
f 1886/782/1913 1875/781/1901 1883/784/1910
f 1885/783/1912 1887/775/1914 1886/782/1913
f 1875/781/1901 1886/782/1913 1888/780/1915
f 1888/780/1915 1858/779/1884 1875/781/1901
f 1886/782/1913 1887/775/1914 1889/776/1916
f 1888/780/1915 1886/782/1913 1889/776/1916
f 1858/779/1884 1888/780/1915 1890/777/1917
f 1888/780/1915 1889/776/1916 1890/777/1917
f 1858/779/1884 1890/777/1917 1848/778/1874
f 1848/778/1874 1890/777/1917 1853/765/1879
f 1889/776/1916 1853/765/1879 1890/777/1917
f 1891/774/1918 1889/776/1916 1887/775/1914
f 1853/765/1879 1889/776/1916 1891/774/1918
f 1887/775/1914 1892/773/1919 1891/774/1918
f 1891/774/1918 1892/773/1919 1893/769/1920
f 1853/765/1879 1891/774/1918 1893/769/1920
f 1892/773/1919 1894/771/1921 1893/769/1920
f 1893/769/1920 1894/771/1921 1895/770/1922
f 1895/770/1922 1894/771/1921 1896/772/1923
f 1893/769/1920 1895/770/1922 1897/768/1924
f 1898/766/1925 1893/769/1920 1897/768/1924
f 1853/765/1879 1893/769/1920 1898/766/1925
f 1898/766/1925 1897/768/1924 1899/767/1926
f 1900/761/1927 1898/766/1925 1899/767/1926
f 1901/762/1928 1853/765/1879 1898/766/1925
f 1898/766/1925 1900/761/1927 1901/762/1928
f 1853/765/1879 1901/762/1928 1902/764/1929
f 1903/763/1930 1902/764/1929 1901/762/1928
f 1904/759/1931 1901/762/1928 1900/761/1927
f 1903/763/1930 1901/762/1928 1904/759/1931
f 1904/759/1931 1900/761/1927 1905/760/1006
f 1904/759/1931 1905/760/1006 1882/521/1932
f 1879/758/1906 1904/759/1931 1882/521/1932
f 1906/1034/1933 1903/763/1930 1904/759/1931
f 1906/1034/1933 1904/759/1931 1879/758/1906
f 1903/763/1930 1906/1034/1933 1873/1027/1899
f 1879/758/1906 1870/1024/1896 1906/1034/1933
f 1906/1034/1933 1870/1024/1896 1873/1027/1899
f 1413/778/1411 1907/1006/1934 1908/764/1935
f 1400/765/1398 1413/778/1411 1908/764/1935
f 1907/1006/1934 1413/778/1411 1909/1007/1936
f 1909/1007/1936 1910/1008/1937 1907/1006/1934
f 1910/1008/1937 1909/1007/1936 1911/1009/1938
f 1910/1008/1937 1911/1009/1938 1912/1010/1939
f 1912/1010/1939 1911/1009/1938 1913/1011/1940
f 1909/1007/1936 1913/1011/1940 1911/1009/1938
f 1912/1010/1939 1913/1011/1940 1914/1012/1941
f 1414/779/1412 1909/1007/1936 1413/778/1411
f 1913/1011/1940 1909/1007/1936 1915/1015/1942
f 1909/1007/1936 1414/779/1412 1915/1015/1942
f 1913/1011/1940 1916/1013/1943 1914/1012/1941
f 1914/1012/1941 1916/1013/1943 1917/1014/1944
f 1915/1015/1942 1918/1016/1945 1913/1011/1940
f 1913/1011/1940 1918/1016/1945 1916/1013/1943
f 1918/1016/1945 1915/1015/1942 1919/1022/1946
f 1916/1013/1943 1918/1016/1945 1920/1018/1947
f 1918/1016/1945 1919/1022/1946 1921/1023/1948
f 1922/1017/1949 1916/1013/1943 1920/1018/1947
f 1916/1013/1943 1922/1017/1949 1917/1014/1944
f 1922/1017/1949 1920/1018/1947 1923/1019/1950
f 1924/1020/1951 1917/1014/1944 1922/1017/1949
f 1924/1020/1951 1925/1021/1952 1917/1014/1944
f 1926/1025/1953 1921/1023/1948 1919/1022/1946
f 1915/1015/1942 1926/1025/1953 1919/1022/1946
f 1921/1023/1948 1926/1025/1953 1927/1026/1954
f 1926/1025/1953 1915/1015/1942 1414/779/1412
f 1924/1020/1951 1928/1024/1955 1925/1021/1952
f 1416/781/1414 1927/1026/1954 1926/1025/1953
f 1416/781/1414 1926/1025/1953 1414/779/1412
f 1927/1026/1954 1416/781/1414 1465/1029/1956
f 1929/1027/1957 1925/1021/1952 1928/1024/1955
f 1928/1024/1955 1924/1020/1951 1930/1028/1958
f 1420/785/1418 1465/1029/1956 1416/781/1414
f 1931/1030/1959 1928/1024/1955 1930/1028/1958
f 1932/1031/1960 1931/1030/1959 1930/1028/1958
f 1929/1027/1957 1928/1024/1955 1933/1034/1961
f 1398/763/1396 1929/1027/1957 1933/1034/1961
f 1392/758/1391 1928/1024/1955 1931/1030/1959
f 1932/1031/1960 1392/758/1391 1931/1030/1959
f 1928/1024/1955 1392/758/1391 1933/1034/1961
f 1392/758/1391 1932/1031/1960 1934/1033/1962
f 1935/1032/1963 1934/1033/1962 1932/1031/1960
f 1393/521/1964 1392/758/1391 1934/1033/1962
f 1394/759/1393 1933/1034/1961 1392/758/1391
f 1933/1034/1961 1394/759/1393 1398/763/1396
f 1141/541/1135 1140/540/1134 1143/540/1137
f 1143/540/1137 1936/541/1965 1141/541/1135
f 1140/540/1134 1144/542/1138 1142/543/1136
f 1146/544/1140 1142/543/1136 1144/542/1138
f 1937/1035/1966 1938/1036/1967 1939/1037/1968
f 1940/1038/1969 1937/1035/1966 1939/1037/1968
f 1939/1037/1968 1941/1039/1970 1940/1038/1969
f 1940/1038/1969 1941/1039/1970 1942/1040/1971
f 1943/1041/1972 1942/1040/1971 1941/1039/1970
f 1944/996/1973 1943/1041/1972 1941/1039/1970
f 1944/996/1973 1941/1039/1970 1945/995/1974
f 1946/1042/1975 1941/1039/1970 1939/1037/1968
f 1946/1042/1975 1939/1037/1968 1947/1043/1976
f 1948/882/1977 1946/1042/1975 1947/1043/1976
f 1949/1044/1978 1948/882/1977 1947/1043/1976
f 1939/1037/1968 1949/1044/1978 1947/1043/1976
f 1950/745/1979 1948/882/1977 1949/1044/1978
f 1949/1044/1978 1939/1037/1968 1951/1045/1980
f 1951/1045/1980 1950/745/1979 1949/1044/1978
f 1939/1037/1968 1938/1036/1967 1951/1045/1980
f 1950/745/1979 1951/1045/1980 1952/742/1981
f 1952/742/1981 1951/1045/1980 1953/739/1982
f 1938/1036/1967 1953/739/1982 1951/1045/1980
f 1938/1036/1967 1954/1046/1983 1953/739/1982
f 1954/1046/1983 1955/735/1984 1953/739/1982
f 1954/1046/1983 1956/1047/1985 1955/735/1984
f 1956/1047/1985 1957/733/1986 1955/735/1984
f 1956/1047/1985 1958/731/1987 1957/733/1986
f 1956/1047/1985 1959/1048/1988 1958/731/1987
f 1957/733/1989 1958/731/1987 1960/732/1990
f 1957/733/1989 1960/732/1990 1654/734/1991
f 1958/731/1987 1125/675/1992 1960/732/1990
f 1955/735/1993 1957/733/1989 1654/734/1991
f 1654/734/1991 1961/738/1994 1955/735/1993
f 1953/739/1995 1955/735/1993 1961/738/1994
f 1654/734/1991 1962/740/1996 1961/738/1994
f 1961/738/1994 1963/741/1997 1953/739/1995
f 1963/741/1997 1961/738/1994 1962/740/1996
f 1952/742/1998 1953/739/1995 1963/741/1997
f 1962/740/1996 1964/743/1999 1963/741/1997
f 1963/741/1997 1965/744/2000 1952/742/1998
f 1963/741/1997 1964/743/1999 1965/744/2000
f 1950/745/2001 1952/742/1998 1965/744/2000
f 1964/743/1999 1966/744/2002 1965/744/2000
f 1965/744/2000 1967/745/2003 1950/745/2001
f 1967/745/2003 1965/744/2000 1966/744/2002
f 1966/744/2002 1968/745/2004 1967/745/2003
f 1958/731/1987 1969/1049/2005 1125/675/1992
f 1959/1048/1988 1969/1049/2005 1958/731/1987
f 1970/736/2006 1125/675/1992 1969/1049/2005
f 1125/675/1992 1970/736/2006 1127/677/1122
f 1959/1048/1988 1971/1050/2007 1969/1049/2005
f 1971/1050/2007 1970/736/2006 1969/1049/2005
f 1972/737/2008 1127/677/1122 1970/736/2006
f 1959/1048/1988 1973/1051/2009 1971/1050/2007
f 1971/1050/2007 1974/1052/2010 1970/736/2006
f 1973/1051/2009 1974/1052/2010 1971/1050/2007
f 1975/1053/2011 1970/736/2006 1974/1052/2010
f 1970/736/2006 1975/1053/2011 1972/737/2008
f 1972/737/2008 1975/1053/2011 1880/1032/2012
f 1127/677/1122 1972/737/2008 1129/586/1124
f 1976/1054/2013 1975/1053/2011 1974/1052/2010
f 1973/1051/2009 1976/1054/2013 1974/1052/2010
f 1880/1032/2012 1975/1053/2011 1977/1055/2014
f 1977/1055/2014 1975/1053/2011 1976/1054/2013
f 277/169/2015 1978/1056/2015 278/170/2015
f 277/169/2016 330/170/2016 1978/1056/2016
f 1979/1057/2017 1842/1003/2018 1844/1005/2018
f 1842/1003/2018 1979/1057/2017 1980/1058/2019
f 1845/1003/2020 1981/1057/2021 1846/1005/2020
f 1981/1057/2021 1845/1003/2020 1982/1058/2022
f 1983/1059/2023 287/179/2023 286/178/2023
f 287/179/2023 1983/1059/2023 773/1060/2023
f 864/1060/2024 1984/1059/2024 336/179/2024
f 335/178/2024 336/179/2024 1984/1059/2024
f 1985/1061/2025 1986/1062/2025 1987/1063/2025
f 1988/1061/2026 1989/1063/2026 1990/1062/2026
f 1991/1064/2027 1992/1065/2028 1993/1066/2029
f 1994/1067/2030 1993/1066/2029 1992/1065/2028
f 1992/1065/2028 1991/1064/2027 1995/1068/2031
f 1992/1065/2028 1995/1068/2031 1996/1069/2032
f 1997/1064/2033 1998/1066/2034 1992/1065/2028
f 1994/1067/2030 1992/1065/2028 1998/1066/2034
f 1992/1065/2028 1999/1068/2035 1997/1064/2033
f 1992/1065/2028 1996/1069/2032 1999/1068/2035
f 1498/713/1513 2000/756/2036 1497/698/1512
f 1499/746/1514 1497/698/1512 2000/756/2036
f 2000/756/2036 1498/713/1513 1034/615/1031
f 1498/713/1513 1027/608/1024 1034/615/1031
f 1034/615/1031 2001/715/2037 2000/756/2036
f 2002/699/2038 2000/756/2036 2001/715/2037
f 2000/756/2036 2002/699/2038 1499/746/1514
f 2001/715/2037 2003/1070/2039 2002/699/2038
f 2004/1071/2040 1489/701/1504 1499/746/1514
f 2004/1071/2040 1499/746/1514 2002/699/2038
f 1485/829/1500 1489/701/1504 2004/1071/2040
f 2005/712/2041 2002/699/2038 2003/1070/2039
f 2002/699/2038 2005/712/2041 2004/1071/2040
f 2006/1072/1133 2005/712/2041 2003/1070/2039
f 2004/1071/2040 2007/1073/2042 1485/829/1500
f 2007/1073/2042 2004/1071/2040 2005/712/2041
f 1482/826/1498 1485/829/1500 2007/1073/2042
f 2008/1074/2043 2005/712/2041 2006/1072/1133
f 2005/712/2041 2008/1074/2043 2007/1073/2042
f 2009/1075/2044 2008/1074/2043 2006/1072/1133
f 1487/831/1502 1482/826/1498 2007/1073/2042
f 1487/831/1502 2007/1073/2042 2008/1074/2043
f 2010/1076/2045 2008/1074/2043 2009/1075/2044
f 2008/1074/2043 2010/1076/2045 1487/831/1502
f 2011/1077/2046 2010/1076/2045 2009/1075/2044
f 2012/1078/2047 1487/831/1502 2010/1076/2045
f 2012/1078/2047 1481/825/1497 1487/831/1502
f 2013/897/2048 2010/1076/2045 2011/1077/2046
f 2013/897/2048 2012/1078/2047 2010/1076/2045
f 2014/898/2049 2013/897/2048 2011/1077/2046
f 1486/830/1501 1481/825/1497 2012/1078/2047
f 2015/1079/2048 2013/897/2048 2014/898/2049
f 2016/1080/1707 2012/1078/2047 2013/897/2048
f 2016/1080/1707 1486/830/1501 2012/1078/2047
f 2015/1079/2048 2016/1080/1707 2013/897/2048
f 2017/1081/2050 1486/830/1501 2016/1080/1707
f 2017/1081/2050 1475/819/1226 1486/830/1501
f 2018/1082/2051 2016/1080/1707 2015/1079/2048
f 2016/1080/1707 2018/1082/2051 2017/1081/2050
f 2015/1079/2048 2019/1083/2052 2018/1082/2051
f 2019/1083/2052 2015/1079/2048 2020/1084/2053
f 2019/1083/2052 2020/1084/2053 2021/1085/2054
f 2022/1086/2055 1475/819/1226 2017/1081/2050
f 1477/821/1493 1475/819/1226 2022/1086/2055
f 2023/1087/1217 2017/1081/2050 2018/1082/2051
f 2023/1087/1217 2022/1086/2055 2017/1081/2050
f 2024/1088/2056 2018/1082/2051 2019/1083/2052
f 2018/1082/2051 2024/1088/2056 2023/1087/1217
f 2025/1089/2057 2019/1083/2052 2021/1085/2054
f 2019/1083/2052 2025/1089/2057 2024/1088/2056
f 2021/1085/2054 2026/697/2058 2025/1089/2057
f 2027/1090/2059 1477/821/1493 2022/1086/2055
f 2028/1091/1674 1477/821/1493 2027/1090/2059
f 2029/1092/2060 2022/1086/2055 2023/1087/1217
f 2022/1086/2055 2029/1092/2060 2027/1090/2059
f 2030/1093/2061 2028/1091/1674 2027/1090/2059
f 2031/1094/1247 2028/1091/1674 2030/1093/2061
f 2032/1095/2062 2027/1090/2059 2029/1092/2060
f 2033/1096/2063 2031/1094/1247 2030/1093/2061
f 2027/1090/2059 2032/1095/2064 2030/1093/2061
f 2030/1093/2061 2034/1097/2065 2033/1096/2063
f 2035/1098/2066 2033/1096/2063 2034/1097/2065
f 2033/1096/2063 2035/1098/2066 2036/1099/2066
f 2034/1097/1908 2030/1093/2061 2032/1095/2064
f 2032/1095/2064 2037/684/2067 2034/1097/1908
f 2034/1097/1908 2037/684/2067 2038/1100/2068
f 2035/1098/2069 2034/1097/1908 2038/1100/2068
f 2038/1100/2068 2039/1101/2069 2035/1098/2069
f 2029/1092/2060 2040/1102/2070 2032/1095/2062
f 2037/684/2071 2032/1095/2062 2040/1102/2070
f 2040/1102/2070 2029/1092/2060 2041/1103/2072
f 2041/1103/2072 2029/1092/2060 2023/1087/1217
f 2041/1103/2072 2023/1087/1217 2024/1088/2056
f 2024/1088/2056 2042/1104/2073 2041/1103/2072
f 2042/1104/2073 2024/1088/2056 2025/1089/2057
f 2043/1105/2074 2040/1102/2070 2041/1103/2072
f 2043/1105/2074 2041/1103/2072 2042/1104/2073
f 2040/1102/2070 2044/1106/2075 2037/684/2071
f 2044/1106/2075 2040/1102/2070 2043/1105/2074
f 2045/682/2076 2037/684/2071 2044/1106/2075
f 2037/684/2071 2045/682/2076 1186/683/1183
f 1183/681/1180 1186/683/1183 2045/682/2076
f 2045/682/2076 2044/1106/2075 2046/685/2077
f 2046/685/2077 2044/1106/2075 2043/1105/2074
f 815/481/804 1183/681/1180 2045/682/2076
f 817/483/806 1183/681/1180 815/481/804
f 814/480/803 2045/682/2076 2046/685/2077
f 815/481/804 2045/682/2076 814/480/803
f 2046/685/2077 2043/1105/2074 2047/1107/2078
f 2042/1104/2073 2047/1107/2078 2043/1105/2074
f 814/480/803 2046/685/2077 2048/686/2079
f 2047/1107/2078 2048/686/2079 2046/685/2077
f 2047/1107/2078 2042/1104/2073 2049/1108/2080
f 2025/1089/2057 2049/1108/2080 2042/1104/2073
f 2049/1108/2080 2025/1089/2057 2026/697/2058
f 2049/1108/2080 2050/690/2081 2047/1107/2078
f 2048/686/2079 2047/1107/2078 2050/690/2081
f 2026/697/2058 2051/695/2082 2049/1108/2080
f 2050/690/2081 2049/1108/2080 2051/695/2082
f 2051/695/2082 2026/697/2058 2052/696/2083
f 2051/695/2082 2052/696/2083 2053/692/2084
f 2051/695/2082 2054/689/2085 2050/690/2081
f 2054/689/2085 2051/695/2082 2053/692/2084
f 2050/690/2081 2055/687/2086 2048/686/2079
f 2055/687/2086 2050/690/2081 2054/689/2085
f 810/476/799 2048/686/2079 2055/687/2086
f 810/476/799 814/480/803 2048/686/2079
f 2056/691/2087 2054/689/2085 2053/692/2084
f 2056/691/2087 2053/692/2084 2057/693/2088
f 2056/691/2087 2057/693/2088 2058/694/2089
f 2059/688/2090 2054/689/2085 2056/691/2087
f 2054/689/2085 2059/688/2090 2055/687/2086
f 2056/691/2087 2058/694/2089 742/422/730
f 742/422/730 2059/688/2090 2056/691/2087
f 743/423/731 742/422/730 2058/694/2089
f 743/423/731 2058/694/2089 746/426/734
f 759/439/747 2055/687/2086 2059/688/2090
f 759/439/747 810/476/799 2055/687/2086
f 744/424/732 2059/688/2090 742/422/730
f 2059/688/2090 744/424/732 759/439/747
f 918/540/908 917/541/907 2060/541/1965
f 2061/543/2091 916/540/906 918/540/908
f 919/542/909 916/540/906 2061/543/2091
f 921/544/911 919/542/909 2061/543/2091
f 2062/816/2092 2063/818/1369 2064/817/2093
f 2065/819/1366 2063/818/1369 2062/816/2092
f 1476/820/1492 2065/819/1366 2062/816/2092
f 1477/821/1493 2065/819/1366 1476/820/1492
f 2063/818/1369 2066/822/2094 2064/817/2093
f 2067/823/2095 2064/817/2093 2066/822/2094
f 2064/817/2093 2067/823/2095 2068/824/2096
f 2063/818/1369 2069/825/2097 2066/822/2094
f 2065/819/1366 2070/830/2098 2063/818/1369
f 2069/825/2097 2063/818/1369 2070/830/2098
f 2071/827/2099 2068/824/2096 2067/823/2095
f 2068/824/2096 2071/827/2099 2072/828/2096
f 2066/822/2094 2073/826/2100 2067/823/2095
f 2069/825/2097 2073/826/2100 2066/822/2094
f 2067/823/2095 2074/829/2101 2071/827/2099
f 2073/826/2100 2074/829/2101 2067/823/2095
f 2071/827/2099 1327/748/1327 2072/828/2096
f 2072/828/2096 1327/748/1327 1329/750/1329
f 2074/829/2101 1324/701/1324 2071/827/2099
f 2071/827/2099 1324/701/1324 1327/748/1327
f 2073/826/2100 2075/1073/2102 2074/829/2101
f 2069/825/2097 2076/831/2103 2073/826/2100
f 2076/831/2103 2075/1073/2102 2073/826/2100
f 2077/1078/2104 2076/831/2103 2069/825/2097
f 2070/830/2098 2077/1078/2104 2069/825/2097
f 2074/829/2101 2078/1071/2105 1324/701/1324
f 2075/1073/2102 2078/1071/2105 2074/829/2101
f 2078/1071/2105 1325/746/1325 1324/701/1324
f 2076/831/2103 2079/1074/2106 2075/1073/2102
f 2075/1073/2102 2080/712/2107 2078/1071/2105
f 2079/1074/2106 2080/712/2107 2075/1073/2102
f 2080/712/2107 1340/699/1339 2078/1071/2105
f 2078/1071/2105 1340/699/1339 1325/746/1325
f 2079/1074/2106 2081/1072/904 2080/712/2107
f 2081/1072/904 2082/1070/2108 2080/712/2107
f 2080/712/2107 2082/1070/2108 1340/699/1339
f 2083/1075/2109 2081/1072/904 2079/1074/2106
f 2082/1070/2108 1341/715/1340 1340/699/1339
f 2084/1076/2110 2083/1075/2109 2079/1074/2106
f 2084/1076/2110 2079/1074/2106 2076/831/2103
f 2085/1077/2111 2083/1075/2109 2084/1076/2110
f 2077/1078/2104 2084/1076/2110 2076/831/2103
f 2086/897/2112 2085/1077/2111 2084/1076/2110
f 2086/897/2112 2084/1076/2110 2077/1078/2104
f 2087/898/2113 2085/1077/2111 2086/897/2112
f 2088/1079/2112 2087/898/2113 2086/897/2112
f 2089/1080/1839 2086/897/2112 2077/1078/2104
f 2088/1079/2112 2086/897/2112 2089/1080/1839
f 2089/1080/1839 2077/1078/2104 2070/830/2098
f 2090/1081/2114 2089/1080/1839 2070/830/2098
f 2090/1081/2114 2070/830/2098 2065/819/1366
f 2091/1082/2115 2088/1079/2112 2089/1080/1839
f 2091/1082/2115 2089/1080/1839 2090/1081/2114
f 2092/1083/2116 2088/1079/2112 2091/1082/2115
f 2092/1083/2116 2093/1084/2117 2088/1079/2112
f 2092/1083/2116 2094/1085/2118 2093/1084/2117
f 2095/1086/2119 2090/1081/2114 2065/819/1366
f 2065/819/1366 1477/821/1493 2095/1086/2119
f 2096/1087/1357 2091/1082/2115 2090/1081/2114
f 2096/1087/1357 2090/1081/2114 2095/1086/2119
f 2097/1088/2120 2092/1083/2116 2091/1082/2115
f 2097/1088/2120 2091/1082/2115 2096/1087/1357
f 2092/1083/2116 2098/1089/2121 2094/1085/2118
f 2098/1089/2121 2092/1083/2116 2097/1088/2120
f 1206/697/1203 2094/1085/2118 2098/1089/2121
f 2099/1090/2122 2095/1086/2119 1477/821/1493
f 2028/1091/1806 2099/1090/2122 1477/821/1493
f 2100/1092/2123 2096/1087/1357 2095/1086/2119
f 2100/1092/2123 2095/1086/2119 2099/1090/2122
f 2101/1093/2124 2099/1090/2122 2028/1091/1806
f 2102/1095/2125 2100/1092/2123 2099/1090/2122
f 2031/1094/1389 2101/1093/2124 2028/1091/1806
f 2102/1095/2126 2099/1090/2122 2101/1093/2124
f 2031/1094/1389 2033/1096/2127 2101/1093/2124
f 2103/1097/1962 2102/1095/2126 2101/1093/2124
f 2103/1097/2128 2101/1093/2124 2033/1096/2127
f 2033/1096/2127 2104/1098/2129 2103/1097/2128
f 2104/1098/2129 2033/1096/2127 2036/1099/2129
f 1188/684/2130 2102/1095/2126 2103/1097/1962
f 2103/1097/1962 2105/1100/2131 1188/684/2130
f 2104/1098/2132 2105/1100/2131 2103/1097/1962
f 2105/1100/2131 2104/1098/2132 2106/1101/2132
f 2107/1102/2133 2100/1092/2123 2102/1095/2125
f 1188/684/1185 2107/1102/2133 2102/1095/2125
f 2107/1102/2133 2108/1103/2134 2100/1092/2123
f 2108/1103/2134 2096/1087/1357 2100/1092/2123
f 2108/1103/2134 2097/1088/2120 2096/1087/1357
f 2109/1106/2135 2107/1102/2133 1188/684/1185
f 1185/682/1182 2109/1106/2135 1188/684/1185
f 1185/682/1182 1190/685/1187 2109/1106/2135
f 2109/1106/2135 2110/1105/2136 2107/1102/2133
f 2110/1105/2136 2108/1103/2134 2107/1102/2133
f 1190/685/1187 2110/1105/2136 2109/1106/2135
f 2111/1104/2137 2097/1088/2120 2108/1103/2134
f 2110/1105/2136 2111/1104/2137 2108/1103/2134
f 2111/1104/2137 2098/1089/2121 2097/1088/2120
f 2110/1105/2136 1190/685/1187 2112/1107/2138
f 2112/1107/2138 2111/1104/2137 2110/1105/2136
f 1192/686/1189 2112/1107/2138 1190/685/1187
f 2112/1107/2138 1192/686/1189 1199/690/1196
f 2111/1104/2137 2112/1107/2138 2113/1108/2139
f 2113/1108/2139 2098/1089/2121 2111/1104/2137
f 1199/690/1196 2113/1108/2139 2112/1107/2138
f 2098/1089/2121 2113/1108/2139 1206/697/1203
f 2113/1108/2139 1199/690/1196 1204/695/1201
f 1204/695/1201 1206/697/1203 2113/1108/2139
f 2114/1109/2140 2115/1110/2141 2116/1111/2142
f 2117/1112/2143 2116/1111/2142 2115/1110/2141
f 2116/1111/2142 2117/1112/2143 2118/1113/2144
f 2119/1114/2145 2118/1113/2144 2117/1112/2143
f 2117/1112/2143 2120/1115/2146 2119/1114/2145
f 2121/1116/2147 2119/1114/2145 2120/1115/2146
f 2121/1116/2147 2120/1115/2146 2122/1117/2148
f 2123/1118/2149 2121/1116/2147 2122/1117/2148
f 2124/1109/2150 2125/1111/2151 2126/1110/2152
f 2125/1111/2151 2127/1112/2153 2126/1110/2152
f 2127/1112/2153 2125/1111/2151 2128/1113/2154
f 2128/1113/2154 2129/1114/2155 2127/1112/2153
f 2130/1115/2156 2127/1112/2153 2129/1114/2155
f 2131/1116/2157 2130/1115/2156 2129/1114/2155
f 2132/1117/2158 2130/1115/2156 2131/1116/2157
f 2133/1118/2159 2132/1117/2158 2131/1116/2157
f 2134/1037/2160 2135/1036/2161 2136/1035/2162
f 2137/1038/2163 2134/1037/2160 2136/1035/2162
f 2138/1039/2164 2134/1037/2160 2137/1038/2163
f 2137/1038/2163 2139/1040/2165 2138/1039/2164
f 2140/1041/2166 2138/1039/2164 2139/1040/2165
f 1728/996/1759 2138/1039/2164 2140/1041/2166
f 1728/996/1759 1727/995/1758 2138/1039/2164
f 2141/1042/2167 2134/1037/2160 2138/1039/2164
f 2134/1037/2160 2141/1042/2167 2142/1043/2168
f 2143/882/2169 2142/1043/2168 2141/1042/2167
f 2144/1044/2170 2142/1043/2168 2143/882/2169
f 2144/1044/2170 2134/1037/2160 2142/1043/2168
f 1270/745/2171 2144/1044/2170 2143/882/2169
f 2134/1037/2160 2144/1044/2170 2145/1045/2172
f 1270/745/2171 2145/1045/2172 2144/1044/2170
f 2135/1036/2161 2134/1037/2160 2145/1045/2172
f 2145/1045/2172 1270/745/2171 1267/742/2173
f 1264/739/2174 2145/1045/2172 1267/742/2173
f 2145/1045/2172 1264/739/2174 2135/1036/2161
f 2135/1036/2161 1264/739/2174 2146/1046/2175
f 2146/1046/2175 1264/739/2174 1258/735/2176
f 2146/1046/2175 1258/735/2176 2147/1047/2177
f 2147/1047/2177 1258/735/2176 1256/733/2178
f 1254/731/1250 2147/1047/2177 1256/733/2178
f 1254/731/1250 2148/1048/2179 2147/1047/2177
f 2147/1047/2177 2148/1048/2179 2149/1119/2180
f 2147/1047/2177 2149/1119/2180 2150/1120/2181
f 2150/1120/2181 2151/1121/2182 2147/1047/2177
f 2150/1120/2181 2152/1122/515 2151/1121/2182
f 2153/1123/2183 2152/1122/515 2150/1120/2181
f 2149/1119/2180 2153/1123/2183 2150/1120/2181
f 2152/1122/515 2153/1123/2183 1469/811/2184
f 2154/1124/2185 2149/1119/2180 2148/1048/2179
f 2155/1125/2186 2149/1119/2180 2154/1124/2185
f 2154/1124/2185 2156/1126/2187 2155/1125/2186
f 2156/1126/2187 2157/1127/2188 2155/1125/2186
f 2156/1126/2187 2154/1124/2185 2158/1128/2189
f 2157/1127/2188 2156/1126/2187 2159/1129/2190
f 2159/1129/2190 2139/1040/2191 2157/1127/2188
f 2139/1040/2191 2159/1129/2190 2160/1130/2192
f 2160/1130/2192 2161/1131/2193 2162/1132/2194
f 2160/1130/2192 2163/1133/2195 2161/1131/2193
f 2163/1133/2195 2160/1130/2192 2159/1129/2190
f 2164/1134/2196 2159/1129/2190 2156/1126/2187
f 2159/1129/2190 2164/1134/2196 2163/1133/2195
f 2158/1128/2189 2164/1134/2196 2156/1126/2187
f 2164/1134/2196 2165/1135/2197 2163/1133/2195
f 2166/1136/2198 2165/1135/2197 2164/1134/2196
f 2164/1134/2196 2158/1128/2189 2166/1136/2198
f 2165/1135/2197 2166/1136/2198 2167/1137/2199
f 2167/1137/2199 2168/1138/2200 2165/1135/2197
f 2168/1138/2200 2167/1137/2199 2169/1139/2201
f 2166/1136/2198 2170/1140/2202 2167/1137/2199
f 2170/1140/2202 2169/1139/2201 2167/1137/2199
f 2158/1128/2189 2171/1141/2203 2166/1136/2198
f 2170/1140/2202 2166/1136/2198 2171/1141/2203
f 2171/1141/2203 2158/1128/2189 2172/1142/2204
f 2169/1139/2201 2170/1140/2202 2173/1143/2205
f 2173/1143/2205 2174/1144/2206 2169/1139/2201
f 2175/1145/2207 2170/1140/2202 2171/1141/2203
f 2176/1146/2208 2173/1143/2205 2170/1140/2202
f 2170/1140/2202 2175/1145/2207 2176/1146/2208
f 2173/1143/2205 2176/1146/2208 2177/1147/2209
f 2177/1147/2209 2174/1144/2206 2173/1143/2205
f 2175/1145/2207 2178/1148/2210 2176/1146/2208
f 2178/1148/2210 2177/1147/2209 2176/1146/2208
f 2177/1147/2209 2178/1148/2210 2179/1149/2211
f 2171/1141/2203 2180/1150/2212 2175/1145/2207
f 2180/1150/2212 2171/1141/2203 2172/1142/2204
f 2181/1148/2213 2175/1145/2207 2182/1151/2214
f 2175/1145/2207 2180/1150/2212 2182/1151/2214
f 2182/1151/2214 2180/1150/2212 2183/1152/2215
f 2180/1150/2212 2184/1055/2216 2183/1152/2215
f 2179/1149/2211 2185/1153/2217 2177/1147/2209
f 2174/1144/2206 2177/1147/2209 2185/1153/2217
f 2185/1153/2217 2179/1149/2211 2186/1154/2218
f 2179/1149/2211 1923/1019/2219 2186/1154/2218
f 2185/1153/2217 2186/1154/2218 2187/1155/2220
f 2187/1155/2220 2174/1144/2206 2185/1153/2217
f 2188/1156/2221 2174/1144/2206 2187/1155/2220
f 2184/1055/2216 1935/1032/2222 1932/1031/2223
f 1935/1032/2222 2184/1055/2216 2189/1053/2224
f 1261/737/1257 1935/1032/2222 2189/1053/2224
f 2190/1054/2225 2189/1053/2224 2184/1055/2216
f 2184/1055/2216 2180/1150/2212 2190/1054/2225
f 2189/1053/2224 1259/736/1255 1261/737/1257
f 2180/1150/2212 2191/1051/2226 2190/1054/2225
f 2191/1051/2226 2180/1150/2212 2172/1142/2204
f 2189/1053/2224 2190/1054/2225 2192/1052/2227
f 2191/1051/2226 2192/1052/2227 2190/1054/2225
f 1259/736/1255 2189/1053/2224 2192/1052/2227
f 2158/1128/2189 2191/1051/2226 2172/1142/2204
f 2191/1051/2226 2158/1128/2189 2154/1124/2185
f 2148/1048/2179 2191/1051/2226 2154/1124/2185
f 2192/1052/2227 2191/1051/2226 2193/1050/2228
f 2191/1051/2226 2148/1048/2179 2193/1050/2228
f 2193/1050/2228 1259/736/1255 2192/1052/2227
f 2148/1048/2179 2194/1049/2229 2193/1050/2228
f 1259/736/1255 2193/1050/2228 2194/1049/2229
f 2194/1049/2229 2148/1048/2179 1254/731/1250
f 1253/675/1249 1259/736/1255 2194/1049/2229
f 1254/731/1250 1253/675/1249 2194/1049/2229
f 1877/1031/2230 1880/1032/2012 1977/1055/2014
f 2195/1150/2231 1977/1055/2014 1976/1054/2013
f 1973/1051/2009 2195/1150/2231 1976/1054/2013
f 1977/1055/2014 2195/1150/2231 2196/1152/2232
f 2197/1151/2233 2196/1152/2232 2195/1150/2231
f 2195/1150/2231 1973/1051/2009 2198/1142/2234
f 2195/1150/2231 2199/1145/2235 2197/1151/2233
f 2200/1148/2236 2197/1151/2233 2199/1145/2235
f 2201/1141/2237 2195/1150/2231 2198/1142/2234
f 2201/1141/2237 2199/1145/2235 2195/1150/2231
f 2202/1128/2238 2198/1142/2234 1973/1051/2009
f 2202/1128/2238 2201/1141/2237 2198/1142/2234
f 2203/1140/2239 2199/1145/2235 2201/1141/2237
f 2202/1128/2238 1973/1051/2009 2204/1124/2240
f 1973/1051/2009 1959/1048/1988 2204/1124/2240
f 2201/1141/2237 2202/1128/2238 2205/1136/2241
f 2205/1136/2241 2203/1140/2239 2201/1141/2237
f 2204/1124/2240 1959/1048/1988 2206/1119/2242
f 1956/1047/1985 2206/1119/2242 1959/1048/1988
f 2206/1119/2242 2207/1125/2243 2204/1124/2240
f 1956/1047/1985 2208/1120/2244 2206/1119/2242
f 1956/1047/1985 2209/1121/2245 2208/1120/2244
f 2206/1119/2242 2208/1120/2244 2210/1123/2246
f 2211/1122/479 2208/1120/2244 2209/1121/2245
f 2211/1122/479 2210/1123/2246 2208/1120/2244
f 2210/1123/2246 2211/1122/479 1466/811/2247
f 2212/1126/2248 2204/1124/2240 2207/1125/2243
f 2212/1126/2248 2202/1128/2238 2204/1124/2240
f 2213/1127/2249 2212/1126/2248 2207/1125/2243
f 2214/1134/2250 2202/1128/2238 2212/1126/2248
f 2214/1134/2250 2205/1136/2241 2202/1128/2238
f 2212/1126/2248 2213/1127/2249 2215/1129/2251
f 2215/1129/2251 2214/1134/2250 2212/1126/2248
f 1942/1040/2252 2215/1129/2251 2213/1127/2249
f 2215/1129/2251 1942/1040/2252 2216/1130/2253
f 2214/1134/2250 2215/1129/2251 2217/1133/2254
f 2216/1130/2253 2217/1133/2254 2215/1129/2251
f 2217/1133/2254 2216/1130/2253 2218/1131/2255
f 2216/1130/2253 2219/1132/2256 2218/1131/2255
f 2214/1134/2250 2217/1133/2254 2220/1135/2257
f 2220/1135/2257 2205/1136/2241 2214/1134/2250
f 2220/1135/2257 2221/1137/2258 2205/1136/2241
f 2222/1138/2259 2221/1137/2258 2220/1135/2257
f 2222/1138/2259 2223/1139/2260 2221/1137/2258
f 2203/1140/2239 2205/1136/2241 2221/1137/2258
f 2223/1139/2260 2203/1140/2239 2221/1137/2258
f 2223/1139/2260 2224/1143/2261 2203/1140/2239
f 2224/1143/2261 2223/1139/2260 2225/1144/2262
f 2224/1143/2261 2226/1146/2263 2203/1140/2239
f 2203/1140/2239 2226/1146/2263 2199/1145/2235
f 2199/1145/2235 2226/1146/2263 2227/1148/2264
f 2224/1143/2261 2228/1147/2265 2226/1146/2263
f 2228/1147/2265 2227/1148/2264 2226/1146/2263
f 2225/1144/2262 2228/1147/2265 2224/1143/2261
f 2229/1149/2266 2227/1148/2264 2228/1147/2265
f 2225/1144/2262 2230/1153/2267 2228/1147/2265
f 2230/1153/2267 2229/1149/2266 2228/1147/2265
f 2231/1155/2268 2230/1153/2267 2225/1144/2262
f 2231/1155/2268 2225/1144/2262 2232/1156/2269
f 2230/1153/2267 2231/1155/2268 2233/1154/2270
f 2230/1153/2267 2233/1154/2270 2229/1149/2266
f 2229/1149/2266 2233/1154/2270 1865/1019/2271
f 701/400/2272 2234/1157/2272 1057/579/2272
f 976/400/2273 977/579/2273 2235/1157/2273
f 1556/889/1568 1500/832/1515 1502/834/1517
f 1556/889/1568 2236/974/1710 1500/832/1515
f 1556/889/1568 2237/975/2274 2236/974/1710
f 2238/976/2275 2236/974/1710 2237/975/2274
f 2237/975/2274 1556/889/1568 1557/890/1569
f 2237/975/2274 2239/977/2276 2238/976/2275
f 1676/954/2277 2238/976/2275 2239/977/2276
f 2240/978/2278 1676/954/2277 2239/977/2276
f 2239/977/2276 2237/975/2274 2241/979/2279
f 1557/890/1569 2241/979/2279 2237/975/2274
f 2239/977/2276 2242/980/2280 2240/978/2278
f 2241/979/2279 2242/980/2280 2239/977/2276
f 2240/978/2278 2242/980/2280 2243/981/2281
f 2243/981/2281 1964/743/2282 1962/740/2283
f 2243/981/2281 1966/744/2284 1964/743/2282
f 1966/744/2284 2243/981/2281 2242/980/2280
f 1966/744/2284 2242/980/2280 2244/982/2285
f 2241/979/2279 2244/982/2285 2242/980/2280
f 2244/982/2285 2241/979/2279 2245/983/2286
f 1557/890/1569 2245/983/2286 2241/979/2279
f 2246/984/2287 2244/982/2285 2245/983/2286
f 2247/985/2288 2244/982/2285 2246/984/2287
f 2245/983/2286 1557/890/1569 2248/986/2289
f 2246/984/2287 2249/987/2290 2247/985/2288
f 2250/988/2291 2245/983/2286 2248/986/2289
f 2250/988/2291 2246/984/2287 2245/983/2286
f 2248/986/2289 1557/890/1569 1555/888/1567
f 1555/888/1567 2250/988/2291 2248/986/2289
f 2251/989/2292 2246/984/2287 2250/988/2291
f 2250/988/2291 2252/882/2293 2251/989/2292
f 2250/988/2291 1555/888/1567 2252/882/2293
f 2251/989/2292 2253/990/2294 2246/984/2287
f 2249/987/2290 2246/984/2287 2253/990/2294
f 2254/991/2295 2253/990/2294 2251/989/2292
f 1555/888/1567 2255/992/2296 2252/882/2293
f 2256/993/2297 2249/987/2290 2253/990/2294
f 2254/991/2295 2256/993/2297 2253/990/2294
f 2257/994/2298 2249/987/2290 2256/993/2297
f 2249/987/2290 2257/994/2298 1945/995/1974
f 2257/994/2298 1944/996/1973 1945/995/1974
f 1555/888/1567 1552/885/1564 2255/992/2296
f 2255/992/2296 1552/885/1564 1551/884/1563
f 2258/1158/2299 2256/993/2297 2254/991/2295
f 2254/991/2295 2259/1159/2300 2258/1158/2299
f 2260/1160/2301 2258/1158/2299 2259/1159/2300
f 2258/1158/2299 2261/1161/2302 2256/993/2297
f 2261/1161/2302 2257/994/2298 2256/993/2297
f 2260/1160/2301 2262/1162/2303 2258/1158/2299
f 2262/1162/2303 2261/1161/2302 2258/1158/2299
f 2260/1160/2301 2263/1163/2301 2262/1162/2303
f 2263/1163/2301 2260/1160/2301 2264/1164/2304
f 2264/1164/2304 2265/1165/2305 2263/1163/2301
f 2266/1166/2306 2262/1162/2303 2263/1163/2301
f 2262/1162/2303 2266/1166/2306 2261/1161/2302
f 2261/1161/2302 2267/1167/2307 2257/994/2298
f 2266/1166/2306 2267/1167/2307 2261/1161/2302
f 2267/1167/2307 1944/996/1973 2257/994/2298
f 2268/1168/2308 1944/996/1973 2267/1167/2307
f 2269/1169/2309 2268/1168/2308 2267/1167/2307
f 2266/1166/2306 2269/1169/2309 2267/1167/2307
f 2269/1169/2309 2270/1170/2310 2268/1168/2308
f 2266/1166/2306 2263/1163/2301 2271/1171/2311
f 2271/1171/2311 2269/1169/2309 2266/1166/2306
f 2271/1171/2311 2263/1163/2301 2265/1165/2305
f 2272/1172/2312 2270/1170/2310 2269/1169/2309
f 2269/1169/2309 2271/1171/2311 2272/1172/2312
f 2270/1170/2310 2272/1172/2312 2273/1173/2313
f 2271/1171/2311 2265/1165/2305 2274/1174/2314
f 2274/1174/2314 2272/1172/2312 2271/1171/2311
f 2275/1175/2315 2274/1174/2314 2265/1165/2305
f 2274/1174/2314 2275/1175/2315 2276/1176/2316
f 2272/1172/2312 2274/1174/2314 2277/1177/2317
f 2277/1177/2317 2273/1173/2313 2272/1172/2312
f 2277/1177/2317 2274/1174/2314 2276/1176/2316
f 2277/1177/2317 2278/1178/2318 2273/1173/2313
f 2277/1177/2317 2276/1176/2316 2279/1179/2319
f 2280/1180/2320 2279/1179/2319 2276/1176/2316
f 2277/1177/2317 2281/1181/2321 2278/1178/2318
f 2281/1181/2321 2277/1177/2317 2279/1179/2319
f 2278/1178/2318 2281/1181/2321 2282/1182/2322
f 2280/1180/2320 2283/1183/2323 2279/1179/2319
f 2283/1183/2323 2281/1181/2321 2279/1179/2319
f 2283/1183/2323 2280/1180/2320 2284/1184/2324
f 2285/1185/2325 2284/1184/2324 2286/1184/2326
f 2287/1185/2327 2283/1183/2323 2284/1184/2324
f 2288/1186/2328 2283/1183/2323 2287/1185/2327
f 2283/1183/2323 2289/1187/2329 2281/1181/2321
f 2283/1183/2323 2288/1186/2328 2289/1187/2329
f 2289/1187/2329 2282/1182/2330 2281/1181/2321
f 2288/1186/2328 2290/1188/2331 2289/1187/2329
f 2289/1187/2329 2290/1188/2331 2282/1182/2330
f 2288/1186/2328 2291/1189/2332 2290/1188/2331
f 2292/1190/2333 2290/1188/2331 2291/1189/2332
f 2290/1188/2331 2293/1191/2334 2282/1182/2330
f 2290/1188/2331 2292/1190/2333 2294/1192/2335
f 2290/1188/2331 2294/1192/2335 2293/1191/2334
f 2294/1192/2335 2295/1193/2336 2293/1191/2334
f 2295/1193/2336 2294/1192/2335 2296/1194/2337
f 2295/1193/2336 2296/1194/2337 2297/1195/2338
f 1686/963/2339 2298/1196/2339 1035/616/2339
f 1813/963/2340 1348/616/2340 2299/1196/2340
f 2300/1197/2341 2301/1198/2341 2302/1199/2341
f 2302/1199/2341 2301/1198/2341 2303/1200/2341
f 2304/1199/2342 2305/1198/2342 2306/1197/2342
f 2305/1198/2342 2304/1199/2342 2307/1200/2342
f 2308/1191/2343 2309/1193/2344 2310/1192/2345
f 2309/1193/2344 2311/1194/2346 2310/1192/2345
f 2309/1193/2344 2312/1195/2347 2311/1194/2346
f 2313/1188/2348 2308/1191/2343 2310/1192/2345
f 2314/1190/2349 2313/1188/2348 2310/1192/2345
f 2313/1188/2348 2314/1190/2349 2315/1189/2350
f 2316/1182/2351 2308/1191/2343 2313/1188/2348
f 2313/1188/2348 2315/1189/2350 2317/1186/2352
f 2318/1187/2353 2316/1182/2351 2313/1188/2348
f 2318/1187/2353 2313/1188/2348 2317/1186/2352
f 2319/1181/2354 2316/1182/2351 2318/1187/2353
f 2317/1186/2352 2320/1183/2355 2318/1187/2353
f 2320/1183/2355 2319/1181/2354 2318/1187/2353
f 2320/1183/2355 2317/1186/2352 2321/1185/2356
f 2321/1185/2356 2322/1184/2357 2320/1183/2355
f 2322/1184/2357 2323/1185/2358 2324/1184/2359
f 2325/1180/2360 2320/1183/2355 2322/1184/2357
f 2326/1179/2361 2320/1183/2355 2325/1180/2360
f 2326/1179/2361 2319/1181/2354 2320/1183/2355
f 2327/1176/2362 2326/1179/2361 2325/1180/2360
f 2328/1177/2363 2319/1181/2354 2326/1179/2361
f 2326/1179/2361 2327/1176/2362 2328/1177/2363
f 2329/1178/2364 2316/1182/2365 2319/1181/2354
f 2319/1181/2354 2328/1177/2363 2329/1178/2364
f 2330/1173/2366 2329/1178/2364 2328/1177/2363
f 2331/1174/2367 2328/1177/2363 2327/1176/2362
f 2332/1175/2368 2331/1174/2367 2327/1176/2362
f 2328/1177/2363 2333/1172/2369 2330/1173/2366
f 2333/1172/2369 2328/1177/2363 2331/1174/2367
f 2331/1174/2367 2332/1175/2368 2334/1165/2370
f 2333/1172/2369 2335/1170/2371 2330/1173/2366
f 2331/1174/2367 2334/1165/2370 2336/1171/2372
f 2336/1171/2372 2333/1172/2369 2331/1174/2367
f 2335/1170/2371 2333/1172/2369 2337/1169/2373
f 2337/1169/2373 2333/1172/2369 2336/1171/2372
f 2337/1169/2373 2338/1168/2374 2335/1170/2371
f 2339/1163/2375 2336/1171/2372 2334/1165/2370
f 2340/1164/2376 2339/1163/2375 2334/1165/2370
f 2339/1163/2375 2340/1164/2376 2341/1160/2375
f 2336/1171/2372 2339/1163/2375 2342/1166/2377
f 2336/1171/2372 2342/1166/2377 2337/1169/2373
f 2338/1168/2374 2337/1169/2373 2343/1167/2378
f 2342/1166/2377 2343/1167/2378 2337/1169/2373
f 2343/1167/2378 1728/996/1759 2338/1168/2374
f 1728/996/1759 2343/1167/2378 1726/994/1757
f 2344/1161/2379 1726/994/1757 2343/1167/2378
f 2342/1166/2377 2344/1161/2379 2343/1167/2378
f 1726/994/1757 2344/1161/2379 1725/993/1756
f 2345/1162/2380 2342/1166/2377 2339/1163/2375
f 2344/1161/2379 2342/1166/2377 2345/1162/2380
f 2341/1160/2375 2345/1162/2380 2339/1163/2375
f 1725/993/1756 2344/1161/2379 2346/1158/2381
f 2346/1158/2381 2344/1161/2379 2345/1162/2380
f 2346/1158/2381 2345/1162/2380 2341/1160/2375
f 2346/1158/2381 1723/991/1754 1725/993/1756
f 2347/1159/2382 2346/1158/2381 2341/1160/2375
f 1723/991/1754 2346/1158/2381 2347/1159/2382
f 2348/1201/2383 2349/1202/2384 2350/1203/2385
f 2351/1204/2386 2348/1201/2383 2350/1203/2385
f 2349/1202/2384 2348/1201/2383 2352/1205/2387
f 2353/1206/2388 2349/1202/2384 2352/1205/2387
f 2349/1202/2384 2353/1206/2388 2354/1207/2389
f 2354/1207/2389 2353/1206/2388 2355/1208/2390
f 2356/1209/2391 2354/1207/2389 2355/1208/2390
f 2357/1203/2392 2358/1202/2393 2359/1201/2394
f 2360/1204/2395 2357/1203/2392 2359/1201/2394
f 2358/1202/2393 2361/1205/2396 2359/1201/2394
f 2358/1202/2393 2362/1206/2397 2361/1205/2396
f 2362/1206/2397 2358/1202/2393 2363/1207/2398
f 2363/1207/2398 2364/1208/2399 2362/1206/2397
f 2365/1209/2400 2364/1208/2399 2363/1207/2398
f 2217/1210/2254 2366/1211/2401 2367/1212/2402
f 2366/1211/2401 2217/1210/2254 2218/1213/2255
f 2220/1214/2257 2217/1210/2254 2367/1212/2402
f 2218/1213/2255 1985/1061/2403 2366/1211/2401
f 2366/1211/2401 1985/1061/2403 1987/1063/2404
f 2367/1212/2402 2222/1215/2259 2220/1214/2257
f 2367/1212/2402 2366/1211/2401 1987/1063/2405
f 2222/1215/2259 2367/1212/2402 1987/1063/2405
f 2368/1211/2406 2163/1210/2195 2369/1212/2407
f 2165/1214/2197 2369/1212/2407 2163/1210/2195
f 2163/1210/2195 2368/1211/2406 2161/1213/2193
f 2168/1215/2200 2369/1212/2407 2165/1214/2197
f 2168/1215/2200 1989/1063/2408 2369/1212/2407
f 2369/1212/2407 1989/1063/2408 2368/1211/2406
f 2161/1213/2193 2368/1211/2406 1988/1061/2409
f 2368/1211/2406 1989/1063/2410 1988/1061/2409
f 1614/896/1642 2014/898/2049 1615/897/1643
f 1614/896/1642 2015/1079/2048 2014/898/2049
f 2020/1084/2053 2015/1079/2048 1614/896/1642
f 1744/896/1775 1745/897/1776 2087/898/2113
f 1744/896/1775 2087/898/2113 2088/1079/2112
f 2093/1084/2117 1744/896/1775 2088/1079/2112
f 1083/310/1073 1087/1216/1077 490/319/2411
f 1317/310/1316 525/319/2412 1315/1216/1314
f 2370/1217/2413 1839/1002/2414 2371/1218/2415
f 2372/1217/2416 2373/1218/2417 1840/1002/2418
f 2374/1219/2419 2375/1220/2420 2376/1221/2421
f 2375/1220/2420 2377/1222/2422 2376/1221/2421
f 2377/1222/2422 2375/1220/2420 2378/1223/2423
f 2377/1222/2422 2378/1223/2423 2379/1224/2424
f 2297/1195/2425 2379/1224/2424 2378/1223/2423
f 2379/1224/2424 2297/1195/2425 2380/1225/2425
f 2381/1226/2426 2376/1221/2421 2377/1222/2422
f 2374/1219/2419 2376/1221/2421 2382/1227/1885
f 2376/1221/2421 2381/1226/2426 2383/1228/2427
f 2382/1227/1885 2376/1221/2421 2383/1228/2427
f 2383/1228/2427 2381/1226/2426 2384/1229/2428
f 2385/1230/2429 2374/1219/2419 2382/1227/1885
f 2383/1228/2427 2384/1229/2428 2386/1231/2430
f 2222/1138/2431 2386/1231/2430 2384/1229/2428
f 2386/1231/2430 2387/1232/2432 2383/1228/2427
f 2382/1227/1885 2383/1228/2427 2387/1232/2432
f 2385/1230/2429 2382/1227/1885 2388/1178/2433
f 2388/1178/2433 2382/1227/1885 2387/1232/2432
f 2389/1233/2434 2385/1230/2429 2388/1178/2433
f 2388/1178/2433 2387/1232/2432 2390/1234/2435
f 2389/1233/2434 2388/1178/2433 2391/1235/2436
f 2391/1235/2436 2388/1178/2433 2390/1234/2435
f 2392/1236/2437 2389/1233/2434 2391/1235/2436
f 2391/1235/2436 2390/1234/2435 2393/1237/2438
f 2392/1236/2437 2391/1235/2436 2393/1237/2438
f 2393/1237/2438 2390/1234/2435 2218/1131/2439
f 2219/1132/2440 2392/1236/2437 2393/1237/2438
f 2393/1237/2438 2218/1131/2439 2219/1132/2440
f 2394/1238/2441 2395/1239/2442 2396/1240/2443
f 2395/1239/2442 2394/1238/2441 2397/1241/2442
f 2398/1242/2444 2394/1238/2441 2396/1240/2443
f 2394/1238/2441 2398/1242/2444 2399/1243/2445
f 2400/1244/2446 2399/1243/2445 2398/1242/2444
f 2399/1243/2445 2400/1244/2446 2401/1245/2447
f 2402/1246/2448 2401/1245/2447 2400/1244/2446
f 2401/1245/2447 2402/1246/2448 2403/1247/2448
f 2404/1219/2449 2405/1221/2450 2406/1220/2451
f 2406/1220/2451 2405/1221/2450 2407/1222/2452
f 2406/1220/2451 2407/1222/2452 2408/1223/2453
f 2407/1222/2452 2409/1224/2454 2408/1223/2453
f 2409/1224/2454 2312/1195/2455 2408/1223/2453
f 2312/1195/2455 2409/1224/2454 2410/1225/2455
f 2405/1221/2450 2411/1226/2456 2407/1222/2452
f 2405/1221/2450 2404/1219/2449 2412/1227/1943
f 2405/1221/2450 2413/1228/2457 2411/1226/2456
f 2412/1227/1943 2413/1228/2457 2405/1221/2450
f 2413/1228/2457 2414/1229/2458 2411/1226/2456
f 2415/1230/2459 2412/1227/1943 2404/1219/2449
f 2414/1229/2458 2413/1228/2457 2416/1231/2460
f 2168/1138/2461 2414/1229/2458 2416/1231/2460
f 2416/1231/2460 2413/1228/2457 2417/1232/2462
f 2412/1227/1943 2417/1232/2462 2413/1228/2457
f 2412/1227/1943 2415/1230/2459 2418/1178/2463
f 2418/1178/2463 2417/1232/2462 2412/1227/1943
f 2419/1233/2464 2418/1178/2463 2415/1230/2459
f 2418/1178/2463 2420/1234/2465 2417/1232/2462
f 2418/1178/2463 2419/1233/2464 2421/1235/2466
f 2421/1235/2466 2420/1234/2465 2418/1178/2463
f 2422/1236/2467 2421/1235/2466 2419/1233/2464
f 2420/1234/2465 2421/1235/2466 2423/1237/2468
f 2422/1236/2467 2423/1237/2468 2421/1235/2466
f 2423/1237/2468 2161/1131/2469 2420/1234/2465
f 2162/1132/2470 2423/1237/2468 2422/1236/2467
f 2161/1131/2469 2423/1237/2468 2162/1132/2470
f 2424/1239/2471 2425/1238/2472 2426/1240/2473
f 2425/1238/2472 2424/1239/2471 2427/1241/2471
f 2425/1238/2472 2428/1242/2474 2426/1240/2473
f 2428/1242/2474 2425/1238/2472 2429/1243/2475
f 2429/1243/2475 2430/1244/2476 2428/1242/2474
f 2430/1244/2476 2429/1243/2475 2431/1245/2477
f 2432/1246/2478 2430/1244/2476 2431/1245/2477
f 2431/1245/2477 2433/1247/2478 2432/1246/2478
f 2434/1248/2479 2435/1249/2480 2436/1250/2481
f 2434/1248/2479 2436/1250/2481 2437/1251/2482
f 2436/1250/2481 2438/1252/2483 2437/1251/2482
f 2439/1253/2484 2438/1252/2483 2436/1250/2481
f 2435/1249/2480 2439/1253/2484 2436/1250/2481
f 2435/1249/2480 2440/1254/2485 2439/1253/2484
f 2441/1251/2486 2442/1250/2487 2443/1248/2488
f 2442/1250/2487 2441/1251/2486 2444/1252/2489
f 2445/1249/2490 2443/1248/2488 2442/1250/2487
f 2446/1253/2491 2442/1250/2487 2444/1252/2489
f 2445/1249/2490 2442/1250/2487 2446/1253/2491
f 2447/1254/2492 2445/1249/2490 2446/1253/2491
f 1869/1023/2493 1980/1255/2493 1872/1026/2493
f 1921/1023/2494 1927/1026/2494 1982/1255/2494
f 2448/1256/2495 2449/336/2496 2450/1256/2495
f 1447/805/2497 1445/803/2498 2451/1257/2498
f 2451/1257/2498 2452/1258/2497 1447/805/2497
f 1443/801/2499 2451/1257/2498 1445/803/2498
f 2451/1257/2498 1443/801/2499 310/200/2500
f 310/200/2500 1443/801/2499 309/199/2501
f 2275/1259/2502 2453/1260/2502 2454/1260/2502
f 1460/805/2503 2455/1257/2504 1458/803/2504
f 2455/1257/2504 1460/805/2503 2456/1258/2503
f 2455/1257/2504 1456/801/2505 1458/803/2504
f 1456/801/2505 2455/1257/2504 419/200/2506
f 419/200/2506 418/199/2507 1456/801/2505
f 2332/1259/2502 2457/1260/2502 2458/1260/2502
f 2459/1261/2508 2460/1262/2509 2461/1263/2510
f 2462/1264/2511 2461/1263/2510 2460/1262/2509
f 2461/1263/2510 2462/1264/2511 2303/1200/2512
f 2461/1263/2510 2303/1200/2512 2301/1198/2513
f 2463/1265/2514 2464/1266/2514 2465/1267/2514
f 2466/1261/2508 2467/1263/2515 2468/1262/2516
f 2468/1262/2516 2467/1263/2515 2469/1264/2517
f 2467/1263/2515 2307/1200/2518 2469/1264/2517
f 2467/1263/2515 2305/1198/2519 2307/1200/2518
f 2470/1265/2520 2471/1267/2520 2472/1266/2520
f 2473/1268/2521 2474/1269/2521 2475/1270/2521
f 2473/1268/2522 2476/1270/2522 2474/1269/2522
f 2477/336/2523 2478/1256/2524 2479/1256/2524
f 2478/1256/2524 2477/336/2523 1132/680/2525
f 2480/337/2526 1132/680/2525 2477/336/2523
f 1132/680/2525 2480/337/2526 576/365/2526
f 2481/1271/2527 800/1272/2528 273/165/2529
f 800/1272/2528 272/164/2528 273/165/2529
f 273/165/2529 740/331/2530 2481/1271/2527
f 2482/1273/2531 2481/1271/2527 740/331/2530
f 740/331/2530 739/330/2532 2482/1273/2531
f 328/165/2533 1171/1272/2534 2483/1271/2535
f 1171/1272/2534 328/165/2533 326/164/2534
f 2483/1271/2535 541/331/2536 328/165/2533
f 541/331/2536 2483/1271/2535 2484/1273/2537
f 541/331/2536 2484/1273/2537 540/330/2538
f 2485/1199/2539 2486/1200/2539 2300/1197/2539
f 2300/1197/2539 2486/1200/2539 2301/1198/2539
f 2306/1197/2540 2487/1200/2540 2488/1199/2540
f 2487/1200/2540 2306/1197/2540 2305/1198/2540
f 2489/1274/2541 2490/1275/2542 2491/1276/2543
f 2492/1277/2544 2490/1275/2542 2489/1274/2541
f 2490/1275/2542 2492/1277/2544 2493/1278/2545
f 2492/1277/2544 2494/1279/2546 2493/1278/2545
f 2494/1279/2546 2495/1280/2547 2493/1278/2545
f 2494/1279/2546 2496/1281/2548 2495/1280/2547
f 2496/1281/2548 2494/1279/2546 2497/1282/2549
f 2498/1283/2550 2496/1281/2548 2497/1282/2549
f 2499/1274/2551 2500/1276/2552 2501/1275/2553
f 2501/1275/2553 2502/1277/2554 2499/1274/2551
f 2502/1277/2554 2501/1275/2553 2503/1278/2555
f 2503/1278/2555 2504/1279/2556 2502/1277/2554
f 2504/1279/2556 2503/1278/2555 2505/1280/2557
f 2505/1280/2557 2506/1281/2558 2504/1279/2556
f 2507/1282/2559 2504/1279/2556 2506/1281/2558
f 2508/1283/2560 2507/1282/2559 2506/1281/2558
f 2449/336/2496 2448/1256/2495 1133/680/2561
f 1133/680/2561 2509/337/2562 2449/336/2496
f 2509/337/2562 1133/680/2561 606/365/2562
f 2510/365/2563 2511/1284/2564 2512/680/2565
f 2512/680/2565 2513/336/2566 2510/365/2563
f 2514/1256/2567 2513/336/2566 2512/680/2565
f 2515/1285/2568 2514/1256/2567 2512/680/2565
f 2516/365/2569 2512/680/2565 2511/1284/2564
f 2512/680/2565 2516/365/2569 2517/336/2570
f 2518/1256/2571 2512/680/2565 2517/336/2570
f 2515/1285/2568 2512/680/2565 2518/1256/2571
f 710/406/2572 2519/1286/2573 2520/1287/2574
f 2521/1288/2575 2520/1287/2574 2519/1286/2573
f 2519/1286/2573 710/406/2572 2522/1289/2576
f 2520/1287/2574 2521/1288/2575 2523/1290/2577
f 2521/1288/2575 252/1291/245 2523/1290/2577
f 252/1291/245 2521/1288/2575 2524/1292/2578
f 253/1293/246 252/1291/245 2524/1292/2578
f 252/1291/245 255/1294/248 2523/1290/2577
f 255/1294/248 258/1295/2579 2523/1290/2577
f 2520/1287/2580 2523/1290/2577 258/1295/2579
f 258/1295/2579 708/404/2581 2520/1287/2580
f 710/406/2581 2520/1287/2580 708/404/2581
f 2525/1296/2582 2522/1289/2576 710/406/2572
f 710/406/2572 709/405/2583 2525/1296/2582
f 2526/1297/2584 2525/1296/2582 709/405/2583
f 709/405/2583 723/1298/2585 2526/1297/2584
f 723/1298/2585 2527/1299/2586 2526/1297/2584
f 2528/1300/2587 2526/1297/2584 2527/1299/2586
f 2528/1300/2587 2527/1299/2586 2529/1301/2588
f 2530/1302/2589 2528/1300/2587 2529/1301/2588
f 2531/1303/2590 2530/1302/2589 2529/1301/2588
f 2529/1301/2588 2532/1304/2591 2531/1303/2590
f 2533/1305/2592 2530/1302/2589 2531/1303/2590
f 2534/1306/2593 2531/1303/2590 2532/1304/2591
f 2533/1305/2592 2531/1303/2590 2535/1307/2594
f 2534/1306/2593 2535/1307/2594 2531/1303/2590
f 2536/1308/2595 2533/1305/2592 2535/1307/2594
f 2533/1305/2592 2536/1308/2595 2537/1309/2596
f 2538/1310/2597 2537/1309/2596 2536/1308/2595
f 2537/1309/2596 2539/1311/2598 2533/1305/2592
f 2530/1302/2599 2533/1305/2592 2539/1311/2598
f 2539/1311/2598 2540/1312/2600 2530/1302/2599
f 2541/1313/2601 2530/1302/2599 2540/1312/2600
f 2542/1314/2602 2541/1313/2601 2540/1312/2600
f 2541/1313/2601 2542/1314/2602 2543/1315/2602
f 2542/1314/2602 632/379/2603 2543/1315/2602
f 2542/1314/2602 629/377/2603 632/379/2603
f 2536/1308/2595 2535/1307/2594 2544/1316/2604
f 2545/1317/2605 2544/1316/2604 2535/1307/2594
f 2544/1316/2604 2545/1317/2605 2546/1318/2606
f 2535/1307/2594 2534/1306/2593 2545/1317/2605
f 2545/1317/2605 2547/1319/2607 2546/1318/2606
f 2547/1319/2607 1979/1320/2017 2546/1318/2606
f 1980/1255/2019 1979/1320/2017 2547/1319/2607
f 2547/1319/2607 2545/1317/2605 2548/1321/2608
f 2548/1321/2608 2545/1317/2605 2534/1306/2593
f 2403/1247/2609 2547/1319/2607 2548/1321/2608
f 2548/1321/2608 2534/1306/2593 2549/1322/2610
f 2534/1306/2593 2550/1323/2611 2549/1322/2610
f 2532/1304/2591 2550/1323/2611 2534/1306/2593
f 2550/1323/2611 2532/1304/2591 2551/1324/2612
f 2551/1324/2612 2552/1325/2613 2550/1323/2611
f 2552/1325/2613 2553/1326/2614 2550/1323/2611
f 2549/1322/2610 2550/1323/2611 2553/1326/2614
f 1449/1327/2615 2549/1322/2610 2553/1326/2614
f 2549/1322/2610 1449/1327/2615 2554/1328/2616
f 2555/1329/2617 2554/1328/2616 1449/1327/2615
f 2556/1330/2618 2554/1328/2616 2555/1329/2617
f 2554/1328/2616 2556/1330/2618 2557/1331/2619
f 1452/1029/1460 2557/1331/2619 2556/1330/2618
f 2558/1332/2620 2549/1322/2610 2554/1328/2616
f 2549/1322/2610 2558/1332/2620 2548/1321/2621
f 2558/1332/2620 2559/1333/2622 2548/1321/2621
f 2403/1247/2623 2548/1321/2621 2559/1333/2622
f 2401/1245/2624 2403/1247/2623 2559/1333/2622
f 712/406/2625 2560/1287/2626 2561/1286/2627
f 2560/1287/2626 2562/1288/2628 2561/1286/2627
f 712/406/2625 2561/1286/2627 2563/1289/2629
f 2560/1287/2626 2564/1290/2630 2562/1288/2628
f 187/1291/180 2562/1288/2628 2564/1290/2630
f 2562/1288/2628 187/1291/180 2565/1292/2631
f 188/1293/181 2565/1292/2631 187/1291/180
f 187/1291/180 2564/1290/2630 191/1294/184
f 194/1295/2632 191/1294/184 2564/1290/2630
f 2564/1290/2630 2560/1287/2633 194/1295/2632
f 2560/1287/2633 711/404/2634 194/1295/2632
f 2560/1287/2633 712/406/2634 711/404/2634
f 2566/1296/2635 712/406/2625 2563/1289/2629
f 712/406/2625 2566/1296/2635 713/405/2636
f 2566/1296/2635 2567/1297/2637 713/405/2636
f 713/405/2636 2567/1297/2637 729/1298/2638
f 2568/1299/2639 729/1298/2638 2567/1297/2637
f 2568/1299/2639 2567/1297/2637 2569/1300/2640
f 2570/1301/2641 2568/1299/2639 2569/1300/2640
f 2569/1300/2640 2571/1302/2642 2570/1301/2641
f 2571/1302/2642 2572/1303/2643 2570/1301/2641
f 2570/1301/2641 2572/1303/2643 2573/1304/2644
f 2574/1305/2645 2572/1303/2643 2571/1302/2642
f 2575/1306/2646 2573/1304/2644 2572/1303/2643
f 2574/1305/2645 2576/1307/2647 2572/1303/2643
f 2575/1306/2646 2572/1303/2643 2576/1307/2647
f 2576/1307/2647 2574/1305/2645 2577/1308/2648
f 2578/1309/2649 2577/1308/2648 2574/1305/2645
f 2578/1309/2649 2579/1310/2650 2577/1308/2648
f 2574/1305/2645 2580/1311/2651 2578/1309/2649
f 2580/1311/2651 2574/1305/2645 2571/1302/2652
f 2571/1302/2652 2581/1312/2653 2580/1311/2651
f 2581/1312/2653 2571/1302/2652 2582/1313/2654
f 2582/1313/2654 2583/1314/2655 2581/1312/2653
f 2583/1314/2655 2582/1313/2654 2584/1315/2655
f 2584/1315/2655 894/379/2656 2583/1314/2655
f 2583/1314/2655 894/379/2656 705/377/2656
f 2577/1308/2648 2585/1316/2657 2576/1307/2647
f 2586/1317/2658 2576/1307/2647 2585/1316/2657
f 2585/1316/2657 2587/1318/2659 2586/1317/2658
f 2576/1307/2647 2586/1317/2658 2575/1306/2646
f 2588/1319/2660 2586/1317/2658 2587/1318/2659
f 2588/1319/2660 2587/1318/2659 1981/1320/2021
f 2588/1319/2660 1981/1320/2021 1982/1255/2022
f 2586/1317/2658 2588/1319/2660 2589/1321/2661
f 2589/1321/2661 2575/1306/2646 2586/1317/2658
f 2433/1247/2662 2589/1321/2661 2588/1319/2660
f 2589/1321/2661 2590/1322/2663 2575/1306/2646
f 2575/1306/2646 2590/1322/2663 2591/1323/2664
f 2573/1304/2644 2575/1306/2646 2591/1323/2664
f 2573/1304/2644 2591/1323/2664 2592/1324/2665
f 2591/1323/2664 2593/1325/2666 2592/1324/2665
f 2593/1325/2666 2591/1323/2664 2594/1326/2667
f 2590/1322/2663 2594/1326/2667 2591/1323/2664
f 2590/1322/2663 1462/1327/2668 2594/1326/2667
f 1462/1327/2668 2590/1322/2663 2595/1328/2669
f 2596/1329/2670 1462/1327/2668 2595/1328/2669
f 2595/1328/2669 2597/1330/2671 2596/1329/2670
f 2597/1330/2671 2595/1328/2669 2598/1331/2672
f 1465/1029/1477 2597/1330/2671 2598/1331/2672
f 2590/1322/2663 2599/1332/2673 2595/1328/2669
f 2599/1332/2673 2590/1322/2663 2589/1321/2674
f 2600/1333/2675 2599/1332/2673 2589/1321/2674
f 2589/1321/2674 2433/1247/2676 2600/1333/2675
f 2431/1245/2677 2600/1333/2675 2433/1247/2676
f 2601/1334/2678 2602/1335/2679 2603/1336/2680
f 2602/1335/2679 716/409/2681 2603/1336/2680
f 2602/1335/2679 2601/1334/2678 2604/1337/2682
f 2603/1336/2680 716/409/2681 2605/1338/2683
f 2605/1338/2683 716/409/2681 715/408/2684
f 2606/1339/2684 2605/1338/2683 715/408/2684
f 2601/1334/2678 2232/1156/2685 2604/1337/2682
f 2232/1156/2685 2601/1334/2678 2607/1340/2686
f 2607/1340/2686 2608/1341/2687 2232/1156/2685
f 2607/1340/2686 2609/1342/2688 2608/1341/2687
f 2610/1343/2689 2609/1342/2688 2607/1340/2686
f 2609/1342/2688 2610/1343/2689 2611/1344/2690
f 2610/1343/2689 2380/1225/2691 2611/1344/2690
f 2607/1340/2686 2612/1345/2692 2610/1343/2689
f 2601/1334/2693 2612/1345/2692 2607/1340/2686
f 2613/1346/2694 2612/1345/2692 2601/1334/2693
f 2613/1346/2694 2601/1334/2693 2603/1336/2695
f 2614/1347/2696 2613/1346/2694 2603/1336/2695
f 2615/1334/2697 2616/1335/2698 2617/1337/2699
f 2617/1337/2699 2188/1156/2700 2615/1334/2697
f 2616/1335/2698 2615/1334/2697 2618/1336/2701
f 719/409/2702 2616/1335/2698 2618/1336/2701
f 719/409/2702 2618/1336/2701 2619/1338/2703
f 720/408/2704 719/409/2702 2619/1338/2703
f 720/408/2704 2619/1338/2703 2620/1339/2704
f 2188/1156/2700 2621/1340/2705 2615/1334/2697
f 2188/1156/2700 2622/1341/2706 2621/1340/2705
f 2621/1340/2705 2622/1341/2706 2623/1342/2707
f 2621/1340/2705 2623/1342/2707 2624/1343/2708
f 2625/1344/2709 2624/1343/2708 2623/1342/2707
f 2624/1343/2708 2625/1344/2709 2410/1225/2710
f 2621/1340/2705 2624/1343/2708 2626/1345/2711
f 2615/1334/2712 2621/1340/2705 2626/1345/2711
f 2626/1345/2711 2627/1346/2713 2615/1334/2712
f 2618/1336/2714 2615/1334/2712 2627/1346/2713
f 2628/1347/2715 2618/1336/2714 2627/1346/2713
f 681/221/2716 675/220/2716 676/227/2716
f 2629/1348/2717 2454/1260/2717 2453/1260/2717
f 353/221/2718 359/227/2718 352/220/2718
f 2630/1349/2719 2631/1350/2720 2632/1349/2719
f 2633/953/283 1500/832/283 1675/953/283
f 2370/1351/2413 2371/1352/2415 2634/1352/2721
f 2635/1353/283 1545/876/283 2636/1354/283
f 1544/875/283 1545/876/283 2635/1353/283
f 2637/953/283 1803/953/283 1701/832/283
f 2638/1353/283 2639/1354/283 1609/876/283
f 1608/875/283 2638/1353/283 1609/876/283
f 2640/1355/2722 2641/1356/2722 2642/1357/2722
f 2643/1355/2723 2644/1357/2723 2645/1356/2723
f 2646/1348/2724 2457/1260/2724 2647/1358/2724
f 2457/1260/2724 2646/1348/2724 2458/1260/2724
f 762/442/750 679/235/676 667/234/663
f 662/236/658 762/442/750 667/234/663
f 765/445/753 762/442/750 662/236/658
f 872/442/862 366/234/365 367/235/366
f 368/236/367 366/234/365 872/442/862
f 868/445/858 368/236/367 872/442/862
f 1429/796/2725 1428/795/2726 2648/1359/2727
f 2648/1359/2727 1428/795/2726 717/410/2728
f 2648/1359/2727 2649/1360/2729 1429/796/2725
f 1117/667/2730 1429/796/2725 2649/1360/2729
f 2650/1361/2731 2651/1362/2731 2652/1363/2731
f 2652/1363/2731 2651/1362/2731 2653/1364/2731
f 1437/795/2732 1438/796/2733 2654/1359/2734
f 2654/1359/2734 721/410/2735 1437/795/2732
f 2654/1359/2734 1438/796/2733 2655/1360/2736
f 1288/667/2737 2655/1360/2736 1438/796/2733
f 2656/1362/2738 2657/1361/2738 2658/1363/2738
f 2658/1363/2738 2659/1364/2738 2656/1362/2738
f 2660/1365/2739 2661/1366/2740 2662/1367/2741
f 2662/1367/2741 2663/1368/2742 2664/1369/2743
f 2663/1368/2742 2662/1367/2741 2661/1366/2740
f 2661/1366/2740 2660/1365/2739 2665/1370/2744
f 2661/1366/2740 2666/1371/2745 2663/1368/2742
f 2667/1372/2746 2663/1368/2742 2666/1371/2745
f 2663/1368/2742 2667/1372/2746 2668/1373/2747
f 2669/1374/2748 2668/1373/2747 2667/1372/2746
f 2666/1371/2745 2661/1366/2740 2670/1375/2749
f 2665/1370/2744 2670/1375/2749 2661/1366/2740
f 2671/1376/2750 2665/1370/2744 2660/1365/2739
f 2670/1375/2749 2665/1370/2744 2672/1377/2751
f 2673/1378/2752 2672/1377/2751 2665/1370/2744
f 2665/1370/2744 2671/1376/2750 2673/1378/2752
f 2672/1377/2751 2673/1378/2752 2674/1379/2753
f 2675/1380/2754 2673/1378/2752 2671/1376/2750
f 2671/1376/2750 2676/1381/2755 2675/1380/2754
f 2675/1380/2754 2676/1381/2755 2677/1382/2756
f 2678/1383/2757 2674/1379/2753 2673/1378/2752
f 2673/1378/2752 2675/1380/2754 2678/1383/2757
f 2674/1379/2753 2678/1383/2757 2679/1384/2758
f 2679/1384/2758 2678/1383/2757 2680/1385/2759
f 2678/1383/2757 2675/1380/2754 2681/1386/2760
f 2677/1382/2756 2681/1386/2760 2675/1380/2754
f 2678/1383/2757 2681/1386/2760 2680/1385/2759
f 2681/1386/2760 2677/1382/2756 2682/1387/2148
f 2681/1386/2760 2683/1388/2761 2680/1385/2759
f 2681/1386/2760 2682/1387/2148 2684/1389/2762
f 2683/1388/2761 2681/1386/2760 2684/1389/2762
f 2683/1388/2761 2684/1389/2762 2685/1390/2763
f 2683/1388/2761 2685/1390/2763 2686/1391/2764
f 2686/1391/2764 2685/1390/2763 2687/1392/2765
f 2685/1390/2763 2688/1393/2766 2687/1392/2765
f 2209/1121/2767 1938/1036/2768 1467/812/2769
f 1938/1036/2768 2209/1121/2767 1954/1046/2770
f 1956/1047/2771 1954/1046/2770 2209/1121/2767
f 2209/1121/2767 1467/812/2769 2211/1122/2772
f 2211/1122/2772 1467/812/2769 1466/811/2773
f 2689/1365/2774 2690/1366/2775 2691/1370/2776
f 2690/1366/2775 2689/1365/2774 2692/1367/2777
f 2691/1370/2776 2693/1376/2778 2689/1365/2774
f 2694/1375/2779 2691/1370/2776 2690/1366/2775
f 2690/1366/2775 2695/1371/2780 2694/1375/2779
f 2694/1375/2779 2696/1377/2781 2691/1370/2776
f 2692/1367/2777 2697/1368/2782 2690/1366/2775
f 2695/1371/2780 2690/1366/2775 2697/1368/2782
f 2697/1368/2782 2692/1367/2777 2698/1369/2783
f 2699/1372/2784 2695/1371/2780 2697/1368/2782
f 2699/1372/2784 2697/1368/2782 2700/1373/2785
f 2701/1374/2786 2699/1372/2784 2700/1373/2785
f 2696/1377/2781 2702/1378/2787 2691/1370/2776
f 2693/1376/2778 2691/1370/2776 2702/1378/2787
f 2696/1377/2781 2703/1379/2788 2702/1378/2787
f 2702/1378/2787 2704/1380/2789 2693/1376/2778
f 2693/1376/2778 2704/1380/2789 2705/1381/2790
f 2704/1380/2789 2677/1382/2791 2705/1381/2790
f 2703/1379/2788 2706/1383/2792 2702/1378/2787
f 2704/1380/2789 2702/1378/2787 2706/1383/2792
f 2703/1379/2788 2707/1384/2793 2706/1383/2792
f 2707/1384/2793 2708/1385/2794 2706/1383/2792
f 2706/1383/2792 2709/1386/2795 2704/1380/2789
f 2709/1386/2795 2677/1382/2791 2704/1380/2789
f 2709/1386/2795 2706/1383/2792 2708/1385/2794
f 2677/1382/2791 2709/1386/2795 2682/1387/2158
f 2708/1385/2794 2710/1388/2796 2709/1386/2795
f 2709/1386/2795 2684/1389/2797 2682/1387/2158
f 2710/1388/2796 2684/1389/2797 2709/1386/2795
f 2710/1388/2796 2685/1390/2763 2684/1389/2797
f 2685/1390/2763 2710/1388/2796 2711/1391/2798
f 2711/1391/2798 2712/1392/2799 2685/1390/2763
f 2685/1390/2763 2712/1392/2799 2688/1393/2766
f 2151/1121/2800 2135/1036/2801 2146/1046/2802
f 2147/1047/2803 2151/1121/2800 2146/1046/2802
f 2135/1036/2801 2151/1121/2800 1471/812/2804
f 2151/1121/2800 2152/1122/2805 1471/812/2804
f 2152/1122/2805 1469/811/2806 1471/812/2804
f 2713/1394/2807 2714/1395/2808 2715/1396/2809
f 2715/1396/2809 2714/1395/2808 2716/1397/2810
f 2716/1397/2810 2714/1395/2808 2717/1398/2811
f 2608/1399/2687 2715/1396/2809 2716/1397/2812
f 2608/1399/2687 2609/1400/2688 2715/1396/2809
f 2715/1396/2809 2609/1400/2688 2713/1394/2807
f 2609/1400/2688 2611/1401/2690 2713/1394/2807
f 2611/1401/2690 2718/1402/2813 2713/1394/2807
f 2719/1403/2814 2713/1394/2807 2718/1402/2813
f 2719/1403/2814 2720/1404/2815 2713/1394/2807
f 2721/1405/2816 2719/1403/2814 2718/1402/2813
f 2722/1394/2817 2723/1396/2818 2724/1395/2819
f 2723/1396/2818 2725/1397/2820 2724/1395/2819
f 2725/1397/2820 2726/1398/2821 2724/1395/2819
f 2622/1399/2706 2725/1397/2822 2723/1396/2818
f 2622/1399/2706 2723/1396/2818 2623/1400/2707
f 2723/1396/2818 2722/1394/2817 2623/1400/2707
f 2623/1400/2707 2722/1394/2817 2625/1401/2709
f 2625/1401/2709 2722/1394/2817 2727/1402/2823
f 2722/1394/2817 2728/1403/2824 2727/1402/2823
f 2729/1405/2825 2727/1402/2823 2728/1403/2824
f 2728/1403/2824 2722/1394/2817 2730/1404/2826
f 2454/1260/2717 2629/1348/2717 2731/1358/2717
f 2394/1238/2827 2732/1406/2827 2397/1241/2827
f 2732/1406/2827 2394/1238/2827 2733/1407/2827
f 2425/1238/2828 2734/1406/2828 2735/1407/2828
f 2734/1406/2828 2425/1238/2828 2427/1241/2828
f 2631/1350/2720 2630/1349/2719 2736/1408/2829
f 2737/1409/2830 2631/1350/2720 2736/1408/2829
f 2631/1350/2720 2737/1409/2830 2738/1410/2831
f 2738/1410/2831 2737/1409/2830 2739/1411/2832
f 2737/1409/2830 2740/1412/2833 2739/1411/2832
f 2739/1411/2832 2741/1413/2834 2738/1410/2831
f 2741/1413/2834 2739/1411/2832 2438/1414/2835
f 2742/1415/2836 2743/1416/2837 2438/1414/2835
f 2744/1417/2838 2743/1416/2837 2742/1415/2836
f 2745/1418/2839 2744/1417/2838 2742/1415/2836
f 2745/1418/2839 2746/1419/2840 2744/1417/2838
f 2746/1419/2840 2745/1418/2839 2747/1420/2841
f 2748/1421/2842 2746/1419/2840 2747/1420/2841
f 2749/1349/2843 2750/1350/2844 2751/1408/2845
f 2750/1350/2844 2749/1349/2843 2752/1349/2843
f 2753/1409/2846 2751/1408/2845 2750/1350/2844
f 2750/1350/2844 2754/1410/2847 2753/1409/2846
f 2754/1410/2847 2755/1411/2848 2753/1409/2846
f 2753/1409/2846 2755/1411/2848 2756/1412/2849
f 2757/1413/2850 2755/1411/2848 2754/1410/2847
f 2755/1411/2848 2757/1413/2850 2444/1414/2851
f 2758/1415/2852 2444/1414/2851 2759/1416/2853
f 2760/1417/2854 2758/1415/2852 2759/1416/2853
f 2761/1418/2855 2758/1415/2852 2760/1417/2854
f 2761/1418/2855 2760/1417/2854 2762/1419/2856
f 2763/1420/2857 2761/1418/2855 2762/1419/2856
f 2764/1421/2858 2763/1420/2857 2762/1419/2856
f 1843/1422/2859 2765/1423/2860 2766/1424/2861
f 2604/1425/2862 2767/1426/2863 1843/1422/2859
f 1843/1422/2859 2767/1426/2863 2768/1427/2864
f 2765/1423/2860 1843/1422/2859 2768/1427/2864
f 2767/1426/2863 2769/1428/2865 2768/1427/2864
f 2769/1428/2865 2765/1423/2860 2768/1427/2864
f 2769/1428/2865 2716/1397/2866 2765/1423/2860
f 2770/1429/2867 2766/1424/2861 2765/1423/2860
f 2770/1429/2867 2765/1423/2860 2716/1397/2866
f 2766/1424/2861 2770/1429/2867 2771/1430/2868
f 2716/1397/2866 2772/1431/2869 2770/1429/2867
f 2770/1429/2867 2546/1432/2606 2771/1430/2868
f 1979/1433/2017 2771/1430/2868 2546/1432/2606
f 2546/1432/2606 2770/1429/2867 2544/1434/2604
f 2544/1434/2604 2770/1429/2867 2772/1431/2869
f 2772/1431/2869 2536/1435/2595 2544/1434/2604
f 2772/1431/2869 2538/1436/2597 2536/1435/2595
f 1847/1422/2870 2773/1423/2871 2774/1427/2872
f 1847/1422/2870 2774/1427/2872 2775/1426/2873
f 2617/1425/2874 1847/1422/2870 2775/1426/2873
f 2775/1426/2873 2774/1427/2872 2776/1428/2875
f 2774/1427/2872 2773/1423/2871 2776/1428/2875
f 2773/1423/2871 1847/1422/2870 2777/1424/2876
f 2773/1423/2871 2725/1397/2877 2776/1428/2875
f 2777/1424/2876 2778/1429/2878 2773/1423/2871
f 2725/1397/2877 2773/1423/2871 2778/1429/2878
f 2778/1429/2878 2777/1424/2876 2779/1430/2879
f 2778/1429/2878 2780/1431/2880 2725/1397/2877
f 2778/1429/2878 2779/1430/2879 2587/1432/2659
f 1981/1433/2021 2587/1432/2659 2779/1430/2879
f 2587/1432/2659 2585/1434/2657 2778/1429/2878
f 2780/1431/2880 2778/1429/2878 2585/1434/2657
f 2585/1434/2657 2577/1435/2648 2780/1431/2880
f 2780/1431/2880 2577/1435/2648 2579/1436/2650
f 2781/1437/2881 2782/1438/2881 2783/1439/2882
f 2784/1438/2883 2785/1437/2883 2786/1439/2884
f 1686/963/2885 1035/616/2885 1685/962/2885
f 1813/963/2886 1812/962/2886 1348/616/2886
f 2459/1261/2508 2461/1263/2510 2787/1262/2887
f 2787/1262/2887 2461/1263/2510 2788/1264/2888
f 2461/1263/2510 2486/1200/2889 2788/1264/2888
f 2486/1200/2889 2461/1263/2510 2301/1198/2513
f 2789/1262/2890 2467/1263/2515 2466/1261/2508
f 2789/1262/2890 2790/1264/2891 2467/1263/2515
f 2467/1263/2515 2790/1264/2891 2487/1200/2892
f 2487/1200/2892 2305/1198/2519 2467/1263/2515
f 2791/1440/2893 1995/1068/2893 2792/1441/2893
f 1995/1068/2893 2791/1440/2893 1996/1069/2893
f 2793/1441/2894 1996/1069/2894 2791/1440/2894
f 1996/1069/2894 2793/1441/2894 1999/1068/2894
f 557/1442/559 2794/1443/2895 2795/1444/2896
f 557/1442/559 559/1445/561 2794/1443/2895
f 562/1446/2897 2794/1443/2895 559/1445/561
f 2522/1289/2576 2795/1444/2896 2794/1443/2895
f 2795/1444/2896 558/1447/560 557/1442/559
f 2795/1444/2896 2522/1289/2576 2525/1296/2582
f 2525/1296/2582 558/1447/560 2795/1444/2896
f 558/1447/560 2525/1296/2582 2796/1448/2898
f 590/1445/594 588/1442/592 2797/1443/2899
f 593/1446/2900 590/1445/594 2797/1443/2899
f 2798/1444/2901 2797/1443/2899 588/1442/592
f 2797/1443/2899 2798/1444/2901 2563/1289/2629
f 2798/1444/2901 588/1442/592 589/1447/593
f 2566/1296/2635 2563/1289/2629 2798/1444/2901
f 589/1447/593 2566/1296/2635 2798/1444/2901
f 2566/1296/2635 589/1447/593 2799/1448/2902
f 2800/1449/2903 2801/1450/2904 2802/1451/2905
f 2800/1449/2903 2802/1451/2905 2803/1452/2906
f 2804/1453/2907 2805/1454/2908 2801/1450/2904
f 2801/1450/2904 2800/1449/2903 2804/1453/2907
f 2806/1455/2909 2807/1456/2910 2805/1454/2908
f 2805/1454/2908 2804/1453/2907 2806/1455/2909
f 2807/1456/2910 2806/1455/2909 2808/1457/2911
f 2809/1458/2912 2804/1453/2907 2800/1449/2903
f 2804/1453/2907 2809/1458/2912 2810/1459/2913
f 2810/1459/2913 2806/1455/2909 2804/1453/2907
f 2811/1460/2914 2810/1459/2913 2809/1458/2912
f 2812/1461/2915 2808/1457/2911 2806/1455/2909
f 2806/1455/2909 2810/1459/2913 2812/1461/2915
f 2811/1460/2914 2812/1461/2915 2810/1459/2913
f 2808/1457/2911 2812/1461/2915 2813/1462/2916
f 2811/1460/2914 2813/1462/2916 2812/1461/2915
f 2800/1449/2903 2803/1452/2906 2814/1463/2917
f 2809/1458/2918 2800/1449/2903 2814/1463/2917
f 2809/1458/2918 2814/1463/2917 2815/1464/2919
f 2811/1460/2920 2809/1458/2918 2815/1464/2919
f 2636/1354/2921 2816/1465/2922 2803/1452/2906
f 2816/1465/2922 2636/1354/2921 2817/1466/2923
f 2818/1467/2924 2816/1465/2922 2817/1466/2923
f 2817/1466/2923 2819/1459/2916 2818/1467/2924
f 2820/1468/2925 2819/1459/2916 2817/1466/2923
f 2819/1459/2916 2820/1468/2925 2821/1469/2926
f 2822/1470/2927 2821/1469/2926 2820/1468/2925
f 2822/1470/2927 2820/1468/2925 2823/1471/2928
f 2820/1468/2925 2824/1472/2929 2823/1471/2928
f 2820/1468/2925 2817/1466/2929 2824/1472/2929
f 2803/1452/2906 2825/1473/2930 2636/1354/2921
f 1838/1001/2931 2636/1354/2921 2825/1473/2930
f 2825/1473/2930 2803/1452/2906 2826/1474/2932
f 2803/1452/2906 2827/1475/2933 2826/1474/2932
f 1838/1001/2931 2825/1473/2930 2828/1476/2934
f 2826/1474/2932 2828/1476/2934 2825/1473/2930
f 1838/1001/2931 2828/1476/2934 2371/1218/2935
f 1838/1001/2931 2371/1218/2935 1839/1002/2935
f 2827/1475/2933 2829/1477/2936 2826/1474/2932
f 2828/1476/2934 2826/1474/2932 2829/1477/2936
f 2829/1477/2936 2827/1475/2933 2830/1478/2937
f 2829/1477/2936 2830/1478/2937 2831/1479/2938
f 2828/1476/2934 2829/1477/2936 2832/1480/2939
f 2829/1477/2936 2831/1479/2938 2832/1480/2939
f 2828/1476/2934 2832/1480/2939 2371/1218/2940
f 2832/1480/2939 2831/1479/2938 2833/1481/2941
f 2371/1218/2940 2832/1480/2939 2834/1482/2942
f 2832/1480/2939 2833/1481/2941 2834/1482/2942
f 2835/1483/2943 2834/1482/2942 2833/1481/2941
f 2836/1484/2944 2837/1485/2944 2838/1486/2944
f 2836/1484/2945 2839/1486/2945 2837/1485/2945
f 2840/1487/2946 2841/1488/2947 2842/1489/2948
f 2841/1488/2947 2843/1490/2949 2842/1489/2948
f 2841/1488/2947 2840/1487/2946 2844/1491/2950
f 2845/1492/2951 2844/1491/2950 2840/1487/2946
f 2844/1491/2950 2845/1492/2951 2846/1493/2951
f 2844/1491/2950 2847/1494/2952 2841/1488/2947
f 2843/1490/2949 2841/1488/2947 2847/1494/2952
f 2847/1494/2952 2844/1491/2950 2848/1495/2953
f 2844/1491/2950 2846/1493/2954 2848/1495/2953
f 2849/1496/2955 2847/1494/2952 2848/1495/2953
f 2850/1497/2955 2849/1496/2955 2848/1495/2953
f 2850/1497/2955 2848/1495/2953 2851/1497/2955
f 2851/1497/2955 2848/1495/2953 2852/1496/2956
f 2852/1496/2956 2848/1495/2953 2853/1494/2957
f 2849/1496/2958 2843/1490/2949 2847/1494/2952
f 2843/1490/2949 2849/1496/2958 2854/1498/2959
f 2850/1497/2960 2854/1498/2959 2849/1496/2958
f 2851/1497/2961 2855/1499/2962 2850/1497/2960
f 2854/1498/2959 2850/1497/2960 2855/1499/2962
f 2854/1498/2959 2855/1499/2962 2856/1500/2963
f 2857/1499/2964 2856/1500/2963 2855/1499/2962
f 2856/1500/2963 2858/1501/2965 2854/1498/2959
f 2856/1500/2963 2859/1502/2892 2858/1501/2965
f 2859/1502/2892 2856/1500/2963 2860/1503/2966
f 2861/1500/2967 2860/1503/2966 2856/1500/2963
f 2860/1503/2966 2861/1500/2967 2862/1503/2968
f 2863/1504/2969 2854/1498/2959 2858/1501/2965
f 2854/1498/2959 2863/1504/2969 2843/1490/2949
f 2859/1502/2970 2863/1504/2969 2858/1501/2965
f 2863/1504/2969 2859/1502/2970 2864/1505/2971
f 2863/1504/2969 2864/1505/2971 2865/1506/2972
f 2866/1507/2973 2863/1504/2969 2865/1506/2972
f 2866/1507/2973 2843/1490/2949 2863/1504/2969
f 2843/1490/2949 2866/1507/2973 2842/1489/2974
f 2867/1508/2975 2868/1509/2976 2869/1510/2977
f 2870/1511/2978 2869/1510/2977 2868/1509/2976
f 2868/1509/2976 2871/1512/2979 2870/1511/2978
f 2869/1510/2977 2870/1511/2978 2872/1513/2980
f 2873/1514/2981 2869/1510/2977 2872/1513/2980
f 2871/1512/2979 2868/1509/2976 2874/1515/2982
f 2875/1516/2983 2871/1512/2979 2874/1515/2982
f 2875/1516/2983 2874/1515/2982 2876/1517/2984
f 2876/1517/2984 2874/1515/2982 2877/1518/2985
f 2874/1515/2982 736/419/2986 2877/1518/2985
f 736/419/2986 2874/1515/2982 2868/1509/2976
f 2868/1509/2976 2867/1508/2975 736/419/2986
f 736/419/2986 2878/1519/2987 553/420/2988
f 736/419/2986 2867/1508/2975 2878/1519/2987
f 2867/1508/2975 2879/1520/2989 2878/1519/2987
f 2867/1508/2975 2880/1521/2831 2879/1520/2989
f 2867/1508/2975 2881/1522/2832 2880/1521/2831
f 2881/1522/2832 2882/1523/2990 2880/1521/2831
f 2881/1522/2832 2867/1508/2975 2883/1524/2977
f 2883/1524/2977 2356/1525/2991 2881/1522/2832
f 2869/1510/2977 2883/1524/2977 2867/1508/2975
f 2884/1526/2992 2356/1525/2991 2883/1524/2977
f 2883/1524/2977 2869/1510/2977 2885/1527/2993
f 2885/1527/2993 2884/1526/2992 2883/1524/2977
f 2869/1510/2977 2873/1514/2981 2885/1527/2993
f 2884/1526/2992 2885/1527/2993 2886/1528/2994
f 2887/1529/2995 2884/1526/2992 2886/1528/2994
f 2888/1530/2996 2887/1529/2995 2886/1528/2994
f 2885/1527/2993 2888/1530/2996 2886/1528/2994
f 2888/1530/2996 2885/1527/2993 2873/1514/2981
f 2889/1531/2997 2888/1530/2996 2873/1514/2981
f 2888/1530/2996 2889/1531/2997 2890/1532/2998
f 2890/1532/2998 2889/1531/2997 2539/1311/2999
f 2873/1514/2981 2891/1533/3000 2889/1531/2997
f 2889/1531/2997 2540/1312/3001 2539/1311/2999
f 2889/1531/2997 2891/1533/3000 2892/1534/2996
f 2540/1312/3001 2889/1531/2997 2892/1534/2996
f 2892/1534/2996 2891/1533/3000 630/377/3002
f 2540/1312/3001 2892/1534/2996 2542/1314/3003
f 2892/1534/2996 629/377/3004 2542/1314/3003
f 2893/1510/3005 2894/1509/3006 2895/1508/3007
f 2895/1508/3007 2896/1520/3008 2897/1521/2847
f 2895/1508/3007 2898/1519/3009 2896/1520/3008
f 2899/1522/2848 2897/1521/2847 2900/1523/3010
f 2895/1508/3007 2897/1521/2847 2899/1522/2848
f 2898/1519/3009 2895/1508/3007 737/419/3011
f 737/419/3011 586/420/3012 2898/1519/3009
f 2894/1509/3006 737/419/3011 2895/1508/3007
f 2899/1522/2848 2901/1524/3005 2895/1508/3007
f 2901/1524/3005 2893/1510/3005 2895/1508/3007
f 2901/1524/3005 2899/1522/2848 2365/1525/3013
f 2902/1526/3014 2901/1524/3005 2365/1525/3013
f 2894/1509/3006 2903/1515/3015 737/419/3011
f 2903/1515/3015 2904/1518/3016 737/419/3011
f 2905/1517/3017 2904/1518/3016 2903/1515/3015
f 2905/1517/3017 2903/1515/3015 2906/1516/3018
f 2907/1512/3019 2906/1516/3018 2903/1515/3015
f 2907/1512/3019 2903/1515/3015 2894/1509/3006
f 2908/1511/3020 2907/1512/3019 2894/1509/3006
f 2908/1511/3020 2894/1509/3006 2893/1510/3005
f 2909/1513/3021 2908/1511/3020 2893/1510/3005
f 2893/1510/3005 2910/1514/3022 2909/1513/3021
f 2901/1524/3005 2911/1527/3023 2893/1510/3005
f 2910/1514/3022 2893/1510/3005 2911/1527/3023
f 2902/1526/3014 2911/1527/3023 2901/1524/3005
f 2902/1526/3014 2912/1528/3024 2911/1527/3023
f 2913/1529/3025 2912/1528/3024 2902/1526/3014
f 2914/1530/3026 2912/1528/3024 2913/1529/3025
f 2914/1530/3026 2911/1527/3023 2912/1528/3024
f 2911/1527/3023 2914/1530/3026 2910/1514/3022
f 2914/1530/3026 2915/1531/3027 2910/1514/3022
f 2915/1531/3027 2914/1530/3026 2916/1532/3028
f 2580/1311/3029 2915/1531/3027 2916/1532/3028
f 2915/1531/3027 2917/1533/3030 2910/1514/3022
f 2915/1531/3027 2580/1311/3029 2581/1312/3031
f 2917/1533/3030 2915/1531/3027 2918/1534/3026
f 2581/1312/3031 2918/1534/3026 2915/1531/3027
f 2918/1534/3026 707/377/3032 2917/1533/3030
f 2918/1534/3026 2581/1312/3031 2583/1314/3033
f 2583/1314/3033 705/377/3034 2918/1534/3026
f 2919/1535/3035 722/411/3035 725/414/3035
f 2920/1536/52 580/369/52 582/369/52
f 2921/1535/3036 732/414/3036 730/411/3036
f 2922/1536/52 614/369/52 612/369/52
f 2662/1367/3037 2923/1537/3037 2660/1365/3037
f 2692/1367/3038 2689/1365/3038 2923/1537/3038
f 635/382/3039 1628/1538/1656 633/380/3039
f 1628/1538/1656 635/382/3039 2924/1539/3040
f 1628/1538/1656 2924/1539/3040 1629/1540/1657
f 638/382/3041 1757/1538/1788 2925/1539/3042
f 1757/1538/1788 1758/1540/1789 2925/1539/3042
f 1757/1538/1788 638/382/3041 637/380/3041
f 2926/1541/3043 2927/1542/3043 1044/625/3043
f 1044/625/3043 2927/1542/3043 1043/624/3043
f 2928/1542/3044 2929/1541/3044 1051/625/3044
f 2928/1542/3044 1051/625/3044 1050/624/3044
f 2930/1543/3045 2114/1109/3046 2116/1111/3047
f 2114/1109/3046 2930/1543/3045 2931/1544/3048
f 2118/1113/3049 2930/1543/3045 2116/1111/3047
f 2932/1545/3050 2931/1544/3048 2930/1543/3045
f 2931/1544/3048 2932/1545/3050 2933/1546/3051
f 2930/1543/3045 2539/1547/3052 2932/1545/3050
f 2930/1543/3045 2934/1548/3053 2539/1547/3052
f 2930/1543/3045 2118/1113/3049 2934/1548/3053
f 2118/1113/3049 2935/1549/3054 2934/1548/3053
f 2118/1113/3049 2119/1114/3055 2935/1549/3054
f 2119/1114/3055 2936/1550/3056 2935/1549/3054
f 2936/1550/3056 2119/1114/3055 2121/1116/3057
f 2121/1116/3057 2937/1551/3058 2936/1550/3056
f 2937/1551/3058 2121/1116/3057 2123/1118/3058
f 1036/617/283 1035/616/283 2298/1196/283
f 985/585/3059 983/524/3059 993/526/3059
f 2938/1552/3060 2939/1553/3061 2940/1554/3062
f 2939/1553/3061 2941/1555/3063 2942/1556/3064
f 2942/1556/3064 2941/1555/3063 2943/1557/3065
f 2944/1558/3066 2941/1555/3063 2939/1553/3061
f 2938/1552/3060 2944/1558/3066 2939/1553/3061
f 2945/1559/3067 2944/1558/3066 2938/1552/3060
f 2938/1552/3060 2946/1560/3068 2945/1559/3067
f 2947/1559/3069 2945/1559/3067 2946/1560/3068
f 2947/1559/3069 2946/1560/3068 2948/1560/3070
f 2946/1560/3068 2938/1552/3060 2949/1561/3071
f 2940/1554/3072 2949/1561/3071 2938/1552/3060
f 2949/1561/3071 2950/493/3073 2946/1560/3068
f 2949/1561/3071 2940/1554/3072 1836/492/1870
f 1836/492/1870 2950/493/3073 2949/1561/3071
f 1836/492/1870 2940/1554/3072 1837/1000/1871
f 1837/1000/1871 2940/1554/3072 2951/1562/3074
f 2952/494/3075 1837/1000/1871 2951/1562/3074
f 1837/1000/1871 2952/494/3075 1835/491/1869
f 1836/492/1870 1835/491/1869 2950/493/3073
f 2952/494/3075 2953/495/3076 1835/491/1869
f 2953/495/3076 2950/493/3073 1835/491/1869
f 2953/495/3076 2952/494/3075 2954/496/3077
f 2955/497/3078 2953/495/3076 2954/496/3077
f 2956/498/3079 2950/493/3073 2953/495/3076
f 2953/495/3076 2955/497/3078 2956/498/3079
f 2956/498/3079 2957/499/3080 2950/493/3073
f 2958/499/3081 2950/493/3073 2957/499/3080
f 2955/497/3078 2959/499/3082 2956/498/3079
f 2960/501/3083 2961/499/3084 2958/499/3081
f 2959/499/3082 2955/497/3078 2962/500/3085
f 2959/499/3082 2963/501/3086 2957/499/3080
f 2963/501/3086 2959/499/3082 2962/500/3085
f 2964/1544/3087 2965/1543/3088 2124/1109/3089
f 2124/1109/3089 2965/1543/3088 2125/1111/3090
f 2966/1546/3091 2967/1545/3092 2964/1544/3087
f 2964/1544/3087 2967/1545/3092 2965/1543/3088
f 2967/1545/3092 2580/1547/3093 2965/1543/3088
f 2965/1543/3088 2128/1113/3094 2125/1111/3090
f 2965/1543/3088 2580/1547/3093 2968/1548/3095
f 2128/1113/3094 2965/1543/3088 2968/1548/3095
f 2968/1548/3095 2969/1549/3096 2128/1113/3094
f 2129/1114/3097 2128/1113/3094 2969/1549/3096
f 2969/1549/3096 2970/1550/3098 2129/1114/3097
f 2129/1114/3097 2970/1550/3098 2131/1116/3099
f 2970/1550/3098 2971/1551/3100 2131/1116/3099
f 2971/1551/3100 2133/1118/3100 2131/1116/3099
f 1347/617/283 2299/1196/283 1348/616/283
f 1563/585/3101 861/526/3101 859/524/3101
f 2972/1563/3102 2973/1564/3103 2974/1565/3104
f 2975/1566/3105 2972/1563/3102 2974/1565/3104
f 2975/1566/3105 2976/1567/2775 2972/1563/3102
f 2976/1567/2775 2973/1564/3103 2972/1563/3102
f 2975/1566/3105 2977/1565/3106 2978/1565/3107
f 2973/1564/3103 2976/1567/2775 2979/1568/3108
f 2974/1565/3104 2980/1569/3109 2977/1565/3106
f 2973/1564/3103 2980/1569/3109 2974/1565/3104
f 2980/1569/3109 2981/1570/3110 2977/1565/3106
f 2979/1568/3108 2982/1571/3111 2973/1564/3103
f 2973/1564/3103 2982/1571/3111 2980/1569/3109
f 2982/1571/3111 2979/1568/3108 2983/1572/3112
f 2982/1571/3111 2984/1573/3113 2980/1569/3109
f 2982/1571/3111 2985/1574/3114 2984/1573/3113
f 2980/1569/3109 2986/1575/3115 2981/1570/3110
f 2981/1570/3110 2986/1575/3115 2987/1576/3116
f 2981/1570/3110 2987/1576/3116 2988/1570/3117
f 2989/1577/2682 2990/1578/3118 2745/1418/3118
f 2990/1578/3118 2989/1577/2682 2491/1276/2386
f 2491/1276/2386 2989/1577/2682 2991/1579/3119
f 2992/1580/3120 2745/1418/3118 2990/1578/3118
f 2745/1418/3118 2992/1580/3120 2747/1420/3120
f 2748/1421/3121 2747/1420/3120 2992/1580/3120
f 2639/1354/3122 2993/1452/3123 2994/1465/3124
f 2994/1465/3124 2995/1466/3125 2639/1354/3122
f 2818/1467/2924 2995/1466/3125 2994/1465/3124
f 2995/1466/3125 2818/1467/2924 2819/1459/2916
f 2819/1459/2916 2996/1468/3126 2995/1466/3125
f 2996/1468/3126 2819/1459/2916 2821/1469/2926
f 2822/1470/2927 2996/1468/3126 2821/1469/2926
f 2822/1470/2927 2997/1471/3127 2996/1468/3126
f 2998/1472/3128 2996/1468/3126 2997/1471/3127
f 2996/1468/3126 2998/1472/3128 2995/1466/3128
f 2993/1452/3123 2999/1475/3129 3000/1581/3130
f 3000/1581/3130 2999/1475/3129 3001/1582/3131
f 2993/1452/3123 3000/1581/3130 3002/1451/3132
f 3003/1449/3133 2993/1452/3123 3002/1451/3132
f 3004/1463/3134 2993/1452/3123 3003/1449/3133
f 3005/1458/3135 3004/1463/3134 3003/1449/3133
f 3006/1464/3136 3004/1463/3134 3005/1458/3135
f 2811/1460/3137 3006/1464/3136 3005/1458/3135
f 3007/1583/3138 3002/1451/3132 3000/1581/3130
f 3008/1450/3139 3003/1449/3133 3002/1451/3132
f 3002/1451/3132 3007/1583/3138 3008/1450/3139
f 3003/1449/3133 3008/1450/3139 3009/1453/3140
f 3009/1453/3140 3005/1458/3141 3003/1449/3133
f 3010/1454/3142 3009/1453/3140 3008/1450/3139
f 3010/1454/3142 3008/1450/3139 3007/1583/3138
f 3005/1458/3141 3009/1453/3140 3011/1459/3143
f 2811/1460/2914 3005/1458/3141 3011/1459/3143
f 3012/1455/3144 3011/1459/3143 3009/1453/3140
f 3009/1453/3140 3010/1454/3142 3012/1455/3144
f 2811/1460/2914 3011/1459/3143 3013/1461/3145
f 3011/1459/3143 3012/1455/3144 3013/1461/3145
f 2811/1460/2914 3013/1461/3145 2813/1462/2916
f 3013/1461/3145 2808/1457/2911 2813/1462/2916
f 2808/1457/2911 3013/1461/3145 3012/1455/3144
f 2808/1457/2911 3012/1455/3144 3010/1454/3142
f 2808/1457/2911 3010/1454/3142 2807/1456/2910
f 3010/1454/3142 3014/1584/3146 2807/1456/2910
f 3010/1454/3142 3007/1583/3138 3014/1584/3146
f 3014/1584/3146 3007/1583/3138 3015/1585/3147
f 3015/1585/3147 3016/1586/3148 3014/1584/3146
f 3007/1583/3138 3017/1587/3149 3015/1585/3147
f 3007/1583/3138 3000/1581/3130 3017/1587/3149
f 3000/1581/3130 3001/1582/3131 3017/1587/3149
f 3016/1586/3148 3015/1585/3147 3018/1588/3150
f 3018/1588/3150 3019/1589/3151 3016/1586/3148
f 3019/1589/3151 3018/1588/3150 2978/1590/3107
f 3019/1589/3151 2978/1590/3107 3020/1591/3152
f 2978/1590/3107 2988/1592/3117 3020/1591/3152
f 3015/1585/3147 3021/1593/3153 3018/1588/3150
f 3015/1585/3147 3017/1587/3149 3021/1593/3153
f 3021/1593/3153 3022/1594/3154 3018/1588/3150
f 3022/1594/3154 3021/1593/3153 3023/1595/3155
f 3017/1587/3149 3024/1596/3156 3021/1593/3153
f 3017/1587/3149 3001/1582/3131 3024/1596/3156
f 3025/1597/3157 3024/1596/3156 3001/1582/3131
f 3024/1596/3156 3025/1597/3157 3026/1598/3158
f 3021/1593/3153 3024/1596/3156 3027/1599/2785
f 3026/1598/3158 3027/1599/2785 3024/1596/3156
f 3021/1593/3153 3027/1599/2785 3023/1595/3155
f 3027/1599/2785 3026/1598/3158 3028/1600/2783
f 3023/1595/3155 3027/1599/2785 3029/1601/3159
f 3028/1600/2783 3029/1601/3159 3027/1599/2785
f 3023/1595/3155 3029/1601/3159 3030/1602/3160
f 3028/1600/2783 3031/1603/2782 3029/1601/3159
f 3032/1604/3161 3031/1603/2782 3028/1600/2783
f 3033/1578/3162 3034/1577/2699 2761/1418/3162
f 3034/1577/2699 3033/1578/3162 2500/1276/2395
f 2500/1276/2395 3035/1579/3163 3034/1577/2699
f 2761/1418/3162 3036/1580/3164 3033/1578/3162
f 3036/1580/3164 2761/1418/3162 2763/1420/3164
f 2764/1421/3165 3036/1580/3164 2763/1420/3164
f 3037/1605/3166 2356/1606/2991 3038/1607/3167
f 3038/1607/3167 3039/1608/3168 3037/1605/3166
f 2356/1606/2991 3037/1605/3166 3040/1609/3169
f 3039/1608/3168 3038/1607/3167 3041/1610/3170
f 3042/1611/3171 3041/1610/3170 3038/1607/3167
f 3042/1611/3171 3043/1612/3172 3041/1610/3170
f 3043/1612/3172 3042/1611/3171 3044/1613/3173
f 3044/1613/3173 3045/1614/3174 3043/1612/3172
f 3045/1614/3174 3044/1613/3173 3046/1615/3174
f 2356/1606/2991 3040/1609/3169 2881/1616/2832
f 2881/1616/2832 3040/1609/3169 3047/1617/3175
f 2881/1616/2832 3047/1617/3175 2882/1618/2990
f 3040/1609/3169 3048/1619/3176 3047/1617/3175
f 2882/1618/2990 3047/1617/3175 3049/1620/3177
f 3047/1617/3175 3048/1619/3176 3049/1620/3177
f 3049/1620/3177 3048/1619/3176 3050/1621/3178
f 3050/1621/3178 3048/1619/3176 3051/1622/3179
f 3050/1621/3178 3051/1622/3179 3052/1621/3179
f 3051/1622/3179 3053/1621/3180 3052/1621/3179
f 276/168/3181 3054/1623/3181 286/178/3181
f 3054/1623/3181 276/168/3181 1046/627/3181
f 3055/1569/3182 3056/1575/3183 3057/1573/3184
f 3058/1607/3185 2365/1606/3013 3059/1605/3186
f 3058/1607/3185 3059/1605/3186 3060/1608/3187
f 2365/1606/3013 3061/1609/3188 3059/1605/3186
f 3060/1608/3187 3062/1610/3189 3058/1607/3185
f 3063/1611/3190 3058/1607/3185 3062/1610/3189
f 3062/1610/3189 3064/1612/3191 3063/1611/3190
f 3065/1613/3192 3063/1611/3190 3064/1612/3191
f 3065/1613/3192 3064/1612/3191 3066/1614/3193
f 3067/1615/3193 3065/1613/3192 3066/1614/3193
f 3061/1609/3188 2365/1606/3013 2899/1616/2848
f 2899/1616/2848 3068/1617/3194 3061/1609/3188
f 2899/1616/2848 2900/1618/3010 3068/1617/3194
f 3061/1609/3188 3068/1617/3194 3069/1619/3195
f 2900/1618/3010 3070/1620/3196 3068/1617/3194
f 3068/1617/3194 3070/1620/3196 3069/1619/3195
f 3070/1620/3196 3053/1621/3180 3069/1619/3195
f 3051/1622/3179 3069/1619/3195 3053/1621/3180
f 329/168/3197 3071/1623/3197 1055/627/3197
f 3071/1623/3197 329/168/3197 335/178/3197
f 2980/1569/3109 2984/1573/3113 2986/1575/3115
f 3072/1565/3198 3073/1564/3199 3074/1563/3200
f 3075/1566/3201 3072/1565/3198 3074/1563/3200
f 3075/1566/3201 3074/1563/3200 3076/1567/2740
f 3073/1564/3199 3076/1567/2740 3074/1563/3200
f 3076/1567/2740 3073/1564/3199 3077/1568/3202
f 3075/1566/3201 3078/1565/3203 3072/1565/3198
f 3075/1566/3201 3079/1565/3204 3078/1565/3203
f 3073/1564/3199 3072/1565/3198 3055/1569/3182
f 3078/1565/3203 3055/1569/3182 3072/1565/3198
f 3080/1571/3205 3077/1568/3202 3073/1564/3199
f 3055/1569/3182 3080/1571/3205 3073/1564/3199
f 3077/1568/3202 3080/1571/3205 3081/1572/3206
f 3080/1571/3205 3055/1569/3182 3057/1573/3184
f 3080/1571/3205 3057/1573/3184 3082/1574/3207
f 3055/1569/3182 3078/1565/3203 3083/1570/3208
f 3079/1565/3204 3083/1570/3208 3078/1565/3203
f 3056/1575/3183 3055/1569/3182 3083/1570/3208
f 3083/1570/3208 2987/1576/3116 3056/1575/3183
f 3083/1570/3208 3079/1565/3204 2988/1570/3117
f 3083/1570/3208 2988/1570/3117 2987/1576/3116
f 2988/1570/3117 2978/1565/3107 2981/1570/3110
f 2977/1565/3106 2981/1570/3110 2978/1565/3107
f 2975/1566/3105 2974/1565/3104 2977/1565/3106
f 3084/1624/3209 2676/1625/3209 3085/1626/3209
f 3084/1624/3209 2677/1627/3209 2676/1625/3209
f 3084/1624/3210 2705/1625/3210 2677/1627/3210
f 2705/1625/3210 3084/1624/3210 3086/1626/3210
f 268/161/3211 43/43/3211 780/1628/3211
f 43/43/3211 49/45/3211 780/1628/3211
f 3087/1478/3212 3088/1629/3213 3025/1597/3157
f 3088/1629/3213 3089/1630/3214 3090/1631/3215
f 3089/1630/3214 3088/1629/3213 3091/1632/3216
f 3090/1631/3215 3092/1633/3217 3088/1629/3213
f 3088/1629/3213 3092/1633/3217 3025/1597/3157
f 3093/1479/3218 3091/1632/3216 3088/1629/3213
f 3087/1478/3212 3093/1479/3218 3088/1629/3213
f 3093/1479/3218 3094/1481/3219 3091/1632/3216
f 3025/1597/3157 3092/1633/3217 3026/1598/3158
f 3092/1633/3217 3028/1600/3220 3026/1598/3158
f 3001/1582/3131 3087/1478/3212 3025/1597/3157
f 3095/1483/3221 3094/1481/3219 3096/1482/3222
f 3094/1481/3219 3097/1480/3223 3096/1482/3222
f 3097/1480/3223 3094/1481/3219 3093/1479/3218
f 2373/1218/3224 3096/1482/3222 3097/1480/3223
f 2373/1218/3224 3097/1480/3223 3098/1476/3225
f 3097/1480/3223 3093/1479/3218 3099/1477/3226
f 3093/1479/3218 3087/1478/3212 3099/1477/3226
f 3097/1480/3223 3099/1477/3226 3098/1476/3225
f 2999/1475/3129 3099/1477/3226 3087/1478/3212
f 3087/1478/3212 3001/1582/3131 2999/1475/3129
f 3100/1474/3227 3098/1476/3225 3099/1477/3226
f 3099/1477/3226 2999/1475/3129 3100/1474/3227
f 3098/1476/3225 3100/1474/3227 3101/1473/3228
f 1841/1001/3229 3098/1476/3225 3101/1473/3228
f 1841/1001/3229 2373/1218/3230 3098/1476/3225
f 1841/1001/3229 1840/1002/3230 2373/1218/3230
f 1841/1001/3229 3101/1473/3228 2639/1354/3122
f 2993/1452/3123 3101/1473/3228 3100/1474/3227
f 3100/1474/3227 2999/1475/3129 2993/1452/3123
f 3101/1473/3228 2993/1452/3123 2639/1354/3122
f 269/161/3231 401/1628/3231 46/43/3231
f 46/43/3231 401/1628/3231 51/45/3231
f 2830/1478/2937 3102/1629/3232 2831/1479/2938
f 3103/1630/3233 3102/1629/3232 3104/1631/3234
f 3102/1629/3232 3103/1630/3233 3105/1632/3235
f 2831/1479/2938 3102/1629/3232 3105/1632/3235
f 3104/1631/3234 3102/1629/3232 3106/1633/3236
f 3105/1632/3235 2833/1481/2941 2831/1479/2938
f 3107/1597/3237 3106/1633/3236 3102/1629/3232
f 2830/1478/2937 3107/1597/3237 3102/1629/3232
f 3107/1597/3237 3108/1598/3238 3106/1633/3236
f 3106/1633/3236 3108/1598/3238 3109/1600/3239
f 2830/1478/2937 3110/1582/3240 3107/1597/3237
f 3107/1597/3237 3111/1596/3241 3108/1598/3238
f 3111/1596/3241 3107/1597/3237 3110/1582/3240
f 3112/1599/2747 3108/1598/3238 3111/1596/3241
f 3108/1598/3238 3112/1599/2747 3109/1600/2743
f 3113/1604/3242 3109/1600/2743 3114/1603/2742
f 3109/1600/2743 3115/1601/3243 3114/1603/2742
f 3115/1601/3243 3109/1600/2743 3112/1599/2747
f 3116/1595/3244 3115/1601/3243 3112/1599/2747
f 3115/1601/3243 3116/1595/3244 3117/1602/3245
f 3112/1599/2747 3118/1593/3246 3116/1595/3244
f 3118/1593/3246 3112/1599/2747 3111/1596/3241
f 3118/1593/3246 3119/1594/3247 3116/1595/3244
f 3119/1594/3247 3118/1593/3246 3120/1588/3248
f 3111/1596/3241 3121/1587/3249 3118/1593/3246
f 3121/1587/3249 3111/1596/3241 3110/1582/3240
f 3118/1593/3246 3122/1585/3250 3120/1588/3248
f 3122/1585/3250 3118/1593/3246 3121/1587/3249
f 3123/1586/3251 3120/1588/3248 3122/1585/3250
f 3120/1588/3248 3123/1586/3251 3019/1589/3252
f 3120/1588/3248 3019/1589/3252 3079/1590/3204
f 3079/1590/3204 3019/1589/3252 3020/1591/3152
f 3079/1590/3204 3020/1591/3152 2988/1592/3117
f 3122/1585/3250 3124/1584/3253 3123/1586/3251
f 3121/1587/3249 3125/1583/3254 3122/1585/3250
f 3124/1584/3253 3122/1585/3250 3125/1583/3254
f 3110/1582/3240 3126/1581/3255 3121/1587/3249
f 3125/1583/3254 3121/1587/3249 3126/1581/3255
f 3126/1581/3255 3110/1582/3240 2827/1475/2933
f 3110/1582/3240 2830/1478/2937 2827/1475/2933
f 2802/1451/2905 3125/1583/3254 3126/1581/3255
f 3125/1583/3254 2805/1454/2908 3124/1584/3253
f 2805/1454/2908 2807/1456/2910 3124/1584/3253
f 3125/1583/3254 2802/1451/2905 2801/1450/2904
f 2805/1454/2908 3125/1583/3254 2801/1450/2904
f 2803/1452/2906 2802/1451/2905 3126/1581/3255
f 2827/1475/2933 2803/1452/2906 3126/1581/3255
f 3127/1634/3256 1535/866/3257 3128/1635/3258
f 3129/1636/3259 3127/1634/3256 3128/1635/3258
f 3127/1634/3256 1547/878/3260 1535/866/3257
f 3130/1637/3261 1547/878/3260 3127/1634/3256
f 3129/1636/3262 3130/1637/3261 3127/1634/3256
f 3130/1637/3261 1549/880/3263 1547/878/3260
f 3129/1636/3262 3131/183/3264 3130/1637/3261
f 3130/1637/3261 3131/183/3264 1549/880/3263
f 3132/1638/3265 1549/880/3263 3131/183/3264
f 3131/183/3264 3133/1639/3266 3132/1638/3265
f 3132/1638/3265 3134/1640/3267 1549/880/3263
f 3135/1641/3268 3134/1640/3267 3132/1638/3265
f 3135/1641/3268 3136/867/3269 3134/1640/3267
f 3134/1640/3267 3136/867/3269 3137/1642/3270
f 1598/878/3271 3138/1634/3272 1593/866/3273
f 3139/1635/3274 1593/866/3273 3138/1634/3272
f 3140/1636/3275 3139/1635/3274 3138/1634/3272
f 3138/1634/3272 1598/878/3271 3141/1637/3276
f 3140/1636/3277 3138/1634/3272 3141/1637/3276
f 1600/880/3278 3141/1637/3276 1598/878/3271
f 3140/1636/3277 3141/1637/3276 3142/183/3279
f 3141/1637/3276 1600/880/3278 3142/183/3279
f 1600/880/3278 3143/1638/3280 3142/183/3279
f 3142/183/3279 3143/1638/3280 3144/1639/3281
f 3143/1638/3280 1600/880/3278 3145/1640/3282
f 3143/1638/3280 3145/1640/3282 3146/1641/3283
f 3145/1640/3282 3147/867/3284 3146/1641/3283
f 3145/1640/3282 3148/1642/3285 3147/867/3284
f 3149/1487/3286 3150/1488/3287 3151/1491/3288
f 3150/1488/3287 3149/1487/3286 3152/1489/3289
f 3151/1491/3288 3153/1492/3290 3149/1487/3286
f 3153/1492/3290 3151/1491/3288 3154/1493/3290
f 3150/1488/3287 3152/1489/3289 3155/1490/3291
f 3156/1494/3292 3151/1491/3288 3150/1488/3287
f 3155/1490/3291 3156/1494/3292 3150/1488/3287
f 3151/1491/3288 3156/1494/3292 3157/1495/3293
f 3151/1491/3288 3157/1495/3293 3154/1493/3294
f 3155/1490/3291 3158/1496/3295 3156/1494/3292
f 3159/1643/2326 3157/1495/3293 3160/1643/3296
f 3158/1496/3295 3155/1490/3291 3161/1498/3297
f 3161/1498/3297 3162/1497/3298 3158/1496/3295
f 3163/1507/3299 3155/1490/3291 3152/1489/3300
f 3155/1490/3291 3163/1507/3299 3164/1504/3301
f 3164/1504/3301 3161/1498/3297 3155/1490/3291
f 3163/1507/3299 3165/1506/3302 3164/1504/3301
f 3164/1504/3301 3165/1506/3302 3166/1505/3303
f 3167/1502/3304 3164/1504/3301 3166/1505/3303
f 3164/1504/3301 3167/1502/3304 3168/1501/3305
f 3161/1498/3297 3164/1504/3301 3168/1501/3305
f 3162/1497/3298 3161/1498/3297 3169/1499/3306
f 3170/1497/3307 3162/1497/3298 3169/1499/3306
f 3169/1499/3306 3171/1499/3308 3170/1497/3307
f 3161/1498/3297 3172/1500/3309 3169/1499/3306
f 3171/1499/3308 3169/1499/3306 3172/1500/3309
f 3172/1500/3309 3161/1498/3297 3168/1501/3305
f 3172/1500/3309 3173/1500/3310 3171/1499/3308
f 3172/1500/3309 3168/1501/3305 3167/1502/2889
f 3172/1500/3309 3167/1502/2889 3174/1503/3311
f 3175/1644/3312 2720/1404/3313 2719/1403/3314
f 2721/1405/3315 3175/1644/3312 2719/1403/3314
f 2721/1405/3315 3176/1645/3316 3175/1644/3312
f 2720/1404/3313 3175/1644/3312 3177/1646/3317
f 3175/1644/3312 3176/1645/3316 3177/1646/3317
f 3178/1647/3318 2720/1404/3313 3177/1646/3317
f 3178/1647/3318 3177/1646/3317 3179/1648/3319
f 3177/1646/3317 3176/1645/3316 3180/1649/3320
f 3177/1646/3317 3180/1649/3320 3179/1648/3319
f 3180/1649/3320 3113/1650/3321 3181/1651/3322
f 2728/1403/3323 2730/1404/3324 3182/1644/3325
f 2729/1405/3326 2728/1403/3323 3182/1644/3325
f 2729/1405/3326 3182/1644/3325 3183/1645/3327
f 2730/1404/3324 3184/1646/3328 3182/1644/3325
f 3182/1644/3325 3184/1646/3328 3183/1645/3327
f 2730/1404/3324 3185/1647/3329 3184/1646/3328
f 3186/1648/3330 3184/1646/3328 3185/1647/3329
f 3184/1646/3328 3187/1649/3331 3183/1645/3327
f 3184/1646/3328 3186/1648/3330 3187/1649/3331
f 3188/1651/3332 3032/1650/3333 3187/1649/3331
f 2606/1339/3334 1424/791/3334 3189/1652/3334
f 1424/791/3334 2606/1339/3334 715/408/3334
f 1433/791/3335 2620/1339/3335 3190/1652/3335
f 2620/1339/3335 1433/791/3335 720/408/3335
f 895/527/3336 2039/1101/3336 3191/1653/3336
f 2039/1101/3336 895/527/3336 897/529/3336
f 895/527/3337 2106/1101/3337 900/529/3337
f 2106/1101/3337 895/527/3337 3191/1653/3337
f 1449/807/3338 727/416/3338 728/417/3338
f 1462/807/3339 735/417/3339 734/416/3339
f 3113/1650/3340 3192/1654/3340 3181/1651/3340
f 3032/1650/3341 3188/1651/3341 3193/1654/3341
f 2923/1655/3342 3084/1624/3342 3085/1626/3342
f 2923/1655/3343 3086/1626/3343 3084/1624/3343
f 2933/1546/3344 2114/1109/3344 2931/1544/3345
f 2378/1223/3346 2295/1193/3346 2297/1195/3346
f 2408/1223/3347 2312/1195/3347 2309/1193/3347
f 2294/1656/3348 3194/1657/3349 2296/1658/3348
f 3194/1657/3349 2294/1656/3348 3195/1659/3350
f 3195/1659/3350 3196/1660/3351 3194/1657/3349
f 2310/1656/3352 3197/1657/3353 3198/1659/3354
f 3198/1659/3354 3197/1657/3353 3199/1660/3355
f 3197/1657/3353 2310/1656/3352 2311/1658/3352
f 1979/1057/3356 1844/1005/3356 3200/1661/3356
f 1981/1057/3357 3201/1661/3357 1846/1005/3357
f 3202/1662/633 634/381/633 633/380/633
f 1677/955/283 1676/954/283 2240/978/283
f 636/381/634 3203/1662/634 637/380/634
f 1804/955/283 1708/978/283 1707/954/283
f 3204/1663/3358 2900/1664/3359 3205/1665/3360
f 3206/1666/3361 3204/1663/3358 3205/1665/3360
f 3204/1663/3358 3070/1667/3362 2900/1664/3359
f 3207/1668/3363 3070/1667/3362 3204/1663/3358
f 3204/1663/3358 3206/1666/3361 3208/1669/3364
f 3208/1669/3364 3207/1668/3363 3204/1663/3358
f 3209/1670/3365 3206/1666/3361 3210/1671/3366
f 3209/1670/3365 3208/1669/3364 3206/1666/3361
f 3211/1672/3367 3209/1670/3365 3210/1671/3366
f 3212/1673/3368 3207/1668/3363 3208/1669/3364
f 3208/1669/3364 3209/1670/3365 3212/1673/3368
f 3209/1670/3365 3211/1672/3367 3213/1674/3369
f 3212/1673/3368 3209/1670/3365 3213/1674/3369
f 3207/1668/3363 3212/1673/3368 3214/1675/3370
f 3213/1674/3369 3214/1675/3370 3212/1673/3368
f 3214/1675/3370 3215/1676/3371 3207/1668/3363
f 3216/1677/3372 3213/1674/3369 3211/1672/3367
f 3215/1676/3371 3214/1675/3370 3217/1678/3373
f 3214/1675/3370 3213/1674/3369 3217/1678/3373
f 3215/1676/3371 3217/1678/3373 3218/1679/3374
f 3218/1679/3374 3217/1678/3373 3219/1680/3375
f 3220/1681/3376 3217/1678/3373 3213/1674/3369
f 3217/1678/3373 3220/1681/3376 3219/1680/3375
f 3213/1674/3369 3216/1677/3372 3220/1681/3376
f 3221/1682/3377 3219/1680/3375 3220/1681/3376
f 3220/1681/3376 3222/1683/3378 3221/1682/3377
f 3222/1683/3378 3220/1681/3376 3216/1677/3372
f 3222/1683/3378 3216/1677/3372 3223/1684/3379
f 3222/1683/3378 3223/1684/3379 3224/1685/3380
f 2928/1686/3381 3223/1684/3379 3216/1677/3372
f 3211/1672/3382 2928/1686/3381 3216/1677/3372
f 3210/1671/3383 2928/1686/3381 3211/1672/3382
f 2928/1686/3381 3210/1671/3383 2929/1687/3383
f 2928/1686/3381 3225/371/3384 3223/1684/3379
f 3223/1684/3379 3226/1688/3385 3224/1685/3380
f 3225/371/3384 3226/1688/3385 3223/1684/3379
f 3224/1685/3380 3226/1688/3385 3227/1689/3386
f 3225/371/3384 296/185/286 3226/1688/3385
f 296/185/286 3227/1689/3386 3226/1688/3385
f 296/185/286 3225/371/3384 294/185/284
f 3227/1689/3386 296/185/286 3228/1690/3387
f 296/185/286 3229/1691/3388 3228/1690/3387
f 3229/1691/3388 296/185/286 295/186/285
f 295/186/285 3230/1692/3389 3229/1691/3388
f 295/186/285 294/185/284 3231/1693/3390
f 3230/1692/3389 295/186/285 615/370/618
f 3231/1693/3390 615/370/618 295/186/285
f 614/369/617 3230/1692/3389 615/370/618
f 3230/1692/3389 614/369/617 3232/1694/3391
f 3233/367/3392 3232/1694/3391 614/369/617
f 3232/1694/3391 3233/367/3392 3234/1695/3392
f 3233/367/3392 3235/1696/3393 3234/1695/3392
f 3233/367/3392 3236/366/3394 3235/1696/3393
f 3236/366/3394 2511/1284/3395 3235/1696/3393
f 2511/1284/3395 3236/366/3394 2516/365/3395
f 615/370/618 3231/1693/3390 613/370/616
f 613/370/616 612/369/615 615/370/618
f 3231/1693/3390 3237/1697/3396 613/370/616
f 3231/1693/3390 3238/1698/3397 3237/1697/3396
f 613/370/616 3237/1697/3396 3239/1699/3398
f 613/370/616 3239/1699/3398 611/368/614
f 611/368/614 3239/1699/3398 3240/334/3399
f 611/368/614 3240/334/3399 610/367/3400
f 610/367/3400 3240/334/3399 3241/333/3401
f 610/367/3400 3241/333/3401 605/366/3402
f 3241/333/3401 2509/337/3403 605/366/3402
f 605/366/3402 2509/337/3403 606/365/3403
f 2408/1223/3404 2309/1193/3404 3242/1220/3331
f 3243/1663/3405 2882/1664/3406 3049/1667/3407
f 3244/1670/3408 3245/1671/3409 3246/1666/3410
f 3247/1668/3411 3243/1663/3405 3049/1667/3407
f 3248/1672/3412 3245/1671/3409 3244/1670/3408
f 3050/1700/283 3247/1668/3411 3049/1667/3407
f 3243/1663/3405 3249/1669/3413 3246/1666/3410
f 3249/1669/3413 3244/1670/3408 3246/1666/3410
f 3249/1669/3413 3243/1663/3405 3247/1668/3411
f 3250/1674/3414 3248/1672/3412 3244/1670/3408
f 3244/1670/3408 3249/1669/3413 3251/1673/3415
f 3249/1669/3413 3247/1668/3411 3251/1673/3415
f 3251/1673/3415 3250/1674/3414 3244/1670/3408
f 3247/1668/3411 3050/1700/283 3252/1676/3416
f 3247/1668/3411 3253/1675/3417 3251/1673/3415
f 3250/1674/3414 3251/1673/3415 3253/1675/3417
f 3253/1675/3417 3247/1668/3411 3252/1676/3416
f 3052/1700/283 3252/1676/3416 3050/1700/283
f 3250/1674/3414 3253/1675/3417 3254/1678/3418
f 3252/1676/3416 3254/1678/3418 3253/1675/3417
f 3252/1676/3416 3052/1700/283 3218/1679/3374
f 3254/1678/3418 3252/1676/3416 3218/1679/3374
f 3218/1679/3374 3219/1680/3375 3254/1678/3418
f 3255/1681/3419 3254/1678/3418 3219/1680/3375
f 3250/1674/3414 3254/1678/3418 3255/1681/3419
f 3221/1682/3377 3255/1681/3419 3219/1680/3375
f 3222/1683/3378 3255/1681/3419 3221/1682/3377
f 3256/1677/3420 3250/1674/3414 3255/1681/3419
f 3255/1681/3419 3222/1683/3378 3256/1677/3420
f 3250/1674/3414 3256/1677/3420 3248/1672/3412
f 3222/1683/3378 3257/1684/3421 3256/1677/3420
f 3257/1684/3421 3222/1683/3378 3224/1685/3380
f 2927/1686/3422 3256/1677/3420 3257/1684/3421
f 3256/1677/3420 2927/1686/3422 3248/1672/3423
f 3245/1671/3424 3248/1672/3423 2927/1686/3422
f 2927/1686/3422 2926/1687/3424 3245/1671/3424
f 2927/1686/3422 3257/1684/3421 618/371/621
f 3224/1685/3380 3258/1688/3425 3257/1684/3421
f 618/371/621 3257/1684/3421 3258/1688/3425
f 3258/1688/3425 3224/1685/3380 3227/1689/3426
f 3227/1689/3426 3228/1690/3427 3258/1688/3425
f 3258/1688/3425 616/185/619 618/371/621
f 3258/1688/3425 3228/1690/3427 616/185/619
f 3228/1690/3427 3229/1691/3428 616/185/619
f 3229/1691/3428 3259/186/3429 616/185/619
f 616/185/619 3259/186/3429 617/185/620
f 3259/186/3429 3229/1691/3428 3230/1692/3430
f 3259/186/3429 3260/1693/3431 617/185/620
f 3230/1692/3430 583/370/587 3259/186/3429
f 3260/1693/3431 3259/186/3429 583/370/587
f 3230/1692/3430 582/369/586 583/370/587
f 582/369/586 3230/1692/3430 3232/1694/3432
f 3232/1694/3432 3261/367/3433 582/369/586
f 3261/367/3433 3232/1694/3432 3234/1695/3433
f 3235/1696/3434 3261/367/3433 3234/1695/3433
f 3261/367/3433 3235/1696/3434 3262/366/3435
f 3235/1696/3434 2511/1284/3436 3262/366/3435
f 3262/366/3435 2511/1284/3436 2510/365/3436
f 3260/1693/3431 583/370/587 581/370/585
f 581/370/585 583/370/587 580/369/584
f 3263/1697/3437 3260/1693/3431 581/370/585
f 3264/1698/3438 3260/1693/3431 3263/1697/3437
f 3263/1697/3437 581/370/585 3265/1699/3439
f 3265/1699/3439 581/370/585 579/368/583
f 3265/1699/3439 579/368/583 3266/334/3440
f 3266/334/3440 579/368/583 578/367/3441
f 578/367/3441 3267/333/3442 3266/334/3440
f 3267/333/3442 578/367/3441 577/366/3443
f 577/366/3443 2480/337/3444 3267/333/3442
f 2480/337/3444 577/366/3443 576/365/3444
f 2207/1125/3445 1466/811/3445 1468/813/3445
f 1466/811/3445 2207/1125/3445 2210/1123/3445
f 2155/1125/3446 1469/811/3446 2153/1123/3446
f 1469/811/3446 2155/1125/3446 1470/813/3446
f 2498/1283/3447 2497/1282/3448 3268/1701/3449
f 2498/1283/3447 3268/1701/3449 3269/1702/3447
f 2497/1282/3448 3270/1703/3450 3268/1701/3449
f 2497/1282/3448 2494/1279/3451 3270/1703/3450
f 2494/1279/3451 2538/1704/3452 3270/1703/3450
f 2494/1279/3451 2492/1277/3453 2538/1704/3452
f 3270/1703/3450 2538/1704/3452 2772/1705/3454
f 3270/1703/3450 2772/1705/3454 2717/1706/3455
f 2508/1283/3456 3271/1701/3457 2507/1282/3458
f 3272/1702/3456 3271/1701/3457 2508/1283/3456
f 3271/1701/3457 3273/1703/3459 2507/1282/3458
f 2507/1282/3458 3273/1703/3459 2504/1279/3460
f 3273/1703/3459 2579/1704/3461 2504/1279/3460
f 2504/1279/3460 2579/1704/3461 2502/1277/3462
f 2579/1704/3461 3273/1703/3459 2780/1705/3463
f 2780/1705/3463 3273/1703/3459 2726/1706/3464
f 3274/1561/2746 2948/1560/3070 2950/493/3073
f 3275/492/3465 3274/1561/2746 2950/493/3073
f 2948/1560/3070 2946/1560/3068 2950/493/3073
f 3276/1000/3466 3277/1554/3467 3275/492/3465
f 3278/1707/3468 3277/1554/3467 3279/1562/3469
f 3276/1000/3466 3279/1562/3469 3277/1554/3467
f 3279/1562/3469 3280/1708/3470 3278/1707/3468
f 3275/492/3465 3281/491/3471 3276/1000/3466
f 3281/491/3471 3275/492/3465 2950/493/3073
f 3276/1000/3466 3282/494/3472 3279/1562/3469
f 3282/494/3472 3276/1000/3466 3281/491/3471
f 3280/1708/3470 3279/1562/3469 3282/494/3472
f 3278/1707/3468 3280/1708/3470 3283/1709/3473
f 3282/494/3472 3281/491/3471 3284/495/3474
f 3284/495/3474 3281/491/3471 2950/493/3073
f 3282/494/3472 3285/496/3475 3280/1708/3470
f 3282/494/3472 3284/495/3474 3285/496/3475
f 3283/1709/3473 3286/1710/3473 3287/1711/3473
f 3283/1709/3473 3288/1712/3473 3286/1710/3473
f 3280/1708/3470 3288/1712/3473 3283/1709/3473
f 3288/1712/3473 3289/1713/3473 3286/1710/3473
f 3288/1712/3473 3290/1714/3473 3289/1713/3473
f 3291/1715/3476 3290/1714/3473 3288/1712/3473
f 3280/1708/3470 3291/1715/3476 3288/1712/3473
f 3285/496/3475 3291/1715/3476 3280/1708/3470
f 3292/498/3477 3285/496/3475 3284/495/3474
f 2950/493/3073 3292/498/3477 3284/495/3474
f 3291/1715/3476 3285/496/3475 3293/497/3478
f 3285/496/3475 3292/498/3477 3293/497/3478
f 2950/493/3073 2961/499/3084 3292/498/3477
f 2961/499/3084 2950/493/3073 2958/499/3081
f 3294/500/3479 3292/498/3477 2961/499/3084
f 3292/498/3477 3294/500/3479 3293/497/3478
f 2961/499/3084 2960/501/3083 3294/500/3479
f 2957/499/3080 2960/501/3083 2958/499/3081
f 2960/501/3083 2957/499/3080 2963/501/3086
f 2957/499/3080 2956/498/3079 2959/499/3082
f 3293/497/3478 3295/1716/3480 3291/1715/3476
f 3291/1715/3476 3295/1716/3480 3290/1714/3481
f 3295/1716/3480 3293/497/3478 3294/500/3482
f 3296/1717/3483 3289/1713/3484 3290/1714/3481
f 3290/1714/3481 3297/1718/3485 3296/1717/3483
f 3295/1716/3480 3297/1718/3485 3290/1714/3481
f 3298/1719/3486 3296/1717/3483 3297/1718/3485
f 3294/500/3482 3299/1720/3487 3295/1716/3480
f 3295/1716/3480 3299/1720/3487 3297/1718/3485
f 3294/500/3482 3300/1721/3488 3299/1720/3487
f 3300/1721/3488 3294/500/3482 2960/501/3489
f 3299/1720/3487 3301/1722/3490 3297/1718/3485
f 3297/1718/3485 3301/1722/3490 3298/1719/3486
f 3299/1720/3487 3300/1721/3488 3301/1722/3490
f 3302/1723/3491 3298/1719/3486 3301/1722/3490
f 3300/1721/3488 3302/1723/3491 3301/1722/3490
f 3298/1719/3486 3302/1723/3491 2897/1724/3492
f 3300/1721/3488 3303/1723/3493 3302/1723/3491
f 3303/1723/3493 3300/1721/3488 3304/1721/3494
f 3300/1721/3488 2963/501/3495 3304/1721/3494
f 1046/627/3496 1826/997/3497 3054/1623/3496
f 3305/1725/3498 3054/1623/3496 1826/997/3497
f 1826/997/3497 1828/999/3499 3305/1725/3498
f 3071/1623/3500 3306/1725/3501 1829/997/3502
f 1829/997/3502 3306/1725/3501 1831/999/3503
f 3071/1623/3500 1829/997/3502 1055/627/3500
f 3307/1726/3504 2664/1369/3505 3308/1727/3506
f 3307/1726/3504 3308/1727/3506 3309/1728/3507
f 3310/1729/3508 3307/1726/3504 3309/1728/3507
f 3311/1730/3509 3307/1726/3504 3310/1729/3508
f 3311/1730/3509 2923/1537/3510 3307/1726/3504
f 3307/1726/3504 2923/1537/3510 2664/1369/3505
f 2664/1369/3505 2923/1537/3510 2662/1367/3511
f 2698/1369/3512 3312/1726/3513 3313/1727/3514
f 3313/1727/3514 3312/1726/3513 3314/1728/3515
f 3315/1729/3516 3314/1728/3515 3312/1726/3513
f 3311/1730/3517 3315/1729/3516 3312/1726/3513
f 3311/1730/3517 3312/1726/3513 2923/1537/3518
f 3312/1726/3513 2698/1369/3512 2923/1537/3518
f 2698/1369/3512 2692/1367/3519 2923/1537/3518
f 3316/1731/1726 1696/972/1726 1698/973/1725
f 1823/972/1857 3317/1731/1857 1825/973/1856
f 1843/1004/3520 3200/1661/3520 1844/1005/3520
f 1847/1004/3521 1846/1005/3521 3201/1661/3521
f 3318/1732/3522 3195/1659/3523 3319/1733/3524
f 3320/1734/3525 3319/1733/3524 3195/1659/3523
f 3318/1732/3522 3319/1733/3524 3321/1735/3526
f 3195/1659/3523 3318/1732/3522 3196/1660/3527
f 3322/1733/3528 3198/1659/3529 3323/1732/3530
f 3198/1659/3529 3199/1660/3531 3323/1732/3530
f 3322/1733/3528 3323/1732/3530 3324/1735/3532
f 3325/1734/3533 3198/1659/3529 3322/1733/3528
f 629/377/3004 2892/1534/2996 630/377/3002
f 2918/1534/3026 705/377/3034 707/377/3032
f 2663/1368/3534 3308/1727/3534 2664/1369/3534
f 3313/1727/3535 2697/1368/3535 2698/1369/3535
f 1037/618/3536 3326/619/3537 3327/623/3538
f 3327/623/3538 1044/625/3539 1037/618/3536
f 2926/1541/3539 1044/625/3539 3327/623/3538
f 3326/619/3537 1037/618/3536 1039/620/3540
f 1039/620/3540 3264/1736/3541 3326/619/3537
f 3264/1736/3541 1039/620/3540 1041/622/3541
f 3129/1636/3542 288/182/3543 290/184/3544
f 3129/1636/3542 290/184/3544 3131/183/3545
f 3328/623/3546 3329/619/3547 1047/618/3548
f 3328/623/3546 1047/618/3548 1051/625/3549
f 2929/1541/3549 3328/623/3546 1051/625/3549
f 1047/618/3548 3329/619/3547 1052/620/3550
f 3329/619/3547 3238/1736/3551 1052/620/3550
f 3238/1736/3551 1054/622/3551 1052/620/3550
f 3140/1636/3552 292/184/3553 291/182/3554
f 3140/1636/3552 3142/183/3555 292/184/3553
f 1124/674/3556 3330/734/3557 1960/732/3266
f 1124/674/3556 1960/732/3266 1125/675/3558
f 1279/674/3559 1255/732/3281 3331/734/3560
f 1279/674/3559 1253/675/3561 1255/732/3281
f 3332/1737/3562 2399/1243/3563 3333/1738/3564
f 3332/1737/3562 2394/1238/3565 2399/1243/3563
f 2394/1238/3565 3332/1737/3562 2733/1407/3565
f 3333/1738/3564 2399/1243/3563 2401/1245/3566
f 2401/1245/3566 3334/1739/3567 3333/1738/3564
f 3334/1739/3567 2401/1245/3566 2559/1333/3568
f 3334/1739/3567 2559/1333/3568 2558/1332/3569
f 3334/1739/3567 2558/1332/3569 2557/1331/3570
f 3334/1739/3567 2557/1331/3570 1452/1029/3571
f 3335/1737/3572 3336/1738/3573 2429/1243/3574
f 2425/1238/3575 3335/1737/3572 2429/1243/3574
f 3335/1737/3572 2425/1238/3575 2735/1407/3575
f 3336/1738/3573 2431/1245/3576 2429/1243/3574
f 3336/1738/3573 3337/1739/3577 2431/1245/3576
f 3337/1739/3577 2600/1333/3578 2431/1245/3576
f 3337/1739/3577 2599/1332/3579 2600/1333/3578
f 3337/1739/3577 2598/1331/3580 2599/1332/3579
f 3337/1739/3577 1465/1029/3581 2598/1331/3580
f 302/192/3582 300/190/3583 3338/1740/3584
f 3338/1740/3584 3339/1741/3582 302/192/3582
f 297/187/3585 3338/1740/3584 300/190/3583
f 3338/1740/3584 297/187/3585 101/66/3586
f 1896/1742/3587 3338/1740/3584 101/66/3586
f 98/63/3588 101/66/3586 297/187/3585
f 97/62/3589 98/63/3588 297/187/3585
f 664/1743/3590 3340/1744/3591 108/73/3591
f 1093/1745/3592 1096/815/3592 788/457/3592
f 408/190/3593 411/192/3594 3341/1740/3595
f 3342/1741/3594 3341/1740/3595 411/192/3594
f 3341/1740/3595 407/187/3596 408/190/3593
f 407/187/3596 3341/1740/3595 436/66/3597
f 1407/1742/3598 436/66/3597 3341/1740/3595
f 433/63/3599 407/187/3596 436/66/3597
f 409/62/3600 407/187/3596 433/63/3599
f 3343/1744/3601 356/1743/3602 447/73/3601
f 1306/1745/3603 791/457/3603 1307/815/3603
f 2783/1439/2882 1668/1746/3604 1683/1747/3605
f 1671/1748/3606 1683/1747/3605 1668/1746/3604
f 1683/1747/3605 3344/1749/3607 2783/1439/2882
f 2781/1437/2881 2783/1439/2882 3344/1749/3607
f 1786/1746/3608 2786/1439/2884 1811/1747/3609
f 1800/1748/3610 1786/1746/3608 1811/1747/3609
f 1811/1747/3609 2786/1439/2884 3345/1749/3611
f 2785/1437/2883 3345/1749/3611 2786/1439/2884
f 2495/1280/3612 2496/1281/3613 3346/1750/3614
f 2498/1283/3615 3346/1750/3614 2496/1281/3613
f 2495/1280/3612 3346/1750/3614 3347/1751/3616
f 2493/1278/3617 2495/1280/3612 3347/1751/3616
f 2990/1578/3618 2493/1278/3617 3347/1751/3616
f 3347/1751/3616 2992/1580/3619 2990/1578/3618
f 2493/1278/3617 2990/1578/3618 2490/1275/3620
f 2491/1276/3621 2490/1275/3620 2990/1578/3618
f 2835/1483/3622 3348/1752/3623 2285/1185/2325
f 2286/1184/2326 2835/1483/3622 2285/1185/2325
f 3348/1752/3623 2835/1483/3622 2833/1481/3624
f 2284/1184/2324 2285/1185/2325 2287/1185/2327
f 2285/1185/2325 2288/1186/3625 2287/1185/2327
f 2288/1186/3625 2285/1185/2325 3348/1752/3623
f 3348/1752/3623 2291/1189/3626 2288/1186/3625
f 3348/1752/3623 2833/1481/3624 3349/1753/3627
f 2291/1189/3626 3348/1752/3623 3349/1753/3627
f 2833/1481/3624 3105/1632/3628 3349/1753/3627
f 3349/1753/3627 2292/1190/3629 2291/1189/3626
f 3105/1632/3628 3103/1630/3630 3349/1753/3627
f 3349/1753/3627 3103/1630/3630 2292/1190/3629
f 3350/1754/2947 3351/1755/2947 3352/1756/2947
f 3351/1755/2947 3350/1754/2947 3353/1757/2947
f 3354/1751/3631 3355/1750/3632 2505/1280/3633
f 2506/1281/3634 2505/1280/3633 3355/1750/3632
f 2508/1283/3635 2506/1281/3634 3355/1750/3632
f 2503/1278/3636 3354/1751/3631 2505/1280/3633
f 2503/1278/3636 3033/1578/3637 3354/1751/3631
f 3354/1751/3631 3033/1578/3637 3036/1580/3638
f 3033/1578/3637 2503/1278/3636 2501/1275/3639
f 2500/1276/3640 3033/1578/3637 2501/1275/3639
f 3095/1483/3641 2323/1185/2358 3356/1752/3642
f 2324/1184/2359 2323/1185/2358 3095/1483/3641
f 3356/1752/3642 3094/1481/3643 3095/1483/3641
f 2323/1185/2358 2322/1184/2357 2321/1185/2356
f 2323/1185/2358 2321/1185/2356 2317/1186/3644
f 2323/1185/2358 2317/1186/3644 3356/1752/3642
f 2315/1189/3645 3356/1752/3642 2317/1186/3644
f 3357/1753/3646 3094/1481/3643 3356/1752/3642
f 3356/1752/3642 2315/1189/3645 3357/1753/3646
f 3094/1481/3643 3357/1753/3646 3091/1632/3647
f 3357/1753/3646 2315/1189/3645 2314/1190/3648
f 3091/1632/3647 3357/1753/3646 3089/1630/3649
f 2314/1190/3648 3089/1630/3649 3357/1753/3646
f 3358/1754/3287 3359/1755/3287 3360/1757/3287
f 3359/1755/3287 3358/1754/3287 3361/1756/3287
f 2683/1388/3650 2686/1391/3651 2631/1350/3652
f 2686/1391/3651 2632/1349/3653 2631/1350/3652
f 2632/1349/3653 2686/1391/3651 2687/1392/3654
f 2680/1385/3655 2683/1388/3650 2631/1350/3652
f 2680/1385/3655 2631/1350/3652 2738/1410/3656
f 2741/1413/3657 2680/1385/3655 2738/1410/3656
f 2679/1384/3658 2680/1385/3655 2741/1413/3657
f 2741/1413/3657 2743/1416/3659 2679/1384/3658
f 2674/1379/3659 2679/1384/3658 2743/1416/3659
f 2743/1416/3659 2744/1417/3660 2674/1379/3659
f 2672/1377/3660 2674/1379/3659 2744/1417/3660
f 2672/1377/3660 2744/1417/3660 3362/1758/3661
f 2670/1375/3662 2672/1377/3660 3362/1758/3661
f 3363/1759/3663 2670/1375/3662 3362/1758/3661
f 2666/1371/3664 2670/1375/3662 3363/1759/3663
f 3364/1760/3665 2666/1371/3664 3363/1759/3663
f 2667/1372/3666 2666/1371/3664 3364/1760/3665
f 2667/1372/3666 3364/1760/3665 3365/1761/3667
f 3365/1761/3667 2669/1374/3668 2667/1372/3666
f 2750/1350/3669 2711/1391/3670 2710/1388/3671
f 2711/1391/3670 2750/1350/3669 2752/1349/3672
f 2752/1349/3672 2712/1392/3673 2711/1391/3670
f 2708/1385/3674 2750/1350/3669 2710/1388/3671
f 2750/1350/3669 2708/1385/3674 2754/1410/3675
f 2757/1413/3676 2754/1410/3675 2708/1385/3674
f 2708/1385/3674 2707/1384/3677 2757/1413/3676
f 2707/1384/3677 2759/1416/3678 2757/1413/3676
f 2759/1416/3678 2707/1384/3677 2703/1379/3678
f 2703/1379/3678 2760/1417/3679 2759/1416/3678
f 2760/1417/3679 2703/1379/3678 2696/1377/3679
f 2696/1377/3679 3366/1758/3680 2760/1417/3679
f 3366/1758/3680 2696/1377/3679 2694/1375/3681
f 2694/1375/3681 3367/1759/3682 3366/1758/3680
f 3367/1759/3682 2694/1375/3681 2695/1371/3683
f 3368/1760/3684 3367/1759/3682 2695/1371/3683
f 2699/1372/3685 3368/1760/3684 2695/1371/3683
f 3368/1760/3684 2699/1372/3685 3369/1761/3686
f 3369/1761/3686 2699/1372/3685 2701/1374/3687
f 3370/1762/3688 3371/1496/3689 3372/1498/3690
f 3170/1497/3307 3171/1499/3308 3371/1496/3689
f 3171/1499/3308 3372/1498/3690 3371/1496/3689
f 3372/1498/3690 3171/1499/3308 3173/1500/3310
f 3173/1500/3310 3172/1500/3309 3174/1503/3311
f 3173/1500/3310 3174/1503/3311 3373/1503/3691
f 3374/1501/3692 3173/1500/3310 3373/1503/3691
f 3173/1500/3310 3374/1501/3692 3372/1498/3690
f 3374/1501/3692 3373/1503/3691 3375/1763/3693
f 3376/1764/3694 3372/1498/3690 3374/1501/3692
f 3372/1498/3690 3376/1764/3694 3370/1762/3688
f 3377/1765/3695 3374/1501/3692 3375/1763/3693
f 3374/1501/3692 3377/1765/3695 3376/1764/3694
f 3377/1765/3695 3375/1763/3693 3378/1766/3696
f 3375/1763/3693 3379/1767/3697 3378/1766/3696
f 3379/1767/3697 3375/1763/3693 3373/1503/3698
f 3373/1503/3698 3380/1768/3698 3379/1767/3697
f 3381/1769/3699 3373/1503/3698 3174/1503/3700
f 3378/1766/3696 3382/1770/3701 3377/1765/3695
f 3382/1770/3701 3378/1766/3696 3383/1771/3702
f 3382/1770/3701 3383/1771/3702 3384/1772/3703
f 3385/1773/3704 3377/1765/3695 3382/1770/3701
f 3377/1765/3695 3385/1773/3704 3376/1764/3694
f 3386/1774/3705 3382/1770/3701 3384/1772/3703
f 3386/1774/3705 3385/1773/3704 3382/1770/3701
f 3384/1772/3703 3387/1775/3706 3386/1774/3705
f 3388/1776/3707 3386/1774/3705 3387/1775/3706
f 3387/1775/3706 3389/1777/3708 3388/1776/3707
f 3384/1772/3709 3389/1777/3708 3387/1775/3706
f 3390/1778/3710 3388/1776/3707 3389/1777/3708
f 3389/1777/3708 3391/1778/3711 3390/1778/3710
f 3385/1773/3704 3386/1774/3705 3392/1779/3712
f 3393/1780/3713 3376/1764/3694 3385/1773/3704
f 3392/1779/3712 3393/1780/3713 3385/1773/3704
f 3376/1764/3694 3393/1780/3713 3370/1762/3688
f 3393/1780/3713 3394/1494/3714 3370/1762/3688
f 3371/1496/3689 3370/1762/3688 3394/1494/3714
f 3371/1496/3689 3394/1494/3714 3157/1495/3293
f 3170/1497/2955 3371/1496/3689 3157/1495/3293
f 3162/1497/2955 3170/1497/2955 3157/1495/3293
f 3162/1497/2955 3157/1495/3293 3158/1496/2955
f 3158/1496/2955 3157/1495/3293 3156/1494/3292
f 3394/1494/3714 3393/1780/3713 3395/1781/3715
f 3395/1781/3715 3157/1495/3293 3394/1494/3714
f 3396/1782/3716 3154/1493/3717 3157/1495/3293
f 3397/1783/3718 3395/1781/3715 3393/1780/3713
f 3393/1780/3713 3392/1779/3712 3397/1783/3718
f 3395/1781/3715 3397/1783/3718 3398/1493/3719
f 3399/1784/3720 3398/1493/3719 3397/1783/3718
f 3392/1779/3712 3399/1784/3721 3397/1783/3718
f 3398/1493/3719 3399/1784/3720 3400/1782/3722
f 3395/1781/3715 3400/1782/3722 3157/1495/3293
f 3159/1643/2326 3401/1643/3723 3157/1495/3293
f 3400/1782/3722 3160/1643/3296 3157/1495/3293
f 3160/1643/3296 3402/1785/3724 3159/1643/2326
f 3403/1785/3725 3400/1782/3722 3399/1784/3720
f 3400/1782/3722 3403/1785/3725 3160/1643/3296
f 3402/1785/3724 3160/1643/3296 3403/1785/3725
f 3402/1785/3724 3404/1786/3726 3405/1785/3727
f 3403/1785/3725 3406/1787/3728 3402/1785/3724
f 3406/1787/3728 3403/1785/3725 3407/1786/3729
f 3399/1784/3721 3407/1786/3729 3403/1785/3725
f 3407/1786/3729 3408/1788/3730 3406/1787/3728
f 3408/1788/3730 3407/1786/3729 3390/1778/3731
f 3407/1786/3729 3388/1776/3732 3390/1778/3731
f 3407/1786/3729 3399/1784/3721 3409/1789/3733
f 3407/1786/3729 3409/1789/3733 3388/1776/3732
f 3399/1784/3721 3392/1779/3712 3409/1789/3733
f 3409/1789/3733 3386/1774/3734 3388/1776/3732
f 3409/1789/3733 3392/1779/3712 3386/1774/3734
f 1287/650/1296 1300/650/1297 1303/648/1096
f 3410/1220/3320 2378/1223/3735 2375/1220/3320
f 2378/1223/3735 3410/1220/3320 2295/1193/3735
f 2375/1220/3320 3411/1219/3736 3410/1220/3320
f 2374/1219/3736 3412/1230/3737 3411/1219/3736
f 3412/1230/3737 2374/1219/3736 2385/1230/3737
f 2385/1230/3737 3413/1233/3738 3412/1230/3737
f 3413/1233/3738 2385/1230/3737 2389/1233/3738
f 2392/1236/3739 3413/1233/3738 2389/1233/3738
f 1116/666/3740 1117/667/3741 1118/668/3742
f 1118/668/3742 1117/667/3741 1120/670/3743
f 1285/666/3744 1283/668/3745 1288/667/3746
f 1283/668/3745 1281/670/3747 1288/667/3746
f 3414/745/3748 3415/745/3749 2143/882/1329
f 1093/1745/3750 788/457/3750 790/459/3750
f 1306/1745/3751 792/459/3751 791/457/3751
f 3416/1790/3752 650/256/3753 645/253/3752
f 650/256/3753 3416/1790/3752 3417/1791/3754
f 3417/1791/3754 3418/1792/3755 650/256/3753
f 655/323/3756 650/256/3753 3418/1792/3755
f 3419/1793/3757 655/323/3756 3418/1792/3755
f 655/323/3756 3419/1793/3757 657/325/3757
f 386/256/3758 3420/1790/3759 384/253/3759
f 3420/1790/3759 386/256/3758 3421/1791/3760
f 3422/1792/3761 3421/1791/3760 386/256/3758
f 386/256/3758 529/323/3762 3422/1792/3761
f 529/323/3762 3423/1793/3763 3422/1792/3761
f 3423/1793/3763 529/323/3762 531/325/3763
f 1430/797/3764 1653/933/3764 3330/734/3764
f 1439/797/3765 3331/734/3765 1793/933/3765
f 1944/996/3766 2268/1168/3767 3424/1794/3768
f 3424/1794/3768 2268/1168/3767 2270/1170/3769
f 2406/1220/3331 2408/1223/3404 3242/1220/3331
f 2406/1220/3331 3242/1220/3331 3425/1219/3736
f 2404/1219/3736 2406/1220/3331 3425/1219/3736
f 3426/1230/3737 2404/1219/3736 3425/1219/3736
f 2415/1230/3737 2404/1219/3736 3426/1230/3737
f 3427/1233/3738 2415/1230/3737 3426/1230/3737
f 2419/1233/3738 2415/1230/3737 3427/1233/3738
f 2422/1236/3739 2419/1233/3738 3427/1233/3738
f 1728/996/3770 3428/1794/3771 2338/1168/3772
f 3428/1794/3771 2335/1170/3773 2338/1168/3772
f 2249/987/3774 1945/995/3775 1946/1042/3776
f 1945/995/3775 1941/1039/3775 1946/1042/3776
f 1948/882/3777 2249/987/3774 1946/1042/3776
f 1717/987/3778 2141/1042/3779 1727/995/3780
f 2141/1042/3779 2138/1039/3780 1727/995/3780
f 2143/882/3781 2141/1042/3779 1717/987/3778
f 2743/1416/2837 2741/1413/2834 2438/1414/2835
f 2759/1416/2853 2444/1414/2851 2757/1413/2850
f 2386/1795/3782 1987/1063/3782 1986/1062/3782
f 1987/1063/3782 2386/1795/3782 2222/1215/3782
f 2416/1795/3783 1989/1063/3783 2168/1215/3783
f 1989/1063/3783 2416/1795/3783 1990/1062/3783
f 2060/541/283 917/541/3784 3429/1796/3785
f 2521/1288/3786 2519/1286/2573 563/1797/3787
f 563/1797/3787 2519/1286/2573 562/1446/2897
f 2519/1286/2573 2794/1443/2895 562/1446/2897
f 2794/1443/2895 2519/1286/2573 2522/1289/2576
f 566/1798/3788 2521/1288/3786 563/1797/3787
f 2524/1292/3789 2521/1288/3786 566/1798/3788
f 253/1293/3790 2524/1292/3789 566/1798/3788
f 3180/1649/3320 3176/1645/3316 3113/1650/3321
f 2296/1799/3791 3113/1650/3321 3176/1645/3316
f 2721/1405/3792 2296/1799/3791 3176/1645/3316
f 1943/1041/3793 1944/996/3793 3424/1794/3793
f 2561/1286/2627 2562/1288/3794 594/1797/3795
f 597/1798/3796 594/1797/3795 2562/1288/3794
f 2562/1288/3794 2565/1292/3797 597/1798/3796
f 188/1293/3798 597/1798/3796 2565/1292/3797
f 2561/1286/2627 594/1797/3795 593/1446/2900
f 2797/1443/2899 2561/1286/2627 593/1446/2900
f 2561/1286/2627 2797/1443/2899 2563/1289/2629
f 3183/1645/3327 3187/1649/3331 3032/1650/3333
f 2311/1799/3799 3183/1645/3327 3032/1650/3333
f 2729/1405/3800 3183/1645/3327 2311/1799/3799
f 2140/1041/3801 3428/1794/3801 1728/996/3801
f 2746/1419/3802 3362/1758/3802 2744/1417/3802
f 2762/1419/3803 2760/1417/3803 3366/1758/3803
f 3430/1800/3804 3431/1801/3805 3432/1802/3805
f 3431/1801/3805 3430/1800/3804 3433/1803/3806
f 3433/1803/3806 3430/1800/3804 3434/1804/3807
f 3434/1804/3807 3430/1800/3804 3435/1805/3808
f 3430/1800/3804 3436/1806/3809 3435/1805/3808
f 3436/1806/3809 3430/1800/3804 3432/1802/3810
f 3437/1807/3811 3435/1805/3808 3436/1806/3809
f 3435/1805/3808 3437/1807/3811 3438/1808/3812
f 3434/1804/2784 3435/1805/3808 3438/1808/3812
f 3439/1802/3813 3440/1801/3813 3441/1800/3814
f 3441/1800/3814 3440/1801/3813 3442/1803/3815
f 3442/1803/3815 3443/1804/3816 3441/1800/3814
f 3443/1804/3816 3444/1805/3817 3441/1800/3814
f 3445/1806/3818 3441/1800/3814 3444/1805/3817
f 3441/1800/3814 3445/1806/3818 3439/1802/3819
f 3444/1805/3817 3446/1807/3820 3445/1806/3818
f 3446/1807/3820 3444/1805/3817 3447/1808/3821
f 3443/1804/2746 3447/1808/3821 3444/1805/3817
f 2123/1118/3822 2122/1117/3823 2354/1207/3824
f 2354/1207/3824 2122/1117/3823 2349/1202/3825
f 2122/1117/3823 2120/1115/3826 2349/1202/3825
f 2120/1115/3826 2350/1203/3827 2349/1202/3825
f 2120/1115/3826 2117/1112/3204 2350/1203/3827
f 2117/1112/3204 2351/1204/3828 2350/1203/3827
f 2115/1110/3829 2351/1204/3828 2117/1112/3204
f 2114/1109/3830 2351/1204/3828 2115/1110/3829
f 2114/1109/3830 2489/1274/3831 2351/1204/3828
f 2348/1201/3832 2351/1204/3828 2489/1274/3831
f 2489/1274/3831 3448/1809/3833 2348/1201/3832
f 2352/1205/3834 2348/1201/3832 3448/1809/3833
f 3448/1809/3833 3449/1810/3835 2352/1205/3834
f 2353/1206/3836 2352/1205/3834 3449/1810/3835
f 3449/1810/3835 3450/1811/3837 2353/1206/3836
f 3450/1811/3837 2355/1208/3838 2353/1206/3836
f 2133/1118/3839 2363/1207/3840 2132/1117/3841
f 2363/1207/3840 2358/1202/3842 2132/1117/3841
f 2130/1115/3843 2132/1117/3841 2358/1202/3842
f 2358/1202/3842 2357/1203/3844 2130/1115/3843
f 2127/1112/3107 2130/1115/3843 2357/1203/3844
f 2127/1112/3107 2357/1203/3844 2360/1204/3845
f 2126/1110/3846 2127/1112/3107 2360/1204/3845
f 2124/1109/3847 2126/1110/3846 2360/1204/3845
f 2124/1109/3847 2360/1204/3845 2499/1274/3848
f 2360/1204/3845 2359/1201/3849 2499/1274/3848
f 3451/1809/3850 2499/1274/3848 2359/1201/3849
f 2359/1201/3849 2361/1205/3851 3451/1809/3850
f 3452/1810/3852 3451/1809/3850 2361/1205/3851
f 2361/1205/3851 2362/1206/3853 3452/1810/3852
f 3453/1811/3854 3452/1810/3852 2362/1206/3853
f 3453/1811/3854 2362/1206/3853 2364/1208/3855
f 1968/745/2004 1948/882/1329 1967/745/2003
f 1967/745/2003 1948/882/1329 1950/745/2001
f 1966/744/2002 2244/982/3856 1968/745/2004
f 3454/1812/3857 2640/1355/3857 2642/1357/3857
f 2640/1355/3857 3454/1812/3857 3455/1813/3857
f 3456/1812/3858 2644/1357/3858 2643/1355/3858
f 3456/1812/3858 2643/1355/3858 3457/1813/3858
f 3133/1639/3737 3135/1641/3859 3132/1638/3737
f 3144/1639/3737 3143/1638/3737 3146/1641/3860
f 1668/1746/3861 2783/1439/3862 1667/1814/3863
f 1667/1814/3863 2783/1439/3862 1666/1815/3864
f 1786/1746/3865 1788/1814/3866 2786/1439/3867
f 1788/1814/3866 1791/1815/3868 2786/1439/3867
f 3458/1816/3869 3459/1817/3870 3460/1818/3871
f 3460/1818/3871 3459/1817/3870 3434/1804/3872
f 3461/1816/3873 3462/1818/3874 3463/1817/3875
f 3462/1818/3874 3443/1804/3876 3463/1817/3875
f 3411/1219/3736 2375/1220/3320 2374/1219/3736
f 2527/1819/3877 722/411/3877 3464/1820/3877
f 2568/1819/3878 3465/1820/3878 730/411/3878
f 2636/1354/3879 2824/1472/3879 2817/1466/3879
f 2824/1472/3879 2636/1354/3879 1545/876/3879
f 2233/1821/3880 3466/1822/3880 1865/1823/3880
f 2639/1354/3881 2995/1466/3881 2998/1472/3881
f 2639/1354/3881 2998/1472/3881 1609/876/3881
f 2186/1821/3882 1923/1823/3882 3467/1822/3882
f 2663/1368/3534 2668/1373/3534 3308/1727/3534
f 2700/1373/3535 2697/1368/3535 3313/1727/3535
f 3468/1264/3883 121/83/3883 120/82/3883
f 3469/1264/3884 124/82/3884 123/83/3884
f 612/369/3885 609/334/3885 2922/1536/3885
f 3470/1774/3886 3471/1789/3887 3472/1776/3888
f 3471/1789/3887 3470/1774/3886 3473/1779/3889
f 3474/1780/3890 3473/1779/3889 3475/1773/3891
f 3470/1774/3892 3475/1773/3891 3473/1779/3889
f 3476/1764/3893 3474/1780/3890 3475/1773/3891
f 3474/1780/3890 3476/1764/3893 3477/1762/3894
f 3476/1764/3893 3478/1498/3895 3477/1762/3894
f 3475/1773/3891 3479/1765/3896 3476/1764/3893
f 3478/1498/3895 3476/1764/3893 3480/1501/3897
f 3479/1765/3896 3480/1501/3897 3476/1764/3893
f 2861/1500/2967 3478/1498/3895 3480/1501/3897
f 3480/1501/3897 2862/1503/2968 2861/1500/2967
f 2862/1503/2968 3480/1501/3897 3481/1763/3898
f 3480/1501/3897 3479/1765/3896 3481/1763/3898
f 3478/1498/3895 2861/1500/2967 2857/1499/2964
f 2856/1500/2963 2857/1499/2964 2861/1500/2967
f 2857/1499/2964 2852/1496/2956 3478/1498/3895
f 2852/1496/2956 2857/1499/2964 2851/1497/2961
f 2855/1499/2962 2851/1497/2961 2857/1499/2964
f 3479/1765/3896 3482/1766/3899 3481/1763/3898
f 3481/1763/3898 3482/1766/3899 3483/1767/3900
f 3483/1767/3900 2862/1503/3901 3481/1763/3898
f 2862/1503/3901 3483/1767/3900 3484/1768/3901
f 2862/1503/3901 3485/1769/3902 2860/1503/3903
f 3486/1770/3904 3482/1766/3899 3479/1765/3896
f 3482/1766/3899 3486/1770/3904 3487/1771/3905
f 3479/1765/3896 3475/1773/3891 3486/1770/3904
f 3486/1770/3904 3488/1772/3906 3487/1771/3905
f 3475/1773/3891 3470/1774/3892 3486/1770/3904
f 3470/1774/3892 3488/1772/3906 3486/1770/3904
f 3470/1774/3892 3489/1775/3907 3488/1772/3906
f 3470/1774/3892 3472/1776/3908 3489/1775/3907
f 3472/1776/3908 3490/1777/3909 3489/1775/3907
f 3488/1772/3910 3489/1775/3907 3490/1777/3909
f 3472/1776/3908 3491/1778/3911 3490/1777/3909
f 3491/1778/3911 3492/1788/3912 3493/1778/3913
f 533/327/3914 1992/1065/3914 534/328/3914
f 535/327/3915 534/328/3915 1992/1065/3915
f 2716/1397/3916 2717/1398/3455 2772/1431/3454
f 2725/1397/3917 2780/1431/3463 2726/1398/3464
f 2462/1264/3918 3494/1824/3918 2303/1200/3918
f 2302/1199/3918 2303/1200/3918 3494/1824/3918
f 2307/1200/3919 2304/1199/3919 3495/1824/3919
f 2307/1200/3919 3495/1824/3919 2469/1264/3919
f 3344/1749/3888 3496/1825/3888 2781/1437/3888
f 3345/1749/3732 2785/1437/3732 3497/1825/3732
f 3178/1826/3920 2992/1580/3920 3347/1751/3920
f 3185/1826/3921 3354/1751/3921 3036/1580/3921
f 2452/1258/3922 1451/809/3922 1447/805/3922
f 2456/1258/3923 1460/805/3923 1464/809/3923
f 3498/1827/3924 3499/1711/3886 3500/1709/3886
f 3499/1711/3886 3498/1827/3924 3501/1828/3925
f 3502/1707/3926 3498/1827/3924 3500/1709/3886
f 3503/1829/3927 3501/1828/3925 3498/1827/3924
f 3501/1828/3925 3503/1829/3927 3504/1830/3927
f 3505/1489/3928 3504/1830/3927 3503/1829/3927
f 3504/1830/3927 3505/1489/3928 3506/1555/3929
f 3507/1553/3930 3505/1489/3928 3503/1829/3927
f 3498/1827/3924 3507/1553/3930 3503/1829/3927
f 3508/1558/3931 3505/1489/3928 3507/1553/3930
f 3507/1553/3930 3498/1827/3924 3509/1831/3932
f 3498/1827/3924 3502/1707/3926 3509/1831/3932
f 3510/1552/3933 3508/1558/3931 3507/1553/3930
f 3511/1554/3934 3507/1553/3930 3509/1831/3932
f 3502/1707/3926 3511/1554/3934 3509/1831/3932
f 3510/1552/3933 3507/1553/3930 3511/1554/3934
f 3512/1559/3935 3508/1558/3931 3510/1552/3933
f 3510/1552/3933 3513/1560/3936 3512/1559/3935
f 3514/1560/3937 3512/1559/3935 3513/1560/3936
f 3513/1560/3936 3510/1552/3933 3515/1561/2784
f 3515/1561/2784 827/493/816 3513/1560/3936
f 1833/492/1867 3515/1561/2784 3510/1552/3933
f 3511/1554/3934 1833/492/1867 3510/1552/3933
f 1833/492/1867 827/493/816 3515/1561/2784
f 1833/492/1867 3511/1554/3934 1834/1000/1868
f 1833/492/1867 1832/491/1866 827/493/816
f 1834/1000/1868 3511/1554/3934 3516/1562/3938
f 3511/1554/3934 3502/1707/3926 3516/1562/3938
f 1834/1000/1868 3517/494/3939 1832/491/1866
f 3517/494/3939 1834/1000/1868 3516/1562/3938
f 3518/1708/3940 3516/1562/3938 3502/1707/3926
f 3516/1562/3938 3518/1708/3940 3517/494/3939
f 3502/1707/3926 3500/1709/3941 3518/1708/3940
f 3519/495/3942 827/493/816 1832/491/1866
f 3517/494/3939 3519/495/3942 1832/491/1866
f 827/493/816 3519/495/3942 3520/498/3943
f 3519/495/3942 3517/494/3939 3521/496/3944
f 3517/494/3939 3518/1708/3940 3521/496/3944
f 3521/496/3944 3520/498/3943 3519/495/3942
f 827/493/816 3520/498/3943 839/499/828
f 3520/498/3943 3522/500/3945 839/499/828
f 837/501/826 839/499/828 3522/500/3945
f 3522/500/3945 3520/498/3943 3523/497/3946
f 3521/496/3944 3523/497/3946 3520/498/3943
f 3521/496/3944 3518/1708/3940 3524/1715/3947
f 3521/496/3944 3524/1715/3947 3523/497/3946
f 3525/1712/3941 3524/1715/3947 3518/1708/3940
f 3518/1708/3940 3500/1709/3941 3525/1712/3941
f 3524/1715/3947 3525/1712/3941 3526/1714/3941
f 3526/1714/3941 3525/1712/3941 3527/1713/3941
f 3527/1713/3941 3525/1712/3941 3528/1710/3941
f 3500/1709/3941 3528/1710/3941 3525/1712/3941
f 3528/1710/3941 3500/1709/3941 3499/1711/3941
f 3523/497/3946 3524/1715/3947 3529/1716/3948
f 3524/1715/3947 3526/1714/3949 3529/1716/3948
f 3523/497/3946 3529/1716/3948 3522/500/3950
f 3530/1717/3951 3526/1714/3949 3527/1713/3952
f 3531/1718/3953 3526/1714/3949 3530/1717/3951
f 3529/1716/3948 3526/1714/3949 3531/1718/3953
f 3532/1719/3954 3531/1718/3953 3530/1717/3951
f 3522/500/3950 3529/1716/3948 3533/1720/3955
f 3529/1716/3948 3531/1718/3953 3533/1720/3955
f 3531/1718/3953 3532/1719/3954 3534/1722/3956
f 3533/1720/3955 3531/1718/3953 3534/1722/3956
f 3532/1719/3954 3535/1723/3957 3534/1722/3956
f 3535/1723/3957 3532/1719/3954 2880/1724/3958
f 3536/1721/3959 3534/1722/3956 3535/1723/3957
f 3533/1720/3955 3534/1722/3956 3536/1721/3959
f 3536/1721/3959 3522/500/3950 3533/1720/3955
f 3522/500/3950 3536/1721/3959 837/501/3960
f 3536/1721/3959 3537/1721/3961 835/501/3962
f 3113/1650/3963 3114/1832/3963 3192/1654/3963
f 3115/1601/3964 3538/1833/3964 3114/1603/3964
f 3032/1650/3965 3193/1654/3965 3031/1832/3965
f 3029/1601/3966 3031/1603/3966 3539/1833/3966
f 3540/1834/3967 3541/1835/3967 3542/1836/3967
f 2835/1837/3968 2731/1358/3968 2629/1348/3968
f 3543/1834/3969 3544/1836/3969 3545/1835/3969
f 3095/1837/3970 2646/1348/3970 2647/1358/3970
f 3400/1782/3722 3395/1781/3715 3398/1493/3719
f 3546/1781/3971 3547/1782/3972 3548/1493/3973
f 1269/744/1265 3415/745/3749 1271/744/1267
f 1269/744/1265 1270/745/1266 3415/745/3749
f 3415/745/3749 1270/745/1266 2143/882/1329
f 1271/744/1267 3415/745/3749 3414/745/3748
f 1271/744/1267 3414/745/3748 1712/982/3974
f 2742/1415/3975 2440/1838/3976 2745/1418/3976
f 2440/1838/3976 2742/1415/3975 2439/1839/3977
f 2439/1839/3977 2742/1415/3975 2438/1414/3978
f 2758/1415/3979 2761/1418/3980 2447/1838/3980
f 2758/1415/3979 2447/1838/3980 2446/1839/3981
f 2446/1839/3981 2444/1414/3982 2758/1415/3979
f 3549/1840/3983 2354/1207/3984 2356/1209/3985
f 3550/1840/3986 2365/1209/3987 2363/1207/3988
f 1665/1841/3989 3551/1842/3989 3552/1843/3989
f 1798/1841/3990 3553/1843/3990 3554/1842/3990
f 2464/1266/3991 3454/1812/3991 2465/1267/3991
f 3454/1812/3991 2464/1266/3991 3555/1844/3991
f 3456/1812/3992 2472/1266/3992 2471/1267/3992
f 2472/1266/3992 3456/1812/3992 3556/1844/3992
f 3136/867/3993 3557/1845/2365 3558/1846/3994
f 3136/867/3993 3135/1641/3859 3557/1845/2365
f 3559/1638/3995 3557/1845/2365 3135/1641/3859
f 3133/1639/3737 3559/1638/3995 3135/1641/3859
f 3558/1846/3994 3137/1642/3996 3136/867/3993
f 3558/1846/3994 1541/872/3997 3137/1642/3996
f 1541/872/3997 1839/1002/3997 3137/1642/3996
f 635/382/3998 634/381/3998 1650/1847/3998
f 635/382/3998 1650/1847/3998 1644/1848/3998
f 3147/867/3999 3560/1846/4000 3561/1845/2322
f 3560/1846/4000 3147/867/3999 3148/1642/4001
f 3148/1642/4001 1605/872/4002 3560/1846/4000
f 1605/872/4002 3148/1642/4001 1840/1002/4002
f 3561/1845/2322 3146/1641/3860 3147/867/3999
f 3146/1641/3860 3561/1845/2322 3562/1638/4003
f 3144/1639/3737 3146/1641/3860 3562/1638/4003
f 638/382/4004 1781/1847/4004 636/381/4004
f 1781/1847/4004 638/382/4004 1773/1848/4004
f 1467/812/4005 1942/1040/4006 2213/1127/4007
f 1467/812/4005 2213/1127/4007 1468/813/4008
f 1471/812/4009 2157/1127/4010 2139/1040/4011
f 1471/812/4009 1470/813/4012 2157/1127/4010
f 3563/1849/4013 1009/515/4014 1010/513/4015
f 1010/513/4015 1014/520/4016 3563/1849/4013
f 1014/520/4016 1010/513/4015 1011/511/4016
f 1009/515/4014 3563/1849/4013 3564/771/4017
f 1009/515/4014 3564/771/4017 1896/772/4018
f 1009/515/4014 1896/772/4018 101/518/4019
f 851/513/4020 853/515/4021 3565/1849/4022
f 851/513/4020 3565/1849/4022 855/520/4023
f 849/511/4023 851/513/4020 855/520/4023
f 853/515/4021 3566/771/4024 3565/1849/4022
f 853/515/4021 1407/772/4025 3566/771/4024
f 853/515/4021 436/518/4026 1407/772/4025
f 2651/1362/4027 2275/1259/4028 3567/1850/4029
f 2275/1259/4028 2651/1362/4027 2453/1260/4028
f 3567/1850/4029 3568/1851/4030 2651/1362/4027
f 3568/1851/4030 3567/1850/4029 3569/1852/4030
f 3569/1852/4030 3437/1807/4031 3568/1851/4030
f 3437/1807/4031 3569/1852/4030 3570/1853/4032
f 3570/1853/4032 3438/1808/4033 3437/1807/4031
f 3438/1808/4033 3570/1853/4032 3571/1800/4034
f 3434/1804/4035 3438/1808/4033 3571/1800/4034
f 3572/1803/4036 3434/1804/4035 3571/1800/4034
f 3571/1800/4034 3573/1854/4037 3572/1803/4036
f 3571/1800/4034 3570/1853/4038 3573/1854/4037
f 3574/1855/4039 3573/1854/4037 3570/1853/4038
f 3574/1855/4039 3570/1853/4038 3569/1852/4040
f 3575/1856/4041 3573/1854/4037 3574/1855/4039
f 3569/1852/4040 3567/1850/4042 3574/1855/4039
f 3574/1855/4039 3576/1857/4043 3575/1856/4041
f 3576/1857/4043 3574/1855/4039 3567/1850/4042
f 3577/1858/4044 3575/1856/4041 3576/1857/4043
f 2264/1859/4045 3577/1858/4044 3576/1857/4043
f 2264/1859/4045 3576/1857/4043 2265/1860/2603
f 3567/1850/4042 2265/1860/2603 3576/1857/4043
f 2265/1860/2603 3567/1850/4042 2275/1259/4046
f 2656/1362/4047 3578/1850/4048 2332/1259/4049
f 2656/1362/4047 2332/1259/4049 2458/1260/4049
f 3579/1851/4050 3578/1850/4048 2656/1362/4047
f 3580/1852/4050 3578/1850/4048 3579/1851/4050
f 3446/1807/4051 3580/1852/4050 3579/1851/4050
f 3580/1852/4050 3446/1807/4051 3581/1853/4052
f 3581/1853/4052 3446/1807/4051 3447/1808/4053
f 3581/1853/4052 3447/1808/4053 3582/1800/4054
f 3443/1804/4055 3582/1800/4054 3447/1808/4053
f 3583/1803/4056 3582/1800/4054 3443/1804/4055
f 3584/1854/4057 3582/1800/4054 3583/1803/4056
f 3582/1800/4054 3584/1854/4057 3581/1853/4058
f 3585/1855/4059 3581/1853/4058 3584/1854/4057
f 3585/1855/4059 3580/1852/4060 3581/1853/4058
f 3585/1855/4059 3584/1854/4057 3586/1856/4061
f 3578/1850/4062 3580/1852/4060 3585/1855/4059
f 3587/1857/4063 3585/1855/4059 3586/1856/4061
f 3578/1850/4062 3585/1855/4059 3587/1857/4063
f 3587/1857/4063 3586/1856/4061 3588/1858/4064
f 2340/1859/4065 3587/1857/4063 3588/1858/4064
f 2340/1859/4065 2334/1860/2656 3587/1857/4063
f 2334/1860/2656 3578/1850/4062 3587/1857/4063
f 2334/1860/2656 2332/1259/4066 3578/1850/4062
f 3589/1861/4067 2395/1239/4067 3590/1862/4067
f 2395/1239/4067 2397/1241/4067 3590/1862/4067
f 3591/1863/4068 1896/772/4068 1894/771/4068
f 1894/771/4068 1892/773/4068 3591/1863/4068
f 3592/1862/4069 2424/1239/4069 3593/1861/4069
f 2424/1239/4069 3592/1862/4069 2427/1241/4069
f 1407/772/4070 3594/1863/4070 1406/771/4070
f 1408/773/4070 1406/771/4070 3594/1863/4070
f 2884/1526/4071 3549/1864/3983 2356/1525/3985
f 2887/1529/4072 3549/1864/3983 2884/1526/4071
f 2902/1526/4073 2365/1525/3987 3550/1864/3986
f 2913/1529/4074 2902/1526/4073 3550/1864/3986
f 3595/1865/283 3538/1833/283 3117/1602/283
f 3117/1602/283 3538/1833/283 3115/1601/283
f 3539/1833/283 3596/1865/283 3030/1602/283
f 3539/1833/283 3030/1602/283 3029/1601/283
f 3597/1866/4075 3351/1755/4075 3353/1757/4075
f 3598/1866/4076 3360/1757/4076 3359/1755/4076
f 1623/1867/4077 633/380/4078 1626/1868/4079
f 633/380/4078 1628/1538/4080 1626/1868/4079
f 1666/1815/4081 2783/1439/4081 1665/1841/4081
f 2783/1439/4081 2782/1438/4081 1665/1841/4081
f 637/380/4082 1752/1867/4083 1755/1868/4084
f 637/380/4082 1755/1868/4084 1757/1538/4085
f 2786/1439/4086 1791/1815/4086 1798/1841/4086
f 1798/1841/4086 2784/1438/4086 2786/1439/4086
f 3599/1869/4087 3540/1834/4087 3542/1836/4087
f 3600/1869/4088 3544/1836/4088 3543/1834/4088
f 3468/1264/4089 536/82/4089 121/83/4089
f 3469/1264/4090 123/83/4090 542/82/4090
f 3077/1568/4091 3081/1572/4092 3181/1651/4092
f 3077/1568/4091 3181/1651/4092 3192/1654/4093
f 3076/1567/4094 3077/1568/4091 3192/1654/4093
f 3076/1567/4094 3192/1654/4093 3601/1870/4095
f 3075/1566/4096 3076/1567/4094 3601/1870/4095
f 2979/1568/4097 3188/1651/4098 2983/1572/4098
f 3193/1654/4099 3188/1651/4098 2979/1568/4097
f 2976/1567/4100 3193/1654/4099 2979/1568/4097
f 3602/1870/4101 3193/1654/4099 2976/1567/4100
f 2975/1566/4102 3602/1870/4101 2976/1567/4100
f 3040/1871/52 2630/1349/52 2632/1349/52
f 3061/1871/52 2752/1349/52 2749/1349/52
f 3590/1862/4103 2732/1406/4103 3603/1872/4103
f 2732/1406/4103 3590/1862/4103 2397/1241/4103
f 3604/1872/4104 2734/1406/4104 3592/1862/4104
f 2734/1406/4104 2427/1241/4104 3592/1862/4104
f 1675/1873/4105 1668/1746/4106 3605/1874/4107
f 1668/1746/4106 1675/1873/4105 1671/1748/4106
f 3605/1874/4107 3552/1843/4108 1675/1873/4105
f 1803/1873/4109 1786/1746/4110 1800/1748/4110
f 1786/1746/4110 1803/1873/4109 3606/1874/4111
f 3606/1874/4111 1803/1873/4109 3553/1843/4112
f 3607/1875/4113 585/1876/4114 552/1877/4115
f 552/1877/4115 3608/1875/33 3607/1875/4113
f 3608/1875/33 2922/1536/52 3607/1875/4113
f 1991/1064/3918 3609/1878/3918 1995/1068/3918
f 2792/1441/3918 1995/1068/3918 3609/1878/3918
f 1999/1068/3919 2793/1441/3919 3610/1878/3919
f 1999/1068/3919 3610/1878/3919 1997/1064/3919
f 1907/1006/4116 1910/1008/4117 1398/763/4118
f 1399/764/4119 1907/1006/4116 1398/763/4118
f 2687/1392/4120 3051/1879/4120 3048/1880/4120
f 3051/1879/4120 2687/1392/4120 2688/1393/4120
f 2712/1392/4121 3051/1879/4121 2688/1393/4121
f 3051/1879/4121 2712/1392/4121 3069/1880/4121
f 2474/1269/4122 3611/1881/4122 2475/1270/4122
f 2474/1269/4123 2476/1270/4123 3612/1881/4123
f 3347/1751/4124 3346/1750/4124 2720/1882/4124
f 3347/1751/4124 2720/1882/4124 3178/1826/4124
f 2603/1336/2695 2605/1338/2696 2614/1347/2696
f 3185/1826/4125 2730/1882/4125 3354/1751/4125
f 3355/1750/4125 3354/1751/4125 2730/1882/4125
f 2618/1336/2714 2628/1347/2715 2619/1338/2715
f 633/380/4078 1623/1867/4077 3202/1662/4077
f 1752/1867/4083 637/380/4082 3203/1662/4083
f 1688/964/4126 1685/962/4127 1035/616/4127
f 1035/616/4127 1032/613/4128 1688/964/4126
f 1691/967/4129 1688/964/4126 1032/613/4128
f 1032/613/4128 1031/612/4130 1691/967/4129
f 1698/973/4131 1691/967/4129 1031/612/4130
f 1031/612/4130 3316/1731/4131 1698/973/4131
f 3046/1883/4132 2745/1418/4132 2440/1838/4132
f 3046/1883/4132 2440/1838/4132 3045/1884/4132
f 1812/962/4133 1815/964/4134 1348/616/4133
f 1348/616/4133 1815/964/4134 1349/613/4135
f 1815/964/4134 1821/967/4136 1349/613/4135
f 1351/612/4137 1349/613/4135 1821/967/4136
f 1821/967/4136 1825/973/4138 1351/612/4137
f 1351/612/4137 1825/973/4138 3317/1731/4138
f 2761/1418/4139 3067/1883/4139 2447/1838/4139
f 2447/1838/4139 3067/1883/4139 3066/1884/4139
f 2650/1361/4140 3353/1757/4141 3613/1885/4142
f 3613/1885/4142 3353/1757/4141 3350/1754/4143
f 2453/1260/4144 2650/1361/4140 3613/1885/4142
f 2453/1260/4144 2651/1362/4145 2650/1361/4140
f 2657/1361/4146 3614/1885/4147 3360/1757/4148
f 3614/1885/4147 3358/1754/4149 3360/1757/4148
f 2458/1260/4150 3614/1885/4147 2657/1361/4146
f 2458/1260/4150 2657/1361/4146 2656/1362/4151
f 2296/1658/4152 3194/1657/4153 3113/1886/4154
f 3194/1657/4153 3196/1660/4155 3113/1886/4154
f 2311/1658/4156 3032/1886/4157 3197/1657/4158
f 3197/1657/4158 3032/1886/4157 3199/1660/4159
f 2934/1548/4160 2935/1549/4161 2890/1887/4162
f 2934/1548/4160 2890/1887/4162 2539/1547/4160
f 3615/1888/4163 2890/1887/4162 2935/1549/4161
f 3615/1888/4163 2888/1889/4163 2890/1887/4162
f 3616/1890/4164 3617/1891/4165 460/290/4166
f 458/288/4165 460/290/4166 3617/1891/4165
f 464/294/4167 3616/1890/4164 460/290/4166
f 2968/1548/4168 2916/1887/4169 2969/1549/4170
f 2580/1547/4168 2916/1887/4169 2968/1548/4168
f 2969/1549/4170 2916/1887/4169 3618/1888/4171
f 3618/1888/4171 2916/1887/4169 2914/1889/4171
f 498/290/4172 496/288/4173 3619/1891/4173
f 498/290/4172 3619/1891/4173 3620/1890/4174
f 502/294/4175 498/290/4172 3620/1890/4174
f 3621/1892/4176 120/82/4176 119/81/4176
f 3622/1892/4177 122/81/4177 124/82/4177
f 2987/1893/283 3623/1894/283 3624/1895/283
f 2987/1893/283 3625/1895/283 3623/1894/283
f 1244/722/4178 1245/723/4178 1252/730/4178
f 1386/722/4179 1391/730/4179 1387/723/4179
f 3365/1896/4180 3364/1897/4180 3179/1648/4180
f 3365/1896/4180 3179/1648/4180 3180/1649/4180
f 3369/1896/4181 3186/1648/4181 3368/1897/4181
f 3186/1648/4181 3369/1896/4181 3187/1649/4181
f 3119/1594/4182 3595/1865/4182 3117/1602/4182
f 3119/1594/4182 3117/1602/4182 3116/1595/4182
f 3022/1594/4183 3030/1602/4183 3596/1865/4183
f 3023/1595/4183 3030/1602/4183 3022/1594/4183
f 2632/1349/4184 2687/1392/4184 3048/1880/4184
f 2632/1349/4184 3048/1880/4184 3040/1871/4184
f 3069/1880/4185 2712/1392/4185 2752/1349/4185
f 3069/1880/4185 2752/1349/4185 3061/1871/4185
f 2371/1352/4186 2834/1898/4186 2634/1352/4186
f 2373/1352/4186 3626/1352/4186 3096/1898/4186
f 3627/1899/4187 3120/1900/4188 3075/1566/4189
f 3075/1566/4189 3120/1900/4188 3079/1565/4188
f 3628/1899/4190 2975/1566/4191 3018/1900/4192
f 2975/1566/4191 2978/1565/4192 3018/1900/4192
f 2513/336/4193 546/335/4194 2510/365/4193
f 3262/366/4195 2510/365/4193 546/335/4194
f 3262/366/4195 546/335/4194 543/332/3350
f 3261/367/4196 3262/366/4195 543/332/3350
f 543/332/3350 582/369/4197 3261/367/4196
f 582/369/4197 543/332/3350 2920/1536/4197
f 902/335/4198 2517/336/4199 2516/365/4199
f 2516/365/4199 3236/366/4200 902/335/4198
f 3236/366/4200 901/332/3354 902/335/4198
f 3233/367/4201 901/332/3354 3236/366/4200
f 614/369/4202 901/332/3354 3233/367/4201
f 901/332/3354 614/369/4202 2922/1536/4202
f 3477/1762/3894 2852/1496/2956 2853/1494/2957
f 2853/1494/2957 3474/1780/3890 3477/1762/3894
f 2852/1496/2956 3477/1762/3894 3478/1498/3895
f 3474/1780/3890 2853/1494/2957 3546/1781/3971
f 3546/1781/3971 2853/1494/2957 2848/1495/2953
f 3629/1782/4203 2848/1495/2953 2846/1493/4204
f 3547/1782/3972 3546/1781/3971 2848/1495/2953
f 3547/1782/3972 2848/1495/2953 3630/1643/4205
f 3631/1785/4206 3547/1782/3972 3630/1643/4205
f 3630/1643/4205 3632/1785/3724 3631/1785/4206
f 3547/1782/3972 3631/1785/4206 3633/1784/4207
f 3633/1784/4207 3548/1493/3973 3547/1782/3972
f 3548/1493/3973 3633/1784/4207 3634/1783/4208
f 3634/1783/4208 3546/1781/3971 3548/1493/3973
f 3546/1781/3971 3634/1783/4208 3474/1780/3890
f 3635/1643/2359 3636/1785/4209 3632/1785/3724
f 3637/1643/4210 3636/1785/4209 3635/1643/2359
f 3473/1779/3889 3474/1780/3890 3634/1783/4208
f 3633/1784/4211 3473/1779/3889 3634/1783/4208
f 3638/1786/4212 3633/1784/4211 3631/1785/4206
f 3631/1785/4206 3639/1787/4213 3638/1786/4212
f 3492/1788/4214 3638/1786/4212 3639/1787/4213
f 3638/1786/4212 3492/1788/4214 3491/1778/4215
f 3472/1776/3888 3638/1786/4212 3491/1778/4215
f 3633/1784/4211 3638/1786/4212 3471/1789/3887
f 3638/1786/4212 3472/1776/3888 3471/1789/3887
f 3473/1779/3889 3633/1784/4211 3471/1789/3887
f 550/1876/4216 3640/1875/4217 552/1877/4218
f 552/1877/4218 3640/1875/4217 3641/1875/33
f 2652/1363/4219 3353/1757/4220 2650/1361/4220
f 3360/1757/4221 2658/1363/4222 2657/1361/4221
f 2613/1346/4223 2222/1138/4223 2384/1229/4223
f 2627/1346/4224 2414/1229/4224 2168/1138/4224
f 3180/1649/4225 3181/1651/4225 3365/1896/4225
f 3081/1572/4225 3365/1896/4225 3181/1651/4225
f 3369/1896/4226 2983/1572/4226 3188/1651/4226
f 3369/1896/4226 3188/1651/4226 3187/1649/4226
f 3642/1901/4227 3123/1902/4228 3124/1903/4229
f 3123/1902/4228 3642/1901/4227 3643/1904/4230
f 3123/1902/4228 3643/1904/4230 3019/1905/4231
f 3124/1903/4229 2837/1485/4232 3642/1901/4227
f 2837/1485/4232 3124/1903/4229 2838/1486/4232
f 3642/1901/4233 3016/1902/4234 3643/1904/4235
f 3016/1902/4234 3019/1905/4236 3643/1904/4235
f 3016/1902/4234 3642/1901/4233 3014/1903/4237
f 2837/1485/4238 3014/1903/4237 3642/1901/4233
f 2837/1485/4238 2839/1486/4238 3014/1903/4237
f 2604/1337/4239 2225/1144/4240 3644/1906/4241
f 2604/1337/4239 2232/1156/4240 2225/1144/4240
f 2223/1139/4242 3644/1906/4241 2225/1144/4240
f 2223/1139/4242 2604/1337/4239 3644/1906/4241
f 207/87/4243 204/84/4244 224/104/4245
f 224/104/4245 204/84/4244 216/96/4246
f 224/104/4245 3645/1907/4243 207/87/4243
f 2740/1412/4247 3039/1908/4247 3041/1909/4247
f 2740/1412/4247 2737/1409/4247 3039/1908/4247
f 2617/1337/4248 2174/1144/4249 2188/1156/4249
f 2617/1337/4248 3646/1906/4250 2174/1144/4249
f 2169/1139/4251 2174/1144/4249 3646/1906/4250
f 2169/1139/4251 3646/1906/4250 2617/1337/4248
f 125/84/4252 128/87/4253 145/104/4254
f 3647/1907/4253 145/104/4254 128/87/4253
f 145/104/4254 137/96/4255 125/84/4252
f 2756/1412/4256 3060/1908/4256 2753/1409/4256
f 2756/1412/4256 3062/1909/4256 3060/1908/4256
f 1422/789/4257 3648/1910/4257 1424/791/4257
f 3648/1910/4257 1422/789/4257 3649/1911/4257
f 1115/665/4258 3650/1912/4259 1638/918/4260
f 1115/665/4258 1111/661/4259 3650/1912/4259
f 1115/665/4258 1638/918/4260 1642/922/4261
f 1115/665/4258 1642/922/4261 1430/797/4262
f 1433/791/4263 3651/1910/4263 1431/789/4263
f 1431/789/4263 3651/1910/4263 3652/1911/4263
f 1289/665/4264 3653/1912/4265 1291/661/4265
f 1289/665/4264 1767/918/4266 3653/1912/4265
f 1289/665/4264 1771/922/4267 1767/918/4266
f 1289/665/4264 1439/797/4268 1771/922/4267
f 2713/1913/4269 2720/1882/4270 3346/1750/4270
f 2722/1913/4271 3355/1750/4272 2730/1882/4272
f 3329/1914/3162 3654/1915/4273 3238/1698/4274
f 3654/1915/4273 3329/1914/3162 3655/1916/4275
f 3328/1917/4276 3655/1916/4275 3329/1914/3162
f 3656/1918/4277 3238/1698/4274 3654/1915/4273
f 3238/1698/4274 3656/1918/4277 3237/1697/4278
f 3657/1536/4279 3237/1697/4278 3656/1918/4277
f 3237/1697/4278 3657/1536/4279 3239/1699/4280
f 3657/1536/4279 3240/334/4281 3239/1699/4280
f 3656/1918/4277 3658/1875/4282 3657/1536/4279
f 3240/334/4281 3657/1536/4279 3659/332/4283
f 3657/1536/4279 3660/1919/4284 3659/332/4283
f 3657/1536/4279 3658/1875/4284 3660/1919/4284
f 3661/335/4285 3240/334/4281 3659/332/4283
f 3240/334/4281 3661/335/4285 3241/333/4286
f 3661/335/4285 2509/337/4287 3241/333/4286
f 2509/337/4287 3661/335/4285 2449/336/4288
f 3661/335/4285 2450/1256/4289 2449/336/4288
f 2450/1256/4289 3661/335/4285 3662/1920/4290
f 3659/332/4291 3662/1920/4290 3661/335/4285
f 3662/1920/4290 3659/332/4291 3660/1919/4291
f 3658/1875/4282 3656/1918/4277 3663/1921/4292
f 3654/1915/4273 3663/1921/4292 3656/1918/4277
f 585/1876/4114 3658/1875/4282 3663/1921/4292
f 585/1876/4114 3607/1875/4113 3658/1875/4282
f 585/1876/4114 3663/1921/4292 3664/1922/4293
f 586/1923/4294 585/1876/4114 3664/1922/4293
f 3665/1924/4294 586/1923/4294 3664/1922/4293
f 3663/1921/4292 3654/1915/4273 3666/1925/4295
f 3666/1925/4295 3664/1922/4296 3663/1921/4292
f 3664/1922/4296 3666/1925/4295 3665/1924/4297
f 3655/1916/4275 3666/1925/4295 3654/1915/4273
f 3667/1926/4298 3665/1924/4297 3666/1925/4295
f 3666/1925/4295 3655/1916/4275 3667/1926/4298
f 3665/1924/4297 3667/1926/4298 3668/1927/4299
f 3668/1927/4299 586/1923/4300 3665/1924/4297
f 586/1923/4300 3668/1927/4299 2898/1928/4301
f 2898/1928/4301 3668/1927/4299 3669/1929/4302
f 3667/1926/4298 3669/1929/4302 3668/1927/4299
f 2898/1928/4301 3669/1929/4302 2896/1930/4303
f 3655/1916/4275 3670/1931/4304 3667/1926/4298
f 3670/1931/4304 3669/1929/4302 3667/1926/4298
f 3671/1932/4305 3670/1931/4304 3655/1916/4275
f 3655/1916/4275 3328/1917/4276 3671/1932/4305
f 3670/1931/4304 3672/1933/4306 3669/1929/4302
f 2896/1930/4303 3669/1929/4302 3672/1933/4306
f 3671/1932/4305 3673/1934/4307 3670/1931/4304
f 3673/1934/4307 3672/1933/4306 3670/1931/4304
f 3328/1917/4276 3674/1935/4308 3671/1932/4305
f 3674/1935/4308 3673/1934/4307 3671/1932/4305
f 3328/1917/4276 2929/1687/4309 3674/1935/4308
f 2896/1930/4303 3672/1933/4306 3675/1936/4310
f 3673/1934/4307 3675/1936/4310 3672/1933/4306
f 2896/1930/4303 3675/1936/4310 2897/1937/4311
f 3210/1671/3366 3674/1935/4308 2929/1687/4309
f 3676/1938/4312 3675/1936/4310 3673/1934/4307
f 3674/1935/4308 3676/1938/4312 3673/1934/4307
f 2897/1937/4311 3675/1936/4310 3677/1939/4313
f 3676/1938/4312 3677/1939/4313 3675/1936/4310
f 2897/1937/4311 3677/1939/4313 2900/1664/3359
f 3678/1940/4314 3676/1938/4312 3674/1935/4308
f 3674/1935/4308 3210/1671/3366 3678/1940/4314
f 3206/1666/3361 3676/1938/4312 3678/1940/4314
f 3210/1671/3366 3206/1666/3361 3678/1940/4314
f 3205/1665/3360 3677/1939/4313 3676/1938/4312
f 3205/1665/3360 2900/1664/3359 3677/1939/4313
f 3676/1938/4312 3206/1666/3361 3205/1665/3360
f 2229/1149/4315 1865/1019/4316 3679/1149/4317
f 3326/1914/3118 3264/1698/4318 3680/1915/4319
f 3326/1914/3118 3680/1915/4319 3681/1916/4320
f 3327/1917/4321 3326/1914/3118 3681/1916/4320
f 3264/1698/4318 3682/1918/4322 3680/1915/4319
f 3264/1698/4318 3263/1697/4323 3682/1918/4322
f 3683/1536/4324 3682/1918/4322 3263/1697/4323
f 3265/1699/4325 3683/1536/4324 3263/1697/4323
f 3266/334/4326 3683/1536/4324 3265/1699/4325
f 3684/1875/4327 3682/1918/4322 3683/1536/4324
f 3683/1536/4324 3266/334/4326 3685/332/4328
f 3683/1536/4324 3685/332/4328 3686/1919/4329
f 3683/1536/4324 3686/1919/4329 3684/1875/4329
f 3266/334/4326 3687/335/4330 3685/332/4328
f 3266/334/4326 3267/333/4331 3687/335/4330
f 2480/337/4332 3687/335/4330 3267/333/4331
f 3687/335/4330 2480/337/4332 2477/336/4333
f 3687/335/4330 2477/336/4333 2479/1256/4334
f 3687/335/4330 2479/1256/4334 3688/1920/4335
f 3685/332/4336 3687/335/4330 3688/1920/4335
f 3685/332/4336 3688/1920/4335 3686/1919/4336
f 3684/1875/4327 3689/1921/4337 3682/1918/4322
f 3682/1918/4322 3689/1921/4337 3680/1915/4319
f 3684/1875/4327 550/1876/4216 3689/1921/4337
f 3640/1875/4217 550/1876/4216 3684/1875/4327
f 3641/1875/33 3640/1875/4217 2920/1536/52
f 3689/1921/4337 550/1876/4216 3690/1922/4338
f 550/1876/4216 553/1923/4339 3690/1922/4338
f 3690/1922/4338 553/1923/4339 3691/1924/4339
f 3689/1921/4337 3692/1925/4340 3680/1915/4319
f 3689/1921/4337 3690/1922/4341 3692/1925/4340
f 3690/1922/4341 3691/1924/4342 3692/1925/4340
f 3681/1916/4320 3680/1915/4319 3692/1925/4340
f 3693/1926/4343 3692/1925/4340 3691/1924/4342
f 3681/1916/4320 3692/1925/4340 3693/1926/4343
f 3693/1926/4343 3691/1924/4342 3694/1927/4344
f 3694/1927/4344 3691/1924/4342 553/1923/4345
f 553/1923/4345 2878/1928/4346 3694/1927/4344
f 2878/1928/4346 3695/1929/4347 3694/1927/4344
f 3693/1926/4343 3694/1927/4344 3695/1929/4347
f 2878/1928/4346 2879/1930/4348 3695/1929/4347
f 3681/1916/4320 3693/1926/4343 3696/1931/4349
f 3696/1931/4349 3693/1926/4343 3695/1929/4347
f 3697/1932/4350 3681/1916/4320 3696/1931/4349
f 3681/1916/4320 3697/1932/4350 3327/1917/4321
f 3696/1931/4349 3695/1929/4347 3698/1933/4351
f 2879/1930/4348 3698/1933/4351 3695/1929/4347
f 3697/1932/4350 3696/1931/4349 3699/1934/4352
f 3699/1934/4352 3696/1931/4349 3698/1933/4351
f 3697/1932/4350 3700/1935/4353 3327/1917/4321
f 3700/1935/4353 3697/1932/4350 3699/1934/4352
f 3327/1917/4321 3700/1935/4353 2926/1687/4354
f 2879/1930/4348 3701/1936/4355 3698/1933/4351
f 3699/1934/4352 3698/1933/4351 3701/1936/4355
f 2879/1930/4348 2880/1937/4356 3701/1936/4355
f 3700/1935/4353 3245/1671/3409 2926/1687/4354
f 3700/1935/4353 3699/1934/4352 3702/1938/4357
f 3702/1938/4357 3699/1934/4352 3701/1936/4355
f 3245/1671/3409 3700/1935/4353 3703/1940/4358
f 3703/1940/4358 3700/1935/4353 3702/1938/4357
f 2880/1937/4356 3704/1939/4359 3701/1936/4355
f 3702/1938/4357 3701/1936/4355 3704/1939/4359
f 2880/1937/4356 2882/1664/3406 3704/1939/4359
f 3702/1938/4357 3246/1666/3410 3703/1940/4358
f 3245/1671/3409 3703/1940/4358 3246/1666/3410
f 3702/1938/4357 3704/1939/4359 3705/1665/4360
f 3705/1665/4360 3704/1939/4359 2882/1664/3406
f 3246/1666/3410 3702/1938/4357 3705/1665/4360
f 3243/1663/3405 3705/1665/4360 2882/1664/3406
f 3246/1666/3410 3705/1665/4360 3243/1663/3405
f 3706/1010/283 1857/1012/283 1855/1010/283
f 3707/1010/283 1912/1010/283 1914/1012/283
f 2919/1535/3035 3464/1820/3035 722/411/3035
f 2921/1535/3036 730/411/3036 3465/1820/3036
f 3708/1708/4361 3709/1562/4362 828/494/4363
f 828/494/4363 830/496/4364 3708/1708/4361
f 3709/1562/4362 3708/1708/4361 3710/1707/4365
f 3710/1707/4365 3711/1554/4366 3709/1562/4362
f 830/496/4364 3712/1715/4367 3708/1708/4361
f 3712/1715/4367 830/496/4364 831/497/4368
f 3710/1707/4365 3708/1708/4361 3713/1501/4369
f 3714/1941/4370 3708/1708/4361 3712/1715/4367
f 831/497/4368 3715/1716/4371 3712/1715/4367
f 3714/1941/4370 3712/1715/4367 3715/1716/4371
f 831/497/4368 3716/1720/4372 3715/1716/4371
f 3716/1720/4372 831/497/4368 834/500/4373
f 3717/1942/4374 3715/1716/4371 3716/1720/4372
f 3715/1716/4371 3717/1942/4374 3714/1941/4370
f 834/500/4373 3537/1721/3961 3716/1720/4372
f 3537/1721/3961 834/500/4373 835/501/3962
f 837/501/3960 3536/1721/3959 835/501/3962
f 3718/1723/4375 3537/1721/3961 3536/1721/3959
f 3536/1721/3959 3535/1723/3957 3718/1723/4375
f 3537/1721/3961 3718/1723/4375 3719/1943/4376
f 3719/1943/4376 3716/1720/4372 3537/1721/3961
f 3716/1720/4372 3719/1943/4376 3717/1942/4374
f 3719/1943/4376 3720/1944/4377 3717/1942/4374
f 3717/1942/4374 3720/1944/4377 3714/1941/4370
f 3720/1944/4377 3719/1943/4376 3721/1945/4378
f 3718/1723/4379 3721/1945/4378 3719/1943/4376
f 2880/1724/3958 3718/1723/4379 3535/1723/3957
f 3721/1945/4378 3718/1723/4379 3722/1946/4379
f 3718/1723/4379 2880/1724/3958 3722/1946/4379
f 3720/1944/4377 3723/1947/4380 3714/1941/4370
f 3724/1948/4381 3714/1941/4370 3723/1947/4380
f 3708/1708/4361 3714/1941/4370 3724/1948/4381
f 3724/1948/4381 3723/1947/4380 3725/1949/4382
f 3708/1708/4361 3724/1948/4381 3713/1501/4369
f 3726/1502/4383 3724/1948/4381 3725/1949/4382
f 3724/1948/4381 3726/1502/4383 3713/1501/4369
f 3726/1502/4383 3727/1557/4384 3728/1556/4385
f 3726/1502/4383 3728/1556/4385 3729/1950/4386
f 3726/1502/4383 3729/1950/4386 3713/1501/4369
f 3710/1707/4365 3713/1501/4369 3729/1950/4386
f 3729/1950/4386 3730/1831/4387 3710/1707/4365
f 3711/1554/4366 3710/1707/4365 3730/1831/4387
f 3730/1831/4387 3729/1950/4386 3728/1556/4388
f 3711/1554/4366 3730/1831/4387 3731/1553/4389
f 3728/1556/4388 3731/1553/4389 3730/1831/4387
f 3731/1553/4389 3732/1552/4390 3711/1554/4366
f 3731/1553/4389 3728/1556/4388 3733/1555/4391
f 3728/1556/4388 3727/1557/4392 3733/1555/4391
f 3506/1555/3929 3733/1555/4391 3727/1557/4392
f 3733/1555/4391 3506/1555/3929 3505/1489/3928
f 3734/1558/4393 3731/1553/4389 3733/1555/4391
f 3505/1489/3928 3734/1558/4393 3733/1555/4391
f 3732/1552/4390 3731/1553/4389 3734/1558/4393
f 3734/1558/4393 3505/1489/3928 3508/1558/3931
f 3735/1559/4394 3734/1558/4393 3508/1558/3931
f 3734/1558/4393 3735/1559/4394 3732/1552/4390
f 3735/1559/4394 3508/1558/3931 3512/1559/3935
f 3512/1559/3935 3514/1560/3937 3735/1559/4394
f 3514/1560/3937 3732/1552/4390 3735/1559/4394
f 3732/1552/4390 3514/1560/3937 3736/1561/4395
f 3736/1561/4395 3711/1554/4396 3732/1552/4390
f 3736/1561/4395 3514/1560/3937 827/493/816
f 3513/1560/3936 827/493/816 3514/1560/3937
f 3711/1554/4396 3736/1561/4395 826/492/815
f 826/492/815 3736/1561/4395 827/493/816
f 3737/1000/4397 3711/1554/4396 826/492/815
f 3737/1000/4397 3709/1562/4398 3711/1554/4396
f 3737/1000/4397 828/494/817 3709/1562/4398
f 826/492/815 825/491/814 3737/1000/4397
f 828/494/817 3737/1000/4397 825/491/814
f 3178/1826/4399 2748/1421/4399 2992/1580/4399
f 3185/1826/4400 3036/1580/4400 2764/1421/4400
f 2740/1412/4401 3041/1909/4401 2434/1951/4401
f 2756/1412/4402 2443/1951/4402 3062/1909/4402
f 2927/1542/4403 618/1952/4403 1043/624/4403
f 618/1952/4403 1042/623/4403 1043/624/4403
f 2928/1542/4404 1050/624/4404 3225/1952/4404
f 3225/1952/4404 1050/624/4404 1049/623/4404
f 2199/1145/2235 2227/1148/2264 2200/1148/2236
f 2178/1148/2210 2175/1145/2207 2181/1148/2213
f 1852/1008/4405 1849/1006/4406 1903/763/4407
f 1902/764/4408 1903/763/4407 1849/1006/4406
f 1849/1006/4406 1851/764/4408 1902/764/4408
f 1853/765/4409 1902/764/4408 1851/764/4408
f 2558/1332/4410 2554/1328/4410 2557/1331/4410
f 2599/1332/4411 2598/1331/4411 2595/1328/4411
f 2888/1889/4412 3615/1888/4412 2887/1953/4412
f 2914/1889/4413 2913/1953/4413 3618/1888/4413
f 774/1954/796 1983/1059/4414 797/1955/796
f 774/1954/796 773/1060/4414 1983/1059/4414
f 870/1954/871 881/1955/871 1984/1059/4415
f 1984/1059/4415 864/1060/4415 870/1954/871
f 3573/1854/4416 3575/1856/4417 3738/1956/4418
f 3577/1858/4419 3738/1956/4418 3575/1856/4417
f 906/534/4420 3577/1858/4419 2264/1859/4421
f 906/534/4420 3738/1956/4418 3577/1858/4419
f 1548/1957/4422 3738/1956/4418 906/534/4420
f 1548/1957/4422 906/534/4420 904/532/739
f 3739/1958/4423 3738/1956/4418 1548/1957/4422
f 3458/1816/4424 3738/1956/4418 3739/1958/4423
f 3738/1956/4418 3458/1816/4424 3573/1854/4416
f 3460/1818/4425 3573/1854/4416 3458/1816/4424
f 3573/1854/4416 3460/1818/4425 3572/1803/4426
f 3460/1818/4425 3434/1804/4427 3572/1803/4426
f 3586/1856/4428 3584/1854/4429 3740/1956/4430
f 3588/1858/4431 3586/1856/4428 3740/1956/4430
f 910/534/4432 2340/1859/4433 3588/1858/4431
f 3740/1956/4430 910/534/4432 3588/1858/4431
f 910/534/4432 3740/1956/4430 1599/1957/4434
f 910/534/4432 1599/1957/4434 909/532/1212
f 3741/1958/4435 1599/1957/4434 3740/1956/4430
f 3461/1816/4436 3741/1958/4435 3740/1956/4430
f 3740/1956/4430 3584/1854/4429 3461/1816/4436
f 3461/1816/4436 3584/1854/4429 3462/1818/4437
f 3584/1854/4429 3583/1803/4438 3462/1818/4437
f 3462/1818/4437 3583/1803/4438 3443/1804/4439
f 2227/1148/3374 2229/1149/3374 3679/1149/3374
f 3679/1149/3374 2200/1148/3374 2227/1148/3374
f 2179/1149/3374 2178/1148/3374 3742/1149/3374
f 3742/1149/3374 2178/1148/3374 2181/1148/3374
f 290/184/4440 3133/1639/4441 3131/183/4442
f 292/184/4441 3142/183/4443 3144/1639/4440
f 513/307/518 514/309/4444 516/309/521
f 341/308/337 513/307/518 342/307/483
f 635/382/4445 1637/1959/4446 2924/1539/4447
f 1629/1540/4448 2924/1539/4447 1637/1959/4446
f 635/382/4445 1640/1960/4449 1637/1959/4446
f 635/382/4445 1644/1848/4450 1640/1960/4449
f 638/382/4451 2925/1539/4452 1766/1959/4453
f 1758/1540/4454 1766/1959/4453 2925/1539/4452
f 638/382/4451 1766/1959/4453 1769/1960/4455
f 638/382/4451 1769/1960/4455 1773/1848/4456
f 3743/1961/283 2498/1283/283 3269/1702/283
f 3744/1961/283 3272/1702/283 2508/1283/283
f 3745/1962/4457 2260/1963/4458 2259/1964/4459
f 2260/1963/4458 3745/1962/4457 3746/1965/4460
f 3555/1844/3914 3746/1965/4460 3745/1962/4457
f 3747/1962/4461 2347/1964/4462 2341/1963/4463
f 3747/1962/4461 2341/1963/4463 3748/1965/4464
f 3556/1844/3915 3747/1962/4461 3748/1965/4464
f 3645/1907/4465 3749/1966/4466 209/89/3419
f 209/89/3419 207/87/4465 3645/1907/4465
f 3645/1907/4465 3750/1967/4467 3749/1966/4466
f 210/90/4468 209/89/3419 3749/1966/4466
f 3749/1966/4466 726/415/4469 210/90/4468
f 213/93/4470 210/90/4468 726/415/4469
f 726/415/4469 724/413/4471 213/93/4470
f 724/413/4471 264/157/4472 213/93/4470
f 3751/1966/4473 3647/1907/4474 130/89/3376
f 130/89/3376 3647/1907/4474 128/87/4474
f 3647/1907/4474 3751/1966/4473 3752/1967/4475
f 131/90/4476 3751/1966/4473 130/89/3376
f 733/415/4477 3751/1966/4473 131/90/4476
f 134/93/4478 733/415/4477 131/90/4476
f 733/415/4477 134/93/4478 731/413/4479
f 200/157/4480 731/413/4479 134/93/4478
f 3753/1968/4481 3129/1636/4481 3128/1635/4481
f 3754/1968/4482 3139/1635/4482 3140/1636/4482
f 2255/1969/4483 3455/1813/4484 2252/531/4485
f 3755/1970/4486 3455/1813/4484 2255/1969/4483
f 3755/1970/4486 3756/1971/692 3455/1813/4484
f 3455/1813/4484 3756/1971/692 2640/1355/4487
f 3756/1971/692 2641/1356/4488 2640/1355/4487
f 2252/531/4485 3455/1813/4484 3454/1812/4489
f 2252/531/4485 3454/1812/4489 3757/1972/4490
f 3454/1812/4489 3555/1844/4491 3757/1972/4490
f 2252/531/4485 3757/1972/4490 2251/1973/4492
f 3457/1813/4493 1724/1969/4494 1721/531/4495
f 3758/1970/4496 1724/1969/4494 3457/1813/4493
f 3759/1971/959 3758/1970/4496 3457/1813/4493
f 3457/1813/4493 2643/1355/4497 3759/1971/959
f 3759/1971/959 2643/1355/4497 2645/1356/4498
f 1721/531/4495 3456/1812/4499 3457/1813/4493
f 1721/531/4495 3760/1972/4500 3456/1812/4499
f 3456/1812/4499 3760/1972/4500 3556/1844/4501
f 1721/531/4495 1720/1973/4502 3760/1972/4500
f 2871/1512/4503 2875/1516/4504 3761/1974/4504
f 3761/1974/4504 3762/1975/4505 2871/1512/4503
f 3762/1975/4505 2870/1511/4506 2871/1512/4503
f 2870/1511/4506 3762/1975/4505 3763/1976/4506
f 3763/1976/4506 558/1447/4507 2870/1511/4506
f 2872/1513/4508 2870/1511/4506 558/1447/4507
f 2872/1513/4508 558/1447/4507 2796/1448/4509
f 2873/1514/4509 2872/1513/4508 2796/1448/4509
f 2275/1259/4510 3599/1869/4511 3764/1977/4512
f 3599/1869/4511 3542/1836/4513 3764/1977/4512
f 2906/1516/4514 2907/1512/4515 3765/1974/4514
f 3765/1974/4514 2907/1512/4515 3766/1975/4516
f 2908/1511/4517 3766/1975/4516 2907/1512/4515
f 3766/1975/4516 2908/1511/4517 3767/1976/4517
f 2908/1511/4517 589/1447/4518 3767/1976/4517
f 589/1447/4518 2908/1511/4517 2909/1513/4519
f 2909/1513/4519 2799/1448/4520 589/1447/4518
f 2799/1448/4520 2909/1513/4519 2910/1514/4520
f 2332/1259/4521 3768/1977/4522 3600/1869/4523
f 3600/1869/4523 3768/1977/4522 3544/1836/4524
f 2294/1656/4525 2292/1978/4526 3195/1659/4527
f 2310/1656/4528 3198/1659/4529 2314/1978/4530
f 3769/1979/4531 896/528/4531 3770/1980/4531
f 3770/1980/4531 896/528/4531 898/530/4531
f 3770/1980/4532 898/530/4532 899/528/4532
f 3770/1980/4532 899/528/4532 3769/1979/4532
f 3746/1965/4533 906/534/4534 2264/1859/4534
f 906/534/4534 3746/1965/4533 2464/1266/4535
f 3555/1844/4536 2464/1266/4535 3746/1965/4533
f 3748/1965/4537 2340/1859/4538 910/534/4538
f 910/534/4538 2472/1266/4539 3748/1965/4537
f 3556/1844/4540 3748/1965/4537 2472/1266/4539
f 2671/1981/4541 3085/1626/4542 2676/1625/4543
f 2660/1982/4544 3085/1626/4542 2671/1981/4541
f 2693/1981/4545 2705/1625/4546 3086/1626/4547
f 2689/1982/4548 2693/1981/4545 3086/1626/4547
f 3771/1355/4549 3772/1357/4549 2641/1356/4549
f 3773/1355/4550 2645/1356/4550 3774/1357/4550
f 856/521/3381 1934/1033/4551 858/523/4552
f 1934/1033/4551 1561/583/4553 858/523/4552
f 1934/1033/4551 3775/1983/4554 1561/583/4553
f 2006/1072/4555 1222/701/4556 2009/1075/4557
f 2009/1075/4557 1222/701/4556 1227/706/4558
f 2006/1072/4555 1223/702/4559 1222/701/4556
f 2011/1077/4560 2009/1075/4557 1227/706/4558
f 2003/1070/4561 1223/702/4559 2006/1072/4555
f 1618/757/4562 2011/1077/4560 1227/706/4558
f 2014/898/4563 2011/1077/4560 1618/757/4562
f 1615/897/4563 2014/898/4563 1618/757/4562
f 1223/702/4559 2003/1070/4561 1225/704/4564
f 2003/1070/4561 2001/715/4565 1225/704/4564
f 1225/704/4564 2001/715/4565 1230/709/4566
f 1034/615/4567 1230/709/4566 2001/715/4565
f 1230/709/4566 1034/615/4567 1231/710/4568
f 2081/1072/4569 2083/1075/4570 1360/701/4571
f 2083/1075/4570 1365/706/4572 1360/701/4571
f 2081/1072/4569 1360/701/4571 1361/702/4573
f 2085/1077/4574 1365/706/4572 2083/1075/4570
f 2082/1070/4575 2081/1072/4569 1361/702/4573
f 1371/757/4576 1365/706/4572 2085/1077/4574
f 2087/898/4577 1371/757/4576 2085/1077/4574
f 1745/897/4577 1371/757/4576 2087/898/4577
f 1361/702/4573 1363/704/4578 2082/1070/4575
f 1341/715/4579 2082/1070/4575 1363/704/4578
f 1341/715/4579 1363/704/4578 1367/709/4580
f 1343/615/4581 1341/715/4579 1367/709/4580
f 1367/709/4580 1368/710/4582 1343/615/4581
f 2612/1345/4583 2377/1222/4583 2379/1224/4583
f 3178/1647/4584 3179/1648/4584 3364/1897/4584
f 2626/1345/4585 2409/1224/4585 2407/1222/4585
f 3185/1647/4586 3368/1897/4586 3186/1648/4586
f 3113/1886/4587 3776/1984/4588 3109/1985/4589
f 3318/1732/4590 3109/1985/4589 3776/1984/4588
f 3321/1735/4591 3109/1985/4589 3318/1732/4590
f 3318/1732/4590 3776/1984/4588 3196/1660/4592
f 3776/1984/4588 3113/1886/4593 3196/1660/4592
f 2951/1562/4594 3777/1708/4595 2952/494/4596
f 2952/494/4596 3777/1708/4595 2954/496/4597
f 3777/1708/4595 2951/1562/4594 3778/1707/4598
f 2940/1554/3062 3778/1707/4598 2951/1562/4594
f 2954/496/4597 3777/1708/4595 3779/1715/4599
f 2954/496/4597 3779/1715/4599 2955/497/4600
f 3777/1708/4595 3780/1941/4601 3779/1715/4599
f 2955/497/4600 3779/1715/4599 3781/1716/4602
f 3780/1941/4601 3781/1716/4602 3779/1715/4599
f 3782/1720/4603 2955/497/4600 3781/1716/4602
f 2955/497/4600 3782/1720/4603 2962/500/4604
f 3304/1721/3494 2962/500/4604 3782/1720/4603
f 2962/500/4604 3304/1721/3494 2963/501/3495
f 2963/501/3495 3300/1721/3488 2960/501/3489
f 3783/1943/4605 3304/1721/3494 3782/1720/4603
f 3304/1721/3494 3783/1943/4605 3303/1723/3493
f 3781/1716/4602 3784/1942/4606 3782/1720/4603
f 3782/1720/4603 3784/1942/4606 3783/1943/4605
f 3781/1716/4602 3780/1941/4601 3784/1942/4606
f 3785/1944/4607 3783/1943/4605 3784/1942/4606
f 3780/1941/4601 3785/1944/4607 3784/1942/4606
f 3783/1943/4605 3785/1944/4607 3786/1945/4608
f 3786/1945/4608 3303/1723/4609 3783/1943/4605
f 3785/1944/4607 3780/1941/4601 3787/1947/4610
f 3303/1723/4609 3786/1945/4608 3788/1946/4609
f 2897/1724/3492 3303/1723/4609 3788/1946/4609
f 3303/1723/4609 2897/1724/3492 3302/1723/3491
f 3789/1948/4611 3787/1947/4610 3780/1941/4601
f 3787/1947/4610 3789/1948/4611 3790/1949/4612
f 3780/1941/4601 3777/1708/4595 3789/1948/4611
f 3789/1948/4611 3791/1502/4613 3790/1949/4612
f 3777/1708/4595 3792/1501/4614 3789/1948/4611
f 3791/1502/4613 3789/1948/4611 3792/1501/4614
f 3792/1501/4614 3777/1708/4595 3778/1707/4598
f 3791/1502/4613 2942/1556/4615 2943/1557/4616
f 3791/1502/4613 3793/1950/4617 2942/1556/4615
f 3791/1502/4613 3792/1501/4614 3793/1950/4617
f 3778/1707/4598 3793/1950/4617 3792/1501/4614
f 3794/1831/4618 3793/1950/4617 3778/1707/4598
f 3778/1707/4598 2940/1554/3062 3794/1831/4618
f 3794/1831/4618 2942/1556/3064 3793/1950/4617
f 2940/1554/3062 2939/1553/3061 3794/1831/4618
f 2939/1553/3061 2942/1556/3064 3794/1831/4618
f 3032/1886/4619 3028/1985/4620 3795/1984/4621
f 3028/1985/4620 3323/1732/4622 3795/1984/4621
f 3323/1732/4622 3028/1985/4620 3324/1735/4623
f 3323/1732/4622 3199/1660/4624 3795/1984/4621
f 3795/1984/4621 3199/1660/4624 3032/1886/4625
f 981/583/4626 979/581/4627 3796/1983/4626
f 3797/1986/4628 3796/1983/4626 979/581/4627
f 984/584/4629 3797/1986/4628 979/581/4627
f 1558/581/4630 3775/1983/4631 3798/1986/4632
f 3775/1983/4631 1558/581/4630 1561/583/4631
f 1562/584/4633 1558/581/4630 3798/1986/4632
f 2206/1119/4634 2210/1123/4634 2207/1125/4634
f 2149/1119/4635 2155/1125/4635 2153/1123/4635
f 982/523/4636 1881/1033/4637 1015/521/3422
f 1881/1033/4637 982/523/4636 981/583/4638
f 1881/1033/4637 981/583/4638 3796/1983/4639
f 1882/521/4640 1015/521/3422 1881/1033/4637
f 1905/760/2955 1015/521/3422 1882/521/4640
f 1450/808/1457 1452/810/1460 2556/808/2618
f 1465/810/1477 1463/808/1474 2597/808/2671
f 2721/1405/4641 2718/1402/4642 2380/1987/4642
f 2380/1987/4642 2718/1402/4642 2611/1401/4643
f 2721/1405/4641 2380/1987/4642 3799/1988/4641
f 3800/1989/4644 3761/1974/4644 2875/1516/4644
f 2875/1516/4644 2876/1517/4644 3800/1989/4644
f 2729/1405/4645 2410/1987/4646 2727/1402/4646
f 2410/1987/4646 2625/1401/4647 2727/1402/4646
f 3801/1988/4645 2410/1987/4646 2729/1405/4645
f 3765/1974/4648 3802/1989/4648 2906/1516/4648
f 2905/1517/4648 2906/1516/4648 3802/1989/4648
f 1147/546/4649 1148/547/4650 704/403/4651
f 1147/546/4649 704/403/4651 1057/579/4649
f 1148/547/4650 703/402/4652 704/403/4651
f 1148/547/4650 1149/548/4653 703/402/4652
f 703/402/4652 1149/548/4653 702/401/4654
f 702/401/4654 1149/548/4653 1154/552/4655
f 702/401/4654 1154/552/4655 695/394/4656
f 923/546/4657 975/403/4658 924/547/4659
f 975/403/4658 923/546/4657 977/579/4657
f 971/402/4660 924/547/4659 975/403/4658
f 924/547/4659 971/402/4660 925/548/4661
f 971/402/4660 969/401/4662 925/548/4661
f 969/401/4662 929/552/4663 925/548/4661
f 969/401/4662 934/394/4664 929/552/4663
f 2438/1414/4665 2739/1411/4666 2437/1990/4667
f 2740/1412/4668 2437/1990/4667 2739/1411/4666
f 2437/1990/4667 2740/1412/4668 2434/1951/4668
f 2444/1414/4669 2441/1990/4670 2755/1411/4671
f 2441/1990/4670 2756/1412/4672 2755/1411/4671
f 2756/1412/4672 2441/1990/4670 2443/1951/4672
f 3757/1972/4673 2259/1964/4674 2254/1991/4675
f 3757/1972/4673 2254/1991/4675 2251/1973/4676
f 2259/1964/4674 3757/1972/4673 3745/1962/4677
f 3757/1972/4673 3555/1844/4678 3745/1962/4677
f 3648/1910/4679 3803/1992/4679 1424/791/4679
f 3760/1972/4680 2347/1964/4681 3747/1962/4682
f 3760/1972/4680 3747/1962/4682 3556/1844/4683
f 2347/1964/4681 3760/1972/4680 1723/1991/4684
f 3760/1972/4680 1720/1973/4685 1723/1991/4684
f 3651/1910/4686 1433/791/4686 3804/1992/4686
f 1665/1841/4687 2782/1438/4688 3551/1842/4689
f 2782/1438/4688 2781/1437/4690 3551/1842/4689
f 1798/1841/4691 3554/1842/4692 2784/1438/4693
f 2784/1438/4693 3554/1842/4692 2785/1437/4694
f 1551/1993/4695 3771/1355/4696 3755/1970/4697
f 3755/1970/4697 2255/1969/4698 1551/1993/4695
f 3755/1970/4697 3771/1355/4696 3756/1971/4699
f 3756/1971/4699 3771/1355/4696 2641/1356/4700
f 3773/1355/4701 1730/1993/4702 3758/1970/4703
f 3758/1970/4703 1730/1993/4702 1724/1969/4704
f 3758/1970/4703 3759/1971/4705 3773/1355/4701
f 3759/1971/4705 2645/1356/4706 3773/1355/4701
f 3200/1661/4707 2771/1994/4707 1979/1057/4707
f 2771/1994/4707 3200/1661/4707 2766/1995/4707
f 2207/1125/4708 1468/813/4708 2213/1127/4708
f 3201/1661/4709 2779/1994/4709 2777/1995/4709
f 2779/1994/4709 3201/1661/4709 1981/1057/4709
f 2155/1125/4710 2157/1127/4710 1470/813/4710
f 3799/1988/4711 2296/1799/4711 2721/1405/4711
f 3801/1988/4712 2729/1405/4712 2311/1799/4712
f 3805/1996/4713 3806/1997/4714 2372/1351/2416
f 3806/1997/4714 3626/1352/4715 2372/1351/2416
f 2372/1351/2416 3626/1352/4715 2373/1352/2417
f 479/307/483 1080/309/521 477/307/481
f 480/309/4444 477/307/481 1080/309/521
f 2737/1409/4716 3037/1998/4717 3039/1908/4716
f 2737/1409/4716 2736/1408/4718 3037/1998/4717
f 2736/1408/4718 3040/1871/4719 3037/1998/4717
f 3040/1871/4719 2736/1408/4718 2630/1349/4719
f 2753/1409/4720 3059/1998/4721 2751/1408/4722
f 2753/1409/4720 3060/1908/4720 3059/1998/4721
f 3061/1871/4723 2751/1408/4722 3059/1998/4721
f 2751/1408/4722 3061/1871/4723 2749/1349/4723
f 2114/1109/3830 2492/1277/4724 2489/1274/3831
f 2124/1109/3847 2499/1274/3848 2502/1277/4725
f 1877/1031/4726 1977/1055/4726 1874/1028/4726
f 1932/1031/4727 1930/1028/4727 2184/1055/4727
f 727/416/4728 3807/1999/4728 725/414/4728
f 3428/1794/4729 2162/1132/4730 3808/1132/4731
f 734/416/4732 732/414/4732 3809/1999/4732
f 290/184/4440 289/183/4733 3133/1639/4441
f 292/184/4441 3144/1639/4440 293/183/4734
f 723/412/4735 709/2000/4736 262/155/4737
f 713/2000/4738 729/412/4739 198/155/4740
f 2275/1259/4741 3810/2001/4742 2276/2002/4741
f 3810/2001/4742 2275/1259/4741 3764/1977/4743
f 3764/1977/4743 3542/1836/4744 3810/2001/4742
f 2332/1259/4745 3811/2001/4746 3768/1977/4747
f 3768/1977/4747 3811/2001/4746 3544/1836/4748
f 3811/2001/4746 2332/1259/4745 2327/2002/4745
f 3812/2003/4749 657/325/4750 3419/1793/4750
f 657/325/4750 3812/2003/4749 656/324/4749
f 3812/2003/4749 658/238/4751 656/324/4749
f 658/238/4751 3812/2003/4749 3813/2004/4751
f 658/238/4751 3813/2004/4751 662/236/4752
f 531/325/4753 3814/2003/4754 3423/1793/4753
f 3814/2003/4754 531/325/4753 530/324/4754
f 370/238/4755 3814/2003/4754 530/324/4754
f 3814/2003/4754 370/238/4755 3815/2004/4755
f 370/238/4755 368/236/4756 3815/2004/4755
f 3816/1892/4757 119/81/4757 536/82/4757
f 3817/1892/4758 542/82/4758 122/81/4758
f 1651/931/337 1650/930/4759 1679/956/4759
f 1679/956/4759 3818/2005/4760 1651/931/337
f 1670/949/4761 1651/931/337 3818/2005/4760
f 3818/2005/4760 3819/2006/4762 1670/949/4761
f 1670/949/4761 3819/2006/4762 1668/947/4763
f 1782/931/482 1806/956/4764 1781/930/4764
f 1806/956/4764 1782/931/482 3820/2005/4765
f 1782/931/482 1785/949/4766 3820/2005/4765
f 3821/2006/4767 3820/2005/4765 1785/949/4766
f 1785/949/4766 1786/947/4768 3821/2006/4767
f 2434/1248/4769 3043/2007/4770 2435/1249/4770
f 3043/2007/4770 2434/1248/4769 3041/2008/4769
f 2440/1254/4771 2435/1249/4770 3043/2007/4770
f 2440/1254/4771 3043/2007/4770 3045/2009/4771
f 2443/1248/4772 3064/2007/4773 3062/2008/4772
f 3064/2007/4773 2443/1248/4772 2445/1249/4773
f 2447/1254/4774 3064/2007/4773 2445/1249/4773
f 3064/2007/4773 2447/1254/4774 3066/2009/4774
f 3822/2010/4775 2465/1267/4776 2642/1357/4777
f 3454/1812/4778 2642/1357/4777 2465/1267/4776
f 2641/1356/4779 3822/2010/4775 2642/1357/4777
f 2465/1267/4776 3822/2010/4775 3823/1267/4780
f 2231/2011/4781 3466/1822/4781 2233/1821/4781
f 2232/2012/4781 3466/1822/4781 2231/2011/4781
f 2644/1357/4782 2471/1267/4783 3824/2010/4784
f 3824/2010/4784 2471/1267/4783 3825/1267/4785
f 3456/1812/4786 2471/1267/4783 2644/1357/4782
f 2645/1356/4787 2644/1357/4782 3824/2010/4784
f 2187/2011/4788 3467/1822/4788 2188/2012/4788
f 3467/1822/4788 2187/2011/4788 2186/1821/4788
f 3803/1992/4789 3189/1652/4789 1424/791/4789
f 3804/1992/4790 1433/791/4790 3190/1652/4790
f 2608/1399/4791 2767/1426/4792 2232/2012/4792
f 2604/1425/4793 2232/2012/4792 2767/1426/4792
f 2767/1426/4792 2608/1399/4791 2769/1428/4794
f 2608/1399/4791 2716/1397/4795 2769/1428/4794
f 2280/2013/4796 3810/2001/4797 2731/1358/4798
f 2280/2013/4796 2731/1358/4798 2284/2014/4799
f 2276/2002/4800 3810/2001/4797 2280/2013/4796
f 2731/1358/4798 3810/2001/4797 3541/1835/4801
f 3810/2001/4797 3542/1836/4802 3541/1835/4801
f 2622/1399/4803 2775/1426/4804 2776/1428/4805
f 2622/1399/4803 2776/1428/4805 2725/1397/4806
f 2775/1426/4804 2622/1399/4803 2188/2012/4804
f 2617/1425/4807 2775/1426/4804 2188/2012/4804
f 3811/2001/4808 2325/2013/4809 2647/1358/4810
f 2325/2013/4809 2322/2014/4811 2647/1358/4810
f 2327/2002/4812 2325/2013/4809 3811/2001/4808
f 3811/2001/4808 2647/1358/4810 3545/1835/4813
f 3811/2001/4808 3545/1835/4813 3544/1836/4814
f 3268/1701/4815 3743/1961/4816 3269/1702/4816
f 3743/1961/4816 3268/1701/4815 3826/2015/4817
f 3268/1701/4815 2717/1706/4818 3826/2015/4817
f 3268/1701/4815 3270/1703/4818 2717/1706/4818
f 3271/1701/4819 3744/1961/4820 3827/2015/4821
f 3744/1961/4820 3271/1701/4819 3272/1702/4820
f 3827/2015/4821 2726/1706/4822 3271/1701/4819
f 3271/1701/4819 2726/1706/4822 3273/1703/4822
f 2219/1132/4823 2216/1130/4824 3424/1794/4824
f 3424/1794/4824 3828/1132/4825 2219/1132/4823
f 3828/1132/4825 2392/1236/4826 2219/1132/4823
f 2379/1224/4827 2380/1225/4827 2610/1343/4827
f 2409/1224/4828 2624/1343/4828 2410/1225/4828
f 262/155/4737 264/157/4472 723/412/4735
f 264/157/4472 724/413/4471 723/412/4735
f 708/2016/4829 262/155/4737 709/2000/4736
f 262/155/4737 708/2016/4829 260/153/4830
f 258/151/4831 260/153/4830 708/2016/4829
f 200/157/4480 198/155/4740 729/412/4739
f 731/413/4479 200/157/4480 729/412/4739
f 711/2016/4832 713/2000/4738 198/155/4740
f 198/155/4740 196/153/4833 711/2016/4832
f 194/151/4834 711/2016/4832 196/153/4833
f 2920/1536/4835 543/332/4835 580/369/4835
f 2160/1130/4729 2162/1132/4730 3428/1794/4729
f 3808/1132/4731 2162/1132/4730 2422/1236/4826
f 1239/717/4836 1236/617/4837 1686/963/4838
f 2298/1196/4839 1686/963/4838 1236/617/4837
f 1231/710/4840 2298/1196/4839 1236/617/4837
f 1686/963/4838 1681/958/4841 1239/717/4836
f 1681/958/4841 1242/720/4842 1239/717/4836
f 1242/720/4842 1681/958/4841 1245/723/4843
f 2668/1373/4844 3082/2017/4845 3308/1727/4845
f 3082/2017/4845 2668/1373/4844 3080/2018/4846
f 2669/1374/4847 3080/2018/4846 2668/1373/4844
f 1813/963/4848 2299/1196/4849 1379/617/4850
f 1368/710/4851 1379/617/4850 2299/1196/4849
f 1813/963/4848 1379/617/4850 1381/717/4852
f 1813/963/4848 1381/717/4852 1808/958/4853
f 1808/958/4853 1381/717/4852 1384/720/4854
f 1384/720/4854 1387/723/4855 1808/958/4853
f 2700/1373/4856 3313/1727/4857 2985/2017/4857
f 2700/1373/4856 2985/2017/4857 2982/2018/4858
f 2701/1374/4859 2700/1373/4856 2982/2018/4858
f 3601/1870/4860 3192/1654/4861 3114/1832/4861
f 3601/1870/4860 3114/1832/4861 3829/2019/4862
f 3075/1566/4863 3601/1870/4860 3829/2019/4862
f 3075/1566/4863 3829/2019/4862 3627/1899/4863
f 3602/1870/4864 3031/1832/4865 3193/1654/4865
f 3830/2019/4866 3031/1832/4865 3602/1870/4864
f 2975/1566/4867 3830/2019/4866 3602/1870/4864
f 3628/1899/4867 3830/2019/4866 2975/1566/4867
f 1463/808/4868 1461/806/4869 2597/808/4868
f 1943/1041/3793 3424/1794/3793 2216/1130/3793
f 3428/1794/3801 2140/1041/3801 2160/1130/3801
f 1083/310/4870 483/312/4871 481/310/4872
f 481/310/4872 480/309/4444 1083/310/4870
f 1080/309/521 1083/310/4870 480/309/4444
f 518/312/4873 1317/310/4874 515/310/4875
f 514/309/4444 515/310/4875 1317/310/4874
f 514/309/4444 1317/310/4874 516/309/521
f 3551/1842/4876 2781/1437/4876 3831/2020/4876
f 3554/1842/4877 3832/2020/4877 2785/1437/4877
f 1500/832/4878 2236/974/4879 1675/953/4878
f 2236/974/4879 1674/952/4880 1675/953/4878
f 1674/952/4880 2236/974/4879 2238/976/4881
f 1676/954/4882 1674/952/4880 2238/976/4881
f 1701/832/4883 1803/953/4883 1702/974/4884
f 1803/953/4883 1802/952/4885 1702/974/4884
f 1802/952/4885 1704/976/4886 1702/974/4884
f 1707/954/4887 1704/976/4886 1802/952/4885
f 1303/648/4888 3833/2021/4889 3834/2022/4888
f 3833/2021/4889 1303/648/4888 1308/646/4890
f 1308/646/4890 1276/588/4891 3833/2021/4889
f 3833/2021/4889 1276/588/4891 1274/678/4892
f 1276/588/4891 1308/646/4890 1310/642/4893
f 1310/642/4893 1567/590/4894 1276/588/4891
f 3742/1149/4895 1922/1017/4896 1923/1019/4897
f 1924/1020/4898 1922/1017/4896 3742/1149/4895
f 2179/1149/4315 3742/1149/4895 1923/1019/4897
f 1862/2023/4899 1864/2024/4900 1843/1004/4901
f 1862/2023/4899 1843/1004/4901 1842/1003/4902
f 1918/2023/4903 1847/1004/4904 1920/2024/4905
f 1918/2023/4903 1845/1003/4906 1847/1004/4904
f 457/287/4907 100/65/4908 96/61/4908
f 100/65/4908 457/287/4907 3835/2025/4909
f 458/288/4910 3835/2025/4909 457/287/4907
f 3617/1891/4910 3835/2025/4909 458/288/4910
f 495/287/4911 432/61/4912 435/65/4912
f 435/65/4912 3836/2025/4913 495/287/4911
f 496/288/4914 495/287/4911 3836/2025/4913
f 496/288/4914 3836/2025/4913 3619/1891/4914
f 3837/2026/4915 533/327/4915 532/326/4915
f 3838/2026/4916 532/326/4916 535/327/4916
f 3839/1996/4917 2370/1351/2413 3840/1997/4918
f 3840/1997/4918 2370/1351/2413 2634/1352/2721
f 1842/1003/4919 1980/1058/4920 1869/2027/4920
f 1862/2023/4919 1842/1003/4919 1869/2027/4920
f 1845/1003/4921 1921/2027/4922 1982/1058/4922
f 1918/2023/4921 1921/2027/4922 1845/1003/4921
f 2525/1296/4923 630/377/4924 2891/1533/4923
f 630/377/4924 2525/1296/4923 631/378/4924
f 2891/1533/4923 2796/1448/4925 2525/1296/4923
f 2796/1448/4925 2891/1533/4923 2873/1514/4925
f 3841/2021/4926 1097/648/4927 3842/2022/4927
f 1097/648/4927 3841/2021/4926 1095/646/4928
f 988/588/4929 1095/646/4928 3841/2021/4926
f 3841/2021/4926 1130/678/4930 988/588/4929
f 1095/646/4928 988/588/4929 1092/642/4931
f 990/590/4932 1092/642/4931 988/588/4929
f 990/590/4932 992/592/4933 1090/590/4934
f 707/377/4935 2566/1296/4936 2917/1533/4936
f 2566/1296/4936 707/377/4935 706/378/4935
f 2566/1296/4936 2799/1448/4937 2917/1533/4936
f 2910/1514/4937 2917/1533/4936 2799/1448/4937
f 2989/1577/4938 3042/2028/4939 2991/1579/4939
f 3042/2028/4939 2989/1577/4938 3044/2029/4938
f 2989/1577/4938 3046/1883/4940 3044/2029/4938
f 3046/1883/4940 2989/1577/4938 2745/1418/4940
f 3063/2028/4941 3034/1577/4942 3035/1579/4941
f 3034/1577/4942 3063/2028/4941 3065/2029/4942
f 3034/1577/4942 3065/2029/4942 3067/1883/4943
f 2761/1418/4943 3034/1577/4942 3067/1883/4943
f 1839/1002/4944 2370/1217/4944 3839/2030/4944
f 1840/1002/4945 3805/2030/4945 2372/1217/4945
f 2282/1182/4946 3410/1220/4947 3411/1219/4948
f 3412/1230/4949 2282/1182/4946 3411/1219/4948
f 3410/1220/4947 2282/1182/4946 2293/1191/4950
f 2293/1191/4950 2295/1193/4951 3410/1220/4947
f 2282/1182/4946 3412/1230/4949 2278/1178/4952
f 3413/1233/4953 2278/1178/4952 3412/1230/4949
f 2278/1178/4952 3413/1233/4953 3843/2031/4954
f 2392/1236/4955 3843/2031/4954 3413/1233/4953
f 3425/1219/4956 3242/1220/4957 2316/1182/4958
f 2316/1182/4958 3426/1230/4959 3425/1219/4956
f 2316/1182/4958 3242/1220/4957 2308/1191/4960
f 2308/1191/4960 3242/1220/4957 2309/1193/4961
f 3426/1230/4959 2316/1182/4958 2329/1178/4962
f 2329/1178/4962 3427/1233/4963 3426/1230/4959
f 3427/1233/4963 2329/1178/4962 3844/2031/4964
f 2422/1236/4965 3427/1233/4963 3844/2031/4964
f 2403/1247/4966 1980/1255/4966 2547/1319/4966
f 1980/1255/4966 2403/1247/4966 2402/1246/4966
f 2433/1247/4967 1982/1255/4967 2432/1246/4967
f 1982/1255/4967 2433/1247/4967 2588/1319/4967
f 2634/1352/4968 3597/1866/4969 2652/1363/4219
f 3353/1757/4220 2652/1363/4219 3597/1866/4969
f 2634/1352/4968 2652/1363/4219 3840/1997/4968
f 2919/1535/4970 3807/1999/1061 2532/2032/4971
f 2919/1535/4970 725/414/4972 3807/1999/1061
f 2532/2032/4971 3807/1999/1061 2551/2033/4973
f 2551/2033/4973 3807/1999/1061 2552/2034/4974
f 3806/1997/4975 2658/1363/4222 3626/1352/4975
f 3598/1866/4976 3626/1352/4975 2658/1363/4222
f 3598/1866/4976 2658/1363/4222 3360/1757/4221
f 3809/1999/341 2921/1535/4977 2573/2032/4978
f 2921/1535/4977 3809/1999/341 732/414/4979
f 3809/1999/341 2573/2032/4978 2592/2033/4980
f 2592/2033/4980 2593/2034/4981 3809/1999/341
f 1942/1040/4982 1943/1041/4982 2216/1130/4982
f 2139/1040/4983 2160/1130/4983 2140/1041/4983
f 2652/1363/4984 2653/1364/4984 3840/1997/4984
f 2658/1363/4985 3806/1997/4985 2659/1364/4985
f 2390/2035/4986 2387/2036/4987 1986/1062/4988
f 1985/1061/4989 2390/2035/4986 1986/1062/4988
f 2420/2035/4990 1990/1062/4991 2417/2036/4992
f 1988/1061/4993 1990/1062/4991 2420/2035/4990
f 3679/1149/4317 1865/1019/4316 1863/1017/4994
f 1866/1020/4995 3679/1149/4317 1863/1017/4994
f 1549/2037/4996 3845/1956/4997 3739/1958/4998
f 1549/2037/4996 3739/1958/4998 1548/1957/4999
f 3458/1816/5000 3739/1958/4998 3845/1956/4997
f 1549/2037/4996 3846/2038/5001 3845/1956/4997
f 3846/2038/5001 1549/2037/4996 3134/2039/5002
f 3846/2038/5001 3431/1801/5003 3845/1956/4997
f 3845/1956/4997 3431/1801/5003 3458/1816/5000
f 3458/1816/5000 3431/1801/5003 3459/1817/5004
f 3459/1817/5004 3431/1801/5003 3433/1803/5004
f 3459/1817/5004 3433/1803/5004 3434/1804/5005
f 3202/1662/5006 1623/1867/5006 1621/2040/5006
f 1599/1957/5007 3741/1958/5008 1600/2037/5009
f 1600/2037/5009 3741/1958/5008 3847/1956/5010
f 3461/1816/5011 3847/1956/5010 3741/1958/5008
f 3848/2038/5012 1600/2037/5009 3847/1956/5010
f 3848/2038/5012 3145/2039/5013 1600/2037/5009
f 3440/1801/5014 3848/2038/5012 3847/1956/5010
f 3847/1956/5010 3461/1816/5011 3440/1801/5014
f 3440/1801/5014 3461/1816/5011 3463/1817/5015
f 3440/1801/5014 3463/1817/5015 3442/1803/5015
f 3463/1817/5015 3443/1804/5016 3442/1803/5015
f 3203/1662/5017 1750/2040/5017 1752/1867/5017
f 3038/2041/5018 2355/1208/5018 3450/1811/5018
f 2355/1208/5018 3038/2041/5018 2356/1209/5018
f 2292/1978/4526 3320/1734/5019 3195/1659/4527
f 3058/2041/5020 3453/1811/5020 2364/1208/5020
f 2364/1208/5020 2365/1209/5020 3058/2041/5020
f 2314/1978/4530 3198/1659/4529 3325/1734/5021
f 1908/764/4119 1907/1006/4116 1399/764/4119
f 1400/765/4409 1908/764/4119 1399/764/4119
f 1168/570/5022 1167/569/5023 1104/654/5024
f 1076/207/5025 1168/570/5022 1104/654/5024
f 3849/2042/5026 1104/654/5024 1167/569/5023
f 1104/654/5024 3849/2042/5026 1106/656/5027
f 1167/569/5023 3850/2043/5028 3849/2042/5026
f 3850/2043/5029 1106/656/5027 3849/2042/5026
f 3850/2043/5028 1167/569/5023 1166/567/5030
f 1106/656/5027 3850/2043/5029 1632/658/5029
f 1166/567/5030 3851/2044/5031 3850/2043/5028
f 3850/2043/5029 3851/2044/5032 1632/658/5029
f 3851/2044/5031 1166/567/5030 1164/563/5033
f 1630/911/5034 1632/658/5029 3851/2044/5032
f 1164/563/5033 1161/559/5035 3851/2044/5031
f 3851/2044/5032 3852/2045/5036 1630/911/5034
f 3852/2045/5036 3851/2044/5031 1161/559/5035
f 1627/908/5037 1630/911/5034 3852/2045/5036
f 1161/559/5035 1157/555/5038 3852/2045/5036
f 1627/908/5037 3852/2045/5036 3853/2046/5039
f 3853/2046/5039 3852/2045/5036 1157/555/5038
f 1625/906/5040 1627/908/5037 3853/2046/5039
f 3853/2046/5039 1157/555/5038 1152/550/5041
f 3853/2046/5039 3854/2047/5042 1625/906/5040
f 1625/906/5040 3854/2047/5042 1624/905/5043
f 3854/2047/5042 3855/2048/5044 1624/905/5043
f 3854/2047/5045 3853/2046/5039 1152/550/5041
f 3855/2048/5044 3856/2049/5046 1610/892/5044
f 3854/2047/5045 1152/550/5041 1138/539/5047
f 3855/2048/5048 3854/2047/5045 1138/539/5047
f 3855/2048/5048 1138/539/5047 1135/536/5049
f 3856/2049/5050 3855/2048/5048 1135/536/5049
f 1135/536/5049 1139/538/5051 3856/2049/5050
f 3857/2050/5052 3856/2049/5050 1139/538/5051
f 1139/538/5051 1141/541/5053 3857/2050/5052
f 3858/1796/5054 3857/2050/5052 1141/541/5053
f 1936/541/283 3858/1796/5054 1141/541/5053
f 1298/654/5055 3859/2042/5056 947/569/5057
f 1298/654/5055 947/569/5057 948/570/5058
f 339/207/5059 1298/654/5055 948/570/5058
f 1298/654/5055 1296/656/5060 3859/2042/5056
f 3860/2043/5061 947/569/5057 3859/2042/5056
f 3860/2043/5062 3859/2042/5056 1296/656/5060
f 947/569/5057 3860/2043/5061 945/567/5063
f 1296/656/5060 1761/658/5062 3860/2043/5062
f 3861/2044/5064 945/567/5063 3860/2043/5061
f 1761/658/5062 3861/2044/5065 3860/2043/5062
f 945/567/5063 3861/2044/5064 941/563/5066
f 3861/2044/5065 1761/658/5062 1759/911/5067
f 3861/2044/5064 937/559/5068 941/563/5066
f 1759/911/5067 3862/2045/5069 3861/2044/5065
f 937/559/5068 3861/2044/5064 3862/2045/5069
f 1759/911/5067 1756/908/5070 3862/2045/5069
f 3862/2045/5069 932/555/5071 937/559/5068
f 1756/908/5070 3863/2046/5072 3862/2045/5069
f 932/555/5071 3862/2045/5069 3863/2046/5072
f 3863/2046/5072 1756/908/5070 1754/906/5073
f 3863/2046/5072 927/550/5074 932/555/5071
f 3864/2047/5075 3863/2046/5072 1754/906/5073
f 1754/906/5073 1753/905/5076 3864/2047/5075
f 3864/2047/5075 1753/905/5076 3865/2048/5077
f 927/550/5074 3863/2046/5072 3864/2047/5078
f 3864/2047/5078 915/539/5079 927/550/5074
f 3866/2049/5080 3865/2048/5077 1740/892/5077
f 915/539/5079 3864/2047/5078 3865/2048/5081
f 3865/2048/5081 912/536/5082 915/539/5079
f 912/536/5082 3865/2048/5081 3866/2049/5083
f 3866/2049/5083 914/538/5084 912/536/5082
f 914/538/5084 3866/2049/5083 3867/2050/5085
f 3867/2050/5085 917/541/3784 914/538/5084
f 917/541/3784 3867/2050/5085 3429/1796/3785
f 1873/1027/5086 3706/1010/5087 1855/1010/5088
f 634/381/5089 1252/2051/5089 1245/2052/5089
f 1929/1027/5090 1912/1010/5091 3707/1010/5092
f 636/381/5093 1387/2052/5093 1391/2051/5093
f 3868/2053/5094 3869/2054/5095 1480/2055/5096
f 1484/2056/5097 1480/2055/5096 3869/2054/5095
f 3611/1881/5098 1484/2056/5097 3869/2054/5095
f 3611/1881/5098 3869/2054/5095 3868/2053/5094
f 1484/2056/5097 3611/1881/5098 1329/2057/5099
f 2474/1269/5100 1329/2057/5099 3611/1881/5098
f 1480/2055/5096 1473/2058/5101 3868/2053/5094
f 2475/1270/5102 3611/1881/5102 3868/2053/5094
f 3868/2053/5094 3870/2059/5103 2475/1270/5102
f 3870/2059/5103 3868/2053/5094 1473/2058/5101
f 1473/2058/5101 1472/2060/5104 3870/2059/5103
f 3871/2061/5105 3870/2059/5103 1472/2060/5104
f 1476/2062/5106 3871/2061/5105 1472/2060/5104
f 2473/1268/5107 3870/2059/5103 3871/2061/5105
f 3870/2059/5103 2473/1268/5107 2475/1270/5108
f 2473/1268/5107 3871/2061/5105 3872/2063/5109
f 3872/2063/5109 3871/2061/5105 1476/2062/5110
f 289/183/5111 1532/863/5112 3559/1638/5113
f 289/183/5111 3559/1638/5113 3133/1639/5114
f 1532/863/5112 3557/1845/5115 3559/1638/5113
f 1532/863/5112 3558/1846/5116 3557/1845/5115
f 1532/863/5112 1538/869/5117 3558/1846/5116
f 1538/869/5117 1541/872/5118 3558/1846/5116
f 2068/2055/5119 2072/2056/5120 3873/2054/5121
f 2072/2056/5120 3612/1881/5122 3873/2054/5121
f 3612/1881/5122 2072/2056/5120 1329/2057/5123
f 2474/1269/5124 3612/1881/5122 1329/2057/5123
f 3612/1881/5122 3874/2053/5125 3873/2054/5121
f 2068/2055/5119 3873/2054/5121 3874/2053/5125
f 2064/2058/5126 2068/2055/5119 3874/2053/5125
f 3612/1881/5127 2476/1270/5127 3874/2053/5125
f 3874/2053/5125 2476/1270/5127 3875/2059/5128
f 3874/2053/5125 3875/2059/5128 2064/2058/5126
f 2062/2060/5129 2064/2058/5126 3875/2059/5128
f 3875/2059/5128 3876/2061/5130 2062/2060/5129
f 1476/2062/5131 2062/2060/5129 3876/2061/5130
f 3875/2059/5128 2473/1268/5132 3876/2061/5130
f 2473/1268/5132 3875/2059/5128 2476/1270/5133
f 2473/1268/5132 3872/2063/5134 3876/2061/5130
f 3872/2063/5134 1476/2062/5135 3876/2061/5130
f 3562/1638/5136 1595/863/5137 293/183/5138
f 293/183/5138 3144/1639/5139 3562/1638/5136
f 3562/1638/5136 3561/1845/5140 1595/863/5137
f 1595/863/5137 3561/1845/5140 3560/1846/5141
f 1595/863/5137 3560/1846/5141 1603/869/5142
f 1603/869/5142 3560/1846/5141 1605/872/5143
f 1653/933/5144 1656/935/5145 1962/740/5146
f 1962/740/5146 1654/734/5147 1653/933/5144
f 2243/981/5148 1962/740/5146 1656/935/5145
f 1656/935/5145 1660/939/5149 2243/981/5148
f 3877/2064/5150 2243/981/5148 1660/939/5149
f 1665/944/5151 3877/2064/5150 1660/939/5149
f 1265/740/5152 1711/981/5153 1794/935/5154
f 1265/740/5152 1794/935/5154 1793/933/5155
f 1257/734/5156 1265/740/5152 1793/933/5155
f 1711/981/5153 1796/939/5157 1794/935/5154
f 1711/981/5153 3878/2064/5158 1796/939/5157
f 1798/944/5159 1796/939/5157 3878/2064/5158
f 2919/1535/5160 2529/2065/5160 3464/1820/5160
f 2921/1535/5161 3465/1820/5161 2570/2065/5161
f 2453/1260/5162 3613/1885/5162 2629/1348/5163
f 2629/1348/5163 3613/1885/5162 3350/1754/5164
f 2629/1348/5163 3350/1754/5164 2835/1837/5165
f 2835/1837/5166 3350/1754/5166 3352/1756/5166
f 3095/1837/5167 3361/1756/5167 3358/1754/5167
f 3614/1885/5168 2458/1260/5168 2646/1348/5169
f 2646/1348/5169 3358/1754/5170 3614/1885/5168
f 2646/1348/5169 3095/1837/5171 3358/1754/5170
f 2386/1795/5172 1986/1062/5172 2387/2036/5172
f 2416/1795/5173 2417/2036/5173 1990/1062/5173
f 2781/1437/5174 3496/1825/5174 3831/2020/5174
f 2785/1437/5175 3832/2020/5175 3497/1825/5175
f 3879/2066/5176 3641/1875/5177 3880/1919/5176
f 3641/1875/5177 3879/2066/5176 3881/2067/5178
f 552/1877/5179 3641/1875/5177 3881/2067/5178
f 3879/2066/5180 3608/1875/5181 3881/2067/5182
f 552/1877/5183 3881/2067/5182 3608/1875/5181
f 3608/1875/5181 3879/2066/5180 3882/1919/5180
f 976/400/5184 2235/1157/5185 3883/2068/5186
f 3884/2069/5187 3883/2068/5186 2235/1157/5185
f 2235/1157/5185 977/579/5188 3884/2069/5187
f 923/546/5188 3884/2069/5187 977/579/5188
f 3883/2068/5186 3885/2070/5189 976/400/5184
f 973/396/5190 976/400/5184 3885/2070/5189
f 3885/2070/5189 965/386/5191 973/396/5190
f 965/386/5191 3885/2070/5189 3886/2071/5191
f 3886/2071/5191 963/384/5192 965/386/5191
f 963/384/5192 3886/2071/5191 3887/2072/5193
f 3887/2072/5193 3888/2073/5194 963/384/5192
f 963/384/5192 3888/2073/5194 373/241/5194
f 3889/2068/5195 3890/2069/5196 2234/1157/5197
f 3890/2069/5196 1057/579/5198 2234/1157/5197
f 3890/2069/5196 1147/546/5198 1057/579/5198
f 3889/2068/5195 2234/1157/5197 701/400/5199
f 3891/2070/5200 3889/2068/5195 701/400/5199
f 3891/2070/5200 701/400/5199 697/396/5201
f 687/386/5202 3891/2070/5200 697/396/5201
f 3891/2070/5200 687/386/5202 3892/2071/5202
f 685/384/5203 3892/2071/5202 687/386/5202
f 3892/2071/5202 685/384/5203 3893/2072/5204
f 685/384/5203 3894/2073/5205 3893/2072/5204
f 3894/2073/5205 685/384/5203 683/241/5205
f 2527/1819/5206 723/412/5206 722/411/5206
f 2568/1819/5207 730/411/5207 729/412/5207
f 717/410/5208 716/409/5209 3895/2074/5210
f 3895/2074/5210 716/409/5209 3896/2075/5211
f 3897/2076/5212 717/410/5208 3895/2074/5210
f 2602/1335/5213 3896/2075/5211 716/409/5209
f 717/410/5208 3897/2076/5212 2648/1359/5214
f 3896/2075/5211 2602/1335/5213 3898/2077/5213
f 2602/1335/5213 2223/1139/5215 3898/2077/5213
f 2223/1139/5215 2602/1335/5213 2604/1337/5215
f 2649/1360/5216 2648/1359/5214 3897/2076/5212
f 2649/1360/5216 3897/2076/5212 1124/674/5217
f 2649/1360/5216 1124/674/5217 1123/673/5218
f 2649/1360/5216 1123/673/5218 1117/667/5219
f 1120/670/5220 1117/667/5219 1123/673/5218
f 719/409/5221 721/410/5222 3899/2074/5223
f 719/409/5221 3899/2074/5223 3900/2075/5224
f 3901/2076/5225 3899/2074/5223 721/410/5222
f 2616/1335/5226 719/409/5221 3900/2075/5224
f 721/410/5222 2654/1359/5227 3901/2076/5225
f 3900/2075/5224 3902/2077/5226 2616/1335/5226
f 2169/1139/5228 2616/1335/5226 3902/2077/5226
f 2616/1335/5226 2169/1139/5228 2617/1337/5228
f 2655/1360/5229 3901/2076/5225 2654/1359/5227
f 2655/1360/5229 1279/674/5230 3901/2076/5225
f 2655/1360/5229 1280/673/5231 1279/674/5230
f 2655/1360/5229 1288/667/5232 1280/673/5231
f 1281/670/5233 1280/673/5231 1288/667/5232
f 1650/1847/5234 634/381/5234 1245/2052/5234
f 1650/1847/5234 1245/2052/5234 1679/2078/5234
f 636/381/5235 1781/1847/5235 1387/2052/5235
f 1387/2052/5235 1781/1847/5235 1806/2078/5235
f 3903/1824/3941 2787/1262/5236 2788/1264/3941
f 2787/1262/5236 3903/1824/3941 3904/2079/5236
f 2788/1264/3941 2485/1199/5237 3903/1824/3941
f 2485/1199/5237 2788/1264/3941 2486/1200/5237
f 3905/1824/3473 2790/1264/3473 2789/1262/5238
f 3905/1824/3473 2789/1262/5238 3906/2079/5238
f 2488/1199/5239 2790/1264/3473 3905/1824/3473
f 2488/1199/5239 2487/1200/5239 2790/1264/3473
f 634/381/5240 1251/2080/1276 1252/2051/5241
f 634/381/5240 1250/2081/5242 1251/2080/1276
f 3202/1662/5243 1250/2081/5242 634/381/5240
f 3202/1662/5243 1620/2082/5244 1250/2081/5242
f 3202/1662/5243 1621/2040/5245 1620/2082/5244
f 2260/1963/4458 3746/1965/4460 2264/1859/5246
f 636/381/5247 1391/2051/5248 1390/2080/1118
f 636/381/5247 1390/2080/1118 1389/2081/5249
f 3203/1662/5250 636/381/5247 1389/2081/5249
f 3203/1662/5250 1389/2081/5249 1749/2082/5251
f 3203/1662/5250 1749/2082/5251 1750/2040/5252
f 2341/1963/4463 2340/1859/5253 3748/1965/4464
f 3320/1734/5254 3103/2083/5254 3104/2084/5254
f 3103/2083/5254 3320/1734/5254 2292/1978/5254
f 3325/1734/5255 3089/2083/5255 2314/1978/5255
f 3089/2083/5255 3325/1734/5255 3090/2084/5255
f 2748/1421/5256 3364/1760/5257 3363/1759/5258
f 2748/1421/5256 3363/1759/5258 2746/1419/5259
f 3363/1759/5258 3362/1758/3285 2746/1419/5259
f 2764/1421/5260 3367/1759/5261 3368/1760/5262
f 2764/1421/5260 2762/1419/5263 3367/1759/5261
f 3367/1759/5261 2762/1419/5263 3366/1758/3270
f 1393/521/4640 1934/1033/4551 856/521/3381
f 1395/760/2955 1393/521/4640 856/521/3381
f 988/588/5264 1131/679/5265 987/587/5266
f 1131/679/5265 1129/586/5267 987/587/5266
f 987/587/5266 1129/586/5267 984/584/5267
f 1276/588/5268 1565/587/5269 1275/679/5270
f 1275/679/5270 1565/587/5269 1262/586/5271
f 1565/587/5269 1562/584/5271 1262/586/5271
f 3615/1888/5272 2936/1550/5273 3907/2085/65
f 2935/1549/5272 2936/1550/5273 3615/1888/5272
f 3618/1888/5274 3908/2085/38 2970/1550/5275
f 2970/1550/5275 2969/1549/5274 3618/1888/5274
f 2823/1471/5276 2824/1472/5277 1543/874/5278
f 1545/876/5279 1543/874/5278 2824/1472/5277
f 1543/874/5278 1540/871/5280 2823/1471/5276
f 1540/871/5280 2822/1470/4409 2823/1471/5276
f 2998/1472/5281 2997/1471/5282 1607/874/5283
f 1609/876/5284 2998/1472/5281 1607/874/5283
f 1607/874/5283 2997/1471/5282 1540/871/5280
f 1540/871/5280 2997/1471/5282 2822/1470/4409
f 3346/1750/4270 2498/1283/5285 2713/1913/4269
f 3743/1961/5286 2713/1913/4269 2498/1283/5285
f 2722/1913/4271 2508/1283/5287 3355/1750/4272
f 3744/1961/5288 2508/1283/5287 2722/1913/4271
f 3909/1827/5289 3283/1709/3734 3287/1711/3734
f 3909/1827/5289 3287/1711/3734 3910/1828/5290
f 3278/1707/3468 3283/1709/3734 3909/1827/5289
f 3911/1829/5291 3909/1827/5289 3910/1828/5290
f 3911/1829/5291 3910/1828/5290 3912/1830/5291
f 3913/1489/5292 3911/1829/5291 3912/1830/5291
f 3914/1553/5293 3909/1827/5289 3911/1829/5291
f 3914/1553/5293 3911/1829/5291 3913/1489/5292
f 3913/1489/5292 3912/1830/5291 3915/1555/5294
f 3909/1827/5289 3914/1553/5293 3916/1831/5295
f 3916/1831/5295 3278/1707/3468 3909/1827/5289
f 2941/1555/3063 3913/1489/5292 3915/1555/5294
f 2941/1555/3063 3915/1555/5294 2943/1557/3065
f 2944/1558/3066 3913/1489/5292 2941/1555/3063
f 2944/1558/3066 3917/1558/5296 3913/1489/5292
f 3917/1558/5296 3914/1553/5293 3913/1489/5292
f 2945/1559/3067 3917/1558/5296 2944/1558/3066
f 3917/1558/5296 2945/1559/3067 2947/1559/3069
f 3917/1558/5296 2947/1559/3069 3918/1552/5297
f 3918/1552/5297 3914/1553/5293 3917/1558/5296
f 2948/1560/3070 3918/1552/5297 2947/1559/3069
f 3277/1554/3467 3916/1831/5295 3914/1553/5293
f 3914/1553/5293 3918/1552/5297 3277/1554/3467
f 3277/1554/3467 3278/1707/3468 3916/1831/5295
f 3918/1552/5297 2948/1560/3070 3274/1561/2746
f 3277/1554/3467 3918/1552/5297 3275/492/3465
f 3275/492/3465 3918/1552/5297 3274/1561/2746
f 3603/1872/5298 3919/2086/5298 3590/1862/5298
f 3604/1872/5299 3592/1862/5299 3920/2086/5299
f 2937/1551/5300 3907/2085/65 2936/1550/5273
f 2971/1551/5301 2970/1550/5275 3908/2085/38
f 3167/1502/5302 3166/1505/5303 3921/2087/5304
f 3921/2087/5304 3174/1503/3700 3167/1502/5302
f 3174/1503/3700 3921/2087/5304 3381/1769/3699
f 3373/1503/3698 3381/1769/3699 3380/1768/3698
f 1839/2088/5305 3840/1997/5306 2653/1364/5307
f 3840/1997/5306 1839/2088/5305 3839/1996/5306
f 1839/2088/5305 2653/1364/5307 3922/2089/5308
f 3568/1851/5309 2653/1364/5307 2651/1362/5310
f 3922/2089/5308 2653/1364/5307 3568/1851/5309
f 3437/1807/5311 3922/2089/5308 3568/1851/5309
f 3437/1807/5311 3436/1806/5312 3922/2089/5308
f 3436/1806/5312 3923/2090/5313 3922/2089/5308
f 3923/2090/5313 3436/1806/5312 3432/1802/5314
f 1839/2088/5315 3922/2089/5308 3137/2091/5316
f 3137/2091/5316 3922/2089/5308 3923/2090/5313
f 3137/2091/5316 3923/2090/5313 3134/2039/5317
f 3134/2039/5317 3923/2090/5313 3846/2038/5318
f 3923/2090/5313 3431/1801/5319 3846/2038/5318
f 3923/2090/5313 3432/1802/5319 3431/1801/5319
f 1840/2088/5320 3806/1997/5321 3805/1996/5321
f 3806/1997/5321 1840/2088/5320 2659/1364/5322
f 1840/2088/5320 3924/2089/5323 2659/1364/5322
f 2659/1364/5322 3579/1851/5324 2656/1362/5325
f 3579/1851/5324 2659/1364/5322 3924/2089/5323
f 3924/2089/5323 3446/1807/5326 3579/1851/5324
f 3924/2089/5323 3445/1806/5327 3446/1807/5326
f 3925/2090/5328 3445/1806/5327 3924/2089/5323
f 3445/1806/5327 3925/2090/5328 3439/1802/5329
f 3924/2089/5323 1840/2088/5330 3148/2091/5331
f 3924/2089/5323 3148/2091/5331 3925/2090/5328
f 3925/2090/5328 3148/2091/5331 3145/2039/5332
f 3925/2090/5328 3145/2039/5332 3848/2038/5333
f 3848/2038/5333 3440/1801/5334 3925/2090/5328
f 3925/2090/5328 3440/1801/5334 3439/1802/5334
f 2556/808/5335 1448/806/5336 1450/808/5335
f 1448/806/5336 2556/808/5335 2555/2092/5336
f 2555/2092/5336 1449/807/5337 1448/806/5336
f 1843/1004/5338 2766/1995/5338 3200/1661/5338
f 1847/1004/5339 3201/1661/5339 2777/1995/5339
f 2920/1536/5340 3640/1875/5340 3926/1919/5340
f 3926/1919/5340 543/332/5340 2920/1536/5340
f 2922/1536/5341 3927/1919/5341 3607/1875/5341
f 2922/1536/5341 901/332/5341 3927/1919/5341
f 903/531/2955 2463/1265/2955 1550/1265/2955
f 907/531/2955 1597/1265/2955 2470/1265/2955
f 2491/1276/5342 2991/1579/5343 3448/1809/5343
f 2489/1274/5344 2491/1276/5342 3448/1809/5343
f 2991/1579/5343 3449/1810/5345 3448/1809/5343
f 2991/1579/5343 3450/1811/5346 3449/1810/5345
f 3450/1811/5346 2991/1579/5343 3038/2041/5347
f 3042/2028/5348 3038/2041/5347 2991/1579/5343
f 2286/2014/5349 2284/2014/5349 2731/1358/5349
f 3451/1809/5350 3035/1579/5350 2500/1276/5351
f 2499/1274/5352 3451/1809/5350 2500/1276/5351
f 3035/1579/5350 3451/1809/5350 3452/1810/5353
f 3452/1810/5353 3453/1811/5354 3035/1579/5350
f 3453/1811/5354 3058/2041/5355 3035/1579/5350
f 3063/2028/5356 3035/1579/5350 3058/2041/5355
f 2324/2014/5349 2647/1358/5349 2322/2014/5349
f 3753/1968/5357 288/182/5357 3129/1636/5357
f 3754/1968/5358 3140/1636/5358 291/182/5358
f 3319/1733/5359 3104/2084/5360 3106/2093/5361
f 3104/2084/5360 3319/1733/5359 3320/1734/5362
f 3106/2093/5361 3321/1735/5363 3319/1733/5359
f 3106/2093/5361 3109/1985/5364 3321/1735/5363
f 3090/2084/5365 3322/1733/5366 3092/2093/5367
f 3090/2084/5365 3325/1734/5368 3322/1733/5366
f 3092/2093/5367 3322/1733/5366 3324/1735/5369
f 3092/2093/5367 3324/1735/5369 3028/1985/5370
f 1541/872/5371 1544/875/5372 2635/1353/5373
f 1541/872/5371 2635/1353/5373 1838/1001/5374
f 2635/1353/5373 2636/1354/5375 1838/1001/5374
f 1605/872/5376 2638/1353/5377 1608/875/5378
f 1605/872/5376 1841/1001/5379 2638/1353/5377
f 2638/1353/5377 1841/1001/5379 2639/1354/5380
f 2464/1266/5381 2463/1265/5382 905/533/5383
f 903/531/5384 905/533/5383 2463/1265/5382
f 2464/1266/5381 905/533/5383 906/534/5381
f 2472/1266/5385 908/533/5386 2470/1265/5387
f 907/531/5388 2470/1265/5387 908/533/5386
f 908/533/5386 2472/1266/5385 910/534/5385
f 3492/1788/3912 3928/2094/5389 3929/2095/5390
f 3492/1788/3912 3929/2095/5390 3493/1778/3913
f 3491/1778/3911 3493/1778/3913 3490/1777/3909
f 3639/1787/4213 3928/2094/5389 3492/1788/3912
f 3928/2094/5389 3930/2096/5391 3929/2095/5390
f 3639/1787/4213 3631/1785/4206 3632/1785/3724
f 3928/2094/5389 3931/2097/5392 3930/2096/5391
f 3931/2097/5392 3932/2098/3922 3930/2096/5391
f 3928/2094/5389 3639/1787/4213 3933/1786/5393
f 3933/1786/5393 3931/2097/5392 3928/2094/5389
f 3632/1785/3724 3933/1786/5393 3639/1787/4213
f 3931/2097/5392 3934/2099/5394 3932/2098/3922
f 3632/1785/3724 3636/1785/4209 3933/1786/5393
f 3931/2097/5392 3933/1786/5393 3935/2100/5392
f 3636/1785/4209 3935/2100/5392 3933/1786/5393
f 3935/2100/5392 3934/2099/5394 3931/2097/5392
f 3636/1785/4209 3936/2101/5395 3935/2100/5392
f 3936/2101/5395 3937/2102/5396 3935/2100/5392
f 3934/2099/5394 3935/2100/5392 3937/2102/5396
f 3936/2101/5395 2845/1492/5397 3937/2102/5396
f 2845/1492/5397 3938/2103/5398 3937/2102/5396
f 3937/2102/5396 3938/2103/5398 3934/2099/5394
f 2845/1492/5397 2840/1487/5399 3938/2103/5398
f 3939/2104/5400 3934/2099/5394 3938/2103/5398
f 3934/2099/5394 3939/2104/5400 3940/2105/5401
f 3934/2099/5394 3940/2105/5401 3932/2098/5401
f 2840/1487/5399 2866/1507/5402 3938/2103/5398
f 2866/1507/5402 2840/1487/5399 2842/1489/5403
f 2865/1506/3473 3938/2103/5398 2866/1507/5402
f 3938/2103/5398 2865/1506/3473 3939/2104/3473
f 3629/1782/4203 3636/1785/4209 3637/1643/4210
f 3636/1785/4209 3629/1782/4203 3936/2101/5404
f 2846/1493/4204 3936/2101/5404 3629/1782/4203
f 3936/2101/5404 2846/1493/4204 2845/1492/5405
f 3637/1643/4210 2848/1495/2953 3629/1782/4203
f 3635/1643/2359 2848/1495/2953 3637/1643/4210
f 3635/1643/2359 3630/1643/4205 2848/1495/2953
f 3632/1785/3724 3630/1643/4205 3635/1643/2359
f 617/2106/5406 3260/2107/5407 1038/619/5408
f 3260/2107/5407 1040/621/5407 1038/619/5408
f 617/2106/5406 1038/619/5408 1042/623/5409
f 618/1952/5409 617/2106/5406 1042/623/5409
f 294/2106/5410 1048/619/5411 3231/2107/5412
f 1053/621/5412 3231/2107/5412 1048/619/5411
f 294/2106/5410 1049/623/5413 1048/619/5411
f 3225/1952/5413 1049/623/5413 294/2106/5410
f 2286/2014/5414 2731/1358/5414 2835/1837/5414
f 2324/2014/5415 3095/1837/5415 2647/1358/5415
f 3408/1788/5416 3941/2095/5417 3942/2094/5418
f 3941/2095/5417 3408/1788/5416 3391/1778/3711
f 3390/1778/3710 3391/1778/3711 3408/1788/5416
f 3943/2096/5419 3942/2094/5418 3941/2095/5417
f 3942/2094/5418 3406/1787/3728 3408/1788/5416
f 3942/2094/5418 3943/2096/5419 3944/2097/5420
f 3943/2096/5419 3945/2098/3923 3944/2097/5420
f 3406/1787/3728 3942/2094/5418 3404/1786/3726
f 3944/2097/5420 3404/1786/3726 3942/2094/5418
f 3404/1786/3726 3402/1785/3724 3406/1787/3728
f 3944/2097/5420 3945/2098/3923 3946/2099/5421
f 3404/1786/3726 3944/2097/5420 3947/2100/5420
f 3946/2099/5421 3947/2100/5420 3944/2097/5420
f 3947/2100/5420 3405/1785/3727 3404/1786/3726
f 3159/1643/2326 3402/1785/3724 3405/1785/3727
f 3401/1643/3723 3159/1643/2326 3405/1785/3727
f 3405/1785/3727 3396/1782/3716 3401/1643/3723
f 3157/1495/3293 3401/1643/3723 3396/1782/3716
f 3396/1782/3716 3405/1785/3727 3948/2101/5422
f 3948/2101/5422 3154/1493/3717 3396/1782/3716
f 3154/1493/3717 3948/2101/5422 3153/1492/5423
f 3405/1785/3727 3947/2100/5420 3948/2101/5424
f 3949/2102/5425 3948/2101/5424 3947/2100/5420
f 3947/2100/5420 3946/2099/5421 3949/2102/5425
f 3948/2101/5424 3949/2102/5425 3153/1492/5426
f 3950/2103/5427 3153/1492/5426 3949/2102/5425
f 3946/2099/5421 3950/2103/5427 3949/2102/5425
f 3153/1492/5426 3950/2103/5427 3149/1487/5428
f 3950/2103/5427 3946/2099/5421 3951/2104/5429
f 3946/2099/5421 3952/2105/5430 3951/2104/5429
f 3952/2105/5430 3946/2099/5421 3945/2098/5430
f 3163/1507/5431 3149/1487/5428 3950/2103/5427
f 3149/1487/5428 3163/1507/5431 3152/1489/5432
f 3950/2103/5427 3165/1506/3941 3163/1507/5431
f 3165/1506/3941 3950/2103/5427 3951/2104/3941
f 2454/1260/5433 3540/1834/5433 3599/1869/5433
f 2454/1260/5433 3599/1869/5433 2275/1259/5433
f 2332/1259/5434 3600/1869/5434 2457/1260/5434
f 3543/1834/5434 2457/1260/5434 3600/1869/5434
f 2529/2065/5435 2527/1819/5435 3464/1820/5435
f 2570/2065/5436 3465/1820/5436 2568/1819/5436
f 1513/845/5437 1511/843/5438 1029/610/5439
f 1511/843/5438 1031/612/5440 1029/610/5439
f 1029/610/5439 1024/605/5441 1513/845/5437
f 1024/605/5441 1518/850/5442 1513/845/5437
f 1024/605/5441 1021/602/5443 1518/850/5442
f 1511/843/5438 1508/840/5444 1031/612/5440
f 1508/840/5444 3953/959/5445 1031/612/5440
f 1507/839/5446 3953/959/5445 1508/840/5444
f 1584/845/5447 1352/610/5448 1578/843/5449
f 1578/843/5449 1352/610/5448 1351/612/5450
f 1352/610/5448 1584/845/5447 1354/605/5451
f 1354/605/5451 1584/845/5447 1518/850/5452
f 1354/605/5451 1518/850/5452 1021/602/5453
f 1578/843/5449 1351/612/5450 1576/840/5454
f 1576/840/5454 1351/612/5450 3954/959/5455
f 1739/839/5456 1576/840/5454 3954/959/5455
f 2660/1982/5457 2923/1655/5457 3085/1626/5457
f 2689/1982/5458 3086/1626/5458 2923/1655/5458
f 3955/2108/5459 3956/2109/5460 1827/998/5461
f 1827/998/5461 3956/2109/5460 1828/999/5462
f 3955/2108/5459 1827/998/5461 1045/626/5459
f 1056/626/5463 1830/998/5464 3957/2108/5463
f 3958/2109/5465 3957/2108/5463 1830/998/5464
f 1830/998/5464 1831/999/5466 3958/2109/5465
f 3959/2110/5467 1425/792/5468 1426/793/5469
f 1425/792/5468 3959/2110/5467 3960/2111/5468
f 1427/794/5470 3959/2110/5467 1426/793/5469
f 3959/2110/5467 1427/794/5470 3961/2112/5471
f 1427/794/5470 3330/734/3127 3961/2112/5471
f 3330/734/3127 1427/794/5470 1430/797/3127
f 1434/792/5472 3962/2110/5473 1435/793/5474
f 3962/2110/5473 1434/792/5472 3963/2111/5472
f 3962/2110/5473 1436/794/5475 1435/793/5474
f 1436/794/5475 3962/2110/5473 3964/2112/5476
f 3331/734/2928 1436/794/5475 3964/2112/5476
f 1436/794/5475 3331/734/2928 1439/797/2928
f 3549/1840/5477 2937/1551/5477 2354/1207/5477
f 2937/1551/5477 2123/1118/5477 2354/1207/5477
f 2971/1551/5478 2363/1207/5478 2133/1118/5478
f 2363/1207/5478 2971/1551/5478 3550/1840/5478
f 3965/2113/5479 3966/2114/5479 3649/1911/5479
f 3965/2113/5479 3649/1911/5479 1422/789/5479
f 3967/2113/5480 3652/1911/5480 3968/2114/5480
f 1431/789/5480 3652/1911/5480 3967/2113/5480
f 3926/1919/5481 3640/1875/5481 3686/1919/5481
f 3686/1919/5481 3640/1875/5481 3684/1875/5481
f 3927/1919/5481 3660/1919/5481 3607/1875/5481
f 3660/1919/5481 3658/1875/5481 3607/1875/5481
f 3540/1834/5482 2454/1260/5482 2731/1358/5482
f 2731/1358/5482 3541/1835/5482 3540/1834/5482
f 2457/1260/5483 3543/1834/5483 2647/1358/5483
f 2647/1358/5483 3543/1834/5483 3545/1835/5483
f 2876/1517/5484 2877/1518/5485 3800/1989/5484
f 3800/1989/5484 2877/1518/5485 3969/2115/5486
f 2877/1518/5485 555/418/5487 3969/2115/5486
f 2877/1518/5485 736/419/5487 555/418/5487
f 2904/1518/5488 2905/1517/5489 3802/1989/5489
f 2904/1518/5488 3802/1989/5489 3970/2115/5490
f 3970/2115/5490 587/418/5491 2904/1518/5488
f 737/419/5491 2904/1518/5488 587/418/5491
f 212/92/5492 213/93/5492 266/159/5492
f 133/92/5493 202/159/5493 134/93/5493
f 312/202/303 302/192/304 3339/1741/304
f 411/192/424 421/202/423 3342/1741/424
f 310/200/4409 1884/1257/4409 2451/1257/4409
f 1665/944/5151 3552/2116/5494 3877/2064/5150
f 419/200/4409 2455/1257/4409 1421/1257/4409
f 1798/944/5159 3878/2064/5158 3553/2116/5495
f 1865/1823/5496 3466/1822/5497 1843/1422/5498
f 2596/2092/4869 2597/808/4868 1461/806/4869
f 2596/2092/4869 1461/806/4869 1462/807/5499
f 1923/1823/5500 1847/1422/5501 3467/1822/5497
f 3309/1728/5502 3308/1727/5503 3082/2017/5503
f 3309/1728/5502 3082/2017/5503 3057/2117/5504
f 3310/1729/5505 3309/1728/5502 3057/2117/5504
f 3310/1729/5505 3057/2117/5504 3624/1895/5506
f 3056/2118/5507 3624/1895/5506 3057/2117/5504
f 2987/1893/5508 3624/1895/5506 3056/2118/5507
f 3311/1730/5509 3310/1729/5505 3624/1895/5506
f 3311/1730/5509 3624/1895/5506 3971/2119/5509
f 3314/1728/5510 2985/2017/5511 3313/1727/5511
f 2985/2017/5511 3314/1728/5510 2984/2117/5512
f 3315/1729/5513 2984/2117/5512 3314/1728/5510
f 2984/2117/5512 3315/1729/5513 3625/1895/5514
f 3311/1730/5515 3625/1895/5514 3315/1729/5513
f 3625/1895/5514 3311/1730/5515 3971/2119/5515
f 2986/2118/5516 2984/2117/5512 3625/1895/5514
f 2987/1893/5517 2986/2118/5516 3625/1895/5514
f 3772/1357/5518 3823/1267/5519 3822/2010/2490
f 3772/1357/5518 1550/1265/5519 3823/1267/5519
f 2641/1356/5520 3772/1357/5518 3822/2010/2490
f 3972/2120/5521 3621/1892/5521 119/81/5521
f 3774/1357/5522 3825/1267/5523 1597/1265/5523
f 3774/1357/5522 3824/2010/2480 3825/1267/5523
f 2645/1356/5524 3824/2010/2480 3774/1357/5522
f 3973/2120/5525 122/81/5525 3622/1892/5525
f 3621/1892/5526 3468/1264/5526 120/82/5526
f 3974/775/5527 1892/773/5527 1887/775/5527
f 1892/773/5527 3974/775/5527 3591/1863/5527
f 1408/773/5528 3975/775/5528 1410/775/5528
f 3975/775/5528 1408/773/5528 3594/1863/5528
f 3622/1892/5529 124/82/5529 3469/1264/5529
f 1993/1066/5530 3609/1878/5530 1991/1064/5530
f 3609/1878/5530 1993/1066/5530 3976/2121/5530
f 1186/683/5531 3191/1653/5531 2039/1101/5531
f 1186/683/5531 2039/1101/5531 2038/1100/5532
f 1186/683/5531 2038/1100/5532 2037/684/5533
f 3610/1878/5534 1998/1066/5534 1997/1064/5534
f 1998/1066/5534 3610/1878/5534 3977/2121/5534
f 2105/1100/5535 2106/1101/5536 1186/683/5536
f 3191/1653/5536 1186/683/5536 2106/1101/5536
f 1186/683/5536 1188/684/5537 2105/1100/5535
f 3978/2122/283 3979/2123/283 753/433/283
f 753/433/283 752/432/283 3978/2122/283
f 3980/2124/283 753/433/283 3979/2123/283
f 755/435/283 753/433/283 3980/2124/283
f 3981/2122/283 1217/433/283 3982/2123/283
f 1216/432/283 1217/433/283 3981/2122/283
f 3983/2124/283 3982/2123/283 1217/433/283
f 1218/435/283 3983/2124/283 1217/433/283
f 3330/734/5538 1653/933/5144 1654/734/5147
f 1654/734/5147 1960/732/5539 3330/734/5538
f 1257/734/5156 1793/933/5155 3331/734/5540
f 1257/734/5156 3331/734/5540 1255/732/5539
f 2920/1536/5541 3880/1919/5542 3641/1875/5541
f 3880/1919/5542 2920/1536/5541 543/332/5543
f 543/332/5543 546/335/5544 3880/1919/5542
f 546/335/5544 3984/1920/5545 3880/1919/5542
f 546/335/5544 2513/336/5546 3984/1920/5545
f 2513/336/5546 2514/1256/5547 3984/1920/5545
f 3985/2125/5548 3880/1919/5542 3984/1920/5545
f 2514/1256/5547 3985/2125/5548 3984/1920/5545
f 3880/1919/5542 3985/2125/5548 3879/2066/5549
f 2515/1285/5550 3985/2125/5548 2514/1256/5547
f 3882/1919/5551 2922/1536/5552 3608/1875/5552
f 2922/1536/5552 3882/1919/5551 901/332/5553
f 3882/1919/5551 902/335/5554 901/332/5553
f 902/335/5554 3882/1919/5551 3986/1920/5555
f 3986/1920/5555 3882/1919/5551 3879/2066/5556
f 902/335/5554 3986/1920/5555 2517/336/5557
f 3985/2125/5558 3986/1920/5555 3879/2066/5556
f 2517/336/5557 3986/1920/5555 2518/1256/5559
f 2518/1256/5559 3986/1920/5555 3985/2125/5558
f 2515/1285/5560 2518/1256/5559 3985/2125/5558
f 631/378/5561 2526/1297/5562 632/379/5563
f 632/379/5563 2526/1297/5562 2543/1315/736
f 2526/1297/5562 2528/1300/5564 2543/1315/736
f 2543/1315/736 2528/1300/5564 2541/1313/5565
f 2530/1302/5566 2541/1313/5565 2528/1300/5564
f 2567/1297/5567 706/378/5568 894/379/5569
f 894/379/5569 2584/1315/1208 2567/1297/5567
f 2569/1300/5570 2567/1297/5567 2584/1315/1208
f 2584/1315/1208 2582/1313/5571 2569/1300/5570
f 2571/1302/5572 2569/1300/5570 2582/1313/5571
f 1903/763/4407 1873/1027/5086 1852/1008/4405
f 1855/1010/5088 1852/1008/4405 1873/1027/5086
f 1873/1027/5086 1867/1021/5573 3706/1010/5087
f 1398/763/4118 1910/1008/4117 1929/1027/5090
f 1910/1008/4117 1912/1010/5091 1929/1027/5090
f 1929/1027/5090 3707/1010/5092 1925/1021/5574
f 2604/1425/5575 1843/1422/5498 3466/1822/5497
f 2617/1425/5575 3467/1822/5497 1847/1422/5501
f 489/318/5576 992/2126/1042 996/318/5576
f 996/318/5576 491/320/5577 489/318/5576
f 491/320/5577 996/318/5576 999/320/5578
f 492/321/5579 491/320/5577 999/320/5578
f 1633/913/5580 1634/914/5581 3987/2127/5582
f 1634/914/5581 3650/1912/5583 3987/2127/5582
f 1634/914/5581 1635/915/5584 3650/1912/5583
f 3650/1912/5583 1635/915/5584 1638/918/5585
f 3987/2127/5582 3650/1912/5586 1111/661/5586
f 1111/661/5586 1110/660/5587 3987/2127/5582
f 1633/913/5580 3987/2127/5582 3988/2128/5588
f 3988/2128/5588 3987/2127/5582 1110/660/5587
f 3988/2128/5588 1106/656/5589 1633/913/5580
f 3988/2128/5588 1110/660/5587 1108/658/5590
f 1108/658/5590 1106/656/5589 3988/2128/5588
f 3989/2128/5591 3990/2127/5592 1762/913/5593
f 3989/2128/5591 1762/913/5593 1296/656/5594
f 1294/658/5595 3989/2128/5591 1296/656/5594
f 1294/658/5595 1293/660/5596 3989/2128/5591
f 3990/2127/5592 3989/2128/5591 1293/660/5596
f 1293/660/5596 1291/661/5597 3990/2127/5592
f 3653/1912/5597 3990/2127/5592 1291/661/5597
f 1763/914/5598 1762/913/5593 3990/2127/5592
f 3990/2127/5592 3653/1912/5599 1763/914/5598
f 1764/915/5600 1763/914/5598 3653/1912/5599
f 3653/1912/5599 1767/918/5601 1764/915/5600
f 3991/2129/5602 797/1955/5603 3992/2130/5603
f 881/1955/5604 3993/2129/5605 3994/2130/5604
f 3351/1755/5606 2834/1898/5607 3352/1756/5608
f 3352/1756/5608 2834/1898/5607 2835/1837/5608
f 2634/1352/5609 2834/1898/5607 3351/1755/5606
f 2634/1352/5609 3351/1755/5606 3597/1866/5610
f 1968/745/5611 2247/985/5612 2249/987/5612
f 2244/982/5613 2247/985/5612 1968/745/5611
f 3361/1756/5614 3095/1837/5614 3096/1898/5615
f 3096/1898/5615 3359/1755/5616 3361/1756/5614
f 3626/1352/5617 3359/1755/5616 3096/1898/5615
f 3626/1352/5617 3598/1866/5618 3359/1755/5616
f 3414/745/5619 1717/987/5620 1715/985/5620
f 1712/982/5621 3414/745/5619 1715/985/5620
f 3992/2130/5622 797/1955/5622 1983/1059/5622
f 3994/2130/5623 1984/1059/5623 881/1955/5623
f 1092/642/4931 990/590/4932 1090/590/4934
f 1683/1747/5624 1693/2131/5625 3344/1749/5626
f 3344/1749/5626 1693/2131/5625 3496/1825/5627
f 1567/590/4894 1310/642/4893 1312/590/5628
f 1567/590/4894 1312/590/5628 1314/592/4933
f 1811/1747/5629 3345/1749/5630 1818/2131/5631
f 3345/1749/5630 3497/1825/5632 1818/2131/5631
f 2612/1345/5633 2379/1224/5633 2610/1343/5633
f 2626/1345/5634 2624/1343/5634 2409/1224/5634
f 3919/2086/5635 3589/1861/5635 3590/1862/5635
f 3920/2086/5636 3592/1862/5636 3593/1861/5636
f 3972/2120/5637 119/81/5637 3816/1892/5637
f 3973/2120/5638 3817/1892/5638 122/81/5638
f 2218/1213/5639 2390/2035/5639 1985/1061/5639
f 2161/1213/5640 1988/1061/5640 2420/2035/5640
f 1887/775/5641 312/2132/5641 3974/775/5641
f 3943/2096/5642 3941/2095/5642 3945/2098/5642
f 3930/2096/5643 3932/2098/5643 3929/2095/5643
f 2124/1109/5644 2579/1704/5644 2966/1546/5644
f 2579/1704/5644 2124/1109/5644 2502/1277/5644
f 2966/1546/5644 2964/1544/5645 2124/1109/5644
f 2114/1109/3344 2538/1704/3344 2492/1277/3344
f 2538/1704/3344 2114/1109/3344 2933/1546/3344
f 3995/2133/5646 3803/1992/5646 3648/1910/5646
f 3803/1992/5646 3995/2133/5646 3996/2134/5646
f 3997/2133/5647 3804/1992/5647 3998/2134/5647
f 3804/1992/5647 3997/2133/5647 3651/1910/5647
f 1885/2135/5648 311/201/5648 312/202/5648
f 1418/2135/5649 421/202/5649 420/201/5649
f 3999/2136/5650 2400/1244/5650 2398/1242/5650
f 4000/2136/5651 2428/1242/5651 2430/1244/5651
f 2613/1346/5652 4001/2137/5653 4002/2138/5654
f 4001/2137/5653 2613/1346/5652 2614/1347/5653
f 4002/2138/5654 2222/1138/5655 2613/1346/5652
f 4003/2138/5656 4004/2137/5657 2627/1346/5658
f 4004/2137/5657 2628/1347/5657 2627/1346/5658
f 4003/2138/5656 2627/1346/5658 2168/1138/5659
f 1878/2139/5660 2451/1257/5661 1884/1257/5661
f 2455/1257/5662 1420/2139/5663 1421/1257/5662
f 2381/1226/5664 2377/1222/5665 2612/1345/5666
f 2384/1229/5667 2381/1226/5664 2612/1345/5666
f 2613/1346/5668 2384/1229/5667 2612/1345/5666
f 2411/1226/5669 2626/1345/5670 2407/1222/5671
f 2414/1229/5672 2626/1345/5670 2411/1226/5669
f 2627/1346/5673 2626/1345/5670 2414/1229/5672
f 1128/646/5674 1130/678/4930 3841/2021/4926
f 1121/671/5675 1128/646/5674 3841/2021/4926
f 1273/646/5676 3833/2021/4889 1274/678/4892
f 1277/671/5677 3833/2021/4889 1273/646/5676
f 1937/1035/5678 1940/1038/5679 1467/812/5680
f 1467/812/5680 1940/1038/5679 1942/1040/5681
f 1938/1036/5682 1937/1035/5678 1467/812/5680
f 2136/1035/5683 1471/812/5684 2137/1038/5685
f 1471/812/5684 2139/1040/5686 2137/1038/5685
f 2135/1036/5687 1471/812/5684 2136/1035/5683
f 2460/1262/5688 4005/2079/5688 2462/1264/5689
f 3494/1824/5689 2462/1264/5689 4005/2079/5688
f 2459/1261/5690 4005/2079/5688 2460/1262/5688
f 4005/2079/5688 2459/1261/5690 4006/2140/5690
f 2469/1264/5691 3495/1824/5691 4007/2079/5692
f 2469/1264/5691 4007/2079/5692 2468/1262/5692
f 4007/2079/5692 2466/1261/5693 2468/1262/5692
f 2466/1261/5693 4007/2079/5692 4008/2140/5693
f 3837/2026/5694 532/326/5694 4009/2141/5694
f 4009/2141/5694 4010/2026/5694 3837/2026/5694
f 4009/2141/5694 3838/2026/5694 4010/2026/5694
f 532/326/5694 3838/2026/5694 4009/2141/5694
f 3816/1892/5695 536/82/5695 3468/1264/5695
f 3817/1892/5696 3469/1264/5696 542/82/5696
f 525/319/1037 524/318/5697 1314/2126/1037
f 1314/2126/1037 524/318/5697 1571/318/5697
f 524/318/5697 526/320/5577 1571/318/5697
f 1571/318/5697 526/320/5577 1573/320/5578
f 527/321/5579 1573/320/5578 526/320/5577
f 1864/2024/5698 1865/2142/5496 1843/1004/5498
f 1920/2024/5699 1847/1004/5501 1923/2142/5500
f 1624/905/5043 3855/2048/5044 1610/892/5044
f 1610/892/5044 3856/2049/5046 1611/893/5700
f 3857/2050/5701 1611/893/5700 3856/2049/5046
f 1611/893/5700 3857/2050/5701 1614/896/5702
f 1753/905/5076 1740/892/5077 3865/2048/5077
f 1740/892/5077 1742/893/5703 3866/2049/5080
f 3867/2050/5704 3866/2049/5080 1742/893/5703
f 1742/893/5703 1744/896/5705 3867/2050/5704
f 1646/926/5706 1654/734/5707 1430/797/5708
f 1642/922/5709 1646/926/5706 1430/797/5708
f 1775/926/5710 1439/797/5711 1257/734/5712
f 1771/922/5713 1439/797/5711 1775/926/5710
f 1550/1265/5714 3772/1357/5714 3771/1355/5714
f 1550/1265/5714 3771/1355/5714 1551/1993/5714
f 1730/1993/5715 3773/1355/5715 1597/1265/5715
f 3774/1357/5715 1597/1265/5715 3773/1355/5715
f 3996/2134/5716 4011/2143/5717 3803/1992/5716
f 3189/1652/5718 3803/1992/5716 4011/2143/5717
f 2606/1339/5719 3189/1652/5718 4011/2143/5717
f 4011/2143/5717 4012/2144/5720 2606/1339/5719
f 4012/2144/5720 2605/1338/5721 2606/1339/5719
f 2605/1338/5721 4012/2144/5720 2614/1347/5721
f 4013/2143/5722 3998/2134/5723 3804/1992/5723
f 3804/1992/5723 3190/1652/5724 4013/2143/5722
f 3190/1652/5724 2620/1339/5725 4013/2143/5722
f 4014/2144/5726 4013/2143/5722 2620/1339/5725
f 2619/1338/5727 4014/2144/5726 2620/1339/5725
f 4014/2144/5726 2619/1338/5727 2628/1347/5727
f 3218/1679/3374 3052/1700/283 3215/1676/3371
f 3215/1676/3371 3052/1700/283 3053/1700/283
f 3207/1668/3363 3215/1676/3371 3053/1700/283
f 3207/1668/3363 3053/1700/283 3070/1667/3362
f 3340/1744/5728 1574/891/5728 108/73/5728
f 1574/891/5728 3340/1744/5728 465/295/5728
f 503/295/5729 3343/1744/5729 1575/891/5729
f 447/73/5729 1575/891/5729 3343/1744/5729
f 2836/1484/5730 2838/1486/5730 2807/2145/5730
f 2836/1484/5731 2807/2145/5731 2839/1486/5731
f 1041/622/5732 3260/2107/5732 3264/1736/5732
f 3260/2107/5732 1041/622/5732 1040/621/5732
f 3231/2107/5733 1054/622/5733 3238/1736/5733
f 1054/622/5733 3231/2107/5733 1053/621/5733
f 2526/1297/5562 631/378/5561 2525/1296/5734
f 2567/1297/5567 2566/1296/5735 706/378/5568
f 547/336/5736 4015/1920/5737 2478/1256/5738
f 2478/1256/5738 1132/680/5739 547/336/5736
f 4015/1920/5737 547/336/5736 546/335/5740
f 543/332/5741 4015/1920/5737 546/335/5740
f 4015/1920/5737 543/332/5741 3926/1919/5741
f 1134/336/5742 4016/1920/5743 902/335/5744
f 901/332/5745 902/335/5744 4016/1920/5743
f 901/332/5745 4016/1920/5743 3927/1919/5745
f 4016/1920/5743 1134/336/5742 2448/1256/5746
f 2448/1256/5746 1134/336/5742 1133/680/5747
f 3966/2114/5748 4011/2143/5749 3996/2134/5750
f 4011/2143/5749 3966/2114/5748 3965/2113/5749
f 4013/2143/5751 3968/2114/5752 3998/2134/5753
f 3968/2114/5752 4013/2143/5751 3967/2113/5751
f 2807/2145/5754 2838/1486/5754 3124/1903/5754
f 2807/2145/5755 3014/1903/5755 2839/1486/5755
f 3858/1796/5756 1614/896/5702 3857/2050/5701
f 3429/1796/5757 3867/2050/5704 1744/896/5705
f 3995/2133/5758 3649/1911/5758 3966/2114/5758
f 3995/2133/5758 3648/1910/5758 3649/1911/5758
f 3651/1910/5759 3997/2133/5759 3652/1911/5759
f 3997/2133/5759 3968/2114/5759 3652/1911/5759
f 4017/2146/5760 4018/2147/5761 748/428/5760
f 4018/2147/5761 749/429/5761 748/428/5760
f 746/426/5762 4017/2146/5760 748/428/5760
f 4019/2148/5763 4017/2146/5760 746/426/5762
f 2058/694/5764 4019/2148/5763 746/426/5762
f 4019/2148/5763 2058/694/5764 4020/2149/5764
f 2057/693/5765 4020/2149/5764 2058/694/5764
f 4020/2149/5764 2057/693/5765 4021/2150/5766
f 2053/692/5767 4021/2150/5766 2057/693/5765
f 4021/2150/5766 2053/692/5767 1146/544/5768
f 2052/696/5769 1146/544/5768 2053/692/5767
f 1146/544/5768 2052/696/5769 1142/543/5770
f 2052/696/5769 1143/540/4288 1142/543/5770
f 2052/696/5769 4022/2151/5771 1143/540/4288
f 1936/541/5772 1143/540/4288 4022/2151/5771
f 4022/2151/5771 3858/1796/5772 1936/541/5772
f 2052/696/5769 2026/697/5773 4022/2151/5771
f 4022/2151/5771 2026/697/5773 2021/1085/5774
f 2020/1084/5775 4022/2151/5771 2021/1085/5774
f 3858/1796/5776 4022/2151/5771 2020/1084/5775
f 3858/1796/5776 2020/1084/5775 1614/896/5777
f 1211/428/5778 4023/2147/5779 4024/2146/5778
f 1211/428/5778 1212/429/5779 4023/2147/5779
f 4024/2146/5778 1208/426/5780 1211/428/5778
f 1208/426/5780 4024/2146/5778 4025/2148/5781
f 4025/2148/5781 1203/694/5782 1208/426/5780
f 1203/694/5782 4025/2148/5781 4026/2149/5782
f 1202/693/5783 1203/694/5782 4026/2149/5782
f 1202/693/5783 4026/2149/5782 4027/2150/5784
f 1201/692/5785 1202/693/5783 4027/2150/5784
f 1201/692/5785 4027/2150/5784 921/544/5786
f 1205/696/5787 1201/692/5785 921/544/5786
f 1205/696/5787 921/544/5786 2061/543/5788
f 2061/543/5788 918/540/4333 1205/696/5787
f 4028/2151/5789 1205/696/5787 918/540/4333
f 1205/696/5787 4028/2151/5789 1206/697/5790
f 918/540/4333 2060/541/5791 4028/2151/5789
f 3429/1796/5791 4028/2151/5789 2060/541/5791
f 4028/2151/5789 2094/1085/5792 1206/697/5790
f 4028/2151/5789 2093/1084/5793 2094/1085/5792
f 4028/2151/5789 3429/1796/5794 2093/1084/5793
f 3429/1796/5794 1744/896/5795 2093/1084/5793
f 897/529/5796 2035/1098/5797 2039/1101/5797
f 4029/2152/5798 2035/1098/5797 897/529/5796
f 4030/2153/5799 4029/2152/5798 897/529/5796
f 897/529/5796 896/528/5800 4030/2153/5799
f 896/528/5800 3769/1979/5801 4030/2153/5799
f 900/529/5802 2104/1098/5803 4031/2152/5804
f 900/529/5802 2106/1101/5803 2104/1098/5803
f 4032/2153/5805 900/529/5802 4031/2152/5804
f 900/529/5802 4032/2153/5805 899/528/5806
f 899/528/5806 4032/2153/5805 3769/1979/5807
f 3128/1635/5808 1535/866/5808 1530/861/5808
f 1530/861/5808 3753/1968/5808 3128/1635/5808
f 286/178/5809 3054/1623/5810 3992/2130/5811
f 286/178/5809 3992/2130/5811 1983/1059/5809
f 3054/1623/5810 3305/1725/5812 3992/2130/5811
f 3305/1725/5812 3991/2129/5813 3992/2130/5811
f 3305/1725/5812 4033/2154/5814 3991/2129/5813
f 3305/1725/5812 1828/999/5815 4033/2154/5814
f 1593/866/5816 3139/1635/5816 1592/861/5816
f 1592/861/5816 3139/1635/5816 3754/1968/5816
f 1984/1059/5817 3994/2130/5818 335/178/5817
f 3071/1623/5819 335/178/5817 3994/2130/5818
f 3071/1623/5819 3994/2130/5818 3306/1725/5820
f 3993/2129/5821 3306/1725/5820 3994/2130/5818
f 3306/1725/5820 3993/2129/5821 4034/2154/5822
f 3306/1725/5820 4034/2154/5822 1831/999/5823
f 3831/2020/5824 3552/1843/5825 3551/1842/5824
f 3552/1843/5825 3831/2020/5824 4035/2155/5826
f 4035/2155/5826 1675/1873/5827 3552/1843/5825
f 1675/1873/5827 4035/2155/5826 2633/1873/5827
f 4036/2155/5828 3832/2020/5829 3553/1843/5830
f 3554/1842/5829 3553/1843/5830 3832/2020/5829
f 1803/1873/5831 4036/2155/5828 3553/1843/5830
f 4036/2155/5828 1803/1873/5831 2637/1873/5831
f 3837/2026/5832 1992/1065/5832 533/327/5832
f 3838/2026/5833 535/327/5833 1992/1065/5833
f 1422/789/5834 1423/790/5834 3965/2113/5834
f 3965/2113/5834 1423/790/5834 4037/2156/5834
f 1087/1216/5835 992/2126/5835 490/319/5835
f 3967/2113/5836 1432/790/5836 1431/789/5836
f 1432/790/5836 3967/2113/5836 4038/2156/5836
f 1315/1216/5837 525/319/5837 1314/2126/5837
f 2396/1240/5838 3999/2136/5839 2398/1242/5839
f 4039/2157/5840 3999/2136/5839 2396/1240/5838
f 2396/1240/5838 4040/2158/5841 4039/2157/5840
f 4040/2158/5841 2396/1240/5838 2395/1239/5842
f 2395/1239/5842 4041/2159/5843 4040/2158/5841
f 4041/2159/5843 2395/1239/5842 3589/1861/5844
f 3919/2086/5845 4041/2159/5843 3589/1861/5844
f 3549/1840/5846 3615/1888/5847 3907/2085/5848
f 3615/1888/5847 3549/1840/5846 2887/1953/5847
f 3907/2085/5848 2937/1551/5849 3549/1840/5846
f 2426/1240/5850 4000/2136/5851 4042/2157/5852
f 2426/1240/5850 2428/1242/5851 4000/2136/5851
f 2426/1240/5850 4042/2157/5852 4043/2158/5853
f 2424/1239/5854 2426/1240/5850 4043/2158/5853
f 4044/2159/5855 2424/1239/5854 4043/2158/5853
f 2424/1239/5854 4044/2159/5855 3593/1861/5856
f 3920/2086/5857 3593/1861/5856 4044/2159/5855
f 3550/1840/5858 3618/1888/5859 2913/1953/5859
f 3618/1888/5859 3550/1840/5858 3908/2085/5860
f 3908/2085/5860 3550/1840/5858 2971/1551/5861
f 1083/310/4870 490/319/4871 483/312/4871
f 525/319/4873 1317/310/4874 518/312/4873
f 489/318/5576 490/319/1042 992/2126/1042
f 2537/2160/5862 2538/1704/4698 2932/1545/5863
f 2933/1546/4698 2932/1545/5863 2538/1704/4698
f 2932/1545/5863 2539/1547/5864 2537/2160/5862
f 1121/671/5865 1097/648/5865 1119/669/5865
f 1097/648/5865 1121/671/5865 3842/2022/5865
f 2579/1704/4704 2578/2160/5866 2967/1545/5867
f 2967/1545/5867 2578/2160/5866 2580/1547/5868
f 2967/1545/5867 2966/1546/4704 2579/1704/4704
f 1277/671/5869 1303/648/5869 3834/2022/5869
f 1303/648/5869 1277/671/5869 1282/669/5869
f 2815/1464/5870 2816/1465/5871 2818/1467/5872
f 2811/1460/5872 2815/1464/5870 2818/1467/5872
f 2815/1464/5870 2814/1463/5873 2816/1465/5871
f 2814/1463/5873 2803/1452/5874 2816/1465/5871
f 3006/1464/5875 2994/1465/5876 3004/1463/5877
f 3004/1463/5877 2994/1465/5876 2993/1452/5878
f 3006/1464/5875 2818/1467/5872 2994/1465/5876
f 2811/1460/5872 2818/1467/5872 3006/1464/5875
f 3826/2015/5879 2714/2161/5880 2713/1913/5881
f 3826/2015/5879 2717/1706/5882 2714/2161/5880
f 3743/1961/5883 3826/2015/5879 2713/1913/5881
f 3827/2015/5884 2722/1913/5885 2724/2161/5886
f 3744/1961/5887 2722/1913/5885 3827/2015/5884
f 3827/2015/5884 2724/2161/5886 2726/1706/5888
f 289/183/5889 1530/861/5890 1532/863/5889
f 1530/861/5890 289/183/5889 288/182/5891
f 3753/1968/5892 1530/861/5890 288/182/5891
f 293/183/5893 1592/861/5894 291/182/5895
f 3754/1968/5896 291/182/5895 1592/861/5894
f 1592/861/5894 293/183/5893 1595/863/5893
f 115/79/5897 652/2162/5898 114/78/5899
f 112/76/5900 114/78/5899 652/2162/5898
f 652/2162/5898 115/79/5897 649/2163/5901
f 117/3/1348 649/2163/5901 115/79/5897
f 652/2162/5898 664/1743/3590 112/76/5900
f 112/76/5900 664/1743/3590 108/73/3591
f 3340/1744/3591 664/1743/3590 473/303/3591
f 453/79/5902 375/2162/5903 378/2163/5904
f 3/3/1029 453/79/5902 378/2163/5904
f 375/2162/5903 453/79/5902 452/78/5905
f 452/78/5905 449/76/5906 375/2162/5903
f 375/2162/5903 449/76/5906 356/1743/3602
f 449/76/5906 447/73/3601 356/1743/3602
f 356/1743/3602 3343/1744/3601 355/303/3601
f 3799/1988/5907 2297/2164/5908 2296/1799/5909
f 3799/1988/5907 2380/1987/5910 2297/2164/5908
f 3801/1988/5911 2311/1799/5912 2312/2164/5913
f 3801/1988/5911 2312/2164/5913 2410/1987/5914
f 3365/1761/5915 3081/2165/5916 2669/1374/5917
f 2669/1374/5917 3081/2165/5916 3080/2018/5918
f 3369/1761/5919 2701/1374/5920 2983/2165/5921
f 2701/1374/5920 2982/2018/5922 2983/2165/5921
f 4045/2166/5923 738/329/5924 822/2167/5925
f 4045/2166/5923 822/2167/5925 824/2168/5926
f 820/2169/5927 822/2167/5925 738/329/5924
f 1978/1056/5928 820/2169/5927 738/329/5924
f 1978/1056/5928 738/329/5924 275/167/5929
f 1978/1056/5928 275/167/5929 278/170/5930
f 278/170/5930 275/167/5929 271/163/5931
f 278/170/5930 271/163/5931 270/162/5932
f 1178/2167/5933 820/2169/5934 538/329/5935
f 1978/1056/5936 538/329/5935 820/2169/5934
f 1178/2167/5933 538/329/5935 4046/2166/5937
f 4046/2166/5937 1181/2168/5938 1178/2167/5933
f 1978/1056/5936 539/167/5939 538/329/5935
f 1978/1056/5936 330/170/5940 539/167/5939
f 330/170/5940 327/163/5941 539/167/5939
f 330/170/5940 325/162/5942 327/163/5941
f 3114/1832/5943 3538/2170/5944 3829/2019/5945
f 3538/2170/5944 4047/2171/5946 3829/2019/5945
f 3627/1899/5947 3829/2019/5945 4047/2171/5946
f 3538/2170/5944 3119/2172/5948 4047/2171/5946
f 3627/1899/5947 4047/2171/5946 3119/2172/5948
f 3595/2173/5949 3119/2172/5948 3538/2170/5944
f 3627/1899/5947 3119/2172/5948 3120/1900/5950
f 4005/2079/5951 4048/2174/5952 3494/1824/5953
f 4006/2140/5954 4048/2174/5952 4005/2079/5951
f 3494/1824/5953 4048/2174/5952 2302/1199/5955
f 4048/2174/5952 2300/1197/5956 2302/1199/5955
f 3031/1832/5957 3830/2019/5958 3539/2170/5959
f 3539/2170/5959 3830/2019/5958 4049/2171/5960
f 3628/1899/5961 4049/2171/5960 3830/2019/5958
f 3539/2170/5959 4049/2171/5960 3022/2172/5962
f 3628/1899/5961 3022/2172/5962 4049/2171/5960
f 3596/2173/5963 3539/2170/5959 3022/2172/5962
f 3628/1899/5961 3018/1900/5964 3022/2172/5962
f 4050/2174/5965 4007/2079/5966 3495/1824/5967
f 4008/2140/5954 4007/2079/5966 4050/2174/5965
f 3495/1824/5967 2304/1199/5968 4050/2174/5965
f 4050/2174/5965 2304/1199/5968 2306/1197/5969
f 3960/2111/5970 4037/2156/5970 1425/792/5970
f 1425/792/5970 4037/2156/5970 1423/790/5970
f 4038/2156/5971 3963/2111/5971 1434/792/5971
f 1434/792/5971 1432/790/5971 4038/2156/5971
f 3843/2031/5972 2273/1173/5973 2278/1178/5974
f 2273/1173/5973 3843/2031/5972 4051/2175/4555
f 2392/1236/5975 4051/2175/4555 3843/2031/5972
f 4051/2175/4555 2270/1170/5976 2273/1173/5973
f 3828/1132/5977 4051/2175/4555 2392/1236/5975
f 4051/2175/4555 3828/1132/5977 2270/1170/5976
f 3424/1794/5978 2270/1170/5976 3828/1132/5977
f 3844/2031/5979 2330/1173/5980 4052/2175/4569
f 2330/1173/5980 3844/2031/5979 2329/1178/5981
f 2422/1236/5982 3844/2031/5979 4052/2175/4569
f 2335/1170/5983 4052/2175/4569 2330/1173/5980
f 3808/1132/5984 2422/1236/5982 4052/2175/4569
f 4052/2175/4569 2335/1170/5983 3808/1132/5984
f 3428/1794/5985 3808/1132/5984 2335/1170/5983
f 1994/1067/5549 3976/2121/5549 1993/1066/5549
f 3976/2121/5549 1994/1067/5549 4053/2176/5549
f 1994/1067/5556 3977/2121/5556 4053/2176/5556
f 3977/2121/5556 1994/1067/5556 1998/1066/5556
f 2604/1425/5986 3466/1822/5986 2232/2012/5986
f 2617/1425/5987 2188/2012/5987 3467/1822/5987
f 3178/1826/5988 3364/1760/5988 2748/1421/5988
f 3185/1826/5989 2764/1421/5989 3368/1760/5989
f 3333/1738/5990 3334/1739/5991 4054/2177/5992
f 4054/2177/5992 3334/1739/5991 1872/1026/5993
f 3334/1739/5991 1452/1029/5993 1872/1026/5993
f 4054/2177/5992 4055/2178/5994 3333/1738/5990
f 4055/2178/5994 3332/1737/5995 3333/1738/5990
f 3332/1737/5995 4055/2178/5994 4056/2179/5996
f 4057/2180/5997 3332/1737/5995 4056/2179/5996
f 2733/1407/5998 3332/1737/5995 4057/2180/5997
f 4058/2181/5999 2733/1407/5998 4057/2180/5997
f 2733/1407/5998 4058/2181/5999 2732/1406/6000
f 4058/2181/5999 3603/1872/6001 2732/1406/6000
f 3603/1872/6001 4058/2181/5999 4059/2182/6002
f 3603/1872/6001 4059/2182/6002 3919/2086/6003
f 3337/1739/6004 3336/1738/6005 4060/2177/6006
f 4060/2177/6006 1927/1026/6007 3337/1739/6004
f 1465/1029/6007 3337/1739/6004 1927/1026/6007
f 4060/2177/6006 3336/1738/6005 4061/2178/6008
f 3335/1737/6009 4061/2178/6008 3336/1738/6005
f 4061/2178/6008 3335/1737/6009 4062/2179/6010
f 3335/1737/6009 4063/2180/6011 4062/2179/6010
f 4063/2180/6011 3335/1737/6009 2735/1407/6012
f 4064/2181/6013 4063/2180/6011 2735/1407/6012
f 2735/1407/6012 2734/1406/6014 4064/2181/6013
f 3604/1872/6015 4064/2181/6013 2734/1406/6014
f 4064/2181/6013 3604/1872/6015 4065/2182/6016
f 3604/1872/6015 3920/2086/6017 4065/2182/6016
f 3971/2119/6018 3624/1895/6019 3623/1894/6018
f 3971/2119/6018 3623/1894/6018 3625/1895/6020
f 1045/626/6021 272/164/6021 3955/2108/6022
f 272/164/6021 800/1272/6023 3955/2108/6022
f 3955/2108/6022 800/1272/6023 3991/2129/5602
f 800/1272/6023 798/2183/6024 3991/2129/5602
f 797/1955/5603 3991/2129/5602 798/2183/6024
f 1056/626/6025 3957/2108/6026 326/164/6025
f 326/164/6025 3957/2108/6026 1171/1272/6027
f 3957/2108/6026 3993/2129/5605 1171/1272/6027
f 1171/1272/6027 3993/2129/5605 1170/2183/6028
f 3993/2129/5605 881/1955/5604 1170/2183/6028
f 3898/2077/6029 2223/1139/6030 2222/1138/6030
f 3898/2077/6029 2222/1138/6030 4002/2138/6031
f 4001/2137/6032 3898/2077/6029 4002/2138/6031
f 3896/2075/6032 3898/2077/6029 4001/2137/6032
f 4003/2138/6033 2168/1138/6034 3902/2077/6035
f 2169/1139/6034 3902/2077/6035 2168/1138/6034
f 3902/2077/6035 4004/2137/6036 4003/2138/6033
f 3902/2077/6035 3900/2075/6036 4004/2137/6036
f 3976/2121/6037 4066/2184/6038 3609/1878/6039
f 4053/2176/6040 4066/2184/6038 3976/2121/6037
f 3609/1878/6039 4066/2184/6038 2792/1441/6041
f 4066/2184/6038 2791/1440/6042 2792/1441/6041
f 4066/2184/6038 3977/2121/6043 3610/1878/6044
f 4053/2176/6040 3977/2121/6043 4066/2184/6038
f 3610/1878/6044 2793/1441/6045 4066/2184/6038
f 4066/2184/6038 2793/1441/6045 2791/1440/6042
f 3904/2079/6046 4048/2174/5952 4006/2140/5954
f 3904/2079/6046 3903/1824/6047 4048/2174/5952
f 4048/2174/5952 3903/1824/6047 2485/1199/6048
f 2485/1199/6048 2300/1197/5956 4048/2174/5952
f 4008/2140/5954 4050/2174/5965 3906/2079/6049
f 3906/2079/6049 4050/2174/5965 3905/1824/6050
f 4050/2174/5965 2488/1199/6051 3905/1824/6050
f 2488/1199/6051 4050/2174/5965 2306/1197/5969
f 4041/2159/6052 4058/2181/6053 4040/2158/6053
f 4058/2181/6053 4041/2159/6052 4059/2182/6052
f 4059/2182/6052 4041/2159/6052 3919/2086/6054
f 4044/2159/6055 4064/2181/6056 4065/2182/6055
f 4064/2181/6056 4044/2159/6055 4043/2158/6056
f 4065/2182/6055 3920/2086/6057 4044/2159/6055
f 2787/1262/6058 3904/2079/6058 2459/1261/6058
f 2459/1261/6058 3904/2079/6058 4006/2140/6058
f 3906/2079/6059 2789/1262/6059 2466/1261/6059
f 2466/1261/6059 4008/2140/6059 3906/2079/6059
f 3926/1919/283 543/332/283 545/334/283
f 3927/1919/283 609/334/283 901/332/283
f 1231/710/5777 1036/617/6060 2298/1196/6061
f 1034/615/6062 1036/617/6060 1231/710/5777
f 1368/710/5795 2299/1196/6063 1347/617/6064
f 1343/615/6065 1368/710/5795 1347/617/6064
f 749/429/6066 4067/2185/6067 751/431/6067
f 4067/2185/6067 749/429/6066 4018/2147/6066
f 3978/2122/6068 751/431/6067 4067/2185/6067
f 751/431/6067 3978/2122/6068 752/432/6068
f 1212/429/6069 1215/431/6070 4068/2185/6070
f 1212/429/6069 4068/2185/6070 4023/2147/6069
f 1215/431/6070 3981/2122/6071 4068/2185/6070
f 1215/431/6070 1216/432/6071 3981/2122/6071
f 1968/745/4547 2249/987/4547 1948/882/4547
f 3414/745/4542 2143/882/4542 1717/987/4542
f 4069/2186/6072 621/2187/6073 2482/1273/4622
f 2482/1273/4622 739/330/6074 4069/2186/6072
f 621/2187/6073 2481/1271/6073 2482/1273/4622
f 2481/1271/6073 621/2187/6073 800/1272/6075
f 3379/1767/6076 3383/1771/6077 3378/1766/4409
f 421/2132/6078 1410/775/6078 3975/775/6078
f 1410/775/6078 421/2132/6078 1418/783/6078
f 2484/1273/4590 625/2187/6079 4070/2186/6080
f 2484/1273/4590 4070/2186/6080 540/330/6081
f 625/2187/6079 2484/1273/4590 2483/1271/6079
f 2483/1271/6079 1171/1272/6082 625/2187/6079
f 4015/1920/6083 3926/1919/4409 3688/1920/6084
f 3688/1920/6084 3926/1919/4409 3686/1919/4409
f 2479/1256/6085 4015/1920/6083 3688/1920/6084
f 2478/1256/6085 4015/1920/6083 2479/1256/6085
f 4016/1920/6083 3662/1920/6084 3927/1919/4409
f 3662/1920/6084 3660/1919/4409 3927/1919/4409
f 2450/1256/6085 3662/1920/6084 4016/1920/6083
f 4016/1920/6083 2448/1256/6085 2450/1256/6085
f 213/93/6086 264/157/6086 266/159/6086
f 134/93/6087 202/159/6087 200/157/6087
f 3991/2129/6088 4033/2154/6089 3956/2109/6090
f 3956/2109/6090 4033/2154/6089 1828/999/6091
f 3991/2129/6088 3956/2109/6090 3955/2108/6088
f 3957/2108/6092 3958/2109/6093 3993/2129/6092
f 4034/2154/6094 3993/2129/6092 3958/2109/6093
f 3958/2109/6093 1831/999/6095 4034/2154/6094
f 3895/2074/6096 4071/2188/6097 3897/2076/6098
f 1124/674/6099 3897/2076/6098 4071/2188/6097
f 4071/2188/6097 3895/2074/6096 4072/2189/6100
f 3895/2074/6096 3896/2075/6101 4072/2189/6100
f 4001/2137/6101 4072/2189/6100 3896/2075/6101
f 3899/2074/6102 3901/2076/6103 4073/2188/6104
f 1279/674/6105 4073/2188/6104 3901/2076/6103
f 3899/2074/6102 4073/2188/6104 4074/2189/6106
f 3900/2075/6107 3899/2074/6102 4074/2189/6106
f 4074/2189/6106 4004/2137/6107 3900/2075/6107
f 3720/1944/4409 3725/1949/6108 3723/1947/4409
f 3721/1945/884 3725/1949/6108 3720/1944/4409
f 3939/2104/6109 2865/1506/6110 4075/1506/6111
f 4076/1765/6112 2865/1506/6110 2864/1505/6113
f 4075/1506/6111 3940/2105/6114 3939/2104/6109
f 3929/2095/6115 3940/2105/6114 4075/1506/6111
f 3929/2095/6115 3932/2098/6116 3940/2105/6114
f 4075/1506/6111 3493/1778/6117 3929/2095/6115
f 3493/1778/6117 4075/1506/6111 4076/1765/6118
f 3493/1778/6117 4076/1765/6118 4077/2087/6119
f 3485/1769/6120 3493/1778/6117 4077/2087/6119
f 3484/1768/6121 3493/1778/6117 3485/1769/6120
f 3493/1778/6117 3484/1768/6121 3483/1767/6122
f 3493/1778/6117 3483/1767/6122 3487/1771/6123
f 3483/1767/6122 3482/1766/4409 3487/1771/6123
f 3487/1771/6123 3490/1777/6124 3493/1778/6117
f 3490/1777/6124 3487/1771/6123 3488/1772/6124
f 4077/2087/6125 4076/1765/6112 2859/1502/6126
f 2860/1503/3903 4077/2087/6125 2859/1502/6126
f 4077/2087/6125 2860/1503/3903 3485/1769/3902
f 3485/1769/3902 2862/1503/3901 3484/1768/3901
f 2465/1267/6127 3823/1267/6127 2463/1265/6127
f 2463/1265/6127 3823/1267/6127 1550/1265/6127
f 2471/1267/6127 2470/1265/6127 3825/1267/6127
f 2470/1265/6127 1597/1265/6127 3825/1267/6127
f 3800/1989/365 3762/1975/6128 3761/1974/365
f 3762/1975/6128 3800/1989/365 3969/2115/6129
f 555/418/6130 3762/1975/6128 3969/2115/6129
f 3762/1975/6128 555/418/6130 3763/1976/6131
f 558/1447/6132 3763/1976/6131 555/418/6130
f 1693/2131/6133 3831/2020/6134 3496/1825/6135
f 4035/2155/6136 3831/2020/6134 1693/2131/6133
f 3802/1989/663 3766/1975/6137 3970/2115/6138
f 3766/1975/6137 3802/1989/663 3765/1974/663
f 587/418/6139 3970/2115/6138 3766/1975/6137
f 3766/1975/6137 3767/1976/6140 587/418/6139
f 589/1447/6141 587/418/6139 3767/1976/6140
f 1818/2131/6142 3497/1825/6143 3832/2020/6144
f 4036/2155/6145 1818/2131/6142 3832/2020/6144
f 3842/2022/6146 1121/671/6146 3841/2021/6146
f 3834/2022/6147 3833/2021/6147 1277/671/6147
f 4030/2153/6148 3769/1979/6148 4078/2190/6148
f 4032/2153/6149 4078/2190/6149 3769/1979/6149
f 4079/1506/6150 3951/2104/6151 3952/2105/6152
f 3941/2095/6153 4079/1506/6150 3952/2105/6152
f 3941/2095/6153 3952/2105/6152 3945/2098/6154
f 3391/1778/6155 4079/1506/6150 3941/2095/6153
f 3391/1778/6155 4080/1765/6156 4079/1506/6150
f 3391/1778/6155 3921/2087/6157 4080/1765/6156
f 3381/1769/6158 3921/2087/6157 3391/1778/6155
f 3380/1768/6159 3381/1769/6158 3391/1778/6155
f 3380/1768/6159 3391/1778/6155 3379/1767/6076
f 3379/1767/6076 3391/1778/6155 3383/1771/6077
f 3389/1777/6160 3383/1771/6077 3391/1778/6155
f 3383/1771/6077 3389/1777/6160 3384/1772/6160
f 1031/612/6161 4081/2191/6162 3316/1731/6163
f 1694/970/6164 3316/1731/6163 4081/2191/6162
f 3316/1731/6163 1694/970/6164 1696/972/6165
f 4081/2191/6162 1693/969/6133 1694/970/6164
f 4081/2191/6162 1031/612/6161 4082/842/6166
f 4082/842/6166 1693/969/6133 4081/2191/6162
f 4082/842/6166 1031/612/6161 3953/959/6167
f 1693/969/6133 4082/842/6166 4035/2192/6136
f 3953/959/6167 4083/838/6166 4082/842/6166
f 4083/838/6166 4035/2192/6136 4082/842/6166
f 4083/838/6166 3953/959/6167 1507/839/6168
f 4035/2192/6136 4083/838/6166 2633/953/6169
f 1507/839/6168 1505/837/6170 4083/838/6166
f 1505/837/6170 2633/953/6169 4083/838/6166
f 2633/953/6169 1505/837/6170 1504/836/6171
f 1504/836/6171 1500/832/6172 2633/953/6169
f 4084/2191/6173 1351/612/6174 3317/1731/6175
f 3317/1731/6175 1819/970/6176 4084/2191/6173
f 1819/970/6176 3317/1731/6175 1823/972/6177
f 4084/2191/6173 1819/970/6176 1818/969/6142
f 1351/612/6174 4084/2191/6173 4085/842/6178
f 1818/969/6142 4085/842/6178 4084/2191/6173
f 4085/842/6178 3954/959/6179 1351/612/6174
f 4085/842/6178 1818/969/6142 4036/2192/6145
f 3954/959/6179 4085/842/6178 4086/838/6178
f 4036/2192/6145 4086/838/6178 4085/842/6178
f 4086/838/6178 1739/839/6180 3954/959/6179
f 4086/838/6178 4036/2192/6145 2637/953/6181
f 1739/839/6180 4086/838/6178 1737/837/6182
f 2637/953/6181 1737/837/6182 4086/838/6178
f 1737/837/6182 2637/953/6181 1736/836/6183
f 1736/836/6183 2637/953/6181 1701/832/6184
f 1668/947/5771 3819/2006/6185 4087/2193/6186
f 4087/2193/6186 3605/2194/6187 1668/947/5771
f 1677/955/6188 4087/2193/6186 3819/2006/6185
f 1677/955/6188 3819/2006/6185 3818/2005/6189
f 1679/956/6190 1677/955/6188 3818/2005/6189
f 2240/978/6191 4087/2193/6186 1677/955/6188
f 4088/2195/6192 3605/2194/6187 4087/2193/6186
f 4087/2193/6186 2240/978/6191 4088/2195/6192
f 4088/2195/6192 3552/2116/6193 3605/2194/6187
f 4088/2195/6192 3877/2064/6194 3552/2116/6193
f 2240/978/6191 3877/2064/6194 4088/2195/6192
f 3877/2064/6194 2240/978/6191 2243/981/6195
f 3821/2006/6196 1786/947/5789 4089/2193/6197
f 3606/2194/6198 4089/2193/6197 1786/947/5789
f 4089/2193/6197 1804/955/6199 3821/2006/6196
f 3820/2005/6200 3821/2006/6196 1804/955/6199
f 1806/956/6201 3820/2005/6200 1804/955/6199
f 4089/2193/6197 1708/978/6202 1804/955/6199
f 4089/2193/6197 3606/2194/6198 4090/2195/6203
f 1708/978/6202 4089/2193/6197 4090/2195/6203
f 3553/2116/6204 4090/2195/6203 3606/2194/6198
f 4090/2195/6203 3553/2116/6204 3878/2064/6205
f 3878/2064/6205 1708/978/6202 4090/2195/6203
f 3878/2064/6205 1711/981/6206 1708/978/6202
f 50/46/6207 285/2196/6208 49/45/6209
f 49/45/6209 285/2196/6208 780/1628/2305
f 52/46/6210 51/45/6211 334/2196/6212
f 51/45/6211 401/1628/2370 334/2196/6212
f 1857/1012/6213 1867/1021/6213 1860/1014/6213
f 1867/1021/6213 1857/1012/6213 3706/1010/6213
f 3528/1710/6214 3499/1711/4409 3501/1828/6215
f 1914/1012/6216 1925/1021/6216 3707/1010/6216
f 1925/1021/6216 1914/1012/6216 1917/1014/6216
f 2196/1152/6217 1874/1028/6218 1977/1055/6218
f 1874/1028/6218 2196/1152/6217 1866/1020/6219
f 2196/1152/6217 2197/1151/6220 1866/1020/6219
f 1866/1020/6219 2197/1151/6220 2200/1148/6221
f 1866/1020/6219 2200/1148/6221 3679/1149/6222
f 2183/1152/6223 1930/1028/6224 1924/1020/6225
f 1930/1028/6224 2183/1152/6223 2184/1055/6224
f 2183/1152/6223 1924/1020/6225 2182/1151/6226
f 1924/1020/6225 2181/1148/6227 2182/1151/6226
f 1924/1020/6225 3742/1149/6228 2181/1148/6227
f 2452/1258/6229 1878/2139/5660 1452/810/6230
f 2451/1257/5661 1878/2139/5660 2452/1258/6229
f 2452/1258/6229 1452/810/6230 1451/809/6230
f 1465/810/6231 2456/1258/6232 1464/809/6231
f 1420/2139/5663 2456/1258/6232 1465/810/6231
f 1420/2139/5663 2455/1257/5662 2456/1258/6232
f 3966/2114/5748 3996/2134/5750 3995/2133/6233
f 3968/2114/5752 3997/2133/6234 3998/2134/5753
f 3797/1986/6235 1972/737/6236 1880/1032/6237
f 1972/737/6236 3797/1986/6235 984/584/6238
f 1129/586/6066 1972/737/6236 984/584/6238
f 1880/1032/6237 3796/1983/6239 3797/1986/6235
f 1880/1032/6237 1881/1033/6240 3796/1983/6239
f 1935/1032/6241 1261/737/6242 3798/1986/6243
f 1261/737/6242 1562/584/6244 3798/1986/6243
f 1262/586/6069 1562/584/6244 1261/737/6242
f 1935/1032/6241 3798/1986/6243 3775/1983/6245
f 1935/1032/6241 3775/1983/6245 1934/1033/6246
f 3298/1719/6247 3788/1946/6248 3791/1502/6249
f 3788/1946/6248 3298/1719/6247 2897/1724/6250
f 3791/1502/6249 3296/1717/6251 3298/1719/6247
f 3791/1502/6249 3289/1713/6252 3296/1717/6251
f 3289/1713/6252 3791/1502/6249 3286/1710/6253
f 3791/1502/6249 3788/1946/6248 3790/1949/6254
f 3790/1949/6254 3788/1946/6248 3786/1945/788
f 3786/1945/788 3785/1944/4409 3790/1949/6254
f 3785/1944/4409 3787/1947/4409 3790/1949/6254
f 3286/1710/6253 3910/1828/6255 3287/1711/4409
f 3912/1830/6256 3910/1828/6255 3286/1710/6253
f 3286/1710/6253 3791/1502/6249 3912/1830/6256
f 3791/1502/6249 3915/1555/6257 3912/1830/6256
f 3791/1502/6249 2943/1557/6258 3915/1555/6257
f 3722/1946/6259 3532/1719/6260 3726/1502/6261
f 3532/1719/6260 3722/1946/6259 2880/1724/6262
f 3726/1502/6261 3532/1719/6260 3530/1717/6263
f 3722/1946/6259 3725/1949/6108 3721/1945/884
f 3722/1946/6259 3726/1502/6261 3725/1949/6108
f 3726/1502/6261 3530/1717/6263 3527/1713/6264
f 3726/1502/6261 3527/1713/6264 3528/1710/6214
f 3726/1502/6261 3528/1710/6214 3504/1830/6265
f 3504/1830/6265 3528/1710/6214 3501/1828/6215
f 3726/1502/6261 3504/1830/6265 3506/1555/6266
f 3726/1502/6261 3506/1555/6266 3727/1557/6267
f 4037/2156/6268 2614/1347/6269 4012/2144/6268
f 2614/1347/6269 4037/2156/6268 3960/2111/6270
f 3960/2111/6270 4001/2137/6271 2614/1347/6269
f 4072/2189/6272 4001/2137/6271 3960/2111/6270
f 3959/2110/6273 4072/2189/6272 3960/2111/6270
f 4071/2188/6274 4072/2189/6272 3959/2110/6273
f 4071/2188/6274 3959/2110/6273 3961/2112/6275
f 3961/2112/6275 3330/734/6276 4071/2188/6274
f 1124/674/6276 4071/2188/6274 3330/734/6276
f 2532/2032/6277 2529/2065/6277 2919/1535/6277
f 4014/2144/6278 2628/1347/6279 4038/2156/6278
f 2628/1347/6279 3963/2111/6280 4038/2156/6278
f 3963/2111/6280 2628/1347/6279 4004/2137/6281
f 4074/2189/6282 3963/2111/6280 4004/2137/6281
f 3962/2110/6283 3963/2111/6280 4074/2189/6282
f 4073/2188/6284 3962/2110/6283 4074/2189/6282
f 3962/2110/6283 4073/2188/6284 3964/2112/6285
f 3331/734/6286 3964/2112/6285 4073/2188/6284
f 4073/2188/6284 1279/674/6286 3331/734/6286
f 2573/2032/6287 2921/1535/6287 2570/2065/6287
f 4058/2181/6288 4039/2157/1394 4040/2158/6288
f 4039/2157/1394 4058/2181/6288 4057/2180/4298
f 4057/2180/4298 4056/2179/6289 4039/2157/1394
f 4039/2157/1394 4056/2179/6289 3999/2136/6290
f 4056/2179/6289 4055/2178/6291 3999/2136/6290
f 2400/1244/6291 3999/2136/6290 4055/2178/6291
f 4054/2177/6292 2400/1244/6291 4055/2178/6291
f 2400/1244/6291 4054/2177/6292 2402/1246/6293
f 4054/2177/6292 1980/1255/6294 2402/1246/6293
f 4054/2177/6292 1872/1026/6295 1980/1255/6294
f 4042/2157/1927 4064/2181/6296 4043/2158/6296
f 4064/2181/6296 4042/2157/1927 4063/2180/4343
f 4042/2157/1927 4062/2179/6297 4063/2180/4343
f 4062/2179/6297 4042/2157/1927 4000/2136/6298
f 4061/2178/6299 4062/2179/6297 4000/2136/6298
f 4061/2178/6299 4000/2136/6298 2430/1244/6299
f 2430/1244/6299 4060/2177/6300 4061/2178/6299
f 4060/2177/6300 2430/1244/6299 2432/1246/6301
f 4060/2177/6300 2432/1246/6301 1982/1255/6302
f 4060/2177/6300 1982/1255/6302 1927/1026/6303
f 3165/1506/6304 3951/2104/6151 4079/1506/6150
f 4080/1765/6305 3165/1506/6304 4079/1506/6150
f 4076/1765/6112 4075/1506/6111 2865/1506/6110
f 1014/520/6306 1897/768/6307 3563/1849/4984
f 1895/770/6308 3563/1849/4984 1897/768/6307
f 3563/1849/4984 1895/770/6308 3564/771/6308
f 1895/770/6308 1896/772/6309 3564/771/6308
f 1897/768/6307 1014/520/6306 1899/767/6310
f 1014/520/6306 1900/761/6311 1899/767/6310
f 1014/520/6306 1013/519/6312 1900/761/6311
f 1900/761/6311 1013/519/6312 1905/760/6313
f 1905/760/6313 1013/519/6312 1015/521/6313
f 1403/768/6314 855/520/6315 3565/1849/4985
f 855/520/6315 1403/768/6314 1402/767/6316
f 3565/1849/4985 1405/770/6317 1403/768/6314
f 1405/770/6317 3565/1849/4985 3566/771/6317
f 1405/770/6317 3566/771/6317 1407/772/6318
f 1396/761/6319 855/520/6315 1402/767/6316
f 854/519/6320 855/520/6315 1396/761/6319
f 1396/761/6319 1395/760/6321 854/519/6320
f 1395/760/6321 856/521/6321 854/519/6320
f 4091/2197/6322 2036/1099/6322 4029/2152/6322
f 4029/2152/6322 2036/1099/6322 2035/1098/6322
f 4031/2152/6323 2036/1099/6323 4091/2197/6323
f 4031/2152/6323 2104/1098/6323 2036/1099/6323
f 1113/663/6324 1119/669/6325 1097/648/6326
f 1102/650/6327 1113/663/6324 1097/648/6326
f 1284/663/6328 1303/648/6329 1282/669/6330
f 1287/650/6331 1303/648/6329 1284/663/6328
f 4017/2146/4461 4092/2198/6332 4093/2199/6333
f 4092/2198/6332 4017/2146/4461 4019/2148/6334
f 4019/2148/6334 4094/2200/6335 4092/2198/6332
f 4017/2146/4461 4093/2199/6333 4095/2201/6336
f 4017/2146/4461 4095/2201/6336 4018/2147/4020
f 4018/2147/4020 4095/2201/6336 4067/2185/6337
f 4067/2185/6337 4095/2201/6336 3979/2123/2791
f 4067/2185/6337 3979/2123/2791 3978/2122/6338
f 4095/2201/6336 3980/2124/6339 3979/2123/2791
f 4095/2201/6336 4093/2199/6333 3980/2124/6339
f 4093/2199/6333 755/435/6340 3980/2124/6339
f 4093/2199/6333 754/434/6341 755/435/6340
f 4092/2198/6332 754/434/6341 4093/2199/6333
f 4094/2200/6335 754/434/6341 4092/2198/6332
f 754/434/6341 683/241/6342 679/235/6342
f 683/241/6342 754/434/6341 3894/2073/6343
f 4094/2200/6335 3894/2073/6343 754/434/6341
f 4094/2200/6335 3893/2072/6344 3894/2073/6343
f 3892/2071/6345 3893/2072/6344 4094/2200/6335
f 4096/2202/6346 3892/2071/6345 4094/2200/6335
f 4019/2148/6334 4096/2202/6346 4094/2200/6335
f 4096/2202/6346 3891/2070/6347 3892/2071/6345
f 4096/2202/6346 4019/2148/6334 4020/2149/6348
f 4020/2149/6348 3891/2070/6347 4096/2202/6346
f 4020/2149/6348 3889/2068/6349 3891/2070/6347
f 3889/2068/6349 4020/2149/6348 4021/2150/6350
f 4021/2150/6350 3890/2069/6351 3889/2068/6349
f 3890/2069/6351 4021/2150/6350 1146/544/5718
f 3890/2069/6351 1146/544/5718 1147/546/6352
f 4024/2146/4457 4097/2199/6353 4098/2198/6354
f 4098/2198/6354 4025/2148/6355 4024/2146/4457
f 4099/2200/6356 4025/2148/6355 4098/2198/6354
f 4097/2199/6353 4024/2146/4457 4100/2201/6357
f 4023/2147/4015 4100/2201/6357 4024/2146/4457
f 4100/2201/6357 4023/2147/4015 4068/2185/6358
f 4068/2185/6358 3982/2123/2756 4100/2201/6357
f 3982/2123/2756 4068/2185/6358 3981/2122/6359
f 3983/2124/6360 4100/2201/6357 3982/2123/2756
f 4100/2201/6357 3983/2124/6360 4097/2199/6353
f 1218/435/6361 4097/2199/6353 3983/2124/6360
f 4097/2199/6353 1218/435/6361 1213/434/6362
f 1213/434/6362 4098/2198/6354 4097/2199/6353
f 4098/2198/6354 1213/434/6362 4099/2200/6356
f 373/241/6363 1213/434/6362 367/235/6363
f 1213/434/6362 373/241/6363 3888/2073/6364
f 3888/2073/6364 4099/2200/6356 1213/434/6362
f 3887/2072/6365 4099/2200/6356 3888/2073/6364
f 3886/2071/6366 4099/2200/6356 3887/2072/6365
f 3886/2071/6366 4101/2202/6367 4099/2200/6356
f 4025/2148/6355 4099/2200/6356 4101/2202/6367
f 3885/2070/6368 4101/2202/6367 3886/2071/6366
f 4101/2202/6367 4026/2149/6369 4025/2148/6355
f 3885/2070/6368 4026/2149/6369 4101/2202/6367
f 4026/2149/6369 3885/2070/6368 3883/2068/6370
f 3883/2068/6370 4027/2150/6371 4026/2149/6369
f 4027/2150/6371 3883/2068/6370 3884/2069/6372
f 3884/2069/6372 921/544/5724 4027/2150/6371
f 3884/2069/6372 923/546/6373 921/544/5724
f 312/2132/5641 1887/775/5641 1885/783/5641
f 50/46/6374 282/814/6374 285/2196/6374
f 52/46/6375 334/2196/6375 333/814/6375
f 3974/2203/6376 3338/1740/6377 3591/2204/6378
f 1896/1742/6379 3591/2204/6378 3338/1740/6377
f 3338/1740/6377 3974/2203/6376 3339/1741/6380
f 3339/1741/6380 3974/2203/6376 312/202/6381
f 3341/1740/6382 3975/2203/6383 3594/2204/6384
f 1407/1742/6385 3341/1740/6382 3594/2204/6384
f 3975/2203/6383 3341/1740/6382 3342/1741/6386
f 3342/1741/6386 421/202/6387 3975/2203/6383
f 2552/2034/6388 3807/1999/6388 2553/2205/6389
f 2553/2205/6389 3807/1999/6388 727/416/6390
f 1449/807/6391 2553/2205/6389 727/416/6390
f 3809/1999/6392 2593/2034/6392 2594/2205/6393
f 2594/2205/6393 734/416/6394 3809/1999/6392
f 1462/807/6395 734/416/6394 2594/2205/6393
f 3749/1966/6396 728/417/6397 726/415/6398
f 3750/1967/6399 728/417/6397 3749/1966/6396
f 3751/1966/6400 733/415/6401 735/417/6402
f 3752/1967/6403 3751/1966/6400 735/417/6402
f 3468/1264/6404 3621/1892/6404 3972/2120/6404
f 3622/1892/6404 3469/1264/6404 3973/2120/6404
f 3835/2025/6405 1000/2206/6406 1004/2207/2360
f 1004/2207/2360 100/65/6407 3835/2025/6405
f 1000/2206/6406 3835/2025/6405 3617/1891/6408
f 3617/1891/6408 492/321/6409 1000/2206/6406
f 492/321/6409 3617/1891/6408 485/314/6410
f 3616/1890/6411 485/314/6410 3617/1891/6408
f 464/294/6412 485/314/6410 3616/1890/6411
f 3836/2025/6413 841/2206/6414 3619/1891/6415
f 841/2206/6414 3836/2025/6413 843/2207/2320
f 843/2207/2320 3836/2025/6413 435/65/6416
f 527/321/6417 3619/1891/6415 841/2206/6414
f 3619/1891/6415 527/321/6417 520/314/6418
f 3620/1890/6419 3619/1891/6415 520/314/6418
f 502/294/6420 3620/1890/6419 520/314/6418
f 3419/1793/6421 3813/2004/6421 3812/2003/6421
f 3423/1793/6422 3814/2003/6422 3815/2004/6422
f 3816/1892/6404 3468/1264/6404 3972/2120/6404
f 3469/1264/6404 3817/1892/6404 3973/2120/6404
f 3645/1907/6423 1442/800/6424 3750/1967/6425
f 1442/800/6424 728/417/6426 3750/1967/6425
f 1442/800/6424 3645/1907/6423 309/199/6427
f 224/104/6428 309/199/6427 3645/1907/6423
f 3647/1907/6429 1455/800/6430 418/199/6431
f 145/104/6432 3647/1907/6429 418/199/6431
f 1455/800/6430 3647/1907/6429 3752/1967/6433
f 1455/800/6430 3752/1967/6433 735/417/6434
f 4011/2143/6435 4037/2156/6435 4012/2144/6435
f 4037/2156/6435 4011/2143/6435 3965/2113/6435
f 4013/2143/6436 4014/2144/6436 4038/2156/6436
f 4013/2143/6436 4038/2156/6436 3967/2113/6436
f 3813/2004/6437 3419/1793/6437 3418/1792/6438
f 3813/2004/6437 3418/1792/6438 765/445/6438
f 3813/2004/6437 765/445/6438 662/236/6439
f 765/445/6438 3418/1792/6438 3417/1791/6440
f 765/445/6438 3417/1791/6440 769/449/6441
f 3417/1791/6440 3416/1790/6442 769/449/6441
f 769/449/6441 3416/1790/6442 772/452/6443
f 777/456/6444 772/452/6443 3416/1790/6442
f 777/456/6444 3416/1790/6442 4102/2208/6445
f 645/253/6446 4102/2208/6445 3416/1790/6446
f 4102/2208/6445 645/253/6446 644/254/6447
f 4103/2209/6448 777/456/6444 4102/2208/6445
f 644/254/6447 4103/2209/6448 4102/2208/6445
f 777/456/6444 4103/2209/6448 779/276/6449
f 4103/2209/6448 644/254/6447 643/257/6450
f 4103/2209/6448 784/269/6451 779/276/6449
f 643/257/6450 784/269/6451 4103/2209/6448
f 784/269/6451 643/257/6450 642/259/6452
f 642/259/6452 639/261/6453 784/269/6451
f 3815/2004/6454 3422/1792/6455 3423/1793/6454
f 3422/1792/6455 3815/2004/6454 868/445/6455
f 3815/2004/6454 368/236/6456 868/445/6455
f 868/445/6455 3421/1791/6457 3422/1792/6455
f 3421/1791/6457 868/445/6455 866/449/6458
f 3421/1791/6457 866/449/6458 3420/1790/6459
f 3420/1790/6459 866/449/6458 863/452/6460
f 863/452/6460 862/456/6461 3420/1790/6459
f 4104/2208/6462 3420/1790/6459 862/456/6461
f 4104/2208/6462 384/253/6463 3420/1790/6463
f 384/253/6463 4104/2208/6462 385/254/6464
f 862/456/6461 4105/2209/6465 4104/2208/6462
f 4104/2208/6462 4105/2209/6465 385/254/6464
f 4105/2209/6465 862/456/6461 398/276/6466
f 387/257/6467 385/254/6464 4105/2209/6465
f 4105/2209/6465 398/276/6466 394/269/6468
f 4105/2209/6465 394/269/6468 387/257/6467
f 394/269/6468 388/259/6469 387/257/6467
f 388/259/6469 394/269/6468 389/261/6470
f 738/329/6471 4106/2210/6472 4107/2211/6473
f 738/329/6471 4107/2211/6473 739/330/6474
f 739/330/6474 4107/2211/6473 4069/2186/6475
f 4107/2211/6473 4106/2210/6472 4069/2186/6475
f 4106/2210/6472 738/329/6471 4045/2166/6476
f 4106/2210/6472 621/2187/6477 4069/2186/6475
f 4045/2166/6476 824/2168/5062 4106/2210/6472
f 4106/2210/6472 619/2212/6478 621/2187/6477
f 824/2168/5062 619/2212/6478 4106/2210/6472
f 538/329/6479 4108/2210/6480 4046/2166/6481
f 4108/2210/6480 1181/2168/5029 4046/2166/6481
f 1181/2168/5029 4108/2210/6480 624/2212/6482
f 4108/2210/6480 625/2187/6483 624/2212/6482
f 4070/2186/6484 625/2187/6483 4108/2210/6480
f 4108/2210/6480 538/329/6479 4109/2211/6485
f 4070/2186/6484 4108/2210/6480 4109/2211/6485
f 538/329/6479 540/330/6486 4109/2211/6485
f 540/330/6486 4070/2186/6484 4109/2211/6485
f 4078/2190/6487 4029/2152/6487 4030/2153/6487
f 4029/2152/6487 4078/2190/6487 4091/2197/6487
f 4078/2190/6488 4031/2152/6488 4091/2197/6488
f 4031/2152/6488 4078/2190/6488 4032/2153/6488
f 473/303/6489 470/300/6211 3340/1744/6490
f 470/300/6211 467/297/6491 3340/1744/6490
f 3340/1744/6490 467/297/6491 465/295/6492
f 355/303/6493 3343/1744/6494 508/300/6209
f 508/300/6209 3343/1744/6494 505/297/6495
f 3343/1744/6494 503/295/6496 505/297/6495
f 4110/2213/6497 3837/2026/6497 4010/2026/6497
f 1992/1065/6497 3837/2026/6497 4110/2213/6497
f 3838/2026/6497 4110/2213/6497 4010/2026/6497
f 3838/2026/6497 1992/1065/6497 4110/2213/6497
