# Roblox asset pack: egg_designer_1 (props), from the Studio model "Egg1". Exported with Export Selection, split by tools/build_creatures.py: one object per rigid body. Units: studs. +Y up, front faces -Z, pivot (bottom centre) at the origin.
mtllib egg_designer_1.mtl

v -1.78960 0.73000 -1.14000
v -1.80780 0.76000 -1.15000
v -1.75760 0.76000 -1.20000
v -1.75120 0.73000 -1.18000
v -1.24820 0.81000 -1.54000
v -1.25930 0.83000 -1.55000
v -1.22860 0.83000 -1.57000
v -1.22470 0.81000 -1.56000
v 0.83660 4.72000 -1.59000
v 0.88740 4.75000 -1.57000
v 0.89550 4.72000 -1.59000
v 0.84240 4.75000 -1.58000
v -1.19360 0.81000 -1.56000
v -1.18810 0.83000 -1.57000
v -1.81420 0.80000 -1.16000
v -1.75990 0.80000 -1.20000
v -1.98520 1.90000 -1.22000
v -1.96990 1.92000 -1.25000
v -1.96690 1.90000 -1.24000
v -1.99390 1.92000 -1.23000
v -1.97100 1.93000 -1.25000
v -1.99700 1.93000 -1.23000
v -1.69650 4.00000 -1.29000
v -1.65500 3.96000 -1.36000
v -1.72020 3.96000 -1.30000
v -1.64660 4.00000 -1.34000
v -1.26320 0.85000 -1.55000
v -1.23000 0.85000 -1.58000
v -1.65790 3.92000 -1.37000
v -1.72850 3.92000 -1.31000
v -1.86120 3.82000 -1.13000
v -1.84730 3.80000 -1.16000
v -1.86920 3.80000 -1.14000
v -1.84450 3.82000 -1.15000
v -1.84830 3.79000 -1.16000
v -1.87200 3.79000 -1.14000
v 1.01740 4.66000 -1.32000
v 1.04860 4.68000 -1.31000
v 1.05360 4.66000 -1.32000
v 1.02090 4.68000 -1.31000
v 1.66800 1.78000 -1.68000
v 1.69640 1.77000 -1.67000
v 1.67120 1.77000 -1.67000
v 1.70090 1.78000 -1.68000
v -1.70040 0.73000 -1.17000
v -1.69130 0.76000 -1.19000
v 1.70750 1.69000 -1.52000
v 1.75830 1.66000 -1.50000
v 1.71320 1.66000 -1.51000
v 1.76640 1.69000 -1.52000
v 1.66690 1.80000 -1.69000
v 1.70250 1.80000 -1.68000
v 0.83460 4.69000 -1.60000
v 0.89840 4.69000 -1.59000
v -1.99390 1.95000 -1.23000
v -1.96990 1.95000 -1.25000
v -1.18610 0.85000 -1.57000
v 1.70550 1.72000 -1.53000
v 1.76920 1.72000 -1.52000
v -1.72020 3.87000 -1.30000
v -1.65500 3.87000 -1.36000
v -1.86920 3.77000 -1.14000
v -1.84730 3.77000 -1.16000
v 1.01610 4.64000 -1.32000
v 1.05540 4.64000 -1.32000
v -1.58070 4.00000 -1.33000
v -1.56890 3.96000 -1.35000
v 1.70090 1.82000 -1.68000
v 1.66800 1.82000 -1.68000
v -1.80780 0.83000 -1.15000
v -1.75760 0.83000 -1.20000
v -1.25930 0.88000 -1.55000
v -1.22860 0.88000 -1.57000
v -1.68810 0.80000 -1.20000
v -1.56470 3.92000 -1.36000
v 1.76640 1.75000 -1.52000
v 1.70750 1.75000 -1.52000
v 0.80830 4.75000 -1.55000
v 0.79210 4.72000 -1.55000
v -1.94260 1.90000 -1.24000
v -1.93830 1.92000 -1.24000
v -1.82230 3.82000 -1.15000
v -1.81830 3.80000 -1.16000
v 0.89550 4.66000 -1.59000
v 0.83660 4.66000 -1.59000
v -1.98520 1.97000 -1.22000
v -1.96690 1.97000 -1.24000
v -1.93670 1.93000 -1.25000
v -1.81690 3.79000 -1.16000
v -1.86120 3.76000 -1.13000
v -1.84450 3.76000 -1.15000
v -1.69650 3.83000 -1.29000
v -1.64660 3.83000 -1.34000
v -1.18810 0.88000 -1.57000
v 0.99990 4.68000 -1.29000
v 0.98990 4.66000 -1.30000
v 1.05360 4.62000 -1.32000
v 1.01740 4.62000 -1.32000
v -1.56890 3.87000 -1.35000
v 1.69640 1.83000 -1.67000
v 1.67120 1.83000 -1.67000
v -1.93830 1.95000 -1.24000
v 0.78640 4.69000 -1.56000
v -1.81830 3.77000 -1.16000
v 1.75830 1.78000 -1.50000
v 1.71320 1.78000 -1.51000
v -1.69130 0.83000 -1.19000
v 2.00300 4.16000 0.11000
v 2.05570 4.19000 0.13000
v 2.06400 4.16000 0.11000
v 2.00890 4.19000 0.13000
v 2.04070 3.99000 0.01000
v 2.07680 4.01000 0.03000
v 2.08250 3.99000 0.02000
v 2.04480 4.01000 0.02000
v 1.65220 1.77000 -1.66000
v 1.64310 1.78000 -1.66000
v -1.78960 0.86000 -1.14000
v -1.75120 0.86000 -1.18000
v 0.98640 4.64000 -1.30000
v -1.24820 0.89000 -1.54000
v -1.22470 0.89000 -1.56000
v 1.67910 1.66000 -1.48000
v 1.66290 1.69000 -1.48000
v -1.69690 3.84000 1.31000
v -1.67050 3.81000 1.26000
v -1.71200 3.81000 1.30000
v -1.66510 3.84000 1.28000
v -1.58070 3.83000 -1.33000
v -1.94260 1.97000 -1.24000
v 0.88740 4.63000 -1.57000
v 0.84240 4.63000 -1.58000
v -1.82230 3.76000 -1.15000
v 2.03920 3.96000 0.01000
v 2.08460 3.96000 0.01000
v 2.00090 4.12000 0.10000
v 2.06700 4.12000 0.11000
v 1.64000 1.80000 -1.66000
v -1.58820 3.70000 1.48000
v -1.57590 3.68000 1.46000
v -1.59530 3.68000 1.48000
v -1.57340 3.70000 1.47000
v 1.04860 4.61000 -1.31000
v 1.02090 4.61000 -1.31000
v 0.79210 4.66000 -1.55000
v -1.67230 3.79000 1.26000
v -1.71730 3.79000 1.29000
v 2.08720 1.53000 0.70000
v 2.12770 1.51000 0.72000
v 2.09180 1.51000 0.71000
v 2.13420 1.53000 0.70000
v -1.19360 0.89000 -1.56000
v 1.65720 1.72000 -1.49000
v -1.10560 1.23000 2.07000
v -1.08140 1.25000 2.03000
v -1.07650 1.23000 2.05000
v -1.11930 1.25000 2.06000
v -1.57680 3.67000 1.46000
v -1.59780 3.67000 1.48000
v 2.08250 3.94000 0.02000
v 2.04070 3.94000 0.01000
v 0.98990 4.62000 -1.30000
v 1.64310 1.82000 -1.66000
v -1.71200 3.76000 1.30000
v -1.67050 3.76000 1.26000
v -1.79210 2.69000 1.74000
v -1.74990 2.73000 1.67000
v -1.74140 2.69000 1.69000
v -1.81620 2.73000 1.72000
v -1.70040 0.86000 -1.17000
v 2.06400 4.09000 0.11000
v 2.00300 4.09000 0.11000
v -1.75290 2.77000 1.66000
v -1.82470 2.77000 1.72000
v -1.81620 2.82000 1.72000
v -1.74990 2.82000 1.67000
v -1.79210 2.86000 1.74000
v -1.74140 2.86000 1.69000
v 1.66290 1.75000 -1.48000
v 2.08560 1.56000 0.70000
v 2.13640 1.56000 0.70000
v -1.59530 3.66000 1.48000
v -1.57590 3.66000 1.46000
v -1.69690 3.73000 1.31000
v -1.66510 3.73000 1.28000
v 2.07680 3.92000 0.03000
v 2.04480 3.92000 0.02000
v 0.80830 4.63000 -1.55000
v 1.65220 1.83000 -1.66000
v 0.35190 0.90000 2.03000
v 0.37720 0.93000 1.99000
v 0.38230 0.90000 2.01000
v 0.33740 0.93000 2.03000
v -1.58820 3.64000 1.48000
v -1.57340 3.64000 1.47000
v -1.08310 1.28000 2.03000
v -1.12420 1.28000 2.06000
v 1.97350 4.19000 0.16000
v 1.95680 4.16000 0.15000
v 2.05570 4.06000 0.13000
v 2.00890 4.06000 0.13000
v 2.02050 4.01000 0.05000
v 2.00900 3.99000 0.04000
v 1.67910 1.78000 -1.48000
v 0.42250 0.90000 2.01000
v 0.42970 0.93000 1.99000
v -1.62320 3.84000 1.28000
v -1.61570 3.81000 1.27000
v 1.11590 4.18000 1.75000
v 1.16850 4.21000 1.77000
v 1.17690 4.18000 1.75000
v 1.12180 4.21000 1.77000
v 2.13420 1.58000 0.70000
v 2.08720 1.58000 0.70000
v 0.99990 4.61000 -1.29000
v 1.29020 3.98000 1.82000
v 1.31510 4.00000 1.83000
v 1.31900 3.98000 1.82000
v 1.29300 4.00000 1.83000
v -1.55370 3.70000 1.47000
v -1.55020 3.68000 1.47000
v -1.03810 1.23000 2.05000
v -1.03120 1.25000 2.03000
v 2.06460 1.51000 0.74000
v 2.05170 1.53000 0.73000
v -0.85550 2.75000 2.40000
v -0.84020 2.76000 2.37000
v -0.83710 2.75000 2.38000
v -0.86430 2.76000 2.39000
v 2.12770 1.60000 0.72000
v 2.09180 1.60000 0.71000
v -1.61300 3.79000 1.26000
v 1.08640 4.21000 1.80000
v 1.06960 4.18000 1.79000
v -1.11930 1.30000 2.06000
v -1.08140 1.30000 2.03000
v -0.85550 2.81000 2.40000
v -0.84020 2.80000 2.37000
v -0.86430 2.80000 2.39000
v -0.83710 2.81000 2.38000
v 2.00490 3.96000 0.04000
v -0.63600 2.77000 2.35000
v -0.60660 2.80000 2.30000
v -0.60070 2.77000 2.32000
v -0.65280 2.80000 2.34000
v 1.95090 4.12000 0.15000
v -0.63600 2.90000 2.35000
v -0.60660 2.87000 2.30000
v -0.65280 2.87000 2.34000
v -0.60070 2.90000 2.32000
v -0.84130 2.78000 2.37000
v -0.86730 2.78000 2.39000
v -1.54900 3.67000 1.46000
v 1.11380 4.14000 1.74000
v 1.17990 4.14000 1.75000
v -0.60870 2.83000 2.30000
v -0.65870 2.83000 2.34000
v 1.27630 4.00000 1.84000
v 1.26830 3.98000 1.84000
v 1.28920 3.97000 1.82000
v 1.32040 3.97000 1.82000
v -1.67430 2.69000 1.70000
v -1.66230 2.73000 1.67000
v 0.37540 0.96000 1.99000
v 0.33240 0.96000 2.02000
v -1.61570 3.76000 1.27000
v -1.67430 2.86000 1.70000
v -1.66230 2.82000 1.67000
v 0.43220 0.96000 1.99000
v 2.00900 3.94000 0.04000
v -1.10560 1.33000 2.07000
v -1.07650 1.33000 2.05000
v -1.62320 3.73000 1.28000
v -1.55020 3.66000 1.47000
v 1.95680 4.09000 0.15000
v -1.65810 2.77000 1.66000
v 2.04720 1.56000 0.73000
v -1.02880 1.28000 2.03000
v -1.55370 3.64000 1.47000
v 2.02050 3.92000 0.05000
v 1.17690 4.11000 1.75000
v 1.11590 4.11000 1.75000
v 1.31900 3.95000 1.82000
v 1.29020 3.95000 1.82000
v 1.06370 4.14000 1.79000
v 1.97350 4.06000 0.16000
v -0.55390 2.77000 2.32000
v -0.54550 2.80000 2.31000
v -0.55390 2.90000 2.32000
v -0.54550 2.87000 2.31000
v -0.81280 2.75000 2.38000
v -0.80840 2.76000 2.37000
v 1.31510 3.94000 1.83000
v 1.29300 3.94000 1.83000
v 1.26550 3.97000 1.84000
v 1.16850 4.08000 1.77000
v 1.12180 4.08000 1.77000
v -0.81280 2.81000 2.38000
v -0.80840 2.80000 2.37000
v 0.33740 0.98000 2.03000
v 0.37720 0.98000 1.99000
v 2.05170 1.58000 0.73000
v 0.42970 0.98000 1.99000
v -0.54260 2.83000 2.30000
v -1.03120 1.30000 2.03000
v 1.06960 4.11000 1.79000
v -0.80690 2.78000 2.37000
v 2.06460 1.60000 0.74000
v 1.26830 3.95000 1.84000
v 1.08640 4.08000 1.80000
v 1.27630 3.94000 1.84000
v 0.35190 1.01000 2.03000
v 0.38230 1.01000 2.01000
v -1.03810 1.33000 2.05000
v 0.42250 1.01000 2.01000
v 0.89140 4.77000 -1.53000
v 0.91700 4.75000 -1.54000
v 0.87530 4.77000 -1.55000
v 0.85090 4.77000 -1.55000
v 1.05110 4.69000 -1.28000
v 1.06690 4.68000 -1.29000
v 1.04120 4.69000 -1.29000
v 1.02620 4.69000 -1.29000
v 2.08640 4.19000 0.17000
v 2.05790 4.20000 0.20000
v 2.08310 4.19000 0.21000
v 2.05970 4.20000 0.17000
v 0.86110 4.77000 -1.52000
v 1.17080 4.22000 1.84000
v 1.16060 4.21000 1.88000
v 1.19600 4.21000 1.85000
v 1.15170 4.22000 1.85000
v -1.66110 4.03000 -1.27000
v -1.63410 4.03000 -1.30000
v 2.09790 4.01000 0.05000
v 2.07840 4.02000 0.07000
v 2.09560 4.01000 0.08000
v 2.07960 4.02000 0.06000
v 1.03240 4.69000 -1.28000
v 1.31620 4.01000 1.86000
v 1.31130 4.00000 1.88000
v 1.32800 4.00000 1.87000
v 1.30710 4.01000 1.87000
v -1.84020 3.82000 -1.14000
v -1.84930 3.82000 -1.13000
v 2.04310 4.20000 0.16000
v 1.05000 4.69000 -1.27000
v 1.06490 4.68000 -1.26000
v 0.88960 4.77000 -1.51000
v 0.83250 4.77000 -1.53000
v 0.91390 4.75000 -1.49000
v 2.06820 4.02000 0.04000
v 1.12640 4.22000 1.85000
v 1.11380 4.21000 1.88000
v -1.70120 4.00000 -1.23000
v -1.66360 4.03000 -1.24000
v -1.67590 3.86000 1.34000
v -1.67230 3.84000 1.38000
v -1.66100 3.86000 1.36000
v -1.69990 3.84000 1.35000
v 1.19930 4.21000 1.80000
v 1.17260 4.22000 1.81000
v 1.01480 4.69000 -1.28000
v -1.86280 3.82000 -1.11000
v -1.85020 3.82000 -1.12000
v 2.04770 4.19000 0.24000
v 2.03880 4.20000 0.22000
v -1.57840 3.70000 1.50000
v -1.57670 3.70000 1.52000
v -1.57150 3.70000 1.51000
v -1.58960 3.70000 1.50000
v -1.59840 4.03000 -1.30000
v 1.32960 4.00000 1.84000
v 1.31700 4.01000 1.85000
v 1.29510 4.01000 1.87000
v 1.28920 4.00000 1.88000
v 2.02830 4.21000 0.19000
v 1.14120 4.23000 1.82000
v 0.87120 4.77000 -1.49000
v -1.67430 3.86000 1.32000
v 0.83080 4.77000 -1.51000
v 1.03860 4.69000 -1.26000
v 2.07130 4.01000 0.10000
v 2.06520 4.02000 0.09000
v -1.61930 4.04000 -1.25000
v 1.01370 4.69000 -1.27000
v 2.05800 4.02000 0.06000
v 1.30210 4.01000 1.85000
v -1.82830 3.82000 -1.14000
v -1.57770 3.70000 1.49000
v -1.63830 3.86000 1.36000
v -1.63030 3.84000 1.38000
v 0.84680 4.77000 -1.49000
v -1.55710 3.70000 1.52000
v -1.56080 3.70000 1.51000
v 1.02360 4.69000 -1.26000
v -1.83530 3.83000 -1.12000
v 2.01780 4.20000 0.15000
v -1.64770 3.86000 1.33000
v 1.10980 4.22000 1.83000
v -1.75870 2.89000 1.79000
v -1.75280 2.86000 1.85000
v -1.73480 2.89000 1.82000
v -1.79690 2.86000 1.80000
v 1.15600 4.22000 1.79000
v -0.59610 2.91000 2.41000
v -0.56190 2.90000 2.44000
v -0.57080 2.91000 2.41000
v -0.60860 2.90000 2.43000
v 2.01350 4.20000 0.21000
v -0.83470 2.82000 2.43000
v -0.84130 2.81000 2.44000
v -0.82160 2.82000 2.43000
v -0.81690 2.81000 2.44000
v -1.56520 3.71000 1.50000
v 1.04390 4.68000 -1.24000
v 2.05080 4.02000 0.04000
v -1.64020 4.03000 -1.21000
v 1.08310 4.21000 1.84000
v 1.30910 4.01000 1.84000
v -0.84340 2.82000 2.42000
v -0.85720 2.81000 2.42000
v 1.28730 4.01000 1.86000
v 0.87970 4.75000 -1.46000
v -1.57500 4.03000 -1.27000
v 0.80510 4.75000 -1.50000
v -0.61270 2.91000 2.39000
v -0.63930 2.90000 2.40000
v 1.11150 4.22000 1.81000
v -1.65790 4.00000 -1.18000
v 2.04790 4.02000 0.08000
v 1.99870 4.20000 0.17000
v 1.13070 4.22000 1.79000
v -1.65720 3.86000 1.30000
v -1.84230 3.82000 -1.11000
v -1.84820 3.82000 -1.10000
v -1.68580 2.86000 1.86000
v -1.69850 2.89000 1.82000
v 1.99690 4.20000 0.20000
v 2.00090 4.19000 0.24000
v -1.75610 2.89000 1.75000
v 1.27470 4.00000 1.86000
v -1.62110 3.86000 1.34000
v 0.99790 4.68000 -1.26000
v 2.03770 4.02000 0.05000
v -1.53740 4.00000 -1.28000
v -1.82040 3.82000 -1.13000
v -1.60450 4.03000 -1.21000
v -1.56960 3.70000 1.48000
v 1.29720 4.01000 1.84000
v 1.28810 4.01000 1.85000
v -1.55280 3.70000 1.50000
v -1.57750 4.03000 -1.23000
v -0.55160 2.91000 2.39000
v -0.52650 2.90000 2.41000
v 2.03650 4.02000 0.07000
v -1.63440 3.86000 1.30000
v 2.03930 4.01000 0.10000
v 1.69860 1.84000 -1.65000
v 1.71290 1.83000 -1.65000
v 1.68960 1.84000 -1.66000
v -1.96230 1.98000 -1.22000
v -1.97220 1.98000 -1.21000
v -1.59860 3.84000 1.35000
v -1.83030 3.82000 -1.11000
v -1.61950 3.86000 1.32000
v -1.54220 3.70000 1.51000
v -0.81160 2.82000 2.42000
v -0.79850 2.81000 2.43000
v 1.76220 1.80000 -1.46000
v 1.78790 1.78000 -1.47000
v 1.74620 1.80000 -1.48000
v -1.82120 3.82000 -1.11000
v -1.55900 3.70000 1.48000
v -1.80780 3.82000 -1.13000
v -1.55200 3.70000 1.49000
v 1.01620 4.68000 -1.24000
v -0.58130 2.92000 2.38000
v -1.71360 2.90000 1.78000
v 0.83470 4.75000 -1.47000
v -1.98690 1.97000 -1.20000
v -1.97310 1.98000 -1.20000
v -0.82700 2.82000 2.41000
v 1.67600 1.84000 -1.66000
v -0.84240 2.82000 2.40000
v 2.15130 1.60000 0.74000
v 2.12950 1.62000 0.77000
v 2.14880 1.60000 0.78000
v 2.13090 1.62000 0.75000
v -0.61090 2.91000 2.36000
v 1.72180 1.80000 -1.48000
v 1.97020 4.19000 0.20000
v 1.76050 1.80000 -1.44000
v 1.78470 1.78000 -1.42000
v -1.59190 4.00000 -1.17000
v 1.69760 1.84000 -1.63000
v 1.71110 1.83000 -1.63000
v -1.94910 1.98000 -1.22000
v -1.67110 2.89000 1.80000
v -1.63500 2.86000 1.81000
v 2.12160 1.60000 0.80000
v 2.11480 1.62000 0.78000
v -1.82610 3.82000 -1.09000
v -1.72860 2.89000 1.73000
v -1.54200 4.00000 -1.21000
v -0.54980 2.91000 2.37000
v -1.59560 3.84000 1.31000
v 2.01820 4.01000 0.08000
v -1.08640 1.34000 2.10000
v -1.08300 1.33000 2.14000
v -1.07270 1.34000 2.12000
v -1.10830 1.33000 2.11000
v -1.04470 1.33000 2.14000
v -1.05200 1.34000 2.12000
v -1.54080 3.70000 1.49000
v -0.52320 2.90000 2.36000
v -0.81070 2.82000 2.41000
v -0.59180 2.91000 2.35000
v 2.11810 1.62000 0.74000
v -0.83250 2.82000 2.39000
v -1.66850 2.89000 1.76000
v -1.69230 2.89000 1.73000
v -1.80930 3.82000 -1.11000
v -0.56650 2.91000 2.35000
v -1.76230 0.88000 -1.13000
v -1.74150 0.88000 -1.15000
v -1.23150 0.91000 -1.53000
v -1.21880 0.91000 -1.54000
v -1.95680 1.98000 -1.21000
v -0.79680 2.81000 2.40000
v 1.68170 1.85000 -1.64000
v -1.97100 1.97000 -1.18000
v -1.96450 1.98000 -1.19000
v -0.81930 2.82000 2.40000
v 0.38620 1.02000 2.08000
v 0.41560 1.01000 2.11000
v 0.40800 1.02000 2.08000
v 0.37540 1.01000 2.10000
v 1.73190 1.80000 -1.45000
v 0.42440 1.02000 2.07000
v 0.44610 1.01000 2.08000
v -1.79320 0.86000 -1.09000
v -1.76430 0.88000 -1.10000
v -1.20200 0.91000 -1.54000
v 1.66570 1.84000 -1.65000
v -1.08490 1.34000 2.08000
v 2.10670 1.62000 0.76000
v 1.70330 1.80000 -1.46000
v -1.03620 1.34000 2.11000
v -1.01560 1.33000 2.12000
v 2.09530 1.62000 0.78000
v 2.08570 1.60000 0.80000
v -1.23270 0.91000 -1.52000
v -1.25040 0.89000 -1.51000
v -1.71410 0.88000 -1.15000
v -1.63030 2.86000 1.75000
v 1.75060 1.78000 -1.39000
v 1.74200 1.80000 -1.42000
v -1.94050 1.98000 -1.21000
v -1.92670 1.97000 -1.22000
v 1.69210 1.83000 -1.61000
v 1.68730 1.84000 -1.62000
v 0.37190 1.02000 2.06000
v 0.34900 1.01000 2.07000
v -1.06060 1.35000 2.09000
v 0.44890 1.01000 2.04000
v 0.42600 1.02000 2.05000
v -1.95140 1.98000 -1.19000
v 2.09860 1.62000 0.74000
v -1.94140 1.98000 -1.20000
v 1.66470 1.84000 -1.64000
v -1.17320 0.89000 -1.54000
v -1.19090 0.91000 -1.53000
v -1.74620 0.88000 -1.08000
v -1.75980 0.86000 -1.06000
v 1.70160 1.80000 -1.44000
v 1.67370 1.84000 -1.63000
v 0.39900 1.03000 2.06000
v 1.71760 1.80000 -1.42000
v -1.21180 0.91000 -1.52000
v -1.73010 0.89000 -1.11000
v 2.08250 1.62000 0.77000
v -1.94680 1.97000 -1.18000
v 2.08390 1.62000 0.75000
v -1.06920 1.34000 2.07000
v -1.03480 1.34000 2.08000
v -1.01290 1.33000 2.08000
v 1.65040 1.83000 -1.63000
v -1.22160 0.91000 -1.50000
v -1.23000 0.89000 -1.49000
v 2.06210 1.60000 0.77000
v -1.66710 0.86000 -1.14000
v -1.69600 0.88000 -1.13000
v 0.37350 1.02000 2.04000
v 1.67590 1.78000 -1.43000
v -1.04840 1.34000 2.07000
v -1.92840 1.97000 -1.19000
v 1.70550 1.78000 -1.40000
v 0.41170 1.02000 2.03000
v 1.66690 1.83000 -1.61000
v 0.38990 1.02000 2.03000
v -1.19210 0.91000 -1.51000
v -1.71880 0.88000 -1.08000
v -1.20480 0.91000 -1.50000
v -1.69800 0.88000 -1.10000
v -1.17540 0.89000 -1.50000
v -1.70910 0.86000 -1.05000
v -1.19890 0.89000 -1.48000
v -1.67070 0.86000 -1.09000
v 1.80510 1.69000 -1.47000
v 1.78790 1.66000 -1.47000
v 1.72250 1.78000 -1.66000
v 1.71290 1.77000 -1.65000
v 1.72590 1.80000 -1.66000
v 1.81110 1.72000 -1.48000
v 0.93420 4.72000 -1.54000
v 2.14880 1.51000 0.78000
v 2.15130 1.51000 0.74000
v 2.16500 1.53000 0.74000
v 2.16170 1.53000 0.79000
v 1.07750 4.66000 -1.29000
v 2.10420 4.16000 0.16000
v 2.09990 4.16000 0.22000
v 2.16980 1.56000 0.74000
v 2.16620 1.56000 0.79000
v 2.11010 3.99000 0.05000
v 2.10710 3.99000 0.09000
v 1.72250 1.82000 -1.66000
v 2.11040 4.12000 0.16000
v 2.10580 4.12000 0.22000
v 1.80510 1.75000 -1.47000
v 2.11430 3.96000 0.05000
v 2.11110 3.96000 0.09000
v 0.94020 4.69000 -1.55000
v 1.08120 4.64000 -1.29000
v 1.78470 1.66000 -1.42000
v 1.80090 1.69000 -1.42000
v 2.16170 1.58000 0.79000
v 2.16500 1.58000 0.74000
v 1.71110 1.77000 -1.63000
v 1.72020 1.78000 -1.62000
v 1.80660 1.72000 -1.41000
v 2.10710 3.94000 0.09000
v 2.11010 3.94000 0.05000
v 2.09990 4.09000 0.22000
v 2.10420 4.09000 0.16000
v 1.33800 3.98000 1.84000
v 1.33600 3.98000 1.87000
v 1.21710 4.18000 1.80000
v 1.21270 4.18000 1.86000
v 1.07490 4.66000 -1.25000
v 1.72340 1.80000 -1.62000
v 0.93000 4.72000 -1.49000
v 1.34100 3.97000 1.84000
v 1.33880 3.97000 1.87000
v 1.22330 4.14000 1.80000
v 1.21860 4.14000 1.86000
v 0.93420 4.66000 -1.54000
v 0.44610 0.90000 2.08000
v 0.44890 0.90000 2.04000
v 0.46420 0.93000 2.03000
v 0.46050 0.93000 2.09000
v 1.07750 4.62000 -1.29000
v 1.80090 1.75000 -1.42000
v 1.72020 1.82000 -1.62000
v -1.16140 0.83000 -1.54000
v -1.17320 0.81000 -1.54000
v 1.07840 4.64000 -1.25000
v 1.33600 3.95000 1.87000
v 1.33800 3.95000 1.84000
v 2.09560 3.92000 0.08000
v 2.09790 3.92000 0.05000
v 0.93570 4.69000 -1.48000
v 2.08310 4.06000 0.21000
v 2.08640 4.06000 0.17000
v 1.21270 4.11000 1.86000
v 1.21710 4.11000 1.80000
v 0.46960 0.96000 2.03000
v 0.46560 0.96000 2.09000
v -1.64780 0.76000 -1.14000
v -1.66710 0.73000 -1.14000
v -1.15730 0.85000 -1.54000
v 0.91700 4.63000 -1.54000
v 1.32800 3.94000 1.87000
v 1.32960 3.94000 1.84000
v 1.07490 4.62000 -1.25000
v 1.06690 4.61000 -1.29000
v -1.51230 3.96000 -1.29000
v 0.93000 4.66000 -1.49000
v 1.19600 4.08000 1.85000
v 1.19930 4.08000 1.80000
v 0.46050 0.98000 2.09000
v 0.46420 0.98000 2.03000
v -1.79930 3.80000 -1.13000
v -1.01560 1.23000 2.12000
v -1.01290 1.23000 2.08000
v -0.99830 1.25000 2.07000
v -1.00180 1.25000 2.12000
v -1.91750 1.92000 -1.22000
v -1.92670 1.90000 -1.22000
v -1.50350 3.92000 -1.29000
v -1.64100 0.80000 -1.14000
v -1.17540 0.81000 -1.50000
v -1.16430 0.83000 -1.50000
v -1.16140 0.88000 -1.54000
v 1.06490 4.61000 -1.26000
v -1.79640 3.79000 -1.13000
v 0.91390 4.63000 -1.49000
v -0.52650 2.77000 2.41000
v -0.52320 2.77000 2.36000
v -0.50540 2.80000 2.35000
v -0.50970 2.80000 2.42000
v -1.91420 1.93000 -1.22000
v -1.51230 3.87000 -1.29000
v -0.50540 2.87000 2.35000
v -0.50970 2.87000 2.42000
v -0.49920 2.83000 2.35000
v -0.50380 2.83000 2.42000
v -1.67070 0.73000 -1.09000
v -1.65240 0.76000 -1.08000
v -0.79850 2.75000 2.43000
v -0.79680 2.75000 2.40000
v -0.78750 2.76000 2.40000
v -0.78980 2.76000 2.43000
v -0.99310 1.28000 2.07000
v -0.99700 1.28000 2.12000
v -0.78750 2.80000 2.40000
v -0.78980 2.80000 2.43000
v -1.79930 3.77000 -1.13000
v -0.78430 2.78000 2.40000
v -0.78670 2.78000 2.43000
v -1.91750 1.95000 -1.22000
v -1.53740 3.83000 -1.28000
v -1.64780 0.83000 -1.14000
v -1.57960 3.81000 1.31000
v -1.58350 3.81000 1.36000
v -1.53340 3.68000 1.48000
v -1.53520 3.68000 1.51000
v -1.51840 3.96000 -1.20000
v -1.80780 3.76000 -1.13000
v -1.16040 0.85000 -1.50000
v -1.80140 3.80000 -1.10000
v -1.00180 1.30000 2.12000
v -0.99830 1.30000 2.07000
v -1.63500 2.69000 1.81000
v -1.63030 2.69000 1.75000
v -1.60470 2.73000 1.74000
v -1.61090 2.73000 1.83000
v -1.92840 1.90000 -1.19000
v -1.91970 1.92000 -1.19000
v -1.53070 3.67000 1.48000
v -1.53270 3.67000 1.51000
v -1.60470 2.82000 1.74000
v -1.61090 2.82000 1.83000
v -1.57400 3.79000 1.31000
v -1.57820 3.79000 1.36000
v -1.64600 0.80000 -1.07000
v -1.51010 3.92000 -1.20000
v -1.59580 2.77000 1.74000
v -1.60250 2.77000 1.83000
v -1.53520 3.66000 1.51000
v -1.53340 3.66000 1.48000
v -1.16430 0.88000 -1.50000
v -1.58350 3.76000 1.36000
v -1.57960 3.76000 1.31000
v -1.54220 3.64000 1.51000
v -1.54080 3.64000 1.49000
v -1.79860 3.79000 -1.10000
v -1.59860 3.73000 1.35000
v -1.59560 3.73000 1.31000
v -1.51840 3.87000 -1.20000
v -1.91660 1.93000 -1.19000
v -1.54200 3.83000 -1.21000
v -1.80140 3.77000 -1.10000
v -1.65240 0.83000 -1.08000
v -1.80930 3.76000 -1.11000
v -1.91970 1.95000 -1.19000
v 0.42070 0.93000 2.12000
v 0.36820 0.93000 2.12000
v 0.37540 0.90000 2.10000
v 0.41560 0.90000 2.11000
v -1.03980 1.25000 2.16000
v -1.08990 1.25000 2.15000
v -1.08300 1.23000 2.14000
v -1.04470 1.23000 2.14000
v 1.16650 4.18000 1.90000
v 1.31410 3.98000 1.89000
v 1.31510 3.97000 1.89000
v 2.12620 1.53000 0.82000
v 2.12160 1.51000 0.80000
v 1.16860 4.14000 1.91000
v -1.03810 1.28000 2.16000
v -1.09240 1.28000 2.16000
v -0.81280 2.78000 2.45000
v -0.84720 2.78000 2.45000
v -0.84560 2.76000 2.45000
v -0.81380 2.76000 2.45000
v -0.55390 2.83000 2.46000
v -0.62000 2.83000 2.46000
v -0.61700 2.80000 2.45000
v -0.55590 2.80000 2.46000
v -0.61700 2.87000 2.45000
v -0.55590 2.87000 2.46000
v -0.84560 2.80000 2.45000
v -0.81380 2.80000 2.45000
v 0.42250 0.96000 2.13000
v 0.36570 0.96000 2.12000
v 2.12780 1.56000 0.82000
v 1.10540 4.18000 1.90000
v -0.84130 2.75000 2.44000
v -0.81690 2.75000 2.44000
v -0.60860 2.77000 2.43000
v -0.56190 2.77000 2.44000
v 1.31410 3.95000 1.89000
v 1.28520 3.98000 1.89000
v 2.05360 4.16000 0.26000
v 1.16650 4.11000 1.90000
v 1.10250 4.14000 1.90000
v -1.67430 2.77000 1.89000
v -1.76910 2.77000 1.89000
v -1.76490 2.73000 1.88000
v -1.67720 2.73000 1.88000
v 2.07540 3.99000 0.12000
v 1.28390 3.97000 1.89000
v -1.76490 2.82000 1.88000
v -1.67720 2.82000 1.88000
v -1.08990 1.30000 2.15000
v -1.03980 1.30000 2.16000
v 2.05570 4.12000 0.27000
v -1.55460 3.68000 1.53000
v -1.58030 3.68000 1.53000
v 2.12620 1.58000 0.82000
v -1.62500 3.81000 1.40000
v -1.67980 3.81000 1.39000
v -1.75280 2.69000 1.85000
v -1.68580 2.69000 1.86000
v -1.55370 3.67000 1.53000
v -1.58150 3.67000 1.53000
v 2.07680 3.96000 0.12000
v 0.36820 0.98000 2.12000
v 0.42070 0.98000 2.12000
v -1.62310 3.79000 1.40000
v -1.68250 3.79000 1.40000
v 1.28520 3.95000 1.89000
v 1.10540 4.11000 1.90000
v 1.31130 3.94000 1.88000
v -1.58030 3.66000 1.53000
v -1.55460 3.66000 1.53000
v 2.05360 4.09000 0.26000
v 1.16060 4.08000 1.88000
v 2.07540 3.94000 0.12000
v -1.67980 3.76000 1.39000
v -1.62500 3.76000 1.40000
v 2.07920 1.53000 0.81000
v 2.08570 1.51000 0.80000
v -1.57670 3.64000 1.52000
v -1.55710 3.64000 1.52000
v 1.28920 3.94000 1.88000
v 1.11380 4.08000 1.88000
v 2.07700 1.56000 0.82000
v 1.04740 4.66000 -1.23000
v -1.67230 3.73000 1.38000
v -1.63030 3.73000 1.38000
v 1.75630 1.69000 -1.38000
v 1.75060 1.66000 -1.39000
v 1.99260 4.16000 0.26000
v 2.04770 4.06000 0.24000
v 2.07130 3.92000 0.10000
v 0.88550 4.72000 -1.45000
v 1.69530 1.78000 -1.60000
v 1.69210 1.77000 -1.61000
v 2.03350 3.99000 0.11000
v 1.75830 1.72000 -1.37000
v 2.07920 1.58000 0.81000
v -1.75980 0.73000 -1.06000
v -1.70260 0.76000 -1.03000
v -1.76890 0.76000 -1.04000
v -1.70910 0.73000 -1.05000
v 1.98960 4.12000 0.26000
v 1.69640 1.80000 -1.60000
v 1.04870 4.64000 -1.23000
v 2.03150 3.96000 0.12000
v 1.75630 1.75000 -1.38000
v 0.88750 4.69000 -1.44000
v -1.23000 0.81000 -1.49000
v -1.19500 0.83000 -1.47000
v -1.23550 0.83000 -1.47000
v -1.19890 0.81000 -1.48000
v 1.99260 4.09000 0.26000
v 1.01120 4.66000 -1.23000
v 1.69530 1.82000 -1.60000
v 2.03350 3.94000 0.11000
v -1.58360 3.96000 -1.15000
v -1.66970 3.96000 -1.15000
v 0.82660 4.72000 -1.45000
v -1.82330 3.80000 -1.09000
v -1.85220 3.80000 -1.09000
v -1.94370 1.92000 -1.17000
v -1.97530 1.92000 -1.17000
v -1.97100 1.90000 -1.18000
v -1.94680 1.90000 -1.18000
v 1.04740 4.62000 -1.23000
v 2.00090 4.06000 0.24000
v -1.70040 0.80000 -1.03000
v -1.77210 0.80000 -1.03000
v 2.03930 3.92000 0.10000
v 1.69740 1.69000 -1.38000
v 1.70550 1.66000 -1.40000
v 0.88550 4.66000 -1.45000
v -1.82230 3.79000 -1.08000
v -1.85360 3.79000 -1.08000
v -1.58060 3.92000 -1.14000
v -1.67380 3.92000 -1.14000
v -1.94260 1.93000 -1.16000
v -1.97690 1.93000 -1.17000
v 1.66240 1.78000 -1.60000
v 1.66690 1.77000 -1.61000
v 1.00940 4.64000 -1.23000
v -1.19360 0.85000 -1.47000
v -1.23750 0.85000 -1.47000
v 1.04390 4.61000 -1.24000
v -1.85220 3.77000 -1.09000
v -1.82330 3.77000 -1.09000
v 0.82380 4.69000 -1.45000
v -1.97530 1.95000 -1.17000
v -1.94370 1.95000 -1.17000
v -1.66970 3.87000 -1.15000
v -1.58360 3.87000 -1.15000
v 0.87970 4.63000 -1.46000
v -1.84820 3.76000 -1.10000
v -1.82610 3.76000 -1.09000
v -1.76890 0.83000 -1.04000
v -1.70260 0.83000 -1.03000
v 1.69460 1.72000 -1.38000
v -1.65790 3.83000 -1.18000
v -1.59190 3.83000 -1.17000
v 1.66080 1.80000 -1.60000
v 1.01120 4.62000 -1.23000
v 1.69740 1.75000 -1.38000
v -1.23550 0.88000 -1.47000
v -1.19500 0.88000 -1.47000
v 0.82660 4.66000 -1.45000
v 1.66240 1.82000 -1.60000
v 1.01620 4.61000 -1.24000
v 0.83470 4.63000 -1.47000
v -1.76230 0.71000 -1.13000
v -1.74150 0.71000 -1.15000
v -1.23150 0.80000 -1.53000
v -1.21880 0.80000 -1.54000
v -1.79320 0.73000 -1.09000
v -1.76430 0.71000 -1.10000
v -1.20200 0.80000 -1.54000
v 0.38620 0.89000 2.08000
v 0.40800 0.89000 2.08000
v 0.42440 0.89000 2.07000
v -1.73010 0.70000 -1.11000
v -1.71410 0.71000 -1.15000
v -1.08640 1.21000 2.10000
v -1.07270 1.21000 2.12000
v -1.10830 1.23000 2.11000
v 1.76220 1.64000 -1.46000
v 1.74620 1.64000 -1.48000
v -1.21180 0.80000 -1.52000
v -1.05200 1.21000 2.12000
v -1.23270 0.80000 -1.52000
v -1.25040 0.81000 -1.51000
v 1.69860 1.76000 -1.65000
v 1.68960 1.76000 -1.66000
v 2.12950 1.50000 0.77000
v 2.13090 1.50000 0.75000
v 0.39900 0.88000 2.06000
v -1.96230 1.89000 -1.22000
v -1.97220 1.89000 -1.21000
v -1.74620 0.71000 -1.08000
v 2.11480 1.50000 0.78000
v 1.67600 1.76000 -1.66000
v 0.37190 0.89000 2.06000
v 1.72180 1.64000 -1.48000
v -1.19090 0.80000 -1.53000
v 0.34900 0.90000 2.07000
v 0.42600 0.89000 2.05000
v -1.69600 0.71000 -1.13000
v -1.06060 1.21000 2.09000
v 1.76050 1.64000 -1.44000
v -1.97310 1.89000 -1.20000
v -1.98690 1.90000 -1.20000
v -1.22160 0.80000 -1.50000
v 2.11810 1.50000 0.74000
v -1.08490 1.21000 2.08000
v 1.69760 1.76000 -1.63000
v -1.71880 0.71000 -1.08000
v 0.37350 0.89000 2.04000
v 2.10670 1.49000 0.76000
v -1.03620 1.21000 2.11000
v 0.41170 0.89000 2.03000
v -1.19210 0.80000 -1.51000
v -1.69800 0.71000 -1.10000
v 1.73190 1.64000 -1.45000
v -1.20480 0.80000 -1.50000
v 1.68170 1.75000 -1.64000
v -1.94910 1.89000 -1.22000
v 0.38990 0.89000 2.03000
v -1.75870 2.66000 1.79000
v -1.73480 2.66000 1.82000
v -1.79690 2.69000 1.80000
v -1.06920 1.21000 2.07000
v -1.95680 1.89000 -1.21000
v -1.03480 1.21000 2.08000
v 2.09530 1.50000 0.78000
v -0.82160 2.74000 2.43000
v -0.83470 2.74000 2.43000
v -0.59610 2.75000 2.41000
v -0.57080 2.75000 2.41000
v 2.09860 1.50000 0.74000
v -0.84340 2.74000 2.42000
v -0.85720 2.75000 2.42000
v 1.70330 1.64000 -1.46000
v -1.04840 1.21000 2.07000
v 1.74200 1.64000 -1.42000
v 1.66570 1.76000 -1.65000
v -0.61270 2.75000 2.39000
v -0.63930 2.77000 2.40000
v -1.69850 2.66000 1.82000
v -1.75610 2.66000 1.75000
v 2.08250 1.50000 0.77000
v -1.96450 1.89000 -1.19000
v 1.68730 1.76000 -1.62000
v 2.08390 1.50000 0.75000
v -1.94050 1.89000 -1.21000
v 1.70160 1.64000 -1.44000
v -0.55160 2.75000 2.39000
v 1.71760 1.64000 -1.42000
v -0.81160 2.74000 2.42000
v 1.66470 1.76000 -1.64000
v -1.71360 2.65000 1.78000
v -1.95140 1.89000 -1.19000
v 1.67370 1.76000 -1.63000
v -1.84020 3.75000 -1.14000
v -1.84930 3.75000 -1.13000
v -0.82700 2.73000 2.41000
v -0.58130 2.75000 2.38000
v -1.66110 3.80000 -1.27000
v -1.63410 3.80000 -1.30000
v -1.94140 1.89000 -1.20000
v -1.57840 3.64000 1.50000
v -1.57150 3.64000 1.51000
v -1.58960 3.64000 1.50000
v -0.84240 2.74000 2.40000
v -1.67590 3.71000 1.34000
v -1.66100 3.71000 1.36000
v -1.69990 3.73000 1.35000
v 2.07840 3.91000 0.07000
v 2.07960 3.91000 0.06000
v -1.86280 3.76000 -1.11000
v -1.85020 3.75000 -1.12000
v 1.31620 3.93000 1.86000
v 1.30710 3.93000 1.87000
v 2.06210 1.51000 0.77000
v -0.61090 2.75000 2.36000
v 2.05790 4.04000 0.20000
v 2.05970 4.04000 0.17000
v -1.70120 3.83000 -1.23000
v -1.66360 3.80000 -1.24000
v -1.67110 2.66000 1.80000
v -1.57770 3.64000 1.49000
v -1.67430 3.71000 1.32000
v -1.72860 2.66000 1.73000
v 2.06820 3.91000 0.04000
v 1.17080 4.06000 1.84000
v 1.15170 4.06000 1.85000
v -1.56080 3.64000 1.51000
v -1.59840 3.80000 -1.30000
v -1.82830 3.75000 -1.14000
v -0.54980 2.75000 2.37000
v 2.04310 4.04000 0.16000
v 1.67590 1.66000 -1.43000
v 1.31700 3.93000 1.85000
v 1.29510 3.93000 1.87000
v -1.63830 3.71000 1.36000
v -0.81070 2.74000 2.41000
v 1.65040 1.77000 -1.63000
v -0.83250 2.74000 2.39000
v 1.12640 4.06000 1.85000
v -1.66850 2.66000 1.76000
v 2.06520 3.91000 0.09000
v -1.69230 2.66000 1.73000
v -0.59180 2.75000 2.35000
v 2.03880 4.04000 0.22000
v 1.17260 4.06000 1.81000
v -0.56650 2.75000 2.35000
v -0.81930 2.74000 2.40000
v 0.89140 4.61000 -1.53000
v 0.87530 4.61000 -1.55000
v 1.05110 4.59000 -1.28000
v 1.04120 4.59000 -1.29000
v 0.85090 4.61000 -1.55000
v -1.56520 3.63000 1.50000
v -1.83530 3.75000 -1.12000
v -1.64770 3.71000 1.33000
v 1.02620 4.59000 -1.29000
v -1.61930 3.79000 -1.25000
v -1.84230 3.75000 -1.11000
v -1.65720 3.71000 1.30000
v -1.56960 3.64000 1.48000
v 2.05800 3.91000 0.06000
v 1.30210 3.93000 1.85000
v 2.05080 3.91000 0.04000
v -1.64020 3.80000 -1.21000
v -1.55280 3.64000 1.50000
v 2.02830 4.04000 0.19000
v 1.14120 4.06000 1.82000
v 2.01780 4.04000 0.15000
v 1.05000 4.59000 -1.27000
v -1.62110 3.71000 1.34000
v -1.57500 3.80000 -1.27000
v 1.30910 3.93000 1.84000
v 1.27470 3.94000 1.86000
v 1.28730 3.93000 1.86000
v 1.10980 4.06000 1.83000
v 1.08310 4.08000 1.84000
v 0.88960 4.61000 -1.51000
v -1.82040 3.75000 -1.13000
v 0.83250 4.61000 -1.53000
v 1.15600 4.06000 1.79000
v -1.55900 3.64000 1.48000
v -1.55200 3.64000 1.49000
v 2.04790 3.91000 0.08000
v -1.63440 3.71000 1.30000
v 2.01350 4.04000 0.21000
v 1.01480 4.59000 -1.28000
v -1.83030 3.75000 -1.11000
v -1.61950 3.71000 1.32000
v -1.60450 3.80000 -1.21000
v -1.82120 3.75000 -1.11000
v -1.57750 3.80000 -1.23000
v 2.03770 3.91000 0.05000
v 1.03240 4.59000 -1.28000
v 0.86110 4.61000 -1.52000
v 1.29720 3.93000 1.84000
v 1.28810 3.93000 1.85000
v 2.03650 3.91000 0.07000
v 1.99870 4.04000 0.17000
v 1.11150 4.06000 1.81000
v 1.13070 4.06000 1.79000
v 1.99690 4.04000 0.20000
v 1.03860 4.59000 -1.26000
v 0.87120 4.61000 -1.49000
v 2.01820 3.92000 0.08000
v 0.80510 4.63000 -1.50000
v 0.83080 4.61000 -1.51000
v 1.01370 4.59000 -1.27000
v 1.97020 4.06000 0.20000
v 0.99790 4.61000 -1.26000
v 1.02360 4.59000 -1.26000
v 0.84680 4.61000 -1.49000
v -1.81250 0.76000 -1.09000
v -1.12290 1.25000 2.11000
v -1.83140 2.77000 1.81000
v -1.82240 2.73000 1.81000
v -1.82240 2.82000 1.81000
v -1.12800 1.28000 2.12000
v -1.99620 1.92000 -1.19000
v -1.81930 0.80000 -1.09000
v -1.26220 0.83000 -1.51000
v -1.99940 1.93000 -1.19000
v -1.71580 3.81000 1.35000
v -1.87120 3.80000 -1.11000
v -1.59710 3.68000 1.51000
v -1.72140 3.79000 1.35000
v -1.72630 3.96000 -1.22000
v -1.59970 3.67000 1.51000
v -1.87420 3.79000 -1.11000
v -0.86980 2.78000 2.43000
v -0.86650 2.76000 2.42000
v -0.86650 2.80000 2.42000
v -1.73510 3.92000 -1.21000
v -1.99620 1.95000 -1.19000
v -0.66340 2.83000 2.41000
v -0.65710 2.80000 2.40000
v -0.65710 2.87000 2.40000
v -1.59710 3.66000 1.51000
v 0.33370 0.93000 2.08000
v -1.71580 3.76000 1.35000
v -1.87120 3.77000 -1.11000
v -1.12290 1.30000 2.11000
v -1.26630 0.85000 -1.50000
v -1.72630 3.87000 -1.22000
v -1.81250 0.83000 -1.09000
v 0.32840 0.96000 2.08000
v -1.26220 0.88000 -1.51000
v 1.06530 4.18000 1.85000
v 1.26630 3.98000 1.87000
v 0.33370 0.98000 2.08000
v 1.05910 4.14000 1.85000
v 0.78790 4.72000 -1.50000
v 1.26330 3.97000 1.87000
v 0.98740 4.66000 -1.26000
v 1.06530 4.11000 1.85000
v 1.26630 3.95000 1.87000
v 0.78190 4.69000 -1.49000
v 2.04840 1.53000 0.78000
v 0.98360 4.64000 -1.26000
v 1.95240 4.16000 0.21000
v 1.65880 1.69000 -1.43000
v 1.64080 1.78000 -1.63000
v 2.00600 3.99000 0.08000
v 2.04360 1.56000 0.78000
v 0.78790 4.66000 -1.50000
v 0.98740 4.62000 -1.26000
v 1.94620 4.12000 0.21000
v 1.63740 1.80000 -1.63000
v 1.65270 1.72000 -1.42000
v 2.00170 3.96000 0.08000
v 2.04840 1.58000 0.78000
v 1.64080 1.82000 -1.63000
v 1.95240 4.09000 0.21000
v 1.65880 1.75000 -1.43000
v 2.00600 3.94000 0.08000
v 0.11140 6.88000 -0.63000
v 0.22970 6.89000 -0.65000
v 0.01340 6.89000 -1.27000
v -1.04960 0.59000 1.82000
v -0.73350 0.65000 2.07000
v -0.94950 0.77000 2.10000
v -0.58990 0.76000 2.22000
v -0.86490 0.91000 2.27000
v -0.00780 0.49000 1.90000
v 0.97410 0.51000 1.82000
v -0.02940 0.59000 2.11000
v 0.00000 0.07000 -0.48000
v 0.00000 0.00000 0.11000
v -0.29250 0.07000 -0.40000
v 0.29250 0.07000 -0.40000
v 1.83360 0.83000 -0.96000
v 2.07140 0.72000 0.00000
v 1.92510 0.53000 -0.01000
v 1.99670 1.01000 -0.97000
v 0.50660 0.07000 -0.19000
v -0.50660 0.07000 -0.19000
v 0.58490 0.07000 0.11000
v -0.58490 0.07000 0.11000
v 0.50660 0.07000 0.40000
v -0.50660 0.07000 0.40000
v -1.03050 0.62000 1.80000
v -0.95470 0.49000 1.61000
v 0.29250 0.07000 0.61000
v -0.29250 0.07000 0.61000
v 1.67450 0.41000 1.03000
v 0.00000 0.07000 0.69000
v -0.56790 0.29000 -0.88000
v 0.00000 0.29000 -1.03000
v 0.56790 0.29000 -0.88000
v 0.98370 0.29000 -0.46000
v -0.98370 0.29000 -0.46000
v 1.13590 0.29000 0.11000
v -1.13590 0.29000 0.11000
v -1.79470 0.63000 0.02000
v -1.58290 0.57000 0.90000
v -2.00790 0.75000 0.08000
v -1.78690 0.70000 0.96000
v -0.52850 0.92000 2.32000
v -0.77520 1.05000 2.37000
v 0.98370 0.29000 0.67000
v -0.98370 0.29000 0.67000
v 1.48250 0.36000 0.88000
v 0.56790 0.29000 1.09000
v -0.56790 0.29000 1.09000
v -1.04460 0.60000 1.82000
v -1.01950 0.82000 1.99000
v -1.16040 0.79000 1.89000
v 0.00000 0.29000 1.24000
v 0.05650 6.61000 0.98000
v 0.00000 6.65000 0.94000
v 0.00000 6.61000 1.44000
v 1.22100 1.38000 -1.90000
v 1.34940 1.56000 -2.00000
v 0.00000 0.64000 -1.51000
v 0.80980 0.64000 -1.30000
v -0.80980 0.64000 -1.30000
v -0.05650 6.61000 0.98000
v 1.40270 0.64000 -0.70000
v -1.01310 2.41000 -2.50000
v -0.79750 2.15000 -2.54000
v -0.98370 2.12000 -2.43000
v -1.40270 0.64000 -0.70000
v -1.76520 0.88000 0.99000
v -1.95210 1.01000 1.10000
v 1.61970 0.64000 0.11000
v -0.16240 2.22000 -2.61000
v -0.52000 2.18000 -2.53000
v -0.38510 2.36000 -2.59000
v -0.23540 2.00000 -2.55000
v -2.17400 0.98000 -0.71000
v -2.34780 1.37000 -0.59000
v -2.27250 1.30000 -0.88000
v -0.92900 1.96000 -2.35000
v -0.69100 1.99000 -2.50000
v -1.61970 0.64000 0.11000
v 2.28910 1.63000 1.17000
v 2.06250 1.40000 1.35000
v 2.17190 1.43000 1.13000
v 2.15140 1.58000 1.45000
v -1.13380 0.92000 2.03000
v -1.24490 0.78000 1.74000
v 1.40270 0.64000 0.92000
v -1.40270 0.64000 0.92000
v -1.98830 0.91000 -0.04000
v 1.88650 1.16000 1.18000
v 1.99900 1.42000 1.37000
v 1.84910 1.29000 1.45000
v 1.88890 1.15000 1.18000
v 0.80980 0.64000 1.51000
v -2.01950 1.24000 -1.04000
v -1.98210 1.05000 -1.21000
v -1.14680 1.13000 -1.94000
v -1.79520 0.94000 -1.08000
v -1.03830 1.01000 -1.74000
v -0.80980 0.64000 1.51000
v 0.00000 0.64000 1.73000
v -0.04980 5.25000 -1.64000
v -0.23820 4.97000 -1.88000
v -0.38250 5.12000 -1.72000
v 1.99410 1.57000 1.52000
v 1.80430 1.39000 1.62000
v 2.31210 1.80000 1.25000
v 2.19490 1.76000 1.51000
v -1.09860 1.10000 2.17000
v 0.00000 1.10000 -1.90000
v 1.00250 1.10000 -1.63000
v -1.00250 1.10000 -1.63000
v -0.34280 1.87000 -2.42000
v -0.60190 2.03000 -2.41000
v 2.25200 1.27000 0.04000
v 1.81420 1.07000 1.13000
v 2.05040 1.12000 0.03000
v 1.93570 1.27000 1.21000
v 1.73630 1.10000 -0.90000
v -1.74710 1.11000 -0.92000
v -1.92150 1.24000 -1.04000
v -0.14290 2.62000 -2.61000
v 2.05810 1.41000 -0.96000
v 1.05140 1.23000 -1.75000
v 1.08690 1.42000 -1.90000
v 1.89220 1.24000 -0.86000
v -1.73630 1.10000 -0.90000
v 1.90040 1.56000 1.65000
v 1.86610 1.38000 1.51000
v 0.16140 1.85000 -2.42000
v 0.15170 1.67000 -2.24000
v -0.97700 1.42000 -1.90000
v -1.11990 1.60000 -2.01000
v 0.04220 1.12000 -1.97000
v 0.05560 1.22000 -2.20000
v -1.04040 0.96000 2.04000
v -1.22030 0.93000 1.92000
v 2.00490 1.10000 0.11000
v -0.60350 1.30000 2.46000
v -2.00490 1.10000 0.11000
v 0.11450 6.73000 -0.28000
v 0.20000 6.53000 -0.10000
v 0.22870 6.74000 -0.29000
v 0.08950 6.52000 -0.10000
v 1.65520 1.18000 1.45000
v 0.84900 0.50000 1.61000
v 1.51990 1.94000 -1.81000
v 1.30770 1.61000 -1.85000
v 1.32650 1.93000 -1.97000
v -0.39480 4.80000 -1.93000
v -0.57980 4.99000 -1.74000
v 1.73630 1.10000 1.11000
v -1.73630 1.10000 1.11000
v 1.96620 1.74000 1.68000
v 1.55710 1.26000 1.61000
v 1.08570 1.89000 -2.03000
v 1.00250 1.10000 1.84000
v -2.23580 0.97000 -0.06000
v 1.74530 1.51000 1.73000
v 1.91140 1.67000 1.64000
v -1.00250 1.10000 1.84000
v -1.32700 0.91000 1.73000
v 0.00000 1.10000 2.11000
v -1.84160 1.00000 0.85000
v -1.75090 1.30000 1.29000
v -2.00310 1.33000 1.07000
v 1.56770 1.70000 -1.66000
v 1.30580 1.61000 -1.85000
v 1.46980 1.84000 -1.78000
v 2.20760 2.07000 1.56000
v -2.10310 1.46000 0.78000
v -0.98110 1.22000 2.28000
v 1.32060 2.15000 -2.01000
v 1.56580 2.16000 -1.81000
v -2.27430 1.50000 -0.94000
v -2.36860 1.58000 -0.62000
v -0.84460 1.84000 -2.26000
v -0.62780 1.87000 -2.38000
v -0.16070 6.65000 -0.75000
v 1.01380 2.10000 -2.09000
v -2.05080 1.56000 1.18000
v -1.77560 1.52000 1.43000
v -1.99960 1.43000 -1.12000
v -0.48300 4.72000 -1.85000
v -0.42510 4.48000 -1.98000
v -0.58040 4.51000 -1.92000
v -0.34940 4.64000 -1.93000
v 1.52260 1.39000 1.73000
v -0.67350 1.79000 -2.12000
v -2.17150 1.70000 0.86000
v -1.42480 2.56000 2.46000
v -1.39330 2.97000 2.39000
v -1.59200 2.79000 2.31000
v -1.68750 2.60000 2.12000
v 1.68320 1.82000 -1.55000
v 1.55970 1.98000 -1.71000
v -0.17020 4.42000 -2.02000
v -0.42630 5.18000 -1.46000
v 2.20230 1.67000 -0.10000
v 2.24440 2.17000 -0.48000
v 2.38560 2.13000 -0.10000
v 1.61640 1.72000 1.87000
v -0.60140 4.72000 -1.75000
v -0.69220 4.54000 -1.82000
v 1.46070 3.41000 2.17000
v 1.20180 3.58000 2.38000
v 1.30560 3.27000 2.30000
v 1.37830 3.65000 2.23000
v 0.00000 1.89000 -2.11000
v 1.10950 1.89000 -1.82000
v -1.10950 1.89000 -1.82000
v -0.29190 5.42000 -0.40000
v 0.00000 5.54000 0.11000
v 0.00000 5.42000 -0.48000
v 0.29190 5.42000 -0.40000
v 0.50570 5.42000 -0.19000
v 2.08390 4.19000 0.84000
v 2.22880 3.89000 0.76000
v 2.17550 4.07000 0.62000
v 2.29820 2.15000 0.30000
v -0.50570 5.42000 -0.19000
v 1.92170 1.89000 -1.00000
v 0.58390 5.42000 0.11000
v -0.58390 5.42000 0.11000
v 1.51060 2.35000 -1.82000
v 1.29540 2.33000 -2.01000
v 0.50570 5.42000 0.40000
v -1.92170 1.89000 -1.00000
v -2.04830 1.85000 1.28000
v -1.83310 1.82000 1.48000
v -0.50570 5.42000 0.40000
v 0.29190 5.42000 0.61000
v -1.30750 2.71000 -1.83000
v -1.71070 2.38000 -1.46000
v -1.64620 2.84000 -1.63000
v -0.29190 5.42000 0.61000
v -0.71540 4.84000 -1.71000
v -0.54460 4.66000 -1.88000
v -1.65890 2.92000 2.18000
v -1.77190 2.71000 1.98000
v -1.08720 1.08000 2.03000
v -1.25070 1.06000 1.93000
v 0.00000 5.42000 0.69000
v -1.44120 3.13000 2.29000
v 1.59190 3.73000 1.95000
v -0.63400 5.07000 -1.41000
v -0.95170 4.53000 -1.51000
v 0.00000 4.57000 -1.77000
v -1.04300 4.36000 -1.65000
v 0.00000 4.75000 -1.60000
v 2.21900 1.89000 0.11000
v -2.14460 1.96000 1.03000
v 0.16320 1.93000 2.33000
v 0.40450 1.48000 2.17000
v 0.49300 1.87000 2.33000
v 1.01940 2.29000 -2.07000
v 1.02590 4.60000 -1.37000
v 1.11720 4.43000 -1.51000
v -2.19410 1.80000 0.11000
v -1.30410 3.19000 2.23000
v -1.52890 3.44000 2.03000
v -1.46020 3.16000 2.08000
v -1.37430 3.51000 2.16000
v 0.00000 6.52000 0.43000
v 0.07090 6.46000 0.48000
v 0.77520 1.87000 2.15000
v -1.10190 3.31000 2.30000
v -1.15590 3.55000 2.24000
v 1.01810 3.49000 2.44000
v 1.10700 3.22000 2.36000
v -0.07090 6.46000 0.48000
v 2.19790 3.97000 0.49000
v 2.26330 3.78000 0.65000
v 1.30430 1.94000 -1.84000
v 0.00000 5.11000 -1.02000
v -0.56400 5.11000 -0.87000
v 0.56400 5.11000 -0.87000
v 1.92170 1.89000 1.22000
v 0.97690 5.11000 -0.46000
v 1.89280 4.15000 -0.92000
v -0.97690 5.11000 -0.46000
v 0.25970 6.80000 -0.72000
v 2.37870 2.77000 -0.09000
v 2.26590 2.80000 -0.42000
v -1.92170 1.89000 1.22000
v 1.12800 5.11000 0.11000
v -1.37960 3.42000 -1.68000
v -1.08930 3.31000 -1.86000
v -1.12800 5.11000 0.11000
v 0.72050 3.89000 2.29000
v 0.45050 4.20000 2.16000
v 0.34130 3.98000 2.31000
v 0.74840 4.13000 2.14000
v -1.34210 1.04000 1.76000
v 0.33770 3.76000 2.37000
v 0.67780 3.68000 2.36000
v 1.10950 1.89000 2.03000
v 0.97690 5.11000 0.67000
v 1.23810 3.85000 2.14000
v 1.02270 3.83000 2.25000
v -1.10950 1.89000 2.03000
v -0.97690 5.11000 0.67000
v 0.00000 2.74000 -2.17000
v 1.13910 2.74000 -1.87000
v -1.13910 2.74000 -1.87000
v -1.89280 4.15000 -0.92000
v -1.78140 4.31000 -0.77000
v 0.53070 2.13000 2.37000
v 0.16270 2.19000 2.38000
v 0.56400 5.11000 1.08000
v 1.78140 4.31000 -0.77000
v 0.00000 1.89000 2.32000
v -0.56400 5.11000 1.08000
v 1.97290 2.74000 -1.03000
v 2.31340 2.79000 0.27000
v 0.85050 2.12000 2.17000
v 0.76340 4.45000 1.87000
v -0.64680 1.71000 -2.05000
v 0.00000 5.11000 1.23000
v 1.00430 4.04000 2.00000
v 1.04530 3.79000 2.10000
v -1.97290 2.74000 -1.03000
v 1.71810 1.95000 -1.47000
v 1.61240 2.11000 -1.62000
v 0.96410 3.58000 2.19000
v -1.97700 2.30000 1.39000
v -1.71760 3.29000 1.73000
v 2.27810 2.74000 0.11000
v -0.79380 3.58000 2.29000
v -1.80740 2.97000 -1.28000
v 0.57760 3.31000 2.40000
v -2.06230 2.74000 -0.70000
v -1.06220 3.86000 -1.61000
v -0.83250 4.57000 -1.58000
v 0.85520 3.72000 2.32000
v 1.09470 3.31000 -1.79000
v 0.00000 3.31000 -2.08000
v -2.17750 1.87000 0.11000
v -2.25770 2.77000 0.11000
v -2.05170 2.77000 -0.66000
v -1.09470 3.31000 -1.79000
v 0.00000 4.55000 -1.49000
v 0.79760 4.55000 -1.28000
v 1.97290 2.74000 1.24000
v -0.79760 4.55000 -1.28000
v 2.23830 3.69000 0.48000
v 2.18600 3.85000 0.35000
v 1.89610 3.31000 -0.99000
v 1.34830 2.12000 -1.79000
v 1.38150 4.55000 -0.69000
v -1.97290 2.74000 1.24000
v -2.06230 2.74000 0.91000
v -1.78530 2.90000 1.85000
v -1.69550 3.07000 2.01000
v 2.22820 3.68000 0.16000
v -1.89610 3.31000 -0.99000
v -1.38150 4.55000 -0.69000
v -1.08710 2.19000 -2.25000
v 1.18650 4.71000 0.98000
v 0.90930 4.92000 0.98000
v 1.07760 4.72000 1.16000
v 2.21710 3.28000 -0.06000
v -1.52510 3.23000 2.09000
v -2.22820 3.68000 0.16000
v -2.05170 2.77000 0.87000
v -1.53140 3.54000 -1.38000
v 0.67190 3.33000 2.44000
v 1.13910 2.74000 2.08000
v 1.59520 4.55000 0.11000
v 2.18940 3.31000 0.11000
v -0.68160 2.39000 -2.33000
v -0.51330 2.53000 -2.44000
v 1.22060 2.63000 -1.94000
v -1.13910 2.74000 2.08000
v -1.38530 4.80000 0.11000
v -1.51660 4.55000 -0.19000
v -0.97850 4.87000 1.02000
v -1.30350 4.59000 0.99000
v -1.20740 4.61000 1.20000
v -1.97040 3.31000 -0.71000
v 2.02130 4.18000 0.49000
v -1.01650 4.59000 1.34000
v 0.00000 3.93000 -1.83000
v 0.96700 3.93000 -1.57000
v 0.00000 2.74000 2.38000
v -0.96700 3.93000 -1.57000
v 1.38150 4.55000 0.90000
v -2.17300 3.30000 0.11000
v -1.96400 3.30000 -0.67000
v -1.60600 4.50000 0.11000
v -1.40580 4.74000 0.11000
v -1.53110 4.50000 -0.17000
v 0.26610 2.48000 2.35000
v 0.55520 2.43000 2.34000
v 1.67480 3.93000 -0.86000
v -1.45340 4.39000 1.03000
v -1.33270 4.40000 1.30000
v 0.89880 4.70000 1.26000
v -1.51660 4.55000 0.40000
v -1.38150 4.55000 0.90000
v 0.80720 2.43000 2.19000
v -1.08860 4.38000 1.47000
v 1.89610 3.31000 1.20000
v -1.67480 3.93000 -0.86000
v -2.28740 1.78000 -0.71000
v -2.21150 1.72000 -0.96000
v -1.89610 3.31000 1.20000
v -1.97040 3.31000 0.92000
v 0.79760 4.55000 1.49000
v 2.03010 4.11000 0.34000
v -0.79760 4.55000 1.49000
v -1.53110 4.50000 0.39000
v -1.96400 3.30000 0.89000
v 1.93390 3.93000 0.11000
v -1.05910 2.04000 -2.12000
v 1.34090 4.40000 1.10000
v 1.22310 4.41000 1.30000
v 0.00000 4.55000 1.70000
v 1.09470 3.31000 2.00000
v -1.76560 3.93000 -0.52000
v -1.99700 1.67000 -1.11000
v -0.75740 4.90000 -1.42000
v -1.09470 3.31000 2.00000
v -1.76860 3.90000 -0.49000
v -1.92920 3.90000 0.11000
v 0.05470 3.85000 -2.12000
v 0.87460 4.03000 -1.66000
v 0.99490 3.91000 -1.84000
v 0.02450 4.04000 -1.96000
v 0.00000 3.31000 2.29000
v 1.67480 3.93000 1.07000
v -1.50730 4.19000 1.11000
v -1.40580 4.21000 1.36000
v -0.73980 2.22000 -2.22000
v -1.10940 3.74000 2.06000
v -1.31360 3.74000 1.93000
v -1.18270 4.18000 1.50000
v -1.76560 3.93000 0.73000
v -1.67480 3.93000 1.07000
v 2.12440 3.64000 0.16000
v -1.46860 3.64000 1.82000
v 1.45930 3.66000 1.84000
v 0.83080 3.96000 2.01000
v 0.88730 3.78000 2.17000
v 1.35660 3.84000 1.70000
v -0.87250 4.51000 -1.60000
v -1.76860 3.90000 0.71000
v 0.96700 3.93000 1.78000
v 1.01550 4.39000 1.41000
v 2.39710 3.52000 0.10000
v 1.89240 3.65000 1.32000
v 1.76350 3.83000 1.21000
v 2.20520 3.65000 0.30000
v 2.04050 3.83000 0.26000
v -0.96700 3.93000 1.78000
v -1.26270 1.27000 1.90000
v -2.39710 3.52000 0.10000
v 0.00000 3.93000 2.04000
v -1.70070 3.27000 1.73000
v 0.56820 2.88000 2.23000
v 0.00350 3.51000 2.44000
v -0.07040 3.69000 2.28000
v 2.05490 3.95000 0.24000
v 1.65370 2.29000 -1.43000
v 1.93510 3.76000 -0.99000
v 1.74910 3.90000 -0.89000
v -1.46250 3.85000 1.39000
v 1.42010 2.22000 -1.69000
v 1.60340 0.64000 1.06000
v 0.98540 0.75000 1.82000
v -1.24920 3.11000 2.25000
v -1.16220 3.28000 2.09000
v 1.26410 4.14000 1.34000
v 2.15290 3.12000 1.31000
v 1.98250 3.29000 1.24000
v -2.15290 3.12000 1.31000
v -1.98250 3.29000 1.24000
v 0.00000 6.03000 0.13000
v 0.07720 6.15000 0.25000
v 0.07720 6.02000 0.15000
v 0.00000 6.17000 0.23000
v -0.07720 6.15000 0.25000
v -0.07720 6.02000 0.15000
v -0.20230 6.48000 -0.50000
v -0.15120 6.28000 -0.25000
v 0.03900 3.01000 2.46000
v 1.14910 2.93000 2.10000
v 0.05070 3.21000 2.61000
v -0.95530 1.92000 -2.04000
v -1.88840 1.28000 -1.16000
v -2.18390 1.21000 -0.07000
v -0.43380 4.30000 -1.93000
v -0.59040 4.28000 -1.85000
v -1.99230 2.94000 1.26000
v 1.24920 3.11000 2.25000
v 1.16220 3.28000 2.09000
v 1.99230 2.94000 1.26000
v -1.14910 2.93000 2.10000
v -0.69690 4.33000 -1.75000
v 0.00550 3.36000 2.41000
v -2.04490 2.03000 -0.93000
v -1.84170 1.23000 1.03000
v 1.81890 3.55000 -0.92000
v 0.91350 3.69000 -1.76000
v 2.22820 3.35000 0.03000
v -2.22820 3.35000 0.03000
v -1.07130 1.35000 -1.85000
v 0.01150 1.45000 -2.11000
v 1.71410 3.99000 -0.89000
v -0.22970 6.34000 -0.93000
v -0.16380 6.63000 -0.76000
v 0.12820 6.01000 0.20000
v 0.12820 6.11000 0.28000
v -0.12820 6.01000 0.20000
v -0.12820 6.11000 0.28000
v 2.02860 3.47000 0.26000
v 0.02350 3.68000 -1.94000
v 0.07040 3.36000 2.25000
v -0.03320 0.81000 2.02000
v 0.09380 6.45000 1.09000
v -0.09380 6.45000 1.09000
v -1.71410 3.99000 -0.89000
v 1.40950 3.48000 1.66000
v 1.75350 3.47000 1.20000
v -1.98200 1.25000 -1.00000
v -2.13010 0.98000 -0.68000
v 0.89180 3.61000 1.99000
v -0.97880 2.42000 -2.47000
v -0.77010 2.17000 -2.51000
v -0.04360 6.00000 0.10000
v -0.09440 5.98000 0.01000
v -2.29570 1.37000 -0.57000
v -0.66670 2.01000 -2.46000
v -0.13120 5.82000 0.10000
v -0.07460 5.88000 0.11000
v -0.11630 5.88000 0.06000
v 0.00000 5.95000 0.11000
v -0.33990 4.63000 -1.89000
v -0.46850 4.71000 -1.81000
v -1.81340 1.45000 -0.97000
v -1.01040 1.77000 -1.87000
v -0.58220 4.71000 -1.72000
v -0.32150 1.89000 -2.37000
v -0.64210 1.80000 -2.08000
v 0.09810 2.02000 -2.25000
v 0.07460 5.88000 0.11000
v 0.12470 5.88000 0.15000
v 0.13120 5.82000 0.10000
v 1.54560 1.71000 -1.63000
v 1.29060 1.62000 -1.82000
v -0.16130 4.41000 -1.97000
v -0.60810 1.90000 -2.35000
v -0.12470 5.88000 0.15000
v 0.04590 5.97000 0.09000
v -0.21680 2.01000 -2.49000
v 0.11770 6.27000 0.62000
v -0.11770 6.27000 0.62000
v -0.14730 2.22000 -2.55000
v 1.00230 1.58000 -1.73000
v 0.25920 6.66000 -0.37000
v 0.23090 6.46000 -0.19000
v 1.69310 0.98000 -0.83000
v 1.73630 0.68000 -0.01000
v -0.95170 4.18000 -1.51000
v -0.80930 4.56000 -1.55000
v -0.12250 2.61000 -2.55000
v 1.91280 1.60000 -0.90000
v 2.10680 1.47000 0.06000
v -0.62190 1.74000 -2.03000
v 1.29060 1.71000 -1.82000
v -1.87120 0.95000 0.16000
v 0.10330 5.87000 0.03000
v 0.11770 5.94000 0.05000
v 0.11530 5.91000 -0.02000
v -0.03320 5.20000 -1.60000
v -0.22260 4.93000 -1.83000
v -0.94590 0.83000 1.71000
v 1.65750 1.82000 -1.53000
v 0.00000 5.37000 -0.09000
v 0.00000 5.70000 -0.04000
v 0.07010 5.69000 0.01000
v 0.10870 5.37000 -0.03000
v -0.07010 5.69000 0.01000
v -0.10870 5.37000 -0.03000
v -0.01480 3.19000 2.30000
v 0.02010 3.19000 2.45000
v -0.10950 5.87000 0.03000
v -0.10250 5.96000 -0.01000
v -1.00920 0.83000 1.97000
v 0.15370 5.37000 0.11000
v 0.11010 5.70000 0.11000
v 1.02590 4.26000 -1.37000
v -0.15370 5.37000 0.11000
v -0.11010 5.70000 0.11000
v -0.72400 0.68000 2.05000
v -1.66180 0.92000 0.92000
v -0.20460 6.46000 -0.51000
v -0.15410 6.27000 -0.26000
v -0.19990 6.01000 -0.43000
v -0.25240 6.14000 -0.73000
v -1.42830 3.15000 2.04000
v -1.68300 3.27000 1.70000
v 2.19860 3.88000 0.76000
v 2.05920 4.17000 0.84000
v 0.00000 4.40000 -1.60000
v -0.37300 4.76000 -1.89000
v 0.08430 5.70000 0.21000
v 0.10870 5.37000 0.24000
v -0.08430 5.70000 0.21000
v -0.10870 5.37000 0.24000
v 0.00000 5.37000 0.30000
v 0.00000 5.70000 0.25000
v 1.85630 1.15000 -0.83000
v -0.00670 3.87000 -1.78000
v 0.02400 3.86000 -1.95000
v 1.75880 1.42000 1.11000
v -1.49050 0.76000 0.87000
v -1.63050 0.74000 0.91000
v -1.27890 3.18000 2.18000
v 0.06800 6.28000 1.17000
v -0.06800 6.28000 1.17000
v -0.58460 0.78000 2.19000
v -1.27420 2.72000 -1.77000
v -1.66500 2.39000 -1.42000
v 2.14630 1.69000 -0.09000
v 2.18790 2.18000 -0.46000
v 0.16480 1.95000 2.28000
v 0.39330 1.50000 2.13000
v -1.40040 2.56000 2.43000
v -1.37370 2.96000 2.36000
v -1.22520 0.79000 1.73000
v -1.72020 1.33000 1.26000
v -1.80470 1.03000 0.83000
v -1.65470 2.61000 2.10000
v 0.74940 1.89000 2.11000
v -1.08410 3.29000 2.24000
v 1.49360 1.95000 -1.78000
v 2.23220 3.77000 0.65000
v 1.16310 4.68000 0.97000
v 0.89340 4.89000 0.97000
v -0.51730 4.63000 -1.84000
v -0.77910 3.56000 2.24000
v 1.68970 1.95000 -1.46000
v -2.05670 1.48000 0.77000
v -2.31660 1.57000 -0.60000
v 1.07770 1.90000 -2.00000
v 2.23930 2.17000 0.29000
v 1.08210 3.22000 2.31000
v 0.65670 3.32000 2.38000
v -1.06350 3.30000 -1.81000
v -1.02970 3.83000 -1.57000
v -1.96110 1.43000 -1.08000
v -0.95710 4.84000 1.00000
v -1.27410 4.57000 0.98000
v 1.42150 3.40000 2.13000
v 1.55490 3.71000 1.91000
v -0.99920 4.56000 1.31000
v 1.86680 1.18000 1.16000
v 1.97260 1.44000 1.36000
v 1.27280 3.27000 2.25000
v -1.02880 0.97000 2.02000
v -0.83830 4.49000 -1.57000
v 1.63740 1.21000 1.03000
v 1.78650 1.24000 1.12000
v -0.52820 0.93000 2.29000
v 1.90520 1.32000 0.06000
v 0.88750 4.68000 1.23000
v 2.20770 3.69000 0.49000
v 0.10550 5.86000 0.24000
v 0.09290 5.98000 0.29000
v 0.44520 4.17000 2.12000
v 0.74610 4.42000 1.84000
v 0.84170 3.69000 2.27000
v -0.86040 4.36000 -1.37000
v 0.00000 4.57000 -1.43000
v -0.10550 5.86000 0.24000
v -0.09290 5.98000 0.29000
v 1.16210 1.53000 -1.72000
v 0.08530 6.01000 0.73000
v 2.14200 1.46000 1.12000
v 0.05520 5.85000 -0.05000
v -0.08530 6.01000 0.73000
v -1.43640 3.61000 1.79000
v 1.41150 0.59000 0.92000
v -0.40270 5.14000 -1.44000
v 0.16140 2.19000 2.33000
v 0.93460 4.43000 -1.22000
v -1.41930 4.37000 1.01000
v 2.20760 2.79000 -0.41000
v 1.31110 4.38000 1.08000
v 1.53900 2.16000 -1.78000
v -1.06790 4.36000 1.44000
v -1.74190 1.54000 1.40000
v 0.82400 2.13000 2.13000
v 1.88260 0.88000 0.00000
v 0.33850 3.97000 2.26000
v -1.75170 2.96000 -1.25000
v -0.87010 0.70000 1.52000
v -1.65480 1.10000 0.92000
v 0.33810 3.75000 2.33000
v 0.56500 3.31000 2.36000
v 2.09800 3.64000 0.18000
v 1.96890 1.58000 1.50000
v 2.15870 3.27000 -0.06000
v 0.97570 4.02000 1.97000
v 1.20830 3.82000 2.10000
v 1.74700 1.44000 -0.80000
v 0.96680 1.39000 -1.57000
v 1.64330 1.21000 1.43000
v -0.03260 5.85000 -0.08000
v -1.41780 3.11000 2.26000
v -1.73640 2.71000 1.97000
v 2.25570 1.64000 1.16000
v -1.46960 4.18000 1.09000
v 1.00730 2.10000 -2.05000
v 0.00000 5.86000 0.27000
v 1.29320 1.94000 -1.81000
v -2.12320 1.71000 0.85000
v -1.15960 4.17000 1.47000
v -0.01170 0.71000 1.80000
v -1.30480 0.92000 1.72000
v 2.25310 2.78000 0.26000
v 1.00030 3.80000 2.21000
v 0.08850 1.85000 -2.07000
v 0.09290 6.04000 0.34000
v 2.00040 4.16000 0.50000
v 0.26250 2.47000 2.30000
v -0.59500 1.31000 2.43000
v -0.09290 6.04000 0.34000
v -1.43110 3.85000 1.37000
v 0.93640 3.58000 2.15000
v 1.00030 4.38000 1.38000
v 0.78080 2.42000 2.15000
v 1.01670 3.78000 2.07000
v -1.79810 1.82000 1.44000
v 1.84910 1.41000 1.48000
v -1.48690 3.51000 -1.35000
v -1.69750 0.80000 0.10000
v 1.24100 4.13000 1.31000
v 2.27630 1.81000 1.24000
v 1.60280 4.15000 -0.74000
v -0.60330 5.03000 -1.39000
v -0.92200 1.57000 -1.77000
v 1.63140 2.28000 -1.41000
v 0.55290 2.86000 2.18000
v 0.15390 6.64000 -0.82000
v -1.60280 4.15000 -0.74000
v 1.88830 1.67000 1.61000
v 0.00000 6.18000 1.19000
v 2.17920 2.07000 1.54000
v -1.93560 2.30000 1.36000
v 0.14360 6.26000 -0.30000
v -2.09640 1.96000 1.01000
v 1.48420 2.34000 -1.80000
v -0.00190 1.35000 -1.88000
v -1.28800 3.71000 1.89000
v 1.54790 1.28000 1.59000
v -1.09130 3.70000 2.02000
v -0.04590 5.91000 -0.13000
v -1.49940 3.21000 2.07000
v -2.23750 1.76000 -0.68000
v -1.74850 2.90000 1.84000
v -1.07480 1.08000 2.01000
v -1.10740 0.94000 2.01000
v -1.67940 1.29000 -0.85000
v 1.88130 1.58000 1.62000
v 1.60340 1.73000 1.84000
v 1.01510 2.28000 -2.04000
v 0.83530 3.79000 1.83000
v 1.30680 3.67000 1.52000
v -1.95940 1.66000 -1.06000
v -0.72050 4.86000 -1.40000
v -1.66900 3.25000 1.72000
v 1.62460 3.66000 1.09000
v 1.86390 3.66000 0.22000
v 1.94600 1.75000 1.65000
v 0.14860 6.44000 -0.55000
v -0.00350 3.54000 2.09000
v -1.06210 3.10000 1.94000
v 1.33500 2.11000 -1.76000
v 2.00770 4.09000 0.36000
v 1.51690 1.41000 1.70000
v 1.20600 2.62000 -1.91000
v 0.00000 5.97000 0.32000
v -1.70150 1.17000 -1.03000
v -2.05940 3.52000 0.10000
v 2.05940 3.52000 0.10000
v -1.93630 1.16000 -0.05000
v -1.04740 2.20000 -2.23000
v -0.96280 1.23000 -1.66000
v -0.70060 2.22000 -2.18000
v -1.31830 1.04000 1.75000
v 0.04410 5.90000 -0.11000
v 0.86020 0.75000 1.61000
v 0.79310 3.81000 -1.57000
v 1.63290 3.69000 -0.82000
v -0.48350 2.51000 -2.39000
v -1.07460 1.11000 2.14000
v -0.34920 4.47000 -1.81000
v 2.03200 3.94000 0.26000
v -0.42080 4.30000 -1.89000
v -0.67340 4.34000 -1.72000
v -2.00230 2.02000 -0.89000
v -0.05940 6.09000 -0.40000
v -0.07370 6.41000 -0.92000
v -0.47670 4.50000 -1.72000
v -1.82190 3.11000 1.18000
v 1.82190 3.11000 1.18000
v -1.24430 1.27000 1.89000
v -0.64650 2.39000 -2.28000
v -0.61590 4.52000 -1.65000
v -1.02130 2.06000 -2.10000
v -0.84410 2.23000 -2.30000
v 1.40510 2.21000 -1.66000
v -0.57190 4.29000 -1.82000
v 0.00000 5.92000 0.74000
v -0.96050 1.22000 2.25000
v 1.05740 3.13000 2.00000
v -0.92090 1.95000 -2.03000
v -0.77140 2.09000 -2.20000
v -1.04170 3.43000 2.03000
v -0.27030 2.37000 -2.35000
v -1.22010 3.37000 1.92000
v -0.10010 6.26000 -0.67000
v -0.37430 2.21000 -2.25000
v -0.70880 1.94000 -2.13000
v -1.41390 3.33000 1.83000
v -0.26810 4.95000 -1.56000
v -0.48640 2.04000 -2.18000
v 1.25050 3.56000 2.02000
v 0.00000 6.01000 0.36000
v -0.42810 4.80000 -1.54000
v 1.06910 3.48000 2.11000
v -2.07240 1.27000 -0.71000
v 0.89640 3.41000 2.22000
v -0.59980 4.67000 -1.55000
v -2.03080 1.48000 -0.73000
v 1.11660 4.51000 1.19000
v 0.63460 3.81000 2.06000
v -1.26110 4.33000 1.24000
v -2.00780 1.69000 -0.78000
v 2.12210 3.95000 0.52000
v 1.50880 1.98000 -1.64000
v 0.48970 2.12000 2.23000
v -1.44360 3.07000 -1.56000
v -1.57280 2.89000 2.14000
v 2.25310 2.41000 -0.08000
v 0.00000 5.37000 0.11000
v -1.93380 1.58000 1.11000
v -1.17520 0.96000 1.88000
v 1.27270 2.16000 -1.92000
v 1.75270 1.45000 1.57000
v 2.08100 1.64000 1.40000
v -0.81850 0.97000 2.19000
vt -2.92110 -3.29797
vt -2.91883 -3.29415
vt -2.92510 -3.29415
vt -2.92591 -3.29797
vt -2.98878 -3.28764
vt -2.98739 -3.28530
vt -2.99123 -3.28530
vt -2.99172 -3.28764
vt -3.24938 -2.79893
vt -3.25573 -2.79554
vt -3.25674 -2.79893
vt -3.25010 -2.79554
vt -2.99560 -3.28764
vt -2.99630 -3.28530
vt -2.91803 -3.28966
vt -2.92482 -3.28966
vt -2.89665 -3.15157
vt -2.89856 -3.14975
vt -2.89895 -3.15157
vt -2.89556 -3.14975
vt -2.89843 -3.14760
vt -2.89518 -3.14760
vt -2.93274 -2.88913
vt -2.93793 -2.89408
vt -2.92978 -2.89408
vt -2.93898 -2.88913
vt -2.98690 -3.28255
vt -2.99105 -3.28255
vt -2.93756 -2.89992
vt -2.92874 -2.89992
vt -2.91215 -2.91238
vt -2.91389 -2.91404
vt -2.91116 -2.91404
vt -2.91425 -2.91238
vt -2.91377 -2.91601
vt -2.91081 -2.91601
vt -3.27198 -2.80663
vt -3.27588 -2.80455
vt -3.27651 -2.80663
vt -3.27242 -2.80455
vt -3.35331 -3.16638
vt -3.35685 -3.16827
vt -3.35371 -3.16827
vt -3.35742 -3.16638
vt -2.93225 -3.29797
vt -2.93339 -3.29415
vt -3.35824 -3.17842
vt -3.36459 -3.18180
vt -3.35896 -3.18180
vt -3.36560 -3.17842
vt -3.35317 -3.16415
vt -3.35761 -3.16415
vt -3.24913 -2.80292
vt -3.25710 -2.80292
vt -2.89556 -3.14545
vt -2.89856 -3.14545
vt -2.99654 -3.28255
vt -3.35799 -3.17442
vt -3.36595 -3.17442
vt -2.92978 -2.90576
vt -2.93793 -2.90576
vt -2.91116 -2.91797
vt -2.91389 -2.91797
vt -3.27182 -2.80909
vt -3.27673 -2.80909
vt -2.94722 -2.88913
vt -2.94869 -2.89408
vt -3.35742 -3.16192
vt -3.35331 -3.16192
vt -2.91883 -3.28516
vt -2.92510 -3.28516
vt -2.98739 -3.27980
vt -2.99123 -3.27980
vt -2.93379 -3.28966
vt -2.94921 -2.89992
vt -3.36560 -3.17043
vt -3.35824 -3.17043
vt -3.24584 -2.79554
vt -3.24381 -2.79893
vt -2.90198 -3.15157
vt -2.90252 -3.14975
vt -2.91701 -2.91238
vt -2.91751 -2.91404
vt -3.25674 -2.80691
vt -3.24938 -2.80691
vt -2.89665 -3.14363
vt -2.89895 -3.14363
vt -2.90271 -3.14760
vt -2.91769 -2.91601
vt -2.91215 -2.91963
vt -2.91425 -2.91963
vt -2.93274 -2.91071
vt -2.93898 -2.91071
vt -2.99630 -3.27980
vt -3.26979 -2.80455
vt -3.26854 -2.80663
vt -3.27651 -2.81155
vt -3.27198 -2.81155
vt -2.94869 -2.90576
vt -3.35685 -3.16003
vt -3.35371 -3.16003
vt -2.90252 -3.14545
vt -3.24310 -2.80292
vt -2.91751 -2.91797
vt -3.36459 -3.16705
vt -3.35896 -3.16705
vt -2.93339 -3.28516
vt -3.39518 -2.86959
vt -3.40176 -2.86608
vt -3.40281 -2.86959
vt -3.39592 -2.86608
vt -3.39989 -2.89092
vt -3.40440 -2.88852
vt -3.40512 -2.89092
vt -3.40040 -2.88852
vt -3.35133 -3.16827
vt -3.35020 -3.16638
vt -2.92110 -3.28135
vt -2.92591 -3.28135
vt -3.26811 -2.80909
vt -2.98878 -3.27747
vt -2.99172 -3.27747
vt -3.35469 -3.18180
vt -3.35267 -3.17842
vt -2.93269 -2.90932
vt -2.93600 -2.91247
vt -2.93081 -2.91247
vt -2.93666 -2.90932
vt -2.94722 -2.91071
vt -2.90198 -3.14363
vt -3.25573 -2.81030
vt -3.25010 -2.81030
vt -2.91701 -2.91963
vt -3.39971 -2.89376
vt -3.40537 -2.89376
vt -3.39492 -2.87373
vt -3.40318 -2.87373
vt -3.34980 -3.16415
vt -2.94627 -2.92736
vt -2.94782 -2.92883
vt -2.94539 -2.92883
vt -2.94813 -2.92736
vt -3.27588 -2.81364
vt -3.27242 -2.81364
vt -3.24381 -2.80691
vt -2.93576 -2.91618
vt -2.93015 -2.91618
vt -3.40571 -3.19787
vt -3.41077 -3.20057
vt -3.40628 -3.20057
vt -3.41158 -3.19787
vt -2.99560 -3.27747
vt -3.35196 -3.17442
vt -3.00661 -3.23605
vt -3.00963 -3.23317
vt -3.01024 -3.23605
vt -3.00489 -3.23317
vt -2.94771 -2.93057
vt -2.94508 -2.93057
vt -3.40512 -2.89660
vt -3.39989 -2.89660
vt -3.26854 -2.81155
vt -3.35020 -3.16192
vt -2.93081 -2.91990
vt -2.93600 -2.91990
vt -2.92079 -3.05371
vt -2.92607 -3.04867
vt -2.92713 -3.05371
vt -2.91778 -3.04867
vt -2.93225 -3.28135
vt -3.40281 -2.87787
vt -3.39518 -2.87787
vt -2.92569 -3.04273
vt -2.91672 -3.04273
vt -2.91778 -3.03679
vt -2.92607 -3.03679
vt -2.92079 -3.03175
vt -2.92713 -3.03175
vt -3.35267 -3.17043
vt -3.40551 -3.19469
vt -3.41186 -3.19469
vt -2.94539 -2.93231
vt -2.94782 -2.93231
vt -2.93269 -2.92305
vt -2.93666 -2.92305
vt -3.40440 -2.89901
vt -3.40040 -2.89901
vt -3.24584 -2.81030
vt -3.35133 -3.16003
vt -3.18879 -3.27644
vt -3.19195 -3.27342
vt -3.19259 -3.27644
vt -3.18698 -3.27342
vt -2.94627 -2.93379
vt -2.94813 -2.93379
vt -3.00942 -3.22977
vt -3.00428 -3.22977
vt -3.39150 -2.86608
vt -3.38940 -2.86959
vt -3.40176 -2.88138
vt -3.39592 -2.88138
vt -3.39737 -2.88852
vt -3.39593 -2.89092
vt -3.35469 -3.16705
vt -3.19761 -3.27644
vt -3.19852 -3.27342
vt -2.94191 -2.90932
vt -2.94285 -2.91247
vt -3.28429 -2.86710
vt -3.29087 -2.86359
vt -3.29192 -2.86710
vt -3.28503 -2.86359
vt -3.41158 -3.19150
vt -3.40571 -3.19150
vt -3.26979 -2.81364
vt -3.30608 -2.89128
vt -3.30919 -2.88962
vt -3.30968 -2.89128
vt -3.30643 -2.88962
vt -2.95059 -2.92736
vt -2.95103 -2.92883
vt -3.01504 -3.23605
vt -3.01590 -3.23317
vt -3.40288 -3.20057
vt -3.40127 -3.19787
vt -3.03786 -3.04608
vt -3.03978 -3.04425
vt -3.04017 -3.04608
vt -3.03677 -3.04425
vt -3.41077 -3.18880
vt -3.40628 -3.18880
vt -2.94318 -2.91618
vt -3.28061 -2.86359
vt -3.27851 -2.86710
vt -3.00489 -3.22637
vt -3.00963 -3.22637
vt -3.03786 -3.03811
vt -3.03978 -3.03994
vt -3.03677 -3.03994
vt -3.04017 -3.03811
vt -3.39542 -2.89376
vt -3.06530 -3.04275
vt -3.06898 -3.03924
vt -3.06972 -3.04275
vt -3.06320 -3.03924
vt -3.38866 -2.87373
vt -3.06530 -3.02745
vt -3.06898 -3.03096
vt -3.06320 -3.03096
vt -3.06972 -3.02745
vt -3.03964 -3.04210
vt -3.03639 -3.04210
vt -2.95118 -2.93057
vt -3.28403 -2.87124
vt -3.29229 -2.87124
vt -3.06872 -3.03510
vt -3.06246 -3.03510
vt -3.30434 -2.88962
vt -3.30334 -2.89128
vt -3.30595 -2.89323
vt -3.30986 -2.89323
vt -2.93551 -3.05371
vt -2.93702 -3.04867
vt -3.19173 -3.26986
vt -3.18635 -3.26986
vt -2.94285 -2.91990
vt -2.93551 -3.03175
vt -2.93702 -3.03679
vt -3.19883 -3.26986
vt -3.39593 -2.89660
vt -3.00661 -3.22348
vt -3.01024 -3.22348
vt -2.94191 -2.92305
vt -2.95103 -2.93231
vt -3.38940 -2.87787
vt -2.93754 -3.04273
vt -3.40070 -3.19469
vt -3.01620 -3.22977
vt -2.95059 -2.93379
vt -3.39737 -2.89901
vt -3.29192 -2.87539
vt -3.28429 -2.87539
vt -3.30968 -2.89519
vt -3.30608 -2.89519
vt -3.27777 -2.87124
vt -3.39150 -2.88138
vt -3.07556 -3.04275
vt -3.07661 -3.03924
vt -3.07556 -3.02745
vt -3.07661 -3.03096
vt -3.04321 -3.04608
vt -3.04375 -3.04425
vt -3.30919 -2.89685
vt -3.30643 -2.89685
vt -3.30300 -2.89323
vt -3.29087 -2.87890
vt -3.28503 -2.87890
vt -3.04321 -3.03811
vt -3.04375 -3.03994
vt -3.18698 -3.26630
vt -3.19195 -3.26630
vt -3.40127 -3.19150
vt -3.19852 -3.26630
vt -3.07698 -3.03510
vt -3.01590 -3.22637
vt -3.27851 -2.87539
vt -3.04394 -3.04210
vt -3.40288 -3.18880
vt -3.30334 -2.89519
vt -3.28061 -2.87890
vt -3.30434 -2.89685
vt -3.18879 -3.26328
vt -3.19259 -3.26328
vt -3.01504 -3.22348
vt -3.19761 -3.26328
vt -3.40053 -2.94667
vt -3.39519 -2.94618
vt -3.39626 -2.94297
vt -3.39750 -2.94818
vt -3.39771 -2.95123
vt -3.40092 -2.95230
vt -3.36742 -2.92652
vt -3.36414 -2.92621
vt -3.36480 -2.92424
vt -3.36556 -2.92745
vt -3.36569 -2.92932
vt -3.36767 -2.92998
vt -3.18320 -2.79680
vt -3.17893 -2.80035
vt -3.17736 -2.79721
vt -3.18209 -2.80013
vt -3.39392 -2.94996
vt -2.97410 -2.91124
vt -2.96869 -2.91253
vt -2.97253 -2.90810
vt -2.97202 -2.91364
vt -3.37083 -3.26342
vt -3.36541 -3.26966
vt -3.36320 -3.26523
vt -3.36613 -3.26186
vt -3.19748 -2.79537
vt -3.19455 -2.79780
vt -3.19348 -2.79565
vt -3.19672 -2.79765
vt -3.36336 -2.92855
vt -2.97129 -2.89308
vt -2.96873 -2.89368
vt -2.97054 -2.89159
vt -2.97030 -2.89421
vt -3.34576 -3.29025
vt -3.34600 -3.28763
vt -3.34758 -3.28815
vt -3.34502 -3.28876
vt -3.18762 -2.80064
vt -3.18448 -2.80221
vt -3.36226 -2.92635
vt -3.36133 -2.92448
vt -3.39214 -2.94639
vt -3.39571 -2.95354
vt -3.39063 -2.94336
vt -3.39722 -2.95657
vt -3.20052 -2.79800
vt -3.19836 -2.79907
vt -2.97224 -2.91680
vt -2.96910 -2.91837
vt -3.35718 -3.27024
vt -3.35874 -3.26555
vt -3.03652 -3.26709
vt -3.03155 -3.26663
vt -3.03437 -3.26522
vt -3.03552 -3.27008
vt -2.97837 -2.90769
vt -2.97726 -2.91102
vt -3.36446 -2.93075
vt -3.34299 -3.29045
vt -3.34352 -3.28887
vt -3.17352 -2.80164
vt -3.17685 -2.80275
vt -3.01645 -3.25490
vt -3.01413 -3.25469
vt -3.01545 -3.25403
vt -3.01599 -3.25630
vt -3.37025 -3.25518
vt -3.36582 -3.25740
vt -2.97331 -2.89140
vt -2.97278 -2.89297
vt -2.97041 -2.89570
vt -2.96892 -2.89645
vt -3.36539 -2.93261
vt -3.18078 -2.80406
vt -2.97595 -2.91495
vt -3.39014 -2.94870
vt -3.04076 -3.26971
vt -3.03936 -3.26689
vt -3.39266 -2.95375
vt -3.36103 -2.92777
vt -3.19085 -2.79868
vt -3.19313 -2.79944
vt -3.36059 -3.26001
vt -3.36258 -2.93088
vt -3.19582 -2.80034
vt -2.97216 -2.89483
vt -3.34739 -3.28539
vt -3.34590 -3.28613
vt -3.01778 -3.25481
vt -3.01844 -3.25613
vt -3.03417 -3.26239
vt -3.03118 -3.26139
vt -3.39035 -2.95175
vt -3.01396 -3.25223
vt -3.01536 -3.25270
vt -3.36116 -2.92964
vt -3.34414 -3.28701
vt -3.18470 -2.80537
vt -3.03769 -3.26356
vt -2.97464 -2.91888
vt -2.98012 -3.27743
vt -2.97218 -3.27670
vt -2.97668 -3.27445
vt -2.97852 -3.28221
vt -2.97965 -2.91310
vt -2.90276 -3.13211
vt -2.89920 -3.12783
vt -2.90253 -3.12894
vt -2.89962 -3.13367
vt -3.17707 -2.80591
vt -3.18803 -2.80648
vt -2.90060 -3.16194
vt -2.89897 -3.16275
vt -2.90049 -3.16029
vt -2.89875 -3.15971
vt -3.01701 -3.25325
vt -3.35905 -2.92711
vt -3.19852 -2.80124
vt -3.35537 -3.26262
vt -2.97353 -2.92221
vt -3.20080 -2.80200
vt -2.97391 -2.89395
vt -2.90185 -3.16302
vt -2.90127 -3.16475
vt -2.97154 -2.89669
vt -3.38693 -2.94763
vt -3.36244 -3.25447
vt -3.39159 -2.95696
vt -2.90515 -3.13418
vt -2.90404 -3.13751
vt -2.98280 -2.91153
vt -2.97780 -2.91865
vt -3.35094 -3.26483
vt -3.19328 -2.80161
vt -3.18263 -2.80776
vt -2.97988 -2.91626
vt -3.04122 -3.26474
vt -3.34239 -3.28788
vt -3.34090 -3.28863
vt -2.97158 -3.26832
vt -2.97636 -3.26991
vt -3.17946 -2.80799
vt -3.04421 -3.26574
vt -3.17393 -2.80748
vt -2.98465 -3.27711
vt -2.98690 -3.28161
vt -2.97540 -2.89321
vt -2.97101 -2.89826
vt -3.03603 -3.26024
vt -3.36192 -2.93286
vt -3.19709 -2.80288
vt -3.36401 -3.24977
vt -3.34476 -3.28514
vt -3.35505 -3.25816
vt -3.01866 -3.25380
vt -2.97402 -2.89545
vt -2.97303 -2.89658
vt -3.01623 -3.25169
vt -3.35798 -3.25478
vt -2.90461 -3.12655
vt -2.90304 -3.12341
vt -3.19492 -2.80304
vt -3.04102 -3.26190
vt -3.02006 -3.25427
vt -3.19113 -2.80269
vt -3.41287 -2.84555
vt -3.40989 -2.84527
vt -3.41049 -2.84348
vt -3.41118 -2.84639
vt -3.35661 -3.30575
vt -3.35688 -3.30288
vt -3.35860 -3.30345
vt -3.35580 -3.30412
vt -3.03463 -3.25742
vt -3.34228 -3.28638
vt -3.03887 -3.26004
vt -3.01557 -3.25037
vt -2.90157 -3.15905
vt -2.90075 -3.15741
vt -3.39175 -2.83781
vt -3.38641 -2.83732
vt -3.38749 -2.83411
vt -3.38872 -2.83932
vt -3.34327 -3.28525
vt -3.01856 -3.25247
vt -3.34529 -3.28357
vt -3.01756 -3.25160
vt -3.35929 -2.93058
vt -2.90646 -3.13026
vt -2.98200 -3.27179
vt -3.38732 -2.95326
vt -3.35358 -3.30596
vt -3.35416 -3.30424
vt -2.90253 -3.16097
vt -3.41309 -2.84869
vt -3.41130 -2.84809
vt -2.97937 -2.92179
vt -3.18420 -2.81090
vt -2.90431 -3.16454
vt -2.90349 -3.16290
vt -3.11086 -2.78868
vt -3.10758 -2.79141
vt -3.10637 -2.78900
vt -3.11001 -2.79124
vt -2.98321 -2.91737
vt -2.90831 -3.13396
vt -2.90988 -3.13710
vt -3.38894 -2.84237
vt -3.39215 -2.84344
vt -3.19817 -2.80504
vt -3.04384 -3.26049
vt -3.17835 -2.81132
vt -3.38337 -2.83754
vt -3.38185 -2.83451
vt -3.35036 -3.25659
vt -3.40819 -2.84539
vt -3.40734 -2.84370
vt -3.35839 -3.30042
vt -3.35676 -3.30124
vt -2.97559 -2.89597
vt -2.97378 -2.89806
vt -2.97934 -3.26648
vt -2.97709 -3.26197
vt -3.10342 -2.79240
vt -3.10598 -2.79325
vt -3.34070 -3.28586
vt -2.98763 -3.27367
vt -2.99241 -3.27527
vt -3.35577 -3.25035
vt -2.90777 -3.12633
vt -3.03987 -3.25705
vt -3.01988 -3.25181
vt -3.19416 -2.80532
vt -2.94116 -3.19340
vt -2.93662 -3.19298
vt -2.93920 -3.19169
vt -2.94025 -3.19613
vt -2.93628 -3.18818
vt -2.93901 -3.18909
vt -3.01802 -3.25020
vt -2.90888 -3.12300
vt -2.90321 -3.15893
vt -2.91039 -3.13157
vt -3.11426 -2.79163
vt -3.11185 -2.79284
vt -2.90457 -3.16166
vt -2.98388 -3.26616
vt -2.98731 -3.26914
vt -3.34252 -3.28376
vt -2.91017 -3.12840
vt -3.35117 -3.27649
vt -3.34530 -3.27789
vt -3.34755 -3.27529
vt -3.34700 -3.28130
vt -3.39899 -3.21068
vt -3.39540 -3.21153
vt -3.39678 -3.20994
vt -3.39644 -3.21362
vt -3.35484 -3.30220
vt -2.90379 -3.15720
vt -3.40919 -2.84739
vt -3.35129 -3.30397
vt -3.35292 -3.30316
vt -2.90446 -3.16001
vt -2.94373 -3.00932
vt -2.94067 -3.00564
vt -2.94354 -3.00660
vt -2.94103 -3.01067
vt -3.38515 -2.84111
vt -2.94532 -3.00454
vt -2.94398 -3.00184
vt -3.34066 -3.28174
vt -3.34187 -3.27813
vt -3.39663 -3.20784
vt -3.39872 -3.20680
vt -3.41103 -2.85107
vt -3.41018 -2.84938
vt -2.91372 -3.13268
vt -2.90631 -3.16224
vt -2.94376 -3.19321
vt -2.94505 -3.19579
vt -3.10900 -2.79426
vt -3.38845 -2.84771
vt -3.38693 -2.84468
vt -2.94072 -3.18713
vt -2.93943 -3.18455
vt -3.10615 -2.79568
vt -3.10374 -2.79689
vt -3.39330 -3.21168
vt -3.39256 -3.21389
vt -3.34731 -3.27185
vt -3.35072 -3.27015
vt -2.98547 -3.26138
vt -2.99182 -3.26689
vt -3.37815 -2.83877
vt -3.38136 -2.83984
vt -3.35552 -3.30016
vt -3.35609 -3.29843
vt -2.91331 -3.12684
vt -3.40528 -2.84608
vt -3.40707 -2.84668
vt -2.94579 -3.01110
vt -2.94483 -3.01397
vt -2.94224 -3.19017
vt -2.94900 -3.00148
vt -2.94804 -3.00435
vt -3.35280 -3.30152
vt -2.90609 -3.15919
vt -3.11202 -2.79527
vt -3.11458 -2.79612
vt -3.35388 -3.30028
vt -3.40848 -2.84950
vt -3.39578 -3.20425
vt -3.39504 -3.20646
vt -3.33927 -3.27587
vt -3.33586 -3.27758
vt -3.38389 -2.84490
vt -3.40719 -2.84839
vt -2.94692 -3.00773
vt -3.38158 -2.84289
vt -3.39417 -3.20907
vt -3.34329 -3.27386
vt -3.10799 -2.79728
vt -3.35107 -3.30094
vt -3.11042 -2.79711
vt -2.94547 -3.19125
vt -2.94820 -3.19216
vt -2.94332 -3.18694
vt -2.94423 -3.18421
vt -3.40788 -2.85130
vt -3.39171 -3.21030
vt -3.38963 -3.21134
vt -3.10714 -2.79984
vt -3.34592 -3.26598
vt -3.34471 -3.26960
vt -2.94851 -3.01091
vt -2.94986 -3.01361
vt -3.38281 -2.84811
vt -2.94528 -3.18865
vt -3.35306 -3.29865
vt -3.37855 -2.84441
vt -2.95280 -3.00479
vt -2.95010 -3.00613
vt -3.40550 -2.84923
vt -3.11163 -2.79952
vt -2.95029 -3.00885
vt -3.39294 -3.20661
vt -3.33902 -3.27244
vt -3.39156 -3.20820
vt -3.34128 -3.26984
vt -2.94786 -3.18736
vt -3.39190 -3.20453
vt -3.33541 -3.27123
vt -2.95316 -3.00981
vt -3.38935 -3.20746
vt -3.33958 -3.26643
vt -2.91916 -3.18180
vt -2.92271 -3.17842
vt -2.92342 -3.18180
vt -2.91713 -3.17842
vt -2.89804 -3.16827
vt -2.90002 -3.16638
vt -2.90042 -3.16827
vt -2.89691 -3.16638
vt -2.89988 -3.16415
vt -2.89651 -3.16415
vt -2.92245 -3.17442
vt -2.91642 -3.17442
vt -2.90836 -2.79893
vt -2.91038 -2.79554
vt -2.91393 -2.79893
vt -2.91465 -2.79554
vt -3.20453 -3.20057
vt -3.20004 -3.20057
vt -3.19947 -3.19787
vt -3.20534 -3.19787
vt -2.94224 -2.80663
vt -2.94349 -2.80455
vt -2.94567 -2.80663
vt -2.94611 -2.80455
vt -3.12697 -2.86959
vt -3.13355 -2.86608
vt -3.13460 -2.86959
vt -3.12771 -2.86608
vt -3.19927 -3.19469
vt -3.20562 -3.19469
vt -3.11292 -2.89092
vt -3.11743 -2.88852
vt -3.11815 -2.89092
vt -3.11342 -2.88852
vt -2.89691 -3.16192
vt -2.90002 -3.16192
vt -3.12671 -2.87373
vt -3.13497 -2.87373
vt -2.91713 -3.17043
vt -2.92271 -3.17043
vt -3.11274 -2.89376
vt -3.11840 -2.89376
vt -2.90765 -2.80292
vt -2.91368 -2.80292
vt -2.94180 -2.80909
vt -2.94552 -2.80909
vt -3.12119 -2.86959
vt -3.12329 -2.86608
vt -3.10895 -2.89092
vt -3.11039 -2.88852
vt -2.92906 -3.18180
vt -2.93007 -3.17842
vt -3.20534 -3.19150
vt -3.19947 -3.19150
vt -3.10845 -2.89376
vt -2.90356 -3.16827
vt -2.90413 -3.16638
vt -3.12045 -2.87373
vt -2.93042 -3.17442
vt -3.11815 -2.89660
vt -3.11292 -2.89660
vt -3.13460 -2.87787
vt -3.12697 -2.87787
vt -3.19665 -3.20057
vt -3.19503 -3.19787
vt -3.33725 -2.89128
vt -3.34037 -2.88962
vt -3.34086 -2.89128
vt -3.33760 -2.88962
vt -3.33179 -2.86710
vt -3.33838 -2.86359
vt -3.33943 -2.86710
vt -3.33254 -2.86359
vt -2.94958 -2.80455
vt -2.95020 -2.80663
vt -2.90433 -3.16415
vt -2.92028 -2.79554
vt -2.92129 -2.79893
vt -2.89804 -3.16003
vt -2.90042 -3.16003
vt -3.33713 -2.89323
vt -3.34103 -2.89323
vt -3.19447 -3.19469
vt -2.91916 -3.16705
vt -2.92342 -3.16705
vt -3.33153 -2.87124
vt -3.33979 -2.87124
vt -2.90836 -2.80691
vt -2.91393 -2.80691
vt -3.10895 -2.89660
vt -3.36693 -3.27644
vt -3.36191 -3.27644
vt -3.36127 -3.27342
vt -3.36783 -3.27342
vt -2.94224 -2.81155
vt -2.94567 -2.81155
vt -2.93007 -3.17043
vt -3.12119 -2.87787
vt -2.90413 -3.16192
vt -2.91219 -3.28764
vt -2.91463 -3.28530
vt -2.91513 -3.28764
vt -2.91080 -3.28530
vt -2.95042 -2.80909
vt -3.34086 -2.89519
vt -3.33725 -2.89519
vt -3.11743 -2.89901
vt -3.11342 -2.89901
vt -3.20453 -3.18880
vt -3.20004 -3.18880
vt -2.92165 -2.80292
vt -3.13355 -2.88138
vt -3.12771 -2.88138
vt -3.33943 -2.87539
vt -3.33179 -2.87539
vt -3.19503 -3.19150
vt -3.36105 -3.26986
vt -3.36815 -3.26986
vt -3.11039 -2.89901
vt -2.92906 -3.16705
vt -2.96019 -3.29797
vt -2.96418 -3.29415
vt -2.96499 -3.29797
vt -2.95791 -3.29415
vt -2.90356 -3.16003
vt -3.12329 -2.88138
vt -2.91446 -3.28255
vt -2.91031 -3.28255
vt -2.91038 -2.81030
vt -2.91465 -2.81030
vt -3.34037 -2.89685
vt -3.33760 -2.89685
vt -2.95020 -2.81155
vt -2.94349 -2.81364
vt -2.94611 -2.81364
vt -3.32602 -2.86710
vt -3.32811 -2.86359
vt -3.33452 -2.89128
vt -3.33551 -2.88962
vt -2.93770 -2.89408
vt -2.94066 -2.88913
vt -2.94585 -2.89408
vt -2.94690 -2.88913
vt -2.92129 -2.80691
vt -3.33838 -2.87890
vt -3.33254 -2.87890
vt -3.19665 -3.18880
vt -3.35811 -3.27644
vt -3.35630 -3.27342
vt -3.36783 -3.26630
vt -3.36127 -3.26630
vt -3.33417 -2.89323
vt -3.32528 -2.87124
vt -2.96253 -2.91404
vt -2.96352 -2.91238
vt -2.96527 -2.91404
vt -2.96562 -2.91238
vt -3.37148 -3.23605
vt -3.36668 -3.23605
vt -3.36607 -3.23317
vt -3.37234 -3.23317
vt -2.95252 -3.15157
vt -2.95443 -3.14975
vt -2.95481 -3.15157
vt -2.95143 -3.14975
vt -2.93666 -2.89992
vt -2.94549 -2.89992
vt -2.96390 -3.28966
vt -2.95711 -3.28966
vt -2.91901 -3.28764
vt -2.91970 -3.28530
vt -2.91080 -3.27980
vt -2.91463 -3.27980
vt -2.94958 -2.81364
vt -3.33452 -2.89519
vt -2.96218 -2.91601
vt -2.96514 -2.91601
vt -2.92028 -2.81030
vt -3.40787 -3.04275
vt -3.40202 -3.04275
vt -3.40128 -3.03924
vt -3.40892 -3.03924
vt -2.95429 -3.14760
vt -2.95105 -3.14760
vt -2.93770 -2.90576
vt -2.94585 -2.90576
vt -3.40128 -3.03096
vt -3.40787 -3.02745
vt -3.40892 -3.03096
vt -3.40202 -3.02745
vt -3.32602 -2.87539
vt -3.40102 -3.03510
vt -3.40928 -3.03510
vt -2.97133 -3.29797
vt -2.97247 -3.29415
vt -3.35567 -3.26986
vt -3.36693 -3.26328
vt -3.36191 -3.26328
vt -3.41016 -3.04608
vt -3.40712 -3.04608
vt -3.40673 -3.04425
vt -3.41070 -3.04425
vt -3.36585 -3.22977
vt -3.37264 -3.22977
vt -3.40673 -3.03994
vt -3.41016 -3.03811
vt -3.41070 -3.03994
vt -3.40712 -3.03811
vt -2.96253 -2.91797
vt -2.96527 -2.91797
vt -3.33551 -2.89685
vt -3.40660 -3.04210
vt -3.41090 -3.04210
vt -2.95143 -3.14545
vt -2.95443 -3.14545
vt -2.94066 -2.91071
vt -2.94690 -2.91071
vt -2.95791 -3.28516
vt -2.96418 -3.28516
vt -3.32811 -2.87890
vt -3.27037 -2.91247
vt -3.27628 -2.90932
vt -3.27722 -2.91247
vt -3.27104 -2.90932
vt -2.91219 -3.27747
vt -2.91513 -3.27747
vt -3.29257 -2.92883
vt -3.29534 -2.92736
vt -3.29578 -2.92883
vt -3.29289 -2.92736
vt -2.95514 -2.88913
vt -2.95662 -2.89408
vt -3.36305 -3.23605
vt -3.36132 -3.23317
vt -2.96352 -2.91963
vt -2.96562 -2.91963
vt -2.95252 -3.14363
vt -2.95481 -3.14363
vt -2.91995 -3.28255
vt -3.26519 -2.91247
vt -3.26707 -2.90932
vt -2.96839 -2.91238
vt -2.96888 -2.91404
vt -3.35630 -3.26630
vt -3.37234 -3.22637
vt -3.36607 -3.22637
vt -3.33382 -3.05371
vt -3.32544 -3.05371
vt -3.32437 -3.04867
vt -3.33532 -3.04867
vt -2.95784 -3.15157
vt -2.95839 -3.14975
vt -3.29014 -2.92883
vt -3.29103 -2.92736
vt -3.29246 -2.93057
vt -3.29593 -2.93057
vt -3.32437 -3.03679
vt -3.33382 -3.03175
vt -3.33532 -3.03679
vt -3.32544 -3.03175
vt -3.27014 -2.91618
vt -3.27755 -2.91618
vt -2.97287 -3.28966
vt -2.96019 -3.28135
vt -2.96499 -3.28135
vt -2.95714 -2.89992
vt -3.32400 -3.04273
vt -3.33585 -3.04273
vt -3.39760 -3.04275
vt -3.39550 -3.03924
vt -3.39550 -3.03096
vt -3.39760 -3.02745
vt -3.29578 -2.93231
vt -3.29257 -2.93231
vt -3.37148 -3.22348
vt -3.36668 -3.22348
vt -3.36072 -3.22977
vt -2.91970 -3.27980
vt -3.27722 -2.91990
vt -3.27037 -2.91990
vt -3.40482 -3.04608
vt -3.40372 -3.04425
vt -3.29534 -2.93379
vt -3.29289 -2.93379
vt -3.26452 -2.91618
vt -3.35811 -3.26328
vt -2.96906 -2.91601
vt -3.39477 -3.03510
vt -3.40372 -3.03994
vt -3.40482 -3.03811
vt -3.27628 -2.92305
vt -3.27104 -2.92305
vt -3.28983 -2.93057
vt -2.95662 -2.90576
vt -3.31909 -3.05371
vt -3.31608 -3.04867
vt -2.95858 -3.14760
vt -3.31608 -3.03679
vt -3.31909 -3.03175
vt -2.95514 -2.91071
vt -3.40334 -3.04210
vt -3.26519 -2.91990
vt -2.96888 -2.91797
vt -3.29014 -2.93231
vt -3.26707 -2.92305
vt -2.97247 -3.28516
vt -3.29103 -2.93379
vt -2.96839 -2.91963
vt -3.31502 -3.04273
vt -2.91901 -3.27747
vt -2.95839 -3.14545
vt -3.36132 -3.22637
vt -2.95784 -3.14363
vt -3.36305 -3.22348
vt -2.97133 -3.28135
vt -3.11351 -3.27342
vt -3.12008 -3.27342
vt -3.11917 -3.27644
vt -3.11415 -3.27644
vt -3.29608 -3.23317
vt -3.30235 -3.23317
vt -3.30149 -3.23605
vt -3.29669 -3.23605
vt -3.11035 -3.27644
vt -3.10854 -3.27342
vt -3.02103 -2.86359
vt -3.02029 -2.86710
vt -3.01661 -2.86359
vt -3.01451 -2.86710
vt -3.00219 -2.88962
vt -3.00184 -2.89128
vt -3.00010 -2.88962
vt -2.99911 -2.89128
vt -3.00172 -2.89323
vt -2.99876 -2.89323
vt -2.90033 -3.19787
vt -2.89751 -3.20057
vt -2.89589 -3.19787
vt -2.90091 -3.20057
vt -3.02003 -2.87124
vt -3.01378 -2.87124
vt -3.29586 -3.22977
vt -3.30265 -3.22977
vt -3.26770 -3.04210
vt -3.27200 -3.04210
vt -3.27181 -3.04425
vt -3.26784 -3.04425
vt -3.23534 -3.03510
vt -3.24360 -3.03510
vt -3.24323 -3.03924
vt -3.23560 -3.03924
vt -3.24323 -3.03096
vt -3.23560 -3.03096
vt -3.27181 -3.03994
vt -3.26784 -3.03994
vt -3.11329 -3.26986
vt -3.12039 -3.26986
vt -2.90013 -3.19469
vt -2.89533 -3.19469
vt -3.10791 -3.26986
vt -3.02688 -2.86359
vt -3.02792 -2.86710
vt -3.27126 -3.04608
vt -3.26822 -3.04608
vt -3.24218 -3.04275
vt -3.23634 -3.04275
vt -2.99911 -2.89519
vt -3.00184 -2.89519
vt -3.24218 -3.02745
vt -3.23634 -3.02745
vt -3.00495 -2.88962
vt -3.00545 -2.89128
vt -2.91014 -2.86608
vt -2.90940 -2.86959
vt -2.90572 -2.86608
vt -2.90362 -2.86959
vt -3.27126 -3.03811
vt -3.26822 -3.03811
vt -3.01451 -2.87539
vt -3.02029 -2.87539
vt -3.02829 -2.87124
vt -3.37539 -3.04273
vt -3.38724 -3.04273
vt -3.38671 -3.04867
vt -3.37576 -3.04867
vt -2.90719 -2.88852
vt -2.90668 -2.89092
vt -2.90416 -2.88852
vt -2.90272 -2.89092
vt -3.00562 -2.89323
vt -3.38671 -3.03679
vt -3.37576 -3.03679
vt -3.30235 -3.22637
vt -3.29608 -3.22637
vt -2.90914 -2.87373
vt -2.90289 -2.87373
vt -3.36320 -2.92736
vt -3.36043 -2.92883
vt -3.36074 -2.92736
vt -3.36364 -2.92883
vt -2.90033 -3.19150
vt -2.89589 -3.19150
vt -3.37514 -2.90932
vt -3.36923 -2.91247
vt -3.36990 -2.90932
vt -3.37608 -2.91247
vt -3.38521 -3.05371
vt -3.37683 -3.05371
vt -3.29305 -3.23605
vt -3.29133 -3.23317
vt -3.36032 -2.93057
vt -3.36379 -2.93057
vt -2.90650 -2.89376
vt -2.90221 -2.89376
vt -3.38521 -3.03175
vt -3.37683 -3.03175
vt -3.12008 -3.26630
vt -3.11351 -3.26630
vt -3.36900 -2.91618
vt -3.37641 -2.91618
vt -3.10854 -3.26630
vt -3.22982 -3.03924
vt -3.22908 -3.03510
vt -3.22982 -3.03096
vt -3.00545 -2.89519
vt -3.02792 -2.87539
vt -3.00010 -2.89685
vt -3.00219 -2.89685
vt -3.36364 -2.93231
vt -3.36043 -2.93231
vt -3.23192 -3.04275
vt -3.26483 -3.04425
vt -3.26444 -3.04210
vt -3.23192 -3.02745
vt -2.90362 -2.87787
vt -2.90940 -2.87787
vt -3.26483 -3.03994
vt -3.01661 -2.87890
vt -3.02103 -2.87890
vt -2.90272 -2.89660
vt -2.90668 -2.89660
vt -3.29073 -3.22977
vt -3.37608 -2.91990
vt -3.36923 -2.91990
vt -3.26592 -3.04608
vt -2.90620 -3.19787
vt -2.90540 -3.20057
vt -3.26592 -3.03811
vt -2.90091 -3.18880
vt -2.89751 -3.18880
vt -3.30149 -3.22348
vt -3.29669 -3.22348
vt -3.36320 -2.93379
vt -3.36074 -2.93379
vt -3.00495 -2.89685
vt -3.02688 -2.87890
vt -2.90648 -3.19469
vt -3.03562 -2.80455
vt -3.03517 -2.80663
vt -3.03299 -2.80455
vt -3.03174 -2.80663
vt -3.37514 -2.92305
vt -3.36990 -2.92305
vt -2.94657 -3.17842
vt -2.94302 -3.18180
vt -2.94099 -3.17842
vt -2.94728 -3.18180
vt -3.11917 -3.26328
vt -3.11415 -3.26328
vt -2.91599 -2.86608
vt -2.91703 -2.86959
vt -2.90572 -2.88138
vt -2.91014 -2.88138
vt -2.90416 -2.89901
vt -2.90719 -2.89901
vt -3.29133 -3.22637
vt -3.11035 -3.26328
vt -3.35888 -2.92736
vt -3.35800 -2.92883
vt -3.05614 -2.79554
vt -3.05542 -2.79893
vt -3.05187 -2.79554
vt -3.04985 -2.79893
vt -3.36593 -2.90932
vt -3.36404 -2.91247
vt -2.95419 -3.16638
vt -2.95221 -3.16827
vt -2.95108 -3.16638
vt -2.95459 -3.16827
vt -2.91119 -2.88852
vt -2.91191 -2.89092
vt -3.37048 -3.05371
vt -3.36747 -3.04867
vt -3.36641 -3.04273
vt -2.94631 -3.17442
vt -2.94028 -3.17442
vt -3.36747 -3.03679
vt -2.90620 -3.19150
vt -3.35769 -2.93057
vt -3.37048 -3.03175
vt -3.38609 -3.29797
vt -3.37894 -3.29415
vt -3.38722 -3.29415
vt -3.37974 -3.29797
vt -2.91740 -2.87373
vt -3.36338 -2.91618
vt -2.95405 -3.16415
vt -2.95069 -3.16415
vt -3.03502 -2.80909
vt -3.03131 -2.80909
vt -2.91217 -2.89376
vt -3.29305 -3.22348
vt -3.35800 -2.93231
vt -2.94657 -3.17043
vt -2.94099 -3.17043
vt -3.05517 -2.80292
vt -3.04914 -2.80292
vt -3.36404 -2.91990
vt -2.90540 -3.18880
vt -3.31985 -3.28764
vt -3.31548 -3.28530
vt -3.32055 -3.28530
vt -3.31597 -3.28764
vt -2.91703 -2.87787
vt -3.03908 -2.80455
vt -3.03971 -2.80663
vt -3.35888 -2.93379
vt -2.95419 -3.16192
vt -2.95108 -3.16192
vt -2.91191 -2.89660
vt -3.37334 -2.88913
vt -3.36405 -2.89408
vt -3.36510 -2.88913
vt -3.37481 -2.89408
vt -3.06177 -2.79554
vt -3.06278 -2.79893
vt -3.39714 -2.91238
vt -3.39401 -2.91404
vt -3.39437 -2.91238
vt -3.39763 -2.91404
vt -3.36593 -2.92305
vt -3.40906 -3.14975
vt -3.41302 -3.14975
vt -3.41248 -3.15157
vt -3.40945 -3.15157
vt -2.94728 -3.16705
vt -2.94302 -3.16705
vt -3.37494 -3.29797
vt -3.37266 -3.29415
vt -3.31303 -3.28764
vt -3.31164 -3.28530
vt -3.03174 -2.81155
vt -3.03517 -2.81155
vt -2.95459 -3.16003
vt -2.95221 -3.16003
vt -2.91599 -2.88138
vt -3.37865 -3.28966
vt -3.38762 -3.28966
vt -2.91119 -2.89901
vt -2.95392 -3.17842
vt -2.95291 -3.18180
vt -3.04985 -2.80691
vt -3.05542 -2.80691
vt -3.39389 -2.91601
vt -3.39781 -2.91601
vt -3.36368 -2.89992
vt -3.37533 -2.89992
vt -3.40893 -3.14760
vt -3.41321 -3.14760
vt -2.95830 -3.16638
vt -2.95774 -3.16827
vt -3.35886 -2.88913
vt -3.35590 -2.89408
vt -3.03993 -2.80909
vt -3.31530 -3.28255
vt -3.32079 -3.28255
vt -3.03299 -2.81364
vt -3.03562 -2.81364
vt -3.39227 -2.91238
vt -3.39128 -2.91404
vt -3.39763 -2.91797
vt -3.39401 -2.91797
vt -3.06314 -2.80292
vt -3.41302 -3.14545
vt -3.40906 -3.14545
vt -3.37481 -2.90576
vt -3.36405 -2.90576
vt -3.40716 -3.15157
vt -3.40607 -3.14975
vt -3.05187 -2.81030
vt -3.05614 -2.81030
vt -3.39714 -2.91963
vt -3.39437 -2.91963
vt -3.38722 -3.28516
vt -3.37894 -3.28516
vt -2.95428 -3.17442
vt -3.41248 -3.14363
vt -3.40945 -3.14363
vt -3.37186 -3.28966
vt -3.37334 -2.91071
vt -3.36510 -2.91071
vt -3.31115 -3.28255
vt -2.95850 -3.16415
vt -3.35486 -2.89992
vt -3.03971 -2.81155
vt -2.95392 -3.17043
vt -3.39093 -2.91601
vt -3.32055 -3.27980
vt -3.31548 -3.27980
vt -3.38609 -3.28135
vt -3.37974 -3.28135
vt -3.06278 -2.80691
vt -2.95291 -3.16705
vt -3.40569 -3.14760
vt -2.95830 -3.16192
vt -3.35590 -2.90576
vt -2.95774 -3.16003
vt -3.03908 -2.81364
vt -3.35886 -2.91071
vt -3.39128 -2.91797
vt -3.39227 -2.91963
vt -3.31164 -3.27980
vt -3.37266 -3.28516
vt -3.40607 -3.14545
vt -3.40716 -3.14363
vt -3.31985 -3.27747
vt -3.31597 -3.27747
vt -3.06177 -2.81030
vt -3.31303 -3.27747
vt -3.37494 -3.28135
vt -2.95974 -3.27649
vt -2.96561 -3.27789
vt -2.96391 -3.28130
vt -2.96335 -3.27529
vt -2.91192 -3.21068
vt -2.91551 -3.21153
vt -2.91446 -3.21362
vt -2.91413 -3.20994
vt -2.97025 -3.28174
vt -2.96904 -3.27813
vt -2.91428 -3.20784
vt -2.91219 -3.20680
vt -3.36988 -3.01067
vt -3.36718 -3.00932
vt -3.37023 -3.00564
vt -3.36737 -3.00660
vt -3.36558 -3.00454
vt -3.36693 -3.00184
vt -2.96762 -3.27386
vt -2.96360 -3.27185
vt -2.96019 -3.27015
vt -3.37429 -3.19298
vt -3.36974 -3.19340
vt -3.37171 -3.19169
vt -3.37066 -3.19613
vt -2.91916 -2.83781
vt -2.92342 -2.83411
vt -2.92449 -2.83732
vt -2.92219 -2.83932
vt -2.91674 -3.20907
vt -3.37463 -3.18818
vt -3.37189 -3.18909
vt -2.91761 -3.21168
vt -2.91834 -3.21389
vt -2.89804 -2.84555
vt -2.90042 -2.84348
vt -2.90102 -2.84527
vt -2.89973 -2.84639
vt -3.20004 -2.78868
vt -3.20333 -2.79141
vt -3.20090 -2.79124
vt -3.20453 -2.78900
vt -3.36399 -3.00773
vt -2.95403 -3.30288
vt -2.95511 -3.30412
vt -2.95430 -3.30575
vt -2.95231 -3.30345
vt -2.97164 -3.27587
vt -3.20748 -2.79240
vt -3.20493 -2.79325
vt -2.89782 -2.84869
vt -2.89961 -2.84809
vt -3.36512 -3.01110
vt -2.92197 -2.84237
vt -2.91876 -2.84344
vt -2.91587 -3.20646
vt -3.36608 -3.01397
vt -3.36287 -3.00435
vt -2.96620 -3.26960
vt -3.36867 -3.19017
vt -2.92754 -2.83754
vt -2.92906 -2.83451
vt -2.95675 -3.30424
vt -2.95733 -3.30596
vt -3.36191 -3.00148
vt -2.97505 -3.27758
vt -2.91920 -3.21030
vt -3.19665 -2.79163
vt -3.19906 -2.79284
vt -2.91513 -3.20425
vt -3.36586 -3.19579
vt -3.36715 -3.19321
vt -2.90272 -2.84539
vt -2.90356 -2.84370
vt -2.97188 -3.27244
vt -3.36240 -3.01091
vt -3.20191 -2.79426
vt -3.37019 -3.18713
vt -3.37148 -3.18455
vt -3.36081 -3.00613
vt -2.91796 -3.20661
vt -2.96963 -3.26984
vt -2.92576 -2.84111
vt -2.91934 -3.20820
vt -2.90172 -2.84739
vt -2.95252 -3.30042
vt -2.95415 -3.30124
vt -3.36062 -3.00885
vt -2.96499 -3.26598
vt -2.92128 -3.21134
vt -3.33873 -3.27670
vt -3.33079 -3.27743
vt -3.33423 -3.27445
vt -3.33239 -3.28221
vt -3.36544 -3.19125
vt -2.95607 -3.30220
vt -3.36759 -3.18694
vt -3.20475 -2.79568
vt -3.41194 -3.16275
vt -3.41042 -3.16029
vt -3.41216 -3.15971
vt -3.41031 -3.16194
vt -3.41129 -3.13367
vt -3.40815 -3.13211
vt -3.41171 -3.12783
vt -3.40838 -3.12894
vt -3.20717 -2.79689
vt -3.19889 -2.79527
vt -3.36105 -3.01361
vt -3.40906 -3.16302
vt -3.40964 -3.16475
vt -2.92397 -2.84468
vt -3.36562 -3.18865
vt -2.92955 -2.83984
vt -2.90073 -2.84938
vt -3.35811 -3.00479
vt -3.40576 -3.13418
vt -3.40687 -3.13751
vt -3.33932 -3.26832
vt -3.33455 -3.26991
vt -3.32401 -3.28161
vt -3.32626 -3.27711
vt -2.89988 -2.85107
vt -2.92246 -2.84771
vt -3.20291 -2.79728
vt -2.95962 -3.30397
vt -2.95799 -3.30316
vt -2.90384 -2.84668
vt -2.97550 -3.27123
vt -3.20048 -2.79711
vt -2.91901 -3.20453
vt -3.19633 -2.79612
vt -3.36271 -3.19216
vt -2.93276 -2.83877
vt -2.95539 -3.30016
vt -2.92702 -2.84490
vt -3.36668 -3.18421
vt -3.40630 -3.12655
vt -3.40787 -3.12341
vt -2.92933 -2.84289
vt -3.40934 -3.15905
vt -3.41016 -3.15741
vt -2.90243 -2.84950
vt -2.97133 -3.26643
vt -2.90563 -2.84608
vt -3.32891 -3.27179
vt -2.92156 -3.20746
vt -2.95811 -3.30152
vt -3.35775 -3.00981
vt -2.90372 -2.84839
vt -2.96490 -3.28763
vt -2.96589 -3.28876
vt -2.96515 -3.29025
vt -2.96333 -3.28815
vt -3.40838 -3.16097
vt -3.40445 -3.13026
vt -2.94771 -3.26523
vt -2.94008 -3.26342
vt -2.94478 -3.26186
vt -2.94550 -3.26966
vt -2.95481 -3.29843
vt -2.95703 -3.30028
vt -3.29678 -3.25469
vt -3.29445 -3.25490
vt -3.29546 -3.25403
vt -3.29492 -3.25630
vt -3.40660 -3.16454
vt -3.40742 -3.16290
vt -3.27936 -3.26663
vt -3.27439 -3.26709
vt -3.27654 -3.26522
vt -3.27539 -3.27008
vt -3.11342 -2.79537
vt -3.11635 -2.79780
vt -3.11419 -2.79765
vt -3.11743 -2.79565
vt -2.96791 -3.29045
vt -2.96739 -3.28887
vt -3.34218 -2.89368
vt -3.33962 -2.89308
vt -3.34037 -2.89159
vt -3.34061 -2.89421
vt -3.20377 -2.79984
vt -3.40103 -3.13710
vt -3.40260 -3.13396
vt -3.12771 -2.79680
vt -3.13198 -2.80035
vt -3.12882 -2.80013
vt -3.13355 -2.79721
vt -3.36305 -3.18736
vt -2.95373 -3.27024
vt -2.95217 -3.26555
vt -3.33157 -3.26648
vt -3.33382 -3.26197
vt -3.29247 -3.25613
vt -3.29313 -3.25481
vt -3.27014 -3.26971
vt -3.27155 -3.26689
vt -3.32328 -3.27367
vt -3.11039 -2.79800
vt -3.11255 -2.79907
vt -3.34222 -2.91253
vt -3.33681 -2.91124
vt -3.33838 -2.90810
vt -3.33889 -2.91364
vt -3.31850 -3.27527
vt -3.29695 -3.25223
vt -3.29555 -3.25270
vt -2.94066 -3.25518
vt -2.94509 -3.25740
vt -3.19928 -2.79952
vt -2.96352 -3.28539
vt -2.96501 -3.28613
vt -3.40314 -3.12633
vt -3.12329 -2.80064
vt -3.12643 -2.80221
vt -2.92809 -2.84811
vt -3.33813 -2.89297
vt -3.33760 -2.89140
vt -3.34199 -2.89645
vt -3.34050 -2.89570
vt -2.95984 -3.30094
vt -3.27674 -3.26239
vt -3.27973 -3.26139
vt -3.40770 -3.15893
vt -2.90303 -2.85130
vt -2.93236 -2.84441
vt -3.40633 -3.16166
vt -3.40202 -3.12300
vt -3.34180 -2.91837
vt -3.33866 -2.91680
vt -3.32703 -3.26616
vt -3.12006 -2.79868
vt -3.11778 -2.79944
vt -3.32360 -3.26914
vt -3.40052 -3.13157
vt -3.13739 -2.80164
vt -3.13406 -2.80275
vt -3.33254 -2.90769
vt -3.33365 -2.91102
vt -3.40712 -3.15720
vt -3.40074 -3.12840
vt -3.40645 -3.16001
vt -2.91038 -2.94667
vt -2.91465 -2.94297
vt -2.91572 -2.94618
vt -2.91341 -2.94818
vt -2.90541 -2.84923
vt -2.94349 -2.92652
vt -2.94611 -2.92424
vt -2.94677 -2.92621
vt -2.94535 -2.92745
vt -2.91320 -2.95123
vt -2.90999 -2.95230
vt -3.29390 -3.25325
vt -2.95784 -3.29865
vt -2.96677 -3.28701
vt -3.27321 -3.26356
vt -2.94522 -2.92932
vt -2.94324 -2.92998
vt -2.95032 -3.26001
vt -2.97001 -3.28863
vt -2.96852 -3.28788
vt -3.26670 -3.26574
vt -3.26969 -3.26474
vt -3.40460 -3.16224
vt -3.29085 -3.25427
vt -3.29225 -3.25380
vt -3.11509 -2.80034
vt -3.33875 -2.89483
vt -3.11239 -2.80124
vt -3.11011 -2.80200
vt -3.39719 -3.13268
vt -2.95997 -3.26483
vt -2.95554 -3.26262
vt -3.29468 -3.25169
vt -3.29534 -3.25037
vt -3.32544 -3.26138
vt -3.13013 -2.80406
vt -3.31909 -3.26689
vt -3.33496 -2.91495
vt -3.12620 -2.80537
vt -3.12287 -2.80648
vt -2.94865 -2.92635
vt -2.94958 -2.92448
vt -3.27488 -3.26024
vt -3.27628 -3.25742
vt -2.94690 -3.24977
vt -2.94847 -3.25447
vt -3.33551 -2.89321
vt -3.33700 -2.89395
vt -3.33989 -2.89826
vt -3.33937 -2.89669
vt -3.33627 -2.91888
vt -3.33738 -2.92221
vt -3.39760 -3.12684
vt -2.91877 -2.94639
vt -2.92028 -2.94336
vt -2.96562 -3.28357
vt -2.96615 -3.28514
vt -2.91520 -2.95354
vt -2.91369 -2.95657
vt -3.32811 -2.91153
vt -3.33125 -2.91310
vt -3.29235 -3.25247
vt -3.40482 -3.15919
vt -3.29335 -3.25160
vt -3.11978 -2.80269
vt -3.11763 -2.80161
vt -3.26989 -3.26190
vt -3.13698 -2.80748
vt -3.13384 -2.80591
vt -2.94645 -2.93075
vt -2.94552 -2.93261
vt -2.96863 -3.28638
vt -3.27204 -3.26004
vt -2.95586 -3.25816
vt -2.96764 -3.28525
vt -2.95293 -3.25478
vt -3.11382 -2.80288
vt -2.94755 -2.92855
vt -2.91698 -2.94996
vt -3.26707 -3.26049
vt -3.33689 -2.89545
vt -3.33787 -2.89658
vt -3.29103 -3.25181
vt -3.11598 -2.80304
vt -3.12828 -2.80776
vt -3.29289 -3.25020
vt -3.33311 -2.91865
vt -2.97021 -3.28586
vt -3.33103 -2.91626
vt -3.13144 -2.80799
vt -3.11274 -2.80504
vt -3.27104 -3.25705
vt -2.96055 -3.25659
vt -2.95186 -2.92711
vt -2.94988 -2.92777
vt -3.12671 -2.81090
vt -2.95514 -3.25035
vt -3.33532 -2.89597
vt -3.33713 -2.89806
vt -3.33154 -2.92179
vt -3.32770 -2.91737
vt -2.96839 -3.28376
vt -2.92398 -2.94763
vt -2.92077 -2.94870
vt -3.11675 -2.80532
vt -2.91932 -2.95696
vt -2.91825 -2.95375
vt -2.94833 -2.93088
vt -3.13256 -2.81132
vt -2.94899 -2.93286
vt -2.94975 -2.92964
vt -2.92056 -2.95175
vt -2.95161 -2.93058
vt -2.92358 -2.95326
vt -3.34700 -3.29797
vt -3.33985 -3.29415
vt -3.34814 -3.29415
vt -3.34066 -3.29797
vt -2.93964 -3.23317
vt -2.93662 -3.23605
vt -2.93489 -3.23317
vt -2.94025 -3.23605
vt -2.97708 -3.04273
vt -2.96917 -3.04867
vt -2.96811 -3.04273
vt -2.97746 -3.04867
vt -2.96917 -3.03679
vt -2.97746 -3.03679
vt -2.93943 -3.22977
vt -2.93429 -3.22977
vt -3.35320 -3.14975
vt -3.35716 -3.14975
vt -3.35661 -3.15157
vt -3.35358 -3.15157
vt -3.33957 -3.28966
vt -3.34854 -3.28966
vt -3.39644 -3.28764
vt -3.39207 -3.28530
vt -3.39714 -3.28530
vt -3.39256 -3.28764
vt -3.35306 -3.14760
vt -3.35735 -3.14760
vt -3.03485 -2.91247
vt -3.03155 -2.90932
vt -3.03552 -2.90932
vt -3.02967 -2.91247
vt -3.34264 -2.91404
vt -3.34576 -2.91238
vt -3.34626 -2.91404
vt -3.34299 -2.91238
vt -3.01568 -2.92883
vt -3.01413 -2.92736
vt -3.01599 -2.92736
vt -3.01325 -2.92883
vt -3.03462 -2.91618
vt -3.02901 -2.91618
vt -3.35613 -2.89408
vt -3.36541 -2.88913
vt -3.36689 -2.89408
vt -3.35718 -2.88913
vt -3.01557 -2.93057
vt -3.01294 -2.93057
vt -2.97218 -3.05371
vt -2.97852 -3.05371
vt -3.34252 -2.91601
vt -3.34643 -2.91601
vt -2.90075 -3.04210
vt -2.89787 -3.04425
vt -2.89749 -3.04210
vt -2.90088 -3.04425
vt -2.97218 -3.03175
vt -2.97852 -3.03175
vt -2.89787 -3.03994
vt -2.90088 -3.03994
vt -3.35576 -2.89992
vt -3.36741 -2.89992
vt -3.04076 -2.90932
vt -3.04170 -2.91247
vt -3.35716 -3.14545
vt -3.35320 -3.14545
vt -2.90304 -3.03510
vt -2.89752 -3.03924
vt -2.89678 -3.03510
vt -2.90330 -3.03924
vt -2.89752 -3.03096
vt -2.90330 -3.03096
vt -3.01325 -2.93231
vt -3.01568 -2.93231
vt -2.89897 -3.04608
vt -2.90127 -3.04608
vt -2.94419 -3.27342
vt -2.94103 -3.27644
vt -2.93923 -3.27342
vt -2.94483 -3.27644
vt -3.02967 -2.91990
vt -3.03485 -2.91990
vt -3.04204 -2.91618
vt -3.34626 -2.91797
vt -3.34264 -2.91797
vt -2.93489 -3.22637
vt -2.93964 -3.22637
vt -2.89897 -3.03811
vt -2.90127 -3.03811
vt -3.01844 -2.92736
vt -3.01888 -2.92883
vt -3.39190 -3.28255
vt -3.39738 -3.28255
vt -2.98893 -3.04273
vt -2.98841 -3.04867
vt -2.94591 -3.23317
vt -2.94505 -3.23605
vt -2.98841 -3.03679
vt -2.89962 -3.04275
vt -2.90404 -3.04275
vt -3.01904 -2.93057
vt -2.89962 -3.02745
vt -2.90404 -3.02745
vt -3.36689 -2.90576
vt -3.35613 -2.90576
vt -2.98690 -3.05371
vt -3.33358 -3.29415
vt -3.33586 -3.29797
vt -3.34814 -3.28516
vt -3.33985 -3.28516
vt -3.04170 -2.91990
vt -2.98690 -3.03175
vt -3.01888 -2.93231
vt -3.35661 -3.14363
vt -3.35358 -3.14363
vt -3.01413 -2.93379
vt -3.01599 -2.93379
vt -2.94397 -3.26986
vt -2.93859 -3.26986
vt -2.94621 -3.22977
vt -3.03155 -2.92305
vt -3.03552 -2.92305
vt -3.34576 -2.91963
vt -3.34299 -2.91963
vt -3.36541 -2.91071
vt -3.35718 -2.91071
vt -3.39714 -3.27980
vt -3.39207 -3.27980
vt -3.35129 -3.15157
vt -3.35020 -3.14975
vt -2.93662 -3.22348
vt -2.94025 -3.22348
vt -3.34090 -2.91238
vt -3.33990 -2.91404
vt -3.04076 -2.92305
vt -2.97278 -2.86710
vt -2.96910 -2.86359
vt -2.97353 -2.86359
vt -2.96701 -2.86710
vt -3.38823 -3.28530
vt -3.38963 -3.28764
vt -3.01844 -2.93379
vt -3.35094 -2.88913
vt -3.34798 -2.89408
vt -3.33278 -3.28966
vt -2.90505 -3.04210
vt -2.90485 -3.04425
vt -3.34982 -3.14760
vt -2.94591 -3.22637
vt -2.90485 -3.03994
vt -2.97066 -2.89128
vt -2.96892 -2.88962
vt -2.97101 -2.88962
vt -2.96793 -2.89128
vt -3.33955 -2.91601
vt -2.90431 -3.04608
vt -2.95076 -3.27342
vt -2.94986 -3.27644
vt -2.90431 -3.03811
vt -2.93923 -3.26630
vt -2.94419 -3.26630
vt -3.34700 -3.28135
vt -3.34066 -3.28135
vt -3.34694 -2.89992
vt -2.91130 -3.03510
vt -2.91093 -3.03924
vt -2.91093 -3.03096
vt -2.90988 -3.04275
vt -2.97252 -2.87124
vt -2.96627 -2.87124
vt -2.90988 -3.02745
vt -3.39087 -2.79893
vt -3.39722 -2.79554
vt -3.39823 -2.79893
vt -3.39159 -2.79554
vt -3.35020 -3.14545
vt -3.33990 -2.91797
vt -2.97054 -2.89323
vt -2.96758 -2.89323
vt -3.36148 -2.80663
vt -3.36539 -2.80455
vt -3.36601 -2.80663
vt -3.36192 -2.80455
vt -3.38774 -3.28255
vt -3.39644 -3.27747
vt -3.39256 -3.27747
vt -3.34798 -2.90576
vt -3.33358 -3.28516
vt -2.94505 -3.22348
vt -3.35129 -3.14363
vt -2.96701 -2.87539
vt -2.97278 -2.87539
vt -3.34090 -2.91963
vt -2.95107 -3.26986
vt -2.96793 -2.89519
vt -2.97066 -2.89519
vt -2.94103 -3.26328
vt -2.94483 -3.26328
vt -3.35094 -2.91071
vt -2.97937 -2.86359
vt -2.98042 -2.86710
vt -3.39062 -2.80292
vt -3.39859 -2.80292
vt -3.10657 -3.19787
vt -3.10374 -3.20057
vt -3.10213 -3.19787
vt -3.10714 -3.20057
vt -2.96910 -2.87890
vt -2.97353 -2.87890
vt -2.96892 -2.89685
vt -2.97101 -2.89685
vt -3.38732 -2.79554
vt -3.38530 -2.79893
vt -3.35929 -2.80455
vt -3.35805 -2.80663
vt -3.36132 -2.80909
vt -3.36623 -2.80909
vt -3.38823 -3.27980
vt -2.97378 -2.88962
vt -2.97427 -2.89128
vt -3.17761 -2.86959
vt -3.17393 -2.86608
vt -3.17835 -2.86608
vt -3.17183 -2.86959
vt -3.33586 -3.28135
vt -3.38210 -3.17842
vt -3.38946 -3.17842
vt -3.38845 -3.18180
vt -3.38281 -3.18180
vt -3.40748 -3.16638
vt -3.41159 -3.16638
vt -3.41103 -3.16827
vt -3.40788 -3.16827
vt -3.19365 -2.89092
vt -3.19113 -2.88852
vt -3.19416 -2.88852
vt -3.18969 -2.89092
vt -2.95076 -3.26630
vt -2.98079 -2.87124
vt -3.10637 -3.19469
vt -3.10156 -3.19469
vt -3.18420 -2.86608
vt -3.18524 -2.86959
vt -3.39823 -2.80691
vt -3.39087 -2.80691
vt -3.11244 -3.19787
vt -3.11163 -3.20057
vt -3.19817 -2.88852
vt -3.19889 -2.89092
vt -2.97445 -2.89323
vt -3.36601 -2.81155
vt -3.36148 -2.81155
vt -3.38963 -3.27747
vt -3.17735 -2.87373
vt -3.17109 -2.87373
vt -3.40734 -3.16415
vt -3.41179 -3.16415
vt -3.38185 -3.17442
vt -3.38981 -3.17442
vt -2.94986 -3.26328
vt -2.98042 -2.87539
vt -3.38459 -2.80292
vt -3.37855 -3.18180
vt -3.37653 -3.17842
vt -3.35761 -2.80909
vt -3.19347 -2.89376
vt -3.18919 -2.89376
vt -3.10213 -3.19150
vt -3.10657 -3.19150
vt -3.39722 -2.81030
vt -3.39159 -2.81030
vt -3.40550 -3.16827
vt -3.40437 -3.16638
vt -2.97427 -2.89519
vt -2.97937 -2.87890
vt -3.36539 -2.81364
vt -3.36192 -2.81364
vt -3.41159 -3.16192
vt -3.40748 -3.16192
vt -3.18561 -2.87373
vt -3.10374 -3.18880
vt -3.10714 -3.18880
vt -3.17183 -2.87787
vt -3.17761 -2.87787
vt -3.38946 -3.17043
vt -3.38210 -3.17043
vt -2.97378 -2.89685
vt -3.19914 -2.89376
vt -3.11272 -3.19469
vt -3.18969 -2.89660
vt -3.19365 -2.89660
vt -3.41103 -3.16003
vt -3.40788 -3.16003
vt -3.38845 -3.16705
vt -3.38281 -3.16705
vt -3.17393 -2.88138
vt -3.17835 -2.88138
vt -3.19113 -2.89901
vt -3.19416 -2.89901
vt -3.35805 -2.81155
vt -3.38530 -2.80691
vt -3.37582 -3.17442
vt -3.18524 -2.87787
vt -3.19889 -2.89660
vt -3.40397 -3.16415
vt -3.19817 -2.89901
vt -3.11244 -3.19150
vt -3.18420 -2.88138
vt -3.35929 -2.81364
vt -3.38732 -2.81030
vt -3.11163 -3.18880
vt -3.37653 -3.17043
vt -3.37855 -3.16705
vt -3.40437 -3.16192
vt -3.40550 -3.16003
vt 0.95797 0.91781
vt 0.95787 0.91803
vt 0.95016 0.91795
vt 0.42853 0.90305
vt 0.41810 0.90745
vt 0.41789 0.90328
vt 0.41054 0.90887
vt 0.41027 0.90344
vt 0.96964 0.78098
vt 0.96950 0.77882
vt 0.40904 0.89454
vt 0.40715 0.89433
vt 0.40879 0.89454
vt 0.40810 0.89454
vt 0.40715 0.89454
vt 0.41033 0.89517
vt 0.41082 0.89517
vt 0.40899 0.89517
vt 0.40715 0.89517
vt 0.97381 0.77856
vt 0.40366 0.90894
vt 0.40340 0.90359
vt 0.97734 0.91459
vt 0.97690 0.91511
vt 0.98292 0.91453
vt 0.41238 0.89616
vt 0.41168 0.89616
vt 0.97735 0.91452
vt 0.40977 0.89616
vt 0.40256 0.90038
vt 0.40044 0.90237
vt 0.40062 0.90050
vt 0.97394 0.78071
vt 0.40715 0.89616
vt 0.39906 0.90054
vt 0.39884 0.90294
vt 0.41189 0.90362
vt 0.40634 0.90774
vt 0.40608 0.90305
vt 0.40347 0.90327
vt 0.39548 0.89940
vt 0.40343 0.89938
vt 0.39728 0.90268
vt 0.39463 0.90050
vt 0.39749 0.90055
vt 0.40913 0.89936
vt 0.40918 0.90443
vt 0.41363 0.89746
vt 0.41276 0.89746
vt 0.41039 0.89746
vt 0.40715 0.89746
vt 0.39192 0.90384
vt 0.96216 0.91611
vt 0.96439 0.91368
vt 0.96214 0.91629
vt 0.96432 0.91352
vt 0.41431 0.90435
vt 0.41427 0.89935
vt 0.48272 0.89953
vt 0.47420 0.90455
vt 0.47415 0.89955
vt 0.46305 0.91250
vt 0.45131 0.90740
vt 0.46279 0.90716
vt 0.40301 0.90294
vt 0.40324 0.90816
vt 0.95608 0.91444
vt 0.46901 0.89956
vt 0.46906 0.90463
vt 0.40324 0.90815
vt 0.40007 0.90307
vt 0.40024 0.90715
vt 0.42284 0.89934
vt 0.46966 0.90701
vt 0.46993 0.91244
vt 0.39659 0.90356
vt 0.39984 0.90860
vt 0.39619 0.90501
vt 0.39967 0.90452
vt 0.48272 0.90271
vt 0.47420 0.90772
vt 0.47415 0.90273
vt 0.41432 0.89972
vt 0.41336 0.89972
vt 0.40879 0.90977
vt 0.40715 0.91011
vt 0.40904 0.90977
vt 0.40810 0.90977
vt 0.46305 0.91419
vt 0.45131 0.90909
vt 0.46279 0.90884
vt 0.41074 0.89972
vt 0.40715 0.90977
vt 0.46331 0.89958
vt 0.46335 0.90347
vt 0.40283 0.90961
vt 0.40260 0.90439
vt 0.96532 0.79084
vt 0.96506 0.78654
vt 0.40715 0.89972
vt 0.47748 0.91102
vt 0.47728 0.90685
vt 0.40715 0.89945
vt 0.97074 0.91345
vt 0.97132 0.91281
vt 0.97128 0.91270
vt 0.41080 0.90888
vt 0.41031 0.90888
vt 0.40897 0.90888
vt 0.95703 0.91696
vt 0.46331 0.90275
vt 0.46335 0.90665
vt 0.40715 0.90888
vt 0.47728 0.90853
vt 0.47748 0.91270
vt 0.41451 0.90214
vt 0.41352 0.90214
vt 0.41083 0.90214
vt 0.45536 0.89959
vt 0.40715 0.90214
vt 0.40976 0.90214
vt 0.48792 0.90662
vt 0.48792 0.90830
vt 0.41328 0.90374
vt 0.41422 0.90374
vt 0.45132 0.90558
vt 0.46279 0.90534
vt 0.46305 0.91068
vt 0.41230 0.90730
vt 0.41161 0.90730
vt 0.41069 0.90374
vt 0.40973 0.90730
vt 0.45536 0.90277
vt 0.48272 0.90172
vt 0.47420 0.90673
vt 0.47415 0.90174
vt 0.40715 0.90730
vt 0.40715 0.90374
vt 0.40715 0.90801
vt 0.40810 0.90730
vt 0.48792 0.90954
vt 0.47748 0.91394
vt 0.47728 0.90977
vt 0.40979 0.90374
vt 0.46335 0.90639
vt 0.45536 0.90251
vt 0.46331 0.90249
vt 0.41340 0.90552
vt 0.41256 0.90552
vt 0.46966 0.90519
vt 0.46993 0.91061
vt 0.48488 0.90486
vt 0.48792 0.90480
vt 0.48498 0.90681
vt 0.41028 0.90552
vt 0.46993 0.91535
vt 0.46966 0.90993
vt 0.46906 0.90755
vt 0.46901 0.90248
vt 0.45763 0.90178
vt 0.45765 0.90360
vt 0.45536 0.90178
vt 0.46901 0.90175
vt 0.46906 0.90682
vt 0.40715 0.90552
vt 0.40918 0.90552
vt 0.40594 0.90919
vt 0.40568 0.90450
vt 0.47748 0.90920
vt 0.47728 0.90503
vt 0.97365 0.78601
vt 0.46305 0.91542
vt 0.46279 0.91008
vt 0.47420 0.90746
vt 0.47415 0.90247
vt 0.46331 0.90176
vt 0.46335 0.90566
vt 0.97391 0.79030
vt 0.45131 0.91032
vt 0.48272 0.90245
vt 0.96710 0.78358
vt 0.96640 0.78737
vt 0.40482 0.90482
vt 0.40476 0.90422
vt 0.40480 0.90419
vt 0.40477 0.90482
vt 0.40380 0.90322
vt 0.40380 0.90315
vt 0.96706 0.90758
vt 0.96858 0.90909
vt 0.96738 0.90758
vt 0.96836 0.90923
vt 0.96852 0.90893
vt 0.96730 0.90740
vt 0.95911 0.91219
vt 0.96227 0.91001
vt 0.40458 0.90551
vt 0.40454 0.90548
vt 0.40279 0.90419
vt 0.40283 0.90422
vt 0.40380 0.90640
vt 0.40414 0.90614
vt 0.40416 0.90620
vt 0.40380 0.90648
vt 0.95866 0.78460
vt 0.95963 0.77933
vt 0.40282 0.90482
vt 0.40277 0.90482
vt 0.40304 0.90548
vt 0.40301 0.90551
vt 0.95979 0.78760
vt 0.96049 0.78382
vt 0.40345 0.90614
vt 0.40343 0.90620
vt 0.41149 0.90507
vt 0.96881 0.77901
vt 0.96784 0.78427
vt 0.95393 0.91109
vt 0.95599 0.91429
vt 0.90907 0.91142
vt 0.91012 0.90782
vt 0.91024 0.90786
vt 0.96803 0.90743
vt 0.96902 0.90862
vt 0.96792 0.90714
vt 0.96892 0.90835
vt 0.97867 0.91277
vt 0.97872 0.91262
vt 0.39716 0.90254
vt 0.39455 0.90047
vt 0.40228 0.90036
vt 0.40019 0.90226
vt 0.96670 0.90711
vt 0.96601 0.90695
vt 0.40668 0.90771
vt 0.41214 0.90379
vt 0.39864 0.90281
vt 0.96673 0.90491
vt 0.96686 0.90566
vt 0.96632 0.90564
vt 0.96686 0.90662
vt 0.40084 0.90716
vt 0.40371 0.90815
vt 0.96694 0.90585
vt 0.96745 0.90591
vt 0.96687 0.90525
vt 0.39567 0.89900
vt 0.40366 0.90288
vt 0.39721 0.90373
vt 0.96733 0.90560
vt 0.96671 0.90694
vt 0.97301 0.91054
vt 0.97298 0.91032
vt 0.96125 0.91536
vt 0.96345 0.91288
vt 0.96593 0.90577
vt 0.96618 0.90661
vt 0.96535 0.90631
vt 0.40366 0.90232
vt 0.40937 0.90348
vt 0.96452 0.89969
vt 0.96502 0.90363
vt 0.96569 0.90362
vt 0.96526 0.89986
vt 0.96560 0.90343
vt 0.96512 0.89951
vt 0.91111 0.89918
vt 0.91129 0.90006
vt 0.91066 0.89956
vt 0.91099 0.90019
vt 0.41852 0.90846
vt 0.42896 0.90407
vt 0.96691 0.89994
vt 0.96688 0.90378
vt 0.96675 0.89944
vt 0.96676 0.90348
vt 0.91126 0.90315
vt 0.91059 0.90559
vt 0.91111 0.90311
vt 0.91073 0.90563
vt 0.96215 0.90984
vt 0.95898 0.91202
vt 0.96020 0.90706
vt 0.95633 0.90858
vt 0.42236 0.89852
vt 0.41384 0.90353
vt 0.96813 0.90375
vt 0.96852 0.89988
vt 0.96806 0.90352
vt 0.96842 0.89952
vt 0.96915 0.89970
vt 0.96862 0.90364
vt 0.97967 0.91063
vt 0.97971 0.91050
vt 0.41077 0.91013
vt 0.41833 0.90871
vt 0.46256 0.91530
vt 0.45083 0.91020
vt 0.47372 0.90691
vt 0.48225 0.90190
vt 0.46256 0.91362
vt 0.45083 0.90852
vt 0.48225 0.89872
vt 0.47372 0.90373
vt 0.39144 0.90496
vt 0.40317 0.91005
vt 0.41430 0.90334
vt 0.40916 0.90343
vt 0.45555 0.90237
vt 0.46354 0.90625
vt 0.46994 0.91546
vt 0.46993 0.91412
vt 0.46306 0.91553
vt 0.47791 0.91372
vt 0.48835 0.90932
vt 0.48835 0.91056
vt 0.47791 0.91495
vt 0.46354 0.90599
vt 0.45555 0.90211
vt 0.40367 0.91028
vt 0.41055 0.91021
vt 0.96844 0.90562
vt 0.96902 0.90706
vt 0.96835 0.90536
vt 0.96895 0.90684
vt 0.97431 0.90741
vt 0.96500 0.90547
vt 0.46906 0.90781
vt 0.47418 0.90672
vt 0.97430 0.90721
vt 0.40043 0.90862
vt 0.39681 0.90519
vt 0.46994 0.91378
vt 0.46306 0.91384
vt 0.47772 0.91520
vt 0.47016 0.91661
vt 0.46904 0.90680
vt 0.46925 0.90660
vt 0.46354 0.90544
vt 0.46904 0.90363
vt 0.47418 0.90354
vt 0.96518 0.90550
vt 0.96456 0.90536
vt 0.46994 0.91669
vt 0.46306 0.91676
vt 0.96882 0.90556
vt 0.47418 0.90646
vt 0.46904 0.90655
vt 0.96967 0.90776
vt 0.47016 0.91370
vt 0.47772 0.91228
vt 0.96960 0.90756
vt 0.45083 0.91144
vt 0.46256 0.91654
vt 0.47372 0.90665
vt 0.48225 0.90164
vt 0.46925 0.90368
vt 0.46354 0.90252
vt 0.40331 0.90961
vt 0.47791 0.91203
vt 0.48835 0.90764
vt 0.95583 0.91496
vt 0.97983 0.90936
vt 0.46354 0.90307
vt 0.45555 0.89920
vt 0.96205 0.91046
vt 0.96470 0.90649
vt 0.96393 0.90610
vt 0.40628 0.90917
vt 0.95906 0.91263
vt 0.96939 0.90682
vt 0.41173 0.90525
vt 0.96425 0.90605
vt 0.40229 0.90409
vt 0.96060 0.90821
vt 0.95430 0.91211
vt 0.40532 0.90418
vt 0.40816 0.90402
vt 0.39968 0.90028
vt 0.97443 0.90624
vt 0.39812 0.90027
vt 0.95720 0.91018
vt 0.39663 0.90035
vt 0.96990 0.90733
vt 0.39215 0.90384
vt 0.47016 0.91538
vt 0.46354 0.90570
vt 0.40189 0.90555
vt 0.40492 0.90564
vt 0.96683 0.89970
vt 0.40776 0.90548
vn -0.5591 -0.5276 -0.6457
vn 0.0630 0.5276 -0.8504
vn 0.0630 -0.5276 -0.8504
vn -0.6457 -0.1811 -0.7402
vn -0.5591 0.5276 -0.6457
vn -0.6457 0.1811 -0.7402
vn 0.0709 -0.1811 -0.9843
vn 0.0709 0.1811 -0.9843
vn 0.4409 0.8110 -0.3858
vn 0.0394 0.8110 -0.5827
vn 0.5827 0.8110 0.0394
vn 0.1575 0.9764 -0.1339
vn 0.0157 0.9764 -0.2126
vn 0.3858 0.8110 0.4409
vn -0.3858 0.8110 -0.4409
vn 0.2126 0.9764 0.0157
vn -0.1339 0.9764 -0.1575
vn -0.0394 0.8110 0.5827
vn -0.5827 0.8110 -0.0394
vn -0.4409 0.8110 0.3858
vn 0.1339 0.9764 0.1575
vn -0.2126 0.9764 -0.0157
vn -0.0157 0.9764 0.2126
vn -0.1575 0.9764 0.1339
vn 0.6457 -0.5276 -0.5591
vn 0.7402 -0.1811 -0.6457
vn 0.6457 0.5276 -0.5591
vn 0.8504 -0.5276 0.0630
vn 0.8504 0.5276 0.0630
vn 0.9843 -0.1811 0.0709
vn 0.7402 0.1811 -0.6457
vn 0.9843 0.1811 0.0709
vn -0.0630 -0.5276 0.8504
vn 0.5591 -0.5276 0.6457
vn 0.5591 0.5276 0.6457
vn 0.6457 0.1811 0.7402
vn -0.0709 -0.1811 0.9843
vn -0.0709 0.1811 0.9843
vn 0.6457 -0.1811 0.7402
vn -0.0630 0.5276 0.8504
vn -0.3858 -0.8110 -0.4409
vn -0.5827 -0.8110 -0.0394
vn 0.0394 -0.8110 -0.5827
vn -0.0394 -0.8110 0.5827
vn 0.3858 -0.8110 0.4409
vn -0.1339 -0.9764 -0.1575
vn -0.4409 -0.8110 0.3858
vn -0.2126 -0.9764 -0.0157
vn 0.4409 -0.8110 -0.3858
vn 0.5827 -0.8110 0.0394
vn 0.0157 -0.9764 -0.2126
vn -0.0157 -0.9764 0.2126
vn 0.1339 -0.9764 0.1575
vn -0.1575 -0.9764 0.1339
vn 0.1575 -0.9764 -0.1339
vn 0.2126 -0.9764 0.0157
vn -0.8504 -0.5276 -0.0630
vn -0.6457 -0.5276 0.5591
vn -0.7402 -0.1811 0.6457
vn -0.7402 0.1811 0.6457
vn -0.9843 -0.1811 -0.0709
vn -0.6457 0.5276 0.5591
vn -0.8504 0.5276 -0.0630
vn -0.9843 0.1811 -0.0709
vn -0.1181 0.9921 0.0394
vn -0.4961 -0.6457 0.5827
vn -0.3307 -0.7402 0.5827
vn -0.2598 -0.6535 0.7087
vn -0.4409 -0.5512 0.7087
vn -0.4488 -0.5433 0.7087
vn 0.0394 -0.9685 0.2362
vn -0.0315 -0.9921 -0.1260
vn 0.0315 -0.9921 -0.1260
vn 0.7402 -0.6220 -0.2520
vn 0.0945 -0.9921 -0.0945
vn -0.0945 -0.9921 -0.0945
vn 0.1260 -0.9921 0.0000
vn 0.1260 -0.9921 -0.0315
vn -0.1260 -0.9921 -0.0315
vn -0.1260 -0.9921 0.0000
vn 0.1260 -0.9921 0.0315
vn -0.1260 -0.9921 0.0315
vn -0.1496 -0.8819 0.4488
vn 0.0945 -0.9921 0.0945
vn -0.0945 -0.9921 0.0945
vn 0.5669 -0.8268 0.0394
vn -0.0315 -0.9921 0.1260
vn 0.0315 -0.9921 0.1260
vn -0.1024 -0.9213 -0.3701
vn 0.1024 -0.9213 -0.3701
vn 0.2677 -0.9213 -0.2677
vn -0.2677 -0.9213 -0.2677
vn 0.3701 -0.9291 0.0000
vn 0.3701 -0.9213 -0.0945
vn -0.3701 -0.9291 0.0000
vn -0.3701 -0.9213 -0.1024
vn -0.4961 -0.8661 0.0709
vn -0.3465 -0.3780 0.8583
vn -0.1417 -0.5039 0.8504
vn -0.3386 -0.3858 0.8583
vn 0.3701 -0.9213 0.1024
vn -0.3701 -0.9213 0.1024
vn 0.2677 -0.9213 0.2677
vn -0.2677 -0.9213 0.2677
vn -0.5591 -0.5748 0.5984
vn -0.4173 -0.5354 0.7323
vn -0.1024 -0.9213 0.3701
vn 0.1024 -0.9213 0.3701
vn 0.5984 0.7953 0.0787
vn 0.4882 -0.5906 -0.6457
vn 0.1575 -0.8032 -0.5748
vn -0.1575 -0.8032 -0.5748
vn -0.5984 0.7953 0.0787
vn 0.4252 -0.8032 -0.4252
vn -0.4803 -0.2520 -0.8425
vn -0.4252 -0.8032 -0.4252
vn -0.5354 -0.8110 0.2283
vn 0.5827 -0.8110 0.0000
vn 0.5748 -0.8032 -0.1575
vn -0.2047 -0.2047 -0.9606
vn -0.9213 -0.3622 -0.1575
vn -0.4016 -0.4882 -0.7717
vn -0.5827 -0.8110 0.0000
vn -0.5748 -0.8032 -0.1575
vn 0.7953 -0.5354 0.2992
vn 0.6772 -0.5669 0.4646
vn -0.6772 -0.5827 0.4488
vn 0.5748 -0.8032 0.1575
vn -0.5748 -0.8032 0.1575
vn -0.3701 -0.9213 0.0945
vn 0.5827 -0.7008 0.4094
vn 0.7244 -0.5748 0.3701
vn 0.5984 -0.7008 0.3858
vn 0.7087 -0.6693 0.2362
vn 0.4252 -0.8032 0.4252
vn -0.5433 -0.5118 -0.6693
vn -0.2598 -0.8819 -0.3937
vn -0.4252 -0.8032 0.4252
vn -0.1575 -0.8032 0.5748
vn 0.1575 -0.8032 0.5748
vn -0.0787 0.6693 -0.7323
vn 0.7165 -0.4803 0.5118
vn 0.5591 -0.6142 0.5591
vn 0.8740 -0.3150 0.3622
vn 0.7480 -0.3543 0.5591
vn -0.6063 -0.4094 0.6850
vn 0.1968 -0.6299 -0.7480
vn -0.1968 -0.6299 -0.7480
vn -0.3386 -0.4803 -0.8110
vn 0.7087 -0.6850 0.1575
vn 0.5512 -0.6299 -0.5433
vn -0.4488 -0.7953 -0.4016
vn -0.0709 0.0157 -1.0000
vn 0.5276 -0.6693 -0.5197
vn -0.5512 -0.6299 -0.5433
vn 0.5276 -0.5827 0.6220
vn 0.0945 -0.6378 -0.7638
vn -0.0945 -0.6535 -0.7480
vn 0.2598 -0.7874 -0.5591
vn 0.5984 -0.7717 -0.2205
vn -0.6378 -0.4173 0.6457
vn -0.4803 -0.3858 0.7874
vn 0.7480 -0.6299 -0.1968
vn 0.7638 -0.6457 0.0000
vn 0.4646 -0.7087 0.5276
vn -0.0236 -0.3465 0.9370
vn -0.2362 -0.2126 0.9528
vn -0.2441 -0.2047 0.9449
vn -0.3465 -0.7638 -0.5433
vn -0.7638 -0.6457 0.0000
vn -0.7480 -0.6299 -0.1968
vn -0.0315 0.8189 0.5669
vn -0.0157 0.6535 0.7559
vn -0.0394 0.8425 0.5276
vn -0.0472 0.9213 0.3780
vn 0.4252 -0.7953 0.4331
vn -0.0079 -0.9921 0.1496
vn 0.6220 -0.3071 -0.7244
vn 0.4567 -0.3307 -0.8268
vn -0.2835 0.5354 -0.7953
vn 0.7480 -0.6299 0.1968
vn -0.7480 -0.6299 0.1968
vn -0.0157 -0.8898 -0.4488
vn 0.5827 -0.3701 0.7244
vn 0.3780 -0.7244 0.5748
vn 0.2835 -0.3465 -0.8976
vn 0.5512 -0.6299 0.5433
vn -0.3150 -0.9449 -0.1102
vn 0.6693 -0.3150 0.6772
vn 0.4882 -0.4724 0.7323
vn 0.4961 -0.4646 0.7323
vn -0.5512 -0.6299 0.5512
vn -0.7638 -0.4331 0.4803
vn -0.1968 -0.6299 0.7480
vn 0.1968 -0.6299 0.7480
vn -0.7480 -0.5827 0.3228
vn -0.5512 -0.6378 0.5354
vn -0.7402 -0.5827 0.3307
vn 0.6220 -0.2283 -0.7480
vn 0.5039 -0.1024 -0.8583
vn 0.5118 -0.1102 -0.8504
vn 0.9134 -0.1102 0.3937
vn 0.7795 -0.1417 0.6142
vn 0.7795 -0.1417 0.6063
vn -0.8740 -0.4803 0.0866
vn -0.5276 -0.2283 0.8189
vn 0.4646 -0.1575 -0.8740
vn 0.6378 -0.1339 -0.7559
vn -0.9606 -0.1102 -0.2441
vn -0.2520 -0.7480 -0.6142
vn -0.6693 0.7323 0.1181
vn 0.2677 -0.1811 -0.9449
vn -0.8110 -0.4016 0.4331
vn -0.8110 -0.4016 0.4252
vn -0.6299 -0.4567 0.6299
vn -0.5748 -0.2677 -0.7717
vn -0.2756 0.4094 -0.8740
vn 0.2913 -0.5906 0.7480
vn 0.5984 -0.1654 0.7874
vn -0.4252 -0.6535 -0.6299
vn -0.9291 -0.3071 0.1968
vn -0.6693 0.0000 0.7402
vn -0.5197 0.1732 0.8346
vn -0.6772 -0.0079 0.7323
vn -0.7874 -0.1890 0.5906
vn 0.7244 -0.1024 -0.6850
vn 0.5984 0.0394 -0.8032
vn 0.5984 0.0315 -0.7953
vn -0.0472 0.3228 -0.9449
vn -0.2835 0.9213 -0.2677
vn 0.9291 -0.3701 -0.0709
vn 0.8661 -0.3465 -0.3543
vn 0.5984 -0.1496 0.7874
vn 0.4016 -0.3071 0.8583
vn 0.4094 -0.3071 0.8583
vn -0.5354 0.4961 -0.6850
vn 0.6220 0.0079 0.7874
vn 0.2520 -0.2520 -0.9370
vn -0.2520 -0.2520 -0.9370
vn -0.0551 0.9764 -0.1968
vn 0.0551 0.9764 -0.1968
vn 0.1496 0.9764 -0.1496
vn 0.8110 0.5827 0.0157
vn 0.9055 0.3937 0.1575
vn 0.8110 0.5827 0.0079
vn 0.9055 -0.3622 0.2205
vn -0.1496 0.9764 -0.1496
vn 0.6850 -0.2520 -0.6850
vn 0.1968 0.9764 -0.0551
vn 0.1968 0.9764 0.0000
vn -0.1968 0.9764 0.0000
vn -0.1968 0.9764 -0.0551
vn 0.4409 0.0866 -0.8898
vn 0.6378 0.1102 -0.7638
vn 0.1968 0.9764 0.0551
vn -0.6850 -0.2520 -0.6850
vn -0.8346 -0.1732 0.5276
vn -0.8346 -0.1732 0.5197
vn -0.6772 -0.2362 0.7008
vn -0.1968 0.9764 0.0551
vn 0.1496 0.9764 0.1496
vn -0.5433 -0.2283 -0.8110
vn -0.7638 -0.1260 -0.6378
vn -0.7559 -0.1339 -0.6378
vn -0.1496 0.9764 0.1496
vn -0.5197 0.2913 -0.8032
vn -0.8740 -0.0157 0.4882
vn -0.7717 0.1496 0.6142
vn -0.7638 0.1575 0.6220
vn -0.7087 -0.1890 0.6772
vn -0.5276 -0.1496 0.8346
vn -0.0551 0.9764 0.1968
vn 0.0551 0.9764 0.1968
vn -0.6220 0.3228 0.7165
vn 0.7795 0.1181 0.6142
vn -0.5118 0.8110 -0.2756
vn -0.2205 0.6850 -0.7008
vn 0.9685 -0.2598 0.0000
vn 0.9370 -0.2520 -0.2520
vn -0.4331 -0.0551 0.8976
vn -0.9449 -0.1024 0.3150
vn -0.0551 -0.3622 0.9291
vn 0.2283 -0.4094 0.8819
vn 0.2205 0.0551 -0.9764
vn 0.2520 0.6772 -0.6850
vn -0.9685 -0.2598 0.0000
vn -0.9370 -0.2520 -0.2520
vn -0.6535 0.0000 0.7559
vn 0.1968 -0.4409 0.8740
vn 0.6929 0.7008 -0.1890
vn 0.4882 -0.4252 0.7638
vn -0.3858 0.1181 0.9134
vn 0.3465 -0.1417 0.9291
vn -0.6929 0.7008 -0.1890
vn 0.9606 0.2835 -0.0157
vn 0.8661 0.4646 -0.1654
vn 0.8740 0.4567 -0.1575
vn 0.3780 0.0157 -0.9291
vn -0.1339 0.8583 -0.4961
vn 0.1339 0.8583 -0.4961
vn 0.9370 -0.2520 0.2520
vn 0.3622 0.8583 -0.3622
vn 0.5827 0.7087 -0.4016
vn -0.3622 0.8583 -0.3622
vn 0.8189 0.4961 -0.2835
vn 0.9449 0.0079 -0.3307
vn 1.0000 0.0000 -0.0709
vn -0.9370 -0.2520 0.2520
vn 0.4961 0.8661 0.0000
vn 0.4961 0.8583 -0.1339
vn -0.4724 0.1260 -0.8740
vn -0.6614 0.2283 -0.7165
vn -0.6614 0.2283 -0.7087
vn -0.4961 0.8583 -0.1339
vn -0.4961 0.8661 0.0000
vn 0.3622 0.4567 0.8110
vn 0.1654 0.5039 0.8504
vn 0.3701 0.4567 0.8110
vn -0.8504 -0.2126 0.4882
vn 0.1024 0.2913 0.9528
vn 0.3307 0.2362 0.9134
vn 0.6850 -0.2520 0.6850
vn 0.4961 0.8583 0.1339
vn 0.3307 0.5906 0.7323
vn -0.6850 -0.2520 0.6850
vn -0.4961 0.8583 0.1339
vn 0.2598 -0.0709 -0.9606
vn -0.2598 -0.0709 -0.9606
vn -0.5591 0.7087 -0.4252
vn -0.0079 -0.1654 0.9843
vn 0.2677 -0.1968 0.9449
vn 0.3622 0.8583 0.3622
vn 0.2520 -0.2520 0.9370
vn -0.2520 -0.2520 0.9370
vn -0.3622 0.8583 0.3622
vn 0.7087 -0.0709 -0.7087
vn 0.9764 0.0000 0.1968
vn 0.5197 -0.2205 0.8268
vn 0.3780 0.5984 0.7087
vn 0.1890 0.6378 0.7480
vn 0.3701 0.5984 0.7087
vn -0.1181 -0.8898 -0.4488
vn 0.1339 0.8583 0.4961
vn 0.5512 0.3858 0.7402
vn -0.1339 0.8583 0.4961
vn -0.7087 -0.0709 -0.7087
vn 0.8268 0.0787 -0.5591
vn 0.6929 0.2283 -0.6850
vn 0.5433 0.1654 0.8268
vn -0.6772 -0.0630 0.7323
vn -0.8189 0.0000 0.5669
vn -0.8268 0.0000 0.5669
vn 0.5197 0.6378 0.5669
vn -0.8189 -0.0945 0.5669
vn 1.0000 -0.0709 0.0000
vn 0.9606 -0.0709 -0.2598
vn -0.1417 0.1890 0.9685
vn -0.9134 -0.0236 -0.4094
vn 0.5433 0.5354 0.6457
vn 0.0472 0.0866 0.9921
vn 0.2835 0.0157 0.9606
vn 0.2913 0.0157 0.9606
vn -0.9685 -0.0709 -0.2441
vn -0.9213 0.0630 0.3780
vn -0.5118 0.4882 -0.7087
vn -0.3622 0.4016 -0.8425
vn -0.5197 0.4882 -0.7008
vn -0.7008 0.5197 -0.4803
vn 0.0472 0.4803 0.8740
vn 0.2598 0.1496 -0.9528
vn -0.9921 -0.0866 0.0000
vn -0.9606 -0.0866 -0.2598
vn -0.2598 0.1496 -0.9528
vn 0.1968 0.6299 -0.7480
vn 0.9606 -0.0709 0.2598
vn -0.1968 0.6299 -0.7480
vn 0.9685 0.1496 -0.2205
vn 0.8898 0.2992 -0.3465
vn 0.8819 0.3071 -0.3465
vn 0.7008 0.1496 -0.7008
vn 0.4488 0.1654 -0.8819
vn 0.5512 0.6299 -0.5512
vn 0.5039 -0.0472 0.8583
vn -0.9685 -0.0709 0.2441
vn -0.9213 0.1654 0.3386
vn -0.8268 0.3307 0.4567
vn -0.8346 0.3228 0.4488
vn 0.7638 0.6457 0.0472
vn -0.7008 0.1496 -0.7008
vn -0.5512 0.6299 -0.5512
vn -0.8819 -0.1968 -0.4331
vn 0.5827 0.7559 0.2992
vn 0.4331 0.7717 0.4646
vn 0.9134 0.2992 -0.2756
vn 0.9528 0.2992 -0.0551
vn 0.9528 0.2992 -0.0630
vn -0.6929 0.4646 0.5433
vn -0.7638 0.6457 0.0472
vn -0.9606 -0.0866 0.2598
vn -0.8032 0.3150 -0.5039
vn 0.1102 -0.2441 0.9606
vn 0.7087 -0.0709 0.7087
vn 0.7638 0.6457 0.0000
vn 0.7480 0.6299 -0.2047
vn 0.9528 0.1496 -0.2520
vn 0.9843 0.1575 0.0000
vn -0.6378 0.2047 -0.7402
vn 0.4016 0.3071 -0.8661
vn 0.6142 0.3228 -0.7244
vn -0.7087 -0.0709 0.7087
vn -0.7480 0.6299 -0.2047
vn -0.7638 0.6457 0.0000
vn -0.5118 0.7402 0.4331
vn -0.6457 0.7244 0.2441
vn -0.9528 0.1496 -0.2520
vn 0.6693 0.7323 -0.1339
vn -0.3543 0.7165 0.6063
vn 0.2441 0.3701 -0.8976
vn 0.2598 -0.0709 0.9606
vn -0.2441 0.3701 -0.8976
vn 0.2283 0.4646 -0.8583
vn -0.2598 -0.0709 0.9606
vn -0.2283 0.4646 -0.8583
vn 0.7480 0.6299 0.2047
vn -0.9843 0.1575 0.0000
vn 0.9449 0.2913 0.1575
vn 0.2913 0.0472 0.9528
vn 0.0472 0.0709 1.0000
vn 0.6614 0.3701 -0.6614
vn 0.1654 0.2677 -0.9449
vn -0.7480 0.5984 0.2992
vn -0.6063 0.6142 0.5118
vn 0.2677 0.7559 0.6063
vn -0.7480 0.6299 0.2047
vn 0.6299 0.4646 -0.6299
vn -0.4646 0.3858 -0.7953
vn 0.5197 0.0236 0.8583
vn -0.4252 0.5906 0.6929
vn 0.9528 0.1496 0.2520
vn -0.6614 0.3701 -0.6614
vn -0.6220 0.4646 -0.6299
vn -0.9134 0.2205 -0.3307
vn -0.9528 0.1496 0.2520
vn 0.5512 0.6299 0.5512
vn 0.7323 0.6063 -0.2913
vn -0.5512 0.6299 0.5512
vn 0.8976 0.3701 -0.2441
vn 0.9291 0.3780 0.0000
vn 0.8819 0.4803 0.0000
vn 0.8583 0.4646 -0.2283
vn -0.8425 -0.4252 -0.3307
vn 0.7480 0.5354 0.4016
vn 0.5748 0.5512 0.6063
vn -0.6378 0.5512 -0.5354
vn 0.1968 0.6299 0.7480
vn 0.7008 0.1496 0.7008
vn -0.1968 0.6299 0.7480
vn -0.8976 0.3701 -0.2441
vn -0.8583 0.4646 -0.2283
vn -0.5512 0.0709 -0.8268
vn -0.7638 0.5906 -0.2520
vn -0.7008 0.1496 0.7008
vn -0.9291 0.3780 0.0000
vn -0.8819 0.4803 0.0000
vn 0.1732 0.7717 -0.6142
vn 0.2598 0.1496 0.9528
vn -0.2598 0.1496 0.9528
vn 0.8976 0.3701 0.2441
vn 0.8583 0.4646 0.2283
vn -0.8583 0.3937 0.3386
vn -0.7008 0.4016 0.5827
vn -0.8110 -0.0472 -0.5827
vn -0.3858 0.6929 0.6142
vn -0.4882 0.3780 0.7795
vn -0.8583 0.4646 0.2283
vn 0.9370 0.0394 -0.3465
vn 0.8661 0.1811 -0.4724
vn 0.8661 0.1732 -0.4646
vn -0.6535 0.6142 0.4331
vn -0.8976 0.3701 0.2441
vn -0.1811 0.3622 0.9134
vn 0.4803 0.6772 0.5591
vn -0.6614 0.0709 -0.7480
vn 0.6220 0.4646 0.6299
vn 0.3622 0.5276 0.7717
vn 0.5669 0.6772 0.4646
vn 0.7244 0.6614 0.2205
vn 0.6614 0.3701 0.6614
vn -0.6220 0.4646 0.6299
vn -0.5512 0.0630 0.8346
vn -0.7402 0.0315 0.6693
vn -0.7402 0.0394 0.6772
vn -0.6614 0.3701 0.6614
vn 0.2283 0.4646 0.8583
vn 0.2441 0.3701 0.8976
vn -0.2283 0.4646 0.8583
vn -0.2441 0.3701 0.8976
vn -0.8425 0.4331 0.3228
vn -0.9291 0.2913 0.2205
vn 0.2992 0.2205 0.9291
vn 0.0787 0.2362 0.9685
vn 0.5039 0.1968 0.8425
vn 0.0157 0.6772 0.7402
vn -0.7244 0.5591 0.4094
vn 0.7717 0.4409 -0.4646
vn 0.7402 0.3937 -0.5433
vn 0.8819 0.2283 -0.4173
vn 0.7402 0.3937 -0.5512
vn -0.1496 0.7008 0.6929
vn 0.6693 0.7402 -0.0945
vn -0.8189 0.5118 0.2598
vn -0.9134 0.1890 0.3622
vn -0.7559 0.1890 0.6220
vn -0.5276 0.1732 0.8268
vn -0.8819 0.0079 0.4646
vn 0.5197 0.3701 -0.7717
vn 0.7638 0.0551 0.6457
vn -0.3386 0.6378 0.6929
vn 0.6772 0.1968 0.7087
vn 0.8583 0.1890 0.4803
vn 0.6457 0.6693 0.3622
vn -0.8819 -0.2362 -0.4094
vn -0.6457 0.6693 0.3622
vn -0.9764 0.1654 -0.1654
vn -0.9685 0.2362 -0.1102
vn 0.2835 0.5984 -0.7480
vn -0.2835 0.5984 -0.7480
vn -0.7323 0.4724 0.4961
vn -0.7165 0.5748 0.3858
vn -0.7165 0.5748 0.3937
vn -0.7008 0.6535 0.2913
vn 0.7638 0.3071 -0.5748
vn -0.9528 0.2598 -0.1654
vn 0.4252 0.8425 -0.3307
vn -0.9685 0.2362 0.1181
vn -0.9449 0.2835 -0.1811
vn -0.9449 0.2756 -0.1811
vn 0.1811 -0.6378 0.7480
vn -0.9764 0.1654 0.1654
vn -0.7165 -0.6850 -0.1417
vn -0.9528 0.2598 0.1654
vn -0.9291 0.3071 -0.2047
vn -0.1811 -0.2598 -0.9528
vn -0.9449 0.2756 0.1811
vn -0.9449 0.2835 0.1811
vn 0.4409 0.1811 0.8819
vn -0.4173 -0.2283 -0.8740
vn -0.5354 -0.6693 0.5197
vn 0.5039 0.7087 0.4961
vn -0.5039 0.7087 0.4961
vn 0.5354 -0.6693 0.5197
vn -0.9055 0.3701 -0.2047
vn -0.7008 -0.1811 -0.6929
vn 0.2362 0.7638 0.6063
vn -0.8110 0.4646 -0.3622
vn -0.9055 0.3622 0.2362
vn -0.4803 0.3307 -0.8110
vn 0.5512 0.5354 -0.6378
vn 0.5433 -0.4961 -0.6772
vn 0.7402 -0.6693 -0.0787
vn -0.7402 -0.6693 -0.0787
vn -0.2362 0.3701 -0.8976
vn -0.5669 -0.8268 0.0079
vn 0.5591 -0.5276 -0.6378
vn 0.5276 0.4646 -0.7087
vn -0.9370 0.3071 -0.1654
vn -0.5276 0.4646 -0.7087
vn 0.7244 0.4331 -0.5354
vn -0.8583 -0.1339 -0.4882
vn -0.7244 0.4331 -0.5354
vn 0.7717 -0.5984 -0.1968
vn 0.2205 -0.5906 -0.7795
vn -0.6063 0.4331 -0.6614
vn 0.1339 -0.6772 0.7244
vn 0.2441 0.1968 0.9528
vn 0.7795 0.4961 0.3858
vn 0.9449 0.3150 0.1181
vn -0.9449 0.3150 0.1181
vn -0.5591 -0.5276 -0.6378
vn 0.3937 -0.6614 0.6457
vn 0.5591 -0.6929 0.4567
vn 0.4646 -0.7795 -0.4173
vn 0.6772 -0.7087 0.2047
vn 0.4882 0.5197 -0.7008
vn -0.7559 0.3701 0.5433
vn -0.4173 -0.4173 0.8032
vn 0.6929 0.2677 -0.6693
vn -0.6299 0.5512 0.5512
vn -0.7165 0.3780 0.5906
vn -0.7795 0.3858 0.4961
vn -0.5669 0.3386 0.7480
vn -0.7953 0.3543 0.4882
vn -0.0157 0.2126 0.9764
vn 0.2362 -0.7165 0.6535
vn 0.5433 0.8346 0.0709
vn -0.7008 0.6063 -0.3780
vn 0.2126 0.9449 0.2441
vn 0.3071 -0.6142 -0.7323
vn 0.3071 -0.9449 0.0866
vn -0.3543 0.6457 -0.6772
vn 0.6772 0.2047 -0.7008
vn 0.6614 0.2677 -0.7008
vn 0.6614 0.2598 -0.7008
vn 0.4961 0.5984 -0.6220
vn 0.1811 -0.9055 0.3858
vn 0.1181 -0.9449 0.2992
vn 0.7559 0.6457 -0.0709
vn 0.8504 -0.0787 -0.5197
vn -0.6772 0.2047 -0.7008
vn -0.6614 0.2677 -0.7008
vn -0.6614 0.2598 -0.7008
vn -0.4961 0.5984 -0.6220
vn 0.0472 0.3386 0.9370
vn 0.7008 -0.7008 -0.1102
vn 0.9528 0.2520 -0.1890
vn -0.9528 0.2520 -0.1890
vn 0.8976 -0.3701 -0.2362
vn 0.1654 0.5906 -0.7874
vn 0.9685 0.1811 0.1811
vn 0.9606 0.1102 0.2677
vn 0.9685 0.1968 0.1654
vn 0.9606 0.2520 0.1024
vn -0.6929 -0.6929 -0.1811
vn 0.9764 0.2126 -0.0315
vn -0.3937 -0.6457 -0.6535
vn -0.9764 0.2126 -0.0315
vn -0.2441 0.8740 0.4252
vn 0.9528 -0.0472 -0.2992
vn 0.7953 0.5984 -0.0787
vn 0.8504 -0.4803 -0.1968
vn 0.0000 0.2283 -0.9764
vn 0.2756 0.2205 -0.9370
vn -0.2756 0.2205 -0.9370
vn 0.3858 0.7323 -0.5591
vn -0.8740 0.4646 0.1496
vn 0.7087 0.6929 0.1654
vn 0.9685 -0.0866 0.2205
vn 0.7323 0.2913 0.6142
vn 0.8504 -0.0394 0.5276
vn 0.9370 -0.2598 0.2126
vn 0.4646 0.2992 0.8346
vn 0.8425 -0.1339 -0.5197
vn -0.2756 0.4252 0.8661
vn 0.0630 -0.6535 -0.7559
vn 0.3701 -0.6850 0.6299
vn 0.5118 0.1339 -0.8425
vn -0.5118 0.1339 -0.8425
vn 0.5039 0.6772 -0.5354
vn -0.9685 -0.0315 0.2441
vn -0.9685 -0.0866 0.2441
vn -0.9528 -0.0630 -0.2835
vn -0.9921 0.1417 -0.0236
vn -0.9606 -0.0551 -0.2756
vn 0.8976 -0.2520 0.3701
vn 0.8740 -0.3543 0.3307
vn 0.8976 -0.2441 0.3701
vn 0.9291 0.1417 -0.3465
vn -0.9291 0.1417 -0.3465
vn -0.3858 0.4803 0.7874
vn 0.6063 -0.6693 -0.4173
vn 0.5118 -0.7165 -0.4724
vn 0.6142 -0.6693 -0.4173
vn -0.8268 0.5118 0.2441
vn -0.9764 0.0157 0.2126
vn -0.9921 0.1024 0.1024
vn -0.9764 0.0236 0.1968
vn -0.9843 0.1811 0.0079
vn -0.9764 0.1968 -0.0315
vn -0.9843 0.1732 0.0079
vn -0.4016 -0.9134 -0.0315
vn 0.0630 -0.3858 0.9213
vn 0.0315 -0.2362 0.9685
vn 0.0709 -0.3937 0.9134
vn 0.0787 -0.6772 -0.7323
vn 0.6693 -0.3937 -0.6299
vn -0.9764 -0.0866 0.1968
vn -0.9843 -0.0472 0.1890
vn 0.9528 0.1102 0.2835
vn -0.9528 0.1102 0.2835
vn 0.4567 0.1181 0.8819
vn -0.4567 0.1181 0.8819
vn 0.7638 0.6378 -0.1102
vn -0.9843 0.0000 -0.1732
vn 0.6929 0.6850 0.2205
vn 0.2677 -0.0157 0.9606
vn 0.0157 -0.9764 0.2205
vn 0.9606 -0.0157 0.2677
vn -0.9606 -0.0157 0.2677
vn 0.8583 -0.4567 -0.2205
vn 0.4646 -0.8425 -0.2677
vn 0.6850 -0.6063 -0.4016
vn 0.6693 -0.6378 -0.3937
vn -0.9528 0.0630 0.2835
vn -0.9606 -0.1811 0.2126
vn -0.9606 -0.1890 0.2126
vn -0.3465 -0.5512 -0.7559
vn -0.3622 -0.2205 -0.9055
vn -0.3622 -0.2598 -0.8976
vn -0.9528 -0.3071 -0.0472
vn -0.8898 -0.4488 -0.0630
vn 0.2598 0.0315 0.9685
vn 0.7953 0.0394 0.5984
vn 0.8189 0.1890 0.5433
vn -0.2362 -0.4488 -0.8583
vn -0.1811 -0.5433 -0.8189
vn -0.2441 -0.4488 -0.8583
vn 0.7480 -0.5354 0.3937
vn 0.7087 -0.6378 0.2913
vn 0.0079 -0.9921 -0.1260
vn -0.0630 -0.9606 -0.2677
vn -0.0551 -0.9606 -0.2598
vn 0.3150 0.0000 0.9528
vn 0.6142 -0.5984 -0.5197
vn 0.6929 -0.4803 -0.5433
vn 0.3543 -0.8583 0.3701
vn 0.6535 -0.3543 0.6693
vn 0.6142 -0.4567 0.6378
vn 0.6535 -0.3465 0.6693
vn 0.1496 -0.8110 0.5669
vn 0.4016 0.1260 -0.9055
vn 0.2520 0.3386 -0.9055
vn 0.3937 0.1417 -0.9055
vn 0.3701 -0.6535 -0.6614
vn 0.7953 0.0472 0.6063
vn 0.5984 -0.6693 0.4409
vn 0.5039 -0.1890 0.8425
vn 0.5039 -0.1968 0.8425
vn 0.3071 0.0394 0.9528
vn -0.1496 -0.2126 -0.9685
vn -0.1968 -0.0630 -0.9764
vn -0.1968 -0.0709 -0.9764
vn -0.4016 0.0945 0.9134
vn -0.7717 -0.6378 -0.0709
vn -0.8346 -0.5433 -0.0866
vn -0.8346 -0.5354 -0.0866
vn -0.2441 -0.5827 0.7717
vn -0.2362 -0.2992 0.9291
vn -0.2283 -0.2598 0.9370
vn -0.1968 -0.9606 0.1968
vn 0.8661 -0.0945 -0.4882
vn 0.8740 -0.0866 -0.4803
vn 0.8740 0.1575 -0.4567
vn 0.7008 -0.3622 -0.6142
vn -0.2520 0.2283 -0.9370
vn -0.1890 0.3228 -0.9291
vn 0.6929 -0.5906 -0.4094
vn 0.8819 0.2913 0.3780
vn 0.8819 0.1968 0.4331
vn 0.6378 0.2756 -0.7165
vn 0.6457 0.3780 -0.6614
vn 0.6457 0.3858 -0.6614
vn 0.2283 -0.9685 -0.0551
vn 0.8740 0.1417 0.4646
vn 0.8740 0.1339 0.4646
vn 0.5197 -0.8110 -0.2598
vn -0.0787 -0.8425 -0.5354
vn -0.5039 -0.0315 0.8661
vn 1.0000 -0.0157 0.0866
vn -0.6929 -0.6850 -0.2205
vn -0.9213 0.1102 0.3701
vn -0.9213 0.3150 0.2283
vn -0.9213 0.1181 0.3622
vn 0.1575 -0.9606 0.2205
vn 0.9528 -0.0787 0.2913
vn 0.9528 -0.0787 0.2835
vn 0.9606 -0.0787 0.2677
vn 0.9764 -0.0630 0.2047
vn -0.8110 0.5512 -0.2047
vn -0.7402 0.6299 -0.2441
vn -0.8110 0.5433 -0.2047
vn -0.8819 0.4567 0.0945
vn -0.0945 0.6457 0.7559
vn -0.9528 -0.0787 0.2913
vn -0.9528 -0.0787 0.2835
vn -0.9606 -0.0787 0.2677
vn -0.9764 -0.0630 0.2047
vn -0.7717 -0.6299 0.1024
vn 0.9921 -0.0945 0.0945
vn 0.1890 -0.1811 -0.9685
vn 0.1339 -0.2835 -0.9449
vn 0.1890 -0.1732 -0.9685
vn 0.8976 -0.1102 -0.4252
vn 0.5984 -0.3858 -0.7087
vn -0.9921 -0.0945 0.0945
vn -0.4409 0.4961 -0.7480
vn -0.7717 -0.4882 -0.3937
vn 0.2441 0.5827 0.7717
vn -0.9843 0.1890 0.0079
vn -0.0630 0.6772 0.7323
vn -0.4094 -0.0630 -0.9134
vn -0.3071 0.3386 -0.8898
vn -0.3071 0.3228 -0.8898
vn 0.5906 -0.3543 -0.7244
vn 0.6929 0.0394 0.7165
vn 0.8110 -0.1024 0.5748
vn 0.8110 -0.0945 0.5748
vn 0.7559 -0.1181 0.6457
vn 0.7480 -0.1102 0.6535
vn 0.8425 0.0000 -0.5433
vn 0.8425 -0.0079 -0.5433
vn 0.6929 0.6929 0.1811
vn -0.9764 0.2205 -0.0630
vn -0.9764 0.2205 -0.0551
vn -0.5118 -0.3228 0.7953
vn -0.4882 0.0394 0.8740
vn -0.4961 -0.0079 0.8740
vn 0.3701 -0.4803 -0.7953
vn -0.9213 -0.1496 -0.3622
vn -0.9291 -0.1181 -0.3543
vn -0.9213 -0.1575 -0.3622
vn -0.8819 -0.4488 0.1654
vn -0.9449 -0.3071 0.1260
vn 0.1496 -0.9843 0.1024
vn 0.5906 0.6850 -0.4331
vn 0.5906 0.6850 -0.4252
vn -0.2756 0.5512 -0.7874
vn 0.7480 0.0787 -0.6614
vn 0.7165 0.1968 -0.6693
vn 0.7480 0.0866 -0.6614
vn 0.0000 0.8583 -0.5118
vn -0.5118 -0.6772 0.5276
vn -0.6929 -0.6299 -0.3622
vn -0.6063 -0.6693 -0.4331
vn 0.4488 -0.1968 -0.8740
vn 0.7323 0.6378 0.2362
vn 0.7323 0.6378 0.2283
vn -0.2520 -0.6850 -0.6772
vn -0.2598 -0.6850 -0.6772
vn 0.3307 0.1811 -0.9291
vn 0.3307 0.1890 -0.9213
vn -0.5197 -0.4803 -0.7087
vn -0.5197 -0.4724 -0.7087
vn -0.9764 -0.1732 -0.1339
vn 0.3780 -0.1496 0.9134
vn -0.9055 0.0079 -0.4252
vn -0.9134 0.1260 -0.3858
vn -0.2992 0.4094 -0.8661
vn -0.2992 0.4016 -0.8661
vn -0.7402 -0.1890 -0.6535
vn -0.3780 -0.1496 0.9134
vn 0.5827 -0.5118 0.6378
vn 0.5827 -0.5039 0.6378
vn 0.9606 -0.1654 0.2362
vn -0.9606 -0.1654 0.2283
vn 0.2756 -0.4252 -0.8583
vn -0.3937 -0.0945 -0.9134
vn -0.3937 -0.0866 -0.9134
vn -0.1811 0.2913 0.9370
vn -0.1811 0.2835 0.9370
vn -0.2835 0.8819 -0.3780
vn -0.6063 0.7795 -0.1811
vn -0.3858 -0.7323 0.5591
vn 0.9843 -0.1732 0.0551
vn -0.6772 0.7323 -0.0472
vn -0.6378 0.7638 0.0945
vn -0.6850 0.7323 -0.0551
vn -0.8583 0.5118 0.0236
vn 0.9764 0.1181 0.1654
vn -0.9843 -0.1732 0.0551
vn -0.5276 -0.5827 -0.6142
vn 0.4882 -0.8425 -0.2283
vn 0.5748 -0.7480 -0.3150
vn 0.5748 -0.7559 -0.3150
vn -0.7244 -0.4094 0.5591
vn -0.7402 -0.3780 0.5512
vn 0.4803 -0.6142 0.6220
vn 0.8110 0.3386 -0.4803
vn 0.7638 -0.2992 -0.5669
vn 0.6535 0.2126 0.7244
vn 0.6614 0.2126 0.7244
vn -0.1654 0.5197 0.8425
vn -0.8661 -0.3701 0.3386
vn -0.8425 -0.4567 0.2677
vn -0.8661 -0.3622 0.3465
vn -0.2992 0.5433 0.7874
vn -0.1732 0.7165 0.6772
vn -0.2992 0.5433 0.7795
vn 0.8661 -0.4331 -0.2441
vn 0.6063 -0.6299 -0.4961
vn 0.4094 0.6535 -0.6378
vn -0.8032 -0.5984 0.0630
vn -0.3071 0.6142 0.7323
vn -0.0236 0.4567 0.8898
vn 0.3622 -0.6299 0.6850
vn 0.5118 -0.0236 0.8583
vn -0.7953 0.6063 0.0236
vn 0.8425 -0.3071 -0.4409
vn 0.3937 0.6457 0.6535
vn 0.3465 0.9370 -0.0236
vn 0.6693 -0.3780 0.6378
vn 0.7795 0.4409 -0.4488
vn 0.4094 0.7559 -0.5197
vn -0.6693 -0.3780 0.6378
vn 0.6142 0.3150 0.7244
vn 0.9528 -0.2520 -0.1654
vn -0.2992 0.6850 -0.6614
vn -0.3071 0.6850 -0.6614
vn 0.5433 0.5669 0.6220
vn 0.5433 0.5748 0.6142
vn -0.1654 -0.5906 0.7874
vn -0.0157 0.7559 -0.6535
vn 0.9213 -0.2520 0.2913
vn -0.8976 -0.4331 -0.1024
vn -0.9213 -0.2520 0.2913
vn 0.5748 0.7717 -0.2835
vn -0.9528 -0.2205 0.1968
vn -0.8661 -0.2835 -0.4094
vn 0.5512 0.8346 -0.0394
vn 0.5512 0.8346 -0.0472
vn -0.2992 0.4803 0.8189
vn -0.3307 -0.3543 -0.8740
vn 0.6378 0.6378 0.4409
vn 0.6299 0.6378 0.4409
vn -0.5039 -0.6457 0.5748
vn -0.2913 0.7559 -0.5827
vn 0.3228 0.8189 -0.4724
vn -0.7559 0.3228 -0.5669
vn -0.7638 0.2047 -0.6142
vn -0.7638 0.3150 -0.5669
vn 0.9134 -0.3701 -0.1575
vn -0.8425 -0.0236 0.5354
vn 0.7323 -0.5276 0.4252
vn 0.2520 0.9606 0.0945
vn -0.9134 0.3858 -0.1181
vn -0.9213 0.3780 -0.1260
vn -0.2283 0.7165 -0.6535
vn 0.7638 0.0472 -0.6457
vn -0.3465 0.2205 0.9134
vn 0.4803 0.8661 -0.1260
vn -0.6772 0.7087 -0.1968
vn -0.3386 -0.2441 -0.9055
vn -0.5118 0.5906 0.6220
vn -0.6142 0.4724 0.6299
vn 0.9213 -0.3465 -0.1968
vn 0.9213 -0.3386 -0.1968
vn 0.9291 -0.3071 -0.1968
vn 0.9055 -0.3780 -0.1890
vn -0.1496 0.6693 -0.7323
vn -0.3937 0.6614 -0.6457
vn -0.8425 0.4803 -0.2283
vn -0.8504 0.4724 -0.2283
vn -0.7087 0.4724 -0.5197
vn -0.7087 0.4646 -0.5276
vn -0.9606 -0.0315 0.2677
vn 0.4646 0.6929 0.5512
vn -0.5591 0.6929 -0.4488
vn 0.3150 -0.3622 0.8740
vn -0.3150 -0.3622 0.8740
vn 0.9291 -0.3071 0.1968
vn 0.5512 0.5197 0.6535
vn -0.5591 0.5197 0.6535
vn -0.6614 -0.1496 0.7323
vn 0.8976 -0.3622 -0.2441
vn -0.5984 0.6772 0.4331
vn 0.6063 -0.4331 0.6614
vn -0.8425 0.5276 -0.1102
vn -0.9291 0.0945 0.3622
vn -0.7638 0.0472 0.6457
vn -0.4646 0.4409 -0.7638
vn -0.4646 0.4488 -0.7638
vn 0.7480 -0.4961 -0.4409
vn 0.7953 -0.4016 -0.4567
vn 0.8425 -0.2677 -0.4646
vn 0.7402 -0.5118 -0.4331
vn -0.2520 -0.1968 -0.9449
vn -0.2126 0.5906 0.7795
vn -0.7717 0.5984 0.2126
vn -0.1417 0.9528 0.2520
vn -0.6614 0.6457 -0.3780
vn 0.6772 0.3150 0.6614
vn -0.6220 0.1732 -0.7638
vn 0.3858 -0.9213 -0.0787
vn -0.6063 -0.6772 0.4252
vn -0.1732 0.7323 0.6614
vn 0.7008 -0.4724 -0.5354
vn 0.7087 -0.4961 -0.5039
vn -0.5748 0.0709 -0.8189
vn 0.6063 0.3307 0.7244
vn 0.3386 -0.5906 -0.7323
vn 0.7323 0.3622 -0.5827
vn -0.7717 -0.0551 -0.6299
vn 0.7402 0.6693 0.0787
vn 0.2362 -0.3701 0.8976
vn -0.7402 0.6693 0.0787
vn -0.5354 0.4961 0.6850
vn 0.5276 0.7480 0.4016
vn -0.3858 0.8268 0.4173
vn 0.5433 0.2913 0.7874
vn -0.5984 0.4567 0.6614
vn -0.6220 0.5433 0.5669
vn 0.5354 0.6693 -0.5197
vn 0.7795 0.6220 0.0945
vn -0.5591 0.8268 0.0787
vn -0.5669 0.8268 0.0709
vn 0.1181 -0.9921 0.0551
vn 0.7480 -0.5591 0.3465
vn 0.4961 -0.7087 -0.5039
vn -0.7480 -0.5669 0.3465
vn -0.3465 0.9370 -0.0551
vn -0.5433 0.6535 -0.5197
vn 0.3386 -0.6378 -0.6929
vn -0.2283 -0.3228 0.9213
vn 0.4724 0.2520 0.8425
vn -0.2362 0.9685 0.0394
vn 0.8189 0.5591 0.1339
vn -0.2283 -0.9449 0.2362
vn -0.2677 -0.6142 -0.7480
vn 0.6142 -0.7087 -0.3543
vn -0.4252 -0.8425 0.3307
vn 0.8346 -0.0551 0.5433
vn -0.5512 -0.6457 -0.5276
vn 0.6457 -0.6693 -0.3701
vn 0.5354 -0.7402 -0.4094
vn -0.6457 -0.6693 -0.3701
vn -0.4961 0.1181 0.8661
vn 0.6929 -0.5984 -0.4016
vn 0.6850 -0.5827 -0.4409
vn 0.7008 -0.6063 -0.3780
vn -0.4567 0.5748 -0.6772
vn -0.1968 0.5591 -0.8110
vn 0.8032 -0.1181 0.5906
vn 0.8189 0.5354 0.2126
vn 0.4882 -0.7244 -0.4961
vn -0.6693 -0.7402 0.0945
vn -0.4488 0.8819 0.1654
vn 0.1654 -0.6772 -0.7165
vn 0.7402 -0.6457 0.1654
vn 0.4252 -0.7008 -0.5669
vn -0.0315 -0.6772 -0.7402
vn -0.7244 -0.6535 -0.2047
vn 0.7480 -0.1260 0.6457
vn -0.7638 -0.6457 -0.0394
vn -0.5984 -0.6772 -0.4331
vn 0.0000 -0.5827 -0.8110
vn 0.8268 0.4882 0.2835
vn 0.3386 -0.6457 0.6850
vn -0.5118 -0.6772 -0.5354
vn -0.3386 -0.6457 0.6850
vn -0.1654 -0.7717 0.6142
vn 0.5827 -0.6772 -0.4409
vn 0.5591 -0.6850 -0.4646
vn 0.5669 -0.6850 -0.4646
vn 0.5354 -0.6850 -0.4961
vn 0.6850 -0.7087 0.1732
vn -0.0787 -0.6220 -0.7795
vn 0.6929 -0.1575 0.7087
vn 0.5354 -0.0079 0.8425
vn 0.7638 -0.6457 -0.0394
vn -0.1811 -0.6142 -0.7717
vn 0.9370 -0.1496 0.3150
vn 0.6378 -0.7323 0.2283
vn 0.5039 0.0866 0.8583
vn -0.6142 -0.4173 -0.6693
vn -0.6378 -0.4173 -0.6535
vn -0.6220 -0.2047 -0.7559
vn -0.6220 -0.2126 -0.7480
vn -0.2756 -0.5984 -0.7480
vn -0.5906 -0.1811 -0.7795
vn 0.6929 -0.4016 -0.5984
vn 0.7165 -0.4016 -0.5748
vn -0.5827 -0.3543 -0.7323
vn 0.6772 -0.4252 -0.6063
vn 0.7165 -0.4252 -0.5591
vn -0.5118 -0.5276 -0.6772
vn 0.4646 0.1811 0.8661
vn -0.8661 -0.3386 0.3701
vn -0.0236 -0.3780 -0.9291
vn -0.0236 -0.3937 -0.9213
vn -0.4173 0.2126 -0.8819
vn 0.5512 -0.7165 0.4331
vn -0.6457 -0.5276 -0.5512
vn -0.6850 -0.2362 0.6850
vn -0.0472 -0.3386 -0.9370
vn -0.3465 -0.0315 -0.9370
vn 0.5984 0.0787 -0.7953
vn -0.5748 -0.7087 0.4094
vn -0.1181 -0.4882 -0.8661
vn 0.9606 -0.0866 0.2520
vn -0.7008 -0.2283 0.6772
vn -0.2362 -0.0394 -0.9685
vn 0.5748 -0.7717 0.2677
vn -0.6693 -0.2283 0.7087
vn -0.4882 -0.6378 -0.5984
vn 0.4331 -0.2283 0.8740
vn 0.6457 -0.6063 -0.4646
vn 0.6299 -0.5591 -0.5433
vn 0.5748 -0.6063 -0.5591
vn 0.6378 -0.5591 -0.5197
vn 0.3307 -0.7874 -0.5276
vn -0.9055 -0.2756 0.3150
vn -0.5669 -0.6378 -0.5197
vn 0.5354 0.0472 -0.8425
vn -0.4882 0.1732 -0.8583
vn -0.8819 -0.3543 0.3071
vn 0.9843 -0.0394 0.1890
vn -0.8898 -0.3386 0.2913
vn -0.7008 -0.1968 0.6850
vn 0.4488 -0.0866 -0.8898
vn -0.2992 0.0157 -0.9528
vn -0.2756 0.0157 -0.9606
vn 0.5039 -0.0236 -0.8661
vn 0.6457 -0.3465 0.6772
vn 0.4646 0.2677 0.8425
vn 0.8032 -0.3543 -0.4803
vn 0.8504 -0.2835 -0.4409
vn -0.2520 -0.6772 0.6850
vn -0.5197 0.1024 -0.8504
vn 0.2205 -0.6850 0.7008
vn 0.5827 -0.3071 0.7559
vn 0.7244 -0.2362 0.6457
vn -0.5669 0.0236 -0.8268
vn -0.9921 -0.1102 0.0079
vn -0.8661 -0.4646 0.1968
vn -0.9843 -0.1102 0.1181
vn 0.9843 0.0394 0.1654
vn 0.3701 -0.2992 0.8819
vn -0.8661 -0.4724 0.1654
vn 0.8110 -0.2913 -0.5039
vn 0.8268 -0.2756 -0.4961
vn -0.8898 -0.4331 0.1654
vn -0.8740 -0.4567 0.1496
vn -0.2992 0.1811 -0.9370
vn -0.2362 0.1732 -0.9528
vn 0.6063 -0.1732 0.7717
vn 0.7165 -0.0945 0.6850
vn -0.2756 0.2047 -0.9370
vn -0.2520 0.2047 -0.9449
vn 0.7008 -0.0866 0.7087
vn -1.0000 0.0236 -0.0236
vn -0.6220 -0.0945 0.7795
vn -0.6299 -0.0787 0.7717
vn -0.5748 -0.0709 0.8189
vn -0.9843 0.0157 0.1575
vn 0.0000 -1.0000 0.0000
vn 0.3386 -0.3937 0.8504
vn 0.4646 -0.5669 0.6850
vn 0.0236 0.9843 -0.1654
vn -0.9843 0.1496 0.0551
vn 0.8661 0.1654 -0.4724
vn -0.9843 0.1417 0.0866
vn 0.8032 0.1968 -0.5591
vn 0.7165 0.1811 -0.6693
vn 0.7008 0.1811 -0.6850
vn -0.6299 -0.0079 0.7717
vn 0.7638 -0.1890 -0.6220
vn 0.7874 -0.1496 -0.5906
vn -0.4331 -0.0866 0.8976
vn -0.4488 -0.0945 0.8898
vn 0.4016 -0.5512 0.7323
vn 0.3307 -0.4331 0.8346
vn 0.7638 -0.1575 -0.6299
vn 0.7717 -0.1417 -0.6142
vn 0.3780 -0.4882 0.7874
vn 0.3071 -0.4803 0.8189
vn 0.7244 0.2126 -0.6614
vn -0.4252 -0.0630 0.9055
vn -0.4724 -0.0709 0.8819
vn 0.6850 0.2047 -0.6929
vn 0.8425 0.2283 -0.4882
vn 0.8268 0.2362 -0.5118
vn 0.1575 0.7087 0.6850
vn 0.1024 0.5984 0.7953
vn 0.3150 0.9449 0.1102
vn 0.3701 0.9213 -0.0866
vn 0.0079 0.8898 0.4488
vn 0.5276 -0.8425 -0.1260
vn -0.5276 -0.8425 -0.1260
vn 0.2283 0.5276 0.8189
vn -0.5984 0.7717 0.2205
vn -0.2677 0.7874 0.5591
vn -0.0866 0.6378 0.7638
vn 0.8268 0.3701 -0.4173
vn 0.7953 0.3858 -0.4646
vn 0.1968 0.6457 0.7402
vn 0.8189 0.4016 -0.4173
vn -0.4724 0.0945 0.8819
vn -0.4488 0.0945 0.8898
vn -0.5276 0.6693 0.5276
vn 0.8032 0.4094 -0.4409
vn -0.7087 0.6850 -0.1654
vn 0.4646 0.6378 0.6142
vn -0.4173 0.1575 0.8976
vn -0.5039 0.1417 0.8504
vn 0.1811 0.4567 0.8661
vn 0.2598 0.8819 0.4016
vn 0.2835 0.5906 0.7559
vn 0.2047 0.2677 0.9449
vn 0.1968 0.3622 0.9134
vn 0.3543 0.5354 0.7638
vn -0.0315 0.9685 -0.2362
vn -0.4803 0.4724 -0.7402
vn -0.4961 0.4567 -0.7323
vn 0.6614 0.3622 -0.6535
vn -0.4803 0.4961 -0.7244
vn 0.6535 0.3622 -0.6693
vn 0.5433 0.8110 -0.2126
vn 0.6299 0.6850 0.3543
vn -0.5197 0.4646 -0.7165
vn -0.5669 0.8268 -0.0315
vn 0.6693 0.4173 -0.6142
vn -0.4961 0.5906 0.6378
vn 0.6063 0.4094 -0.6850
vn -0.5354 0.5827 -0.6063
vn -0.5197 0.6378 -0.5748
vn -0.5512 0.5748 -0.6063
vn -0.7480 0.3543 -0.5669
vn -0.7559 0.3465 -0.5512
vn -0.5906 0.5827 -0.5591
vn -0.7323 0.3780 -0.5669
vn -0.7638 0.3701 -0.5276
vn 0.1496 0.8819 -0.4488
vn -0.6457 0.5669 -0.5039
vn 0.3543 0.3701 -0.8583
vn -0.7480 0.6220 0.2441
vn 0.6378 0.7559 -0.1417
vn 0.3780 0.3780 -0.8425
vn 0.3307 0.3858 -0.8583
vn -0.6929 0.5197 -0.5039
vn -0.7087 0.5591 -0.4331
vn -0.7087 0.5197 -0.4882
vn 0.3307 0.4094 -0.8504
vn 0.4803 0.5118 -0.7165
vn 0.4252 0.4961 -0.7559
vn 0.4094 0.5118 -0.7559
vn 0.4016 0.5669 -0.7244

o egg_designer_1
usemtl c_ffff00_neon
f 1/1/1 2/2/1 3/3/1
f 1/1/1 3/3/1 4/4/1
f 5/5/1 6/6/1 7/7/1
f 5/5/1 7/7/1 8/8/1
f 9/9/2 10/10/2 11/11/2
f 10/10/2 9/9/2 12/12/2
f 7/7/3 13/13/3 8/8/3
f 13/13/3 7/7/3 14/14/3
f 2/2/4 15/15/4 16/16/4
f 2/2/4 16/16/4 3/3/4
f 17/17/1 18/18/1 19/19/1
f 18/18/1 17/17/1 20/20/1
f 20/20/4 21/21/4 18/18/4
f 21/21/4 20/20/4 22/22/4
f 23/23/5 24/24/5 25/25/5
f 24/24/5 23/23/5 26/26/5
f 6/6/4 27/27/4 28/28/4
f 6/6/4 28/28/4 7/7/4
f 25/25/6 29/29/6 30/30/6
f 29/29/6 25/25/6 24/24/6
f 31/31/5 32/32/5 33/33/5
f 32/32/5 31/31/5 34/34/5
f 33/33/6 35/35/6 36/36/6
f 35/35/6 33/33/6 32/32/6
f 37/37/2 38/38/2 39/39/2
f 38/38/2 37/37/2 40/40/2
f 41/41/3 42/42/3 43/43/3
f 42/42/3 41/41/3 44/44/3
f 3/3/3 45/45/3 4/4/3
f 45/45/3 3/3/3 46/46/3
f 47/47/3 48/48/3 49/49/3
f 48/48/3 47/47/3 50/50/3
f 51/51/7 44/44/7 41/41/7
f 44/44/7 51/51/7 52/52/7
f 53/53/8 11/11/8 54/54/8
f 11/11/8 53/53/8 9/9/8
f 55/55/6 21/21/6 22/22/6
f 21/21/6 55/55/6 56/56/6
f 28/28/7 14/14/7 7/7/7
f 14/14/7 28/28/7 57/57/7
f 58/58/7 50/50/7 47/47/7
f 50/50/7 58/58/7 59/59/7
f 60/60/4 29/29/4 61/61/4
f 29/29/4 60/60/4 30/30/4
f 62/62/4 35/35/4 63/63/4
f 35/35/4 62/62/4 36/36/4
f 64/64/8 39/39/8 65/65/8
f 39/39/8 64/64/8 37/37/8
f 24/24/2 66/66/2 67/67/2
f 66/66/2 24/24/2 26/26/2
f 51/51/8 68/68/8 52/52/8
f 68/68/8 51/51/8 69/69/8
f 70/70/6 16/16/6 15/15/6
f 16/16/6 70/70/6 71/71/6
f 72/72/6 28/28/6 27/27/6
f 28/28/6 72/72/6 73/73/6
f 16/16/7 46/46/7 3/3/7
f 46/46/7 16/16/7 74/74/7
f 29/29/8 67/67/8 75/75/8
f 67/67/8 29/29/8 24/24/8
f 58/58/8 76/76/8 59/59/8
f 76/76/8 58/58/8 77/77/8
f 78/78/5 9/9/5 79/79/5
f 9/9/5 78/78/5 12/12/5
f 18/18/3 80/80/3 19/19/3
f 80/80/3 18/18/3 81/81/3
f 32/32/2 82/82/2 83/83/2
f 82/82/2 32/32/2 34/34/2
f 53/53/7 84/84/7 85/85/7
f 84/84/7 53/53/7 54/54/7
f 86/86/5 56/56/5 55/55/5
f 56/56/5 86/86/5 87/87/5
f 21/21/7 81/81/7 18/18/7
f 81/81/7 21/21/7 88/88/7
f 35/35/8 83/83/8 89/89/8
f 83/83/8 35/35/8 32/32/8
f 90/90/1 63/63/1 91/91/1
f 63/63/1 90/90/1 62/62/1
f 92/92/1 61/61/1 93/93/1
f 61/61/1 92/92/1 60/60/1
f 73/73/8 94/94/8 28/28/8
f 28/28/8 94/94/8 57/57/8
f 95/95/5 37/37/5 96/96/5
f 37/37/5 95/95/5 40/40/5
f 64/64/7 97/97/7 98/98/7
f 97/97/7 64/64/7 65/65/7
f 29/29/7 99/99/7 61/61/7
f 99/99/7 29/29/7 75/75/7
f 69/69/2 100/100/2 68/68/2
f 100/100/2 69/69/2 101/101/2
f 21/21/8 102/102/8 88/88/8
f 102/102/8 21/21/8 56/56/8
f 79/79/6 53/53/6 103/103/6
f 53/53/6 79/79/6 9/9/6
f 35/35/7 104/104/7 63/63/7
f 104/104/7 35/35/7 89/89/7
f 77/77/2 105/105/2 76/76/2
f 105/105/2 77/77/2 106/106/2
f 71/71/8 107/107/8 16/16/8
f 16/16/8 107/107/8 74/74/8
f 108/108/2 109/109/2 110/110/2
f 109/109/2 108/108/2 111/111/2
f 112/112/2 113/113/2 114/114/2
f 113/113/2 112/112/2 115/115/2
f 116/116/1 41/41/1 43/43/1
f 41/41/1 116/116/1 117/117/1
f 118/118/5 71/71/5 70/70/5
f 71/71/5 118/118/5 119/119/5
f 96/96/6 64/64/6 120/120/6
f 64/64/6 96/96/6 37/37/6
f 121/121/5 73/73/5 72/72/5
f 73/73/5 121/121/5 122/122/5
f 123/123/1 47/47/1 49/49/1
f 47/47/1 123/123/1 124/124/1
f 125/125/5 126/126/5 127/127/5
f 126/126/5 125/125/5 128/128/5
f 61/61/3 129/129/3 93/93/3
f 129/129/3 61/61/3 99/99/3
f 56/56/2 130/130/2 102/102/2
f 130/130/2 56/56/2 87/87/2
f 85/85/3 131/131/3 132/132/3
f 131/131/3 85/85/3 84/84/3
f 63/63/3 133/133/3 91/91/3
f 133/133/3 63/63/3 104/104/3
f 134/134/8 114/114/8 135/135/8
f 114/114/8 134/134/8 112/112/8
f 136/136/8 110/110/8 137/137/8
f 110/110/8 136/136/8 108/108/8
f 117/117/4 51/51/4 41/41/4
f 51/51/4 117/117/4 138/138/4
f 139/139/5 140/140/5 141/141/5
f 140/140/5 139/139/5 142/142/5
f 98/98/3 143/143/3 144/144/3
f 143/143/3 98/98/3 97/97/3
f 145/145/4 53/53/4 85/85/4
f 53/53/4 145/145/4 103/103/4
f 127/127/6 146/146/6 147/147/6
f 146/146/6 127/127/6 126/126/6
f 148/148/3 149/149/3 150/150/3
f 149/149/3 148/148/3 151/151/3
f 122/122/2 152/152/2 73/73/2
f 73/73/2 152/152/2 94/94/2
f 124/124/4 58/58/4 47/47/4
f 58/58/4 124/124/4 153/153/4
f 154/154/1 155/155/1 156/156/1
f 155/155/1 154/154/1 157/157/1
f 141/141/6 158/158/6 159/159/6
f 158/158/6 141/141/6 140/140/6
f 134/134/7 160/160/7 161/161/7
f 160/160/7 134/134/7 135/135/7
f 162/162/4 64/64/4 98/98/4
f 64/64/4 162/162/4 120/120/4
f 163/163/6 51/51/6 138/138/6
f 51/51/6 163/163/6 69/69/6
f 164/164/4 146/146/4 165/165/4
f 146/146/4 164/164/4 147/147/4
f 166/166/1 167/167/1 168/168/1
f 167/167/1 166/166/1 169/169/1
f 119/119/2 170/170/2 71/71/2
f 71/71/2 170/170/2 107/107/2
f 136/136/7 171/171/7 172/172/7
f 171/171/7 136/136/7 137/137/7
f 169/169/4 173/173/4 167/167/4
f 173/173/4 169/169/4 174/174/4
f 175/175/6 173/173/6 174/174/6
f 173/173/6 175/175/6 176/176/6
f 177/177/5 176/176/5 175/175/5
f 176/176/5 177/177/5 178/178/5
f 179/179/6 58/58/6 153/153/6
f 58/58/6 179/179/6 77/77/6
f 180/180/7 151/151/7 148/148/7
f 151/151/7 180/180/7 181/181/7
f 182/182/4 158/158/4 183/183/4
f 158/158/4 182/182/4 159/159/4
f 184/184/1 165/165/1 185/185/1
f 165/165/1 184/184/1 164/164/1
f 161/161/3 186/186/3 187/187/3
f 186/186/3 161/161/3 160/160/3
f 188/188/1 85/85/1 132/132/1
f 85/85/1 188/188/1 145/145/1
f 189/189/5 69/69/5 163/163/5
f 69/69/5 189/189/5 101/101/5
f 190/190/1 191/191/1 192/192/1
f 191/191/1 190/190/1 193/193/1
f 194/194/1 183/183/1 195/195/1
f 183/183/1 194/194/1 182/182/1
f 157/157/4 196/196/4 155/155/4
f 196/196/4 157/157/4 197/197/4
f 198/198/5 108/108/5 199/199/5
f 108/108/5 198/198/5 111/111/5
f 172/172/3 200/200/3 201/201/3
f 200/200/3 172/172/3 171/171/3
f 202/202/5 112/112/5 203/203/5
f 112/112/5 202/202/5 115/115/5
f 204/204/5 77/77/5 179/179/5
f 77/77/5 204/204/5 106/106/5
f 191/191/3 205/205/3 192/192/3
f 205/205/3 191/191/3 206/206/3
f 126/126/2 207/207/2 208/208/2
f 207/207/2 126/126/2 128/128/2
f 209/209/2 210/210/2 211/211/2
f 210/210/2 209/209/2 212/212/2
f 180/180/8 213/213/8 181/181/8
f 213/213/8 180/180/8 214/214/8
f 215/215/1 98/98/1 144/144/1
f 98/98/1 215/215/1 162/162/1
f 216/216/2 217/217/2 218/218/2
f 217/217/2 216/216/2 219/219/2
f 140/140/2 220/220/2 221/221/2
f 220/220/2 140/140/2 142/142/2
f 155/155/3 222/222/3 156/156/3
f 222/222/3 155/155/3 223/223/3
f 224/224/1 148/148/1 150/150/1
f 148/148/1 224/224/1 225/225/1
f 226/226/1 227/227/1 228/228/1
f 227/227/1 226/226/1 229/229/1
f 214/214/2 230/230/2 213/213/2
f 230/230/2 214/214/2 231/231/2
f 146/146/8 208/208/8 232/232/8
f 208/208/8 146/146/8 126/126/8
f 233/233/5 209/209/5 234/234/5
f 209/209/5 233/233/5 212/212/5
f 235/235/6 196/196/6 197/197/6
f 196/196/6 235/235/6 236/236/6
f 237/237/5 238/238/5 239/239/5
f 238/238/5 237/237/5 240/240/5
f 203/203/6 134/134/6 241/241/6
f 134/134/6 203/203/6 112/112/6
f 242/242/1 243/243/1 244/244/1
f 243/243/1 242/242/1 245/245/1
f 199/199/6 136/136/6 246/246/6
f 136/136/6 199/199/6 108/108/6
f 247/247/5 248/248/5 249/249/5
f 248/248/5 247/247/5 250/250/5
f 229/229/4 251/251/4 227/227/4
f 251/251/4 229/229/4 252/252/4
f 239/239/6 251/251/6 252/252/6
f 251/251/6 239/239/6 238/238/6
f 158/158/8 221/221/8 253/253/8
f 221/221/8 158/158/8 140/140/8
f 254/254/8 211/211/8 255/255/8
f 211/211/8 254/254/8 209/209/8
f 245/245/4 256/256/4 243/243/4
f 256/256/4 245/245/4 257/257/4
f 249/249/6 256/256/6 257/257/6
f 256/256/6 249/249/6 248/248/6
f 258/258/5 216/216/5 259/259/5
f 216/216/5 258/258/5 219/219/5
f 260/260/8 218/218/8 261/261/8
f 218/218/8 260/260/8 216/216/8
f 167/167/3 262/262/3 168/168/3
f 262/262/3 167/167/3 263/263/3
f 193/193/4 264/264/4 191/191/4
f 264/264/4 193/193/4 265/265/4
f 146/146/7 266/266/7 165/165/7
f 266/266/7 146/146/7 232/232/7
f 176/176/2 267/267/2 268/268/2
f 267/267/2 176/176/2 178/178/2
f 264/264/7 206/206/7 191/191/7
f 206/206/7 264/264/7 269/269/7
f 270/270/4 134/134/4 161/161/4
f 134/134/4 270/270/4 241/241/4
f 271/271/5 236/236/5 235/235/5
f 236/236/5 271/271/5 272/272/5
f 165/165/3 273/273/3 185/185/3
f 273/273/3 165/165/3 266/266/3
f 158/158/7 274/274/7 183/183/7
f 274/274/7 158/158/7 253/253/7
f 275/275/4 136/136/4 172/172/4
f 136/136/4 275/275/4 246/246/4
f 173/173/7 263/263/7 167/167/7
f 263/263/7 173/173/7 276/276/7
f 225/225/4 180/180/4 148/148/4
f 180/180/4 225/225/4 277/277/4
f 173/173/8 268/268/8 276/276/8
f 268/268/8 173/173/8 176/176/8
f 196/196/7 223/223/7 155/155/7
f 223/223/7 196/196/7 278/278/7
f 183/183/3 279/279/3 195/195/3
f 279/279/3 183/183/3 274/274/3
f 280/280/1 161/161/1 187/187/1
f 161/161/1 280/280/1 270/270/1
f 254/254/7 281/281/7 282/282/7
f 281/281/7 254/254/7 255/255/7
f 260/260/7 283/283/7 284/284/7
f 283/283/7 260/260/7 261/261/7
f 234/234/6 254/254/6 285/285/6
f 254/254/6 234/234/6 209/209/6
f 286/286/1 172/172/1 201/201/1
f 172/172/1 286/286/1 275/275/1
f 243/243/3 287/287/3 244/244/3
f 287/287/3 243/243/3 288/288/3
f 248/248/2 289/289/2 290/290/2
f 289/289/2 248/248/2 250/250/2
f 227/227/3 291/291/3 228/228/3
f 291/291/3 227/227/3 292/292/3
f 284/284/3 293/293/3 294/294/3
f 293/293/3 284/284/3 283/283/3
f 259/259/6 260/260/6 295/295/6
f 260/260/6 259/259/6 216/216/6
f 282/282/3 296/296/3 297/297/3
f 296/296/3 282/282/3 281/281/3
f 238/238/2 298/298/2 299/299/2
f 298/298/2 238/238/2 240/240/2
f 300/300/6 264/264/6 265/265/6
f 264/264/6 300/300/6 301/301/6
f 302/302/6 180/180/6 277/277/6
f 180/180/6 302/302/6 214/214/6
f 264/264/8 303/303/8 269/269/8
f 303/303/8 264/264/8 301/301/8
f 256/256/7 288/288/7 243/243/7
f 288/288/7 256/256/7 304/304/7
f 256/256/8 290/290/8 304/304/8
f 290/290/8 256/256/8 248/248/8
f 196/196/8 305/305/8 278/278/8
f 305/305/8 196/196/8 236/236/8
f 306/306/4 254/254/4 282/282/4
f 254/254/4 306/306/4 285/285/4
f 251/251/7 292/292/7 227/227/7
f 292/292/7 251/251/7 307/307/7
f 251/251/8 299/299/8 307/307/8
f 299/299/8 251/251/8 238/238/8
f 308/308/5 214/214/5 302/302/5
f 214/214/5 308/308/5 231/231/5
f 309/309/4 260/260/4 284/284/4
f 260/260/4 309/309/4 295/295/4
f 310/310/1 282/282/1 297/297/1
f 282/282/1 310/310/1 306/306/1
f 311/311/1 284/284/1 294/294/1
f 284/284/1 311/311/1 309/309/1
f 312/312/5 301/301/5 300/300/5
f 301/301/5 312/312/5 313/313/5
f 236/236/2 314/314/2 305/305/2
f 314/314/2 236/236/2 272/272/2
f 301/301/2 315/315/2 303/303/2
f 315/315/2 301/301/2 313/313/2
f 10/316/9 316/317/9 317/318/9
f 316/317/9 10/316/9 318/319/9
f 319/320/10 10/316/10 12/321/10
f 10/316/10 319/320/10 318/319/10
f 38/322/9 320/323/9 321/324/9
f 320/323/9 38/322/9 322/325/9
f 323/326/10 38/322/10 40/327/10
f 38/322/10 323/326/10 322/325/10
f 324/328/11 325/329/11 326/330/11
f 325/329/11 324/328/11 327/331/11
f 316/317/12 318/319/12 328/332/12
f 318/319/13 319/320/13 328/332/13
f 329/333/14 330/334/14 331/335/14
f 330/334/14 329/333/14 332/336/14
f 26/337/15 23/338/15 333/339/15
f 26/337/15 333/339/15 334/340/15
f 335/341/11 336/342/11 337/343/11
f 336/342/11 335/341/11 338/344/11
f 320/323/12 322/325/12 339/345/12
f 340/346/14 341/347/14 342/348/14
f 341/347/14 340/346/14 343/349/14
f 322/325/13 323/326/13 339/345/13
f 31/350/15 344/351/15 34/352/15
f 344/351/15 31/350/15 345/353/15
f 109/354/9 327/331/9 324/328/9
f 327/331/9 109/354/9 346/355/9
f 321/324/11 347/356/11 348/357/11
f 347/356/11 321/324/11 320/323/11
f 349/358/16 316/317/16 328/332/16
f 319/320/17 350/359/17 328/332/17
f 317/318/11 349/358/11 351/360/11
f 349/358/11 317/318/11 316/317/11
f 12/321/15 78/361/15 350/359/15
f 12/321/15 350/359/15 319/320/15
f 347/356/16 320/323/16 339/345/16
f 113/362/9 338/344/9 335/341/9
f 338/344/9 113/362/9 352/363/9
f 353/364/18 330/334/18 332/336/18
f 330/334/18 353/364/18 354/365/18
f 355/366/19 333/339/19 23/338/19
f 333/339/19 355/366/19 356/367/19
f 357/368/20 358/369/20 359/370/20
f 358/369/20 357/368/20 360/371/20
f 361/372/11 329/333/11 331/335/11
f 329/333/11 361/372/11 362/373/11
f 323/326/17 363/374/17 339/345/17
f 364/375/19 345/353/19 31/350/19
f 345/353/19 364/375/19 365/376/19
f 325/329/14 366/377/14 326/330/14
f 366/377/14 325/329/14 367/378/14
f 368/379/20 369/380/20 370/381/20
f 369/380/20 368/379/20 371/382/20
f 334/340/10 66/383/10 26/337/10
f 66/383/10 334/340/10 372/384/10
f 342/348/11 373/385/11 374/386/11
f 342/348/11 374/386/11 340/346/11
f 375/387/18 341/347/18 343/349/18
f 341/347/18 375/387/18 376/388/18
f 40/327/15 95/389/15 363/374/15
f 40/327/15 363/374/15 323/326/15
f 325/329/16 327/331/16 377/390/16
f 332/336/21 329/333/21 378/391/21
f 379/392/21 349/358/21 328/332/21
f 360/371/19 357/368/19 125/393/19
f 125/393/19 357/368/19 380/394/19
f 350/359/22 381/395/22 328/332/22
f 382/396/21 347/356/21 339/345/21
f 327/331/12 346/355/12 377/390/12
f 336/342/14 383/397/14 337/343/14
f 383/397/14 336/342/14 384/398/14
f 353/364/23 332/336/23 378/391/23
f 329/333/16 362/373/16 378/391/16
f 334/340/17 333/339/17 385/399/17
f 367/378/21 325/329/21 377/390/21
f 363/374/22 386/400/22 339/345/22
f 336/342/16 338/344/16 387/401/16
f 343/349/21 340/346/21 388/402/21
f 344/351/10 82/403/10 34/352/10
f 82/403/10 344/351/10 389/404/10
f 371/382/19 390/405/19 139/406/19
f 390/405/19 371/382/19 368/379/19
f 338/344/12 352/363/12 387/401/12
f 333/339/22 356/367/22 385/399/22
f 359/370/18 358/369/18 391/407/18
f 358/369/18 392/408/18 391/407/18
f 393/409/23 379/392/23 328/332/23
f 381/395/24 393/409/24 328/332/24
f 370/381/18 394/410/18 395/411/18
f 394/410/18 370/381/18 369/380/18
f 372/384/13 334/340/13 385/399/13
f 396/412/23 382/396/23 339/345/23
f 340/346/16 374/386/16 388/402/16
f 375/387/23 343/349/23 388/402/23
f 344/351/17 345/353/17 397/413/17
f 386/400/24 396/412/24 339/345/24
f 384/398/21 336/342/21 387/401/21
f 346/355/13 398/414/13 377/390/13
f 357/368/24 359/370/24 399/415/24
f 400/416/24 353/364/24 378/391/24
f 401/417/20 402/418/20 403/419/20
f 402/418/20 401/417/20 404/420/20
f 345/353/22 365/376/22 397/413/22
f 362/373/12 405/421/12 378/391/12
f 406/422/18 407/423/18 408/424/18
f 407/423/18 406/422/18 409/425/18
f 380/394/22 357/368/22 399/415/22
f 410/426/23 367/378/23 377/390/23
f 398/414/10 109/354/10 111/427/10
f 109/354/10 398/414/10 346/355/10
f 411/428/18 412/429/18 413/430/18
f 412/429/18 414/431/18 413/430/18
f 368/379/24 370/381/24 415/432/24
f 359/370/23 391/407/23 399/415/23
f 347/356/14 416/433/14 348/357/14
f 416/433/14 347/356/14 382/396/14
f 352/363/13 417/434/13 387/401/13
f 389/404/13 344/351/13 397/413/13
f 356/367/24 418/435/24 385/399/24
f 400/416/20 354/365/20 353/364/20
f 354/365/20 400/416/20 419/436/20
f 417/434/10 113/362/10 115/437/10
f 113/362/10 417/434/10 352/363/10
f 374/386/12 420/438/12 388/402/12
f 421/439/20 412/429/20 411/428/20
f 412/429/20 421/439/20 422/440/20
f 390/405/22 368/379/22 415/432/22
f 423/441/24 375/387/24 388/402/24
f 349/358/14 424/442/14 351/360/14
f 424/442/14 349/358/14 379/392/14
f 425/443/12 372/384/12 385/399/12
f 370/381/23 395/411/23 415/432/23
f 426/444/19 350/359/19 78/361/19
f 350/359/19 426/444/19 381/395/19
f 427/445/20 409/425/20 406/422/20
f 409/425/20 427/445/20 428/446/20
f 210/447/9 362/373/9 361/372/9
f 362/373/9 210/447/9 405/421/9
f 429/448/22 400/416/22 378/391/22
f 356/367/20 430/449/20 418/435/20
f 430/449/20 356/367/20 355/366/20
f 431/450/23 384/398/23 387/401/23
f 398/414/17 432/451/17 377/390/17
f 405/421/13 433/452/13 378/391/13
f 434/453/17 380/394/17 399/415/17
f 365/376/24 435/454/24 397/413/24
f 365/376/20 436/455/20 435/454/20
f 436/455/20 365/376/20 364/375/20
f 403/419/18 437/456/18 438/457/18
f 437/456/18 403/419/18 402/418/18
f 439/458/24 410/426/24 377/390/24
f 128/459/15 125/393/15 380/394/15
f 128/459/15 380/394/15 434/453/15
f 410/426/18 440/460/18 367/378/18
f 440/460/18 366/377/18 367/378/18
f 404/420/19 441/461/19 177/462/19
f 441/461/19 404/420/19 401/417/19
f 217/463/9 374/386/9 373/385/9
f 374/386/9 217/463/9 420/438/9
f 375/387/20 423/441/20 442/464/20
f 375/387/20 442/464/20 376/388/20
f 433/452/17 429/448/17 378/391/17
f 391/407/21 443/465/21 399/415/21
f 444/466/19 363/374/19 95/389/19
f 363/374/19 444/466/19 386/400/19
f 432/451/22 439/458/22 377/390/22
f 417/434/17 445/467/17 387/401/17
f 66/383/9 425/443/9 446/468/9
f 425/443/9 66/383/9 372/384/9
f 447/469/12 389/404/12 397/413/12
f 418/435/23 448/470/23 385/399/23
f 449/471/17 390/405/17 415/432/17
f 420/438/13 450/472/13 388/402/13
f 451/473/22 423/441/22 388/402/22
f 395/411/21 452/474/21 415/432/21
f 453/475/16 425/443/16 385/399/16
f 454/476/14 407/423/14 455/477/14
f 407/423/14 454/476/14 408/424/14
f 456/478/24 431/450/24 387/401/24
f 457/479/13 434/453/13 399/415/13
f 142/480/15 139/406/15 390/405/15
f 142/480/15 390/405/15 449/471/15
f 431/450/18 383/397/18 384/398/18
f 383/397/18 431/450/18 458/481/18
f 100/482/9 459/483/9 460/484/9
f 459/483/9 100/482/9 461/485/9
f 445/467/22 456/478/22 387/401/22
f 448/470/21 453/475/21 385/399/21
f 450/472/17 451/473/17 388/402/17
f 86/486/15 462/487/15 87/488/15
f 462/487/15 86/486/15 463/489/15
f 443/465/14 392/408/14 464/490/14
f 392/408/14 443/465/14 391/407/14
f 435/454/23 465/491/23 397/413/23
f 443/465/16 466/492/16 399/415/16
f 452/474/14 394/410/14 467/493/14
f 394/410/14 452/474/14 395/411/14
f 468/494/14 414/431/14 469/495/14
f 414/431/14 468/494/14 413/430/14
f 105/496/9 470/497/9 471/498/9
f 470/497/9 105/496/9 472/499/9
f 466/492/12 457/479/12 399/415/12
f 473/500/16 447/469/16 397/413/16
f 474/501/13 449/471/13 415/432/13
f 82/403/9 447/469/9 475/502/9
f 447/469/9 82/403/9 389/404/9
f 452/474/16 476/503/16 415/432/16
f 396/412/18 416/433/18 382/396/18
f 416/433/18 396/412/18 477/504/18
f 406/422/23 408/424/23 478/505/23
f 401/417/24 403/419/24 479/506/24
f 465/491/21 473/500/21 397/413/21
f 393/409/18 424/442/18 379/392/18
f 424/442/18 393/409/18 480/507/18
f 481/508/19 482/509/19 86/486/19
f 86/486/19 482/509/19 463/489/19
f 381/395/20 480/507/20 393/409/20
f 480/507/20 381/395/20 426/444/20
f 427/445/24 406/422/24 478/505/24
f 476/503/12 474/501/12 415/432/12
f 411/428/23 413/430/23 483/510/23
f 386/400/20 477/504/20 396/412/20
f 477/504/20 386/400/20 444/466/20
f 101/511/10 461/485/10 100/482/10
f 461/485/10 101/511/10 484/512/10
f 421/439/24 411/428/24 483/510/24
f 403/419/23 438/457/23 479/506/23
f 441/461/22 401/417/22 479/506/22
f 419/436/19 400/416/19 233/513/19
f 233/513/19 400/416/19 429/448/19
f 111/427/15 198/514/15 432/451/15
f 111/427/15 432/451/15 398/414/15
f 422/440/19 421/439/19 237/515/19
f 237/515/19 421/439/19 485/516/19
f 408/424/21 454/476/21 478/505/21
f 486/517/11 487/518/11 488/519/11
f 487/518/11 486/517/11 489/520/11
f 433/452/10 210/447/10 212/521/10
f 210/447/10 433/452/10 405/421/10
f 428/446/19 490/522/19 247/523/19
f 490/522/19 428/446/19 427/445/19
f 491/524/10 105/496/10 106/525/10
f 105/496/10 491/524/10 472/499/10
f 115/437/15 202/526/15 445/467/15
f 115/437/15 445/467/15 417/434/15
f 413/430/21 468/494/21 483/510/21
f 434/453/10 207/527/10 128/459/10
f 207/527/10 434/453/10 457/479/10
f 439/458/20 440/460/20 410/426/20
f 440/460/20 439/458/20 492/528/20
f 490/522/22 427/445/22 478/505/22
f 471/498/11 493/529/11 494/530/11
f 493/529/11 471/498/11 470/497/11
f 418/435/18 495/531/18 448/470/18
f 495/531/18 418/435/18 430/449/18
f 460/484/11 496/532/11 497/533/11
f 496/532/11 460/484/11 459/483/11
f 485/516/22 421/439/22 483/510/22
f 462/487/10 130/534/10 87/488/10
f 130/534/10 462/487/10 498/535/10
f 450/472/10 217/463/10 219/536/10
f 217/463/10 450/472/10 420/438/10
f 442/464/19 423/441/19 258/537/19
f 258/537/19 423/441/19 451/473/19
f 499/538/14 437/456/14 500/539/14
f 437/456/14 499/538/14 438/457/14
f 487/518/14 501/540/14 488/519/14
f 501/540/14 487/518/14 502/541/14
f 438/457/21 499/538/21 479/506/21
f 435/454/18 436/455/18 465/491/18
f 436/455/18 503/542/18 465/491/18
f 504/543/17 441/461/17 479/506/17
f 177/462/15 504/543/15 178/544/15
f 504/543/15 177/462/15 441/461/15
f 505/545/11 446/468/11 425/443/11
f 505/545/11 425/443/11 453/475/11
f 454/476/16 506/546/16 478/505/16
f 212/521/15 233/513/15 429/448/15
f 212/521/15 429/448/15 433/452/15
f 507/547/11 443/465/11 464/490/11
f 443/465/11 507/547/11 466/492/11
f 142/480/10 474/501/10 220/548/10
f 474/501/10 142/480/10 449/471/10
f 456/478/20 458/481/20 431/450/20
f 458/481/20 456/478/20 508/549/20
f 509/550/20 510/551/20 511/552/20
f 510/551/20 509/550/20 512/553/20
f 492/528/19 439/458/19 198/514/19
f 198/514/19 439/458/19 432/451/19
f 511/552/18 513/554/18 514/555/18
f 513/554/18 511/552/18 510/551/18
f 515/556/11 452/474/11 467/493/11
f 452/474/11 515/556/11 476/503/11
f 455/477/11 516/557/11 506/546/11
f 455/477/11 506/546/11 454/476/11
f 468/494/16 517/558/16 483/510/16
f 518/559/17 490/522/17 478/505/17
f 230/560/9 489/520/9 486/517/9
f 489/520/9 230/560/9 519/561/9
f 520/562/17 485/516/17 483/510/17
f 207/527/9 466/492/9 507/547/9
f 466/492/9 207/527/9 457/479/9
f 219/536/15 258/537/15 451/473/15
f 219/536/15 451/473/15 450/472/15
f 508/549/19 445/467/19 202/526/19
f 445/467/19 508/549/19 456/478/19
f 499/538/16 521/563/16 479/506/16
f 522/564/13 504/543/13 479/506/13
f 475/502/11 473/500/11 523/565/11
f 473/500/11 475/502/11 447/469/11
f 506/546/12 524/566/12 478/505/12
f 453/475/14 495/531/14 505/545/14
f 495/531/14 453/475/14 448/470/14
f 119/567/15 525/568/15 526/569/15
f 525/568/15 119/567/15 118/570/15
f 122/571/15 527/572/15 528/573/15
f 527/572/15 122/571/15 121/574/15
f 462/487/17 463/489/17 529/575/17
f 530/576/11 468/494/11 469/495/11
f 468/494/11 530/576/11 517/558/11
f 524/566/13 518/559/13 478/505/13
f 521/563/12 522/564/12 479/506/12
f 220/548/9 476/503/9 515/556/9
f 476/503/9 220/548/9 474/501/9
f 463/489/22 482/509/22 529/575/22
f 459/483/12 461/485/12 531/577/12
f 482/509/20 532/578/20 533/579/20
f 532/578/20 482/509/20 481/508/20
f 517/558/12 534/580/12 483/510/12
f 535/581/18 536/582/18 537/583/18
f 536/582/18 535/581/18 538/584/18
f 534/580/13 520/562/13 483/510/13
f 470/497/12 472/499/12 539/585/12
f 540/586/14 536/582/14 541/587/14
f 536/582/14 540/586/14 537/583/14
f 473/500/14 503/542/14 523/565/14
f 503/542/14 473/500/14 465/491/14
f 118/570/19 542/588/19 525/568/19
f 525/568/19 542/588/19 543/589/19
f 122/571/10 544/590/10 152/591/10
f 122/571/10 528/573/10 544/590/10
f 461/485/13 484/512/13 531/577/13
f 498/535/13 462/487/13 529/575/13
f 189/592/15 484/512/15 101/511/15
f 484/512/15 189/592/15 545/593/15
f 472/499/13 491/524/13 539/585/13
f 496/532/16 459/483/16 531/577/16
f 250/594/15 247/523/15 490/522/15
f 250/594/15 490/522/15 518/559/15
f 240/595/15 237/515/15 485/516/15
f 240/595/15 485/516/15 520/562/15
f 493/529/16 470/497/16 539/585/16
f 512/553/19 546/596/19 271/597/19
f 546/596/19 512/553/19 509/550/19
f 487/518/16 489/520/16 547/598/16
f 482/509/24 533/579/24 529/575/24
f 106/525/15 204/599/15 548/600/15
f 106/525/15 548/600/15 491/524/15
f 549/601/14 513/554/14 550/602/14
f 513/554/14 549/601/14 514/555/14
f 551/603/18 501/540/18 502/541/18
f 501/540/18 551/603/18 552/604/18
f 121/574/19 553/605/19 527/572/19
f 553/605/19 121/574/19 554/606/19
f 119/567/10 555/607/10 170/608/10
f 119/567/10 526/569/10 555/607/10
f 502/541/21 487/518/21 547/598/21
f 556/609/11 499/538/11 500/539/11
f 499/538/11 556/609/11 521/563/11
f 504/543/10 267/610/10 178/544/10
f 267/610/10 504/543/10 522/564/10
f 484/512/17 545/593/17 531/577/17
f 493/529/14 557/611/14 494/530/14
f 557/611/14 493/529/14 558/612/14
f 489/520/12 519/561/12 547/598/12
f 559/613/12 498/535/12 529/575/12
f 130/534/9 559/613/9 560/614/9
f 559/613/9 130/534/9 498/535/9
f 289/615/9 506/546/9 516/557/9
f 506/546/9 289/615/9 524/566/9
f 496/532/14 561/616/14 497/533/14
f 561/616/14 496/532/14 562/617/14
f 563/618/20 538/584/20 535/581/20
f 538/584/20 563/618/20 564/619/20
f 491/524/17 548/600/17 539/585/17
f 562/617/21 496/532/21 531/577/21
f 558/612/21 493/529/21 539/585/21
f 509/550/24 511/552/24 565/620/24
f 511/552/23 514/555/23 565/620/23
f 541/587/11 566/621/11 567/622/11
f 541/587/11 567/622/11 540/586/11
f 551/603/23 502/541/23 547/598/23
f 533/579/23 568/623/23 529/575/23
f 298/624/9 517/558/9 530/576/9
f 517/558/9 298/624/9 534/580/9
f 569/625/10 230/560/10 231/626/10
f 230/560/10 569/625/10 519/561/10
f 518/559/10 289/615/10 250/594/10
f 289/615/10 518/559/10 524/566/10
f 267/610/9 521/563/9 556/609/9
f 521/563/9 267/610/9 522/564/9
f 519/561/13 569/625/13 547/598/13
f 570/627/16 559/613/16 529/575/16
f 240/595/10 534/580/10 298/624/10
f 534/580/10 240/595/10 520/562/10
f 546/596/22 509/550/22 565/620/22
f 545/593/22 571/628/22 531/577/22
f 514/555/21 549/601/21 565/620/21
f 568/623/21 570/627/21 529/575/21
f 572/629/9 152/591/9 573/630/9
f 573/630/9 152/591/9 544/590/9
f 574/631/20 543/589/20 575/632/20
f 543/589/20 542/588/20 575/632/20
f 548/600/22 576/633/22 539/585/22
f 577/634/23 562/617/23 531/577/23
f 535/581/23 537/583/23 578/635/23
f 579/636/23 558/612/23 539/585/23
f 537/583/21 540/586/21 578/635/21
f 527/572/17 580/637/17 528/573/17
f 525/568/17 581/638/17 526/569/17
f 582/639/24 551/603/24 547/598/24
f 533/579/18 532/578/18 568/623/18
f 532/578/18 583/640/18 568/623/18
f 571/628/24 577/634/24 531/577/24
f 528/573/13 580/637/13 544/590/13
f 543/589/22 581/638/22 525/568/22
f 576/633/24 579/636/24 539/585/24
f 569/625/17 584/641/17 547/598/17
f 563/618/24 535/581/24 578/635/24
f 585/642/17 546/596/17 565/620/17
f 272/643/15 271/597/15 546/596/15
f 272/643/15 546/596/15 585/642/15
f 553/605/22 580/637/22 527/572/22
f 526/569/13 581/638/13 555/607/13
f 549/601/16 586/644/16 565/620/16
f 540/586/16 567/622/16 578/635/16
f 584/641/22 582/639/22 547/598/22
f 550/602/11 587/645/11 586/644/11
f 550/602/11 586/644/11 549/601/11
f 588/646/19 545/593/19 189/592/19
f 545/593/19 588/646/19 571/628/19
f 589/647/20 554/606/20 590/648/20
f 554/606/20 589/647/20 553/605/20
f 582/639/20 552/604/20 551/603/20
f 552/604/20 582/639/20 591/649/20
f 592/650/9 170/608/9 593/651/9
f 593/651/9 170/608/9 555/607/9
f 564/619/19 594/652/19 312/653/19
f 594/652/19 564/619/19 563/618/19
f 595/654/19 548/600/19 204/599/19
f 548/600/19 595/654/19 576/633/19
f 544/590/12 580/637/12 573/630/12
f 574/631/24 581/638/24 543/589/24
f 596/655/13 585/642/13 565/620/13
f 560/614/11 570/627/11 597/656/11
f 570/627/11 560/614/11 559/613/11
f 586/644/12 596/655/12 565/620/12
f 594/652/22 563/618/22 578/635/22
f 579/636/18 557/611/18 558/612/18
f 557/611/18 579/636/18 598/657/18
f 315/658/9 567/622/9 566/621/9
f 567/622/9 315/658/9 599/659/9
f 567/622/12 599/659/12 578/635/12
f 589/647/24 580/637/24 553/605/24
f 555/607/12 581/638/12 593/651/12
f 577/634/18 561/616/18 562/617/18
f 561/616/18 577/634/18 600/660/18
f 231/626/15 308/661/15 584/641/15
f 231/626/15 584/641/15 569/625/15
f 597/656/14 568/623/14 583/640/14
f 568/623/14 597/656/14 570/627/14
f 601/662/17 594/652/17 578/635/17
f 599/659/13 601/662/13 578/635/13
f 573/630/16 580/637/16 602/663/16
f 603/664/23 581/638/23 574/631/23
f 604/665/23 580/637/23 589/647/23
f 591/649/19 584/641/19 308/661/19
f 584/641/19 591/649/19 582/639/19
f 593/651/16 581/638/16 605/666/16
f 576/633/20 598/657/20 579/636/20
f 598/657/20 576/633/20 595/654/20
f 585/642/10 314/667/10 272/643/10
f 314/667/10 585/642/10 596/655/10
f 606/668/11 573/630/11 602/663/11
f 573/630/11 606/668/11 572/629/11
f 571/628/20 600/660/20 577/634/20
f 600/660/20 571/628/20 588/646/20
f 575/632/18 603/664/18 574/631/18
f 603/664/18 575/632/18 607/669/18
f 314/667/9 586/644/9 587/645/9
f 586/644/9 314/667/9 596/655/9
f 602/663/21 580/637/21 604/665/21
f 605/666/21 581/638/21 603/664/21
f 313/670/15 312/653/15 594/652/15
f 313/670/15 594/652/15 601/662/15
f 601/662/10 315/658/10 313/670/10
f 315/658/10 601/662/10 599/659/10
f 590/648/18 604/665/18 589/647/18
f 604/665/18 590/648/18 608/671/18
f 605/666/11 609/672/11 592/650/11
f 605/666/11 592/650/11 593/651/11
f 608/671/14 602/663/14 604/665/14
f 602/663/14 608/671/14 606/668/14
f 607/669/14 605/666/14 603/664/14
f 605/666/14 607/669/14 609/672/14
f 48/673/25 610/674/25 611/675/25
f 610/674/25 48/673/25 50/676/25
f 42/677/25 612/678/25 613/679/25
f 612/678/25 42/677/25 44/680/25
f 44/680/26 614/681/26 612/678/26
f 614/681/26 44/680/26 52/682/26
f 50/676/26 615/683/26 610/674/26
f 615/683/26 50/676/26 59/684/26
f 11/685/27 10/686/27 616/687/27
f 616/687/27 10/686/27 317/688/27
f 617/689/28 618/690/28 619/691/28
f 617/689/28 619/691/28 620/692/28
f 39/693/27 38/694/27 621/695/27
f 621/695/27 38/694/27 321/696/27
f 622/697/29 326/698/29 623/699/29
f 326/698/29 622/697/29 324/700/29
f 620/692/30 619/691/30 624/701/30
f 620/692/30 624/701/30 625/702/30
f 626/703/29 337/704/29 627/705/29
f 337/704/29 626/703/29 335/706/29
f 52/682/31 68/707/31 614/681/31
f 614/681/31 68/707/31 628/708/31
f 629/709/32 623/699/32 630/710/32
f 623/699/32 629/709/32 622/697/32
f 59/684/31 76/711/31 615/683/31
f 615/683/31 76/711/31 631/712/31
f 632/713/32 627/705/32 633/714/32
f 627/705/32 632/713/32 626/703/32
f 54/715/31 11/685/31 634/716/31
f 634/716/31 11/685/31 616/687/31
f 65/717/31 39/693/31 635/718/31
f 635/718/31 39/693/31 621/695/31
f 110/719/27 109/720/27 622/697/27
f 622/697/27 109/720/27 324/700/27
f 114/721/27 113/722/27 626/703/27
f 626/703/27 113/722/27 335/706/27
f 636/723/28 611/675/28 610/674/28
f 636/723/28 610/674/28 637/724/28
f 624/701/32 638/725/32 625/702/32
f 638/725/32 624/701/32 639/726/32
f 135/727/31 114/721/31 632/713/31
f 632/713/31 114/721/31 626/703/31
f 640/728/28 613/679/28 612/678/28
f 640/728/28 612/678/28 641/729/28
f 137/730/31 110/719/31 629/709/31
f 629/709/31 110/719/31 622/697/31
f 637/724/30 610/674/30 615/683/30
f 637/724/30 615/683/30 642/731/30
f 643/732/30 644/733/30 632/713/30
f 643/732/30 632/713/30 633/714/30
f 645/734/30 646/735/30 629/709/30
f 645/734/30 629/709/30 630/710/30
f 149/736/25 619/691/25 618/690/25
f 619/691/25 149/736/25 151/737/25
f 647/738/29 342/739/29 648/740/29
f 342/739/29 647/738/29 373/741/29
f 649/742/29 331/743/29 650/744/29
f 331/743/29 649/742/29 361/745/29
f 621/695/29 348/746/29 651/747/29
f 348/746/29 621/695/29 321/696/29
f 641/729/30 612/678/30 614/681/30
f 641/729/30 614/681/30 652/748/30
f 616/687/29 351/749/29 653/750/29
f 351/749/29 616/687/29 317/688/29
f 68/707/27 100/751/27 628/708/27
f 628/708/27 100/751/27 460/752/27
f 654/753/32 648/740/32 655/754/32
f 648/740/32 654/753/32 647/738/32
f 151/737/26 624/701/26 619/691/26
f 624/701/26 151/737/26 181/755/26
f 76/711/27 105/756/27 631/712/27
f 631/712/27 105/756/27 471/757/27
f 656/758/32 650/744/32 657/759/32
f 650/744/32 656/758/32 649/742/32
f 84/760/26 634/716/26 658/761/26
f 634/716/26 84/760/26 54/715/26
f 160/762/26 632/713/26 644/733/26
f 632/713/26 160/762/26 135/727/26
f 659/763/28 660/764/28 661/765/28
f 659/763/28 661/765/28 662/766/28
f 97/767/26 635/718/26 663/768/26
f 635/718/26 97/767/26 65/717/26
f 615/683/32 664/769/32 642/731/32
f 664/769/32 615/683/32 631/712/32
f 171/770/26 629/709/26 646/735/26
f 629/709/26 171/770/26 137/730/26
f 614/681/32 665/771/32 652/748/32
f 665/771/32 614/681/32 628/708/32
f 13/772/25 666/773/25 667/774/25
f 666/773/25 13/772/25 14/775/25
f 635/718/32 651/747/32 668/776/32
f 651/747/32 635/718/32 621/695/32
f 669/777/30 670/778/30 654/753/30
f 669/777/30 654/753/30 655/754/30
f 671/779/28 672/780/28 644/733/28
f 671/779/28 644/733/28 643/732/28
f 639/726/29 488/781/29 638/725/29
f 488/781/29 639/726/29 486/782/29
f 634/716/32 653/750/32 673/783/32
f 653/750/32 634/716/32 616/687/32
f 674/784/28 675/785/28 646/735/28
f 674/784/28 646/735/28 645/734/28
f 676/786/30 677/787/30 656/758/30
f 676/786/30 656/758/30 657/759/30
f 181/755/31 213/788/31 624/701/31
f 624/701/31 213/788/31 639/726/31
f 662/766/30 661/765/30 678/789/30
f 662/766/30 678/789/30 679/790/30
f 186/791/25 644/733/25 672/780/25
f 644/733/25 186/791/25 160/762/25
f 631/712/29 494/792/29 664/769/29
f 494/792/29 631/712/29 471/757/29
f 45/793/25 680/794/25 681/795/25
f 680/794/25 45/793/25 46/796/25
f 628/708/29 497/797/29 665/771/29
f 497/797/29 628/708/29 460/752/29
f 200/798/25 646/735/25 675/785/25
f 646/735/25 200/798/25 171/770/25
f 14/775/26 682/799/26 666/773/26
f 682/799/26 14/775/26 57/800/26
f 131/801/25 658/761/25 683/802/25
f 658/761/25 131/801/25 84/760/25
f 684/803/28 685/804/28 670/778/28
f 684/803/28 670/778/28 669/777/28
f 686/805/30 663/768/30 635/718/30
f 686/805/30 635/718/30 668/776/30
f 143/806/25 663/768/25 687/807/25
f 663/768/25 143/806/25 97/767/25
f 211/808/27 210/809/27 649/742/27
f 649/742/27 210/809/27 361/745/27
f 218/810/27 217/811/27 647/738/27
f 647/738/27 217/811/27 373/741/27
f 67/812/27 66/813/27 688/814/27
f 688/814/27 66/813/27 446/815/27
f 689/816/30 658/761/30 634/716/30
f 689/816/30 634/716/30 673/783/30
f 690/817/28 691/818/28 677/787/28
f 690/817/28 677/787/28 676/786/28
f 213/788/27 230/819/27 639/726/27
f 639/726/27 230/819/27 486/782/27
f 205/820/25 661/765/25 660/764/25
f 661/765/25 205/820/25 206/821/25
f 678/789/32 692/822/32 679/790/32
f 692/822/32 678/789/32 693/823/32
f 261/824/31 218/810/31 654/753/31
f 654/753/31 218/810/31 647/738/31
f 255/825/31 211/808/31 656/758/31
f 656/758/31 211/808/31 649/742/31
f 83/826/27 82/827/27 694/828/27
f 694/828/27 82/827/27 475/829/27
f 695/830/28 696/831/28 697/832/28
f 695/830/28 697/832/28 698/833/28
f 80/834/25 699/835/25 700/836/25
f 699/835/25 80/834/25 81/837/25
f 75/838/31 67/812/31 701/839/31
f 701/839/31 67/812/31 688/814/31
f 46/796/26 702/840/26 680/794/26
f 702/840/26 46/796/26 74/841/26
f 666/773/28 703/842/28 667/774/28
f 703/842/28 666/773/28 704/843/28
f 682/799/31 94/844/31 705/845/31
f 94/844/31 682/799/31 57/800/31
f 706/846/28 687/807/28 663/768/28
f 706/846/28 663/768/28 686/805/28
f 283/847/26 654/753/26 670/778/26
f 654/753/26 283/847/26 261/824/26
f 89/848/31 83/826/31 707/849/31
f 707/849/31 83/826/31 694/828/31
f 708/850/28 683/802/28 658/761/28
f 708/850/28 658/761/28 689/816/28
f 709/851/28 710/852/28 711/853/28
f 709/851/28 711/853/28 712/854/28
f 81/837/26 713/855/26 699/835/26
f 713/855/26 81/837/26 88/856/26
f 99/857/26 701/839/26 714/858/26
f 701/839/26 99/857/26 75/838/26
f 715/859/29 455/860/29 716/861/29
f 455/860/29 715/859/29 516/862/29
f 281/863/26 656/758/26 677/787/26
f 656/758/26 281/863/26 255/825/26
f 712/854/30 711/853/30 717/864/30
f 712/854/30 717/864/30 718/865/30
f 717/864/32 716/861/32 718/865/32
f 716/861/32 717/864/32 715/859/32
f 680/794/28 719/866/28 681/795/28
f 719/866/28 680/794/28 720/867/28
f 206/821/26 678/789/26 661/765/26
f 678/789/26 206/821/26 269/868/26
f 693/823/29 541/869/29 692/822/29
f 541/869/29 693/823/29 566/870/29
f 721/871/28 722/872/28 723/873/28
f 721/871/28 723/873/28 724/874/28
f 698/833/30 697/832/30 725/875/30
f 698/833/30 725/875/30 726/876/30
f 727/877/29 469/878/29 728/879/29
f 469/878/29 727/877/29 530/880/29
f 104/881/26 707/849/26 729/882/26
f 707/849/26 104/881/26 89/848/26
f 293/883/25 670/778/25 685/804/25
f 670/778/25 293/883/25 283/847/25
f 724/874/30 723/873/30 730/884/30
f 724/874/30 730/884/30 731/885/30
f 88/856/31 102/886/31 713/855/31
f 713/855/31 102/886/31 732/887/31
f 730/884/32 728/879/32 731/885/32
f 728/879/32 730/884/32 727/877/32
f 129/888/25 714/858/25 733/889/25
f 714/858/25 129/888/25 99/857/25
f 702/840/31 107/890/31 734/891/31
f 107/890/31 702/840/31 74/841/31
f 296/892/25 677/787/25 691/818/25
f 677/787/25 296/892/25 281/863/25
f 735/893/29 464/894/29 736/895/29
f 464/894/29 735/893/29 507/896/29
f 152/897/27 705/845/27 94/844/27
f 705/845/27 152/897/27 572/898/27
f 737/899/29 467/900/29 738/901/29
f 467/900/29 737/899/29 515/902/29
f 688/814/29 505/903/29 739/904/29
f 505/903/29 688/814/29 446/815/29
f 222/905/25 697/832/25 696/831/25
f 697/832/25 222/905/25 223/906/25
f 133/907/25 729/882/25 740/908/25
f 729/882/25 133/907/25 104/881/25
f 102/886/27 130/909/27 732/887/27
f 732/887/27 130/909/27 560/910/27
f 704/843/30 682/799/30 741/911/30
f 682/799/30 704/843/30 666/773/30
f 208/912/27 207/913/27 735/893/27
f 735/893/27 207/913/27 507/896/27
f 694/828/29 523/914/29 742/915/29
f 523/914/29 694/828/29 475/829/29
f 269/868/31 303/916/31 678/789/31
f 678/789/31 303/916/31 693/823/31
f 725/875/32 743/917/32 726/876/32
f 743/917/32 725/875/32 744/918/32
f 745/919/28 746/920/28 747/921/28
f 745/919/28 747/921/28 748/922/28
f 749/923/28 700/836/28 699/835/28
f 749/923/28 699/835/28 750/924/28
f 221/925/27 220/926/27 737/899/27
f 737/899/27 220/926/27 515/902/27
f 751/927/32 738/901/32 752/928/32
f 738/901/32 751/927/32 737/899/32
f 753/929/29 500/930/29 754/931/29
f 500/930/29 753/929/29 556/932/29
f 755/933/32 736/895/32 756/934/32
f 736/895/32 755/933/32 735/893/32
f 720/867/30 702/840/30 757/935/30
f 702/840/30 720/867/30 680/794/30
f 170/936/27 734/891/27 107/890/27
f 734/891/27 170/936/27 592/937/27
f 701/839/32 739/904/32 758/938/32
f 739/904/32 701/839/32 688/814/32
f 748/922/30 747/921/30 759/939/30
f 748/922/30 759/939/30 760/940/30
f 287/941/25 711/853/25 710/852/25
f 711/853/25 287/941/25 288/942/25
f 759/939/32 754/931/32 760/940/32
f 754/931/32 759/939/32 753/929/32
f 290/943/27 289/944/27 715/859/27
f 715/859/27 289/944/27 516/862/27
f 761/945/30 762/946/30 751/927/30
f 761/945/30 751/927/30 752/928/30
f 744/918/29 550/947/29 743/917/29
f 550/947/29 744/918/29 587/948/29
f 223/906/26 725/875/26 697/832/26
f 725/875/26 223/906/26 278/949/26
f 682/799/32 763/950/32 741/911/32
f 763/950/32 682/799/32 705/845/32
f 764/951/30 765/952/30 755/933/30
f 764/951/30 755/933/30 756/934/30
f 291/953/25 723/873/25 722/872/25
f 723/873/25 291/953/25 292/954/25
f 766/955/28 767/956/28 762/946/28
f 766/955/28 762/946/28 761/945/28
f 232/957/31 208/912/31 755/933/31
f 755/933/31 208/912/31 735/893/31
f 303/916/27 315/958/27 693/823/27
f 693/823/27 315/958/27 566/870/27
f 707/849/32 742/915/32 768/959/32
f 742/915/32 707/849/32 694/828/32
f 288/942/26 717/864/26 711/853/26
f 717/864/26 288/942/26 304/960/26
f 304/960/31 290/943/31 717/864/31
f 717/864/31 290/943/31 715/859/31
f 299/961/27 298/962/27 727/877/27
f 727/877/27 298/962/27 530/880/27
f 769/963/28 770/964/28 765/952/28
f 769/963/28 765/952/28 764/951/28
f 253/965/31 221/925/31 751/927/31
f 751/927/31 221/925/31 737/899/31
f 771/966/30 714/858/30 701/839/30
f 771/966/30 701/839/30 758/938/30
f 262/967/25 747/921/25 746/920/25
f 747/921/25 262/967/25 263/968/25
f 750/924/30 699/835/30 713/855/30
f 750/924/30 713/855/30 772/969/30
f 268/970/27 267/971/27 753/929/27
f 753/929/27 267/971/27 556/932/27
f 773/972/28 733/889/28 714/858/28
f 773/972/28 714/858/28 771/966/28
f 292/954/26 730/884/26 723/873/26
f 730/884/26 292/954/26 307/973/26
f 307/973/31 299/961/31 730/884/31
f 730/884/31 299/961/31 727/877/31
f 266/974/26 755/933/26 765/952/26
f 755/933/26 266/974/26 232/957/26
f 774/975/30 729/882/30 707/849/30
f 774/975/30 707/849/30 768/959/30
f 274/976/26 751/927/26 762/946/26
f 751/927/26 274/976/26 253/965/26
f 273/977/25 765/952/25 770/964/25
f 765/952/25 273/977/25 266/974/25
f 702/840/32 775/978/32 757/935/32
f 775/978/32 702/840/32 734/891/32
f 279/979/25 762/946/25 767/956/25
f 762/946/25 279/979/25 274/976/25
f 776/980/28 740/908/28 729/882/28
f 776/980/28 729/882/28 774/975/28
f 263/968/26 759/939/26 747/921/26
f 759/939/26 263/968/26 276/981/26
f 705/845/29 606/982/29 763/950/29
f 606/982/29 705/845/29 572/898/29
f 276/981/31 268/970/31 759/939/31
f 759/939/31 268/970/31 753/929/31
f 713/855/32 777/983/32 772/969/32
f 777/983/32 713/855/32 732/887/32
f 278/949/31 305/984/31 725/875/31
f 725/875/31 305/984/31 744/918/31
f 732/887/29 597/985/29 777/983/29
f 597/985/29 732/887/29 560/910/29
f 305/984/27 314/986/27 744/918/27
f 744/918/27 314/986/27 587/948/27
f 734/891/29 609/987/29 775/978/29
f 609/987/29 734/891/29 592/937/29
f 778/988/33 779/989/33 780/990/33
f 780/990/33 781/991/33 778/988/33
f 782/992/33 783/993/33 784/994/33
f 784/994/33 785/995/33 782/992/33
f 778/988/34 659/996/34 662/997/34
f 659/996/34 778/988/34 781/991/34
f 330/998/35 786/999/35 331/1000/35
f 786/999/35 650/1001/35 331/1000/35
f 341/1002/35 787/1003/35 342/1004/35
f 787/1003/35 648/1005/35 342/1004/35
f 787/1003/36 788/1006/36 648/1005/36
f 788/1006/36 655/1007/36 648/1005/36
f 789/1008/34 617/1009/34 620/1010/34
f 617/1009/34 789/1008/34 790/1011/34
f 786/999/36 791/1012/36 650/1001/36
f 791/1012/36 657/1013/36 650/1001/36
f 792/1014/37 793/1015/37 783/993/37
f 783/993/37 782/992/37 792/1014/37
f 794/1016/37 795/1017/37 796/1018/37
f 796/1018/37 797/1019/37 794/1016/37
f 798/1020/37 799/1021/37 800/1022/37
f 800/1022/37 801/1023/37 798/1020/37
f 802/1024/38 798/1020/38 803/1025/38
f 798/1020/38 802/1024/38 799/1021/38
f 804/1026/38 794/1016/38 805/1027/38
f 794/1016/38 804/1026/38 795/1017/38
f 806/1028/37 807/1029/37 779/989/37
f 779/989/37 778/988/37 806/1028/37
f 808/1030/39 620/1010/39 625/1031/39
f 620/1010/39 808/1030/39 789/1008/39
f 806/1028/39 662/997/39 679/1032/39
f 662/997/39 806/1028/39 778/988/39
f 354/1033/40 786/999/40 330/998/40
f 786/999/40 354/1033/40 809/1034/40
f 797/1019/33 796/1018/33 810/1035/33
f 810/1035/33 811/1036/33 797/1019/33
f 801/1023/33 800/1022/33 812/1037/33
f 812/1037/33 813/1038/33 801/1023/33
f 788/1006/39 669/1039/39 655/1007/39
f 669/1039/39 788/1006/39 814/1040/39
f 409/1041/40 803/1025/40 407/1042/40
f 803/1025/40 409/1041/40 802/1024/40
f 376/1043/40 787/1003/40 341/1002/40
f 787/1003/40 376/1043/40 815/1044/40
f 366/1045/35 816/1046/35 326/1047/35
f 816/1046/35 623/1048/35 326/1047/35
f 412/1049/40 805/1027/40 414/1050/40
f 805/1027/40 412/1049/40 804/1026/40
f 791/1012/39 676/1051/39 657/1013/39
f 676/1051/39 791/1012/39 817/1052/39
f 809/1034/38 791/1012/38 786/999/38
f 791/1012/38 809/1034/38 818/1053/38
f 819/1054/37 820/1055/37 821/1056/37
f 821/1056/37 822/1057/37 819/1054/37
f 383/1058/35 823/1059/35 337/1060/35
f 823/1059/35 627/1061/35 337/1060/35
f 815/1044/38 788/1006/38 787/1003/38
f 788/1006/38 815/1044/38 824/1062/38
f 825/1063/38 819/1054/38 826/1064/38
f 819/1054/38 825/1063/38 820/1055/38
f 827/1065/38 792/1014/38 828/1066/38
f 792/1014/38 827/1065/38 793/1015/38
f 816/1046/36 829/1067/36 623/1048/36
f 829/1067/36 630/1068/36 623/1048/36
f 369/1069/40 830/1070/40 394/1071/40
f 830/1070/40 369/1069/40 831/1072/40
f 832/1073/36 808/1030/36 638/1074/36
f 808/1030/36 625/1031/36 638/1074/36
f 358/1075/40 833/1076/40 392/1077/40
f 833/1076/40 358/1075/40 834/1078/40
f 822/1057/33 821/1056/33 835/1079/33
f 835/1079/33 836/1080/33 822/1057/33
f 782/992/34 695/1081/34 698/1082/34
f 695/1081/34 782/992/34 785/995/34
f 831/1072/38 837/1083/38 830/1070/38
f 837/1083/38 831/1072/38 838/1084/38
f 823/1059/36 839/1085/36 627/1061/36
f 839/1085/36 633/1086/36 627/1061/36
f 402/1087/40 826/1064/40 437/1088/40
f 826/1064/40 402/1087/40 825/1063/40
f 840/1089/38 806/1028/38 841/1090/38
f 806/1028/38 840/1089/38 807/1029/38
f 834/1078/38 842/1091/38 833/1076/38
f 842/1091/38 834/1078/38 843/1092/38
f 841/1090/36 806/1028/36 692/1093/36
f 806/1028/36 679/1032/36 692/1093/36
f 798/1020/39 712/1094/39 718/1095/39
f 712/1094/39 798/1020/39 801/1023/39
f 803/1025/36 798/1020/36 716/1096/36
f 798/1020/36 718/1095/36 716/1096/36
f 788/1006/37 824/1062/37 844/1097/37
f 844/1097/37 814/1040/37 788/1006/37
f 791/1012/37 818/1053/37 845/1098/37
f 845/1098/37 817/1052/37 791/1012/37
f 814/1040/34 684/1099/34 669/1039/34
f 684/1099/34 814/1040/34 846/1100/34
f 837/1083/37 838/1084/37 847/1101/37
f 847/1101/37 848/1102/37 837/1083/37
f 801/1023/34 709/1103/34 712/1094/34
f 709/1103/34 801/1023/34 813/1038/34
f 794/1016/39 724/1104/39 731/1105/39
f 724/1104/39 794/1016/39 797/1019/39
f 407/1042/35 803/1025/35 455/1106/35
f 803/1025/35 716/1096/35 455/1106/35
f 829/1067/39 645/1107/39 630/1068/39
f 645/1107/39 829/1067/39 849/1108/39
f 805/1027/36 794/1016/36 728/1109/36
f 794/1016/36 731/1105/36 728/1109/36
f 817/1052/34 690/1110/34 676/1051/34
f 690/1110/34 817/1052/34 850/1111/34
f 839/1085/39 643/1112/39 633/1086/39
f 643/1112/39 839/1085/39 851/1113/39
f 792/1014/39 698/1082/39 726/1114/39
f 698/1082/39 792/1014/39 782/992/39
f 842/1091/37 843/1092/37 852/1115/37
f 852/1115/37 853/1116/37 842/1091/37
f 797/1019/34 721/1117/34 724/1104/34
f 721/1117/34 797/1019/34 811/1036/34
f 789/1008/33 854/1118/33 855/1119/33
f 855/1119/33 790/1011/33 789/1008/33
f 414/1050/35 805/1027/35 469/1120/35
f 805/1027/35 728/1109/35 469/1120/35
f 501/1121/35 832/1073/35 488/1122/35
f 832/1073/35 638/1074/35 488/1122/35
f 510/1123/40 828/1066/40 513/1124/40
f 828/1066/40 510/1123/40 827/1065/40
f 848/1102/33 847/1101/33 856/1125/33
f 856/1125/33 857/1126/33 848/1102/33
f 814/1040/33 844/1097/33 858/1127/33
f 858/1127/33 846/1100/33 814/1040/33
f 817/1052/33 845/1098/33 859/1128/33
f 859/1128/33 850/1111/33 817/1052/33
f 808/1030/37 860/1129/37 854/1118/37
f 854/1118/37 789/1008/37 808/1030/37
f 416/1130/35 861/1131/35 348/1132/35
f 861/1131/35 651/1133/35 348/1132/35
f 853/1116/33 852/1115/33 862/1134/33
f 862/1134/33 863/1135/33 853/1116/33
f 864/1136/34 636/1137/34 637/1138/34
f 636/1137/34 864/1136/34 865/1139/34
f 538/1140/40 841/1090/40 536/1141/40
f 841/1090/40 538/1140/40 840/1089/40
f 440/1142/40 816/1046/40 366/1045/40
f 816/1046/40 440/1142/40 866/1143/40
f 849/1108/34 674/1144/34 645/1107/34
f 674/1144/34 849/1108/34 867/1145/34
f 851/1113/34 671/1146/34 643/1112/34
f 671/1146/34 851/1113/34 868/1147/34
f 828/1066/36 792/1014/36 743/1148/36
f 792/1014/36 726/1114/36 743/1148/36
f 536/1141/35 841/1090/35 541/1149/35
f 841/1090/35 692/1093/35 541/1149/35
f 394/1071/35 830/1070/35 467/1150/35
f 830/1070/35 738/1151/35 467/1150/35
f 424/1152/35 869/1153/35 351/1154/35
f 869/1153/35 653/1155/35 351/1154/35
f 392/1077/35 833/1076/35 464/1156/35
f 833/1076/35 736/1157/35 464/1156/35
f 870/1158/34 640/1159/34 641/1160/34
f 640/1159/34 870/1158/34 871/1161/34
f 458/1162/40 823/1059/40 383/1058/40
f 823/1059/40 458/1162/40 872/1163/40
f 822/1057/34 745/1164/34 748/1165/34
f 745/1164/34 822/1057/34 836/1080/34
f 819/1054/39 748/1165/39 760/1166/39
f 748/1165/39 819/1054/39 822/1057/39
f 873/1167/39 637/1138/39 642/1168/39
f 637/1138/39 873/1167/39 864/1136/39
f 826/1064/36 819/1054/36 754/1169/36
f 819/1054/36 760/1166/36 754/1169/36
f 874/1170/38 808/1030/38 832/1073/38
f 808/1030/38 874/1170/38 860/1129/38
f 830/1070/36 837/1083/36 738/1151/36
f 837/1083/36 752/1171/36 738/1151/36
f 437/1088/35 826/1064/35 500/1172/35
f 826/1064/35 754/1169/35 500/1172/35
f 875/1173/33 876/1174/33 877/1175/33
f 876/1174/33 875/1173/33 878/1176/33
f 866/1143/38 829/1067/38 816/1046/38
f 829/1067/38 866/1143/38 879/1177/38
f 833/1076/36 842/1091/36 736/1157/36
f 842/1091/36 756/1178/36 736/1157/36
f 880/1179/39 641/1160/39 652/1180/39
f 641/1160/39 880/1179/39 870/1158/39
f 861/1131/36 881/1181/36 651/1133/36
f 881/1181/36 668/1182/36 651/1133/36
f 872/1163/38 839/1085/38 823/1059/38
f 839/1085/38 872/1163/38 882/1183/38
f 513/1124/35 828/1066/35 550/1184/35
f 828/1066/35 743/1148/35 550/1184/35
f 837/1083/39 761/1185/39 752/1171/39
f 761/1185/39 837/1083/39 848/1102/39
f 883/1186/36 873/1167/36 664/1187/36
f 873/1167/36 642/1168/36 664/1187/36
f 869/1153/36 884/1188/36 653/1155/36
f 884/1188/36 673/1189/36 653/1155/36
f 842/1091/39 764/1190/39 756/1178/39
f 764/1190/39 842/1091/39 853/1116/39
f 552/1191/40 832/1073/40 501/1121/40
f 832/1073/40 552/1191/40 874/1170/40
f 885/1192/33 886/1193/33 887/1194/33
f 886/1193/33 885/1192/33 888/1195/33
f 829/1067/37 879/1177/37 889/1196/37
f 889/1196/37 849/1108/37 829/1067/37
f 477/1197/40 861/1131/40 416/1130/40
f 861/1131/40 477/1197/40 890/1198/40
f 848/1102/34 766/1199/34 761/1185/34
f 766/1199/34 848/1102/34 857/1126/34
f 891/1200/36 880/1179/36 665/1201/36
f 880/1179/36 652/1180/36 665/1201/36
f 839/1085/37 882/1183/37 892/1202/37
f 892/1202/37 851/1113/37 839/1085/37
f 430/1203/40 893/1204/40 495/1205/40
f 893/1204/40 430/1203/40 894/1206/40
f 480/1207/40 869/1153/40 424/1152/40
f 869/1153/40 480/1207/40 895/1208/40
f 436/1209/40 896/1210/40 503/1211/40
f 896/1210/40 436/1209/40 897/1212/40
f 853/1116/34 769/1213/34 764/1190/34
f 769/1213/34 853/1116/34 863/1135/34
f 898/1214/33 899/1215/33 900/1216/33
f 900/1216/33 901/1217/33 898/1214/33
f 557/1218/35 883/1186/35 494/1219/35
f 883/1186/35 664/1187/35 494/1219/35
f 878/1176/34 719/1220/34 876/1174/34
f 720/1221/34 876/1174/34 719/1220/34
f 888/1195/34 703/1222/34 886/1193/34
f 704/1223/34 886/1193/34 703/1222/34
f 881/1181/39 686/1224/39 668/1182/39
f 686/1224/39 881/1181/39 902/1225/39
f 561/1226/35 891/1200/35 497/1227/35
f 891/1200/35 665/1201/35 497/1227/35
f 849/1108/33 889/1196/33 903/1228/33
f 903/1228/33 867/1145/33 849/1108/33
f 877/1175/37 904/1229/37 905/1230/37
f 904/1229/37 877/1175/37 876/1174/37
f 851/1113/33 892/1202/33 906/1231/33
f 906/1231/33 868/1147/33 851/1113/33
f 864/1136/33 907/1232/33 908/1233/33
f 908/1233/33 865/1139/33 864/1136/33
f 884/1188/39 689/1234/39 673/1189/39
f 689/1234/39 884/1188/39 909/1235/39
f 897/1212/38 910/1236/38 896/1210/38
f 910/1236/38 897/1212/38 911/1237/38
f 894/1206/38 912/1238/38 893/1204/38
f 912/1238/38 894/1206/38 913/1239/38
f 914/1240/37 915/1241/37 899/1215/37
f 899/1215/37 898/1214/37 914/1240/37
f 870/1158/33 916/1242/33 917/1243/33
f 917/1243/33 871/1161/33 870/1158/33
f 495/1205/35 893/1204/35 505/1244/35
f 893/1204/35 739/1245/35 505/1244/35
f 890/1198/38 881/1181/38 861/1131/38
f 881/1181/38 890/1198/38 918/1246/38
f 887/1194/37 919/1247/37 920/1248/37
f 919/1247/37 887/1194/37 886/1193/37
f 902/1225/34 706/1249/34 686/1224/34
f 706/1249/34 902/1225/34 921/1250/34
f 503/1211/35 896/1210/35 523/1251/35
f 896/1210/35 742/1252/35 523/1251/35
f 910/1236/37 911/1237/37 922/1253/37
f 922/1253/37 923/1254/37 910/1236/37
f 895/1208/38 884/1188/38 869/1153/38
f 884/1188/38 895/1208/38 924/1255/38
f 925/1256/38 914/1240/38 926/1257/38
f 914/1240/38 925/1256/38 915/1241/38
f 912/1238/37 913/1239/37 927/1258/37
f 927/1258/37 928/1259/37 912/1238/37
f 898/1214/34 749/1260/34 750/1261/34
f 749/1260/34 898/1214/34 901/1217/34
f 909/1235/34 708/1262/34 689/1234/34
f 708/1262/34 909/1235/34 929/1263/34
f 923/1254/33 922/1253/33 930/1264/33
f 930/1264/33 931/1265/33 923/1254/33
f 905/1230/38 904/1229/38 932/1266/38
f 932/1266/38 904/1229/38 933/1267/38
f 873/1167/37 934/1268/37 907/1232/37
f 907/1232/37 864/1136/37 873/1167/37
f 532/1269/40 926/1257/40 583/1270/40
f 926/1257/40 532/1269/40 925/1256/40
f 876/1174/39 720/1221/39 904/1229/39
f 904/1229/39 720/1221/39 757/1271/39
f 928/1259/33 927/1258/33 935/1272/33
f 935/1272/33 936/1273/33 928/1259/33
f 886/1193/39 704/1223/39 919/1247/39
f 919/1247/39 704/1223/39 741/1274/39
f 880/1179/37 937/1275/37 916/1242/37
f 916/1242/37 870/1158/37 880/1179/37
f 893/1204/36 912/1238/36 739/1245/36
f 912/1238/36 758/1276/36 739/1245/36
f 881/1181/37 918/1246/37 938/1277/37
f 938/1277/37 902/1225/37 881/1181/37
f 939/1278/38 873/1167/38 883/1186/38
f 873/1167/38 939/1278/38 934/1268/38
f 896/1210/36 910/1236/36 742/1252/36
f 910/1236/36 768/1279/36 742/1252/36
f 920/1248/38 919/1247/38 940/1280/38
f 940/1280/38 919/1247/38 941/1281/38
f 932/1266/40 933/1267/40 575/1282/40
f 575/1282/40 933/1267/40 607/1283/40
f 884/1188/37 924/1255/37 942/1284/37
f 942/1284/37 909/1235/37 884/1188/37
f 598/1285/40 883/1186/40 557/1218/40
f 883/1186/40 598/1285/40 939/1278/40
f 914/1240/39 750/1261/39 772/1286/39
f 750/1261/39 914/1240/39 898/1214/39
f 943/1287/38 880/1179/38 891/1200/38
f 880/1179/38 943/1287/38 937/1275/38
f 912/1238/39 771/1288/39 758/1276/39
f 771/1288/39 912/1238/39 928/1259/39
f 600/1289/40 891/1200/40 561/1226/40
f 891/1200/40 600/1289/40 943/1287/40
f 902/1225/33 938/1277/33 944/1290/33
f 944/1290/33 921/1250/33 902/1225/33
f 928/1259/34 773/1291/34 771/1288/34
f 773/1291/34 928/1259/34 936/1273/34
f 910/1236/39 774/1292/39 768/1279/39
f 774/1292/39 910/1236/39 923/1254/39
f 923/1254/34 776/1293/34 774/1292/34
f 776/1293/34 923/1254/34 931/1265/34
f 919/1247/36 763/1294/36 941/1281/36
f 763/1294/36 919/1247/36 741/1274/36
f 904/1229/36 775/1295/36 933/1267/36
f 775/1295/36 904/1229/36 757/1271/36
f 926/1257/36 914/1240/36 777/1296/36
f 914/1240/36 772/1286/36 777/1296/36
f 583/1270/35 926/1257/35 597/1297/35
f 926/1257/35 777/1296/35 597/1297/35
f 940/1280/40 941/1281/40 590/1298/40
f 590/1298/40 941/1281/40 608/1299/40
f 909/1235/33 942/1284/33 945/1300/33
f 945/1300/33 929/1263/33 909/1235/33
f 941/1281/35 606/1301/35 608/1299/35
f 606/1301/35 941/1281/35 763/1294/35
f 933/1267/35 609/1302/35 607/1283/35
f 609/1302/35 933/1267/35 775/1295/35
f 4/1303/41 946/1304/41 1/1305/41
f 946/1304/41 4/1303/41 947/1306/41
f 8/1307/41 948/1308/41 5/1309/41
f 948/1308/41 8/1307/41 949/1310/41
f 946/1304/42 950/1311/42 1/1305/42
f 950/1311/42 946/1304/42 951/1312/42
f 8/1307/43 952/1313/43 949/1310/43
f 952/1313/43 8/1307/43 13/1314/43
f 780/1315/44 953/1316/44 781/1317/44
f 953/1316/44 954/1318/44 781/1317/44
f 781/1317/45 955/1319/45 659/1320/45
f 955/1319/45 781/1317/45 954/1318/45
f 947/1306/46 956/1321/46 946/1304/46
f 4/1303/43 957/1322/43 947/1306/43
f 957/1322/43 4/1303/43 45/1323/43
f 784/1324/47 958/1325/47 959/1326/47
f 958/1325/47 784/1324/47 960/1327/47
f 946/1304/48 956/1321/48 951/1312/48
f 48/1328/49 611/1329/49 961/1330/49
f 48/1328/49 961/1330/49 962/1331/49
f 949/1310/46 963/1332/46 948/1308/46
f 784/1324/44 959/1326/44 785/1333/44
f 959/1326/44 964/1334/44 785/1333/44
f 965/1335/42 5/1309/42 948/1308/42
f 966/1336/42 5/1309/42 965/1335/42
f 42/1337/49 613/1338/49 967/1339/49
f 42/1337/49 967/1339/49 968/1340/49
f 618/1341/50 969/1342/50 970/1343/50
f 969/1342/50 618/1341/50 617/1344/50
f 957/1322/51 956/1321/51 947/1306/51
f 952/1313/51 963/1332/51 949/1310/51
f 954/1318/52 953/1316/52 971/1345/52
f 948/1308/48 963/1332/48 965/1335/48
f 955/1319/53 954/1318/53 971/1345/53
f 972/1346/41 973/1347/41 17/1348/41
f 972/1346/41 17/1348/41 19/1349/41
f 951/1312/54 956/1321/54 974/1350/54
f 790/1351/45 969/1342/45 617/1344/45
f 969/1342/45 790/1351/45 975/1352/45
f 43/1353/43 968/1340/43 976/1354/43
f 43/1353/43 42/1337/43 968/1340/43
f 953/1316/54 977/1355/54 971/1345/54
f 978/1356/43 48/1328/43 962/1331/43
f 48/1328/43 978/1356/43 49/1357/43
f 979/1358/55 963/1332/55 952/1313/55
f 780/1315/47 977/1355/47 953/1316/47
f 977/1355/47 780/1315/47 980/1359/47
f 981/1360/56 955/1319/56 971/1345/56
f 982/1361/55 956/1321/55 957/1322/55
f 959/1326/54 958/1325/54 983/1362/54
f 964/1334/52 959/1326/52 983/1362/52
f 611/1329/50 984/1363/50 961/1330/50
f 984/1363/50 611/1329/50 636/1364/50
f 17/1348/42 985/1365/42 986/1366/42
f 985/1365/42 17/1348/42 973/1347/42
f 981/1360/50 659/1320/50 955/1319/50
f 659/1320/50 981/1360/50 660/1367/50
f 875/1368/47 951/1312/47 974/1350/47
f 951/1312/47 875/1368/47 950/1311/47
f 965/1335/54 963/1332/54 987/1369/54
f 149/1370/49 618/1341/49 970/1343/49
f 149/1370/49 970/1343/49 988/1371/49
f 13/1314/49 979/1358/49 952/1313/49
f 979/1358/49 13/1314/49 667/1372/49
f 960/1327/42 154/1373/42 989/1374/42
f 960/1327/42 989/1374/42 958/1325/42
f 613/1338/50 990/1375/50 967/1339/50
f 990/1375/50 613/1338/50 640/1376/50
f 974/1350/52 956/1321/52 991/1377/52
f 977/1355/48 992/1378/48 971/1345/48
f 970/1343/56 969/1342/56 993/1379/56
f 958/1325/48 989/1374/48 983/1362/48
f 785/1333/45 994/1380/45 695/1381/45
f 994/1380/45 785/1333/45 964/1334/45
f 994/1380/53 964/1334/53 983/1362/53
f 995/1382/55 981/1360/55 971/1345/55
f 996/1383/56 963/1332/56 979/1358/56
f 997/1384/56 956/1321/56 982/1361/56
f 962/1331/55 961/1330/55 998/1385/55
f 969/1342/53 975/1352/53 993/1379/53
f 991/1377/53 956/1321/53 997/1384/53
f 987/1369/52 963/1332/52 999/1386/52
f 968/1340/55 967/1339/55 1000/1387/55
f 988/1371/55 970/1343/55 993/1379/55
f 972/1346/43 80/1388/43 1001/1389/43
f 80/1388/43 972/1346/43 19/1349/43
f 978/1356/51 962/1331/51 998/1385/51
f 992/1378/46 1002/1390/46 971/1345/46
f 999/1386/53 963/1332/53 996/1383/53
f 1002/1390/51 995/1382/51 971/1345/51
f 45/1323/49 982/1361/49 957/1322/49
f 982/1361/49 45/1323/49 681/1391/49
f 961/1330/56 984/1363/56 998/1385/56
f 976/1354/51 968/1340/51 1000/1387/51
f 966/1336/47 987/1369/47 885/1392/47
f 987/1369/47 966/1336/47 965/1335/47
f 835/1393/47 1003/1394/47 1004/1395/47
f 1003/1394/47 835/1393/47 1005/1396/47
f 989/1374/46 1006/1397/46 983/1362/46
f 973/1347/46 972/1346/46 1007/1398/46
f 1008/1399/56 994/1380/56 983/1362/56
f 967/1339/56 990/1375/56 1000/1387/56
f 975/1352/52 1009/1400/52 993/1379/52
f 810/1401/44 1010/1402/44 811/1403/44
f 1010/1402/44 810/1401/44 1011/1404/44
f 985/1365/48 973/1347/48 1007/1398/48
f 812/1405/44 1012/1406/44 813/1407/44
f 1012/1406/44 1013/1408/44 813/1407/44
f 855/1409/44 1009/1400/44 790/1351/44
f 1009/1400/44 975/1352/44 790/1351/44
f 1014/1410/51 988/1371/51 993/1379/51
f 980/1359/42 190/1411/42 992/1378/42
f 980/1359/42 992/1378/42 977/1355/42
f 810/1401/47 1015/1412/47 1011/1404/47
f 1015/1412/47 810/1401/47 1016/1413/47
f 972/1346/51 1001/1389/51 1007/1398/51
f 1017/1414/46 978/1356/46 998/1385/46
f 1006/1397/51 1018/1415/51 983/1362/51
f 1018/1415/55 1008/1399/55 983/1362/55
f 984/1363/53 1019/1416/53 998/1385/53
f 1020/1417/46 976/1354/46 1000/1387/46
f 205/1418/49 660/1367/49 981/1360/49
f 205/1418/49 981/1360/49 995/1382/49
f 812/1405/47 1021/1419/47 1012/1406/47
f 1021/1419/47 812/1405/47 1022/1420/47
f 835/1393/44 1004/1395/44 836/1421/44
f 1004/1395/44 1023/1422/44 836/1421/44
f 1005/1396/42 166/1423/42 1024/1424/42
f 1005/1396/42 1024/1424/42 1003/1394/42
f 976/1354/41 1020/1417/41 116/1425/41
f 976/1354/41 116/1425/41 43/1353/41
f 1017/1414/41 49/1357/41 978/1356/41
f 49/1357/41 1017/1414/41 123/1426/41
f 1009/1400/54 1025/1427/54 993/1379/54
f 900/1428/47 985/1365/47 1026/1429/47
f 985/1365/47 900/1428/47 986/1366/47
f 1026/1429/54 985/1365/54 1007/1398/54
f 990/1375/53 1027/1430/53 1000/1387/53
f 991/1377/44 875/1368/44 974/1350/44
f 875/1368/44 991/1377/44 878/1431/44
f 1028/1432/46 1014/1410/46 993/1379/46
f 703/1433/50 979/1358/50 667/1372/50
f 979/1358/50 703/1433/50 996/1383/50
f 1014/1410/43 149/1370/43 988/1371/43
f 149/1370/43 1014/1410/43 150/1434/43
f 989/1374/41 156/1435/41 1006/1397/41
f 156/1435/41 989/1374/41 154/1373/41
f 865/1436/45 984/1363/45 636/1364/45
f 984/1363/45 865/1436/45 1019/1416/45
f 1025/1427/48 1028/1432/48 993/1379/48
f 1001/1389/55 1029/1437/55 1007/1398/55
f 1030/1438/48 1017/1414/48 998/1385/48
f 1008/1399/50 695/1381/50 994/1380/50
f 695/1381/50 1008/1399/50 696/1439/50
f 813/1407/45 1031/1440/45 709/1441/45
f 1031/1440/45 813/1407/45 1013/1408/45
f 1019/1416/52 1032/1442/52 998/1385/52
f 811/1403/45 1033/1443/45 721/1444/45
f 1033/1443/45 811/1403/45 1010/1402/45
f 1034/1445/48 1020/1417/48 1000/1387/48
f 681/1391/50 997/1384/50 982/1361/50
f 997/1384/50 681/1391/50 719/1446/50
f 871/1447/45 990/1375/45 640/1376/45
f 990/1375/45 871/1447/45 1027/1430/45
f 1004/1395/54 1003/1394/54 1035/1448/54
f 999/1386/44 885/1392/44 987/1369/44
f 885/1392/44 999/1386/44 888/1449/44
f 1032/1442/54 1030/1438/54 998/1385/54
f 1036/1450/52 1026/1429/52 1007/1398/52
f 992/1378/41 192/1451/41 1002/1390/41
f 192/1451/41 992/1378/41 190/1411/41
f 1027/1430/52 1037/1452/52 1000/1387/52
f 1002/1390/43 205/1418/43 995/1382/43
f 205/1418/43 1002/1390/43 192/1451/43
f 1038/1453/41 1039/1454/41 90/1455/41
f 1038/1453/41 90/1455/41 91/1456/41
f 1010/1402/52 1011/1404/52 1040/1457/52
f 1013/1408/52 1012/1406/52 1041/1458/52
f 1023/1422/52 1004/1395/52 1035/1448/52
f 1042/1459/41 93/1460/41 1043/1461/41
f 93/1460/41 1042/1459/41 92/1462/41
f 1037/1452/54 1034/1445/54 1000/1387/54
f 1011/1404/54 1015/1412/54 1040/1457/54
f 80/1388/49 700/1463/49 1029/1437/49
f 80/1388/49 1029/1437/49 1001/1389/49
f 1029/1437/56 1044/1464/56 1007/1398/56
f 1003/1394/48 1024/1424/48 1035/1448/48
f 856/1465/47 1045/1466/47 1046/1467/47
f 1045/1466/47 856/1465/47 1047/1468/47
f 719/1446/45 878/1431/45 997/1384/45
f 878/1431/45 991/1377/45 997/1384/45
f 1012/1406/54 1021/1419/54 1041/1458/54
f 226/1469/42 1015/1412/42 1016/1413/42
f 1015/1412/42 226/1469/42 1048/1470/42
f 1044/1464/53 1036/1450/53 1007/1398/53
f 703/1433/45 888/1449/45 996/1383/45
f 888/1449/45 999/1386/45 996/1383/45
f 862/1471/47 1049/1472/47 1050/1473/47
f 1049/1472/47 862/1471/47 1051/1474/47
f 672/1475/50 1052/1476/50 1053/1477/50
f 1052/1476/50 672/1475/50 671/1478/50
f 1054/1479/42 90/1455/42 1039/1454/42
f 1054/1479/42 1039/1454/42 1055/1480/42
f 1031/1440/53 1013/1408/53 1041/1458/53
f 846/1481/45 1056/1482/45 684/1483/45
f 1056/1482/45 846/1481/45 1057/1484/45
f 1033/1443/53 1010/1402/53 1040/1457/53
f 855/1409/47 1025/1427/47 1009/1400/47
f 1025/1427/47 855/1409/47 1058/1485/47
f 1022/1420/42 242/1486/42 1059/1487/42
f 1022/1420/42 1059/1487/42 1021/1419/42
f 675/1488/50 1060/1489/50 1061/1490/50
f 1060/1489/50 675/1488/50 674/1491/50
f 1006/1397/43 222/1492/43 1018/1415/43
f 222/1492/43 1006/1397/43 156/1435/43
f 1015/1412/48 1048/1470/48 1040/1457/48
f 1062/1493/42 92/1462/42 1042/1459/42
f 1062/1493/42 1042/1459/42 1063/1494/42
f 222/1492/49 696/1439/49 1008/1399/49
f 222/1492/49 1008/1399/49 1018/1415/49
f 836/1421/45 1064/1495/45 745/1496/45
f 1064/1495/45 836/1421/45 1023/1422/45
f 1064/1495/53 1023/1422/53 1035/1448/53
f 1047/1468/42 194/1497/42 1065/1498/42
f 1047/1468/42 1065/1498/42 1045/1466/42
f 184/1499/42 1049/1472/42 1051/1474/42
f 1049/1472/42 184/1499/42 1066/1500/42
f 1024/1424/46 1067/1501/46 1035/1448/46
f 186/1502/49 672/1475/49 1053/1477/49
f 186/1502/49 1053/1477/49 1068/1503/49
f 1021/1419/48 1059/1487/48 1041/1458/48
f 850/1504/45 1069/1505/45 690/1506/45
f 1069/1505/45 850/1504/45 1070/1507/45
f 1067/1501/41 1024/1424/41 166/1423/41
f 1067/1501/41 166/1423/41 168/1508/41
f 856/1465/44 1046/1467/44 857/1509/44
f 1046/1467/44 1071/1510/44 857/1509/44
f 1043/1461/43 129/1511/43 1072/1512/43
f 129/1511/43 1043/1461/43 93/1460/43
f 1028/1432/41 150/1434/41 1014/1410/41
f 150/1434/41 1028/1432/41 224/1513/41
f 1038/1453/43 133/1514/43 1073/1515/43
f 133/1514/43 1038/1453/43 91/1456/43
f 1074/1516/56 1031/1440/56 1041/1458/56
f 200/1517/49 675/1488/49 1061/1490/49
f 200/1517/49 1061/1490/49 1075/1518/49
f 1076/1519/42 123/1426/42 1017/1414/42
f 1076/1519/42 1017/1414/42 1030/1438/42
f 1077/1520/50 684/1483/50 1056/1482/50
f 684/1483/50 1077/1520/50 685/1521/50
f 858/1522/44 1078/1523/44 846/1481/44
f 1078/1523/44 1057/1484/44 846/1481/44
f 900/1428/44 1036/1450/44 901/1524/44
f 1036/1450/44 900/1428/44 1026/1429/44
f 862/1471/44 1079/1525/44 863/1526/44
f 1079/1525/44 862/1471/44 1050/1473/44
f 1080/1527/56 1033/1443/56 1040/1457/56
f 1081/1528/42 116/1425/42 1020/1417/42
f 1081/1528/42 1020/1417/42 1034/1445/42
f 908/1529/44 1032/1442/44 865/1436/44
f 1032/1442/44 1019/1416/44 865/1436/44
f 1048/1470/46 1082/1530/46 1040/1457/46
f 1074/1516/50 709/1441/50 1031/1440/50
f 709/1441/50 1074/1516/50 710/1531/50
f 859/1532/44 1083/1533/44 850/1504/44
f 1083/1533/44 1070/1507/44 850/1504/44
f 1084/1534/56 1064/1495/56 1035/1448/56
f 868/1535/45 1052/1476/45 671/1478/45
f 1052/1476/45 868/1535/45 1085/1536/45
f 1067/1501/51 1086/1537/51 1035/1448/51
f 1059/1487/46 1087/1538/46 1041/1458/46
f 1058/1485/42 224/1513/42 1028/1432/42
f 1058/1485/42 1028/1432/42 1025/1427/42
f 867/1539/45 1060/1489/45 674/1491/45
f 1060/1489/45 867/1539/45 1088/1540/45
f 691/1541/50 1069/1505/50 1089/1542/50
f 1069/1505/50 691/1541/50 690/1506/50
f 722/1543/50 1033/1443/50 1080/1527/50
f 1033/1443/50 722/1543/50 721/1444/50
f 1090/1544/55 1074/1516/55 1041/1458/55
f 1086/1537/55 1084/1534/55 1035/1448/55
f 1091/1545/55 1080/1527/55 1040/1457/55
f 131/1546/49 683/1547/49 1092/1548/49
f 131/1546/49 1092/1548/49 1093/1549/49
f 917/1550/44 1037/1452/44 871/1447/44
f 1037/1452/44 1027/1430/44 871/1447/44
f 143/1551/49 687/1552/49 1094/1553/49
f 143/1551/49 1094/1553/49 1095/1554/49
f 1096/1555/43 131/1546/43 1093/1549/43
f 131/1546/43 1096/1555/43 132/1556/43
f 1082/1530/51 1091/1545/51 1040/1457/51
f 1087/1538/51 1090/1544/51 1041/1458/51
f 1046/1467/54 1045/1466/54 1097/1557/54
f 700/1463/50 1044/1464/50 1029/1437/50
f 1044/1464/50 700/1463/50 749/1558/50
f 1039/1454/46 1038/1453/46 1098/1559/46
f 1050/1473/54 1049/1472/54 1099/1560/54
f 1100/1561/43 143/1551/43 1095/1554/43
f 143/1551/43 1100/1561/43 144/1562/43
f 1042/1459/46 1043/1461/46 1101/1563/46
f 1045/1466/48 1065/1498/48 1097/1557/48
f 908/1529/47 1030/1438/47 1032/1442/47
f 1030/1438/47 908/1529/47 1076/1519/47
f 930/1564/47 1055/1480/47 1102/1565/47
f 1055/1480/47 930/1564/47 1054/1479/47
f 1055/1480/48 1039/1454/48 1098/1559/48
f 1071/1510/52 1046/1467/52 1097/1557/52
f 1049/1472/48 1066/1500/48 1099/1560/48
f 1066/1500/41 185/1566/41 1103/1567/41
f 185/1566/41 1066/1500/41 184/1499/41
f 1048/1470/41 228/1568/41 1082/1530/41
f 228/1568/41 1048/1470/41 226/1469/41
f 1063/1494/48 1042/1459/48 1101/1563/48
f 1065/1498/41 195/1569/41 1104/1570/41
f 195/1569/41 1065/1498/41 194/1497/41
f 1053/1477/56 1052/1476/56 1105/1571/56
f 1079/1525/52 1050/1473/52 1099/1560/52
f 749/1558/45 901/1524/45 1036/1450/45
f 749/1558/45 1036/1450/45 1044/1464/45
f 1038/1453/51 1073/1515/51 1098/1559/51
f 1056/1482/53 1057/1484/53 1106/1572/53
f 1043/1461/51 1072/1512/51 1101/1563/51
f 917/1550/47 1034/1445/47 1037/1452/47
f 1034/1445/47 917/1550/47 1081/1528/47
f 1107/1573/43 186/1502/43 1068/1503/43
f 186/1502/43 1107/1573/43 187/1574/43
f 1059/1487/41 244/1575/41 1087/1538/41
f 244/1575/41 1059/1487/41 242/1486/41
f 935/1576/47 1063/1494/47 1108/1577/47
f 1063/1494/47 935/1576/47 1062/1493/47
f 1068/1503/55 1053/1477/55 1105/1571/55
f 857/1509/45 1109/1578/45 766/1579/45
f 1109/1578/45 857/1509/45 1071/1510/45
f 746/1580/50 1064/1495/50 1084/1534/50
f 1064/1495/50 746/1580/50 745/1496/50
f 1061/1490/56 1060/1489/56 1110/1581/56
f 1077/1520/56 1056/1482/56 1106/1572/56
f 1057/1484/52 1078/1523/52 1106/1572/52
f 1065/1498/46 1104/1570/46 1097/1557/46
f 1067/1501/43 262/1582/43 1086/1537/43
f 262/1582/43 1067/1501/43 168/1508/43
f 1069/1505/53 1070/1507/53 1111/1583/53
f 1052/1476/53 1085/1536/53 1105/1571/53
f 1109/1578/53 1071/1510/53 1097/1557/53
f 1066/1500/46 1103/1567/46 1099/1560/46
f 1102/1565/54 1055/1480/54 1098/1559/54
f 1112/1584/43 200/1517/43 1075/1518/43
f 200/1517/43 1112/1584/43 201/1585/43
f 1075/1518/55 1061/1490/55 1110/1581/55
f 687/1552/50 1113/1586/50 1094/1553/50
f 1113/1586/50 687/1552/50 706/1587/50
f 863/1526/45 1114/1588/45 769/1589/45
f 1114/1588/45 863/1526/45 1079/1525/45
f 129/1511/49 733/1590/49 1115/1591/49
f 129/1511/49 1115/1591/49 1072/1512/49
f 293/1592/49 685/1521/49 1077/1520/49
f 293/1592/49 1077/1520/49 1116/1593/49
f 1078/1523/47 1117/1594/47 1118/1595/47
f 1117/1594/47 1078/1523/47 858/1522/47
f 1070/1507/52 1083/1533/52 1111/1583/52
f 1060/1489/53 1088/1540/53 1110/1581/53
f 1108/1577/54 1063/1494/54 1101/1563/54
f 1114/1588/53 1079/1525/53 1099/1560/53
f 1089/1542/56 1069/1505/56 1111/1583/56
f 859/1532/47 1119/1596/47 1083/1533/47
f 1119/1596/47 859/1532/47 1120/1597/47
f 287/1598/49 710/1531/49 1074/1516/49
f 287/1598/49 1074/1516/49 1090/1544/49
f 683/1547/50 1121/1599/50 1092/1548/50
f 1121/1599/50 683/1547/50 708/1600/50
f 1107/1573/51 1068/1503/51 1105/1571/51
f 1072/1512/55 1115/1591/55 1101/1563/55
f 133/1514/49 740/1601/49 1122/1602/49
f 133/1514/49 1122/1602/49 1073/1515/49
f 1073/1515/55 1122/1602/55 1098/1559/55
f 1123/1603/41 132/1556/41 1096/1555/41
f 132/1556/41 1123/1603/41 188/1604/41
f 296/1605/49 691/1541/49 1089/1542/49
f 296/1605/49 1089/1542/49 1124/1606/49
f 1104/1570/51 1125/1607/51 1097/1557/51
f 1116/1593/55 1077/1520/55 1106/1572/55
f 291/1608/49 722/1543/49 1080/1527/49
f 291/1608/49 1080/1527/49 1091/1545/49
f 1078/1523/54 1118/1595/54 1106/1572/54
f 1126/1609/56 1109/1578/56 1097/1557/56
f 906/1610/44 1127/1611/44 868/1535/44
f 1127/1611/44 1085/1536/44 868/1535/44
f 1103/1567/51 1128/1612/51 1099/1560/51
f 903/1613/44 1088/1540/44 867/1539/44
f 1088/1540/44 903/1613/44 1129/1614/44
f 1112/1584/51 1075/1518/51 1110/1581/51
f 1085/1536/52 1127/1611/52 1105/1571/52
f 262/1582/49 746/1580/49 1084/1534/49
f 262/1582/49 1084/1534/49 1086/1537/49
f 1130/1615/41 144/1562/41 1100/1561/41
f 144/1562/41 1130/1615/41 215/1616/41
f 1087/1538/43 287/1598/43 1090/1544/43
f 287/1598/43 1087/1538/43 244/1575/43
f 1131/1617/52 1102/1565/52 1098/1559/52
f 1132/1618/56 1114/1588/56 1099/1560/56
f 1083/1533/54 1119/1596/54 1111/1583/54
f 1125/1607/55 1126/1609/55 1097/1557/55
f 228/1568/43 1091/1545/43 1082/1530/43
f 228/1568/43 291/1608/43 1091/1545/43
f 1124/1606/55 1089/1542/55 1111/1583/55
f 1088/1540/52 1129/1614/52 1110/1581/52
f 1133/1619/52 1108/1577/52 1101/1563/52
f 1128/1612/55 1132/1618/55 1099/1560/55
f 1122/1602/56 1134/1620/56 1098/1559/56
f 1115/1591/56 1135/1621/56 1101/1563/56
f 1136/1622/46 1107/1573/46 1105/1571/46
f 1095/1554/55 1094/1553/55 1137/1623/55
f 1093/1549/55 1092/1548/55 1138/1624/55
f 1096/1555/51 1093/1549/51 1138/1624/51
f 1134/1620/53 1131/1617/53 1098/1559/53
f 1103/1567/43 273/1625/43 1128/1612/43
f 273/1625/43 1103/1567/43 185/1566/43
f 1100/1561/51 1095/1554/51 1137/1623/51
f 1139/1626/51 1116/1593/51 1106/1572/51
f 1118/1595/48 1140/1627/48 1106/1572/48
f 1135/1621/53 1133/1619/53 1101/1563/53
f 195/1569/43 1125/1607/43 1104/1570/43
f 195/1569/43 279/1628/43 1125/1607/43
f 1127/1611/54 1141/1629/54 1105/1571/54
f 1142/1630/46 1112/1584/46 1110/1581/46
f 767/1631/50 1109/1578/50 1126/1609/50
f 1109/1578/50 767/1631/50 766/1579/50
f 1119/1596/48 1143/1632/48 1111/1583/48
f 1141/1629/48 1136/1622/48 1105/1571/48
f 930/1564/44 1131/1617/44 931/1633/44
f 1131/1617/44 930/1564/44 1102/1565/44
f 1144/1634/51 1124/1606/51 1111/1583/51
f 1140/1627/46 1139/1626/46 1106/1572/46
f 1094/1553/56 1113/1586/56 1137/1623/56
f 1129/1614/54 1145/1635/54 1110/1581/54
f 1092/1548/56 1121/1599/56 1138/1624/56
f 1123/1603/46 1096/1555/46 1138/1624/46
f 1136/1622/41 187/1574/41 1107/1573/41
f 187/1574/41 1136/1622/41 280/1636/41
f 770/1637/50 1114/1588/50 1132/1618/50
f 1114/1588/50 770/1637/50 769/1589/50
f 935/1576/44 1108/1577/44 936/1638/44
f 1108/1577/44 1133/1619/44 936/1638/44
f 1143/1632/46 1144/1634/46 1111/1583/46
f 1145/1635/48 1142/1630/48 1110/1581/48
f 1130/1615/46 1100/1561/46 1137/1623/46
f 921/1639/45 1113/1586/45 706/1587/45
f 1113/1586/45 921/1639/45 1146/1640/45
f 1142/1630/41 201/1585/41 1112/1584/41
f 201/1585/41 1142/1630/41 286/1641/41
f 1115/1591/50 773/1642/50 1135/1621/50
f 773/1642/50 1115/1591/50 733/1590/50
f 1139/1626/43 293/1592/43 1116/1593/43
f 293/1592/43 1139/1626/43 294/1643/43
f 311/1644/42 1118/1595/42 1117/1594/42
f 1118/1595/42 311/1644/42 1140/1627/42
f 310/1645/42 1119/1596/42 1120/1597/42
f 1119/1596/42 310/1645/42 1143/1632/42
f 279/1628/49 767/1631/49 1126/1609/49
f 279/1628/49 1126/1609/49 1125/1607/49
f 273/1625/49 770/1637/49 1132/1618/49
f 273/1625/49 1132/1618/49 1128/1612/49
f 1113/1586/53 1146/1640/53 1137/1623/53
f 1144/1634/43 296/1605/43 1124/1606/43
f 296/1605/43 1144/1634/43 297/1646/43
f 740/1601/50 1134/1620/50 1122/1602/50
f 1134/1620/50 740/1601/50 776/1647/50
f 929/1648/45 1121/1599/45 708/1600/45
f 1121/1599/45 929/1648/45 1147/1649/45
f 906/1610/47 1141/1629/47 1127/1611/47
f 1141/1629/47 906/1610/47 1148/1650/47
f 1121/1599/53 1147/1649/53 1138/1624/53
f 1149/1651/42 188/1604/42 1123/1603/42
f 1149/1651/42 1123/1603/42 1150/1652/42
f 1150/1652/48 1123/1603/48 1138/1624/48
f 1151/1653/48 1130/1615/48 1137/1623/48
f 903/1613/47 1145/1635/47 1129/1614/47
f 1145/1635/47 903/1613/47 1152/1654/47
f 1153/1655/42 215/1616/42 1130/1615/42
f 1153/1655/42 1130/1615/42 1151/1653/42
f 931/1633/45 1134/1620/45 776/1647/45
f 1134/1620/45 931/1633/45 1131/1617/45
f 936/1638/45 1135/1621/45 773/1642/45
f 1135/1621/45 936/1638/45 1133/1619/45
f 1146/1640/52 1154/1656/52 1137/1623/52
f 1148/1650/42 280/1636/42 1136/1622/42
f 1148/1650/42 1136/1622/42 1141/1629/42
f 1140/1627/41 294/1643/41 1139/1626/41
f 294/1643/41 1140/1627/41 311/1644/41
f 1154/1656/54 1151/1653/54 1137/1623/54
f 1143/1632/41 297/1646/41 1144/1634/41
f 297/1646/41 1143/1632/41 310/1645/41
f 1147/1649/52 1155/1657/52 1138/1624/52
f 1155/1657/54 1150/1652/54 1138/1624/54
f 286/1641/42 1145/1635/42 1152/1654/42
f 1145/1635/42 286/1641/42 1142/1630/42
f 944/1658/44 1154/1656/44 921/1639/44
f 1154/1656/44 1146/1640/44 921/1639/44
f 944/1658/47 1151/1653/47 1154/1656/47
f 1151/1653/47 944/1658/47 1153/1655/47
f 945/1659/44 1155/1657/44 929/1648/44
f 1155/1657/44 1147/1649/44 929/1648/44
f 945/1659/47 1150/1652/47 1155/1657/47
f 1150/1652/47 945/1659/47 1149/1651/47
f 1/1660/57 1156/1661/57 2/1662/57
f 1156/1661/57 1/1660/57 950/1663/57
f 1157/1664/58 784/1665/58 783/1666/58
f 784/1665/58 1157/1664/58 960/1667/58
f 1158/1668/59 821/1669/59 820/1670/59
f 821/1669/59 1158/1668/59 1159/1671/59
f 825/1672/60 1158/1668/60 820/1670/60
f 1158/1668/60 825/1672/60 1160/1673/60
f 1161/1674/59 783/1666/59 793/1675/59
f 783/1666/59 1161/1674/59 1157/1664/59
f 1162/1676/57 20/1677/57 17/1678/57
f 1162/1676/57 17/1678/57 986/1679/57
f 2/1662/61 1163/1680/61 15/1681/61
f 1163/1680/61 2/1662/61 1156/1661/61
f 5/1682/57 1164/1683/57 6/1684/57
f 1164/1683/57 5/1682/57 966/1685/57
f 1165/1686/61 22/1687/61 20/1677/61
f 1165/1686/61 20/1677/61 1162/1676/61
f 1166/1688/62 358/1689/62 360/1690/62
f 358/1689/62 1166/1688/62 834/1691/62
f 1167/1692/63 31/1693/63 33/1694/63
f 31/1693/63 1167/1692/63 364/1695/63
f 1168/1696/62 369/1697/62 371/1698/62
f 369/1697/62 1168/1696/62 831/1699/62
f 834/1691/60 1169/1700/60 843/1701/60
f 1169/1700/60 834/1691/60 1166/1688/60
f 1170/1702/63 23/1703/63 25/1704/63
f 23/1703/63 1170/1702/63 355/1705/63
f 831/1699/60 1171/1706/60 838/1707/60
f 1171/1706/60 831/1699/60 1168/1696/60
f 1159/1671/58 835/1708/58 821/1669/58
f 835/1708/58 1159/1671/58 1005/1709/58
f 33/1694/64 1172/1710/64 1167/1692/64
f 1172/1710/64 33/1694/64 36/1711/64
f 1173/1712/59 796/1713/59 795/1714/59
f 796/1713/59 1173/1712/59 1174/1715/59
f 1160/1673/62 402/1716/62 404/1717/62
f 402/1716/62 1160/1673/62 825/1672/62
f 804/1718/60 1173/1712/60 795/1714/60
f 1173/1712/60 804/1718/60 1175/1719/60
f 25/1704/64 1176/1720/64 1170/1702/64
f 1176/1720/64 25/1704/64 30/1721/64
f 1166/1688/63 125/1722/63 127/1723/63
f 125/1722/63 1166/1688/63 360/1690/63
f 55/1724/64 1165/1686/64 1177/1725/64
f 1165/1686/64 55/1724/64 22/1687/64
f 1178/1726/59 800/1727/59 799/1728/59
f 800/1727/59 1178/1726/59 1179/1729/59
f 802/1730/60 1178/1726/60 799/1728/60
f 1178/1726/60 802/1730/60 1180/1731/60
f 1171/1706/59 847/1732/59 838/1707/59
f 847/1732/59 1171/1706/59 1181/1733/59
f 1174/1715/58 810/1734/58 796/1713/58
f 810/1734/58 1174/1715/58 1016/1735/58
f 1182/1736/58 780/1737/58 779/1738/58
f 780/1737/58 1182/1736/58 980/1739/58
f 1169/1700/59 852/1740/59 843/1701/59
f 852/1740/59 1169/1700/59 1183/1741/59
f 127/1723/64 1169/1700/64 1166/1688/64
f 1169/1700/64 127/1723/64 147/1742/64
f 1172/1710/61 36/1711/61 62/1743/61
f 1172/1710/61 62/1743/61 1184/1744/61
f 827/1745/60 1161/1674/60 793/1675/60
f 1161/1674/60 827/1745/60 1185/1746/60
f 1175/1719/62 412/1747/62 422/1748/62
f 412/1747/62 1175/1719/62 804/1718/62
f 1168/1696/63 139/1749/63 141/1750/63
f 139/1749/63 1168/1696/63 371/1698/63
f 6/1684/61 1186/1751/61 27/1752/61
f 1186/1751/61 6/1684/61 1164/1683/61
f 1158/1668/61 174/1753/61 169/1754/61
f 1158/1668/61 169/1754/61 1159/1671/61
f 1157/1664/57 157/1755/57 154/1756/57
f 1157/1664/57 154/1756/57 960/1667/57
f 175/1757/64 1158/1668/64 1160/1673/64
f 1158/1668/64 175/1757/64 174/1753/64
f 1179/1729/58 812/1758/58 800/1727/58
f 812/1758/58 1179/1729/58 1022/1759/58
f 141/1750/64 1171/1706/64 1168/1696/64
f 1171/1706/64 141/1750/64 159/1760/64
f 1180/1731/62 409/1761/62 428/1762/62
f 409/1761/62 1180/1731/62 802/1730/62
f 1176/1720/61 30/1721/61 60/1763/61
f 1176/1720/61 60/1763/61 1187/1764/61
f 1159/1671/57 169/1754/57 166/1765/57
f 1159/1671/57 166/1765/57 1005/1709/57
f 877/1766/58 1156/1661/58 875/1767/58
f 1156/1661/58 950/1663/58 875/1767/58
f 15/1681/64 1163/1680/64 70/1768/64
f 1188/1769/64 70/1768/64 1163/1680/64
f 1169/1700/61 147/1742/61 164/1770/61
f 1169/1700/61 164/1770/61 1183/1741/61
f 1160/1673/63 177/1771/63 175/1757/63
f 177/1771/63 1160/1673/63 404/1717/63
f 1171/1706/61 159/1760/61 182/1772/61
f 1171/1706/61 182/1772/61 1181/1733/61
f 1177/1725/63 86/1773/63 55/1724/63
f 86/1773/63 1177/1725/63 481/1774/63
f 1181/1733/58 856/1775/58 847/1732/58
f 856/1775/58 1181/1733/58 1047/1776/58
f 1189/1777/59 779/1738/59 807/1778/59
f 779/1738/59 1189/1777/59 1182/1736/59
f 1161/1674/61 197/1779/61 157/1755/61
f 1161/1674/61 157/1755/61 1157/1664/61
f 1183/1741/58 862/1780/58 852/1740/58
f 862/1780/58 1183/1741/58 1051/1781/58
f 1184/1744/57 62/1743/57 90/1782/57
f 1184/1744/57 90/1782/57 1054/1783/57
f 1187/1764/57 60/1763/57 92/1784/57
f 1187/1764/57 92/1784/57 1062/1785/57
f 27/1752/64 1186/1751/64 72/1786/64
f 1190/1787/64 72/1786/64 1186/1751/64
f 1162/1676/58 900/1788/58 899/1789/58
f 900/1788/58 1162/1676/58 986/1679/58
f 1185/1746/62 510/1790/62 512/1791/62
f 510/1790/62 1185/1746/62 827/1745/62
f 1167/1692/62 436/1792/62 364/1695/62
f 436/1792/62 1167/1692/62 897/1793/62
f 1183/1741/57 164/1770/57 184/1794/57
f 1183/1741/57 184/1794/57 1051/1781/57
f 1191/1795/62 354/1796/62 419/1797/62
f 354/1796/62 1191/1795/62 809/1798/62
f 887/1799/58 1164/1683/58 885/1800/58
f 1164/1683/58 966/1685/58 885/1800/58
f 1181/1733/57 182/1772/57 194/1801/57
f 1181/1733/57 194/1801/57 1047/1776/57
f 1170/1702/62 430/1802/62 355/1705/62
f 430/1802/62 1170/1702/62 894/1803/62
f 905/1804/59 1163/1680/59 877/1766/59
f 1163/1680/59 1156/1661/59 877/1766/59
f 1173/1712/61 252/1805/61 229/1806/61
f 1173/1712/61 229/1806/61 1174/1715/61
f 1165/1686/59 899/1789/59 915/1807/59
f 899/1789/59 1165/1686/59 1162/1676/59
f 235/1808/64 1161/1674/64 1185/1746/64
f 1161/1674/64 235/1808/64 197/1779/64
f 239/1809/64 1173/1712/64 1175/1719/64
f 1173/1712/64 239/1809/64 252/1805/64
f 1192/1810/62 376/1811/62 442/1812/62
f 376/1811/62 1192/1810/62 815/1813/62
f 897/1793/60 1172/1710/60 911/1814/60
f 1172/1710/60 897/1793/60 1167/1692/60
f 1174/1715/57 229/1806/57 226/1815/57
f 1174/1715/57 226/1815/57 1016/1735/57
f 1182/1736/57 193/1816/57 190/1817/57
f 1182/1736/57 190/1817/57 980/1739/57
f 1175/1719/63 237/1818/63 239/1809/63
f 237/1818/63 1175/1719/63 422/1748/63
f 840/1819/60 1189/1777/60 807/1778/60
f 1189/1777/60 840/1819/60 1193/1820/60
f 70/1768/63 1188/1769/63 118/1821/63
f 118/1821/63 1188/1769/63 542/1822/63
f 894/1803/60 1176/1720/60 913/1823/60
f 1176/1720/60 894/1803/60 1170/1702/60
f 1178/1726/61 257/1824/61 245/1825/61
f 1178/1726/61 245/1825/61 1179/1729/61
f 249/1826/64 1178/1726/64 1180/1731/64
f 1178/1726/64 249/1826/64 257/1824/64
f 1179/1729/57 245/1825/57 242/1827/57
f 1179/1729/57 242/1827/57 1022/1759/57
f 809/1798/60 1194/1828/60 818/1829/60
f 1194/1828/60 809/1798/60 1191/1795/60
f 1180/1731/63 247/1830/63 249/1826/63
f 247/1830/63 1180/1731/63 428/1762/63
f 1195/1831/63 78/1832/63 79/1833/63
f 78/1832/63 1195/1831/63 426/1834/63
f 925/1835/60 1165/1686/60 915/1807/60
f 1165/1686/60 925/1835/60 1177/1725/60
f 1172/1710/59 922/1836/59 911/1814/59
f 922/1836/59 1172/1710/59 1184/1744/59
f 815/1813/60 1196/1837/60 824/1838/60
f 1196/1837/60 815/1813/60 1192/1810/60
f 1197/1839/63 95/1840/63 96/1841/63
f 95/1840/63 1197/1839/63 444/1842/63
f 920/1843/59 1186/1751/59 887/1799/59
f 1186/1751/59 1164/1683/59 887/1799/59
f 72/1786/63 1190/1787/63 121/1844/63
f 121/1844/63 1190/1787/63 554/1845/63
f 1176/1720/59 927/1846/59 913/1823/59
f 927/1846/59 1176/1720/59 1187/1764/59
f 932/1847/60 1163/1680/60 905/1804/60
f 1163/1680/60 932/1847/60 1188/1769/60
f 1185/1746/63 271/1848/63 235/1808/63
f 271/1848/63 1185/1746/63 512/1791/63
f 1177/1725/62 532/1849/62 481/1774/62
f 532/1849/62 1177/1725/62 925/1835/62
f 1194/1828/59 845/1850/59 818/1829/59
f 845/1850/59 1194/1828/59 1198/1851/59
f 1184/1744/58 930/1852/58 922/1836/58
f 930/1852/58 1184/1744/58 1054/1783/58
f 1189/1777/61 265/1853/61 193/1816/61
f 1189/1777/61 193/1816/61 1182/1736/61
f 1196/1837/59 844/1854/59 824/1838/59
f 844/1854/59 1196/1837/59 1199/1855/59
f 1193/1820/62 538/1856/62 564/1857/62
f 538/1856/62 1193/1820/62 840/1819/62
f 1187/1764/58 935/1858/58 927/1846/58
f 935/1858/58 1187/1764/58 1062/1785/58
f 1191/1795/63 233/1859/63 234/1860/63
f 233/1859/63 1191/1795/63 419/1797/63
f 79/1833/64 1200/1861/64 1195/1831/64
f 1200/1861/64 79/1833/64 103/1862/64
f 1201/1863/58 855/1864/58 854/1865/58
f 855/1864/58 1201/1863/58 1058/1866/58
f 1198/1851/58 859/1867/58 845/1850/58
f 859/1867/58 1198/1851/58 1120/1868/58
f 1199/1855/58 858/1869/58 844/1854/58
f 858/1869/58 1199/1855/58 1117/1870/58
f 1195/1831/62 480/1871/62 426/1834/62
f 480/1871/62 1195/1831/62 895/1872/62
f 1197/1839/62 477/1873/62 444/1842/62
f 477/1873/62 1197/1839/62 890/1874/62
f 96/1841/64 1202/1875/64 1197/1839/64
f 1202/1875/64 96/1841/64 120/1876/64
f 940/1877/60 1186/1751/60 920/1843/60
f 1186/1751/60 940/1877/60 1190/1787/60
f 1192/1810/63 258/1878/63 259/1879/63
f 258/1878/63 1192/1810/63 442/1812/63
f 1203/1880/62 440/1881/62 492/1882/62
f 440/1881/62 1203/1880/62 866/1883/62
f 1188/1769/62 575/1884/62 542/1822/62
f 575/1884/62 1188/1769/62 932/1847/62
f 1204/1885/57 124/1886/57 123/1887/57
f 1204/1885/57 123/1887/57 1076/1888/57
f 1205/1889/57 117/1890/57 116/1891/57
f 1205/1889/57 116/1891/57 1081/1892/57
f 1206/1893/62 458/1894/62 508/1895/62
f 458/1894/62 1206/1893/62 872/1896/62
f 300/1897/64 1189/1777/64 1193/1820/64
f 1189/1777/64 300/1897/64 265/1853/64
f 234/1860/64 1194/1828/64 1191/1795/64
f 1194/1828/64 234/1860/64 285/1898/64
f 1207/1899/59 854/1865/59 860/1900/59
f 854/1865/59 1207/1899/59 1201/1863/59
f 1203/1880/63 198/1901/63 199/1902/63
f 198/1901/63 1203/1880/63 492/1882/63
f 1200/1861/61 103/1862/61 145/1903/61
f 1200/1861/61 145/1903/61 1208/1904/61
f 1201/1863/57 225/1905/57 224/1906/57
f 1201/1863/57 224/1906/57 1058/1866/57
f 1206/1893/63 202/1907/63 203/1908/63
f 202/1907/63 1206/1893/63 508/1895/63
f 259/1879/64 1196/1837/64 1192/1810/64
f 1196/1837/64 259/1879/64 295/1909/64
f 1202/1875/61 120/1876/61 162/1910/61
f 1202/1875/61 162/1910/61 1209/1911/61
f 1190/1787/62 590/1912/62 554/1845/62
f 590/1912/62 1190/1787/62 940/1877/62
f 866/1883/60 1210/1913/60 879/1914/60
f 1210/1913/60 866/1883/60 1203/1880/60
f 1211/1915/61 138/1916/61 117/1890/61
f 1211/1915/61 117/1890/61 1205/1889/61
f 1212/1917/61 153/1918/61 124/1886/61
f 1212/1917/61 124/1886/61 1204/1885/61
f 1193/1820/63 312/1919/63 300/1897/63
f 312/1919/63 1193/1820/63 564/1857/63
f 1194/1828/61 285/1898/61 306/1920/61
f 1194/1828/61 306/1920/61 1198/1851/61
f 895/1872/60 1200/1861/60 924/1921/60
f 1200/1861/60 895/1872/60 1195/1831/60
f 1204/1885/58 908/1922/58 907/1923/58
f 908/1922/58 1204/1885/58 1076/1888/58
f 890/1874/60 1202/1875/60 918/1924/60
f 1202/1875/60 890/1874/60 1197/1839/60
f 872/1896/60 1213/1925/60 882/1926/60
f 1213/1925/60 872/1896/60 1206/1893/60
f 874/1927/60 1207/1899/60 860/1900/60
f 1207/1899/60 874/1927/60 1214/1928/60
f 1208/1904/57 145/1903/57 188/1929/57
f 1208/1904/57 188/1929/57 1149/1930/57
f 1205/1889/58 917/1931/58 916/1932/58
f 917/1931/58 1205/1889/58 1081/1892/58
f 1196/1837/61 295/1909/61 309/1933/61
f 1196/1837/61 309/1933/61 1199/1855/61
f 1198/1851/57 306/1920/57 310/1934/57
f 1198/1851/57 310/1934/57 1120/1868/57
f 1209/1911/57 162/1910/57 215/1935/57
f 1209/1911/57 215/1935/57 1153/1936/57
f 163/1937/64 1211/1915/64 1215/1938/64
f 1211/1915/64 163/1937/64 138/1916/64
f 199/1902/64 1210/1913/64 1203/1880/64
f 1210/1913/64 199/1902/64 246/1939/64
f 1214/1928/62 552/1940/62 591/1941/62
f 552/1940/62 1214/1928/62 874/1927/62
f 1210/1913/59 889/1942/59 879/1914/59
f 889/1942/59 1210/1913/59 1216/1943/59
f 179/1944/64 1212/1917/64 1217/1945/64
f 1212/1917/64 179/1944/64 153/1918/64
f 1199/1855/57 309/1933/57 311/1946/57
f 1199/1855/57 311/1946/57 1117/1870/57
f 203/1908/64 1213/1925/64 1206/1893/64
f 1213/1925/64 203/1908/64 241/1947/64
f 1207/1899/61 277/1948/61 225/1905/61
f 1207/1899/61 225/1905/61 1201/1863/61
f 1213/1925/59 892/1949/59 882/1926/59
f 892/1949/59 1213/1925/59 1218/1950/59
f 1215/1938/63 189/1951/63 163/1937/63
f 189/1951/63 1215/1938/63 588/1952/63
f 1217/1945/63 204/1953/63 179/1944/63
f 204/1953/63 1217/1945/63 595/1954/63
f 1216/1943/58 903/1955/58 889/1942/58
f 903/1955/58 1216/1943/58 1152/1956/58
f 1218/1950/58 906/1957/58 892/1949/58
f 906/1957/58 1218/1950/58 1148/1958/58
f 1202/1875/59 938/1959/59 918/1924/59
f 938/1959/59 1202/1875/59 1209/1911/59
f 1200/1861/59 942/1960/59 924/1921/59
f 942/1960/59 1200/1861/59 1208/1904/59
f 1212/1917/59 907/1923/59 934/1961/59
f 907/1923/59 1212/1917/59 1204/1885/59
f 1210/1913/61 246/1939/61 275/1962/61
f 1210/1913/61 275/1962/61 1216/1943/61
f 1213/1925/61 241/1947/61 270/1963/61
f 1213/1925/61 270/1963/61 1218/1950/61
f 1211/1915/59 916/1932/59 937/1964/59
f 916/1932/59 1211/1915/59 1205/1889/59
f 1218/1950/57 270/1963/57 280/1965/57
f 1218/1950/57 280/1965/57 1148/1958/57
f 302/1966/64 1207/1899/64 1214/1928/64
f 1207/1899/64 302/1966/64 277/1948/64
f 1216/1943/57 275/1962/57 286/1967/57
f 1216/1943/57 286/1967/57 1152/1956/57
f 1209/1911/58 944/1968/58 938/1959/58
f 944/1968/58 1209/1911/58 1153/1936/58
f 1208/1904/58 945/1969/58 942/1960/58
f 945/1969/58 1208/1904/58 1149/1930/58
f 1214/1928/63 308/1970/63 302/1966/63
f 308/1970/63 1214/1928/63 591/1941/63
f 939/1971/60 1212/1917/60 934/1961/60
f 1212/1917/60 939/1971/60 1217/1945/60
f 1217/1945/62 598/1972/62 595/1954/62
f 598/1972/62 1217/1945/62 939/1971/62
f 943/1973/60 1211/1915/60 937/1964/60
f 1211/1915/60 943/1973/60 1215/1938/60
f 1215/1938/62 600/1974/62 588/1952/62
f 600/1974/62 1215/1938/62 943/1973/62
usemtl tex_egg_designer_1_i008p002x
f 1219/1975/65 1220/1976/65 1221/1977/65
f 1222/1978/66 1223/1979/67 1224/1980/66
f 1225/1981/68 1226/1982/69 1223/1979/68
f 1226/1982/69 1224/1980/70 1223/1979/68
f 1227/1983/71 1228/1984/71 1229/1984/71
f 1230/1985/72 1231/1986/72 1232/1987/72
f 1233/1987/73 1231/1986/73 1230/1985/73
f 1234/1983/74 1235/1984/74 1236/1983/74
f 1235/1984/74 1234/1983/74 1237/1984/74
f 1238/1988/75 1231/1986/75 1233/1987/75
f 1232/1987/76 1231/1986/76 1239/1988/76
f 1240/1989/77 1231/1986/77 1238/1988/78
f 1239/1988/79 1231/1986/80 1241/1989/80
f 1240/1989/77 1242/1988/81 1231/1986/77
f 1243/1988/82 1241/1989/80 1231/1986/80
f 1227/1983/83 1244/1984/83 1245/1983/83
f 1244/1984/83 1227/1983/83 1229/1984/83
f 1242/1988/84 1246/1987/84 1231/1986/84
f 1247/1987/85 1243/1988/85 1231/1986/85
f 1248/1984/86 1236/1983/86 1235/1984/86
f 1249/1985/87 1247/1987/87 1231/1986/87
f 1246/1987/88 1249/1985/88 1231/1986/88
f 1250/1990/89 1230/1985/89 1232/1987/89
f 1230/1985/89 1250/1990/89 1251/1991/89
f 1251/1991/90 1252/1990/90 1230/1985/90
f 1230/1985/90 1252/1990/90 1233/1987/90
f 1252/1990/91 1238/1988/91 1233/1987/91
f 1238/1988/91 1252/1990/91 1253/1992/91
f 1250/1990/92 1232/1987/92 1239/1988/92
f 1239/1988/92 1254/1992/92 1250/1990/92
f 1255/1993/93 1240/1989/93 1238/1988/94
f 1238/1988/94 1253/1992/94 1255/1993/93
f 1256/1993/95 1239/1988/96 1241/1989/95
f 1239/1988/96 1256/1993/95 1254/1992/96
f 1257/1994/97 1258/1994/97 1259/1994/97
f 1260/1994/97 1259/1994/97 1258/1994/97
f 1226/1982/98 1261/1995/99 1262/1996/100
f 1261/1995/99 1226/1982/98 1225/1981/99
f 1255/1993/93 1242/1988/101 1240/1989/93
f 1242/1988/101 1255/1993/93 1263/1992/101
f 1256/1993/95 1243/1988/102 1264/1992/102
f 1243/1988/102 1256/1993/95 1241/1989/95
f 1236/1983/86 1248/1984/86 1265/1983/86
f 1266/1990/103 1242/1988/103 1263/1992/103
f 1242/1988/103 1266/1990/103 1246/1987/103
f 1267/1990/104 1243/1988/104 1247/1987/104
f 1243/1988/104 1267/1990/104 1264/1992/104
f 1268/1978/105 1269/1979/106 1270/1980/105
f 1249/1985/107 1267/1990/107 1247/1987/107
f 1267/1990/107 1249/1985/107 1271/1991/107
f 1271/1991/108 1249/1985/108 1266/1990/108
f 1266/1990/108 1249/1985/108 1246/1987/108
f 1272/1997/109 1273/1998/109 1274/1999/109
f 1237/1984/110 1275/1983/110 1276/1984/110
f 1277/2000/111 1278/2001/111 1251/1991/111
f 1251/1991/111 1278/2001/111 1252/1990/111
f 1279/2001/112 1251/1991/112 1250/1990/112
f 1251/1991/112 1279/2001/112 1277/2000/112
f 1273/1998/113 1280/2002/113 1274/1999/113
f 1275/1983/110 1237/1984/110 1234/1983/110
f 1278/2001/114 1253/1992/114 1252/1990/114
f 1253/1992/114 1278/2001/114 1281/2003/114
f 1282/2004/115 1283/2005/115 1284/2006/115
f 1250/1990/116 1254/1992/116 1279/2001/116
f 1254/1992/116 1285/2003/116 1279/2001/116
f 1286/2007/117 1245/1983/117 1244/1984/117
f 1244/1984/117 1287/1994/117 1286/2007/117
f 1255/1993/118 1253/1992/119 1288/2008/118
f 1253/1992/119 1281/2003/119 1288/2008/118
f 1289/2005/120 1290/2009/120 1291/2006/120
f 1290/2009/120 1289/2005/120 1292/2010/120
f 1293/2011/121 1294/2012/121 1295/2013/121
f 1284/2006/122 1283/2005/122 1296/2009/122
f 1297/2010/122 1296/2009/122 1283/2005/122
f 1298/2008/123 1254/1992/124 1256/1993/123
f 1254/1992/124 1298/2008/123 1285/2003/124
f 1299/1981/125 1300/1980/126 1301/1979/125
f 1300/1980/126 1299/1981/125 1302/1982/126
f 1303/2014/58 1222/2015/66 1224/2016/66
f 1304/2014/127 1268/2015/105 1270/2016/105
f 1288/2008/118 1263/1992/128 1255/1993/118
f 1263/1992/128 1288/2008/118 1305/2003/128
f 1298/2008/123 1264/1992/129 1306/2003/129
f 1264/1992/129 1298/2008/123 1256/1993/123
f 1287/1994/130 1307/2007/130 1286/2007/130
f 1308/1978/131 1309/1979/132 1310/1980/131
f 1311/1978/133 1301/1979/134 1300/1980/133
f 1312/2001/135 1263/1992/135 1305/2003/135
f 1263/1992/135 1312/2001/135 1266/1990/135
f 1313/2017/136 1293/2018/136 1295/2019/136
f 1314/2007/137 1315/1994/137 1316/2007/137
f 1317/1994/137 1316/2007/137 1315/1994/137
f 1318/2001/138 1264/1992/138 1267/1990/138
f 1264/1992/138 1318/2001/138 1306/2003/138
f 1271/1991/139 1318/2001/139 1267/1990/139
f 1318/2001/139 1271/1991/139 1319/2000/139
f 1312/2001/140 1319/2000/140 1271/1991/140
f 1312/2001/140 1271/1991/140 1266/1990/140
f 1320/2004/141 1321/2005/141 1322/2006/141
f 1323/1981/142 1324/1982/143 1309/1979/142
f 1324/1982/143 1310/1980/143 1309/1979/142
f 1325/1995/144 1302/1982/145 1299/1981/144
f 1302/1982/145 1325/1995/144 1326/1996/145
f 1226/2020/69 1327/2021/146 1303/2014/146
f 1226/2020/69 1303/2014/146 1224/2016/70
f 1328/2022/147 1278/2001/147 1277/2000/147
f 1278/2001/147 1328/2022/147 1329/2023/147
f 1330/2023/148 1328/2022/148 1279/2001/148
f 1279/2001/148 1328/2022/148 1277/2000/148
f 1290/2009/149 1331/2017/149 1332/2019/149
f 1331/2017/149 1290/2009/149 1292/2010/149
f 1333/1994/150 1334/1994/150 1335/1994/150
f 1334/1994/150 1333/1994/150 1336/1994/150
f 1329/2023/151 1281/2003/151 1278/2001/151
f 1281/2003/151 1329/2023/151 1337/2024/151
f 1338/1994/152 1259/1994/152 1339/1994/152
f 1259/1994/152 1338/1994/152 1257/1994/152
f 1340/2004/153 1289/2005/153 1291/2006/153
f 1341/1994/154 1342/1994/154 1343/1994/154
f 1344/1994/154 1342/1994/154 1341/1994/154
f 1279/2001/155 1285/2003/155 1330/2023/155
f 1285/2003/155 1345/2024/155 1330/2023/155
f 1346/2021/156 1300/2016/126 1302/2020/126
f 1300/2016/126 1346/2021/156 1347/2014/156
f 1275/1983/157 1348/1994/157 1276/1984/157
f 1348/1994/157 1275/1983/157 1349/2007/157
f 1348/1994/158 1350/2007/158 1351/1994/158
f 1343/1994/159 1352/1994/159 1353/1994/159
f 1352/1994/159 1343/1994/159 1342/1994/159
f 1341/1994/160 1333/1994/160 1344/1994/160
f 1335/1994/160 1344/1994/160 1333/1994/160
f 1270/1980/161 1354/1981/162 1355/1982/161
f 1354/1981/162 1270/1980/161 1269/1979/162
f 1337/2024/163 1356/2025/164 1281/2003/163
f 1288/2008/164 1281/2003/163 1356/2025/164
f 1347/2014/165 1311/2015/133 1300/2016/133
f 1261/1995/166 1357/2026/167 1262/1996/168
f 1338/1994/169 1351/2007/169 1350/2007/169
f 1358/2025/170 1285/2003/171 1298/2008/170
f 1285/2003/171 1358/2025/170 1345/2024/171
f 1359/2027/172 1360/2028/173 1361/2029/174
f 1360/2028/173 1359/2027/172 1362/2030/173
f 1361/2029/174 1219/1975/175 1359/2027/172
f 1219/1975/175 1361/2029/174 1220/1976/175
f 1363/2014/176 1308/2015/131 1310/2016/131
f 1248/1984/177 1364/1983/177 1265/1983/177
f 1364/1983/177 1248/1984/177 1228/1984/177
f 1365/2014/178 1366/2015/179 1367/2016/179
f 1368/2010/180 1322/2006/180 1321/2005/180
f 1322/2006/180 1368/2010/180 1369/2009/180
f 1305/2003/181 1288/2008/164 1356/2025/164
f 1305/2003/181 1356/2025/164 1370/2024/181
f 1358/2025/170 1306/2003/182 1371/2024/182
f 1306/2003/182 1358/2025/170 1298/2008/170
f 1315/1994/183 1353/1994/183 1317/1994/183
f 1317/1994/183 1353/1994/183 1352/1994/183
f 1372/2031/184 1302/2020/145 1326/2032/145
f 1302/2020/145 1372/2031/184 1346/2021/184
f 1363/2014/185 1324/2020/143 1373/2021/185
f 1324/2020/143 1363/2014/185 1310/2016/143
f 1366/1978/179 1374/1979/186 1367/1980/179
f 1375/2023/187 1305/2003/187 1370/2024/187
f 1305/2003/187 1375/2023/187 1312/2001/187
f 1376/1994/188 1316/2007/188 1307/2007/188
f 1316/2007/188 1376/1994/188 1314/1994/188
f 1323/1981/189 1377/1996/190 1324/1982/191
f 1377/1996/190 1323/1981/189 1378/1995/189
f 1379/2023/192 1306/2003/192 1318/2001/192
f 1306/2003/192 1379/2023/192 1371/2024/192
f 1350/2007/158 1348/1994/158 1349/2007/158
f 1380/2021/193 1270/2016/161 1355/2020/161
f 1270/2016/161 1380/2021/193 1304/2014/193
f 1381/2022/194 1379/2023/194 1318/2001/194
f 1318/2001/194 1319/2000/194 1381/2022/194
f 1381/2022/195 1312/2001/195 1375/2023/195
f 1312/2001/195 1381/2022/195 1319/2000/195
f 1382/2033/196 1383/2034/197 1384/2035/198
f 1385/2014/199 1386/2015/200 1387/2016/201
f 1325/1995/202 1388/2026/203 1326/1996/204
f 1389/2036/205 1382/2037/196 1384/2038/198
f 1262/2032/100 1390/2031/206 1327/2021/206
f 1262/2032/100 1327/2021/206 1226/2020/98
f 1367/2016/207 1391/2020/207 1365/2014/208
f 1391/2020/207 1392/2021/208 1365/2014/208
f 1393/2039/209 1294/2012/209 1394/2040/209
f 1294/2012/209 1393/2039/209 1295/2013/209
f 1296/2009/210 1297/2010/210 1395/2019/210
f 1396/2017/210 1395/2019/210 1297/2010/210
f 1397/2041/211 1219/1975/211 1221/1977/211
f 1391/1982/207 1374/1979/212 1398/1981/212
f 1374/1979/212 1391/1982/207 1367/1980/207
f 1351/2007/169 1338/1994/169 1339/1994/169
f 1399/2042/213 1384/2035/214 1400/2043/215
f 1384/2035/214 1383/2034/215 1400/2043/215
f 1393/2009/216 1401/2010/216 1295/2019/216
f 1295/2019/216 1401/2010/216 1313/2017/216
f 1402/2044/217 1403/2045/217 1404/2039/217
f 1403/2045/217 1402/2044/217 1405/2046/217
f 1228/1984/71 1227/1983/71 1364/1983/71
f 1324/2020/191 1406/2031/218 1373/2021/218
f 1406/2031/218 1324/2020/191 1377/2032/190
f 1388/2047/203 1372/2031/219 1326/2032/204
f 1331/2017/220 1407/2018/220 1332/2019/220
f 1399/2048/213 1389/2036/221 1384/2038/214
f 1389/2036/221 1399/2048/213 1408/2049/221
f 1409/2047/222 1410/2031/223 1411/2032/224
f 1412/1995/225 1409/2026/222 1411/1996/224
f 1413/2021/226 1387/2016/227 1414/2020/228
f 1387/2016/227 1413/2021/226 1385/2014/226
f 1405/2046/229 1415/2050/229 1403/2045/229
f 1416/2051/230 1320/2052/230 1322/2053/230
f 1417/2054/231 1418/2055/232 1419/2056/231
f 1378/1995/233 1420/2026/234 1377/1996/235
f 1307/2007/130 1287/1994/130 1376/1994/130
f 1421/2012/236 1404/2039/236 1422/2013/236
f 1404/2039/236 1421/2012/236 1402/2044/236
f 1423/2046/237 1424/2039/237 1425/2040/237
f 1424/2039/237 1423/2046/237 1426/2045/237
f 1427/2057/238 1329/2023/238 1328/2022/238
f 1329/2023/238 1427/2057/238 1428/2058/238
f 1429/2058/239 1427/2057/239 1330/2023/239
f 1330/2023/239 1427/2057/239 1328/2022/239
f 1430/2059/240 1431/2060/240 1432/2061/240
f 1432/2061/241 1431/2060/241 1433/2059/241
f 1433/2059/242 1431/2060/242 1434/2062/242
f 1435/2047/243 1436/2031/244 1437/2032/245
f 1438/2063/246 1417/2064/231 1419/2065/231
f 1439/2062/247 1431/2060/247 1430/2059/247
f 1337/2024/248 1329/2023/248 1440/2066/248
f 1329/2023/248 1428/2058/248 1440/2066/248
f 1434/2062/249 1431/2060/250 1441/2067/250
f 1442/2067/251 1431/2060/251 1439/2062/252
f 1391/2020/253 1443/2031/254 1392/2021/254
f 1443/2031/254 1391/2020/253 1444/2032/253
f 1445/2062/255 1441/2067/250 1431/2060/250
f 1446/2066/256 1330/2023/256 1345/2024/256
f 1330/2023/256 1446/2066/256 1429/2058/256
f 1447/2068/257 1399/2042/258 1448/2069/259
f 1399/2042/258 1400/2043/259 1448/2069/259
f 1442/2067/251 1449/2062/260 1431/2060/251
f 1450/2059/261 1445/2062/261 1431/2060/261
f 1451/2063/262 1452/2064/263 1453/2065/264
f 1449/2062/265 1454/2059/265 1431/2060/265
f 1455/2019/266 1368/2010/266 1456/2017/266
f 1368/2010/266 1455/2019/266 1369/2009/266
f 1412/1995/267 1457/1982/268 1458/1981/267
f 1457/1982/268 1412/1995/267 1411/1996/269
f 1355/1982/270 1459/1995/271 1460/1996/270
f 1459/1995/271 1355/1982/270 1354/1981/271
f 1454/2059/272 1461/2061/272 1431/2060/272
f 1461/2061/273 1450/2059/273 1431/2060/273
f 1410/2031/274 1457/2020/268 1411/2032/269
f 1457/2020/268 1410/2031/274 1462/2021/274
f 1423/2046/275 1463/2050/275 1426/2045/275
f 1464/2070/276 1416/2051/276 1369/2071/276
f 1369/2071/276 1416/2051/276 1322/2053/276
f 1465/2072/277 1466/2073/277 1467/2073/277
f 1466/2073/277 1465/2072/277 1468/2072/277
f 1356/2025/278 1337/2024/279 1469/2074/278
f 1337/2024/279 1440/2066/279 1469/2074/278
f 1357/2047/167 1390/2031/280 1262/2032/168
f 1470/2075/281 1399/2048/258 1447/2076/257
f 1399/2048/258 1470/2075/281 1408/2049/281
f 1471/2036/282 1472/2037/283 1473/2038/283
f 1474/1995/284 1391/1982/253 1398/1981/284
f 1391/1982/253 1474/1995/284 1444/1996/253
f 1475/2072/285 1466/2073/285 1468/2072/285
f 1466/2073/285 1475/2072/285 1476/2073/285
f 1477/2077/286 1345/2024/287 1358/2025/286
f 1345/2024/287 1477/2077/286 1446/2066/287
f 1478/2040/288 1479/2013/288 1480/2012/288
f 1479/2013/288 1478/2040/288 1481/2039/288
f 1420/2047/234 1406/2031/289 1377/2032/235
f 1482/2078/290 1273/1998/290 1483/2079/290
f 1483/2079/290 1273/1998/290 1272/1997/290
f 1472/2033/283 1484/2034/291 1473/2035/283
f 1485/2046/292 1481/2039/292 1478/2040/292
f 1481/2039/292 1485/2046/292 1486/2045/292
f 1425/2040/293 1487/2013/293 1488/2012/293
f 1487/2013/293 1425/2040/293 1424/2039/293
f 1273/1998/294 1489/2080/294 1280/2002/294
f 1489/2080/294 1273/1998/294 1482/2078/294
f 1436/2031/295 1490/2020/296 1437/2032/297
f 1490/2020/296 1436/2031/295 1491/2021/295
f 1386/1978/200 1492/1979/298 1387/1980/201
f 1430/2059/299 1493/2081/299 1494/2082/299
f 1493/2081/299 1430/2059/299 1432/2061/299
f 1433/2059/300 1493/2081/300 1432/2061/300
f 1495/2082/300 1493/2081/300 1433/2059/300
f 1356/2025/278 1469/2074/278 1370/2024/301
f 1370/2024/301 1469/2074/278 1496/2066/301
f 1497/2083/302 1433/2059/302 1434/2062/302
f 1433/2059/302 1497/2083/302 1495/2082/302
f 1498/2073/303 1476/2073/303 1475/2072/303
f 1499/2083/304 1430/2059/304 1494/2082/304
f 1430/2059/304 1499/2083/304 1439/2062/304
f 1220/1976/305 1500/2084/305 1221/1977/305
f 1418/2055/306 1501/2085/307 1419/2056/307
f 1501/2085/307 1418/2055/306 1502/2086/306
f 1477/2077/286 1371/2024/308 1503/2066/308
f 1371/2024/308 1477/2077/286 1358/2025/286
f 1504/2087/309 1434/2062/310 1441/2067/309
f 1434/2062/310 1504/2087/309 1497/2083/310
f 1451/2063/311 1505/2088/312 1506/2089/311
f 1505/2088/312 1451/2063/311 1453/2065/313
f 1439/2062/314 1499/2083/314 1507/2087/315
f 1507/2087/315 1442/2067/315 1439/2062/314
f 1508/1982/316 1509/1979/317 1510/1981/317
f 1509/1979/317 1508/1982/316 1511/1980/318
f 1512/2031/319 1355/2020/270 1460/2032/270
f 1355/2020/270 1512/2031/319 1380/2021/319
f 1513/1995/320 1508/1982/321 1510/1981/320
f 1508/1982/321 1513/1995/320 1514/1996/321
f 1370/2024/322 1496/2066/322 1375/2023/322
f 1375/2023/322 1496/2066/322 1515/2058/322
f 1445/2062/323 1504/2087/309 1441/2067/309
f 1504/2087/309 1445/2062/323 1516/2083/323
f 1426/2006/324 1517/2005/324 1424/2009/324
f 1518/2010/324 1424/2009/324 1517/2005/324
f 1503/2066/325 1379/2023/325 1519/2058/325
f 1379/2023/325 1503/2066/325 1371/2024/325
f 1449/2062/326 1507/2087/315 1520/2083/326
f 1507/2087/315 1449/2062/326 1442/2067/315
f 1521/2090/327 1428/2058/327 1427/2057/327
f 1428/2058/327 1521/2090/327 1522/2091/327
f 1523/2091/328 1521/2090/328 1429/2058/328
f 1429/2058/328 1521/2090/328 1427/2057/328
f 1465/2072/329 1524/2073/329 1525/2072/329
f 1467/2073/329 1524/2073/329 1465/2072/329
f 1471/2036/330 1526/2048/331 1527/2049/330
f 1526/2048/331 1471/2036/330 1473/2038/331
f 1516/2083/332 1450/2059/332 1528/2082/332
f 1450/2059/332 1516/2083/332 1445/2062/332
f 1498/2073/303 1475/2072/303 1529/2072/303
f 1530/2057/333 1375/2023/333 1515/2058/333
f 1375/2023/333 1530/2057/333 1381/2022/333
f 1519/2058/334 1379/2023/334 1530/2057/334
f 1379/2023/334 1381/2022/334 1530/2057/334
f 1520/2083/335 1454/2059/335 1449/2062/335
f 1454/2059/335 1520/2083/335 1531/2082/335
f 1440/2066/336 1428/2058/336 1532/2092/336
f 1428/2058/336 1522/2091/336 1532/2092/336
f 1419/2065/307 1501/2088/307 1438/2063/337
f 1438/2063/337 1501/2088/307 1533/2089/337
f 1526/2042/331 1484/2034/338 1534/2043/338
f 1484/2034/338 1526/2042/331 1473/2035/331
f 1535/1978/339 1509/1979/340 1511/1980/341
f 1396/2017/342 1536/2018/342 1395/2019/342
f 1528/2082/343 1450/2059/343 1537/2081/343
f 1537/2081/343 1450/2059/343 1461/2061/343
f 1538/2014/344 1511/2016/318 1508/2020/316
f 1508/2020/316 1539/2021/344 1538/2014/344
f 1454/2059/345 1537/2081/345 1461/2061/345
f 1537/2081/345 1454/2059/345 1531/2082/345
f 1540/2092/346 1429/2058/346 1446/2066/346
f 1429/2058/346 1540/2092/346 1523/2091/346
f 1541/2031/347 1414/2020/348 1542/2032/348
f 1414/2020/348 1541/2031/347 1413/2021/347
f 1539/2021/349 1508/2020/321 1514/2032/321
f 1539/2021/349 1514/2032/321 1543/2031/349
f 1448/2069/350 1544/2093/351 1447/2068/352
f 1463/2004/353 1517/2005/353 1426/2006/353
f 1545/2011/354 1480/2012/354 1479/2013/354
f 1469/2074/355 1440/2066/356 1546/2094/355
f 1440/2066/356 1532/2092/356 1546/2094/355
f 1485/2046/357 1547/2050/357 1486/2045/357
f 1452/2054/263 1548/2055/358 1453/2056/264
f 1538/2014/359 1535/2015/339 1511/2016/341
f 1513/1995/360 1549/2026/361 1514/1996/362
f 1540/2092/363 1446/2066/363 1550/2095/363
f 1550/2095/363 1446/2066/363 1477/2077/363
f 1544/2096/351 1470/2075/364 1447/2076/352
f 1551/2097/365 1506/2089/366 1505/2088/367
f 1552/2011/368 1421/2012/368 1422/2013/368
f 1424/2009/369 1518/2010/369 1487/2019/369
f 1487/2019/369 1518/2010/369 1553/2017/369
f 1554/2098/370 1521/2090/370 1555/2099/370
f 1521/2090/370 1554/2098/370 1522/2091/370
f 1556/2100/371 1557/2101/371 1558/2102/372
f 1559/2098/373 1521/2090/373 1523/2091/373
f 1521/2090/373 1559/2098/373 1555/2099/373
f 1493/2081/374 1495/2082/374 1560/2103/374
f 1561/2104/374 1560/2103/374 1495/2082/374
f 1469/2074/355 1546/2094/355 1496/2066/375
f 1496/2066/375 1546/2094/355 1562/2092/375
f 1494/2082/376 1560/2103/376 1563/2104/376
f 1560/2103/376 1494/2082/376 1493/2081/376
f 1491/2021/377 1564/2014/377 1490/2020/378
f 1490/2020/378 1564/2014/377 1565/2016/379
f 1532/2092/380 1554/2098/380 1566/2105/380
f 1554/2098/380 1532/2092/380 1522/2091/380
f 1567/1981/381 1414/1982/228 1492/1979/381
f 1414/1982/228 1387/1980/227 1492/1979/381
f 1568/2106/382 1561/2104/382 1497/2083/382
f 1561/2104/382 1495/2082/382 1497/2083/382
f 1549/2047/361 1543/2031/383 1514/2032/362
f 1503/2066/384 1569/2092/384 1570/2095/384
f 1570/2095/384 1477/2077/384 1503/2066/384
f 1458/1981/385 1457/1982/386 1571/1979/385
f 1457/1982/386 1572/1980/387 1571/1979/385
f 1573/2072/388 1498/2073/388 1529/2072/388
f 1559/2098/389 1540/2092/389 1574/2105/389
f 1540/2092/389 1559/2098/389 1523/2091/389
f 1563/2104/390 1499/2083/390 1494/2082/390
f 1499/2083/390 1563/2104/390 1575/2106/390
f 1576/2046/391 1282/2050/391 1284/2045/391
f 1577/2086/392 1578/2107/393 1579/2085/393
f 1502/2086/394 1580/2107/395 1501/2085/396
f 1462/2021/397 1572/2016/387 1457/2020/386
f 1572/2016/387 1462/2021/397 1581/2014/397
f 1524/2073/398 1582/2072/398 1525/2072/398
f 1556/2108/371 1583/2109/399 1557/2110/371
f 1505/2085/312 1548/2055/400 1584/2086/400
f 1548/2055/400 1505/2085/312 1453/2056/313
f 1585/2011/401 1488/2012/401 1487/2013/401
f 1496/2066/402 1562/2092/402 1515/2058/402
f 1515/2058/402 1562/2092/402 1586/2091/402
f 1587/2111/403 1497/2083/404 1504/2087/403
f 1497/2083/404 1587/2111/403 1568/2106/404
f 1566/2105/405 1546/2094/406 1532/2092/405
f 1546/2094/406 1566/2105/405 1588/2112/406
f 1291/2045/407 1589/2040/407 1590/2046/407
f 1589/2040/407 1291/2045/407 1290/2039/407
f 1591/2047/408 1443/2031/409 1444/2032/408
f 1569/2092/410 1519/2058/410 1592/2091/410
f 1519/2058/410 1569/2092/410 1503/2066/410
f 1499/2083/411 1593/2113/412 1507/2087/412
f 1499/2083/411 1594/2114/411 1593/2113/412
f 1594/2114/411 1499/2083/411 1575/2106/411
f 1595/2115/413 1596/2116/414 1597/2117/413
f 1574/2105/415 1550/2095/415 1598/2118/415
f 1550/2095/415 1574/2105/415 1540/2092/415
f 1599/1995/416 1435/2026/243 1437/1996/245
f 1600/2119/417 1595/2120/413 1597/2121/413
f 1601/2122/418 1602/2123/418 1555/2099/418
f 1555/2099/418 1602/2123/418 1554/2098/418
f 1603/2090/419 1515/2058/419 1586/2091/419
f 1515/2058/419 1603/2090/419 1530/2057/419
f 1604/2123/420 1555/2099/420 1559/2098/420
f 1555/2099/420 1604/2123/420 1601/2122/420
f 1561/2104/421 1601/2122/421 1560/2103/421
f 1601/2122/421 1561/2104/421 1602/2123/421
f 1592/2091/422 1519/2058/422 1603/2090/422
f 1519/2058/422 1530/2057/422 1603/2090/422
f 1563/2104/423 1601/2122/423 1604/2123/423
f 1601/2122/423 1563/2104/423 1560/2103/423
f 1587/2111/403 1516/2083/424 1605/2106/424
f 1516/2083/424 1587/2111/403 1504/2087/403
f 1606/2124/425 1558/2102/415 1557/2101/425
f 1558/2102/415 1606/2124/425 1607/2125/415
f 1608/2126/412 1609/2127/412 1610/2128/411
f 1580/2097/395 1533/2089/426 1501/2088/396
f 1526/2048/427 1611/2075/428 1527/2049/428
f 1611/2075/428 1526/2048/427 1612/2076/427
f 1602/2123/429 1613/2129/429 1554/2098/429
f 1554/2098/429 1613/2129/429 1566/2105/429
f 1474/1995/430 1591/2026/408 1444/1996/408
f 1614/2130/431 1597/2117/432 1596/2116/431
f 1597/2117/432 1614/2130/431 1615/2131/432
f 1578/2097/393 1616/2089/433 1579/2088/393
f 1617/2114/434 1520/2083/434 1593/2113/412
f 1520/2083/434 1507/2087/412 1593/2113/412
f 1520/2083/434 1617/2114/434 1618/2106/434
f 1561/2104/435 1568/2106/435 1602/2123/435
f 1613/2129/435 1602/2123/435 1568/2106/435
f 1590/2046/436 1340/2050/436 1291/2045/436
f 1612/2068/427 1526/2042/427 1619/2069/437
f 1526/2042/427 1534/2043/437 1619/2069/437
f 1597/2121/432 1620/2132/438 1600/2119/438
f 1620/2132/438 1597/2121/432 1615/2133/432
f 1546/2094/406 1621/2105/439 1562/2092/439
f 1621/2105/439 1546/2094/406 1588/2112/406
f 1622/2129/440 1559/2098/440 1574/2105/440
f 1559/2098/440 1622/2129/440 1604/2123/440
f 1575/2106/441 1604/2123/441 1622/2129/441
f 1604/2123/441 1575/2106/441 1563/2104/441
f 1623/2046/442 1624/2045/442 1393/2039/442
f 1393/2039/442 1394/2040/442 1623/2046/442
f 1625/2105/443 1570/2095/443 1569/2092/443
f 1570/2095/443 1625/2105/443 1626/2118/443
f 1516/2083/444 1627/2104/444 1605/2106/444
f 1627/2104/444 1516/2083/444 1528/2082/444
f 1599/1995/445 1490/1982/296 1628/1981/445
f 1490/1982/296 1599/1995/445 1437/1996/297
f 1520/2083/446 1629/2104/446 1531/2082/446
f 1629/2104/446 1520/2083/446 1618/2106/446
f 1608/2134/412 1630/2135/434 1609/2136/412
f 1606/2137/425 1583/2109/443 1631/2138/443
f 1583/2109/443 1606/2137/425 1557/2110/425
f 1613/2129/447 1588/2112/448 1566/2105/447
f 1588/2112/448 1613/2129/447 1632/2139/448
f 1632/2139/449 1568/2106/450 1587/2111/449
f 1568/2106/450 1632/2139/449 1613/2129/450
f 1284/2045/451 1296/2039/451 1576/2046/451
f 1296/2039/451 1633/2040/451 1576/2046/451
f 1634/2055/452 1579/2085/453 1635/2056/453
f 1579/2085/453 1634/2055/452 1577/2086/452
f 1584/2086/454 1551/2107/365 1505/2085/367
f 1537/2081/455 1636/2103/455 1528/2082/455
f 1636/2103/455 1627/2104/455 1528/2082/455
f 1562/2092/456 1637/2098/456 1586/2091/456
f 1637/2098/456 1562/2092/456 1621/2105/456
f 1531/2082/457 1636/2103/457 1537/2081/457
f 1636/2103/457 1531/2082/457 1629/2104/457
f 1622/2129/458 1598/2118/458 1638/2140/458
f 1598/2118/458 1622/2129/458 1574/2105/458
f 1575/2106/459 1638/2140/459 1594/2114/459
f 1638/2140/459 1575/2106/459 1622/2129/459
f 1639/2005/460 1393/2009/460 1624/2006/460
f 1393/2009/460 1639/2005/460 1401/2010/460
f 1369/2071/461 1640/2141/461 1464/2070/461
f 1640/2141/461 1369/2071/461 1455/2142/461
f 1641/2098/462 1625/2105/462 1569/2092/462
f 1641/2098/462 1569/2092/462 1592/2091/462
f 1642/2143/458 1606/2124/463 1643/2144/463
f 1606/2124/463 1642/2143/458 1607/2125/458
f 1610/2128/459 1643/2144/464 1608/2126/464
f 1643/2144/464 1610/2128/459 1642/2143/459
f 1644/2145/465 1645/2145/465 1646/2145/465
f 1645/2145/465 1644/2145/465 1647/2145/465
f 1637/2098/466 1648/2099/466 1603/2090/466
f 1603/2090/466 1586/2091/466 1637/2098/466
f 1641/2098/467 1603/2090/467 1648/2099/467
f 1603/2090/467 1641/2098/467 1592/2091/467
f 1588/2112/448 1649/2129/468 1621/2105/468
f 1649/2129/468 1588/2112/448 1632/2139/448
f 1632/2139/449 1605/2106/469 1649/2129/469
f 1605/2106/469 1632/2139/449 1587/2111/449
f 1650/2146/470 1615/2131/471 1614/2130/470
f 1615/2131/471 1650/2146/470 1651/2147/471
f 1652/2012/472 1290/2039/472 1332/2013/472
f 1290/2039/472 1652/2012/472 1589/2040/472
f 1653/2005/473 1654/2010/473 1481/2009/473
f 1481/2009/473 1486/2006/473 1653/2005/473
f 1615/2133/471 1655/2148/474 1620/2132/474
f 1655/2148/474 1615/2133/471 1651/2149/471
f 1656/2140/475 1618/2106/475 1617/2114/475
f 1618/2106/475 1656/2140/475 1657/2129/475
f 1564/2014/476 1658/2015/477 1565/2016/478
f 1481/2009/479 1654/2010/479 1479/2019/479
f 1479/2019/479 1654/2010/479 1659/2017/479
f 1626/2118/480 1657/2129/480 1656/2140/480
f 1657/2129/480 1626/2118/480 1625/2105/480
f 1553/2017/481 1585/2018/481 1487/2019/481
f 1660/2145/482 1661/2145/482 1662/2145/482
f 1661/2145/482 1660/2145/482 1663/2145/482
f 1456/2017/483 1664/2018/483 1455/2019/483
f 1608/2134/464 1643/2150/464 1630/2135/475
f 1643/2150/464 1665/2151/475 1630/2135/475
f 1665/2151/480 1643/2150/463 1606/2137/463
f 1606/2137/463 1631/2138/480 1665/2151/480
f 1627/2104/484 1666/2123/484 1605/2106/484
f 1666/2123/484 1649/2129/484 1605/2106/484
f 1635/2065/453 1579/2088/453 1667/2063/485
f 1616/2089/485 1667/2063/485 1579/2088/453
f 1498/2073/388 1573/2072/388 1668/2073/388
f 1669/2145/486 1663/2145/486 1660/2145/486
f 1670/2145/486 1663/2145/486 1669/2145/486
f 1669/2145/487 1671/2145/487 1670/2145/487
f 1670/2145/487 1671/2145/487 1672/2145/487
f 1666/2123/488 1637/2098/488 1649/2129/488
f 1637/2098/488 1621/2105/488 1649/2129/488
f 1618/2106/489 1673/2123/489 1629/2104/489
f 1673/2123/489 1618/2106/489 1657/2129/489
f 1459/1995/490 1674/2026/491 1460/1996/492
f 1582/2072/398 1524/2073/398 1675/2073/398
f 1657/2129/493 1641/2098/493 1673/2123/493
f 1641/2098/493 1657/2129/493 1625/2105/493
f 1636/2103/494 1676/2122/494 1627/2104/494
f 1676/2122/494 1666/2123/494 1627/2104/494
f 1676/2122/495 1648/2099/495 1666/2123/495
f 1648/2099/495 1637/2098/495 1666/2123/495
f 1629/2104/496 1676/2122/496 1636/2103/496
f 1676/2122/496 1629/2104/496 1673/2123/496
f 1673/2123/497 1648/2099/497 1676/2122/497
f 1648/2099/497 1673/2123/497 1641/2098/497
f 1677/1978/498 1571/1979/499 1572/1980/498
f 1678/2096/500 1611/2075/501 1612/2076/500
f 1619/2069/502 1678/2093/500 1612/2068/500
f 1679/2152/503 1661/2145/503 1680/2152/503
f 1661/2145/503 1679/2152/503 1662/2145/503
f 1581/2014/504 1677/2015/498 1572/2016/498
f 1681/1979/505 1628/1981/505 1490/1982/378
f 1490/1982/378 1565/1980/379 1681/1979/505
f 1682/2047/506 1541/2031/507 1542/2032/508
f 1547/2004/509 1653/2005/509 1486/2006/509
f 1671/2145/510 1683/2145/510 1672/2145/510
f 1672/2145/510 1683/2145/510 1684/2145/510
f 1659/2017/511 1545/2018/511 1479/2019/511
f 1650/2146/512 1685/2153/513 1651/2147/513
f 1685/2154/513 1655/2148/514 1651/2149/513
f 1674/2047/491 1512/2031/515 1460/2032/492
f 1414/1982/348 1567/1981/516 1542/1996/348
f 1686/1995/516 1542/1996/348 1567/1981/516
f 1228/2155/517 1687/2156/517 1688/2156/517
f 1689/2145/518 1679/2145/518 1690/2152/518
f 1690/2152/518 1679/2145/518 1680/2152/518
f 1691/2054/519 1634/2055/520 1635/2056/519
f 1692/2145/521 1573/2072/521 1693/2152/521
f 1573/2072/521 1692/2145/521 1668/2073/521
f 1407/2011/522 1652/2012/522 1332/2013/522
f 1694/2145/523 1582/2072/523 1675/2073/523
f 1582/2072/523 1694/2145/523 1695/2152/523
f 1626/2157/524 1583/2158/524 1570/2159/524
f 1583/2158/524 1626/2157/524 1631/2160/524
f 1556/2161/525 1570/2159/525 1583/2158/525
f 1570/2159/525 1556/2161/525 1477/2162/525
f 1696/2163/526 1697/2164/526 1698/2165/526
f 1697/2164/526 1696/2163/526 1699/2166/526
f 1700/2167/527 1696/2163/527 1701/2168/527
f 1696/2163/527 1700/2167/527 1699/2166/527
f 1362/2030/528 1702/2169/529 1703/2170/528
f 1702/2169/529 1362/2030/528 1359/2027/530
f 1359/2027/530 1219/1975/531 1702/2169/529
f 1702/2169/529 1219/1975/531 1397/2041/531
f 1658/1978/477 1681/1979/532 1565/1980/478
f 1626/2157/533 1656/2171/533 1665/2172/533
f 1626/2157/533 1665/2172/533 1631/2160/533
f 1683/2145/534 1646/2145/534 1684/2145/534
f 1684/2145/534 1646/2145/534 1645/2145/534
f 1556/2161/535 1550/2173/535 1477/2162/535
f 1550/2173/535 1556/2161/535 1558/2174/535
f 1609/2175/536 1630/2176/536 1617/2177/536
f 1617/2177/536 1593/2178/536 1609/2175/536
f 1630/2176/537 1665/2172/537 1656/2171/537
f 1656/2171/537 1617/2177/537 1630/2176/537
f 1704/2179/538 1705/2180/538 1706/2179/538
f 1558/2174/539 1607/2181/539 1598/2182/539
f 1598/2182/539 1550/2173/539 1558/2174/539
f 1633/2040/540 1296/2039/540 1395/2013/540
f 1395/2013/540 1707/2012/540 1633/2040/540
f 1598/2182/541 1642/2183/541 1638/2184/541
f 1642/2183/541 1598/2182/541 1607/2181/541
f 1708/2185/542 1376/2186/542 1709/2185/542
f 1415/2004/543 1710/2005/543 1403/2006/543
f 1610/2187/544 1638/2184/544 1642/2183/544
f 1638/2184/544 1610/2187/544 1594/2188/544
f 1609/2175/545 1594/2188/545 1610/2187/545
f 1594/2188/545 1609/2175/545 1593/2178/545
f 1667/2063/546 1691/2064/519 1635/2065/519
f 1711/2010/547 1403/2006/547 1710/2005/547
f 1403/2006/547 1711/2010/547 1404/2009/547
f 1712/2179/548 1689/2180/548 1694/2180/548
f 1713/2145/549 1693/2152/549 1714/2152/549
f 1690/2152/550 1695/2152/550 1689/2145/550
f 1715/2179/551 1713/2180/551 1705/2179/551
f 1713/2180/551 1715/2179/551 1692/2180/551
f 1664/2189/552 1640/2141/552 1455/2142/552
f 1713/2145/549 1692/2145/549 1693/2152/549
f 1694/2145/550 1689/2145/550 1695/2152/550
f 1706/2179/538 1705/2180/538 1713/2180/538
f 1689/2180/548 1712/2179/548 1716/2179/548
f 1404/2009/553 1717/2017/553 1422/2019/553
f 1717/2017/553 1404/2009/553 1711/2010/553
f 1714/2152/554 1706/2145/554 1713/2152/554
f 1706/2145/554 1714/2152/554 1718/2145/554
f 1623/2046/555 1719/2050/555 1624/2045/555
f 1376/2186/556 1720/2185/556 1709/2185/556
f 1719/2004/557 1639/2005/557 1624/2006/557
f 1686/1995/558 1682/2026/506 1542/1996/508
f 1646/2179/559 1721/2179/559 1722/2179/559
f 1721/2179/559 1646/2179/559 1683/2179/559
f 1668/2190/560 1715/2179/560 1723/2191/560
f 1715/2179/560 1668/2190/560 1692/2180/560
f 1675/2190/561 1712/2179/561 1694/2180/561
f 1712/2179/561 1675/2190/561 1724/2191/561
f 1725/2185/562 1353/2185/562 1315/2185/562
f 1353/2185/562 1725/2185/562 1726/2185/562
f 1536/2011/563 1707/2012/563 1395/2013/563
f 1687/2156/517 1228/2155/517 1248/2155/517
f 1727/2191/564 1668/2190/564 1723/2191/564
f 1483/2079/565 1699/2166/565 1482/2078/565
f 1699/2166/565 1483/2079/565 1697/2164/565
f 1728/2192/566 1729/2193/566 1221/1977/566
f 1221/2194/566 1729/2195/566 1397/2196/566
f 1489/2080/567 1699/2166/567 1700/2167/567
f 1699/2166/567 1489/2080/567 1482/2078/567
f 1697/2164/568 1730/2197/568 1698/2165/568
f 1730/2197/568 1697/2164/568 1731/2198/568
f 1717/2017/569 1552/2018/569 1422/2019/569
f 1700/2167/570 1732/2199/570 1733/2200/570
f 1732/2199/570 1700/2167/570 1701/2168/570
f 1671/2179/571 1721/2179/571 1683/2179/571
f 1721/2179/571 1671/2179/571 1734/2179/571
f 1644/2179/572 1722/2179/572 1735/2179/572
f 1722/2179/572 1644/2179/572 1646/2179/572
f 1708/2186/573 1315/2185/573 1314/2186/573
f 1716/2179/574 1679/2180/574 1689/2180/574
f 1679/2180/574 1716/2179/574 1736/2179/574
f 1229/2155/575 1688/2156/575 1737/2156/575
f 1688/2156/575 1229/2155/575 1228/2155/575
f 1235/2155/576 1687/2156/576 1248/2155/576
f 1738/2201/577 1272/1997/577 1274/1999/577
f 1280/2002/578 1739/2202/578 1274/1999/578
f 1315/2185/573 1708/2186/573 1725/2185/573
f 1376/2186/542 1708/2185/542 1314/2186/542
f 1740/2191/579 1675/2190/579 1524/2190/579
f 1675/2190/579 1740/2191/579 1724/2191/579
f 1736/2180/580 1662/2179/580 1679/2180/580
f 1669/2179/581 1741/2179/581 1742/2179/581
f 1741/2179/581 1669/2179/581 1660/2179/581
f 1293/2018/582 1743/2203/582 1744/2204/582
f 1662/2179/580 1736/2180/580 1745/2179/580
f 1671/2179/583 1742/2179/583 1734/2179/583
f 1742/2179/583 1671/2179/583 1669/2179/583
f 1746/2205/584 1747/2206/584 1283/2005/584
f 1283/2005/584 1282/2004/584 1746/2205/584
f 1748/2207/585 1703/2170/585 1749/2208/585
f 1703/2170/585 1748/2207/585 1362/2030/585
f 1293/2011/586 1750/2209/586 1294/2012/586
f 1750/2209/586 1293/2011/586 1744/2210/586
f 1751/2211/587 1283/2005/587 1747/2206/587
f 1283/2005/587 1751/2211/587 1297/2010/587
f 1752/2212/588 1753/2213/589 1754/2214/590
f 1748/2207/591 1754/2214/590 1753/2213/589
f 1749/2208/592 1754/2214/590 1748/2207/591
f 1753/2213/589 1755/2215/593 1748/2207/591
f 1745/2179/594 1660/2179/594 1662/2179/594
f 1660/2179/594 1745/2179/594 1741/2179/594
f 1756/2216/595 1402/2044/595 1757/2217/595
f 1402/2044/595 1756/2216/595 1405/2046/595
f 1758/2185/596 1759/2186/596 1339/2185/596
f 1757/2217/597 1421/2012/597 1760/2209/597
f 1421/2012/597 1757/2217/597 1402/2044/597
f 1476/2190/598 1498/2190/598 1727/2191/598
f 1761/2203/599 1762/2204/599 1407/2018/599
f 1759/2185/600 1348/2186/600 1351/2186/600
f 1348/2186/600 1759/2185/600 1763/2185/600
f 1730/2197/601 1764/2218/602 1698/2165/601
f 1764/2218/602 1730/2197/601 1765/2219/603
f 1764/2218/602 1765/2219/603 1766/2220/604
f 1767/2221/605 1386/2014/606 1385/2222/605
f 1386/2014/606 1767/2221/605 1768/2015/606
f 1405/2046/607 1769/2223/607 1415/2050/607
f 1769/2223/607 1405/2046/607 1756/2216/607
f 1396/2017/608 1751/2211/608 1770/2203/608
f 1751/2211/608 1396/2017/608 1297/2010/608
f 1668/2190/564 1727/2191/564 1498/2190/564
f 1732/2199/609 1753/2213/610 1771/2224/611
f 1753/2213/610 1752/2212/612 1771/2224/611
f 1753/2213/610 1732/2199/609 1701/2168/609
f 1362/2030/613 1772/2225/613 1360/2028/613
f 1772/2225/593 1748/2207/591 1755/2215/593
f 1773/2211/614 1761/2203/614 1331/2017/614
f 1331/2017/614 1292/2010/614 1773/2211/614
f 1772/2225/613 1362/2030/613 1748/2207/613
f 1774/2226/615 1697/2164/615 1483/2079/615
f 1697/2164/615 1774/2226/615 1731/2198/615
f 1775/2227/616 1700/2167/616 1733/2200/616
f 1700/2167/616 1775/2227/616 1489/2080/616
f 1776/2206/617 1773/2211/617 1292/2010/617
f 1292/2010/617 1289/2005/617 1776/2206/617
f 1726/2185/618 1777/2185/618 1353/2185/618
f 1343/2185/618 1353/2185/618 1777/2185/618
f 1361/2029/619 1360/2028/620 1778/2228/621
f 1360/2028/620 1779/2229/620 1778/2228/621
f 1778/2228/621 1220/1976/622 1361/2029/619
f 1220/1976/622 1778/2228/621 1500/2084/622
f 1743/2203/582 1293/2018/582 1313/2017/582
f 1720/2185/556 1376/2186/556 1287/2186/556
f 1780/1984/623 1236/1983/623 1781/1984/623
f 1738/2201/624 1774/2226/624 1272/1997/624
f 1774/2226/624 1483/2079/624 1272/1997/624
f 1524/2190/625 1467/2190/625 1740/2191/625
f 1782/2191/625 1740/2191/625 1467/2190/625
f 1775/2227/626 1280/2002/626 1489/2080/626
f 1280/2002/626 1775/2227/626 1739/2202/626
f 1760/2209/627 1552/2011/627 1783/2210/627
f 1552/2011/627 1760/2209/627 1421/2012/627
f 1784/2205/628 1776/2206/628 1289/2005/628
f 1289/2005/628 1340/2004/628 1784/2205/628
f 1785/2185/629 1333/2185/629 1341/2185/629
f 1333/2185/629 1785/2185/629 1786/2185/629
f 1536/2018/630 1770/2203/630 1787/2204/630
f 1696/2163/631 1698/2165/632 1755/2215/631
f 1755/2215/631 1698/2165/632 1764/2218/632
f 1753/2213/633 1701/2168/633 1755/2215/631
f 1755/2215/631 1701/2168/633 1696/2163/631
f 1763/2185/634 1276/2155/634 1348/2186/634
f 1276/2155/634 1763/2185/634 1788/2156/634
f 1789/2185/635 1339/2185/635 1259/2185/635
f 1339/2185/635 1789/2185/635 1758/2185/635
f 1766/2220/636 1790/2230/637 1764/2218/638
f 1791/2231/639 1764/2218/638 1790/2230/637
f 1790/2230/637 1792/2232/640 1791/2231/639
f 1772/2225/641 1764/2218/638 1791/2231/639
f 1764/2218/638 1772/2225/641 1755/2215/641
f 1761/2203/599 1407/2018/599 1331/2017/599
f 1793/2205/642 1321/2005/642 1320/2004/642
f 1321/2005/642 1793/2205/642 1794/2206/642
f 1244/2155/643 1229/2155/643 1795/2156/643
f 1795/2156/643 1229/2155/643 1737/2156/643
f 1467/2190/644 1466/2190/644 1782/2191/644
f 1796/2233/645 1385/2021/605 1413/2234/645
f 1385/2021/605 1796/2233/645 1767/2014/605
f 1797/2235/646 1798/2236/646 1799/2237/646
f 1797/2235/646 1799/2237/646 1800/2238/646
f 1801/2239/647 1797/2235/647 1802/2240/647
f 1797/2235/647 1801/2239/647 1798/2236/647
f 1777/2185/648 1785/2185/648 1343/2185/648
f 1341/2185/648 1343/2185/648 1785/2185/648
f 1718/2145/649 1803/2145/649 1804/2145/649
f 1803/2179/650 1704/2179/650 1804/2179/650
f 1754/2241/651 1749/2242/652 1805/2243/653
f 1806/2244/652 1805/2243/653 1749/2242/652
f 1807/2245/654 1268/1978/655 1244/1979/655
f 1268/1978/655 1807/2245/654 1269/2246/656
f 1808/2247/657 1799/2237/657 1809/2248/657
f 1799/2237/657 1808/2247/657 1800/2238/657
f 1476/2190/598 1727/2191/598 1810/2191/598
f 1801/2239/658 1811/2249/658 1812/2250/658
f 1811/2249/658 1801/2239/658 1802/2240/658
f 1720/2185/659 1244/2155/659 1795/2156/659
f 1244/2155/659 1720/2185/659 1287/2186/659
f 1813/2245/660 1222/1978/661 1244/1979/661
f 1222/1978/661 1813/2245/660 1223/2246/662
f 1759/2186/596 1351/2186/596 1339/2185/596
f 1259/2185/663 1260/2185/663 1789/2185/663
f 1789/2185/663 1260/2185/663 1814/2185/663
f 1703/2251/664 1815/2252/665 1816/2253/666
f 1815/2252/665 1703/2251/664 1702/2254/665
f 1702/2254/665 1729/2195/667 1815/2252/665
f 1729/2195/667 1702/2254/665 1397/2196/668
f 1816/2255/666 1815/2256/665 1817/2257/666
f 1817/2257/666 1815/2256/665 1818/2258/665
f 1815/2256/665 1728/2192/669 1818/2258/665
f 1728/2192/669 1815/2256/665 1729/2193/667
f 1819/2209/670 1545/2011/670 1820/2210/670
f 1545/2011/670 1819/2209/670 1480/2012/670
f 1821/2031/671 1435/2259/672 1822/2260/672
f 1435/2259/672 1821/2031/671 1436/2047/673
f 1466/2190/674 1476/2190/674 1810/2191/674
f 1466/2190/674 1810/2191/674 1823/2191/674
f 1368/2010/675 1321/2005/675 1794/2206/675
f 1368/2010/675 1794/2206/675 1824/2211/675
f 1704/2179/676 1706/2179/676 1804/2179/676
f 1770/2203/630 1536/2018/630 1396/2017/630
f 1706/2145/677 1718/2145/677 1804/2145/677
f 1825/2261/678 1826/2262/678 1808/2247/678
f 1808/2247/678 1809/2248/678 1825/2261/678
f 1812/2250/679 1811/2249/679 1827/2263/679
f 1811/2249/679 1828/2264/679 1827/2263/679
f 1829/2265/680 1825/2261/680 1830/2266/680
f 1825/2261/680 1829/2265/680 1826/2262/680
f 1829/2265/681 1827/2263/681 1828/2264/681
f 1827/2263/681 1829/2265/681 1830/2266/681
f 1782/2191/644 1466/2190/644 1823/2191/644
f 1237/2155/682 1276/2155/682 1788/2156/682
f 1788/2156/682 1831/2156/682 1237/2155/682
f 1832/2145/683 1647/2145/683 1833/2145/683
f 1647/2145/683 1644/2145/683 1833/2145/683
f 1644/2179/683 1735/2179/683 1833/2179/683
f 1735/2179/683 1832/2179/683 1833/2179/683
f 1786/2185/684 1834/2185/684 1333/2185/684
f 1336/2185/684 1333/2185/684 1834/2185/684
f 1258/1994/685 1835/1994/685 1836/1994/685
f 1837/2217/686 1480/2012/686 1819/2209/686
f 1480/2012/686 1837/2217/686 1478/2040/686
f 1838/2267/687 1738/2201/687 1274/1999/687
f 1739/2202/688 1839/2268/688 1274/1999/688
f 1840/2269/689 1223/1979/662 1813/1981/660
f 1223/1979/662 1840/2269/689 1225/2270/689
f 1452/2271/690 1841/2064/691 1842/2272/690
f 1841/2064/691 1452/2271/690 1451/2063/692
f 1749/2242/693 1816/2253/694 1806/2244/695
f 1816/2253/694 1749/2242/693 1703/2251/693
f 1843/2273/696 1844/2055/697 1418/2054/698
f 1418/2054/698 1417/2274/696 1843/2273/696
f 1845/2037/699 1472/2275/700 1471/2036/699
f 1472/2275/700 1845/2037/699 1846/2276/700
f 1835/2185/701 1814/2185/701 1836/2185/701
f 1847/2260/702 1410/2047/703 1409/2259/702
f 1410/2047/703 1847/2260/702 1848/2031/703
f 1849/2221/704 1244/2015/705 1268/2014/705
f 1268/2014/705 1304/2222/706 1849/2221/704
f 1850/2034/707 1382/2277/708 1851/2278/708
f 1382/2277/708 1850/2034/707 1383/2033/707
f 1847/2279/709 1412/1995/710 1852/2026/711
f 1412/1995/710 1847/2279/709 1409/2280/709
f 1260/1994/712 1258/1994/712 1836/1994/712
f 1846/2278/713 1484/2033/714 1472/2277/713
f 1846/2278/713 1853/2034/714 1484/2033/714
f 1837/2217/715 1854/2216/715 1485/2046/715
f 1837/2217/715 1485/2046/715 1478/2040/715
f 1855/2221/716 1366/2014/717 1365/2222/718
f 1366/2014/717 1855/2221/716 1768/2015/717
f 1856/2021/719 1436/2281/673 1821/2282/671
f 1436/2281/673 1856/2021/719 1491/2031/719
f 1857/2283/720 1578/2086/721 1577/2284/722
f 1578/2086/721 1857/2283/720 1858/2107/721
f 1236/1983/623 1780/1984/623 1234/1983/623
f 1456/2017/723 1824/2211/723 1859/2203/723
f 1824/2211/723 1456/2017/723 1368/2010/723
f 1791/2231/724 1779/2229/724 1772/2225/724
f 1360/2028/724 1772/2225/724 1779/2229/724
f 1854/2216/725 1547/2050/725 1485/2046/725
f 1547/2050/725 1854/2216/725 1860/2223/725
f 1861/2282/726 1796/2021/645 1413/2031/645
f 1861/2282/726 1413/2031/645 1541/2281/727
f 1814/2185/728 1260/2185/728 1836/2185/728
f 1851/2276/729 1389/2036/730 1862/2037/731
f 1389/2036/730 1851/2276/729 1382/2275/729
f 1294/2012/732 1863/2217/732 1394/2040/732
f 1863/2217/732 1294/2012/732 1750/2209/732
f 1366/1978/733 1864/2245/734 1374/2246/735
f 1864/2245/734 1366/1978/733 1768/1979/733
f 1843/2272/736 1438/2063/737 1865/2064/738
f 1438/2063/737 1843/2272/736 1417/2271/736
f 1585/2011/739 1866/2209/739 1488/2012/739
f 1866/2209/739 1585/2011/739 1867/2210/739
f 1451/2285/692 1868/2286/740 1841/2287/691
f 1868/2286/740 1451/2285/692 1506/2089/741
f 1869/2089/742 1868/2288/740 1506/2289/741
f 1506/2289/741 1551/2097/742 1869/2089/742
f 1870/2211/743 1743/2203/743 1313/2017/743
f 1313/2017/743 1401/2010/743 1870/2211/743
f 1596/2290/744 1871/2116/745 1872/2291/744
f 1871/2116/745 1596/2290/744 1595/2115/745
f 1463/2050/746 1423/2046/746 1873/2216/746
f 1463/2050/746 1873/2216/746 1874/2223/746
f 1871/2120/747 1600/2292/748 1875/2293/748
f 1600/2292/748 1871/2120/747 1595/2119/747
f 1876/1979/749 1877/2245/750 1309/2246/751
f 1309/2246/751 1308/1978/749 1876/1979/749
f 1488/2012/752 1878/2217/752 1425/2040/752
f 1878/2217/752 1488/2012/752 1866/2209/752
f 1354/2270/753 1807/1981/654 1879/2269/754
f 1807/1981/654 1354/2270/753 1269/1979/656
f 1423/2046/755 1425/2040/755 1878/2217/755
f 1423/2046/755 1878/2217/755 1873/2216/755
f 1456/2017/756 1880/2204/756 1664/2018/756
f 1881/1994/757 1334/1994/757 1882/1994/757
f 1334/1994/757 1336/1994/757 1882/1994/757
f 1336/2185/757 1834/2185/757 1882/2185/757
f 1834/2185/757 1881/2185/757 1882/2185/757
f 1883/2294/758 1225/1981/689 1840/1995/689
f 1225/1981/689 1883/2294/758 1261/2295/758
f 1335/1994/759 1881/1994/759 1884/1994/759
f 1881/1994/759 1335/1994/759 1334/1994/759
f 1885/2288/760 1578/2097/761 1858/2089/761
f 1578/2097/761 1885/2288/760 1616/2289/762
f 1886/2014/763 1491/2234/719 1856/2233/719
f 1491/2234/719 1886/2014/763 1564/2021/763
f 1730/2197/764 1887/2296/765 1765/2219/766
f 1766/2220/767 1765/2219/766 1887/2296/765
f 1887/2296/765 1730/2197/764 1888/2297/764
f 1889/2245/768 1535/1978/769 1890/1979/769
f 1535/1978/769 1889/2245/768 1509/2246/770
f 1585/2018/771 1891/2203/771 1867/2204/771
f 1468/2072/772 1892/2073/772 1893/2073/772
f 1732/2199/773 1894/2298/774 1895/2299/773
f 1894/2298/774 1732/2199/773 1771/2224/775
f 1752/2212/776 1894/2298/774 1771/2224/775
f 1234/1983/777 1896/1984/777 1275/1983/777
f 1896/1984/777 1234/1983/777 1780/1984/777
f 1838/2267/778 1774/2226/778 1738/2201/778
f 1774/2226/778 1838/2267/778 1897/2300/778
f 1898/2245/779 1311/1978/780 1876/1979/780
f 1311/1978/780 1898/2245/779 1301/2246/781
f 1809/2248/782 1799/2237/782 1766/2220/782
f 1799/2237/782 1899/2301/782 1766/2220/782
f 1857/2086/720 1577/2302/722 1634/2303/783
f 1900/2304/784 1839/2268/784 1775/2227/784
f 1775/2227/784 1839/2268/784 1739/2202/784
f 1545/2018/785 1901/2203/785 1820/2204/785
f 1902/1984/786 1781/1984/786 1236/1983/786
f 1902/1984/786 1236/1983/786 1265/1983/786
f 1903/2305/787 1793/2306/787 1320/2052/787
f 1903/2305/787 1320/2052/787 1416/2051/787
f 1904/2036/667 1471/2307/699 1527/2049/788
f 1471/2307/699 1904/2036/667 1845/2308/699
f 1468/2072/789 1905/2073/789 1475/2072/789
f 1905/2073/789 1468/2072/789 1893/2073/789
f 1614/2309/790 1872/2130/744 1906/2310/790
f 1872/2130/744 1614/2309/790 1596/2116/744
f 1502/2302/791 1844/2311/697 1907/2086/792
f 1844/2311/697 1502/2302/791 1418/2303/698
f 1908/2311/793 1857/2086/720 1634/2303/783
f 1365/2021/718 1909/2233/794 1855/2014/716
f 1909/2233/794 1365/2021/718 1392/2234/794
f 1620/2312/795 1875/2119/748 1600/2132/748
f 1875/2119/748 1620/2312/795 1910/2313/796
f 1850/2314/707 1911/2043/797 1400/2034/798
f 1850/2314/707 1400/2034/798 1383/2315/707
f 1534/2034/799 1853/2314/714 1912/2043/800
f 1853/2314/714 1534/2034/799 1484/2315/714
f 1235/2155/801 1237/2155/801 1831/2156/801
f 1235/2155/801 1831/2156/801 1913/2156/801
f 1914/2269/802 1509/1979/770 1889/1981/768
f 1509/1979/770 1914/2269/802 1510/2270/803
f 1452/2274/804 1915/2055/805 1548/2054/806
f 1915/2055/805 1452/2274/804 1842/2273/804
f 1916/1984/807 1286/2007/807 1917/1994/807
f 1286/2007/807 1916/1984/807 1245/1983/807
f 1805/2316/653 1812/2250/808 1752/2212/809
f 1801/2239/810 1812/2250/808 1805/2316/653
f 1805/2316/653 1752/2212/809 1754/2214/651
f 1549/2280/811 1918/2026/812 1919/2279/811
f 1918/2026/812 1549/2280/811 1513/1995/812
f 1920/2015/813 1564/2222/763 1886/2221/763
f 1564/2222/763 1920/2015/813 1658/2014/813
f 1921/2269/814 1309/1979/751 1877/1981/750
f 1309/1979/751 1921/2269/814 1323/2270/815
f 1922/2107/816 1502/2284/791 1907/2283/792
f 1502/2284/791 1922/2107/816 1580/2086/816
f 1513/2295/812 1914/1995/802 1918/2294/812
f 1914/1995/802 1513/2295/812 1510/1981/803
f 1538/2222/817 1890/2015/818 1535/2014/818
f 1890/2015/818 1538/2222/817 1923/2221/819
f 1517/2005/820 1463/2004/820 1874/2205/820
f 1517/2005/820 1874/2205/820 1924/2206/820
f 1342/1994/821 1925/1994/821 1926/1994/821
f 1925/1994/821 1342/1994/821 1344/1994/821
f 1927/2221/822 1876/2015/823 1308/2014/823
f 1308/2014/823 1363/2222/822 1927/2221/822
f 1798/2236/824 1928/2317/824 1899/2301/824
f 1798/2236/824 1899/2301/824 1799/2237/824
f 1462/2031/825 1410/2281/703 1848/2282/703
f 1462/2031/825 1848/2282/703 1929/2021/826
f 1930/1995/827 1852/2294/711 1412/2295/710
f 1412/2295/710 1458/1981/828 1930/1995/827
f 1931/2269/829 1301/1979/781 1898/1981/779
f 1301/1979/781 1931/2269/829 1299/2270/830
f 1880/2204/756 1456/2017/756 1859/2203/756
f 1906/2146/790 1650/2318/831 1614/2130/790
f 1650/2318/831 1906/2146/790 1932/2319/832
f 1933/2269/833 1374/1979/735 1864/1981/734
f 1374/1979/735 1933/2269/833 1398/2270/833
f 1934/2320/834 1830/2266/834 1825/2261/834
f 1934/2320/834 1825/2261/834 1887/2296/834
f 1768/1979/835 1935/2245/836 1492/2246/836
f 1492/2246/836 1386/1978/835 1768/1979/835
f 1862/2308/731 1408/2049/837 1936/2036/838
f 1408/2049/837 1862/2308/731 1389/2307/730
f 1928/2317/839 1798/2236/839 1805/2316/839
f 1805/2316/839 1798/2236/839 1801/2239/839
f 1830/2266/840 1934/2320/840 1827/2263/840
f 1894/2298/840 1827/2263/840 1934/2320/840
f 1655/2321/841 1910/2132/796 1620/2148/795
f 1910/2132/796 1655/2321/841 1937/2322/842
f 1766/2220/843 1825/2261/843 1809/2248/843
f 1825/2261/843 1766/2220/843 1887/2296/843
f 1752/2212/844 1827/2263/844 1894/2298/844
f 1827/2263/844 1752/2212/844 1812/2250/844
f 1916/1984/845 1227/1983/845 1245/1983/845
f 1227/1983/845 1916/1984/845 1938/1984/845
f 1892/2073/772 1468/2072/772 1465/2072/772
f 1939/2233/846 1849/2014/704 1304/2021/706
f 1304/2021/706 1380/2234/847 1939/2233/846
f 1438/2285/737 1533/2089/848 1865/2287/738
f 1940/2286/849 1865/2287/738 1533/2089/848
f 1518/2010/850 1517/2005/850 1924/2206/850
f 1518/2010/850 1924/2206/850 1941/2211/850
f 1518/2010/851 1891/2203/851 1553/2017/851
f 1891/2203/851 1518/2010/851 1941/2211/851
f 1896/1984/852 1349/2007/852 1275/1983/852
f 1349/2007/852 1896/1984/852 1942/1994/852
f 1897/2300/853 1943/2323/853 1774/2226/853
f 1943/2323/853 1731/2198/853 1774/2226/853
f 1944/2026/854 1822/2279/855 1435/2280/855
f 1435/2280/855 1599/1995/856 1944/2026/854
f 1904/2324/667 1611/2075/857 1945/2049/857
f 1611/2075/857 1904/2324/667 1527/2325/788
f 1946/2279/858 1261/1995/758 1883/2026/758
f 1261/1995/758 1946/2279/858 1357/2280/858
f 1891/2203/771 1585/2018/771 1553/2017/771
f 1947/2326/859 1775/2227/859 1733/2200/859
f 1775/2227/859 1947/2326/859 1900/2304/859
f 1932/2153/832 1948/2327/860 1685/2328/860
f 1685/2328/860 1650/2146/831 1932/2153/832
f 1919/2260/861 1543/2047/862 1549/2259/861
f 1543/2047/862 1919/2260/861 1949/2031/863
f 1667/2285/864 1885/2286/760 1950/2287/865
f 1885/2286/760 1667/2285/864 1616/2089/762
f 1948/2329/866 1937/2148/842 1655/2154/841
f 1655/2154/841 1685/2330/866 1948/2329/866
f 1901/2203/785 1545/2018/785 1659/2017/785
f 1951/2069/867 1534/2331/799 1912/2332/800
f 1534/2331/799 1951/2069/867 1619/2043/867
f 1539/2234/868 1923/2014/819 1538/2021/817
f 1923/2014/819 1539/2234/868 1952/2233/868
f 1448/2043/869 1911/2332/797 1953/2069/870
f 1911/2332/797 1448/2043/869 1400/2331/798
f 1922/2089/871 1940/2288/849 1533/2289/848
f 1533/2289/848 1580/2097/871 1922/2089/871
f 1954/2221/872 1876/2015/873 1311/2014/873
f 1311/2014/873 1347/2222/874 1954/2221/872
f 1955/2283/875 1869/2107/876 1551/2086/876
f 1551/2086/876 1584/2284/877 1955/2283/875
f 1956/1994/878 1258/1994/878 1257/1994/878
f 1258/1994/878 1956/1994/878 1835/1994/878
f 1957/2273/879 1908/2055/793 1634/2054/783
f 1634/2054/783 1691/2274/879 1957/2273/879
f 1931/1995/829 1958/2294/880 1325/2295/880
f 1325/2295/880 1299/1981/830 1931/1995/829
f 1344/1994/881 1335/1994/881 1925/1994/881
f 1884/1994/881 1925/1994/881 1335/1994/881
f 1475/2072/882 1959/2073/882 1529/2072/882
f 1959/2073/882 1475/2072/882 1905/2073/882
f 1960/2333/883 1903/2305/883 1416/2051/883
f 1960/2333/883 1416/2051/883 1464/2070/883
f 1349/2007/884 1961/1994/884 1350/2007/884
f 1949/2282/863 1539/2031/868 1543/2281/862
f 1539/2031/868 1949/2282/863 1952/2021/868
f 1962/2260/885 1861/2031/726 1541/2047/727
f 1541/2047/727 1682/2259/885 1962/2260/885
f 1945/2334/857 1678/2096/886 1963/2075/886
f 1678/2096/886 1945/2334/857 1611/2335/857
f 1500/2084/887 1964/2336/887 1221/1977/887
f 1465/2072/888 1965/2073/888 1892/2073/888
f 1965/2073/888 1465/2072/888 1525/2072/888
f 1323/1981/815 1966/2294/889 1378/2295/889
f 1966/2294/889 1323/1981/815 1921/1995/814
f 1584/2302/877 1915/2311/805 1955/2086/875
f 1915/2311/805 1584/2302/877 1548/2303/806
f 1967/2337/890 1838/2267/890 1274/1999/890
f 1963/2093/891 1619/2338/867 1951/2339/867
f 1619/2338/867 1963/2093/891 1678/2069/891
f 1968/2279/892 1325/1995/880 1958/2026/880
f 1325/1995/880 1968/2279/892 1388/2280/892
f 1687/2156/576 1235/2155/576 1913/2156/576
f 1839/2268/893 1967/2337/893 1274/1999/893
f 1448/2338/869 1969/2093/894 1544/2069/894
f 1969/2093/894 1448/2338/869 1953/2339/870
f 1792/2232/895 1970/2340/895 1791/2231/895
f 1779/2229/895 1791/2231/895 1970/2340/895
f 1470/2075/896 1936/2324/838 1408/2325/837
f 1936/2324/838 1470/2075/896 1971/2049/897
f 1909/2021/794 1443/2281/898 1972/2282/899
f 1443/2281/898 1909/2021/794 1392/2031/794
f 1352/1994/900 1926/1994/900 1973/1994/900
f 1926/1994/900 1352/1994/900 1342/1994/900
f 1901/2203/901 1654/2010/901 1974/2211/901
f 1654/2010/901 1901/2203/901 1659/2017/901
f 1731/2198/902 1888/2297/902 1730/2197/902
f 1888/2297/902 1731/2198/902 1943/2323/902
f 1975/2233/903 1927/2014/822 1363/2021/822
f 1363/2021/822 1373/2234/903 1975/2233/903
f 1733/2200/904 1895/2299/904 1947/2326/904
f 1895/2299/904 1733/2200/904 1732/2199/904
f 1860/2205/905 1976/2206/905 1653/2005/905
f 1653/2005/905 1547/2004/905 1860/2205/905
f 1806/2341/695 1816/2255/694 1977/2342/906
f 1977/2342/906 1816/2255/694 1817/2257/906
f 1806/2341/907 1977/2342/907 1928/2317/907
f 1928/2317/907 1805/2316/907 1806/2341/907
f 1929/2233/826 1581/2021/908 1462/2234/825
f 1581/2021/908 1929/2233/826 1978/2014/909
f 1863/2217/910 1979/2216/910 1623/2046/910
f 1623/2046/910 1394/2040/910 1863/2217/910
f 1458/2270/828 1571/1979/911 1980/1981/911
f 1458/2270/828 1980/1981/911 1930/2269/827
f 1879/1995/754 1459/2295/912 1354/1981/753
f 1459/2295/912 1879/1995/754 1981/2294/913
f 1667/2063/864 1957/2272/914 1691/2271/914
f 1957/2272/914 1667/2063/864 1950/2064/865
f 1969/2075/915 1470/2335/896 1544/2096/915
f 1470/2335/896 1969/2075/915 1971/2334/897
f 1976/2206/916 1974/2211/916 1654/2010/916
f 1976/2206/916 1654/2010/916 1653/2005/916
f 1303/2222/917 1244/2015/918 1222/2014/918
f 1244/2015/918 1303/2222/917 1982/2221/919
f 1983/1994/920 1956/1994/920 1338/1994/920
f 1338/1994/920 1956/1994/920 1257/1994/920
f 1346/2234/921 1954/2014/872 1347/2021/874
f 1954/2014/872 1346/2234/921 1984/2233/921
f 1961/2007/922 1338/1994/922 1350/2007/922
f 1338/1994/922 1961/2007/922 1983/1994/922
f 1378/1995/889 1985/2279/923 1420/2280/923
f 1985/2279/923 1378/1995/889 1966/2026/889
f 1933/1995/833 1986/2294/924 1474/2295/925
f 1474/2295/925 1398/1981/833 1933/1995/833
f 1661/2145/926 1663/2145/926 1987/2145/926
f 1987/2145/926 1663/2145/926 1988/2145/926
f 1989/2206/927 1870/2211/927 1401/2010/927
f 1401/2010/927 1639/2005/927 1989/2206/927
f 1960/2333/928 1640/2141/928 1990/2343/928
f 1640/2141/928 1960/2333/928 1464/2070/928
f 1978/2221/909 1677/2014/929 1581/2222/908
f 1677/2014/929 1978/2221/909 1991/2015/929
f 1670/2145/930 1672/2145/930 1992/2145/930
f 1993/2145/930 1992/2145/930 1672/2145/930
f 1991/1979/931 1571/2246/911 1677/1978/931
f 1571/2246/911 1991/1979/931 1980/2245/911
f 1968/2260/932 1372/2047/933 1388/2259/932
f 1372/2047/933 1968/2260/932 1994/2031/933
f 1995/2344/934 1778/2228/935 1779/2229/936
f 1995/2344/934 1779/2229/936 1970/2340/936
f 1995/2344/934 1500/2084/937 1778/2228/935
f 1500/2084/937 1995/2344/934 1964/2336/937
f 1372/2281/933 1984/2021/921 1346/2031/921
f 1984/2021/921 1372/2281/933 1994/2282/933
f 1996/2145/938 1997/2145/938 1680/2152/938
f 1996/2152/939 1661/2145/939 1987/2145/939
f 1935/1981/836 1998/2269/940 1567/2270/941
f 1567/2270/941 1492/1979/836 1935/1981/836
f 1999/1995/942 1599/2295/856 1628/1981/943
f 1599/2295/856 1999/1995/942 1944/2294/854
f 1373/2031/903 1406/2281/944 2000/2282/944
f 1373/2031/903 2000/2282/944 1975/2021/903
f 1591/2259/945 1972/2031/899 1443/2047/898
f 1972/2031/899 1591/2259/945 2001/2260/945
f 1670/2145/946 1988/2145/946 1663/2145/946
f 1992/2145/946 1988/2145/946 1670/2145/946
f 1680/2152/939 1661/2145/939 1996/2152/939
f 1934/2320/947 1888/2297/947 2002/2345/947
f 1888/2297/947 1934/2320/947 1887/2296/947
f 1895/2299/948 1934/2320/948 2002/2345/948
f 1934/2320/948 1895/2299/948 1894/2298/948
f 1961/1994/884 1349/2007/884 1942/1994/884
f 2003/1994/949 1307/2007/949 1316/2007/949
f 1525/2072/950 1582/2072/950 1965/2073/950
f 1965/2073/950 1582/2072/950 2004/2073/950
f 1959/2073/951 2005/2073/951 1573/2072/951
f 1573/2072/951 1529/2072/951 1959/2073/951
f 1990/2343/952 1664/2189/952 1880/2346/952
f 1664/2189/952 1990/2343/952 1640/2141/952
f 1307/2007/953 1917/1994/953 1286/2007/953
f 1917/1994/953 1307/2007/953 2006/1994/953
f 1746/2223/954 1576/2046/954 2007/2216/954
f 1576/2046/954 1746/2223/954 1282/2050/954
f 1316/2007/955 1317/1994/955 2003/2007/955
f 2008/1994/955 2003/2007/955 1317/1994/955
f 1986/2026/924 2001/2279/956 1591/2280/956
f 1591/2280/956 1474/1995/925 1986/2026/924
f 1420/2259/957 2000/2031/944 1406/2047/944
f 2000/2031/944 1420/2259/957 1985/2260/957
f 2009/2209/958 1407/2011/958 1762/2210/958
f 1407/2011/958 2009/2209/958 1652/2012/958
f 1512/2281/959 1939/2021/846 1380/2031/847
f 1939/2021/846 1512/2281/959 2010/2282/960
f 1899/2301/961 1790/2230/962 1766/2220/963
f 1792/2232/964 1790/2230/962 1899/2301/961
f 1899/2301/961 2011/2347/964 1792/2232/964
f 1938/1984/965 1364/1983/965 1227/1983/965
f 1364/1983/965 1938/1984/965 2012/1984/965
f 1832/2145/966 2013/2145/966 1647/2145/966
f 1647/2145/966 2013/2145/966 1645/2145/966
f 1672/2145/967 2014/2145/967 1993/2145/967
f 2014/2145/967 1672/2145/967 1684/2145/967
f 2015/2216/968 1784/2223/968 1340/2050/968
f 2015/2216/968 1340/2050/968 1590/2046/968
f 2016/2233/969 1982/2014/919 1303/2021/917
f 1303/2021/917 1327/2234/969 2016/2233/969
f 1769/2223/970 1756/2216/970 2017/2348/970
f 1999/2269/942 1681/1979/971 2018/1981/971
f 1681/1979/971 1999/2269/942 1628/2270/943
f 1769/2205/972 2019/2206/972 1710/2005/972
f 1710/2005/972 1415/2004/972 1769/2205/972
f 2020/2203/973 1783/2204/973 1552/2018/973
f 1979/2216/974 2021/2223/974 1719/2050/974
f 1719/2050/974 1623/2046/974 1979/2216/974
f 1970/2340/975 2011/2347/975 2022/2349/975
f 2011/2347/975 1970/2340/975 1792/2232/975
f 1964/2336/976 2023/2350/976 1221/1977/976
f 2018/2245/971 1658/1978/977 1920/1979/977
f 1658/1978/977 2018/2245/971 1681/2246/971
f 1757/2217/978 2024/2351/978 1756/2216/978
f 2024/2351/978 2017/2348/978 1756/2216/978
f 2023/2350/979 1728/2192/979 1221/1977/979
f 1719/2004/980 1989/2206/980 1639/2005/980
f 1989/2206/980 1719/2004/980 2021/2205/980
f 1364/1983/981 1902/1984/981 1265/1983/981
f 2004/2073/982 1695/2152/982 2025/2145/982
f 1695/2152/982 2004/2073/982 1582/2072/982
f 1317/1994/983 1352/1994/983 2008/1994/983
f 2008/1994/983 1352/1994/983 1973/1994/983
f 2005/2073/984 1693/2152/984 1573/2072/984
f 1693/2152/984 2005/2073/984 2026/2145/984
f 2013/2145/985 2014/2145/985 1645/2145/985
f 1645/2145/985 2014/2145/985 1684/2145/985
f 1690/2152/938 1680/2152/938 1997/2145/938
f 2027/2279/986 1459/1995/912 1981/2026/913
f 1459/1995/912 2027/2279/986 1674/2280/986
f 2028/2217/987 2015/2216/987 1590/2046/987
f 2028/2217/987 1590/2046/987 1589/2040/987
f 2024/2351/988 1760/2209/988 2029/2352/988
f 1760/2209/988 2024/2351/988 1757/2217/988
f 2030/2217/989 1576/2046/989 1633/2040/989
f 1576/2046/989 2030/2217/989 2007/2216/989
f 1652/2012/990 2028/2217/990 1589/2040/990
f 2028/2217/990 1652/2012/990 2009/2209/990
f 1997/2145/991 2025/2145/991 1690/2152/991
f 2020/2203/973 1552/2018/973 1717/2017/973
f 1747/2206/992 1746/2205/992 2031/2353/992
f 1998/1995/940 2032/2294/993 1686/2295/994
f 1686/2295/994 1567/1981/941 1998/1995/940
f 2019/2206/995 2033/2211/995 1711/2010/995
f 1711/2010/995 1710/2005/995 2019/2206/995
f 1967/2337/996 1897/2300/996 1838/2267/996
f 1897/2300/996 1967/2337/996 2034/2354/996
f 2025/2180/997 1716/2179/997 1712/2179/997
f 2034/2354/998 1967/2337/998 1900/2304/998
f 1839/2268/998 1900/2304/998 1967/2337/998
f 2035/2282/999 2016/2021/969 1327/2031/969
f 2035/2282/999 1327/2031/969 1390/2281/999
f 1716/2179/997 2025/2180/997 1997/2180/997
f 2026/2145/1000 2036/2145/1000 1714/2152/1000
f 1997/2180/1001 1736/2179/1001 1716/2179/1001
f 2037/2209/1002 1536/2011/1002 1787/2210/1002
f 1536/2011/1002 2037/2209/1002 1707/2012/1002
f 1760/2209/1003 1783/2210/1003 2029/2352/1003
f 1946/2260/1004 2035/2031/999 1390/2047/999
f 1390/2047/999 1357/2259/1004 1946/2260/1004
f 1751/2211/1005 2031/2353/1005 2038/2355/1005
f 2031/2353/1005 1751/2211/1005 1747/2206/1005
f 1695/2152/991 1690/2152/991 2025/2145/991
f 2033/2211/1006 2020/2203/1006 1717/2017/1006
f 2033/2211/1006 1717/2017/1006 1711/2010/1006
f 1714/2152/1000 1693/2152/1000 2026/2145/1000
f 1307/2007/949 2003/1994/949 2006/1994/949
f 1803/2179/1007 2036/2180/1007 1704/2179/1007
f 1860/2223/1008 1854/2216/1008 2039/2348/1008
f 2014/2179/1009 1722/2179/1009 1721/2179/1009
f 1722/2179/1009 2014/2179/1009 2013/2179/1009
f 1776/2206/1010 1784/2205/1010 2040/2353/1010
f 2026/2180/1011 1705/2179/1011 2036/2180/1011
f 1705/2179/1011 2026/2180/1011 1715/2179/1011
f 1712/2179/1012 1724/2191/1012 2004/2190/1012
f 1712/2179/1012 2004/2190/1012 2025/2180/1012
f 2039/2348/1013 1837/2217/1013 2041/2351/1013
f 1837/2217/1013 2039/2348/1013 1854/2216/1013
f 1723/2191/1014 1715/2179/1014 2005/2190/1014
f 2005/2190/1014 1715/2179/1014 2026/2180/1014
f 2030/2217/1015 1707/2012/1015 2037/2209/1015
f 1707/2012/1015 2030/2217/1015 1633/2040/1015
f 2042/2356/1016 1995/2344/1016 1970/2340/1017
f 2042/2356/1016 1970/2340/1017 2022/2349/1017
f 2023/2350/1018 1995/2344/1016 2042/2356/1016
f 2023/2350/1018 1964/2336/1018 1995/2344/1016
f 1674/2259/1019 2010/2031/960 1512/2047/959
f 2010/2031/960 1674/2259/1019 2027/2260/1019
f 1718/2145/1020 2036/2152/1020 1803/2145/1020
f 2036/2152/1020 1718/2145/1020 1714/2152/1020
f 1902/1984/981 1364/1983/981 2012/1984/981
f 2040/2353/1021 2043/2355/1021 1776/2206/1021
f 2043/2355/1021 1773/2211/1021 1776/2206/1021
f 2044/2357/1022 1770/2203/1022 2038/2355/1022
f 2038/2355/1022 1770/2203/1022 1751/2211/1022
f 2045/2352/1023 2041/2351/1023 1819/2209/1023
f 2041/2351/1023 1837/2217/1023 1819/2209/1023
f 1721/2179/1024 1993/2179/1024 2014/2179/1024
f 1993/2179/1024 1721/2179/1024 1734/2179/1024
f 2032/2026/993 1962/2279/1025 1682/2280/1025
f 1682/2280/1025 1686/1995/994 2032/2026/993
f 1977/2342/1026 2011/2347/1026 1928/2317/1026
f 1928/2317/1026 2011/2347/1026 1899/2301/1026
f 1794/2206/1027 1793/2205/1027 2046/2353/1027
f 1736/2179/1001 1997/2180/1001 1996/2180/1001
f 1819/2209/1028 1820/2210/1028 2045/2352/1028
f 1996/2180/1029 1987/2179/1029 1736/2180/1029
f 1745/2179/1029 1736/2180/1029 1987/2179/1029
f 1734/2179/1030 1992/2179/1030 1993/2179/1030
f 1992/2179/1030 1734/2179/1030 1742/2179/1030
f 2047/2357/1031 1773/2211/1031 2043/2355/1031
f 1773/2211/1031 2047/2357/1031 1761/2203/1031
f 1727/2191/1032 1723/2191/1032 2005/2190/1032
f 1742/2179/1033 1988/2179/1033 1992/2179/1033
f 1988/2179/1033 1742/2179/1033 1741/2179/1033
f 1874/2223/1034 1873/2216/1034 2048/2348/1034
f 1787/2204/1035 1770/2203/1035 2044/2357/1035
f 2036/2180/1007 1705/2180/1007 1704/2179/1007
f 1888/2297/1036 2049/2358/1036 2002/2345/1036
f 2049/2358/1036 1888/2297/1036 1943/2323/1036
f 1987/2179/1037 1741/2179/1037 1745/2179/1037
f 1741/2179/1037 1987/2179/1037 1988/2179/1037
f 2049/2358/1038 1947/2326/1038 1895/2299/1038
f 1895/2299/1038 2002/2345/1038 2049/2358/1038
f 2013/2179/1039 1735/2179/1039 1722/2179/1039
f 1735/2179/1039 2013/2179/1039 1832/2179/1039
f 1817/2257/1040 2042/2356/1041 2022/2349/1040
f 2042/2356/1041 1817/2257/1040 1818/2258/1042
f 1818/2258/1042 2023/2350/1043 2042/2356/1041
f 2023/2350/1043 1818/2258/1042 1728/2192/1043
f 1824/2211/1044 2046/2353/1044 2050/2355/1044
f 2046/2353/1044 1824/2211/1044 1794/2206/1044
f 1878/2217/1045 2048/2348/1045 1873/2216/1045
f 2048/2348/1045 1878/2217/1045 2051/2351/1045
f 1762/2204/1046 1761/2203/1046 2047/2357/1046
f 1750/2209/1047 1744/2210/1047 2052/2352/1047
f 1965/2190/1048 2004/2190/1048 1740/2191/1048
f 2004/2190/1048 1724/2191/1048 1740/2191/1048
f 1866/2209/1049 2051/2351/1049 1878/2217/1049
f 2051/2351/1049 1866/2209/1049 2053/2352/1049
f 1744/2204/1050 1743/2203/1050 2052/2357/1050
f 1859/2203/1051 2050/2355/1051 2054/2357/1051
f 2050/2355/1051 1859/2203/1051 1824/2211/1051
f 2005/2190/1032 1959/2190/1032 1727/2191/1032
f 1750/2209/1052 2055/2351/1052 1863/2217/1052
f 2055/2351/1052 1750/2209/1052 2052/2352/1052
f 1957/2064/1053 1950/2037/1053 2056/2272/1053
f 1908/2055/1054 1957/2055/1054 2056/2273/1054
f 1914/2269/1055 1889/2269/1055 2057/1981/1055
f 1918/2294/1056 1914/2294/1056 2057/1995/1056
f 1866/2209/1057 1867/2210/1057 2053/2352/1057
f 1889/2245/1058 1890/2245/1058 2057/1979/1058
f 1937/2148/1059 1948/2148/1059 2058/2329/1059
f 1948/2153/1060 1932/2153/1060 2058/2327/1060
f 1919/2026/1061 1918/2359/1061 2057/2279/1061
f 1910/2132/1062 1937/2132/1062 2058/2322/1062
f 1932/2319/1063 1906/2319/1063 2058/2146/1063
f 2056/2063/1064 1950/2287/1064 1885/2360/1064
f 1863/2217/1065 2059/2348/1065 1979/2216/1065
f 2059/2348/1065 1863/2217/1065 2055/2351/1065
f 1920/2221/1066 1886/2221/1066 2060/2015/1066
f 1923/2233/1067 1952/2233/1067 2057/2014/1067
f 1952/2021/1068 1949/2021/1068 2057/2282/1068
f 1924/2206/1069 1874/2205/1069 2048/2353/1069
f 1740/2191/1070 1892/2190/1070 1965/2190/1070
f 2056/2086/1071 1857/2361/1071 1908/2302/1071
f 1962/2026/1072 2032/2359/1072 2061/2279/1072
f 1890/2221/1073 1923/2221/1073 2057/2015/1073
f 1945/2334/1074 1963/2334/1074 2062/2075/1074
f 1976/2206/1075 1860/2205/1075 2039/2353/1075
f 1905/2190/1076 1727/2191/1076 1959/2190/1076
f 1949/2031/1077 1919/2031/1077 2057/2260/1077
f 1743/2203/1078 2055/2355/1078 2052/2357/1078
f 2055/2355/1078 1743/2203/1078 1870/2211/1078
f 1861/2031/1079 1962/2031/1079 2061/2260/1079
f 1963/2339/1080 1951/2339/1080 2062/2093/1080
f 1880/2204/1081 1859/2203/1081 2054/2357/1081
f 2032/2294/1082 1998/2294/1082 2061/1995/1082
f 1858/2283/1083 1857/2283/1083 2056/2107/1083
f 1793/2306/1084 1903/2305/1084 2046/2362/1084
f 1871/2293/1085 1875/2293/1085 2058/2120/1085
f 1875/2313/1086 1910/2313/1086 2058/2119/1086
f 1872/2291/1087 1871/2291/1087 2058/2116/1087
f 1906/2310/1088 1872/2310/1088 2058/2130/1088
f 2022/2349/1089 1977/2342/1089 1817/2257/1089
f 1977/2342/1089 2022/2349/1089 2011/2347/1089
f 2018/2245/1090 1920/2245/1090 2060/1979/1090
f 1885/2288/1091 1858/2288/1091 2056/2089/1091
f 2041/2355/1092 1974/2211/1092 1976/2206/1092
f 2041/2355/1092 1976/2206/1092 2039/2353/1092
f 1941/2211/1093 2048/2353/1093 2051/2355/1093
f 2048/2353/1093 1941/2211/1093 1924/2206/1093
f 1999/2269/1094 2018/2269/1094 2060/1981/1094
f 2055/2355/1095 1870/2211/1095 1989/2206/1095
f 2055/2355/1095 1989/2206/1095 2059/2353/1095
f 1892/2190/1070 1740/2191/1070 1782/2191/1070
f 1886/2233/1096 1856/2233/1096 2060/2014/1096
f 1796/2021/1097 1861/2021/1097 2061/2282/1097
f 1820/2204/1098 1901/2203/1098 2045/2357/1098
f 1951/2332/1099 1912/2332/1099 2062/2069/1099
f 1904/2324/1100 1945/2324/1100 2062/2049/1100
f 1901/2203/1101 2041/2355/1101 2045/2357/1101
f 2041/2355/1101 1901/2203/1101 1974/2211/1101
f 1727/2191/1076 1905/2190/1076 1810/2191/1076
f 1868/2288/1102 1869/2288/1102 2063/2089/1102
f 2021/2223/1103 1979/2216/1103 2059/2348/1103
f 1980/2245/1104 1991/2245/1104 2064/1979/1104
f 1991/2221/1105 1978/2221/1105 2064/2015/1105
f 1823/2191/1106 1905/2190/1106 1893/2190/1106
f 1823/2191/1106 1810/2191/1106 1905/2190/1106
f 1891/2203/1107 2051/2355/1107 2053/2357/1107
f 2051/2355/1107 1891/2203/1107 1941/2211/1107
f 1782/2191/1108 1823/2191/1108 1892/2190/1108
f 1892/2190/1108 1823/2191/1108 1893/2190/1108
f 1869/2283/1109 1955/2283/1109 2063/2107/1109
f 2063/2086/1110 1955/2361/1110 1915/2302/1110
f 1867/2204/1111 1891/2203/1111 2053/2357/1111
f 1922/2283/1112 1907/2283/1112 2065/2107/1112
f 1944/2294/1113 1999/2294/1113 2060/1995/1113
f 1940/2288/1114 1922/2288/1114 2065/2089/1114
f 1989/2206/1115 2021/2205/1115 2059/2353/1115
f 1903/2305/1116 2050/2363/1116 2046/2362/1116
f 2050/2363/1116 1903/2305/1116 1960/2333/1116
f 1822/2026/1117 1944/2359/1117 2060/2279/1117
f 1978/2233/1118 1929/2233/1118 2064/2014/1118
f 1930/2269/1119 1980/2269/1119 2064/1981/1119
f 1856/2021/1120 1821/2021/1120 2060/2282/1120
f 1821/2031/1121 1822/2031/1121 2060/2260/1121
f 1912/2043/1122 1853/2043/1122 2062/2314/1122
f 1845/2308/1123 1904/2308/1123 2062/2036/1123
f 2063/2063/1124 1841/2287/1124 1868/2360/1124
f 1915/2055/1125 1842/2055/1125 2063/2273/1125
f 1853/2034/1126 1846/2034/1126 2062/2278/1126
f 1846/2037/1127 1845/2037/1127 2062/2276/1127
f 1842/2064/1128 1841/2037/1128 2063/2272/1128
f 2065/2063/1129 1865/2287/1129 1940/2360/1129
f 1998/2269/1130 1935/2269/1130 2061/1981/1130
f 1767/2233/1131 1796/2233/1131 2061/2014/1131
f 1768/2221/1132 1767/2221/1132 2061/2015/1132
f 2065/2086/1133 1907/2361/1133 1844/2302/1133
f 1802/2240/1134 1797/2235/1134 2066/2364/1134
f 1800/2238/1134 2066/2364/1134 1797/2235/1134
f 1811/2249/1134 1802/2240/1134 2066/2364/1134
f 1808/2247/1134 2066/2364/1134 1800/2238/1134
f 1828/2264/1134 1811/2249/1134 2066/2364/1134
f 1826/2262/1134 2066/2364/1134 1808/2247/1134
f 1829/2265/1134 1828/2264/1134 2066/2364/1134
f 1829/2265/1134 2066/2364/1134 1826/2262/1134
f 2054/2365/1135 2050/2363/1135 1990/2343/1135
f 2050/2363/1135 1960/2333/1135 1990/2343/1135
f 2019/2206/1136 1769/2205/1136 2017/2353/1136
f 1687/2156/1137 2012/2155/1137 1688/2156/1137
f 1843/2064/1138 1865/2037/1138 2065/2272/1138
f 1969/2339/1139 1953/2339/1139 2067/2093/1139
f 1844/2055/1140 1843/2055/1140 2065/2273/1140
f 1971/2334/1141 1969/2334/1141 2067/2075/1141
f 2010/2031/1142 2027/2031/1142 2068/2260/1142
f 2027/2026/1143 1981/2359/1143 2068/2279/1143
f 1935/2245/1144 1768/2245/1144 2061/1979/1144
f 1929/2021/1145 1848/2021/1145 2064/2282/1145
f 1852/2294/1146 1930/2294/1146 2064/1995/1146
f 2001/2026/1147 1986/2359/1147 2069/2279/1147
f 1972/2031/1148 2001/2031/1148 2069/2260/1148
f 2017/2353/1149 2024/2355/1149 2019/2206/1149
f 2024/2355/1149 2033/2211/1149 2019/2206/1149
f 1783/2204/1150 2020/2203/1150 2029/2357/1150
f 1848/2031/1151 1847/2031/1151 2064/2260/1151
f 1847/2026/1152 1852/2359/1152 2064/2279/1152
f 2029/2357/1153 2033/2211/1153 2024/2355/1153
f 2033/2211/1153 2029/2357/1153 2020/2203/1153
f 1990/2343/1154 1880/2346/1154 2054/2365/1154
f 1939/2021/1155 2010/2021/1155 2068/2282/1155
f 1986/2294/1156 1933/2294/1156 2069/1995/1156
f 1909/2021/1157 1972/2021/1157 2069/2282/1157
f 1981/2294/1158 1879/2294/1158 2068/1995/1158
f 1936/2324/1159 1971/2324/1159 2067/2049/1159
f 1953/2332/1160 1911/2332/1160 2067/2069/1160
f 1746/2223/1161 2007/2216/1161 2031/2348/1161
f 1759/2185/1162 1942/2186/1162 1763/2185/1162
f 2006/2186/1163 2003/2186/1163 1709/2185/1163
f 1708/2185/1163 1709/2185/1163 2003/2186/1163
f 2006/2186/1164 1720/2185/1164 1917/2186/1164
f 1709/2185/1164 1720/2185/1164 2006/2186/1164
f 1973/2185/1165 1725/2185/1165 2008/2185/1165
f 1725/2185/1165 1973/2185/1165 1726/2185/1165
f 1943/2323/1166 1897/2300/1166 2049/2358/1166
f 2034/2354/1166 2049/2358/1166 1897/2300/1166
f 2049/2358/1167 1900/2304/1167 1947/2326/1167
f 1900/2304/1167 2049/2358/1167 2034/2354/1167
f 1784/2223/1168 2015/2216/1168 2040/2348/1168
f 1786/2185/1169 1925/2185/1169 1884/2185/1169
f 1925/2185/1169 1786/2185/1169 1785/2185/1169
f 1973/2185/1170 1777/2185/1170 1726/2185/1170
f 1777/2185/1170 1973/2185/1170 1926/2185/1170
f 1942/2186/1171 1896/2155/1171 1763/2185/1171
f 1763/2185/1171 1896/2155/1171 1788/2156/1171
f 1942/2186/1162 1759/2185/1162 1961/2186/1162
f 1862/2308/1172 1936/2308/1172 2067/2036/1172
f 1911/2043/1173 1850/2043/1173 2067/2314/1173
f 2030/2217/1174 2031/2348/1174 2007/2216/1174
f 2031/2348/1174 2030/2217/1174 2038/2351/1174
f 1851/2037/1175 1862/2037/1175 2067/2276/1175
f 1855/2233/1176 1909/2233/1176 2069/2014/1176
f 1933/2269/1177 1864/2269/1177 2069/1981/1177
f 1926/2185/1178 1785/2185/1178 1777/2185/1178
f 1785/2185/1178 1926/2185/1178 1925/2185/1178
f 1850/2034/1179 1851/2034/1179 2067/2278/1179
f 1884/2185/1180 1881/2185/1180 1786/2185/1180
f 1834/2185/1180 1786/2185/1180 1881/2185/1180
f 1759/2186/1181 1758/2185/1181 1961/2186/1181
f 1961/2186/1181 1758/2185/1181 1983/2185/1181
f 1768/2221/1182 1855/2221/1182 2069/2015/1182
f 1864/2245/1183 1768/2245/1183 2069/1979/1183
f 2015/2216/1184 2043/2351/1184 2040/2348/1184
f 2043/2351/1184 2015/2216/1184 2028/2217/1184
f 1725/2185/1185 2003/2186/1185 2008/2185/1185
f 2003/2186/1185 1725/2185/1185 1708/2186/1185
f 2037/2209/1186 2044/2352/1186 2038/2351/1186
f 2038/2351/1186 2030/2217/1186 2037/2209/1186
f 2009/2209/1187 1762/2210/1187 2047/2352/1187
f 2043/2351/1188 2028/2217/1188 2009/2209/1188
f 2043/2351/1188 2009/2209/1188 2047/2352/1188
f 2037/2209/1189 1787/2210/1189 2044/2352/1189
f 1737/2156/1190 2012/2155/1190 1938/2155/1190
f 2012/2155/1190 1737/2156/1190 1688/2156/1190
f 2000/2031/1191 1985/2031/1191 2070/2260/1191
f 1985/2026/1192 1966/2359/1192 2070/2279/1192
f 1902/2155/1137 2012/2155/1137 1687/2156/1137
f 1849/2233/1193 1939/2233/1193 2068/2014/1193
f 1975/2021/1194 2000/2021/1194 2070/2282/1194
f 1879/2269/1195 1807/2269/1195 2068/1981/1195
f 1917/2186/1196 1795/2156/1196 1916/2155/1196
f 1795/2156/1196 1917/2186/1196 1720/2185/1196
f 1758/2185/1197 1789/2185/1197 1983/2185/1197
f 1983/2185/1197 1789/2185/1197 1956/2185/1197
f 1966/2294/1198 1921/2294/1198 2070/1995/1198
f 1913/2156/1199 1902/2155/1199 1687/2156/1199
f 1807/2245/1200 1244/2245/1200 2068/1979/1200
f 1831/2156/1201 1788/2156/1201 1896/2155/1201
f 1831/2156/1201 1896/2155/1201 1780/2155/1201
f 1244/2221/1202 1849/2221/1202 2068/2015/1202
f 1902/2155/1199 1913/2156/1199 1781/2155/1199
f 1927/2233/1203 1975/2233/1203 2070/2014/1203
f 1877/2245/1204 1876/2245/1204 2070/1979/1204
f 1921/2269/1205 1877/2269/1205 2070/1981/1205
f 1994/2031/1206 1968/2031/1206 2071/2260/1206
f 1968/2026/1207 1958/2359/1207 2071/2279/1207
f 1876/2221/1208 1927/2221/1208 2070/2015/1208
f 1984/2021/1209 1994/2021/1209 2071/2282/1209
f 1958/2294/1210 1931/2294/1210 2071/1995/1210
f 1938/2155/1211 1795/2156/1211 1737/2156/1211
f 1898/2245/1212 1876/2245/1212 2071/1979/1212
f 2035/2031/1213 1946/2031/1213 2072/2260/1213
f 1913/2156/1214 1780/2155/1214 1781/2155/1214
f 1835/2185/1215 1789/2185/1215 1814/2185/1215
f 1789/2185/1215 1835/2185/1215 1956/2185/1215
f 2016/2021/1216 2035/2021/1216 2072/2282/1216
f 1946/2026/1217 1883/2359/1217 2072/2279/1217
f 1954/2233/1218 1984/2233/1218 2071/2014/1218
f 1876/2221/1219 1954/2221/1219 2071/2015/1219
f 1931/2269/1220 1898/2269/1220 2071/1981/1220
f 1795/2156/1211 1938/2155/1211 1916/2155/1211
f 1883/2294/1221 1840/2294/1221 2072/1995/1221
f 1913/2156/1214 1831/2156/1214 1780/2155/1214
f 1813/2245/1222 1244/2245/1222 2072/1979/1222
f 1982/2233/1223 2016/2233/1223 2072/2014/1223
f 1840/2269/1224 1813/2269/1224 2072/1981/1224
f 1244/2221/1225 1982/2221/1225 2072/2015/1225
