# Roblox asset pack: machine_dinosaur (creatures), from the Studio model "MachineDinosaur". Exported with Export Selection, split by tools/build_creatures.py: one object per rigid body. Units: studs. +Y up, front faces -Z, pivot (bottom centre) at the origin.
mtllib machine_dinosaur.mtl

v 6.50000 13.68000 -14.44000
v 6.50000 14.18000 -15.31000
v 6.50000 14.34000 -15.19000
v 6.50000 13.94000 -15.41000
v 6.50000 13.62000 -15.44000
v 6.50000 13.30000 -15.37000
v 6.50000 13.07000 -15.24000
v 6.50000 12.93000 -15.10000
v 6.50000 12.81000 -14.94000
v 6.50000 12.71000 -14.70000
v 6.50000 12.68000 -14.38000
v 6.50000 12.75000 -14.07000
v 6.50000 12.89000 -13.84000
v 6.50000 13.02000 -13.69000
v 6.50000 13.18000 -13.58000
v 6.50000 13.43000 -13.48000
v 6.50000 13.74000 -13.45000
v 6.50000 14.06000 -13.52000
v 6.50000 14.29000 -13.65000
v 6.50000 14.43000 -13.78000
v 6.50000 14.55000 -13.94000
v 6.50000 14.65000 -14.19000
v 6.50000 14.68000 -14.51000
v 6.50000 14.61000 -14.82000
v 6.50000 14.48000 -15.05000
v 5.50000 14.43000 -13.78000
v 5.50000 14.55000 -13.94000
v 5.50000 14.65000 -14.19000
v 5.50000 14.68000 -14.51000
v 5.50000 14.61000 -14.82000
v 5.50000 14.48000 -15.05000
v 5.50000 14.34000 -15.19000
v 5.50000 14.29000 -13.65000
v 5.50000 14.06000 -13.52000
v 5.50000 13.74000 -13.45000
v 5.50000 13.43000 -13.48000
v 5.50000 13.18000 -13.58000
v 5.50000 13.02000 -13.69000
v 5.50000 13.68000 -14.44000
v 5.50000 12.89000 -13.84000
v 5.50000 12.75000 -14.07000
v 5.50000 12.68000 -14.38000
v 5.50000 12.71000 -14.70000
v 5.50000 12.81000 -14.94000
v 5.50000 12.93000 -15.10000
v 5.50000 13.07000 -15.24000
v 5.50000 13.30000 -15.37000
v 5.50000 13.62000 -15.44000
v 5.50000 13.94000 -15.41000
v 5.50000 14.18000 -15.31000
v 8.00000 16.51000 -14.13000
v 8.00000 16.71000 -11.14000
v 8.00000 14.52000 -14.00000
v 8.00000 14.71000 -11.01000
v 6.00000 16.71000 -11.14000
v 6.00000 16.51000 -14.13000
v 6.00000 14.71000 -11.01000
v 6.00000 14.52000 -14.00000
v 7.50000 18.17000 -14.73000
v 7.50000 18.92000 -16.03000
v 7.50000 19.16000 -15.86000
v 7.50000 18.55000 -16.18000
v 7.50000 18.07000 -16.23000
v 7.50000 17.61000 -16.12000
v 7.50000 17.26000 -15.92000
v 7.50000 17.04000 -15.72000
v 7.50000 16.87000 -15.48000
v 7.50000 16.72000 -15.11000
v 7.50000 16.67000 -14.64000
v 7.50000 16.78000 -14.17000
v 7.50000 16.98000 -13.82000
v 7.50000 17.18000 -13.61000
v 7.50000 17.42000 -13.43000
v 7.50000 17.79000 -13.28000
v 7.50000 18.27000 -13.24000
v 7.50000 18.74000 -13.34000
v 7.50000 19.08000 -13.54000
v 7.50000 19.30000 -13.74000
v 7.50000 19.47000 -13.98000
v 7.50000 19.62000 -14.35000
v 7.50000 19.67000 -14.83000
v 7.50000 19.56000 -15.30000
v 7.50000 19.36000 -15.64000
v 6.50000 19.30000 -13.74000
v 6.50000 19.47000 -13.98000
v 6.50000 19.62000 -14.35000
v 6.50000 19.67000 -14.83000
v 6.50000 19.56000 -15.30000
v 6.50000 19.36000 -15.64000
v 6.50000 19.16000 -15.86000
v 6.50000 19.08000 -13.54000
v 6.50000 18.74000 -13.34000
v 6.50000 18.27000 -13.24000
v 6.50000 17.79000 -13.28000
v 6.50000 17.42000 -13.43000
v 6.50000 17.18000 -13.61000
v 6.50000 18.17000 -14.73000
v 6.50000 16.98000 -13.82000
v 6.50000 16.78000 -14.17000
v 6.50000 16.67000 -14.64000
v 6.50000 16.72000 -15.11000
v 6.50000 16.87000 -15.48000
v 6.50000 17.04000 -15.72000
v 6.50000 17.26000 -15.92000
v 6.50000 17.61000 -16.12000
v 6.50000 18.07000 -16.23000
v 6.50000 18.55000 -16.18000
v 6.50000 18.92000 -16.03000
v 8.00000 17.14000 -15.17000
v 8.00000 17.21000 -14.17000
v 8.00000 14.15000 -14.97000
v 8.00000 14.21000 -13.98000
v 6.00000 17.21000 -14.17000
v 6.00000 17.14000 -15.17000
v 6.00000 14.21000 -13.98000
v 6.00000 14.15000 -14.97000
v 8.50000 13.68000 -14.44000
v 8.50000 14.18000 -15.31000
v 8.50000 14.34000 -15.19000
v 8.50000 13.94000 -15.41000
v 8.50000 13.62000 -15.44000
v 8.50000 13.30000 -15.37000
v 8.50000 13.07000 -15.24000
v 8.50000 12.93000 -15.10000
v 8.50000 12.81000 -14.94000
v 8.50000 12.71000 -14.70000
v 8.50000 12.68000 -14.38000
v 8.50000 12.75000 -14.07000
v 8.50000 12.89000 -13.84000
v 8.50000 13.02000 -13.69000
v 8.50000 13.18000 -13.58000
v 8.50000 13.43000 -13.48000
v 8.50000 13.74000 -13.45000
v 8.50000 14.06000 -13.52000
v 8.50000 14.29000 -13.65000
v 8.50000 14.43000 -13.78000
v 8.50000 14.55000 -13.94000
v 8.50000 14.65000 -14.19000
v 8.50000 14.68000 -14.51000
v 8.50000 14.61000 -14.82000
v 8.50000 14.48000 -15.05000
v 7.50000 14.43000 -13.78000
v 7.50000 14.55000 -13.94000
v 7.50000 14.65000 -14.19000
v 7.50000 14.68000 -14.51000
v 7.50000 14.61000 -14.82000
v 7.50000 14.48000 -15.05000
v 7.50000 14.34000 -15.19000
v 7.50000 14.29000 -13.65000
v 7.50000 14.06000 -13.52000
v 7.50000 13.74000 -13.45000
v 7.50000 13.43000 -13.48000
v 7.50000 13.18000 -13.58000
v 7.50000 13.02000 -13.69000
v 7.50000 13.68000 -14.44000
v 7.50000 12.89000 -13.84000
v 7.50000 12.75000 -14.07000
v 7.50000 12.68000 -14.38000
v 7.50000 12.71000 -14.70000
v 7.50000 12.81000 -14.94000
v 7.50000 12.93000 -15.10000
v 7.50000 13.07000 -15.24000
v 7.50000 13.30000 -15.37000
v 7.50000 13.62000 -15.44000
v 7.50000 13.94000 -15.41000
v 7.50000 14.18000 -15.31000
v 7.50000 14.12000 -15.47000
v 7.50000 14.18000 -14.48000
v 7.50000 13.12000 -15.41000
v 7.50000 13.18000 -14.41000
v 6.50000 14.18000 -14.48000
v 6.50000 14.12000 -15.47000
v 6.50000 13.18000 -14.41000
v 6.50000 13.12000 -15.41000
v 9.50000 18.17000 -14.73000
v 9.50000 18.67000 -15.60000
v 9.50000 18.83000 -15.48000
v 9.50000 18.43000 -15.70000
v 9.50000 18.11000 -15.73000
v 9.50000 17.79000 -15.66000
v 9.50000 17.56000 -15.53000
v 9.50000 17.42000 -15.39000
v 9.50000 17.31000 -15.23000
v 9.50000 17.20000 -14.99000
v 9.50000 17.17000 -14.67000
v 9.50000 17.24000 -14.36000
v 9.50000 17.38000 -14.13000
v 9.50000 17.51000 -13.98000
v 9.50000 17.67000 -13.87000
v 9.50000 17.92000 -13.77000
v 9.50000 18.24000 -13.73000
v 9.50000 18.55000 -13.81000
v 9.50000 18.78000 -13.94000
v 9.50000 18.92000 -14.07000
v 9.50000 19.04000 -14.23000
v 9.50000 19.14000 -14.48000
v 9.50000 19.17000 -14.80000
v 9.50000 19.10000 -15.11000
v 9.50000 18.97000 -15.34000
v 7.50000 18.92000 -14.07000
v 7.50000 19.04000 -14.23000
v 7.50000 19.14000 -14.48000
v 7.50000 19.17000 -14.80000
v 7.50000 19.10000 -15.11000
v 7.50000 18.97000 -15.34000
v 7.50000 18.83000 -15.48000
v 7.50000 18.78000 -13.94000
v 7.50000 18.55000 -13.81000
v 7.50000 18.24000 -13.73000
v 7.50000 17.92000 -13.77000
v 7.50000 17.67000 -13.87000
v 7.50000 17.51000 -13.98000
v 7.50000 17.38000 -14.13000
v 7.50000 17.24000 -14.36000
v 7.50000 17.17000 -14.67000
v 7.50000 17.20000 -14.99000
v 7.50000 17.31000 -15.23000
v 7.50000 17.42000 -15.39000
v 7.50000 17.56000 -15.53000
v 7.50000 17.79000 -15.66000
v 7.50000 18.11000 -15.73000
v 7.50000 18.43000 -15.70000
v 7.50000 18.67000 -15.60000
v 7.50000 17.21000 -16.14000
v 7.50000 19.07000 -18.26000
v 7.50000 19.20000 -16.27000
v 9.50000 17.21000 -16.14000
v 9.50000 19.20000 -16.27000
v 9.50000 19.07000 -18.26000
v 6.50000 13.84000 -17.52000
v 6.50000 15.25000 -17.61000
v 6.50000 14.59000 -16.86000
v 7.50000 13.84000 -17.52000
v 7.50000 14.59000 -16.86000
v 7.50000 15.25000 -17.61000
v 7.50000 12.99000 -17.41000
v 6.50000 12.99000 -17.41000
v 9.00000 18.74000 -17.89000
v 9.00000 17.42000 -16.38000
v 9.00000 17.99000 -18.55000
v 9.00000 16.67000 -17.04000
v 8.00000 17.42000 -16.38000
v 8.00000 18.74000 -17.89000
v 8.00000 16.67000 -17.04000
v 8.00000 17.99000 -18.55000
v 9.50000 19.27000 -15.27000
v 9.50000 17.27000 -15.14000
v 7.50000 19.27000 -15.27000
v 7.50000 17.27000 -15.14000
v 6.50000 19.20000 -16.27000
v 6.50000 19.27000 -15.27000
v 6.50000 17.21000 -16.14000
v 6.50000 17.27000 -15.14000
v 4.50000 19.27000 -15.27000
v 4.50000 19.20000 -16.27000
v 4.50000 17.27000 -15.14000
v 4.50000 17.21000 -16.14000
v 4.50000 19.07000 -18.26000
v 6.50000 19.07000 -18.26000
v 6.00000 18.74000 -17.89000
v 6.00000 17.42000 -16.38000
v 6.00000 17.99000 -18.55000
v 6.00000 16.67000 -17.04000
v 5.00000 17.42000 -16.38000
v 5.00000 18.74000 -17.89000
v 5.00000 16.67000 -17.04000
v 5.00000 17.99000 -18.55000
v 5.00000 15.17000 -18.36000
v 6.00000 15.17000 -18.36000
v 7.50000 13.93000 -16.11000
v 7.50000 13.18000 -16.77000
v 6.50000 13.93000 -16.11000
v 6.50000 13.18000 -16.77000
v 8.00000 15.17000 -18.36000
v 9.00000 15.17000 -18.36000
v 6.50000 18.67000 -15.60000
v 6.50000 18.83000 -15.48000
v 6.50000 18.43000 -15.70000
v 6.50000 18.11000 -15.73000
v 6.50000 17.79000 -15.66000
v 6.50000 17.56000 -15.53000
v 6.50000 17.42000 -15.39000
v 6.50000 17.31000 -15.23000
v 6.50000 17.20000 -14.99000
v 6.50000 17.17000 -14.67000
v 6.50000 17.24000 -14.36000
v 6.50000 17.38000 -14.13000
v 6.50000 17.51000 -13.98000
v 6.50000 17.67000 -13.87000
v 6.50000 17.92000 -13.77000
v 6.50000 18.24000 -13.73000
v 6.50000 18.55000 -13.81000
v 6.50000 18.78000 -13.94000
v 6.50000 18.92000 -14.07000
v 6.50000 19.04000 -14.23000
v 6.50000 19.14000 -14.48000
v 6.50000 19.17000 -14.80000
v 6.50000 19.10000 -15.11000
v 6.50000 18.97000 -15.34000
v 4.50000 18.92000 -14.07000
v 4.50000 19.04000 -14.23000
v 4.50000 19.14000 -14.48000
v 4.50000 19.17000 -14.80000
v 4.50000 19.10000 -15.11000
v 4.50000 18.97000 -15.34000
v 4.50000 18.83000 -15.48000
v 4.50000 18.78000 -13.94000
v 4.50000 18.55000 -13.81000
v 4.50000 18.24000 -13.73000
v 4.50000 17.92000 -13.77000
v 4.50000 17.67000 -13.87000
v 4.50000 17.51000 -13.98000
v 4.50000 18.17000 -14.73000
v 4.50000 17.38000 -14.13000
v 4.50000 17.24000 -14.36000
v 4.50000 17.17000 -14.67000
v 4.50000 17.20000 -14.99000
v 4.50000 17.31000 -15.23000
v 4.50000 17.42000 -15.39000
v 4.50000 17.56000 -15.53000
v 4.50000 17.79000 -15.66000
v 4.50000 18.11000 -15.73000
v 4.50000 18.43000 -15.70000
v 4.50000 18.67000 -15.60000
v 3.00000 25.06000 -16.45000
v 3.00000 25.38000 -15.50000
v 3.00000 24.12000 -16.13000
v 3.00000 24.44000 -15.18000
v 2.00000 25.38000 -15.50000
v 2.00000 25.06000 -16.45000
v 2.00000 24.44000 -15.18000
v 2.00000 24.12000 -16.13000
v 3.00000 24.42000 -18.34000
v 3.00000 24.74000 -17.39000
v 3.00000 23.47000 -18.02000
v 3.00000 23.79000 -17.07000
v 2.00000 24.74000 -17.39000
v 2.00000 24.42000 -18.34000
v 2.00000 23.79000 -17.07000
v 2.00000 23.47000 -18.02000
v 3.00000 25.70000 -14.55000
v 3.00000 26.02000 -13.60000
v 3.00000 24.76000 -14.23000
v 3.00000 25.08000 -13.28000
v 2.00000 26.02000 -13.60000
v 2.00000 25.70000 -14.55000
v 2.00000 25.08000 -13.28000
v 2.00000 24.76000 -14.23000
v -2.00000 25.06000 -16.45000
v -2.00000 25.38000 -15.50000
v -2.00000 24.12000 -16.13000
v -2.00000 24.44000 -15.18000
v -3.00000 25.38000 -15.50000
v -3.00000 25.06000 -16.45000
v -3.00000 24.44000 -15.18000
v -3.00000 24.12000 -16.13000
v -2.00000 25.70000 -14.55000
v -2.00000 26.02000 -13.60000
v -2.00000 24.76000 -14.23000
v -2.00000 25.08000 -13.28000
v -3.00000 26.02000 -13.60000
v -3.00000 25.70000 -14.55000
v -3.00000 25.08000 -13.28000
v -3.00000 24.76000 -14.23000
v -2.00000 24.42000 -18.34000
v -2.00000 24.74000 -17.39000
v -2.00000 23.47000 -18.02000
v -2.00000 23.79000 -17.07000
v -3.00000 24.74000 -17.39000
v -3.00000 24.42000 -18.34000
v -3.00000 23.79000 -17.07000
v -3.00000 23.47000 -18.02000
v 2.00000 23.95000 -18.18000
v 2.00000 25.87000 -12.50000
v 2.00000 23.00000 -17.86000
v 2.00000 24.92000 -12.18000
v -2.00000 25.87000 -12.50000
v -2.00000 23.95000 -18.18000
v -2.00000 24.92000 -12.18000
v -2.00000 23.00000 -17.86000
v 3.00000 23.15000 -18.97000
v 3.00000 22.21000 -18.65000
v 3.00000 22.53000 -17.70000
v -3.00000 23.15000 -18.97000
v -3.00000 22.53000 -17.70000
v -3.00000 22.21000 -18.65000
v 3.00000 25.40000 -12.34000
v 3.00000 21.58000 -17.38000
v 3.00000 23.50000 -11.70000
v -3.00000 25.40000 -12.34000
v -3.00000 23.50000 -11.70000
v -3.00000 21.58000 -17.38000
v -5.00000 21.14000 -6.78000
v -5.00000 19.64000 -9.38000
v -5.00000 20.18000 -9.62000
v -5.00000 19.01000 -8.89000
v -5.00000 18.46000 -8.11000
v -5.00000 18.17000 -7.19000
v -5.00000 18.17000 -6.40000
v -5.00000 18.30000 -5.82000
v -5.00000 18.55000 -5.28000
v -5.00000 19.03000 -4.65000
v -5.00000 19.82000 -4.09000
v -5.00000 20.73000 -3.81000
v -5.00000 21.53000 -3.81000
v -5.00000 22.11000 -3.94000
v -5.00000 22.65000 -4.18000
v -5.00000 23.28000 -4.67000
v -5.00000 23.83000 -5.45000
v -5.00000 24.12000 -6.37000
v -5.00000 24.12000 -7.17000
v -5.00000 23.99000 -7.74000
v -5.00000 23.74000 -8.28000
v -5.00000 23.26000 -8.91000
v -5.00000 22.47000 -9.47000
v -5.00000 21.56000 -9.75000
v -5.00000 20.76000 -9.76000
v -9.00000 23.99000 -7.74000
v -9.00000 23.74000 -8.28000
v -9.00000 23.26000 -8.91000
v -9.00000 22.47000 -9.47000
v -9.00000 21.56000 -9.75000
v -9.00000 20.76000 -9.76000
v -9.00000 20.18000 -9.62000
v -9.00000 24.12000 -7.17000
v -9.00000 24.12000 -6.37000
v -9.00000 23.83000 -5.45000
v -9.00000 23.28000 -4.67000
v -9.00000 22.65000 -4.18000
v -9.00000 22.11000 -3.94000
v -9.00000 21.14000 -6.78000
v -9.00000 21.53000 -3.81000
v -9.00000 20.73000 -3.81000
v -9.00000 19.82000 -4.09000
v -9.00000 19.03000 -4.65000
v -9.00000 18.55000 -5.28000
v -9.00000 18.30000 -5.82000
v -9.00000 18.17000 -6.40000
v -9.00000 18.17000 -7.19000
v -9.00000 18.46000 -8.11000
v -9.00000 19.01000 -8.89000
v -9.00000 19.64000 -9.38000
v -5.00000 15.77000 -9.44000
v -5.00000 14.77000 -11.17000
v -5.00000 15.13000 -11.34000
v -5.00000 14.35000 -10.85000
v -5.00000 13.97000 -10.33000
v -5.00000 13.79000 -9.71000
v -5.00000 13.78000 -9.18000
v -5.00000 13.87000 -8.80000
v -5.00000 14.03000 -8.44000
v -5.00000 14.36000 -8.02000
v -5.00000 14.88000 -7.65000
v -5.00000 15.49000 -7.46000
v -5.00000 16.02000 -7.46000
v -5.00000 16.41000 -7.55000
v -5.00000 16.77000 -7.71000
v -5.00000 17.19000 -8.03000
v -5.00000 17.56000 -8.55000
v -5.00000 17.75000 -9.17000
v -5.00000 17.75000 -9.70000
v -5.00000 17.66000 -10.08000
v -5.00000 17.50000 -10.44000
v -5.00000 17.17000 -10.86000
v -5.00000 16.65000 -11.23000
v -5.00000 16.04000 -11.42000
v -5.00000 15.51000 -11.42000
v -9.00000 17.66000 -10.08000
v -9.00000 17.50000 -10.44000
v -9.00000 17.17000 -10.86000
v -9.00000 16.65000 -11.23000
v -9.00000 16.04000 -11.42000
v -9.00000 15.51000 -11.42000
v -9.00000 15.13000 -11.34000
v -9.00000 17.75000 -9.70000
v -9.00000 17.75000 -9.17000
v -9.00000 17.56000 -8.55000
v -9.00000 17.19000 -8.03000
v -9.00000 16.77000 -7.71000
v -9.00000 16.41000 -7.55000
v -9.00000 15.77000 -9.44000
v -9.00000 16.02000 -7.46000
v -9.00000 15.49000 -7.46000
v -9.00000 14.88000 -7.65000
v -9.00000 14.36000 -8.02000
v -9.00000 14.03000 -8.44000
v -9.00000 13.87000 -8.80000
v -9.00000 13.78000 -9.18000
v -9.00000 13.79000 -9.71000
v -9.00000 13.97000 -10.33000
v -9.00000 14.35000 -10.85000
v -9.00000 14.77000 -11.17000
v -5.50000 16.88000 -10.56000
v -5.50000 20.47000 -8.79000
v -5.50000 15.55000 -7.87000
v -5.50000 19.14000 -6.10000
v -8.50000 20.47000 -8.79000
v -8.50000 16.88000 -10.56000
v -8.50000 19.14000 -6.10000
v -8.50000 15.55000 -7.87000
v -4.50000 15.77000 -9.44000
v -4.50000 15.27000 -10.31000
v -4.50000 15.45000 -10.39000
v -4.50000 15.06000 -10.15000
v -4.50000 14.87000 -9.88000
v -4.50000 14.78000 -9.58000
v -4.50000 14.77000 -9.31000
v -4.50000 14.82000 -9.12000
v -4.50000 14.90000 -8.94000
v -4.50000 15.06000 -8.73000
v -4.50000 15.32000 -8.54000
v -4.50000 15.63000 -8.45000
v -4.50000 15.89000 -8.45000
v -4.50000 16.09000 -8.49000
v -4.50000 16.27000 -8.57000
v -4.50000 16.48000 -8.74000
v -4.50000 16.66000 -9.00000
v -4.50000 16.76000 -9.30000
v -4.50000 16.76000 -9.57000
v -4.50000 16.71000 -9.76000
v -4.50000 16.63000 -9.94000
v -4.50000 16.47000 -10.15000
v -4.50000 16.21000 -10.34000
v -4.50000 15.90000 -10.43000
v -4.50000 15.64000 -10.43000
v -9.50000 16.71000 -9.76000
v -9.50000 16.63000 -9.94000
v -9.50000 16.47000 -10.15000
v -9.50000 16.21000 -10.34000
v -9.50000 15.90000 -10.43000
v -9.50000 15.64000 -10.43000
v -9.50000 15.45000 -10.39000
v -9.50000 16.76000 -9.57000
v -9.50000 16.76000 -9.30000
v -9.50000 16.66000 -9.00000
v -9.50000 16.48000 -8.74000
v -9.50000 16.27000 -8.57000
v -9.50000 16.09000 -8.49000
v -9.50000 15.77000 -9.44000
v -9.50000 15.89000 -8.45000
v -9.50000 15.63000 -8.45000
v -9.50000 15.32000 -8.54000
v -9.50000 15.06000 -8.73000
v -9.50000 14.90000 -8.94000
v -9.50000 14.82000 -9.12000
v -9.50000 14.77000 -9.31000
v -9.50000 14.78000 -9.58000
v -9.50000 14.87000 -9.88000
v -9.50000 15.06000 -10.15000
v -9.50000 15.27000 -10.31000
v -4.00000 21.14000 -6.78000
v -4.00000 20.14000 -8.51000
v -4.00000 20.50000 -8.68000
v -4.00000 19.72000 -8.19000
v -4.00000 19.35000 -7.67000
v -4.00000 19.16000 -7.06000
v -4.00000 19.16000 -6.52000
v -4.00000 19.25000 -6.14000
v -4.00000 19.41000 -5.78000
v -4.00000 19.74000 -5.36000
v -4.00000 20.26000 -4.99000
v -4.00000 20.87000 -4.80000
v -4.00000 21.40000 -4.80000
v -4.00000 21.79000 -4.89000
v -4.00000 22.15000 -5.05000
v -4.00000 22.57000 -5.37000
v -4.00000 22.94000 -5.90000
v -4.00000 23.13000 -6.51000
v -4.00000 23.13000 -7.04000
v -4.00000 23.04000 -7.42000
v -4.00000 22.88000 -7.78000
v -4.00000 22.55000 -8.20000
v -4.00000 22.03000 -8.57000
v -4.00000 21.42000 -8.76000
v -4.00000 20.89000 -8.76000
v -10.00000 23.04000 -7.42000
v -10.00000 22.88000 -7.78000
v -10.00000 22.55000 -8.20000
v -10.00000 22.03000 -8.57000
v -10.00000 21.42000 -8.76000
v -10.00000 20.89000 -8.76000
v -10.00000 20.50000 -8.68000
v -10.00000 23.13000 -7.04000
v -10.00000 23.13000 -6.51000
v -10.00000 22.94000 -5.90000
v -10.00000 22.57000 -5.37000
v -10.00000 22.15000 -5.05000
v -10.00000 21.79000 -4.89000
v -10.00000 21.14000 -6.78000
v -10.00000 21.40000 -4.80000
v -10.00000 20.87000 -4.80000
v -10.00000 20.26000 -4.99000
v -10.00000 19.74000 -5.36000
v -10.00000 19.41000 -5.78000
v -10.00000 19.25000 -6.14000
v -10.00000 19.16000 -6.52000
v -10.00000 19.16000 -7.06000
v -10.00000 19.35000 -7.67000
v -10.00000 19.72000 -8.19000
v -10.00000 20.14000 -8.51000
v 3.00000 23.71000 -11.22000
v 3.00000 26.49000 -7.06000
v 3.00000 20.38000 -9.00000
v 3.00000 23.16000 -4.84000
v -3.00000 26.49000 -7.06000
v -3.00000 23.71000 -11.22000
v -3.00000 23.16000 -4.84000
v -3.00000 20.38000 -9.00000
v 3.00000 23.16000 -12.05000
v 3.00000 19.83000 -9.83000
v 2.00000 23.71000 -11.22000
v 2.00000 23.16000 -12.05000
v 2.00000 20.38000 -9.00000
v 2.00000 19.83000 -9.83000
v -2.00000 23.16000 -12.05000
v -2.00000 23.71000 -11.22000
v -2.00000 19.83000 -9.83000
v -2.00000 20.38000 -9.00000
v -3.00000 23.16000 -12.05000
v -3.00000 19.83000 -9.83000
v 4.00000 19.92000 -10.35000
v 4.00000 25.17000 -5.73000
v 4.00000 14.63000 -4.34000
v 4.00000 19.89000 0.28000
v -4.00000 25.17000 -5.73000
v -4.00000 19.92000 -10.35000
v -4.00000 19.89000 0.28000
v -4.00000 14.63000 -4.34000
v 2.00000 16.76000 -9.79000
v 2.00000 17.51000 -9.13000
v 2.00000 14.78000 -7.54000
v 2.00000 15.53000 -6.88000
v -2.00000 17.51000 -9.13000
v -2.00000 16.76000 -9.79000
v -2.00000 15.53000 -6.88000
v -2.00000 14.78000 -7.54000
v -2.00000 18.17000 -9.88000
v -2.00000 18.66000 -10.01000
v -2.00000 18.67000 -9.91000
v -2.00000 18.61000 -10.13000
v -2.00000 18.50000 -10.26000
v -2.00000 18.37000 -10.34000
v -2.00000 18.24000 -10.38000
v -2.00000 18.14000 -10.38000
v -2.00000 18.05000 -10.36000
v -2.00000 17.92000 -10.31000
v -2.00000 17.80000 -10.21000
v -2.00000 17.71000 -10.08000
v -2.00000 17.68000 -9.95000
v -2.00000 17.68000 -9.85000
v -2.00000 17.69000 -9.75000
v -2.00000 17.74000 -9.63000
v -2.00000 17.84000 -9.51000
v -2.00000 17.98000 -9.42000
v -2.00000 18.11000 -9.39000
v -2.00000 18.21000 -9.38000
v -2.00000 18.30000 -9.40000
v -2.00000 18.43000 -9.45000
v -2.00000 18.55000 -9.55000
v -2.00000 18.64000 -9.69000
v -2.00000 18.67000 -9.81000
v -4.00000 18.21000 -9.38000
v -4.00000 18.30000 -9.40000
v -4.00000 18.43000 -9.45000
v -4.00000 18.55000 -9.55000
v -4.00000 18.64000 -9.69000
v -4.00000 18.67000 -9.81000
v -4.00000 18.67000 -9.91000
v -4.00000 18.11000 -9.39000
v -4.00000 17.98000 -9.42000
v -4.00000 17.84000 -9.51000
v -4.00000 17.74000 -9.63000
v -4.00000 17.69000 -9.75000
v -4.00000 17.68000 -9.85000
v -4.00000 18.17000 -9.88000
v -4.00000 17.68000 -9.95000
v -4.00000 17.71000 -10.08000
v -4.00000 17.80000 -10.21000
v -4.00000 17.92000 -10.31000
v -4.00000 18.05000 -10.36000
v -4.00000 18.14000 -10.38000
v -4.00000 18.24000 -10.38000
v -4.00000 18.37000 -10.34000
v -4.00000 18.50000 -10.26000
v -4.00000 18.61000 -10.13000
v -4.00000 18.66000 -10.01000
v 4.00000 18.17000 -9.88000
v 4.00000 18.66000 -10.01000
v 4.00000 18.67000 -9.91000
v 4.00000 18.61000 -10.13000
v 4.00000 18.50000 -10.26000
v 4.00000 18.37000 -10.34000
v 4.00000 18.24000 -10.38000
v 4.00000 18.14000 -10.38000
v 4.00000 18.04000 -10.36000
v 4.00000 17.92000 -10.31000
v 4.00000 17.80000 -10.21000
v 4.00000 17.71000 -10.08000
v 4.00000 17.68000 -9.95000
v 4.00000 17.68000 -9.85000
v 4.00000 17.69000 -9.75000
v 4.00000 17.74000 -9.63000
v 4.00000 17.84000 -9.51000
v 4.00000 17.98000 -9.42000
v 4.00000 18.11000 -9.39000
v 4.00000 18.21000 -9.38000
v 4.00000 18.30000 -9.40000
v 4.00000 18.43000 -9.45000
v 4.00000 18.55000 -9.55000
v 4.00000 18.64000 -9.69000
v 4.00000 18.67000 -9.81000
v 2.00000 18.21000 -9.38000
v 2.00000 18.30000 -9.40000
v 2.00000 18.43000 -9.45000
v 2.00000 18.55000 -9.55000
v 2.00000 18.64000 -9.69000
v 2.00000 18.67000 -9.81000
v 2.00000 18.67000 -9.91000
v 2.00000 18.11000 -9.39000
v 2.00000 17.98000 -9.42000
v 2.00000 17.84000 -9.51000
v 2.00000 17.74000 -9.63000
v 2.00000 17.69000 -9.75000
v 2.00000 17.68000 -9.85000
v 2.00000 18.17000 -9.88000
v 2.00000 17.68000 -9.95000
v 2.00000 17.71000 -10.08000
v 2.00000 17.80000 -10.21000
v 2.00000 17.92000 -10.31000
v 2.00000 18.04000 -10.36000
v 2.00000 18.14000 -10.38000
v 2.00000 18.24000 -10.38000
v 2.00000 18.37000 -10.34000
v 2.00000 18.50000 -10.26000
v 2.00000 18.61000 -10.13000
v 2.00000 18.66000 -10.01000
v -2.00000 14.87000 -6.13000
v -2.00000 15.36000 -6.25000
v -2.00000 15.37000 -6.16000
v -2.00000 15.31000 -6.38000
v -2.00000 15.20000 -6.50000
v -2.00000 15.07000 -6.59000
v -2.00000 14.94000 -6.62000
v -2.00000 14.84000 -6.62000
v -2.00000 14.74000 -6.61000
v -2.00000 14.62000 -6.56000
v -2.00000 14.50000 -6.46000
v -2.00000 14.41000 -6.32000
v -2.00000 14.38000 -6.19000
v -2.00000 14.37000 -6.09000
v -2.00000 14.39000 -6.00000
v -2.00000 14.44000 -5.87000
v -2.00000 14.54000 -5.75000
v -2.00000 14.68000 -5.67000
v -2.00000 14.81000 -5.63000
v -2.00000 14.91000 -5.63000
v -2.00000 15.00000 -5.64000
v -2.00000 15.13000 -5.69000
v -2.00000 15.25000 -5.80000
v -2.00000 15.33000 -5.93000
v -2.00000 15.37000 -6.06000
v -4.00000 14.91000 -5.63000
v -4.00000 15.00000 -5.64000
v -4.00000 15.13000 -5.69000
v -4.00000 15.25000 -5.80000
v -4.00000 15.33000 -5.93000
v -4.00000 15.37000 -6.06000
v -4.00000 15.37000 -6.16000
v -4.00000 14.81000 -5.63000
v -4.00000 14.68000 -5.67000
v -4.00000 14.54000 -5.75000
v -4.00000 14.44000 -5.87000
v -4.00000 14.39000 -6.00000
v -4.00000 14.37000 -6.09000
v -4.00000 14.87000 -6.13000
v -4.00000 14.38000 -6.19000
v -4.00000 14.41000 -6.32000
v -4.00000 14.50000 -6.46000
v -4.00000 14.62000 -6.56000
v -4.00000 14.74000 -6.61000
v -4.00000 14.84000 -6.62000
v -4.00000 14.94000 -6.62000
v -4.00000 15.07000 -6.59000
v -4.00000 15.20000 -6.50000
v -4.00000 15.31000 -6.38000
v -4.00000 15.36000 -6.25000
v 4.00000 14.87000 -6.13000
v 4.00000 15.36000 -6.25000
v 4.00000 15.37000 -6.16000
v 4.00000 15.31000 -6.38000
v 4.00000 15.20000 -6.50000
v 4.00000 15.07000 -6.59000
v 4.00000 14.94000 -6.62000
v 4.00000 14.84000 -6.62000
v 4.00000 14.74000 -6.61000
v 4.00000 14.62000 -6.56000
v 4.00000 14.50000 -6.46000
v 4.00000 14.41000 -6.32000
v 4.00000 14.38000 -6.19000
v 4.00000 14.37000 -6.09000
v 4.00000 14.39000 -6.00000
v 4.00000 14.44000 -5.87000
v 4.00000 14.54000 -5.75000
v 4.00000 14.68000 -5.67000
v 4.00000 14.81000 -5.63000
v 4.00000 14.91000 -5.63000
v 4.00000 15.00000 -5.64000
v 4.00000 15.13000 -5.69000
v 4.00000 15.25000 -5.80000
v 4.00000 15.33000 -5.93000
v 4.00000 15.37000 -6.06000
v 2.00000 14.91000 -5.63000
v 2.00000 15.00000 -5.64000
v 2.00000 15.13000 -5.69000
v 2.00000 15.25000 -5.80000
v 2.00000 15.33000 -5.93000
v 2.00000 15.37000 -6.06000
v 2.00000 15.37000 -6.16000
v 2.00000 14.81000 -5.63000
v 2.00000 14.68000 -5.67000
v 2.00000 14.54000 -5.75000
v 2.00000 14.44000 -5.87000
v 2.00000 14.39000 -6.00000
v 2.00000 14.37000 -6.09000
v 2.00000 14.87000 -6.13000
v 2.00000 14.38000 -6.19000
v 2.00000 14.41000 -6.32000
v 2.00000 14.50000 -6.46000
v 2.00000 14.62000 -6.56000
v 2.00000 14.74000 -6.61000
v 2.00000 14.84000 -6.62000
v 2.00000 14.94000 -6.62000
v 2.00000 15.07000 -6.59000
v 2.00000 15.20000 -6.50000
v 2.00000 15.31000 -6.38000
v 2.00000 15.36000 -6.25000
v 1.00000 23.43000 -11.64000
v 1.00000 23.99000 -10.81000
v 1.00000 20.11000 -9.42000
v 1.00000 20.66000 -8.59000
v -1.00000 23.99000 -10.81000
v -1.00000 23.43000 -11.64000
v -1.00000 20.66000 -8.59000
v -1.00000 20.11000 -9.42000
v 2.00000 19.16000 -11.01000
v 2.00000 19.92000 -10.35000
v 2.00000 13.88000 -5.00000
v 2.00000 14.63000 -4.34000
v -2.00000 19.92000 -10.35000
v -2.00000 19.16000 -11.01000
v -2.00000 14.63000 -4.34000
v -2.00000 13.88000 -5.00000
v 4.00000 17.51000 -9.13000
v 4.00000 18.27000 -8.47000
v 4.00000 15.53000 -6.88000
v 4.00000 16.29000 -6.22000
v -4.00000 18.27000 -8.47000
v -4.00000 17.51000 -9.13000
v -4.00000 16.29000 -6.22000
v -4.00000 15.53000 -6.88000
v 3.50000 14.87000 -6.13000
v 3.50000 15.84000 -6.38000
v 3.50000 15.87000 -6.19000
v 3.50000 15.74000 -6.63000
v 3.50000 15.53000 -6.88000
v 3.50000 15.26000 -7.05000
v 3.50000 15.01000 -7.12000
v 3.50000 14.81000 -7.12000
v 3.50000 14.61000 -7.09000
v 3.50000 14.37000 -6.99000
v 3.50000 14.12000 -6.79000
v 3.50000 13.95000 -6.51000
v 3.50000 13.88000 -6.26000
v 3.50000 13.88000 -6.06000
v 3.50000 13.91000 -5.87000
v 3.50000 14.01000 -5.62000
v 3.50000 14.21000 -5.37000
v 3.50000 14.48000 -5.20000
v 3.50000 14.74000 -5.13000
v 3.50000 14.94000 -5.13000
v 3.50000 15.13000 -5.16000
v 3.50000 15.38000 -5.26000
v 3.50000 15.62000 -5.47000
v 3.50000 15.80000 -5.74000
v 3.50000 15.86000 -5.99000
v 2.50000 14.94000 -5.13000
v 2.50000 15.13000 -5.16000
v 2.50000 15.38000 -5.26000
v 2.50000 15.62000 -5.47000
v 2.50000 15.80000 -5.74000
v 2.50000 15.86000 -5.99000
v 2.50000 15.87000 -6.19000
v 2.50000 14.74000 -5.13000
v 2.50000 14.48000 -5.20000
v 2.50000 14.21000 -5.37000
v 2.50000 14.01000 -5.62000
v 2.50000 13.91000 -5.87000
v 2.50000 13.88000 -6.06000
v 2.50000 14.87000 -6.13000
v 2.50000 13.88000 -6.26000
v 2.50000 13.95000 -6.51000
v 2.50000 14.12000 -6.79000
v 2.50000 14.37000 -6.99000
v 2.50000 14.61000 -7.09000
v 2.50000 14.81000 -7.12000
v 2.50000 15.01000 -7.12000
v 2.50000 15.26000 -7.05000
v 2.50000 15.53000 -6.88000
v 2.50000 15.74000 -6.63000
v 2.50000 15.84000 -6.38000
v 3.50000 18.17000 -9.88000
v 3.50000 19.14000 -10.14000
v 3.50000 19.17000 -9.95000
v 3.50000 19.04000 -10.38000
v 3.50000 18.83000 -10.63000
v 3.50000 18.56000 -10.80000
v 3.50000 18.31000 -10.87000
v 3.50000 18.11000 -10.88000
v 3.50000 17.92000 -10.85000
v 3.50000 17.67000 -10.74000
v 3.50000 17.42000 -10.54000
v 3.50000 17.25000 -10.27000
v 3.50000 17.18000 -10.01000
v 3.50000 17.18000 -9.82000
v 3.50000 17.21000 -9.62000
v 3.50000 17.31000 -9.38000
v 3.50000 17.51000 -9.13000
v 3.50000 17.79000 -8.96000
v 3.50000 18.04000 -8.89000
v 3.50000 18.24000 -8.88000
v 3.50000 18.43000 -8.92000
v 3.50000 18.68000 -9.02000
v 3.50000 18.93000 -9.22000
v 3.50000 19.10000 -9.49000
v 3.50000 19.17000 -9.75000
v 2.50000 18.24000 -8.88000
v 2.50000 18.43000 -8.92000
v 2.50000 18.68000 -9.02000
v 2.50000 18.93000 -9.22000
v 2.50000 19.10000 -9.49000
v 2.50000 19.17000 -9.75000
v 2.50000 19.17000 -9.95000
v 2.50000 18.04000 -8.89000
v 2.50000 17.79000 -8.96000
v 2.50000 17.51000 -9.13000
v 2.50000 17.31000 -9.38000
v 2.50000 17.21000 -9.62000
v 2.50000 17.18000 -9.82000
v 2.50000 18.17000 -9.88000
v 2.50000 17.18000 -10.01000
v 2.50000 17.25000 -10.27000
v 2.50000 17.42000 -10.54000
v 2.50000 17.67000 -10.74000
v 2.50000 17.92000 -10.85000
v 2.50000 18.11000 -10.88000
v 2.50000 18.31000 -10.87000
v 2.50000 18.56000 -10.80000
v 2.50000 18.83000 -10.63000
v 2.50000 19.04000 -10.38000
v 2.50000 19.14000 -10.14000
v -2.50000 14.87000 -6.13000
v -2.50000 15.84000 -6.38000
v -2.50000 15.87000 -6.19000
v -2.50000 15.74000 -6.63000
v -2.50000 15.53000 -6.88000
v -2.50000 15.26000 -7.05000
v -2.50000 15.01000 -7.12000
v -2.50000 14.81000 -7.12000
v -2.50000 14.61000 -7.09000
v -2.50000 14.37000 -6.99000
v -2.50000 14.12000 -6.79000
v -2.50000 13.95000 -6.51000
v -2.50000 13.88000 -6.26000
v -2.50000 13.88000 -6.06000
v -2.50000 13.91000 -5.87000
v -2.50000 14.01000 -5.62000
v -2.50000 14.21000 -5.37000
v -2.50000 14.48000 -5.20000
v -2.50000 14.74000 -5.13000
v -2.50000 14.94000 -5.13000
v -2.50000 15.13000 -5.16000
v -2.50000 15.38000 -5.26000
v -2.50000 15.62000 -5.47000
v -2.50000 15.80000 -5.74000
v -2.50000 15.86000 -5.99000
v -3.50000 14.94000 -5.13000
v -3.50000 15.13000 -5.16000
v -3.50000 15.38000 -5.26000
v -3.50000 15.62000 -5.47000
v -3.50000 15.80000 -5.74000
v -3.50000 15.86000 -5.99000
v -3.50000 15.87000 -6.19000
v -3.50000 14.74000 -5.13000
v -3.50000 14.48000 -5.20000
v -3.50000 14.21000 -5.37000
v -3.50000 14.01000 -5.62000
v -3.50000 13.91000 -5.87000
v -3.50000 13.88000 -6.06000
v -3.50000 14.87000 -6.13000
v -3.50000 13.88000 -6.26000
v -3.50000 13.95000 -6.51000
v -3.50000 14.12000 -6.79000
v -3.50000 14.37000 -6.99000
v -3.50000 14.61000 -7.09000
v -3.50000 14.81000 -7.12000
v -3.50000 15.01000 -7.12000
v -3.50000 15.26000 -7.05000
v -3.50000 15.53000 -6.88000
v -3.50000 15.74000 -6.63000
v -3.50000 15.84000 -6.38000
v -1.00000 23.16000 -12.05000
v -1.00000 23.71000 -11.22000
v -1.00000 19.83000 -9.83000
v -1.00000 20.38000 -9.00000
v -2.50000 18.17000 -9.88000
v -2.50000 19.14000 -10.14000
v -2.50000 19.17000 -9.95000
v -2.50000 19.04000 -10.38000
v -2.50000 18.83000 -10.63000
v -2.50000 18.56000 -10.80000
v -2.50000 18.31000 -10.87000
v -2.50000 18.11000 -10.88000
v -2.50000 17.92000 -10.85000
v -2.50000 17.67000 -10.74000
v -2.50000 17.42000 -10.54000
v -2.50000 17.25000 -10.27000
v -2.50000 17.18000 -10.01000
v -2.50000 17.18000 -9.82000
v -2.50000 17.21000 -9.62000
v -2.50000 17.31000 -9.38000
v -2.50000 17.51000 -9.13000
v -2.50000 17.79000 -8.96000
v -2.50000 18.04000 -8.89000
v -2.50000 18.24000 -8.88000
v -2.50000 18.43000 -8.92000
v -2.50000 18.68000 -9.02000
v -2.50000 18.93000 -9.22000
v -2.50000 19.10000 -9.49000
v -2.50000 19.17000 -9.75000
v -3.50000 18.24000 -8.88000
v -3.50000 18.43000 -8.92000
v -3.50000 18.68000 -9.02000
v -3.50000 18.93000 -9.22000
v -3.50000 19.10000 -9.49000
v -3.50000 19.17000 -9.75000
v -3.50000 19.17000 -9.95000
v -3.50000 18.04000 -8.89000
v -3.50000 17.79000 -8.96000
v -3.50000 17.51000 -9.13000
v -3.50000 17.31000 -9.38000
v -3.50000 17.21000 -9.62000
v -3.50000 17.18000 -9.82000
v -3.50000 18.17000 -9.88000
v -3.50000 17.18000 -10.01000
v -3.50000 17.25000 -10.27000
v -3.50000 17.42000 -10.54000
v -3.50000 17.67000 -10.74000
v -3.50000 17.92000 -10.85000
v -3.50000 18.11000 -10.88000
v -3.50000 18.31000 -10.87000
v -3.50000 18.56000 -10.80000
v -3.50000 18.83000 -10.63000
v -3.50000 19.04000 -10.38000
v -3.50000 19.14000 -10.14000
v 1.00000 23.71000 -11.22000
v 1.00000 23.16000 -12.05000
v 1.00000 20.38000 -9.00000
v 1.00000 19.83000 -9.83000
v -5.50000 14.54000 -0.40000
v -5.50000 17.54000 -0.40000
v -5.50000 17.48000 0.19000
v -5.50000 17.44000 -1.19000
v -5.50000 17.04000 -2.07000
v -5.50000 16.38000 -2.77000
v -5.50000 15.69000 -3.17000
v -5.50000 15.13000 -3.34000
v -5.50000 14.54000 -3.40000
v -5.50000 13.75000 -3.30000
v -5.50000 12.88000 -2.90000
v -5.50000 12.17000 -2.24000
v -5.50000 11.77000 -1.56000
v -5.50000 11.60000 -0.99000
v -5.50000 11.54000 -0.40000
v -5.50000 11.65000 0.39000
v -5.50000 12.04000 1.26000
v -5.50000 12.70000 1.97000
v -5.50000 13.39000 2.37000
v -5.50000 13.95000 2.54000
v -5.50000 14.54000 2.60000
v -5.50000 15.33000 2.49000
v -5.50000 16.21000 2.09000
v -5.50000 16.91000 1.44000
v -5.50000 17.31000 0.75000
v -11.50000 13.95000 2.54000
v -11.50000 14.54000 2.60000
v -11.50000 15.33000 2.49000
v -11.50000 16.21000 2.09000
v -11.50000 16.91000 1.44000
v -11.50000 17.31000 0.75000
v -11.50000 17.48000 0.19000
v -11.50000 13.39000 2.37000
v -11.50000 12.70000 1.97000
v -11.50000 12.04000 1.26000
v -11.50000 11.65000 0.39000
v -11.50000 11.54000 -0.40000
v -11.50000 11.60000 -0.99000
v -11.50000 14.54000 -0.40000
v -11.50000 11.77000 -1.56000
v -11.50000 12.17000 -2.24000
v -11.50000 12.88000 -2.90000
v -11.50000 13.75000 -3.30000
v -11.50000 14.54000 -3.40000
v -11.50000 15.13000 -3.34000
v -11.50000 15.69000 -3.17000
v -11.50000 16.38000 -2.77000
v -11.50000 17.04000 -2.07000
v -11.50000 17.44000 -1.19000
v -11.50000 17.54000 -0.40000
v -6.50000 10.66000 -9.83000
v -6.50000 12.88000 -6.50000
v -6.50000 7.33000 -7.61000
v -6.50000 9.55000 -4.28000
v -10.50000 12.88000 -6.50000
v -10.50000 10.66000 -9.83000
v -10.50000 9.55000 -4.28000
v -10.50000 7.33000 -7.61000
v -5.50000 13.71000 -7.06000
v -5.50000 17.04000 -2.06000
v -5.50000 8.71000 -3.73000
v -11.50000 17.04000 -2.06000
v -11.50000 13.71000 -7.06000
v -11.50000 8.71000 -3.73000
v -5.00000 14.54000 -0.40000
v -5.00000 16.54000 -0.40000
v -5.00000 16.50000 -0.01000
v -5.00000 16.47000 -0.93000
v -5.00000 16.20000 -1.51000
v -5.00000 15.77000 -1.98000
v -5.00000 15.31000 -2.25000
v -5.00000 14.93000 -2.36000
v -5.00000 14.54000 -2.40000
v -5.00000 14.01000 -2.33000
v -5.00000 13.43000 -2.07000
v -5.00000 12.96000 -1.63000
v -5.00000 12.69000 -1.17000
v -5.00000 12.58000 -0.79000
v -5.00000 12.54000 -0.40000
v -5.00000 12.61000 0.12000
v -5.00000 12.88000 0.71000
v -5.00000 13.31000 1.18000
v -5.00000 13.77000 1.44000
v -5.00000 14.15000 1.56000
v -5.00000 14.54000 1.60000
v -5.00000 15.07000 1.53000
v -5.00000 15.65000 1.26000
v -5.00000 16.12000 0.83000
v -5.00000 16.39000 0.37000
v -12.00000 14.15000 1.56000
v -12.00000 14.54000 1.60000
v -12.00000 15.07000 1.53000
v -12.00000 15.65000 1.26000
v -12.00000 16.12000 0.83000
v -12.00000 16.39000 0.37000
v -12.00000 16.50000 -0.01000
v -12.00000 13.77000 1.44000
v -12.00000 13.31000 1.18000
v -12.00000 12.88000 0.71000
v -12.00000 12.61000 0.12000
v -12.00000 12.54000 -0.40000
v -12.00000 12.58000 -0.79000
v -12.00000 14.54000 -0.40000
v -12.00000 12.69000 -1.17000
v -12.00000 12.96000 -1.63000
v -12.00000 13.43000 -2.07000
v -12.00000 14.01000 -2.33000
v -12.00000 14.54000 -2.40000
v -12.00000 14.93000 -2.36000
v -12.00000 15.31000 -2.25000
v -12.00000 15.77000 -1.98000
v -12.00000 16.20000 -1.51000
v -12.00000 16.47000 -0.93000
v -12.00000 16.54000 -0.40000
v 11.00000 8.44000 -5.95000
v 11.00000 10.44000 -5.95000
v 11.00000 10.40000 -5.56000
v 11.00000 10.37000 -6.47000
v 11.00000 10.10000 -7.06000
v 11.00000 9.67000 -7.53000
v 11.00000 9.21000 -7.79000
v 11.00000 8.83000 -7.91000
v 11.00000 8.44000 -7.95000
v 11.00000 7.91000 -7.88000
v 11.00000 7.33000 -7.61000
v 11.00000 6.86000 -7.18000
v 11.00000 6.59000 -6.72000
v 11.00000 6.48000 -6.34000
v 11.00000 6.44000 -5.95000
v 11.00000 6.51000 -5.42000
v 11.00000 6.78000 -4.84000
v 11.00000 7.21000 -4.37000
v 11.00000 7.67000 -4.10000
v 11.00000 8.05000 -3.99000
v 11.00000 8.44000 -3.95000
v 11.00000 8.97000 -4.02000
v 11.00000 9.55000 -4.28000
v 11.00000 10.02000 -4.72000
v 11.00000 10.29000 -5.18000
v 9.00000 8.05000 -3.99000
v 9.00000 8.44000 -3.95000
v 9.00000 8.97000 -4.02000
v 9.00000 9.55000 -4.28000
v 9.00000 10.02000 -4.72000
v 9.00000 10.29000 -5.18000
v 9.00000 10.40000 -5.56000
v 9.00000 7.67000 -4.10000
v 9.00000 7.21000 -4.37000
v 9.00000 6.78000 -4.84000
v 9.00000 6.51000 -5.42000
v 9.00000 6.44000 -5.95000
v 9.00000 6.48000 -6.34000
v 9.00000 8.44000 -5.95000
v 9.00000 6.59000 -6.72000
v 9.00000 6.86000 -7.18000
v 9.00000 7.33000 -7.61000
v 9.00000 7.91000 -7.88000
v 9.00000 8.44000 -7.95000
v 9.00000 8.83000 -7.91000
v 9.00000 9.21000 -7.79000
v 9.00000 9.67000 -7.53000
v 9.00000 10.10000 -7.06000
v 9.00000 10.37000 -6.47000
v 9.00000 10.44000 -5.95000
v 8.00000 8.44000 -5.95000
v 8.00000 10.44000 -5.95000
v 8.00000 10.40000 -5.56000
v 8.00000 10.37000 -6.47000
v 8.00000 10.10000 -7.06000
v 8.00000 9.67000 -7.53000
v 8.00000 9.21000 -7.79000
v 8.00000 8.83000 -7.91000
v 8.00000 8.44000 -7.95000
v 8.00000 7.91000 -7.88000
v 8.00000 7.33000 -7.61000
v 8.00000 6.86000 -7.18000
v 8.00000 6.59000 -6.72000
v 8.00000 6.48000 -6.34000
v 8.00000 6.44000 -5.95000
v 8.00000 6.51000 -5.42000
v 8.00000 6.78000 -4.84000
v 8.00000 7.21000 -4.37000
v 8.00000 7.67000 -4.10000
v 8.00000 8.05000 -3.99000
v 8.00000 8.44000 -3.95000
v 8.00000 8.97000 -4.02000
v 8.00000 9.55000 -4.28000
v 8.00000 10.02000 -4.72000
v 8.00000 10.29000 -5.18000
v 6.00000 8.05000 -3.99000
v 6.00000 8.44000 -3.95000
v 6.00000 8.97000 -4.02000
v 6.00000 9.55000 -4.28000
v 6.00000 10.02000 -4.72000
v 6.00000 10.29000 -5.18000
v 6.00000 10.40000 -5.56000
v 6.00000 7.67000 -4.10000
v 6.00000 7.21000 -4.37000
v 6.00000 6.78000 -4.84000
v 6.00000 6.51000 -5.42000
v 6.00000 6.44000 -5.95000
v 6.00000 6.48000 -6.34000
v 6.00000 8.44000 -5.95000
v 6.00000 6.59000 -6.72000
v 6.00000 6.86000 -7.18000
v 6.00000 7.33000 -7.61000
v 6.00000 7.91000 -7.88000
v 6.00000 8.44000 -7.95000
v 6.00000 8.83000 -7.91000
v 6.00000 9.21000 -7.79000
v 6.00000 9.67000 -7.53000
v 6.00000 10.10000 -7.06000
v 6.00000 10.37000 -6.47000
v 6.00000 10.44000 -5.95000
v 8.00000 4.00000 -5.39000
v 8.00000 6.22000 -2.06000
v 6.00000 6.22000 -2.06000
v 6.00000 4.00000 -5.39000
v 11.00000 4.00000 -5.39000
v 11.00000 6.22000 -2.06000
v 9.00000 6.22000 -2.06000
v 9.00000 4.00000 -5.39000
v 11.50000 8.44000 -5.95000
v 11.50000 9.94000 -5.95000
v 11.50000 9.91000 -5.65000
v 11.50000 9.89000 -6.34000
v 11.50000 9.69000 -6.78000
v 11.50000 9.36000 -7.13000
v 11.50000 9.02000 -7.33000
v 11.50000 8.73000 -7.42000
v 11.50000 8.44000 -7.45000
v 11.50000 8.04000 -7.40000
v 11.50000 7.61000 -7.20000
v 11.50000 7.26000 -6.87000
v 11.50000 7.05000 -6.52000
v 11.50000 6.97000 -6.24000
v 11.50000 6.94000 -5.95000
v 11.50000 6.99000 -5.55000
v 11.50000 7.19000 -5.12000
v 11.50000 7.52000 -4.76000
v 11.50000 7.86000 -4.56000
v 11.50000 8.15000 -4.48000
v 11.50000 8.44000 -4.45000
v 11.50000 8.83000 -4.50000
v 11.50000 9.27000 -4.70000
v 11.50000 9.62000 -5.03000
v 11.50000 9.82000 -5.37000
v 5.50000 8.15000 -4.48000
v 5.50000 8.44000 -4.45000
v 5.50000 8.83000 -4.50000
v 5.50000 9.27000 -4.70000
v 5.50000 9.62000 -5.03000
v 5.50000 9.82000 -5.37000
v 5.50000 9.91000 -5.65000
v 5.50000 7.86000 -4.56000
v 5.50000 7.52000 -4.76000
v 5.50000 7.19000 -5.12000
v 5.50000 6.99000 -5.55000
v 5.50000 6.94000 -5.95000
v 5.50000 6.97000 -6.24000
v 5.50000 8.44000 -5.95000
v 5.50000 7.05000 -6.52000
v 5.50000 7.26000 -6.87000
v 5.50000 7.61000 -7.20000
v 5.50000 8.04000 -7.40000
v 5.50000 8.44000 -7.45000
v 5.50000 8.73000 -7.42000
v 5.50000 9.02000 -7.33000
v 5.50000 9.36000 -7.13000
v 5.50000 9.69000 -6.78000
v 5.50000 9.89000 -6.34000
v 5.50000 9.94000 -5.95000
v 5.00000 27.02000 -9.63000
v 5.00000 29.62000 -8.13000
v 5.00000 29.28000 -7.65000
v 5.00000 29.92000 -8.86000
v 5.00000 30.02000 -9.82000
v 5.00000 29.80000 -10.76000
v 5.00000 29.41000 -11.45000
v 5.00000 29.00000 -11.88000
v 5.00000 28.52000 -12.22000
v 5.00000 27.79000 -12.53000
v 5.00000 26.83000 -12.62000
v 5.00000 25.89000 -12.40000
v 5.00000 25.20000 -12.01000
v 5.00000 24.77000 -11.61000
v 5.00000 24.43000 -11.13000
v 5.00000 24.12000 -10.39000
v 5.00000 24.03000 -9.43000
v 5.00000 24.24000 -8.50000
v 5.00000 24.64000 -7.80000
v 5.00000 25.04000 -7.37000
v 5.00000 25.52000 -7.03000
v 5.00000 26.26000 -6.72000
v 5.00000 27.22000 -6.63000
v 5.00000 28.15000 -6.85000
v 5.00000 28.84000 -7.24000
v -5.00000 25.04000 -7.37000
v -5.00000 25.52000 -7.03000
v -5.00000 26.26000 -6.72000
v -5.00000 27.22000 -6.63000
v -5.00000 28.15000 -6.85000
v -5.00000 28.84000 -7.24000
v -5.00000 29.28000 -7.65000
v -5.00000 24.64000 -7.80000
v -5.00000 24.24000 -8.50000
v -5.00000 24.03000 -9.43000
v -5.00000 24.12000 -10.39000
v -5.00000 24.43000 -11.13000
v -5.00000 24.77000 -11.61000
v -5.00000 27.02000 -9.63000
v -5.00000 25.20000 -12.01000
v -5.00000 25.89000 -12.40000
v -5.00000 26.83000 -12.62000
v -5.00000 27.79000 -12.53000
v -5.00000 28.52000 -12.22000
v -5.00000 29.00000 -11.88000
v -5.00000 29.41000 -11.45000
v -5.00000 29.80000 -10.76000
v -5.00000 30.02000 -9.82000
v -5.00000 29.92000 -8.86000
v -5.00000 29.62000 -8.13000
v 3.50000 30.37000 -19.86000
v 3.50000 30.82000 -12.88000
v 3.50000 29.37000 -19.80000
v 3.50000 29.82000 -12.81000
v -3.50000 30.82000 -12.88000
v -3.50000 30.37000 -19.86000
v -3.50000 29.82000 -12.81000
v -3.50000 29.37000 -19.80000
v 4.00000 29.82000 -12.81000
v 4.00000 30.21000 -6.82000
v 4.00000 23.84000 -12.43000
v 4.00000 24.22000 -6.44000
v -4.00000 30.21000 -6.82000
v -4.00000 29.82000 -12.81000
v -4.00000 24.22000 -6.44000
v -4.00000 23.84000 -12.43000
v -3.50000 32.08000 -8.95000
v -3.50000 30.21000 -6.82000
v -3.50000 30.08000 -8.82000
v -1.50000 32.08000 -8.95000
v -1.50000 30.08000 -8.82000
v -1.50000 30.21000 -6.82000
v 2.50000 30.37000 -19.86000
v 2.50000 29.31000 -20.80000
v 2.50000 29.37000 -19.80000
v -2.50000 30.37000 -19.86000
v -2.50000 29.37000 -19.80000
v -2.50000 29.31000 -20.80000
v 3.50000 31.76000 -13.94000
v 3.50000 32.01000 -9.95000
v 3.50000 30.76000 -13.87000
v 3.50000 31.02000 -9.88000
v -3.50000 32.01000 -9.95000
v -3.50000 31.76000 -13.94000
v -3.50000 31.02000 -9.88000
v -3.50000 30.76000 -13.87000
v 3.50000 30.69000 -14.87000
v -3.50000 30.69000 -14.87000
v 1.50000 32.08000 -8.95000
v 1.50000 30.21000 -6.82000
v 1.50000 30.08000 -8.82000
v 3.50000 32.08000 -8.95000
v 3.50000 30.08000 -8.82000
v 3.50000 30.21000 -6.82000
v 4.00000 29.31000 -20.80000
v 4.00000 26.32000 -20.60000
v 4.00000 26.83000 -12.62000
v -4.00000 29.31000 -20.80000
v -4.00000 26.83000 -12.62000
v -4.00000 26.32000 -20.60000
v 3.50000 30.02000 -9.82000
v -3.50000 30.02000 -9.82000
v 3.50000 26.51000 -18.11000
v 3.50000 26.57000 -17.11000
v 3.50000 25.51000 -18.04000
v 3.50000 25.57000 -17.05000
v 2.50000 26.57000 -17.11000
v 2.50000 26.51000 -18.11000
v 2.50000 25.57000 -17.05000
v 2.50000 25.51000 -18.04000
v 3.50000 26.38000 -20.10000
v 3.50000 26.44000 -19.11000
v 3.50000 25.38000 -20.04000
v 3.50000 25.45000 -19.04000
v 2.50000 26.44000 -19.11000
v 2.50000 26.38000 -20.10000
v 2.50000 25.45000 -19.04000
v 2.50000 25.38000 -20.04000
v -1.00000 28.15000 -7.69000
v -1.00000 28.28000 -5.70000
v -1.00000 26.15000 -7.56000
v -1.00000 26.28000 -5.57000
v -3.00000 28.28000 -5.70000
v -3.00000 28.15000 -7.69000
v -3.00000 26.28000 -5.57000
v -3.00000 26.15000 -7.56000
v 3.50000 26.64000 -16.11000
v 3.50000 26.70000 -15.12000
v 3.50000 25.64000 -16.05000
v 3.50000 25.70000 -15.05000
v 2.50000 26.70000 -15.12000
v 2.50000 26.64000 -16.11000
v 2.50000 25.70000 -15.05000
v 2.50000 25.64000 -16.05000
v -2.50000 26.38000 -20.10000
v -2.50000 26.44000 -19.11000
v -2.50000 25.38000 -20.04000
v -2.50000 25.45000 -19.04000
v -3.50000 26.44000 -19.11000
v -3.50000 26.38000 -20.10000
v -3.50000 25.45000 -19.04000
v -3.50000 25.38000 -20.04000
v 6.00000 27.02000 -9.63000
v 6.00000 28.76000 -8.63000
v 6.00000 28.53000 -8.31000
v 6.00000 28.96000 -9.12000
v 6.00000 29.02000 -9.75000
v 6.00000 28.88000 -10.38000
v 6.00000 28.61000 -10.84000
v 6.00000 28.34000 -11.13000
v 6.00000 28.02000 -11.36000
v 6.00000 27.53000 -11.56000
v 6.00000 26.89000 -11.62000
v 6.00000 26.27000 -11.48000
v 6.00000 25.81000 -11.21000
v 6.00000 25.52000 -10.95000
v 6.00000 25.29000 -10.63000
v 6.00000 25.09000 -10.13000
v 6.00000 25.03000 -9.50000
v 6.00000 25.17000 -8.87000
v 6.00000 25.43000 -8.41000
v 6.00000 25.70000 -8.12000
v 6.00000 26.02000 -7.89000
v 6.00000 26.51000 -7.69000
v 6.00000 27.15000 -7.63000
v 6.00000 27.78000 -7.77000
v 6.00000 28.24000 -8.04000
v -6.00000 25.70000 -8.12000
v -6.00000 26.02000 -7.89000
v -6.00000 26.51000 -7.69000
v -6.00000 27.15000 -7.63000
v -6.00000 27.78000 -7.77000
v -6.00000 28.24000 -8.04000
v -6.00000 28.53000 -8.31000
v -6.00000 25.43000 -8.41000
v -6.00000 25.17000 -8.87000
v -6.00000 25.03000 -9.50000
v -6.00000 25.09000 -10.13000
v -6.00000 25.29000 -10.63000
v -6.00000 25.52000 -10.95000
v -6.00000 27.02000 -9.63000
v -6.00000 25.81000 -11.21000
v -6.00000 26.27000 -11.48000
v -6.00000 26.89000 -11.62000
v -6.00000 27.53000 -11.56000
v -6.00000 28.02000 -11.36000
v -6.00000 28.34000 -11.13000
v -6.00000 28.61000 -10.84000
v -6.00000 28.88000 -10.38000
v -6.00000 29.02000 -9.75000
v -6.00000 28.96000 -9.12000
v -6.00000 28.76000 -8.63000
v 3.00000 28.15000 -7.69000
v 3.00000 28.28000 -5.70000
v 3.00000 26.15000 -7.56000
v 3.00000 26.28000 -5.57000
v 1.00000 28.28000 -5.70000
v 1.00000 28.15000 -7.69000
v 1.00000 26.28000 -5.57000
v 1.00000 26.15000 -7.56000
v -2.50000 26.51000 -18.11000
v -2.50000 26.57000 -17.11000
v -2.50000 25.51000 -18.04000
v -2.50000 25.57000 -17.05000
v -3.50000 26.57000 -17.11000
v -3.50000 26.51000 -18.11000
v -3.50000 25.57000 -17.05000
v -3.50000 25.51000 -18.04000
v -2.50000 26.64000 -16.11000
v -2.50000 26.70000 -15.12000
v -2.50000 25.64000 -16.05000
v -2.50000 25.70000 -15.05000
v -3.50000 26.70000 -15.12000
v -3.50000 26.64000 -16.11000
v -3.50000 25.70000 -15.05000
v -3.50000 25.64000 -16.05000
v 3.50000 29.31000 -20.80000
v -3.50000 29.31000 -20.80000
v 3.00000 30.82000 -12.88000
v 3.00000 31.02000 -9.88000
v 3.00000 29.82000 -12.81000
v 3.00000 30.02000 -9.82000
v -3.00000 31.02000 -9.88000
v -3.00000 30.82000 -12.88000
v -3.00000 30.02000 -9.82000
v -3.00000 29.82000 -12.81000
v 9.50000 4.00000 -8.89000
v 9.50000 2.00000 -10.89000
v 9.50000 2.00000 -8.89000
v 7.50000 4.00000 -8.89000
v 7.50000 2.00000 -8.89000
v 7.50000 2.00000 -10.89000
v 12.00000 4.00000 -8.89000
v 12.00000 2.00000 -10.89000
v 12.00000 2.00000 -8.89000
v 10.00000 4.00000 -8.89000
v 10.00000 2.00000 -8.89000
v 10.00000 2.00000 -10.89000
v 10.00000 6.00000 -2.39000
v 10.00000 4.00000 -5.39000
v 10.00000 4.00000 -2.39000
v 7.00000 6.00000 -2.39000
v 7.00000 4.00000 -2.39000
v 7.00000 4.00000 -5.39000
v 7.00000 4.00000 -8.89000
v 7.00000 2.00000 -10.89000
v 7.00000 2.00000 -8.89000
v 5.00000 4.00000 -8.89000
v 5.00000 2.00000 -8.89000
v 5.00000 2.00000 -10.89000
v 7.00000 4.00000 -6.89000
v 7.00000 2.00000 -6.89000
v 5.00000 4.00000 -6.89000
v 5.00000 2.00000 -6.89000
v 7.00000 0.00000 -10.89000
v 7.00000 0.00000 -8.89000
v 5.00000 0.00000 -8.89000
v 5.00000 0.00000 -10.89000
v 9.50000 0.00000 -10.89000
v 9.50000 0.00000 -8.89000
v 7.50000 0.00000 -8.89000
v 7.50000 0.00000 -10.89000
v 9.50000 4.00000 -6.89000
v 9.50000 2.00000 -6.89000
v 7.50000 4.00000 -6.89000
v 7.50000 2.00000 -6.89000
v 12.00000 4.00000 -6.89000
v 12.00000 2.00000 -6.89000
v 10.00000 4.00000 -6.89000
v 10.00000 2.00000 -6.89000
v 12.00000 0.00000 -10.89000
v 12.00000 0.00000 -8.89000
v 10.00000 0.00000 -8.89000
v 10.00000 0.00000 -10.89000
v 12.00000 2.00000 1.11000
v 12.00000 0.00000 1.11000
v 5.00000 2.00000 1.11000
v 5.00000 0.00000 1.11000
v 12.00000 4.00000 -0.89000
v 12.00000 2.00000 -0.89000
v 5.00000 4.00000 -0.89000
v 5.00000 2.00000 -0.89000
v -9.00000 15.17000 -18.36000
v -9.00000 17.99000 -18.55000
v -9.00000 16.67000 -17.04000
v -8.00000 15.17000 -18.36000
v -8.00000 16.67000 -17.04000
v -8.00000 17.99000 -18.55000
v -9.50000 17.21000 -16.14000
v -9.50000 19.07000 -18.26000
v -9.50000 19.20000 -16.27000
v -7.50000 17.21000 -16.14000
v -7.50000 19.20000 -16.27000
v -7.50000 19.07000 -18.26000
v -6.50000 17.21000 -16.14000
v -6.50000 19.07000 -18.26000
v -6.50000 19.20000 -16.27000
v -4.50000 17.21000 -16.14000
v -4.50000 19.20000 -16.27000
v -4.50000 19.07000 -18.26000
v -6.00000 15.17000 -18.36000
v -6.00000 17.99000 -18.55000
v -6.00000 16.67000 -17.04000
v -5.00000 15.17000 -18.36000
v -5.00000 16.67000 -17.04000
v -5.00000 17.99000 -18.55000
v -6.50000 14.12000 -15.47000
v -6.50000 12.99000 -17.41000
v -6.50000 13.12000 -15.41000
v -7.50000 14.12000 -15.47000
v -7.50000 13.12000 -15.41000
v -7.50000 12.99000 -17.41000
v -7.50000 13.84000 -17.52000
v -7.50000 15.25000 -17.61000
v -7.50000 14.59000 -16.86000
v -6.50000 13.84000 -17.52000
v -6.50000 14.59000 -16.86000
v -6.50000 15.25000 -17.61000
v -7.50000 19.27000 -15.27000
v -7.50000 17.27000 -15.14000
v -9.50000 19.27000 -15.27000
v -9.50000 17.27000 -15.14000
v -6.50000 14.18000 -14.48000
v -6.50000 13.18000 -14.41000
v -7.50000 14.18000 -14.48000
v -7.50000 13.18000 -14.41000
v -6.50000 13.93000 -16.11000
v -6.50000 13.18000 -16.77000
v -7.50000 13.93000 -16.11000
v -7.50000 13.18000 -16.77000
v -5.00000 18.74000 -17.89000
v -5.00000 17.42000 -16.38000
v -6.00000 17.42000 -16.38000
v -6.00000 18.74000 -17.89000
v -4.50000 19.27000 -15.27000
v -4.50000 17.27000 -15.14000
v -6.50000 19.27000 -15.27000
v -6.50000 17.27000 -15.14000
v -6.50000 13.68000 -14.44000
v -6.50000 14.18000 -15.31000
v -6.50000 14.34000 -15.19000
v -6.50000 13.94000 -15.41000
v -6.50000 13.62000 -15.44000
v -6.50000 13.30000 -15.37000
v -6.50000 13.07000 -15.24000
v -6.50000 12.93000 -15.10000
v -6.50000 12.81000 -14.94000
v -6.50000 12.71000 -14.70000
v -6.50000 12.68000 -14.38000
v -6.50000 12.75000 -14.07000
v -6.50000 12.89000 -13.84000
v -6.50000 13.02000 -13.69000
v -6.50000 13.18000 -13.58000
v -6.50000 13.43000 -13.48000
v -6.50000 13.74000 -13.45000
v -6.50000 14.06000 -13.52000
v -6.50000 14.29000 -13.65000
v -6.50000 14.43000 -13.78000
v -6.50000 14.55000 -13.94000
v -6.50000 14.65000 -14.19000
v -6.50000 14.68000 -14.51000
v -6.50000 14.61000 -14.82000
v -6.50000 14.48000 -15.05000
v -7.50000 14.43000 -13.78000
v -7.50000 14.55000 -13.94000
v -7.50000 14.65000 -14.19000
v -7.50000 14.68000 -14.51000
v -7.50000 14.61000 -14.82000
v -7.50000 14.48000 -15.05000
v -7.50000 14.34000 -15.19000
v -7.50000 14.29000 -13.65000
v -7.50000 14.06000 -13.52000
v -7.50000 13.74000 -13.45000
v -7.50000 13.43000 -13.48000
v -7.50000 13.18000 -13.58000
v -7.50000 13.02000 -13.69000
v -7.50000 13.68000 -14.44000
v -7.50000 12.89000 -13.84000
v -7.50000 12.75000 -14.07000
v -7.50000 12.68000 -14.38000
v -7.50000 12.71000 -14.70000
v -7.50000 12.81000 -14.94000
v -7.50000 12.93000 -15.10000
v -7.50000 13.07000 -15.24000
v -7.50000 13.30000 -15.37000
v -7.50000 13.62000 -15.44000
v -7.50000 13.94000 -15.41000
v -7.50000 14.18000 -15.31000
v -7.50000 18.17000 -14.73000
v -7.50000 18.67000 -15.60000
v -7.50000 18.83000 -15.48000
v -7.50000 18.43000 -15.70000
v -7.50000 18.11000 -15.73000
v -7.50000 17.79000 -15.66000
v -7.50000 17.56000 -15.53000
v -7.50000 17.42000 -15.39000
v -7.50000 17.31000 -15.23000
v -7.50000 17.20000 -14.99000
v -7.50000 17.17000 -14.67000
v -7.50000 17.24000 -14.36000
v -7.50000 17.38000 -14.13000
v -7.50000 17.51000 -13.98000
v -7.50000 17.67000 -13.87000
v -7.50000 17.92000 -13.77000
v -7.50000 18.24000 -13.73000
v -7.50000 18.55000 -13.81000
v -7.50000 18.78000 -13.94000
v -7.50000 18.92000 -14.07000
v -7.50000 19.04000 -14.23000
v -7.50000 19.14000 -14.48000
v -7.50000 19.17000 -14.80000
v -7.50000 19.10000 -15.11000
v -7.50000 18.97000 -15.34000
v -9.50000 18.92000 -14.07000
v -9.50000 19.04000 -14.23000
v -9.50000 19.14000 -14.48000
v -9.50000 19.17000 -14.80000
v -9.50000 19.10000 -15.11000
v -9.50000 18.97000 -15.34000
v -9.50000 18.83000 -15.48000
v -9.50000 18.78000 -13.94000
v -9.50000 18.55000 -13.81000
v -9.50000 18.24000 -13.73000
v -9.50000 17.92000 -13.77000
v -9.50000 17.67000 -13.87000
v -9.50000 17.51000 -13.98000
v -9.50000 18.17000 -14.73000
v -9.50000 17.38000 -14.13000
v -9.50000 17.24000 -14.36000
v -9.50000 17.17000 -14.67000
v -9.50000 17.20000 -14.99000
v -9.50000 17.31000 -15.23000
v -9.50000 17.42000 -15.39000
v -9.50000 17.56000 -15.53000
v -9.50000 17.79000 -15.66000
v -9.50000 18.11000 -15.73000
v -9.50000 18.43000 -15.70000
v -9.50000 18.67000 -15.60000
v -4.50000 18.17000 -14.73000
v -4.50000 18.67000 -15.60000
v -4.50000 18.83000 -15.48000
v -4.50000 18.43000 -15.70000
v -4.50000 18.11000 -15.73000
v -4.50000 17.79000 -15.66000
v -4.50000 17.56000 -15.53000
v -4.50000 17.42000 -15.39000
v -4.50000 17.31000 -15.23000
v -4.50000 17.20000 -14.99000
v -4.50000 17.17000 -14.67000
v -4.50000 17.24000 -14.36000
v -4.50000 17.38000 -14.13000
v -4.50000 17.51000 -13.98000
v -4.50000 17.67000 -13.87000
v -4.50000 17.92000 -13.77000
v -4.50000 18.24000 -13.73000
v -4.50000 18.55000 -13.81000
v -4.50000 18.78000 -13.94000
v -4.50000 18.92000 -14.07000
v -4.50000 19.04000 -14.23000
v -4.50000 19.14000 -14.48000
v -4.50000 19.17000 -14.80000
v -4.50000 19.10000 -15.11000
v -4.50000 18.97000 -15.34000
v -6.50000 18.92000 -14.07000
v -6.50000 19.04000 -14.23000
v -6.50000 19.14000 -14.48000
v -6.50000 19.17000 -14.80000
v -6.50000 19.10000 -15.11000
v -6.50000 18.97000 -15.34000
v -6.50000 18.83000 -15.48000
v -6.50000 18.78000 -13.94000
v -6.50000 18.55000 -13.81000
v -6.50000 18.24000 -13.73000
v -6.50000 17.92000 -13.77000
v -6.50000 17.67000 -13.87000
v -6.50000 17.51000 -13.98000
v -6.50000 18.17000 -14.73000
v -6.50000 17.38000 -14.13000
v -6.50000 17.24000 -14.36000
v -6.50000 17.17000 -14.67000
v -6.50000 17.20000 -14.99000
v -6.50000 17.31000 -15.23000
v -6.50000 17.42000 -15.39000
v -6.50000 17.56000 -15.53000
v -6.50000 17.79000 -15.66000
v -6.50000 18.11000 -15.73000
v -6.50000 18.43000 -15.70000
v -6.50000 18.67000 -15.60000
v -8.00000 18.74000 -17.89000
v -8.00000 17.42000 -16.38000
v -9.00000 17.42000 -16.38000
v -9.00000 18.74000 -17.89000
v -6.50000 18.92000 -16.03000
v -6.50000 19.16000 -15.86000
v -6.50000 18.55000 -16.18000
v -6.50000 18.07000 -16.23000
v -6.50000 17.61000 -16.12000
v -6.50000 17.26000 -15.92000
v -6.50000 17.04000 -15.72000
v -6.50000 16.87000 -15.48000
v -6.50000 16.72000 -15.11000
v -6.50000 16.67000 -14.64000
v -6.50000 16.78000 -14.17000
v -6.50000 16.98000 -13.82000
v -6.50000 17.18000 -13.61000
v -6.50000 17.42000 -13.43000
v -6.50000 17.79000 -13.28000
v -6.50000 18.27000 -13.24000
v -6.50000 18.74000 -13.34000
v -6.50000 19.08000 -13.54000
v -6.50000 19.30000 -13.74000
v -6.50000 19.47000 -13.98000
v -6.50000 19.62000 -14.35000
v -6.50000 19.67000 -14.83000
v -6.50000 19.56000 -15.30000
v -6.50000 19.36000 -15.64000
v -7.50000 19.30000 -13.74000
v -7.50000 19.47000 -13.98000
v -7.50000 19.62000 -14.35000
v -7.50000 19.67000 -14.83000
v -7.50000 19.56000 -15.30000
v -7.50000 19.36000 -15.64000
v -7.50000 19.16000 -15.86000
v -7.50000 19.08000 -13.54000
v -7.50000 18.74000 -13.34000
v -7.50000 18.27000 -13.24000
v -7.50000 17.79000 -13.28000
v -7.50000 17.42000 -13.43000
v -7.50000 17.18000 -13.61000
v -7.50000 16.98000 -13.82000
v -7.50000 16.78000 -14.17000
v -7.50000 16.67000 -14.64000
v -7.50000 16.72000 -15.11000
v -7.50000 16.87000 -15.48000
v -7.50000 17.04000 -15.72000
v -7.50000 17.26000 -15.92000
v -7.50000 17.61000 -16.12000
v -7.50000 18.07000 -16.23000
v -7.50000 18.55000 -16.18000
v -7.50000 18.92000 -16.03000
v -5.50000 13.68000 -14.44000
v -5.50000 14.18000 -15.31000
v -5.50000 14.34000 -15.19000
v -5.50000 13.94000 -15.41000
v -5.50000 13.62000 -15.44000
v -5.50000 13.30000 -15.37000
v -5.50000 13.07000 -15.24000
v -5.50000 12.93000 -15.10000
v -5.50000 12.81000 -14.94000
v -5.50000 12.71000 -14.70000
v -5.50000 12.68000 -14.38000
v -5.50000 12.75000 -14.07000
v -5.50000 12.89000 -13.84000
v -5.50000 13.02000 -13.69000
v -5.50000 13.18000 -13.58000
v -5.50000 13.43000 -13.48000
v -5.50000 13.74000 -13.45000
v -5.50000 14.06000 -13.52000
v -5.50000 14.29000 -13.65000
v -5.50000 14.43000 -13.78000
v -5.50000 14.55000 -13.94000
v -5.50000 14.65000 -14.19000
v -5.50000 14.68000 -14.51000
v -5.50000 14.61000 -14.82000
v -5.50000 14.48000 -15.05000
v -6.00000 16.51000 -14.13000
v -6.00000 16.71000 -11.14000
v -6.00000 14.52000 -14.00000
v -6.00000 14.71000 -11.01000
v -8.00000 16.71000 -11.14000
v -8.00000 16.51000 -14.13000
v -8.00000 14.71000 -11.01000
v -8.00000 14.52000 -14.00000
v -6.00000 17.14000 -15.17000
v -6.00000 17.21000 -14.17000
v -6.00000 14.15000 -14.97000
v -6.00000 14.21000 -13.98000
v -8.00000 17.21000 -14.17000
v -8.00000 17.14000 -15.17000
v -8.00000 14.21000 -13.98000
v -8.00000 14.15000 -14.97000
v -8.50000 14.43000 -13.78000
v -8.50000 14.55000 -13.94000
v -8.50000 14.65000 -14.19000
v -8.50000 14.68000 -14.51000
v -8.50000 14.61000 -14.82000
v -8.50000 14.48000 -15.05000
v -8.50000 14.34000 -15.19000
v -8.50000 14.29000 -13.65000
v -8.50000 14.06000 -13.52000
v -8.50000 13.74000 -13.45000
v -8.50000 13.43000 -13.48000
v -8.50000 13.18000 -13.58000
v -8.50000 13.02000 -13.69000
v -8.50000 13.68000 -14.44000
v -8.50000 12.89000 -13.84000
v -8.50000 12.75000 -14.07000
v -8.50000 12.68000 -14.38000
v -8.50000 12.71000 -14.70000
v -8.50000 12.81000 -14.94000
v -8.50000 12.93000 -15.10000
v -8.50000 13.07000 -15.24000
v -8.50000 13.30000 -15.37000
v -8.50000 13.62000 -15.44000
v -8.50000 13.94000 -15.41000
v -8.50000 14.18000 -15.31000
v 3.00000 10.61000 8.12000
v 3.00000 13.55000 8.70000
v 3.00000 9.43000 14.00000
v 3.00000 12.38000 14.59000
v -3.00000 13.55000 8.70000
v -3.00000 10.61000 8.12000
v -3.00000 12.38000 14.59000
v -3.00000 9.43000 14.00000
v 4.00000 12.02000 3.08000
v 4.00000 16.50000 5.30000
v 4.00000 9.36000 8.46000
v 4.00000 13.84000 10.68000
v -4.00000 16.50000 5.30000
v -4.00000 12.02000 3.08000
v -4.00000 13.84000 10.68000
v -4.00000 9.36000 8.46000
v 1.00000 10.60000 19.20000
v 1.00000 11.43000 18.64000
v 1.00000 11.71000 20.86000
v 1.00000 12.54000 20.30000
v -1.00000 11.43000 18.64000
v -1.00000 10.60000 19.20000
v -1.00000 12.54000 20.30000
v -1.00000 11.71000 20.86000
v 1.50000 9.22000 15.96000
v 1.50000 11.11000 15.32000
v 1.50000 10.50000 19.75000
v 1.50000 12.40000 19.11000
v -1.50000 11.11000 15.32000
v -1.50000 9.22000 15.96000
v -1.50000 12.40000 19.11000
v -1.50000 10.50000 19.75000
v 2.00000 8.96000 13.71000
v 2.00000 11.95000 13.52000
v 2.00000 9.22000 17.70000
v 2.00000 12.21000 17.51000
v -2.00000 11.95000 13.52000
v -2.00000 8.96000 13.71000
v -2.00000 12.21000 17.51000
v -2.00000 9.22000 17.70000
v 1.00000 15.62000 7.09000
v 1.00000 16.51000 7.54000
v 1.00000 14.73000 8.88000
v 1.00000 15.63000 9.33000
v -1.00000 16.51000 7.54000
v -1.00000 15.62000 7.09000
v -1.00000 15.63000 9.33000
v -1.00000 14.73000 8.88000
v 1.00000 12.02000 14.51000
v 1.00000 13.02000 14.45000
v 1.00000 12.15000 16.51000
v 1.00000 13.15000 16.45000
v -1.00000 13.02000 14.45000
v -1.00000 12.02000 14.51000
v -1.00000 13.15000 16.45000
v -1.00000 12.15000 16.51000
v 1.00000 13.16000 10.66000
v 1.00000 14.14000 10.86000
v 1.00000 12.77000 12.63000
v 1.00000 13.75000 12.82000
v -1.00000 14.14000 10.86000
v -1.00000 13.16000 10.66000
v -1.00000 13.75000 12.82000
v -1.00000 12.77000 12.63000
v 4.00000 11.13000 2.64000
v 4.00000 8.47000 8.02000
v -4.00000 11.13000 2.64000
v -4.00000 8.47000 8.02000
v 3.00000 9.63000 7.92000
v 3.00000 8.45000 13.80000
v -3.00000 9.63000 7.92000
v -3.00000 8.45000 13.80000
v -6.00000 8.44000 -5.95000
v -6.00000 10.44000 -5.95000
v -6.00000 10.40000 -5.56000
v -6.00000 10.37000 -6.47000
v -6.00000 10.10000 -7.06000
v -6.00000 9.67000 -7.53000
v -6.00000 9.21000 -7.79000
v -6.00000 8.83000 -7.91000
v -6.00000 8.44000 -7.95000
v -6.00000 7.91000 -7.88000
v -6.00000 7.33000 -7.61000
v -6.00000 6.86000 -7.18000
v -6.00000 6.59000 -6.72000
v -6.00000 6.48000 -6.34000
v -6.00000 6.44000 -5.95000
v -6.00000 6.51000 -5.42000
v -6.00000 6.78000 -4.84000
v -6.00000 7.21000 -4.37000
v -6.00000 7.67000 -4.10000
v -6.00000 8.05000 -3.99000
v -6.00000 8.44000 -3.95000
v -6.00000 8.97000 -4.02000
v -6.00000 9.55000 -4.28000
v -6.00000 10.02000 -4.72000
v -6.00000 10.29000 -5.18000
v -8.00000 8.05000 -3.99000
v -8.00000 8.44000 -3.95000
v -8.00000 8.97000 -4.02000
v -8.00000 9.55000 -4.28000
v -8.00000 10.02000 -4.72000
v -8.00000 10.29000 -5.18000
v -8.00000 10.40000 -5.56000
v -8.00000 7.67000 -4.10000
v -8.00000 7.21000 -4.37000
v -8.00000 6.78000 -4.84000
v -8.00000 6.51000 -5.42000
v -8.00000 6.44000 -5.95000
v -8.00000 6.48000 -6.34000
v -8.00000 8.44000 -5.95000
v -8.00000 6.59000 -6.72000
v -8.00000 6.86000 -7.18000
v -8.00000 7.33000 -7.61000
v -8.00000 7.91000 -7.88000
v -8.00000 8.44000 -7.95000
v -8.00000 8.83000 -7.91000
v -8.00000 9.21000 -7.79000
v -8.00000 9.67000 -7.53000
v -8.00000 10.10000 -7.06000
v -8.00000 10.37000 -6.47000
v -8.00000 10.44000 -5.95000
v -6.00000 4.00000 -5.39000
v -6.00000 6.22000 -2.06000
v -8.00000 6.22000 -2.06000
v -8.00000 4.00000 -5.39000
v -9.00000 7.33000 -7.61000
v -9.00000 9.55000 -4.28000
v -9.00000 4.00000 -5.39000
v -9.00000 6.22000 -2.06000
v -11.00000 9.55000 -4.28000
v -11.00000 7.33000 -7.61000
v -11.00000 6.22000 -2.06000
v -11.00000 4.00000 -5.39000
v -9.00000 8.44000 -5.95000
v -9.00000 10.44000 -5.95000
v -9.00000 10.40000 -5.56000
v -9.00000 10.37000 -6.47000
v -9.00000 10.10000 -7.06000
v -9.00000 9.67000 -7.53000
v -9.00000 9.21000 -7.79000
v -9.00000 8.83000 -7.91000
v -9.00000 8.44000 -7.95000
v -9.00000 7.91000 -7.88000
v -9.00000 6.86000 -7.18000
v -9.00000 6.59000 -6.72000
v -9.00000 6.48000 -6.34000
v -9.00000 6.44000 -5.95000
v -9.00000 6.51000 -5.42000
v -9.00000 6.78000 -4.84000
v -9.00000 7.21000 -4.37000
v -9.00000 7.67000 -4.10000
v -9.00000 8.05000 -3.99000
v -9.00000 8.44000 -3.95000
v -9.00000 8.97000 -4.02000
v -9.00000 10.02000 -4.72000
v -9.00000 10.29000 -5.18000
v -11.00000 8.05000 -3.99000
v -11.00000 8.44000 -3.95000
v -11.00000 8.97000 -4.02000
v -11.00000 10.02000 -4.72000
v -11.00000 10.29000 -5.18000
v -11.00000 10.40000 -5.56000
v -11.00000 7.67000 -4.10000
v -11.00000 7.21000 -4.37000
v -11.00000 6.78000 -4.84000
v -11.00000 6.51000 -5.42000
v -11.00000 6.44000 -5.95000
v -11.00000 6.48000 -6.34000
v -11.00000 8.44000 -5.95000
v -11.00000 6.59000 -6.72000
v -11.00000 6.86000 -7.18000
v -11.00000 7.91000 -7.88000
v -11.00000 8.44000 -7.95000
v -11.00000 8.83000 -7.91000
v -11.00000 9.21000 -7.79000
v -11.00000 9.67000 -7.53000
v -11.00000 10.10000 -7.06000
v -11.00000 10.37000 -6.47000
v -11.00000 10.44000 -5.95000
v -5.50000 8.44000 -5.95000
v -5.50000 9.94000 -5.95000
v -5.50000 9.91000 -5.65000
v -5.50000 9.89000 -6.34000
v -5.50000 9.69000 -6.78000
v -5.50000 9.36000 -7.13000
v -5.50000 9.02000 -7.33000
v -5.50000 8.73000 -7.42000
v -5.50000 8.44000 -7.45000
v -5.50000 8.04000 -7.40000
v -5.50000 7.61000 -7.20000
v -5.50000 7.26000 -6.87000
v -5.50000 7.05000 -6.52000
v -5.50000 6.97000 -6.24000
v -5.50000 6.94000 -5.95000
v -5.50000 6.99000 -5.55000
v -5.50000 7.19000 -5.12000
v -5.50000 7.52000 -4.76000
v -5.50000 7.86000 -4.56000
v -5.50000 8.15000 -4.48000
v -5.50000 8.44000 -4.45000
v -5.50000 8.83000 -4.50000
v -5.50000 9.27000 -4.70000
v -5.50000 9.62000 -5.03000
v -5.50000 9.82000 -5.37000
v -11.50000 8.15000 -4.48000
v -11.50000 8.44000 -4.45000
v -11.50000 8.83000 -4.50000
v -11.50000 9.27000 -4.70000
v -11.50000 9.62000 -5.03000
v -11.50000 9.82000 -5.37000
v -11.50000 9.91000 -5.65000
v -11.50000 7.86000 -4.56000
v -11.50000 7.52000 -4.76000
v -11.50000 7.19000 -5.12000
v -11.50000 6.99000 -5.55000
v -11.50000 6.94000 -5.95000
v -11.50000 6.97000 -6.24000
v -11.50000 8.44000 -5.95000
v -11.50000 7.05000 -6.52000
v -11.50000 7.26000 -6.87000
v -11.50000 7.61000 -7.20000
v -11.50000 8.04000 -7.40000
v -11.50000 8.44000 -7.45000
v -11.50000 8.73000 -7.42000
v -11.50000 9.02000 -7.33000
v -11.50000 9.36000 -7.13000
v -11.50000 9.69000 -6.78000
v -11.50000 9.89000 -6.34000
v -11.50000 9.94000 -5.95000
v -10.00000 4.00000 -8.89000
v -10.00000 4.00000 -6.89000
v -10.00000 2.00000 -8.89000
v -10.00000 2.00000 -6.89000
v -12.00000 4.00000 -6.89000
v -12.00000 4.00000 -8.89000
v -12.00000 2.00000 -6.89000
v -12.00000 2.00000 -8.89000
v -7.50000 4.00000 -8.89000
v -7.50000 4.00000 -6.89000
v -7.50000 2.00000 -8.89000
v -7.50000 2.00000 -6.89000
v -9.50000 4.00000 -6.89000
v -9.50000 4.00000 -8.89000
v -9.50000 2.00000 -6.89000
v -9.50000 2.00000 -8.89000
v -10.00000 2.00000 -10.89000
v -10.00000 0.00000 -10.89000
v -10.00000 0.00000 -8.89000
v -12.00000 2.00000 -10.89000
v -12.00000 0.00000 -8.89000
v -12.00000 0.00000 -10.89000
v -7.00000 6.00000 -2.39000
v -7.00000 4.00000 -5.39000
v -7.00000 4.00000 -2.39000
v -10.00000 6.00000 -2.39000
v -10.00000 4.00000 -2.39000
v -10.00000 4.00000 -5.39000
v -5.00000 4.00000 -8.89000
v -5.00000 4.00000 -6.89000
v -5.00000 2.00000 -8.89000
v -5.00000 2.00000 -6.89000
v -7.00000 4.00000 -6.89000
v -7.00000 4.00000 -8.89000
v -7.00000 2.00000 -6.89000
v -7.00000 2.00000 -8.89000
v -7.50000 2.00000 -10.89000
v -7.50000 0.00000 -10.89000
v -7.50000 0.00000 -8.89000
v -9.50000 2.00000 -10.89000
v -9.50000 0.00000 -8.89000
v -9.50000 0.00000 -10.89000
v -5.00000 2.00000 -10.89000
v -5.00000 0.00000 -10.89000
v -5.00000 0.00000 -8.89000
v -7.00000 2.00000 -10.89000
v -7.00000 0.00000 -8.89000
v -7.00000 0.00000 -10.89000
v -12.00000 4.00000 -0.89000
v -12.00000 2.00000 1.11000
v -12.00000 2.00000 -0.89000
v -5.00000 4.00000 -0.89000
v -5.00000 2.00000 -0.89000
v -5.00000 2.00000 1.11000
v -5.00000 0.00000 1.11000
v -12.00000 0.00000 1.11000
v -1.00000 21.93000 -1.12000
v -1.00000 25.52000 0.66000
v -1.00000 21.04000 0.68000
v -1.00000 24.63000 2.45000
v -5.00000 25.52000 0.66000
v -5.00000 21.93000 -1.12000
v -5.00000 24.63000 2.45000
v -5.00000 21.04000 0.68000
v 4.50000 21.49000 0.90000
v 4.50000 24.18000 2.23000
v 4.50000 19.72000 4.48000
v 4.50000 22.41000 5.81000
v 1.50000 24.18000 2.23000
v 1.50000 21.49000 0.90000
v 1.50000 22.41000 5.81000
v 1.50000 19.72000 4.48000
v 5.00000 19.27000 4.26000
v 5.00000 22.86000 6.03000
v 5.00000 18.38000 6.05000
v 5.00000 21.97000 7.83000
v 1.00000 22.86000 6.03000
v 1.00000 19.27000 4.26000
v 1.00000 21.97000 7.83000
v 1.00000 18.38000 6.05000
v 2.00000 9.86000 0.73000
v 2.00000 11.66000 1.61000
v 2.00000 9.42000 1.62000
v 2.00000 11.21000 2.51000
v -2.00000 11.66000 1.61000
v -2.00000 9.86000 0.73000
v -2.00000 11.21000 2.51000
v -2.00000 9.42000 1.62000
v 5.00000 21.93000 -1.12000
v 5.00000 25.52000 0.66000
v 5.00000 21.04000 0.68000
v 5.00000 24.63000 2.45000
v 1.00000 25.52000 0.66000
v 1.00000 21.93000 -1.12000
v 1.00000 24.63000 2.45000
v 1.00000 21.04000 0.68000
v -1.00000 19.27000 4.26000
v -1.00000 22.86000 6.03000
v -1.00000 18.38000 6.05000
v -1.00000 21.97000 7.83000
v -5.00000 22.86000 6.03000
v -5.00000 19.27000 4.26000
v -5.00000 21.97000 7.83000
v -5.00000 18.38000 6.05000
v -1.50000 21.49000 0.90000
v -1.50000 24.18000 2.23000
v -1.50000 19.72000 4.48000
v -1.50000 22.41000 5.81000
v -4.50000 24.18000 2.23000
v -4.50000 21.49000 0.90000
v -4.50000 22.41000 5.81000
v -4.50000 19.72000 4.48000
v 4.00000 9.42000 1.62000
v 4.00000 11.21000 2.51000
v 4.00000 8.98000 2.52000
v 4.00000 10.77000 3.41000
v -4.00000 11.21000 2.51000
v -4.00000 9.42000 1.62000
v -4.00000 10.77000 3.41000
v -4.00000 8.98000 2.52000
v -4.00000 13.41000 -6.44000
v -4.00000 15.20000 -5.56000
v -5.00000 15.20000 -5.56000
v -5.00000 13.41000 -6.44000
v -5.00000 10.77000 3.41000
v -5.00000 8.98000 2.52000
v 6.00000 16.10000 -5.12000
v 6.00000 19.68000 -3.34000
v 6.00000 14.33000 -1.53000
v 6.00000 17.91000 0.24000
v -6.00000 19.68000 -3.34000
v -6.00000 16.10000 -5.12000
v -6.00000 17.91000 0.24000
v -6.00000 14.33000 -1.53000
v 5.00000 13.41000 -6.44000
v 5.00000 15.20000 -5.56000
v 5.00000 8.98000 2.52000
v 5.00000 10.77000 3.41000
v 4.00000 15.20000 -5.56000
v 4.00000 13.41000 -6.44000
v 2.00000 14.09000 -3.32000
v 2.00000 11.41000 -2.41000
v 2.00000 13.21000 -1.52000
v -2.00000 14.09000 -3.32000
v -2.00000 13.21000 -1.52000
v -2.00000 11.41000 -2.41000
v 2.00000 13.21000 -1.53000
v 2.00000 10.53000 -0.62000
v 2.00000 12.32000 0.27000
v -2.00000 13.21000 -1.53000
v -2.00000 12.32000 0.27000
v -2.00000 10.53000 -0.62000
v 5.00000 22.37000 -2.01000
v 5.00000 17.94000 6.95000
v -5.00000 22.37000 -2.01000
v -5.00000 17.94000 6.95000
v 4.50000 23.26000 -2.69000
v 4.50000 25.95000 -1.36000
v 4.50000 22.82000 -1.79000
v 4.50000 25.51000 -0.46000
v 1.50000 25.95000 -1.36000
v 1.50000 23.26000 -2.69000
v 1.50000 25.51000 -0.46000
v 1.50000 22.82000 -1.79000
v -2.00000 23.27000 -1.57000
v -2.00000 25.06000 -0.68000
v -2.00000 22.83000 -0.67000
v -2.00000 24.62000 0.21000
v -4.00000 25.06000 -0.68000
v -4.00000 23.27000 -1.57000
v -4.00000 24.62000 0.21000
v -4.00000 22.83000 -0.67000
v 4.00000 23.27000 -1.57000
v 4.00000 25.06000 -0.68000
v 4.00000 22.83000 -0.67000
v 4.00000 24.62000 0.21000
v 2.00000 25.06000 -0.68000
v 2.00000 23.27000 -1.57000
v 2.00000 24.62000 0.21000
v 2.00000 22.83000 -0.67000
v -3.00000 25.92000 -4.72000
v -3.83200 26.41000 -4.48000
v -3.70700 26.55000 -4.41000
v -3.94900 26.20000 -4.58000
v -4.00000 25.92000 -4.72000
v -3.94900 25.63000 -4.86000
v -3.83200 25.42000 -4.97000
v -3.70700 25.28000 -5.04000
v -3.55500 25.17000 -5.09000
v -3.31600 25.07000 -5.14000
v -3.00000 25.02000 -5.17000
v -2.68400 25.07000 -5.14000
v -2.44500 25.17000 -5.09000
v -2.29300 25.28000 -5.04000
v -2.16800 25.42000 -4.97000
v -2.05100 25.63000 -4.86000
v -2.00000 25.92000 -4.72000
v -2.05100 26.20000 -4.58000
v -2.16800 26.41000 -4.48000
v -2.29300 26.55000 -4.41000
v -2.44500 26.66000 -4.35000
v -2.68400 26.77000 -4.30000
v -3.00000 26.81000 -4.28000
v -3.31600 26.77000 -4.30000
v -3.55500 26.66000 -4.35000
v -2.29300 26.11000 -3.51000
v -2.44500 26.22000 -3.46000
v -2.68400 26.32000 -3.41000
v -3.00000 26.37000 -3.38000
v -3.31600 26.32000 -3.41000
v -3.55500 26.22000 -3.46000
v -3.70700 26.11000 -3.51000
v -2.16800 25.97000 -3.58000
v -2.05100 25.76000 -3.69000
v -2.00000 25.47000 -3.83000
v -2.05100 25.19000 -3.97000
v -2.16800 24.98000 -4.07000
v -2.29300 24.84000 -4.14000
v -3.00000 25.47000 -3.83000
v -2.44500 24.73000 -4.20000
v -2.68400 24.62000 -4.25000
v -3.00000 24.58000 -4.27000
v -3.31600 24.62000 -4.25000
v -3.55500 24.73000 -4.20000
v -3.70700 24.84000 -4.14000
v -3.83200 24.98000 -4.07000
v -3.94900 25.19000 -3.97000
v -4.00000 25.47000 -3.83000
v -3.94900 25.76000 -3.69000
v -3.83200 25.97000 -3.58000
v 3.00000 25.92000 -4.72000
v 2.16800 26.41000 -4.48000
v 2.29300 26.55000 -4.41000
v 2.05100 26.20000 -4.58000
v 2.00000 25.92000 -4.72000
v 2.05100 25.63000 -4.86000
v 2.16800 25.42000 -4.97000
v 2.29300 25.28000 -5.04000
v 2.44500 25.17000 -5.09000
v 2.68400 25.07000 -5.14000
v 3.00000 25.02000 -5.17000
v 3.31600 25.07000 -5.14000
v 3.55500 25.17000 -5.09000
v 3.70700 25.28000 -5.04000
v 3.83200 25.42000 -4.97000
v 3.94900 25.63000 -4.86000
v 4.00000 25.92000 -4.72000
v 3.94900 26.20000 -4.58000
v 3.83200 26.41000 -4.48000
v 3.70700 26.55000 -4.41000
v 3.55500 26.66000 -4.35000
v 3.31600 26.77000 -4.30000
v 3.00000 26.81000 -4.28000
v 2.68400 26.77000 -4.30000
v 2.44500 26.66000 -4.35000
v 3.70700 26.11000 -3.51000
v 3.55500 26.22000 -3.46000
v 3.31600 26.32000 -3.41000
v 3.00000 26.37000 -3.38000
v 2.68400 26.32000 -3.41000
v 2.44500 26.22000 -3.46000
v 2.29300 26.11000 -3.51000
v 3.83200 25.97000 -3.58000
v 3.94900 25.76000 -3.69000
v 4.00000 25.47000 -3.83000
v 3.94900 25.19000 -3.97000
v 3.83200 24.98000 -4.07000
v 3.70700 24.84000 -4.14000
v 3.00000 25.47000 -3.83000
v 3.55500 24.73000 -4.20000
v 3.31600 24.62000 -4.25000
v 3.00000 24.58000 -4.27000
v 2.68400 24.62000 -4.25000
v 2.44500 24.73000 -4.20000
v 2.29300 24.84000 -4.14000
v 2.16800 24.98000 -4.07000
v 2.05100 25.19000 -3.97000
v 2.00000 25.47000 -3.83000
v 2.05100 25.76000 -3.69000
v 2.16800 25.97000 -3.58000
v -1.50000 23.26000 -2.69000
v -1.50000 25.95000 -1.36000
v -1.50000 22.82000 -1.79000
v -1.50000 25.51000 -0.46000
v -4.50000 25.95000 -1.36000
v -4.50000 23.26000 -2.69000
v -4.50000 25.51000 -0.46000
v -4.50000 22.82000 -1.79000
v -3.41600 25.72000 -3.70000
v -3.35400 25.79000 -3.67000
v -3.47400 25.62000 -3.76000
v -3.50000 25.47000 -3.83000
v -3.47400 25.33000 -3.90000
v -3.41600 25.23000 -3.95000
v -3.35400 25.16000 -3.98000
v -3.27700 25.10000 -4.01000
v -3.15800 25.05000 -4.04000
v -3.00000 25.03000 -4.05000
v -2.84200 25.05000 -4.04000
v -2.72300 25.10000 -4.01000
v -2.64600 25.16000 -3.98000
v -2.58400 25.23000 -3.95000
v -2.52600 25.33000 -3.90000
v -2.50000 25.47000 -3.83000
v -2.52600 25.62000 -3.76000
v -2.58400 25.72000 -3.70000
v -2.64600 25.79000 -3.67000
v -2.72300 25.85000 -3.64000
v -2.84200 25.90000 -3.62000
v -3.00000 25.92000 -3.61000
v -3.15800 25.90000 -3.62000
v -3.27700 25.85000 -3.64000
v -2.64600 24.90000 -1.88000
v -2.72300 24.96000 -1.85000
v -2.84200 25.01000 -1.82000
v -3.00000 25.04000 -1.81000
v -3.15800 25.01000 -1.82000
v -3.27700 24.96000 -1.85000
v -3.35400 24.90000 -1.88000
v -2.58400 24.84000 -1.91000
v -2.52600 24.73000 -1.96000
v -2.50000 24.59000 -2.03000
v -2.52600 24.45000 -2.10000
v -2.58400 24.34000 -2.16000
v -2.64600 24.27000 -2.19000
v -3.00000 24.59000 -2.03000
v -2.72300 24.21000 -2.22000
v -2.84200 24.16000 -2.24000
v -3.00000 24.14000 -2.26000
v -3.15800 24.16000 -2.24000
v -3.27700 24.21000 -2.22000
v -3.35400 24.27000 -2.19000
v -3.41600 24.34000 -2.16000
v -3.47400 24.45000 -2.10000
v -3.50000 24.59000 -2.03000
v -3.47400 24.73000 -1.96000
v -3.41600 24.84000 -1.91000
v 2.58400 25.72000 -3.70000
v 2.64600 25.79000 -3.67000
v 2.52600 25.62000 -3.76000
v 2.50000 25.47000 -3.83000
v 2.52600 25.33000 -3.90000
v 2.58400 25.23000 -3.95000
v 2.64600 25.16000 -3.98000
v 2.72300 25.10000 -4.01000
v 2.84200 25.05000 -4.04000
v 3.00000 25.03000 -4.05000
v 3.15800 25.05000 -4.04000
v 3.27700 25.10000 -4.01000
v 3.35400 25.16000 -3.98000
v 3.41600 25.23000 -3.95000
v 3.47400 25.33000 -3.90000
v 3.50000 25.47000 -3.83000
v 3.47400 25.62000 -3.76000
v 3.41600 25.72000 -3.70000
v 3.35400 25.79000 -3.67000
v 3.27700 25.85000 -3.64000
v 3.15800 25.90000 -3.62000
v 3.00000 25.92000 -3.61000
v 2.84200 25.90000 -3.62000
v 2.72300 25.85000 -3.64000
v 3.35400 24.90000 -1.88000
v 3.27700 24.96000 -1.85000
v 3.15800 25.01000 -1.82000
v 3.00000 25.04000 -1.81000
v 2.84200 25.01000 -1.82000
v 2.72300 24.96000 -1.85000
v 2.64600 24.90000 -1.88000
v 3.41600 24.84000 -1.91000
v 3.47400 24.73000 -1.96000
v 3.50000 24.59000 -2.03000
v 3.47400 24.45000 -2.10000
v 3.41600 24.34000 -2.16000
v 3.35400 24.27000 -2.19000
v 3.00000 24.59000 -2.03000
v 3.27700 24.21000 -2.22000
v 3.15800 24.16000 -2.24000
v 3.00000 24.14000 -2.26000
v 2.84200 24.16000 -2.24000
v 2.72300 24.21000 -2.22000
v 2.64600 24.27000 -2.19000
v 2.58400 24.34000 -2.16000
v 2.52600 24.45000 -2.10000
v 2.50000 24.59000 -2.03000
v 2.52600 24.73000 -1.96000
v 2.58400 24.84000 -1.91000
v 10.50000 10.66000 -9.83000
v 10.50000 12.88000 -6.50000
v 10.50000 7.33000 -7.61000
v 10.50000 9.55000 -4.28000
v 6.50000 12.88000 -6.50000
v 6.50000 10.66000 -9.83000
v 6.50000 9.55000 -4.28000
v 6.50000 7.33000 -7.61000
v 11.50000 13.71000 -7.06000
v 11.50000 17.04000 -2.06000
v 11.50000 8.71000 -3.73000
v 11.50000 12.04000 1.26000
v 5.50000 17.04000 -2.06000
v 5.50000 13.71000 -7.06000
v 5.50000 12.04000 1.26000
v 5.50000 8.71000 -3.73000
v 11.50000 14.54000 -0.40000
v 11.50000 17.54000 -0.40000
v 11.50000 17.48000 0.19000
v 11.50000 17.44000 -1.19000
v 11.50000 17.04000 -2.07000
v 11.50000 16.38000 -2.77000
v 11.50000 15.69000 -3.17000
v 11.50000 15.13000 -3.34000
v 11.50000 14.54000 -3.40000
v 11.50000 13.75000 -3.30000
v 11.50000 12.88000 -2.90000
v 11.50000 12.17000 -2.24000
v 11.50000 11.77000 -1.56000
v 11.50000 11.60000 -0.99000
v 11.50000 11.54000 -0.40000
v 11.50000 11.65000 0.39000
v 11.50000 12.70000 1.97000
v 11.50000 13.39000 2.37000
v 11.50000 13.95000 2.54000
v 11.50000 14.54000 2.60000
v 11.50000 15.33000 2.49000
v 11.50000 16.21000 2.09000
v 11.50000 16.91000 1.44000
v 11.50000 17.31000 0.75000
v 5.50000 13.95000 2.54000
v 5.50000 14.54000 2.60000
v 5.50000 15.33000 2.49000
v 5.50000 16.21000 2.09000
v 5.50000 16.91000 1.44000
v 5.50000 17.31000 0.75000
v 5.50000 17.48000 0.19000
v 5.50000 13.39000 2.37000
v 5.50000 12.70000 1.97000
v 5.50000 11.65000 0.39000
v 5.50000 11.54000 -0.40000
v 5.50000 11.60000 -0.99000
v 5.50000 14.54000 -0.40000
v 5.50000 11.77000 -1.56000
v 5.50000 12.17000 -2.24000
v 5.50000 12.88000 -2.90000
v 5.50000 13.75000 -3.30000
v 5.50000 14.54000 -3.40000
v 5.50000 15.13000 -3.34000
v 5.50000 15.69000 -3.17000
v 5.50000 16.38000 -2.77000
v 5.50000 17.04000 -2.07000
v 5.50000 17.44000 -1.19000
v 5.50000 17.54000 -0.40000
v 12.00000 14.54000 -0.40000
v 12.00000 16.54000 -0.40000
v 12.00000 16.50000 -0.01000
v 12.00000 16.47000 -0.93000
v 12.00000 16.20000 -1.51000
v 12.00000 15.77000 -1.98000
v 12.00000 15.31000 -2.25000
v 12.00000 14.93000 -2.36000
v 12.00000 14.54000 -2.40000
v 12.00000 14.01000 -2.33000
v 12.00000 13.43000 -2.07000
v 12.00000 12.96000 -1.63000
v 12.00000 12.69000 -1.17000
v 12.00000 12.58000 -0.79000
v 12.00000 12.54000 -0.40000
v 12.00000 12.61000 0.12000
v 12.00000 12.88000 0.71000
v 12.00000 13.31000 1.18000
v 12.00000 13.77000 1.44000
v 12.00000 14.15000 1.56000
v 12.00000 14.54000 1.60000
v 12.00000 15.07000 1.53000
v 12.00000 15.65000 1.26000
v 12.00000 16.12000 0.83000
v 12.00000 16.39000 0.37000
v 5.00000 14.15000 1.56000
v 5.00000 14.54000 1.60000
v 5.00000 15.07000 1.53000
v 5.00000 15.65000 1.26000
v 5.00000 16.12000 0.83000
v 5.00000 16.39000 0.37000
v 5.00000 16.50000 -0.01000
v 5.00000 13.77000 1.44000
v 5.00000 13.31000 1.18000
v 5.00000 12.88000 0.71000
v 5.00000 12.61000 0.12000
v 5.00000 12.54000 -0.40000
v 5.00000 12.58000 -0.79000
v 5.00000 14.54000 -0.40000
v 5.00000 12.69000 -1.17000
v 5.00000 12.96000 -1.63000
v 5.00000 13.43000 -2.07000
v 5.00000 14.01000 -2.33000
v 5.00000 14.54000 -2.40000
v 5.00000 14.93000 -2.36000
v 5.00000 15.31000 -2.25000
v 5.00000 15.77000 -1.98000
v 5.00000 16.20000 -1.51000
v 5.00000 16.47000 -0.93000
v 5.00000 16.54000 -0.40000
v 10.00000 21.14000 -6.78000
v 10.00000 20.14000 -8.51000
v 10.00000 20.50000 -8.68000
v 10.00000 19.72000 -8.19000
v 10.00000 19.35000 -7.67000
v 10.00000 19.16000 -7.06000
v 10.00000 19.16000 -6.52000
v 10.00000 19.25000 -6.14000
v 10.00000 19.41000 -5.78000
v 10.00000 19.74000 -5.36000
v 10.00000 20.26000 -4.99000
v 10.00000 20.87000 -4.80000
v 10.00000 21.40000 -4.80000
v 10.00000 21.79000 -4.89000
v 10.00000 22.15000 -5.05000
v 10.00000 22.57000 -5.37000
v 10.00000 22.94000 -5.90000
v 10.00000 23.13000 -6.51000
v 10.00000 23.13000 -7.04000
v 10.00000 23.04000 -7.42000
v 10.00000 22.88000 -7.78000
v 10.00000 22.55000 -8.20000
v 10.00000 22.03000 -8.57000
v 10.00000 21.42000 -8.76000
v 10.00000 20.89000 -8.76000
v 4.00000 23.04000 -7.42000
v 4.00000 22.88000 -7.78000
v 4.00000 22.55000 -8.20000
v 4.00000 22.03000 -8.57000
v 4.00000 21.42000 -8.76000
v 4.00000 20.89000 -8.76000
v 4.00000 20.50000 -8.68000
v 4.00000 23.13000 -7.04000
v 4.00000 23.13000 -6.51000
v 4.00000 22.94000 -5.90000
v 4.00000 22.57000 -5.37000
v 4.00000 22.15000 -5.05000
v 4.00000 21.79000 -4.89000
v 4.00000 21.14000 -6.78000
v 4.00000 21.40000 -4.80000
v 4.00000 20.87000 -4.80000
v 4.00000 20.26000 -4.99000
v 4.00000 19.74000 -5.36000
v 4.00000 19.41000 -5.78000
v 4.00000 19.25000 -6.14000
v 4.00000 19.16000 -6.52000
v 4.00000 19.16000 -7.06000
v 4.00000 19.35000 -7.67000
v 4.00000 19.72000 -8.19000
v 4.00000 20.14000 -8.51000
v 9.50000 15.77000 -9.44000
v 9.50000 15.27000 -10.31000
v 9.50000 15.45000 -10.39000
v 9.50000 15.06000 -10.15000
v 9.50000 14.87000 -9.88000
v 9.50000 14.78000 -9.58000
v 9.50000 14.77000 -9.31000
v 9.50000 14.82000 -9.12000
v 9.50000 14.90000 -8.94000
v 9.50000 15.06000 -8.73000
v 9.50000 15.32000 -8.54000
v 9.50000 15.63000 -8.45000
v 9.50000 15.89000 -8.45000
v 9.50000 16.09000 -8.49000
v 9.50000 16.27000 -8.57000
v 9.50000 16.48000 -8.74000
v 9.50000 16.66000 -9.00000
v 9.50000 16.76000 -9.30000
v 9.50000 16.76000 -9.57000
v 9.50000 16.71000 -9.76000
v 9.50000 16.63000 -9.94000
v 9.50000 16.47000 -10.15000
v 9.50000 16.21000 -10.34000
v 9.50000 15.90000 -10.43000
v 9.50000 15.64000 -10.43000
v 4.50000 16.71000 -9.76000
v 4.50000 16.63000 -9.94000
v 4.50000 16.47000 -10.15000
v 4.50000 16.21000 -10.34000
v 4.50000 15.90000 -10.43000
v 4.50000 15.64000 -10.43000
v 4.50000 15.45000 -10.39000
v 4.50000 16.76000 -9.57000
v 4.50000 16.76000 -9.30000
v 4.50000 16.66000 -9.00000
v 4.50000 16.48000 -8.74000
v 4.50000 16.27000 -8.57000
v 4.50000 16.09000 -8.49000
v 4.50000 15.77000 -9.44000
v 4.50000 15.89000 -8.45000
v 4.50000 15.63000 -8.45000
v 4.50000 15.32000 -8.54000
v 4.50000 15.06000 -8.73000
v 4.50000 14.90000 -8.94000
v 4.50000 14.82000 -9.12000
v 4.50000 14.77000 -9.31000
v 4.50000 14.78000 -9.58000
v 4.50000 14.87000 -9.88000
v 4.50000 15.06000 -10.15000
v 4.50000 15.27000 -10.31000
v 8.50000 16.88000 -10.56000
v 8.50000 20.47000 -8.79000
v 8.50000 15.55000 -7.87000
v 8.50000 19.14000 -6.10000
v 5.50000 20.47000 -8.79000
v 5.50000 16.88000 -10.56000
v 5.50000 19.14000 -6.10000
v 5.50000 15.55000 -7.87000
v 9.00000 21.14000 -6.78000
v 9.00000 19.64000 -9.38000
v 9.00000 20.18000 -9.62000
v 9.00000 19.01000 -8.89000
v 9.00000 18.46000 -8.11000
v 9.00000 18.17000 -7.19000
v 9.00000 18.17000 -6.40000
v 9.00000 18.30000 -5.82000
v 9.00000 18.55000 -5.28000
v 9.00000 19.03000 -4.65000
v 9.00000 19.82000 -4.09000
v 9.00000 20.73000 -3.81000
v 9.00000 21.53000 -3.81000
v 9.00000 22.11000 -3.94000
v 9.00000 22.65000 -4.18000
v 9.00000 23.28000 -4.67000
v 9.00000 23.83000 -5.45000
v 9.00000 24.12000 -6.37000
v 9.00000 24.12000 -7.17000
v 9.00000 23.99000 -7.74000
v 9.00000 23.74000 -8.28000
v 9.00000 23.26000 -8.91000
v 9.00000 22.47000 -9.47000
v 9.00000 21.56000 -9.75000
v 9.00000 20.76000 -9.76000
v 5.00000 23.99000 -7.74000
v 5.00000 23.74000 -8.28000
v 5.00000 23.26000 -8.91000
v 5.00000 22.47000 -9.47000
v 5.00000 21.56000 -9.75000
v 5.00000 20.76000 -9.76000
v 5.00000 20.18000 -9.62000
v 5.00000 24.12000 -7.17000
v 5.00000 24.12000 -6.37000
v 5.00000 23.83000 -5.45000
v 5.00000 23.28000 -4.67000
v 5.00000 22.65000 -4.18000
v 5.00000 22.11000 -3.94000
v 5.00000 21.14000 -6.78000
v 5.00000 21.53000 -3.81000
v 5.00000 20.73000 -3.81000
v 5.00000 19.82000 -4.09000
v 5.00000 19.03000 -4.65000
v 5.00000 18.55000 -5.28000
v 5.00000 18.30000 -5.82000
v 5.00000 18.17000 -6.40000
v 5.00000 18.17000 -7.19000
v 5.00000 18.46000 -8.11000
v 5.00000 19.01000 -8.89000
v 5.00000 19.64000 -9.38000
v 9.00000 15.77000 -9.44000
v 9.00000 14.77000 -11.17000
v 9.00000 15.13000 -11.34000
v 9.00000 14.35000 -10.85000
v 9.00000 13.97000 -10.33000
v 9.00000 13.79000 -9.71000
v 9.00000 13.78000 -9.18000
v 9.00000 13.87000 -8.80000
v 9.00000 14.03000 -8.44000
v 9.00000 14.36000 -8.02000
v 9.00000 14.88000 -7.65000
v 9.00000 15.49000 -7.46000
v 9.00000 16.02000 -7.46000
v 9.00000 16.41000 -7.55000
v 9.00000 16.77000 -7.71000
v 9.00000 17.19000 -8.03000
v 9.00000 17.56000 -8.55000
v 9.00000 17.75000 -9.17000
v 9.00000 17.75000 -9.70000
v 9.00000 17.66000 -10.08000
v 9.00000 17.50000 -10.44000
v 9.00000 17.17000 -10.86000
v 9.00000 16.65000 -11.23000
v 9.00000 16.04000 -11.42000
v 9.00000 15.51000 -11.42000
v 5.00000 17.66000 -10.08000
v 5.00000 17.50000 -10.44000
v 5.00000 17.17000 -10.86000
v 5.00000 16.65000 -11.23000
v 5.00000 16.04000 -11.42000
v 5.00000 15.51000 -11.42000
v 5.00000 15.13000 -11.34000
v 5.00000 17.75000 -9.70000
v 5.00000 17.75000 -9.17000
v 5.00000 17.56000 -8.55000
v 5.00000 17.19000 -8.03000
v 5.00000 16.77000 -7.71000
v 5.00000 16.41000 -7.55000
v 5.00000 15.77000 -9.44000
v 5.00000 16.02000 -7.46000
v 5.00000 15.49000 -7.46000
v 5.00000 14.88000 -7.65000
v 5.00000 14.36000 -8.02000
v 5.00000 14.03000 -8.44000
v 5.00000 13.87000 -8.80000
v 5.00000 13.78000 -9.18000
v 5.00000 13.79000 -9.71000
v 5.00000 13.97000 -10.33000
v 5.00000 14.35000 -10.85000
v 5.00000 14.77000 -11.17000
vt 1.62500 -4.62500
vt 1.72901 -4.55566
vt 1.71339 -4.53661
vt 1.74359 -4.58547
vt 1.75000 -4.62500
vt 1.74359 -4.66453
vt 1.72901 -4.69434
vt 1.71339 -4.71339
vt 1.69434 -4.72901
vt 1.66453 -4.74359
vt 1.62500 -4.75000
vt 1.58547 -4.74359
vt 1.55566 -4.72901
vt 1.53661 -4.71339
vt 1.52099 -4.69434
vt 1.50641 -4.66453
vt 1.50000 -4.62500
vt 1.50641 -4.58547
vt 1.52099 -4.55566
vt 1.53661 -4.53661
vt 1.55566 -4.52099
vt 1.58547 -4.50641
vt 1.62500 -4.50000
vt 1.66453 -4.50641
vt 1.69434 -4.52099
vt 1.50000 -4.50000
vt 1.62500 -4.54167
vt 1.50000 -4.54167
vt 1.62500 -4.58333
vt 1.50000 -4.58333
vt 1.62500 -4.66667
vt 1.50000 -4.66667
vt 1.62500 -4.70833
vt 1.50000 -4.70833
vt 1.50000 -4.75000
vt 1.87500 -2.50000
vt 1.50000 -2.50000
vt 1.87500 -2.75000
vt 1.50000 -2.75000
vt 1.75000 -2.50000
vt 1.75000 -2.87500
vt 1.50000 -2.87500
vt 1.75000 -2.75000
vt 2.43750 -6.68750
vt 2.59351 -6.58349
vt 2.57008 -6.55492
vt 2.61538 -6.62821
vt 2.62500 -6.68750
vt 2.61538 -6.74679
vt 2.59351 -6.79151
vt 2.57008 -6.82008
vt 2.54151 -6.84351
vt 2.49679 -6.86538
vt 2.43750 -6.87500
vt 2.37821 -6.86538
vt 2.33349 -6.84351
vt 2.30492 -6.82008
vt 2.28149 -6.79151
vt 2.25962 -6.74679
vt 2.25000 -6.68750
vt 2.25962 -6.62821
vt 2.28149 -6.58349
vt 2.30492 -6.55492
vt 2.33349 -6.53149
vt 2.37821 -6.50962
vt 2.43750 -6.50000
vt 2.49679 -6.50962
vt 2.54151 -6.53149
vt 2.37500 -6.50000
vt 2.25000 -6.50000
vt 2.37500 -6.56250
vt 2.25000 -6.56250
vt 2.37500 -6.62500
vt 2.25000 -6.62500
vt 2.37500 -6.68750
vt 2.37500 -6.75000
vt 2.25000 -6.75000
vt 2.37500 -6.81250
vt 2.25000 -6.81250
vt 2.37500 -6.87500
vt 2.25000 -6.87500
vt 4.37500 0.00000
vt 4.25000 0.00000
vt 4.37500 -0.37500
vt 4.25000 -0.37500
vt 4.50000 0.00000
vt 4.50000 -0.12500
vt 4.25000 -0.12500
vt 4.50000 -0.37500
vt 6.62500 -3.12500
vt 6.72901 -3.05566
vt 6.71339 -3.03661
vt 6.74359 -3.08547
vt 6.75000 -3.12500
vt 6.74359 -3.16453
vt 6.72901 -3.19434
vt 6.71339 -3.21339
vt 6.69434 -3.22901
vt 6.66453 -3.24359
vt 6.62500 -3.25000
vt 6.58547 -3.24359
vt 6.55566 -3.22901
vt 6.53661 -3.21339
vt 6.52099 -3.19434
vt 6.50641 -3.16453
vt 6.50000 -3.12500
vt 6.50641 -3.08547
vt 6.52099 -3.05566
vt 6.53661 -3.03661
vt 6.55566 -3.02099
vt 6.58547 -3.00641
vt 6.62500 -3.00000
vt 6.66453 -3.00641
vt 6.69434 -3.02099
vt 6.50000 -3.00000
vt 6.62500 -3.04167
vt 6.50000 -3.04167
vt 6.62500 -3.08333
vt 6.50000 -3.08333
vt 6.62500 -3.16667
vt 6.50000 -3.16667
vt 6.62500 -3.20833
vt 6.50000 -3.20833
vt 6.50000 -3.25000
vt 1.12500 -6.50000
vt 1.00000 -6.50000
vt 1.12500 -6.62500
vt 1.00000 -6.62500
vt 0.62500 -6.62500
vt 0.72901 -6.55566
vt 0.71339 -6.53661
vt 0.74358 -6.58547
vt 0.75000 -6.62500
vt 0.74358 -6.66453
vt 0.72901 -6.69434
vt 0.71339 -6.71339
vt 0.69434 -6.72901
vt 0.66453 -6.74359
vt 0.62500 -6.75000
vt 0.58547 -6.74359
vt 0.55566 -6.72901
vt 0.53661 -6.71339
vt 0.52099 -6.69434
vt 0.50641 -6.66453
vt 0.50000 -6.62500
vt 0.50641 -6.58547
vt 0.52099 -6.55566
vt 0.53661 -6.53661
vt 0.55566 -6.52099
vt 0.58547 -6.50641
vt 0.62500 -6.50000
vt 0.66453 -6.50641
vt 0.69434 -6.52099
vt 0.75000 -6.50000
vt 0.50000 -6.50000
vt 0.75000 -6.54167
vt 0.50000 -6.54167
vt 0.75000 -6.58333
vt 0.50000 -6.58333
vt 0.75000 -6.66667
vt 0.50000 -6.66667
vt 0.75000 -6.70833
vt 0.50000 -6.70833
vt 0.75000 -6.75000
vt 0.50000 -6.75000
vt 4.25000 -6.50000
vt 4.50000 -6.75000
vt 4.25000 -6.75000
vt 4.50000 -6.50000
vt 4.50000 -6.85355
vt 4.25000 -6.85355
vt 5.25000 -2.75000
vt 5.37500 -2.87500
vt 5.25000 -2.87500
vt 5.37500 -2.75000
vt 5.37500 -2.92678
vt 5.25000 -2.92678
vt 6.25000 -6.00000
vt 6.50000 -6.12500
vt 6.25000 -6.12500
vt 6.37500 -6.00000
vt 6.37500 -6.12500
vt 6.50000 -6.00000
vt 6.37500 -6.25000
vt 6.25000 -6.25000
vt 6.37500 -6.27951
vt 6.25000 -6.27951
vt 4.75000 -6.75000
vt 4.75000 -6.87500
vt 4.50000 -6.87500
vt 4.62500 -6.75000
vt 4.62500 -7.00000
vt 4.50000 -7.00000
vt 4.62500 -6.87500
vt 0.87500 -3.25000
vt 0.75000 -3.25000
vt 0.87500 -3.50000
vt 0.75000 -3.50000
vt 1.00000 -3.25000
vt 1.00000 -3.37500
vt 0.75000 -3.37500
vt 1.00000 -3.50000
vt 3.62500 -3.50000
vt 3.50000 -3.50000
vt 3.62500 -3.75000
vt 3.50000 -3.75000
vt 3.75000 -3.50000
vt 3.75000 -3.62500
vt 3.50000 -3.62500
vt 3.75000 -3.75000
vt 1.50000 -0.25000
vt 1.75000 -0.50000
vt 1.50000 -0.50000
vt 1.75000 -0.25000
vt 1.75000 -0.60355
vt 1.50000 -0.60355
vt 3.75000 -1.75000
vt 3.50000 -1.75000
vt 3.75000 -1.87500
vt 3.50000 -1.87500
vt 3.62500 -1.75000
vt 3.62500 -2.00000
vt 3.50000 -2.00000
vt 3.62500 -1.87500
vt 2.50000 -4.75000
vt 2.75000 -5.00000
vt 2.50000 -5.00000
vt 2.62500 -4.75000
vt 2.62500 -5.00000
vt 2.75000 -4.75000
vt 2.62500 -5.10355
vt 2.50000 -5.10355
vt 4.62500 -5.00000
vt 4.50000 -5.00000
vt 4.62500 -5.12500
vt 4.50000 -5.12500
vt 2.50000 -6.75000
vt 2.75000 -7.00000
vt 2.50000 -7.00000
vt 2.62500 -6.75000
vt 2.62500 -7.00000
vt 2.75000 -6.75000
vt 2.62500 -7.10355
vt 2.50000 -7.10355
vt 0.62500 0.62500
vt 0.72901 0.69434
vt 0.71339 0.71339
vt 0.74358 0.66453
vt 0.75000 0.62500
vt 0.74358 0.58547
vt 0.72901 0.55566
vt 0.71339 0.53661
vt 0.69434 0.52099
vt 0.66453 0.50641
vt 0.62500 0.50000
vt 0.58547 0.50641
vt 0.55566 0.52099
vt 0.53661 0.53661
vt 0.52099 0.55566
vt 0.50641 0.58547
vt 0.50000 0.62500
vt 0.50641 0.66453
vt 0.52099 0.69434
vt 0.53661 0.71339
vt 0.55566 0.72901
vt 0.58547 0.74358
vt 0.62500 0.75000
vt 0.66453 0.74358
vt 0.69434 0.72901
vt 0.75000 0.75000
vt 0.50000 0.75000
vt 0.75000 0.70833
vt 0.50000 0.70833
vt 0.75000 0.66667
vt 0.50000 0.66667
vt 0.75000 0.58333
vt 0.50000 0.58333
vt 0.75000 0.54167
vt 0.50000 0.54167
vt 0.75000 0.50000
vt 0.50000 0.50000
vt 4.37500 -3.87500
vt 4.47901 -3.80566
vt 4.46339 -3.78661
vt 4.49359 -3.83547
vt 4.50000 -3.87500
vt 4.49359 -3.91453
vt 4.47901 -3.94434
vt 4.46339 -3.96339
vt 4.44434 -3.97901
vt 4.41453 -3.99359
vt 4.37500 -4.00000
vt 4.33547 -3.99359
vt 4.30566 -3.97901
vt 4.28661 -3.96339
vt 4.27099 -3.94434
vt 4.25641 -3.91453
vt 4.25000 -3.87500
vt 4.25641 -3.83547
vt 4.27099 -3.80566
vt 4.28661 -3.78661
vt 4.30566 -3.77099
vt 4.33547 -3.75641
vt 4.37500 -3.75000
vt 4.41453 -3.75641
vt 4.44434 -3.77099
vt 4.25000 -3.75000
vt 4.37500 -3.79167
vt 4.25000 -3.79167
vt 4.37500 -3.83333
vt 4.25000 -3.83333
vt 4.37500 -3.91667
vt 4.25000 -3.91667
vt 4.37500 -3.95833
vt 4.25000 -3.95833
vt 4.25000 -4.00000
vt 4.87500 0.50000
vt 4.75000 0.50000
vt 4.87500 0.37500
vt 4.75000 0.37500
vt 4.12500 -1.50000
vt 4.00000 -1.50000
vt 4.12500 -1.62500
vt 4.00000 -1.62500
vt 7.12500 -2.50000
vt 7.00000 -2.50000
vt 7.12500 -2.62500
vt 7.00000 -2.62500
vt 7.37500 0.00000
vt 7.25000 0.00000
vt 7.37500 -0.12500
vt 7.25000 -0.12500
vt 0.12500 -5.75000
vt 0.00000 -5.75000
vt 0.12500 -5.87500
vt 0.00000 -5.87500
vt 6.87500 0.50000
vt 6.75000 0.50000
vt 6.87500 0.37500
vt 6.75000 0.37500
vt 3.75000 -5.00000
vt 3.75000 -5.12500
vt 4.25000 -5.00000
vt 4.25000 -5.75000
vt 3.75000 -5.75000
vt 4.25000 -5.12500
vt 6.37500 -5.75000
vt 6.25000 -5.75000
vt 6.37500 -5.87500
vt 6.25000 -5.87500
vt 7.00000 -5.75000
vt 7.00000 -5.87500
vt 8.00000 0.50000
vt 7.25000 0.50000
vt 8.00000 0.25000
vt 7.25000 0.25000
vt 8.00000 -0.25000
vt 7.25000 -0.25000
vt 1.25000 -0.50000
vt 1.37500 -0.62500
vt 1.25000 -0.62500
vt 2.00000 -0.50000
vt 2.00000 -0.62500
vt 1.37500 -0.50000
vt 2.00000 -0.67678
vt 1.25000 -0.67678
vt 6.12500 -3.12500
vt 6.43702 -2.91699
vt 6.39016 -2.85983
vt 6.48076 -3.00641
vt 6.48076 -3.24359
vt 6.43702 -3.33301
vt 6.39016 -3.39016
vt 6.33301 -3.43702
vt 6.24359 -3.48076
vt 6.12500 -3.50000
vt 6.00641 -3.48076
vt 5.91699 -3.43702
vt 5.85983 -3.39016
vt 5.81298 -3.33301
vt 5.76924 -3.24359
vt 5.75000 -3.12500
vt 5.76924 -3.00641
vt 5.81298 -2.91699
vt 5.85984 -2.85983
vt 5.91699 -2.81298
vt 5.85983 -2.85983
vt 6.00641 -2.76924
vt 6.12500 -2.75000
vt 6.24359 -2.76924
vt 6.33301 -2.81298
vt 6.25000 -2.75000
vt 5.75000 -2.75000
vt 6.25000 -2.87500
vt 5.75000 -2.87500
vt 6.25000 -3.00000
vt 5.75000 -3.00000
vt 6.25000 -3.12500
vt 6.25000 -3.25000
vt 5.75000 -3.25000
vt 6.25000 -3.37500
vt 5.75000 -3.37500
vt 6.25000 -3.50000
vt 5.75000 -3.50000
vt 0.50000 -1.50000
vt 0.70801 -1.36132
vt 0.67678 -1.32322
vt 0.73717 -1.42094
vt 0.75000 -1.50000
vt 0.73717 -1.57906
vt 0.70801 -1.63867
vt 0.67678 -1.67678
vt 0.63868 -1.70801
vt 0.57906 -1.73717
vt 0.50000 -1.75000
vt 0.42094 -1.73717
vt 0.36132 -1.70801
vt 0.32322 -1.67678
vt 0.29199 -1.63867
vt 0.26283 -1.57906
vt 0.25000 -1.50000
vt 0.26283 -1.42094
vt 0.29199 -1.36132
vt 0.32322 -1.32322
vt 0.36132 -1.29199
vt 0.42094 -1.26283
vt 0.50000 -1.25000
vt 0.57906 -1.26283
vt 0.63868 -1.29199
vt 0.75000 -1.25000
vt 0.25000 -1.25000
vt 0.75000 -1.33333
vt 0.25000 -1.33333
vt 0.75000 -1.41667
vt 0.25000 -1.41667
vt 0.75000 -1.58333
vt 0.25000 -1.58333
vt 0.75000 -1.66667
vt 0.25000 -1.66667
vt 0.75000 -1.75000
vt 0.25000 -1.75000
vt 5.00000 -1.75000
vt 4.50000 -1.75000
vt 5.00000 -2.12500
vt 4.50000 -2.12500
vt 4.87500 -1.75000
vt 4.87500 -2.25000
vt 4.50000 -2.25000
vt 4.87500 -2.12500
vt 5.87500 -5.87500
vt 5.97901 -5.80566
vt 5.96339 -5.78661
vt 5.99359 -5.83547
vt 6.00000 -5.87500
vt 5.99359 -5.91453
vt 5.97901 -5.94434
vt 5.96339 -5.96339
vt 5.94434 -5.97901
vt 5.91453 -5.99359
vt 5.87500 -6.00000
vt 5.83547 -5.99359
vt 5.80566 -5.97901
vt 5.78661 -5.96339
vt 5.77099 -5.94434
vt 5.75641 -5.91453
vt 5.75000 -5.87500
vt 5.75641 -5.83547
vt 5.77099 -5.80566
vt 5.78661 -5.78661
vt 5.80566 -5.77099
vt 5.83547 -5.75641
vt 5.87500 -5.75000
vt 5.91453 -5.75641
vt 5.94434 -5.77099
vt 5.75000 -5.75000
vt 6.37500 -5.79167
vt 5.75000 -5.79167
vt 6.37500 -5.83333
vt 5.75000 -5.83333
vt 6.37500 -5.91667
vt 5.75000 -5.91667
vt 6.37500 -5.95833
vt 5.75000 -5.95833
vt 5.75000 -6.00000
vt 2.75000 -3.00000
vt 2.95801 -2.86132
vt 2.92678 -2.82322
vt 2.98717 -2.92094
vt 3.00000 -3.00000
vt 2.98717 -3.07906
vt 2.95801 -3.13867
vt 2.92678 -3.17678
vt 2.88867 -3.20801
vt 2.82906 -3.23717
vt 2.75000 -3.25000
vt 2.67094 -3.23717
vt 2.61132 -3.20801
vt 2.57322 -3.17678
vt 2.54199 -3.13867
vt 2.51283 -3.07906
vt 2.50000 -3.00000
vt 2.51283 -2.92094
vt 2.54199 -2.86132
vt 2.57322 -2.82322
vt 2.61132 -2.79199
vt 2.67094 -2.76283
vt 2.75000 -2.75000
vt 2.82906 -2.76283
vt 2.88867 -2.79199
vt 3.25000 -2.75000
vt 2.50000 -2.75000
vt 3.25000 -2.83333
vt 2.50000 -2.83333
vt 3.25000 -2.91667
vt 2.50000 -2.91667
vt 3.25000 -3.00000
vt 3.25000 -3.08333
vt 2.50000 -3.08333
vt 3.25000 -3.16667
vt 2.50000 -3.16667
vt 3.25000 -3.25000
vt 2.50000 -3.25000
vt 5.37500 -5.25000
vt 4.75000 -5.25000
vt 5.37500 -5.75000
vt 4.75000 -5.75000
vt 5.50000 -5.25000
vt 5.50000 -5.87500
vt 4.75000 -5.87500
vt 5.50000 -5.75000
vt 2.12500 -4.25000
vt 2.00000 -4.25000
vt 2.12500 -4.75000
vt 2.00000 -4.75000
vt 2.12500 -4.37500
vt 2.00000 -4.37500
vt 7.12500 -3.75000
vt 7.00000 -3.75000
vt 7.12500 -4.25000
vt 7.00000 -4.25000
vt 7.12500 -3.87500
vt 7.00000 -3.87500
vt 5.25000 -3.50000
vt 6.12500 -4.50000
vt 5.25000 -4.50000
vt 6.25000 -4.37500
vt 5.25000 -4.37500
vt 6.25000 -4.50000
vt 4.62500 -3.25000
vt 4.50000 -3.25000
vt 4.62500 -3.62500
vt 4.50000 -3.62500
vt 5.00000 -3.25000
vt 5.00000 -3.37500
vt 4.50000 -3.37500
vt 5.00000 -3.62500
vt 3.56250 -0.06250
vt 3.61450 -0.02783
vt 3.60669 -0.01831
vt 3.62179 -0.04274
vt 3.62500 -0.06250
vt 3.62179 -0.08226
vt 3.61450 -0.09717
vt 3.60669 -0.10669
vt 3.59717 -0.11450
vt 3.58226 -0.12179
vt 3.56250 -0.12500
vt 3.54274 -0.12179
vt 3.52783 -0.11450
vt 3.51831 -0.10669
vt 3.51050 -0.09717
vt 3.50321 -0.08226
vt 3.50000 -0.06250
vt 3.50321 -0.04274
vt 3.51050 -0.02783
vt 3.51831 -0.01831
vt 3.52783 -0.01050
vt 3.54274 -0.00321
vt 3.56250 0.00000
vt 3.58226 -0.00321
vt 3.59717 -0.01050
vt 3.75000 0.00000
vt 3.50000 0.00000
vt 3.75000 -0.02083
vt 3.50000 -0.02083
vt 3.75000 -0.04167
vt 3.50000 -0.04167
vt 3.75000 -0.06250
vt 3.75000 -0.08333
vt 3.50000 -0.08333
vt 3.75000 -0.10417
vt 3.50000 -0.10417
vt 3.75000 -0.12500
vt 3.50000 -0.12500
vt 1.81250 -5.56250
vt 1.86450 -5.52783
vt 1.85669 -5.51831
vt 1.87179 -5.54274
vt 1.87500 -5.56250
vt 1.87179 -5.58226
vt 1.86450 -5.59717
vt 1.85669 -5.60669
vt 1.84717 -5.61450
vt 1.83226 -5.62179
vt 1.81250 -5.62500
vt 1.79274 -5.62179
vt 1.77783 -5.61450
vt 1.76831 -5.60669
vt 1.76050 -5.59717
vt 1.75321 -5.58226
vt 1.75000 -5.56250
vt 1.75321 -5.54274
vt 1.76050 -5.52783
vt 1.76831 -5.51831
vt 1.77783 -5.51050
vt 1.79274 -5.50321
vt 1.81250 -5.50000
vt 1.83226 -5.50321
vt 1.84717 -5.51050
vt 2.00000 -5.50000
vt 1.75000 -5.50000
vt 2.00000 -5.52083
vt 1.75000 -5.52083
vt 2.00000 -5.54167
vt 1.75000 -5.54167
vt 2.00000 -5.56250
vt 2.00000 -5.58333
vt 1.75000 -5.58333
vt 2.00000 -5.60417
vt 1.75000 -5.60417
vt 2.00000 -5.62500
vt 1.75000 -5.62500
vt 1.06250 -1.56250
vt 1.11450 -1.52783
vt 1.10669 -1.51831
vt 1.12179 -1.54274
vt 1.12500 -1.56250
vt 1.12179 -1.58226
vt 1.11450 -1.59717
vt 1.10669 -1.60669
vt 1.09717 -1.61450
vt 1.08226 -1.62179
vt 1.06250 -1.62500
vt 1.04274 -1.62179
vt 1.02783 -1.61450
vt 1.01831 -1.60669
vt 1.01050 -1.59717
vt 1.00321 -1.58226
vt 1.00000 -1.56250
vt 1.00321 -1.54274
vt 1.01050 -1.52783
vt 1.01831 -1.51831
vt 1.02783 -1.51050
vt 1.04274 -1.50321
vt 1.06250 -1.50000
vt 1.08226 -1.50321
vt 1.09717 -1.51050
vt 1.25000 -1.50000
vt 1.00000 -1.50000
vt 1.25000 -1.52083
vt 1.00000 -1.52083
vt 1.25000 -1.54167
vt 1.00000 -1.54167
vt 1.25000 -1.56250
vt 1.25000 -1.58333
vt 1.00000 -1.58333
vt 1.25000 -1.60417
vt 1.00000 -1.60417
vt 1.25000 -1.62500
vt 1.00000 -1.62500
vt 5.81250 -4.56250
vt 5.86450 -4.52783
vt 5.85669 -4.51831
vt 5.87179 -4.54274
vt 5.87500 -4.56250
vt 5.87179 -4.58226
vt 5.86450 -4.59717
vt 5.85669 -4.60669
vt 5.84717 -4.61450
vt 5.83226 -4.62179
vt 5.81250 -4.62500
vt 5.79274 -4.62179
vt 5.77783 -4.61450
vt 5.76831 -4.60669
vt 5.76050 -4.59717
vt 5.75321 -4.58226
vt 5.75000 -4.56250
vt 5.75321 -4.54274
vt 5.76050 -4.52783
vt 5.76831 -4.51831
vt 5.77783 -4.51050
vt 5.79274 -4.50321
vt 5.81250 -4.50000
vt 5.83226 -4.50321
vt 5.84717 -4.51050
vt 6.00000 -4.50000
vt 5.75000 -4.50000
vt 6.00000 -4.52083
vt 5.75000 -4.52083
vt 6.00000 -4.54167
vt 5.75000 -4.54167
vt 6.00000 -4.56250
vt 6.00000 -4.58333
vt 5.75000 -4.58333
vt 6.00000 -4.60417
vt 5.75000 -4.60417
vt 6.00000 -4.62500
vt 5.75000 -4.62500
vt 5.37500 0.75000
vt 5.25000 0.75000
vt 5.37500 0.25000
vt 5.25000 0.25000
vt 5.50000 0.75000
vt 5.50000 0.62500
vt 5.25000 0.62500
vt 5.50000 0.25000
vt 2.37500 -5.50000
vt 2.25000 -5.50000
vt 2.75000 -5.50000
vt 2.75000 -5.62500
vt 2.25000 -5.62500
vt 2.75000 -6.50000
vt 1.37500 -0.25000
vt 1.25000 -0.25000
vt 2.25000 -0.25000
vt 2.25000 -0.37500
vt 1.25000 -0.37500
vt 2.25000 -0.62500
vt 1.37500 -1.12500
vt 1.47901 -1.05566
vt 1.46339 -1.03661
vt 1.49359 -1.08547
vt 1.50000 -1.12500
vt 1.49359 -1.16453
vt 1.47901 -1.19434
vt 1.46339 -1.21339
vt 1.44434 -1.22901
vt 1.41453 -1.24359
vt 1.37500 -1.25000
vt 1.33547 -1.24359
vt 1.30566 -1.22901
vt 1.28661 -1.21339
vt 1.27099 -1.19434
vt 1.25641 -1.16453
vt 1.25000 -1.12500
vt 1.25641 -1.08547
vt 1.27099 -1.05566
vt 1.28661 -1.03661
vt 1.30566 -1.02099
vt 1.33547 -1.00641
vt 1.37500 -1.00000
vt 1.41453 -1.00641
vt 1.44434 -1.02099
vt 1.25000 -1.00000
vt 1.37500 -1.04167
vt 1.25000 -1.04167
vt 1.37500 -1.08333
vt 1.25000 -1.08333
vt 1.37500 -1.16667
vt 1.25000 -1.16667
vt 1.37500 -1.20833
vt 1.25000 -1.20833
vt 1.25000 -1.25000
vt 3.62500 -3.87500
vt 3.72901 -3.80566
vt 3.71339 -3.78661
vt 3.74359 -3.83547
vt 3.75000 -3.87500
vt 3.74359 -3.91453
vt 3.72901 -3.94434
vt 3.71339 -3.96339
vt 3.69434 -3.97901
vt 3.66453 -3.99359
vt 3.62500 -4.00000
vt 3.58547 -3.99359
vt 3.55566 -3.97901
vt 3.53661 -3.96339
vt 3.52099 -3.94434
vt 3.50641 -3.91453
vt 3.50000 -3.87500
vt 3.50641 -3.83547
vt 3.52099 -3.80566
vt 3.53661 -3.78661
vt 3.55566 -3.77099
vt 3.58547 -3.75641
vt 3.66453 -3.75641
vt 3.69434 -3.77099
vt 3.62500 -3.79167
vt 3.50000 -3.79167
vt 3.62500 -3.83333
vt 3.50000 -3.83333
vt 3.62500 -3.91667
vt 3.50000 -3.91667
vt 3.62500 -3.95833
vt 3.50000 -3.95833
vt 3.50000 -4.00000
vt 2.37500 -5.12500
vt 2.47901 -5.05566
vt 2.46339 -5.03661
vt 2.49359 -5.08547
vt 2.50000 -5.12500
vt 2.49359 -5.16453
vt 2.47901 -5.19434
vt 2.46339 -5.21339
vt 2.44434 -5.22901
vt 2.41453 -5.24359
vt 2.37500 -5.25000
vt 2.33547 -5.24359
vt 2.30566 -5.22901
vt 2.28661 -5.21339
vt 2.27099 -5.19434
vt 2.25641 -5.16453
vt 2.25000 -5.12500
vt 2.25641 -5.08547
vt 2.27099 -5.05566
vt 2.28661 -5.03661
vt 2.30566 -5.02099
vt 2.33547 -5.00641
vt 2.37500 -5.00000
vt 2.41453 -5.00641
vt 2.44434 -5.02099
vt 2.25000 -5.00000
vt 2.37500 -5.04167
vt 2.25000 -5.04167
vt 2.37500 -5.08333
vt 2.25000 -5.08333
vt 2.37500 -5.16667
vt 2.25000 -5.16667
vt 2.37500 -5.20833
vt 2.25000 -5.20833
vt 2.25000 -5.25000
vt 4.12500 0.00000
vt 4.00000 0.00000
vt 4.12500 -0.50000
vt 4.00000 -0.50000
vt 4.12500 -0.12500
vt 4.00000 -0.12500
vt 6.62500 -0.62500
vt 6.72901 -0.55566
vt 6.71339 -0.53661
vt 6.74359 -0.58547
vt 6.75000 -0.62500
vt 6.74359 -0.66453
vt 6.72901 -0.69434
vt 6.71339 -0.71339
vt 6.69434 -0.72901
vt 6.66453 -0.74358
vt 6.62500 -0.75000
vt 6.58547 -0.74358
vt 6.55566 -0.72901
vt 6.53661 -0.71339
vt 6.52099 -0.69434
vt 6.50641 -0.66453
vt 6.50000 -0.62500
vt 6.50641 -0.58547
vt 6.52099 -0.55566
vt 6.53661 -0.53661
vt 6.55566 -0.52099
vt 6.58547 -0.50641
vt 6.62500 -0.50000
vt 6.66453 -0.50641
vt 6.69434 -0.52099
vt 6.50000 -0.50000
vt 6.62500 -0.54167
vt 6.50000 -0.54167
vt 6.62500 -0.58333
vt 6.50000 -0.58333
vt 6.62500 -0.66667
vt 6.50000 -0.66667
vt 6.62500 -0.70833
vt 6.50000 -0.70833
vt 6.50000 -0.75000
vt 4.87500 -5.50000
vt 4.75000 -5.50000
vt 4.87500 -6.00000
vt 4.75000 -6.00000
vt 4.87500 -5.62500
vt 4.75000 -5.62500
vt 1.62500 -3.12500
vt 1.93702 -2.91699
vt 1.89016 -2.85983
vt 1.98076 -3.00641
vt 2.00000 -3.12500
vt 1.98076 -3.24359
vt 1.93702 -3.33301
vt 1.89016 -3.39016
vt 1.83301 -3.43702
vt 1.74359 -3.48076
vt 1.62500 -3.50000
vt 1.50641 -3.48076
vt 1.41699 -3.43702
vt 1.35983 -3.39016
vt 1.31298 -3.33301
vt 1.26924 -3.24359
vt 1.25000 -3.12500
vt 1.26924 -3.00641
vt 1.31298 -2.91699
vt 1.35983 -2.85983
vt 1.41699 -2.81298
vt 1.50641 -2.76924
vt 1.62500 -2.75000
vt 1.74359 -2.76924
vt 1.83301 -2.81298
vt 2.00000 -2.75000
vt 1.25000 -2.75000
vt 2.00000 -2.87500
vt 1.25000 -2.87500
vt 2.00000 -3.00000
vt 1.25000 -3.00000
vt 2.00000 -3.25000
vt 1.25000 -3.25000
vt 2.00000 -3.37500
vt 1.25000 -3.37500
vt 2.00000 -3.50000
vt 1.25000 -3.50000
vt 4.00000 -5.50000
vt 3.50000 -5.50000
vt 4.00000 -6.00000
vt 3.50000 -6.00000
vt 8.00000 -1.25000
vt 7.25000 -1.25000
vt 8.00000 -2.00000
vt 7.25000 -2.00000
vt 4.00000 -3.50000
vt 4.20801 -3.36132
vt 4.17678 -3.32322
vt 4.23717 -3.42094
vt 4.25000 -3.50000
vt 4.23717 -3.57906
vt 4.20801 -3.63867
vt 4.17678 -3.67678
vt 4.13867 -3.70801
vt 4.07906 -3.73717
vt 4.00000 -3.75000
vt 3.92094 -3.73717
vt 3.86132 -3.70801
vt 3.82322 -3.67678
vt 3.79199 -3.63867
vt 3.76283 -3.57906
vt 3.76283 -3.42094
vt 3.79199 -3.36132
vt 3.82322 -3.32322
vt 3.86132 -3.29199
vt 3.92094 -3.26283
vt 4.00000 -3.25000
vt 4.07906 -3.26283
vt 4.13867 -3.29199
vt 3.75000 -3.25000
vt 4.62500 -3.33333
vt 3.75000 -3.33333
vt 4.62500 -3.41667
vt 3.75000 -3.41667
vt 4.62500 -3.50000
vt 4.62500 -3.58333
vt 3.75000 -3.58333
vt 4.62500 -3.66667
vt 3.75000 -3.66667
vt 4.62500 -3.75000
vt 3.70801 -5.86132
vt 3.67678 -5.82322
vt 3.73717 -5.92094
vt 3.75000 -6.00000
vt 3.73717 -6.07906
vt 3.70801 -6.13867
vt 3.67678 -6.17678
vt 3.63867 -6.20801
vt 3.57906 -6.23717
vt 3.50000 -6.25000
vt 3.42094 -6.23717
vt 3.36132 -6.20801
vt 3.32322 -6.17678
vt 3.29199 -6.13867
vt 3.26283 -6.07906
vt 3.25000 -6.00000
vt 3.26283 -5.92094
vt 3.29199 -5.86132
vt 3.32322 -5.82322
vt 3.36132 -5.79199
vt 3.42094 -5.76283
vt 3.50000 -5.75000
vt 3.57906 -5.76283
vt 3.63867 -5.79199
vt 3.25000 -5.75000
vt 3.50000 -5.83333
vt 3.25000 -5.83333
vt 3.50000 -5.91667
vt 3.25000 -5.91667
vt 3.50000 -6.08333
vt 3.25000 -6.08333
vt 3.50000 -6.16667
vt 3.25000 -6.16667
vt 3.25000 -6.25000
vt 2.95801 -4.61132
vt 2.92678 -4.57322
vt 2.98717 -4.67094
vt 3.00000 -4.75000
vt 2.98717 -4.82906
vt 2.95801 -4.88867
vt 2.92678 -4.92678
vt 2.88867 -4.95801
vt 2.82906 -4.98717
vt 2.67094 -4.98717
vt 2.61132 -4.95801
vt 2.57322 -4.92678
vt 2.54199 -4.88867
vt 2.51283 -4.82906
vt 2.51283 -4.67094
vt 2.54199 -4.61132
vt 2.57322 -4.57322
vt 2.61132 -4.54199
vt 2.67094 -4.51283
vt 2.75000 -4.50000
vt 2.82906 -4.51283
vt 2.88867 -4.54199
vt 2.50000 -4.50000
vt 2.75000 -4.58333
vt 2.50000 -4.58333
vt 2.75000 -4.66667
vt 2.50000 -4.66667
vt 2.75000 -4.83333
vt 2.50000 -4.83333
vt 2.75000 -4.91667
vt 2.50000 -4.91667
vt 4.50000 0.25000
vt 4.00000 0.25000
vt 4.50000 -0.25000
vt 4.00000 -0.25000
vt 4.25000 0.25000
vt 4.25000 -0.25000
vt 1.00000 0.50000
vt 1.00000 0.00000
vt 0.50000 0.00000
vt 0.75000 0.00000
vt 7.43750 -0.18750
vt 7.59351 -0.08349
vt 7.57008 -0.05492
vt 7.61538 -0.12821
vt 7.62500 -0.18750
vt 7.61538 -0.24679
vt 7.59351 -0.29151
vt 7.57008 -0.32008
vt 7.54151 -0.34351
vt 7.49679 -0.36538
vt 7.43750 -0.37500
vt 7.37821 -0.36538
vt 7.33349 -0.34351
vt 7.30492 -0.32008
vt 7.28149 -0.29151
vt 7.25962 -0.24679
vt 7.25000 -0.18750
vt 7.25962 -0.12821
vt 7.28149 -0.08349
vt 7.30492 -0.05492
vt 7.33349 -0.03149
vt 7.37821 -0.00962
vt 7.43750 0.00000
vt 7.49679 -0.00962
vt 7.54151 -0.03149
vt 8.00000 0.00000
vt 8.00000 -0.06250
vt 7.25000 -0.06250
vt 8.00000 -0.12500
vt 8.00000 -0.18750
vt 8.00000 -0.31250
vt 7.25000 -0.31250
vt 8.00000 -0.37500
vt 7.25000 -0.37500
vt 6.87500 -2.12500
vt 7.18702 -1.91699
vt 7.14016 -1.85983
vt 7.23076 -2.00641
vt 7.25000 -2.12500
vt 7.23076 -2.24359
vt 7.18702 -2.33301
vt 7.14016 -2.39016
vt 7.08301 -2.43702
vt 6.99359 -2.48076
vt 6.87500 -2.50000
vt 6.75641 -2.48076
vt 6.66699 -2.43702
vt 6.60983 -2.39016
vt 6.56298 -2.33301
vt 6.51924 -2.24359
vt 6.50000 -2.12500
vt 6.51924 -2.00641
vt 6.56298 -1.91699
vt 6.60984 -1.85983
vt 6.66699 -1.81298
vt 6.60983 -1.85983
vt 6.75641 -1.76924
vt 6.87500 -1.75000
vt 6.99359 -1.76924
vt 7.08301 -1.81298
vt 7.75000 -1.75000
vt 6.50000 -1.75000
vt 7.75000 -1.87500
vt 6.50000 -1.87500
vt 7.75000 -2.00000
vt 6.50000 -2.00000
vt 7.75000 -2.12500
vt 7.75000 -2.25000
vt 6.50000 -2.25000
vt 7.75000 -2.37500
vt 6.50000 -2.37500
vt 7.75000 -2.50000
vt 6.50000 -2.50000
vt 6.87500 -0.25000
vt 6.00000 -0.25000
vt 6.87500 -0.37500
vt 6.00000 -0.37500
vt 6.87500 -1.12500
vt 6.00000 -1.12500
vt 7.00000 -1.50000
vt 6.25000 -1.50000
vt 7.00000 -2.25000
vt 6.25000 -2.25000
vt 7.25000 -1.50000
vt 7.25000 -2.25000
vt 1.00000 -6.75000
vt 1.25000 -7.00000
vt 1.00000 -7.00000
vt 1.25000 -6.75000
vt 1.25000 -7.10355
vt 1.00000 -7.10355
vt 7.25000 -1.00000
vt 7.37500 -1.12500
vt 7.25000 -1.12500
vt 7.87500 -1.00000
vt 7.87500 -1.12500
vt 7.37500 -1.00000
vt 7.87500 -1.17678
vt 7.25000 -1.17678
vt 0.25000 0.75000
vt 0.25000 0.62500
vt 1.12500 0.75000
vt 1.12500 0.25000
vt 0.25000 0.25000
vt 1.12500 0.62500
vt 5.87500 -4.62500
vt 6.62500 -4.50000
vt 6.62500 -4.62500
vt 5.87500 -4.50000
vt 6.62500 -4.67678
vt 5.75000 -4.67678
vt 7.50000 -4.50000
vt 7.75000 -4.75000
vt 7.50000 -4.75000
vt 7.75000 -4.50000
vt 7.75000 -4.85355
vt 7.50000 -4.85355
vt 4.00000 -1.75000
vt 4.00000 -2.12500
vt 5.00000 -2.75000
vt 4.00000 -2.75000
vt 1.37500 -5.75000
vt 1.25000 -5.75000
vt 1.37500 -6.00000
vt 1.25000 -6.00000
vt 2.12500 -5.75000
vt 2.12500 -5.87500
vt 1.25000 -5.87500
vt 2.12500 -6.00000
vt 6.62500 -2.00000
vt 6.62500 -2.12500
vt 0.87500 -1.50000
vt 0.87500 -1.62500
vt 0.75000 -1.62500
vt 7.25000 -5.50000
vt 7.00000 -5.50000
vt 7.25000 -5.75000
vt 6.62500 -6.50000
vt 6.50000 -6.50000
vt 6.62500 -6.62500
vt 6.50000 -6.62500
vt 4.20801 -5.36132
vt 4.17678 -5.32322
vt 4.23717 -5.42094
vt 4.25000 -5.50000
vt 4.23717 -5.57906
vt 4.20801 -5.63867
vt 4.17678 -5.67678
vt 4.13867 -5.70801
vt 4.07906 -5.73717
vt 4.00000 -5.75000
vt 3.92094 -5.73717
vt 3.86132 -5.70801
vt 3.82322 -5.67678
vt 3.79199 -5.63867
vt 3.76283 -5.57906
vt 3.75000 -5.50000
vt 3.76283 -5.42094
vt 3.79199 -5.36132
vt 3.82322 -5.32322
vt 3.86132 -5.29199
vt 3.92094 -5.26283
vt 4.00000 -5.25000
vt 4.07906 -5.26283
vt 4.13867 -5.29199
vt 5.25000 -5.25000
vt 3.75000 -5.25000
vt 5.25000 -5.33333
vt 3.75000 -5.33333
vt 5.25000 -5.41667
vt 3.75000 -5.41667
vt 5.25000 -5.50000
vt 5.25000 -5.58333
vt 3.75000 -5.58333
vt 5.25000 -5.66667
vt 3.75000 -5.66667
vt 5.25000 -5.75000
vt 4.25000 -3.25000
vt 4.50000 -3.50000
vt 0.62500 -2.50000
vt 0.50000 -2.50000
vt 0.62500 -2.62500
vt 0.50000 -2.62500
vt 4.37500 -0.50000
vt 4.25000 -0.50000
vt 4.37500 -0.62500
vt 4.25000 -0.62500
vt 6.50000 -6.25000
vt 6.62500 -6.37500
vt 6.50000 -6.37500
vt 6.62500 -6.25000
vt 6.62500 -6.42678
vt 6.50000 -6.42678
vt 6.62500 -1.87500
vt 6.62500 -1.75000
vt 6.62500 -1.92678
vt 6.50000 -1.92678
vt 0.78180 1.35811
vt 0.40680 1.35811
vt 0.78180 1.23311
vt 0.40680 1.23311
vt 1.15680 1.35811
vt 1.15680 0.98311
vt 0.40680 0.98311
vt 1.15680 1.23311
vt 4.25000 -0.35355
vt 4.00000 -0.35355
vt 6.75000 -0.25000
vt 7.00000 -0.50000
vt 6.75000 -0.50000
vt 7.00000 -0.25000
vt 7.00000 -0.60355
vt 6.75000 -0.60355
vt 7.12500 -0.50000
vt 7.12500 -0.25000
vt 7.12500 -0.62500
vt 7.12500 -0.70069
vt 6.75000 -0.70069
vt 3.25000 -4.25000
vt 3.50000 -4.50000
vt 3.25000 -4.50000
vt 3.50000 -4.25000
vt 3.50000 -4.60355
vt 3.25000 -4.60355
vt 6.25000 0.00000
vt 6.00000 0.00000
vt 6.25000 -0.25000
vt 1.75000 -4.00000
vt 1.50000 -4.00000
vt 1.75000 -4.25000
vt 1.50000 -4.25000
vt 6.25000 -3.75000
vt 6.00000 -3.75000
vt 6.25000 -4.00000
vt 6.00000 -4.00000
vt 2.50000 -5.75000
vt 2.25000 -5.75000
vt 2.50000 -6.00000
vt 2.25000 -6.00000
vt 2.25000 -1.00000
vt 2.00000 -1.00000
vt 2.25000 -1.25000
vt 2.00000 -1.25000
vt 2.00000 -5.75000
vt 1.75000 -5.75000
vt 5.00000 -5.25000
vt 5.00000 -5.50000
vt 4.62500 -5.25000
vt 4.62500 -6.50000
vt 3.75000 -6.50000
vt 4.62500 -5.50000
vt 8.50000 -2.25000
vt 8.50000 -2.50000
vt 8.62500 -2.25000
vt 8.62500 -3.00000
vt 7.75000 -3.00000
vt 8.62500 -2.50000
vt 2.50000 -2.50000
vt 3.37500 -2.50000
vt 3.37500 -2.75000
vt 2.75000 -2.50000
vt 3.37500 -2.85355
vt 2.50000 -2.85355
vt 0.25000 -0.75000
vt 0.50000 -1.00000
vt 0.25000 -1.00000
vt 0.37500 -0.75000
vt 0.37500 -1.00000
vt 0.50000 -0.75000
vt 0.37500 -1.10355
vt 0.25000 -1.10355
vt 6.50000 -4.00000
vt 6.75000 -4.25000
vt 6.50000 -4.25000
vt 6.75000 -4.00000
vt 6.75000 -4.35355
vt 6.50000 -4.35355
vt 1.00000 0.25000
vt 0.75000 0.25000
vt 1.00000 0.14645
vt 0.75000 0.14645
vt 3.87500 -3.50000
vt 3.87500 -3.75000
vt 3.87500 -3.85355
vt 3.75000 -3.85355
vt 5.50000 -0.50000
vt 5.75000 -0.62500
vt 5.50000 -0.62500
vt 5.62500 -0.50000
vt 5.62500 -0.62500
vt 5.75000 -0.50000
vt 5.62500 -0.75000
vt 5.50000 -0.75000
vt 5.62500 -0.77951
vt 5.50000 -0.77951
vt 4.00000 -5.00000
vt 4.12500 -5.12500
vt 4.00000 -5.12500
vt 4.12500 -5.00000
vt 4.12500 -5.17678
vt 4.00000 -5.17678
vt 5.87500 -4.75000
vt 5.75000 -4.75000
vt 6.00000 -4.75000
vt 5.37500 -6.75000
vt 5.25000 -6.75000
vt 5.37500 -6.87500
vt 5.25000 -6.87500
vt 5.37500 -5.00000
vt 5.25000 -5.00000
vt 5.37500 -5.12500
vt 5.25000 -5.12500
vt 0.75000 -6.25000
vt 0.50000 -6.25000
vt 0.75000 -6.37500
vt 0.50000 -6.37500
vt 0.62500 -6.25000
vt 0.62500 -6.37500
vt 1.37500 -4.25000
vt 1.25000 -4.25000
vt 1.37500 -4.50000
vt 1.25000 -4.50000
vt 1.50000 -4.37500
vt 1.25000 -4.37500
vt 3.37500 -5.62500
vt 3.47901 -5.55566
vt 3.46339 -5.53661
vt 3.49359 -5.58547
vt 3.50000 -5.62500
vt 3.49359 -5.66453
vt 3.47901 -5.69434
vt 3.46339 -5.71339
vt 3.44434 -5.72901
vt 3.41453 -5.74359
vt 3.37500 -5.75000
vt 3.33547 -5.74359
vt 3.30566 -5.72901
vt 3.28661 -5.71339
vt 3.27099 -5.69434
vt 3.25641 -5.66453
vt 3.25000 -5.62500
vt 3.25641 -5.58547
vt 3.27099 -5.55566
vt 3.28661 -5.53661
vt 3.30566 -5.52099
vt 3.33547 -5.50641
vt 3.37500 -5.50000
vt 3.41453 -5.50641
vt 3.44434 -5.52099
vt 3.25000 -5.50000
vt 3.37500 -5.54167
vt 3.25000 -5.54167
vt 3.37500 -5.58333
vt 3.25000 -5.58333
vt 3.37500 -5.66667
vt 3.25000 -5.66667
vt 3.37500 -5.70833
vt 3.25000 -5.70833
vt 6.37500 -6.37500
vt 6.47901 -6.30566
vt 6.46339 -6.28661
vt 6.49359 -6.33547
vt 6.49359 -6.41453
vt 6.47901 -6.44434
vt 6.46339 -6.46339
vt 6.44434 -6.47901
vt 6.41453 -6.49359
vt 6.37500 -6.50000
vt 6.33547 -6.49359
vt 6.30566 -6.47901
vt 6.28661 -6.46339
vt 6.27099 -6.44434
vt 6.25641 -6.41453
vt 6.25000 -6.37500
vt 6.25641 -6.33547
vt 6.27099 -6.30566
vt 6.28661 -6.28661
vt 6.30566 -6.27099
vt 6.33547 -6.25641
vt 6.41453 -6.25641
vt 6.44434 -6.27099
vt 6.50000 -6.29167
vt 6.25000 -6.29167
vt 6.50000 -6.33333
vt 6.25000 -6.33333
vt 6.50000 -6.41667
vt 6.25000 -6.41667
vt 6.50000 -6.45833
vt 6.25000 -6.45833
vt 6.25000 -6.50000
vt 7.87500 -2.62500
vt 7.97901 -2.55566
vt 7.96339 -2.53661
vt 7.99359 -2.58547
vt 8.00000 -2.62500
vt 7.99359 -2.66453
vt 7.97901 -2.69434
vt 7.96339 -2.71339
vt 7.94434 -2.72901
vt 7.91453 -2.74359
vt 7.87500 -2.75000
vt 7.83547 -2.74359
vt 7.80566 -2.72901
vt 7.78661 -2.71339
vt 7.77099 -2.69434
vt 7.75641 -2.66453
vt 7.75000 -2.62500
vt 7.75641 -2.58547
vt 7.77099 -2.55566
vt 7.78661 -2.53661
vt 7.80566 -2.52099
vt 7.83547 -2.50641
vt 7.87500 -2.50000
vt 7.91453 -2.50641
vt 7.94434 -2.52099
vt 8.00000 -2.50000
vt 8.00000 -2.54167
vt 7.75000 -2.54167
vt 8.00000 -2.58333
vt 7.75000 -2.58333
vt 8.00000 -2.66667
vt 7.75000 -2.66667
vt 8.00000 -2.70833
vt 7.75000 -2.70833
vt 8.00000 -2.75000
vt 7.75000 -2.75000
vt 4.75000 -6.50000
vt 4.75000 -6.62500
vt 4.50000 -6.62500
vt 4.62500 -6.62500
vt 0.93750 -2.18750
vt 1.09351 -2.08349
vt 1.07008 -2.05492
vt 1.11538 -2.12821
vt 1.12500 -2.18750
vt 1.11538 -2.24679
vt 1.09351 -2.29151
vt 1.07008 -2.32008
vt 1.04151 -2.34351
vt 0.99679 -2.36538
vt 0.93750 -2.37500
vt 0.87821 -2.36538
vt 0.83349 -2.34351
vt 0.80492 -2.32008
vt 0.78149 -2.29151
vt 0.75962 -2.24679
vt 0.75000 -2.18750
vt 0.75962 -2.12821
vt 0.78149 -2.08349
vt 0.80492 -2.05492
vt 0.83349 -2.03149
vt 0.87821 -2.00962
vt 0.93750 -2.00000
vt 0.99679 -2.00962
vt 1.04151 -2.03149
vt 0.87500 -2.00000
vt 0.75000 -2.00000
vt 0.87500 -2.06250
vt 0.75000 -2.06250
vt 0.87500 -2.12500
vt 0.75000 -2.12500
vt 0.87500 -2.18750
vt 0.87500 -2.25000
vt 0.75000 -2.25000
vt 0.87500 -2.31250
vt 0.75000 -2.31250
vt 0.87500 -2.37500
vt 0.75000 -2.37500
vt 7.62500 -5.87500
vt 7.72901 -5.80566
vt 7.71339 -5.78661
vt 7.74359 -5.83547
vt 7.75000 -5.87500
vt 7.74359 -5.91453
vt 7.72901 -5.94434
vt 7.71339 -5.96339
vt 7.69434 -5.97901
vt 7.66453 -5.99359
vt 7.62500 -6.00000
vt 7.58547 -5.99359
vt 7.55566 -5.97901
vt 7.53661 -5.96339
vt 7.52099 -5.94434
vt 7.50641 -5.91453
vt 7.50000 -5.87500
vt 7.50641 -5.83547
vt 7.52099 -5.80566
vt 7.53661 -5.78661
vt 7.55566 -5.77099
vt 7.58547 -5.75641
vt 7.62500 -5.75000
vt 7.66453 -5.75641
vt 7.69434 -5.77099
vt 7.50000 -5.75000
vt 7.62500 -5.79167
vt 7.50000 -5.79167
vt 7.62500 -5.83333
vt 7.50000 -5.83333
vt 7.62500 -5.91667
vt 7.50000 -5.91667
vt 7.62500 -5.95833
vt 7.50000 -5.95833
vt 7.50000 -6.00000
vt 6.37500 -2.00000
vt 6.00000 -2.00000
vt 6.37500 -2.25000
vt 6.00000 -2.25000
vt 6.25000 -2.00000
vt 6.25000 -2.37500
vt 6.00000 -2.37500
vt 2.62500 -2.75000
vt 2.62500 -3.12500
vt 2.50000 -3.12500
vt 2.75000 -2.87500
vt 2.50000 -2.87500
vt 2.75000 -3.12500
vt 1.87500 -1.87500
vt 1.97901 -1.80566
vt 1.96339 -1.78661
vt 1.99359 -1.83547
vt 2.00000 -1.87500
vt 1.99359 -1.91453
vt 1.97901 -1.94434
vt 1.96339 -1.96339
vt 1.94434 -1.97901
vt 1.91453 -1.99359
vt 1.87500 -2.00000
vt 1.83547 -1.99359
vt 1.80566 -1.97901
vt 1.78661 -1.96339
vt 1.77099 -1.94434
vt 1.75641 -1.91453
vt 1.75000 -1.87500
vt 1.75641 -1.83547
vt 1.77099 -1.80566
vt 1.78661 -1.78661
vt 1.80566 -1.77099
vt 1.83547 -1.75641
vt 1.87500 -1.75000
vt 1.91453 -1.75641
vt 1.94434 -1.77099
vt 1.75000 -1.75000
vt 1.87500 -1.79167
vt 1.75000 -1.79167
vt 1.87500 -1.83333
vt 1.75000 -1.83333
vt 1.87500 -1.91667
vt 1.75000 -1.91667
vt 1.87500 -1.95833
vt 1.75000 -1.95833
vt 1.75000 -2.00000
vt 2.87500 -6.25000
vt 2.50000 -6.25000
vt 2.87500 -7.00000
vt 3.25000 -6.62500
vt 2.50000 -6.62500
vt 3.25000 -7.00000
vt 2.37500 -0.75000
vt 1.75000 -0.75000
vt 2.37500 -1.50000
vt 1.75000 -1.50000
vt 2.75000 -0.75000
vt 2.75000 -1.37500
vt 1.75000 -1.37500
vt 2.75000 -1.50000
vt 3.37500 -4.00000
vt 3.25000 -4.00000
vt 3.37500 -4.25000
vt 3.50000 -4.12500
vt 3.25000 -4.12500
vt 1.50000 -6.00000
vt 1.50000 -6.50000
vt 1.25000 -6.50000
vt 1.62500 -6.00000
vt 1.62500 -6.25000
vt 1.25000 -6.25000
vt 1.62500 -6.50000
vt 5.12500 0.75000
vt 4.75000 0.75000
vt 5.12500 0.25000
vt 4.75000 0.25000
vt 5.25000 0.37500
vt 2.62500 -6.00000
vt 2.62500 -6.25000
vt 2.75000 -6.00000
vt 2.75000 -6.12500
vt 2.50000 -6.12500
vt 2.75000 -6.25000
vt 0.37500 0.50000
vt 0.25000 0.50000
vt 0.37500 0.25000
vt 0.50000 0.37500
vt 0.25000 0.37500
vt 0.50000 0.25000
vt 4.12500 -4.50000
vt 4.00000 -4.50000
vt 4.12500 -4.75000
vt 4.00000 -4.75000
vt 4.25000 -4.50000
vt 4.25000 -4.62500
vt 4.00000 -4.62500
vt 4.25000 -4.75000
vt 4.50000 -5.25000
vt 4.62500 -6.00000
vt 4.50000 -6.00000
vt 5.50000 -5.37500
vt 4.50000 -5.37500
vt 5.50000 -6.00000
vt 4.87500 -6.25000
vt 4.75000 -6.25000
vt 5.50000 -5.50000
vt 5.50000 -5.62500
vt 5.50000 -6.25000
vt 5.25000 -2.25000
vt 5.45801 -2.11132
vt 5.42678 -2.07322
vt 5.48717 -2.17094
vt 5.50000 -2.25000
vt 5.48717 -2.32906
vt 5.45801 -2.38867
vt 5.42678 -2.42678
vt 5.38867 -2.45801
vt 5.32906 -2.48717
vt 5.25000 -2.50000
vt 5.17094 -2.48717
vt 5.11132 -2.45801
vt 5.07322 -2.42678
vt 5.04199 -2.38867
vt 5.01283 -2.32906
vt 5.00000 -2.25000
vt 5.01283 -2.17094
vt 5.04199 -2.11132
vt 5.07322 -2.07322
vt 5.11132 -2.04199
vt 5.17094 -2.01283
vt 5.25000 -2.00000
vt 5.32906 -2.01283
vt 5.38867 -2.04199
vt 5.00000 -2.00000
vt 5.25000 -2.08333
vt 5.00000 -2.08333
vt 5.25000 -2.16667
vt 5.00000 -2.16667
vt 5.25000 -2.33333
vt 5.00000 -2.33333
vt 5.25000 -2.41667
vt 5.00000 -2.41667
vt 5.00000 -2.50000
vt 7.75000 0.00000
vt 7.75000 -0.50000
vt 7.25000 -0.50000
vt 7.50000 0.00000
vt 7.50000 -0.50000
vt 1.25000 -4.00000
vt 0.75000 -4.00000
vt 1.00000 -4.00000
vt 5.00000 0.50000
vt 5.20801 0.63868
vt 5.17678 0.67678
vt 5.23717 0.57906
vt 5.25000 0.50000
vt 5.23717 0.42094
vt 5.20801 0.36132
vt 5.17678 0.32322
vt 5.13867 0.29199
vt 5.07906 0.26283
vt 5.00000 0.25000
vt 4.92094 0.26283
vt 4.86132 0.29199
vt 4.82322 0.32322
vt 4.79199 0.36132
vt 4.76283 0.42094
vt 4.76283 0.57906
vt 4.79199 0.63868
vt 4.82322 0.67678
vt 4.86132 0.70801
vt 4.92094 0.73717
vt 5.00000 0.75000
vt 5.07906 0.73717
vt 5.13867 0.70801
vt 5.00000 0.66667
vt 4.75000 0.66667
vt 5.00000 0.58333
vt 4.75000 0.58333
vt 5.00000 0.41667
vt 4.75000 0.41667
vt 5.00000 0.33333
vt 4.75000 0.33333
vt 5.93750 -3.18750
vt 6.09351 -3.08349
vt 6.07008 -3.05492
vt 6.11538 -3.12821
vt 6.12500 -3.18750
vt 6.11538 -3.24679
vt 6.09351 -3.29151
vt 6.07008 -3.32008
vt 6.04151 -3.34351
vt 5.99679 -3.36538
vt 5.93750 -3.37500
vt 5.87821 -3.36538
vt 5.83349 -3.34351
vt 5.80492 -3.32008
vt 5.78149 -3.29151
vt 5.75962 -3.24679
vt 5.75000 -3.18750
vt 5.75962 -3.12821
vt 5.78149 -3.08349
vt 5.80492 -3.05492
vt 5.83349 -3.03149
vt 5.87821 -3.00962
vt 5.93750 -3.00000
vt 5.99679 -3.00962
vt 6.04151 -3.03149
vt 6.50000 -3.06250
vt 5.75000 -3.06250
vt 6.50000 -3.18750
vt 6.50000 -3.31250
vt 5.75000 -3.31250
vt 6.50000 -3.37500
vt 2.50000 0.25000
vt 2.25000 0.25000
vt 2.50000 0.00000
vt 2.25000 0.00000
vt 3.75000 0.75000
vt 3.50000 0.75000
vt 3.75000 0.50000
vt 3.50000 0.50000
vt 0.50000 -4.00000
vt 0.25000 -4.00000
vt 0.50000 -4.25000
vt 0.25000 -4.25000
vt 1.75000 -3.75000
vt 2.12500 -4.00000
vt 2.12500 -3.75000
vt 2.12500 -4.12500
vt 1.75000 -4.12500
vt 2.12500 -4.20069
vt 1.75000 -4.20069
vt 3.50000 -2.75000
vt 3.50000 -3.00000
vt 5.00000 -6.25000
vt 5.00000 -6.00000
vt 5.00000 -6.35355
vt 4.75000 -6.35355
vt 7.00000 -0.75000
vt 6.75000 -0.75000
vt 0.25000 -6.50000
vt 0.25000 -6.75000
vt 0.50000 -6.85355
vt 0.25000 -6.85355
vt 4.50000 -6.25000
vt 4.25000 -6.25000
vt 7.00000 -6.50000
vt 7.25000 -6.75000
vt 7.00000 -6.75000
vt 7.25000 -6.50000
vt 7.25000 -6.85355
vt 7.00000 -6.85355
vt 5.00000 -4.00000
vt 5.25000 -4.25000
vt 5.00000 -4.25000
vt 5.87500 -4.00000
vt 5.87500 -4.25000
vt 5.25000 -4.00000
vt 5.87500 -4.35355
vt 5.00000 -4.35355
vt 8.12500 0.25000
vt 8.12500 -0.50000
vt 8.12500 0.00000
vt 4.75000 -2.75000
vt 4.75000 -3.00000
vt 4.37500 -2.75000
vt 4.37500 -3.00000
vt 3.75000 -0.25000
vt 3.75000 -0.50000
vt 7.87500 -3.75000
vt 7.50000 -3.75000
vt 7.87500 -4.25000
vt 7.50000 -4.25000
vt 7.87500 -4.12500
vt 7.50000 -4.12500
vt 6.75000 -3.25000
vt 6.75000 -3.50000
vt 6.75000 -3.75000
vt 5.75000 -6.12500
vt 5.50000 -6.12500
vt 6.00000 -6.00000
vt 6.00000 -6.25000
vt 6.00000 -6.12500
vt 3.25000 -6.75000
vt 3.25000 -7.25000
vt 2.75000 -7.25000
vt 4.75000 -4.50000
vt 4.75000 -4.75000
vt 4.75000 -5.00000
vt 1.62500 -5.50000
vt 1.25000 -5.50000
vt 1.62500 -5.87500
vt 3.00000 -6.00000
vt 3.25000 -6.12500
vt 3.00000 -6.12500
vt 4.00000 -6.25000
vt 3.00000 -6.25000
vt 4.00000 -6.12500
vt 1.75000 -3.00000
vt 1.87500 -3.00000
vt 1.87500 -3.25000
vt 1.75000 -3.25000
vt 1.87500 -4.25000
vt 3.50000 -0.50000
vt 4.00000 -1.00000
vt 3.50000 -1.00000
vt 5.00000 -0.50000
vt 5.00000 -1.00000
vt 3.00000 -2.25000
vt 2.75000 -2.25000
vt 3.00000 -3.50000
vt 2.75000 -3.50000
vt 2.87500 -2.25000
vt 2.87500 -2.50000
vt 2.87500 -3.50000
vt 1.00000 -2.50000
vt 1.00000 -2.75000
vt 1.25000 -2.50000
vt 1.50000 -2.85355
vt 1.00000 -2.85355
vt 2.75000 -1.25000
vt 2.50000 -1.25000
vt 2.50000 -1.50000
vt 3.00000 -1.25000
vt 3.00000 -1.50000
vt 8.50000 -5.00000
vt 7.50000 -5.00000
vt 8.50000 -6.25000
vt 7.50000 -6.25000
vt 8.75000 -5.00000
vt 8.75000 -6.00000
vt 8.75000 -6.25000
vt 0.62500 -5.50000
vt 0.25000 -5.50000
vt 0.62500 -5.62500
vt 0.25000 -5.62500
vt 0.62500 -5.87500
vt 0.25000 -5.87500
vt 4.50000 -3.75000
vt 4.50000 -4.00000
vt 0.12500 -5.62500
vt 0.22901 -5.55566
vt 0.21339 -5.53661
vt 0.24358 -5.58547
vt 0.24358 -5.66453
vt 0.22901 -5.69434
vt 0.21339 -5.71339
vt 0.19434 -5.72901
vt 0.16453 -5.74359
vt 0.08547 -5.74359
vt 0.05566 -5.72901
vt 0.03661 -5.71339
vt 0.02099 -5.69434
vt 0.00641 -5.66453
vt 0.00000 -5.62500
vt 0.00641 -5.58547
vt 0.02099 -5.55566
vt 0.03661 -5.53661
vt 0.05566 -5.52099
vt 0.08547 -5.50641
vt 0.12500 -5.50000
vt 0.16453 -5.50641
vt 0.19434 -5.52099
vt 0.00000 -5.50000
vt 0.12500 -5.54167
vt 0.00000 -5.54167
vt 0.12500 -5.58333
vt 0.00000 -5.58333
vt 0.12500 -5.66667
vt 0.00000 -5.66667
vt 0.12500 -5.70833
vt 0.00000 -5.70833
vt 6.37500 -0.87500
vt 6.47901 -0.80566
vt 6.46339 -0.78661
vt 6.49359 -0.83547
vt 6.50000 -0.87500
vt 6.49359 -0.91453
vt 6.47901 -0.94434
vt 6.46339 -0.96339
vt 6.44434 -0.97901
vt 6.41453 -0.99358
vt 6.37500 -1.00000
vt 6.33547 -0.99358
vt 6.30566 -0.97901
vt 6.28661 -0.96339
vt 6.27099 -0.94434
vt 6.25641 -0.91453
vt 6.25000 -0.87500
vt 6.25641 -0.83547
vt 6.27099 -0.80566
vt 6.28661 -0.78661
vt 6.30566 -0.77099
vt 6.33547 -0.75642
vt 6.37500 -0.75000
vt 6.41453 -0.75642
vt 6.44434 -0.77099
vt 6.25000 -0.75000
vt 6.37500 -0.79167
vt 6.25000 -0.79167
vt 6.37500 -0.83333
vt 6.25000 -0.83333
vt 6.37500 -0.91667
vt 6.25000 -0.91667
vt 6.37500 -0.95833
vt 6.25000 -0.95833
vt 6.25000 -1.00000
vt 5.12500 -4.00000
vt 4.75000 -4.00000
vt 5.12500 -4.12500
vt 4.75000 -4.12500
vt 5.12500 -4.37500
vt 4.75000 -4.37500
vt 5.06250 -2.56250
vt 5.11450 -2.52783
vt 5.10669 -2.51831
vt 5.12179 -2.54274
vt 5.12500 -2.56250
vt 5.12179 -2.58226
vt 5.11450 -2.59717
vt 5.10669 -2.60669
vt 5.09717 -2.61450
vt 5.08226 -2.62179
vt 5.06250 -2.62500
vt 5.04274 -2.62179
vt 5.02783 -2.61450
vt 5.01831 -2.60669
vt 5.01050 -2.59717
vt 5.00321 -2.58226
vt 5.00000 -2.56250
vt 5.00321 -2.54274
vt 5.01050 -2.52783
vt 5.01831 -2.51831
vt 5.02783 -2.51050
vt 5.04274 -2.50321
vt 5.06250 -2.50000
vt 5.08226 -2.50321
vt 5.09717 -2.51050
vt 5.25000 -2.52083
vt 5.00000 -2.52083
vt 5.25000 -2.54167
vt 5.00000 -2.54167
vt 5.25000 -2.56250
vt 5.25000 -2.58333
vt 5.00000 -2.58333
vt 5.25000 -2.60417
vt 5.00000 -2.60417
vt 5.25000 -2.62500
vt 5.00000 -2.62500
vt 5.31250 -0.06250
vt 5.36450 -0.02783
vt 5.35669 -0.01831
vt 5.37179 -0.04274
vt 5.37500 -0.06250
vt 5.37179 -0.08226
vt 5.36450 -0.09717
vt 5.35669 -0.10669
vt 5.34717 -0.11450
vt 5.33226 -0.12179
vt 5.31250 -0.12500
vt 5.29274 -0.12179
vt 5.27783 -0.11450
vt 5.26831 -0.10669
vt 5.26050 -0.09717
vt 5.25321 -0.08226
vt 5.25000 -0.06250
vt 5.25321 -0.04274
vt 5.26050 -0.02783
vt 5.26831 -0.01831
vt 5.27783 -0.01050
vt 5.29274 -0.00321
vt 5.31250 0.00000
vt 5.33226 -0.00321
vt 5.34717 -0.01050
vt 5.50000 0.00000
vt 5.25000 0.00000
vt 5.50000 -0.02083
vt 5.25000 -0.02083
vt 5.50000 -0.04167
vt 5.25000 -0.04167
vt 5.50000 -0.06250
vt 5.50000 -0.08333
vt 5.25000 -0.08333
vt 5.50000 -0.10417
vt 5.25000 -0.10417
vt 5.50000 -0.12500
vt 5.25000 -0.12500
vt 4.00000 -0.75000
vt 3.50000 -0.75000
vt 4.00000 -1.25000
vt 3.50000 -1.25000
vt 5.50000 -3.50000
vt 4.75000 -3.50000
vt 5.50000 -4.25000
vt 4.75000 -4.25000
vt 2.87500 -0.87500
vt 3.18702 -0.66699
vt 3.14016 -0.60984
vt 3.23076 -0.75641
vt 3.25000 -0.87500
vt 3.23076 -0.99358
vt 3.18702 -1.08301
vt 3.14016 -1.14016
vt 3.08301 -1.18702
vt 2.99359 -1.23076
vt 2.87500 -1.25000
vt 2.75641 -1.23076
vt 2.66699 -1.18702
vt 2.60983 -1.14016
vt 2.56298 -1.08301
vt 2.51924 -0.99358
vt 2.50000 -0.87500
vt 2.51924 -0.75641
vt 2.56298 -0.66699
vt 2.60983 -0.60984
vt 2.66699 -0.56298
vt 2.75641 -0.51924
vt 2.87500 -0.50000
vt 2.99359 -0.51924
vt 3.08301 -0.56298
vt 3.25000 -0.50000
vt 2.50000 -0.50000
vt 3.25000 -0.62500
vt 2.50000 -0.62500
vt 3.25000 -0.75000
vt 2.50000 -0.75000
vt 3.25000 -1.00000
vt 2.50000 -1.00000
vt 3.25000 -1.12500
vt 2.50000 -1.12500
vt 3.25000 -1.25000
vt 3.00000 -3.25000
vt 3.20801 -3.11132
vt 3.17678 -3.07322
vt 3.23717 -3.17094
vt 3.23717 -3.32906
vt 3.20801 -3.38867
vt 3.17678 -3.42678
vt 3.13867 -3.45801
vt 3.07906 -3.48717
vt 2.92094 -3.48717
vt 2.86132 -3.45801
vt 2.82322 -3.42678
vt 2.79199 -3.38867
vt 2.76283 -3.32906
vt 2.76283 -3.17094
vt 2.79199 -3.11132
vt 2.82322 -3.07322
vt 2.86132 -3.04199
vt 2.92094 -3.01283
vt 3.07906 -3.01283
vt 3.13867 -3.04199
vt 3.62500 -3.00000
vt 3.62500 -3.08333
vt 2.75000 -3.08333
vt 3.62500 -3.16667
vt 2.75000 -3.16667
vt 3.62500 -3.25000
vt 3.62500 -3.33333
vt 2.75000 -3.33333
vt 3.62500 -3.41667
vt 2.75000 -3.41667
vt 6.45801 -0.61132
vt 6.42678 -0.57322
vt 6.48717 -0.67094
vt 6.48717 -0.82906
vt 6.45801 -0.88868
vt 6.42678 -0.92678
vt 6.38867 -0.95801
vt 6.32906 -0.98717
vt 6.17094 -0.98717
vt 6.11132 -0.95801
vt 6.07322 -0.92678
vt 6.04199 -0.88868
vt 6.01283 -0.82906
vt 6.00000 -0.75000
vt 6.01283 -0.67094
vt 6.04199 -0.61132
vt 6.07322 -0.57322
vt 6.11132 -0.54199
vt 6.17094 -0.51283
vt 6.25000 -0.50000
vt 6.32906 -0.51283
vt 6.38867 -0.54199
vt 6.00000 -0.50000
vt 6.75000 -0.58333
vt 6.00000 -0.58333
vt 6.75000 -0.66667
vt 6.00000 -0.66667
vt 6.75000 -0.83333
vt 6.00000 -0.83333
vt 6.75000 -0.91667
vt 6.00000 -0.91667
vt 6.75000 -1.00000
vt 6.00000 -1.00000
vt 0.72901 -5.80566
vt 0.71339 -5.78661
vt 0.74358 -5.83547
vt 0.75000 -5.87500
vt 0.74358 -5.91453
vt 0.72901 -5.94434
vt 0.71339 -5.96339
vt 0.69434 -5.97901
vt 0.66453 -5.99359
vt 0.62500 -6.00000
vt 0.58547 -5.99359
vt 0.55566 -5.97901
vt 0.53661 -5.96339
vt 0.52099 -5.94434
vt 0.50641 -5.91453
vt 0.50000 -5.87500
vt 0.50641 -5.83547
vt 0.52099 -5.80566
vt 0.53661 -5.78661
vt 0.55566 -5.77099
vt 0.58547 -5.75641
vt 0.62500 -5.75000
vt 0.66453 -5.75641
vt 0.69434 -5.77099
vt 1.12500 -5.75000
vt 0.50000 -5.75000
vt 1.12500 -5.79167
vt 0.50000 -5.79167
vt 1.12500 -5.83333
vt 0.50000 -5.83333
vt 1.12500 -5.87500
vt 1.12500 -5.91667
vt 0.50000 -5.91667
vt 1.12500 -5.95833
vt 0.50000 -5.95833
vt 1.12500 -6.00000
vt 0.50000 -6.00000
vt 3.00000 -1.87500
vt 2.50000 -1.87500
vt 2.87500 -1.50000
vt 2.87500 -2.00000
vt 2.50000 -2.00000
vt 2.87500 -1.87500
vt 3.62500 -2.37500
vt 3.93702 -2.16699
vt 3.89016 -2.10983
vt 3.98076 -2.25641
vt 4.00000 -2.37500
vt 3.98076 -2.49359
vt 3.93702 -2.58301
vt 3.89016 -2.64016
vt 3.83301 -2.68702
vt 3.74359 -2.73076
vt 3.62500 -2.75000
vt 3.50641 -2.73076
vt 3.41699 -2.68702
vt 3.35983 -2.64016
vt 3.31298 -2.58301
vt 3.26924 -2.49359
vt 3.25000 -2.37500
vt 3.26924 -2.25641
vt 3.31298 -2.16699
vt 3.35983 -2.10983
vt 3.41699 -2.06298
vt 3.50641 -2.01924
vt 3.74359 -2.01924
vt 3.83301 -2.06298
vt 3.75000 -2.00000
vt 3.25000 -2.00000
vt 3.75000 -2.12500
vt 3.25000 -2.12500
vt 3.75000 -2.25000
vt 3.25000 -2.25000
vt 3.75000 -2.37500
vt 3.75000 -2.50000
vt 3.25000 -2.50000
vt 3.75000 -2.62500
vt 3.25000 -2.62500
vt 3.75000 -2.75000
vt 6.75000 -1.50000
vt 6.95801 -1.36132
vt 6.92678 -1.32322
vt 6.98717 -1.42094
vt 6.98717 -1.57906
vt 6.95801 -1.63867
vt 6.92678 -1.67678
vt 6.88867 -1.70801
vt 6.82906 -1.73717
vt 6.75000 -1.75000
vt 6.67094 -1.73717
vt 6.61132 -1.70801
vt 6.57322 -1.67678
vt 6.54199 -1.63867
vt 6.51283 -1.57906
vt 6.50000 -1.50000
vt 6.51283 -1.42094
vt 6.54199 -1.36132
vt 6.57322 -1.32322
vt 6.61132 -1.29199
vt 6.67094 -1.26283
vt 6.75000 -1.25000
vt 6.82906 -1.26283
vt 6.88867 -1.29199
vt 7.00000 -1.25000
vt 6.50000 -1.25000
vt 7.00000 -1.33333
vt 6.50000 -1.33333
vt 7.00000 -1.41667
vt 6.50000 -1.41667
vt 7.00000 -1.58333
vt 6.50000 -1.58333
vt 7.00000 -1.66667
vt 6.50000 -1.66667
vt 7.00000 -1.75000
vn 1.0000 0.0000 0.0000
vn 0.0000 0.7480 0.6614
vn 0.0000 0.8661 0.4961
vn 0.0000 0.9685 0.2520
vn 0.0000 1.0000 -0.0630
vn 0.0000 0.9291 -0.3780
vn 0.0000 0.7953 -0.6063
vn 0.0000 0.6614 -0.7480
vn 0.0000 0.6063 0.7953
vn 0.0000 0.3780 0.9291
vn 0.0000 0.0630 1.0000
vn 0.0000 -0.2520 0.9685
vn 0.0000 -0.4961 0.8661
vn 0.0000 -0.6614 0.7480
vn -1.0000 0.0000 0.0000
vn 0.0000 -0.7480 -0.6614
vn 0.0000 -0.8661 -0.4961
vn 0.0000 -0.9685 -0.2520
vn 0.0000 -1.0000 0.0630
vn 0.0000 -0.9291 0.3780
vn 0.0000 -0.7953 0.6063
vn 0.0000 0.4961 -0.8661
vn 0.0000 0.2520 -0.9685
vn 0.0000 -0.0630 -1.0000
vn 0.0000 -0.3780 -0.9291
vn 0.0000 -0.6063 -0.7953
vn 0.0000 0.8661 -0.5039
vn 0.0000 0.9449 -0.3228
vn 0.0000 0.3228 0.9449
vn 0.0000 -0.9449 0.3228
vn 0.0000 -0.3228 -0.9449
vn 0.0000 -0.8976 -0.4409
vn 0.0000 0.7008 -0.7087
vn 0.0000 0.4409 -0.8976
vn 0.0000 0.1339 -0.9921
vn 0.0000 -0.1260 -0.9921
vn 0.0000 0.9921 -0.1260
vn 0.0000 0.9921 0.1339
vn 0.0000 0.8976 0.4409
vn 0.0000 0.7087 0.7008
vn 0.0000 0.5039 0.8661
vn 0.0000 -0.8661 0.5039
vn 0.0000 -0.7008 0.7087
vn 0.0000 -0.4409 0.8976
vn 0.0000 -0.1339 0.9921
vn 0.0000 0.1260 0.9921
vn 0.0000 -0.5039 -0.8661
vn 0.0000 -0.7087 -0.7008
vn 0.0000 -0.9921 -0.1339
vn 0.0000 -0.9921 0.1260
vn 0.0000 0.8346 -0.5512
vn 0.0000 0.5512 0.8346
vn 0.0000 -0.8346 0.5512
vn 0.0000 -0.5512 -0.8346
vn 0.0000 0.2598 0.9685
vn 0.0000 0.9213 0.3858
vn 0.0000 -0.3858 0.9213
vn 0.0000 -0.9685 0.2598
vn 0.0000 -0.2598 -0.9685
vn 0.0000 -0.9213 -0.3858
vn 0.0000 0.9685 -0.2598
vn 0.0000 0.3858 -0.9213
vn 0.0000 -0.1968 0.9843
vn 0.0000 0.0000 1.0000
vn 0.0000 0.7874 0.6142
vn 0.0000 0.9843 0.1968
vn 0.0000 -0.6142 0.7874
vn 0.0000 -1.0000 0.0000
vn 0.0000 -0.9843 -0.1968
vn 0.0000 0.1968 -0.9843
vn 0.0000 0.0000 -1.0000
vn 0.0000 -0.7874 -0.6142
vn 0.0000 1.0000 0.0000
vn 0.0000 0.6142 -0.7874
vn 0.0000 0.7087 -0.7087
vn 0.0000 0.7087 0.7087
vn 0.7087 0.6299 0.3150
vn 0.5512 0.7480 0.3701
vn 0.3150 0.8504 0.4173
vn -0.3150 0.8504 0.4173
vn -0.5512 0.7480 0.3701
vn -0.7087 0.6299 0.3150
vn 0.8346 0.4961 0.2441
vn 0.9449 0.2835 0.1417
vn 0.9449 -0.2835 -0.1417
vn 0.8346 -0.4961 -0.2441
vn 0.7087 -0.6299 -0.3150
vn -0.7087 -0.6299 -0.3150
vn -0.5512 -0.7480 -0.3701
vn -0.3150 -0.8504 -0.4173
vn 0.3150 -0.8504 -0.4173
vn 0.5512 -0.7480 -0.3701
vn -0.8346 0.4961 0.2441
vn -0.9449 0.2835 0.1417
vn -0.9449 -0.2835 -0.1417
vn -0.8346 -0.4961 -0.2441

o RightLowerArm
usemtl c_6225d1
f 1/1/1 2/2/1 3/3/1
f 1/1/1 4/4/1 2/2/1
f 1/1/1 5/5/1 4/4/1
f 1/1/1 6/6/1 5/5/1
f 1/1/1 7/7/1 6/6/1
f 1/1/1 8/8/1 7/7/1
f 1/1/1 9/9/1 8/8/1
f 1/1/1 10/10/1 9/9/1
f 1/1/1 11/11/1 10/10/1
f 1/1/1 12/12/1 11/11/1
f 1/1/1 13/13/1 12/12/1
f 1/1/1 14/14/1 13/13/1
f 1/1/1 15/15/1 14/14/1
f 1/1/1 16/16/1 15/15/1
f 1/1/1 17/17/1 16/16/1
f 1/1/1 18/18/1 17/17/1
f 1/1/1 19/19/1 18/18/1
f 1/1/1 20/20/1 19/19/1
f 1/1/1 21/21/1 20/20/1
f 1/1/1 22/22/1 21/21/1
f 1/1/1 23/23/1 22/22/1
f 1/1/1 24/24/1 23/23/1
f 1/1/1 25/25/1 24/24/1
f 1/1/1 3/3/1 25/25/1
f 26/23/2 20/26/2 27/27/3
f 27/27/3 20/26/2 21/28/3
f 27/27/3 21/28/3 28/29/4
f 28/29/4 21/28/3 22/30/4
f 28/29/4 22/30/4 29/1/5
f 29/1/5 22/30/4 23/17/5
f 29/1/5 23/17/5 30/31/6
f 30/31/6 23/17/5 24/32/6
f 30/31/6 24/32/6 31/33/7
f 31/33/7 24/32/6 25/34/7
f 31/33/7 25/34/7 32/11/8
f 32/11/8 25/34/7 3/35/8
f 20/23/2 26/26/2 19/27/9
f 19/27/9 26/26/2 33/28/9
f 19/27/9 33/28/9 18/29/10
f 18/29/10 33/28/9 34/30/10
f 18/29/10 34/30/10 17/1/11
f 17/1/11 34/30/10 35/17/11
f 17/1/11 35/17/11 16/31/12
f 16/31/12 35/17/11 36/32/12
f 16/31/12 36/32/12 15/33/13
f 15/33/13 36/32/12 37/34/13
f 15/33/13 37/34/13 14/11/14
f 14/11/14 37/34/13 38/35/14
f 39/1/15 33/2/15 26/3/15
f 39/1/15 34/4/15 33/2/15
f 39/1/15 35/5/15 34/4/15
f 39/1/15 36/6/15 35/5/15
f 39/1/15 37/7/15 36/6/15
f 39/1/15 38/8/15 37/7/15
f 39/1/15 40/9/15 38/8/15
f 39/1/15 41/10/15 40/9/15
f 39/1/15 42/11/15 41/10/15
f 39/1/15 43/12/15 42/11/15
f 39/1/15 44/13/15 43/12/15
f 39/1/15 45/14/15 44/13/15
f 39/1/15 46/15/15 45/14/15
f 39/1/15 47/16/15 46/15/15
f 39/1/15 48/17/15 47/16/15
f 39/1/15 49/18/15 48/17/15
f 39/1/15 50/19/15 49/18/15
f 39/1/15 32/20/15 50/19/15
f 39/1/15 31/21/15 32/20/15
f 39/1/15 30/22/15 31/21/15
f 39/1/15 29/23/15 30/22/15
f 39/1/15 28/24/15 29/23/15
f 39/1/15 27/25/15 28/24/15
f 39/1/15 26/3/15 27/25/15
f 45/23/16 8/26/16 44/27/17
f 44/27/17 8/26/16 9/28/17
f 44/27/17 9/28/17 43/29/18
f 43/29/18 9/28/17 10/30/18
f 43/29/18 10/30/18 42/1/19
f 42/1/19 10/30/18 11/17/19
f 42/1/19 11/17/19 41/31/20
f 41/31/20 11/17/19 12/32/20
f 41/31/20 12/32/20 40/33/21
f 40/33/21 12/32/20 13/34/21
f 40/33/21 13/34/21 38/11/14
f 38/11/14 13/34/21 14/35/14
f 32/23/8 3/26/8 50/27/22
f 50/27/22 3/26/8 2/28/22
f 50/27/22 2/28/22 49/29/23
f 49/29/23 2/28/22 4/30/23
f 49/29/23 4/30/23 48/1/24
f 48/1/24 4/30/23 5/17/24
f 48/1/24 5/17/24 47/31/25
f 47/31/25 5/17/24 6/32/25
f 47/31/25 6/32/25 46/33/26
f 46/33/26 6/32/25 7/34/26
f 46/33/26 7/34/26 45/11/16
f 45/11/16 7/34/26 8/35/16
f 51/36/1 52/37/1 53/38/1
f 53/38/1 52/37/1 54/39/1
f 55/40/5 52/37/5 56/41/5
f 56/41/5 52/37/5 51/42/5
f 52/40/11 55/37/11 54/43/11
f 54/43/11 55/37/11 57/39/11
f 55/36/15 56/37/15 57/38/15
f 57/38/15 56/37/15 58/39/15
f 58/40/19 53/37/19 57/41/19
f 57/41/19 53/37/19 54/42/19
f 56/40/24 51/37/24 58/43/24
f 58/43/24 51/37/24 53/39/24
f 59/44/1 60/45/1 61/46/1
f 59/44/1 62/47/1 60/45/1
f 59/44/1 63/48/1 62/47/1
f 59/44/1 64/49/1 63/48/1
f 59/44/1 65/50/1 64/49/1
f 59/44/1 66/51/1 65/50/1
f 59/44/1 67/52/1 66/51/1
f 59/44/1 68/53/1 67/52/1
f 59/44/1 69/54/1 68/53/1
f 59/44/1 70/55/1 69/54/1
f 59/44/1 71/56/1 70/55/1
f 59/44/1 72/57/1 71/56/1
f 59/44/1 73/58/1 72/57/1
f 59/44/1 74/59/1 73/58/1
f 59/44/1 75/60/1 74/59/1
f 59/44/1 76/61/1 75/60/1
f 59/44/1 77/62/1 76/61/1
f 59/44/1 78/63/1 77/62/1
f 59/44/1 79/64/1 78/63/1
f 59/44/1 80/65/1 79/64/1
f 59/44/1 81/66/1 80/65/1
f 59/44/1 82/67/1 81/66/1
f 59/44/1 83/68/1 82/67/1
f 59/44/1 61/46/1 83/68/1
f 84/69/2 78/70/2 85/71/3
f 85/71/3 78/70/2 79/72/3
f 85/71/3 79/72/3 86/73/4
f 86/73/4 79/72/3 80/74/4
f 86/73/4 80/74/4 87/75/5
f 87/75/5 80/74/4 81/60/5
f 87/75/5 81/60/5 88/76/6
f 88/76/6 81/60/5 82/77/6
f 88/76/6 82/77/6 89/78/7
f 89/78/7 82/77/6 83/79/7
f 89/78/7 83/79/7 90/80/8
f 90/80/8 83/79/7 61/81/8
f 78/69/2 84/70/2 77/71/9
f 77/71/9 84/70/2 91/72/9
f 77/71/9 91/72/9 76/73/10
f 76/73/10 91/72/9 92/74/10
f 76/73/10 92/74/10 75/75/11
f 75/75/11 92/74/10 93/60/11
f 75/75/11 93/60/11 74/76/12
f 74/76/12 93/60/11 94/77/12
f 74/76/12 94/77/12 73/78/13
f 73/78/13 94/77/12 95/79/13
f 73/78/13 95/79/13 72/80/14
f 72/80/14 95/79/13 96/81/14
f 97/44/15 91/45/15 84/46/15
f 97/44/15 92/47/15 91/45/15
f 97/44/15 93/48/15 92/47/15
f 97/44/15 94/49/15 93/48/15
f 97/44/15 95/50/15 94/49/15
f 97/44/15 96/51/15 95/50/15
f 97/44/15 98/52/15 96/51/15
f 97/44/15 99/53/15 98/52/15
f 97/44/15 100/54/15 99/53/15
f 97/44/15 101/55/15 100/54/15
f 97/44/15 102/56/15 101/55/15
f 97/44/15 103/57/15 102/56/15
f 97/44/15 104/58/15 103/57/15
f 97/44/15 105/59/15 104/58/15
f 97/44/15 106/60/15 105/59/15
f 97/44/15 107/61/15 106/60/15
f 97/44/15 108/62/15 107/61/15
f 97/44/15 90/63/15 108/62/15
f 97/44/15 89/64/15 90/63/15
f 97/44/15 88/65/15 89/64/15
f 97/44/15 87/66/15 88/65/15
f 97/44/15 86/67/15 87/66/15
f 97/44/15 85/68/15 86/67/15
f 97/44/15 84/46/15 85/68/15
f 103/69/16 66/70/16 102/71/17
f 102/71/17 66/70/16 67/72/17
f 102/71/17 67/72/17 101/73/18
f 101/73/18 67/72/17 68/74/18
f 101/73/18 68/74/18 100/75/19
f 100/75/19 68/74/18 69/60/19
f 100/75/19 69/60/19 99/76/20
f 99/76/20 69/60/19 70/77/20
f 99/76/20 70/77/20 98/78/21
f 98/78/21 70/77/20 71/79/21
f 98/78/21 71/79/21 96/80/14
f 96/80/14 71/79/21 72/81/14
f 90/69/8 61/70/8 108/71/22
f 108/71/22 61/70/8 60/72/22
f 108/71/22 60/72/22 107/73/23
f 107/73/23 60/72/22 62/74/23
f 107/73/23 62/74/23 106/75/24
f 106/75/24 62/74/23 63/60/24
f 106/75/24 63/60/24 105/76/25
f 105/76/25 63/60/24 64/77/25
f 105/76/25 64/77/25 104/78/26
f 104/78/26 64/77/25 65/79/26
f 104/78/26 65/79/26 103/80/16
f 103/80/16 65/79/26 66/81/16
f 109/82/1 110/83/1 111/84/1
f 111/84/1 110/83/1 112/85/1
f 113/86/5 110/83/5 114/87/5
f 114/87/5 110/83/5 109/88/5
f 110/86/11 113/83/11 112/89/11
f 112/89/11 113/83/11 115/85/11
f 113/82/15 114/83/15 115/84/15
f 115/84/15 114/83/15 116/85/15
f 116/86/19 111/83/19 115/87/19
f 115/87/19 111/83/19 112/88/19
f 114/86/24 109/83/24 116/89/24
f 116/89/24 109/83/24 111/85/24
f 117/90/1 118/91/1 119/92/1
f 117/90/1 120/93/1 118/91/1
f 117/90/1 121/94/1 120/93/1
f 117/90/1 122/95/1 121/94/1
f 117/90/1 123/96/1 122/95/1
f 117/90/1 124/97/1 123/96/1
f 117/90/1 125/98/1 124/97/1
f 117/90/1 126/99/1 125/98/1
f 117/90/1 127/100/1 126/99/1
f 117/90/1 128/101/1 127/100/1
f 117/90/1 129/102/1 128/101/1
f 117/90/1 130/103/1 129/102/1
f 117/90/1 131/104/1 130/103/1
f 117/90/1 132/105/1 131/104/1
f 117/90/1 133/106/1 132/105/1
f 117/90/1 134/107/1 133/106/1
f 117/90/1 135/108/1 134/107/1
f 117/90/1 136/109/1 135/108/1
f 117/90/1 137/110/1 136/109/1
f 117/90/1 138/111/1 137/110/1
f 117/90/1 139/112/1 138/111/1
f 117/90/1 140/113/1 139/112/1
f 117/90/1 141/114/1 140/113/1
f 117/90/1 119/92/1 141/114/1
f 142/112/2 136/115/2 143/116/3
f 143/116/3 136/115/2 137/117/3
f 143/116/3 137/117/3 144/118/4
f 144/118/4 137/117/3 138/119/4
f 144/118/4 138/119/4 145/90/5
f 145/90/5 138/119/4 139/106/5
f 145/90/5 139/106/5 146/120/6
f 146/120/6 139/106/5 140/121/6
f 146/120/6 140/121/6 147/122/7
f 147/122/7 140/121/6 141/123/7
f 147/122/7 141/123/7 148/100/8
f 148/100/8 141/123/7 119/124/8
f 136/112/2 142/115/2 135/116/9
f 135/116/9 142/115/2 149/117/9
f 135/116/9 149/117/9 134/118/10
f 134/118/10 149/117/9 150/119/10
f 134/118/10 150/119/10 133/90/11
f 133/90/11 150/119/10 151/106/11
f 133/90/11 151/106/11 132/120/12
f 132/120/12 151/106/11 152/121/12
f 132/120/12 152/121/12 131/122/13
f 131/122/13 152/121/12 153/123/13
f 131/122/13 153/123/13 130/100/14
f 130/100/14 153/123/13 154/124/14
f 155/90/15 149/91/15 142/92/15
f 155/90/15 150/93/15 149/91/15
f 155/90/15 151/94/15 150/93/15
f 155/90/15 152/95/15 151/94/15
f 155/90/15 153/96/15 152/95/15
f 155/90/15 154/97/15 153/96/15
f 155/90/15 156/98/15 154/97/15
f 155/90/15 157/99/15 156/98/15
f 155/90/15 158/100/15 157/99/15
f 155/90/15 159/101/15 158/100/15
f 155/90/15 160/102/15 159/101/15
f 155/90/15 161/103/15 160/102/15
f 155/90/15 162/104/15 161/103/15
f 155/90/15 163/105/15 162/104/15
f 155/90/15 164/106/15 163/105/15
f 155/90/15 165/107/15 164/106/15
f 155/90/15 166/108/15 165/107/15
f 155/90/15 148/109/15 166/108/15
f 155/90/15 147/110/15 148/109/15
f 155/90/15 146/111/15 147/110/15
f 155/90/15 145/112/15 146/111/15
f 155/90/15 144/113/15 145/112/15
f 155/90/15 143/114/15 144/113/15
f 155/90/15 142/92/15 143/114/15
f 161/112/16 124/115/16 160/116/17
f 160/116/17 124/115/16 125/117/17
f 160/116/17 125/117/17 159/118/18
f 159/118/18 125/117/17 126/119/18
f 159/118/18 126/119/18 158/90/19
f 158/90/19 126/119/18 127/106/19
f 158/90/19 127/106/19 157/120/20
f 157/120/20 127/106/19 128/121/20
f 157/120/20 128/121/20 156/122/21
f 156/122/21 128/121/20 129/123/21
f 156/122/21 129/123/21 154/100/14
f 154/100/14 129/123/21 130/124/14
f 148/112/8 119/115/8 166/116/22
f 166/116/22 119/115/8 118/117/22
f 166/116/22 118/117/22 165/118/23
f 165/118/23 118/117/22 120/119/23
f 165/118/23 120/119/23 164/90/24
f 164/90/24 120/119/23 121/106/24
f 164/90/24 121/106/24 163/120/25
f 163/120/25 121/106/24 122/121/25
f 163/120/25 122/121/25 162/122/26
f 162/122/26 122/121/25 123/123/26
f 162/122/26 123/123/26 161/100/16
f 161/100/16 123/123/26 124/124/16
usemtl c_00ff00
f 167/125/1 168/126/1 169/127/1
f 169/127/1 168/126/1 170/128/1
f 171/125/5 168/126/5 172/127/5
f 172/127/5 168/126/5 167/128/5
f 168/125/11 171/126/11 170/127/11
f 170/127/11 171/126/11 173/128/11
f 171/125/15 172/126/15 173/127/15
f 173/127/15 172/126/15 174/128/15
f 174/125/19 169/126/19 173/127/19
f 173/127/19 169/126/19 170/128/19
f 172/125/24 167/126/24 174/127/24
f 174/127/24 167/126/24 169/128/24
f 175/129/1 176/130/1 177/131/1
f 175/129/1 178/132/1 176/130/1
f 175/129/1 179/133/1 178/132/1
f 175/129/1 180/134/1 179/133/1
f 175/129/1 181/135/1 180/134/1
f 175/129/1 182/136/1 181/135/1
f 175/129/1 183/137/1 182/136/1
f 175/129/1 184/138/1 183/137/1
f 175/129/1 185/139/1 184/138/1
f 175/129/1 186/140/1 185/139/1
f 175/129/1 187/141/1 186/140/1
f 175/129/1 188/142/1 187/141/1
f 175/129/1 189/143/1 188/142/1
f 175/129/1 190/144/1 189/143/1
f 175/129/1 191/145/1 190/144/1
f 175/129/1 192/146/1 191/145/1
f 175/129/1 193/147/1 192/146/1
f 175/129/1 194/148/1 193/147/1
f 175/129/1 195/149/1 194/148/1
f 175/129/1 196/150/1 195/149/1
f 175/129/1 197/151/1 196/150/1
f 175/129/1 198/152/1 197/151/1
f 175/129/1 199/153/1 198/152/1
f 175/129/1 177/131/1 199/153/1
f 200/154/2 194/155/2 201/156/3
f 201/156/3 194/155/2 195/157/3
f 201/156/3 195/157/3 202/158/4
f 202/158/4 195/157/3 196/159/4
f 202/158/4 196/159/4 203/133/5
f 203/133/5 196/159/4 197/145/5
f 203/133/5 197/145/5 204/160/6
f 204/160/6 197/145/5 198/161/6
f 204/160/6 198/161/6 205/162/7
f 205/162/7 198/161/6 199/163/7
f 205/162/7 199/163/7 206/164/8
f 206/164/8 199/163/7 177/165/8
f 194/154/2 200/155/2 193/156/9
f 193/156/9 200/155/2 207/157/9
f 193/156/9 207/157/9 192/158/10
f 192/158/10 207/157/9 208/159/10
f 192/158/10 208/159/10 191/133/11
f 191/133/11 208/159/10 209/145/11
f 191/133/11 209/145/11 190/160/12
f 190/160/12 209/145/11 210/161/12
f 190/160/12 210/161/12 189/162/13
f 189/162/13 210/161/12 211/163/13
f 189/162/13 211/163/13 188/164/14
f 188/164/14 211/163/13 212/165/14
f 59/129/15 207/130/15 200/131/15
f 59/129/15 208/132/15 207/130/15
f 59/129/15 209/133/15 208/132/15
f 59/129/15 210/134/15 209/133/15
f 59/129/15 211/135/15 210/134/15
f 59/129/15 212/136/15 211/135/15
f 59/129/15 213/137/15 212/136/15
f 59/129/15 214/138/15 213/137/15
f 59/129/15 215/139/15 214/138/15
f 59/129/15 216/140/15 215/139/15
f 59/129/15 217/141/15 216/140/15
f 59/129/15 218/142/15 217/141/15
f 59/129/15 219/143/15 218/142/15
f 59/129/15 220/144/15 219/143/15
f 59/129/15 221/145/15 220/144/15
f 59/129/15 222/146/15 221/145/15
f 59/129/15 223/147/15 222/146/15
f 59/129/15 206/148/15 223/147/15
f 59/129/15 205/149/15 206/148/15
f 59/129/15 204/150/15 205/149/15
f 59/129/15 203/151/15 204/150/15
f 59/129/15 202/152/15 203/151/15
f 59/129/15 201/153/15 202/152/15
f 59/129/15 200/131/15 201/153/15
f 218/154/16 182/155/16 217/156/17
f 217/156/17 182/155/16 183/157/17
f 217/156/17 183/157/17 216/158/18
f 216/158/18 183/157/17 184/159/18
f 216/158/18 184/159/18 215/133/19
f 215/133/19 184/159/18 185/145/19
f 215/133/19 185/145/19 214/160/20
f 214/160/20 185/145/19 186/161/20
f 214/160/20 186/161/20 213/162/21
f 213/162/21 186/161/20 187/163/21
f 213/162/21 187/163/21 212/164/14
f 212/164/14 187/163/21 188/165/14
f 206/154/8 177/155/8 223/156/22
f 223/156/22 177/155/8 176/157/22
f 223/156/22 176/157/22 222/158/23
f 222/158/23 176/157/22 178/159/23
f 222/158/23 178/159/23 221/133/24
f 221/133/24 178/159/23 179/145/24
f 221/133/24 179/145/24 220/160/25
f 220/160/25 179/145/24 180/161/25
f 220/160/25 180/161/25 219/162/26
f 219/162/26 180/161/25 181/163/26
f 219/162/26 181/163/26 218/164/16
f 218/164/16 181/163/26 182/165/16
f 224/166/15 224/166/15 225/167/15
f 225/167/15 224/166/15 226/168/15
f 224/169/11 227/166/11 226/167/11
f 226/167/11 227/166/11 228/168/11
f 227/169/1 227/169/1 228/167/1
f 228/167/1 227/169/1 229/168/1
f 229/169/5 225/166/5 228/167/5
f 228/167/5 225/166/5 226/168/5
f 227/169/16 224/166/16 229/170/16
f 229/170/16 224/166/16 225/171/16
f 230/172/15 230/172/15 231/173/15
f 231/173/15 230/172/15 232/174/15
f 230/175/14 233/172/14 232/173/14
f 232/173/14 233/172/14 234/174/14
f 233/175/1 233/175/1 234/173/1
f 234/173/1 233/175/1 235/174/1
f 235/175/2 231/172/2 234/173/2
f 234/173/2 231/172/2 232/174/2
f 233/175/24 230/172/24 235/176/24
f 235/176/24 230/172/24 231/177/24
f 167/178/1 167/178/1 236/179/1
f 236/179/1 167/178/1 169/180/1
f 167/181/11 172/178/11 169/182/11
f 169/182/11 172/178/11 174/180/11
f 172/183/15 172/183/15 174/179/15
f 174/179/15 172/183/15 237/180/15
f 237/181/19 236/178/19 174/184/19
f 174/184/19 236/178/19 169/185/19
f 172/181/27 167/178/27 237/186/27
f 237/186/27 167/178/27 236/187/27
f 238/188/1 239/167/1 240/189/1
f 240/189/1 239/167/1 241/190/1
f 242/191/2 239/167/2 243/192/2
f 243/192/2 239/167/2 238/193/2
f 239/191/14 242/167/14 241/194/14
f 241/194/14 242/167/14 244/190/14
f 242/188/15 243/167/15 244/189/15
f 244/189/15 243/167/15 245/190/15
f 245/191/16 240/167/16 244/192/16
f 244/192/16 240/167/16 241/193/16
f 243/191/8 238/167/8 245/194/8
f 245/194/8 238/167/8 240/190/8
f 228/195/1 246/196/1 227/197/1
f 227/197/1 246/196/1 247/198/1
f 248/199/5 246/196/5 226/200/5
f 226/200/5 246/196/5 228/201/5
f 246/199/11 248/196/11 247/202/11
f 247/202/11 248/196/11 249/198/11
f 248/195/15 226/196/15 249/197/15
f 249/197/15 226/196/15 224/198/15
f 224/199/19 227/196/19 249/200/19
f 249/200/19 227/196/19 247/201/19
f 226/199/24 228/196/24 224/202/24
f 224/202/24 228/196/24 227/198/24
f 250/203/1 251/204/1 252/205/1
f 252/205/1 251/204/1 253/206/1
f 254/207/5 251/204/5 255/208/5
f 255/208/5 251/204/5 250/209/5
f 251/207/11 254/204/11 253/210/11
f 253/210/11 254/204/11 256/206/11
f 254/203/15 255/204/15 256/205/15
f 256/205/15 255/204/15 257/206/15
f 257/207/19 252/204/19 256/208/19
f 256/208/19 252/204/19 253/209/19
f 255/207/24 250/204/24 257/210/24
f 257/210/24 250/204/24 252/206/24
f 257/211/15 257/211/15 258/212/15
f 258/212/15 257/211/15 255/213/15
f 257/214/11 252/211/11 255/212/11
f 255/212/11 252/211/11 250/213/11
f 252/214/1 252/214/1 250/212/1
f 250/212/1 252/214/1 259/213/1
f 259/214/5 258/211/5 250/212/5
f 250/212/5 258/211/5 255/213/5
f 252/214/16 257/211/16 259/215/16
f 259/215/16 257/211/16 258/216/16
f 260/217/1 261/218/1 262/219/1
f 262/219/1 261/218/1 263/220/1
f 264/221/2 261/218/2 265/222/2
f 265/222/2 261/218/2 260/223/2
f 261/221/14 264/218/14 263/224/14
f 263/224/14 264/218/14 266/220/14
f 264/217/15 265/218/15 266/219/15
f 266/219/15 265/218/15 267/220/15
f 267/221/16 262/218/16 266/222/16
f 266/222/16 262/218/16 263/223/16
f 265/221/8 260/218/8 267/224/8
f 267/224/8 260/218/8 262/220/8
f 268/225/15 268/225/15 267/226/15
f 267/226/15 268/225/15 266/227/15
f 268/228/14 269/225/14 266/229/14
f 266/229/14 269/225/14 263/227/14
f 269/230/1 269/230/1 263/226/1
f 263/226/1 269/230/1 262/227/1
f 262/228/2 267/225/2 263/229/2
f 263/229/2 267/225/2 266/227/2
f 269/228/24 268/225/24 262/231/24
f 262/231/24 268/225/24 267/232/24
f 234/233/1 270/234/1 233/235/1
f 233/235/1 270/234/1 271/236/1
f 272/233/2 270/234/2 232/235/2
f 232/235/2 270/234/2 234/236/2
f 270/233/14 272/234/14 271/235/14
f 271/235/14 272/234/14 273/236/14
f 272/233/15 232/234/15 273/235/15
f 273/235/15 232/234/15 230/236/15
f 230/233/16 233/234/16 273/235/16
f 273/235/16 233/234/16 271/236/16
f 232/233/8 234/234/8 230/235/8
f 230/235/8 234/234/8 233/236/8
f 274/237/15 274/237/15 245/238/15
f 245/238/15 274/237/15 244/239/15
f 274/240/14 275/237/14 244/241/14
f 244/241/14 275/237/14 241/239/14
f 275/242/1 275/242/1 241/238/1
f 241/238/1 275/242/1 240/239/1
f 240/240/2 245/237/2 241/241/2
f 241/241/2 245/237/2 244/239/2
f 275/240/24 274/237/24 240/243/24
f 240/243/24 274/237/24 245/244/24
f 97/245/1 276/246/1 277/247/1
f 97/245/1 278/248/1 276/246/1
f 97/245/1 279/249/1 278/248/1
f 97/245/1 280/250/1 279/249/1
f 97/245/1 281/251/1 280/250/1
f 97/245/1 282/252/1 281/251/1
f 97/245/1 283/253/1 282/252/1
f 97/245/1 284/254/1 283/253/1
f 97/245/1 285/255/1 284/254/1
f 97/245/1 286/256/1 285/255/1
f 97/245/1 287/257/1 286/256/1
f 97/245/1 288/258/1 287/257/1
f 97/245/1 289/259/1 288/258/1
f 97/245/1 290/260/1 289/259/1
f 97/245/1 291/261/1 290/260/1
f 97/245/1 292/262/1 291/261/1
f 97/245/1 293/263/1 292/262/1
f 97/245/1 294/264/1 293/263/1
f 97/245/1 295/265/1 294/264/1
f 97/245/1 296/266/1 295/265/1
f 97/245/1 297/267/1 296/266/1
f 97/245/1 298/268/1 297/267/1
f 97/245/1 299/269/1 298/268/1
f 97/245/1 277/247/1 299/269/1
f 300/270/2 294/271/2 301/272/3
f 301/272/3 294/271/2 295/273/3
f 301/272/3 295/273/3 302/274/4
f 302/274/4 295/273/3 296/275/4
f 302/274/4 296/275/4 303/249/5
f 303/249/5 296/275/4 297/261/5
f 303/249/5 297/261/5 304/276/6
f 304/276/6 297/261/5 298/277/6
f 304/276/6 298/277/6 305/278/7
f 305/278/7 298/277/6 299/279/7
f 305/278/7 299/279/7 306/280/8
f 306/280/8 299/279/7 277/281/8
f 294/270/2 300/271/2 293/272/9
f 293/272/9 300/271/2 307/273/9
f 293/272/9 307/273/9 292/274/10
f 292/274/10 307/273/9 308/275/10
f 292/274/10 308/275/10 291/249/11
f 291/249/11 308/275/10 309/261/11
f 291/249/11 309/261/11 290/276/12
f 290/276/12 309/261/11 310/277/12
f 290/276/12 310/277/12 289/278/13
f 289/278/13 310/277/12 311/279/13
f 289/278/13 311/279/13 288/280/14
f 288/280/14 311/279/13 312/281/14
f 313/245/15 307/246/15 300/247/15
f 313/245/15 308/248/15 307/246/15
f 313/245/15 309/249/15 308/248/15
f 313/245/15 310/250/15 309/249/15
f 313/245/15 311/251/15 310/250/15
f 313/245/15 312/252/15 311/251/15
f 313/245/15 314/253/15 312/252/15
f 313/245/15 315/254/15 314/253/15
f 313/245/15 316/255/15 315/254/15
f 313/245/15 317/256/15 316/255/15
f 313/245/15 318/257/15 317/256/15
f 313/245/15 319/258/15 318/257/15
f 313/245/15 320/259/15 319/258/15
f 313/245/15 321/260/15 320/259/15
f 313/245/15 322/261/15 321/260/15
f 313/245/15 323/262/15 322/261/15
f 313/245/15 324/263/15 323/262/15
f 313/245/15 306/264/15 324/263/15
f 313/245/15 305/265/15 306/264/15
f 313/245/15 304/266/15 305/265/15
f 313/245/15 303/267/15 304/266/15
f 313/245/15 302/268/15 303/267/15
f 313/245/15 301/269/15 302/268/15
f 313/245/15 300/247/15 301/269/15
f 319/270/16 282/271/16 318/272/17
f 318/272/17 282/271/16 283/273/17
f 318/272/17 283/273/17 317/274/18
f 317/274/18 283/273/17 284/275/18
f 317/274/18 284/275/18 316/249/19
f 316/249/19 284/275/18 285/261/19
f 316/249/19 285/261/19 315/276/20
f 315/276/20 285/261/19 286/277/20
f 315/276/20 286/277/20 314/278/21
f 314/278/21 286/277/20 287/279/21
f 314/278/21 287/279/21 312/280/14
f 312/280/14 287/279/21 288/281/14
f 306/270/8 277/271/8 324/272/22
f 324/272/22 277/271/8 276/273/22
f 324/272/22 276/273/22 323/274/23
f 323/274/23 276/273/22 278/275/23
f 323/274/23 278/275/23 322/249/24
f 322/249/24 278/275/23 279/261/24
f 322/249/24 279/261/24 321/276/25
f 321/276/25 279/261/24 280/277/25
f 321/276/25 280/277/25 320/278/26
f 320/278/26 280/277/25 281/279/26
f 320/278/26 281/279/26 319/280/16
f 319/280/16 281/279/26 282/281/16
f 155/282/1 166/283/1 148/284/1
f 155/282/1 165/285/1 166/283/1
f 155/282/1 164/286/1 165/285/1
f 155/282/1 163/287/1 164/286/1
f 155/282/1 162/288/1 163/287/1
f 155/282/1 161/289/1 162/288/1
f 155/282/1 160/290/1 161/289/1
f 155/282/1 159/291/1 160/290/1
f 155/282/1 158/292/1 159/291/1
f 155/282/1 157/293/1 158/292/1
f 155/282/1 156/294/1 157/293/1
f 155/282/1 154/295/1 156/294/1
f 155/282/1 153/296/1 154/295/1
f 155/282/1 152/297/1 153/296/1
f 155/282/1 151/298/1 152/297/1
f 155/282/1 150/299/1 151/298/1
f 155/282/1 149/300/1 150/299/1
f 155/282/1 142/301/1 149/300/1
f 155/282/1 143/302/1 142/301/1
f 155/282/1 144/303/1 143/302/1
f 155/282/1 145/304/1 144/303/1
f 155/282/1 146/305/1 145/304/1
f 155/282/1 147/306/1 146/305/1
f 155/282/1 148/284/1 147/306/1
f 20/304/2 142/307/2 21/308/3
f 21/308/3 142/307/2 143/309/3
f 21/308/3 143/309/3 22/310/4
f 22/310/4 143/309/3 144/311/4
f 22/310/4 144/311/4 23/282/5
f 23/282/5 144/311/4 145/298/5
f 23/282/5 145/298/5 24/312/6
f 24/312/6 145/298/5 146/313/6
f 24/312/6 146/313/6 25/314/7
f 25/314/7 146/313/6 147/315/7
f 25/314/7 147/315/7 3/292/8
f 3/292/8 147/315/7 148/316/8
f 142/304/2 20/307/2 149/308/9
f 149/308/9 20/307/2 19/309/9
f 149/308/9 19/309/9 150/310/10
f 150/310/10 19/309/9 18/311/10
f 150/310/10 18/311/10 151/282/11
f 151/282/11 18/311/10 17/298/11
f 151/282/11 17/298/11 152/312/12
f 152/312/12 17/298/11 16/313/12
f 152/312/12 16/313/12 153/314/13
f 153/314/13 16/313/12 15/315/13
f 153/314/13 15/315/13 154/292/14
f 154/292/14 15/315/13 14/316/14
f 1/282/15 19/283/15 20/284/15
f 1/282/15 18/285/15 19/283/15
f 1/282/15 17/286/15 18/285/15
f 1/282/15 16/287/15 17/286/15
f 1/282/15 15/288/15 16/287/15
f 1/282/15 14/289/15 15/288/15
f 1/282/15 13/290/15 14/289/15
f 1/282/15 12/291/15 13/290/15
f 1/282/15 11/292/15 12/291/15
f 1/282/15 10/293/15 11/292/15
f 1/282/15 9/294/15 10/293/15
f 1/282/15 8/295/15 9/294/15
f 1/282/15 7/296/15 8/295/15
f 1/282/15 6/297/15 7/296/15
f 1/282/15 5/298/15 6/297/15
f 1/282/15 4/299/15 5/298/15
f 1/282/15 2/300/15 4/299/15
f 1/282/15 3/301/15 2/300/15
f 1/282/15 25/302/15 3/301/15
f 1/282/15 24/303/15 25/302/15
f 1/282/15 23/304/15 24/303/15
f 1/282/15 22/305/15 23/304/15
f 1/282/15 21/306/15 22/305/15
f 1/282/15 20/284/15 21/306/15
f 8/304/16 161/307/16 9/308/17
f 9/308/17 161/307/16 160/309/17
f 9/308/17 160/309/17 10/310/18
f 10/310/18 160/309/17 159/311/18
f 10/310/18 159/311/18 11/282/19
f 11/282/19 159/311/18 158/298/19
f 11/282/19 158/298/19 12/312/20
f 12/312/20 158/298/19 157/313/20
f 12/312/20 157/313/20 13/314/21
f 13/314/21 157/313/20 156/315/21
f 13/314/21 156/315/21 14/292/14
f 14/292/14 156/315/21 154/316/14
f 3/304/8 148/307/8 2/308/22
f 2/308/22 148/307/8 166/309/22
f 2/308/22 166/309/22 4/310/23
f 4/310/23 166/309/22 165/311/23
f 4/310/23 165/311/23 5/282/24
f 5/282/24 165/311/23 164/298/24
f 5/282/24 164/298/24 6/312/25
f 6/312/25 164/298/24 163/313/25
f 6/312/25 163/313/25 7/314/26
f 7/314/26 163/313/25 162/315/26
f 7/314/26 162/315/26 8/292/16
f 8/292/16 162/315/26 161/316/16
o Mouth
usemtl c_00ff00
f 325/317/1 326/318/1 327/319/1
f 327/319/1 326/318/1 328/320/1
f 329/317/28 326/318/28 330/319/28
f 330/319/28 326/318/28 325/320/28
f 326/317/29 329/318/29 328/319/29
f 328/319/29 329/318/29 331/320/29
f 329/317/15 330/318/15 331/319/15
f 331/319/15 330/318/15 332/320/15
f 332/317/30 327/318/30 331/319/30
f 331/319/30 327/318/30 328/320/30
f 330/317/31 325/318/31 332/319/31
f 332/319/31 325/318/31 327/320/31
f 333/321/1 334/322/1 335/323/1
f 335/323/1 334/322/1 336/324/1
f 337/321/28 334/322/28 338/323/28
f 338/323/28 334/322/28 333/324/28
f 334/321/29 337/322/29 336/323/29
f 336/323/29 337/322/29 339/324/29
f 337/321/15 338/322/15 339/323/15
f 339/323/15 338/322/15 340/324/15
f 340/321/30 335/322/30 339/323/30
f 339/323/30 335/322/30 336/324/30
f 338/321/31 333/322/31 340/323/31
f 340/323/31 333/322/31 335/324/31
f 341/325/1 342/326/1 343/327/1
f 343/327/1 342/326/1 344/328/1
f 345/325/28 342/326/28 346/327/28
f 346/327/28 342/326/28 341/328/28
f 342/325/29 345/326/29 344/327/29
f 344/327/29 345/326/29 347/328/29
f 345/325/15 346/326/15 347/327/15
f 347/327/15 346/326/15 348/328/15
f 348/325/30 343/326/30 347/327/30
f 347/327/30 343/326/30 344/328/30
f 346/325/31 341/326/31 348/327/31
f 348/327/31 341/326/31 343/328/31
f 349/329/1 350/330/1 351/331/1
f 351/331/1 350/330/1 352/332/1
f 353/329/28 350/330/28 354/331/28
f 354/331/28 350/330/28 349/332/28
f 350/329/29 353/330/29 352/331/29
f 352/331/29 353/330/29 355/332/29
f 353/329/15 354/330/15 355/331/15
f 355/331/15 354/330/15 356/332/15
f 356/329/30 351/330/30 355/331/30
f 355/331/30 351/330/30 352/332/30
f 354/329/31 349/330/31 356/331/31
f 356/331/31 349/330/31 351/332/31
f 357/333/1 358/334/1 359/335/1
f 359/335/1 358/334/1 360/336/1
f 361/333/28 358/334/28 362/335/28
f 362/335/28 358/334/28 357/336/28
f 358/333/29 361/334/29 360/335/29
f 360/335/29 361/334/29 363/336/29
f 361/333/15 362/334/15 363/335/15
f 363/335/15 362/334/15 364/336/15
f 364/333/30 359/334/30 363/335/30
f 363/335/30 359/334/30 360/336/30
f 362/333/31 357/334/31 364/335/31
f 364/335/31 357/334/31 359/336/31
f 365/337/1 366/338/1 367/339/1
f 367/339/1 366/338/1 368/340/1
f 369/337/28 366/338/28 370/339/28
f 370/339/28 366/338/28 365/340/28
f 366/337/29 369/338/29 368/339/29
f 368/339/29 369/338/29 371/340/29
f 369/337/15 370/338/15 371/339/15
f 371/339/15 370/338/15 372/340/15
f 372/337/30 367/338/30 371/339/30
f 371/339/30 367/338/30 368/340/30
f 370/337/31 365/338/31 372/339/31
f 372/339/31 365/338/31 367/340/31
usemtl c_d5733d
f 373/234/1 374/341/1 375/236/1
f 375/236/1 374/341/1 376/342/1
f 377/343/28 374/341/28 378/344/28
f 378/344/28 374/341/28 373/345/28
f 374/343/29 377/341/29 376/346/29
f 376/346/29 377/341/29 379/342/29
f 377/234/15 378/341/15 379/236/15
f 379/236/15 378/341/15 380/342/15
f 380/343/30 375/341/30 379/344/30
f 379/344/30 375/341/30 376/345/30
f 378/343/31 373/341/31 380/346/31
f 380/346/31 373/341/31 375/342/31
usemtl c_6225d1
f 381/347/1 335/348/1 382/349/1
f 382/349/1 335/348/1 383/350/1
f 372/351/28 335/348/28 384/352/28
f 384/352/28 335/348/28 381/350/28
f 335/351/29 372/348/29 383/352/29
f 383/352/29 372/348/29 385/350/29
f 372/347/15 384/348/15 385/349/15
f 385/349/15 384/348/15 386/350/15
f 386/351/30 382/348/30 385/352/30
f 385/352/30 382/348/30 383/350/30
f 384/351/31 381/348/31 386/352/31
f 386/352/31 381/348/31 382/350/31
f 335/353/1 387/354/1 388/355/1
f 388/355/1 387/354/1 389/356/1
f 390/353/28 387/354/28 372/357/28
f 372/357/28 387/354/28 335/358/28
f 387/353/29 390/354/29 389/355/29
f 389/355/29 390/354/29 391/356/29
f 390/353/15 372/354/15 391/355/15
f 391/355/15 372/354/15 392/356/15
f 392/353/30 388/354/30 391/357/30
f 391/357/30 388/354/30 389/358/30
f 372/353/31 335/354/31 392/355/31
f 392/355/31 335/354/31 388/356/31
f 392/359/15 392/359/15 386/360/15
f 386/360/15 392/359/15 385/361/15
f 392/362/29 388/359/29 385/363/29
f 385/363/29 388/359/29 383/361/29
f 388/364/1 388/364/1 383/360/1
f 383/360/1 388/364/1 382/361/1
f 382/362/28 386/359/28 383/363/28
f 383/363/28 386/359/28 385/361/28
f 388/362/32 392/359/32 382/365/32
f 382/365/32 392/359/32 386/366/32
o LeftUpperArm
usemtl c_6225d1
f 393/367/1 394/368/1 395/369/1
f 393/367/1 396/370/1 394/368/1
f 393/367/1 397/106/1 396/370/1
f 393/367/1 398/371/1 397/106/1
f 393/367/1 399/372/1 398/371/1
f 393/367/1 400/373/1 399/372/1
f 393/367/1 401/374/1 400/373/1
f 393/367/1 402/375/1 401/374/1
f 393/367/1 403/376/1 402/375/1
f 393/367/1 404/377/1 403/376/1
f 393/367/1 405/378/1 404/377/1
f 393/367/1 406/379/1 405/378/1
f 393/367/1 407/380/1 406/379/1
f 393/367/1 408/381/1 407/380/1
f 393/367/1 409/382/1 408/381/1
f 393/367/1 410/383/1 409/382/1
f 393/367/1 411/384/1 410/383/1
f 393/367/1 412/385/1 411/384/1
f 393/367/1 413/386/1 412/387/1
f 393/367/1 414/388/1 413/386/1
f 393/367/1 415/389/1 414/388/1
f 393/367/1 416/390/1 415/389/1
f 393/367/1 417/391/1 416/390/1
f 393/367/1 395/369/1 417/391/1
f 418/392/28 412/393/28 419/394/27
f 419/394/27 412/393/28 413/395/27
f 419/394/27 413/395/27 420/396/33
f 420/396/33 413/395/27 414/397/33
f 420/396/33 414/397/33 421/398/34
f 421/398/34 414/397/33 415/382/34
f 421/398/34 415/382/34 422/399/35
f 422/399/35 415/382/34 416/400/35
f 422/399/35 416/400/35 423/401/36
f 423/401/36 416/400/35 417/402/36
f 423/401/36 417/402/36 424/403/31
f 424/403/31 417/402/36 395/404/31
f 412/392/28 418/393/28 411/394/37
f 411/394/37 418/393/28 425/395/37
f 411/394/37 425/395/37 410/396/38
f 410/396/38 425/395/37 426/397/38
f 410/396/38 426/397/38 409/398/39
f 409/398/39 426/397/38 427/382/39
f 409/398/39 427/382/39 408/399/40
f 408/399/40 427/382/39 428/400/40
f 408/399/40 428/400/40 407/401/41
f 407/401/41 428/400/40 429/402/41
f 407/401/41 429/402/41 406/403/29
f 406/403/29 429/402/41 430/404/29
f 431/367/15 425/368/15 418/369/15
f 431/367/15 426/370/15 425/368/15
f 431/367/15 427/106/15 426/370/15
f 431/367/15 428/371/15 427/106/15
f 431/367/15 429/372/15 428/371/15
f 431/367/15 430/373/15 429/372/15
f 431/367/15 432/374/15 430/373/15
f 431/367/15 433/375/15 432/374/15
f 431/367/15 434/376/15 433/375/15
f 431/367/15 435/377/15 434/376/15
f 431/367/15 436/378/15 435/377/15
f 431/367/15 437/379/15 436/378/15
f 431/367/15 438/380/15 437/379/15
f 431/367/15 439/381/15 438/380/15
f 431/367/15 440/382/15 439/381/15
f 431/367/15 441/383/15 440/382/15
f 431/367/15 442/384/15 441/383/15
f 431/367/15 424/385/15 442/384/15
f 431/367/15 423/386/15 424/387/15
f 431/367/15 422/388/15 423/386/15
f 431/367/15 421/389/15 422/388/15
f 431/367/15 420/390/15 421/389/15
f 431/367/15 419/391/15 420/390/15
f 431/367/15 418/369/15 419/391/15
f 437/392/30 400/393/30 436/394/42
f 436/394/42 400/393/30 401/395/42
f 436/394/42 401/395/42 435/396/43
f 435/396/43 401/395/42 402/397/43
f 435/396/43 402/397/43 434/398/44
f 434/398/44 402/397/43 403/382/44
f 434/398/44 403/382/44 433/399/45
f 433/399/45 403/382/44 404/400/45
f 433/399/45 404/400/45 432/401/46
f 432/401/46 404/400/45 405/402/46
f 432/401/46 405/402/46 430/403/29
f 430/403/29 405/402/46 406/404/29
f 424/392/31 395/393/31 442/394/47
f 442/394/47 395/393/31 394/395/47
f 442/394/47 394/395/47 441/396/48
f 441/396/48 394/395/47 396/397/48
f 441/396/48 396/397/48 440/398/32
f 440/398/32 396/397/48 397/382/32
f 440/398/32 397/382/32 439/399/49
f 439/399/49 397/382/32 398/400/49
f 439/399/49 398/400/49 438/401/50
f 438/401/50 398/400/49 399/402/50
f 438/401/50 399/402/50 437/403/30
f 437/403/30 399/402/50 400/404/30
f 443/405/1 444/406/1 445/407/1
f 443/405/1 446/408/1 444/406/1
f 443/405/1 447/409/1 446/408/1
f 443/405/1 448/410/1 447/409/1
f 443/405/1 449/411/1 448/410/1
f 443/405/1 450/412/1 449/411/1
f 443/405/1 451/413/1 450/412/1
f 443/405/1 452/414/1 451/413/1
f 443/405/1 453/415/1 452/414/1
f 443/405/1 454/416/1 453/415/1
f 443/405/1 455/417/1 454/416/1
f 443/405/1 456/418/1 455/417/1
f 443/405/1 457/419/1 456/418/1
f 443/405/1 458/420/1 457/419/1
f 443/405/1 459/421/1 458/420/1
f 443/405/1 460/422/1 459/421/1
f 443/405/1 461/423/1 460/422/1
f 443/405/1 462/424/1 461/423/1
f 443/405/1 463/425/1 462/424/1
f 443/405/1 464/426/1 463/425/1
f 443/405/1 465/427/1 464/426/1
f 443/405/1 466/428/1 465/427/1
f 443/405/1 467/429/1 466/428/1
f 443/405/1 445/407/1 467/429/1
f 468/430/28 462/431/28 469/432/27
f 469/432/27 462/431/28 463/433/27
f 469/432/27 463/433/27 470/434/33
f 470/434/33 463/433/27 464/435/33
f 470/434/33 464/435/33 471/409/34
f 471/409/34 464/435/33 465/421/34
f 471/409/34 465/421/34 472/436/35
f 472/436/35 465/421/34 466/437/35
f 472/436/35 466/437/35 473/438/36
f 473/438/36 466/437/35 467/439/36
f 473/438/36 467/439/36 474/440/31
f 474/440/31 467/439/36 445/441/31
f 462/430/28 468/431/28 461/432/37
f 461/432/37 468/431/28 475/433/37
f 461/432/37 475/433/37 460/434/38
f 460/434/38 475/433/37 476/435/38
f 460/434/38 476/435/38 459/409/39
f 459/409/39 476/435/38 477/421/39
f 459/409/39 477/421/39 458/436/40
f 458/436/40 477/421/39 478/437/40
f 458/436/40 478/437/40 457/438/41
f 457/438/41 478/437/40 479/439/41
f 457/438/41 479/439/41 456/440/29
f 456/440/29 479/439/41 480/441/29
f 481/405/15 475/406/15 468/407/15
f 481/405/15 476/408/15 475/406/15
f 481/405/15 477/409/15 476/408/15
f 481/405/15 478/410/15 477/409/15
f 481/405/15 479/411/15 478/410/15
f 481/405/15 480/412/15 479/411/15
f 481/405/15 482/413/15 480/412/15
f 481/405/15 483/414/15 482/413/15
f 481/405/15 484/415/15 483/414/15
f 481/405/15 485/416/15 484/415/15
f 481/405/15 486/417/15 485/416/15
f 481/405/15 487/418/15 486/417/15
f 481/405/15 488/419/15 487/418/15
f 481/405/15 489/420/15 488/419/15
f 481/405/15 490/421/15 489/420/15
f 481/405/15 491/422/15 490/421/15
f 481/405/15 492/423/15 491/422/15
f 481/405/15 474/424/15 492/423/15
f 481/405/15 473/425/15 474/424/15
f 481/405/15 472/426/15 473/425/15
f 481/405/15 471/427/15 472/426/15
f 481/405/15 470/428/15 471/427/15
f 481/405/15 469/429/15 470/428/15
f 481/405/15 468/407/15 469/429/15
f 487/430/30 450/431/30 486/432/42
f 486/432/42 450/431/30 451/433/42
f 486/432/42 451/433/42 485/434/43
f 485/434/43 451/433/42 452/435/43
f 485/434/43 452/435/43 484/409/44
f 484/409/44 452/435/43 453/421/44
f 484/409/44 453/421/44 483/436/45
f 483/436/45 453/421/44 454/437/45
f 483/436/45 454/437/45 482/438/46
f 482/438/46 454/437/45 455/439/46
f 482/438/46 455/439/46 480/440/29
f 480/440/29 455/439/46 456/441/29
f 474/430/31 445/431/31 492/432/47
f 492/432/47 445/431/31 444/433/47
f 492/432/47 444/433/47 491/434/48
f 491/434/48 444/433/47 446/435/48
f 491/434/48 446/435/48 490/409/32
f 490/409/32 446/435/48 447/421/32
f 490/409/32 447/421/32 489/436/49
f 489/436/49 447/421/32 448/437/49
f 489/436/49 448/437/49 488/438/50
f 488/438/50 448/437/49 449/439/50
f 488/438/50 449/439/50 487/440/30
f 487/440/30 449/439/50 450/441/30
f 493/442/1 494/443/1 495/444/1
f 495/444/1 494/443/1 496/445/1
f 497/446/34 494/443/34 498/447/34
f 498/447/34 494/443/34 493/448/34
f 494/446/39 497/443/39 496/449/39
f 496/449/39 497/443/39 499/445/39
f 497/442/15 498/443/15 499/444/15
f 499/444/15 498/443/15 500/445/15
f 500/446/44 495/443/44 499/447/44
f 499/447/44 495/443/44 496/448/44
f 498/446/32 493/443/32 500/449/32
f 500/449/32 493/443/32 495/445/32
usemtl c_00ff00
f 501/450/1 502/451/1 503/452/1
f 501/450/1 504/453/1 502/451/1
f 501/450/1 505/454/1 504/453/1
f 501/450/1 506/455/1 505/454/1
f 501/450/1 507/456/1 506/455/1
f 501/450/1 508/457/1 507/456/1
f 501/450/1 509/458/1 508/457/1
f 501/450/1 510/459/1 509/458/1
f 501/450/1 511/460/1 510/459/1
f 501/450/1 512/461/1 511/460/1
f 501/450/1 513/462/1 512/461/1
f 501/450/1 514/463/1 513/462/1
f 501/450/1 515/464/1 514/463/1
f 501/450/1 516/465/1 515/464/1
f 501/450/1 517/466/1 516/465/1
f 501/450/1 518/467/1 517/466/1
f 501/450/1 519/468/1 518/467/1
f 501/450/1 520/469/1 519/468/1
f 501/450/1 521/470/1 520/469/1
f 501/450/1 522/471/1 521/470/1
f 501/450/1 523/472/1 522/471/1
f 501/450/1 524/473/1 523/472/1
f 501/450/1 525/474/1 524/473/1
f 501/450/1 503/452/1 525/474/1
f 526/347/28 520/475/28 527/476/27
f 527/476/27 520/475/28 521/477/27
f 527/476/27 521/477/27 528/478/33
f 528/478/33 521/477/27 522/479/33
f 528/478/33 522/479/33 529/349/34
f 529/349/34 522/479/33 523/466/34
f 529/349/34 523/466/34 530/480/35
f 530/480/35 523/466/34 524/481/35
f 530/480/35 524/481/35 531/482/36
f 531/482/36 524/481/35 525/483/36
f 531/482/36 525/483/36 532/181/31
f 532/181/31 525/483/36 503/484/31
f 520/347/28 526/475/28 519/476/37
f 519/476/37 526/475/28 533/477/37
f 519/476/37 533/477/37 518/478/38
f 518/478/38 533/477/37 534/479/38
f 518/478/38 534/479/38 517/349/39
f 517/349/39 534/479/38 535/466/39
f 517/349/39 535/466/39 516/480/40
f 516/480/40 535/466/39 536/481/40
f 516/480/40 536/481/40 515/482/41
f 515/482/41 536/481/40 537/483/41
f 515/482/41 537/483/41 514/181/29
f 514/181/29 537/483/41 538/484/29
f 539/450/15 533/451/15 526/452/15
f 539/450/15 534/453/15 533/451/15
f 539/450/15 535/454/15 534/453/15
f 539/450/15 536/455/15 535/454/15
f 539/450/15 537/456/15 536/455/15
f 539/450/15 538/457/15 537/456/15
f 539/450/15 540/458/15 538/457/15
f 539/450/15 541/459/15 540/458/15
f 539/450/15 542/460/15 541/459/15
f 539/450/15 543/461/15 542/460/15
f 539/450/15 544/462/15 543/461/15
f 539/450/15 545/463/15 544/462/15
f 539/450/15 546/464/15 545/463/15
f 539/450/15 547/465/15 546/464/15
f 539/450/15 548/466/15 547/465/15
f 539/450/15 549/467/15 548/466/15
f 539/450/15 550/468/15 549/467/15
f 539/450/15 532/469/15 550/468/15
f 539/450/15 531/470/15 532/469/15
f 539/450/15 530/471/15 531/470/15
f 539/450/15 529/472/15 530/471/15
f 539/450/15 528/473/15 529/472/15
f 539/450/15 527/474/15 528/473/15
f 539/450/15 526/452/15 527/474/15
f 545/347/30 508/475/30 544/476/42
f 544/476/42 508/475/30 509/477/42
f 544/476/42 509/477/42 543/478/43
f 543/478/43 509/477/42 510/479/43
f 543/478/43 510/479/43 542/349/44
f 542/349/44 510/479/43 511/466/44
f 542/349/44 511/466/44 541/480/45
f 541/480/45 511/466/44 512/481/45
f 541/480/45 512/481/45 540/482/46
f 540/482/46 512/481/45 513/483/46
f 540/482/46 513/483/46 538/181/29
f 538/181/29 513/483/46 514/484/29
f 532/347/31 503/475/31 550/476/47
f 550/476/47 503/475/31 502/477/47
f 550/476/47 502/477/47 549/478/48
f 549/478/48 502/477/47 504/479/48
f 549/478/48 504/479/48 548/349/32
f 548/349/32 504/479/48 505/466/32
f 548/349/32 505/466/32 547/480/49
f 547/480/49 505/466/32 506/481/49
f 547/480/49 506/481/49 546/482/50
f 546/482/50 506/481/49 507/483/50
f 546/482/50 507/483/50 545/181/30
f 545/181/30 507/483/50 508/484/30
usemtl c_d5733d
f 551/485/1 552/486/1 553/487/1
f 551/485/1 554/488/1 552/486/1
f 551/485/1 555/489/1 554/488/1
f 551/485/1 556/490/1 555/489/1
f 551/485/1 557/491/1 556/490/1
f 551/485/1 558/492/1 557/491/1
f 551/485/1 559/493/1 558/492/1
f 551/485/1 560/494/1 559/493/1
f 551/485/1 561/495/1 560/494/1
f 551/485/1 562/496/1 561/495/1
f 551/485/1 563/497/1 562/496/1
f 551/485/1 564/498/1 563/497/1
f 551/485/1 565/499/1 564/498/1
f 551/485/1 566/500/1 565/499/1
f 551/485/1 567/501/1 566/500/1
f 551/485/1 568/502/1 567/501/1
f 551/485/1 569/503/1 568/502/1
f 551/485/1 570/504/1 569/503/1
f 551/485/1 571/505/1 570/504/1
f 551/485/1 572/506/1 571/505/1
f 551/485/1 573/507/1 572/506/1
f 551/485/1 574/508/1 573/507/1
f 551/485/1 575/509/1 574/508/1
f 551/485/1 553/487/1 575/509/1
f 576/510/28 570/511/28 577/512/27
f 577/512/27 570/511/28 571/513/27
f 577/512/27 571/513/27 578/514/33
f 578/514/33 571/513/27 572/515/33
f 578/514/33 572/515/33 579/516/34
f 579/516/34 572/515/33 573/501/34
f 579/516/34 573/501/34 580/517/35
f 580/517/35 573/501/34 574/518/35
f 580/517/35 574/518/35 581/519/36
f 581/519/36 574/518/35 575/520/36
f 581/519/36 575/520/36 582/521/31
f 582/521/31 575/520/36 553/522/31
f 570/510/28 576/511/28 569/512/37
f 569/512/37 576/511/28 583/513/37
f 569/512/37 583/513/37 568/514/38
f 568/514/38 583/513/37 584/515/38
f 568/514/38 584/515/38 567/516/39
f 567/516/39 584/515/38 585/501/39
f 567/516/39 585/501/39 566/517/40
f 566/517/40 585/501/39 586/518/40
f 566/517/40 586/518/40 565/519/41
f 565/519/41 586/518/40 587/520/41
f 565/519/41 587/520/41 564/521/29
f 564/521/29 587/520/41 588/522/29
f 589/485/15 583/486/15 576/487/15
f 589/485/15 584/488/15 583/486/15
f 589/485/15 585/489/15 584/488/15
f 589/485/15 586/490/15 585/489/15
f 589/485/15 587/491/15 586/490/15
f 589/485/15 588/492/15 587/491/15
f 589/485/15 590/493/15 588/492/15
f 589/485/15 591/494/15 590/493/15
f 589/485/15 592/495/15 591/494/15
f 589/485/15 593/496/15 592/495/15
f 589/485/15 594/497/15 593/496/15
f 589/485/15 595/498/15 594/497/15
f 589/485/15 596/499/15 595/498/15
f 589/485/15 597/500/15 596/499/15
f 589/485/15 598/501/15 597/500/15
f 589/485/15 599/502/15 598/501/15
f 589/485/15 600/503/15 599/502/15
f 589/485/15 582/504/15 600/503/15
f 589/485/15 581/505/15 582/504/15
f 589/485/15 580/506/15 581/505/15
f 589/485/15 579/507/15 580/506/15
f 589/485/15 578/508/15 579/507/15
f 589/485/15 577/509/15 578/508/15
f 589/485/15 576/487/15 577/509/15
f 595/510/30 558/511/30 594/512/42
f 594/512/42 558/511/30 559/513/42
f 594/512/42 559/513/42 593/514/43
f 593/514/43 559/513/42 560/515/43
f 593/514/43 560/515/43 592/516/44
f 592/516/44 560/515/43 561/501/44
f 592/516/44 561/501/44 591/517/45
f 591/517/45 561/501/44 562/518/45
f 591/517/45 562/518/45 590/519/46
f 590/519/46 562/518/45 563/520/46
f 590/519/46 563/520/46 588/521/29
f 588/521/29 563/520/46 564/522/29
f 582/510/31 553/511/31 600/512/47
f 600/512/47 553/511/31 552/513/47
f 600/512/47 552/513/47 599/514/48
f 599/514/48 552/513/47 554/515/48
f 599/514/48 554/515/48 598/516/32
f 598/516/32 554/515/48 555/501/32
f 598/516/32 555/501/32 597/517/49
f 597/517/49 555/501/32 556/518/49
f 597/517/49 556/518/49 596/519/50
f 596/519/50 556/518/49 557/520/50
f 596/519/50 557/520/50 595/521/30
f 595/521/30 557/520/50 558/522/30
o UpperTorso
usemtl c_6225d1
f 601/523/1 602/524/1 603/525/1
f 603/525/1 602/524/1 604/526/1
f 605/527/51 602/524/51 606/528/51
f 606/528/51 602/524/51 601/529/51
f 602/527/52 605/524/52 604/530/52
f 604/530/52 605/524/52 607/526/52
f 605/523/15 606/524/15 607/525/15
f 607/525/15 606/524/15 608/526/15
f 608/527/53 603/524/53 607/528/53
f 607/528/53 603/524/53 604/529/53
f 606/527/54 601/524/54 608/530/54
f 608/530/54 601/524/54 603/526/54
f 609/531/1 601/532/1 610/533/1
f 610/533/1 601/532/1 603/534/1
f 611/531/51 601/532/51 612/535/51
f 612/535/51 601/532/51 609/536/51
f 601/531/52 611/532/52 603/533/52
f 603/533/52 611/532/52 613/534/52
f 611/531/15 612/532/15 613/533/15
f 613/533/15 612/532/15 614/534/15
f 614/531/53 610/532/53 613/535/53
f 613/535/53 610/532/53 603/536/53
f 612/531/54 609/532/54 614/533/54
f 614/533/54 609/532/54 610/534/54
f 615/537/1 616/538/1 617/539/1
f 617/539/1 616/538/1 618/540/1
f 606/537/51 616/538/51 619/541/51
f 619/541/51 616/538/51 615/542/51
f 616/537/52 606/538/52 618/539/52
f 618/539/52 606/538/52 608/540/52
f 606/537/15 619/538/15 608/539/15
f 608/539/15 619/538/15 620/540/15
f 620/537/53 617/538/53 608/541/53
f 608/541/53 617/538/53 618/542/53
f 619/537/54 615/538/54 620/539/54
f 620/539/54 615/538/54 617/540/54
f 621/376/1 622/543/1 623/544/1
f 623/544/1 622/543/1 624/545/1
f 625/403/8 622/543/8 626/546/8
f 626/546/8 622/543/8 621/547/8
f 622/403/2 625/543/2 624/548/2
f 624/548/2 625/543/2 627/545/2
f 625/376/15 626/543/15 627/544/15
f 627/544/15 626/543/15 628/545/15
f 628/403/14 623/543/14 627/546/14
f 627/546/14 623/543/14 624/547/14
f 626/403/16 621/543/16 628/548/16
f 628/548/16 621/543/16 623/545/16
f 629/549/1 630/550/1 631/551/1
f 631/551/1 630/550/1 632/552/1
f 633/553/8 630/550/8 634/554/8
f 634/554/8 630/550/8 629/555/8
f 630/553/2 633/550/2 632/556/2
f 632/556/2 633/550/2 635/552/2
f 633/549/15 634/550/15 635/551/15
f 635/551/15 634/550/15 636/552/15
f 636/553/14 631/550/14 635/554/14
f 635/554/14 631/550/14 632/555/14
f 634/553/16 629/550/16 636/556/16
f 636/556/16 629/550/16 631/552/16
f 637/557/1 638/558/1 639/559/1
f 637/557/1 640/560/1 638/558/1
f 637/557/1 641/561/1 640/560/1
f 637/557/1 642/562/1 641/561/1
f 637/557/1 643/563/1 642/562/1
f 637/557/1 644/564/1 643/563/1
f 637/557/1 645/565/1 644/564/1
f 637/557/1 646/566/1 645/565/1
f 637/557/1 647/567/1 646/566/1
f 637/557/1 648/568/1 647/567/1
f 637/557/1 649/569/1 648/568/1
f 637/557/1 650/570/1 649/569/1
f 637/557/1 651/571/1 650/570/1
f 637/557/1 652/572/1 651/571/1
f 637/557/1 653/573/1 652/572/1
f 637/557/1 654/574/1 653/573/1
f 637/557/1 655/575/1 654/574/1
f 637/557/1 656/576/1 655/575/1
f 637/557/1 657/577/1 656/576/1
f 637/557/1 658/578/1 657/577/1
f 637/557/1 659/579/1 658/578/1
f 637/557/1 660/580/1 659/579/1
f 637/557/1 661/581/1 660/580/1
f 637/557/1 639/559/1 661/581/1
f 662/582/11 656/583/11 663/584/55
f 663/584/55 656/583/11 657/585/55
f 663/584/55 657/585/55 664/586/41
f 664/586/41 657/585/55 658/587/41
f 664/586/41 658/587/41 665/588/2
f 665/588/2 658/587/41 659/573/2
f 665/588/2 659/573/2 666/589/56
f 666/589/56 659/573/2 660/590/56
f 666/589/56 660/590/56 667/591/38
f 667/591/38 660/590/56 661/592/38
f 667/591/38 661/592/38 668/593/5
f 668/593/5 661/592/38 639/594/5
f 656/582/11 662/583/11 655/584/45
f 655/584/45 662/583/11 669/585/45
f 655/584/45 669/585/45 654/586/57
f 654/586/57 669/585/45 670/587/57
f 654/586/57 670/587/57 653/588/14
f 653/588/14 670/587/57 671/573/14
f 653/588/14 671/573/14 652/589/42
f 652/589/42 671/573/14 672/590/42
f 652/589/42 672/590/42 651/591/58
f 651/591/58 672/590/42 673/592/58
f 651/591/58 673/592/58 650/593/19
f 650/593/19 673/592/58 674/594/19
f 675/557/15 669/558/15 662/559/15
f 675/557/15 670/560/15 669/558/15
f 675/557/15 671/561/15 670/560/15
f 675/557/15 672/562/15 671/561/15
f 675/557/15 673/563/15 672/562/15
f 675/557/15 674/564/15 673/563/15
f 675/557/15 676/565/15 674/564/15
f 675/557/15 677/566/15 676/565/15
f 675/557/15 678/567/15 677/566/15
f 675/557/15 679/568/15 678/567/15
f 675/557/15 680/569/15 679/568/15
f 675/557/15 681/570/15 680/569/15
f 675/557/15 682/571/15 681/570/15
f 675/557/15 683/572/15 682/571/15
f 675/557/15 684/573/15 683/572/15
f 675/557/15 685/574/15 684/573/15
f 675/557/15 686/575/15 685/574/15
f 675/557/15 668/576/15 686/575/15
f 675/557/15 667/577/15 668/576/15
f 675/557/15 666/578/15 667/577/15
f 675/557/15 665/579/15 666/578/15
f 675/557/15 664/580/15 665/579/15
f 675/557/15 663/581/15 664/580/15
f 675/557/15 662/559/15 663/581/15
f 681/582/24 644/583/24 680/584/59
f 680/584/59 644/583/24 645/585/59
f 680/584/59 645/585/59 679/586/47
f 679/586/47 645/585/59 646/587/47
f 679/586/47 646/587/47 678/588/16
f 678/588/16 646/587/47 647/573/16
f 678/588/16 647/573/16 677/589/60
f 677/589/60 647/573/16 648/590/60
f 677/589/60 648/590/60 676/591/49
f 676/591/49 648/590/60 649/592/49
f 676/591/49 649/592/49 674/593/19
f 674/593/19 649/592/49 650/594/19
f 668/582/5 639/583/5 686/584/61
f 686/584/61 639/583/5 638/585/61
f 686/584/61 638/585/61 685/586/27
f 685/586/27 638/585/61 640/587/27
f 685/586/27 640/587/27 684/588/8
f 684/588/8 640/587/27 641/573/8
f 684/588/8 641/573/8 683/589/62
f 683/589/62 641/573/8 642/590/62
f 683/589/62 642/590/62 682/591/35
f 682/591/35 642/590/62 643/592/35
f 682/591/35 643/592/35 681/593/24
f 681/593/24 643/592/35 644/594/24
f 687/595/1 688/596/1 689/597/1
f 687/595/1 690/598/1 688/596/1
f 687/595/1 691/599/1 690/598/1
f 687/595/1 692/600/1 691/599/1
f 687/595/1 693/601/1 692/600/1
f 687/595/1 694/602/1 693/601/1
f 687/595/1 695/603/1 694/602/1
f 687/595/1 696/604/1 695/603/1
f 687/595/1 697/605/1 696/604/1
f 687/595/1 698/606/1 697/605/1
f 687/595/1 699/607/1 698/606/1
f 687/595/1 700/608/1 699/607/1
f 687/595/1 701/609/1 700/608/1
f 687/595/1 702/610/1 701/609/1
f 687/595/1 703/611/1 702/610/1
f 687/595/1 704/612/1 703/611/1
f 687/595/1 705/613/1 704/612/1
f 687/595/1 706/614/1 705/613/1
f 687/595/1 707/615/1 706/614/1
f 687/595/1 708/616/1 707/615/1
f 687/595/1 709/617/1 708/616/1
f 687/595/1 710/618/1 709/617/1
f 687/595/1 711/619/1 710/618/1
f 687/595/1 689/597/1 711/619/1
f 712/620/11 706/621/11 713/622/55
f 713/622/55 706/621/11 707/623/55
f 713/622/55 707/623/55 714/624/41
f 714/624/41 707/623/55 708/625/41
f 714/624/41 708/625/41 715/626/2
f 715/626/2 708/625/41 709/611/2
f 715/626/2 709/611/2 716/627/56
f 716/627/56 709/611/2 710/628/56
f 716/627/56 710/628/56 717/629/38
f 717/629/38 710/628/56 711/630/38
f 717/629/38 711/630/38 718/631/5
f 718/631/5 711/630/38 689/632/5
f 706/620/11 712/621/11 705/622/45
f 705/622/45 712/621/11 719/623/45
f 705/622/45 719/623/45 704/624/57
f 704/624/57 719/623/45 720/625/57
f 704/624/57 720/625/57 703/626/14
f 703/626/14 720/625/57 721/611/14
f 703/626/14 721/611/14 702/627/42
f 702/627/42 721/611/14 722/628/42
f 702/627/42 722/628/42 701/629/58
f 701/629/58 722/628/42 723/630/58
f 701/629/58 723/630/58 700/631/19
f 700/631/19 723/630/58 724/632/19
f 725/595/15 719/596/15 712/597/15
f 725/595/15 720/598/15 719/596/15
f 725/595/15 721/599/15 720/598/15
f 725/595/15 722/600/15 721/599/15
f 725/595/15 723/601/15 722/600/15
f 725/595/15 724/602/15 723/601/15
f 725/595/15 726/603/15 724/602/15
f 725/595/15 727/604/15 726/603/15
f 725/595/15 728/605/15 727/604/15
f 725/595/15 729/606/15 728/605/15
f 725/595/15 730/607/15 729/606/15
f 725/595/15 731/608/15 730/607/15
f 725/595/15 732/609/15 731/608/15
f 725/595/15 733/610/15 732/609/15
f 725/595/15 734/611/15 733/610/15
f 725/595/15 735/612/15 734/611/15
f 725/595/15 736/613/15 735/612/15
f 725/595/15 718/614/15 736/613/15
f 725/595/15 717/615/15 718/614/15
f 725/595/15 716/616/15 717/615/15
f 725/595/15 715/617/15 716/616/15
f 725/595/15 714/618/15 715/617/15
f 725/595/15 713/619/15 714/618/15
f 725/595/15 712/597/15 713/619/15
f 731/620/24 694/621/24 730/622/59
f 730/622/59 694/621/24 695/623/59
f 730/622/59 695/623/59 729/624/47
f 729/624/47 695/623/59 696/625/47
f 729/624/47 696/625/47 728/626/16
f 728/626/16 696/625/47 697/611/16
f 728/626/16 697/611/16 727/627/60
f 727/627/60 697/611/16 698/628/60
f 727/627/60 698/628/60 726/629/49
f 726/629/49 698/628/60 699/630/49
f 726/629/49 699/630/49 724/631/19
f 724/631/19 699/630/49 700/632/19
f 718/620/5 689/621/5 736/622/61
f 736/622/61 689/621/5 688/623/61
f 736/622/61 688/623/61 735/624/27
f 735/624/27 688/623/61 690/625/27
f 735/624/27 690/625/27 734/626/8
f 734/626/8 690/625/27 691/611/8
f 734/626/8 691/611/8 733/627/62
f 733/627/62 691/611/8 692/628/62
f 733/627/62 692/628/62 732/629/35
f 732/629/35 692/628/62 693/630/35
f 732/629/35 693/630/35 731/631/24
f 731/631/24 693/630/35 694/632/24
f 737/633/1 738/634/1 739/635/1
f 737/633/1 740/636/1 738/634/1
f 737/633/1 741/637/1 740/636/1
f 737/633/1 742/638/1 741/637/1
f 737/633/1 743/639/1 742/638/1
f 737/633/1 744/640/1 743/639/1
f 737/633/1 745/641/1 744/640/1
f 737/633/1 746/642/1 745/641/1
f 737/633/1 747/643/1 746/642/1
f 737/633/1 748/644/1 747/643/1
f 737/633/1 749/645/1 748/644/1
f 737/633/1 750/646/1 749/645/1
f 737/633/1 751/647/1 750/646/1
f 737/633/1 752/648/1 751/647/1
f 737/633/1 753/649/1 752/648/1
f 737/633/1 754/650/1 753/649/1
f 737/633/1 755/651/1 754/650/1
f 737/633/1 756/652/1 755/651/1
f 737/633/1 757/653/1 756/652/1
f 737/633/1 758/654/1 757/653/1
f 737/633/1 759/655/1 758/654/1
f 737/633/1 760/656/1 759/655/1
f 737/633/1 761/657/1 760/656/1
f 737/633/1 739/635/1 761/657/1
f 762/658/11 756/659/11 763/660/55
f 763/660/55 756/659/11 757/661/55
f 763/660/55 757/661/55 764/662/41
f 764/662/41 757/661/55 758/663/41
f 764/662/41 758/663/41 765/664/2
f 765/664/2 758/663/41 759/649/2
f 765/664/2 759/649/2 766/665/56
f 766/665/56 759/649/2 760/666/56
f 766/665/56 760/666/56 767/667/38
f 767/667/38 760/666/56 761/668/38
f 767/667/38 761/668/38 768/669/5
f 768/669/5 761/668/38 739/670/5
f 756/658/11 762/659/11 755/660/45
f 755/660/45 762/659/11 769/661/45
f 755/660/45 769/661/45 754/662/57
f 754/662/57 769/661/45 770/663/57
f 754/662/57 770/663/57 753/664/14
f 753/664/14 770/663/57 771/649/14
f 753/664/14 771/649/14 752/665/42
f 752/665/42 771/649/14 772/666/42
f 752/665/42 772/666/42 751/667/58
f 751/667/58 772/666/42 773/668/58
f 751/667/58 773/668/58 750/669/19
f 750/669/19 773/668/58 774/670/19
f 775/633/15 769/634/15 762/635/15
f 775/633/15 770/636/15 769/634/15
f 775/633/15 771/637/15 770/636/15
f 775/633/15 772/638/15 771/637/15
f 775/633/15 773/639/15 772/638/15
f 775/633/15 774/640/15 773/639/15
f 775/633/15 776/641/15 774/640/15
f 775/633/15 777/642/15 776/641/15
f 775/633/15 778/643/15 777/642/15
f 775/633/15 779/644/15 778/643/15
f 775/633/15 780/645/15 779/644/15
f 775/633/15 781/646/15 780/645/15
f 775/633/15 782/647/15 781/646/15
f 775/633/15 783/648/15 782/647/15
f 775/633/15 784/649/15 783/648/15
f 775/633/15 785/650/15 784/649/15
f 775/633/15 786/651/15 785/650/15
f 775/633/15 768/652/15 786/651/15
f 775/633/15 767/653/15 768/652/15
f 775/633/15 766/654/15 767/653/15
f 775/633/15 765/655/15 766/654/15
f 775/633/15 764/656/15 765/655/15
f 775/633/15 763/657/15 764/656/15
f 775/633/15 762/635/15 763/657/15
f 781/658/24 744/659/24 780/660/59
f 780/660/59 744/659/24 745/661/59
f 780/660/59 745/661/59 779/662/47
f 779/662/47 745/661/59 746/663/47
f 779/662/47 746/663/47 778/664/16
f 778/664/16 746/663/47 747/649/16
f 778/664/16 747/649/16 777/665/60
f 777/665/60 747/649/16 748/666/60
f 777/665/60 748/666/60 776/667/49
f 776/667/49 748/666/60 749/668/49
f 776/667/49 749/668/49 774/669/19
f 774/669/19 749/668/49 750/670/19
f 768/658/5 739/659/5 786/660/61
f 786/660/61 739/659/5 738/661/61
f 786/660/61 738/661/61 785/662/27
f 785/662/27 738/661/61 740/663/27
f 785/662/27 740/663/27 784/664/8
f 784/664/8 740/663/27 741/649/8
f 784/664/8 741/649/8 783/665/62
f 783/665/62 741/649/8 742/666/62
f 783/665/62 742/666/62 782/667/35
f 782/667/35 742/666/62 743/668/35
f 782/667/35 743/668/35 781/669/24
f 781/669/24 743/668/35 744/670/24
f 787/671/1 788/672/1 789/673/1
f 787/671/1 790/674/1 788/672/1
f 787/671/1 791/675/1 790/674/1
f 787/671/1 792/676/1 791/675/1
f 787/671/1 793/677/1 792/676/1
f 787/671/1 794/678/1 793/677/1
f 787/671/1 795/679/1 794/678/1
f 787/671/1 796/680/1 795/679/1
f 787/671/1 797/681/1 796/680/1
f 787/671/1 798/682/1 797/681/1
f 787/671/1 799/683/1 798/682/1
f 787/671/1 800/684/1 799/683/1
f 787/671/1 801/685/1 800/684/1
f 787/671/1 802/686/1 801/685/1
f 787/671/1 803/687/1 802/686/1
f 787/671/1 804/688/1 803/687/1
f 787/671/1 805/689/1 804/688/1
f 787/671/1 806/690/1 805/689/1
f 787/671/1 807/691/1 806/690/1
f 787/671/1 808/692/1 807/691/1
f 787/671/1 809/693/1 808/692/1
f 787/671/1 810/694/1 809/693/1
f 787/671/1 811/695/1 810/694/1
f 787/671/1 789/673/1 811/695/1
f 812/696/11 806/697/11 813/698/55
f 813/698/55 806/697/11 807/699/55
f 813/698/55 807/699/55 814/700/41
f 814/700/41 807/699/55 808/701/41
f 814/700/41 808/701/41 815/702/2
f 815/702/2 808/701/41 809/687/2
f 815/702/2 809/687/2 816/703/56
f 816/703/56 809/687/2 810/704/56
f 816/703/56 810/704/56 817/705/38
f 817/705/38 810/704/56 811/706/38
f 817/705/38 811/706/38 818/707/5
f 818/707/5 811/706/38 789/708/5
f 806/696/11 812/697/11 805/698/45
f 805/698/45 812/697/11 819/699/45
f 805/698/45 819/699/45 804/700/57
f 804/700/57 819/699/45 820/701/57
f 804/700/57 820/701/57 803/702/14
f 803/702/14 820/701/57 821/687/14
f 803/702/14 821/687/14 802/703/42
f 802/703/42 821/687/14 822/704/42
f 802/703/42 822/704/42 801/705/58
f 801/705/58 822/704/42 823/706/58
f 801/705/58 823/706/58 800/707/19
f 800/707/19 823/706/58 824/708/19
f 825/671/15 819/672/15 812/673/15
f 825/671/15 820/674/15 819/672/15
f 825/671/15 821/675/15 820/674/15
f 825/671/15 822/676/15 821/675/15
f 825/671/15 823/677/15 822/676/15
f 825/671/15 824/678/15 823/677/15
f 825/671/15 826/679/15 824/678/15
f 825/671/15 827/680/15 826/679/15
f 825/671/15 828/681/15 827/680/15
f 825/671/15 829/682/15 828/681/15
f 825/671/15 830/683/15 829/682/15
f 825/671/15 831/684/15 830/683/15
f 825/671/15 832/685/15 831/684/15
f 825/671/15 833/686/15 832/685/15
f 825/671/15 834/687/15 833/686/15
f 825/671/15 835/688/15 834/687/15
f 825/671/15 836/689/15 835/688/15
f 825/671/15 818/690/15 836/689/15
f 825/671/15 817/691/15 818/690/15
f 825/671/15 816/692/15 817/691/15
f 825/671/15 815/693/15 816/692/15
f 825/671/15 814/694/15 815/693/15
f 825/671/15 813/695/15 814/694/15
f 825/671/15 812/673/15 813/695/15
f 831/696/24 794/697/24 830/698/59
f 830/698/59 794/697/24 795/699/59
f 830/698/59 795/699/59 829/700/47
f 829/700/47 795/699/59 796/701/47
f 829/700/47 796/701/47 828/702/16
f 828/702/16 796/701/47 797/687/16
f 828/702/16 797/687/16 827/703/60
f 827/703/60 797/687/16 798/704/60
f 827/703/60 798/704/60 826/705/49
f 826/705/49 798/704/60 799/706/49
f 826/705/49 799/706/49 824/707/19
f 824/707/19 799/706/49 800/708/19
f 818/696/5 789/697/5 836/698/61
f 836/698/61 789/697/5 788/699/61
f 836/698/61 788/699/61 835/700/27
f 835/700/27 788/699/61 790/701/27
f 835/700/27 790/701/27 834/702/8
f 834/702/8 790/701/27 791/687/8
f 834/702/8 791/687/8 833/703/62
f 833/703/62 791/687/8 792/704/62
f 833/703/62 792/704/62 832/705/35
f 832/705/35 792/704/62 793/706/35
f 832/705/35 793/706/35 831/707/24
f 831/707/24 793/706/35 794/708/24
usemtl c_d5733d
f 837/709/1 838/710/1 839/711/1
f 839/711/1 838/710/1 840/712/1
f 841/713/51 838/710/51 842/714/51
f 842/714/51 838/710/51 837/715/51
f 838/713/52 841/710/52 840/716/52
f 840/716/52 841/710/52 843/712/52
f 841/709/15 842/710/15 843/711/15
f 843/711/15 842/710/15 844/712/15
f 844/713/53 839/710/53 843/714/53
f 843/714/53 839/710/53 840/715/53
f 842/713/54 837/710/54 844/716/54
f 844/716/54 837/710/54 839/712/54
f 845/717/1 846/718/1 847/69/1
f 847/69/1 846/718/1 848/70/1
f 849/719/8 846/718/8 850/720/8
f 850/720/8 846/718/8 845/721/8
f 846/719/2 849/718/2 848/722/2
f 848/722/2 849/718/2 851/70/2
f 849/717/15 850/718/15 851/69/15
f 851/69/15 850/718/15 852/70/15
f 852/719/14 847/718/14 851/720/14
f 851/720/14 847/718/14 848/721/14
f 850/719/16 845/718/16 852/722/16
f 852/722/16 845/718/16 847/70/16
f 853/723/1 854/724/1 855/360/1
f 855/360/1 854/724/1 856/361/1
f 857/725/8 854/724/8 858/726/8
f 858/726/8 854/724/8 853/727/8
f 854/725/2 857/724/2 856/728/2
f 856/728/2 857/724/2 859/361/2
f 857/723/15 858/724/15 859/360/15
f 859/360/15 858/724/15 860/361/15
f 860/725/14 855/724/14 859/726/14
f 859/726/14 855/724/14 856/727/14
f 858/725/16 853/724/16 860/728/16
f 860/728/16 853/724/16 855/361/16
usemtl c_00ff00
f 861/729/1 862/730/1 863/731/1
f 861/729/1 864/732/1 862/730/1
f 861/729/1 865/733/1 864/732/1
f 861/729/1 866/734/1 865/733/1
f 861/729/1 867/735/1 866/734/1
f 861/729/1 868/736/1 867/735/1
f 861/729/1 869/737/1 868/736/1
f 861/729/1 870/738/1 869/737/1
f 861/729/1 871/739/1 870/738/1
f 861/729/1 872/740/1 871/739/1
f 861/729/1 873/741/1 872/740/1
f 861/729/1 874/742/1 873/741/1
f 861/729/1 875/743/1 874/742/1
f 861/729/1 876/744/1 875/743/1
f 861/729/1 877/745/1 876/744/1
f 861/729/1 878/746/1 877/745/1
f 861/729/1 879/747/1 878/746/1
f 861/729/1 880/748/1 879/747/1
f 861/729/1 881/749/1 880/748/1
f 861/729/1 882/750/1 881/749/1
f 861/729/1 883/751/1 882/750/1
f 861/729/1 884/752/1 883/751/1
f 861/729/1 885/753/1 884/752/1
f 861/729/1 863/731/1 885/753/1
f 886/751/11 880/754/11 887/755/55
f 887/755/55 880/754/11 881/756/55
f 887/755/55 881/756/55 888/757/41
f 888/757/41 881/756/55 882/758/41
f 888/757/41 882/758/41 889/729/2
f 889/729/2 882/758/41 883/745/2
f 889/729/2 883/745/2 890/759/56
f 890/759/56 883/745/2 884/760/56
f 890/759/56 884/760/56 891/761/38
f 891/761/38 884/760/56 885/762/38
f 891/761/38 885/762/38 892/739/5
f 892/739/5 885/762/38 863/763/5
f 880/751/11 886/754/11 879/755/45
f 879/755/45 886/754/11 893/756/45
f 879/755/45 893/756/45 878/757/57
f 878/757/57 893/756/45 894/758/57
f 878/757/57 894/758/57 877/729/14
f 877/729/14 894/758/57 895/745/14
f 877/729/14 895/745/14 876/759/42
f 876/759/42 895/745/14 896/760/42
f 876/759/42 896/760/42 875/761/58
f 875/761/58 896/760/42 897/762/58
f 875/761/58 897/762/58 874/739/19
f 874/739/19 897/762/58 898/763/19
f 899/729/15 893/730/15 886/731/15
f 899/729/15 894/732/15 893/730/15
f 899/729/15 895/733/15 894/732/15
f 899/729/15 896/734/15 895/733/15
f 899/729/15 897/735/15 896/734/15
f 899/729/15 898/736/15 897/735/15
f 899/729/15 900/737/15 898/736/15
f 899/729/15 901/738/15 900/737/15
f 899/729/15 902/739/15 901/738/15
f 899/729/15 903/740/15 902/739/15
f 899/729/15 904/741/15 903/740/15
f 899/729/15 905/742/15 904/741/15
f 899/729/15 906/743/15 905/742/15
f 899/729/15 907/744/15 906/743/15
f 899/729/15 908/745/15 907/744/15
f 899/729/15 909/746/15 908/745/15
f 899/729/15 910/747/15 909/746/15
f 899/729/15 892/748/15 910/747/15
f 899/729/15 891/749/15 892/748/15
f 899/729/15 890/750/15 891/749/15
f 899/729/15 889/751/15 890/750/15
f 899/729/15 888/752/15 889/751/15
f 899/729/15 887/753/15 888/752/15
f 899/729/15 886/731/15 887/753/15
f 905/751/24 868/754/24 904/755/59
f 904/755/59 868/754/24 869/756/59
f 904/755/59 869/756/59 903/757/47
f 903/757/47 869/756/59 870/758/47
f 903/757/47 870/758/47 902/729/16
f 902/729/16 870/758/47 871/745/16
f 902/729/16 871/745/16 901/759/60
f 901/759/60 871/745/16 872/760/60
f 901/759/60 872/760/60 900/761/49
f 900/761/49 872/760/60 873/762/49
f 900/761/49 873/762/49 898/739/19
f 898/739/19 873/762/49 874/763/19
f 892/751/5 863/754/5 910/755/61
f 910/755/61 863/754/5 862/756/61
f 910/755/61 862/756/61 909/757/27
f 909/757/27 862/756/61 864/758/27
f 909/757/27 864/758/27 908/729/8
f 908/729/8 864/758/27 865/745/8
f 908/729/8 865/745/8 907/759/62
f 907/759/62 865/745/8 866/760/62
f 907/759/62 866/760/62 906/761/35
f 906/761/35 866/760/62 867/762/35
f 906/761/35 867/762/35 905/739/24
f 905/739/24 867/762/35 868/763/24
f 911/764/1 912/765/1 913/766/1
f 911/764/1 914/767/1 912/765/1
f 911/764/1 915/768/1 914/767/1
f 911/764/1 916/769/1 915/768/1
f 911/764/1 917/770/1 916/769/1
f 911/764/1 918/771/1 917/770/1
f 911/764/1 919/772/1 918/771/1
f 911/764/1 920/773/1 919/772/1
f 911/764/1 921/774/1 920/773/1
f 911/764/1 922/775/1 921/774/1
f 911/764/1 923/776/1 922/775/1
f 911/764/1 924/777/1 923/776/1
f 911/764/1 925/778/1 924/777/1
f 911/764/1 926/779/1 925/778/1
f 911/764/1 927/780/1 926/779/1
f 911/764/1 928/781/1 927/780/1
f 911/764/1 929/782/1 928/781/1
f 911/764/1 930/783/1 929/782/1
f 911/764/1 931/784/1 930/783/1
f 911/764/1 932/785/1 931/784/1
f 911/764/1 933/205/1 932/785/1
f 911/764/1 934/786/1 933/205/1
f 911/764/1 935/787/1 934/786/1
f 911/764/1 913/766/1 935/787/1
f 936/205/11 930/206/11 937/788/55
f 937/788/55 930/206/11 931/789/55
f 937/788/55 931/789/55 938/790/41
f 938/790/41 931/789/55 932/791/41
f 938/790/41 932/791/41 939/764/2
f 939/764/2 932/791/41 933/780/2
f 939/764/2 933/780/2 940/792/56
f 940/792/56 933/780/2 934/793/56
f 940/792/56 934/793/56 941/794/38
f 941/794/38 934/793/56 935/795/38
f 941/794/38 935/795/38 942/774/5
f 942/774/5 935/795/38 913/796/5
f 930/205/11 936/206/11 929/788/45
f 929/788/45 936/206/11 943/789/45
f 929/788/45 943/789/45 928/790/57
f 928/790/57 943/789/45 944/791/57
f 928/790/57 944/791/57 927/764/14
f 927/764/14 944/791/57 945/780/14
f 927/764/14 945/780/14 926/792/42
f 926/792/42 945/780/14 946/793/42
f 926/792/42 946/793/42 925/794/58
f 925/794/58 946/793/42 947/795/58
f 925/794/58 947/795/58 924/774/19
f 924/774/19 947/795/58 948/796/19
f 949/764/15 943/765/15 936/766/15
f 949/764/15 944/767/15 943/765/15
f 949/764/15 945/768/15 944/767/15
f 949/764/15 946/769/15 945/768/15
f 949/764/15 947/770/15 946/769/15
f 949/764/15 948/771/15 947/770/15
f 949/764/15 950/772/15 948/771/15
f 949/764/15 951/773/15 950/772/15
f 949/764/15 952/774/15 951/773/15
f 949/764/15 953/775/15 952/774/15
f 949/764/15 954/776/15 953/775/15
f 949/764/15 955/777/15 954/776/15
f 949/764/15 956/778/15 955/777/15
f 949/764/15 957/779/15 956/778/15
f 949/764/15 958/780/15 957/779/15
f 949/764/15 959/781/15 958/780/15
f 949/764/15 960/782/15 959/781/15
f 949/764/15 942/783/15 960/782/15
f 949/764/15 941/784/15 942/783/15
f 949/764/15 940/785/15 941/784/15
f 949/764/15 939/205/15 940/785/15
f 949/764/15 938/786/15 939/205/15
f 949/764/15 937/787/15 938/786/15
f 949/764/15 936/766/15 937/787/15
f 955/205/24 918/206/24 954/788/59
f 954/788/59 918/206/24 919/789/59
f 954/788/59 919/789/59 953/790/47
f 953/790/47 919/789/59 920/791/47
f 953/790/47 920/791/47 952/764/16
f 952/764/16 920/791/47 921/780/16
f 952/764/16 921/780/16 951/792/60
f 951/792/60 921/780/16 922/793/60
f 951/792/60 922/793/60 950/794/49
f 950/794/49 922/793/60 923/795/49
f 950/794/49 923/795/49 948/774/19
f 948/774/19 923/795/49 924/796/19
f 942/205/5 913/206/5 960/788/61
f 960/788/61 913/206/5 912/789/61
f 960/788/61 912/789/61 959/790/27
f 959/790/27 912/789/61 914/791/27
f 959/790/27 914/791/27 958/764/8
f 958/764/8 914/791/27 915/780/8
f 958/764/8 915/780/8 957/792/62
f 957/792/62 915/780/8 916/793/62
f 957/792/62 916/793/62 956/794/35
f 956/794/35 916/793/62 917/795/35
f 956/794/35 917/795/35 955/774/24
f 955/774/24 917/795/35 918/796/24
f 961/797/1 962/798/1 963/799/1
f 961/797/1 964/800/1 962/798/1
f 961/797/1 965/801/1 964/800/1
f 961/797/1 966/802/1 965/801/1
f 961/797/1 967/803/1 966/802/1
f 961/797/1 968/804/1 967/803/1
f 961/797/1 969/805/1 968/804/1
f 961/797/1 970/806/1 969/805/1
f 961/797/1 971/807/1 970/806/1
f 961/797/1 972/808/1 971/807/1
f 961/797/1 973/809/1 972/808/1
f 961/797/1 974/810/1 973/809/1
f 961/797/1 975/811/1 974/810/1
f 961/797/1 976/812/1 975/811/1
f 961/797/1 977/813/1 976/812/1
f 961/797/1 978/814/1 977/813/1
f 961/797/1 979/815/1 978/814/1
f 961/797/1 980/816/1 979/815/1
f 961/797/1 981/817/1 980/816/1
f 961/797/1 982/818/1 981/817/1
f 961/797/1 983/819/1 982/818/1
f 961/797/1 984/820/1 983/819/1
f 961/797/1 985/821/1 984/820/1
f 961/797/1 963/799/1 985/821/1
f 986/819/11 980/822/11 987/823/55
f 987/823/55 980/822/11 981/824/55
f 987/823/55 981/824/55 988/825/41
f 988/825/41 981/824/55 982/826/41
f 988/825/41 982/826/41 989/797/2
f 989/797/2 982/826/41 983/813/2
f 989/797/2 983/813/2 990/827/56
f 990/827/56 983/813/2 984/828/56
f 990/827/56 984/828/56 991/829/38
f 991/829/38 984/828/56 985/830/38
f 991/829/38 985/830/38 992/807/5
f 992/807/5 985/830/38 963/831/5
f 980/819/11 986/822/11 979/823/45
f 979/823/45 986/822/11 993/824/45
f 979/823/45 993/824/45 978/825/57
f 978/825/57 993/824/45 994/826/57
f 978/825/57 994/826/57 977/797/14
f 977/797/14 994/826/57 995/813/14
f 977/797/14 995/813/14 976/827/42
f 976/827/42 995/813/14 996/828/42
f 976/827/42 996/828/42 975/829/58
f 975/829/58 996/828/42 997/830/58
f 975/829/58 997/830/58 974/807/19
f 974/807/19 997/830/58 998/831/19
f 999/797/15 993/798/15 986/799/15
f 999/797/15 994/800/15 993/798/15
f 999/797/15 995/801/15 994/800/15
f 999/797/15 996/802/15 995/801/15
f 999/797/15 997/803/15 996/802/15
f 999/797/15 998/804/15 997/803/15
f 999/797/15 1000/805/15 998/804/15
f 999/797/15 1001/806/15 1000/805/15
f 999/797/15 1002/807/15 1001/806/15
f 999/797/15 1003/808/15 1002/807/15
f 999/797/15 1004/809/15 1003/808/15
f 999/797/15 1005/810/15 1004/809/15
f 999/797/15 1006/811/15 1005/810/15
f 999/797/15 1007/812/15 1006/811/15
f 999/797/15 1008/813/15 1007/812/15
f 999/797/15 1009/814/15 1008/813/15
f 999/797/15 1010/815/15 1009/814/15
f 999/797/15 992/816/15 1010/815/15
f 999/797/15 991/817/15 992/816/15
f 999/797/15 990/818/15 991/817/15
f 999/797/15 989/819/15 990/818/15
f 999/797/15 988/820/15 989/819/15
f 999/797/15 987/821/15 988/820/15
f 999/797/15 986/799/15 987/821/15
f 1005/819/24 968/822/24 1004/823/59
f 1004/823/59 968/822/24 969/824/59
f 1004/823/59 969/824/59 1003/825/47
f 1003/825/47 969/824/59 970/826/47
f 1003/825/47 970/826/47 1002/797/16
f 1002/797/16 970/826/47 971/813/16
f 1002/797/16 971/813/16 1001/827/60
f 1001/827/60 971/813/16 972/828/60
f 1001/827/60 972/828/60 1000/829/49
f 1000/829/49 972/828/60 973/830/49
f 1000/829/49 973/830/49 998/807/19
f 998/807/19 973/830/49 974/831/19
f 992/819/5 963/822/5 1010/823/61
f 1010/823/61 963/822/5 962/824/61
f 1010/823/61 962/824/61 1009/825/27
f 1009/825/27 962/824/61 964/826/27
f 1009/825/27 964/826/27 1008/797/8
f 1008/797/8 964/826/27 965/813/8
f 1008/797/8 965/813/8 1007/827/62
f 1007/827/62 965/813/8 966/828/62
f 1007/827/62 966/828/62 1006/829/35
f 1006/829/35 966/828/62 967/830/35
f 1006/829/35 967/830/35 1005/807/24
f 1005/807/24 967/830/35 968/831/24
f 1011/832/1 1012/833/1 1013/834/1
f 1013/834/1 1012/833/1 1014/835/1
f 616/832/51 1012/833/51 615/836/51
f 615/836/51 1012/833/51 1011/837/51
f 1012/832/52 616/833/52 1014/834/52
f 1014/834/52 616/833/52 618/835/52
f 616/832/15 615/833/15 618/834/15
f 618/834/15 615/833/15 617/835/15
f 617/832/53 1013/833/53 618/836/53
f 618/836/53 1013/833/53 1014/837/53
f 615/832/54 1011/833/54 617/834/54
f 617/834/54 1011/833/54 1013/835/54
f 1015/838/1 1016/839/1 1017/840/1
f 1015/838/1 1018/841/1 1016/839/1
f 1015/838/1 1019/842/1 1018/841/1
f 1015/838/1 1020/843/1 1019/842/1
f 1015/838/1 1021/844/1 1020/843/1
f 1015/838/1 1022/845/1 1021/844/1
f 1015/838/1 1023/846/1 1022/845/1
f 1015/838/1 1024/847/1 1023/846/1
f 1015/838/1 1025/848/1 1024/847/1
f 1015/838/1 1026/849/1 1025/848/1
f 1015/838/1 1027/850/1 1026/849/1
f 1015/838/1 1028/851/1 1027/850/1
f 1015/838/1 1029/852/1 1028/851/1
f 1015/838/1 1030/853/1 1029/852/1
f 1015/838/1 1031/854/1 1030/853/1
f 1015/838/1 1032/855/1 1031/854/1
f 1015/838/1 1033/856/1 1032/855/1
f 1015/838/1 1034/857/1 1033/856/1
f 1015/838/1 1035/858/1 1034/857/1
f 1015/838/1 1036/859/1 1035/858/1
f 1015/838/1 1037/860/1 1036/859/1
f 1015/838/1 1038/861/1 1037/860/1
f 1015/838/1 1039/862/1 1038/861/1
f 1015/838/1 1017/840/1 1039/862/1
f 1040/860/11 1034/863/11 1041/864/55
f 1041/864/55 1034/863/11 1035/865/55
f 1041/864/55 1035/865/55 1042/866/41
f 1042/866/41 1035/865/55 1036/867/41
f 1042/866/41 1036/867/41 1043/838/2
f 1043/838/2 1036/867/41 1037/854/2
f 1043/838/2 1037/854/2 1044/868/56
f 1044/868/56 1037/854/2 1038/869/56
f 1044/868/56 1038/869/56 1045/870/38
f 1045/870/38 1038/869/56 1039/871/38
f 1045/870/38 1039/871/38 1046/848/5
f 1046/848/5 1039/871/38 1017/872/5
f 1034/860/11 1040/863/11 1033/864/45
f 1033/864/45 1040/863/11 1047/865/45
f 1033/864/45 1047/865/45 1032/866/57
f 1032/866/57 1047/865/45 1048/867/57
f 1032/866/57 1048/867/57 1031/838/14
f 1031/838/14 1048/867/57 1049/854/14
f 1031/838/14 1049/854/14 1030/868/42
f 1030/868/42 1049/854/14 1050/869/42
f 1030/868/42 1050/869/42 1029/870/58
f 1029/870/58 1050/869/42 1051/871/58
f 1029/870/58 1051/871/58 1028/848/19
f 1028/848/19 1051/871/58 1052/872/19
f 1053/838/15 1047/839/15 1040/840/15
f 1053/838/15 1048/841/15 1047/839/15
f 1053/838/15 1049/842/15 1048/841/15
f 1053/838/15 1050/843/15 1049/842/15
f 1053/838/15 1051/844/15 1050/843/15
f 1053/838/15 1052/845/15 1051/844/15
f 1053/838/15 1054/846/15 1052/845/15
f 1053/838/15 1055/847/15 1054/846/15
f 1053/838/15 1056/848/15 1055/847/15
f 1053/838/15 1057/849/15 1056/848/15
f 1053/838/15 1058/850/15 1057/849/15
f 1053/838/15 1059/851/15 1058/850/15
f 1053/838/15 1060/852/15 1059/851/15
f 1053/838/15 1061/853/15 1060/852/15
f 1053/838/15 1062/854/15 1061/853/15
f 1053/838/15 1063/855/15 1062/854/15
f 1053/838/15 1064/856/15 1063/855/15
f 1053/838/15 1046/857/15 1064/856/15
f 1053/838/15 1045/858/15 1046/857/15
f 1053/838/15 1044/859/15 1045/858/15
f 1053/838/15 1043/860/15 1044/859/15
f 1053/838/15 1042/861/15 1043/860/15
f 1053/838/15 1041/862/15 1042/861/15
f 1053/838/15 1040/840/15 1041/862/15
f 1059/860/24 1022/863/24 1058/864/59
f 1058/864/59 1022/863/24 1023/865/59
f 1058/864/59 1023/865/59 1057/866/47
f 1057/866/47 1023/865/59 1024/867/47
f 1057/866/47 1024/867/47 1056/838/16
f 1056/838/16 1024/867/47 1025/854/16
f 1056/838/16 1025/854/16 1055/868/60
f 1055/868/60 1025/854/16 1026/869/60
f 1055/868/60 1026/869/60 1054/870/49
f 1054/870/49 1026/869/60 1027/871/49
f 1054/870/49 1027/871/49 1052/848/19
f 1052/848/19 1027/871/49 1028/872/19
f 1046/860/5 1017/863/5 1064/864/61
f 1064/864/61 1017/863/5 1016/865/61
f 1064/864/61 1016/865/61 1063/866/27
f 1063/866/27 1016/865/61 1018/867/27
f 1063/866/27 1018/867/27 1062/838/8
f 1062/838/8 1018/867/27 1019/854/8
f 1062/838/8 1019/854/8 1061/868/62
f 1061/868/62 1019/854/8 1020/869/62
f 1061/868/62 1020/869/62 1060/870/35
f 1060/870/35 1020/869/62 1021/871/35
f 1060/870/35 1021/871/35 1059/848/24
f 1059/848/24 1021/871/35 1022/872/24
f 612/873/1 611/874/1 614/875/1
f 614/875/1 611/874/1 613/876/1
f 1065/873/51 611/874/51 1066/877/51
f 1066/877/51 611/874/51 612/878/51
f 611/873/52 1065/874/52 613/875/52
f 613/875/52 1065/874/52 1067/876/52
f 1065/873/15 1066/874/15 1067/875/15
f 1067/875/15 1066/874/15 1068/876/15
f 1068/873/53 614/874/53 1067/877/53
f 1067/877/53 614/874/53 613/878/53
f 1066/873/54 612/874/54 1068/875/54
f 1068/875/54 612/874/54 614/876/54
o LeftUpperLeg
usemtl c_6225d1
f 1069/879/1 1070/880/1 1071/881/1
f 1069/879/1 1072/882/1 1070/880/1
f 1069/879/1 1073/883/1 1072/882/1
f 1069/879/1 1074/884/1 1073/883/1
f 1069/879/1 1075/885/1 1074/884/1
f 1069/879/1 1076/886/1 1075/885/1
f 1069/879/1 1077/887/1 1076/886/1
f 1069/879/1 1078/888/1 1077/887/1
f 1069/879/1 1079/889/1 1078/888/1
f 1069/879/1 1080/890/1 1079/889/1
f 1069/879/1 1081/891/1 1080/890/1
f 1069/879/1 1082/892/1 1081/891/1
f 1069/879/1 1083/893/1 1082/892/1
f 1069/879/1 1084/894/1 1083/893/1
f 1069/879/1 1085/895/1 1084/894/1
f 1069/879/1 1086/896/1 1085/895/1
f 1069/879/1 1087/897/1 1086/896/1
f 1069/879/1 1088/898/1 1087/897/1
f 1069/879/1 1089/899/1 1088/898/1
f 1069/879/1 1090/900/1 1089/899/1
f 1069/879/1 1091/901/1 1090/900/1
f 1069/879/1 1092/902/1 1091/901/1
f 1069/879/1 1093/903/1 1092/902/1
f 1069/879/1 1071/881/1 1093/903/1
f 1094/904/63 1088/905/63 1095/906/64
f 1095/906/64 1088/905/63 1089/907/64
f 1095/906/64 1089/907/64 1096/908/55
f 1096/908/55 1089/907/64 1090/909/55
f 1096/908/55 1090/909/55 1097/883/52
f 1097/883/52 1090/909/55 1091/895/52
f 1097/883/52 1091/895/52 1098/910/65
f 1098/910/65 1091/895/52 1092/911/65
f 1098/910/65 1092/911/65 1099/912/56
f 1099/912/56 1092/911/65 1093/913/56
f 1099/912/56 1093/913/56 1100/914/66
f 1100/914/66 1093/913/56 1071/915/66
f 1088/904/63 1094/905/63 1087/906/57
f 1087/906/57 1094/905/63 1101/907/57
f 1087/906/57 1101/907/57 1086/908/67
f 1086/908/67 1101/907/57 1102/909/67
f 1086/908/67 1102/909/67 1085/883/53
f 1085/883/53 1102/909/67 1103/895/53
f 1085/883/53 1103/895/53 1084/910/58
f 1084/910/58 1103/895/53 1104/911/58
f 1084/910/58 1104/911/58 1083/912/68
f 1083/912/68 1104/911/58 1105/913/68
f 1083/912/68 1105/913/68 1082/914/69
f 1082/914/69 1105/913/68 1106/915/69
f 1107/879/15 1101/880/15 1094/881/15
f 1107/879/15 1102/882/15 1101/880/15
f 1107/879/15 1103/883/15 1102/882/15
f 1107/879/15 1104/884/15 1103/883/15
f 1107/879/15 1105/885/15 1104/884/15
f 1107/879/15 1106/886/15 1105/885/15
f 1107/879/15 1108/887/15 1106/886/15
f 1107/879/15 1109/888/15 1108/887/15
f 1107/879/15 1110/889/15 1109/888/15
f 1107/879/15 1111/890/15 1110/889/15
f 1107/879/15 1112/891/15 1111/890/15
f 1107/879/15 1113/892/15 1112/891/15
f 1107/879/15 1114/893/15 1113/892/15
f 1107/879/15 1115/894/15 1114/893/15
f 1107/879/15 1116/895/15 1115/894/15
f 1107/879/15 1117/896/15 1116/895/15
f 1107/879/15 1118/897/15 1117/896/15
f 1107/879/15 1100/898/15 1118/897/15
f 1107/879/15 1099/899/15 1100/898/15
f 1107/879/15 1098/900/15 1099/899/15
f 1107/879/15 1097/901/15 1098/900/15
f 1107/879/15 1096/902/15 1097/901/15
f 1107/879/15 1095/903/15 1096/902/15
f 1107/879/15 1094/881/15 1095/903/15
f 1113/904/70 1076/905/70 1112/906/71
f 1112/906/71 1076/905/70 1077/907/71
f 1112/906/71 1077/907/71 1111/908/59
f 1111/908/59 1077/907/71 1078/909/59
f 1111/908/59 1078/909/59 1110/883/54
f 1110/883/54 1078/909/59 1079/895/54
f 1110/883/54 1079/895/54 1109/910/72
f 1109/910/72 1079/895/54 1080/911/72
f 1109/910/72 1080/911/72 1108/912/60
f 1108/912/60 1080/911/72 1081/913/60
f 1108/912/60 1081/913/60 1106/914/69
f 1106/914/69 1081/913/60 1082/915/69
f 1100/904/66 1071/905/66 1118/906/73
f 1118/906/73 1071/905/66 1070/907/73
f 1118/906/73 1070/907/73 1117/908/61
f 1117/908/61 1070/907/73 1072/909/61
f 1117/908/61 1072/909/61 1116/883/51
f 1116/883/51 1072/909/61 1073/895/51
f 1116/883/51 1073/895/51 1115/910/74
f 1115/910/74 1073/895/51 1074/911/74
f 1115/910/74 1074/911/74 1114/912/62
f 1114/912/62 1074/911/74 1075/913/62
f 1114/912/62 1075/913/62 1113/914/70
f 1113/914/70 1075/913/62 1076/915/70
f 1119/916/1 1120/917/1 1121/918/1
f 1121/918/1 1120/917/1 1122/919/1
f 1123/916/51 1120/917/51 1124/918/51
f 1124/918/51 1120/917/51 1119/919/51
f 1120/916/52 1123/917/52 1122/918/52
f 1122/918/52 1123/917/52 1125/919/52
f 1123/916/15 1124/917/15 1125/918/15
f 1125/918/15 1124/917/15 1126/919/15
f 1126/916/53 1121/917/53 1125/918/53
f 1125/918/53 1121/917/53 1122/919/53
f 1124/916/54 1119/917/54 1126/918/54
f 1126/918/54 1119/917/54 1121/919/54
f 1127/920/1 1128/921/1 1129/922/1
f 1129/922/1 1128/921/1 1085/923/1
f 1130/920/51 1128/921/51 1131/922/51
f 1131/922/51 1128/921/51 1127/923/51
f 1128/920/52 1130/921/52 1085/922/52
f 1085/922/52 1130/921/52 1103/923/52
f 1130/920/15 1131/921/15 1103/922/15
f 1103/922/15 1131/921/15 1132/923/15
f 1132/920/53 1129/921/53 1103/922/53
f 1103/922/53 1129/921/53 1085/923/53
f 1131/920/54 1127/921/54 1132/922/54
f 1132/922/54 1127/921/54 1129/923/54
usemtl c_d5733d
f 1133/924/1 1134/925/1 1135/926/1
f 1133/924/1 1136/927/1 1134/925/1
f 1133/924/1 1137/928/1 1136/927/1
f 1133/924/1 1138/929/1 1137/928/1
f 1133/924/1 1139/930/1 1138/929/1
f 1133/924/1 1140/931/1 1139/930/1
f 1133/924/1 1141/932/1 1140/931/1
f 1133/924/1 1142/933/1 1141/932/1
f 1133/924/1 1143/934/1 1142/933/1
f 1133/924/1 1144/935/1 1143/934/1
f 1133/924/1 1145/936/1 1144/935/1
f 1133/924/1 1146/937/1 1145/936/1
f 1133/924/1 1147/938/1 1146/937/1
f 1133/924/1 1148/939/1 1147/938/1
f 1133/924/1 1149/207/1 1148/939/1
f 1133/924/1 1150/940/1 1149/207/1
f 1133/924/1 1151/941/1 1150/940/1
f 1133/924/1 1152/942/1 1151/941/1
f 1133/924/1 1153/943/1 1152/942/1
f 1133/924/1 1154/944/1 1153/943/1
f 1133/924/1 1155/945/1 1154/944/1
f 1133/924/1 1156/946/1 1155/945/1
f 1133/924/1 1157/947/1 1156/946/1
f 1133/924/1 1135/926/1 1157/947/1
f 1158/549/63 1152/948/63 1159/949/64
f 1159/949/64 1152/948/63 1153/950/64
f 1159/949/64 1153/950/64 1160/951/55
f 1160/951/55 1153/950/64 1154/952/55
f 1160/951/55 1154/952/55 1161/953/52
f 1161/953/52 1154/952/55 1155/207/52
f 1161/953/52 1155/207/52 1162/954/65
f 1162/954/65 1155/207/52 1156/955/65
f 1162/954/65 1156/955/65 1163/956/56
f 1163/956/56 1156/955/65 1157/957/56
f 1163/956/56 1157/957/56 1164/958/66
f 1164/958/66 1157/957/56 1135/210/66
f 1152/549/63 1158/948/63 1151/949/57
f 1151/949/57 1158/948/63 1165/950/57
f 1151/949/57 1165/950/57 1150/951/67
f 1150/951/67 1165/950/57 1166/952/67
f 1150/951/67 1166/952/67 1149/953/53
f 1149/953/53 1166/952/67 1167/207/53
f 1149/953/53 1167/207/53 1148/954/58
f 1148/954/58 1167/207/53 1168/955/58
f 1148/954/58 1168/955/58 1147/956/68
f 1147/956/68 1168/955/58 1169/957/68
f 1147/956/68 1169/957/68 1146/958/69
f 1146/958/69 1169/957/68 1170/210/69
f 1171/924/15 1165/925/15 1158/926/15
f 1171/924/15 1166/927/15 1165/925/15
f 1171/924/15 1167/928/15 1166/927/15
f 1171/924/15 1168/929/15 1167/928/15
f 1171/924/15 1169/930/15 1168/929/15
f 1171/924/15 1170/931/15 1169/930/15
f 1171/924/15 1172/932/15 1170/931/15
f 1171/924/15 1173/933/15 1172/932/15
f 1171/924/15 1174/934/15 1173/933/15
f 1171/924/15 1175/935/15 1174/934/15
f 1171/924/15 1176/936/15 1175/935/15
f 1171/924/15 1177/937/15 1176/936/15
f 1171/924/15 1178/938/15 1177/937/15
f 1171/924/15 1179/939/15 1178/938/15
f 1171/924/15 1180/207/15 1179/939/15
f 1171/924/15 1181/940/15 1180/207/15
f 1171/924/15 1182/941/15 1181/940/15
f 1171/924/15 1164/942/15 1182/941/15
f 1171/924/15 1163/943/15 1164/942/15
f 1171/924/15 1162/944/15 1163/943/15
f 1171/924/15 1161/945/15 1162/944/15
f 1171/924/15 1160/946/15 1161/945/15
f 1171/924/15 1159/947/15 1160/946/15
f 1171/924/15 1158/926/15 1159/947/15
f 1177/549/70 1140/948/70 1176/949/71
f 1176/949/71 1140/948/70 1141/950/71
f 1176/949/71 1141/950/71 1175/951/59
f 1175/951/59 1141/950/71 1142/952/59
f 1175/951/59 1142/952/59 1174/953/54
f 1174/953/54 1142/952/59 1143/207/54
f 1174/953/54 1143/207/54 1173/954/72
f 1173/954/72 1143/207/54 1144/955/72
f 1173/954/72 1144/955/72 1172/956/60
f 1172/956/60 1144/955/72 1145/957/60
f 1172/956/60 1145/957/60 1170/958/69
f 1170/958/69 1145/957/60 1146/210/69
f 1164/549/66 1135/948/66 1182/949/73
f 1182/949/73 1135/948/66 1134/950/73
f 1182/949/73 1134/950/73 1181/951/61
f 1181/951/61 1134/950/73 1136/952/61
f 1181/951/61 1136/952/61 1180/953/51
f 1180/953/51 1136/952/61 1137/207/51
f 1180/953/51 1137/207/51 1179/954/74
f 1179/954/74 1137/207/51 1138/955/74
f 1179/954/74 1138/955/74 1178/956/62
f 1178/956/62 1138/955/74 1139/957/62
f 1178/956/62 1139/957/62 1177/958/70
f 1177/958/70 1139/957/62 1140/210/70
o RightLowerLeg
usemtl c_6225d1
f 1183/919/1 1184/959/1 1185/960/1
f 1183/919/1 1186/961/1 1184/959/1
f 1183/919/1 1187/962/1 1186/961/1
f 1183/919/1 1188/963/1 1187/962/1
f 1183/919/1 1189/964/1 1188/963/1
f 1183/919/1 1190/965/1 1189/964/1
f 1183/919/1 1191/966/1 1190/965/1
f 1183/919/1 1192/967/1 1191/966/1
f 1183/919/1 1193/968/1 1192/967/1
f 1183/919/1 1194/969/1 1193/968/1
f 1183/919/1 1195/970/1 1194/969/1
f 1183/919/1 1196/971/1 1195/970/1
f 1183/919/1 1197/972/1 1196/971/1
f 1183/919/1 1198/973/1 1197/972/1
f 1183/919/1 1199/974/1 1198/973/1
f 1183/919/1 1200/975/1 1199/974/1
f 1183/919/1 1201/976/1 1200/975/1
f 1183/919/1 1202/977/1 1201/976/1
f 1183/919/1 1203/978/1 1202/977/1
f 1183/919/1 1204/979/1 1203/978/1
f 1183/919/1 1205/980/1 1204/979/1
f 1183/919/1 1206/981/1 1205/980/1
f 1183/919/1 1207/982/1 1206/981/1
f 1183/919/1 1185/960/1 1207/982/1
f 1208/980/63 1202/983/63 1209/984/64
f 1209/984/64 1202/983/63 1203/985/64
f 1209/984/64 1203/985/64 1210/986/55
f 1210/986/55 1203/985/64 1204/987/55
f 1210/986/55 1204/987/55 1211/919/52
f 1211/919/52 1204/987/55 1205/974/52
f 1211/919/52 1205/974/52 1212/988/65
f 1212/988/65 1205/974/52 1206/989/65
f 1212/988/65 1206/989/65 1213/990/56
f 1213/990/56 1206/989/65 1207/991/56
f 1213/990/56 1207/991/56 1214/968/66
f 1214/968/66 1207/991/56 1185/992/66
f 1202/980/63 1208/983/63 1201/984/57
f 1201/984/57 1208/983/63 1215/985/57
f 1201/984/57 1215/985/57 1200/986/67
f 1200/986/67 1215/985/57 1216/987/67
f 1200/986/67 1216/987/67 1199/919/53
f 1199/919/53 1216/987/67 1217/974/53
f 1199/919/53 1217/974/53 1198/988/58
f 1198/988/58 1217/974/53 1218/989/58
f 1198/988/58 1218/989/58 1197/990/68
f 1197/990/68 1218/989/58 1219/991/68
f 1197/990/68 1219/991/68 1196/968/69
f 1196/968/69 1219/991/68 1220/992/69
f 1221/919/15 1215/959/15 1208/960/15
f 1221/919/15 1216/961/15 1215/959/15
f 1221/919/15 1217/962/15 1216/961/15
f 1221/919/15 1218/963/15 1217/962/15
f 1221/919/15 1219/964/15 1218/963/15
f 1221/919/15 1220/965/15 1219/964/15
f 1221/919/15 1222/966/15 1220/965/15
f 1221/919/15 1223/967/15 1222/966/15
f 1221/919/15 1224/968/15 1223/967/15
f 1221/919/15 1225/969/15 1224/968/15
f 1221/919/15 1226/970/15 1225/969/15
f 1221/919/15 1227/971/15 1226/970/15
f 1221/919/15 1228/972/15 1227/971/15
f 1221/919/15 1229/973/15 1228/972/15
f 1221/919/15 1230/974/15 1229/973/15
f 1221/919/15 1231/975/15 1230/974/15
f 1221/919/15 1232/976/15 1231/975/15
f 1221/919/15 1214/977/15 1232/976/15
f 1221/919/15 1213/978/15 1214/977/15
f 1221/919/15 1212/979/15 1213/978/15
f 1221/919/15 1211/980/15 1212/979/15
f 1221/919/15 1210/981/15 1211/980/15
f 1221/919/15 1209/982/15 1210/981/15
f 1221/919/15 1208/960/15 1209/982/15
f 1227/980/70 1190/983/70 1226/984/71
f 1226/984/71 1190/983/70 1191/985/71
f 1226/984/71 1191/985/71 1225/986/59
f 1225/986/59 1191/985/71 1192/987/59
f 1225/986/59 1192/987/59 1224/919/54
f 1224/919/54 1192/987/59 1193/974/54
f 1224/919/54 1193/974/54 1223/988/72
f 1223/988/72 1193/974/54 1194/989/72
f 1223/988/72 1194/989/72 1222/990/60
f 1222/990/60 1194/989/72 1195/991/60
f 1222/990/60 1195/991/60 1220/968/69
f 1220/968/69 1195/991/60 1196/992/69
f 1214/980/66 1185/983/66 1232/984/73
f 1232/984/73 1185/983/66 1184/985/73
f 1232/984/73 1184/985/73 1231/986/61
f 1231/986/61 1184/985/73 1186/987/61
f 1231/986/61 1186/987/61 1230/919/51
f 1230/919/51 1186/987/61 1187/974/51
f 1230/919/51 1187/974/51 1229/988/74
f 1229/988/74 1187/974/51 1188/989/74
f 1229/988/74 1188/989/74 1228/990/62
f 1228/990/62 1188/989/74 1189/991/62
f 1228/990/62 1189/991/62 1227/968/70
f 1227/968/70 1189/991/62 1190/992/70
f 1233/230/1 1234/993/1 1235/994/1
f 1233/230/1 1236/995/1 1234/993/1
f 1233/230/1 1237/996/1 1236/995/1
f 1233/230/1 1238/997/1 1237/996/1
f 1233/230/1 1239/998/1 1238/997/1
f 1233/230/1 1240/999/1 1239/998/1
f 1233/230/1 1241/1000/1 1240/999/1
f 1233/230/1 1242/1001/1 1241/1000/1
f 1233/230/1 1243/226/1 1242/1001/1
f 1233/230/1 1244/1002/1 1243/226/1
f 1233/230/1 1245/1003/1 1244/1002/1
f 1233/230/1 1246/1004/1 1245/1003/1
f 1233/230/1 1247/1005/1 1246/1004/1
f 1233/230/1 1248/1006/1 1247/1005/1
f 1233/230/1 1249/225/1 1248/1006/1
f 1233/230/1 1250/1007/1 1249/225/1
f 1233/230/1 1251/1008/1 1250/1007/1
f 1233/230/1 1252/1009/1 1251/1008/1
f 1233/230/1 1253/1010/1 1252/1009/1
f 1233/230/1 1254/1011/1 1253/1010/1
f 1233/230/1 1255/1012/1 1254/1011/1
f 1233/230/1 1256/1013/1 1255/1012/1
f 1233/230/1 1257/1014/1 1256/1013/1
f 1233/230/1 1235/994/1 1257/1014/1
f 1258/1012/63 1252/1015/63 1259/1016/64
f 1259/1016/64 1252/1015/63 1253/1017/64
f 1259/1016/64 1253/1017/64 1260/1018/55
f 1260/1018/55 1253/1017/64 1254/1019/55
f 1260/1018/55 1254/1019/55 1261/230/52
f 1261/230/52 1254/1019/55 1255/225/52
f 1261/230/52 1255/225/52 1262/1020/65
f 1262/1020/65 1255/225/52 1256/1021/65
f 1262/1020/65 1256/1021/65 1263/1022/56
f 1263/1022/56 1256/1021/65 1257/1023/56
f 1263/1022/56 1257/1023/56 1264/226/66
f 1264/226/66 1257/1023/56 1235/227/66
f 1252/1012/63 1258/1015/63 1251/1016/57
f 1251/1016/57 1258/1015/63 1265/1017/57
f 1251/1016/57 1265/1017/57 1250/1018/67
f 1250/1018/67 1265/1017/57 1266/1019/67
f 1250/1018/67 1266/1019/67 1249/230/53
f 1249/230/53 1266/1019/67 1267/225/53
f 1249/230/53 1267/225/53 1248/1020/58
f 1248/1020/58 1267/225/53 1268/1021/58
f 1248/1020/58 1268/1021/58 1247/1022/68
f 1247/1022/68 1268/1021/58 1269/1023/68
f 1247/1022/68 1269/1023/68 1246/226/69
f 1246/226/69 1269/1023/68 1270/227/69
f 1271/230/15 1265/993/15 1258/994/15
f 1271/230/15 1266/995/15 1265/993/15
f 1271/230/15 1267/996/15 1266/995/15
f 1271/230/15 1268/997/15 1267/996/15
f 1271/230/15 1269/998/15 1268/997/15
f 1271/230/15 1270/999/15 1269/998/15
f 1271/230/15 1272/1000/15 1270/999/15
f 1271/230/15 1273/1001/15 1272/1000/15
f 1271/230/15 1274/226/15 1273/1001/15
f 1271/230/15 1275/1002/15 1274/226/15
f 1271/230/15 1276/1003/15 1275/1002/15
f 1271/230/15 1277/1004/15 1276/1003/15
f 1271/230/15 1278/1005/15 1277/1004/15
f 1271/230/15 1279/1006/15 1278/1005/15
f 1271/230/15 1280/225/15 1279/1006/15
f 1271/230/15 1281/1007/15 1280/225/15
f 1271/230/15 1282/1008/15 1281/1007/15
f 1271/230/15 1264/1009/15 1282/1008/15
f 1271/230/15 1263/1010/15 1264/1009/15
f 1271/230/15 1262/1011/15 1263/1010/15
f 1271/230/15 1261/1012/15 1262/1011/15
f 1271/230/15 1260/1013/15 1261/1012/15
f 1271/230/15 1259/1014/15 1260/1013/15
f 1271/230/15 1258/994/15 1259/1014/15
f 1277/1012/70 1240/1015/70 1276/1016/71
f 1276/1016/71 1240/1015/70 1241/1017/71
f 1276/1016/71 1241/1017/71 1275/1018/59
f 1275/1018/59 1241/1017/71 1242/1019/59
f 1275/1018/59 1242/1019/59 1274/230/54
f 1274/230/54 1242/1019/59 1243/225/54
f 1274/230/54 1243/225/54 1273/1020/72
f 1273/1020/72 1243/225/54 1244/1021/72
f 1273/1020/72 1244/1021/72 1272/1022/60
f 1272/1022/60 1244/1021/72 1245/1023/60
f 1272/1022/60 1245/1023/60 1270/226/69
f 1270/226/69 1245/1023/60 1246/227/69
f 1264/1012/66 1235/1015/66 1282/1016/73
f 1282/1016/73 1235/1015/66 1234/1017/73
f 1282/1016/73 1234/1017/73 1281/1018/61
f 1281/1018/61 1234/1017/73 1236/1019/61
f 1281/1018/61 1236/1019/61 1280/230/51
f 1280/230/51 1236/1019/61 1237/225/51
f 1280/230/51 1237/225/51 1279/1020/74
f 1279/1020/74 1237/225/51 1238/1021/74
f 1279/1020/74 1238/1021/74 1278/1022/62
f 1278/1022/62 1238/1021/74 1239/1023/62
f 1278/1022/62 1239/1023/62 1277/226/70
f 1277/226/70 1239/1023/62 1240/227/70
f 1243/1024/1 1255/1025/1 1283/1026/1
f 1283/1026/1 1255/1025/1 1284/1027/1
f 1261/1028/51 1255/1025/51 1274/1029/51
f 1274/1029/51 1255/1025/51 1243/1027/51
f 1255/1028/52 1261/1025/52 1284/1029/52
f 1284/1029/52 1261/1025/52 1285/1027/52
f 1261/1024/15 1274/1025/15 1285/1026/15
f 1285/1026/15 1274/1025/15 1286/1027/15
f 1286/1028/53 1283/1025/53 1285/1029/53
f 1285/1029/53 1283/1025/53 1284/1027/53
f 1274/1028/54 1243/1025/54 1286/1029/54
f 1286/1029/54 1243/1025/54 1283/1027/54
f 1193/1030/1 1205/281/1 1287/1031/1
f 1287/1031/1 1205/281/1 1288/1032/1
f 1211/280/51 1205/281/51 1224/1033/51
f 1224/1033/51 1205/281/51 1193/1032/51
f 1205/280/52 1211/281/52 1288/1033/52
f 1288/1033/52 1211/281/52 1289/1032/52
f 1211/1030/15 1224/281/15 1289/1031/15
f 1289/1031/15 1224/281/15 1290/1032/15
f 1290/280/53 1287/281/53 1289/1033/53
f 1289/1033/53 1287/281/53 1288/1032/53
f 1224/280/54 1193/281/54 1290/1033/54
f 1290/1033/54 1193/281/54 1287/1032/54
usemtl c_00ff00
f 1291/1034/1 1292/1035/1 1293/1036/1
f 1291/1034/1 1294/1037/1 1292/1035/1
f 1291/1034/1 1295/1038/1 1294/1037/1
f 1291/1034/1 1296/1039/1 1295/1038/1
f 1291/1034/1 1297/1040/1 1296/1039/1
f 1291/1034/1 1298/1041/1 1297/1040/1
f 1291/1034/1 1299/1042/1 1298/1041/1
f 1291/1034/1 1300/1043/1 1299/1042/1
f 1291/1034/1 1301/1044/1 1300/1043/1
f 1291/1034/1 1302/1045/1 1301/1044/1
f 1291/1034/1 1303/1046/1 1302/1045/1
f 1291/1034/1 1304/1047/1 1303/1046/1
f 1291/1034/1 1305/1048/1 1304/1047/1
f 1291/1034/1 1306/1049/1 1305/1048/1
f 1291/1034/1 1307/1050/1 1306/1049/1
f 1291/1034/1 1308/1051/1 1307/1050/1
f 1291/1034/1 1309/1052/1 1308/1051/1
f 1291/1034/1 1310/1053/1 1309/1052/1
f 1291/1034/1 1311/1054/1 1310/1053/1
f 1291/1034/1 1312/1055/1 1311/1054/1
f 1291/1034/1 1313/1056/1 1312/1055/1
f 1291/1034/1 1314/1057/1 1313/1056/1
f 1291/1034/1 1315/1058/1 1314/1057/1
f 1291/1034/1 1293/1036/1 1315/1058/1
f 1316/1059/63 1310/330/63 1317/1060/64
f 1317/1060/64 1310/330/63 1311/1061/64
f 1317/1060/64 1311/1061/64 1318/1062/55
f 1318/1062/55 1311/1061/64 1312/332/55
f 1318/1062/55 1312/332/55 1319/1063/52
f 1319/1063/52 1312/332/55 1313/1050/52
f 1319/1063/52 1313/1050/52 1320/357/65
f 1320/357/65 1313/1050/52 1314/358/65
f 1320/357/65 1314/358/65 1321/1064/56
f 1321/1064/56 1314/358/65 1315/1065/56
f 1321/1064/56 1315/1065/56 1322/1066/66
f 1322/1066/66 1315/1065/56 1293/1067/66
f 1310/1059/63 1316/330/63 1309/1060/57
f 1309/1060/57 1316/330/63 1323/1061/57
f 1309/1060/57 1323/1061/57 1308/1062/67
f 1308/1062/67 1323/1061/57 1324/332/67
f 1308/1062/67 1324/332/67 1307/1063/53
f 1307/1063/53 1324/332/67 1325/1050/53
f 1307/1063/53 1325/1050/53 1306/357/58
f 1306/357/58 1325/1050/53 1326/358/58
f 1306/357/58 1326/358/58 1305/1064/68
f 1305/1064/68 1326/358/58 1327/1065/68
f 1305/1064/68 1327/1065/68 1304/1066/69
f 1304/1066/69 1327/1065/68 1328/1067/69
f 1329/1034/15 1323/1035/15 1316/1036/15
f 1329/1034/15 1324/1037/15 1323/1035/15
f 1329/1034/15 1325/1038/15 1324/1037/15
f 1329/1034/15 1326/1039/15 1325/1038/15
f 1329/1034/15 1327/1040/15 1326/1039/15
f 1329/1034/15 1328/1041/15 1327/1040/15
f 1329/1034/15 1330/1042/15 1328/1041/15
f 1329/1034/15 1331/1043/15 1330/1042/15
f 1329/1034/15 1332/1044/15 1331/1043/15
f 1329/1034/15 1333/1045/15 1332/1044/15
f 1329/1034/15 1334/1046/15 1333/1045/15
f 1329/1034/15 1335/1047/15 1334/1046/15
f 1329/1034/15 1336/1048/15 1335/1047/15
f 1329/1034/15 1337/1049/15 1336/1048/15
f 1329/1034/15 1338/1050/15 1337/1049/15
f 1329/1034/15 1339/1051/15 1338/1050/15
f 1329/1034/15 1340/1052/15 1339/1051/15
f 1329/1034/15 1322/1053/15 1340/1052/15
f 1329/1034/15 1321/1054/15 1322/1053/15
f 1329/1034/15 1320/1055/15 1321/1054/15
f 1329/1034/15 1319/1056/15 1320/1055/15
f 1329/1034/15 1318/1057/15 1319/1056/15
f 1329/1034/15 1317/1058/15 1318/1057/15
f 1329/1034/15 1316/1036/15 1317/1058/15
f 1335/1059/70 1298/330/70 1334/1060/71
f 1334/1060/71 1298/330/70 1299/1061/71
f 1334/1060/71 1299/1061/71 1333/1062/59
f 1333/1062/59 1299/1061/71 1300/332/59
f 1333/1062/59 1300/332/59 1332/1063/54
f 1332/1063/54 1300/332/59 1301/1050/54
f 1332/1063/54 1301/1050/54 1331/357/72
f 1331/357/72 1301/1050/54 1302/358/72
f 1331/357/72 1302/358/72 1330/1064/60
f 1330/1064/60 1302/358/72 1303/1065/60
f 1330/1064/60 1303/1065/60 1328/1066/69
f 1328/1066/69 1303/1065/60 1304/1067/69
f 1322/1059/66 1293/330/66 1340/1060/73
f 1340/1060/73 1293/330/66 1292/1061/73
f 1340/1060/73 1292/1061/73 1339/1062/61
f 1339/1062/61 1292/1061/73 1294/332/61
f 1339/1062/61 1294/332/61 1338/1063/51
f 1338/1063/51 1294/332/61 1295/1050/51
f 1338/1063/51 1295/1050/51 1337/357/74
f 1337/357/74 1295/1050/51 1296/358/74
f 1337/357/74 1296/358/74 1336/1064/62
f 1336/1064/62 1296/358/74 1297/1065/62
f 1336/1064/62 1297/1065/62 1335/1066/70
f 1335/1066/70 1297/1065/62 1298/1067/70
o Head
usemtl c_6225d1
f 1341/1068/1 1342/1069/1 1343/1070/1
f 1341/1068/1 1344/1071/1 1342/1069/1
f 1341/1068/1 1345/1072/1 1344/1071/1
f 1341/1068/1 1346/1073/1 1345/1072/1
f 1341/1068/1 1347/1074/1 1346/1073/1
f 1341/1068/1 1348/1075/1 1347/1074/1
f 1341/1068/1 1349/1076/1 1348/1075/1
f 1341/1068/1 1350/1077/1 1349/1076/1
f 1341/1068/1 1351/1078/1 1350/1077/1
f 1341/1068/1 1352/1079/1 1351/1078/1
f 1341/1068/1 1353/1080/1 1352/1079/1
f 1341/1068/1 1354/1081/1 1353/1080/1
f 1341/1068/1 1355/1082/1 1354/1081/1
f 1341/1068/1 1356/1083/1 1355/1082/1
f 1341/1068/1 1357/1084/1 1356/1083/1
f 1341/1068/1 1358/1085/1 1357/1084/1
f 1341/1068/1 1359/1086/1 1358/1085/1
f 1341/1068/1 1360/1087/1 1359/1086/1
f 1341/1068/1 1361/1088/1 1360/1089/1
f 1341/1068/1 1362/1090/1 1361/1088/1
f 1341/1068/1 1363/1091/1 1362/1090/1
f 1341/1068/1 1364/1092/1 1363/1091/1
f 1341/1068/1 1365/1093/1 1364/1092/1
f 1341/1068/1 1343/1070/1 1365/1093/1
f 1366/1094/14 1360/1095/14 1367/1096/13
f 1367/1096/13 1360/1095/14 1361/1097/13
f 1367/1096/13 1361/1097/13 1368/1098/12
f 1368/1098/12 1361/1097/13 1362/1099/12
f 1368/1098/12 1362/1099/12 1369/1100/11
f 1369/1100/11 1362/1099/12 1363/1084/11
f 1369/1100/11 1363/1084/11 1370/1101/10
f 1370/1101/10 1363/1084/11 1364/1102/10
f 1370/1101/10 1364/1102/10 1371/1103/9
f 1371/1103/9 1364/1102/10 1365/1104/9
f 1371/1103/9 1365/1104/9 1372/1105/2
f 1372/1105/2 1365/1104/9 1343/1106/2
f 1360/1094/14 1366/1095/14 1359/1096/21
f 1359/1096/21 1366/1095/14 1373/1097/21
f 1359/1096/21 1373/1097/21 1358/1098/20
f 1358/1098/20 1373/1097/21 1374/1099/20
f 1358/1098/20 1374/1099/20 1357/1100/19
f 1357/1100/19 1374/1099/20 1375/1084/19
f 1357/1100/19 1375/1084/19 1356/1101/18
f 1356/1101/18 1375/1084/19 1376/1102/18
f 1356/1101/18 1376/1102/18 1355/1103/17
f 1355/1103/17 1376/1102/18 1377/1104/17
f 1355/1103/17 1377/1104/17 1354/1105/16
f 1354/1105/16 1377/1104/17 1378/1106/16
f 1379/1068/15 1373/1069/15 1366/1070/15
f 1379/1068/15 1374/1071/15 1373/1069/15
f 1379/1068/15 1375/1072/15 1374/1071/15
f 1379/1068/15 1376/1073/15 1375/1072/15
f 1379/1068/15 1377/1074/15 1376/1073/15
f 1379/1068/15 1378/1075/15 1377/1074/15
f 1379/1068/15 1380/1076/15 1378/1075/15
f 1379/1068/15 1381/1077/15 1380/1076/15
f 1379/1068/15 1382/1078/15 1381/1077/15
f 1379/1068/15 1383/1079/15 1382/1078/15
f 1379/1068/15 1384/1080/15 1383/1079/15
f 1379/1068/15 1385/1081/15 1384/1080/15
f 1379/1068/15 1386/1082/15 1385/1081/15
f 1379/1068/15 1387/1083/15 1386/1082/15
f 1379/1068/15 1388/1084/15 1387/1083/15
f 1379/1068/15 1389/1085/15 1388/1084/15
f 1379/1068/15 1390/1086/15 1389/1085/15
f 1379/1068/15 1372/1087/15 1390/1086/15
f 1379/1068/15 1371/1088/15 1372/1089/15
f 1379/1068/15 1370/1090/15 1371/1088/15
f 1379/1068/15 1369/1091/15 1370/1090/15
f 1379/1068/15 1368/1092/15 1369/1091/15
f 1379/1068/15 1367/1093/15 1368/1092/15
f 1379/1068/15 1366/1070/15 1367/1093/15
f 1385/1094/8 1348/1095/8 1384/1096/22
f 1384/1096/22 1348/1095/8 1349/1097/22
f 1384/1096/22 1349/1097/22 1383/1098/23
f 1383/1098/23 1349/1097/22 1350/1099/23
f 1383/1098/23 1350/1099/23 1382/1100/24
f 1382/1100/24 1350/1099/23 1351/1084/24
f 1382/1100/24 1351/1084/24 1381/1101/25
f 1381/1101/25 1351/1084/24 1352/1102/25
f 1381/1101/25 1352/1102/25 1380/1103/26
f 1380/1103/26 1352/1102/25 1353/1104/26
f 1380/1103/26 1353/1104/26 1378/1105/16
f 1378/1105/16 1353/1104/26 1354/1106/16
f 1372/1094/2 1343/1095/2 1390/1096/3
f 1390/1096/3 1343/1095/2 1342/1097/3
f 1390/1096/3 1342/1097/3 1389/1098/4
f 1389/1098/4 1342/1097/3 1344/1099/4
f 1389/1098/4 1344/1099/4 1388/1100/5
f 1388/1100/5 1344/1099/4 1345/1084/5
f 1388/1100/5 1345/1084/5 1387/1101/6
f 1387/1101/6 1345/1084/5 1346/1102/6
f 1387/1101/6 1346/1102/6 1386/1103/7
f 1386/1103/7 1346/1102/6 1347/1104/7
f 1386/1103/7 1347/1104/7 1385/1105/8
f 1385/1105/8 1347/1104/7 1348/1106/8
f 1391/1107/1 1392/1108/1 1393/1109/1
f 1393/1109/1 1392/1108/1 1394/1110/1
f 1395/1107/5 1392/1108/5 1396/1111/5
f 1396/1111/5 1392/1108/5 1391/1112/5
f 1392/1107/11 1395/1108/11 1394/1109/11
f 1394/1109/11 1395/1108/11 1397/1110/11
f 1395/1107/15 1396/1108/15 1397/1109/15
f 1397/1109/15 1396/1108/15 1398/1110/15
f 1398/1107/19 1393/1108/19 1397/1111/19
f 1397/1111/19 1393/1108/19 1394/1112/19
f 1396/1107/24 1391/1108/24 1398/1109/24
f 1398/1109/24 1391/1108/24 1393/1110/24
f 1399/1113/1 1400/1114/1 1401/1115/1
f 1401/1115/1 1400/1114/1 1402/1116/1
f 1403/1117/5 1400/1114/5 1404/1118/5
f 1404/1118/5 1400/1114/5 1399/1116/5
f 1400/1117/11 1403/1114/11 1402/1118/11
f 1402/1118/11 1403/1114/11 1405/1116/11
f 1403/1113/15 1404/1114/15 1405/1115/15
f 1405/1115/15 1404/1114/15 1406/1116/15
f 1406/1117/19 1401/1114/19 1405/1118/19
f 1405/1118/19 1401/1114/19 1402/1116/19
f 1404/1117/24 1399/1114/24 1406/1118/24
f 1406/1118/24 1399/1114/24 1401/1116/24
f 1407/1119/15 1407/1119/15 1408/1120/15
f 1408/1120/15 1407/1119/15 1409/1121/15
f 1407/1122/24 1410/1119/24 1409/1120/24
f 1409/1120/24 1410/1119/24 1411/1121/24
f 1410/1122/1 1410/1122/1 1411/1120/1
f 1411/1120/1 1410/1122/1 1412/1121/1
f 1412/1122/19 1408/1119/19 1411/1120/19
f 1411/1120/19 1408/1119/19 1409/1121/19
f 1410/1122/2 1407/1119/2 1412/1123/2
f 1412/1123/2 1407/1119/2 1408/1124/2
f 1413/1125/1 1413/1125/1 1414/1126/1
f 1414/1126/1 1413/1125/1 1415/1127/1
f 1413/1128/11 1416/1125/11 1415/1129/11
f 1415/1129/11 1416/1125/11 1417/1127/11
f 1416/1130/15 1416/1130/15 1417/1126/15
f 1417/1126/15 1416/1130/15 1418/1127/15
f 1418/1128/19 1414/1125/19 1417/1129/19
f 1417/1129/19 1414/1125/19 1415/1127/19
f 1416/1128/8 1413/1125/8 1418/1131/8
f 1418/1131/8 1413/1125/8 1414/1132/8
f 1419/270/1 1420/1133/1 1421/249/1
f 1421/249/1 1420/1133/1 1422/1134/1
f 1423/1135/5 1420/1133/5 1424/1136/5
f 1424/1136/5 1420/1133/5 1419/1137/5
f 1420/1135/11 1423/1133/11 1422/1138/11
f 1422/1138/11 1423/1133/11 1425/1134/11
f 1423/270/15 1424/1133/15 1425/249/15
f 1425/249/15 1424/1133/15 1426/1134/15
f 1426/1135/19 1421/1133/19 1425/1136/19
f 1425/1136/19 1421/1133/19 1422/1137/19
f 1424/1135/24 1419/1133/24 1426/1138/24
f 1426/1138/24 1419/1133/24 1421/1134/24
f 1419/697/1 1419/697/1 1427/1139/1
f 1427/1139/1 1419/697/1 1421/708/1
f 1419/1140/11 1424/697/11 1421/1141/11
f 1421/1141/11 1424/697/11 1426/708/11
f 1424/1142/15 1424/1142/15 1426/1139/15
f 1426/1139/15 1424/1142/15 1428/708/15
f 1428/1140/19 1427/697/19 1426/1141/19
f 1426/1141/19 1427/697/19 1421/708/19
f 1424/1140/8 1419/697/8 1428/1143/8
f 1428/1143/8 1419/697/8 1427/1144/8
f 1429/1145/15 1429/1145/15 1430/1146/15
f 1430/1146/15 1429/1145/15 1431/1147/15
f 1429/1148/24 1432/1145/24 1431/1146/24
f 1431/1146/24 1432/1145/24 1433/1147/24
f 1432/1148/1 1432/1148/1 1433/1146/1
f 1433/1146/1 1432/1148/1 1434/1147/1
f 1434/1148/19 1430/1145/19 1433/1146/19
f 1433/1146/19 1430/1145/19 1431/1147/19
f 1432/1148/2 1429/1145/2 1434/1149/2
f 1434/1149/2 1429/1145/2 1430/1150/2
f 1435/442/1 1399/1151/1 1436/444/1
f 1436/444/1 1399/1151/1 1437/1152/1
f 1404/442/5 1399/1151/5 1438/1153/5
f 1438/1153/5 1399/1151/5 1435/1154/5
f 1399/442/11 1404/1151/11 1437/444/11
f 1437/444/11 1404/1151/11 1439/1152/11
f 1404/442/15 1438/1151/15 1439/444/15
f 1439/444/15 1438/1151/15 1440/1152/15
f 1440/442/19 1436/1151/19 1439/1153/19
f 1439/1153/19 1436/1151/19 1437/1154/19
f 1438/442/24 1435/1151/24 1440/444/24
f 1440/444/24 1435/1151/24 1436/1152/24
f 1420/1155/1 1432/1156/1 1441/1157/1
f 1441/1157/1 1432/1156/1 1433/1158/1
f 1407/1159/5 1432/1156/5 1423/1160/5
f 1423/1160/5 1432/1156/5 1420/1161/5
f 1432/1159/11 1407/1156/11 1433/1162/11
f 1433/1162/11 1407/1156/11 1409/1158/11
f 1407/1155/15 1423/1156/15 1409/1157/15
f 1409/1157/15 1423/1156/15 1442/1158/15
f 1442/1159/19 1441/1156/19 1409/1160/19
f 1409/1160/19 1441/1156/19 1433/1161/19
f 1423/1159/24 1420/1156/24 1442/1162/24
f 1442/1162/24 1420/1156/24 1441/1158/24
usemtl c_00ff00
f 1443/1163/1 1444/1099/1 1445/1164/1
f 1445/1164/1 1444/1099/1 1446/1084/1
f 1447/1163/5 1444/1099/5 1448/1164/5
f 1448/1164/5 1444/1099/5 1443/1084/5
f 1444/1163/11 1447/1099/11 1446/1164/11
f 1446/1164/11 1447/1099/11 1449/1084/11
f 1447/1163/15 1448/1099/15 1449/1164/15
f 1449/1164/15 1448/1099/15 1450/1084/15
f 1450/1163/19 1445/1099/19 1449/1164/19
f 1449/1164/19 1445/1099/19 1446/1084/19
f 1448/1163/24 1443/1099/24 1450/1164/24
f 1450/1164/24 1443/1099/24 1445/1084/24
f 1451/1165/1 1452/409/1 1453/1166/1
f 1453/1166/1 1452/409/1 1454/1167/1
f 1455/1165/5 1452/409/5 1456/1166/5
f 1456/1166/5 1452/409/5 1451/1167/5
f 1452/1165/11 1455/409/11 1454/1166/11
f 1454/1166/11 1455/409/11 1457/1167/11
f 1455/1165/15 1456/409/15 1457/1166/15
f 1457/1166/15 1456/409/15 1458/1167/15
f 1458/1165/19 1453/409/19 1457/1166/19
f 1457/1166/19 1453/409/19 1454/1167/19
f 1456/1165/24 1451/409/24 1458/1166/24
f 1458/1166/24 1451/409/24 1453/1167/24
f 1459/1168/1 1460/1169/1 1461/1170/1
f 1461/1170/1 1460/1169/1 1462/351/1
f 1463/1168/5 1460/1169/5 1464/1170/5
f 1464/1170/5 1460/1169/5 1459/351/5
f 1460/1168/11 1463/1169/11 1462/1170/11
f 1462/1170/11 1463/1169/11 1465/351/11
f 1463/1168/15 1464/1169/15 1465/1170/15
f 1465/1170/15 1464/1169/15 1466/351/15
f 1466/1168/19 1461/1169/19 1465/1170/19
f 1465/1170/19 1461/1169/19 1462/351/19
f 1464/1168/24 1459/1169/24 1466/1170/24
f 1466/1170/24 1459/1169/24 1461/351/24
f 1467/1171/1 1468/1172/1 1469/1173/1
f 1469/1173/1 1468/1172/1 1470/1174/1
f 1471/1171/5 1468/1172/5 1472/1173/5
f 1472/1173/5 1468/1172/5 1467/1174/5
f 1468/1171/11 1471/1172/11 1470/1173/11
f 1470/1173/11 1471/1172/11 1473/1174/11
f 1471/1171/15 1472/1172/15 1473/1173/15
f 1473/1173/15 1472/1172/15 1474/1174/15
f 1474/1171/19 1469/1172/19 1473/1173/19
f 1473/1173/19 1469/1172/19 1470/1174/19
f 1472/1171/24 1467/1172/24 1474/1173/24
f 1474/1173/24 1467/1172/24 1469/1174/24
f 1475/23/1 1476/26/1 1477/1/1
f 1477/1/1 1476/26/1 1478/17/1
f 1479/23/5 1476/26/5 1480/1/5
f 1480/1/5 1476/26/5 1475/17/5
f 1476/23/11 1479/26/11 1478/1/11
f 1478/1/11 1479/26/11 1481/17/11
f 1479/23/15 1480/26/15 1481/1/15
f 1481/1/15 1480/26/15 1482/17/15
f 1482/23/19 1477/26/19 1481/1/19
f 1481/1/19 1477/26/19 1478/17/19
f 1480/23/24 1475/26/24 1482/1/24
f 1482/1/24 1475/26/24 1477/17/24
f 1483/916/1 1484/1175/1 1485/1176/1
f 1483/916/1 1486/1177/1 1484/1175/1
f 1483/916/1 1487/1178/1 1486/1177/1
f 1483/916/1 1488/1179/1 1487/1178/1
f 1483/916/1 1489/1180/1 1488/1179/1
f 1483/916/1 1490/1181/1 1489/1180/1
f 1483/916/1 1491/1182/1 1490/1181/1
f 1483/916/1 1492/1183/1 1491/1182/1
f 1483/916/1 1493/1184/1 1492/1183/1
f 1483/916/1 1494/1185/1 1493/1184/1
f 1483/916/1 1495/1186/1 1494/1185/1
f 1483/916/1 1496/1187/1 1495/1186/1
f 1483/916/1 1497/1188/1 1496/1187/1
f 1483/916/1 1498/1189/1 1497/1188/1
f 1483/916/1 1499/1190/1 1498/1189/1
f 1483/916/1 1500/1191/1 1499/1190/1
f 1483/916/1 1501/1192/1 1500/1191/1
f 1483/916/1 1502/1193/1 1501/1192/1
f 1483/916/1 1503/1194/1 1502/1193/1
f 1483/916/1 1504/1195/1 1503/1194/1
f 1483/916/1 1505/1196/1 1504/1195/1
f 1483/916/1 1506/1197/1 1505/1196/1
f 1483/916/1 1507/1198/1 1506/1197/1
f 1483/916/1 1485/1176/1 1507/1198/1
f 1508/1199/14 1502/1200/14 1509/1201/13
f 1509/1201/13 1502/1200/14 1503/1202/13
f 1509/1201/13 1503/1202/13 1510/1203/12
f 1510/1203/12 1503/1202/13 1504/1204/12
f 1510/1203/12 1504/1204/12 1511/1205/11
f 1511/1205/11 1504/1204/12 1505/1190/11
f 1511/1205/11 1505/1190/11 1512/1206/10
f 1512/1206/10 1505/1190/11 1506/1207/10
f 1512/1206/10 1506/1207/10 1513/1208/9
f 1513/1208/9 1506/1207/10 1507/1209/9
f 1513/1208/9 1507/1209/9 1514/1210/2
f 1514/1210/2 1507/1209/9 1485/345/2
f 1502/1199/14 1508/1200/14 1501/1201/21
f 1501/1201/21 1508/1200/14 1515/1202/21
f 1501/1201/21 1515/1202/21 1500/1203/20
f 1500/1203/20 1515/1202/21 1516/1204/20
f 1500/1203/20 1516/1204/20 1499/1205/19
f 1499/1205/19 1516/1204/20 1517/1190/19
f 1499/1205/19 1517/1190/19 1498/1206/18
f 1498/1206/18 1517/1190/19 1518/1207/18
f 1498/1206/18 1518/1207/18 1497/1208/17
f 1497/1208/17 1518/1207/18 1519/1209/17
f 1497/1208/17 1519/1209/17 1496/1210/16
f 1496/1210/16 1519/1209/17 1520/345/16
f 1521/916/15 1515/1175/15 1508/1176/15
f 1521/916/15 1516/1177/15 1515/1175/15
f 1521/916/15 1517/1178/15 1516/1177/15
f 1521/916/15 1518/1179/15 1517/1178/15
f 1521/916/15 1519/1180/15 1518/1179/15
f 1521/916/15 1520/1181/15 1519/1180/15
f 1521/916/15 1522/1182/15 1520/1181/15
f 1521/916/15 1523/1183/15 1522/1182/15
f 1521/916/15 1524/1184/15 1523/1183/15
f 1521/916/15 1525/1185/15 1524/1184/15
f 1521/916/15 1526/1186/15 1525/1185/15
f 1521/916/15 1527/1187/15 1526/1186/15
f 1521/916/15 1528/1188/15 1527/1187/15
f 1521/916/15 1529/1189/15 1528/1188/15
f 1521/916/15 1530/1190/15 1529/1189/15
f 1521/916/15 1531/1191/15 1530/1190/15
f 1521/916/15 1532/1192/15 1531/1191/15
f 1521/916/15 1514/1193/15 1532/1192/15
f 1521/916/15 1513/1194/15 1514/1193/15
f 1521/916/15 1512/1195/15 1513/1194/15
f 1521/916/15 1511/1196/15 1512/1195/15
f 1521/916/15 1510/1197/15 1511/1196/15
f 1521/916/15 1509/1198/15 1510/1197/15
f 1521/916/15 1508/1176/15 1509/1198/15
f 1527/1199/8 1490/1200/8 1526/1201/22
f 1526/1201/22 1490/1200/8 1491/1202/22
f 1526/1201/22 1491/1202/22 1525/1203/23
f 1525/1203/23 1491/1202/22 1492/1204/23
f 1525/1203/23 1492/1204/23 1524/1205/24
f 1524/1205/24 1492/1204/23 1493/1190/24
f 1524/1205/24 1493/1190/24 1523/1206/25
f 1523/1206/25 1493/1190/24 1494/1207/25
f 1523/1206/25 1494/1207/25 1522/1208/26
f 1522/1208/26 1494/1207/25 1495/1209/26
f 1522/1208/26 1495/1209/26 1520/1210/16
f 1520/1210/16 1495/1209/26 1496/345/16
f 1514/1199/2 1485/1200/2 1532/1201/3
f 1532/1201/3 1485/1200/2 1484/1202/3
f 1532/1201/3 1484/1202/3 1531/1203/4
f 1531/1203/4 1484/1202/3 1486/1204/4
f 1531/1203/4 1486/1204/4 1530/1205/5
f 1530/1205/5 1486/1204/4 1487/1190/5
f 1530/1205/5 1487/1190/5 1529/1206/6
f 1529/1206/6 1487/1190/5 1488/1207/6
f 1529/1206/6 1488/1207/6 1528/1208/7
f 1528/1208/7 1488/1207/6 1489/1209/7
f 1528/1208/7 1489/1209/7 1527/1210/8
f 1527/1210/8 1489/1209/7 1490/345/8
f 1533/550/1 1534/1211/1 1535/1212/1
f 1535/1212/1 1534/1211/1 1536/928/1
f 1537/550/5 1534/1211/5 1538/1212/5
f 1538/1212/5 1534/1211/5 1533/928/5
f 1534/550/11 1537/1211/11 1536/1212/11
f 1536/1212/11 1537/1211/11 1539/928/11
f 1537/550/15 1538/1211/15 1539/1212/15
f 1539/1212/15 1538/1211/15 1540/928/15
f 1540/550/19 1535/1211/19 1539/1212/19
f 1539/1212/19 1535/1211/19 1536/928/19
f 1538/550/24 1533/1211/24 1540/1212/24
f 1540/1212/24 1533/1211/24 1535/928/24
f 1541/1213/1 1542/1214/1 1543/1215/1
f 1543/1215/1 1542/1214/1 1544/1216/1
f 1545/1213/5 1542/1214/5 1546/1215/5
f 1546/1215/5 1542/1214/5 1541/1216/5
f 1542/1213/11 1545/1214/11 1544/1215/11
f 1544/1215/11 1545/1214/11 1547/1216/11
f 1545/1213/15 1546/1214/15 1547/1215/15
f 1547/1215/15 1546/1214/15 1548/1216/15
f 1548/1213/19 1543/1214/19 1547/1215/19
f 1547/1215/19 1543/1214/19 1544/1216/19
f 1546/1213/24 1541/1214/24 1548/1215/24
f 1548/1215/24 1541/1214/24 1543/1216/24
f 1549/1217/1 1550/1218/1 1551/1219/1
f 1551/1219/1 1550/1218/1 1552/1220/1
f 1553/1217/5 1550/1218/5 1554/1219/5
f 1554/1219/5 1550/1218/5 1549/1220/5
f 1550/1217/11 1553/1218/11 1552/1219/11
f 1552/1219/11 1553/1218/11 1555/1220/11
f 1553/1217/15 1554/1218/15 1555/1219/15
f 1555/1219/15 1554/1218/15 1556/1220/15
f 1556/1217/19 1551/1218/19 1555/1219/19
f 1555/1219/19 1551/1218/19 1552/1220/19
f 1554/1217/24 1549/1218/24 1556/1219/24
f 1556/1219/24 1549/1218/24 1551/1220/24
usemtl c_d5733d
f 1391/1221/1 1391/1221/1 1557/1222/1
f 1557/1222/1 1391/1221/1 1393/1223/1
f 1391/1224/11 1413/1221/11 1393/1222/11
f 1393/1222/11 1413/1221/11 1415/1223/11
f 1413/1224/15 1413/1224/15 1415/1222/15
f 1415/1222/15 1413/1224/15 1414/1223/15
f 1414/1224/19 1557/1221/19 1415/1222/19
f 1415/1222/19 1557/1221/19 1393/1223/19
f 1413/1224/8 1391/1221/8 1414/1225/8
f 1414/1225/8 1391/1221/8 1557/1226/8
f 1416/1095/1 1416/1095/1 1418/1227/1
f 1418/1227/1 1416/1095/1 1417/1097/1
f 1416/1228/11 1396/1095/11 1417/1227/11
f 1417/1227/11 1396/1095/11 1398/1097/11
f 1396/1228/15 1396/1228/15 1398/1227/15
f 1398/1227/15 1396/1228/15 1558/1097/15
f 1558/1228/19 1418/1095/19 1398/1227/19
f 1398/1227/19 1418/1095/19 1417/1097/19
f 1396/1228/8 1416/1095/8 1558/1229/8
f 1558/1229/8 1416/1095/8 1418/1230/8
usemtl c_d5733d_neon
f 1559/1231/1 1560/1232/1 1561/1233/1
f 1561/1233/1 1560/1232/1 1562/1234/1
f 1563/1235/5 1560/1232/5 1564/1236/5
f 1564/1236/5 1560/1232/5 1559/1237/5
f 1560/1235/11 1563/1232/11 1562/1238/11
f 1562/1238/11 1563/1232/11 1565/1234/11
f 1563/1231/15 1564/1232/15 1565/1233/15
f 1565/1233/15 1564/1232/15 1566/1234/15
f 1566/1235/19 1561/1232/19 1565/1236/19
f 1565/1236/19 1561/1232/19 1562/1237/19
f 1564/1235/24 1559/1232/24 1566/1238/24
f 1566/1238/24 1559/1232/24 1561/1234/24
o RightFoot
usemtl c_00ff00
f 1567/833/1 1567/833/1 1568/1029/1
f 1568/1029/1 1567/833/1 1569/1027/1
f 1567/83/64 1570/833/64 1569/1029/64
f 1569/1029/64 1570/833/64 1571/1027/64
f 1570/83/15 1570/83/15 1571/1029/15
f 1571/1029/15 1570/83/15 1572/1027/15
f 1572/83/68 1568/833/68 1571/1029/68
f 1571/1029/68 1568/833/68 1569/1027/68
f 1570/83/75 1567/833/75 1572/1239/75
f 1572/1239/75 1567/833/75 1568/1240/75
f 1573/1241/1 1573/1241/1 1574/1242/1
f 1574/1242/1 1573/1241/1 1575/1243/1
f 1573/1244/64 1576/1241/64 1575/1242/64
f 1575/1242/64 1576/1241/64 1577/1243/64
f 1576/1244/15 1576/1244/15 1577/1242/15
f 1577/1242/15 1576/1244/15 1578/1243/15
f 1578/1244/68 1574/1241/68 1577/1242/68
f 1577/1242/68 1574/1241/68 1575/1243/68
f 1576/1244/75 1573/1241/75 1578/1245/75
f 1578/1245/75 1573/1241/75 1574/1246/75
f 1579/1241/1 1579/1241/1 1580/1247/1
f 1580/1247/1 1579/1241/1 1581/1243/1
f 1579/1248/64 1582/1241/64 1581/1247/64
f 1581/1247/64 1582/1241/64 1583/1243/64
f 1582/1248/15 1582/1248/15 1583/1247/15
f 1583/1247/15 1582/1248/15 1584/1243/15
f 1584/1248/68 1580/1241/68 1583/1249/68
f 1583/1249/68 1580/1241/68 1581/842/68
f 1582/1248/51 1579/1241/51 1584/1250/51
f 1584/1250/51 1579/1241/51 1580/1251/51
f 1585/1252/1 1585/1252/1 1586/1253/1
f 1586/1253/1 1585/1252/1 1587/1254/1
f 1585/1255/64 1588/1252/64 1587/1253/64
f 1587/1253/64 1588/1252/64 1589/1254/64
f 1588/1255/15 1588/1255/15 1589/1253/15
f 1589/1253/15 1588/1255/15 1590/1254/15
f 1590/1255/68 1586/1252/68 1589/1253/68
f 1589/1253/68 1586/1252/68 1587/1254/68
f 1588/1255/75 1585/1252/75 1590/1256/75
f 1590/1256/75 1585/1252/75 1586/1257/75
f 1585/1258/1 1591/1259/1 1587/1260/1
f 1587/1260/1 1591/1259/1 1592/1108/1
f 1593/1258/73 1591/1259/73 1588/1260/73
f 1588/1260/73 1591/1259/73 1585/1108/73
f 1591/1258/64 1593/1259/64 1592/1260/64
f 1592/1260/64 1593/1259/64 1594/1108/64
f 1593/1258/15 1588/1259/15 1594/1260/15
f 1594/1260/15 1588/1259/15 1589/1108/15
f 1589/1258/68 1587/1259/68 1594/1260/68
f 1594/1260/68 1587/1259/68 1592/1108/68
f 1588/1258/71 1585/1259/71 1589/1260/71
f 1589/1260/71 1585/1259/71 1587/1108/71
f 1586/1261/1 1587/1262/1 1595/1263/1
f 1595/1263/1 1587/1262/1 1596/1264/1
f 1589/1261/73 1587/1262/73 1590/1263/73
f 1590/1263/73 1587/1262/73 1586/1264/73
f 1587/1261/64 1589/1262/64 1596/1263/64
f 1596/1263/64 1589/1262/64 1597/1264/64
f 1589/1261/15 1590/1262/15 1597/1263/15
f 1597/1263/15 1590/1262/15 1598/1264/15
f 1598/1261/68 1595/1262/68 1597/1263/68
f 1597/1263/68 1595/1262/68 1596/1264/68
f 1590/1261/71 1586/1262/71 1598/1263/71
f 1598/1263/71 1586/1262/71 1595/1264/71
f 1568/1265/1 1569/1266/1 1599/1267/1
f 1599/1267/1 1569/1266/1 1600/1268/1
f 1571/1265/73 1569/1266/73 1572/1267/73
f 1572/1267/73 1569/1266/73 1568/1268/73
f 1569/1265/64 1571/1266/64 1600/1267/64
f 1600/1267/64 1571/1266/64 1601/1268/64
f 1571/1265/15 1572/1266/15 1601/1267/15
f 1601/1267/15 1572/1266/15 1602/1268/15
f 1602/1265/68 1599/1266/68 1601/1267/68
f 1601/1267/68 1599/1266/68 1600/1268/68
f 1572/1265/71 1568/1266/71 1602/1267/71
f 1602/1267/71 1568/1266/71 1599/1268/71
f 1567/1269/1 1603/1270/1 1569/1271/1
f 1569/1271/1 1603/1270/1 1604/1272/1
f 1605/1269/73 1603/1270/73 1570/1271/73
f 1570/1271/73 1603/1270/73 1567/1272/73
f 1603/1269/64 1605/1270/64 1604/1271/64
f 1604/1271/64 1605/1270/64 1606/1272/64
f 1605/1269/15 1570/1270/15 1606/1271/15
f 1606/1271/15 1570/1270/15 1571/1272/15
f 1571/1269/68 1569/1270/68 1606/1271/68
f 1606/1271/68 1569/1270/68 1604/1272/68
f 1570/1269/71 1567/1270/71 1571/1271/71
f 1571/1271/71 1567/1270/71 1569/1272/71
f 1573/1273/1 1607/1274/1 1575/1275/1
f 1575/1275/1 1607/1274/1 1608/1276/1
f 1609/1273/73 1607/1274/73 1576/1275/73
f 1576/1275/73 1607/1274/73 1573/1276/73
f 1607/1273/64 1609/1274/64 1608/1275/64
f 1608/1275/64 1609/1274/64 1610/1276/64
f 1609/1273/15 1576/1274/15 1610/1275/15
f 1610/1275/15 1576/1274/15 1577/1276/15
f 1577/1273/68 1575/1274/68 1610/1275/68
f 1610/1275/68 1575/1274/68 1608/1276/68
f 1576/1273/71 1573/1274/71 1577/1275/71
f 1577/1275/71 1573/1274/71 1575/1276/71
f 1574/620/1 1575/621/1 1611/1277/1
f 1611/1277/1 1575/621/1 1612/1278/1
f 1577/620/73 1575/621/73 1578/1277/73
f 1578/1277/73 1575/621/73 1574/1278/73
f 1575/620/64 1577/621/64 1612/1277/64
f 1612/1277/64 1577/621/64 1613/1278/64
f 1577/620/15 1578/621/15 1613/1277/15
f 1613/1277/15 1578/621/15 1614/1278/15
f 1614/620/68 1611/621/68 1613/1277/68
f 1613/1277/68 1611/621/68 1612/1278/68
f 1578/620/71 1574/621/71 1614/1277/71
f 1614/1277/71 1574/621/71 1611/1278/71
usemtl c_6225d1
f 1575/1279/1 1615/1200/1 1612/1280/1
f 1612/1280/1 1615/1200/1 1616/1190/1
f 1617/1281/73 1615/1200/73 1589/1282/73
f 1589/1282/73 1615/1200/73 1575/1283/73
f 1615/1281/64 1617/1200/64 1616/1284/64
f 1616/1284/64 1617/1200/64 1618/1190/64
f 1617/1279/15 1589/1200/15 1618/1280/15
f 1618/1280/15 1589/1200/15 1597/1190/15
f 1597/1281/68 1612/1200/68 1618/1282/68
f 1618/1282/68 1612/1200/68 1616/1283/68
f 1589/1281/71 1575/1200/71 1597/1284/71
f 1597/1284/71 1575/1200/71 1612/1190/71
f 1607/1285/1 1619/1101/1 1608/1286/1
f 1608/1286/1 1619/1101/1 1620/1105/1
f 1621/1287/73 1619/1101/73 1593/1288/73
f 1593/1288/73 1619/1101/73 1607/1289/73
f 1619/1287/64 1621/1101/64 1620/1290/64
f 1620/1290/64 1621/1101/64 1622/1105/64
f 1621/1285/15 1593/1101/15 1622/1286/15
f 1622/1286/15 1593/1101/15 1594/1105/15
f 1594/1287/68 1608/1101/68 1622/1288/68
f 1622/1288/68 1608/1101/68 1620/1289/68
f 1593/1287/71 1607/1101/71 1594/1290/71
f 1594/1290/71 1607/1101/71 1608/1105/71
f 1621/1291/15 1621/1291/15 1617/507/15
f 1617/507/15 1621/1291/15 1622/511/15
f 1621/1292/71 1619/1291/71 1622/1293/71
f 1622/1293/71 1619/1291/71 1620/511/71
f 1619/1294/1 1619/1294/1 1620/507/1
f 1620/507/1 1619/1294/1 1615/511/1
f 1615/1292/68 1617/1291/68 1620/1293/68
f 1620/1293/68 1617/1291/68 1622/511/68
f 1619/1292/76 1621/1291/76 1615/1295/76
f 1615/1295/76 1621/1291/76 1617/1296/76
o LeftLowerArm
usemtl c_00ff00
f 1623/1297/15 1623/1297/15 1624/1298/15
f 1624/1298/15 1623/1297/15 1625/1299/15
f 1623/1300/14 1626/1297/14 1625/1301/14
f 1625/1301/14 1626/1297/14 1627/1299/14
f 1626/1302/1 1626/1302/1 1627/1298/1
f 1627/1298/1 1626/1302/1 1628/1299/1
f 1628/1300/2 1624/1297/2 1627/1301/2
f 1627/1301/2 1624/1297/2 1625/1299/2
f 1626/1300/24 1623/1297/24 1628/1303/24
f 1628/1303/24 1623/1297/24 1624/1304/24
f 1629/1305/15 1629/1305/15 1630/1306/15
f 1630/1306/15 1629/1305/15 1631/1307/15
f 1629/1308/11 1632/1305/11 1631/1306/11
f 1631/1306/11 1632/1305/11 1633/1307/11
f 1632/1308/1 1632/1308/1 1633/1306/1
f 1633/1306/1 1632/1308/1 1634/1307/1
f 1634/1308/5 1630/1305/5 1633/1306/5
f 1633/1306/5 1630/1305/5 1631/1307/5
f 1632/1308/16 1629/1305/16 1634/1309/16
f 1634/1309/16 1629/1305/16 1630/1310/16
f 1635/280/15 1635/280/15 1636/1311/15
f 1636/1311/15 1635/280/15 1637/1312/15
f 1635/1030/11 1638/280/11 1637/1311/11
f 1637/1311/11 1638/280/11 1639/1312/11
f 1638/1030/1 1638/1030/1 1639/1311/1
f 1639/1311/1 1638/1030/1 1640/1312/1
f 1640/1030/5 1636/280/5 1639/1311/5
f 1639/1311/5 1636/280/5 1637/1312/5
f 1638/1030/16 1635/280/16 1640/1313/16
f 1640/1313/16 1635/280/16 1636/1314/16
f 1641/207/15 1641/207/15 1642/934/15
f 1642/934/15 1641/207/15 1643/210/15
f 1641/1315/14 1644/207/14 1643/1316/14
f 1643/1316/14 1644/207/14 1645/210/14
f 1644/924/1 1644/924/1 1645/934/1
f 1645/934/1 1644/924/1 1646/210/1
f 1646/1315/2 1642/207/2 1645/1316/2
f 1645/1316/2 1642/207/2 1643/210/2
f 1644/1315/24 1641/207/24 1646/1317/24
f 1646/1317/24 1641/207/24 1642/1318/24
f 1647/1319/1 1647/1319/1 1648/1320/1
f 1648/1320/1 1647/1319/1 1649/1321/1
f 1647/1322/11 1650/1319/11 1649/1323/11
f 1649/1323/11 1650/1319/11 1651/1321/11
f 1650/1324/15 1650/1324/15 1651/1320/15
f 1651/1320/15 1650/1324/15 1652/1321/15
f 1652/1322/19 1648/1319/19 1651/1325/19
f 1651/1325/19 1648/1319/19 1649/1326/19
f 1650/1322/27 1647/1319/27 1652/1327/27
f 1652/1327/27 1647/1319/27 1648/1328/27
f 1653/1329/15 1653/1329/15 1654/1330/15
f 1654/1330/15 1653/1329/15 1655/1331/15
f 1653/1332/14 1656/1329/14 1655/1330/14
f 1655/1330/14 1656/1329/14 1657/1331/14
f 1656/1332/1 1656/1332/1 1657/1330/1
f 1657/1330/1 1656/1332/1 1658/1331/1
f 1658/1332/2 1654/1329/2 1657/1330/2
f 1657/1330/2 1654/1329/2 1655/1331/2
f 1656/1332/24 1653/1329/24 1658/1333/24
f 1658/1333/24 1653/1329/24 1654/1334/24
f 1633/1142/1 1659/697/1 1632/1335/1
f 1632/1335/1 1659/697/1 1660/1336/1
f 1661/696/5 1659/697/5 1631/707/5
f 1631/707/5 1659/697/5 1633/708/5
f 1659/696/11 1661/697/11 1660/1337/11
f 1660/1337/11 1661/697/11 1662/1336/11
f 1661/1142/15 1631/697/15 1662/1335/15
f 1662/1335/15 1631/697/15 1629/1336/15
f 1629/696/19 1632/697/19 1662/707/19
f 1662/707/19 1632/697/19 1660/708/19
f 1631/696/24 1633/697/24 1629/1337/24
f 1629/1337/24 1633/697/24 1632/1336/24
f 1647/1338/1 1663/1339/1 1649/1340/1
f 1649/1340/1 1663/1339/1 1664/1341/1
f 1665/1338/5 1663/1339/5 1650/1340/5
f 1650/1340/5 1663/1339/5 1647/1341/5
f 1663/1338/11 1665/1339/11 1664/1340/11
f 1664/1340/11 1665/1339/11 1666/1341/11
f 1665/1338/15 1650/1339/15 1666/1340/15
f 1666/1340/15 1650/1339/15 1651/1341/15
f 1651/1338/19 1649/1339/19 1666/1340/19
f 1666/1340/19 1649/1339/19 1664/1341/19
f 1650/1338/24 1647/1339/24 1651/1340/24
f 1651/1340/24 1647/1339/24 1649/1341/24
f 1657/1342/1 1667/1343/1 1656/1344/1
f 1656/1344/1 1667/1343/1 1668/1345/1
f 1669/1342/2 1667/1343/2 1655/1344/2
f 1655/1344/2 1667/1343/2 1657/1345/2
f 1667/1342/14 1669/1343/14 1668/1344/14
f 1668/1344/14 1669/1343/14 1670/1345/14
f 1669/1342/15 1655/1343/15 1670/1344/15
f 1670/1344/15 1655/1343/15 1653/1345/15
f 1653/1342/16 1656/1343/16 1670/1344/16
f 1670/1344/16 1656/1343/16 1668/1345/16
f 1655/1342/8 1657/1343/8 1653/1344/8
f 1653/1344/8 1657/1343/8 1656/1345/8
f 1671/1346/1 1672/1347/1 1646/1348/1
f 1646/1348/1 1672/1347/1 1645/1349/1
f 1673/1350/2 1672/1347/2 1674/151/2
f 1674/151/2 1672/1347/2 1671/155/2
f 1672/1350/14 1673/1347/14 1645/1351/14
f 1645/1351/14 1673/1347/14 1643/1349/14
f 1673/1346/15 1674/1347/15 1643/1348/15
f 1643/1348/15 1674/1347/15 1642/1349/15
f 1642/1350/16 1646/1347/16 1643/151/16
f 1643/151/16 1646/1347/16 1645/155/16
f 1674/1350/8 1671/1347/8 1642/1351/8
f 1642/1351/8 1671/1347/8 1646/1349/8
f 1639/1352/1 1675/1353/1 1638/1354/1
f 1638/1354/1 1675/1353/1 1676/1355/1
f 1677/1264/5 1675/1353/5 1637/1356/5
f 1637/1356/5 1675/1353/5 1639/1357/5
f 1675/1264/11 1677/1353/11 1676/26/11
f 1676/26/11 1677/1353/11 1678/1355/11
f 1677/1352/15 1637/1353/15 1678/1354/15
f 1678/1354/15 1637/1353/15 1635/1355/15
f 1635/1264/19 1638/1353/19 1678/1356/19
f 1678/1356/19 1638/1353/19 1676/1357/19
f 1637/1264/24 1639/1353/24 1635/26/24
f 1635/26/24 1639/1353/24 1638/1355/24
f 1679/1358/1 1680/1359/1 1681/1360/1
f 1679/1358/1 1682/1361/1 1680/1359/1
f 1679/1358/1 1683/1362/1 1682/1361/1
f 1679/1358/1 1684/1363/1 1683/1362/1
f 1679/1358/1 1685/1364/1 1684/1363/1
f 1679/1358/1 1686/1365/1 1685/1364/1
f 1679/1358/1 1687/1366/1 1686/1365/1
f 1679/1358/1 1688/1367/1 1687/1366/1
f 1679/1358/1 1689/1368/1 1688/1367/1
f 1679/1358/1 1690/1369/1 1689/1368/1
f 1679/1358/1 1691/1370/1 1690/1369/1
f 1679/1358/1 1692/1371/1 1691/1370/1
f 1679/1358/1 1693/1372/1 1692/1371/1
f 1679/1358/1 1694/1373/1 1693/1372/1
f 1679/1358/1 1695/1374/1 1694/1373/1
f 1679/1358/1 1696/1375/1 1695/1374/1
f 1679/1358/1 1697/1376/1 1696/1375/1
f 1679/1358/1 1698/1377/1 1697/1376/1
f 1679/1358/1 1699/1378/1 1698/1377/1
f 1679/1358/1 1700/1379/1 1699/1378/1
f 1679/1358/1 1701/1380/1 1700/1379/1
f 1679/1358/1 1702/1381/1 1701/1380/1
f 1679/1358/1 1703/1382/1 1702/1381/1
f 1679/1358/1 1681/1360/1 1703/1382/1
f 1704/1380/2 1698/1383/2 1705/1384/3
f 1705/1384/3 1698/1383/2 1699/1385/3
f 1705/1384/3 1699/1385/3 1706/1386/4
f 1706/1386/4 1699/1385/3 1700/1387/4
f 1706/1386/4 1700/1387/4 1707/1358/5
f 1707/1358/5 1700/1387/4 1701/1374/5
f 1707/1358/5 1701/1374/5 1708/1388/6
f 1708/1388/6 1701/1374/5 1702/1389/6
f 1708/1388/6 1702/1389/6 1709/1390/7
f 1709/1390/7 1702/1389/6 1703/1391/7
f 1709/1390/7 1703/1391/7 1710/1368/8
f 1710/1368/8 1703/1391/7 1681/983/8
f 1698/1380/2 1704/1383/2 1697/1384/9
f 1697/1384/9 1704/1383/2 1711/1385/9
f 1697/1384/9 1711/1385/9 1696/1386/10
f 1696/1386/10 1711/1385/9 1712/1387/10
f 1696/1386/10 1712/1387/10 1695/1358/11
f 1695/1358/11 1712/1387/10 1713/1374/11
f 1695/1358/11 1713/1374/11 1694/1388/12
f 1694/1388/12 1713/1374/11 1714/1389/12
f 1694/1388/12 1714/1389/12 1693/1390/13
f 1693/1390/13 1714/1389/12 1715/1391/13
f 1693/1390/13 1715/1391/13 1692/1368/14
f 1692/1368/14 1715/1391/13 1716/983/14
f 1717/1358/15 1711/1359/15 1704/1360/15
f 1717/1358/15 1712/1361/15 1711/1359/15
f 1717/1358/15 1713/1362/15 1712/1361/15
f 1717/1358/15 1714/1363/15 1713/1362/15
f 1717/1358/15 1715/1364/15 1714/1363/15
f 1717/1358/15 1716/1365/15 1715/1364/15
f 1717/1358/15 1718/1366/15 1716/1365/15
f 1717/1358/15 1719/1367/15 1718/1366/15
f 1717/1358/15 1720/1368/15 1719/1367/15
f 1717/1358/15 1721/1369/15 1720/1368/15
f 1717/1358/15 1722/1370/15 1721/1369/15
f 1717/1358/15 1723/1371/15 1722/1370/15
f 1717/1358/15 1724/1372/15 1723/1371/15
f 1717/1358/15 1725/1373/15 1724/1372/15
f 1717/1358/15 1726/1374/15 1725/1373/15
f 1717/1358/15 1727/1375/15 1726/1374/15
f 1717/1358/15 1728/1376/15 1727/1375/15
f 1717/1358/15 1710/1377/15 1728/1376/15
f 1717/1358/15 1709/1378/15 1710/1377/15
f 1717/1358/15 1708/1379/15 1709/1378/15
f 1717/1358/15 1707/1380/15 1708/1379/15
f 1717/1358/15 1706/1381/15 1707/1380/15
f 1717/1358/15 1705/1382/15 1706/1381/15
f 1717/1358/15 1704/1360/15 1705/1382/15
f 1723/1380/16 1686/1383/16 1722/1384/17
f 1722/1384/17 1686/1383/16 1687/1385/17
f 1722/1384/17 1687/1385/17 1721/1386/18
f 1721/1386/18 1687/1385/17 1688/1387/18
f 1721/1386/18 1688/1387/18 1720/1358/19
f 1720/1358/19 1688/1387/18 1689/1374/19
f 1720/1358/19 1689/1374/19 1719/1388/20
f 1719/1388/20 1689/1374/19 1690/1389/20
f 1719/1388/20 1690/1389/20 1718/1390/21
f 1718/1390/21 1690/1389/20 1691/1391/21
f 1718/1390/21 1691/1391/21 1716/1368/14
f 1716/1368/14 1691/1391/21 1692/983/14
f 1710/1380/8 1681/1383/8 1728/1384/22
f 1728/1384/22 1681/1383/8 1680/1385/22
f 1728/1384/22 1680/1385/22 1727/1386/23
f 1727/1386/23 1680/1385/22 1682/1387/23
f 1727/1386/23 1682/1387/23 1726/1358/24
f 1726/1358/24 1682/1387/23 1683/1374/24
f 1726/1358/24 1683/1374/24 1725/1388/25
f 1725/1388/25 1683/1374/24 1684/1389/25
f 1725/1388/25 1684/1389/25 1724/1390/26
f 1724/1390/26 1684/1389/25 1685/1391/26
f 1724/1390/26 1685/1391/26 1723/1368/16
f 1723/1368/16 1685/1391/26 1686/983/16
f 1729/1392/1 1730/1393/1 1731/1394/1
f 1729/1392/1 1732/1395/1 1730/1393/1
f 1729/1392/1 1733/1223/1 1732/1395/1
f 1729/1392/1 1734/1396/1 1733/1223/1
f 1729/1392/1 1735/1397/1 1734/1396/1
f 1729/1392/1 1736/1398/1 1735/1397/1
f 1729/1392/1 1737/1399/1 1736/1398/1
f 1729/1392/1 1738/1400/1 1737/1399/1
f 1729/1392/1 1739/1401/1 1738/1400/1
f 1729/1392/1 1740/1402/1 1739/1401/1
f 1729/1392/1 1741/1403/1 1740/1402/1
f 1729/1392/1 1742/1404/1 1741/1403/1
f 1729/1392/1 1743/1405/1 1742/1404/1
f 1729/1392/1 1744/1406/1 1743/1405/1
f 1729/1392/1 1745/1407/1 1744/1406/1
f 1729/1392/1 1746/1408/1 1745/1407/1
f 1729/1392/1 1747/1409/1 1746/1408/1
f 1729/1392/1 1748/1410/1 1747/1409/1
f 1729/1392/1 1749/1411/1 1748/1410/1
f 1729/1392/1 1750/1412/1 1749/1411/1
f 1729/1392/1 1751/184/1 1750/1412/1
f 1729/1392/1 1752/1413/1 1751/184/1
f 1729/1392/1 1753/1414/1 1752/1413/1
f 1729/1392/1 1731/1394/1 1753/1414/1
f 1754/1221/2 1748/185/2 1755/1415/3
f 1755/1415/3 1748/185/2 1749/1416/3
f 1755/1415/3 1749/1416/3 1756/1417/4
f 1756/1417/4 1749/1416/3 1750/1418/4
f 1756/1417/4 1750/1418/4 1757/1223/5
f 1757/1223/5 1750/1418/4 1751/1407/5
f 1757/1223/5 1751/1407/5 1758/1419/6
f 1758/1419/6 1751/1407/5 1752/1420/6
f 1758/1419/6 1752/1420/6 1759/1421/7
f 1759/1421/7 1752/1420/6 1753/1422/7
f 1759/1421/7 1753/1422/7 1760/1172/8
f 1760/1172/8 1753/1422/7 1731/1423/8
f 1748/1221/2 1754/185/2 1747/1415/9
f 1747/1415/9 1754/185/2 1761/1416/9
f 1747/1415/9 1761/1416/9 1746/1417/10
f 1746/1417/10 1761/1416/9 1762/1418/10
f 1746/1417/10 1762/1418/10 1745/1223/11
f 1745/1223/11 1762/1418/10 1763/1407/11
f 1745/1223/11 1763/1407/11 1744/1419/12
f 1744/1419/12 1763/1407/11 1764/1420/12
f 1744/1419/12 1764/1420/12 1743/1421/13
f 1743/1421/13 1764/1420/12 1765/1422/13
f 1743/1421/13 1765/1422/13 1742/1172/14
f 1742/1172/14 1765/1422/13 1766/1423/14
f 1767/1392/15 1761/1393/15 1754/1394/15
f 1767/1392/15 1762/1395/15 1761/1393/15
f 1767/1392/15 1763/1223/15 1762/1395/15
f 1767/1392/15 1764/1396/15 1763/1223/15
f 1767/1392/15 1765/1397/15 1764/1396/15
f 1767/1392/15 1766/1398/15 1765/1397/15
f 1767/1392/15 1768/1399/15 1766/1398/15
f 1767/1392/15 1769/1400/15 1768/1399/15
f 1767/1392/15 1770/1401/15 1769/1400/15
f 1767/1392/15 1771/1402/15 1770/1401/15
f 1767/1392/15 1772/1403/15 1771/1402/15
f 1767/1392/15 1773/1404/15 1772/1403/15
f 1767/1392/15 1774/1405/15 1773/1404/15
f 1767/1392/15 1775/1406/15 1774/1405/15
f 1767/1392/15 1776/1407/15 1775/1406/15
f 1767/1392/15 1777/1408/15 1776/1407/15
f 1767/1392/15 1778/1409/15 1777/1408/15
f 1767/1392/15 1760/1410/15 1778/1409/15
f 1767/1392/15 1759/1411/15 1760/1410/15
f 1767/1392/15 1758/1412/15 1759/1411/15
f 1767/1392/15 1757/184/15 1758/1412/15
f 1767/1392/15 1756/1413/15 1757/184/15
f 1767/1392/15 1755/1414/15 1756/1413/15
f 1767/1392/15 1754/1394/15 1755/1414/15
f 1773/1221/16 1736/185/16 1772/1415/17
f 1772/1415/17 1736/185/16 1737/1416/17
f 1772/1415/17 1737/1416/17 1771/1417/18
f 1771/1417/18 1737/1416/17 1738/1418/18
f 1771/1417/18 1738/1418/18 1770/1223/19
f 1770/1223/19 1738/1418/18 1739/1407/19
f 1770/1223/19 1739/1407/19 1769/1419/20
f 1769/1419/20 1739/1407/19 1740/1420/20
f 1769/1419/20 1740/1420/20 1768/1421/21
f 1768/1421/21 1740/1420/20 1741/1422/21
f 1768/1421/21 1741/1422/21 1766/1172/14
f 1766/1172/14 1741/1422/21 1742/1423/14
f 1760/1221/8 1731/185/8 1778/1415/22
f 1778/1415/22 1731/185/8 1730/1416/22
f 1778/1415/22 1730/1416/22 1777/1417/23
f 1777/1417/23 1730/1416/22 1732/1418/23
f 1777/1417/23 1732/1418/23 1776/1223/24
f 1776/1223/24 1732/1418/23 1733/1407/24
f 1776/1223/24 1733/1407/24 1775/1419/25
f 1775/1419/25 1733/1407/24 1734/1420/25
f 1775/1419/25 1734/1420/25 1774/1421/26
f 1774/1421/26 1734/1420/25 1735/1422/26
f 1774/1421/26 1735/1422/26 1773/1172/16
f 1773/1172/16 1735/1422/26 1736/1423/16
f 1779/1424/1 1780/1425/1 1781/1426/1
f 1779/1424/1 1782/1427/1 1780/1425/1
f 1779/1424/1 1783/1428/1 1782/1427/1
f 1779/1424/1 1784/1429/1 1783/1428/1
f 1779/1424/1 1785/1430/1 1784/1429/1
f 1779/1424/1 1786/1431/1 1785/1430/1
f 1779/1424/1 1787/1432/1 1786/1431/1
f 1779/1424/1 1788/1433/1 1787/1432/1
f 1779/1424/1 1789/1434/1 1788/1433/1
f 1779/1424/1 1790/1435/1 1789/1434/1
f 1779/1424/1 1791/1436/1 1790/1435/1
f 1779/1424/1 1792/1437/1 1791/1436/1
f 1779/1424/1 1793/1438/1 1792/1437/1
f 1779/1424/1 1794/1439/1 1793/1438/1
f 1779/1424/1 1795/1440/1 1794/1439/1
f 1779/1424/1 1796/1441/1 1795/1440/1
f 1779/1424/1 1797/1442/1 1796/1441/1
f 1779/1424/1 1798/1443/1 1797/1442/1
f 1779/1424/1 1799/1444/1 1798/1443/1
f 1779/1424/1 1800/1445/1 1799/1444/1
f 1779/1424/1 1801/1446/1 1800/1445/1
f 1779/1424/1 1802/1447/1 1801/1446/1
f 1779/1424/1 1803/1448/1 1802/1447/1
f 1779/1424/1 1781/1426/1 1803/1448/1
f 1804/1449/2 1798/1105/2 1805/1450/3
f 1805/1450/3 1798/1105/2 1799/1451/3
f 1805/1450/3 1799/1451/3 1806/1452/4
f 1806/1452/4 1799/1451/3 1800/1453/4
f 1806/1452/4 1800/1453/4 1807/1428/5
f 1807/1428/5 1800/1453/4 1801/1440/5
f 1807/1428/5 1801/1440/5 1808/1454/6
f 1808/1454/6 1801/1440/5 1802/1455/6
f 1808/1454/6 1802/1455/6 1809/1456/7
f 1809/1456/7 1802/1455/6 1803/1457/7
f 1809/1456/7 1803/1457/7 1810/1458/8
f 1810/1458/8 1803/1457/7 1781/1459/8
f 1798/1449/2 1804/1105/2 1797/1450/9
f 1797/1450/9 1804/1105/2 1811/1451/9
f 1797/1450/9 1811/1451/9 1796/1452/10
f 1796/1452/10 1811/1451/9 1812/1453/10
f 1796/1452/10 1812/1453/10 1795/1428/11
f 1795/1428/11 1812/1453/10 1813/1440/11
f 1795/1428/11 1813/1440/11 1794/1454/12
f 1794/1454/12 1813/1440/11 1814/1455/12
f 1794/1454/12 1814/1455/12 1793/1456/13
f 1793/1456/13 1814/1455/12 1815/1457/13
f 1793/1456/13 1815/1457/13 1792/1458/14
f 1792/1458/14 1815/1457/13 1816/1459/14
f 1817/1424/15 1811/1425/15 1804/1426/15
f 1817/1424/15 1812/1427/15 1811/1425/15
f 1817/1424/15 1813/1428/15 1812/1427/15
f 1817/1424/15 1814/1429/15 1813/1428/15
f 1817/1424/15 1815/1430/15 1814/1429/15
f 1817/1424/15 1816/1431/15 1815/1430/15
f 1817/1424/15 1818/1432/15 1816/1431/15
f 1817/1424/15 1819/1433/15 1818/1432/15
f 1817/1424/15 1820/1434/15 1819/1433/15
f 1817/1424/15 1821/1435/15 1820/1434/15
f 1817/1424/15 1822/1436/15 1821/1435/15
f 1817/1424/15 1823/1437/15 1822/1436/15
f 1817/1424/15 1824/1438/15 1823/1437/15
f 1817/1424/15 1825/1439/15 1824/1438/15
f 1817/1424/15 1826/1440/15 1825/1439/15
f 1817/1424/15 1827/1441/15 1826/1440/15
f 1817/1424/15 1828/1442/15 1827/1441/15
f 1817/1424/15 1810/1443/15 1828/1442/15
f 1817/1424/15 1809/1444/15 1810/1443/15
f 1817/1424/15 1808/1445/15 1809/1444/15
f 1817/1424/15 1807/1446/15 1808/1445/15
f 1817/1424/15 1806/1447/15 1807/1446/15
f 1817/1424/15 1805/1448/15 1806/1447/15
f 1817/1424/15 1804/1426/15 1805/1448/15
f 1823/1449/16 1786/1105/16 1822/1450/17
f 1822/1450/17 1786/1105/16 1787/1451/17
f 1822/1450/17 1787/1451/17 1821/1452/18
f 1821/1452/18 1787/1451/17 1788/1453/18
f 1821/1452/18 1788/1453/18 1820/1428/19
f 1820/1428/19 1788/1453/18 1789/1440/19
f 1820/1428/19 1789/1440/19 1819/1454/20
f 1819/1454/20 1789/1440/19 1790/1455/20
f 1819/1454/20 1790/1455/20 1818/1456/21
f 1818/1456/21 1790/1455/20 1791/1457/21
f 1818/1456/21 1791/1457/21 1816/1458/14
f 1816/1458/14 1791/1457/21 1792/1459/14
f 1810/1449/8 1781/1105/8 1828/1450/22
f 1828/1450/22 1781/1105/8 1780/1451/22
f 1828/1450/22 1780/1451/22 1827/1452/23
f 1827/1452/23 1780/1451/22 1782/1453/23
f 1827/1452/23 1782/1453/23 1826/1428/24
f 1826/1428/24 1782/1453/23 1783/1440/24
f 1826/1428/24 1783/1440/24 1825/1454/25
f 1825/1454/25 1783/1440/24 1784/1455/25
f 1825/1454/25 1784/1455/25 1824/1456/26
f 1824/1456/26 1784/1455/25 1785/1457/26
f 1824/1456/26 1785/1457/26 1823/1458/16
f 1823/1458/16 1785/1457/26 1786/1459/16
f 1829/1460/1 1830/169/1 1628/1461/1
f 1628/1461/1 1830/169/1 1627/1462/1
f 1831/1282/2 1830/169/2 1832/191/2
f 1832/191/2 1830/169/2 1829/167/2
f 1830/1282/14 1831/169/14 1627/1463/14
f 1627/1463/14 1831/169/14 1625/1462/14
f 1831/1460/15 1832/169/15 1625/1461/15
f 1625/1461/15 1832/169/15 1624/1462/15
f 1624/1282/16 1628/169/16 1625/191/16
f 1625/191/16 1628/169/16 1627/167/16
f 1832/1282/8 1829/169/8 1624/1463/8
f 1624/1463/8 1829/169/8 1628/1462/8
usemtl c_6225d1
f 1817/1464/1 1833/1465/1 1834/1466/1
f 1817/1464/1 1835/1467/1 1833/1465/1
f 1817/1464/1 1836/1468/1 1835/1467/1
f 1817/1464/1 1837/1469/1 1836/1468/1
f 1817/1464/1 1838/1470/1 1837/1469/1
f 1817/1464/1 1839/1471/1 1838/1470/1
f 1817/1464/1 1840/1472/1 1839/1471/1
f 1817/1464/1 1841/1473/1 1840/1472/1
f 1817/1464/1 1842/1474/1 1841/1473/1
f 1817/1464/1 1843/1475/1 1842/1474/1
f 1817/1464/1 1844/1476/1 1843/1475/1
f 1817/1464/1 1845/1477/1 1844/1476/1
f 1817/1464/1 1846/1478/1 1845/1477/1
f 1817/1464/1 1847/1479/1 1846/1478/1
f 1817/1464/1 1848/1480/1 1847/1479/1
f 1817/1464/1 1849/1481/1 1848/1480/1
f 1817/1464/1 1850/1482/1 1849/1481/1
f 1817/1464/1 1851/1483/1 1850/1482/1
f 1817/1464/1 1852/1484/1 1851/1483/1
f 1817/1464/1 1853/1485/1 1852/1484/1
f 1817/1464/1 1854/1486/1 1853/1485/1
f 1817/1464/1 1855/1487/1 1854/1486/1
f 1817/1464/1 1856/1488/1 1855/1487/1
f 1817/1464/1 1834/1466/1 1856/1488/1
f 1857/1489/2 1851/1490/2 1858/1491/3
f 1858/1491/3 1851/1490/2 1852/1492/3
f 1858/1491/3 1852/1492/3 1859/1493/4
f 1859/1493/4 1852/1492/3 1853/1494/4
f 1859/1493/4 1853/1494/4 1860/1495/5
f 1860/1495/5 1853/1494/4 1854/1480/5
f 1860/1495/5 1854/1480/5 1861/1496/6
f 1861/1496/6 1854/1480/5 1855/1497/6
f 1861/1496/6 1855/1497/6 1862/1498/7
f 1862/1498/7 1855/1497/6 1856/1499/7
f 1862/1498/7 1856/1499/7 1863/1500/8
f 1863/1500/8 1856/1499/7 1834/1501/8
f 1851/1489/2 1857/1490/2 1850/1491/9
f 1850/1491/9 1857/1490/2 1864/1492/9
f 1850/1491/9 1864/1492/9 1849/1493/10
f 1849/1493/10 1864/1492/9 1865/1494/10
f 1849/1493/10 1865/1494/10 1848/1495/11
f 1848/1495/11 1865/1494/10 1866/1480/11
f 1848/1495/11 1866/1480/11 1847/1496/12
f 1847/1496/12 1866/1480/11 1867/1497/12
f 1847/1496/12 1867/1497/12 1846/1498/13
f 1846/1498/13 1867/1497/12 1868/1499/13
f 1846/1498/13 1868/1499/13 1845/1500/14
f 1845/1500/14 1868/1499/13 1869/1501/14
f 1729/1464/15 1864/1465/15 1857/1466/15
f 1729/1464/15 1865/1467/15 1864/1465/15
f 1729/1464/15 1866/1468/15 1865/1467/15
f 1729/1464/15 1867/1469/15 1866/1468/15
f 1729/1464/15 1868/1470/15 1867/1469/15
f 1729/1464/15 1869/1471/15 1868/1470/15
f 1729/1464/15 1870/1472/15 1869/1471/15
f 1729/1464/15 1871/1473/15 1870/1472/15
f 1729/1464/15 1872/1474/15 1871/1473/15
f 1729/1464/15 1873/1475/15 1872/1474/15
f 1729/1464/15 1874/1476/15 1873/1475/15
f 1729/1464/15 1875/1477/15 1874/1476/15
f 1729/1464/15 1876/1478/15 1875/1477/15
f 1729/1464/15 1877/1479/15 1876/1478/15
f 1729/1464/15 1878/1480/15 1877/1479/15
f 1729/1464/15 1879/1481/15 1878/1480/15
f 1729/1464/15 1880/1482/15 1879/1481/15
f 1729/1464/15 1863/1483/15 1880/1482/15
f 1729/1464/15 1862/1484/15 1863/1483/15
f 1729/1464/15 1861/1485/15 1862/1484/15
f 1729/1464/15 1860/1486/15 1861/1485/15
f 1729/1464/15 1859/1487/15 1860/1486/15
f 1729/1464/15 1858/1488/15 1859/1487/15
f 1729/1464/15 1857/1466/15 1858/1488/15
f 1875/1489/16 1839/1490/16 1874/1491/17
f 1874/1491/17 1839/1490/16 1840/1492/17
f 1874/1491/17 1840/1492/17 1873/1493/18
f 1873/1493/18 1840/1492/17 1841/1494/18
f 1873/1493/18 1841/1494/18 1872/1495/19
f 1872/1495/19 1841/1494/18 1842/1480/19
f 1872/1495/19 1842/1480/19 1871/1496/20
f 1871/1496/20 1842/1480/19 1843/1497/20
f 1871/1496/20 1843/1497/20 1870/1498/21
f 1870/1498/21 1843/1497/20 1844/1499/21
f 1870/1498/21 1844/1499/21 1869/1500/14
f 1869/1500/14 1844/1499/21 1845/1501/14
f 1863/1489/8 1834/1490/8 1880/1491/22
f 1880/1491/22 1834/1490/8 1833/1492/22
f 1880/1491/22 1833/1492/22 1879/1493/23
f 1879/1493/23 1833/1492/22 1835/1494/23
f 1879/1493/23 1835/1494/23 1878/1495/24
f 1878/1495/24 1835/1494/23 1836/1480/24
f 1878/1495/24 1836/1480/24 1877/1496/25
f 1877/1496/25 1836/1480/24 1837/1497/25
f 1877/1496/25 1837/1497/25 1876/1498/26
f 1876/1498/26 1837/1497/25 1838/1499/26
f 1876/1498/26 1838/1499/26 1875/1500/16
f 1875/1500/16 1838/1499/26 1839/1501/16
f 1881/1502/1 1882/1503/1 1883/1504/1
f 1881/1502/1 1884/1505/1 1882/1503/1
f 1881/1502/1 1885/1506/1 1884/1505/1
f 1881/1502/1 1886/1507/1 1885/1506/1
f 1881/1502/1 1887/1508/1 1886/1507/1
f 1881/1502/1 1888/1509/1 1887/1508/1
f 1881/1502/1 1889/1510/1 1888/1509/1
f 1881/1502/1 1890/1511/1 1889/1510/1
f 1881/1502/1 1891/1512/1 1890/1511/1
f 1881/1502/1 1892/1513/1 1891/1512/1
f 1881/1502/1 1893/1514/1 1892/1513/1
f 1881/1502/1 1894/1515/1 1893/1514/1
f 1881/1502/1 1895/1516/1 1894/1515/1
f 1881/1502/1 1896/1517/1 1895/1516/1
f 1881/1502/1 1897/1518/1 1896/1517/1
f 1881/1502/1 1898/1519/1 1897/1518/1
f 1881/1502/1 1899/1520/1 1898/1519/1
f 1881/1502/1 1900/1521/1 1899/1520/1
f 1881/1502/1 1901/1522/1 1900/1521/1
f 1881/1502/1 1902/1523/1 1901/1522/1
f 1881/1502/1 1903/1524/1 1902/1523/1
f 1881/1502/1 1904/1525/1 1903/1524/1
f 1881/1502/1 1905/1526/1 1904/1525/1
f 1881/1502/1 1883/1504/1 1905/1526/1
f 1698/1524/2 1900/1527/2 1699/1528/3
f 1699/1528/3 1900/1527/2 1901/1529/3
f 1699/1528/3 1901/1529/3 1700/1530/4
f 1700/1530/4 1901/1529/3 1902/1531/4
f 1700/1530/4 1902/1531/4 1701/1502/5
f 1701/1502/5 1902/1531/4 1903/1518/5
f 1701/1502/5 1903/1518/5 1702/1532/6
f 1702/1532/6 1903/1518/5 1904/1533/6
f 1702/1532/6 1904/1533/6 1703/1534/7
f 1703/1534/7 1904/1533/6 1905/1535/7
f 1703/1534/7 1905/1535/7 1681/1512/8
f 1681/1512/8 1905/1535/7 1883/1536/8
f 1900/1524/2 1698/1527/2 1899/1528/9
f 1899/1528/9 1698/1527/2 1697/1529/9
f 1899/1528/9 1697/1529/9 1898/1530/10
f 1898/1530/10 1697/1529/9 1696/1531/10
f 1898/1530/10 1696/1531/10 1897/1502/11
f 1897/1502/11 1696/1531/10 1695/1518/11
f 1897/1502/11 1695/1518/11 1896/1532/12
f 1896/1532/12 1695/1518/11 1694/1533/12
f 1896/1532/12 1694/1533/12 1895/1534/13
f 1895/1534/13 1694/1533/12 1693/1535/13
f 1895/1534/13 1693/1535/13 1894/1512/14
f 1894/1512/14 1693/1535/13 1692/1536/14
f 1679/1502/15 1697/1503/15 1698/1504/15
f 1679/1502/15 1696/1505/15 1697/1503/15
f 1679/1502/15 1695/1506/15 1696/1505/15
f 1679/1502/15 1694/1507/15 1695/1506/15
f 1679/1502/15 1693/1508/15 1694/1507/15
f 1679/1502/15 1692/1509/15 1693/1508/15
f 1679/1502/15 1691/1510/15 1692/1509/15
f 1679/1502/15 1690/1511/15 1691/1510/15
f 1679/1502/15 1689/1512/15 1690/1511/15
f 1679/1502/15 1688/1513/15 1689/1512/15
f 1679/1502/15 1687/1514/15 1688/1513/15
f 1679/1502/15 1686/1515/15 1687/1514/15
f 1679/1502/15 1685/1516/15 1686/1515/15
f 1679/1502/15 1684/1517/15 1685/1516/15
f 1679/1502/15 1683/1518/15 1684/1517/15
f 1679/1502/15 1682/1519/15 1683/1518/15
f 1679/1502/15 1680/1520/15 1682/1519/15
f 1679/1502/15 1681/1521/15 1680/1520/15
f 1679/1502/15 1703/1522/15 1681/1521/15
f 1679/1502/15 1702/1523/15 1703/1522/15
f 1679/1502/15 1701/1524/15 1702/1523/15
f 1679/1502/15 1700/1525/15 1701/1524/15
f 1679/1502/15 1699/1526/15 1700/1525/15
f 1679/1502/15 1698/1504/15 1699/1526/15
f 1686/1524/16 1888/1527/16 1687/1528/17
f 1687/1528/17 1888/1527/16 1889/1529/17
f 1687/1528/17 1889/1529/17 1688/1530/18
f 1688/1530/18 1889/1529/17 1890/1531/18
f 1688/1530/18 1890/1531/18 1689/1502/19
f 1689/1502/19 1890/1531/18 1891/1518/19
f 1689/1502/19 1891/1518/19 1690/1532/20
f 1690/1532/20 1891/1518/19 1892/1533/20
f 1690/1532/20 1892/1533/20 1691/1534/21
f 1691/1534/21 1892/1533/20 1893/1535/21
f 1691/1534/21 1893/1535/21 1692/1512/14
f 1692/1512/14 1893/1535/21 1894/1536/14
f 1681/1524/8 1883/1527/8 1680/1528/22
f 1680/1528/22 1883/1527/8 1882/1529/22
f 1680/1528/22 1882/1529/22 1682/1530/23
f 1682/1530/23 1882/1529/22 1884/1531/23
f 1682/1530/23 1884/1531/23 1683/1502/24
f 1683/1502/24 1884/1531/23 1885/1518/24
f 1683/1502/24 1885/1518/24 1684/1532/25
f 1684/1532/25 1885/1518/24 1886/1533/25
f 1684/1532/25 1886/1533/25 1685/1534/26
f 1685/1534/26 1886/1533/25 1887/1535/26
f 1685/1534/26 1887/1535/26 1686/1512/16
f 1686/1512/16 1887/1535/26 1888/1536/16
f 1906/1537/1 1907/1538/1 1908/1539/1
f 1908/1539/1 1907/1538/1 1909/1540/1
f 1910/1541/5 1907/1538/5 1911/1542/5
f 1911/1542/5 1907/1538/5 1906/1543/5
f 1907/1541/11 1910/1538/11 1909/1116/11
f 1909/1116/11 1910/1538/11 1912/1540/11
f 1910/1537/15 1911/1538/15 1912/1539/15
f 1912/1539/15 1911/1538/15 1913/1540/15
f 1913/1541/19 1908/1538/19 1912/1542/19
f 1912/1542/19 1908/1538/19 1909/1543/19
f 1911/1541/24 1906/1538/24 1913/1116/24
f 1913/1116/24 1906/1538/24 1908/1540/24
f 1914/1544/1 1915/511/1 1916/1545/1
f 1916/1545/1 1915/511/1 1917/1546/1
f 1918/507/5 1915/511/5 1919/1547/5
f 1919/1547/5 1915/511/5 1914/1548/5
f 1915/507/11 1918/511/11 1917/1549/11
f 1917/1549/11 1918/511/11 1920/1546/11
f 1918/1544/15 1919/511/15 1920/1545/15
f 1920/1545/15 1919/511/15 1921/1546/15
f 1921/507/19 1916/511/19 1920/1547/19
f 1920/1547/19 1916/511/19 1917/1548/19
f 1919/507/24 1914/511/24 1921/1549/24
f 1921/1549/24 1914/511/24 1916/1546/24
f 1717/1550/1 1728/1551/1 1710/1552/1
f 1717/1550/1 1727/1553/1 1728/1551/1
f 1717/1550/1 1726/1554/1 1727/1553/1
f 1717/1550/1 1725/1555/1 1726/1554/1
f 1717/1550/1 1724/1556/1 1725/1555/1
f 1717/1550/1 1723/1557/1 1724/1556/1
f 1717/1550/1 1722/1558/1 1723/1557/1
f 1717/1550/1 1721/1559/1 1722/1558/1
f 1717/1550/1 1720/1560/1 1721/1559/1
f 1717/1550/1 1719/1561/1 1720/1560/1
f 1717/1550/1 1718/1562/1 1719/1561/1
f 1717/1550/1 1716/1563/1 1718/1562/1
f 1717/1550/1 1715/1564/1 1716/1563/1
f 1717/1550/1 1714/1565/1 1715/1564/1
f 1717/1550/1 1713/1566/1 1714/1565/1
f 1717/1550/1 1712/1567/1 1713/1566/1
f 1717/1550/1 1711/1568/1 1712/1567/1
f 1717/1550/1 1704/1569/1 1711/1568/1
f 1717/1550/1 1705/1570/1 1704/1569/1
f 1717/1550/1 1706/1571/1 1705/1570/1
f 1717/1550/1 1707/1572/1 1706/1571/1
f 1717/1550/1 1708/1573/1 1707/1572/1
f 1717/1550/1 1709/1574/1 1708/1573/1
f 1717/1550/1 1710/1552/1 1709/1574/1
f 1922/1572/2 1704/1575/2 1923/1576/3
f 1923/1576/3 1704/1575/2 1705/1577/3
f 1923/1576/3 1705/1577/3 1924/1578/4
f 1924/1578/4 1705/1577/3 1706/1579/4
f 1924/1578/4 1706/1579/4 1925/1550/5
f 1925/1550/5 1706/1579/4 1707/1566/5
f 1925/1550/5 1707/1566/5 1926/1580/6
f 1926/1580/6 1707/1566/5 1708/1581/6
f 1926/1580/6 1708/1581/6 1927/1582/7
f 1927/1582/7 1708/1581/6 1709/1583/7
f 1927/1582/7 1709/1583/7 1928/1560/8
f 1928/1560/8 1709/1583/7 1710/1584/8
f 1704/1572/2 1922/1575/2 1711/1576/9
f 1711/1576/9 1922/1575/2 1929/1577/9
f 1711/1576/9 1929/1577/9 1712/1578/10
f 1712/1578/10 1929/1577/9 1930/1579/10
f 1712/1578/10 1930/1579/10 1713/1550/11
f 1713/1550/11 1930/1579/10 1931/1566/11
f 1713/1550/11 1931/1566/11 1714/1580/12
f 1714/1580/12 1931/1566/11 1932/1581/12
f 1714/1580/12 1932/1581/12 1715/1582/13
f 1715/1582/13 1932/1581/12 1933/1583/13
f 1715/1582/13 1933/1583/13 1716/1560/14
f 1716/1560/14 1933/1583/13 1934/1584/14
f 1935/1550/15 1929/1551/15 1922/1552/15
f 1935/1550/15 1930/1553/15 1929/1551/15
f 1935/1550/15 1931/1554/15 1930/1553/15
f 1935/1550/15 1932/1555/15 1931/1554/15
f 1935/1550/15 1933/1556/15 1932/1555/15
f 1935/1550/15 1934/1557/15 1933/1556/15
f 1935/1550/15 1936/1558/15 1934/1557/15
f 1935/1550/15 1937/1559/15 1936/1558/15
f 1935/1550/15 1938/1560/15 1937/1559/15
f 1935/1550/15 1939/1561/15 1938/1560/15
f 1935/1550/15 1940/1562/15 1939/1561/15
f 1935/1550/15 1941/1563/15 1940/1562/15
f 1935/1550/15 1942/1564/15 1941/1563/15
f 1935/1550/15 1943/1565/15 1942/1564/15
f 1935/1550/15 1944/1566/15 1943/1565/15
f 1935/1550/15 1945/1567/15 1944/1566/15
f 1935/1550/15 1946/1568/15 1945/1567/15
f 1935/1550/15 1928/1569/15 1946/1568/15
f 1935/1550/15 1927/1570/15 1928/1569/15
f 1935/1550/15 1926/1571/15 1927/1570/15
f 1935/1550/15 1925/1572/15 1926/1571/15
f 1935/1550/15 1924/1573/15 1925/1572/15
f 1935/1550/15 1923/1574/15 1924/1573/15
f 1935/1550/15 1922/1552/15 1923/1574/15
f 1941/1572/16 1723/1575/16 1940/1576/17
f 1940/1576/17 1723/1575/16 1722/1577/17
f 1940/1576/17 1722/1577/17 1939/1578/18
f 1939/1578/18 1722/1577/17 1721/1579/18
f 1939/1578/18 1721/1579/18 1938/1550/19
f 1938/1550/19 1721/1579/18 1720/1566/19
f 1938/1550/19 1720/1566/19 1937/1580/20
f 1937/1580/20 1720/1566/19 1719/1581/20
f 1937/1580/20 1719/1581/20 1936/1582/21
f 1936/1582/21 1719/1581/20 1718/1583/21
f 1936/1582/21 1718/1583/21 1934/1560/14
f 1934/1560/14 1718/1583/21 1716/1584/14
f 1928/1572/8 1710/1575/8 1946/1576/22
f 1946/1576/22 1710/1575/8 1728/1577/22
f 1946/1576/22 1728/1577/22 1945/1578/23
f 1945/1578/23 1728/1577/22 1727/1579/23
f 1945/1578/23 1727/1579/23 1944/1550/24
f 1944/1550/24 1727/1579/23 1726/1566/24
f 1944/1550/24 1726/1566/24 1943/1580/25
f 1943/1580/25 1726/1566/24 1725/1581/25
f 1943/1580/25 1725/1581/25 1942/1582/26
f 1942/1582/26 1725/1581/25 1724/1583/26
f 1942/1582/26 1724/1583/26 1941/1560/16
f 1941/1560/16 1724/1583/26 1723/1584/16
o Tail
usemtl c_6225d1
f 1947/1585/1 1948/1586/1 1949/1587/1
f 1949/1587/1 1948/1586/1 1950/239/1
f 1951/992/70 1948/1586/70 1952/1588/70
f 1952/1588/70 1948/1586/70 1947/1589/70
f 1948/992/66 1951/1586/66 1950/1590/66
f 1950/1590/66 1951/1586/66 1953/239/66
f 1951/1585/15 1952/1586/15 1953/1587/15
f 1953/1587/15 1952/1586/15 1954/239/15
f 1954/992/63 1949/1586/63 1953/1588/63
f 1953/1588/63 1949/1586/63 1950/1589/63
f 1952/992/69 1947/1586/69 1954/1590/69
f 1954/1590/69 1947/1586/69 1949/239/69
f 1955/1591/1 1956/1592/1 1957/1593/1
f 1957/1593/1 1956/1592/1 1958/1594/1
f 1959/1595/34 1956/1592/34 1960/1596/34
f 1960/1596/34 1956/1592/34 1955/1597/34
f 1956/1595/39 1959/1592/39 1958/1598/39
f 1958/1598/39 1959/1592/39 1961/1594/39
f 1959/1591/15 1960/1592/15 1961/1593/15
f 1961/1593/15 1960/1592/15 1962/1594/15
f 1962/1595/44 1957/1592/44 1961/1596/44
f 1961/1596/44 1957/1592/44 1958/1597/44
f 1960/1595/32 1955/1592/32 1962/1598/32
f 1962/1598/32 1955/1592/32 1957/1594/32
f 1963/1599/1 1964/1600/1 1965/1601/1
f 1965/1601/1 1964/1600/1 1966/1252/1
f 1967/796/54 1964/1600/54 1968/1602/54
f 1968/1602/54 1964/1600/54 1963/1603/54
f 1964/796/51 1967/1600/51 1966/1255/51
f 1966/1255/51 1967/1600/51 1969/1252/51
f 1967/1599/15 1968/1600/15 1969/1601/15
f 1969/1601/15 1968/1600/15 1970/1252/15
f 1970/796/52 1965/1600/52 1969/1602/52
f 1969/1602/52 1965/1600/52 1966/1603/52
f 1968/796/53 1963/1600/53 1970/1255/53
f 1970/1255/53 1963/1600/53 1965/1252/53
f 1971/1604/1 1972/1158/1 1973/1605/1
f 1973/1605/1 1972/1158/1 1974/1606/1
f 1975/1607/31 1972/1158/31 1976/1608/31
f 1976/1608/31 1972/1158/31 1971/1609/31
f 1972/1607/28 1975/1158/28 1974/1610/28
f 1974/1610/28 1975/1158/28 1977/1606/28
f 1975/1604/15 1976/1158/15 1977/1605/15
f 1977/1605/15 1976/1158/15 1978/1606/15
f 1978/1607/29 1973/1158/29 1977/1608/29
f 1977/1608/29 1973/1158/29 1974/1609/29
f 1976/1607/30 1971/1158/30 1978/1610/30
f 1978/1610/30 1971/1158/30 1973/1606/30
f 1979/1611/1 1980/1612/1 1981/1613/1
f 1981/1613/1 1980/1612/1 1982/1614/1
f 1983/710/24 1980/1612/24 1984/1615/24
f 1984/1615/24 1980/1612/24 1979/320/24
f 1980/710/5 1983/1612/5 1982/712/5
f 1982/712/5 1983/1612/5 1985/1614/5
f 1983/1611/15 1984/1612/15 1985/1613/15
f 1985/1613/15 1984/1612/15 1986/1614/15
f 1986/710/11 1981/1612/11 1985/1615/11
f 1985/1615/11 1981/1612/11 1982/320/11
f 1984/710/19 1979/1612/19 1986/712/19
f 1986/712/19 1979/1612/19 1981/1614/19
usemtl c_00ff00
f 1987/1616/1 1988/1271/1 1989/1617/1
f 1989/1617/1 1988/1271/1 1990/1586/1
f 1991/1618/34 1988/1271/34 1992/1619/34
f 1992/1619/34 1988/1271/34 1987/1620/34
f 1988/1618/39 1991/1271/39 1990/1621/39
f 1990/1621/39 1991/1271/39 1993/1586/39
f 1991/1616/15 1992/1271/15 1993/1617/15
f 1993/1617/15 1992/1271/15 1994/1586/15
f 1994/1618/44 1989/1271/44 1993/1619/44
f 1993/1619/44 1989/1271/44 1990/1620/44
f 1992/1618/32 1987/1271/32 1994/1621/32
f 1994/1621/32 1987/1271/32 1989/1586/32
f 1995/1622/1 1996/1623/1 1997/1624/1
f 1997/1624/1 1996/1623/1 1998/1137/1
f 1999/281/24 1996/1623/24 2000/1625/24
f 2000/1625/24 1996/1623/24 1995/1626/24
f 1996/281/5 1999/1623/5 1998/1627/5
f 1998/1627/5 1999/1623/5 2001/1137/5
f 1999/1622/15 2000/1623/15 2001/1624/15
f 2001/1624/15 2000/1623/15 2002/1137/15
f 2002/281/11 1997/1623/11 2001/1625/11
f 2001/1625/11 1997/1623/11 1998/1626/11
f 2000/281/19 1995/1623/19 2002/1627/19
f 2002/1627/19 1995/1623/19 1997/1137/19
f 2003/1628/1 2004/1629/1 2005/1630/1
f 2005/1630/1 2004/1629/1 2006/1631/1
f 2007/1632/70 2004/1629/70 2008/1633/70
f 2008/1633/70 2004/1629/70 2003/1634/70
f 2004/1632/66 2007/1629/66 2006/1635/66
f 2006/1635/66 2007/1629/66 2009/1631/66
f 2007/1628/15 2008/1629/15 2009/1630/15
f 2009/1630/15 2008/1629/15 2010/1631/15
f 2010/1632/63 2005/1629/63 2009/1633/63
f 2009/1633/63 2005/1629/63 2006/1634/63
f 2008/1632/69 2003/1629/69 2010/1635/69
f 2010/1635/69 2003/1629/69 2005/1631/69
usemtl c_d5733d
f 2011/1281/1 1955/1636/1 2012/1637/1
f 2012/1637/1 1955/1636/1 1957/1638/1
f 1960/527/34 1955/1636/34 2013/1639/34
f 2013/1639/34 1955/1636/34 2011/1640/34
f 1955/527/39 1960/1636/39 1957/1641/39
f 1957/1641/39 1960/1636/39 1962/1638/39
f 1960/1281/15 2013/1636/15 1962/1637/15
f 1962/1637/15 2013/1636/15 2014/1638/15
f 2014/527/44 2012/1636/44 1962/1639/44
f 1962/1639/44 2012/1636/44 1957/1640/44
f 2013/527/32 2011/1636/32 2014/1641/32
f 2014/1641/32 2011/1636/32 2012/1638/32
f 2015/873/1 1947/874/1 2016/1642/1
f 2016/1642/1 1947/874/1 1949/1643/1
f 1952/1644/70 1947/874/70 2017/1645/70
f 2017/1645/70 1947/874/70 2015/878/70
f 1947/1644/66 1952/874/66 1949/1646/66
f 1949/1646/66 1952/874/66 1954/1643/66
f 1952/873/15 2017/874/15 1954/1642/15
f 1954/1642/15 2017/874/15 2018/1643/15
f 2018/1644/63 2016/874/63 1954/1645/63
f 1954/1645/63 2016/874/63 1949/878/63
f 2017/1644/69 2015/874/69 2018/1646/69
f 2018/1646/69 2015/874/69 2016/1643/69
o LeftLowerLeg
usemtl c_6225d1
f 2019/1647/1 2020/1648/1 2021/1649/1
f 2019/1647/1 2022/1650/1 2020/1648/1
f 2019/1647/1 2023/1651/1 2022/1650/1
f 2019/1647/1 2024/1652/1 2023/1651/1
f 2019/1647/1 2025/1653/1 2024/1652/1
f 2019/1647/1 2026/1654/1 2025/1653/1
f 2019/1647/1 2027/1655/1 2026/1654/1
f 2019/1647/1 2028/1656/1 2027/1655/1
f 2019/1647/1 2029/1657/1 2028/1656/1
f 2019/1647/1 2030/1658/1 2029/1657/1
f 2019/1647/1 2031/1659/1 2030/1658/1
f 2019/1647/1 2032/1660/1 2031/1659/1
f 2019/1647/1 2033/1661/1 2032/1660/1
f 2019/1647/1 2034/1662/1 2033/1661/1
f 2019/1647/1 2035/1663/1 2034/1662/1
f 2019/1647/1 2036/1664/1 2035/1663/1
f 2019/1647/1 2037/1665/1 2036/1664/1
f 2019/1647/1 2038/1666/1 2037/1665/1
f 2019/1647/1 2039/1667/1 2038/1666/1
f 2019/1647/1 2040/1668/1 2039/1667/1
f 2019/1647/1 2041/1669/1 2040/1668/1
f 2019/1647/1 2042/1670/1 2041/1669/1
f 2019/1647/1 2043/1671/1 2042/1670/1
f 2019/1647/1 2021/1649/1 2043/1671/1
f 2044/1669/63 2038/1672/63 2045/1673/64
f 2045/1673/64 2038/1672/63 2039/1674/64
f 2045/1673/64 2039/1674/64 2046/1675/55
f 2046/1675/55 2039/1674/64 2040/1676/55
f 2046/1675/55 2040/1676/55 2047/1647/52
f 2047/1647/52 2040/1676/55 2041/1663/52
f 2047/1647/52 2041/1663/52 2048/1677/65
f 2048/1677/65 2041/1663/52 2042/1678/65
f 2048/1677/65 2042/1678/65 2049/1679/56
f 2049/1679/56 2042/1678/65 2043/1680/56
f 2049/1679/56 2043/1680/56 2050/1657/66
f 2050/1657/66 2043/1680/56 2021/1681/66
f 2038/1669/63 2044/1672/63 2037/1673/57
f 2037/1673/57 2044/1672/63 2051/1674/57
f 2037/1673/57 2051/1674/57 2036/1675/67
f 2036/1675/67 2051/1674/57 2052/1676/67
f 2036/1675/67 2052/1676/67 2035/1647/53
f 2035/1647/53 2052/1676/67 2053/1663/53
f 2035/1647/53 2053/1663/53 2034/1677/58
f 2034/1677/58 2053/1663/53 2054/1678/58
f 2034/1677/58 2054/1678/58 2033/1679/68
f 2033/1679/68 2054/1678/58 2055/1680/68
f 2033/1679/68 2055/1680/68 2032/1657/69
f 2032/1657/69 2055/1680/68 2056/1681/69
f 2057/1647/15 2051/1648/15 2044/1649/15
f 2057/1647/15 2052/1650/15 2051/1648/15
f 2057/1647/15 2053/1651/15 2052/1650/15
f 2057/1647/15 2054/1652/15 2053/1651/15
f 2057/1647/15 2055/1653/15 2054/1652/15
f 2057/1647/15 2056/1654/15 2055/1653/15
f 2057/1647/15 2058/1655/15 2056/1654/15
f 2057/1647/15 2059/1656/15 2058/1655/15
f 2057/1647/15 2060/1657/15 2059/1656/15
f 2057/1647/15 2061/1658/15 2060/1657/15
f 2057/1647/15 2062/1659/15 2061/1658/15
f 2057/1647/15 2063/1660/15 2062/1659/15
f 2057/1647/15 2064/1661/15 2063/1660/15
f 2057/1647/15 2065/1662/15 2064/1661/15
f 2057/1647/15 2066/1663/15 2065/1662/15
f 2057/1647/15 2067/1664/15 2066/1663/15
f 2057/1647/15 2068/1665/15 2067/1664/15
f 2057/1647/15 2050/1666/15 2068/1665/15
f 2057/1647/15 2049/1667/15 2050/1666/15
f 2057/1647/15 2048/1668/15 2049/1667/15
f 2057/1647/15 2047/1669/15 2048/1668/15
f 2057/1647/15 2046/1670/15 2047/1669/15
f 2057/1647/15 2045/1671/15 2046/1670/15
f 2057/1647/15 2044/1649/15 2045/1671/15
f 2063/1669/70 2026/1672/70 2062/1673/71
f 2062/1673/71 2026/1672/70 2027/1674/71
f 2062/1673/71 2027/1674/71 2061/1675/59
f 2061/1675/59 2027/1674/71 2028/1676/59
f 2061/1675/59 2028/1676/59 2060/1647/54
f 2060/1647/54 2028/1676/59 2029/1663/54
f 2060/1647/54 2029/1663/54 2059/1677/72
f 2059/1677/72 2029/1663/54 2030/1678/72
f 2059/1677/72 2030/1678/72 2058/1679/60
f 2058/1679/60 2030/1678/72 2031/1680/60
f 2058/1679/60 2031/1680/60 2056/1657/69
f 2056/1657/69 2031/1680/60 2032/1681/69
f 2050/1669/66 2021/1672/66 2068/1673/73
f 2068/1673/73 2021/1672/66 2020/1674/73
f 2068/1673/73 2020/1674/73 2067/1675/61
f 2067/1675/61 2020/1674/73 2022/1676/61
f 2067/1675/61 2022/1676/61 2066/1647/51
f 2066/1647/51 2022/1676/61 2023/1663/51
f 2066/1647/51 2023/1663/51 2065/1677/74
f 2065/1677/74 2023/1663/51 2024/1678/74
f 2065/1677/74 2024/1678/74 2064/1679/62
f 2064/1679/62 2024/1678/74 2025/1680/62
f 2064/1679/62 2025/1680/62 2063/1657/70
f 2063/1657/70 2025/1680/62 2026/1681/70
f 2029/1682/1 2041/330/1 2069/1683/1
f 2069/1683/1 2041/330/1 2070/1684/1
f 2047/1685/51 2041/330/51 2060/1686/51
f 2060/1686/51 2041/330/51 2029/1684/51
f 2041/1685/52 2047/330/52 2070/1686/52
f 2070/1686/52 2047/330/52 2071/1684/52
f 2047/1682/15 2060/330/15 2071/1683/15
f 2071/1683/15 2060/330/15 2072/1684/15
f 2072/1685/53 2069/330/53 2071/1686/53
f 2071/1686/53 2069/330/53 2070/1684/53
f 2060/1685/54 2029/330/54 2072/1686/54
f 2072/1686/54 2029/330/54 2069/1684/54
f 2073/915/1 2074/198/1 2075/1687/1
f 2075/1687/1 2074/198/1 2076/1688/1
f 2077/202/51 2074/198/51 2078/1689/51
f 2078/1689/51 2074/198/51 2073/1688/51
f 2074/202/52 2077/198/52 2076/1689/52
f 2076/1689/52 2077/198/52 2079/1688/52
f 2077/915/15 2078/198/15 2079/1687/15
f 2079/1687/15 2078/198/15 2080/1688/15
f 2080/202/53 2075/198/53 2079/1689/53
f 2079/1689/53 2075/198/53 2076/1688/53
f 2078/202/54 2073/198/54 2080/1689/54
f 2080/1689/54 2073/198/54 2075/1688/54
f 2081/1690/1 2082/1691/1 2083/1692/1
f 2081/1690/1 2084/1693/1 2082/1691/1
f 2081/1690/1 2085/1694/1 2084/1693/1
f 2081/1690/1 2086/1695/1 2085/1694/1
f 2081/1690/1 2087/1696/1 2086/1695/1
f 2081/1690/1 2088/1697/1 2087/1696/1
f 2081/1690/1 2089/1698/1 2088/1697/1
f 2081/1690/1 2090/1699/1 2089/1698/1
f 2081/1690/1 2073/1700/1 2090/1699/1
f 2081/1690/1 2091/1701/1 2073/1700/1
f 2081/1690/1 2092/1702/1 2091/1701/1
f 2081/1690/1 2093/1703/1 2092/1702/1
f 2081/1690/1 2094/1704/1 2093/1703/1
f 2081/1690/1 2095/1705/1 2094/1704/1
f 2081/1690/1 2096/318/1 2095/1705/1
f 2081/1690/1 2097/1706/1 2096/318/1
f 2081/1690/1 2098/1707/1 2097/1706/1
f 2081/1690/1 2099/1708/1 2098/1707/1
f 2081/1690/1 2100/1709/1 2099/1708/1
f 2081/1690/1 2101/1710/1 2100/1709/1
f 2081/1690/1 2074/1711/1 2101/1710/1
f 2081/1690/1 2102/1712/1 2074/1711/1
f 2081/1690/1 2103/1713/1 2102/1712/1
f 2081/1690/1 2083/1692/1 2103/1713/1
f 2104/1711/63 2099/1612/63 2105/1714/64
f 2105/1714/64 2099/1612/63 2100/1715/64
f 2105/1714/64 2100/1715/64 2106/1716/55
f 2106/1716/55 2100/1715/64 2101/1717/55
f 2106/1716/55 2101/1717/55 2077/1690/52
f 2077/1690/52 2101/1717/55 2074/318/52
f 2077/1690/52 2074/318/52 2107/1718/65
f 2107/1718/65 2074/318/52 2102/1719/65
f 2107/1718/65 2102/1719/65 2108/1720/56
f 2108/1720/56 2102/1719/65 2103/1721/56
f 2108/1720/56 2103/1721/56 2109/1700/66
f 2109/1700/66 2103/1721/56 2083/1614/66
f 2099/1711/63 2104/1612/63 2098/1714/57
f 2098/1714/57 2104/1612/63 2110/1715/57
f 2098/1714/57 2110/1715/57 2097/1716/67
f 2097/1716/67 2110/1715/57 2111/1717/67
f 2097/1716/67 2111/1717/67 2096/1690/53
f 2096/1690/53 2111/1717/67 2112/318/53
f 2096/1690/53 2112/318/53 2095/1718/58
f 2095/1718/58 2112/318/53 2113/1719/58
f 2095/1718/58 2113/1719/58 2094/1720/68
f 2094/1720/68 2113/1719/58 2114/1721/68
f 2094/1720/68 2114/1721/68 2093/1700/69
f 2093/1700/69 2114/1721/68 2115/1614/69
f 2116/1690/15 2110/1691/15 2104/1692/15
f 2116/1690/15 2111/1693/15 2110/1691/15
f 2116/1690/15 2112/1694/15 2111/1693/15
f 2116/1690/15 2113/1695/15 2112/1694/15
f 2116/1690/15 2114/1696/15 2113/1695/15
f 2116/1690/15 2115/1697/15 2114/1696/15
f 2116/1690/15 2117/1698/15 2115/1697/15
f 2116/1690/15 2118/1699/15 2117/1698/15
f 2116/1690/15 2078/1700/15 2118/1699/15
f 2116/1690/15 2119/1701/15 2078/1700/15
f 2116/1690/15 2120/1702/15 2119/1701/15
f 2116/1690/15 2121/1703/15 2120/1702/15
f 2116/1690/15 2122/1704/15 2121/1703/15
f 2116/1690/15 2123/1705/15 2122/1704/15
f 2116/1690/15 2124/318/15 2123/1705/15
f 2116/1690/15 2125/1706/15 2124/318/15
f 2116/1690/15 2126/1707/15 2125/1706/15
f 2116/1690/15 2109/1708/15 2126/1707/15
f 2116/1690/15 2108/1709/15 2109/1708/15
f 2116/1690/15 2107/1710/15 2108/1709/15
f 2116/1690/15 2077/1711/15 2107/1710/15
f 2116/1690/15 2106/1712/15 2077/1711/15
f 2116/1690/15 2105/1713/15 2106/1712/15
f 2116/1690/15 2104/1692/15 2105/1713/15
f 2121/1711/70 2088/1612/70 2120/1714/71
f 2120/1714/71 2088/1612/70 2089/1715/71
f 2120/1714/71 2089/1715/71 2119/1716/59
f 2119/1716/59 2089/1715/71 2090/1717/59
f 2119/1716/59 2090/1717/59 2078/1690/54
f 2078/1690/54 2090/1717/59 2073/318/54
f 2078/1690/54 2073/318/54 2118/1718/72
f 2118/1718/72 2073/318/54 2091/1719/72
f 2118/1718/72 2091/1719/72 2117/1720/60
f 2117/1720/60 2091/1719/72 2092/1721/60
f 2117/1720/60 2092/1721/60 2115/1700/69
f 2115/1700/69 2092/1721/60 2093/1614/69
f 2109/1711/66 2083/1612/66 2126/1714/73
f 2126/1714/73 2083/1612/66 2082/1715/73
f 2126/1714/73 2082/1715/73 2125/1716/61
f 2125/1716/61 2082/1715/73 2084/1717/61
f 2125/1716/61 2084/1717/61 2124/1690/51
f 2124/1690/51 2084/1717/61 2085/318/51
f 2124/1690/51 2085/318/51 2123/1718/74
f 2123/1718/74 2085/318/51 2086/1719/74
f 2123/1718/74 2086/1719/74 2122/1720/62
f 2122/1720/62 2086/1719/74 2087/1721/62
f 2122/1720/62 2087/1721/62 2121/1700/70
f 2121/1700/70 2087/1721/62 2088/1614/70
usemtl c_00ff00
f 2127/1722/1 2128/1723/1 2129/1724/1
f 2127/1722/1 2130/1725/1 2128/1723/1
f 2127/1722/1 2131/1726/1 2130/1725/1
f 2127/1722/1 2132/1727/1 2131/1726/1
f 2127/1722/1 2133/1728/1 2132/1727/1
f 2127/1722/1 2134/1729/1 2133/1728/1
f 2127/1722/1 2135/1730/1 2134/1729/1
f 2127/1722/1 2136/1731/1 2135/1730/1
f 2127/1722/1 2137/1732/1 2136/1731/1
f 2127/1722/1 2138/1733/1 2137/1732/1
f 2127/1722/1 2139/1734/1 2138/1733/1
f 2127/1722/1 2140/1735/1 2139/1734/1
f 2127/1722/1 2141/1736/1 2140/1735/1
f 2127/1722/1 2142/1737/1 2141/1736/1
f 2127/1722/1 2143/1738/1 2142/1737/1
f 2127/1722/1 2144/1739/1 2143/1738/1
f 2127/1722/1 2145/1740/1 2144/1739/1
f 2127/1722/1 2146/1741/1 2145/1740/1
f 2127/1722/1 2147/1742/1 2146/1741/1
f 2127/1722/1 2148/1743/1 2147/1742/1
f 2127/1722/1 2149/1744/1 2148/1743/1
f 2127/1722/1 2150/1745/1 2149/1744/1
f 2127/1722/1 2151/1746/1 2150/1745/1
f 2127/1722/1 2129/1724/1 2151/1746/1
f 2152/115/63 2146/397/63 2153/1747/64
f 2153/1747/64 2146/397/63 2147/1748/64
f 2153/1747/64 2147/1748/64 2154/106/55
f 2154/106/55 2147/1748/64 2148/382/55
f 2154/106/55 2148/382/55 2155/1749/52
f 2155/1749/52 2148/382/55 2149/1738/52
f 2155/1749/52 2149/1738/52 2156/124/65
f 2156/124/65 2149/1738/52 2150/400/65
f 2156/124/65 2150/400/65 2157/1750/56
f 2157/1750/56 2150/400/65 2151/1751/56
f 2157/1750/56 2151/1751/56 2158/1752/66
f 2158/1752/66 2151/1751/56 2129/402/66
f 2146/115/63 2152/397/63 2145/1747/57
f 2145/1747/57 2152/397/63 2159/1748/57
f 2145/1747/57 2159/1748/57 2144/106/67
f 2144/106/67 2159/1748/57 2160/382/67
f 2144/106/67 2160/382/67 2143/1749/53
f 2143/1749/53 2160/382/67 2161/1738/53
f 2143/1749/53 2161/1738/53 2142/124/58
f 2142/124/58 2161/1738/53 2162/400/58
f 2142/124/58 2162/400/58 2141/1750/68
f 2141/1750/68 2162/400/58 2163/1751/68
f 2141/1750/68 2163/1751/68 2140/1752/69
f 2140/1752/69 2163/1751/68 2164/402/69
f 2165/1722/15 2159/1723/15 2152/1724/15
f 2165/1722/15 2160/1725/15 2159/1723/15
f 2165/1722/15 2161/1726/15 2160/1725/15
f 2165/1722/15 2162/1727/15 2161/1726/15
f 2165/1722/15 2163/1728/15 2162/1727/15
f 2165/1722/15 2164/1729/15 2163/1728/15
f 2165/1722/15 2166/1730/15 2164/1729/15
f 2165/1722/15 2167/1731/15 2166/1730/15
f 2165/1722/15 2168/1732/15 2167/1731/15
f 2165/1722/15 2169/1733/15 2168/1732/15
f 2165/1722/15 2170/1734/15 2169/1733/15
f 2165/1722/15 2171/1735/15 2170/1734/15
f 2165/1722/15 2172/1736/15 2171/1735/15
f 2165/1722/15 2173/1737/15 2172/1736/15
f 2165/1722/15 2174/1738/15 2173/1737/15
f 2165/1722/15 2175/1739/15 2174/1738/15
f 2165/1722/15 2176/1740/15 2175/1739/15
f 2165/1722/15 2158/1741/15 2176/1740/15
f 2165/1722/15 2157/1742/15 2158/1741/15
f 2165/1722/15 2156/1743/15 2157/1742/15
f 2165/1722/15 2155/1744/15 2156/1743/15
f 2165/1722/15 2154/1745/15 2155/1744/15
f 2165/1722/15 2153/1746/15 2154/1745/15
f 2165/1722/15 2152/1724/15 2153/1746/15
f 2171/115/70 2134/397/70 2170/1747/71
f 2170/1747/71 2134/397/70 2135/1748/71
f 2170/1747/71 2135/1748/71 2169/106/59
f 2169/106/59 2135/1748/71 2136/382/59
f 2169/106/59 2136/382/59 2168/1749/54
f 2168/1749/54 2136/382/59 2137/1738/54
f 2168/1749/54 2137/1738/54 2167/124/72
f 2167/124/72 2137/1738/54 2138/400/72
f 2167/124/72 2138/400/72 2166/1750/60
f 2166/1750/60 2138/400/72 2139/1751/60
f 2166/1750/60 2139/1751/60 2164/1752/69
f 2164/1752/69 2139/1751/60 2140/402/69
f 2158/115/66 2129/397/66 2176/1747/73
f 2176/1747/73 2129/397/66 2128/1748/73
f 2176/1747/73 2128/1748/73 2175/106/61
f 2175/106/61 2128/1748/73 2130/382/61
f 2175/106/61 2130/382/61 2174/1749/51
f 2174/1749/51 2130/382/61 2131/1738/51
f 2174/1749/51 2131/1738/51 2173/124/74
f 2173/124/74 2131/1738/51 2132/400/74
f 2173/124/74 2132/400/74 2172/1750/62
f 2172/1750/62 2132/400/74 2133/1751/62
f 2172/1750/62 2133/1751/62 2171/1752/70
f 2171/1752/70 2133/1751/62 2134/402/70
o LeftFoot
usemtl c_00ff00
f 2177/1753/1 2178/1754/1 2179/1755/1
f 2179/1755/1 2178/1754/1 2180/1756/1
f 2181/1753/73 2178/1754/73 2182/1755/73
f 2182/1755/73 2178/1754/73 2177/1756/73
f 2178/1753/64 2181/1754/64 2180/1755/64
f 2180/1755/64 2181/1754/64 2183/1756/64
f 2181/1753/15 2182/1754/15 2183/1755/15
f 2183/1755/15 2182/1754/15 2184/1756/15
f 2184/1753/68 2179/1754/68 2183/1755/68
f 2183/1755/68 2179/1754/68 2180/1756/68
f 2182/1753/71 2177/1754/71 2184/1755/71
f 2184/1755/71 2177/1754/71 2179/1756/71
f 2185/1757/1 2186/1758/1 2187/1759/1
f 2187/1759/1 2186/1758/1 2188/1760/1
f 2189/1757/73 2186/1758/73 2190/1759/73
f 2190/1759/73 2186/1758/73 2185/1760/73
f 2186/1757/64 2189/1758/64 2188/1759/64
f 2188/1759/64 2189/1758/64 2191/1760/64
f 2189/1757/15 2190/1758/15 2191/1759/15
f 2191/1759/15 2190/1758/15 2192/1760/15
f 2192/1757/68 2187/1758/68 2191/1759/68
f 2191/1759/68 2187/1758/68 2188/1760/68
f 2190/1757/71 2185/1758/71 2192/1759/71
f 2192/1759/71 2185/1758/71 2187/1760/71
f 2193/1761/1 2179/1762/1 2194/1763/1
f 2194/1763/1 2179/1762/1 2195/1764/1
f 2184/1761/73 2179/1762/73 2196/1763/73
f 2196/1763/73 2179/1762/73 2193/1764/73
f 2179/1761/64 2184/1762/64 2195/1763/64
f 2195/1763/64 2184/1762/64 2197/1764/64
f 2184/1761/15 2196/1762/15 2197/1763/15
f 2197/1763/15 2196/1762/15 2198/1764/15
f 2198/1761/68 2194/1762/68 2197/1763/68
f 2197/1763/68 2194/1762/68 2195/1764/68
f 2196/1761/71 2193/1762/71 2198/1763/71
f 2198/1763/71 2193/1762/71 2194/1764/71
f 2199/1765/1 2199/1765/1 2200/1766/1
f 2200/1766/1 2199/1765/1 2201/1261/1
f 2199/1767/64 2202/1765/64 2201/1766/64
f 2201/1766/64 2202/1765/64 2203/1261/64
f 2202/1767/15 2202/1767/15 2203/1766/15
f 2203/1766/15 2202/1767/15 2204/1261/15
f 2204/1767/68 2200/1765/68 2203/1768/68
f 2203/1768/68 2200/1765/68 2201/1769/68
f 2202/1767/51 2199/1765/51 2204/1770/51
f 2204/1770/51 2199/1765/51 2200/1771/51
f 2205/1772/1 2206/510/1 2207/1773/1
f 2207/1773/1 2206/510/1 2208/516/1
f 2209/1772/73 2206/510/73 2210/1773/73
f 2210/1773/73 2206/510/73 2205/516/73
f 2206/1772/64 2209/510/64 2208/1773/64
f 2208/1773/64 2209/510/64 2211/516/64
f 2209/1772/15 2210/510/15 2211/1773/15
f 2211/1773/15 2210/510/15 2212/516/15
f 2212/1772/68 2207/510/68 2211/1773/68
f 2211/1773/68 2207/510/68 2208/516/68
f 2210/1772/71 2205/510/71 2212/1773/71
f 2212/1773/71 2205/510/71 2207/516/71
f 2177/876/1 2177/876/1 2193/1774/1
f 2193/1774/1 2177/876/1 2179/1643/1
f 2177/1775/64 2182/876/64 2179/1774/64
f 2179/1774/64 2182/876/64 2184/1643/64
f 2182/1775/15 2182/1775/15 2184/1774/15
f 2184/1774/15 2182/1775/15 2196/1643/15
f 2196/1775/68 2193/876/68 2184/1774/68
f 2184/1774/68 2193/876/68 2179/1643/68
f 2182/1775/75 2177/876/75 2196/1776/75
f 2196/1776/75 2177/876/75 2193/1777/75
f 2213/1242/1 2187/1243/1 2214/1778/1
f 2214/1778/1 2187/1243/1 2215/1779/1
f 2192/1242/73 2187/1243/73 2216/1778/73
f 2216/1778/73 2187/1243/73 2213/1779/73
f 2187/1242/64 2192/1243/64 2215/1778/64
f 2215/1778/64 2192/1243/64 2217/1779/64
f 2192/1242/15 2216/1243/15 2217/1778/15
f 2217/1778/15 2216/1243/15 2218/1779/15
f 2218/1242/68 2214/1243/68 2217/1778/68
f 2217/1778/68 2214/1243/68 2215/1779/68
f 2216/1242/71 2213/1243/71 2218/1778/71
f 2218/1778/71 2213/1243/71 2214/1779/71
f 2185/1780/1 2185/1780/1 2213/165/1
f 2213/165/1 2185/1780/1 2187/1781/1
f 2185/155/64 2190/1780/64 2187/165/64
f 2187/165/64 2190/1780/64 2192/1781/64
f 2190/155/15 2190/155/15 2192/165/15
f 2192/165/15 2190/155/15 2216/1781/15
f 2216/155/68 2213/1780/68 2192/165/68
f 2192/165/68 2213/1780/68 2187/1781/68
f 2190/155/75 2185/1780/75 2216/1782/75
f 2216/1782/75 2185/1780/75 2213/1783/75
f 2219/1784/1 2207/1785/1 2220/169/1
f 2220/169/1 2207/1785/1 2221/166/1
f 2212/1784/73 2207/1785/73 2222/169/73
f 2222/169/73 2207/1785/73 2219/166/73
f 2207/1784/64 2212/1785/64 2221/169/64
f 2221/169/64 2212/1785/64 2223/166/64
f 2212/1784/15 2222/1785/15 2223/169/15
f 2223/169/15 2222/1785/15 2224/166/15
f 2224/1784/68 2220/1785/68 2223/169/68
f 2223/169/68 2220/1785/68 2221/166/68
f 2222/1784/71 2219/1785/71 2224/169/71
f 2224/169/71 2219/1785/71 2220/166/71
f 2205/1786/1 2205/1786/1 2219/1787/1
f 2219/1787/1 2205/1786/1 2207/1788/1
f 2205/1789/64 2210/1786/64 2207/1787/64
f 2207/1787/64 2210/1786/64 2212/1788/64
f 2210/1789/15 2210/1789/15 2212/1787/15
f 2212/1787/15 2210/1789/15 2222/1788/15
f 2222/1789/68 2219/1786/68 2212/1787/68
f 2212/1787/68 2219/1786/68 2207/1788/68
f 2210/1789/75 2205/1786/75 2222/1790/75
f 2222/1790/75 2205/1786/75 2219/1791/75
usemtl c_6225d1
f 2225/1792/15 2225/1792/15 2226/1793/15
f 2226/1793/15 2225/1792/15 2227/1794/15
f 2225/1795/71 2228/1792/71 2227/1796/71
f 2227/1796/71 2228/1792/71 2229/1794/71
f 2228/1797/1 2228/1797/1 2229/1793/1
f 2229/1793/1 2228/1797/1 2230/1794/1
f 2230/1795/68 2226/1792/68 2229/1796/68
f 2229/1796/68 2226/1792/68 2227/1794/68
f 2228/1795/76 2225/1792/76 2230/1798/76
f 2230/1798/76 2225/1792/76 2226/1799/76
f 2206/355/1 2228/356/1 2208/1059/1
f 2208/1059/1 2228/356/1 2229/330/1
f 2225/1800/73 2228/356/73 2181/1801/73
f 2181/1801/73 2228/356/73 2206/1684/73
f 2228/1800/64 2225/356/64 2229/1802/64
f 2229/1802/64 2225/356/64 2227/330/64
f 2225/355/15 2181/356/15 2227/1059/15
f 2227/1059/15 2181/356/15 2183/330/15
f 2183/1800/68 2208/356/68 2227/1801/68
f 2227/1801/68 2208/356/68 2229/1684/68
f 2181/1800/71 2206/356/71 2183/1802/71
f 2183/1802/71 2206/356/71 2208/330/71
f 2207/1803/1 2230/1772/1 2221/1804/1
f 2221/1804/1 2230/1772/1 2231/1773/1
f 2226/1805/73 2230/1772/73 2184/292/73
f 2184/292/73 2230/1772/73 2207/796/73
f 2230/1805/64 2226/1772/64 2231/1806/64
f 2231/1806/64 2226/1772/64 2232/1773/64
f 2226/1803/15 2184/1772/15 2232/1804/15
f 2232/1804/15 2184/1772/15 2197/1773/15
f 2197/1805/68 2221/1772/68 2232/292/68
f 2232/292/68 2221/1772/68 2231/796/68
f 2184/1805/71 2207/1772/71 2197/1806/71
f 2197/1806/71 2207/1772/71 2221/1773/71
o LowerTorso
usemtl c_00ff00
f 2233/83/1 2234/582/1 2235/1029/1
f 2235/1029/1 2234/582/1 2236/1807/1
f 2237/83/34 2234/582/34 2238/1218/34
f 2238/1218/34 2234/582/34 2233/1808/34
f 2234/83/39 2237/582/39 2236/1029/39
f 2236/1029/39 2237/582/39 2239/1807/39
f 2237/83/15 2238/582/15 2239/1029/15
f 2239/1029/15 2238/582/15 2240/1807/15
f 2240/83/44 2235/582/44 2239/1218/44
f 2239/1218/44 2235/582/44 2236/1808/44
f 2238/83/32 2233/582/32 2240/1029/32
f 2240/1029/32 2233/582/32 2235/1807/32
f 2241/1809/1 2242/1810/1 2243/1811/1
f 2243/1811/1 2242/1810/1 2244/1812/1
f 2245/1809/34 2242/1810/34 2246/1813/34
f 2246/1813/34 2242/1810/34 2241/1814/34
f 2242/1809/39 2245/1810/39 2244/1811/39
f 2244/1811/39 2245/1810/39 2247/1812/39
f 2245/1809/15 2246/1810/15 2247/1811/15
f 2247/1811/15 2246/1810/15 2248/1812/15
f 2248/1809/44 2243/1810/44 2247/1813/44
f 2247/1813/44 2243/1810/44 2244/1814/44
f 2246/1809/32 2241/1810/32 2248/1811/32
f 2248/1811/32 2241/1810/32 2243/1812/32
f 2249/1815/1 2250/399/1 2251/1816/1
f 2251/1816/1 2250/399/1 2252/403/1
f 2253/1815/34 2250/399/34 2254/1817/34
f 2254/1817/34 2250/399/34 2249/1265/34
f 2250/1815/39 2253/399/39 2252/1816/39
f 2252/1816/39 2253/399/39 2255/403/39
f 2253/1815/15 2254/399/15 2255/1816/15
f 2255/1816/15 2254/399/15 2256/403/15
f 2256/1815/44 2251/399/44 2255/1817/44
f 2255/1817/44 2251/399/44 2252/1265/44
f 2254/1815/32 2249/399/32 2256/1816/32
f 2256/1816/32 2249/399/32 2251/403/32
f 2257/484/1 2258/1641/1 2259/1818/1
f 2259/1818/1 2258/1641/1 2260/1819/1
f 2261/1820/34 2258/1641/34 2262/1821/34
f 2262/1821/34 2258/1641/34 2257/1646/34
f 2258/1820/39 2261/1641/39 2260/1822/39
f 2260/1822/39 2261/1641/39 2263/1819/39
f 2261/484/15 2262/1641/15 2263/1818/15
f 2263/1818/15 2262/1641/15 2264/1819/15
f 2264/1820/44 2259/1641/44 2263/1821/44
f 2263/1821/44 2259/1641/44 2260/1646/44
f 2262/1820/32 2257/1641/32 2264/1822/32
f 2264/1822/32 2257/1641/32 2259/1819/32
f 2265/1823/1 2266/242/1 2267/1590/1
f 2267/1590/1 2266/242/1 2268/238/1
f 2269/1823/34 2266/242/34 2270/1824/34
f 2270/1824/34 2266/242/34 2265/1825/34
f 2266/1823/39 2269/242/39 2268/1590/39
f 2268/1590/39 2269/242/39 2271/238/39
f 2269/1823/15 2270/242/15 2271/1590/15
f 2271/1590/15 2270/242/15 2272/238/15
f 2272/1823/44 2267/242/44 2271/1824/44
f 2271/1824/44 2267/242/44 2268/1825/44
f 2270/1823/32 2265/242/32 2272/1590/32
f 2272/1590/32 2265/242/32 2267/238/32
f 2273/1826/1 2274/1632/1 2275/1827/1
f 2275/1827/1 2274/1632/1 2276/1635/1
f 2277/1826/34 2274/1632/34 2278/1828/34
f 2278/1828/34 2274/1632/34 2273/343/34
f 2274/1826/39 2277/1632/39 2276/1827/39
f 2276/1827/39 2277/1632/39 2279/1635/39
f 2277/1826/15 2278/1632/15 2279/1827/15
f 2279/1827/15 2278/1632/15 2280/1635/15
f 2280/1826/44 2275/1632/44 2279/1828/44
f 2279/1828/44 2275/1632/44 2276/343/44
f 2278/1826/32 2273/1632/32 2280/1827/32
f 2280/1827/32 2273/1632/32 2275/1635/32
f 2281/1829/1 2282/1830/1 2283/1607/1
f 2283/1607/1 2282/1830/1 2284/1158/1
f 2285/1829/34 2282/1830/34 2286/1831/34
f 2286/1831/34 2282/1830/34 2281/1161/34
f 2282/1829/39 2285/1830/39 2284/1607/39
f 2284/1607/39 2285/1830/39 2287/1158/39
f 2285/1829/15 2286/1830/15 2287/1607/15
f 2287/1607/15 2286/1830/15 2288/1158/15
f 2288/1829/44 2283/1830/44 2287/1831/44
f 2287/1831/44 2283/1830/44 2284/1161/44
f 2286/1829/32 2281/1830/32 2288/1607/32
f 2288/1607/32 2281/1830/32 2283/1158/32
usemtl c_6225d1
f 2289/974/1 2290/1832/1 2291/1833/1
f 2291/1833/1 2290/1832/1 2292/1834/1
f 2293/918/34 2290/1832/34 2294/1835/34
f 2294/1835/34 2290/1832/34 2289/1836/34
f 2290/918/39 2293/1832/39 2292/1837/39
f 2292/1837/39 2293/1832/39 2295/1834/39
f 2293/974/15 2294/1832/15 2295/1833/15
f 2295/1833/15 2294/1832/15 2296/1834/15
f 2296/918/44 2291/1832/44 2295/1835/44
f 2295/1835/44 2291/1832/44 2292/1836/44
f 2294/918/32 2289/1832/32 2296/1837/32
f 2296/1837/32 2289/1832/32 2291/1834/32
f 2297/908/1 2298/1838/1 2296/532/1
f 2296/532/1 2298/1838/1 2295/1263/1
f 2299/1839/34 2298/1838/34 2300/1840/34
f 2300/1840/34 2298/1838/34 2297/1841/34
f 2298/1839/39 2299/1838/39 2295/1842/39
f 2295/1842/39 2299/1838/39 2301/1263/39
f 2299/908/15 2300/1838/15 2301/532/15
f 2301/532/15 2300/1838/15 2302/1263/15
f 2302/1839/44 2296/1838/44 2301/1840/44
f 2301/1840/44 2296/1838/44 2295/1841/44
f 2300/1839/32 2297/1838/32 2302/1842/32
f 2302/1842/32 2297/1838/32 2296/1263/32
f 2303/835/1 2304/1843/1 2305/1844/1
f 2305/1844/1 2304/1843/1 2306/1845/1
f 2307/1846/34 2304/1843/34 2308/1847/34
f 2308/1847/34 2304/1843/34 2303/1845/34
f 2304/1846/39 2307/1843/39 2306/1847/39
f 2306/1847/39 2307/1843/39 2309/1845/39
f 2307/835/15 2308/1843/15 2309/1844/15
f 2309/1844/15 2308/1843/15 2310/1845/15
f 2310/1846/44 2305/1843/44 2309/1847/44
f 2309/1847/44 2305/1843/44 2306/1845/44
f 2308/1846/32 2303/1843/32 2310/1847/32
f 2310/1847/32 2303/1843/32 2305/1845/32
f 2311/1848/1 2312/1849/1 2313/1850/1
f 2313/1850/1 2312/1849/1 2314/1851/1
f 2315/1852/34 2312/1849/34 2316/1853/34
f 2316/1853/34 2312/1849/34 2311/1294/34
f 2312/1852/39 2315/1849/39 2314/1854/39
f 2314/1854/39 2315/1849/39 2292/1851/39
f 2315/1848/15 2316/1849/15 2292/1850/15
f 2292/1850/15 2316/1849/15 2291/1851/15
f 2291/1852/44 2313/1849/44 2292/1853/44
f 2292/1853/44 2313/1849/44 2314/1294/44
f 2316/1852/32 2311/1849/32 2291/1854/32
f 2291/1854/32 2311/1849/32 2313/1851/32
f 2317/1855/1 2317/1855/1 2318/905/1
f 2318/905/1 2317/1855/1 2319/1856/1
f 2317/37/39 2320/1855/39 2319/39/39
f 2319/39/39 2320/1855/39 2321/1856/39
f 2320/1857/15 2320/1857/15 2321/905/15
f 2321/905/15 2320/1857/15 2322/1856/15
f 2322/37/44 2318/1855/44 2321/39/44
f 2321/39/44 2318/1855/44 2319/1856/44
f 2320/37/31 2317/1855/31 2322/1858/31
f 2322/1858/31 2317/1855/31 2318/1859/31
f 2318/1860/1 2323/1861/1 2324/1598/1
f 2324/1598/1 2323/1861/1 2325/1862/1
f 2326/1863/34 2323/1861/34 2322/1864/34
f 2322/1864/34 2323/1861/34 2318/1862/34
f 2323/1863/39 2326/1861/39 2325/1864/39
f 2325/1864/39 2326/1861/39 2327/1862/39
f 2326/1860/15 2322/1861/15 2327/1598/15
f 2327/1598/15 2322/1861/15 2328/1862/15
f 2328/1863/44 2324/1861/44 2327/1864/44
f 2327/1864/44 2324/1861/44 2325/1862/44
f 2322/1863/32 2318/1861/32 2328/1864/32
f 2328/1864/32 2318/1861/32 2324/1862/32
f 2312/1865/1 2329/1866/1 2314/1867/1
f 2314/1867/1 2329/1866/1 2330/1868/1
f 2331/1869/34 2329/1866/34 2299/1870/34
f 2299/1870/34 2329/1866/34 2312/1536/34
f 2329/1869/39 2331/1866/39 2330/1871/39
f 2330/1871/39 2331/1866/39 2332/1868/39
f 2331/1865/15 2299/1866/15 2332/1867/15
f 2332/1867/15 2299/1866/15 2301/1868/15
f 2301/1869/44 2314/1866/44 2332/1870/44
f 2332/1870/44 2314/1866/44 2330/1536/44
f 2299/1869/32 2312/1866/32 2301/1871/32
f 2301/1871/32 2312/1866/32 2314/1868/32
usemtl c_d5733d
f 2333/1872/1 2334/1873/1 2335/1874/1
f 2335/1874/1 2334/1873/1 2336/1875/1
f 2337/1872/34 2334/1873/34 2338/1876/34
f 2338/1876/34 2334/1873/34 2333/1877/34
f 2334/1872/39 2337/1873/39 2336/1874/39
f 2336/1874/39 2337/1873/39 2339/1875/39
f 2337/1872/15 2338/1873/15 2339/1874/15
f 2339/1874/15 2338/1873/15 2340/1875/15
f 2340/1872/44 2335/1873/44 2339/1876/44
f 2339/1876/44 2335/1873/44 2336/1877/44
f 2338/1872/32 2333/1873/32 2340/1874/32
f 2340/1874/32 2333/1873/32 2335/1875/32
f 2341/1878/1 2342/307/1 2343/286/1
f 2343/286/1 2342/307/1 2344/298/1
f 2345/1878/34 2342/307/34 2346/1879/34
f 2346/1879/34 2342/307/34 2341/316/34
f 2342/1878/39 2345/307/39 2344/286/39
f 2344/286/39 2345/307/39 2347/298/39
f 2345/1878/15 2346/307/15 2347/286/15
f 2347/286/15 2346/307/15 2348/298/15
f 2348/1878/44 2343/307/44 2347/1879/44
f 2347/1879/44 2343/307/44 2344/316/44
f 2346/1878/32 2341/307/32 2348/286/32
f 2348/286/32 2341/307/32 2343/298/32
f 2349/507/1 2350/511/1 2351/1547/1
f 2351/1547/1 2350/511/1 2352/1548/1
f 2353/507/34 2350/511/34 2354/485/34
f 2354/485/34 2350/511/34 2349/501/34
f 2350/507/39 2353/511/39 2352/1547/39
f 2352/1547/39 2353/511/39 2355/1548/39
f 2353/507/15 2354/511/15 2355/1547/15
f 2355/1547/15 2354/511/15 2356/1548/15
f 2356/507/44 2351/511/44 2355/485/44
f 2355/485/44 2351/511/44 2352/501/44
f 2354/507/32 2349/511/32 2356/1547/32
f 2356/1547/32 2349/511/32 2351/1548/32
f 2357/1880/34 2358/1881/34 2359/1882/34
f 2357/1880/34 2360/1883/34 2358/1881/34
f 2357/1880/34 2361/1875/34 2360/1883/34
f 2357/1880/34 2362/1884/34 2361/1875/34
f 2357/1880/34 2363/1885/34 2362/1884/34
f 2357/1880/34 2364/1886/34 2363/1885/34
f 2357/1880/34 2365/1887/34 2364/1886/34
f 2357/1880/34 2366/1888/34 2365/1887/34
f 2357/1880/34 2367/333/34 2366/1888/34
f 2357/1880/34 2368/1889/34 2367/333/34
f 2357/1880/34 2369/1890/34 2368/1889/34
f 2357/1880/34 2370/1891/34 2369/1890/34
f 2357/1880/34 2371/1892/34 2370/1891/34
f 2357/1880/34 2372/1893/34 2371/1892/34
f 2357/1880/34 2373/1894/34 2372/1893/34
f 2357/1880/34 2374/1895/34 2373/1894/34
f 2357/1880/34 2375/1896/34 2374/1895/34
f 2357/1880/34 2376/1897/34 2375/1896/34
f 2357/1880/34 2377/1898/34 2376/1897/34
f 2357/1880/34 2378/1899/34 2377/1898/34
f 2357/1880/34 2379/1900/34 2378/1899/34
f 2357/1880/34 2380/1901/34 2379/1900/34
f 2357/1880/34 2381/1902/34 2380/1901/34
f 2357/1880/34 2359/1882/34 2381/1902/34
f 2382/1900/77 2376/1903/77 2383/1904/78
f 2383/1904/78 2376/1903/77 2377/1905/78
f 2383/1904/78 2377/1905/78 2384/1906/79
f 2384/1906/79 2377/1905/78 2378/1907/79
f 2384/1906/79 2378/1907/79 2385/1880/39
f 2385/1880/39 2378/1907/79 2379/1894/39
f 2385/1880/39 2379/1894/39 2386/1908/80
f 2386/1908/80 2379/1894/39 2380/1909/80
f 2386/1908/80 2380/1909/80 2387/1910/81
f 2387/1910/81 2380/1909/80 2381/1911/81
f 2387/1910/81 2381/1911/81 2388/333/82
f 2388/333/82 2381/1911/81 2359/334/82
f 2376/1900/77 2382/1903/77 2375/1904/83
f 2375/1904/83 2382/1903/77 2389/1905/83
f 2375/1904/83 2389/1905/83 2374/1906/84
f 2374/1906/84 2389/1905/83 2390/1907/84
f 2374/1906/84 2390/1907/84 2373/1880/1
f 2373/1880/1 2390/1907/84 2391/1894/1
f 2373/1880/1 2391/1894/1 2372/1908/85
f 2372/1908/85 2391/1894/1 2392/1909/85
f 2372/1908/85 2392/1909/85 2371/1910/86
f 2371/1910/86 2392/1909/85 2393/1911/86
f 2371/1910/86 2393/1911/86 2370/333/87
f 2370/333/87 2393/1911/86 2394/334/87
f 2395/1880/44 2389/1881/44 2382/1882/44
f 2395/1880/44 2390/1883/44 2389/1881/44
f 2395/1880/44 2391/1875/44 2390/1883/44
f 2395/1880/44 2392/1884/44 2391/1875/44
f 2395/1880/44 2393/1885/44 2392/1884/44
f 2395/1880/44 2394/1886/44 2393/1885/44
f 2395/1880/44 2396/1887/44 2394/1886/44
f 2395/1880/44 2397/1888/44 2396/1887/44
f 2395/1880/44 2398/333/44 2397/1888/44
f 2395/1880/44 2399/1889/44 2398/333/44
f 2395/1880/44 2400/1890/44 2399/1889/44
f 2395/1880/44 2401/1891/44 2400/1890/44
f 2395/1880/44 2402/1892/44 2401/1891/44
f 2395/1880/44 2403/1893/44 2402/1892/44
f 2395/1880/44 2404/1894/44 2403/1893/44
f 2395/1880/44 2405/1895/44 2404/1894/44
f 2395/1880/44 2406/1896/44 2405/1895/44
f 2395/1880/44 2388/1897/44 2406/1896/44
f 2395/1880/44 2387/1898/44 2388/1897/44
f 2395/1880/44 2386/1899/44 2387/1898/44
f 2395/1880/44 2385/1900/44 2386/1899/44
f 2395/1880/44 2384/1901/44 2385/1900/44
f 2395/1880/44 2383/1902/44 2384/1901/44
f 2395/1880/44 2382/1882/44 2383/1902/44
f 2401/1900/88 2364/1903/88 2400/1904/89
f 2400/1904/89 2364/1903/88 2365/1905/89
f 2400/1904/89 2365/1905/89 2399/1906/90
f 2399/1906/90 2365/1905/89 2366/1907/90
f 2399/1906/90 2366/1907/90 2398/1880/32
f 2398/1880/32 2366/1907/90 2367/1894/32
f 2398/1880/32 2367/1894/32 2397/1908/91
f 2397/1908/91 2367/1894/32 2368/1909/91
f 2397/1908/91 2368/1909/91 2396/1910/92
f 2396/1910/92 2368/1909/91 2369/1911/92
f 2396/1910/92 2369/1911/92 2394/333/87
f 2394/333/87 2369/1911/92 2370/334/87
f 2388/1900/82 2359/1903/82 2406/1904/93
f 2406/1904/93 2359/1903/82 2358/1905/93
f 2406/1904/93 2358/1905/93 2405/1906/94
f 2405/1906/94 2358/1905/93 2360/1907/94
f 2405/1906/94 2360/1907/94 2404/1880/15
f 2404/1880/15 2360/1907/94 2361/1894/15
f 2404/1880/15 2361/1894/15 2403/1908/95
f 2403/1908/95 2361/1894/15 2362/1909/95
f 2403/1908/95 2362/1909/95 2402/1910/96
f 2402/1910/96 2362/1909/95 2363/1911/96
f 2402/1910/96 2363/1911/96 2401/333/88
f 2401/333/88 2363/1911/96 2364/334/88
f 2407/1912/34 2408/1913/34 2409/1914/34
f 2407/1912/34 2410/1915/34 2408/1913/34
f 2407/1912/34 2411/1916/34 2410/1915/34
f 2407/1912/34 2412/1917/34 2411/1916/34
f 2407/1912/34 2413/1918/34 2412/1917/34
f 2407/1912/34 2414/1919/34 2413/1918/34
f 2407/1912/34 2415/1920/34 2414/1919/34
f 2407/1912/34 2416/1921/34 2415/1920/34
f 2407/1912/34 2417/1922/34 2416/1921/34
f 2407/1912/34 2418/1923/34 2417/1922/34
f 2407/1912/34 2419/1924/34 2418/1923/34
f 2407/1912/34 2420/1925/34 2419/1924/34
f 2407/1912/34 2421/1926/34 2420/1925/34
f 2407/1912/34 2422/1927/34 2421/1926/34
f 2407/1912/34 2423/1928/34 2422/1927/34
f 2407/1912/34 2424/1929/34 2423/1928/34
f 2407/1912/34 2425/1930/34 2424/1929/34
f 2407/1912/34 2426/1931/34 2425/1930/34
f 2407/1912/34 2427/1932/34 2426/1931/34
f 2407/1912/34 2428/1933/34 2427/1932/34
f 2407/1912/34 2429/1934/34 2428/1933/34
f 2407/1912/34 2430/1935/34 2429/1934/34
f 2407/1912/34 2431/1936/34 2430/1935/34
f 2407/1912/34 2409/1914/34 2431/1936/34
f 2432/1934/77 2426/1937/77 2433/1938/78
f 2433/1938/78 2426/1937/77 2427/1939/78
f 2433/1938/78 2427/1939/78 2434/1940/79
f 2434/1940/79 2427/1939/78 2428/1941/79
f 2434/1940/79 2428/1941/79 2435/1912/39
f 2435/1912/39 2428/1941/79 2429/1928/39
f 2435/1912/39 2429/1928/39 2436/1942/80
f 2436/1942/80 2429/1928/39 2430/1943/80
f 2436/1942/80 2430/1943/80 2437/1944/81
f 2437/1944/81 2430/1943/80 2431/1945/81
f 2437/1944/81 2431/1945/81 2438/1922/82
f 2438/1922/82 2431/1945/81 2409/1946/82
f 2426/1934/77 2432/1937/77 2425/1938/83
f 2425/1938/83 2432/1937/77 2439/1939/83
f 2425/1938/83 2439/1939/83 2424/1940/84
f 2424/1940/84 2439/1939/83 2440/1941/84
f 2424/1940/84 2440/1941/84 2423/1912/1
f 2423/1912/1 2440/1941/84 2441/1928/1
f 2423/1912/1 2441/1928/1 2422/1942/85
f 2422/1942/85 2441/1928/1 2442/1943/85
f 2422/1942/85 2442/1943/85 2421/1944/86
f 2421/1944/86 2442/1943/85 2443/1945/86
f 2421/1944/86 2443/1945/86 2420/1922/87
f 2420/1922/87 2443/1945/86 2444/1946/87
f 2445/1912/44 2439/1913/44 2432/1914/44
f 2445/1912/44 2440/1915/44 2439/1913/44
f 2445/1912/44 2441/1916/44 2440/1915/44
f 2445/1912/44 2442/1917/44 2441/1916/44
f 2445/1912/44 2443/1918/44 2442/1917/44
f 2445/1912/44 2444/1919/44 2443/1918/44
f 2445/1912/44 2446/1920/44 2444/1919/44
f 2445/1912/44 2447/1921/44 2446/1920/44
f 2445/1912/44 2448/1922/44 2447/1921/44
f 2445/1912/44 2449/1923/44 2448/1922/44
f 2445/1912/44 2450/1924/44 2449/1923/44
f 2445/1912/44 2451/1925/44 2450/1924/44
f 2445/1912/44 2452/1926/44 2451/1925/44
f 2445/1912/44 2453/1927/44 2452/1926/44
f 2445/1912/44 2454/1928/44 2453/1927/44
f 2445/1912/44 2455/1929/44 2454/1928/44
f 2445/1912/44 2456/1930/44 2455/1929/44
f 2445/1912/44 2438/1931/44 2456/1930/44
f 2445/1912/44 2437/1932/44 2438/1931/44
f 2445/1912/44 2436/1933/44 2437/1932/44
f 2445/1912/44 2435/1934/44 2436/1933/44
f 2445/1912/44 2434/1935/44 2435/1934/44
f 2445/1912/44 2433/1936/44 2434/1935/44
f 2445/1912/44 2432/1914/44 2433/1936/44
f 2451/1934/88 2414/1937/88 2450/1938/89
f 2450/1938/89 2414/1937/88 2415/1939/89
f 2450/1938/89 2415/1939/89 2449/1940/90
f 2449/1940/90 2415/1939/89 2416/1941/90
f 2449/1940/90 2416/1941/90 2448/1912/32
f 2448/1912/32 2416/1941/90 2417/1928/32
f 2448/1912/32 2417/1928/32 2447/1942/91
f 2447/1942/91 2417/1928/32 2418/1943/91
f 2447/1942/91 2418/1943/91 2446/1944/92
f 2446/1944/92 2418/1943/91 2419/1945/92
f 2446/1944/92 2419/1945/92 2444/1922/87
f 2444/1922/87 2419/1945/92 2420/1946/87
f 2438/1934/82 2409/1937/82 2456/1938/93
f 2456/1938/93 2409/1937/82 2408/1939/93
f 2456/1938/93 2408/1939/93 2455/1940/94
f 2455/1940/94 2408/1939/93 2410/1941/94
f 2455/1940/94 2410/1941/94 2454/1912/15
f 2454/1912/15 2410/1941/94 2411/1928/15
f 2454/1912/15 2411/1928/15 2453/1942/95
f 2453/1942/95 2411/1928/15 2412/1943/95
f 2453/1942/95 2412/1943/95 2452/1944/96
f 2452/1944/96 2412/1943/95 2413/1945/96
f 2452/1944/96 2413/1945/96 2451/1922/88
f 2451/1922/88 2413/1945/96 2414/1946/88
f 2457/1947/1 2458/1948/1 2459/1949/1
f 2459/1949/1 2458/1948/1 2460/1950/1
f 2461/1947/34 2458/1948/34 2462/1951/34
f 2462/1951/34 2458/1948/34 2457/1952/34
f 2458/1947/39 2461/1948/39 2460/1949/39
f 2460/1949/39 2461/1948/39 2463/1950/39
f 2461/1947/15 2462/1948/15 2463/1949/15
f 2463/1949/15 2462/1948/15 2464/1950/15
f 2464/1947/44 2459/1948/44 2463/1951/44
f 2463/1951/44 2459/1948/44 2460/1952/44
f 2462/1947/32 2457/1948/32 2464/1949/32
f 2464/1949/32 2457/1948/32 2459/1950/32
f 2395/1953/34 2465/1954/34 2466/1955/34
f 2395/1953/34 2467/1956/34 2465/1954/34
f 2395/1953/34 2468/1957/34 2467/1956/34
f 2395/1953/34 2469/1958/34 2468/1957/34
f 2395/1953/34 2470/1959/34 2469/1958/34
f 2395/1953/34 2471/1960/34 2470/1959/34
f 2395/1953/34 2472/1961/34 2471/1960/34
f 2395/1953/34 2473/1962/34 2472/1961/34
f 2395/1953/34 2474/1963/34 2473/1962/34
f 2395/1953/34 2475/1964/34 2474/1963/34
f 2395/1953/34 2476/1965/34 2475/1964/34
f 2395/1953/34 2477/1966/34 2476/1965/34
f 2395/1953/34 2478/1967/34 2477/1966/34
f 2395/1953/34 2479/1968/34 2478/1967/34
f 2395/1953/34 2480/1969/34 2479/1968/34
f 2395/1953/34 2481/1970/34 2480/1969/34
f 2395/1953/34 2482/1971/34 2481/1970/34
f 2395/1953/34 2483/1972/34 2482/1971/34
f 2395/1953/34 2484/1973/34 2483/1972/34
f 2395/1953/34 2485/1974/34 2484/1973/34
f 2395/1953/34 2486/1975/34 2485/1974/34
f 2395/1953/34 2487/1976/34 2486/1975/34
f 2395/1953/34 2488/1977/34 2487/1976/34
f 2395/1953/34 2466/1955/34 2488/1977/34
f 2489/1657/77 2483/1681/77 2490/1978/78
f 2490/1978/78 2483/1681/77 2484/1979/78
f 2490/1978/78 2484/1979/78 2491/1980/79
f 2491/1980/79 2484/1979/78 2485/1981/79
f 2491/1980/79 2485/1981/79 2492/1982/39
f 2492/1982/39 2485/1981/79 2486/1969/39
f 2492/1982/39 2486/1969/39 2493/1983/80
f 2493/1983/80 2486/1969/39 2487/1984/80
f 2493/1983/80 2487/1984/80 2494/1985/81
f 2494/1985/81 2487/1984/80 2488/1986/81
f 2494/1985/81 2488/1986/81 2495/1987/82
f 2495/1987/82 2488/1986/81 2466/1988/82
f 2483/1657/77 2489/1681/77 2482/1978/83
f 2482/1978/83 2489/1681/77 2496/1979/83
f 2482/1978/83 2496/1979/83 2481/1980/84
f 2481/1980/84 2496/1979/83 2497/1981/84
f 2481/1980/84 2497/1981/84 2480/1982/1
f 2480/1982/1 2497/1981/84 2498/1969/1
f 2480/1982/1 2498/1969/1 2479/1983/85
f 2479/1983/85 2498/1969/1 2499/1984/85
f 2479/1983/85 2499/1984/85 2478/1985/86
f 2478/1985/86 2499/1984/85 2500/1986/86
f 2478/1985/86 2500/1986/86 2477/1987/87
f 2477/1987/87 2500/1986/86 2501/1988/87
f 2502/1953/44 2496/1954/44 2489/1955/44
f 2502/1953/44 2497/1956/44 2496/1954/44
f 2502/1953/44 2498/1957/44 2497/1956/44
f 2502/1953/44 2499/1958/44 2498/1957/44
f 2502/1953/44 2500/1959/44 2499/1958/44
f 2502/1953/44 2501/1960/44 2500/1959/44
f 2502/1953/44 2503/1961/44 2501/1960/44
f 2502/1953/44 2504/1962/44 2503/1961/44
f 2502/1953/44 2505/1963/44 2504/1962/44
f 2502/1953/44 2506/1964/44 2505/1963/44
f 2502/1953/44 2507/1965/44 2506/1964/44
f 2502/1953/44 2508/1966/44 2507/1965/44
f 2502/1953/44 2509/1967/44 2508/1966/44
f 2502/1953/44 2510/1968/44 2509/1967/44
f 2502/1953/44 2511/1969/44 2510/1968/44
f 2502/1953/44 2512/1970/44 2511/1969/44
f 2502/1953/44 2513/1971/44 2512/1970/44
f 2502/1953/44 2495/1972/44 2513/1971/44
f 2502/1953/44 2494/1973/44 2495/1972/44
f 2502/1953/44 2493/1974/44 2494/1973/44
f 2502/1953/44 2492/1975/44 2493/1974/44
f 2502/1953/44 2491/1976/44 2492/1975/44
f 2502/1953/44 2490/1977/44 2491/1976/44
f 2502/1953/44 2489/1955/44 2490/1977/44
f 2508/1657/88 2471/1681/88 2507/1978/89
f 2507/1978/89 2471/1681/88 2472/1979/89
f 2507/1978/89 2472/1979/89 2506/1980/90
f 2506/1980/90 2472/1979/89 2473/1981/90
f 2506/1980/90 2473/1981/90 2505/1982/32
f 2505/1982/32 2473/1981/90 2474/1969/32
f 2505/1982/32 2474/1969/32 2504/1983/91
f 2504/1983/91 2474/1969/32 2475/1984/91
f 2504/1983/91 2475/1984/91 2503/1985/92
f 2503/1985/92 2475/1984/91 2476/1986/92
f 2503/1985/92 2476/1986/92 2501/1987/87
f 2501/1987/87 2476/1986/92 2477/1988/87
f 2495/1657/82 2466/1681/82 2513/1978/93
f 2513/1978/93 2466/1681/82 2465/1979/93
f 2513/1978/93 2465/1979/93 2512/1980/94
f 2512/1980/94 2465/1979/93 2467/1981/94
f 2512/1980/94 2467/1981/94 2511/1982/15
f 2511/1982/15 2467/1981/94 2468/1969/15
f 2511/1982/15 2468/1969/15 2510/1983/95
f 2510/1983/95 2468/1969/15 2469/1984/95
f 2510/1983/95 2469/1984/95 2509/1985/96
f 2509/1985/96 2469/1984/95 2470/1986/96
f 2509/1985/96 2470/1986/96 2508/1987/88
f 2508/1987/88 2470/1986/96 2471/1988/88
f 2445/1989/34 2514/1990/34 2515/1991/34
f 2445/1989/34 2516/1992/34 2514/1990/34
f 2445/1989/34 2517/1993/34 2516/1992/34
f 2445/1989/34 2518/1994/34 2517/1993/34
f 2445/1989/34 2519/1995/34 2518/1994/34
f 2445/1989/34 2520/1996/34 2519/1995/34
f 2445/1989/34 2521/1997/34 2520/1996/34
f 2445/1989/34 2522/1998/34 2521/1997/34
f 2445/1989/34 2523/1999/34 2522/1998/34
f 2445/1989/34 2524/2000/34 2523/1999/34
f 2445/1989/34 2525/2001/34 2524/2000/34
f 2445/1989/34 2526/2002/34 2525/2001/34
f 2445/1989/34 2527/2003/34 2526/2002/34
f 2445/1989/34 2528/2004/34 2527/2003/34
f 2445/1989/34 2529/2005/34 2528/2004/34
f 2445/1989/34 2530/2006/34 2529/2005/34
f 2445/1989/34 2531/2007/34 2530/2006/34
f 2445/1989/34 2532/2008/34 2531/2007/34
f 2445/1989/34 2533/2009/34 2532/2008/34
f 2445/1989/34 2534/2010/34 2533/2009/34
f 2445/1989/34 2535/2011/34 2534/2010/34
f 2445/1989/34 2536/2012/34 2535/2011/34
f 2445/1989/34 2537/2013/34 2536/2012/34
f 2445/1989/34 2515/1991/34 2537/2013/34
f 2538/2014/77 2532/2015/77 2539/2016/78
f 2539/2016/78 2532/2015/77 2533/2017/78
f 2539/2016/78 2533/2017/78 2540/2018/79
f 2540/2018/79 2533/2017/78 2534/2019/79
f 2540/2018/79 2534/2019/79 2541/2020/39
f 2541/2020/39 2534/2019/79 2535/2005/39
f 2541/2020/39 2535/2005/39 2542/2021/80
f 2542/2021/80 2535/2005/39 2536/2022/80
f 2542/2021/80 2536/2022/80 2543/2023/81
f 2543/2023/81 2536/2022/80 2537/2024/81
f 2543/2023/81 2537/2024/81 2544/2025/82
f 2544/2025/82 2537/2024/81 2515/2026/82
f 2532/2014/77 2538/2015/77 2531/2016/83
f 2531/2016/83 2538/2015/77 2545/2017/83
f 2531/2016/83 2545/2017/83 2530/2018/84
f 2530/2018/84 2545/2017/83 2546/2019/84
f 2530/2018/84 2546/2019/84 2529/2020/1
f 2529/2020/1 2546/2019/84 2547/2005/1
f 2529/2020/1 2547/2005/1 2528/2021/85
f 2528/2021/85 2547/2005/1 2548/2022/85
f 2528/2021/85 2548/2022/85 2527/2023/86
f 2527/2023/86 2548/2022/85 2549/2024/86
f 2527/2023/86 2549/2024/86 2526/2025/87
f 2526/2025/87 2549/2024/86 2550/2026/87
f 2551/1989/44 2545/1990/44 2538/1991/44
f 2551/1989/44 2546/1992/44 2545/1990/44
f 2551/1989/44 2547/1993/44 2546/1992/44
f 2551/1989/44 2548/1994/44 2547/1993/44
f 2551/1989/44 2549/1995/44 2548/1994/44
f 2551/1989/44 2550/1996/44 2549/1995/44
f 2551/1989/44 2552/1997/44 2550/1996/44
f 2551/1989/44 2553/1998/44 2552/1997/44
f 2551/1989/44 2554/1999/44 2553/1998/44
f 2551/1989/44 2555/2000/44 2554/1999/44
f 2551/1989/44 2556/2001/44 2555/2000/44
f 2551/1989/44 2557/2002/44 2556/2001/44
f 2551/1989/44 2558/2003/44 2557/2002/44
f 2551/1989/44 2559/2004/44 2558/2003/44
f 2551/1989/44 2560/2005/44 2559/2004/44
f 2551/1989/44 2561/2006/44 2560/2005/44
f 2551/1989/44 2562/2007/44 2561/2006/44
f 2551/1989/44 2544/2008/44 2562/2007/44
f 2551/1989/44 2543/2009/44 2544/2008/44
f 2551/1989/44 2542/2010/44 2543/2009/44
f 2551/1989/44 2541/2011/44 2542/2010/44
f 2551/1989/44 2540/2012/44 2541/2011/44
f 2551/1989/44 2539/2013/44 2540/2012/44
f 2551/1989/44 2538/1991/44 2539/2013/44
f 2557/2014/88 2520/2015/88 2556/2016/89
f 2556/2016/89 2520/2015/88 2521/2017/89
f 2556/2016/89 2521/2017/89 2555/2018/90
f 2555/2018/90 2521/2017/89 2522/2019/90
f 2555/2018/90 2522/2019/90 2554/2020/32
f 2554/2020/32 2522/2019/90 2523/2005/32
f 2554/2020/32 2523/2005/32 2553/2021/91
f 2553/2021/91 2523/2005/32 2524/2022/91
f 2553/2021/91 2524/2022/91 2552/2023/92
f 2552/2023/92 2524/2022/91 2525/2024/92
f 2552/2023/92 2525/2024/92 2550/2025/87
f 2550/2025/87 2525/2024/92 2526/2026/87
f 2544/2014/82 2515/2015/82 2562/2016/93
f 2562/2016/93 2515/2015/82 2514/2017/93
f 2562/2016/93 2514/2017/93 2561/2018/94
f 2561/2018/94 2514/2017/93 2516/2019/94
f 2561/2018/94 2516/2019/94 2560/2020/15
f 2560/2020/15 2516/2019/94 2517/2005/15
f 2560/2020/15 2517/2005/15 2559/2021/95
f 2559/2021/95 2517/2005/15 2518/2022/95
f 2559/2021/95 2518/2022/95 2558/2023/96
f 2558/2023/96 2518/2022/95 2519/2024/96
f 2558/2023/96 2519/2024/96 2557/2025/88
f 2557/2025/88 2519/2024/96 2520/2026/88
o RightUpperLeg
usemtl c_6225d1
f 2563/2027/1 2564/2028/1 2565/2029/1
f 2565/2029/1 2564/2028/1 2566/2030/1
f 2567/2027/51 2564/2028/51 2568/2029/51
f 2568/2029/51 2564/2028/51 2563/2030/51
f 2564/2027/52 2567/2028/52 2566/2029/52
f 2566/2029/52 2567/2028/52 2569/2030/52
f 2567/2027/15 2568/2028/15 2569/2029/15
f 2569/2029/15 2568/2028/15 2570/2030/15
f 2570/2027/53 2565/2028/53 2569/2029/53
f 2569/2029/53 2565/2028/53 2566/2030/53
f 2568/2027/54 2563/2028/54 2570/2029/54
f 2570/2029/54 2563/2028/54 2565/2030/54
f 2571/2031/1 2572/2032/1 2573/2033/1
f 2573/2033/1 2572/2032/1 2574/2034/1
f 2575/2031/51 2572/2032/51 2576/2033/51
f 2576/2033/51 2572/2032/51 2571/2034/51
f 2572/2031/52 2575/2032/52 2574/2033/52
f 2574/2033/52 2575/2032/52 2577/2034/52
f 2575/2031/15 2576/2032/15 2577/2033/15
f 2577/2033/15 2576/2032/15 2578/2034/15
f 2578/2031/53 2573/2032/53 2577/2033/53
f 2577/2033/53 2573/2032/53 2574/2034/53
f 2576/2031/54 2571/2032/54 2578/2033/54
f 2578/2033/54 2571/2032/54 2573/2034/54
f 2579/2035/1 2580/2036/1 2581/2037/1
f 2579/2035/1 2582/2038/1 2580/2036/1
f 2579/2035/1 2583/2039/1 2582/2038/1
f 2579/2035/1 2584/2040/1 2583/2039/1
f 2579/2035/1 2585/2041/1 2584/2040/1
f 2579/2035/1 2586/2042/1 2585/2041/1
f 2579/2035/1 2587/2043/1 2586/2042/1
f 2579/2035/1 2588/2044/1 2587/2043/1
f 2579/2035/1 2589/2045/1 2588/2044/1
f 2579/2035/1 2590/2046/1 2589/2045/1
f 2579/2035/1 2591/2047/1 2590/2046/1
f 2579/2035/1 2592/2048/1 2591/2047/1
f 2579/2035/1 2593/2049/1 2592/2048/1
f 2579/2035/1 2594/2050/1 2593/2049/1
f 2579/2035/1 2574/2051/1 2594/2050/1
f 2579/2035/1 2595/2052/1 2574/2051/1
f 2579/2035/1 2596/2053/1 2595/2052/1
f 2579/2035/1 2597/2054/1 2596/2053/1
f 2579/2035/1 2598/2055/1 2597/2054/1
f 2579/2035/1 2599/2056/1 2598/2055/1
f 2579/2035/1 2600/2057/1 2599/2056/1
f 2579/2035/1 2601/2058/1 2600/2057/1
f 2579/2035/1 2602/2059/1 2601/2058/1
f 2579/2035/1 2581/2037/1 2602/2059/1
f 2603/2060/63 2597/2061/63 2604/2062/64
f 2604/2062/64 2597/2061/63 2598/2063/64
f 2604/2062/64 2598/2063/64 2605/2064/55
f 2605/2064/55 2598/2063/64 2599/2065/55
f 2605/2064/55 2599/2065/55 2606/2039/52
f 2606/2039/52 2599/2065/55 2600/2051/52
f 2606/2039/52 2600/2051/52 2607/2066/65
f 2607/2066/65 2600/2051/52 2601/2067/65
f 2607/2066/65 2601/2067/65 2608/2068/56
f 2608/2068/56 2601/2067/65 2602/2069/56
f 2608/2068/56 2602/2069/56 2609/2070/66
f 2609/2070/66 2602/2069/56 2581/1861/66
f 2597/2060/63 2603/2061/63 2596/2062/57
f 2596/2062/57 2603/2061/63 2610/2063/57
f 2596/2062/57 2610/2063/57 2595/2064/67
f 2595/2064/67 2610/2063/57 2611/2065/67
f 2595/2064/67 2611/2065/67 2574/2039/53
f 2574/2039/53 2611/2065/67 2577/2051/53
f 2574/2039/53 2577/2051/53 2594/2066/58
f 2594/2066/58 2577/2051/53 2612/2067/58
f 2594/2066/58 2612/2067/58 2593/2068/68
f 2593/2068/68 2612/2067/58 2613/2069/68
f 2593/2068/68 2613/2069/68 2592/2070/69
f 2592/2070/69 2613/2069/68 2614/1861/69
f 2615/2035/15 2610/2036/15 2603/2037/15
f 2615/2035/15 2611/2038/15 2610/2036/15
f 2615/2035/15 2577/2039/15 2611/2038/15
f 2615/2035/15 2612/2040/15 2577/2039/15
f 2615/2035/15 2613/2041/15 2612/2040/15
f 2615/2035/15 2614/2042/15 2613/2041/15
f 2615/2035/15 2616/2043/15 2614/2042/15
f 2615/2035/15 2617/2044/15 2616/2043/15
f 2615/2035/15 2618/2045/15 2617/2044/15
f 2615/2035/15 2619/2046/15 2618/2045/15
f 2615/2035/15 2620/2047/15 2619/2046/15
f 2615/2035/15 2621/2048/15 2620/2047/15
f 2615/2035/15 2622/2049/15 2621/2048/15
f 2615/2035/15 2623/2050/15 2622/2049/15
f 2615/2035/15 2624/2051/15 2623/2050/15
f 2615/2035/15 2625/2052/15 2624/2051/15
f 2615/2035/15 2626/2053/15 2625/2052/15
f 2615/2035/15 2609/2054/15 2626/2053/15
f 2615/2035/15 2608/2055/15 2609/2054/15
f 2615/2035/15 2607/2056/15 2608/2055/15
f 2615/2035/15 2606/2057/15 2607/2056/15
f 2615/2035/15 2605/2058/15 2606/2057/15
f 2615/2035/15 2604/2059/15 2605/2058/15
f 2615/2035/15 2603/2037/15 2604/2059/15
f 2621/2060/70 2586/2061/70 2620/2062/71
f 2620/2062/71 2586/2061/70 2587/2063/71
f 2620/2062/71 2587/2063/71 2619/2064/59
f 2619/2064/59 2587/2063/71 2588/2065/59
f 2619/2064/59 2588/2065/59 2618/2039/54
f 2618/2039/54 2588/2065/59 2589/2051/54
f 2618/2039/54 2589/2051/54 2617/2066/72
f 2617/2066/72 2589/2051/54 2590/2067/72
f 2617/2066/72 2590/2067/72 2616/2068/60
f 2616/2068/60 2590/2067/72 2591/2069/60
f 2616/2068/60 2591/2069/60 2614/2070/69
f 2614/2070/69 2591/2069/60 2592/1861/69
f 2609/2060/66 2581/2061/66 2626/2062/73
f 2626/2062/73 2581/2061/66 2580/2063/73
f 2626/2062/73 2580/2063/73 2625/2064/61
f 2625/2064/61 2580/2063/73 2582/2065/61
f 2625/2064/61 2582/2065/61 2624/2039/51
f 2624/2039/51 2582/2065/61 2583/2051/51
f 2624/2039/51 2583/2051/51 2623/2066/74
f 2623/2066/74 2583/2051/51 2584/2067/74
f 2623/2066/74 2584/2067/74 2622/2068/62
f 2622/2068/62 2584/2067/74 2585/2069/62
f 2622/2068/62 2585/2069/62 2621/2070/70
f 2621/2070/70 2585/2069/62 2586/1861/70
usemtl c_d5733d
f 2627/2071/1 2628/2072/1 2629/2073/1
f 2627/2071/1 2630/2074/1 2628/2072/1
f 2627/2071/1 2631/521/1 2630/2074/1
f 2627/2071/1 2632/2075/1 2631/521/1
f 2627/2071/1 2633/2076/1 2632/2075/1
f 2627/2071/1 2634/2077/1 2633/2076/1
f 2627/2071/1 2635/2078/1 2634/2077/1
f 2627/2071/1 2636/2079/1 2635/2078/1
f 2627/2071/1 2637/1850/1 2636/2079/1
f 2627/2071/1 2638/2080/1 2637/1850/1
f 2627/2071/1 2639/2081/1 2638/2080/1
f 2627/2071/1 2640/2082/1 2639/2081/1
f 2627/2071/1 2641/2083/1 2640/2082/1
f 2627/2071/1 2642/2084/1 2641/2083/1
f 2627/2071/1 2643/495/1 2642/2084/1
f 2627/2071/1 2644/2085/1 2643/495/1
f 2627/2071/1 2645/2086/1 2644/2085/1
f 2627/2071/1 2646/2087/1 2645/2086/1
f 2627/2071/1 2647/2088/1 2646/2087/1
f 2627/2071/1 2648/2089/1 2647/2088/1
f 2627/2071/1 2649/489/1 2648/2089/1
f 2627/2071/1 2650/2090/1 2649/489/1
f 2627/2071/1 2651/2091/1 2650/2090/1
f 2627/2071/1 2629/2073/1 2651/2091/1
f 2652/2092/63 2646/485/63 2653/2093/64
f 2653/2093/64 2646/485/63 2647/2094/64
f 2653/2093/64 2647/2094/64 2654/2095/55
f 2654/2095/55 2647/2094/64 2648/2096/55
f 2654/2095/55 2648/2096/55 2655/2097/52
f 2655/2097/52 2648/2096/55 2649/495/52
f 2655/2097/52 2649/495/52 2656/2098/65
f 2656/2098/65 2649/495/52 2650/2099/65
f 2656/2098/65 2650/2099/65 2657/2100/56
f 2657/2100/56 2650/2099/65 2651/2101/56
f 2657/2100/56 2651/2101/56 2658/203/66
f 2658/203/66 2651/2101/56 2629/1851/66
f 2646/2092/63 2652/485/63 2645/2093/57
f 2645/2093/57 2652/485/63 2659/2094/57
f 2645/2093/57 2659/2094/57 2644/2095/67
f 2644/2095/67 2659/2094/57 2660/2096/67
f 2644/2095/67 2660/2096/67 2643/2097/53
f 2643/2097/53 2660/2096/67 2661/495/53
f 2643/2097/53 2661/495/53 2642/2098/58
f 2642/2098/58 2661/495/53 2662/2099/58
f 2642/2098/58 2662/2099/58 2641/2100/68
f 2641/2100/68 2662/2099/58 2663/2101/68
f 2641/2100/68 2663/2101/68 2640/203/69
f 2640/203/69 2663/2101/68 2664/1851/69
f 2665/2071/15 2659/2072/15 2652/2073/15
f 2665/2071/15 2660/2074/15 2659/2072/15
f 2665/2071/15 2661/521/15 2660/2074/15
f 2665/2071/15 2662/2075/15 2661/521/15
f 2665/2071/15 2663/2076/15 2662/2075/15
f 2665/2071/15 2664/2077/15 2663/2076/15
f 2665/2071/15 2666/2078/15 2664/2077/15
f 2665/2071/15 2667/2079/15 2666/2078/15
f 2665/2071/15 2668/1850/15 2667/2079/15
f 2665/2071/15 2669/2080/15 2668/1850/15
f 2665/2071/15 2670/2081/15 2669/2080/15
f 2665/2071/15 2671/2082/15 2670/2081/15
f 2665/2071/15 2672/2083/15 2671/2082/15
f 2665/2071/15 2673/2084/15 2672/2083/15
f 2665/2071/15 2674/495/15 2673/2084/15
f 2665/2071/15 2675/2085/15 2674/495/15
f 2665/2071/15 2676/2086/15 2675/2085/15
f 2665/2071/15 2658/2087/15 2676/2086/15
f 2665/2071/15 2657/2088/15 2658/2087/15
f 2665/2071/15 2656/2089/15 2657/2088/15
f 2665/2071/15 2655/489/15 2656/2089/15
f 2665/2071/15 2654/2090/15 2655/489/15
f 2665/2071/15 2653/2091/15 2654/2090/15
f 2665/2071/15 2652/2073/15 2653/2091/15
f 2671/2092/70 2634/485/70 2670/2093/71
f 2670/2093/71 2634/485/70 2635/2094/71
f 2670/2093/71 2635/2094/71 2669/2095/59
f 2669/2095/59 2635/2094/71 2636/2096/59
f 2669/2095/59 2636/2096/59 2668/2097/54
f 2668/2097/54 2636/2096/59 2637/495/54
f 2668/2097/54 2637/495/54 2667/2098/72
f 2667/2098/72 2637/495/54 2638/2099/72
f 2667/2098/72 2638/2099/72 2666/2100/60
f 2666/2100/60 2638/2099/72 2639/2101/60
f 2666/2100/60 2639/2101/60 2664/203/69
f 2664/203/69 2639/2101/60 2640/1851/69
f 2658/2092/66 2629/485/66 2676/2093/73
f 2676/2093/73 2629/485/66 2628/2094/73
f 2676/2093/73 2628/2094/73 2675/2095/61
f 2675/2095/61 2628/2094/73 2630/2096/61
f 2675/2095/61 2630/2096/61 2674/2097/51
f 2674/2097/51 2630/2096/61 2631/495/51
f 2674/2097/51 2631/495/51 2673/2098/74
f 2673/2098/74 2631/495/51 2632/2099/74
f 2673/2098/74 2632/2099/74 2672/2100/62
f 2672/2100/62 2632/2099/74 2633/2101/62
f 2672/2100/62 2633/2101/62 2671/203/70
f 2671/203/70 2633/2101/62 2634/1851/70
o RightUpperArm
usemtl c_d5733d
f 2677/1937/1 2678/2102/1 2679/2103/1
f 2677/1937/1 2680/2104/1 2678/2102/1
f 2677/1937/1 2681/872/1 2680/2104/1
f 2677/1937/1 2682/2105/1 2681/872/1
f 2677/1937/1 2683/2106/1 2682/2105/1
f 2677/1937/1 2684/2107/1 2683/2106/1
f 2677/1937/1 2685/2108/1 2684/2107/1
f 2677/1937/1 2686/2109/1 2685/2108/1
f 2677/1937/1 2687/1946/1 2686/2109/1
f 2677/1937/1 2688/2110/1 2687/1946/1
f 2677/1937/1 2689/2111/1 2688/2110/1
f 2677/1937/1 2690/2112/1 2689/2111/1
f 2677/1937/1 2691/2113/1 2690/2112/1
f 2677/1937/1 2692/2114/1 2691/2113/1
f 2677/1937/1 2693/2115/1 2692/2114/1
f 2677/1937/1 2694/2116/1 2693/2115/1
f 2677/1937/1 2695/2117/1 2694/2116/1
f 2677/1937/1 2696/2118/1 2695/2117/1
f 2677/1937/1 2697/2119/1 2696/2118/1
f 2677/1937/1 2698/2120/1 2697/2119/1
f 2677/1937/1 2699/2121/1 2698/2120/1
f 2677/1937/1 2700/2122/1 2699/2121/1
f 2677/1937/1 2701/2123/1 2700/2122/1
f 2677/1937/1 2679/2103/1 2701/2123/1
f 2702/1243/28 2696/2124/28 2703/2125/27
f 2703/2125/27 2696/2124/28 2697/2126/27
f 2703/2125/27 2697/2126/27 2704/2127/33
f 2704/2127/33 2697/2126/27 2698/2128/33
f 2704/2127/33 2698/2128/33 2705/1779/34
f 2705/1779/34 2698/2128/33 2699/2115/34
f 2705/1779/34 2699/2115/34 2706/2129/35
f 2706/2129/35 2699/2115/34 2700/2130/35
f 2706/2129/35 2700/2130/35 2707/2131/36
f 2707/2131/36 2700/2130/35 2701/2132/36
f 2707/2131/36 2701/2132/36 2708/2133/31
f 2708/2133/31 2701/2132/36 2679/2134/31
f 2696/1243/28 2702/2124/28 2695/2125/37
f 2695/2125/37 2702/2124/28 2709/2126/37
f 2695/2125/37 2709/2126/37 2694/2127/38
f 2694/2127/38 2709/2126/37 2710/2128/38
f 2694/2127/38 2710/2128/38 2693/1779/39
f 2693/1779/39 2710/2128/38 2711/2115/39
f 2693/1779/39 2711/2115/39 2692/2129/40
f 2692/2129/40 2711/2115/39 2712/2130/40
f 2692/2129/40 2712/2130/40 2691/2131/41
f 2691/2131/41 2712/2130/40 2713/2132/41
f 2691/2131/41 2713/2132/41 2690/2133/29
f 2690/2133/29 2713/2132/41 2714/2134/29
f 2715/1937/15 2709/2102/15 2702/2103/15
f 2715/1937/15 2710/2104/15 2709/2102/15
f 2715/1937/15 2711/872/15 2710/2104/15
f 2715/1937/15 2712/2105/15 2711/872/15
f 2715/1937/15 2713/2106/15 2712/2105/15
f 2715/1937/15 2714/2107/15 2713/2106/15
f 2715/1937/15 2716/2108/15 2714/2107/15
f 2715/1937/15 2717/2109/15 2716/2108/15
f 2715/1937/15 2718/1946/15 2717/2109/15
f 2715/1937/15 2719/2110/15 2718/1946/15
f 2715/1937/15 2720/2111/15 2719/2110/15
f 2715/1937/15 2721/2112/15 2720/2111/15
f 2715/1937/15 2722/2113/15 2721/2112/15
f 2715/1937/15 2723/2114/15 2722/2113/15
f 2715/1937/15 2724/2115/15 2723/2114/15
f 2715/1937/15 2725/2116/15 2724/2115/15
f 2715/1937/15 2726/2117/15 2725/2116/15
f 2715/1937/15 2708/2118/15 2726/2117/15
f 2715/1937/15 2707/2119/15 2708/2118/15
f 2715/1937/15 2706/2120/15 2707/2119/15
f 2715/1937/15 2705/2121/15 2706/2120/15
f 2715/1937/15 2704/2122/15 2705/2121/15
f 2715/1937/15 2703/2123/15 2704/2122/15
f 2715/1937/15 2702/2103/15 2703/2123/15
f 2721/1243/30 2684/2124/30 2720/2125/42
f 2720/2125/42 2684/2124/30 2685/2126/42
f 2720/2125/42 2685/2126/42 2719/2127/43
f 2719/2127/43 2685/2126/42 2686/2128/43
f 2719/2127/43 2686/2128/43 2718/1779/44
f 2718/1779/44 2686/2128/43 2687/2115/44
f 2718/1779/44 2687/2115/44 2717/2129/45
f 2717/2129/45 2687/2115/44 2688/2130/45
f 2717/2129/45 2688/2130/45 2716/2131/46
f 2716/2131/46 2688/2130/45 2689/2132/46
f 2716/2131/46 2689/2132/46 2714/2133/29
f 2714/2133/29 2689/2132/46 2690/2134/29
f 2708/1243/31 2679/2124/31 2726/2125/47
f 2726/2125/47 2679/2124/31 2678/2126/47
f 2726/2125/47 2678/2126/47 2725/2127/48
f 2725/2127/48 2678/2126/47 2680/2128/48
f 2725/2127/48 2680/2128/48 2724/1779/32
f 2724/1779/32 2680/2128/48 2681/2115/32
f 2724/1779/32 2681/2115/32 2723/2129/49
f 2723/2129/49 2681/2115/32 2682/2130/49
f 2723/2129/49 2682/2130/49 2722/2131/50
f 2722/2131/50 2682/2130/49 2683/2132/50
f 2722/2131/50 2683/2132/50 2721/2133/30
f 2721/2133/30 2683/2132/50 2684/2134/30
usemtl c_00ff00
f 2727/1876/1 2728/2135/1 2729/2136/1
f 2727/1876/1 2730/2137/1 2728/2135/1
f 2727/1876/1 2731/2138/1 2730/2137/1
f 2727/1876/1 2732/2139/1 2731/2138/1
f 2727/1876/1 2733/2140/1 2732/2139/1
f 2727/1876/1 2734/2141/1 2733/2140/1
f 2727/1876/1 2735/2142/1 2734/2141/1
f 2727/1876/1 2736/2143/1 2735/2142/1
f 2727/1876/1 2737/2144/1 2736/2143/1
f 2727/1876/1 2738/2145/1 2737/2144/1
f 2727/1876/1 2739/2146/1 2738/2145/1
f 2727/1876/1 2740/2147/1 2739/2146/1
f 2727/1876/1 2741/2148/1 2740/2147/1
f 2727/1876/1 2742/2149/1 2741/2148/1
f 2727/1876/1 2743/2150/1 2742/2149/1
f 2727/1876/1 2744/2151/1 2743/2150/1
f 2727/1876/1 2745/2152/1 2744/2151/1
f 2727/1876/1 2746/2153/1 2745/2152/1
f 2727/1876/1 2747/2154/1 2746/2153/1
f 2727/1876/1 2748/2155/1 2747/2154/1
f 2727/1876/1 2749/2156/1 2748/2155/1
f 2727/1876/1 2750/2157/1 2749/2156/1
f 2727/1876/1 2751/2158/1 2750/2157/1
f 2727/1876/1 2729/2136/1 2751/2158/1
f 2752/2159/28 2746/2160/28 2753/2161/27
f 2753/2161/27 2746/2160/28 2747/2162/27
f 2753/2161/27 2747/2162/27 2754/2163/33
f 2754/2163/33 2747/2162/27 2748/2164/33
f 2754/2163/33 2748/2164/33 2755/2165/34
f 2755/2165/34 2748/2164/33 2749/2150/34
f 2755/2165/34 2749/2150/34 2756/2166/35
f 2756/2166/35 2749/2150/34 2750/2167/35
f 2756/2166/35 2750/2167/35 2757/2168/36
f 2757/2168/36 2750/2167/35 2751/2169/36
f 2757/2168/36 2751/2169/36 2758/2170/31
f 2758/2170/31 2751/2169/36 2729/2171/31
f 2746/2159/28 2752/2160/28 2745/2161/37
f 2745/2161/37 2752/2160/28 2759/2162/37
f 2745/2161/37 2759/2162/37 2744/2163/38
f 2744/2163/38 2759/2162/37 2760/2164/38
f 2744/2163/38 2760/2164/38 2743/2165/39
f 2743/2165/39 2760/2164/38 2761/2150/39
f 2743/2165/39 2761/2150/39 2742/2166/40
f 2742/2166/40 2761/2150/39 2762/2167/40
f 2742/2166/40 2762/2167/40 2741/2168/41
f 2741/2168/41 2762/2167/40 2763/2169/41
f 2741/2168/41 2763/2169/41 2740/2170/29
f 2740/2170/29 2763/2169/41 2764/2171/29
f 2765/1876/15 2759/2135/15 2752/2136/15
f 2765/1876/15 2760/2137/15 2759/2135/15
f 2765/1876/15 2761/2138/15 2760/2137/15
f 2765/1876/15 2762/2139/15 2761/2138/15
f 2765/1876/15 2763/2140/15 2762/2139/15
f 2765/1876/15 2764/2141/15 2763/2140/15
f 2765/1876/15 2766/2142/15 2764/2141/15
f 2765/1876/15 2767/2143/15 2766/2142/15
f 2765/1876/15 2768/2144/15 2767/2143/15
f 2765/1876/15 2769/2145/15 2768/2144/15
f 2765/1876/15 2770/2146/15 2769/2145/15
f 2765/1876/15 2771/2147/15 2770/2146/15
f 2765/1876/15 2772/2148/15 2771/2147/15
f 2765/1876/15 2773/2149/15 2772/2148/15
f 2765/1876/15 2774/2150/15 2773/2149/15
f 2765/1876/15 2775/2151/15 2774/2150/15
f 2765/1876/15 2776/2152/15 2775/2151/15
f 2765/1876/15 2758/2153/15 2776/2152/15
f 2765/1876/15 2757/2154/15 2758/2153/15
f 2765/1876/15 2756/2155/15 2757/2154/15
f 2765/1876/15 2755/2156/15 2756/2155/15
f 2765/1876/15 2754/2157/15 2755/2156/15
f 2765/1876/15 2753/2158/15 2754/2157/15
f 2765/1876/15 2752/2136/15 2753/2158/15
f 2771/2159/30 2734/2160/30 2770/2161/42
f 2770/2161/42 2734/2160/30 2735/2162/42
f 2770/2161/42 2735/2162/42 2769/2163/43
f 2769/2163/43 2735/2162/42 2736/2164/43
f 2769/2163/43 2736/2164/43 2768/2165/44
f 2768/2165/44 2736/2164/43 2737/2150/44
f 2768/2165/44 2737/2150/44 2767/2166/45
f 2767/2166/45 2737/2150/44 2738/2167/45
f 2767/2166/45 2738/2167/45 2766/2168/46
f 2766/2168/46 2738/2167/45 2739/2169/46
f 2766/2168/46 2739/2169/46 2764/2170/29
f 2764/2170/29 2739/2169/46 2740/2171/29
f 2758/2159/31 2729/2160/31 2776/2161/47
f 2776/2161/47 2729/2160/31 2728/2162/47
f 2776/2161/47 2728/2162/47 2775/2163/48
f 2775/2163/48 2728/2162/47 2730/2164/48
f 2775/2163/48 2730/2164/48 2774/2165/32
f 2774/2165/32 2730/2164/48 2731/2150/32
f 2774/2165/32 2731/2150/32 2773/2166/49
f 2773/2166/49 2731/2150/32 2732/2167/49
f 2773/2166/49 2732/2167/49 2772/2168/50
f 2772/2168/50 2732/2167/49 2733/2169/50
f 2772/2168/50 2733/2169/50 2771/2170/30
f 2771/2170/30 2733/2169/50 2734/2171/30
usemtl c_6225d1
f 2777/1864/1 2778/1862/1 2779/2172/1
f 2779/2172/1 2778/1862/1 2780/2173/1
f 2781/2174/34 2778/1862/34 2782/2175/34
f 2782/2175/34 2778/1862/34 2777/2176/34
f 2778/2174/39 2781/1862/39 2780/2177/39
f 2780/2177/39 2781/1862/39 2783/2173/39
f 2781/1864/15 2782/1862/15 2783/2172/15
f 2783/2172/15 2782/1862/15 2784/2173/15
f 2784/2174/44 2779/1862/44 2783/2175/44
f 2783/2175/44 2779/1862/44 2780/2176/44
f 2782/2174/32 2777/1862/32 2784/2177/32
f 2784/2177/32 2777/1862/32 2779/2173/32
f 2785/2178/1 2786/2179/1 2787/2180/1
f 2785/2178/1 2788/2181/1 2786/2179/1
f 2785/2178/1 2789/2182/1 2788/2181/1
f 2785/2178/1 2790/2183/1 2789/2182/1
f 2785/2178/1 2791/2184/1 2790/2183/1
f 2785/2178/1 2792/2185/1 2791/2184/1
f 2785/2178/1 2793/2186/1 2792/2185/1
f 2785/2178/1 2794/2187/1 2793/2186/1
f 2785/2178/1 2795/2188/1 2794/2187/1
f 2785/2178/1 2796/2189/1 2795/2188/1
f 2785/2178/1 2797/2190/1 2796/2189/1
f 2785/2178/1 2798/2191/1 2797/2190/1
f 2785/2178/1 2799/2192/1 2798/2191/1
f 2785/2178/1 2800/2193/1 2799/2192/1
f 2785/2178/1 2801/2194/1 2800/2193/1
f 2785/2178/1 2802/2195/1 2801/2194/1
f 2785/2178/1 2803/2196/1 2802/2195/1
f 2785/2178/1 2804/2197/1 2803/2196/1
f 2785/2178/1 2805/2198/1 2804/2197/1
f 2785/2178/1 2806/2199/1 2805/2198/1
f 2785/2178/1 2807/222/1 2806/2199/1
f 2785/2178/1 2808/2200/1 2807/222/1
f 2785/2178/1 2809/2201/1 2808/2200/1
f 2785/2178/1 2787/2180/1 2809/2201/1
f 2810/2202/28 2804/2203/28 2811/2204/27
f 2811/2204/27 2804/2203/28 2805/2205/27
f 2811/2204/27 2805/2205/27 2812/2206/33
f 2812/2206/33 2805/2205/27 2806/2207/33
f 2812/2206/33 2806/2207/33 2813/2208/34
f 2813/2208/34 2806/2207/33 2807/2194/34
f 2813/2208/34 2807/2194/34 2814/2209/35
f 2814/2209/35 2807/2194/34 2808/2210/35
f 2814/2209/35 2808/2210/35 2815/2211/36
f 2815/2211/36 2808/2210/35 2809/2212/36
f 2815/2211/36 2809/2212/36 2816/2213/31
f 2816/2213/31 2809/2212/36 2787/510/31
f 2804/2202/28 2810/2203/28 2803/2204/37
f 2803/2204/37 2810/2203/28 2817/2205/37
f 2803/2204/37 2817/2205/37 2802/2206/38
f 2802/2206/38 2817/2205/37 2818/2207/38
f 2802/2206/38 2818/2207/38 2801/2208/39
f 2801/2208/39 2818/2207/38 2819/2194/39
f 2801/2208/39 2819/2194/39 2800/2209/40
f 2800/2209/40 2819/2194/39 2820/2210/40
f 2800/2209/40 2820/2210/40 2799/2211/41
f 2799/2211/41 2820/2210/40 2821/2212/41
f 2799/2211/41 2821/2212/41 2798/2213/29
f 2798/2213/29 2821/2212/41 2822/510/29
f 2823/2178/15 2817/2179/15 2810/2180/15
f 2823/2178/15 2818/2181/15 2817/2179/15
f 2823/2178/15 2819/2182/15 2818/2181/15
f 2823/2178/15 2820/2183/15 2819/2182/15
f 2823/2178/15 2821/2184/15 2820/2183/15
f 2823/2178/15 2822/2185/15 2821/2184/15
f 2823/2178/15 2824/2186/15 2822/2185/15
f 2823/2178/15 2825/2187/15 2824/2186/15
f 2823/2178/15 2826/2188/15 2825/2187/15
f 2823/2178/15 2827/2189/15 2826/2188/15
f 2823/2178/15 2828/2190/15 2827/2189/15
f 2823/2178/15 2829/2191/15 2828/2190/15
f 2823/2178/15 2830/2192/15 2829/2191/15
f 2823/2178/15 2831/2193/15 2830/2192/15
f 2823/2178/15 2832/2194/15 2831/2193/15
f 2823/2178/15 2833/2195/15 2832/2194/15
f 2823/2178/15 2834/2196/15 2833/2195/15
f 2823/2178/15 2816/2197/15 2834/2196/15
f 2823/2178/15 2815/2198/15 2816/2197/15
f 2823/2178/15 2814/2199/15 2815/2198/15
f 2823/2178/15 2813/222/15 2814/2199/15
f 2823/2178/15 2812/2200/15 2813/222/15
f 2823/2178/15 2811/2201/15 2812/2200/15
f 2823/2178/15 2810/2180/15 2811/2201/15
f 2829/2202/30 2792/2203/30 2828/2204/42
f 2828/2204/42 2792/2203/30 2793/2205/42
f 2828/2204/42 2793/2205/42 2827/2206/43
f 2827/2206/43 2793/2205/42 2794/2207/43
f 2827/2206/43 2794/2207/43 2826/2208/44
f 2826/2208/44 2794/2207/43 2795/2194/44
f 2826/2208/44 2795/2194/44 2825/2209/45
f 2825/2209/45 2795/2194/44 2796/2210/45
f 2825/2209/45 2796/2210/45 2824/2211/46
f 2824/2211/46 2796/2210/45 2797/2212/46
f 2824/2211/46 2797/2212/46 2822/2213/29
f 2822/2213/29 2797/2212/46 2798/510/29
f 2816/2202/31 2787/2203/31 2834/2204/47
f 2834/2204/47 2787/2203/31 2786/2205/47
f 2834/2204/47 2786/2205/47 2833/2206/48
f 2833/2206/48 2786/2205/47 2788/2207/48
f 2833/2206/48 2788/2207/48 2832/2208/32
f 2832/2208/32 2788/2207/48 2789/2194/32
f 2832/2208/32 2789/2194/32 2831/2209/49
f 2831/2209/49 2789/2194/32 2790/2210/49
f 2831/2209/49 2790/2210/49 2830/2211/50
f 2830/2211/50 2790/2210/49 2791/2212/50
f 2830/2211/50 2791/2212/50 2829/2213/30
f 2829/2213/30 2791/2212/50 2792/510/30
f 2835/2214/1 2836/2215/1 2837/2216/1
f 2835/2214/1 2838/2217/1 2836/2215/1
f 2835/2214/1 2839/1113/1 2838/2217/1
f 2835/2214/1 2840/2218/1 2839/1113/1
f 2835/2214/1 2841/2219/1 2840/2218/1
f 2835/2214/1 2842/2220/1 2841/2219/1
f 2835/2214/1 2843/2221/1 2842/2220/1
f 2835/2214/1 2844/2222/1 2843/2221/1
f 2835/2214/1 2845/2223/1 2844/2222/1
f 2835/2214/1 2846/2224/1 2845/2223/1
f 2835/2214/1 2847/2225/1 2846/2224/1
f 2835/2214/1 2848/2226/1 2847/2225/1
f 2835/2214/1 2849/2227/1 2848/2226/1
f 2835/2214/1 2850/2228/1 2849/2227/1
f 2835/2214/1 2851/2229/1 2850/2228/1
f 2835/2214/1 2852/2230/1 2851/2229/1
f 2835/2214/1 2853/2231/1 2852/2230/1
f 2835/2214/1 2854/2232/1 2853/2231/1
f 2835/2214/1 2855/2233/1 2854/2232/1
f 2835/2214/1 2856/2234/1 2855/2233/1
f 2835/2214/1 2857/2235/1 2856/2234/1
f 2835/2214/1 2858/2236/1 2857/2235/1
f 2835/2214/1 2859/2237/1 2858/2236/1
f 2835/2214/1 2837/2216/1 2859/2237/1
f 2860/2238/28 2854/2239/28 2861/2240/27
f 2861/2240/27 2854/2239/28 2855/2241/27
f 2861/2240/27 2855/2241/27 2862/2242/33
f 2862/2242/33 2855/2241/27 2856/2243/33
f 2862/2242/33 2856/2243/33 2863/1113/34
f 2863/1113/34 2856/2243/33 2857/2229/34
f 2863/1113/34 2857/2229/34 2864/2244/35
f 2864/2244/35 2857/2229/34 2858/2245/35
f 2864/2244/35 2858/2245/35 2865/2246/36
f 2865/2246/36 2858/2245/35 2859/2247/36
f 2865/2246/36 2859/2247/36 2866/2248/31
f 2866/2248/31 2859/2247/36 2837/1095/31
f 2854/2238/28 2860/2239/28 2853/2240/37
f 2853/2240/37 2860/2239/28 2867/2241/37
f 2853/2240/37 2867/2241/37 2852/2242/38
f 2852/2242/38 2867/2241/37 2868/2243/38
f 2852/2242/38 2868/2243/38 2851/1113/39
f 2851/1113/39 2868/2243/38 2869/2229/39
f 2851/1113/39 2869/2229/39 2850/2244/40
f 2850/2244/40 2869/2229/39 2870/2245/40
f 2850/2244/40 2870/2245/40 2849/2246/41
f 2849/2246/41 2870/2245/40 2871/2247/41
f 2849/2246/41 2871/2247/41 2848/2248/29
f 2848/2248/29 2871/2247/41 2872/1095/29
f 2873/2214/15 2867/2215/15 2860/2216/15
f 2873/2214/15 2868/2217/15 2867/2215/15
f 2873/2214/15 2869/1113/15 2868/2217/15
f 2873/2214/15 2870/2218/15 2869/1113/15
f 2873/2214/15 2871/2219/15 2870/2218/15
f 2873/2214/15 2872/2220/15 2871/2219/15
f 2873/2214/15 2874/2221/15 2872/2220/15
f 2873/2214/15 2875/2222/15 2874/2221/15
f 2873/2214/15 2876/2223/15 2875/2222/15
f 2873/2214/15 2877/2224/15 2876/2223/15
f 2873/2214/15 2878/2225/15 2877/2224/15
f 2873/2214/15 2879/2226/15 2878/2225/15
f 2873/2214/15 2880/2227/15 2879/2226/15
f 2873/2214/15 2881/2228/15 2880/2227/15
f 2873/2214/15 2882/2229/15 2881/2228/15
f 2873/2214/15 2883/2230/15 2882/2229/15
f 2873/2214/15 2884/2231/15 2883/2230/15
f 2873/2214/15 2866/2232/15 2884/2231/15
f 2873/2214/15 2865/2233/15 2866/2232/15
f 2873/2214/15 2864/2234/15 2865/2233/15
f 2873/2214/15 2863/2235/15 2864/2234/15
f 2873/2214/15 2862/2236/15 2863/2235/15
f 2873/2214/15 2861/2237/15 2862/2236/15
f 2873/2214/15 2860/2216/15 2861/2237/15
f 2879/2238/30 2842/2239/30 2878/2240/42
f 2878/2240/42 2842/2239/30 2843/2241/42
f 2878/2240/42 2843/2241/42 2877/2242/43
f 2877/2242/43 2843/2241/42 2844/2243/43
f 2877/2242/43 2844/2243/43 2876/1113/44
f 2876/1113/44 2844/2243/43 2845/2229/44
f 2876/1113/44 2845/2229/44 2875/2244/45
f 2875/2244/45 2845/2229/44 2846/2245/45
f 2875/2244/45 2846/2245/45 2874/2246/46
f 2874/2246/46 2846/2245/45 2847/2247/46
f 2874/2246/46 2847/2247/46 2872/2248/29
f 2872/2248/29 2847/2247/46 2848/1095/29
f 2866/2238/31 2837/2239/31 2884/2240/47
f 2884/2240/47 2837/2239/31 2836/2241/47
f 2884/2240/47 2836/2241/47 2883/2242/48
f 2883/2242/48 2836/2241/47 2838/2243/48
f 2883/2242/48 2838/2243/48 2882/1113/32
f 2882/1113/32 2838/2243/48 2839/2229/32
f 2882/1113/32 2839/2229/32 2881/2244/49
f 2881/2244/49 2839/2229/32 2840/2245/49
f 2881/2244/49 2840/2245/49 2880/2246/50
f 2880/2246/50 2840/2245/49 2841/2247/50
f 2880/2246/50 2841/2247/50 2879/2248/30
f 2879/2248/30 2841/2247/50 2842/1095/30
