# Roblox asset pack: egg_designer_4 (props), from the Studio model "Egg4". Exported with Export Selection, split by tools/build_creatures.py: one object per rigid body. Units: studs. +Y up, front faces -Z, pivot (bottom centre) at the origin.
mtllib egg_designer_4.mtl

v 2.28390 2.18000 1.20000
v 2.45540 2.28000 0.79000
v 2.40100 2.64000 1.11000
v 2.34760 1.94000 0.92000
v 2.43420 3.91000 -0.62000
v 2.32960 3.89000 -1.06000
v 2.29840 4.33000 -0.84000
v 2.44060 3.61000 -0.85000
v 0.97130 5.63000 1.67000
v -0.00100 5.63000 1.93000
v 1.08930 5.14000 1.88000
v 0.72840 4.75000 2.16000
v 1.25700 5.30000 1.61000
v 0.39560 4.75000 2.25000
v 0.57380 4.57000 2.25000
v -0.00100 5.10000 2.19000
v -0.00100 6.31000 1.37000
v 1.68310 5.63000 0.96000
v 2.04890 4.75000 1.17000
v 0.69060 6.31000 1.19000
v -0.00100 6.75000 0.71000
v 0.35950 6.75000 0.61000
v 2.23270 4.37000 0.89000
v 2.21270 4.75000 0.56000
v 2.06410 5.38000 -0.01000
v 1.19680 6.31000 0.68000
v 0.62330 6.75000 0.35000
v -0.00100 6.90000 -0.01000
v 1.94370 5.63000 -0.01000
v 1.38210 6.31000 -0.01000
v 1.68310 5.63000 -0.98000
v 2.04320 4.77000 -1.19000
v 1.02190 5.42000 -1.78000
v 0.71990 6.75000 -0.01000
v 0.62330 6.75000 -0.37000
v 0.35950 6.75000 -0.64000
v 1.19680 6.31000 -0.70000
v 0.97130 5.63000 -1.70000
v -0.00100 5.63000 -1.96000
v -0.00100 4.77000 -2.37000
v 0.69060 6.31000 -1.21000
v -0.00100 6.31000 -1.39000
v -0.00100 6.75000 -0.73000
v 2.43610 2.74000 -1.28000
v 2.38740 2.53000 -1.87000
v 2.57650 3.20000 -1.93000
v 1.81900 2.73000 2.24000
v 1.75850 3.27000 2.98000
v 1.52290 2.56000 2.85000
v 0.35200 0.09000 0.60000
v 0.61030 0.09000 0.34000
v 0.68100 0.37000 1.17000
v -0.00100 0.00000 -0.01000
v -0.00100 0.37000 1.35000
v 1.18020 0.37000 0.67000
v -0.00100 0.09000 0.69000
v -0.68290 0.37000 1.17000
v -0.96560 0.81000 1.66000
v -0.35390 0.09000 0.60000
v -0.00100 0.81000 1.92000
v -0.61230 0.09000 0.34000
v -0.70690 0.09000 -0.01000
v -0.61230 0.09000 -0.36000
v -0.35390 0.09000 -0.62000
v 0.96360 0.81000 1.66000
v 1.07040 1.11000 1.85000
v 0.81060 1.38000 2.13000
v -0.00100 1.39000 2.35000
v 0.02090 1.53000 2.41000
v 0.41530 1.88000 2.43000
v 1.55860 1.37000 1.64000
v 1.66970 0.81000 0.95000
v 2.04810 1.39000 1.17000
v 2.19000 1.80000 1.26000
v 2.11920 1.38000 0.87000
v 2.02870 1.18000 0.63000
v 1.92820 0.81000 -0.01000
v 2.29640 1.35000 0.13000
v 2.34390 1.38000 -0.04000
v 2.07840 1.38000 -1.05000
v 2.36790 1.45000 -0.08000
v 2.35570 1.89000 -0.75000
v 1.98120 1.28000 -1.13000
v 1.36290 0.37000 -0.01000
v 1.66970 0.81000 -0.98000
v 1.65320 1.13000 -1.32000
v 1.18020 0.37000 -0.69000
v 0.70490 0.09000 -0.01000
v 0.61030 0.09000 -0.36000
v 0.35200 0.09000 -0.62000
v 0.68100 0.37000 -1.19000
v 0.96360 0.81000 -1.68000
v 1.56570 1.37000 -1.66000
v -0.00100 0.09000 -0.72000
v -0.00100 0.37000 -1.38000
v -0.68290 0.37000 -1.19000
v -0.00100 0.81000 -1.94000
v 0.27040 1.20000 -2.16000
v -0.02010 1.32000 -2.32000
v 0.54800 1.37000 -2.22000
v 1.18210 1.39000 -2.06000
v 1.27040 1.84000 -2.22000
v 0.27920 6.69000 -1.17000
v -0.07900 7.20000 -1.57000
v -0.14380 6.92000 -0.96000
v -0.46100 7.46000 -0.60000
v -0.45090 8.15000 0.18000
v 0.08370 7.15000 -0.07000
v -1.04870 7.19000 -0.09000
v 2.00790 2.24000 -0.59000
v 1.87090 1.99000 -1.43000
v 1.60210 2.15000 1.40000
v 1.11720 1.95000 2.23000
v -0.37510 6.92000 1.31000
v -0.79940 6.75000 1.58000
v -0.31030 7.20000 1.92000
v -0.56810 6.75000 -1.23000
v -2.23120 5.04000 -0.01000
v -1.94570 5.63000 -0.01000
v -2.23690 4.76000 -0.48000
v -2.01300 5.28000 0.37000
v -1.68510 5.63000 -0.98000
v -1.86400 5.20000 -1.09000
v -1.56780 4.76000 -1.67000
v -1.05720 5.28000 -1.84000
v -2.03480 4.91000 0.95000
v -1.92290 5.06000 1.10000
v -1.68510 5.63000 0.96000
v -1.48000 5.31000 1.38000
v -0.97330 5.63000 -1.70000
v -0.75690 5.46000 -1.84000
v -0.69250 6.31000 -1.21000
v -1.19880 6.31000 -0.70000
v -0.36140 6.75000 -0.64000
v -0.62530 6.75000 -0.37000
v -1.38410 6.31000 -0.01000
v -0.72190 6.75000 -0.01000
v -1.19880 6.31000 0.68000
v -0.97330 5.63000 1.67000
v -1.12500 5.00000 1.94000
v -0.38420 5.36000 1.96000
v -0.86240 4.76000 2.12000
v -0.69250 6.31000 1.19000
v -0.62530 6.75000 0.35000
v -0.36140 6.75000 0.61000
v -1.37410 2.76000 -2.32000
v -0.94930 2.68000 -2.46000
v -1.21280 2.42000 -2.36000
v -1.08900 3.14000 -2.43000
v -1.83810 0.78000 -0.27000
v -2.15610 1.38000 -0.77000
v -2.08060 1.37000 -1.03000
v -2.18280 1.52000 -0.88000
v -1.99030 1.29000 -1.14000
v -1.67170 0.81000 -0.98000
v -1.18220 0.37000 -0.69000
v -1.38540 1.03000 -1.49000
v -0.96560 0.81000 -1.68000
v -1.34100 1.38000 -1.89000
v -1.18410 1.39000 -2.06000
v -0.09430 1.37000 -2.34000
v -1.22320 1.73000 -2.19000
v -0.86200 2.08000 -2.41000
v -1.05970 2.09000 -2.36000
v -0.99900 2.24000 -2.40000
v 1.17300 3.44000 -2.35000
v 0.80700 3.19000 -3.14000
v 0.98930 4.17000 -3.24000
v 0.04790 6.69000 1.52000
v -1.36490 0.37000 -0.01000
v -1.18220 0.37000 0.67000
v -1.93020 0.81000 -0.01000
v -1.67170 0.81000 0.95000
v -2.08830 1.02000 0.01000
v -2.24660 1.38000 0.40000
v -2.04910 1.37000 1.15000
v -2.28550 1.71000 0.75000
v -1.59110 1.13000 1.36000
v -1.21610 1.47000 2.05000
v -1.63800 1.38000 1.58000
v -1.61940 1.84000 1.83000
v -0.53470 1.10000 1.99000
v -0.18700 1.37000 2.29000
v 2.25380 1.85000 0.86000
v 2.40010 2.31000 0.69000
v -1.85540 1.99000 1.68000
v -2.17620 2.08000 1.37000
v -2.00140 1.75000 1.43000
v -2.03620 2.44000 1.67000
v -1.48990 4.22000 1.97000
v -1.79790 4.25000 1.64000
v -1.72530 3.95000 1.85000
v -1.52810 4.64000 1.74000
v -1.72740 4.24000 -1.70000
v -1.41390 4.23000 -2.03000
v -1.63580 3.94000 -1.92000
v -1.47810 4.65000 -1.79000
v 2.16730 2.18000 1.24000
v -1.29360 4.20000 -2.03000
v -1.39060 4.73000 -1.71000
v 2.22220 3.87000 -1.12000
v 2.18860 4.41000 -0.82000
v -1.37130 4.18000 1.97000
v -1.43540 4.72000 1.66000
v -0.98490 3.28000 3.10000
v -1.00080 4.27000 3.24000
v -1.50010 3.56000 2.40000
v 0.61810 0.44000 1.06000
v 0.55410 0.19000 0.31000
v 1.07130 0.44000 0.61000
v 1.51550 0.83000 0.86000
v 1.23720 0.44000 -0.01000
v 0.31950 0.19000 0.54000
v 0.63990 0.19000 -0.01000
v -0.00100 0.44000 1.23000
v -0.00100 0.11000 -0.01000
v -0.00100 0.19000 0.63000
v -0.32150 0.19000 0.54000
v -0.62010 0.44000 1.06000
v -0.55610 0.19000 0.31000
v -0.64190 0.19000 -0.01000
v -0.55610 0.19000 -0.33000
v -0.00100 0.83000 1.74000
v -0.87650 0.83000 1.50000
v 0.87450 0.83000 1.50000
v -0.00100 1.35000 2.13000
v -0.32150 0.19000 -0.57000
v -0.00100 0.19000 -0.65000
v 1.07130 1.35000 1.85000
v -0.00100 2.01000 2.43000
v 1.85630 1.35000 1.06000
v -0.00100 0.44000 -1.25000
v -0.62010 0.44000 -1.08000
v 0.31950 0.19000 -0.57000
v 0.55410 0.19000 -0.33000
v 0.61810 0.44000 -1.08000
v 1.07130 0.44000 -0.63000
v 0.87450 0.83000 -1.53000
v -0.00100 0.83000 -1.76000
v 1.51550 0.83000 -0.89000
v -0.00100 1.35000 -2.16000
v 1.75010 0.83000 -0.01000
v 2.14360 1.35000 -0.01000
v 1.85630 1.35000 -1.08000
v 1.07130 1.35000 -1.87000
v -0.00100 2.01000 -2.45000
v 1.22020 2.01000 -2.13000
v -0.00100 2.87000 -2.59000
v 2.44140 2.01000 -0.01000
v 2.11420 2.01000 -1.23000
v 1.28610 2.87000 -2.24000
v 2.11420 2.01000 1.21000
v 1.24280 3.79000 -2.17000
v -0.00100 3.79000 -2.50000
v 2.22840 2.87000 -1.30000
v 2.57320 2.87000 -0.01000
v 2.15330 3.79000 -1.26000
v 2.22840 2.87000 1.28000
v 1.16730 4.37000 -2.03000
v -0.00100 4.37000 -2.35000
v 2.02250 4.37000 -1.18000
v 2.48660 3.79000 -0.01000
v 2.15330 3.79000 1.23000
v 1.05400 4.95000 -1.84000
v -0.00100 4.95000 -2.12000
v 0.93650 5.55000 -1.64000
v -0.00100 5.55000 -1.89000
v 1.62280 5.55000 -0.95000
v 1.82640 4.95000 -1.07000
v 2.10910 4.95000 -0.01000
v 1.87400 5.55000 -0.01000
v 1.62280 5.55000 0.93000
v 2.33550 4.37000 -0.01000
v 1.82640 4.95000 1.04000
v 0.93650 5.55000 1.61000
v 2.02250 4.37000 1.16000
v 1.05400 4.95000 1.82000
v -0.00100 4.95000 2.10000
v -0.00100 5.55000 1.86000
v -0.00100 4.37000 2.33000
v 1.16730 4.37000 2.01000
v -0.00100 3.79000 2.48000
v 1.24280 3.79000 2.14000
v -0.00100 2.87000 2.56000
v 1.28610 2.87000 2.22000
v 1.22020 2.01000 2.10000
v 2.37290 3.48000 -0.82000
v 2.36410 3.90000 -0.52000
v 0.10950 3.60000 -2.71000
v -2.39070 3.61000 -0.91000
v -2.29670 3.64000 -1.19000
v -2.37930 3.52000 -0.97000
v -2.26750 3.79000 -1.21000
v -2.30140 3.84000 -1.07000
v -2.38810 3.71000 -0.86000
v -2.43620 3.91000 -0.59000
v -2.33910 4.05000 -0.83000
v -2.49980 3.53000 -0.60000
v -2.37060 3.19000 -1.01000
v -2.28990 3.33000 -1.25000
v -2.47440 3.38000 -0.69000
v -2.49060 3.45000 -0.63000
v -2.56200 3.21000 -0.38000
v -2.55780 3.35000 -0.30000
v -2.56210 3.21000 -0.21000
v -2.55440 3.47000 -0.09000
v -2.56880 2.98000 -0.21000
v -2.56890 2.97000 -0.38000
v -2.55880 3.32000 -0.01000
v -2.50670 2.74000 -0.63000
v -2.48630 2.81000 -0.69000
v -2.57300 2.83000 -0.30000
v -2.57210 2.87000 -0.01000
v -2.52060 2.65000 -0.60000
v -2.57650 2.71000 -0.09000
v -2.40290 2.58000 -0.91000
v -2.56540 3.09000 -0.01000
v -2.56880 2.98000 0.19000
v -2.56210 3.21000 0.19000
v -0.64820 6.51000 1.79000
v -0.33450 6.65000 2.00000
v -0.37030 3.57000 2.50000
v 2.32300 2.76000 1.10000
v -1.20250 2.32000 -2.26000
v -0.84480 2.67000 -2.39000
v 0.99480 2.63000 -1.27000
v 0.38550 2.33000 -2.35000
v -1.93060 1.67000 1.34000
v -1.73240 2.00000 1.68000
v -0.08680 6.47000 1.75000
v -0.24610 6.16000 -0.25000
v 0.41510 5.89000 -0.48000
v -0.10320 6.65000 -1.65000
v 0.14440 6.47000 -1.40000
v -2.40180 2.48000 -0.86000
v -2.45950 2.28000 -0.59000
v -2.35450 2.14000 -0.83000
v -2.30850 2.34000 -1.07000
v -2.26990 2.40000 -1.21000
v -2.29970 2.55000 -1.19000
v -2.38860 2.66000 -0.97000
v -2.37240 3.00000 -1.01000
v -2.29050 2.86000 -1.25000
v -2.53120 2.38000 -0.01000
v -2.52900 2.37000 -0.10000
v -2.57650 2.71000 0.07000
v -2.57300 2.83000 0.28000
v -2.52900 2.37000 0.08000
v -2.46960 2.06000 -0.01000
v -2.46760 2.05000 -0.12000
v -2.49390 2.18000 -0.43000
v -2.44030 1.91000 -0.43000
v -2.42000 1.80000 -0.13000
v -2.40220 1.71000 -0.01000
v -2.42000 1.80000 0.11000
v -2.46760 2.05000 0.10000
v -2.49390 2.18000 0.40000
v -2.44030 1.91000 0.40000
v -2.50670 2.74000 0.61000
v -2.52060 2.65000 0.58000
v -2.56890 2.97000 0.36000
v -2.48630 2.81000 0.66000
v -2.56200 3.21000 0.36000
v -2.40290 2.58000 0.89000
v -2.38860 2.66000 0.95000
v -2.37240 3.00000 0.98000
v -2.29050 2.86000 1.22000
v -2.29970 2.55000 1.17000
v -2.26990 2.40000 1.19000
v -2.30850 2.34000 1.05000
v -2.40180 2.48000 0.84000
v -2.45950 2.28000 0.57000
v -2.35450 2.14000 0.81000
v -2.49060 3.45000 0.61000
v -2.47440 3.38000 0.66000
v -2.55780 3.35000 0.28000
v -2.49980 3.53000 0.58000
v -2.55440 3.47000 0.07000
v -2.39070 3.61000 0.89000
v -2.50300 3.81000 -0.01000
v -2.50080 3.82000 0.08000
v -2.50080 3.82000 -0.10000
v -2.38810 3.71000 0.84000
v -2.43620 3.91000 0.57000
v -2.33910 4.05000 0.81000
v -2.30140 3.84000 1.05000
v -2.26750 3.79000 1.19000
v -2.29670 3.64000 1.17000
v -2.37930 3.52000 0.95000
v -2.37060 3.19000 0.98000
v -2.28990 3.33000 1.22000
v -2.44030 4.13000 -0.01000
v -2.43820 4.14000 -0.12000
v -2.46500 4.00000 -0.43000
v -2.41050 4.28000 -0.43000
v -2.38980 4.39000 -0.13000
v -2.37180 4.48000 -0.01000
v -2.38980 4.39000 0.11000
v -2.43820 4.14000 0.10000
v -2.46500 4.00000 0.40000
v -2.41050 4.28000 0.40000
v -0.48850 7.39000 0.67000
v -1.04220 3.25000 -2.35000
v -0.88850 5.99000 -0.57000
v -0.37450 6.27000 1.99000
v -0.92920 2.35000 2.27000
v -1.72560 2.71000 1.35000
v -1.59480 3.82000 -1.87000
v -1.11980 5.99000 0.92000
v -0.47740 6.16000 0.60000
v -1.69090 3.82000 1.81000
v -0.41690 6.51000 -1.44000
v 0.18380 5.89000 0.83000
v -2.16790 2.12000 1.26000
v -1.42140 2.78000 -2.21000
v 0.01220 2.73000 1.50000
v -1.97570 2.57000 1.64000
v -0.49450 6.31000 -0.91000
v 0.35930 5.98000 -0.20000
v -0.64220 2.87000 -1.82000
v -2.29240 1.79000 -0.15000
v -2.27180 1.69000 -0.01000
v -2.17990 2.32000 -1.07000
v -2.13510 2.39000 -1.23000
v -2.16710 3.62000 -1.21000
v -2.13330 3.80000 -1.23000
v -2.29240 1.79000 0.13000
v -2.16960 2.56000 -1.21000
v -2.17990 2.32000 1.05000
v -2.13510 2.39000 1.21000
v -2.26220 4.40000 -0.15000
v -2.24120 4.50000 -0.01000
v -1.38270 6.04000 -0.24000
v -2.17270 3.87000 -1.07000
v 1.84450 2.86000 -1.79000
v -2.26220 4.40000 0.13000
v -2.16710 3.62000 1.19000
v -2.13330 3.80000 1.21000
v -2.16960 2.56000 1.19000
v -2.17270 3.87000 1.05000
v -0.14330 6.27000 -1.64000
v 1.02440 2.94000 2.53000
v -2.24960 2.67000 -1.01000
v -2.15230 2.86000 -1.28000
v -1.78940 4.23000 1.52000
v -2.33580 2.02000 0.12000
v -2.30520 1.88000 0.42000
v -2.26470 2.44000 -0.88000
v -2.21790 2.11000 -0.85000
v -2.25140 3.74000 -0.88000
v -2.20300 4.08000 -0.85000
v -2.33580 2.02000 -0.14000
v -2.30520 1.88000 -0.45000
v -2.24960 2.67000 0.99000
v -2.15230 2.86000 1.26000
v -2.24150 3.52000 -1.01000
v -2.15230 3.33000 -1.28000
v -2.30640 4.17000 0.12000
v -2.27570 4.31000 0.42000
v -2.24150 3.52000 0.99000
v -2.15230 3.33000 1.26000
v -1.20440 4.17000 -1.94000
v -1.30140 4.69000 -1.63000
v -2.26470 2.44000 0.86000
v -2.21790 2.11000 0.83000
v -2.30640 4.17000 -0.14000
v -2.27570 4.31000 -0.45000
v -2.25140 3.74000 0.86000
v -2.20300 4.08000 0.83000
v 2.25470 1.51000 -0.01000
v 2.23580 1.46000 -0.01000
v -1.71930 4.22000 -1.58000
v -1.28290 4.14000 1.88000
v -1.34710 4.68000 1.58000
v 0.80410 1.46000 2.01000
v 1.02950 1.23000 1.77000
v 0.38600 1.98000 2.32000
v 1.09660 2.42000 -1.38000
v 1.48760 3.22000 2.29000
v 1.50070 1.46000 -1.57000
v 1.59290 1.25000 -1.25000
v 1.20710 1.93000 -2.10000
v 0.37880 2.47000 1.84000
v -0.87650 0.83000 -1.53000
v -1.07330 0.44000 -0.63000
v -1.23920 0.44000 -0.01000
v -1.51750 0.83000 -0.89000
v -1.07330 1.35000 -1.87000
v -1.85830 1.35000 -1.08000
v -1.22220 2.01000 -2.13000
v -1.75210 0.83000 -0.01000
v -2.14560 1.35000 -0.01000
v -1.51750 0.83000 0.86000
v -1.07330 0.44000 0.61000
v -1.85830 1.35000 1.06000
v -2.44340 2.01000 -0.01000
v -1.07330 1.35000 1.85000
v -2.11620 2.01000 1.21000
v -1.22220 2.01000 2.10000
v -1.28810 2.87000 2.22000
v -2.23030 2.87000 1.28000
v -1.24480 3.79000 2.14000
v -2.15530 3.79000 1.23000
v -2.57520 2.87000 -0.01000
v -1.16930 4.37000 2.01000
v -1.05600 4.95000 1.82000
v -2.02450 4.37000 1.16000
v -0.93850 5.55000 1.61000
v -1.62480 5.55000 0.93000
v -1.82830 4.95000 1.04000
v -2.48860 3.79000 -0.01000
v -2.33750 4.37000 -0.01000
v -2.11100 4.95000 -0.01000
v -1.87600 5.55000 -0.01000
v -1.62480 5.55000 -0.95000
v -1.82830 4.95000 -1.07000
v -2.02450 4.37000 -1.18000
v -2.15530 3.79000 -1.26000
v -2.23030 2.87000 -1.30000
v -1.05600 4.95000 -1.84000
v -0.93850 5.55000 -1.64000
v -1.16930 4.37000 -2.03000
v -1.24480 3.79000 -2.17000
v -1.28810 2.87000 -2.24000
v -2.11620 2.01000 -1.23000
v 2.20340 1.46000 0.11000
v 1.94310 1.29000 0.60000
v 0.24360 1.31000 -2.07000
v -0.00100 1.43000 -2.23000
v -0.04240 1.46000 -2.24000
v -0.80510 2.14000 -2.29000
v -0.97250 2.31000 -2.26000
v -2.33820 2.27000 0.55000
v -1.64120 2.03000 1.59000
v -1.83940 1.70000 1.25000
v 2.14700 3.15000 -1.45000
v -2.33820 2.27000 -0.57000
v -2.24510 3.17000 -1.01000
v -0.53070 6.25000 0.70000
v 1.95970 1.46000 -1.04000
v 1.88470 1.38000 -1.10000
v 2.24180 1.98000 -0.73000
v -2.36670 2.19000 -0.45000
v -2.31420 3.92000 0.55000
v -2.33820 3.99000 -0.45000
v -2.31420 3.92000 -0.57000
v -2.24510 3.17000 0.98000
v 2.01450 1.46000 0.81000
v 2.08060 1.90000 1.19000
v -2.24650 3.02000 -1.01000
v -2.36670 2.19000 0.42000
v -2.33820 3.99000 0.42000
v -2.45100 2.70000 -0.11000
v -2.44790 2.81000 -0.30000
v -2.24650 3.02000 0.98000
v -2.44280 2.99000 -0.40000
v -2.43650 3.20000 -0.40000
v -2.45100 2.70000 0.09000
v -2.44790 2.81000 0.28000
v -2.42820 3.48000 -0.11000
v -2.43140 3.38000 -0.30000
v -2.44280 2.99000 0.38000
v -2.43650 3.20000 0.38000
v -0.80510 2.67000 -2.27000
v -1.16280 2.33000 -2.14000
v -2.42820 3.48000 0.09000
v -2.43140 3.38000 0.28000
v -0.89330 5.79000 1.26000
v 0.66890 4.02000 -2.39000
v 0.20160 5.73000 -0.87000
v 2.28070 2.33000 0.64000
v 2.13440 1.87000 0.81000
v -0.02970 5.73000 1.21000
v -1.50560 3.78000 -1.79000
v 2.06530 4.39000 -0.79000
v 2.09880 3.85000 -1.09000
v 2.04800 2.20000 1.20000
v -1.00250 3.26000 -2.23000
v -2.40190 2.64000 0.56000
v -2.34920 3.36000 -0.69000
v -0.92400 4.07000 2.30000
v -2.40540 2.38000 -0.12000
v -2.37720 3.81000 -0.12000
v -0.51260 1.22000 1.90000
v -1.13580 1.55000 1.95000
v -1.54820 1.94000 1.74000
v -2.40190 2.64000 -0.58000
v -2.34920 3.36000 0.66000
v -2.36020 2.83000 -0.69000
v -2.38010 3.55000 0.56000
v -1.60260 3.78000 1.72000
v -2.40540 2.38000 0.10000
v -2.38010 3.55000 -0.58000
v -2.36020 2.83000 0.66000
v -2.37720 3.81000 0.10000
v 1.46670 1.46000 1.58000
v -2.07670 2.15000 1.17000
v 2.24080 3.88000 -0.49000
v -1.88450 2.60000 1.55000
v -0.45500 5.58000 1.60000
v -0.66200 5.79000 -0.92000
v -1.89640 1.40000 -1.11000
v -1.32860 1.15000 -1.42000
v -1.96620 1.46000 -1.02000
v -2.07250 1.61000 -0.84000
v 1.05960 2.85000 1.43000
v 2.24960 3.46000 -0.79000
v -1.38180 2.79000 -2.09000
v 2.20360 2.78000 1.06000
v 1.52510 2.83000 -0.84000
v -1.93810 1.46000 1.11000
v -1.54160 1.25000 1.29000
v -2.17380 1.80000 0.72000
v 0.49980 1.46000 -2.11000
v -0.22370 5.58000 -1.25000
v -1.70100 4.19000 1.43000
v 0.18570 3.45000 -1.28000
v -0.83120 4.71000 2.00000
v -0.35290 5.31000 1.84000
v -1.63000 4.18000 -1.50000
v -2.05030 1.46000 -0.71000
v -1.76640 0.91000 -0.24000
v -1.98650 1.13000 -0.01000
v -2.14160 1.46000 0.35000
v -1.57490 1.46000 1.47000
v -0.83990 3.41000 1.14000
v 0.69590 4.71000 2.04000
v 1.02750 5.08000 1.77000
v 0.54040 4.53000 2.13000
v 1.17150 5.24000 1.52000
v -0.17710 1.46000 2.18000
v -0.00100 1.60000 2.28000
v -1.27760 1.46000 -1.79000
v -1.18320 1.80000 -2.06000
v -1.05300 2.14000 -2.22000
v -0.00100 4.71000 -2.25000
v 0.96010 5.36000 -1.68000
v 2.09130 4.71000 0.53000
v 1.94050 5.32000 -0.01000
v 2.10830 4.33000 0.85000
v 1.93610 4.71000 -1.13000
v -1.48230 4.71000 -1.59000
v -0.99540 5.22000 -1.73000
v -0.72560 5.40000 -1.72000
v 1.93610 4.71000 1.11000
v -1.91800 4.86000 0.92000
v -1.81580 5.00000 1.04000
v -1.39450 5.25000 1.29000
v -2.12020 4.71000 -0.45000
v -1.75700 5.14000 -1.03000
v -2.10760 4.98000 -0.01000
v -1.89630 5.22000 0.34000
v -0.00100 5.04000 2.06000
v 0.36300 4.71000 2.13000
v -1.06320 4.94000 1.83000
v -2.26490 3.61000 -0.91000
v -2.36480 3.45000 -0.63000
v -2.43960 3.09000 -0.01000
v -2.37720 3.81000 -0.01000
v -2.31450 4.13000 -0.01000
v -2.36480 3.45000 0.61000
v -2.26490 3.61000 0.89000
v -2.38090 2.74000 0.61000
v -2.27710 2.58000 0.89000
v -2.40540 2.38000 -0.01000
v -2.38090 2.74000 -0.63000
v -2.34380 2.06000 -0.01000
v -2.27710 2.58000 -0.91000
v -0.33520 0.23000 -0.59000
v -0.64670 0.50000 -1.13000
v -0.57990 0.23000 -0.35000
v -1.11940 0.50000 -0.66000
v -0.66950 0.23000 -0.01000
v -0.00100 0.50000 -1.30000
v -0.00100 0.91000 -1.84000
v -0.91420 0.91000 -1.59000
v -1.29240 0.50000 -0.01000
v -0.57990 0.23000 0.32000
v -1.11940 0.50000 0.63000
v -0.33520 0.23000 0.57000
v -0.64670 0.50000 1.11000
v -1.82730 0.91000 -0.01000
v -1.58270 0.91000 0.90000
v -0.91420 0.91000 1.57000
v -0.00100 0.91000 1.81000
v -0.00100 1.46000 2.23000
v -1.58270 0.91000 -0.92000
v -1.11940 1.46000 -1.95000
v -1.58270 5.56000 -0.92000
v -1.82730 5.56000 -0.01000
v -0.91420 5.56000 -1.59000
v -0.00100 5.56000 -1.84000
v -0.00100 6.21000 -1.30000
v -0.64670 6.21000 -1.13000
v -0.00100 6.62000 -0.68000
v -1.11940 6.21000 -0.66000
v -0.33520 6.62000 -0.59000
v -0.00100 6.76000 -0.01000
v 0.33330 6.62000 -0.59000
v -0.57990 6.62000 -0.35000
v -1.29240 6.21000 -0.01000
v -1.58270 5.56000 0.90000
v -0.66950 6.62000 -0.01000
v -1.11940 6.21000 0.63000
v -0.91420 5.56000 1.57000
v -0.00100 5.56000 1.81000
v -0.64670 6.21000 1.11000
v -0.00100 6.21000 1.28000
v -0.57990 6.62000 0.32000
v -0.33520 6.62000 0.57000
v -0.00100 6.62000 0.66000
v 0.33330 6.62000 0.57000
v 0.33330 0.23000 0.57000
v 0.64470 0.50000 1.11000
v 0.57790 0.23000 0.32000
v -0.00100 0.14000 -0.01000
v -0.00100 0.50000 1.28000
v 1.11740 0.50000 0.63000
v -0.00100 0.23000 0.66000
v 0.91220 0.91000 1.57000
v 1.58070 0.91000 0.90000
v 1.93610 1.46000 1.11000
v 1.82540 0.91000 -0.01000
v 1.29040 0.50000 -0.01000
v 1.58070 0.91000 -0.92000
v 1.11740 0.50000 -0.66000
v 0.66750 0.23000 -0.01000
v 0.57790 0.23000 -0.35000
v 0.33330 0.23000 -0.59000
v -0.00100 0.23000 -0.68000
v 0.64470 0.50000 -1.13000
v 0.91220 0.91000 -1.59000
v 1.11740 1.46000 -1.95000
v 0.91220 5.56000 1.57000
v 0.64470 6.21000 1.11000
v 1.58070 5.56000 0.90000
v 1.11740 6.21000 0.63000
v 0.57790 6.62000 0.32000
v 1.82540 5.56000 -0.01000
v 1.29040 6.21000 -0.01000
v 1.58070 5.56000 -0.92000
v 0.66750 6.62000 -0.01000
v 0.57790 6.62000 -0.35000
v 1.11740 6.21000 -0.66000
v 0.64470 6.21000 -1.13000
v 0.91220 5.56000 -1.59000
vt 0.59167 0.60221
vt 0.59685 0.60225
vt 0.59519 0.60876
vt 0.59360 0.59762
vt 0.60411 0.61287
vt 0.60624 0.61232
vt 0.60539 0.60982
vt 0.60739 0.60712
vt 0.60358 0.61090
vt 0.60814 0.60690
vt 0.60808 0.60582
vt 0.60792 0.60890
vt 0.60253 0.61678
vt 0.59927 0.61322
vt 0.60053 0.60793
vt 0.60104 0.61711
vt 0.59813 0.61961
vt 0.59738 0.61976
vt 0.59870 0.60561
vt 0.59661 0.60799
vt 0.59299 0.61180
vt 0.59759 0.61733
vt 0.59558 0.61987
vt 0.59335 0.62056
vt 0.59300 0.61331
vt 0.59308 0.61738
vt 0.58681 0.61310
vt 0.58552 0.60783
vt 0.58168 0.61131
vt 0.59320 0.61989
vt 0.59085 0.61983
vt 0.58916 0.61970
vt 0.58863 0.61725
vt 0.58223 0.61264
vt 0.58050 0.61205
vt 0.57781 0.60634
vt 0.58537 0.61698
vt 0.58419 0.61662
vt 0.58856 0.61953
vt 0.65378 0.60371
vt 0.66186 0.60805
vt 0.65592 0.61916
vt 0.58942 0.60521
vt 0.60757 0.61867
vt 0.60452 0.60023
vt 0.59772 0.59677
vt 0.59610 0.59704
vt 0.60100 0.59886
vt 0.59413 0.59571
vt 0.60234 0.59810
vt 0.59789 0.59935
vt 0.59839 0.59637
vt 0.60149 0.59728
vt 0.60458 0.59968
vt 0.59792 0.59593
vt 0.60573 0.60080
vt 0.59642 0.59558
vt 0.59428 0.59541
vt 0.59209 0.59548
vt 0.59046 0.59576
vt 0.60379 0.60181
vt 0.60488 0.60370
vt 0.60660 0.60499
vt 0.60834 0.60430
vt 0.60864 0.60513
vt 0.60858 0.60763
vt 0.60344 0.60565
vt 0.59938 0.60247
vt 0.60051 0.60621
vt 0.60098 0.60869
vt 0.59873 0.60615
vt 0.59739 0.60488
vt 0.59368 0.60262
vt 0.59438 0.60610
vt 0.59339 0.60625
vt 0.58756 0.60590
vt 0.59317 0.60669
vt 0.58924 0.60912
vt 0.58707 0.60521
vt 0.59382 0.59947
vt 0.58805 0.60224
vt 0.58600 0.60402
vt 0.58981 0.59918
vt 0.59397 0.59710
vt 0.59188 0.59694
vt 0.59036 0.59661
vt 0.58688 0.59855
vt 0.58389 0.60140
vt 0.58396 0.60530
vt 0.58984 0.59617
vt 0.58581 0.59774
vt 0.58698 0.59695
vt 0.58232 0.60030
vt 0.58096 0.60288
vt 0.57992 0.60329
vt 0.58060 0.60419
vt 0.58157 0.60499
vt 0.58060 0.60766
vt 0.58100 0.61061
vt 0.57028 0.62230
vt 0.58529 0.61567
vt 0.57402 0.60976
vt 0.58817 0.62230
vt 0.58441 0.60483
vt 0.58251 0.60443
vt 0.64867 0.58579
vt 0.65893 0.59258
vt 0.56832 0.58954
vt 0.58895 0.58305
vt 0.58564 0.61544
vt 0.59211 0.61071
vt 0.60056 0.62230
vt 0.57742 0.61080
vt 0.59400 0.60673
vt 0.59389 0.61098
vt 0.59077 0.60481
vt 0.59654 0.60857
vt 0.58716 0.61108
vt 0.58650 0.60803
vt 0.58251 0.60522
vt 0.58129 0.60907
vt 0.60055 0.60610
vt 0.60153 0.60720
vt 0.60047 0.61122
vt 0.60324 0.60920
vt 0.58225 0.61148
vt 0.58131 0.61044
vt 0.58547 0.61627
vt 0.58896 0.61603
vt 0.58926 0.61937
vt 0.59108 0.61926
vt 0.59371 0.61598
vt 0.59352 0.61924
vt 0.59836 0.61612
vt 0.60498 0.61172
vt 0.60683 0.60744
vt 0.60660 0.61035
vt 0.60794 0.60607
vt 0.60158 0.61641
vt 0.59592 0.61930
vt 0.59761 0.61944
vt 0.59366 0.60163
vt 0.59167 0.60127
vt 0.59318 0.59679
vt 0.59193 0.60808
vt 0.59289 0.59818
vt 0.58973 0.60146
vt 0.58802 0.60147
vt 0.58903 0.60229
vt 0.58735 0.60104
vt 0.58839 0.59849
vt 0.59013 0.59642
vt 0.58513 0.60011
vt 0.58392 0.59923
vt 0.58257 0.60223
vt 0.58150 0.60249
vt 0.57981 0.60351
vt 0.58069 0.60448
vt 0.57924 0.60702
vt 0.57955 0.60688
vt 0.57932 0.60786
vt 0.58657 0.60700
vt 0.56985 0.60086
vt 0.56832 0.62011
vt 0.59127 0.61048
vt 0.59441 0.59629
vt 0.59859 0.59661
vt 0.59451 0.59832
vt 0.60049 0.59876
vt 0.59469 0.59943
vt 0.59717 0.60150
vt 0.60183 0.60179
vt 0.59937 0.60361
vt 0.60297 0.60085
vt 0.60710 0.60344
vt 0.60433 0.60238
vt 0.60591 0.60522
vt 0.60642 0.60194
vt 0.60806 0.60397
vt 0.59434 0.59568
vt 0.59876 0.60195
vt 0.59958 0.60062
vt 0.59501 0.60104
vt 0.59579 0.59634
vt 0.59946 0.60723
vt 0.59980 0.60233
vt 0.59500 0.60220
vt 0.59824 0.59767
vt 0.59624 0.60878
vt 0.59173 0.60190
vt 0.59639 0.61008
vt 0.59962 0.60202
vt 0.59491 0.61008
vt 0.60511 0.60043
vt 0.60757 0.61849
vt 0.59200 0.60382
vt 0.54471 0.38358
vt 0.53799 0.38113
vt 0.54044 0.38425
vt 0.54250 0.38846
vt 0.53486 0.38441
vt 0.54020 0.38076
vt 0.53506 0.38121
vt 0.54654 0.38255
vt 0.53528 0.37933
vt 0.54112 0.38022
vt 0.54047 0.37962
vt 0.54535 0.38143
vt 0.53841 0.37915
vt 0.53548 0.37892
vt 0.53249 0.37901
vt 0.55117 0.38617
vt 0.54957 0.38464
vt 0.54853 0.38756
vt 0.55472 0.39084
vt 0.53027 0.37939
vt 0.52941 0.37995
vt 0.55142 0.39244
vt 0.55740 0.39690
vt 0.54404 0.39348
vt 0.52390 0.38205
vt 0.52551 0.38099
vt 0.53012 0.38054
vt 0.53219 0.38100
vt 0.52534 0.38316
vt 0.52936 0.38401
vt 0.52125 0.38699
vt 0.51913 0.38549
vt 0.52694 0.38814
vt 0.51543 0.39005
vt 0.53466 0.38867
vt 0.53450 0.39372
vt 0.52508 0.39311
vt 0.51809 0.39179
vt 0.51258 0.39606
vt 0.51568 0.39790
vt 0.51123 0.40380
vt 0.53435 0.39992
vt 0.52366 0.39928
vt 0.51453 0.40553
vt 0.54518 0.39967
vt 0.51509 0.41372
vt 0.51190 0.41225
vt 0.52297 0.40684
vt 0.53424 0.40744
vt 0.52326 0.41483
vt 0.54565 0.40720
vt 0.51619 0.41888
vt 0.51322 0.41762
vt 0.52388 0.41983
vt 0.53418 0.41534
vt 0.54525 0.41514
vt 0.51790 0.42403
vt 0.51525 0.42300
vt 0.51969 0.42933
vt 0.51736 0.42851
vt 0.52586 0.42995
vt 0.52484 0.42481
vt 0.53419 0.42517
vt 0.53421 0.43023
vt 0.54268 0.43012
vt 0.53418 0.42027
vt 0.54367 0.42503
vt 0.54920 0.42963
vt 0.54461 0.42010
vt 0.55099 0.42442
vt 0.55425 0.42347
vt 0.55207 0.42888
vt 0.55634 0.41819
vt 0.55270 0.41935
vt 0.55774 0.41292
vt 0.55385 0.41427
vt 0.55856 0.40458
vt 0.55452 0.40618
vt 0.55359 0.39858
vt 0.57647 0.60677
vt 0.58424 0.60532
vt 0.58278 0.60549
vt 0.58392 0.60489
vt 0.58267 0.60627
vt 0.58339 0.60655
vt 0.58446 0.60582
vt 0.58585 0.60682
vt 0.58460 0.60757
vt 0.58585 0.60488
vt 0.58376 0.60319
vt 0.58251 0.60393
vt 0.58540 0.60412
vt 0.58568 0.60447
vt 0.58699 0.60323
vt 0.58740 0.60395
vt 0.58788 0.60321
vt 0.58845 0.60458
vt 0.58789 0.60206
vt 0.58700 0.60201
vt 0.58888 0.60381
vt 0.58572 0.60083
vt 0.58544 0.60120
vt 0.58743 0.60130
vt 0.58891 0.60150
vt 0.58590 0.60041
vt 0.58850 0.60072
vt 0.58430 0.60008
vt 0.58889 0.60265
vt 0.58991 0.60209
vt 0.58990 0.60325
vt 0.59729 0.60521
vt 0.60255 0.60917
vt 0.59391 0.60716
vt 0.59475 0.59527
vt 0.59270 0.60136
vt 0.60757 0.59150
vt 0.58478 0.58305
vt 0.59420 0.59527
vt 0.59934 0.60107
vt 0.59678 0.60518
vt 0.60257 0.59718
vt 0.59827 0.59218
vt 0.56832 0.60906
vt 0.57504 0.60518
vt 0.58454 0.59960
vt 0.58595 0.59857
vt 0.58472 0.59794
vt 0.58348 0.59897
vt 0.58276 0.59929
vt 0.58285 0.60002
vt 0.58398 0.60053
vt 0.58377 0.60223
vt 0.58254 0.60157
vt 0.58892 0.59906
vt 0.58847 0.59900
vt 0.58933 0.60073
vt 0.59038 0.60136
vt 0.58937 0.59901
vt 0.58892 0.59751
vt 0.58838 0.59745
vt 0.58680 0.59808
vt 0.58681 0.59673
vt 0.58831 0.59625
vt 0.58893 0.59582
vt 0.58954 0.59628
vt 0.58947 0.59747
vt 0.59104 0.59816
vt 0.59104 0.59682
vt 0.59207 0.60094
vt 0.59190 0.60052
vt 0.59079 0.60208
vt 0.59234 0.60132
vt 0.59078 0.60329
vt 0.59345 0.60025
vt 0.59376 0.60070
vt 0.59393 0.60240
vt 0.59513 0.60179
vt 0.59486 0.60024
vt 0.59495 0.59951
vt 0.59426 0.59918
vt 0.59323 0.59976
vt 0.59187 0.59868
vt 0.59307 0.59810
vt 0.59204 0.60457
vt 0.59231 0.60423
vt 0.59036 0.60400
vt 0.59186 0.60498
vt 0.58929 0.60459
vt 0.59341 0.60547
vt 0.58885 0.60633
vt 0.58930 0.60639
vt 0.58839 0.60638
vt 0.59318 0.60596
vt 0.59180 0.60691
vt 0.59299 0.60770
vt 0.59420 0.60672
vt 0.59490 0.60645
vt 0.59482 0.60568
vt 0.59373 0.60504
vt 0.59392 0.60336
vt 0.59511 0.60414
vt 0.58882 0.60799
vt 0.58827 0.60803
vt 0.58670 0.60730
vt 0.58667 0.60874
vt 0.58818 0.60931
vt 0.58879 0.60980
vt 0.58942 0.60933
vt 0.58936 0.60805
vt 0.59096 0.60736
vt 0.59093 0.60880
vt 0.59713 0.60864
vt 0.59314 0.60989
vt 0.59338 0.59178
vt 0.60238 0.59981
vt 0.58974 0.58305
vt 0.57185 0.58666
vt 0.57546 0.59132
vt 0.56832 0.59654
vt 0.59750 0.59571
vt 0.57271 0.60518
vt 0.57477 0.59166
vt 0.59313 0.60165
vt 0.59542 0.60185
vt 0.57575 0.59260
vt 0.59894 0.60936
vt 0.56832 0.58907
vt 0.58255 0.58469
vt 0.59280 0.59038
vt 0.58819 0.59632
vt 0.58891 0.59582
vt 0.58264 0.59933
vt 0.58268 0.60551
vt 0.58255 0.60642
vt 0.58962 0.59635
vt 0.58275 0.60019
vt 0.59421 0.59917
vt 0.59501 0.59956
vt 0.58806 0.60943
vt 0.58876 0.61000
vt 0.57951 0.58305
vt 0.58339 0.60675
vt 0.65130 0.60868
vt 0.58949 0.60945
vt 0.59487 0.60570
vt 0.59497 0.60661
vt 0.59490 0.60041
vt 0.59415 0.60691
vt 0.56847 0.59964
vt 0.59656 0.60734
vt 0.58377 0.60065
vt 0.58235 0.60168
vt 0.59311 0.60186
vt 0.58955 0.59743
vt 0.59111 0.59678
vt 0.58444 0.59954
vt 0.58462 0.59789
vt 0.58436 0.60609
vt 0.58450 0.60782
vt 0.58825 0.59740
vt 0.58669 0.59670
vt 0.59391 0.60083
vt 0.59527 0.60191
vt 0.58372 0.60497
vt 0.58232 0.60402
vt 0.58944 0.60829
vt 0.59100 0.60904
vt 0.59388 0.60513
vt 0.59525 0.60423
vt 0.59309 0.60148
vt 0.59774 0.60965
vt 0.59328 0.59970
vt 0.59311 0.59806
vt 0.58814 0.60827
vt 0.58656 0.60898
vt 0.59322 0.60622
vt 0.59304 0.60794
vt 0.59357 0.60695
vt 0.59358 0.60664
vt 0.59819 0.60158
vt 0.59349 0.60962
vt 0.60591 0.60547
vt 0.60442 0.60430
vt 0.60793 0.60815
vt 0.64526 0.59430
vt 0.59048 0.61593
vt 0.58452 0.60576
vt 0.58639 0.60463
vt 0.58126 0.60817
vt 0.57884 0.59238
vt 0.52134 0.38404
vt 0.52982 0.38026
vt 0.53566 0.38009
vt 0.52745 0.38303
vt 0.51807 0.38835
vt 0.52558 0.38718
vt 0.51554 0.39426
vt 0.53580 0.38280
vt 0.53590 0.38690
vt 0.54396 0.38340
vt 0.54138 0.38052
vt 0.54596 0.38760
vt 0.53594 0.39271
vt 0.55283 0.38906
vt 0.54748 0.39346
vt 0.55530 0.39502
vt 0.55638 0.40280
vt 0.54812 0.40132
vt 0.55561 0.41140
vt 0.54761 0.41015
vt 0.53591 0.40060
vt 0.55430 0.41690
vt 0.55236 0.42242
vt 0.54677 0.41583
vt 0.55035 0.42805
vt 0.54427 0.42737
vt 0.54554 0.42155
vt 0.53580 0.40954
vt 0.53569 0.41531
vt 0.53555 0.42113
vt 0.53542 0.42704
vt 0.52635 0.42718
vt 0.52532 0.42130
vt 0.52432 0.41552
vt 0.52368 0.40979
vt 0.52338 0.40089
vt 0.51788 0.42200
vt 0.51973 0.42772
vt 0.51608 0.41638
vt 0.51491 0.41080
vt 0.51433 0.40208
vt 0.52411 0.39301
vt 0.59429 0.60663
vt 0.59721 0.60544
vt 0.58148 0.60353
vt 0.58052 0.60396
vt 0.58044 0.60410
vt 0.58001 0.60742
vt 0.58014 0.60833
vt 0.59174 0.59873
vt 0.59788 0.60180
vt 0.59275 0.59602
vt 0.64721 0.61033
vt 0.58603 0.59862
vt 0.58375 0.60317
vt 0.59791 0.58833
vt 0.58759 0.60626
vt 0.58726 0.60573
vt 0.58938 0.60954
vt 0.58668 0.59824
vt 0.59167 0.60705
vt 0.58658 0.60733
vt 0.58594 0.60696
vt 0.59389 0.60334
vt 0.59844 0.60652
vt 0.60059 0.60914
vt 0.58376 0.60244
vt 0.59111 0.59832
vt 0.59103 0.60739
vt 0.58838 0.60076
vt 0.58741 0.60129
vt 0.59389 0.60261
vt 0.58689 0.60216
vt 0.58687 0.60326
vt 0.58941 0.60078
vt 0.59036 0.60134
vt 0.58833 0.60472
vt 0.58738 0.60416
vt 0.59086 0.60223
vt 0.59085 0.60333
vt 0.59462 0.60156
vt 0.59667 0.59549
vt 0.58936 0.60474
vt 0.59033 0.60420
vt 0.58432 0.58707
vt 0.58438 0.61676
vt 0.58853 0.58773
vt 0.60011 0.60153
vt 0.59570 0.59527
vt 0.58384 0.58746
vt 0.59506 0.61008
vt 0.59178 0.60055
vt 0.58539 0.60410
vt 0.59004 0.61467
vt 0.58835 0.59915
vt 0.58828 0.60640
vt 0.60587 0.60264
vt 0.60645 0.60398
vt 0.60533 0.60590
vt 0.58598 0.60045
vt 0.59228 0.60421
vt 0.58542 0.60141
vt 0.59173 0.60511
vt 0.59607 0.59527
vt 0.58944 0.59917
vt 0.58593 0.60502
vt 0.59230 0.60153
vt 0.58937 0.60642
vt 0.60308 0.60608
vt 0.59167 0.60239
vt 0.59748 0.61008
vt 0.59302 0.58305
vt 0.58527 0.58730
vt 0.58755 0.60183
vt 0.58555 0.60089
vt 0.58806 0.60216
vt 0.58924 0.60299
vt 0.56867 0.60459
vt 0.59735 0.60205
vt 0.63875 0.59507
vt 0.60152 0.60247
vt 0.60250 0.60164
vt 0.59912 0.60429
vt 0.58122 0.60468
vt 0.57795 0.58305
vt 0.59167 0.60140
vt 0.60558 0.60480
vt 0.60714 0.60571
vt 0.60582 0.60999
vt 0.59006 0.60210
vt 0.59304 0.59910
vt 0.59451 0.60019
vt 0.59680 0.60214
vt 0.60365 0.60292
vt 0.56832 0.60235
vt 0.60662 0.60680
vt 0.60473 0.60939
vt 0.60729 0.60556
vt 0.60306 0.61048
vt 0.60736 0.60450
vt 0.60789 0.60554
vt 0.58319 0.60283
vt 0.58147 0.60496
vt 0.58041 0.60718
vt 0.57864 0.60595
vt 0.58239 0.61090
vt 0.59644 0.60762
vt 0.59302 0.61135
vt 0.59853 0.60531
vt 0.58593 0.60739
vt 0.58310 0.60491
vt 0.58203 0.60872
vt 0.58210 0.61009
vt 0.60016 0.60756
vt 0.60030 0.60580
vt 0.60107 0.60687
vt 0.60263 0.60887
vt 0.59097 0.60452
vt 0.58692 0.60770
vt 0.59398 0.60641
vt 0.59629 0.60827
vt 0.60711 0.60851
vt 0.60737 0.60657
vt 0.60609 0.60708
vt 0.58423 0.60541
vt 0.58566 0.60456
vt 0.58887 0.60275
vt 0.58882 0.60641
vt 0.58880 0.60807
vt 0.59200 0.60466
vt 0.59338 0.60556
vt 0.59204 0.60104
vt 0.59342 0.60035
vt 0.58890 0.59916
vt 0.58570 0.60093
vt 0.58890 0.59762
vt 0.58429 0.60018
vt 0.59065 0.59661
vt 0.58735 0.59775
vt 0.59219 0.59634
vt 0.59034 0.59725
vt 0.59426 0.59628
vt 0.58624 0.59848
vt 0.58294 0.60092
vt 0.58446 0.59992
vt 0.59438 0.59713
vt 0.59629 0.59644
vt 0.59834 0.59743
vt 0.59771 0.59677
vt 0.60109 0.59805
vt 0.59448 0.59906
vt 0.60013 0.59948
vt 0.60401 0.60033
vt 0.60511 0.60138
vt 0.60756 0.60468
vt 0.58870 0.59923
vt 0.58220 0.60298
vt 0.58756 0.61067
vt 0.59387 0.61058
vt 0.58295 0.61105
vt 0.58130 0.61160
vt 0.58481 0.61595
vt 0.58601 0.61562
vt 0.58892 0.61870
vt 0.58927 0.61539
vt 0.58957 0.61855
vt 0.59336 0.61966
vt 0.58947 0.61886
vt 0.59126 0.61844
vt 0.59370 0.61533
vt 0.60003 0.61080
vt 0.59352 0.61842
vt 0.59802 0.61547
vt 0.60427 0.61128
vt 0.60547 0.61185
vt 0.60103 0.61575
vt 0.60193 0.61610
vt 0.59574 0.61848
vt 0.59730 0.61861
vt 0.59779 0.61877
vt 0.59710 0.61892
vt 0.59752 0.59755
vt 0.60064 0.59953
vt 0.59599 0.59780
vt 0.59412 0.59655
vt 0.60190 0.59882
vt 0.59769 0.59999
vt 0.59816 0.59717
vt 0.60328 0.60233
vt 0.59911 0.60295
vt 0.60017 0.60648
vt 0.59369 0.60310
vt 0.59383 0.60010
vt 0.58835 0.60273
vt 0.59002 0.59983
vt 0.59397 0.59786
vt 0.59198 0.59771
vt 0.59055 0.59740
vt 0.59006 0.59699
vt 0.58725 0.59924
vt 0.58441 0.60194
vt 0.58223 0.60533
vt 0.60347 0.61238
vt 0.60055 0.61642
vt 0.59893 0.61271
vt 0.59732 0.61663
vt 0.59543 0.61902
vt 0.59303 0.61279
vt 0.59310 0.61668
vt 0.58721 0.61259
vt 0.59322 0.61905
vt 0.59104 0.61899
vt 0.58895 0.61656
vt 0.58591 0.61629
vt 0.58291 0.61216
vn 0.9213 -0.1654 0.3465
vn 0.9528 0.1890 -0.2362
vn 0.3937 0.5669 0.7244
vn 0.0315 0.5669 0.8189
vn 0.2756 0.4252 0.8583
vn 0.2362 0.4173 0.8819
vn 0.6378 0.4252 0.6378
vn 0.2362 0.4094 0.8819
vn 0.2520 0.2598 0.9291
vn 0.1102 0.4331 0.8976
vn 0.0157 0.7165 0.7008
vn 0.7323 0.5433 0.4173
vn 0.8189 0.4173 0.4016
vn 0.3622 0.7165 0.5984
vn 0.0157 0.9055 0.4331
vn 0.2283 0.9055 0.3622
vn 0.9291 0.2598 0.2520
vn 0.8819 0.4016 0.2362
vn 0.8976 0.4331 0.0236
vn 0.6142 0.7165 0.3307
vn 0.3858 0.9055 0.2047
vn 0.0000 1.0000 0.0000
vn 0.8110 0.5827 -0.0079
vn 0.7008 0.7165 -0.0157
vn 0.7323 0.5276 -0.4331
vn 0.7795 0.4331 -0.4488
vn 0.4488 0.4331 -0.7795
vn 0.4331 0.9055 -0.0157
vn 0.3622 0.9055 -0.2283
vn 0.1968 0.9055 -0.3780
vn 0.5984 0.7165 -0.3622
vn 0.3937 0.5906 -0.7087
vn 0.0157 0.5354 -0.8504
vn 0.0551 0.4331 -0.8976
vn 0.3307 0.7165 -0.6142
vn -0.0157 0.7165 -0.7008
vn -0.0157 0.9055 -0.4331
vn 0.9606 -0.2677 0.0157
vn 0.8740 -0.3465 0.3307
vn 0.1339 -0.9528 0.2598
vn 0.2520 -0.9528 0.1575
vn 0.2520 -0.8425 0.4724
vn 0.0000 -1.0000 0.0000
vn -0.0157 -0.8425 0.5354
vn 0.4567 -0.8425 0.2835
vn -0.0157 -0.9528 0.2992
vn -0.2835 -0.8425 0.4567
vn -0.3701 -0.7008 0.6142
vn -0.1575 -0.9528 0.2520
vn 0.0157 -0.7087 0.7008
vn -0.2598 -0.9528 0.1417
vn -0.2992 -0.9528 -0.0157
vn -0.2520 -0.9528 -0.1575
vn -0.1339 -0.9528 -0.2598
vn 0.3543 -0.7087 0.6063
vn 0.3228 -0.5984 0.7323
vn 0.2205 -0.5512 0.8032
vn 0.1417 -0.5591 0.8189
vn 0.2362 -0.3543 0.9055
vn 0.2520 -0.3386 0.9055
vn 0.5827 -0.5669 0.5827
vn 0.5906 -0.7087 0.3858
vn 0.7008 -0.5118 0.5039
vn 0.7244 -0.3780 0.5748
vn 0.8032 -0.5512 0.2205
vn 0.7795 -0.5906 0.2047
vn 0.7087 -0.7008 -0.0157
vn 0.7874 -0.5906 0.1890
vn 0.7953 -0.5748 -0.1732
vn 0.8346 -0.4961 -0.2205
vn 0.8976 -0.3622 -0.2441
vn 0.9055 -0.3465 -0.2441
vn 0.7559 -0.5984 -0.2756
vn 0.5354 -0.8425 0.0157
vn 0.6299 -0.7087 -0.3228
vn 0.5748 -0.5906 -0.5669
vn 0.4724 -0.8425 -0.2520
vn 0.2992 -0.9528 0.0157
vn 0.2598 -0.9528 -0.1339
vn 0.1575 -0.9528 -0.2520
vn 0.2835 -0.8425 -0.4567
vn 0.3543 -0.7165 -0.6063
vn 0.5906 -0.5591 -0.5906
vn 0.0157 -0.9528 -0.2992
vn 0.0157 -0.8425 -0.5354
vn -0.2520 -0.8425 -0.4724
vn -0.0157 -0.7008 -0.7087
vn 0.2047 -0.5906 -0.7795
vn -0.1339 -0.5984 -0.7874
vn 0.2126 -0.5591 -0.8032
vn 0.4173 -0.5039 -0.7559
vn 0.4331 -0.3780 -0.8189
vn 0.5906 0.7087 0.3858
vn 0.7323 0.5039 -0.4646
vn -0.6772 0.5512 -0.4882
vn 0.7874 -0.6142 0.0945
vn 0.7244 -0.6535 0.2283
vn -0.5197 0.7953 -0.3071
vn -0.5197 0.7953 0.3071
vn -0.8976 0.4331 -0.1181
vn -0.8346 0.5512 -0.0394
vn -0.8740 0.4252 -0.2362
vn -0.8740 0.4252 0.2362
vn -0.7402 0.5433 -0.3937
vn -0.7480 0.4331 -0.4961
vn -0.6378 0.4252 -0.6378
vn -0.6142 0.4252 -0.6614
vn -0.8268 0.4331 0.3701
vn -0.7165 0.5669 0.4094
vn -0.6378 0.4252 0.6378
vn -0.4409 0.5827 -0.6850
vn -0.2362 0.4252 -0.8740
vn -0.3622 0.7165 -0.5984
vn -0.6142 0.7165 -0.3307
vn -0.2283 0.9055 -0.3622
vn -0.3858 0.9055 -0.2047
vn -0.7008 0.7165 0.0157
vn -0.4331 0.9055 0.0157
vn -0.5984 0.7165 0.3622
vn -0.4016 0.5669 0.7244
vn -0.3780 0.4331 0.8189
vn -0.2362 0.4252 0.8740
vn -0.3307 0.7165 0.6142
vn -0.3622 0.9055 0.2283
vn -0.1968 0.9055 0.3858
vn -0.3071 -0.0394 -0.9528
vn -0.6457 -0.7402 -0.1732
vn -0.7953 -0.5669 -0.2126
vn -0.7874 -0.5748 -0.2126
vn -0.8976 -0.3622 -0.2441
vn -0.7165 -0.5984 -0.3543
vn -0.6063 -0.7087 -0.3622
vn -0.4488 -0.8504 -0.2835
vn -0.5748 -0.5906 -0.5748
vn -0.3071 -0.7008 -0.6457
vn -0.5827 -0.5591 -0.5906
vn -0.2913 -0.5118 -0.8032
vn -0.2205 -0.5039 -0.8346
vn -0.2520 -0.3543 -0.8976
vn -0.2362 -0.3386 -0.9134
vn -0.2520 -0.2913 -0.9213
vn -0.2520 -0.1181 -0.9606
vn 0.9134 -0.2047 -0.3543
vn 0.5906 0.7087 -0.3858
vn -0.5197 -0.8583 0.0079
vn -0.4724 -0.8425 0.2520
vn -0.6772 -0.7244 0.1102
vn -0.6220 -0.7087 0.3307
vn -0.7795 -0.5906 0.1968
vn -0.8032 -0.5512 0.2126
vn -0.7717 -0.5669 0.2835
vn -0.9055 -0.3465 0.2362
vn -0.5669 -0.5827 0.5748
vn -0.5039 -0.5354 0.6772
vn -0.6063 -0.4961 0.6220
vn -0.6693 -0.3465 0.6535
vn -0.2205 -0.5827 0.7874
vn -0.2047 -0.5827 0.7874
vn 0.7402 -0.4252 -0.5197
vn -0.7087 -0.2598 0.6614
vn -0.6850 0.2992 0.6693
vn -0.6929 0.2756 -0.6693
vn 0.2441 -0.7087 0.6614
vn 0.2126 0.5197 -0.8268
vn 0.2835 0.4646 -0.8346
vn 0.2283 0.4961 0.8425
vn -0.8189 -0.0945 0.5669
vn 0.2677 -0.8425 0.4646
vn 0.2913 -0.9449 0.1654
vn 0.4646 -0.8425 0.2677
vn 0.6299 -0.6850 0.3622
vn 0.5433 -0.8425 0.0000
vn 0.1654 -0.9449 0.2913
vn 0.3307 -0.9449 0.0000
vn 0.0000 -0.8425 0.5433
vn 0.0000 -0.9449 0.3307
vn -0.1654 -0.9449 0.2913
vn -0.2677 -0.8425 0.4646
vn -0.2913 -0.9449 0.1654
vn -0.3307 -0.9449 0.0000
vn -0.2913 -0.9449 -0.1654
vn 0.0000 -0.6850 0.7323
vn -0.3622 -0.6850 0.6299
vn 0.3622 -0.6850 0.6299
vn 0.0000 -0.4882 0.8740
vn -0.1654 -0.9449 -0.2913
vn 0.0000 -0.9449 -0.3386
vn 0.4331 -0.4882 0.7559
vn 0.0000 -0.2598 0.9685
vn 0.7559 -0.4882 0.4331
vn 0.0000 -0.8425 -0.5433
vn -0.2677 -0.8425 -0.4646
vn 0.1654 -0.9449 -0.2913
vn 0.2913 -0.9449 -0.1654
vn 0.2677 -0.8425 -0.4646
vn 0.4646 -0.8425 -0.2677
vn 0.3622 -0.6850 -0.6299
vn 0.0000 -0.6850 -0.7323
vn 0.6299 -0.6850 -0.3622
vn 0.0000 -0.4882 -0.8740
vn 0.7323 -0.6850 0.0000
vn 0.8740 -0.4882 0.0000
vn 0.7559 -0.4882 -0.4331
vn 0.4331 -0.4882 -0.7559
vn 0.0000 -0.2598 -0.9685
vn 0.4803 -0.2598 -0.8346
vn 0.0000 -0.0236 -1.0000
vn 0.9685 -0.2598 0.0000
vn 0.8346 -0.2598 -0.4803
vn 0.4961 -0.0236 -0.8661
vn 0.8346 -0.2598 0.4803
vn 0.4961 0.1496 -0.8583
vn 0.0000 0.1496 -0.9921
vn 0.8661 -0.0236 -0.4961
vn 1.0000 -0.0236 0.0000
vn 0.8583 0.1496 -0.4961
vn 0.8661 -0.0236 0.4961
vn 0.4724 0.3071 -0.8268
vn 0.0000 0.3071 -0.9528
vn 0.8268 0.3071 -0.4803
vn 0.9921 0.1496 0.0000
vn 0.8583 0.1496 0.4961
vn 0.4646 0.3622 -0.8032
vn 0.0000 0.3622 -0.9291
vn 0.4646 0.3701 -0.8032
vn 0.0000 0.3701 -0.9291
vn 0.8032 0.3701 -0.4646
vn 0.8032 0.3622 -0.4646
vn 0.9291 0.3622 0.0000
vn 0.9291 0.3701 0.0000
vn 0.8032 0.3701 0.4646
vn 0.9528 0.3071 0.0000
vn 0.8032 0.3622 0.4646
vn 0.4646 0.3701 0.8032
vn 0.8268 0.3071 0.4724
vn 0.4646 0.3622 0.8032
vn 0.0000 0.3622 0.9291
vn 0.0000 0.3701 0.9291
vn 0.0000 0.3071 0.9528
vn 0.4803 0.3071 0.8268
vn 0.0000 0.1496 0.9921
vn 0.4961 0.1496 0.8583
vn 0.0000 -0.0236 1.0000
vn 0.4961 -0.0236 0.8661
vn 0.4803 -0.2598 0.8346
vn 0.4882 -0.4016 -0.7717
vn 0.6142 0.5354 0.5827
vn -0.5197 0.0157 -0.8504
vn -0.9449 0.1102 -0.2992
vn -0.9449 0.1260 -0.3071
vn -0.9528 0.0394 -0.3071
vn -0.9449 0.1417 -0.2992
vn -0.9449 0.1575 -0.2913
vn -0.9449 0.1654 -0.2835
vn -0.9606 0.0866 -0.2756
vn -0.9528 0.0079 -0.3150
vn -0.9606 0.0630 -0.2598
vn -0.9685 0.0630 -0.2283
vn -0.9921 0.1102 -0.0709
vn -0.9921 -0.0315 -0.1339
vn -1.0000 0.0315 -0.0394
vn -0.9921 0.0866 0.0551
vn -1.0000 0.0236 -0.0394
vn -0.9921 -0.0630 -0.0787
vn -1.0000 0.0551 0.0000
vn -0.9685 -0.0236 -0.2441
vn -0.9606 -0.0394 -0.2756
vn -0.9843 0.0945 -0.1417
vn -1.0000 0.0000 0.0000
vn -0.9528 -0.0630 -0.2992
vn -1.0000 -0.0551 0.0709
vn -0.9370 -0.0945 -0.3307
vn -1.0000 0.0315 0.0000
vn -0.6378 0.1732 0.7559
vn 0.7165 -0.0866 0.6929
vn 0.8110 0.4567 -0.3622
vn 0.3543 -0.6299 -0.6929
vn 0.7874 -0.5591 -0.2441
vn 0.7953 -0.3465 0.5039
vn 0.0866 -0.7402 0.6693
vn 0.7717 0.0945 0.6299
vn 0.5197 0.5748 0.6299
vn 0.7717 0.0945 -0.6299
vn -0.9370 -0.1496 -0.3228
vn -0.9370 -0.1575 -0.3150
vn -0.9370 -0.1575 -0.3228
vn -0.9370 -0.1417 -0.3307
vn -0.9370 -0.1181 -0.3307
vn -0.9449 -0.0236 -0.3307
vn -0.9449 0.0079 -0.3307
vn -0.9921 -0.1417 0.0000
vn -0.9843 -0.1654 0.0315
vn -1.0000 -0.0551 -0.0709
vn -0.9843 0.0945 0.1417
vn -0.9843 -0.1654 -0.0315
vn -1.0000 0.0236 0.0394
vn -0.9843 -0.1890 0.0000
vn -0.9685 -0.0236 0.2441
vn -0.9528 -0.0630 0.2992
vn -0.9921 -0.0630 0.0787
vn -1.0000 0.0315 0.0394
vn -0.9606 -0.0394 0.2756
vn -0.9921 0.1102 0.0709
vn -0.9370 -0.0945 0.3307
vn -0.9449 -0.0236 0.3307
vn -0.9449 0.0079 0.3307
vn -0.9370 -0.1181 0.3307
vn -0.9370 -0.1417 0.3228
vn -0.9370 -0.1575 0.3228
vn -0.9370 -0.1496 0.3228
vn -0.9370 -0.1575 0.3150
vn -0.9685 0.0630 0.2283
vn -0.9606 0.0630 0.2598
vn -0.9921 -0.0315 0.1339
vn -0.9606 0.0866 0.2756
vn -0.9921 0.0866 -0.0551
vn -0.9449 0.1102 0.2992
vn -0.9843 0.1575 0.0000
vn -0.9843 0.1811 -0.0236
vn -0.9843 0.1811 0.0236
vn -0.9449 0.1575 0.2913
vn -0.9449 0.1654 0.2913
vn -0.9449 0.1417 0.2992
vn -0.9449 0.1260 0.3071
vn -0.9528 0.0394 0.3071
vn -0.9528 0.0079 0.3150
vn -0.9843 0.1968 0.0000
vn 0.2598 0.1417 0.9528
vn 0.7953 0.2992 0.5276
vn -0.7953 0.3543 0.4961
vn 0.5827 0.2362 -0.7795
vn -0.5197 0.6457 0.5669
vn -0.5669 0.0394 0.8189
vn -0.7795 -0.4173 0.4646
vn -0.0472 -0.3386 -0.9370
vn -0.5197 0.6457 -0.5669
vn -0.0787 -0.3465 0.9370
vn -0.6378 0.1732 -0.7559
vn 0.5197 0.5748 -0.6299
vn -0.8425 -0.4882 -0.2283
vn -0.8740 -0.3780 -0.3071
vn 0.6929 -0.4252 0.5827
vn 0.1102 0.1024 0.9921
vn 0.7008 0.2047 -0.6850
vn -0.5906 -0.3386 -0.7323
vn -0.1496 -0.7953 -0.5827
vn 0.6693 -0.0866 0.7402
vn -0.1417 -0.8976 -0.4173
vn -0.1417 -0.0945 -0.9843
vn -0.1496 -0.7953 0.5827
vn -0.1417 0.0945 -0.9843
vn -0.1417 -0.8976 0.4173
vn -0.1496 0.7953 -0.5827
vn -0.6614 0.2441 -0.7087
vn -0.1417 0.8976 -0.4094
vn -0.1732 -0.0315 -0.9843
vn -0.1496 0.7953 0.5827
vn -0.1417 -0.0945 0.9843
vn -0.1417 0.0945 0.9843
vn -0.1417 0.8976 0.4094
vn 0.6693 -0.0866 -0.7402
vn -0.5276 0.0236 0.8504
vn -0.7874 0.5118 -0.3465
vn -0.1496 -0.7795 -0.6063
vn -0.7638 0.6063 -0.2283
vn -0.5669 0.0394 -0.8189
vn -0.1496 -0.9055 -0.4016
vn -0.1417 -0.1102 -0.9843
vn -0.1417 0.1181 -0.9843
vn -0.1496 -0.9055 0.4016
vn -0.1496 -0.7795 0.6063
vn -0.1496 0.7795 -0.6063
vn -0.1496 0.9055 -0.4016
vn -0.1496 0.7795 0.6063
vn 0.7087 0.4567 -0.5433
vn -0.1417 -0.1102 0.9843
vn -0.1496 0.9055 0.4016
vn -0.1417 0.1181 0.9843
vn 0.4252 -0.1654 0.8898
vn 0.4409 0.0079 0.8976
vn 0.4488 0.1968 0.8740
vn 0.4488 0.2677 0.8504
vn -0.7953 0.5591 0.2205
vn -0.9213 0.3780 0.0000
vn 0.7244 0.4094 0.5591
vn 0.8268 0.4803 0.2992
vn 0.8268 0.4724 0.2992
vn 0.8189 0.4961 0.2992
vn 0.8110 0.5039 0.2913
vn 0.8189 0.5197 0.2362
vn 0.8189 0.5276 0.2283
vn -0.3071 -0.3701 -0.8740
vn 0.7638 0.5512 -0.3465
vn 0.8346 0.5512 0.0551
vn 0.8898 0.4488 0.0787
vn 0.8346 0.5433 0.0551
vn 0.8976 0.4331 0.0787
vn 0.8346 0.5433 0.0157
vn 0.8425 0.5433 0.0157
vn -0.6220 -0.2835 0.7323
vn -0.9685 -0.2441 -0.0236
vn -0.3622 -0.6850 -0.6299
vn -0.4646 -0.8425 -0.2677
vn -0.5433 -0.8425 0.0000
vn -0.6299 -0.6850 -0.3622
vn -0.4331 -0.4882 -0.7559
vn -0.7559 -0.4882 -0.4331
vn -0.4803 -0.2598 -0.8346
vn -0.7323 -0.6850 0.0000
vn -0.8740 -0.4882 0.0000
vn -0.6299 -0.6850 0.3622
vn -0.4646 -0.8425 0.2677
vn -0.7559 -0.4882 0.4331
vn -0.9685 -0.2598 0.0000
vn -0.4331 -0.4882 0.7559
vn -0.8346 -0.2598 0.4803
vn -0.4803 -0.2598 0.8346
vn -0.4961 -0.0236 0.8661
vn -0.8661 -0.0236 0.4961
vn -0.4961 0.1496 0.8583
vn -0.8583 0.1496 0.4961
vn -1.0000 -0.0236 0.0000
vn -0.4803 0.3071 0.8268
vn -0.4646 0.3622 0.8032
vn -0.8268 0.3071 0.4724
vn -0.4646 0.3701 0.8032
vn -0.8032 0.3701 0.4646
vn -0.8032 0.3622 0.4646
vn -0.9921 0.1496 0.0000
vn -0.9528 0.3071 0.0000
vn -0.9291 0.3622 0.0000
vn -0.9291 0.3701 0.0000
vn -0.8032 0.3701 -0.4646
vn -0.8032 0.3622 -0.4646
vn -0.8268 0.3071 -0.4803
vn -0.8583 0.1496 -0.4961
vn -0.8661 -0.0236 -0.4961
vn -0.4646 0.3622 -0.8032
vn -0.4646 0.3701 -0.8032
vn -0.4724 0.3071 -0.8268
vn -0.4961 0.1496 -0.8583
vn -0.4961 -0.0236 -0.8661
vn -0.8346 -0.2598 -0.4803
vn 0.6299 0.6142 0.4724
vn 0.6220 0.6220 0.4803
vn 0.6772 0.6929 0.2441
vn 0.6457 0.7165 0.2756
vn 0.5984 0.5984 0.5276
vn 0.6220 0.5669 -0.5433
vn 0.6063 0.5433 -0.5827
vn 0.5827 0.5118 -0.6378
vn 0.5669 0.5039 -0.6535
vn 0.5276 0.5039 -0.6850
vn 0.5354 0.5118 -0.6693
vn 0.5827 0.5984 -0.5512
vn 0.5827 0.6142 -0.5354
vn 0.6063 0.6220 -0.4882
vn 0.6063 0.6457 -0.4646
vn -0.1496 -0.8819 -0.4409
vn 0.5906 -0.7244 0.3543
vn 0.5512 0.6220 0.5591
vn -0.1496 -0.8819 0.4409
vn -0.1496 -0.8346 -0.5276
vn 0.7559 0.0472 0.6535
vn 0.2362 0.4016 -0.8898
vn 0.2441 0.4016 -0.8819
vn 0.2441 0.4882 -0.8425
vn 0.1890 0.4331 -0.8819
vn 0.1811 0.4409 -0.8819
vn 0.2598 0.4803 -0.8346
vn 0.1890 0.5433 -0.8189
vn 0.1575 0.5591 -0.8110
vn -0.1496 -0.0315 -0.9921
vn -0.1496 0.8819 -0.4488
vn -0.1496 0.0315 -0.9921
vn 0.6142 0.6614 0.4252
vn -0.1496 0.8819 0.4488
vn -0.1496 -0.8346 0.5354
vn 0.6772 0.4409 -0.5906
vn 0.6772 0.4409 -0.5984
vn 0.7087 0.3937 -0.5906
vn 0.7165 0.3701 -0.5906
vn 0.7165 0.3937 -0.5748
vn 0.7244 0.3858 -0.5748
vn -0.1496 0.8346 -0.5354
vn -0.1496 -0.0315 0.9921
vn -0.1496 0.0315 0.9921
vn -0.1496 -0.8583 -0.4961
vn -0.1496 0.8346 0.5354
vn -0.1496 0.0079 -0.9921
vn -0.9528 -0.2992 0.0079
vn -0.7795 0.1024 0.6220
vn -0.1496 -0.8583 0.4961
vn -0.1496 0.8583 -0.4961
vn -0.1496 0.0079 0.9921
vn 0.6457 -0.7402 -0.1811
vn -0.1496 0.8583 0.4961
vn -0.8504 -0.0866 0.5197
vn 0.6929 0.6220 0.3701
vn 0.8976 -0.1968 -0.3858
vn 0.2598 -0.4016 -0.8740
vn 0.8976 -0.1968 0.3858
vn 0.4252 -0.5984 -0.6772
vn -0.2992 0.4488 -0.8425
vn -0.3465 -0.7480 0.5669
vn 0.8976 0.3228 -0.2992
vn -0.1575 -0.8583 -0.4882
vn -0.1496 -0.8425 -0.5118
vn -0.6614 0.7165 -0.2047
vn -0.1496 0.0000 -0.9921
vn 0.3386 0.5276 0.7795
vn 0.3071 0.6063 0.7323
vn 0.3465 0.5354 0.7717
vn 0.3071 0.6220 0.7244
vn 0.1654 0.5984 0.7874
vn 0.1496 0.5906 0.7953
vn -0.1575 -0.8583 0.4882
vn -0.1496 -0.8583 -0.4882
vn -0.1496 -0.8425 0.5118
vn -0.1496 0.8504 -0.5118
vn -0.1575 0.8583 -0.4882
vn 0.3780 -0.6299 0.6772
vn -0.1496 0.0236 -0.9843
vn -0.1496 -0.0236 -0.9843
vn -0.1496 -0.8583 0.4882
vn -0.1496 0.8504 -0.4961
vn -0.1496 0.0000 0.9921
vn -0.1575 0.8583 0.4882
vn -0.1496 0.8504 0.5118
vn -0.1496 0.0236 0.9843
vn -0.1496 -0.0236 0.9843
vn 0.0394 0.6220 0.7874
vn 0.0394 0.5906 0.8110
vn 0.0394 0.6142 0.7874
vn 0.0394 0.5827 0.8110
vn 0.0472 0.6220 0.7795
vn -0.5354 -0.4173 -0.7323
vn 0.6850 0.7244 -0.0945
vn 0.1024 0.5276 0.8425
vn 0.5906 0.3071 0.7480
vn -0.6850 -0.2756 0.6772
vn -0.8504 -0.0866 -0.5197
vn -0.2677 0.4961 -0.8268
vn -0.2126 0.5669 -0.7953
vn -0.2677 0.5118 -0.8189
vn -0.2047 0.5827 -0.7874
vn -0.3701 0.5512 -0.7480
vn -0.3543 0.5748 -0.7402
vn -0.3307 0.6220 -0.7087
vn -0.3071 0.6457 -0.6929
vn 0.6614 0.5197 -0.5433
vn -0.0709 -0.6220 -0.7795
vn -0.5748 0.8110 -0.0787
vn -0.8504 -0.4331 0.2913
vn 0.3622 0.6614 -0.6535
vn 0.4016 0.5984 0.6929
vn 0.7087 -0.3937 0.5906
vn -0.1968 0.5984 0.7795
vn -0.1890 0.5984 0.7795
vn -0.1024 0.5354 0.8425
vn -0.2835 0.6299 0.7244
vn -0.2913 0.6220 0.7244
vn -0.4016 0.5906 -0.7008
vn -0.4016 0.5827 -0.7008
vn -0.4567 0.4961 -0.7402
vn -0.4567 0.4724 -0.7559
vn -0.3858 0.5906 -0.7087
vn 0.7087 -0.3937 -0.5906
vn 0.2992 -0.5512 0.7795
vn -0.4567 0.5354 -0.7087
vn -0.2913 0.2913 0.9134
vn 0.5984 0.5827 0.5512
vn 0.7559 -0.4882 0.4409
vn -0.4961 0.5039 0.7087
vn -0.6220 0.3228 0.7087
vn -0.6299 0.3071 0.7087
vn -0.6772 0.2283 0.7008
vn -0.6850 0.2205 0.7008
vn -0.6220 0.4409 0.6535
vn -0.5984 0.4724 0.6457
vn -0.5748 0.3937 -0.7165
vn -0.4803 0.3937 -0.7795
vn -0.5669 0.4016 -0.7165
vn -0.4724 0.4094 -0.7795
vn -0.6614 0.4488 -0.6063
vn -0.6220 0.5433 -0.5669
vn -0.6063 0.5512 -0.5669
vn -0.8976 0.2283 -0.3780
vn -0.9134 0.1654 -0.3780
vn -0.9055 0.2205 -0.3701
vn -0.9134 0.1496 -0.3780
vn -0.8819 0.2756 -0.3858
vn -0.8740 0.2756 -0.3937
vn -0.7323 0.6535 0.2047
vn -0.6850 -0.2756 -0.6693
vn -0.6299 0.6614 -0.4094
vn 0.7638 -0.6457 0.0315
vn 0.7087 -0.7087 -0.0236
vn 0.7559 -0.6535 0.0000
vn 0.7480 -0.6693 -0.0157
vn 0.7087 -0.7087 -0.0157
vn 0.6457 -0.7559 -0.0866
vn 0.6299 -0.7638 -0.1260
vn -0.6378 0.6378 -0.4331
vn -0.7165 0.5748 0.3858
vn -0.7559 0.4961 0.4331
vn -0.7244 0.5669 0.4016
vn -0.7559 0.4803 0.4409
vn -0.6299 0.6063 0.4803
vn -0.6299 0.6142 0.4724
vn -0.5906 0.5512 0.5906
vn -0.5827 0.5354 0.6063
vn -0.8819 0.4094 0.2126
vn -0.8898 0.4016 0.1968
vn -0.9134 0.3465 0.1968
vn -0.9213 0.3386 0.1890
vn -0.9134 0.4016 0.0709
vn -0.9134 0.4094 0.0709
vn -0.9370 0.3543 -0.0472
vn -0.9370 0.3465 -0.0630
vn -0.9213 0.3937 -0.0472
vn -0.9134 0.4094 -0.0315
vn -0.1575 -0.0079 -0.9843
vn -0.1575 0.0079 -0.9843
vn -0.1575 -0.8661 -0.4724
vn 0.6850 0.6614 -0.3150
vn -0.1575 -0.8661 0.4724
vn -0.1575 0.8740 -0.4646
vn -0.1575 -0.0079 0.9843
vn -0.1575 0.0079 0.9843
vn -0.1575 0.8740 0.4646
vn 0.6535 -0.6772 -0.3307
vn 0.6535 -0.6929 -0.3150
vn 0.5827 -0.8032 -0.1260
vn 0.5827 -0.8032 -0.1102
vn 0.4016 -0.5591 -0.7244
vn 0.2992 -0.5984 -0.7402
vn 0.3937 -0.5669 -0.7244
vn 0.2913 -0.6063 -0.7402
vn 0.3701 -0.5984 -0.7087
vn 0.3622 -0.6063 -0.7087
vn -0.0472 -0.6772 -0.7323
vn -0.1811 -0.8032 -0.5669
vn -0.0551 -0.6929 -0.7244
vn 0.3701 -0.5591 -0.7402
vn 0.3780 -0.5748 -0.7244
vn 0.4331 -0.6535 -0.6142
vn 0.4724 -0.7087 -0.5197
vn 0.4961 -0.7165 -0.4803
vn 0.6063 -0.7008 0.3780
vn 0.4094 -0.8110 0.4173
vn 0.3937 -0.8189 0.4173
vn -0.6299 0.7717 0.1102
vn -0.0551 -0.5748 0.8189
vn -0.0787 -0.5906 0.8032
vn -0.1260 -0.6850 0.7165
vn -0.1575 -0.7402 0.6535
vn -0.1339 -0.6929 0.7087
vn -0.7087 -0.5118 -0.4961
vn -0.6850 -0.5512 0.4803
vn -0.4724 0.8740 0.1181
vn -0.0787 -0.5984 0.7953
vn -0.0079 -0.7244 0.6850
vn -0.0472 -0.6457 0.7638
vn -0.0079 -0.7323 0.6850
vn 0.0709 -0.7795 0.6220
vn 0.0945 -0.7874 0.6142
vn -0.1732 -0.7323 -0.6614
vn -0.1654 -0.7402 -0.6535
vn -0.0866 -0.7795 -0.6220
vn -0.0787 -0.7874 -0.6142
vn -0.4488 0.8268 -0.3307
vn -0.1654 -0.7402 0.6535
vn 0.0630 -0.7323 -0.6772
vn -0.4803 -0.7402 0.4724
vn -0.3622 -0.7559 0.5512
vn -0.4646 -0.7480 0.4724
vn -0.3622 -0.7480 0.5512
vn -0.2126 -0.7402 0.6378
vn -0.1890 -0.7480 0.6378
vn -0.4094 -0.6220 -0.6693
vn -0.7323 -0.6693 -0.1260
vn -0.7323 -0.6614 -0.1417
vn -0.7480 -0.6063 -0.2756
vn -0.7480 -0.5984 -0.2913
vn -0.6772 -0.7008 0.2126
vn -0.5906 -0.7559 0.2677
vn -0.6693 -0.7087 0.2205
vn -0.5827 -0.7638 0.2756
vn -0.6614 -0.7323 0.1732
vn -0.6535 -0.6850 0.3228
vn -0.6614 -0.7244 0.2047
vn -0.6535 -0.6772 0.3307
vn -0.6614 -0.6378 0.4016
vn -0.6614 -0.6299 0.4094
vn -0.6614 -0.6457 0.3780
vn -0.6614 -0.6614 0.3622
vn -0.6063 -0.7953 -0.0866
vn -0.6772 -0.7402 0.0236
vn -0.6142 -0.7874 -0.0709
vn -0.7323 -0.6772 0.0945
vn -0.7480 -0.6535 0.1181
vn -0.4803 -0.7323 -0.4803
vn -0.3228 -0.6772 0.6614
vn -0.1890 -0.8032 -0.5591
vn -0.5354 0.8425 -0.0866
vn -0.5748 0.8032 -0.1732
vn -0.5827 -0.6142 0.5354
vn 0.9449 -0.1260 0.3071
vn 0.9449 -0.1024 0.2992
vn 0.9528 -0.0394 0.3071
vn 0.9449 -0.1417 0.2992
vn 0.9449 -0.1575 0.2913
vn 0.9449 -0.1654 0.2913
vn 0.9606 -0.0472 0.2756
vn 0.9528 -0.0079 0.3150
vn 0.9685 -0.0945 0.2205
vn 0.9764 -0.0630 0.2126
vn 0.9764 0.1102 0.1732
vn 0.9843 -0.1890 0.0236
vn 0.9921 -0.0866 -0.1102
vn 0.9921 0.1496 0.0236
vn 0.9921 -0.1417 0.0000
vn 0.9843 -0.1654 -0.0472
vn 0.9921 -0.0866 0.1102
vn 0.9843 -0.1654 0.0472
vn 0.9764 0.1102 -0.1732
vn 0.9843 -0.1968 0.0000
vn 0.9843 -0.1968 0.0079
vn 0.9843 -0.1890 0.0079
vn 0.9843 -0.1968 -0.0079
vn 0.9843 -0.1890 -0.0079
vn 0.9764 -0.0630 -0.2126
vn 0.9606 -0.0472 -0.2756
vn 0.9843 -0.1890 -0.0236
vn 0.9685 -0.0945 -0.2205
vn 0.9921 0.1496 -0.0236
vn 0.9449 -0.1024 -0.2992
vn 0.9528 -0.0394 -0.3071
vn 0.9528 -0.0079 -0.3150
vn 0.9449 -0.1260 -0.2992
vn 0.9449 -0.1417 -0.2992
vn 0.9449 -0.1575 -0.2913
vn 0.9449 -0.1654 -0.2913
vn 0.9764 0.0236 -0.2283
vn 0.9685 0.0709 -0.2362
vn 0.9685 -0.1732 -0.1811
vn 0.9528 0.0157 -0.2992
vn 0.9843 0.0472 0.1496
vn 0.9370 0.0866 -0.3307
vn 0.9449 0.0236 -0.3307
vn 0.9449 -0.0079 -0.3307
vn 0.9370 0.1181 -0.3307
vn 0.9370 0.1417 -0.3228
vn 0.9370 0.1575 -0.3228
vn 0.9370 0.1496 -0.3228
vn 0.9370 0.1654 -0.3150
vn 0.9921 0.1260 0.0000
vn 0.9843 0.1496 0.0630
vn 0.9843 0.0472 -0.1496
vn 0.9685 -0.1732 0.1811
vn 0.9843 0.1496 -0.0630
vn 0.9764 0.0236 0.2283
vn 0.9528 0.0157 0.2992
vn 0.9685 0.0709 0.2362
vn 0.9843 0.1890 0.0000
vn 0.9843 0.1890 0.0079
vn 0.9843 0.1890 -0.0079
vn 0.9370 0.0866 0.3307
vn 0.9449 0.0236 0.3307
vn 0.9449 -0.0079 0.3307
vn 0.9370 0.1181 0.3307
vn 0.9370 0.1417 0.3228
vn 0.9370 0.1575 0.3228
vn 0.9370 0.1496 0.3228
vn 0.9370 0.1654 0.3150
vn 0.6929 -0.2756 0.6693
vn 0.6850 -0.2992 -0.6693
vn 0.7087 0.2598 -0.6614
vn 0.1417 0.9528 0.2677
vn 0.2520 0.8425 0.4724
vn 0.2520 0.9528 0.1575
vn 0.4567 0.8425 0.2835
vn 0.2992 0.9528 0.0157
vn -0.0157 0.8425 0.5354
vn 0.0157 0.7008 0.7165
vn 0.3071 0.7008 0.6457
vn 0.1260 0.5984 0.7953
vn 0.5276 0.8504 0.0000
vn 0.2677 0.9528 -0.1339
vn 0.6614 0.7323 0.1732
vn 0.4724 0.8425 -0.2520
vn 0.1575 0.9528 -0.2520
vn 0.2835 0.8425 -0.4567
vn 0.6850 0.7244 -0.1024
vn 0.6220 0.7087 -0.3307
vn 0.7874 0.5906 -0.1890
vn 0.8110 0.5512 -0.2205
vn 0.7795 0.5591 -0.2835
vn 0.9055 0.3465 -0.2441
vn 0.5669 0.5827 -0.5827
vn 0.3780 0.6929 -0.6142
vn 0.5039 0.5276 -0.6850
vn 0.6063 0.4803 -0.6378
vn 0.6614 0.3465 -0.6614
vn 0.2205 0.5827 -0.7874
vn -0.0157 0.7087 -0.7087
vn 0.2126 0.5827 -0.7874
vn -0.1417 0.5512 -0.8268
vn -0.2283 0.3465 -0.9134
vn 0.3071 0.0394 0.9528
vn 0.6142 0.7087 0.3543
vn 0.7165 0.5984 0.3622
vn 0.7953 0.5669 0.2126
vn 0.9055 0.3465 0.2441
vn 0.5748 0.5906 0.5748
vn 0.5906 0.5512 0.5906
vn 0.2913 0.5039 0.8110
vn 0.2598 0.3465 0.9055
vn 0.2205 0.5039 0.8346
vn 0.2441 0.3307 0.9134
vn 0.2598 0.1024 0.9606
vn 0.7559 -0.4331 0.4961
vn 0.7402 -0.5433 0.3937
vn 0.8740 -0.4252 0.2362
vn 0.6378 -0.4252 0.6378
vn 0.6220 -0.4252 0.6614
vn 0.8346 -0.5512 0.0394
vn 0.8976 -0.4331 0.1260
vn 0.8740 -0.4252 -0.2362
vn 0.4409 -0.5827 0.6850
vn 0.2362 -0.4252 0.8740
vn -0.0157 -0.5276 0.8504
vn -0.0551 -0.4331 0.8976
vn 0.0157 -0.7165 0.7008
vn 0.3622 -0.7165 0.5984
vn 0.0157 -0.8976 0.4331
vn 0.6142 -0.7165 0.3307
vn 0.2283 -0.8976 0.3701
vn -0.2047 -0.8976 0.3858
vn 0.3858 -0.8976 0.2047
vn 0.7008 -0.7165 -0.0157
vn 0.7165 -0.5669 -0.4094
vn 0.4331 -0.8976 -0.0157
vn 0.8268 -0.4331 -0.3622
vn 0.6378 -0.4252 -0.6378
vn 0.5984 -0.7165 -0.3622
vn 0.3780 -0.4331 -0.8189
vn 0.2362 -0.4252 -0.8740
vn -0.0472 -0.5591 -0.8268
vn -0.1811 -0.4252 -0.8819
vn 0.3307 -0.7165 -0.6142
vn -0.0157 -0.7165 -0.7008
vn 0.3701 -0.8976 -0.2362
vn 0.2047 -0.8976 -0.3858
vn -0.0157 -0.8976 -0.4331
vn -0.2283 -0.8976 -0.3701
vn -0.1417 0.9528 -0.2598
vn -0.2520 0.8425 -0.4724
vn -0.2520 0.9528 -0.1575
vn 0.0157 0.8425 -0.5354
vn -0.4567 0.8425 -0.2835
vn 0.0157 0.9528 -0.2992
vn -0.3622 0.7087 -0.6142
vn -0.3307 0.5984 -0.7323
vn -0.2205 0.5354 -0.8110
vn -0.2441 0.3465 -0.9055
vn -0.5827 0.5591 -0.5827
vn -0.5984 0.7008 -0.3858
vn -0.7087 0.4961 -0.5039
vn -0.7323 0.3543 -0.5827
vn -0.8189 0.5354 -0.2205
vn -0.7795 0.5906 -0.2126
vn -0.7165 0.6929 0.0236
vn -0.8032 0.5748 0.1732
vn -0.8425 0.4882 0.2283
vn -0.9055 0.3465 0.2441
vn -0.7559 0.5906 0.2756
vn -0.5354 0.8425 -0.0157
vn -0.6299 0.7008 0.3228
vn -0.5748 0.5906 0.5748
vn -0.4724 0.8425 0.2520
vn -0.2992 0.9528 -0.0157
vn -0.2677 0.9528 0.1417
vn -0.1575 0.9528 0.2520
vn -0.0157 0.9528 0.2992
vn -0.2835 0.8425 0.4567
vn -0.3543 0.7087 0.6142
vn -0.5906 0.5433 0.5906
vn -0.4173 0.4882 0.7638
vn -0.4409 0.3543 0.8268
vn -0.2205 0.5433 0.8110
vn -0.2126 0.5906 0.7795
vn -0.0315 -1.0000 -0.0394
vn -0.9528 -0.1890 0.2362
vn -0.9213 0.1654 -0.3465
vn -0.3937 -0.5591 -0.7244
vn -0.2362 -0.4173 -0.8819
vn -0.2362 -0.4016 -0.8819
vn -0.2520 -0.2598 -0.9291
vn -0.2913 -0.4252 -0.8583
vn -0.6378 -0.4252 -0.6378
vn -0.3622 -0.7165 -0.5984
vn -0.7323 -0.5354 -0.4173
vn -0.8189 -0.4094 -0.4016
vn -0.6142 -0.7165 -0.3386
vn -0.8819 -0.4016 -0.2362
vn -0.9291 -0.2598 -0.2520
vn -0.8976 -0.4331 -0.0157
vn -0.3858 -0.8976 -0.2047
vn -0.8110 -0.5827 0.0079
vn -0.7008 -0.7165 0.0157
vn -0.7323 -0.5197 0.4331
vn -0.7795 -0.4331 0.4488
vn -0.4488 -0.4331 0.7795
vn -0.4331 -0.8976 0.0157
vn -0.3701 -0.8976 0.2283
vn -0.5984 -0.7165 0.3622
vn -0.3307 -0.7165 0.6142
vn -0.3937 -0.5827 0.7087

o egg_designer_4
usemtl tex_egg_designer_4_i002p001x
f 1/1/1 2/2/1 3/3/1
f 2/2/1 1/1/1 4/4/1
f 5/1/2 6/2/2 7/3/2
f 6/2/2 5/1/2 8/4/2
f 9/5/3 10/6/4 11/7/5
f 11/7/5 10/6/4 12/8/6
f 9/5/3 11/7/5 13/9/7
f 12/8/6 10/6/4 14/10/8
f 14/10/8 15/11/9 12/8/6
f 16/12/10 14/10/8 10/6/4
f 10/6/4 9/5/3 17/13/11
f 18/14/12 9/5/3 13/9/7
f 19/15/13 18/14/12 13/9/7
f 17/13/11 9/5/3 20/16/14
f 9/5/3 18/14/12 20/16/14
f 17/13/11 20/16/14 21/17/15
f 21/17/15 20/16/14 22/18/16
f 19/15/13 23/19/17 24/20/18
f 19/15/13 24/20/18 18/14/12
f 24/20/18 25/21/19 18/14/12
f 20/16/14 26/22/20 22/18/16
f 20/16/14 18/14/12 26/22/20
f 22/18/16 26/22/20 27/23/21
f 22/18/16 27/23/21 28/24/22
f 18/14/12 29/25/23 26/22/20
f 29/25/23 18/14/12 25/21/19
f 26/22/20 30/26/24 27/23/21
f 26/22/20 29/25/23 30/26/24
f 25/21/19 31/27/25 29/25/23
f 29/25/23 31/27/25 30/26/24
f 32/28/26 31/27/25 25/21/19
f 32/28/26 33/29/27 31/27/25
f 27/23/21 34/30/28 28/24/22
f 27/23/21 30/26/24 34/30/28
f 34/30/28 35/31/29 28/24/22
f 35/31/29 36/32/30 28/24/22
f 30/26/24 37/33/31 34/30/28
f 34/30/28 37/33/31 35/31/29
f 30/26/24 31/27/25 37/33/31
f 31/27/25 33/29/27 38/34/32
f 31/27/25 38/34/32 37/33/31
f 33/29/27 39/35/33 38/34/32
f 40/36/34 39/35/33 33/29/27
f 37/33/31 38/34/32 41/37/35
f 37/33/31 41/37/35 35/31/29
f 38/34/32 39/35/33 41/37/35
f 35/31/29 41/37/35 36/32/30
f 41/37/35 39/35/33 42/38/36
f 41/37/35 42/38/36 36/32/30
f 36/32/30 42/38/36 43/39/37
f 44/40/38 45/41/38 46/42/38
f 47/43/39 48/44/39 49/45/39
f 50/46/40 51/47/41 52/48/42
f 51/47/41 50/46/40 53/49/43
f 54/50/44 50/46/40 52/48/42
f 52/48/42 51/47/41 55/51/45
f 56/52/46 50/46/40 54/50/44
f 50/46/40 56/52/46 53/49/43
f 57/53/47 56/52/46 54/50/44
f 57/53/47 54/50/44 58/54/48
f 59/55/49 56/52/46 57/53/47
f 56/52/46 59/55/49 53/49/43
f 58/54/48 54/50/44 60/56/50
f 54/50/44 52/48/42 60/56/50
f 59/55/49 61/57/51 53/49/43
f 61/57/51 62/58/52 53/49/43
f 62/58/52 63/59/53 53/49/43
f 63/59/53 64/60/54 53/49/43
f 60/56/50 52/48/42 65/61/55
f 52/48/42 55/51/45 65/61/55
f 60/56/50 65/61/55 66/62/56
f 67/63/57 60/56/50 66/62/56
f 68/64/58 60/56/50 67/63/57
f 68/64/58 67/63/57 69/65/59
f 67/63/57 70/66/60 69/65/59
f 66/62/56 65/61/55 71/67/61
f 65/61/55 55/51/45 72/68/62
f 65/61/55 72/68/62 71/67/61
f 73/69/63 71/67/61 72/68/62
f 74/70/64 71/67/61 73/69/63
f 73/69/63 75/71/65 74/70/64
f 73/69/63 72/68/62 75/71/65
f 72/68/62 76/72/66 75/71/65
f 77/73/67 76/72/66 72/68/62
f 78/74/68 76/72/66 77/73/67
f 79/75/69 78/74/68 77/73/67
f 79/75/69 77/73/67 80/76/70
f 79/75/69 80/76/70 81/77/71
f 80/76/70 82/78/72 81/77/71
f 80/76/70 77/73/67 83/79/73
f 72/68/62 84/80/74 77/73/67
f 55/51/45 84/80/74 72/68/62
f 77/73/67 85/81/75 83/79/73
f 83/79/73 85/81/75 86/82/76
f 84/80/74 87/83/77 77/73/67
f 77/73/67 87/83/77 85/81/75
f 55/51/45 88/84/78 84/80/74
f 51/47/41 88/84/78 55/51/45
f 88/84/78 51/47/41 53/49/43
f 88/84/78 89/85/79 84/80/74
f 84/80/74 89/85/79 87/83/77
f 89/85/79 88/84/78 53/49/43
f 89/85/79 90/86/80 87/83/77
f 90/86/80 89/85/79 53/49/43
f 87/83/77 91/87/81 85/81/75
f 87/83/77 90/86/80 91/87/81
f 85/81/75 92/88/82 86/82/76
f 85/81/75 91/87/81 92/88/82
f 86/82/76 92/88/82 93/89/83
f 94/90/84 90/86/80 53/49/43
f 90/86/80 94/90/84 91/87/81
f 64/60/54 94/90/84 53/49/43
f 91/87/81 94/90/84 95/91/85
f 94/90/84 64/60/54 95/91/85
f 91/87/81 95/91/85 92/88/82
f 95/91/85 64/60/54 96/92/86
f 92/88/82 95/91/85 97/93/87
f 97/93/87 98/94/88 92/88/82
f 99/95/89 98/94/88 97/93/87
f 98/94/88 100/96/90 92/88/82
f 92/88/82 100/96/90 101/97/91
f 92/88/82 101/97/91 93/89/83
f 101/97/91 100/96/90 102/98/92
f 102/98/92 93/89/83 101/97/91
f 103/99/93 104/100/93 105/101/93
f 106/102/94 107/103/94 108/104/94
f 106/102/95 109/105/95 107/103/95
f 110/106/96 111/107/96 44/40/96
f 44/40/96 111/107/96 45/41/96
f 112/108/97 47/43/97 113/109/97
f 47/43/97 49/45/97 113/109/97
f 114/110/98 115/111/98 116/112/98
f 105/101/99 104/100/99 117/113/99
f 118/114/100 119/115/101 120/116/102
f 118/114/100 121/117/103 119/115/101
f 119/115/101 122/118/104 120/116/102
f 123/119/105 120/116/102 122/118/104
f 124/120/106 123/119/105 125/121/107
f 123/119/105 122/118/104 125/121/107
f 126/122/103 127/123/108 121/117/103
f 121/117/103 127/123/108 128/124/109
f 119/115/101 121/117/103 128/124/109
f 127/123/108 129/125/110 128/124/109
f 125/121/107 122/118/104 130/126/111
f 131/127/112 125/121/107 130/126/111
f 39/35/33 131/127/112 130/126/111
f 40/36/34 131/127/112 39/35/33
f 39/35/33 130/126/111 42/38/36
f 42/38/36 130/126/111 132/128/113
f 130/126/111 122/118/104 132/128/113
f 42/38/36 132/128/113 43/39/37
f 132/128/113 122/118/104 133/129/114
f 122/118/104 119/115/101 133/129/114
f 43/39/37 132/128/113 134/130/115
f 132/128/113 133/129/114 134/130/115
f 43/39/37 134/130/115 28/24/22
f 36/32/30 43/39/37 28/24/22
f 134/130/115 133/129/114 135/131/116
f 134/130/115 135/131/116 28/24/22
f 133/129/114 119/115/101 136/132/117
f 133/129/114 136/132/117 135/131/116
f 119/115/101 128/124/109 136/132/117
f 135/131/116 136/132/117 137/133/118
f 135/131/116 137/133/118 28/24/22
f 136/132/117 128/124/109 138/134/119
f 136/132/117 138/134/119 137/133/118
f 128/124/109 139/135/120 138/134/119
f 128/124/109 129/125/110 139/135/120
f 129/125/110 140/136/121 139/135/120
f 140/136/121 141/137/122 139/135/120
f 142/138/122 141/137/122 140/136/121
f 10/6/4 139/135/120 141/137/122
f 16/12/10 10/6/4 141/137/122
f 139/135/120 10/6/4 143/139/123
f 138/134/119 139/135/120 143/139/123
f 143/139/123 10/6/4 17/13/11
f 137/133/118 138/134/119 144/140/124
f 138/134/119 143/139/123 144/140/124
f 137/133/118 144/140/124 28/24/22
f 143/139/123 17/13/11 145/141/125
f 144/140/124 143/139/123 145/141/125
f 144/140/124 145/141/125 28/24/22
f 145/141/125 17/13/11 21/17/15
f 145/141/125 21/17/15 28/24/22
f 21/17/15 22/18/16 28/24/22
f 146/142/126 147/143/126 148/144/126
f 147/143/126 146/142/126 149/145/126
f 150/146/127 151/147/128 152/148/129
f 151/147/128 153/149/130 152/148/129
f 154/150/131 150/146/127 152/148/129
f 155/151/132 150/146/127 154/150/131
f 155/151/132 156/152/133 150/146/127
f 154/150/131 157/153/134 155/151/132
f 158/154/135 156/152/133 155/151/132
f 155/151/132 157/153/134 158/154/135
f 158/154/135 157/153/134 159/155/136
f 160/156/137 158/154/135 159/155/136
f 160/156/137 161/157/138 158/154/135
f 160/156/137 159/155/136 162/158/139
f 160/156/137 162/158/139 161/157/138
f 163/159/140 161/157/138 162/158/139
f 164/160/141 163/159/140 162/158/139
f 164/160/141 165/161/142 163/159/140
f 166/162/143 167/163/143 168/164/143
f 169/165/144 114/110/144 116/112/144
f 64/60/54 63/59/53 96/92/86
f 96/92/86 63/59/53 156/152/133
f 63/59/53 62/58/52 156/152/133
f 95/91/85 96/92/86 97/93/87
f 97/93/87 96/92/86 158/154/135
f 96/92/86 156/152/133 158/154/135
f 97/93/87 158/154/135 99/95/89
f 158/154/135 161/157/138 99/95/89
f 156/152/133 62/58/52 170/166/145
f 62/58/52 61/57/51 170/166/145
f 156/152/133 170/166/145 150/146/127
f 170/166/145 61/57/51 171/167/146
f 61/57/51 59/55/49 171/167/146
f 171/167/146 59/55/49 57/53/47
f 170/166/145 171/167/146 172/168/147
f 172/168/147 150/146/127 170/166/145
f 171/167/146 57/53/47 173/169/148
f 172/168/147 171/167/146 173/169/148
f 172/168/147 173/169/148 174/170/149
f 174/170/149 150/146/127 172/168/147
f 175/171/150 174/170/149 173/169/148
f 176/172/151 175/171/150 173/169/148
f 176/172/151 177/173/152 175/171/150
f 173/169/148 178/174/153 176/172/151
f 173/169/148 57/53/47 58/54/48
f 58/54/48 178/174/153 173/169/148
f 179/175/154 178/174/153 58/54/48
f 180/176/155 178/174/153 179/175/154
f 179/175/154 181/177/156 180/176/155
f 179/175/154 58/54/48 182/178/157
f 58/54/48 60/56/50 182/178/157
f 60/56/50 183/179/158 182/178/157
f 68/64/58 183/179/158 60/56/50
f 69/65/59 183/179/158 68/64/58
f 184/180/159 2/2/159 4/4/159
f 2/2/159 184/180/159 185/181/159
f 186/182/160 187/183/160 188/184/160
f 187/183/160 186/182/160 189/185/160
f 190/186/161 191/187/161 192/188/161
f 191/187/161 190/186/161 193/189/161
f 194/2/162 195/1/162 196/4/162
f 195/1/162 194/2/162 197/3/162
f 1/1/163 184/180/163 4/4/163
f 198/190/163 184/180/163 1/1/163
f 199/190/164 197/3/164 200/191/164
f 197/3/164 199/190/164 195/1/164
f 7/3/165 201/181/165 202/191/165
f 201/181/165 7/3/165 6/2/165
f 203/192/166 204/193/166 193/189/166
f 203/192/166 193/189/166 190/186/166
f 205/194/167 206/195/167 207/196/167
f 208/197/168 209/198/169 210/199/170
f 211/200/171 208/197/168 210/199/170
f 209/198/169 212/201/172 210/199/170
f 212/201/172 211/200/171 210/199/170
f 209/198/169 208/197/168 213/202/173
f 212/201/172 209/198/169 214/203/174
f 215/204/175 213/202/173 208/197/168
f 209/198/169 213/202/173 216/205/43
f 214/203/174 209/198/169 216/205/43
f 213/202/173 215/204/175 217/206/176
f 213/202/173 217/206/176 216/205/43
f 217/206/176 215/204/175 218/207/177
f 217/206/176 218/207/177 216/205/43
f 218/207/177 215/204/175 219/208/178
f 218/207/177 220/209/179 216/205/43
f 220/209/179 221/210/180 216/205/43
f 221/210/180 222/211/181 216/205/43
f 219/208/178 215/204/175 223/212/182
f 219/208/178 223/212/182 224/213/183
f 225/214/184 223/212/182 215/204/175
f 225/214/184 215/204/175 208/197/168
f 225/214/184 226/215/185 223/212/182
f 222/211/181 227/216/186 216/205/43
f 211/200/171 225/214/184 208/197/168
f 227/216/186 228/217/187 216/205/43
f 226/215/185 225/214/184 229/218/188
f 229/218/188 230/219/189 226/215/185
f 231/220/190 225/214/184 211/200/171
f 231/220/190 229/218/188 225/214/184
f 227/216/186 232/221/191 228/217/187
f 232/221/191 227/216/186 233/222/192
f 228/217/187 234/223/193 216/205/43
f 232/221/191 234/223/193 228/217/187
f 234/223/193 235/224/194 216/205/43
f 235/224/194 214/203/174 216/205/43
f 232/221/191 236/225/195 234/223/193
f 236/225/195 235/224/194 234/223/193
f 235/224/194 212/201/172 214/203/174
f 237/226/196 235/224/194 236/225/195
f 212/201/172 235/224/194 237/226/196
f 232/221/191 238/227/197 236/225/195
f 238/227/197 232/221/191 239/228/198
f 236/225/195 240/229/199 237/226/196
f 212/201/172 237/226/196 240/229/199
f 240/229/199 236/225/195 238/227/197
f 241/230/200 238/227/197 239/228/198
f 212/201/172 240/229/199 242/231/201
f 211/200/171 212/201/172 242/231/201
f 211/200/171 242/231/201 243/232/202
f 240/229/199 243/232/202 242/231/201
f 211/200/171 243/232/202 231/220/190
f 238/227/197 244/233/203 240/229/199
f 243/232/202 240/229/199 244/233/203
f 241/230/200 245/234/204 238/227/197
f 244/233/203 238/227/197 245/234/204
f 246/235/205 245/234/204 241/230/200
f 245/234/204 246/235/205 247/236/206
f 247/236/206 244/233/203 245/234/204
f 248/237/207 247/236/206 246/235/205
f 244/233/203 249/238/208 243/232/202
f 243/232/202 249/238/208 231/220/190
f 244/233/203 247/236/206 250/239/209
f 249/238/208 244/233/203 250/239/209
f 247/236/206 248/237/207 251/240/210
f 251/240/210 250/239/209 247/236/206
f 231/220/190 249/238/208 252/241/211
f 248/237/207 253/242/212 251/240/210
f 231/220/190 252/241/211 229/218/188
f 253/242/212 248/237/207 254/243/213
f 250/239/209 251/240/210 255/244/214
f 250/239/209 256/245/215 249/238/208
f 256/245/215 250/239/209 255/244/214
f 249/238/208 256/245/215 252/241/211
f 251/240/210 257/246/216 255/244/214
f 257/246/216 251/240/210 253/242/212
f 255/244/214 257/246/216 256/245/215
f 252/241/211 256/245/215 258/247/217
f 254/243/213 259/248/218 253/242/212
f 259/248/218 254/243/213 260/249/219
f 253/242/212 261/250/220 257/246/216
f 261/250/220 253/242/212 259/248/218
f 256/245/215 257/246/216 262/251/221
f 262/251/221 257/246/216 261/250/220
f 256/245/215 263/252/222 258/247/217
f 263/252/222 256/245/215 262/251/221
f 260/249/219 264/253/223 259/248/218
f 264/253/223 260/249/219 265/254/224
f 265/254/224 266/255/225 264/253/223
f 266/255/225 265/254/224 267/256/226
f 268/257/227 264/253/223 266/255/225
f 269/258/228 259/248/218 264/253/223
f 264/253/223 268/257/227 269/258/228
f 259/248/218 269/258/228 261/250/220
f 269/258/228 268/257/227 270/259/229
f 270/259/229 268/257/227 271/260/230
f 272/261/231 270/259/229 271/260/230
f 273/262/232 261/250/220 269/258/228
f 273/262/232 269/258/228 270/259/229
f 262/251/221 261/250/220 273/262/232
f 270/259/229 272/261/231 274/263/233
f 274/263/233 273/262/232 270/259/229
f 275/264/234 274/263/233 272/261/231
f 276/265/235 262/251/221 273/262/232
f 273/262/232 274/263/233 276/265/235
f 262/251/221 276/265/235 263/252/222
f 274/263/233 275/264/234 277/266/236
f 277/266/236 276/265/235 274/263/233
f 278/267/237 277/266/236 275/264/234
f 279/268/238 278/267/237 275/264/234
f 278/267/237 280/269/239 277/266/236
f 276/265/235 277/266/236 281/270/240
f 280/269/239 281/270/240 277/266/236
f 281/270/240 263/252/222 276/265/235
f 281/270/240 280/269/239 282/271/241
f 282/271/241 283/272/242 281/270/240
f 263/252/222 281/270/240 283/272/242
f 282/271/241 284/273/243 283/272/242
f 283/272/242 285/274/244 263/252/222
f 284/273/243 285/274/244 283/272/242
f 285/274/244 258/247/217 263/252/222
f 285/274/244 252/241/211 258/247/217
f 284/273/243 286/275/245 285/274/244
f 252/241/211 285/274/244 286/275/245
f 286/275/245 284/273/243 230/219/189
f 229/218/188 252/241/211 286/275/245
f 230/219/189 229/218/188 286/275/245
f 287/180/246 201/181/246 8/4/246
f 201/181/246 6/2/246 8/4/246
f 7/3/247 288/190/247 5/1/247
f 202/191/247 288/190/247 7/3/247
f 167/163/248 289/276/248 168/164/248
f 290/277/249 291/278/250 292/279/251
f 291/278/250 290/277/249 293/280/252
f 293/280/252 290/277/249 294/281/253
f 294/281/253 290/277/249 295/282/253
f 296/283/254 297/284/254 295/282/253
f 296/283/254 295/282/253 298/285/255
f 290/277/249 298/285/255 295/282/253
f 299/286/256 292/279/251 300/287/256
f 292/279/251 299/286/256 301/288/257
f 301/288/257 290/277/249 292/279/251
f 302/289/258 290/277/249 301/288/257
f 298/285/255 290/277/249 302/289/258
f 303/290/259 302/289/258 301/288/257
f 304/291/260 298/285/255 302/289/258
f 302/289/258 305/292/261 304/291/260
f 305/292/261 302/289/258 303/290/259
f 304/291/260 305/292/261 306/293/262
f 305/292/261 303/290/259 307/294/263
f 303/290/259 308/295/264 307/294/263
f 305/292/261 309/296/265 306/293/262
f 310/297/266 307/294/263 308/295/264
f 310/297/266 308/295/264 311/298/267
f 307/294/263 310/297/266 312/299/268
f 312/299/268 313/300/269 307/294/263
f 314/301/270 312/299/268 310/297/266
f 313/300/269 312/299/268 315/302/271
f 316/303/272 314/301/270 310/297/266
f 311/298/267 316/303/272 310/297/266
f 309/296/273 305/292/273 317/304/273
f 305/292/273 307/294/273 317/304/273
f 307/294/273 313/300/273 317/304/273
f 313/300/273 318/305/273 317/304/273
f 318/305/273 319/306/273 317/304/273
f 319/306/273 309/296/273 317/304/273
f 320/307/274 321/308/274 115/111/274
f 321/308/274 116/112/274 115/111/274
f 322/309/275 206/195/275 205/194/275
f 3/3/276 185/181/276 323/191/276
f 185/181/276 3/3/276 2/2/276
f 147/143/277 324/310/277 148/144/277
f 324/310/277 147/143/277 325/311/277
f 326/312/278 327/313/278 166/162/278
f 166/162/278 327/313/278 167/163/278
f 288/190/279 8/4/279 5/1/279
f 8/4/279 288/190/279 287/180/279
f 186/182/280 328/314/280 329/315/280
f 328/314/280 186/182/280 188/184/280
f 321/308/281 169/165/281 116/112/281
f 169/165/281 321/308/281 330/316/281
f 105/101/282 331/317/282 103/99/282
f 103/99/282 331/317/282 332/318/282
f 333/319/283 103/99/283 334/320/283
f 103/99/283 333/319/283 104/100/283
f 335/321/284 314/301/270 316/303/272
f 335/321/284 336/322/285 314/301/270
f 336/322/285 335/321/284 337/323/285
f 316/303/272 338/324/286 335/321/284
f 338/324/286 316/303/272 339/325/287
f 339/325/287 316/303/272 340/326/288
f 340/326/288 316/303/272 341/327/289
f 316/303/272 311/298/267 341/327/289
f 311/298/267 342/328/290 341/327/289
f 343/329/290 341/327/289 342/328/290
f 344/330/291 313/300/269 315/302/271
f 315/302/271 345/331/292 344/330/291
f 313/300/269 344/330/291 346/332/293
f 347/333/294 313/300/269 346/332/293
f 346/332/293 344/330/291 348/334/295
f 313/300/269 347/333/294 318/305/296
f 345/331/292 349/335/297 344/330/291
f 344/330/291 349/335/297 348/334/295
f 349/335/297 345/331/292 350/336/297
f 351/337/297 350/336/297 345/331/292
f 351/337/297 352/338/297 350/336/297
f 353/339/297 349/335/297 350/336/297
f 354/340/297 349/335/297 353/339/297
f 355/341/297 349/335/297 354/340/297
f 349/335/297 355/341/297 356/342/297
f 348/334/295 349/335/297 356/342/297
f 356/342/297 357/343/297 348/334/295
f 357/343/297 356/342/297 358/344/297
f 359/345/298 318/305/296 347/333/294
f 359/345/298 347/333/294 360/346/299
f 318/305/296 359/345/298 361/347/300
f 361/347/300 319/306/301 318/305/296
f 362/348/302 361/347/300 359/345/298
f 319/306/301 361/347/300 363/349/303
f 364/350/304 362/348/302 359/345/298
f 360/346/299 364/350/304 359/345/298
f 365/351/305 362/348/302 364/350/304
f 365/351/305 366/352/306 362/348/302
f 366/352/306 365/351/305 367/353/306
f 364/350/304 368/354/307 365/351/305
f 368/354/307 364/350/304 369/355/308
f 369/355/308 364/350/304 370/356/309
f 370/356/309 364/350/304 371/357/310
f 364/350/304 360/346/299 371/357/310
f 360/346/299 372/358/311 371/357/310
f 373/359/311 371/357/310 372/358/311
f 374/360/312 319/306/301 363/349/303
f 363/349/303 375/361/313 374/360/312
f 319/306/301 374/360/312 376/362/314
f 319/306/301 376/362/314 309/296/265
f 376/362/314 374/360/312 377/363/315
f 376/362/314 378/364/316 309/296/265
f 375/361/313 379/365/317 374/360/312
f 374/360/312 379/365/317 377/363/315
f 380/366/318 309/296/265 378/364/316
f 309/296/265 380/366/318 306/293/262
f 380/366/318 378/364/316 381/367/319
f 382/368/320 306/293/262 380/366/318
f 377/363/315 379/365/317 383/369/321
f 383/369/321 384/370/322 377/363/315
f 384/370/322 383/369/321 385/371/322
f 379/365/317 386/372/321 383/369/321
f 386/372/321 379/365/317 387/373/323
f 387/373/323 379/365/317 388/374/324
f 388/374/324 379/365/317 389/375/325
f 379/365/317 375/361/313 389/375/325
f 390/376/326 389/375/325 375/361/313
f 390/376/326 391/377/326 389/375/325
f 392/378/327 382/368/320 380/366/318
f 381/367/319 392/378/327 380/366/318
f 393/379/327 382/368/320 392/378/327
f 393/379/327 394/380/327 382/368/320
f 394/380/327 393/379/327 395/381/327
f 392/378/327 396/382/327 393/379/327
f 396/382/327 392/378/327 397/383/327
f 397/383/327 392/378/327 398/384/327
f 398/384/327 392/378/327 399/385/327
f 392/378/327 381/367/319 399/385/327
f 381/367/319 400/386/327 399/385/327
f 401/387/327 399/385/327 400/386/327
f 1/1/328 3/3/328 198/190/328
f 323/191/328 198/190/328 3/3/328
f 108/104/329 107/103/329 402/388/329
f 402/388/330 107/103/330 109/105/330
f 149/145/331 325/311/331 147/143/331
f 325/311/331 149/145/331 403/389/331
f 105/101/332 117/113/332 404/390/332
f 404/390/332 331/317/332 105/101/332
f 405/391/333 321/308/333 320/307/333
f 207/196/334 406/392/334 205/194/334
f 406/392/334 207/196/334 407/393/334
f 199/190/335 196/4/335 195/1/335
f 196/4/335 199/190/335 408/180/335
f 114/110/336 409/394/336 115/111/336
f 409/394/336 114/110/336 410/395/336
f 203/192/337 192/188/337 411/396/337
f 192/188/337 203/192/337 190/186/337
f 117/113/338 333/319/338 412/397/338
f 333/319/338 117/113/338 104/100/338
f 410/395/339 114/110/339 169/165/339
f 169/165/339 413/398/339 410/395/339
f 188/184/340 187/183/340 414/399/340
f 414/399/340 328/314/340 188/184/340
f 415/400/341 148/144/341 324/310/341
f 148/144/341 415/400/341 146/142/341
f 205/194/342 406/392/342 322/309/342
f 416/401/342 322/309/342 406/392/342
f 189/185/343 186/182/343 329/315/343
f 329/315/343 417/402/343 189/185/343
f 418/403/344 108/104/344 419/404/344
f 108/104/344 418/403/344 106/102/344
f 327/313/345 289/276/345 167/163/345
f 289/276/345 327/313/345 420/405/345
f 421/406/346 354/340/346 353/339/346
f 354/340/346 421/406/346 422/407/346
f 405/391/347 330/316/347 321/308/347
f 339/325/348 423/324/348 338/324/348
f 423/324/348 339/325/348 424/408/348
f 293/280/349 425/409/349 291/278/349
f 425/409/349 293/280/349 426/410/349
f 354/340/350 427/411/350 355/341/350
f 427/411/350 354/340/350 422/407/350
f 339/325/351 340/326/351 428/412/351
f 339/325/351 428/412/351 424/408/351
f 369/355/352 370/356/352 429/413/352
f 429/413/352 430/414/352 369/355/352
f 397/383/353 431/415/353 396/382/353
f 431/415/353 397/383/353 432/416/353
f 109/105/354 418/403/354 433/417/354
f 418/403/354 109/105/354 106/102/354
f 293/280/355 294/281/355 434/418/355
f 434/418/355 426/410/355 293/280/355
f 45/41/356 435/419/356 46/42/356
f 436/420/357 397/383/357 398/384/357
f 397/383/357 436/420/357 432/416/357
f 387/373/358 388/374/358 437/421/358
f 387/373/358 437/421/358 438/422/358
f 369/355/359 439/423/359 368/354/359
f 439/423/359 369/355/359 430/414/359
f 387/373/360 440/424/360 386/372/360
f 440/424/360 387/373/360 438/422/360
f 441/425/361 333/319/361 334/320/361
f 49/45/362 48/44/362 442/426/362
f 415/400/363 403/389/363 149/145/363
f 415/400/363 149/145/363 146/142/363
f 343/329/364 443/427/364 341/327/364
f 443/427/364 343/329/364 444/428/364
f 445/429/365 193/189/365 204/193/365
f 193/189/365 445/429/365 191/187/365
f 441/425/366 412/397/366 333/319/366
f 358/344/367 356/342/367 446/430/367
f 358/344/367 446/430/367 447/431/367
f 337/323/368 335/321/368 448/432/368
f 448/432/368 449/433/368 337/323/368
f 297/284/369 450/434/369 295/282/369
f 450/434/369 297/284/369 451/435/369
f 352/338/370 452/436/370 350/336/370
f 452/436/370 352/338/370 453/437/370
f 367/353/371 365/351/371 454/438/371
f 454/438/371 455/439/371 367/353/371
f 300/287/372 292/279/372 456/440/372
f 456/440/372 457/441/372 300/287/372
f 401/387/373 458/442/373 399/385/373
f 458/442/373 401/387/373 459/443/373
f 391/377/374 460/444/374 389/375/374
f 460/444/374 391/377/374 461/445/374
f 200/191/375 462/446/375 199/190/375
f 462/446/375 200/191/375 463/447/375
f 373/359/376 464/448/376 371/357/376
f 464/448/376 373/359/376 465/449/376
f 395/381/377 393/379/377 466/450/377
f 395/381/377 466/450/377 467/451/377
f 385/371/378 383/369/378 468/452/378
f 468/452/378 469/453/378 385/371/378
f 470/454/379 471/455/380 81/77/381
f 81/77/381 471/455/380 79/75/382
f 472/181/383 197/3/383 194/2/383
f 197/3/383 472/181/383 200/191/383
f 189/185/384 414/399/384 187/183/384
f 414/399/384 189/185/384 417/402/384
f 204/193/385 203/192/385 473/456/385
f 204/193/385 473/456/385 474/457/385
f 475/458/386 67/63/387 476/459/388
f 476/459/388 67/63/387 66/62/389
f 475/458/386 70/66/390 67/63/387
f 477/460/391 70/66/390 475/458/386
f 111/107/392 435/419/392 45/41/392
f 435/419/392 111/107/392 478/461/392
f 479/462/393 48/44/393 47/43/393
f 480/463/394 481/464/395 93/89/396
f 93/89/396 481/464/395 86/82/397
f 102/98/398 480/463/394 93/89/396
f 482/465/399 480/463/394 102/98/398
f 442/426/400 113/109/400 49/45/400
f 113/109/400 442/426/400 483/466/400
f 192/188/401 445/429/401 411/396/401
f 445/429/401 192/188/401 191/187/401
f 222/211/181 233/222/192 227/216/186
f 233/222/192 239/228/198 232/221/191
f 239/228/198 233/222/192 484/467/402
f 484/467/402 241/230/200 239/228/198
f 233/222/192 222/211/181 485/468/403
f 485/468/403 484/467/402 233/222/192
f 485/468/403 222/211/181 486/469/404
f 486/469/404 222/211/181 221/210/180
f 484/467/402 485/468/403 487/470/405
f 486/469/404 487/470/405 485/468/403
f 241/230/200 484/467/402 488/471/406
f 488/471/406 246/235/205 241/230/200
f 220/209/179 486/469/404 221/210/180
f 484/467/402 489/472/407 488/471/406
f 484/467/402 487/470/405 489/472/407
f 246/235/205 488/471/406 490/473/408
f 489/472/407 490/473/408 488/471/406
f 490/473/408 248/237/207 246/235/205
f 487/470/405 486/469/404 491/474/409
f 492/475/410 489/472/407 487/470/405
f 492/475/410 487/470/405 491/474/409
f 493/476/411 491/474/409 486/469/404
f 493/476/411 492/475/410 491/474/409
f 493/476/411 486/469/404 494/477/412
f 486/469/404 220/209/179 494/477/412
f 220/209/179 219/208/178 494/477/412
f 219/208/178 220/209/179 218/207/177
f 224/213/183 494/477/412 219/208/178
f 494/477/412 224/213/183 493/476/411
f 492/475/410 493/476/411 495/478/413
f 224/213/183 495/478/413 493/476/411
f 495/478/413 496/479/414 492/475/410
f 496/479/414 489/472/407 492/475/410
f 495/478/413 224/213/183 497/480/415
f 496/479/414 495/478/413 498/481/416
f 497/480/415 498/481/416 495/478/413
f 226/215/185 497/480/415 224/213/183
f 224/213/183 223/212/182 226/215/185
f 497/480/415 226/215/185 230/219/189
f 499/482/417 497/480/415 230/219/189
f 498/481/416 497/480/415 499/482/417
f 499/482/417 230/219/189 284/273/243
f 498/481/416 499/482/417 500/483/418
f 500/483/418 499/482/417 284/273/243
f 501/484/419 498/481/416 500/483/418
f 284/273/243 502/485/420 500/483/418
f 502/485/420 284/273/243 282/271/241
f 500/483/418 503/486/421 501/484/419
f 503/486/421 500/483/418 502/485/420
f 504/487/422 498/481/416 501/484/419
f 503/486/421 504/487/422 501/484/419
f 498/481/416 504/487/422 496/479/414
f 282/271/241 505/488/423 502/485/420
f 503/486/421 502/485/420 505/488/423
f 505/488/423 282/271/241 280/269/239
f 280/269/239 506/489/424 505/488/423
f 506/489/424 280/269/239 278/267/237
f 505/488/423 507/490/425 503/486/421
f 507/490/425 505/488/423 506/489/424
f 278/267/237 508/491/426 506/489/424
f 508/491/426 278/267/237 279/268/238
f 509/492/427 506/489/424 508/491/426
f 506/489/424 510/493/428 507/490/425
f 506/489/424 509/492/427 510/493/428
f 507/490/425 511/494/429 503/486/421
f 503/486/421 511/494/429 504/487/422
f 510/493/428 512/495/430 507/490/425
f 507/490/425 512/495/430 511/494/429
f 513/496/431 510/493/428 509/492/427
f 510/493/428 513/496/431 512/495/430
f 509/492/427 514/497/432 513/496/431
f 515/498/433 513/496/431 514/497/432
f 516/499/434 512/495/430 513/496/431
f 513/496/431 515/498/433 516/499/434
f 517/500/435 511/494/429 512/495/430
f 512/495/430 516/499/434 517/500/435
f 511/494/429 517/500/435 518/501/436
f 518/501/436 504/487/422 511/494/429
f 504/487/422 518/501/436 519/502/437
f 515/498/433 520/503/438 516/499/434
f 520/503/438 515/498/433 521/504/439
f 521/504/439 265/254/224 520/503/438
f 265/254/224 521/504/439 267/256/226
f 260/249/219 520/503/438 265/254/224
f 522/505/440 516/499/434 520/503/438
f 520/503/438 260/249/219 522/505/440
f 516/499/434 522/505/440 517/500/435
f 254/243/213 522/505/440 260/249/219
f 523/506/441 517/500/435 522/505/440
f 522/505/440 254/243/213 523/506/441
f 517/500/435 523/506/441 518/501/436
f 248/237/207 523/506/441 254/243/213
f 524/507/442 518/501/436 523/506/441
f 523/506/441 248/237/207 524/507/442
f 518/501/436 524/507/442 519/502/437
f 248/237/207 490/473/408 524/507/442
f 524/507/442 525/508/443 519/502/437
f 525/508/443 524/507/442 490/473/408
f 504/487/422 519/502/437 525/508/443
f 490/473/408 489/472/407 525/508/443
f 504/487/422 525/508/443 496/479/414
f 496/479/414 525/508/443 489/472/407
f 526/509/444 78/74/445 471/455/446
f 471/455/446 78/74/445 79/75/447
f 526/509/444 527/510/448 78/74/445
f 78/74/445 527/510/448 76/72/448
f 528/511/449 98/94/450 529/512/451
f 529/512/451 98/94/450 99/95/452
f 161/157/453 529/512/451 99/95/452
f 530/513/454 529/512/451 161/157/453
f 163/159/455 530/513/454 161/157/453
f 531/514/456 530/513/454 163/159/455
f 165/161/457 531/514/456 163/159/455
f 532/515/458 531/514/456 165/161/457
f 373/359/459 372/358/459 533/516/459
f 373/359/459 533/516/459 465/449/459
f 534/517/460 328/314/460 535/518/460
f 328/314/460 534/517/460 329/315/460
f 536/519/461 44/40/461 46/42/461
f 337/323/462 537/520/462 336/322/462
f 537/520/462 337/323/462 449/433/462
f 300/287/463 538/521/463 299/286/463
f 538/521/463 300/287/463 457/441/463
f 539/522/464 419/404/464 108/104/464
f 539/522/464 108/104/464 402/388/464
f 540/523/465 80/76/466 541/524/467
f 540/523/465 82/78/468 80/76/466
f 542/525/469 82/78/468 540/523/465
f 541/524/467 80/76/466 83/79/470
f 86/82/471 541/524/467 83/79/470
f 481/464/472 541/524/467 86/82/471
f 352/338/473 351/337/473 543/526/473
f 543/526/473 453/437/473 352/338/473
f 385/371/474 544/527/474 384/370/474
f 544/527/474 385/371/474 469/453/474
f 395/381/475 545/528/475 394/380/475
f 545/528/475 395/381/475 467/451/475
f 542/525/476 470/454/476 82/78/476
f 82/78/476 470/454/476 81/77/476
f 297/284/477 296/283/477 546/529/477
f 297/284/477 546/529/477 451/435/477
f 391/377/478 390/376/478 547/530/478
f 547/530/478 461/445/478 391/377/478
f 548/531/479 75/71/480 527/510/481
f 527/510/481 75/71/480 76/72/482
f 548/531/479 74/70/483 75/71/480
f 549/532/484 74/70/483 548/531/479
f 343/329/485 342/328/485 550/533/485
f 550/533/485 444/428/485 343/329/485
f 358/344/486 551/534/486 357/343/486
f 551/534/486 358/344/486 447/431/486
f 401/387/487 400/386/487 552/535/487
f 552/535/487 459/443/487 401/387/487
f 312/299/488 553/536/488 315/302/488
f 553/536/488 312/299/488 554/537/488
f 367/353/489 555/538/489 366/352/489
f 555/538/489 367/353/489 455/439/489
f 303/290/490 556/539/490 308/295/490
f 556/539/490 303/290/490 557/540/490
f 194/2/491 196/4/491 472/181/491
f 408/180/491 472/181/491 196/4/491
f 109/105/492 539/522/492 402/388/492
f 539/522/492 109/105/492 433/417/492
f 347/333/493 346/332/493 558/541/493
f 347/333/493 558/541/493 559/542/493
f 304/291/494 306/293/494 560/543/494
f 304/291/494 560/543/494 561/544/494
f 363/349/495 361/347/495 562/545/495
f 363/349/495 562/545/495 563/546/495
f 324/310/496 564/547/496 565/548/496
f 564/547/496 324/310/496 325/311/496
f 376/362/497 566/549/497 378/364/497
f 566/549/497 376/362/497 567/550/497
f 115/111/498 409/394/498 320/307/498
f 568/551/498 320/307/498 409/394/498
f 569/552/499 166/162/499 168/164/499
f 570/553/500 103/99/500 332/318/500
f 103/99/500 570/553/500 334/320/500
f 185/181/501 184/180/501 571/554/501
f 572/555/501 571/554/501 184/180/501
f 169/165/502 573/556/502 413/398/502
f 573/556/502 169/165/502 330/316/502
f 462/446/503 574/555/503 199/190/503
f 574/555/503 408/180/503 199/190/503
f 575/447/504 201/181/504 576/554/504
f 201/181/504 575/447/504 202/191/504
f 184/180/505 577/446/505 572/555/505
f 577/446/505 184/180/505 198/190/505
f 564/547/506 403/389/506 578/557/506
f 403/389/506 564/547/506 325/311/506
f 360/346/507 347/333/507 559/542/507
f 360/346/507 559/542/507 579/558/507
f 301/288/508 557/540/508 303/290/508
f 557/540/508 301/288/508 580/559/508
f 370/356/488 371/357/488 464/448/488
f 370/356/488 464/448/488 429/413/488
f 581/560/509 207/196/509 206/195/509
f 345/331/510 315/302/510 553/536/510
f 345/331/510 553/536/510 582/561/510
f 382/368/490 560/543/490 306/293/490
f 560/543/490 382/368/490 583/562/490
f 584/563/511 585/564/512 182/178/513
f 182/178/513 585/564/512 179/175/514
f 585/564/512 181/177/515 179/175/514
f 586/565/516 181/177/515 585/564/512
f 314/301/517 554/537/517 312/299/517
f 554/537/517 314/301/517 587/566/517
f 291/278/518 456/440/518 292/279/518
f 456/440/518 291/278/518 425/409/518
f 375/361/519 363/349/519 563/546/519
f 375/361/519 563/546/519 588/567/519
f 338/324/493 448/432/493 335/321/493
f 448/432/493 338/324/493 423/324/493
f 311/298/520 308/295/520 556/539/520
f 311/298/520 556/539/520 589/568/520
f 377/363/521 567/550/521 376/362/521
f 567/550/521 377/363/521 590/569/521
f 203/192/522 591/570/522 473/456/522
f 591/570/522 203/192/522 411/396/522
f 353/339/523 350/336/523 452/436/523
f 353/339/523 452/436/523 421/406/523
f 396/382/524 466/450/524 393/379/524
f 466/450/524 396/382/524 431/415/524
f 388/374/525 389/375/525 460/444/525
f 388/374/525 460/444/525 437/421/525
f 386/372/526 468/452/526 383/369/526
f 468/452/526 386/372/526 440/424/526
f 340/326/494 341/327/494 443/427/494
f 340/326/494 443/427/494 428/412/494
f 348/334/527 558/541/527 346/332/527
f 558/541/527 348/334/527 592/571/527
f 298/285/528 304/291/528 561/544/528
f 298/285/528 561/544/528 593/572/528
f 362/348/529 562/545/529 361/347/529
f 562/545/529 362/348/529 594/573/529
f 381/367/495 378/364/495 566/549/495
f 381/367/495 566/549/495 595/574/495
f 294/281/497 295/282/497 450/434/497
f 294/281/497 450/434/497 434/418/497
f 368/354/497 454/438/497 365/351/497
f 454/438/497 368/354/497 439/423/497
f 355/341/530 446/430/530 356/342/530
f 446/430/530 355/341/530 427/411/530
f 398/384/531 399/385/531 458/442/531
f 398/384/531 458/442/531 436/420/531
f 596/575/532 476/459/533 71/67/534
f 71/67/534 476/459/533 66/62/535
f 74/70/536 596/575/532 71/67/534
f 549/532/536 596/575/532 74/70/536
f 328/314/537 597/576/537 535/518/537
f 597/576/537 328/314/537 414/399/537
f 581/560/538 206/195/538 322/309/538
f 288/190/539 202/191/539 598/446/539
f 575/447/539 598/446/539 202/191/539
f 329/315/540 599/577/540 417/402/540
f 599/577/540 329/315/540 534/517/540
f 405/391/541 568/551/541 600/578/541
f 568/551/541 405/391/541 320/307/541
f 404/390/542 412/397/542 601/579/542
f 412/397/542 404/390/542 117/113/542
f 602/580/543 603/581/544 154/150/545
f 154/150/545 603/581/544 157/153/546
f 152/148/547 602/580/543 154/150/545
f 604/582/548 602/580/543 152/148/547
f 153/149/549 604/582/548 152/148/547
f 605/583/550 604/582/548 153/149/549
f 47/43/551 606/584/551 479/462/551
f 606/584/551 47/43/551 112/108/551
f 607/555/552 201/181/552 287/180/552
f 201/181/552 607/555/552 576/554/552
f 569/552/553 168/164/553 289/276/553
f 415/400/554 565/548/554 608/585/554
f 565/548/554 415/400/554 324/310/554
f 609/447/555 185/181/555 571/554/555
f 185/181/555 609/447/555 323/191/555
f 44/40/556 610/586/556 110/106/556
f 610/586/556 44/40/556 536/519/556
f 405/391/557 600/578/557 330/316/557
f 573/556/557 330/316/557 600/578/557
f 611/587/558 176/172/559 612/588/560
f 612/588/560 176/172/559 178/174/560
f 611/587/558 177/173/561 176/172/559
f 613/589/562 177/173/561 611/587/558
f 614/590/563 100/96/564 528/511/565
f 528/511/565 100/96/564 98/94/566
f 614/590/563 102/98/567 100/96/564
f 482/465/567 102/98/567 614/590/563
f 334/320/568 570/553/568 615/591/568
f 334/320/568 615/591/568 441/425/568
f 287/180/569 598/446/569 607/555/569
f 598/446/569 287/180/569 288/190/569
f 616/592/570 204/193/570 474/457/570
f 204/193/570 616/592/570 445/429/570
f 198/190/571 609/447/571 577/446/571
f 609/447/571 198/190/571 323/191/571
f 617/593/572 166/162/572 569/552/572
f 166/162/572 617/593/572 326/312/572
f 618/594/573 619/595/573 142/138/573
f 142/138/573 619/595/573 141/137/573
f 200/191/574 620/554/574 463/447/574
f 620/554/574 200/191/574 472/181/574
f 621/596/575 151/147/576 622/597/577
f 622/597/577 151/147/576 150/146/578
f 621/596/575 153/149/579 151/147/576
f 605/583/580 153/149/579 621/596/575
f 623/598/581 622/597/582 174/170/583
f 174/170/583 622/597/582 150/146/584
f 175/171/585 623/598/581 174/170/583
f 624/599/585 623/598/581 175/171/585
f 177/173/586 624/599/585 175/171/585
f 613/589/587 624/599/585 177/173/586
f 625/600/588 612/588/589 180/176/590
f 180/176/590 612/588/589 178/174/591
f 181/177/592 625/600/588 180/176/590
f 586/565/593 625/600/588 181/177/592
f 415/400/594 578/557/594 403/389/594
f 578/557/594 415/400/594 608/585/594
f 601/579/595 441/425/595 615/591/595
f 441/425/595 601/579/595 412/397/595
f 581/560/596 407/393/596 207/196/596
f 407/393/596 581/560/596 626/601/596
f 627/602/597 628/603/598 12/8/597
f 15/11/599 627/602/597 12/8/597
f 629/604/600 627/602/597 15/11/599
f 12/8/597 628/603/598 11/7/601
f 628/603/598 13/9/602 11/7/601
f 630/605/603 13/9/602 628/603/598
f 599/577/604 597/576/604 414/399/604
f 414/399/604 417/402/604 599/577/604
f 631/606/605 584/563/606 183/179/607
f 183/179/607 584/563/606 182/178/608
f 631/606/605 183/179/607 632/607/609
f 632/607/609 183/179/607 69/65/610
f 70/66/611 632/607/609 69/65/610
f 477/460/612 632/607/609 70/66/611
f 633/608/613 159/155/614 603/581/615
f 603/581/615 159/155/614 157/153/616
f 633/608/613 634/609/617 159/155/614
f 159/155/614 634/609/617 162/158/618
f 634/609/617 164/160/619 162/158/618
f 635/610/620 164/160/619 634/609/617
f 635/610/620 165/161/621 164/160/619
f 532/515/622 165/161/621 635/610/620
f 372/358/623 360/346/623 579/558/623
f 372/358/623 579/558/623 533/516/623
f 384/370/624 590/569/624 377/363/624
f 590/569/624 384/370/624 544/527/624
f 390/376/625 375/361/625 588/567/625
f 390/376/625 588/567/625 547/530/625
f 394/380/488 583/562/488 382/368/488
f 583/562/488 394/380/488 545/528/488
f 322/309/626 626/601/626 581/560/626
f 626/601/626 322/309/626 416/401/626
f 299/286/627 580/559/627 301/288/627
f 580/559/627 299/286/627 538/521/627
f 366/352/628 594/573/628 362/348/628
f 594/573/628 366/352/628 555/538/628
f 336/322/629 587/566/629 314/301/629
f 587/566/629 336/322/629 537/520/629
f 400/386/493 381/367/493 595/574/493
f 400/386/493 595/574/493 552/535/493
f 296/283/630 298/285/630 593/572/630
f 296/283/630 593/572/630 546/529/630
f 351/337/494 345/331/494 582/561/494
f 351/337/494 582/561/494 543/526/494
f 342/328/631 311/298/631 589/568/631
f 342/328/631 589/568/631 550/533/631
f 636/611/632 40/36/633 637/612/634
f 637/612/634 40/36/633 33/29/635
f 357/343/497 592/571/497 348/334/497
f 592/571/497 357/343/497 551/534/497
f 638/613/636 639/614/637 24/20/638
f 24/20/638 639/614/637 25/21/639
f 23/19/640 638/613/636 24/20/638
f 640/615/641 638/613/636 23/19/640
f 641/616/642 637/612/643 32/28/644
f 642/617/645 124/120/646 643/618/647
f 643/618/647 124/120/646 125/121/647
f 131/127/648 643/618/647 125/121/647
f 644/619/649 643/618/647 131/127/648
f 641/616/650 32/28/62 639/614/651
f 639/614/651 32/28/62 25/21/652
f 289/276/653 617/593/653 569/552/653
f 617/593/653 289/276/653 420/405/653
f 640/615/654 23/19/655 645/620/656
f 13/9/657 645/620/656 19/15/658
f 591/570/659 445/429/659 616/592/659
f 445/429/659 591/570/659 411/396/659
f 472/181/660 574/555/660 620/554/660
f 574/555/660 472/181/660 408/180/660
f 479/462/661 442/426/661 48/44/661
f 646/621/662 647/622/663 126/122/664
f 126/122/664 647/622/663 127/123/665
f 647/622/663 129/125/666 127/123/665
f 648/623/667 129/125/666 647/622/663
f 649/624/668 120/116/669 650/625/670
f 650/625/670 120/116/669 123/119/671
f 536/519/672 46/42/672 435/419/672
f 645/620/656 23/19/655 19/15/658
f 630/605/673 645/620/656 13/9/657
f 406/392/674 626/601/674 416/401/674
f 649/624/675 651/626/676 120/116/677
f 120/116/677 651/626/676 118/114/678
f 651/626/676 121/117/679 118/114/678
f 652/627/680 121/117/679 651/626/676
f 626/601/674 406/392/674 407/393/674
f 606/584/681 113/109/681 483/466/681
f 644/619/682 131/127/683 636/611/684
f 636/611/684 131/127/683 40/36/685
f 642/617/686 650/625/687 124/120/688
f 124/120/688 650/625/687 123/119/689
f 619/595/690 653/628/691 141/137/692
f 141/137/692 653/628/691 16/12/693
f 653/628/691 14/10/694 16/12/693
f 654/629/695 14/10/694 653/628/691
f 654/629/695 15/11/696 14/10/694
f 629/604/697 15/11/696 654/629/695
f 648/623/698 655/630/699 129/125/700
f 129/125/700 655/630/699 140/136/699
f 655/630/699 142/138/701 140/136/699
f 618/594/702 142/138/701 655/630/699
f 652/627/703 646/621/703 121/117/703
f 121/117/703 646/621/703 126/122/703
f 327/313/704 617/593/704 420/405/704
f 32/28/644 637/612/643 33/29/705
f 442/426/706 479/462/706 606/584/706
f 606/584/706 483/466/706 442/426/706
f 435/419/707 610/586/707 536/519/707
f 610/586/707 435/419/707 478/461/707
f 617/593/704 327/313/704 326/312/704
f 478/461/708 111/107/708 610/586/708
f 110/106/708 610/586/708 111/107/708
f 425/409/709 656/631/710 456/440/711
f 656/631/710 425/409/709 426/410/712
f 434/418/713 656/631/710 426/410/712
f 656/631/710 434/418/713 450/434/713
f 450/434/713 451/435/714 546/529/714
f 593/572/715 450/434/713 546/529/714
f 593/572/715 656/631/710 450/434/713
f 456/440/711 538/521/716 457/441/716
f 538/521/716 456/440/711 580/559/717
f 656/631/710 580/559/717 456/440/711
f 656/631/710 593/572/715 657/632/718
f 580/559/717 656/631/710 657/632/718
f 593/572/715 561/544/719 657/632/718
f 557/540/720 580/559/717 657/632/718
f 658/633/215 657/632/718 561/544/719
f 657/632/718 658/633/215 557/540/720
f 658/633/215 561/544/719 560/543/721
f 557/540/720 658/633/215 556/539/722
f 659/634/723 658/633/215 560/543/721
f 659/634/723 560/543/721 583/562/724
f 658/633/215 659/634/723 566/549/725
f 566/549/725 659/634/723 595/574/726
f 567/550/727 658/633/215 566/549/725
f 660/635/728 659/634/723 583/562/724
f 660/635/728 595/574/726 659/634/723
f 583/562/724 466/450/729 660/635/728
f 545/528/730 466/450/729 583/562/724
f 466/450/729 545/528/730 467/451/730
f 431/415/728 660/635/728 466/450/729
f 660/635/728 431/415/728 432/416/728
f 660/635/728 432/416/728 436/420/728
f 458/442/731 660/635/728 436/420/728
f 595/574/726 660/635/728 458/442/731
f 552/535/732 595/574/726 458/442/731
f 552/535/732 458/442/731 459/443/732
f 661/636/733 658/633/215 567/550/727
f 567/550/727 590/569/734 661/636/733
f 658/633/215 661/636/733 563/546/735
f 588/567/736 563/546/735 661/636/733
f 562/545/737 658/633/215 563/546/735
f 662/637/738 588/567/736 661/636/733
f 590/569/734 662/637/738 661/636/733
f 588/567/736 662/637/738 460/444/739
f 588/567/736 460/444/739 547/530/740
f 460/444/739 461/445/740 547/530/740
f 662/637/738 437/421/741 460/444/739
f 437/421/741 662/637/738 438/422/742
f 662/637/738 440/424/743 438/422/742
f 440/424/743 662/637/738 468/452/743
f 662/637/738 590/569/734 468/452/743
f 544/527/744 468/452/743 590/569/734
f 468/452/743 544/527/744 469/453/744
f 663/638/745 658/633/215 562/545/737
f 663/638/745 562/545/737 594/573/746
f 658/633/215 663/638/745 559/542/747
f 559/542/747 663/638/745 579/558/748
f 558/541/749 658/633/215 559/542/747
f 664/639/750 663/638/745 594/573/746
f 664/639/750 579/558/748 663/638/745
f 594/573/746 454/438/751 664/639/750
f 555/538/752 454/438/751 594/573/746
f 454/438/751 555/538/752 455/439/752
f 439/423/753 664/639/750 454/438/751
f 664/639/750 439/423/753 430/414/754
f 664/639/750 430/414/754 429/413/755
f 429/413/755 464/448/756 664/639/750
f 579/558/748 664/639/750 464/448/756
f 533/516/757 579/558/748 464/448/756
f 533/516/757 464/448/756 465/449/757
f 665/640/758 658/633/215 558/541/749
f 558/541/749 592/571/759 665/640/758
f 658/633/215 665/640/758 553/536/760
f 554/537/761 658/633/215 553/536/760
f 582/561/762 553/536/760 665/640/758
f 666/641/763 658/633/215 554/537/761
f 658/633/215 666/641/763 556/539/722
f 666/641/763 554/537/761 587/566/764
f 556/539/722 666/641/763 589/568/765
f 667/642/766 582/561/762 665/640/758
f 592/571/759 667/642/766 665/640/758
f 582/561/762 667/642/766 452/436/767
f 582/561/762 452/436/767 543/526/767
f 452/436/767 453/437/767 543/526/767
f 667/642/766 421/406/766 452/436/767
f 421/406/766 667/642/766 422/407/766
f 667/642/766 427/411/766 422/407/766
f 427/411/766 667/642/766 446/430/768
f 667/642/766 592/571/759 446/430/768
f 551/534/768 446/430/768 592/571/759
f 446/430/768 551/534/768 447/431/768
f 668/643/769 589/568/765 666/641/763
f 668/643/769 666/641/763 587/566/764
f 589/568/765 668/643/769 443/427/770
f 550/533/771 589/568/765 443/427/770
f 550/533/771 443/427/770 444/428/771
f 428/412/772 443/427/770 668/643/769
f 668/643/769 424/408/773 428/412/772
f 668/643/769 423/324/774 424/408/773
f 423/324/774 668/643/769 448/432/775
f 587/566/764 448/432/775 668/643/769
f 537/520/776 448/432/775 587/566/764
f 448/432/775 537/520/776 449/433/776
f 113/109/681 606/584/681 112/108/681
f 462/446/777 463/447/777 620/554/777
f 620/554/777 574/555/777 462/446/777
f 474/457/778 473/456/778 616/592/778
f 616/592/778 473/456/778 591/570/778
f 534/517/779 597/576/779 599/577/779
f 597/576/779 534/517/779 535/518/779
f 669/644/780 670/645/781 671/646/782
f 671/646/782 670/645/781 672/647/783
f 671/646/782 672/647/783 673/648/784
f 674/649/785 675/650/786 670/645/781
f 670/645/781 675/650/786 676/651/787
f 670/645/781 676/651/787 672/647/783
f 675/650/786 529/512/788 676/651/787
f 673/648/784 672/647/783 677/652/789
f 673/648/784 677/652/789 678/653/790
f 672/647/783 622/597/791 677/652/789
f 678/653/790 677/652/789 679/654/792
f 678/653/790 679/654/792 680/655/793
f 680/655/793 679/654/792 681/656/794
f 677/652/789 682/657/795 679/654/792
f 622/597/791 682/657/795 677/652/789
f 679/654/792 683/658/796 681/656/794
f 679/654/792 682/657/795 683/658/796
f 623/598/797 682/657/795 622/597/791
f 682/657/795 623/598/797 683/658/796
f 624/599/798 683/658/796 623/598/797
f 611/587/799 683/658/796 624/599/798
f 611/587/799 624/599/798 613/589/800
f 683/658/796 611/587/799 612/588/801
f 681/656/794 683/658/796 684/659/802
f 684/659/802 683/658/796 612/588/801
f 585/564/803 684/659/802 612/588/801
f 625/600/804 585/564/803 612/588/801
f 585/564/803 625/600/804 586/565/805
f 585/564/803 584/563/806 684/659/802
f 684/659/802 584/563/806 685/660/807
f 584/563/806 631/606/808 685/660/807
f 631/606/808 686/661/809 685/660/807
f 632/607/810 686/661/809 631/606/808
f 565/548/811 564/547/811 608/585/811
f 564/547/811 578/557/811 608/585/811
f 672/647/783 676/651/787 687/662/812
f 687/662/812 622/597/791 672/647/783
f 687/662/812 602/580/813 622/597/791
f 602/580/813 604/582/814 622/597/791
f 604/582/814 621/596/814 622/597/791
f 621/596/814 604/582/814 605/583/815
f 602/580/813 687/662/812 603/581/816
f 687/662/812 676/651/787 603/581/816
f 676/651/787 633/608/817 603/581/816
f 688/663/818 633/608/817 676/651/787
f 688/663/818 634/609/819 633/608/817
f 688/663/818 676/651/787 530/513/820
f 688/663/818 530/513/820 634/609/819
f 529/512/788 530/513/820 676/651/787
f 634/609/819 530/513/820 635/610/821
f 531/514/821 635/610/821 530/513/820
f 635/610/821 531/514/821 532/515/822
f 650/625/823 689/664/824 649/624/825
f 642/617/826 643/618/827 650/625/823
f 650/625/823 643/618/827 689/664/824
f 689/664/824 690/665/828 649/624/825
f 651/626/829 649/624/825 690/665/828
f 651/626/829 690/665/828 652/627/830
f 643/618/827 691/666/831 689/664/824
f 691/666/831 643/618/827 644/619/832
f 692/667/833 691/666/831 644/619/832
f 636/611/834 692/667/833 644/619/832
f 692/667/833 693/668/835 691/666/831
f 691/666/831 693/668/835 694/669/836
f 691/666/831 694/669/836 689/664/824
f 693/668/835 695/670/837 694/669/836
f 689/664/824 694/669/836 696/671/838
f 689/664/824 696/671/838 690/665/828
f 694/669/836 695/670/837 697/672/839
f 694/669/836 697/672/839 696/671/838
f 695/670/837 698/673/43 697/672/839
f 699/674/840 698/673/43 695/670/837
f 696/671/838 697/672/839 700/675/841
f 697/672/839 698/673/43 700/675/841
f 690/665/828 696/671/838 701/676/842
f 696/671/838 700/675/841 701/676/842
f 690/665/828 701/676/842 702/677/843
f 690/665/828 702/677/843 652/627/830
f 701/676/842 700/675/841 703/678/844
f 700/675/841 698/673/43 703/678/844
f 646/621/830 652/627/830 647/622/845
f 702/677/843 647/622/845 652/627/830
f 647/622/845 702/677/843 648/623/846
f 701/676/842 703/678/844 704/679/847
f 702/677/843 701/676/842 704/679/847
f 702/677/843 705/680/636 648/623/846
f 702/677/843 704/679/847 705/680/636
f 705/680/636 655/630/848 648/623/846
f 655/630/848 705/680/636 619/595/849
f 618/594/849 655/630/848 619/595/849
f 706/681/850 619/595/849 705/680/636
f 653/628/851 619/595/849 706/681/850
f 705/680/636 707/682/852 706/681/850
f 705/680/636 704/679/847 707/682/852
f 706/681/850 707/682/852 708/683/853
f 704/679/847 703/678/844 709/684/854
f 704/679/847 709/684/854 707/682/852
f 703/678/844 698/673/43 709/684/854
f 707/682/852 710/685/855 708/683/853
f 707/682/852 709/684/854 710/685/855
f 709/684/854 698/673/43 710/685/855
f 708/683/853 710/685/855 711/686/856
f 710/685/855 698/673/43 711/686/856
f 711/686/856 698/673/43 712/687/857
f 713/688/858 714/689/859 715/690/860
f 715/690/860 716/691/22 713/688/858
f 713/688/858 717/692/861 714/689/859
f 715/690/860 714/689/859 718/693/862
f 719/694/863 717/692/861 713/688/858
f 713/688/858 716/691/22 719/694/863
f 719/694/863 681/656/794 717/692/861
f 681/656/794 684/659/802 717/692/861
f 680/655/793 681/656/794 719/694/863
f 719/694/863 716/691/22 680/655/793
f 717/692/861 684/659/802 685/660/807
f 717/692/861 685/660/807 714/689/859
f 680/655/793 716/691/22 678/653/790
f 678/653/790 716/691/22 673/648/784
f 673/648/784 716/691/22 671/646/782
f 671/646/782 716/691/22 669/644/780
f 714/689/859 685/660/807 720/695/864
f 714/689/859 720/695/864 718/693/862
f 685/660/807 476/459/865 720/695/864
f 475/458/866 476/459/865 685/660/807
f 686/661/809 475/458/866 685/660/807
f 686/661/809 632/607/810 475/458/866
f 632/607/810 477/460/867 475/458/866
f 476/459/865 596/575/868 720/695/864
f 718/693/862 720/695/864 721/696/869
f 720/695/864 596/575/868 721/696/869
f 722/697/870 721/696/869 596/575/868
f 549/532/871 722/697/870 596/575/868
f 722/697/870 549/532/871 548/531/872
f 722/697/870 548/531/872 721/696/869
f 721/696/869 548/531/872 527/510/873
f 723/698/874 721/696/869 527/510/873
f 526/509/873 723/698/874 527/510/873
f 471/455/875 723/698/874 526/509/873
f 471/455/875 540/523/876 723/698/874
f 471/455/875 470/454/877 540/523/876
f 470/454/877 542/525/877 540/523/876
f 540/523/876 541/524/878 723/698/874
f 724/699/879 721/696/869 723/698/874
f 718/693/862 721/696/869 724/699/879
f 723/698/874 541/524/878 725/700/880
f 541/524/878 481/464/881 725/700/880
f 724/699/879 723/698/874 726/701/882
f 726/701/882 723/698/874 725/700/880
f 727/702/883 718/693/862 724/699/879
f 715/690/860 718/693/862 727/702/883
f 728/703/884 724/699/879 726/701/882
f 727/702/883 724/699/879 728/703/884
f 727/702/883 716/691/22 715/690/860
f 728/703/884 716/691/22 727/702/883
f 729/704/885 716/691/22 728/703/884
f 728/703/884 726/701/882 729/704/885
f 730/705/886 716/691/22 729/704/885
f 669/644/780 716/691/22 730/705/886
f 729/704/885 726/701/882 731/706/887
f 729/704/885 731/706/887 730/705/886
f 726/701/882 725/700/880 731/706/887
f 730/705/886 674/649/785 669/644/780
f 730/705/886 731/706/887 674/649/785
f 669/644/780 674/649/785 670/645/781
f 731/706/887 725/700/880 732/707/888
f 731/706/887 732/707/888 674/649/785
f 725/700/880 481/464/881 732/707/888
f 481/464/881 480/463/889 732/707/888
f 674/649/785 732/707/888 675/650/786
f 480/463/889 733/708/890 732/707/888
f 482/465/891 733/708/890 480/463/889
f 733/708/890 482/465/891 614/590/892
f 732/707/888 733/708/890 614/590/892
f 528/511/893 732/707/888 614/590/892
f 675/650/786 732/707/888 528/511/893
f 529/512/788 675/650/786 528/511/893
f 418/403/894 539/522/894 433/417/894
f 598/446/895 576/554/895 607/555/895
f 576/554/895 598/446/895 575/447/895
f 539/522/894 418/403/894 419/404/894
f 572/555/896 577/446/896 571/554/896
f 571/554/896 577/446/896 609/447/896
f 706/681/850 734/709/897 653/628/851
f 706/681/850 708/683/853 734/709/897
f 653/628/851 734/709/897 654/629/898
f 654/629/898 627/602/899 629/604/900
f 628/603/901 627/602/899 654/629/898
f 734/709/897 628/603/901 654/629/898
f 630/605/902 628/603/901 734/709/897
f 734/709/897 708/683/853 735/710/903
f 708/683/853 711/686/856 735/710/903
f 736/711/904 630/605/902 734/709/897
f 734/709/897 735/710/903 736/711/904
f 735/710/903 711/686/856 712/687/857
f 645/620/905 630/605/902 736/711/904
f 735/710/903 712/687/857 737/712/906
f 736/711/904 735/710/903 737/712/906
f 645/620/905 736/711/904 638/613/907
f 645/620/905 638/613/907 640/615/908
f 638/613/907 736/711/904 639/614/909
f 737/712/906 712/687/857 738/713/910
f 712/687/857 698/673/43 738/713/910
f 736/711/904 737/712/906 739/714/911
f 739/714/911 639/614/909 736/711/904
f 737/712/906 738/713/910 740/715/912
f 739/714/911 737/712/906 740/715/912
f 741/716/913 639/614/909 739/714/911
f 739/714/911 740/715/912 741/716/913
f 641/616/914 639/614/909 741/716/913
f 641/616/914 741/716/913 637/612/915
f 738/713/910 698/673/43 742/717/916
f 740/715/912 738/713/910 742/717/916
f 742/717/916 698/673/43 743/718/917
f 743/718/917 698/673/43 699/674/840
f 740/715/912 742/717/916 744/719/918
f 744/719/918 742/717/916 743/718/917
f 741/716/913 740/715/912 744/719/918
f 745/720/919 743/718/917 699/674/840
f 744/719/918 743/718/917 745/720/919
f 745/720/919 699/674/840 693/668/835
f 693/668/835 699/674/840 695/670/837
f 692/667/833 745/720/919 693/668/835
f 637/612/915 692/667/833 636/611/834
f 746/721/920 744/719/918 745/720/919
f 746/721/920 745/720/919 692/667/833
f 746/721/920 692/667/833 637/612/915
f 741/716/913 744/719/918 746/721/920
f 637/612/915 741/716/913 746/721/920
