# Roblox asset pack: animal_velicoraptor (creatures), from the Studio model "Velicoraptor". Exported with Export Selection, split by tools/build_creatures.py: one object per rigid body. Units: studs. +Y up, front faces -Z, pivot (bottom centre) at the origin.
mtllib animal_velicoraptor.mtl

v 7.73600 10.96990 0.03000
v 8.26800 12.87990 0.03000
v 7.73600 10.96990 0.11000
v 8.26800 12.87990 0.11000
v 7.73600 10.96990 -0.06000
v 8.26800 12.87990 -0.06000
v 8.15200 9.24990 0.36000
v 9.85800 11.99990 -0.20000
v 9.85800 11.99990 0.20000
v 8.15200 9.24990 -0.36000
v 6.18100 10.17990 0.03000
v 6.59600 11.31990 0.03000
v 6.18100 10.17990 0.11000
v 6.59600 11.31990 0.11000
v 6.18100 10.17990 -0.06000
v 6.59600 11.31990 -0.06000
v 6.09400 6.92990 -0.44000
v 6.09400 6.92990 0.44000
v 9.05800 10.22990 0.03000
v 12.19500 13.59990 0.03000
v 9.05800 10.22990 0.11000
v 12.19500 13.59990 0.11000
v 9.05800 10.22990 -0.06000
v 12.19500 13.59990 -0.06000
v -0.86900 -0.00010 -1.36000
v -0.37300 0.04990 -2.99000
v -0.46300 -0.00010 -1.33000
v -0.77900 -0.00010 -3.32000
v -0.77900 -0.00010 3.32000
v -0.86900 -0.00010 1.36000
v -0.37300 0.04990 2.99000
v -0.46300 -0.00010 1.33000
v 0.74800 0.05990 1.33000
v 0.74700 0.10990 3.00000
v 0.74800 0.05990 -1.33000
v 0.74700 0.10990 -3.00000
v -2.26600 0.15990 3.01000
v -2.54800 0.10990 3.15000
v -2.55100 0.10990 3.09000
v -2.26800 0.15990 3.22000
v -2.54800 0.10990 2.47000
v -2.26600 0.15990 2.32000
v -2.26800 0.15990 2.54000
v -2.55100 0.10990 2.40000
v -2.54800 0.10990 1.78000
v -2.26600 0.15990 1.63000
v -2.26800 0.15990 1.85000
v -2.55100 0.10990 1.71000
v -2.54800 0.10990 -1.78000
v -2.26600 0.15990 -1.63000
v -2.55100 0.10990 -1.71000
v -2.26800 0.15990 -1.85000
v -2.54800 0.10990 -3.15000
v -2.26600 0.15990 -3.01000
v -2.55100 0.10990 -3.09000
v -2.26800 0.15990 -3.22000
v -1.27600 -0.00010 1.47000
v -1.18600 -0.00010 3.32000
v -1.27600 -0.00010 -1.47000
v -1.18600 -0.00010 -3.32000
v -1.14900 0.07990 3.33000
v -2.03000 0.08990 3.30000
v -2.04600 0.08990 2.89000
v -1.17000 0.07990 2.78000
v -1.14900 0.07990 2.64000
v -2.03000 0.08990 2.61000
v -2.04600 0.08990 2.20000
v -1.17000 0.07990 2.09000
v -1.14900 0.07990 1.95000
v -2.03000 0.08990 1.92000
v -2.04600 0.08990 1.51000
v -1.17000 0.07990 1.40000
v -1.14900 0.07990 -1.95000
v -2.04600 0.08990 -1.51000
v -2.03000 0.08990 -1.92000
v -1.17000 0.07990 -1.40000
v -1.14900 0.07990 -3.33000
v -2.04600 0.08990 -2.89000
v -2.03000 0.08990 -3.30000
v -1.17000 0.07990 -2.78000
v -2.00100 0.12990 3.26000
v -2.01400 0.12990 2.92000
v -2.00100 0.12990 2.58000
v -2.01400 0.12990 2.24000
v -2.00100 0.12990 1.89000
v -2.01400 0.12990 1.55000
v -2.00100 0.12990 -1.89000
v -2.01400 0.12990 -1.55000
v -2.00100 0.12990 -3.26000
v -2.01400 0.12990 -2.92000
v -11.88300 14.54990 1.15000
v -12.19500 13.13990 0.47000
v -12.19500 13.13990 1.40000
v -11.88300 14.54990 0.38000
v -11.88300 14.54990 -0.38000
v -12.19500 13.13990 -0.47000
v -11.88300 14.54990 -1.15000
v -12.19500 13.13990 -1.40000
v 1.17200 4.96990 1.01000
v 1.17200 4.96990 -1.01000
v 1.93000 6.12990 1.01000
v 1.93000 6.12990 -1.01000
v 0.78300 1.19990 1.53000
v 1.06300 3.06990 2.36000
v 0.78400 1.20990 2.76000
v 1.18900 3.14990 1.56000
v 0.78300 1.19990 -1.53000
v 1.06300 3.06990 -2.36000
v 1.18900 3.14990 -1.56000
v 0.78400 1.20990 -2.76000
v 0.60200 4.13990 -1.56000
v 0.87000 5.54990 -2.94000
v 1.09400 5.56990 -1.18000
v 0.47700 4.09990 -2.57000
v 0.60200 4.13990 1.56000
v 0.87000 5.54990 2.94000
v 0.47700 4.09990 2.57000
v 1.09400 5.56990 1.18000
v -11.89600 14.60990 0.51000
v -11.89600 14.60990 1.08000
v -11.81600 14.62990 1.08000
v -11.81600 14.62990 0.51000
v -11.89600 14.60990 -1.08000
v -11.89600 14.60990 -0.51000
v -11.81600 14.62990 -0.51000
v -11.81600 14.62990 -1.08000
v -7.65600 15.24990 0.52000
v -7.65600 15.24990 1.55000
v -5.69600 16.32990 1.03000
v -7.65600 15.24990 -1.55000
v -7.65600 15.24990 -0.52000
v -5.69600 16.32990 -1.03000
v 3.57800 5.81990 -0.59000
v 3.57800 5.81990 0.59000
v 1.71300 7.83990 -1.01000
v 1.71300 7.83990 1.01000
v -4.72200 15.67990 0.03000
v -6.03900 15.70990 0.37000
v -4.72200 15.67990 0.37000
v -6.03900 15.70990 0.03000
v -6.03900 15.70990 -0.32000
v -4.72200 15.67990 -0.32000
v -9.20500 14.98990 0.52000
v -9.20500 14.98990 1.55000
v -9.20500 14.98990 -0.52000
v -6.10700 15.50990 0.52000
v -6.10700 15.50990 -0.52000
v -9.20500 14.98990 -1.55000
v -6.10700 15.50990 1.55000
v -4.32900 15.39990 1.05000
v -6.10700 15.50990 -1.55000
v -4.32900 15.39990 -1.05000
v -11.38000 12.50990 0.32000
v -11.37500 12.32990 -0.27000
v -11.37500 12.32990 0.32000
v -11.38000 12.50990 -0.27000
v 0.83100 6.67990 -2.93000
v 1.05100 6.61990 -1.17000
v 0.83100 6.67990 2.93000
v 1.05100 6.61990 1.17000
v -0.66200 4.34990 1.34000
v -0.66200 4.34990 -1.34000
v -11.80000 12.05990 0.99000
v -12.05700 13.22990 1.10000
v -12.05700 13.22990 0.88000
v -11.80000 12.05990 -0.99000
v -12.05700 13.22990 -0.88000
v -12.05700 13.22990 -1.10000
v 5.50700 7.86990 0.03000
v 9.79700 10.01990 0.11000
v 5.50700 7.86990 0.11000
v 9.79700 10.01990 0.03000
v 5.50700 7.86990 -0.06000
v 9.79700 10.01990 -0.06000
v -10.61400 14.32990 1.15000
v -8.82300 14.54990 1.15000
v -10.61400 14.32990 0.38000
v -10.61400 14.32990 -0.38000
v -8.82300 14.54990 -1.15000
v -10.61400 14.32990 -1.15000
v -7.75300 14.49990 -1.45000
v -9.06300 14.36990 -1.59000
v -9.00700 14.39990 -1.45000
v -7.69300 14.47990 -1.59000
v -7.75300 14.49990 1.45000
v -9.00700 14.39990 1.45000
v -9.06300 14.36990 1.59000
v -7.69300 14.47990 1.59000
v -11.93800 14.79990 1.09000
v -11.92500 14.73990 1.04000
v -11.93800 14.79990 0.59000
v -11.92500 14.73990 0.62000
v -11.93800 14.79990 -0.59000
v -11.92500 14.73990 -0.62000
v -11.92500 14.73990 -1.04000
v -11.93800 14.79990 -1.09000
v -10.99200 12.77990 0.99000
v -10.89500 11.93990 0.91000
v -10.89500 11.93990 1.07000
v -11.59600 12.86990 0.79000
v -11.42600 11.66990 0.71000
v -11.50100 11.66990 0.93000
v -10.99200 12.77990 -0.99000
v -10.89500 11.93990 -1.07000
v -10.89500 11.93990 -0.91000
v -11.83700 11.77990 0.88000
v -11.83700 11.77990 -0.88000
v -11.67200 11.33990 0.80000
v -11.67200 11.33990 -0.80000
v -11.50700 10.89990 0.72000
v -11.50700 10.89990 -0.72000
v -11.59600 12.86990 -0.79000
v -11.50100 11.66990 -0.93000
v -11.42600 11.66990 -0.71000
v -11.84400 14.75990 0.62000
v -11.84400 14.75990 1.04000
v -11.84400 14.75990 -0.62000
v -11.84400 14.75990 -1.04000
v -11.24600 12.33990 0.99000
v -11.42800 13.16990 1.07000
v -11.42800 13.16990 0.91000
v -11.24600 12.33990 -0.99000
v -11.42800 13.16990 -0.91000
v -11.42800 13.16990 -1.07000
v -10.51200 12.54990 -0.32000
v -10.51200 12.54990 0.37000
v -10.36700 12.60990 0.40000
v -10.36700 12.60990 -0.35000
v -10.19900 12.68990 0.43000
v -10.19900 12.68990 -0.38000
v -10.02200 12.75990 -0.41000
v -10.02200 12.75990 0.46000
v -9.82900 12.84990 0.49000
v -9.82900 12.84990 -0.44000
v -9.57900 12.95990 -0.48000
v -9.57900 12.95990 0.53000
v 0.75000 5.16990 -0.84000
v 0.75000 5.16990 0.84000
v -7.41000 15.24990 0.37000
v -6.41600 16.88990 0.37000
v -6.41600 16.88990 0.03000
v -7.41000 15.24990 0.03000
v -7.41000 15.24990 -0.32000
v -6.41600 16.88990 -0.32000
v -9.35900 13.02990 -0.53000
v -9.35900 13.02990 0.59000
v -9.13200 13.10990 0.64000
v -9.13200 13.10990 -0.59000
v -8.85700 13.19990 0.71000
v -8.85700 13.19990 -0.66000
v -10.52300 12.94990 1.13000
v -10.42500 12.09990 1.05000
v -10.42500 12.09990 1.21000
v -10.52300 12.94990 -1.13000
v -10.42500 12.09990 -1.21000
v -10.42500 12.09990 -1.05000
v -9.73000 12.51990 1.40000
v -11.51500 11.89990 0.67000
v -9.66300 12.54990 1.12000
v -11.51500 11.89990 -0.67000
v -8.85000 12.83990 1.22000
v -9.73000 12.51990 -1.40000
v -9.66300 12.54990 -1.12000
v -8.85000 12.83990 -1.22000
v -8.52900 12.95990 -1.55000
v -8.52900 12.95990 1.55000
v -7.75300 13.40990 -1.56000
v -7.75300 13.40990 1.56000
v -10.74700 12.32990 0.99000
v -10.92900 13.15990 1.07000
v -10.92900 13.15990 0.91000
v -10.74700 12.32990 -0.99000
v -10.92900 13.15990 -0.91000
v -10.92900 13.15990 -1.07000
v 0.41600 8.14990 -1.59000
v 0.30100 8.17990 -2.50000
v 0.41600 8.14990 1.59000
v 0.30100 8.17990 2.50000
v -5.95800 14.63990 -1.01000
v -7.46300 15.21990 1.01000
v -5.95800 14.63990 1.01000
v -7.46300 15.21990 -1.01000
v -3.75500 14.57990 0.37000
v -3.75500 14.57990 0.03000
v -3.75500 14.57990 -0.32000
v -9.99000 12.99990 1.20000
v -9.89300 12.14990 1.12000
v -9.89300 12.14990 1.28000
v -9.99000 12.99990 -1.20000
v -9.89300 12.14990 -1.28000
v -9.89300 12.14990 -1.12000
v -4.21400 4.45990 1.95000
v -4.38300 4.35990 2.18000
v -4.37000 4.35990 1.94000
v -4.22800 4.45990 2.19000
v -4.38300 4.35990 -2.18000
v -4.21400 4.45990 -1.95000
v -4.37000 4.35990 -1.94000
v -4.22800 4.45990 -2.19000
v -4.25700 4.25990 1.64000
v -4.06500 4.20990 1.60000
v -4.06700 4.20990 1.64000
v -4.25400 4.25990 1.57000
v -4.38300 4.35990 -1.72000
v -4.21400 4.45990 -1.49000
v -4.37000 4.35990 -1.48000
v -4.22800 4.45990 -1.73000
v -4.25700 4.25990 -1.64000
v -4.06500 4.20990 -1.60000
v -4.25400 4.25990 -1.57000
v -4.06700 4.20990 -1.64000
v -4.25700 4.25990 2.10000
v -4.06500 4.20990 2.06000
v -4.06700 4.20990 2.10000
v -4.25400 4.25990 2.03000
v -4.21400 4.45990 1.49000
v -4.38300 4.35990 1.72000
v -4.37000 4.35990 1.48000
v -4.22800 4.45990 1.73000
v -4.06500 4.20990 -2.06000
v -4.25700 4.25990 -2.10000
v -4.06700 4.20990 -2.10000
v -4.25400 4.25990 -2.03000
v -10.22700 12.45990 0.99000
v -10.41000 13.28990 1.07000
v -10.41000 13.28990 0.91000
v -10.22700 12.45990 -0.99000
v -10.41000 13.28990 -0.91000
v -10.41000 13.28990 -1.07000
v -11.52300 14.72990 1.09000
v -11.52300 14.72990 0.59000
v -11.52300 14.72990 -0.59000
v -11.52300 14.72990 -1.09000
v -9.87600 13.47990 1.07000
v -9.51100 13.47990 1.07000
v -9.51100 13.47990 0.91000
v -9.87600 13.47990 0.91000
v -9.51100 13.47990 -0.91000
v -9.87600 13.47990 -1.07000
v -9.87600 13.47990 -0.91000
v -9.51100 13.47990 -1.07000
v -8.69200 12.39990 1.22000
v -9.50500 12.09990 -1.12000
v -9.50500 12.09990 1.12000
v -8.69200 12.39990 -1.22000
v -11.35700 11.44990 0.67000
v -11.35700 11.44990 -0.67000
v -1.93100 4.84990 -2.94000
v -1.06700 3.31990 -2.57000
v -9.20500 14.21990 1.59000
v -9.20500 13.44990 0.55000
v -9.20500 13.44990 1.64000
v -9.20500 14.21990 0.53000
v -9.20500 14.21990 -0.53000
v -9.20500 13.44990 -0.55000
v -9.20500 14.21990 -1.59000
v -9.20500 13.44990 -1.64000
v -0.80500 9.81990 0.20000
v -0.71500 10.52990 0.03000
v -0.71500 10.52990 0.20000
v -0.80500 9.81990 0.03000
v -0.80500 9.81990 -0.15000
v -0.71500 10.52990 -0.15000
v -10.04500 13.28990 1.07000
v -10.04500 13.28990 0.91000
v -10.04500 13.28990 -0.91000
v -10.04500 13.28990 -1.07000
v -11.24900 14.43990 1.15000
v -11.24900 14.43990 0.38000
v -11.24900 14.43990 -0.38000
v -11.24900 14.43990 -1.15000
v -1.93100 4.84990 2.94000
v -1.06700 3.31990 2.57000
v -11.54400 13.22990 1.10000
v -11.54400 13.22990 0.88000
v -11.54400 13.22990 -0.88000
v -11.54400 13.22990 -1.10000
v -0.69300 0.86990 -3.12000
v -0.37200 1.19990 -2.74000
v -11.06300 13.16990 1.07000
v -11.06300 13.16990 0.91000
v -11.06300 13.16990 -0.91000
v -11.06300 13.16990 -1.07000
v -10.56500 13.15990 1.07000
v -10.56500 13.15990 0.91000
v -10.56500 13.15990 -0.91000
v -10.56500 13.15990 -1.07000
v -0.69300 0.86990 3.12000
v -0.37200 1.19990 2.74000
v -4.70300 4.69990 2.28000
v -4.28600 4.96990 1.29000
v -4.28600 4.96990 2.28000
v -4.70300 4.69990 1.29000
v -2.64300 4.72990 1.49000
v -2.64300 4.72990 -1.49000
v -4.70300 4.69990 -2.28000
v -4.28600 4.96990 -1.29000
v -4.70300 4.69990 -1.29000
v -4.28600 4.96990 -2.28000
v -9.42400 12.98990 1.29000
v -9.32600 12.14990 1.21000
v -9.32600 12.14990 1.37000
v -9.42400 12.98990 -1.29000
v -9.32600 12.14990 -1.37000
v -9.32600 12.14990 -1.21000
v -4.17800 4.32990 -2.14000
v -8.83000 13.50990 1.03000
v -8.84100 13.09990 -1.03000
v -8.84100 13.09990 1.03000
v -8.83000 13.50990 -1.03000
v -4.17800 4.32990 2.14000
v -9.69400 12.64990 0.99000
v -9.69400 12.64990 -0.99000
v -0.11600 2.63990 -2.44000
v -7.91800 13.11990 1.01000
v -7.91800 13.11990 -1.01000
v -11.21400 12.51990 0.33000
v -11.21400 12.51990 -0.28000
v -11.04500 12.52990 0.34000
v -11.04500 12.52990 -0.29000
v -10.87300 12.52990 -0.30000
v -10.87300 12.52990 0.35000
v -10.69300 12.53990 0.36000
v -10.69300 12.53990 -0.31000
v -4.25400 4.45990 -2.16000
v -4.37600 4.37990 -2.16000
v -0.11600 2.63990 2.44000
v 0.41700 9.00990 -1.35000
v 0.41700 9.00990 1.35000
v -4.25400 4.45990 2.16000
v -4.37600 4.37990 2.16000
v -4.17800 4.32990 -1.68000
v -3.46200 6.11990 1.55000
v -3.46200 6.11990 2.40000
v -4.97000 5.64990 2.02000
v -4.97000 5.64990 1.55000
v -4.17800 4.32990 1.68000
v -4.97000 5.64990 -2.02000
v -3.46200 6.11990 -1.55000
v -4.97000 5.64990 -1.55000
v -3.46200 6.11990 -2.40000
v -0.11000 9.60990 0.20000
v 0.87500 10.66990 0.03000
v 0.87500 10.66990 0.20000
v -0.11000 9.60990 0.03000
v -0.11000 9.60990 -0.15000
v 0.87500 10.66990 -0.15000
v -2.03000 0.45990 -3.30000
v -1.14900 0.56990 -3.33000
v -1.18600 0.84990 -3.32000
v -4.25400 4.45990 -1.71000
v -4.37600 4.37990 -1.70000
v -2.03000 0.45990 3.30000
v -1.14900 0.56990 3.33000
v -1.18600 0.84990 3.32000
v -5.47300 5.39990 2.02000
v -5.47300 5.39990 1.55000
v -5.47300 5.39990 -2.02000
v -5.47300 5.39990 -1.55000
v -4.25400 4.45990 1.71000
v -4.37600 4.37990 1.70000
v -3.13700 11.58990 0.03000
v -4.05000 12.12990 0.37000
v -3.13700 11.58990 0.37000
v -4.05000 12.12990 0.03000
v -3.13700 11.58990 -0.32000
v -4.05000 12.12990 -0.32000
v -4.30300 6.43990 -2.40000
v -5.46900 6.12990 -2.02000
v -1.99200 7.16990 -2.93000
v -4.30300 6.43990 2.40000
v -5.46900 6.12990 2.02000
v -1.99200 7.16990 2.93000
v -11.03400 11.83990 -1.04000
v -4.36500 4.37990 1.50000
v -4.36500 4.37990 -1.50000
v -4.36500 4.37990 1.96000
v -4.36500 4.37990 -1.96000
v -11.03400 11.83990 1.04000
v 2.71200 9.78990 0.03000
v -0.40100 8.40990 0.20000
v -0.40100 8.40990 0.03000
v 2.71200 9.78990 0.20000
v -0.40100 8.40990 -0.15000
v 2.71200 9.78990 -0.15000
v -7.71300 10.55990 -1.01000
v -7.71300 10.55990 1.01000
v -4.50500 4.88990 -2.21000
v -4.71400 4.74990 -2.19000
v -4.71400 4.74990 1.74000
v -4.69600 4.74990 1.42000
v -4.71400 4.74990 -1.74000
v -4.69600 4.74990 -1.42000
v -7.83000 15.05990 -1.42000
v -7.77700 15.08990 -1.56000
v -4.71400 4.74990 2.19000
v -4.69600 4.74990 1.87000
v -1.06700 3.31990 1.56000
v -0.11500 2.65990 1.56000
v -4.69600 4.74990 -1.87000
v -1.06700 3.31990 -1.56000
v -0.11500 2.65990 -1.56000
v -2.03000 0.45990 2.61000
v -1.14900 0.56990 2.64000
v -4.78800 7.68990 -2.40000
v -4.00800 7.19990 -2.40000
v -4.78800 7.19990 -2.40000
v -4.00800 7.97990 -2.40000
v -7.83000 15.05990 1.42000
v -7.77700 15.08990 1.56000
v -5.11200 13.46990 1.01000
v -5.11200 13.46990 -1.01000
v -5.05500 6.28990 1.43000
v -5.05500 6.28990 -1.43000
v -4.50500 4.88990 2.21000
v -1.16800 8.43990 -2.50000
v -4.00800 7.19990 2.40000
v -4.78800 7.68990 2.40000
v -4.78800 7.19990 2.40000
v -4.00800 7.97990 2.40000
v -1.16800 8.43990 2.50000
v -7.09800 8.41990 1.18000
v -7.09800 8.41990 -1.18000
v -8.47400 13.13990 -1.40000
v -10.65200 12.86990 -1.40000
v -10.65200 12.86990 1.40000
v -8.47400 13.13990 1.40000
v -8.51700 11.89990 0.58000
v -8.51700 11.89990 1.73000
v -8.51700 11.89990 -0.58000
v -8.51700 11.89990 -1.73000
v -5.01800 5.52990 -2.02000
v -4.50500 4.88990 -1.75000
v -5.01800 5.52990 2.02000
v -9.06300 14.86990 -1.56000
v -4.50500 4.88990 1.75000
v -7.40500 13.44990 -1.64000
v -7.31200 11.89990 -1.73000
v -6.10700 11.89990 -1.73000
v -5.60500 13.44990 -1.64000
v -7.53100 14.34990 -1.59000
v -5.85600 14.47990 -1.59000
v -4.50700 13.44990 0.37000
v -4.50700 13.44990 0.03000
v -4.50700 13.44990 -0.32000
v -2.03000 0.45990 -1.92000
v -1.14900 0.56990 -1.95000
v -9.06300 14.86990 1.56000
v -7.40500 13.44990 1.64000
v -7.31200 11.89990 1.73000
v -6.10700 11.89990 1.73000
v -5.60500 13.44990 1.64000
v -7.53100 14.34990 1.59000
v -5.85600 14.47990 1.59000
v -8.98100 12.25990 -1.37000
v -1.41400 9.49990 -1.49000
v -9.00700 14.85990 -1.42000
v -2.03000 0.45990 1.92000
v -1.14900 0.56990 1.95000
v -9.54800 12.26990 -1.28000
v -8.98100 12.25990 1.37000
v -1.41400 9.49990 1.49000
v -9.00700 14.85990 1.42000
v -10.08000 12.21990 -1.21000
v -9.54800 12.26990 1.28000
v -10.08000 12.21990 1.21000
v 1.46400 7.66990 -0.84000
v 3.68800 8.16990 -0.59000
v -10.55000 12.04990 -1.07000
v -4.91000 15.08990 0.37000
v -4.91000 15.08990 0.03000
v -4.91000 15.08990 -0.32000
v -9.61600 11.35990 -1.15000
v -9.67300 11.93990 -1.27000
v -8.91900 11.31990 -1.40000
v -8.53200 12.13990 -1.47000
v -7.82500 11.57990 -1.54000
v -7.36300 12.39990 -1.55000
v 1.46400 7.66990 0.84000
v 3.68800 8.16990 0.59000
v -10.55000 12.04990 1.07000
v -3.32600 9.53990 -1.42000
v -2.28600 0.35990 -3.16000
v -2.00100 0.41990 -3.26000
v -5.01800 5.52990 1.55000
v -5.01800 5.52990 -1.55000
v -9.67300 11.93990 1.27000
v -9.61600 11.35990 1.15000
v -8.91900 11.31990 1.40000
v -8.53200 12.13990 1.47000
v -7.82500 11.57990 1.54000
v -7.36300 12.39990 1.55000
v -2.28600 0.35990 3.16000
v -2.00100 0.41990 3.26000
v -3.32600 9.53990 1.42000
v -4.99000 9.92990 -1.18000
v -9.03700 12.74990 -0.59000
v -9.27300 12.70990 -0.53000
v -8.75200 12.80990 -0.66000
v 7.87400 10.35990 -0.36000
v -9.48600 12.66990 -0.48000
v -5.71300 10.98990 -1.01000
v -8.75200 12.80990 0.71000
v -9.03700 12.74990 0.64000
v -9.27300 12.70990 0.59000
v -4.48000 11.61990 0.37000
v -4.07700 10.24990 0.37000
v -4.07700 10.24990 0.03000
v -4.48000 11.61990 0.03000
v -4.48000 11.61990 -0.32000
v -4.07700 10.24990 -0.32000
v -9.48600 12.66990 0.53000
v -4.99000 9.92990 1.18000
v 5.76900 8.94990 -0.44000
v 7.87400 10.35990 0.36000
v -5.71300 10.98990 1.01000
v -6.20100 9.17990 0.03000
v -6.20100 9.17990 0.37000
v -6.20100 9.17990 -0.32000
v 5.76900 8.94990 0.44000
v -4.92400 12.22990 -1.01000
v -4.00800 7.97990 1.11000
v -4.00800 7.19990 1.11000
v -4.00800 7.97990 -1.11000
v -4.00800 7.19990 -1.11000
v -10.28700 12.40990 -0.35000
v -10.47100 12.34990 -0.32000
v -2.08900 10.38990 0.37000
v -2.08900 10.38990 0.03000
v -2.08900 10.38990 -0.32000
v -9.73000 12.58990 -0.44000
v -10.28700 12.40990 0.40000
v -10.47100 12.34990 0.37000
v -10.11300 12.45990 -0.38000
v -9.93000 12.51990 -0.41000
v -4.92400 12.22990 1.01000
v -9.73000 12.58990 0.49000
v -10.11300 12.45990 0.43000
v -9.93000 12.51990 0.46000
v -4.30300 6.43990 1.55000
v -4.78800 7.19990 1.11000
v -4.78800 7.19990 -1.11000
v -4.30300 6.43990 -1.55000
v 3.61500 7.97990 0.11000
v 3.61500 7.97990 0.03000
v 3.61500 7.97990 -0.06000
v -2.00100 0.41990 2.58000
v -2.28600 0.35990 2.48000
v -11.20900 12.33990 -0.28000
v -11.04000 12.33990 -0.29000
v -10.86700 12.33990 -0.30000
v -10.68800 12.33990 -0.31000
v -11.20900 12.33990 0.33000
v -11.04000 12.33990 0.34000
v -10.86700 12.33990 0.35000
v -10.68800 12.33990 0.36000
v -5.60500 13.44990 0.55000
v -5.85600 14.47990 0.53000
v -5.60500 13.44990 -0.55000
v -5.85600 14.47990 -0.53000
v -5.46900 6.12990 1.55000
v -5.46900 6.12990 -1.55000
v -4.42700 9.43990 -0.32000
v -3.24400 10.00990 -0.32000
v -4.42700 9.43990 0.37000
v -3.24400 10.00990 0.37000
v -4.17400 4.32990 1.55000
v -4.24300 4.45990 1.51000
v -2.01400 9.16990 -0.15000
v -1.93100 4.84990 1.18000
v -4.17400 4.32990 -1.55000
v -4.24300 4.45990 -1.51000
v -2.01400 9.16990 0.20000
v -2.28600 0.35990 -1.79000
v -2.00100 0.41990 -1.89000
v 5.65000 9.94990 -0.06000
v -1.93100 4.84990 -1.18000
v 5.65000 9.94990 0.11000
v -4.42700 9.43990 0.03000
v -3.24400 10.00990 0.03000
v -2.28600 0.35990 1.79000
v -2.00100 0.41990 1.89000
v -2.01400 9.16990 0.03000
v 5.65000 9.94990 0.03000
v -1.16800 8.43990 1.59000
v -1.16800 8.43990 -1.59000
v -4.17400 4.32990 2.01000
v -4.24300 4.45990 1.97000
v -4.17400 4.32990 -2.01000
v -4.24300 4.45990 -1.97000
v -4.78800 7.68990 1.11000
v -4.78800 7.68990 -1.11000
v -10.55000 12.04990 0.91000
v -10.55000 12.04990 -0.91000
v -10.08000 12.21990 1.05000
v -9.54800 12.26990 1.12000
v -10.08000 12.21990 -1.05000
v -9.54800 12.26990 -1.12000
v -8.98100 12.25990 1.21000
v -8.98100 12.25990 -1.21000
v -10.64100 13.27990 1.03000
v -11.83100 13.07990 1.03000
v -11.82000 13.48990 1.03000
v -10.65200 12.86990 1.03000
v -4.48700 4.88990 1.43000
v -10.64100 13.27990 -1.03000
v -11.82000 13.48990 -1.03000
v -11.83100 13.07990 -1.03000
v -10.65200 12.86990 -1.03000
v -1.99200 7.16990 1.17000
v -4.48700 4.88990 -1.43000
v -1.99200 7.16990 -1.17000
v -4.48700 4.88990 1.89000
v -4.48700 4.88990 -1.89000
v -0.46300 1.19990 1.53000
v -10.95900 11.83990 0.82000
v -0.46300 1.19990 -1.53000
v -10.95900 11.83990 -0.82000
v -2.04600 0.45990 1.51000
v -1.17000 0.56990 1.40000
v -6.10700 11.89990 0.58000
v -6.10700 11.89990 -0.58000
v -2.04600 0.45990 -1.51000
v -1.17000 0.56990 -1.40000
v -1.27600 0.84990 1.47000
v -0.78300 0.86990 1.56000
v -2.04600 0.45990 2.20000
v -1.17000 0.56990 2.09000
v -1.27600 0.84990 -1.47000
v -0.78300 0.86990 -1.56000
v -11.83100 13.07990 0.34000
v -11.83100 13.07990 -0.34000
v -7.31200 11.89990 0.58000
v -7.31200 11.89990 -0.58000
v -2.04600 0.45990 2.89000
v -2.04600 0.45990 -2.89000
v -2.29100 0.35990 1.68000
v -2.01400 0.41990 1.55000
v -1.17000 0.56990 2.78000
v -2.29100 0.35990 -1.68000
v -2.01400 0.41990 -1.55000
v -1.17000 0.56990 -2.78000
v -2.29100 0.35990 2.37000
v -2.01400 0.41990 2.24000
v -2.29100 0.35990 3.05000
v -2.01400 0.41990 2.92000
v -2.29100 0.35990 -3.05000
v -2.01400 0.41990 -2.92000
vt 0.82822 0.36493
vt 0.82821 0.42898
vt 0.82543 0.36493
vt 0.82542 0.42898
vt 0.83540 0.31358
vt 0.83540 0.24954
vt 0.83818 0.24954
vt 0.83818 0.31358
vt 0.78135 0.65459
vt 0.79948 0.75953
vt 0.78635 0.75953
vt 0.80449 0.65460
vt 0.71356 0.23938
vt 0.71356 0.27868
vt 0.71077 0.23938
vt 0.71078 0.27868
vt 0.60609 0.32552
vt 0.60609 0.28622
vt 0.60888 0.28622
vt 0.60888 0.32552
vt 0.80712 0.55432
vt 0.77875 0.55431
vt 0.57897 0.79307
vt 0.57898 0.94215
vt 0.57618 0.79307
vt 0.57619 0.94215
vt 0.56621 0.95332
vt 0.56622 0.80424
vt 0.56900 0.80424
vt 0.56900 0.95332
vt 1.99368 0.54470
vt 1.94009 0.55826
vt 1.99419 0.55787
vt 1.93011 0.54454
vt 0.93011 0.54454
vt 0.99368 0.54470
vt 0.94009 0.55826
vt 0.99419 0.55787
vt 0.99230 0.59708
vt 0.93818 0.59454
vt 1.99230 0.59708
vt 1.93818 0.59454
vt 1.13624 0.01237
vt 1.13181 0.00295
vt 1.13397 0.00295
vt 1.12917 0.01205
vt 0.13181 0.00295
vt 0.13624 0.01237
vt 0.12917 0.01205
vt 0.13397 0.00295
vt 0.99096 0.53137
vt 0.93074 0.53138
vt 1.99096 0.53137
vt 1.93074 0.53138
vt 1.40172 0.31285
vt 1.40371 0.28436
vt 1.41699 0.28436
vt 1.41953 0.31285
vt 0.40172 0.31285
vt 0.40371 0.28436
vt 0.41699 0.28436
vt 0.41953 0.31285
vt 1.12755 0.02068
vt 1.13856 0.02068
vt 0.12755 0.02068
vt 0.13856 0.02068
vt 0.11450 0.91030
vt 0.06774 0.93251
vt 0.06774 0.90221
vt 0.11450 0.93521
vt 0.11450 0.96013
vt 0.06774 0.96282
vt 0.11450 0.98505
vt 0.06773 0.99312
vt 0.13842 0.71331
vt 0.20385 0.71330
vt 0.13842 0.75800
vt 0.20385 0.75799
vt 0.88380 0.23852
vt 0.85826 0.30018
vt 0.84394 0.23959
vt 0.88465 0.30303
vt 1.88380 0.23852
vt 1.85826 0.30018
vt 1.88465 0.30303
vt 1.84394 0.23959
vt 1.88106 0.34013
vt 1.83623 0.38640
vt 1.89363 0.38898
vt 1.84804 0.33774
vt 0.88106 0.34013
vt 0.83623 0.38640
vt 0.84804 0.33774
vt 0.89363 0.38898
vt 0.56888 0.21606
vt 0.56887 0.23435
vt 0.56621 0.23435
vt 0.56622 0.21606
vt 0.55890 0.21606
vt 0.55890 0.23435
vt 0.55624 0.23435
vt 0.55625 0.21606
vt 0.53080 0.73452
vt 0.56441 0.73173
vt 0.55771 0.80449
vt 0.46272 0.73105
vt 0.49646 0.73423
vt 0.46869 0.80419
vt 0.81200 0.46527
vt 0.77388 0.46526
vt 0.20385 0.81377
vt 0.13842 0.81377
vt 0.96999 0.76314
vt 0.98113 0.72048
vt 0.98113 0.76314
vt 0.96998 0.72048
vt 0.07888 0.24801
vt 0.07888 0.29066
vt 0.06773 0.24801
vt 0.06773 0.29066
vt 0.53000 0.68296
vt 0.56322 0.68154
vt 0.49741 0.68307
vt 0.52962 0.78584
vt 0.49704 0.78586
vt 0.46465 0.68154
vt 0.57618 0.33651
vt 0.60963 0.33651
vt 0.59338 0.39421
vt 0.21229 0.00295
vt 0.24574 0.00295
vt 0.22852 0.06065
vt 0.42741 0.12095
vt 0.42166 0.14020
vt 0.42166 0.12095
vt 0.42741 0.14020
vt 1.83539 0.42326
vt 1.89287 0.42280
vt 0.88951 0.20121
vt 0.83540 0.20415
vt 0.83540 0.42326
vt 0.89287 0.42280
vt 1.88951 0.20121
vt 1.83540 0.20415
vt 0.79553 0.84702
vt 0.88217 0.84703
vt 0.80613 0.90977
vt 0.87156 0.90977
vt 0.97326 0.94862
vt 0.82869 0.96226
vt 0.82869 0.93498
vt 1.97326 0.94862
vt 1.82869 0.93498
vt 1.82869 0.96226
vt 0.32476 0.66938
vt 0.32196 0.82479
vt 0.32197 0.66938
vt 0.32474 0.82479
vt 0.96998 0.92229
vt 0.97000 0.76687
vt 0.97278 0.76687
vt 0.97277 0.92229
vt 0.78155 0.89463
vt 0.78107 0.95237
vt 0.75661 0.89366
vt 0.73167 0.89348
vt 0.70699 0.95237
vt 0.70661 0.89437
vt 0.71021 0.04555
vt 0.70579 0.00293
vt 0.71022 0.00482
vt 0.70579 0.04744
vt 0.84536 0.09213
vt 0.84537 0.05140
vt 0.84979 0.04951
vt 0.84979 0.09402
vt 0.12282 0.91236
vt 0.11649 0.91283
vt 0.12083 0.91391
vt 0.11649 0.93112
vt 0.12281 0.92866
vt 0.12083 0.92769
vt 0.12281 0.96669
vt 0.11648 0.96422
vt 0.12082 0.96765
vt 0.11648 0.98251
vt 0.12082 0.98144
vt 0.12281 0.98299
vt 0.99568 0.39239
vt 0.99569 0.44942
vt 0.98034 0.39493
vt 0.98035 0.44689
vt 0.96500 0.39746
vt 0.96501 0.44436
vt 0.79487 0.14098
vt 0.79053 0.12612
vt 0.79487 0.12720
vt 0.79053 0.14441
vt 0.18737 0.03966
vt 0.18737 0.02137
vt 0.19171 0.02480
vt 0.19171 0.03858
vt 0.20321 0.17305
vt 0.22573 0.17304
vt 0.22662 0.17818
vt 0.20232 0.17818
vt 0.22754 0.18411
vt 0.20140 0.18411
vt 0.20042 0.19037
vt 0.22852 0.19037
vt 0.22957 0.19716
vt 0.19936 0.19716
vt 0.19803 0.20598
vt 0.23091 0.20598
vt 0.82029 0.37124
vt 0.76561 0.37124
vt 0.65712 0.53671
vt 0.65712 0.59880
vt 0.64597 0.59879
vt 0.64598 0.53670
vt 0.01408 0.50026
vt 0.00293 0.43817
vt 0.01407 0.43817
vt 0.00294 0.50026
vt 0.19634 0.21351
vt 0.23260 0.21351
vt 0.23441 0.22130
vt 0.19453 0.22130
vt 0.23659 0.23068
vt 0.19235 0.23069
vt 0.44658 0.77876
vt 0.77671 0.77310
vt 0.75316 0.71184
vt 0.76002 0.70080
vt 0.70299 0.70081
vt 0.76783 0.77539
vt 0.70985 0.71184
vt 0.77112 0.80339
vt 0.68630 0.77311
vt 0.69518 0.77539
vt 0.69190 0.80340
vt 0.68146 0.81444
vt 0.78156 0.81443
vt 0.68086 0.84345
vt 0.78216 0.84344
vt 0.58007 0.77943
vt 1.87556 0.47536
vt 1.84565 0.47559
vt 0.87556 0.47536
vt 0.84565 0.47559
vt 0.00572 0.13243
vt 0.00572 0.15728
vt 0.00293 0.13243
vt 0.00293 0.15728
vt 0.31976 0.14489
vt 0.31697 0.16974
vt 0.31698 0.14489
vt 0.31976 0.16974
vt 0.02786 0.43729
vt 0.08006 0.50273
vt 0.02785 0.50272
vt 0.08007 0.43730
vt 0.31316 0.43216
vt 0.31316 0.47964
vt 0.30202 0.47964
vt 0.30202 0.43216
vt 0.19734 0.44260
vt 0.20848 0.39511
vt 0.20848 0.44260
vt 0.19734 0.39511
vt 0.39070 0.02564
vt 0.38304 0.01961
vt 0.39077 0.01961
vt 0.38297 0.02564
vt 1.38304 0.01961
vt 1.39070 0.02564
vt 1.39077 0.01961
vt 1.38297 0.02564
vt 1.01999 0.00834
vt 1.02158 0.01477
vt 1.02033 0.01477
vt 1.02209 0.00834
vt 0.01999 0.00834
vt 0.02158 0.01477
vt 0.02033 0.01477
vt 0.02209 0.00834
vt 0.78276 0.84805
vt 0.78213 0.86167
vt 0.76618 0.86081
vt 0.76649 0.84736
vt 0.72240 0.84718
vt 0.72242 0.86051
vt 0.70656 0.86118
vt 0.70603 0.84742
vt 1.98259 0.99234
vt 1.92076 0.99234
vt 1.92076 0.96506
vt 1.98259 0.96506
vt 0.32142 0.23646
vt 0.24549 0.20845
vt 0.31813 0.20846
vt 0.24220 0.23645
vt 0.30348 0.14491
vt 0.26016 0.14490
vt 1.09614 0.62358
vt 1.01968 0.65463
vt 1.07139 0.67615
vt 1.00414 0.60703
vt 0.08291 0.79411
vt 0.05782 0.82803
vt 0.05783 0.79267
vt 0.08291 0.82851
vt 0.10799 0.79555
vt 0.10799 0.82899
vt 0.08291 0.86292
vt 0.10799 0.86244
vt 0.10799 0.89588
vt 0.05782 0.86339
vt 0.08291 0.89732
vt 0.05782 0.89876
vt 0.00293 0.20530
vt 0.00850 0.22868
vt 0.00293 0.22868
vt 0.00850 0.20529
vt 0.24279 0.14490
vt 0.23722 0.16829
vt 0.23722 0.14490
vt 0.24279 0.16829
vt 0.78282 0.87461
vt 0.75712 0.87251
vt 0.75638 0.85093
vt 0.73130 0.87222
vt 0.73236 0.85101
vt 0.70579 0.87407
vt 0.01968 0.65463
vt 0.09614 0.62358
vt 0.07139 0.67615
vt 0.00414 0.60703
vt 0.98259 0.99234
vt 0.92076 0.99234
vt 0.92076 0.96506
vt 0.98259 0.96506
vt 1.06967 0.75896
vt 1.05779 0.78535
vt 1.07458 0.78777
vt 1.05449 0.74725
vt 0.05779 0.78535
vt 0.06967 0.75896
vt 0.07458 0.78777
vt 0.05449 0.74725
vt 0.53132 0.41432
vt 0.54747 0.38220
vt 0.54748 0.41432
vt 0.53132 0.38220
vt 0.79053 0.78172
vt 0.88719 0.78173
vt 1.53132 0.41432
vt 1.54747 0.38220
vt 1.53132 0.38220
vt 1.54747 0.41432
vt 1.95416 0.00870
vt 1.95063 0.00819
vt 1.95006 0.01367
vt 0.19084 0.36974
vt 0.17740 0.43670
vt 0.17740 0.36974
vt 0.19084 0.43670
vt 0.95416 0.00870
vt 0.95006 0.01367
vt 0.95063 0.00819
vt 1.04217 0.70069
vt 1.00293 0.68976
vt 0.68217 0.41653
vt 0.61674 0.41653
vt 0.68216 0.34675
vt 0.61673 0.34675
vt 0.22440 0.15028
vt 0.20484 0.14491
vt 0.22410 0.14491
vt 0.20453 0.15028
vt 0.22471 0.15574
vt 0.20422 0.15574
vt 0.20390 0.16134
vt 0.22503 0.16134
vt 0.22536 0.16716
vt 0.20357 0.16716
vt 1.95005 0.00312
vt 1.95476 0.00295
vt 0.04217 0.70069
vt 0.00293 0.68976
vt 0.21473 0.87033
vt 0.12755 0.87033
vt 0.95005 0.00312
vt 0.95476 0.00295
vt 0.14022 0.42116
vt 0.11260 0.42117
vt 0.12482 0.36992
vt 0.14021 0.36992
vt 1.12482 0.36992
vt 1.14022 0.42116
vt 1.14021 0.36992
vt 1.11260 0.42117
vt 0.52135 0.56048
vt 0.52693 0.60717
vt 0.52136 0.60717
vt 0.52692 0.56048
vt 0.90079 0.18313
vt 0.89521 0.22982
vt 0.89522 0.18313
vt 0.90078 0.22982
vt 1.74939 0.33736
vt 1.76162 0.36592
vt 1.76129 0.33736
vt 1.74567 0.36592
vt 1.08695 0.75975
vt 1.08775 0.78739
vt 0.08695 0.75975
vt 0.08775 0.78739
vt 0.16627 0.37964
vt 0.14250 0.34600
vt 0.17463 0.34600
vt 0.15088 0.37965
vt 1.16627 0.37964
vt 1.14250 0.34600
vt 1.15088 0.37965
vt 1.17463 0.34600
vt 0.78498 0.01409
vt 0.75065 0.00295
vt 0.78498 0.00295
vt 0.75065 0.01409
vt 0.22842 0.40690
vt 0.21728 0.44123
vt 0.21728 0.40690
vt 0.22843 0.44122
vt 1.03192 0.24756
vt 1.04127 0.28192
vt 1.06261 0.27454
vt 1.00293 0.24578
vt 1.09308 0.54843
vt 1.00293 0.57018
vt 0.04127 0.28192
vt 0.03192 0.24756
vt 0.06261 0.27454
vt 0.00293 0.24578
vt 0.09308 0.54843
vt 0.00293 0.57018
vt 1.59945 0.92122
vt 1.68099 0.96329
vt 1.69110 0.92555
vt 1.01788 0.00295
vt 1.02429 0.00295
vt 0.01788 0.00295
vt 0.02429 0.00295
vt 0.68146 0.73749
vt 0.67588 0.62711
vt 0.68145 0.62711
vt 0.67589 0.73749
vt 0.98554 0.60082
vt 0.98553 0.71120
vt 0.97996 0.60082
vt 0.97995 0.71120
vt 0.61673 0.26377
vt 0.68216 0.26377
vt 1.42831 0.00294
vt 1.41168 0.00916
vt 1.42831 0.01104
vt 1.41169 0.00312
vt 1.45694 0.10068
vt 1.44804 0.08399
vt 1.45577 0.08399
vt 1.44658 0.10068
vt 0.78525 0.14544
vt 0.78056 0.12612
vt 0.78525 0.12720
vt 0.78056 0.14605
vt 0.45694 0.10068
vt 0.44804 0.08399
vt 0.45577 0.08399
vt 0.44658 0.10068
vt 0.82097 0.59709
vt 0.84842 0.55841
vt 0.85378 0.59618
vt 0.81992 0.55966
vt 1.82097 0.59709
vt 1.85378 0.59618
vt 1.84842 0.55841
vt 1.81992 0.55966
vt 0.76162 0.36592
vt 0.74939 0.33736
vt 0.76129 0.33736
vt 0.74567 0.36592
vt 1.06263 0.21673
vt 1.03309 0.22118
vt 1.05620 0.23134
vt 1.04326 0.19807
vt 0.25686 0.00293
vt 0.25217 0.02226
vt 0.25217 0.00401
vt 0.25686 0.02287
vt 0.85583 0.13249
vt 0.92126 0.13249
vt 0.85583 0.17939
vt 0.92126 0.17939
vt 0.69590 0.09596
vt 0.60111 0.00295
vt 0.69777 0.00295
vt 0.60298 0.09596
vt 0.41168 0.00916
vt 0.42831 0.00294
vt 0.42831 0.01104
vt 0.41169 0.00312
vt 1.01632 0.51856
vt 1.06323 0.50724
vt 0.03309 0.22118
vt 0.06263 0.21673
vt 0.05620 0.23134
vt 0.04326 0.19807
vt 0.74595 0.65308
vt 0.73072 0.57387
vt 0.74595 0.57387
vt 0.73071 0.65308
vt 0.13924 0.03507
vt 0.00293 0.10853
vt 0.08432 0.00294
vt 0.00312 0.05093
vt 0.04006 0.00913
vt 0.01632 0.51856
vt 0.06323 0.50724
vt 0.28296 0.25045
vt 0.20954 0.38678
vt 0.17740 0.33187
vt 0.22536 0.25067
vt 0.18358 0.28761
vt 0.94182 0.81655
vt 0.94880 0.82770
vt 0.93995 0.83733
vt 0.95003 0.81412
vt 0.68764 0.19156
vt 0.61125 0.19157
vt 0.93808 0.85810
vt 0.90474 0.93044
vt 0.89023 0.86085
vt 0.95001 0.91532
vt 0.90841 0.33916
vt 0.91027 0.35993
vt 0.90142 0.35031
vt 0.90020 0.33672
vt 0.95999 0.38346
vt 0.94548 0.45305
vt 0.91214 0.38071
vt 0.90021 0.43793
vt 0.00293 0.82707
vt 0.00293 0.78978
vt 0.00293 0.86435
vt 0.00293 0.90164
vt 1.05254 0.29617
vt 1.04109 0.28594
vt 0.05254 0.29617
vt 0.04109 0.28594
vt 0.42746 0.14489
vt 0.40732 0.14949
vt 0.40234 0.14488
vt 0.42355 0.14950
vt 0.32696 0.16715
vt 0.37720 0.20317
vt 0.32695 0.20617
vt 0.37721 0.14488
vt 0.32694 0.24520
vt 0.37719 0.26146
vt 0.43046 0.19114
vt 0.43578 0.19506
vt 0.40649 0.19911
vt 0.41072 0.19387
vt 0.41065 0.25334
vt 0.44411 0.24523
vt 0.44165 0.30512
vt 0.36683 0.48231
vt 0.36682 0.43717
vt 0.37797 0.43717
vt 0.37797 0.48231
vt 0.89522 0.56929
vt 0.90636 0.61443
vt 0.89521 0.61442
vt 0.90636 0.56929
vt 0.89477 0.81031
vt 0.11432 0.59299
vt 0.13944 0.59299
vt 0.13446 0.59760
vt 0.11822 0.59760
vt 0.16456 0.65128
vt 0.21481 0.61528
vt 0.21481 0.65431
vt 0.16456 0.59299
vt 0.21480 0.69333
vt 0.16455 0.70958
vt 0.11130 0.63924
vt 0.10598 0.64316
vt 0.13527 0.64722
vt 0.13105 0.64198
vt 0.09764 0.69332
vt 0.13110 0.70145
vt 0.10008 0.75321
vt 0.03029 0.16366
vt 0.17257 0.09145
vt 0.48147 0.25424
vt 0.48393 0.21358
vt 0.49865 0.21561
vt 0.49971 0.25422
vt 0.95545 0.33292
vt 0.33810 0.27780
vt 0.26593 0.42010
vt 0.39751 0.28057
vt 0.35685 0.28305
vt 0.39547 0.26585
vt 0.35686 0.26481
vt 0.72927 0.00340
vt 0.79102 0.06100
vt 0.70614 0.09491
vt 0.77223 0.13287
vt 0.10264 0.58880
vt 0.10263 0.53414
vt 0.11377 0.53413
vt 0.11378 0.58880
vt 0.96002 0.66207
vt 0.97116 0.71674
vt 0.96002 0.71674
vt 0.97117 0.66208
vt 0.93370 0.18404
vt 0.90966 0.24704
vt 0.91818 0.18312
vt 0.92800 0.25314
vt 0.90024 0.26915
vt 0.92038 0.29052
vt 0.94921 0.18495
vt 0.94638 0.25903
vt 0.89521 0.30542
vt 0.91460 0.32901
vt 0.94518 0.30053
vt 0.94944 0.32923
vt 0.55655 0.65415
vt 0.46505 0.67730
vt 0.49894 0.59242
vt 0.42707 0.61122
vt 0.07013 0.21116
vt 0.18626 0.18346
vt 1.17369 0.06828
vt 1.18171 0.07779
vt 1.18057 0.06908
vt 1.17241 0.07819
vt 0.57725 0.40595
vt 0.58128 0.39056
vt 0.58128 0.40595
vt 0.57725 0.39056
vt 1.57725 0.40595
vt 1.58128 0.39056
vt 1.57725 0.39056
vt 1.58128 0.40595
vt 0.19869 0.55544
vt 0.26685 0.53413
vt 0.26778 0.54963
vt 0.19277 0.53707
vt 0.20482 0.57377
vt 0.26872 0.56515
vt 0.18272 0.58323
vt 0.16133 0.56313
vt 0.15127 0.53833
vt 0.14646 0.58831
vt 0.12284 0.56897
vt 0.12256 0.53412
vt 0.38561 0.31762
vt 0.35795 0.43376
vt 0.09634 0.26052
vt 0.17832 0.27910
vt 0.76770 0.66140
vt 0.75631 0.66936
vt 0.75687 0.66138
vt 0.76822 0.66938
vt 0.75564 0.67897
vt 0.76885 0.67900
vt 0.73696 0.27750
vt 0.77320 0.28602
vt 0.79101 0.36759
vt 0.75740 0.65417
vt 0.76721 0.65370
vt 0.08617 0.30097
vt 0.13951 0.34023
vt 0.22202 0.84034
vt 0.31394 0.77897
vt 0.30920 0.84034
vt 0.21728 0.77897
vt 0.32659 0.00357
vt 0.31700 0.01616
vt 0.31697 0.00294
vt 0.32662 0.01549
vt 0.33457 0.00410
vt 0.33459 0.01493
vt 0.32196 0.48138
vt 0.32197 0.43512
vt 0.33311 0.43512
vt 0.33310 0.48138
vt 0.93510 0.45676
vt 0.94624 0.50303
vt 0.93509 0.50303
vt 0.94624 0.45676
vt 0.34181 0.01440
vt 0.34227 0.00459
vt 0.43498 0.34382
vt 0.45358 0.42579
vt 0.70080 0.18393
vt 0.76361 0.20438
vt 0.28244 0.64652
vt 0.19235 0.59248
vt 0.27392 0.61028
vt 0.47543 0.33364
vt 0.51470 0.38697
vt 0.98494 0.38865
vt 0.98497 0.18811
vt 0.99612 0.18811
vt 0.99608 0.38866
vt 0.97618 0.38865
vt 0.96500 0.18811
vt 0.97614 0.18811
vt 0.96503 0.38866
vt 0.37602 0.68265
vt 0.35557 0.61986
vt 1.01955 0.30685
vt 1.01101 0.29315
vt 0.08210 0.40015
vt 0.03914 0.30861
vt 0.01322 0.33979
vt 0.00299 0.38556
vt 0.02133 0.43444
vt 0.95503 0.15912
vt 0.99685 0.18437
vt 0.95503 0.18437
vt 0.99685 0.15912
vt 0.72690 0.65682
vt 0.72691 0.69700
vt 0.71577 0.69701
vt 0.71576 0.65682
vt 1.95503 0.15912
vt 1.99685 0.18437
vt 1.99685 0.15912
vt 1.95503 0.18437
vt 0.76237 0.62072
vt 0.75597 0.62658
vt 0.75566 0.62026
vt 0.76319 0.62587
vt 0.73570 0.65682
vt 0.74684 0.69701
vt 0.73570 0.69700
vt 0.74685 0.65682
vt 0.35304 0.50204
vt 0.34191 0.43749
vt 0.35306 0.43750
vt 0.34190 0.50204
vt 0.70199 0.21836
vt 0.69084 0.28290
vt 0.69085 0.21835
vt 0.70198 0.28290
vt 0.76595 0.64487
vt 0.75697 0.64576
vt 0.36940 0.01583
vt 0.37526 0.00943
vt 0.37571 0.01615
vt 0.37011 0.00861
vt 0.75628 0.63257
vt 0.76405 0.63180
vt 0.75661 0.63889
vt 0.76496 0.63807
vt 0.01101 0.29315
vt 0.01955 0.30685
vt 1.02148 0.78657
vt 1.01719 0.75037
vt 0.57460 0.32954
vt 0.48305 0.28661
vt 0.51423 0.26068
vt 0.56000 0.25044
vt 0.60888 0.26876
vt 0.35110 0.00585
vt 0.35022 0.01483
vt 0.36340 0.01552
vt 0.36417 0.00775
vt 0.35708 0.01519
vt 0.35790 0.00684
vt 0.02148 0.78657
vt 0.01719 0.75037
vt 0.29134 0.00295
vt 0.26214 0.03057
vt 0.26214 0.00295
vt 0.29134 0.04476
vt 1.29134 0.04476
vt 1.29134 0.00295
vt 1.26214 0.03057
vt 1.26214 0.00295
vt 1.67138 0.98127
vt 1.58984 0.93920
vt 1.57972 0.97694
vt 0.31158 0.71702
vt 0.22741 0.66168
vt 0.30380 0.66168
vt 0.21963 0.71703
vt 0.67368 0.80879
vt 0.67090 0.74742
vt 0.67368 0.74742
vt 0.67090 0.80879
vt 0.86032 0.52704
vt 0.86311 0.58841
vt 0.86032 0.58841
vt 0.86310 0.52704
vt 1.87524 0.98113
vt 1.73068 0.96749
vt 1.73068 0.99477
vt 0.18171 0.07779
vt 0.17241 0.07819
vt 0.17369 0.06828
vt 0.18057 0.06908
vt 0.76851 0.59321
vt 0.76158 0.59707
vt 0.76292 0.59187
vt 0.76735 0.59846
vt 0.76616 0.60380
vt 0.76021 0.60237
vt 0.76495 0.60928
vt 0.75881 0.60781
vt 0.76369 0.61497
vt 0.75736 0.61345
vt 0.67138 0.98127
vt 0.57972 0.97694
vt 0.58984 0.93920
vt 0.39890 0.01023
vt 0.39217 0.00564
vt 0.39752 0.00446
vt 0.39360 0.01160
vt 0.40276 0.00330
vt 0.40410 0.00889
vt 0.38670 0.00686
vt 0.38817 0.01300
vt 0.38101 0.00812
vt 0.38252 0.01445
vt 0.85583 0.09194
vt 0.92126 0.09194
vt 0.85035 0.00295
vt 0.92674 0.00295
vt 0.85583 0.04429
vt 0.92126 0.04429
vt 0.37018 0.73912
vt 0.37066 0.77352
vt 0.33626 0.77353
vt 0.33482 0.73913
vt 0.40554 0.73912
vt 0.40507 0.77352
vt 0.43947 0.77351
vt 0.44091 0.73911
vt 0.37115 0.80792
vt 0.40459 0.80792
vt 0.16627 0.40350
vt 0.15088 0.40350
vt 1.15088 0.40350
vt 1.16627 0.40350
vt 0.55491 0.00564
vt 0.48068 0.02634
vt 0.49688 0.00294
vt 0.45575 0.01338
vt 0.41667 0.01802
vt 0.48481 0.07242
vt 0.55487 0.20618
vt 0.44230 0.06306
vt 0.46792 0.08591
vt 0.47409 0.13062
vt 0.47652 0.18524
vt 0.50845 0.21201
vt 0.51292 0.25195
vt 0.46680 0.20282
vt 0.44305 0.16171
vt 0.08767 0.47236
vt 0.11106 0.45617
vt 0.09036 0.53040
vt 0.09811 0.43124
vt 0.10274 0.39216
vt 0.15714 0.46029
vt 0.29091 0.53036
vt 0.14779 0.41779
vt 0.17064 0.44340
vt 0.21535 0.44958
vt 0.26997 0.45200
vt 0.29674 0.48394
vt 0.33668 0.48840
vt 0.28755 0.44229
vt 0.24644 0.41854
vt 1.11842 0.00294
vt 1.11320 0.00703
vt 1.11262 0.00360
vt 1.11817 0.00766
vt 0.91733 0.51556
vt 0.87029 0.50887
vt 0.91408 0.47122
vt 0.93735 0.52766
vt 0.90221 0.53343
vt 0.92035 0.57646
vt 0.87029 0.61925
vt 0.67004 0.66410
vt 0.58868 0.63638
vt 0.64393 0.61218
vt 0.57122 0.68370
vt 1.10761 0.00766
vt 0.24292 0.93490
vt 0.23623 0.88785
vt 0.28056 0.89111
vt 0.22412 0.86784
vt 0.21835 0.90297
vt 0.17532 0.88484
vt 0.13253 0.93489
vt 0.98993 0.80650
vt 0.98992 0.71494
vt 0.99550 0.71494
vt 0.99550 0.80650
vt 0.84038 0.19442
vt 0.84596 0.10286
vt 0.84595 0.19442
vt 0.84038 0.10286
vt 0.75555 0.46152
vt 0.70953 0.41240
vt 0.75373 0.36982
vt 0.74936 0.47926
vt 0.76725 0.51426
vt 0.68712 0.54862
vt 0.66591 0.56156
vt 0.73380 0.53358
vt 0.69783 0.69731
vt 0.76724 0.58820
vt 1.58868 0.63638
vt 1.57122 0.68370
vt 1.67004 0.66410
vt 1.64393 0.61218
vt 0.65173 0.47900
vt 0.60261 0.43298
vt 0.69431 0.43480
vt 0.58487 0.43917
vt 0.54988 0.42128
vt 0.51551 0.50140
vt 0.50257 0.52262
vt 0.53056 0.45473
vt 0.36682 0.49070
vt 0.47594 0.42128
vt 0.11758 0.77843
vt 0.11759 0.73600
vt 0.12873 0.73600
vt 0.12872 0.77843
vt 0.72192 0.73299
vt 0.72192 0.77542
vt 0.71077 0.73300
vt 0.71078 0.77543
vt 0.98266 0.12020
vt 0.95504 0.12019
vt 1.98266 0.12020
vt 1.95504 0.12019
vt 1.18171 0.05967
vt 0.31505 0.06036
vt 0.39060 0.14114
vt 0.25684 0.07107
vt 0.27034 0.05418
vt 0.24748 0.02856
vt 0.36966 0.06278
vt 0.19006 0.14117
vt 0.21076 0.06694
vt 0.18737 0.08314
vt 0.19781 0.04202
vt 0.20244 0.00293
vt 0.39644 0.09472
vt 0.43638 0.09918
vt 0.38725 0.05306
vt 0.34613 0.02931
vt 0.38748 0.88390
vt 0.38079 0.83686
vt 0.42512 0.84011
vt 0.36868 0.81684
vt 0.36291 0.85197
vt 0.31988 0.83384
vt 0.27709 0.88390
vt 0.50219 0.57150
vt 0.45307 0.52548
vt 0.54477 0.52730
vt 0.43532 0.53167
vt 0.40033 0.51378
vt 0.36597 0.59390
vt 0.35303 0.61512
vt 0.38101 0.54723
vt 0.21728 0.58320
vt 0.32639 0.51378
vt 0.31563 0.91663
vt 0.28569 0.91798
vt 0.31390 0.88764
vt 0.29480 0.94153
vt 0.56597 0.59322
vt 0.53632 0.54496
vt 0.56598 0.54496
vt 0.53630 0.59706
vt 1.53632 0.54496
vt 1.56597 0.59322
vt 1.56597 0.54496
vt 1.53631 0.59706
vt 0.11842 0.00294
vt 0.11320 0.00703
vt 0.11262 0.00360
vt 0.11817 0.00766
vt 1.28569 0.91798
vt 1.31563 0.91663
vt 1.31390 0.88764
vt 1.29480 0.94153
vt 0.67706 0.62337
vt 0.66591 0.56528
vt 0.67706 0.56528
vt 0.66592 0.62337
vt 0.96002 0.60024
vt 0.97116 0.65833
vt 0.96002 0.65833
vt 0.97117 0.60024
vt 0.82044 0.49198
vt 0.82045 0.45263
vt 0.83159 0.45263
vt 0.83158 0.49198
vt 0.56241 0.59951
vt 0.55126 0.63886
vt 0.55127 0.59950
vt 0.56241 0.63886
vt 0.10761 0.00766
vt 0.30730 0.00295
vt 0.30729 0.04477
vt 1.30730 0.00295
vt 1.30729 0.04477
vt 0.15247 0.00295
vt 0.18688 0.00295
vt 0.16943 0.06057
vt 0.40172 0.01938
vt 0.43465 0.02934
vt 0.40173 0.07959
vt 0.86744 0.65267
vt 0.81047 0.65425
vt 1.86744 0.65267
vt 1.81047 0.65425
vt 0.18171 0.05967
vt 0.57466 0.04149
vt 0.56821 0.00294
vt 0.58164 0.00336
vt 0.56123 0.04107
vt 0.56822 0.09977
vt 0.58165 0.10019
vt 0.41235 0.88744
vt 0.44722 0.98834
vt 0.41236 0.98795
vt 0.44721 0.88704
vt 1.78555 0.12239
vt 1.78569 0.10575
vt 1.79173 0.10575
vt 1.79364 0.12239
vt 0.27992 0.94728
vt 0.26214 0.92709
vt 0.45855 0.24616
vt 0.45157 0.20803
vt 0.46500 0.20761
vt 0.47198 0.24574
vt 0.46499 0.30443
vt 0.45156 0.30485
vt 0.57122 0.71754
vt 0.66896 0.73930
vt 1.27991 0.94728
vt 1.26214 0.92709
vt 0.59945 0.92122
vt 0.69110 0.92555
vt 0.68099 0.96329
vt 1.57122 0.71754
vt 1.66896 0.73930
vt 0.11758 0.78217
vt 0.12316 0.83992
vt 0.11758 0.83992
vt 0.12315 0.78217
vt 0.95064 0.73848
vt 0.94506 0.79622
vt 0.94506 0.73848
vt 0.95063 0.79622
vt 0.93569 0.79945
vt 0.93011 0.73848
vt 0.93568 0.73848
vt 0.93011 0.79945
vt 0.91515 0.79945
vt 0.92073 0.73848
vt 0.92072 0.79945
vt 0.91516 0.73848
vt 1.93509 0.01324
vt 1.94016 0.00842
vt 1.93605 0.00823
vt 1.94150 0.01324
vt 0.79173 0.10575
vt 0.79364 0.12239
vt 0.78555 0.12239
vt 0.78569 0.10575
vt 0.94016 0.00842
vt 0.93509 0.01324
vt 0.93605 0.00823
vt 0.94150 0.01324
vt 0.46351 0.15771
vt 0.43661 0.15771
vt 0.46351 0.11590
vt 0.43661 0.11589
vt 0.58935 0.76981
vt 0.64022 0.78114
vt 1.43661 0.11589
vt 1.46351 0.15771
vt 1.46351 0.11590
vt 1.43661 0.15771
vt 0.36162 0.93782
vt 0.34768 0.92616
vt 0.35172 0.92609
vt 0.33972 0.94729
vt 0.61412 0.58951
vt 0.57120 0.60346
vt 1.58935 0.76981
vt 1.64022 0.78114
vt 1.36162 0.93782
vt 1.34768 0.92616
vt 1.33972 0.94729
vt 1.35171 0.92609
vt 1.57120 0.60346
vt 1.61412 0.58951
vt 0.58731 0.54099
vt 0.62763 0.54290
vt 0.77577 0.14985
vt 0.79081 0.21505
vt 0.77558 0.21507
vt 0.79100 0.14983
vt 0.77576 0.24327
vt 0.79100 0.24324
vt 1.58731 0.54099
vt 1.62763 0.54290
vt 0.48516 0.45032
vt 0.41997 0.43528
vt 0.48519 0.43509
vt 0.41994 0.45052
vt 0.39175 0.45033
vt 0.39177 0.43509
vt 0.39214 0.04222
vt 0.38178 0.04222
vt 1.38178 0.04222
vt 1.39214 0.04222
vt 1.42165 0.08906
vt 1.42199 0.06046
vt 1.43388 0.06046
vt 1.43761 0.08906
vt 0.33193 0.68640
vt 0.36921 0.68639
vt 0.40649 0.68639
vt 0.44378 0.68638
vt 0.59173 0.00948
vt 0.58615 0.07053
vt 0.58616 0.00948
vt 0.59173 0.07053
vt 0.99550 0.51420
vt 0.98992 0.45316
vt 0.99550 0.45315
vt 0.98993 0.51420
vt 0.37321 0.90514
vt 0.35975 0.89622
vt 0.69085 0.37904
vt 0.73788 0.29619
vt 0.73789 0.37094
vt 0.69084 0.28812
vt 0.65512 0.53229
vt 0.64266 0.50412
vt 0.65625 0.50467
vt 0.63886 0.53307
vt 0.73071 0.75910
vt 0.73071 0.71558
vt 0.74186 0.71558
vt 0.74186 0.75910
vt 1.37321 0.90514
vt 1.35975 0.89622
vt 0.07770 0.67699
vt 0.08885 0.72051
vt 0.07770 0.72051
vt 0.08885 0.67699
vt 1.93884 0.00295
vt 1.93759 0.00295
vt 0.93884 0.00295
vt 0.93759 0.00295
vt 0.42166 0.08906
vt 0.42199 0.06046
vt 0.43388 0.06046
vt 0.43761 0.08906
vt 1.65512 0.53229
vt 1.65625 0.50467
vt 1.64265 0.50412
vt 1.63886 0.53307
vt 0.14516 0.00742
vt 0.14250 0.00295
vt 0.14516 0.00295
vt 0.14250 0.00742
vt 0.46853 0.81987
vt 0.46854 0.85864
vt 0.45656 0.85864
vt 0.45655 0.80790
vt 0.48686 0.80789
vt 0.49085 0.81987
vt 0.51317 0.81986
vt 0.51716 0.80789
vt 0.53549 0.81986
vt 0.54747 0.80788
vt 0.79552 0.36212
vt 0.80873 0.31788
vt 0.80873 0.36212
vt 0.79552 0.31788
vt 0.54748 0.85862
vt 0.53550 0.85862
vt 0.91430 0.66017
vt 0.87527 0.62289
vt 0.91430 0.62289
vt 0.87527 0.66017
vt 0.91430 0.69745
vt 0.87527 0.69745
vt 0.91430 0.73474
vt 0.87527 0.73474
vt 0.95332 0.73474
vt 0.95332 0.69745
vt 0.95332 0.62289
vt 0.95332 0.66017
vt 0.43661 0.00295
vt 0.44108 0.00560
vt 0.43661 0.00560
vt 0.44108 0.00295
vt 0.59024 0.50336
vt 0.62949 0.50339
vt 0.00293 0.20155
vt 0.01832 0.16257
vt 0.03055 0.20156
vt 0.00294 0.16256
vt 1.00293 0.20155
vt 1.01832 0.16257
vt 1.00294 0.16256
vt 1.03055 0.20156
vt 0.65944 0.78486
vt 0.59891 0.84795
vt 0.61254 0.78487
vt 0.67310 0.84793
vt 0.59060 0.87058
vt 0.68141 0.87057
vt 0.68587 0.90698
vt 0.58615 0.90700
vt 1.57120 0.10392
vt 1.58309 0.11721
vt 1.57120 0.11720
vt 1.58310 0.10393
vt 0.83695 0.07677
vt 0.79053 0.00295
vt 0.84522 0.00295
vt 0.79882 0.07678
vt 0.57120 0.10392
vt 0.58309 0.11721
vt 0.57120 0.11720
vt 0.58310 0.10393
vt 1.59024 0.50336
vt 1.62949 0.50339
vt 0.37181 0.02104
vt 0.37648 0.03611
vt 0.37181 0.03590
vt 0.37647 0.01987
vt 0.34656 0.04242
vt 0.34190 0.05749
vt 0.34190 0.04125
vt 0.34656 0.05728
vt 0.86915 0.72786
vt 0.81218 0.72944
vt 1.86915 0.72786
vt 1.81218 0.72944
vt 0.93011 0.01858
vt 0.99707 0.05734
vt 0.93011 0.05734
vt 0.99707 0.01858
vt 1.77679 0.02743
vt 1.78354 0.02649
vt 1.77558 0.03597
vt 1.78487 0.03646
vt 0.57372 0.12530
vt 0.59328 0.13067
vt 0.57341 0.13067
vt 0.59298 0.12530
vt 0.57310 0.13614
vt 0.59359 0.13614
vt 0.59391 0.14174
vt 0.57245 0.14755
vt 0.57278 0.14174
vt 0.59424 0.14755
vt 0.59461 0.15456
vt 0.57209 0.15456
vt 0.38178 0.98755
vt 0.38178 0.88783
vt 0.85664 0.77717
vt 0.82699 0.77799
vt 1.85664 0.77717
vt 1.82699 0.77799
vt 0.98268 0.45222
vt 0.98269 0.51243
vt 0.95503 0.45222
vt 0.95504 0.51244
vt 1.98269 0.51243
vt 1.95503 0.45222
vt 1.95504 0.51244
vt 1.98268 0.45222
vt 0.19501 0.15044
vt 0.19236 0.14491
vt 0.19501 0.14491
vt 0.19236 0.15044
vt 0.77679 0.02743
vt 0.78354 0.02649
vt 0.77558 0.03597
vt 0.78487 0.03646
vt 0.57618 0.23251
vt 0.60530 0.21605
vt 0.60530 0.25004
vt 0.44159 0.04597
vt 0.47071 0.02952
vt 0.47071 0.06351
vt 0.23722 0.19135
vt 0.23988 0.18582
vt 0.23988 0.19135
vt 0.23722 0.18582
vt 1.77559 0.01781
vt 0.83208 0.14863
vt 0.80371 0.14864
vt 0.56691 0.18812
vt 0.60148 0.19515
vt 0.56522 0.19515
vt 0.59979 0.18812
vt 0.60329 0.20294
vt 0.56341 0.20294
vt 0.56123 0.21232
vt 0.60547 0.21232
vt 0.46855 0.91775
vt 0.45657 0.92973
vt 0.53551 0.91774
vt 0.54749 0.92971
vt 0.77559 0.01781
vt 0.57120 0.16082
vt 0.59550 0.16082
vt 0.57028 0.16675
vt 0.59642 0.16675
vt 0.59739 0.17301
vt 0.56930 0.17301
vt 0.59845 0.17980
vt 0.56824 0.17980
vt 0.93011 0.11645
vt 0.99707 0.11645
vt 0.35395 0.83122
vt 0.96280 0.72048
vt 0.96280 0.88812
vt 0.96002 0.72048
vt 0.96002 0.88812
vt 0.98274 0.93452
vt 0.97996 0.76687
vt 0.98274 0.76687
vt 0.97995 0.93452
vt 0.42180 0.83121
vt 0.81546 0.36119
vt 0.83069 0.31788
vt 0.83069 0.36119
vt 0.81546 0.31788
vt 0.89522 0.77939
vt 0.89521 0.73848
vt 0.90636 0.73848
vt 0.90636 0.77939
vt 0.05776 0.69549
vt 0.06892 0.73640
vt 0.05777 0.73640
vt 0.06891 0.69549
vt 0.59114 0.07598
vt 0.59549 0.11647
vt 0.59114 0.11461
vt 0.59548 0.07426
vt 0.56557 0.10531
vt 0.56123 0.14580
vt 0.56123 0.10359
vt 0.56557 0.14394
vt 0.81835 0.51115
vt 0.85778 0.51116
vt 1.81835 0.51115
vt 1.85778 0.51116
vt 0.82948 0.23080
vt 0.80634 0.23080
vt 0.99272 0.81024
vt 0.99271 0.90195
vt 0.98994 0.81024
vt 0.98992 0.90195
vt 0.78555 0.31396
vt 0.78555 0.29164
vt 0.79899 0.31396
vt 0.78555 0.26932
vt 0.79898 0.24700
vt 0.78555 0.24700
vt 0.44438 0.78827
vt 0.44160 0.87999
vt 0.44159 0.78828
vt 0.44439 0.87999
vt 0.23988 0.17203
vt 0.23722 0.17203
vt 0.19235 0.16423
vt 0.19501 0.16423
vt 0.87524 0.98113
vt 0.73068 0.99477
vt 0.73068 0.96749
vt 0.82449 0.31414
vt 0.81136 0.31414
vt 1.01032 0.01469
vt 1.00753 0.00295
vt 1.00968 0.00295
vt 1.00672 0.01469
vt 0.01032 0.01469
vt 0.00753 0.00295
vt 0.00968 0.00295
vt 0.00672 0.01469
vt 0.95783 0.29850
vt 0.95503 0.18811
vt 0.95782 0.18811
vt 0.95504 0.29850
vt 0.55624 0.91860
vt 0.55626 0.80821
vt 0.55904 0.80821
vt 0.55903 0.91860
vt 0.63879 0.59765
vt 0.63601 0.54363
vt 0.63880 0.54363
vt 0.63600 0.59765
vt 0.60610 0.42438
vt 0.60609 0.37036
vt 0.60888 0.37036
vt 0.60889 0.42438
vt 0.93011 0.17454
vt 0.94638 0.12018
vt 0.94638 0.18040
vt 0.93058 0.12415
vt 1.93011 0.17454
vt 1.94637 0.12018
vt 1.93058 0.12415
vt 1.94638 0.18040
vt 0.81870 0.49623
vt 0.86909 0.49568
vt 1.81870 0.49623
vt 1.86909 0.49568
vt 1.33478 0.04863
vt 1.31951 0.01990
vt 1.33279 0.01990
vt 1.31697 0.04863
vt 0.33478 0.04863
vt 0.31951 0.01990
vt 0.33279 0.01990
vt 0.31697 0.04863
vt 1.01394 0.02401
vt 1.00293 0.02401
vt 0.01394 0.02401
vt 0.00293 0.02401
vn 0.9606 -0.2677 0.0000
vn 0.7953 -0.6063 0.0000
vn 0.8504 -0.5276 0.0000
vn 0.9370 -0.3386 0.0000
vn 0.5748 -0.8189 0.0000
vn 0.7323 -0.6850 0.0000
vn 0.0472 -1.0000 -0.0079
vn 0.0551 -1.0000 -0.0157
vn 0.0551 -1.0000 -0.0236
vn 0.0394 -1.0000 -0.0079
vn 0.0394 -1.0000 0.0079
vn 0.0472 -1.0000 0.0079
vn 0.0551 -1.0000 0.0157
vn 0.0551 -1.0000 0.0236
vn 0.0472 -1.0000 0.0315
vn 0.0472 -1.0000 -0.0315
vn -0.0157 -1.0000 0.0000
vn 0.1654 -0.9843 0.0000
vn -0.0079 -1.0000 0.0000
vn 0.0000 -1.0000 0.0000
vn 0.0157 -1.0000 0.0000
vn 0.0236 -1.0000 0.0000
vn 0.1102 -0.9921 -0.0079
vn 0.1102 -0.9921 0.0079
vn -0.0866 -0.9921 0.0000
vn -0.9764 0.2126 0.0000
vn 0.8346 -0.5512 0.0000
vn 1.0000 -0.0787 0.0315
vn 0.9843 -0.1732 0.0551
vn 1.0000 -0.0630 0.0315
vn 1.0000 -0.0787 -0.0315
vn 0.9843 -0.1732 -0.0551
vn 1.0000 -0.0630 -0.0315
vn 0.9528 -0.2913 -0.1102
vn 0.9528 -0.2913 0.1102
vn -0.2126 0.9764 0.0000
vn -0.4803 0.8740 0.0000
vn 0.2992 -0.9528 0.0000
vn 0.9921 0.1260 0.0000
vn 0.0236 1.0000 0.0000
vn -0.1654 0.9843 0.0000
vn 0.0630 1.0000 0.0000
vn -1.0000 -0.0315 0.0000
vn 0.9921 0.0394 -0.1260
vn 1.0000 -0.0315 0.0000
vn 0.9921 -0.1260 0.0157
vn 0.9921 -0.1339 0.0315
vn 0.9921 0.0394 0.1260
vn 0.9921 -0.1260 -0.0157
vn 0.9921 -0.1339 -0.0315
vn 0.3228 -0.9449 0.0000
vn -0.9764 -0.2126 0.0000
vn 0.4488 -0.8976 0.0000
vn -0.1260 0.9921 0.0000
vn -0.0787 0.9843 -0.1732
vn -0.0787 0.9843 0.1732
vn -0.9921 -0.1181 0.0000
vn -0.9370 -0.1102 -0.3228
vn -0.9370 -0.3465 0.0000
vn -0.9370 -0.1102 0.3228
vn -0.4094 0.9134 0.0000
vn -0.4016 0.9134 0.0000
vn -0.3937 0.9213 0.0000
vn 0.2283 -0.9764 0.0000
vn -0.8583 0.5197 0.0000
vn -0.3228 0.9449 0.0000
vn -0.0945 0.5669 -0.8189
vn -0.3386 0.9449 0.0000
vn -0.3307 0.9449 0.0000
vn -0.3386 0.9370 0.0000
vn -0.4252 0.9055 0.0000
vn -0.4961 0.8661 0.0000
vn -0.0945 0.5669 0.8189
vn 0.9291 0.3543 -0.1024
vn 0.9291 0.3543 0.1024
vn 0.2677 0.9606 0.0000
vn 0.3622 0.9291 0.0000
vn 0.7480 0.6614 0.0000
vn 0.5433 -0.8346 0.0315
vn 0.5433 -0.8346 -0.0315
vn -0.2913 -0.9606 -0.0157
vn -0.2913 -0.9606 0.0157
vn 0.1732 0.9843 0.0000
vn 0.0000 1.0000 0.0000
vn 0.0787 -0.2283 -0.9685
vn -1.0000 0.0000 0.0000
vn 0.9921 -0.1260 0.0000
vn 0.0787 -0.2283 0.9685
vn 0.5276 0.1102 -0.8425
vn 0.6457 0.1417 -0.7480
vn 0.4331 0.1024 -0.8976
vn 0.6457 0.1417 0.7480
vn 0.5276 0.1102 0.8425
vn 0.4331 0.1024 0.8976
vn 0.5512 -0.8346 0.0000
vn -0.4094 -0.9134 0.0000
vn -0.0394 -0.3386 -0.9370
vn -0.0394 -0.3465 -0.9370
vn -0.1260 -0.4252 -0.8976
vn -1.0000 0.0236 0.0000
vn -0.0394 -0.3386 0.9370
vn -0.1260 -0.4252 0.8976
vn -0.0394 -0.3465 0.9370
vn 0.0787 -0.1260 -0.9921
vn 0.0472 0.1181 -0.9921
vn 0.0630 0.1339 -0.9921
vn -1.0000 0.0551 0.0000
vn -0.0472 1.0000 0.0000
vn -0.0079 -0.3150 -0.9449
vn -0.0394 1.0000 0.0000
vn 0.0472 0.1181 0.9921
vn 0.0787 -0.1260 0.9921
vn 0.0630 0.1339 0.9921
vn 0.6693 0.7402 0.0000
vn 0.4331 0.9055 0.0000
vn -0.0079 -0.3150 0.9449
vn -0.0394 0.0000 -1.0000
vn -0.1102 0.0000 -0.9921
vn 0.2205 0.1024 -0.9685
vn 0.4252 0.1417 -0.8898
vn 0.5276 0.1575 -0.8346
vn -0.1102 0.0000 0.9921
vn -0.0394 0.0000 1.0000
vn 0.4252 0.1417 0.8898
vn 0.2205 0.1024 0.9685
vn 0.5276 0.1575 0.8346
vn -0.6693 -0.7402 0.0000
vn 0.5039 0.8583 0.0000
vn -0.1024 -0.1732 -0.9764
vn -0.1496 -0.2441 -0.9606
vn -0.1496 -0.2520 -0.9528
vn -0.0945 -0.1654 -0.9843
vn 0.0000 0.0079 -1.0000
vn -0.1496 -0.2441 0.9606
vn -0.1024 -0.1732 0.9764
vn -0.1496 -0.2520 0.9528
vn -0.0945 -0.1654 0.9843
vn 0.0000 0.0079 1.0000
vn -0.2598 0.0945 -0.9606
vn -0.7244 -0.6929 -0.0394
vn -0.7244 -0.6929 0.0394
vn -0.2598 0.0945 0.9606
vn 0.8583 0.4803 -0.1575
vn 0.8583 0.4803 0.1575
vn 0.4094 -0.9134 0.0000
vn -0.9843 -0.1811 0.0000
vn 0.0157 -0.1339 -0.9921
vn -0.0236 -0.0787 -1.0000
vn -0.0236 -0.0709 -1.0000
vn -0.6142 -0.7874 -0.0315
vn -0.7480 -0.6614 -0.0394
vn -0.6142 -0.7874 0.0315
vn -0.7480 -0.6614 0.0394
vn -0.9134 -0.1102 -0.3937
vn -0.5748 -0.8189 -0.0079
vn -0.5748 -0.8189 0.0079
vn 0.0000 0.0000 -1.0000
vn -0.9134 -0.1102 0.3937
vn 0.9213 0.3937 0.0000
vn 0.8110 0.5827 0.0000
vn -0.6299 -0.7795 0.0000
vn -0.0236 -0.0787 1.0000
vn 0.0157 -0.1339 0.9921
vn -0.0236 -0.0709 1.0000
vn 0.0472 0.2913 -0.9528
vn 0.1102 0.6378 -0.7638
vn 0.0000 0.0000 1.0000
vn -0.9449 -0.3386 0.0000
vn 0.1102 -0.0236 -0.9921
vn 0.1811 -0.0394 -0.9843
vn 0.1102 0.6378 0.7638
vn 0.0472 0.2913 0.9528
vn 0.1102 -0.0236 0.9921
vn 0.1811 -0.0394 0.9843
vn 0.0472 0.2520 -0.9685
vn -0.8346 -0.5512 0.0000
vn -0.0236 0.1732 -0.9843
vn 0.0472 0.2520 0.9685
vn -0.0236 0.1732 0.9843
vn -0.9134 -0.4094 0.0000
vn -0.0787 0.1654 -0.9843
vn -0.0787 0.1732 -0.9843
vn -0.0787 0.1654 0.9843
vn -0.0787 0.1732 0.9843
vn -0.0079 0.0551 -1.0000
vn 0.0000 0.0551 -1.0000
vn 0.2756 0.1102 -0.9528
vn 0.9449 0.3307 0.0000
vn -0.0079 0.0472 -1.0000
vn 0.0315 0.1654 -0.9843
vn 0.0000 0.0472 -1.0000
vn -0.0079 0.0551 1.0000
vn 0.0000 0.0551 1.0000
vn 0.2756 0.1102 0.9528
vn -0.0315 0.0945 -0.9921
vn 0.0236 -0.0079 -1.0000
vn 0.0315 -0.0079 -1.0000
vn -0.0079 0.0472 1.0000
vn 0.0315 0.1654 0.9843
vn 0.0000 0.0472 1.0000
vn -0.0315 0.0945 0.9921
vn 0.0236 -0.0079 1.0000
vn 0.0315 -0.0079 1.0000
vn 0.1024 -0.0157 -0.9921
vn 0.0866 -0.0079 -0.9921
vn 0.0787 -0.0079 -1.0000
vn 0.9685 0.2362 0.0000
vn -0.1575 -0.2283 -0.9606
vn -0.1968 -0.1575 -0.9685
vn -0.1654 -0.1654 -0.9685
vn -0.1890 -0.0551 -0.9764
vn -0.1102 -0.0630 -0.9921
vn -0.1260 -0.1732 -0.9764
vn -0.0945 0.0000 -0.9921
vn -0.0551 -0.0315 -1.0000
vn -0.0630 -0.0866 -0.9921
vn -0.0315 -0.0551 -1.0000
vn 0.1024 -0.0157 0.9921
vn 0.0866 -0.0079 0.9921
vn 0.0787 -0.0079 1.0000
vn -0.0472 0.0315 -1.0000
vn -0.2598 0.1417 -0.9528
vn -0.2520 0.1102 -0.9606
vn -0.2598 0.1496 -0.9528
vn 0.9213 -0.3858 0.0000
vn -0.1654 -0.1654 0.9685
vn -0.1575 -0.2283 0.9606
vn -0.1260 -0.1732 0.9764
vn -0.1968 -0.1575 0.9685
vn -0.1890 -0.0551 0.9764
vn -0.1102 -0.0630 0.9921
vn -0.0630 -0.0866 0.9921
vn -0.0945 0.0000 0.9921
vn -0.0551 -0.0315 1.0000
vn -0.0315 -0.0551 1.0000
vn -0.2598 0.1417 0.9528
vn -0.2598 0.1496 0.9528
vn -0.2520 0.1102 0.9606
vn -0.0472 0.0315 1.0000
vn -0.0709 0.0787 -0.9921
vn -0.2205 -0.0551 -0.9764
vn 0.0394 0.0079 -1.0000
vn 0.0472 0.0079 -1.0000
vn 0.0630 0.0157 -1.0000
vn -0.2205 -0.0630 -0.9764
vn -0.0157 0.0315 -1.0000
vn 0.1417 0.9921 0.0000
vn -0.2205 -0.0551 0.9764
vn 0.9606 0.2835 0.0000
vn -0.2205 -0.0630 0.9764
vn -0.0709 0.0787 0.9921
vn 0.0551 0.0079 -1.0000
vn 0.0394 0.0079 1.0000
vn 0.0630 0.0157 1.0000
vn 0.0472 0.0079 1.0000
vn -0.0157 0.0315 1.0000
vn -0.9843 -0.1968 0.0000
vn 0.0551 0.0079 1.0000
vn -0.1181 0.2520 -0.9606
vn 0.9685 0.2598 0.0000
vn 1.0000 0.0000 0.0000
vn 0.9528 0.3071 0.0000
vn -0.1496 -0.0472 -0.9843
vn -0.0630 1.0000 0.0000
vn -0.1417 -0.0551 -0.9843
vn -0.1496 -0.0472 0.9843
vn -0.1181 0.2520 0.9606
vn -0.0157 0.2126 -0.9764
vn 0.0551 -0.0236 -1.0000
vn 0.0472 -0.0079 -1.0000
vn -0.1417 -0.0551 0.9843
vn -0.0157 0.2126 0.9764
vn 0.0551 -0.0236 1.0000
vn 0.0472 -0.0079 1.0000
vn -0.8425 -0.5354 0.0000
vn 0.0000 -0.0945 -0.9921
vn 0.1102 0.9921 0.0000
vn 0.2283 0.9764 0.0000
vn -0.0551 -1.0000 0.0000
vn -0.0551 0.0000 -1.0000
vn -0.0551 -0.0079 -1.0000
vn 0.0000 -0.0945 0.9921
vn -0.0551 0.0000 1.0000
vn -0.0551 -0.0079 1.0000
vn 0.9921 0.1496 0.0000
vn 0.8268 0.5669 0.0000
vn -1.0000 0.0079 0.0000
vn 0.1811 -0.3150 -0.9291
vn 0.1417 -0.3228 -0.9370
vn 0.1417 -0.3150 -0.9370
vn 0.0787 -0.2362 -0.9685
vn 0.1417 -0.3228 0.9370
vn 0.1811 -0.3150 0.9291
vn 0.1417 -0.3150 0.9370
vn 0.0315 -0.3228 -0.9449
vn 0.0787 -0.2362 0.9685
vn 0.0315 -0.3228 0.9449
vn 0.4331 -0.9055 0.0000
vn 0.8898 0.4567 0.0000
vn -0.2756 0.2520 -0.9291
vn -0.0472 -0.2283 -0.9685
vn -0.0551 -0.3071 -0.9528
vn -0.0472 -0.2598 -0.9606
vn 0.1732 0.9843 -0.0079
vn 0.1732 0.9843 0.0079
vn -0.2756 0.2520 0.9291
vn -0.0551 -0.3071 0.9528
vn -0.0472 -0.2283 0.9685
vn -0.0472 -0.2598 0.9606
vn 0.1496 -0.9921 0.0000
vn 0.3071 -0.9528 0.0000
vn 0.2913 0.0551 -0.9528
vn 0.2913 0.0551 0.9528
vn -0.8740 -0.4882 0.0000
vn 0.7244 0.6850 0.0000
vn 0.9291 0.3622 0.0000
vn 0.1496 -0.1339 -0.9764
vn 0.1181 -0.0709 -0.9921
vn 0.1496 -0.1260 -0.9764
vn 0.0000 -0.0079 -1.0000
vn 0.1181 -0.0709 0.9921
vn 0.1496 -0.1339 0.9764
vn 0.1496 -0.1260 0.9764
vn 0.0000 -0.0079 1.0000
vn -0.4252 -0.9055 0.0000
vn -0.4488 0.8898 0.0000
vn 0.8740 0.4803 -0.0472
vn 0.8425 0.5354 -0.0472
vn 0.8425 0.5433 -0.0472
vn 0.8425 0.5354 0.0472
vn 0.8740 0.4803 0.0472
vn 0.8425 0.5433 0.0472
vn 0.0472 0.2835 -0.9606
vn 0.0000 0.0157 -1.0000
vn 0.8425 -0.5354 0.0000
vn 0.0472 0.2835 0.9606
vn 0.0000 0.0157 1.0000
vn -0.0079 0.0945 -0.9921
vn -0.0236 0.1260 -0.9921
vn 0.2126 0.0787 -0.9764
vn 0.1575 0.0551 -0.9843
vn 0.1102 0.0394 -0.9921
vn 0.1968 0.0945 -0.9764
vn -0.0079 0.0945 0.9921
vn -0.0236 0.1260 0.9921
vn 0.2126 0.0787 0.9764
vn 0.1575 0.0551 0.9843
vn 0.1102 0.0394 0.9921
vn 0.8346 0.5512 0.0472
vn 0.7795 0.6220 0.0472
vn 0.8346 0.5512 -0.0472
vn 0.7795 0.6220 -0.0472
vn 0.8583 0.5197 0.0000
vn 0.1968 0.0945 0.9764
vn -0.2047 0.0000 -0.9764
vn -0.1339 0.0000 -0.9921
vn -0.1417 0.0000 -0.9921
vn 0.9528 -0.3071 0.0000
vn -0.1339 0.0000 0.9921
vn -0.2047 0.0000 0.9764
vn -0.1417 0.0000 0.9921
vn -0.7244 0.6929 0.0000
vn 0.9685 0.2441 0.0000
vn -0.0079 0.1181 -0.9921
vn -0.0866 0.1654 -0.9843
vn -0.1181 0.1890 -0.9764
vn -0.0236 -1.0000 0.0000
vn 0.7480 0.6614 -0.0472
vn 0.7480 0.6614 0.0472
vn -0.0079 0.1181 0.9921
vn -0.0866 0.1654 0.9843
vn -0.1181 0.1890 0.9764
vn 0.0551 -0.2362 -0.9685
vn -0.1732 -0.9843 0.0000
vn 0.0551 -0.2362 0.9685
vn -0.0157 0.0630 -1.0000
vn -0.0079 0.1732 -0.9843
vn -0.0394 0.1811 -0.9843
vn 0.0000 0.0315 -1.0000
vn -0.2520 0.9685 0.0000
vn 0.2362 -0.9685 0.0000
vn 0.0551 -1.0000 0.0000
vn 0.1102 -0.9921 0.0000
vn 0.6063 0.7953 0.0000
vn -1.0000 0.0000 0.0394
vn -1.0000 0.0000 -0.0394
vn -0.2677 0.9606 0.0000
vn -0.2205 0.9764 0.0000
vn -0.0079 0.1732 0.9843
vn -0.0157 0.0630 1.0000
vn -0.0394 0.1811 0.9843
vn 0.0000 0.0315 1.0000
vn 0.9213 0.0236 -0.3937
vn 0.9213 0.0236 0.3937
vn -1.0000 -0.0236 0.0000
vn -0.3543 0.1024 -0.9291
vn -0.3543 0.0945 -0.9291
vn -0.3701 0.0709 -0.9291
vn 0.8110 0.5118 -0.2835
vn 0.8110 0.5118 0.2835
vn 0.0079 -1.0000 0.0000
vn -0.3543 0.0945 0.9291
vn -0.3701 0.0709 0.9291
vn -0.3543 0.1024 0.9291
vn 0.8740 -0.4882 0.0000
vn -0.8425 0.5433 0.0000
vn -1.0000 0.0000 0.0472
vn -1.0000 0.0000 -0.0472
vn 0.1339 -0.6063 -0.7874
vn 0.8898 -0.4488 0.0000
vn -0.0394 0.1654 -0.9843
vn -0.1102 0.1575 -0.9843
vn -0.0945 0.1417 -0.9843
vn 0.1339 -0.6063 0.7874
vn -0.2992 0.1811 -0.9370
vn -0.1102 0.1575 0.9843
vn -0.0945 0.1417 0.9843
vn -0.0394 0.1654 0.9843
vn -0.4488 0.8976 0.0000
vn -0.2992 0.1811 0.9370
vn 0.1890 -0.9843 0.0000
vn 0.3150 -0.9449 -0.1102
vn 0.3150 -0.9449 0.1102
vn 0.1260 -0.9921 0.0000
vn 0.3150 -0.9528 0.0000
vn 0.5118 -0.8583 0.0000
vn -0.5118 0.8583 0.0000
vn 0.9449 0.3386 0.0000
vn 0.9764 -0.2126 0.0000
vn -0.4016 -0.9134 0.0000
vn 0.1654 -0.9685 -0.1732
vn 0.1654 -0.9685 0.1732
vn -0.9764 0.2126 0.0472
vn -0.9764 0.2126 -0.0472
vn -0.5906 0.8032 0.0000
vn -0.6929 0.7165 0.0000
vn 1.0000 -0.0236 0.0000
vn 0.2126 -0.9764 0.0000
vn -0.6378 0.7717 0.0000
vn -0.6929 0.7165 0.0236
vn -0.6929 0.7165 -0.0236
vn -0.7874 0.6142 0.0000
vn -0.8268 0.5669 0.0000
vn -0.7008 0.7087 0.0472
vn -0.7008 0.7087 -0.0472
vn -0.3622 0.9291 0.0157
vn -0.1575 0.9843 0.0079
vn -0.3622 0.9291 -0.0157
vn -0.1575 0.9843 -0.0079
vn -0.2047 0.9764 0.0079
vn -0.2047 0.9764 -0.0079

o animal_velicoraptor
usemtl tex_animal_velicoraptor_i040p001x
f 1/1/1 2/2/1 3/3/1
f 3/3/1 2/2/1 4/4/1
f 2/5/1 1/6/1 5/7/1
f 5/7/1 6/8/1 2/5/1
f 7/9/2 8/10/3 9/11/3
f 8/10/3 7/9/2 10/12/2
f 11/13/4 12/14/4 13/15/4
f 13/15/4 12/14/4 14/16/4
f 12/17/4 11/18/4 15/19/4
f 15/19/4 16/20/4 12/17/4
f 17/21/5 7/9/2 18/22/5
f 7/9/2 17/21/5 10/12/2
f 19/23/6 20/24/6 21/25/6
f 21/25/6 20/24/6 22/26/6
f 20/27/6 19/28/6 23/29/6
f 23/29/6 24/30/6 20/27/6
f 25/31/7 26/32/8 27/33/9
f 25/31/7 28/34/10 26/32/8
f 29/35/11 30/36/12 31/37/13
f 31/37/13 30/36/12 32/38/14
f 33/39/15 31/37/14 32/38/14
f 31/37/14 33/39/15 34/40/15
f 26/32/9 35/41/16 27/33/9
f 35/41/16 26/32/9 36/42/16
f 37/43/17 38/44/18 39/45/18
f 38/44/18 37/43/17 40/46/19
f 41/47/18 42/48/17 43/49/19
f 42/48/17 41/47/18 44/50/18
f 45/44/18 46/43/17 47/46/19
f 46/43/17 45/44/18 48/45/18
f 49/44/18 50/43/17 51/45/18
f 50/43/17 49/44/18 52/46/19
f 53/44/18 54/43/17 55/45/18
f 54/43/17 53/44/18 56/46/19
f 57/51/20 29/35/21 58/52/20
f 29/35/21 57/51/20 30/36/22
f 59/53/20 60/54/20 28/34/21
f 28/34/21 25/31/22 59/53/20
f 61/55/23 62/56/20 63/57/20
f 63/57/20 64/58/23 61/55/23
f 65/59/23 66/60/20 67/61/20
f 67/61/20 68/62/23 65/59/23
f 69/55/23 70/56/20 71/57/20
f 71/57/20 72/58/23 69/55/23
f 73/55/24 74/57/20 75/56/20
f 74/57/20 73/55/24 76/58/24
f 77/55/24 78/57/20 79/56/20
f 78/57/20 77/55/24 80/58/24
f 37/43/17 81/63/25 40/46/19
f 81/63/25 37/43/17 82/64/25
f 42/48/17 83/65/25 43/49/19
f 83/65/25 42/48/17 84/66/25
f 46/43/17 85/63/25 47/46/19
f 85/63/25 46/43/17 86/64/25
f 87/63/25 88/64/25 50/43/17
f 50/43/17 52/46/19 87/63/25
f 54/43/17 56/46/19 89/63/25
f 89/63/25 90/64/25 54/43/17
f 91/67/26 92/68/26 93/69/26
f 92/68/26 91/67/26 94/70/26
f 95/71/26 92/68/26 94/70/26
f 92/68/26 95/71/26 96/72/26
f 97/73/26 96/72/26 95/71/26
f 96/72/26 97/73/26 98/74/26
f 99/75/27 100/76/27 101/77/27
f 102/78/27 101/77/27 100/76/27
f 103/79/28 104/80/29 105/81/30
f 104/80/29 103/79/28 106/82/29
f 107/83/31 108/84/32 109/85/32
f 110/86/33 108/84/32 107/83/31
f 111/87/34 112/88/34 113/89/34
f 112/88/34 111/87/34 114/90/34
f 115/91/35 116/92/35 117/93/35
f 116/92/35 115/91/35 118/94/35
f 119/95/36 120/96/36 121/97/36
f 119/95/36 121/97/36 122/98/36
f 123/99/36 124/100/36 125/101/36
f 123/99/36 125/101/36 126/102/36
f 127/103/37 128/104/37 129/105/37
f 130/106/37 131/107/37 132/108/37
f 133/109/38 18/22/5 134/110/38
f 18/22/5 133/109/38 17/21/5
f 101/77/39 135/111/39 136/112/39
f 135/111/39 101/77/39 102/78/39
f 137/113/40 138/114/40 139/115/40
f 138/114/40 137/113/40 140/116/40
f 140/117/40 137/118/40 141/119/40
f 141/119/40 137/118/40 142/120/40
f 143/121/41 144/122/41 127/103/41
f 144/122/41 128/104/41 127/103/41
f 143/121/41 127/103/41 131/107/41
f 145/123/41 143/121/41 131/107/41
f 127/103/41 146/124/41 147/125/41
f 131/107/41 127/103/41 147/125/41
f 148/126/41 145/123/41 130/106/41
f 145/123/41 131/107/41 130/106/41
f 146/127/42 149/128/42 150/129/42
f 151/130/42 147/131/42 152/132/42
f 153/133/43 154/134/43 155/135/43
f 153/133/43 156/136/43 154/134/43
f 113/89/44 157/137/44 158/138/44
f 157/137/44 113/89/44 112/88/44
f 33/139/45 105/81/46 34/140/45
f 105/81/46 33/139/45 103/79/47
f 118/94/48 159/141/48 116/92/48
f 159/141/48 118/94/48 160/142/48
f 35/143/45 110/86/49 107/83/50
f 35/143/45 36/144/45 110/86/49
f 161/145/22 162/146/22 99/147/51
f 162/146/22 100/148/51 99/147/51
f 163/149/52 164/150/52 165/151/52
f 166/152/52 167/153/52 168/154/52
f 169/155/53 170/156/53 171/157/53
f 170/156/53 169/155/53 172/158/53
f 172/159/53 169/160/53 173/161/53
f 173/161/53 174/162/53 172/159/53
f 175/163/54 176/164/54 177/165/54
f 176/164/54 178/166/54 177/165/54
f 178/166/54 176/164/54 179/167/54
f 178/166/54 179/167/54 180/168/54
f 181/169/55 182/170/55 183/171/55
f 182/170/55 181/169/55 184/172/55
f 185/173/56 186/174/56 187/175/56
f 187/175/56 188/176/56 185/173/56
f 189/177/52 120/178/52 91/67/52
f 120/178/52 189/177/52 190/179/52
f 119/180/52 91/67/52 120/178/52
f 91/67/52 119/180/52 94/70/52
f 191/181/52 190/179/52 189/177/52
f 190/179/52 191/181/52 192/182/52
f 191/181/52 94/70/52 119/180/52
f 119/180/52 192/182/52 191/181/52
f 193/183/52 124/184/52 95/71/52
f 124/184/52 193/183/52 194/185/52
f 97/73/52 95/71/52 124/184/52
f 97/73/52 124/184/52 123/186/52
f 193/183/52 195/187/52 194/185/52
f 193/183/52 196/188/52 195/187/52
f 196/188/52 97/73/52 123/186/52
f 196/188/52 123/186/52 195/187/52
f 197/152/57 198/154/57 199/153/57
f 200/152/58 201/154/58 202/153/58
f 203/152/57 204/153/57 205/154/57
f 206/189/59 207/190/59 208/191/59
f 209/192/59 208/191/59 207/190/59
f 208/191/59 209/192/59 210/193/59
f 211/194/59 210/193/59 209/192/59
f 212/152/60 213/153/60 214/154/60
f 215/195/52 121/196/52 216/197/52
f 121/196/52 215/195/52 122/198/52
f 126/199/52 125/200/52 217/201/52
f 126/199/52 217/201/52 218/202/52
f 219/152/52 220/154/52 221/153/52
f 222/152/52 223/153/52 224/154/52
f 225/203/61 226/204/61 227/205/61
f 225/203/61 227/205/61 228/206/61
f 228/206/62 227/205/62 229/207/62
f 228/206/62 229/207/62 230/208/62
f 231/209/62 229/207/62 232/210/62
f 229/207/62 231/209/62 230/208/62
f 231/209/62 232/210/62 233/211/62
f 231/209/62 233/211/62 234/212/62
f 235/213/63 233/211/63 236/214/63
f 233/211/63 235/213/63 234/212/63
f 237/215/64 134/110/38 238/216/64
f 134/110/38 237/215/64 133/109/38
f 239/217/65 240/218/65 241/219/65
f 241/219/65 242/220/65 239/217/65
f 241/221/65 243/222/65 242/223/65
f 244/224/65 243/222/65 241/221/65
f 245/225/66 246/226/66 247/227/66
f 245/225/66 247/227/66 248/228/66
f 248/228/66 247/227/66 249/229/66
f 248/228/66 249/229/66 250/230/66
f 235/213/66 236/214/66 246/226/66
f 235/213/66 246/226/66 245/225/66
f 251/152/57 252/154/57 253/153/57
f 254/152/57 255/153/57 256/154/57
f 151/231/67 130/106/67 132/108/67
f 257/232/68 258/233/69 206/234/69
f 207/235/69 206/234/69 258/233/69
f 258/233/69 257/232/68 259/236/68
f 207/235/69 258/233/69 260/237/69
f 257/232/68 261/238/70 259/236/68
f 262/239/68 207/235/69 260/237/69
f 260/237/69 263/240/68 262/239/68
f 264/241/70 262/239/68 263/240/68
f 262/239/68 264/241/70 265/242/71
f 257/232/68 266/243/71 261/238/70
f 264/241/70 261/238/70 266/243/71
f 264/241/70 266/243/71 265/242/71
f 266/243/71 267/244/72 265/242/71
f 267/244/72 266/243/71 268/245/72
f 128/104/73 149/246/73 129/105/73
f 269/152/52 270/154/52 271/153/52
f 272/152/52 273/153/52 274/154/52
f 158/138/74 157/137/74 275/247/74
f 157/137/74 276/248/74 275/247/74
f 159/141/75 277/249/75 278/250/75
f 160/142/75 277/249/75 159/141/75
f 21/251/76 170/252/76 19/253/76
f 19/253/76 170/252/76 172/254/76
f 19/255/76 174/256/76 23/257/76
f 174/256/76 19/255/76 172/258/76
f 279/259/77 280/260/77 281/261/77
f 280/260/77 279/259/77 282/262/77
f 139/263/78 283/264/78 284/265/78
f 284/265/78 137/266/78 139/263/78
f 285/267/78 137/268/78 284/269/78
f 137/268/78 285/267/78 142/270/78
f 286/152/57 287/154/57 288/153/57
f 289/152/57 290/153/57 291/154/57
f 292/271/79 293/272/79 294/273/79
f 293/272/79 292/271/79 295/274/79
f 296/275/80 297/276/80 298/277/80
f 297/276/80 296/275/80 299/278/80
f 300/279/81 301/280/81 302/281/81
f 301/280/81 300/279/81 303/282/81
f 304/275/80 305/276/80 306/277/80
f 305/276/80 304/275/80 307/278/80
f 308/279/82 309/280/82 310/282/82
f 309/280/82 308/279/82 311/281/82
f 312/283/81 313/284/81 314/285/81
f 313/284/81 312/283/81 315/286/81
f 316/276/79 317/275/79 318/277/79
f 317/275/79 316/276/79 319/278/79
f 320/280/82 321/279/82 322/281/82
f 321/279/82 320/280/82 323/282/82
f 324/152/52 325/154/52 326/153/52
f 327/152/52 328/153/52 329/154/52
f 189/287/83 330/288/83 331/289/83
f 191/290/83 189/287/83 331/289/83
f 193/291/83 332/292/83 333/293/83
f 196/294/83 193/291/83 333/293/83
f 334/295/84 335/296/84 336/297/84
f 336/297/84 337/298/84 334/295/84
f 338/297/84 339/295/84 340/298/84
f 339/295/84 338/297/84 341/296/84
f 342/299/70 343/300/70 344/301/70
f 343/300/70 342/299/70 345/302/70
f 343/300/69 346/303/69 344/301/69
f 346/303/69 343/300/69 347/304/69
f 348/305/85 114/306/85 349/307/85
f 114/306/85 348/305/85 112/308/85
f 350/309/86 351/310/86 352/311/86
f 351/310/86 350/309/86 353/312/86
f 144/313/86 353/312/86 350/309/86
f 353/312/86 144/313/86 143/314/86
f 354/315/86 351/310/86 353/312/86
f 143/314/86 354/315/86 353/312/86
f 354/315/86 143/314/86 145/316/86
f 148/317/86 354/315/86 145/316/86
f 351/310/86 354/315/86 355/318/86
f 354/315/86 148/317/86 356/319/86
f 356/319/86 355/318/86 354/315/86
f 355/318/86 356/319/86 357/320/86
f 358/321/87 359/322/87 360/323/87
f 359/322/87 358/321/87 361/324/87
f 362/325/87 359/326/87 361/327/87
f 359/326/87 362/325/87 363/328/87
f 325/295/84 364/296/84 365/297/84
f 365/297/84 326/298/84 325/295/84
f 328/298/84 366/297/84 329/295/84
f 329/295/84 366/297/84 367/296/84
f 368/329/83 175/163/83 177/165/83
f 369/330/83 368/329/83 177/165/83
f 94/331/83 369/330/83 370/332/83
f 95/333/83 94/331/83 370/332/83
f 369/330/83 177/165/83 178/166/83
f 370/332/83 369/330/83 178/166/83
f 178/166/83 371/334/83 370/332/83
f 371/334/83 178/166/83 180/168/83
f 117/335/88 372/336/88 373/337/88
f 372/336/88 117/335/88 116/338/88
f 164/339/84 374/340/84 375/341/84
f 375/341/84 165/342/84 164/339/84
f 167/298/84 376/297/84 168/295/84
f 168/295/84 376/297/84 377/296/84
f 378/343/89 26/344/90 28/345/91
f 26/344/90 378/343/89 379/346/90
f 220/295/84 380/296/84 381/297/84
f 381/297/84 221/298/84 220/295/84
f 223/298/84 382/297/84 224/295/84
f 224/295/84 382/297/84 383/296/84
f 384/296/84 271/298/84 270/295/84
f 271/298/84 384/296/84 385/297/84
f 273/298/84 386/297/84 274/295/84
f 274/295/84 386/297/84 387/296/84
f 31/347/92 388/348/93 29/349/94
f 388/348/93 31/347/92 389/350/92
f 390/351/95 391/352/95 392/353/95
f 390/351/95 393/354/95 391/352/95
f 394/355/96 395/356/96 161/145/22
f 395/356/96 162/146/22 161/145/22
f 396/357/95 397/358/95 398/359/95
f 397/358/95 396/357/95 399/360/95
f 400/152/57 401/154/57 402/153/57
f 403/152/57 404/153/57 405/154/57
f 321/361/97 406/362/98 322/363/99
f 407/364/100 408/365/100 409/366/100
f 407/364/100 410/367/100 408/365/100
f 312/368/101 314/369/102 411/370/103
f 412/152/52 334/154/52 337/153/52
f 413/152/52 340/153/52 339/154/52
f 114/306/104 414/371/105 349/307/104
f 414/371/105 114/306/104 108/372/106
f 280/373/26 282/374/26 415/375/107
f 282/374/26 416/376/107 415/375/107
f 417/377/108 156/378/108 153/379/108
f 156/378/108 417/377/108 418/380/108
f 418/380/108 417/377/108 419/381/108
f 418/380/108 419/381/108 420/382/108
f 421/383/108 422/384/108 423/385/108
f 421/383/108 423/385/108 424/386/108
f 421/383/108 419/381/108 422/384/108
f 419/381/108 421/383/108 420/382/108
f 321/361/97 425/387/109 406/362/98
f 425/387/109 321/361/97 426/388/109
f 424/386/110 423/385/110 226/204/110
f 424/386/110 226/204/110 225/203/110
f 427/389/111 117/335/112 373/337/112
f 117/335/112 427/389/111 104/390/113
f 136/112/114 428/391/115 429/392/115
f 428/391/115 136/112/114 135/111/114
f 430/393/116 431/394/116 312/368/101
f 312/368/101 411/370/103 430/393/116
f 308/361/97 432/362/98 311/363/99
f 433/395/38 434/396/38 435/397/38
f 436/398/38 433/395/38 435/397/38
f 300/361/101 302/363/102 437/362/103
f 438/399/38 439/400/38 440/401/38
f 439/400/38 438/399/38 441/402/38
f 442/403/6 443/404/6 444/405/6
f 443/404/6 442/403/6 445/406/6
f 446/407/6 443/408/6 445/409/6
f 443/408/6 446/407/6 447/410/6
f 146/124/67 127/103/67 129/105/67
f 448/411/117 77/412/118 79/413/117
f 77/412/118 448/411/117 449/414/118
f 450/415/119 28/345/120 60/416/119
f 28/345/120 450/415/119 378/343/121
f 131/107/73 147/125/73 132/108/73
f 451/387/109 308/361/97 452/388/109
f 308/361/97 451/387/109 432/362/98
f 61/412/122 453/411/123 62/413/123
f 453/411/123 61/412/122 454/414/122
f 29/349/124 455/417/125 58/418/125
f 455/417/125 29/349/124 388/348/126
f 456/419/127 393/420/127 390/421/127
f 457/422/127 393/420/127 456/419/127
f 458/423/127 398/424/127 459/425/127
f 458/423/127 396/426/127 398/424/127
f 460/387/116 461/388/116 300/361/101
f 300/361/101 437/362/103 460/387/116
f 462/427/128 463/428/128 464/429/128
f 463/428/128 462/427/128 465/430/128
f 466/431/128 465/432/128 462/433/128
f 465/432/128 466/431/128 467/434/128
f 468/435/129 438/436/130 469/437/131
f 438/436/130 468/435/129 441/438/132
f 470/439/133 112/308/133 348/305/133
f 112/308/133 470/439/133 157/440/133
f 435/441/134 471/442/135 472/443/136
f 471/442/135 435/441/134 434/444/137
f 116/338/138 473/445/138 372/336/138
f 473/445/138 116/338/138 159/446/138
f 212/447/139 474/448/139 213/449/139
f 461/450/140 303/282/140 300/279/140
f 303/282/140 461/450/140 475/451/140
f 452/450/141 310/282/141 476/451/141
f 310/282/141 452/450/141 308/279/141
f 431/452/140 315/286/140 312/283/140
f 315/286/140 431/452/140 477/453/140
f 426/450/141 323/282/141 478/451/141
f 323/282/141 426/450/141 321/279/141
f 200/447/142 202/449/142 479/448/142
f 108/84/143 111/87/143 109/85/143
f 111/87/143 108/84/143 114/90/143
f 115/91/144 104/80/144 106/82/144
f 104/80/144 115/91/144 117/93/144
f 480/454/145 481/455/145 482/456/145
f 481/455/145 480/454/145 483/457/145
f 484/458/145 485/459/145 482/460/145
f 482/460/145 485/459/145 480/461/145
f 415/375/107 486/462/146 487/463/146
f 486/462/146 415/375/107 416/376/107
f 488/464/147 296/465/148 489/466/147
f 296/465/148 488/464/147 299/467/149
f 490/468/150 318/469/151 317/470/151
f 318/469/151 490/468/150 491/471/150
f 492/468/152 306/469/153 493/471/152
f 306/469/153 492/468/152 304/470/153
f 494/472/154 184/473/154 181/474/154
f 184/473/154 494/472/154 495/475/154
f 496/476/150 294/477/151 293/478/151
f 294/477/151 496/476/150 497/479/150
f 498/480/155 427/481/155 373/482/155
f 427/481/155 498/480/155 499/483/155
f 489/468/152 298/469/153 500/471/152
f 298/469/153 489/468/152 296/470/153
f 501/484/156 349/485/156 414/486/156
f 501/484/156 414/486/156 502/487/156
f 65/488/122 503/489/123 66/490/123
f 503/489/123 65/488/122 504/491/122
f 505/492/157 506/493/157 507/494/157
f 506/493/157 505/492/157 508/495/157
f 468/435/129 507/494/157 506/493/157
f 506/493/157 441/438/132 468/435/129
f 188/496/158 509/497/158 185/498/158
f 509/497/158 188/496/158 510/499/158
f 511/500/159 512/501/159 281/502/160
f 512/501/159 279/503/160 281/502/160
f 513/504/161 395/505/96 394/506/96
f 395/505/96 513/504/161 514/507/161
f 293/508/162 515/509/163 496/510/163
f 515/509/163 293/508/162 295/511/164
f 276/512/165 470/439/165 516/513/165
f 470/439/165 276/512/165 157/440/165
f 94/331/166 331/289/166 369/330/166
f 331/289/166 94/331/166 191/290/166
f 517/514/167 518/515/167 519/516/167
f 518/515/167 517/514/167 520/517/167
f 471/442/135 517/514/167 519/516/167
f 471/442/135 434/444/137 517/514/167
f 264/518/168 342/519/168 261/520/168
f 342/519/168 264/518/168 345/521/168
f 162/522/169 428/523/169 100/524/170
f 135/525/170 100/524/170 428/523/169
f 100/524/170 135/525/170 102/526/170
f 332/292/171 193/291/171 95/333/171
f 95/333/171 370/332/171 332/292/171
f 278/527/172 521/528/172 473/445/172
f 473/445/172 159/446/172 278/527/172
f 429/529/173 161/530/173 99/531/174
f 99/531/174 136/532/174 429/529/173
f 136/532/174 99/531/174 101/533/174
f 97/534/175 333/535/175 371/536/175
f 333/535/175 97/534/175 196/537/175
f 487/463/146 486/462/146 522/538/176
f 486/462/146 523/539/176 522/538/176
f 180/540/177 524/541/177 525/542/177
f 524/541/177 180/540/177 179/543/177
f 91/544/178 368/545/178 330/546/178
f 330/546/178 189/547/178 91/544/178
f 526/548/179 527/549/179 175/550/179
f 175/550/179 527/549/179 176/551/179
f 528/552/180 352/311/180 351/310/180
f 352/311/180 528/552/180 529/553/180
f 355/318/180 528/552/180 351/310/180
f 528/552/180 355/318/180 530/554/180
f 357/320/180 530/554/180 355/318/180
f 530/554/180 357/320/180 531/555/180
f 458/556/181 438/436/130 532/557/182
f 458/556/181 469/437/131 438/436/130
f 533/464/147 304/465/148 492/466/147
f 304/465/148 533/464/147 307/467/149
f 522/538/176 514/507/161 513/504/161
f 514/507/161 522/538/176 523/539/176
f 435/441/134 456/558/183 534/559/184
f 472/443/136 456/558/183 435/441/134
f 148/560/185 182/561/185 356/562/185
f 182/561/185 148/560/185 535/563/185
f 536/464/163 317/465/162 319/467/164
f 317/465/162 536/464/163 490/466/163
f 531/564/186 537/565/186 538/566/186
f 357/567/186 537/565/186 531/564/186
f 537/565/186 539/568/186 538/566/186
f 539/568/186 537/565/186 540/569/186
f 148/560/185 495/570/185 535/563/185
f 148/560/185 130/571/185 495/570/185
f 357/567/186 541/572/186 537/565/186
f 541/572/186 357/567/186 356/562/186
f 541/572/186 356/562/186 182/561/186
f 541/572/186 182/561/186 184/573/186
f 542/574/187 151/575/187 152/576/187
f 543/577/188 463/578/188 465/579/188
f 465/579/188 544/580/188 543/577/188
f 465/581/188 545/582/188 544/583/188
f 467/584/188 545/582/188 465/581/188
f 184/573/189 130/571/189 541/572/189
f 130/571/189 184/573/189 495/570/189
f 371/536/190 98/585/190 97/534/190
f 98/585/190 371/536/190 525/542/190
f 525/542/190 371/536/190 180/540/190
f 537/565/191 542/574/191 540/569/191
f 541/572/191 542/574/191 537/565/191
f 541/572/189 151/575/189 542/574/189
f 130/571/189 151/575/189 541/572/189
f 546/411/117 73/412/118 75/413/117
f 73/412/118 546/411/117 547/414/118
f 144/586/192 350/587/192 187/588/192
f 144/586/192 187/588/192 548/589/192
f 549/590/193 529/591/193 550/592/193
f 529/591/193 549/590/193 352/593/193
f 549/590/193 550/592/193 551/594/193
f 549/590/193 551/594/193 552/595/193
f 510/596/192 144/586/192 548/589/192
f 144/586/192 510/596/192 128/597/192
f 553/598/193 352/593/193 549/590/193
f 352/593/193 553/598/193 350/587/193
f 553/598/193 187/588/193 350/587/193
f 187/588/193 553/598/193 188/599/193
f 149/600/194 554/601/194 150/602/194
f 403/447/195 555/448/195 404/449/195
f 428/523/169 162/522/169 556/603/196
f 395/604/197 556/603/196 162/522/169
f 128/597/198 188/599/198 553/598/198
f 188/599/198 128/597/198 510/596/198
f 181/605/185 183/606/185 557/607/185
f 557/607/185 494/608/185 181/605/185
f 93/609/199 368/545/199 91/544/199
f 368/545/199 93/609/199 526/548/199
f 526/548/199 175/550/199 368/545/199
f 554/601/200 549/590/200 552/595/200
f 549/590/200 554/601/200 553/598/200
f 149/600/198 553/598/198 554/601/198
f 553/598/198 149/600/198 128/597/198
f 69/412/122 558/411/123 70/413/123
f 558/411/123 69/412/122 559/414/122
f 289/447/195 560/448/195 290/449/195
f 400/447/201 402/449/201 561/448/201
f 562/610/202 394/611/203 161/530/173
f 562/610/202 161/530/173 429/529/173
f 186/612/192 185/613/192 563/614/192
f 563/614/192 185/613/192 509/615/192
f 254/447/195 564/448/195 255/449/195
f 286/447/201 288/449/201 565/448/201
f 251/447/201 253/449/201 566/448/201
f 237/616/204 567/617/204 133/618/205
f 567/617/204 568/619/206 133/618/205
f 203/447/195 569/448/195 204/449/195
f 570/620/207 543/621/207 544/622/207
f 544/622/207 571/623/207 570/620/207
f 544/624/207 572/625/207 571/626/207
f 545/627/207 572/625/207 544/624/207
f 209/628/208 573/629/209 211/630/208
f 573/629/209 209/628/208 574/631/210
f 574/631/210 575/632/211 573/629/209
f 575/632/211 574/631/210 576/633/212
f 207/634/208 574/631/210 209/628/208
f 574/631/210 207/634/208 262/635/213
f 576/633/212 577/636/214 575/632/211
f 577/636/214 576/633/212 578/637/215
f 265/638/216 578/637/215 576/633/212
f 578/637/215 265/638/216 267/639/217
f 576/633/212 262/635/213 265/638/216
f 262/635/213 576/633/212 574/631/210
f 238/640/218 134/641/219 579/642/218
f 579/642/218 134/641/219 580/643/220
f 197/447/201 199/449/201 581/448/201
f 582/644/221 395/604/197 514/645/221
f 556/603/196 395/604/197 582/644/221
f 583/646/222 89/647/223 56/648/224
f 89/647/223 583/646/222 584/649/223
f 534/650/225 436/651/225 435/652/225
f 534/650/225 585/653/225 436/651/225
f 532/654/225 440/655/225 586/656/225
f 440/655/225 532/654/225 438/657/225
f 587/658/226 206/659/227 208/660/227
f 206/659/227 587/658/226 257/661/228
f 208/660/227 588/662/229 587/658/226
f 588/662/229 208/660/227 210/663/227
f 589/664/230 587/658/226 588/662/229
f 590/665/231 587/658/226 589/664/230
f 590/665/231 257/661/228 587/658/226
f 257/661/228 590/665/231 266/666/232
f 589/664/230 591/667/233 590/665/231
f 592/668/234 590/665/231 591/667/233
f 590/665/231 592/668/234 266/666/232
f 266/666/232 592/668/234 268/669/235
f 593/646/236 40/648/237 81/647/238
f 81/647/238 594/649/238 593/646/236
f 595/670/239 513/671/239 394/611/203
f 595/670/239 394/611/203 562/610/202
f 596/672/240 514/645/221 523/673/240
f 582/644/221 514/645/221 596/672/240
f 245/674/241 597/675/241 598/676/241
f 597/675/241 245/674/241 248/677/241
f 248/677/241 599/678/241 597/675/241
f 599/678/241 248/677/241 250/679/241
f 10/680/242 600/681/243 8/682/244
f 601/683/245 235/684/245 245/674/245
f 601/683/245 245/674/245 598/676/245
f 523/673/240 602/685/246 596/672/240
f 602/685/246 523/673/240 486/686/246
f 428/687/115 562/688/247 429/689/115
f 562/688/247 428/687/115 556/690/247
f 247/691/248 603/692/248 249/693/248
f 603/692/248 247/691/248 604/694/248
f 604/694/248 246/695/248 605/696/248
f 246/695/248 604/694/248 247/691/248
f 606/697/249 607/698/249 608/699/249
f 608/699/249 609/700/249 606/697/249
f 608/701/249 610/702/249 609/703/249
f 611/704/249 610/702/249 608/701/249
f 246/695/250 612/705/250 605/696/250
f 612/705/250 246/695/250 236/706/250
f 613/707/251 522/708/251 513/671/239
f 513/671/239 595/670/239 613/707/251
f 568/619/206 17/709/252 133/618/205
f 17/709/252 568/619/206 614/710/243
f 7/711/253 9/712/254 615/713/255
f 616/714/256 522/708/251 613/707/251
f 522/708/251 616/714/256 487/715/256
f 242/716/257 617/717/257 618/718/257
f 618/718/257 239/719/257 242/716/257
f 242/720/257 619/721/257 617/722/257
f 243/723/257 619/721/257 242/720/257
f 18/724/258 580/643/220 134/641/219
f 580/643/220 18/724/258 620/725/255
f 532/557/182 396/726/259 458/556/181
f 396/726/259 532/557/182 399/727/259
f 416/728/157 602/685/246 486/686/246
f 602/685/246 416/728/157 621/729/157
f 621/729/157 416/728/157 512/730/157
f 416/728/157 279/731/157 512/730/157
f 279/731/157 416/728/157 282/732/157
f 517/733/260 622/734/261 520/735/261
f 517/733/260 623/736/207 622/734/261
f 140/737/262 241/738/262 240/739/262
f 240/739/262 138/740/262 140/737/262
f 506/741/260 624/742/261 625/743/207
f 624/742/261 506/741/260 508/744/261
f 225/745/263 626/746/263 627/747/263
f 626/746/263 225/745/263 228/748/263
f 140/749/262 244/750/262 241/751/262
f 141/752/262 244/750/262 140/749/262
f 628/753/264 608/754/264 607/755/264
f 608/754/264 628/753/264 629/756/264
f 608/757/264 630/758/264 611/759/264
f 630/758/264 608/757/264 629/760/264
f 234/761/265 601/683/265 631/762/265
f 601/683/265 234/761/265 235/684/265
f 632/763/266 226/764/266 633/765/266
f 226/764/266 632/763/266 227/766/266
f 228/748/265 634/767/265 626/746/265
f 634/767/265 228/748/265 230/768/265
f 230/768/265 635/769/265 634/767/265
f 635/769/265 230/768/265 231/770/265
f 635/769/265 231/770/265 234/761/265
f 635/769/265 234/761/265 631/762/265
f 392/771/267 534/559/184 390/772/267
f 534/559/184 456/558/183 390/772/267
f 26/344/268 379/346/268 36/773/268
f 379/346/268 110/774/268 36/773/268
f 414/371/269 110/774/268 379/346/268
f 110/774/268 414/371/269 108/372/270
f 616/714/256 415/775/167 487/715/256
f 636/776/167 415/775/167 616/714/256
f 415/775/167 636/776/167 511/777/167
f 415/775/167 511/777/167 281/778/167
f 280/779/167 415/775/167 281/778/167
f 612/705/271 233/780/271 637/781/271
f 233/780/271 612/705/271 236/706/271
f 638/782/271 227/766/271 632/763/271
f 227/766/271 638/782/271 229/783/271
f 639/784/271 229/783/271 638/782/271
f 229/783/271 639/784/271 232/785/271
f 233/780/271 639/784/271 637/781/271
f 639/784/271 233/780/271 232/785/271
f 31/347/272 34/786/272 389/350/272
f 389/350/272 34/786/272 105/787/272
f 427/389/273 389/350/272 105/787/272
f 105/787/272 104/390/274 427/389/273
f 519/788/275 640/789/275 471/790/275
f 641/791/275 640/789/275 519/788/275
f 642/792/275 507/793/275 643/794/275
f 507/793/275 468/795/275 643/794/275
f 614/710/243 10/680/242 17/709/252
f 10/680/242 614/710/243 600/681/243
f 166/796/276 168/797/276 377/798/276
f 595/799/277 596/800/278 613/801/278
f 596/800/278 595/799/277 582/802/277
f 7/711/253 620/725/255 18/724/258
f 620/725/255 7/711/253 615/713/255
f 169/803/279 644/804/279 645/805/279
f 644/804/279 169/803/279 171/806/279
f 645/807/279 173/808/279 169/809/279
f 173/808/279 645/807/279 646/810/279
f 222/811/276 224/812/276 383/813/276
f 272/811/276 274/812/276 387/813/276
f 327/811/276 329/812/276 367/813/276
f 413/811/276 339/812/276 341/813/276
f 83/814/238 647/815/238 648/816/236
f 648/816/236 43/817/237 83/814/238
f 156/818/280 649/819/280 154/820/280
f 649/819/280 156/818/280 418/821/280
f 418/821/280 420/822/280 649/819/280
f 649/819/280 420/822/280 650/823/280
f 420/822/280 421/824/280 650/823/280
f 650/823/280 421/824/280 651/825/280
f 421/824/280 424/826/280 651/825/280
f 651/825/280 424/826/280 652/827/280
f 652/827/281 225/745/281 627/747/281
f 424/826/281 225/745/281 652/827/281
f 163/828/282 374/829/282 164/830/282
f 219/811/282 380/813/282 220/812/282
f 269/811/282 384/813/282 270/812/282
f 653/831/283 419/832/283 417/833/283
f 419/832/283 653/831/283 654/834/283
f 153/835/283 653/831/283 417/833/283
f 653/831/283 153/835/283 155/836/283
f 654/834/283 422/837/283 419/832/283
f 422/837/283 654/834/283 655/838/283
f 423/839/283 655/838/283 656/840/283
f 655/838/283 423/839/283 422/837/283
f 324/811/282 364/813/282 325/812/282
f 412/811/282 335/813/282 334/812/282
f 226/764/284 656/840/284 633/765/284
f 656/840/284 226/764/284 423/839/284
f 636/841/285 621/842/285 511/500/159
f 621/842/285 512/501/159 511/500/159
f 613/843/286 596/844/286 616/845/286
f 602/846/286 616/845/286 596/844/286
f 657/847/207 658/848/207 554/849/207
f 552/850/207 657/847/207 554/849/207
f 657/847/207 659/851/207 658/848/207
f 659/851/207 660/852/207 658/848/207
f 659/851/207 542/853/207 660/852/207
f 542/853/207 659/851/207 540/854/207
f 658/848/207 660/852/207 146/855/207
f 660/852/207 147/856/207 146/855/207
f 472/857/287 457/422/287 456/419/287
f 457/422/287 472/857/287 661/858/287
f 662/859/287 469/860/287 459/425/287
f 469/860/287 458/423/287 459/425/287
f 562/688/247 582/802/277 595/799/277
f 582/802/277 562/688/247 556/690/247
f 619/861/157 611/862/157 663/863/157
f 664/864/157 663/863/157 611/862/157
f 611/862/157 630/865/157 664/864/157
f 611/862/157 619/861/157 610/866/157
f 243/867/157 610/866/157 619/861/157
f 466/868/157 610/866/157 467/869/157
f 545/870/157 467/869/157 610/866/157
f 610/866/157 243/867/157 545/870/157
f 243/867/157 572/871/157 545/870/157
f 572/871/157 243/867/157 141/872/157
f 244/873/157 141/872/157 243/867/157
f 142/874/157 572/871/157 141/872/157
f 572/871/157 142/874/157 285/875/157
f 665/876/167 607/877/167 618/878/167
f 607/877/167 665/876/167 666/879/167
f 628/880/167 607/877/167 666/879/167
f 606/881/167 618/878/167 607/877/167
f 618/878/167 606/881/167 239/882/167
f 606/881/167 464/883/167 463/884/167
f 543/885/167 606/881/167 463/884/167
f 543/885/167 239/882/167 606/881/167
f 570/886/167 239/882/167 543/885/167
f 239/882/167 570/886/167 138/887/167
f 240/888/167 239/882/167 138/887/167
f 138/887/167 570/886/167 139/889/167
f 283/890/167 139/889/167 570/886/167
f 475/891/288 667/892/289 303/893/290
f 667/892/289 475/891/288 668/894/288
f 362/895/157 484/896/157 669/897/157
f 669/897/157 363/898/157 362/895/157
f 484/896/157 362/895/157 446/899/157
f 362/895/157 447/900/157 446/899/157
f 446/899/157 485/901/157 484/896/157
f 670/902/291 115/903/291 498/904/291
f 115/903/291 670/902/291 118/905/291
f 671/892/292 476/891/293 310/893/294
f 476/891/293 671/892/292 672/894/293
f 301/906/295 303/893/290 667/892/289
f 481/907/167 358/908/167 673/909/167
f 360/910/167 673/909/167 358/908/167
f 442/911/167 358/908/167 481/907/167
f 444/912/167 358/908/167 442/911/167
f 481/907/167 483/913/167 442/911/167
f 480/914/264 445/915/264 442/916/264
f 442/916/264 483/917/264 480/914/264
f 674/646/222 87/647/223 52/648/224
f 87/647/223 674/646/222 675/649/223
f 485/918/264 445/919/264 480/920/264
f 445/919/264 485/918/264 446/921/264
f 676/922/157 173/923/157 646/924/157
f 173/923/157 676/922/157 15/925/157
f 15/925/157 676/922/157 16/926/157
f 23/927/157 173/923/157 15/925/157
f 173/923/157 23/927/157 174/928/157
f 15/925/157 5/929/157 23/927/157
f 24/930/157 23/927/157 5/929/157
f 15/925/157 6/931/157 5/929/157
f 111/932/296 113/933/296 677/934/296
f 501/935/296 111/932/296 677/934/296
f 309/906/297 671/892/292 310/893/294
f 171/936/167 678/937/167 644/938/167
f 171/936/167 13/939/167 678/937/167
f 14/940/167 678/937/167 13/939/167
f 13/939/167 171/936/167 21/941/167
f 21/941/167 171/936/167 170/942/167
f 13/939/167 21/941/167 3/943/167
f 22/944/167 3/943/167 21/941/167
f 4/945/167 13/939/167 3/943/167
f 666/946/298 665/947/298 679/948/298
f 679/948/298 680/949/298 666/946/298
f 663/950/298 664/951/298 679/952/298
f 679/952/298 664/951/298 680/953/298
f 681/646/236 47/648/237 85/647/238
f 85/647/238 682/649/238 681/646/236
f 433/954/299 517/733/260 434/955/299
f 517/733/260 433/954/299 623/736/207
f 439/956/299 506/741/260 625/743/207
f 506/741/260 439/956/299 441/957/299
f 583/646/222 56/648/224 53/958/300
f 544/959/167 242/960/167 609/961/167
f 544/959/167 609/961/167 465/962/167
f 609/961/167 462/963/167 465/962/167
f 571/964/167 242/960/167 544/959/167
f 617/965/167 609/961/167 242/960/167
f 609/961/167 617/965/167 608/966/167
f 679/967/167 608/966/167 617/965/167
f 608/966/167 679/967/167 680/968/167
f 629/969/167 608/966/167 680/968/167
f 242/960/167 571/964/167 140/970/167
f 241/971/167 242/960/167 140/970/167
f 140/970/167 571/964/167 137/972/167
f 284/973/167 137/972/167 571/964/167
f 482/974/167 361/975/167 683/976/167
f 359/977/167 683/976/167 361/975/167
f 445/978/167 361/975/167 482/974/167
f 443/979/167 361/975/167 445/978/167
f 482/974/167 480/980/167 445/978/167
f 169/981/167 684/982/167 645/983/167
f 169/981/167 11/984/167 684/982/167
f 12/985/167 684/982/167 11/984/167
f 11/984/167 169/981/167 19/986/167
f 19/986/167 169/981/167 172/987/167
f 11/984/167 19/986/167 1/988/167
f 20/989/167 1/988/167 19/986/167
f 2/990/167 11/984/167 1/988/167
f 640/991/301 623/992/302 433/993/303
f 623/992/302 640/991/301 641/994/301
f 278/995/304 685/996/304 521/997/304
f 685/996/304 278/995/304 277/998/304
f 686/999/305 276/1000/305 516/1001/305
f 276/1000/305 686/999/305 275/1002/305
f 593/646/236 38/958/306 40/648/237
f 477/1003/288 687/1004/289 315/1005/290
f 687/1004/289 477/1003/288 688/1006/288
f 625/1007/307 643/1008/308 439/1009/309
f 643/1008/308 625/1007/307 642/1010/308
f 679/1011/310 618/1012/310 617/1013/310
f 618/1012/310 679/1011/310 665/1014/310
f 617/1015/310 663/1016/310 679/1017/310
f 619/1018/310 663/1016/310 617/1015/310
f 628/1019/311 666/1020/311 680/1021/311
f 680/1021/311 629/1022/311 628/1019/311
f 664/1023/311 629/1024/311 680/1025/311
f 629/1024/311 664/1023/311 630/1026/311
f 689/892/292 478/891/293 323/893/294
f 478/891/293 689/892/292 690/894/293
f 313/1027/295 315/1005/290 687/1004/289
f 518/1028/86 641/791/86 519/788/86
f 518/1028/86 691/1029/86 641/791/86
f 505/1030/86 642/792/86 692/1031/86
f 642/792/86 505/1030/86 507/793/86
f 320/906/297 689/892/292 323/893/294
f 658/1032/312 146/1033/312 150/1034/312
f 197/811/195 693/813/195 198/812/195
f 147/1035/313 660/1036/313 152/1037/313
f 203/811/201 205/812/201 694/813/201
f 251/811/195 695/813/195 252/812/195
f 372/1038/314 498/480/314 373/482/314
f 372/1038/314 670/1039/314 498/480/314
f 348/1040/314 501/484/314 677/1041/314
f 501/484/314 348/1040/314 349/485/314
f 286/811/195 696/813/195 287/812/195
f 254/811/201 256/812/201 697/813/201
f 648/816/236 41/1042/306 43/817/237
f 289/811/201 291/812/201 698/813/201
f 400/811/195 699/813/195 401/812/195
f 403/811/201 405/812/201 700/813/201
f 368/329/315 331/289/315 330/288/315
f 368/329/315 369/330/315 331/289/315
f 371/334/315 332/292/315 370/332/315
f 332/292/315 371/334/315 333/293/315
f 701/1043/157 702/1044/157 703/1045/157
f 702/1044/157 701/1043/157 704/1046/157
f 701/1043/157 409/1047/157 704/1046/157
f 409/1047/157 701/1043/157 407/1048/157
f 578/1049/316 268/1050/316 592/1051/316
f 268/1050/316 578/1049/316 267/1052/316
f 705/1053/317 316/1054/318 318/1055/318
f 318/1055/318 491/1056/319 705/1053/317
f 691/1057/157 623/992/302 641/994/301
f 623/992/302 691/1057/157 622/1058/157
f 706/1059/167 707/1060/167 708/1061/167
f 708/1061/167 709/1062/167 706/1059/167
f 408/1063/167 706/1059/167 709/1062/167
f 706/1059/167 408/1063/167 410/1064/167
f 670/902/320 160/1065/320 118/905/320
f 160/1065/320 670/902/320 710/1066/320
f 306/1055/321 711/1053/322 493/1056/323
f 711/1053/322 306/1055/321 305/1054/321
f 692/1067/167 642/1010/308 625/1007/307
f 625/1007/307 624/1068/167 692/1067/167
f 163/1069/276 165/1070/276 375/1071/276
f 158/1072/324 677/934/324 113/933/324
f 677/934/324 158/1072/324 712/1073/324
f 219/447/276 221/449/276 381/448/276
f 269/447/276 271/449/276 385/448/276
f 324/447/276 326/449/276 365/448/276
f 412/447/276 337/449/276 336/448/276
f 673/1074/325 482/1075/325 481/1076/325
f 482/1075/325 673/1074/325 683/1077/325
f 674/646/222 52/648/224 49/958/300
f 669/1078/325 482/1079/325 683/1080/325
f 482/1079/325 669/1078/325 484/1081/325
f 166/447/282 376/448/282 167/449/282
f 444/1082/326 361/1083/326 358/1084/326
f 361/1083/326 444/1082/326 443/1085/326
f 447/1086/326 361/1087/326 443/1088/326
f 361/1087/326 447/1086/326 362/1089/326
f 222/447/282 382/448/282 223/449/282
f 272/447/282 386/448/282 273/449/282
f 327/447/282 366/448/282 328/449/282
f 413/447/282 338/448/282 340/449/282
f 681/646/236 45/958/306 47/648/237
f 425/1090/327 689/1091/328 406/1092/329
f 425/1090/327 690/1093/327 689/1091/328
f 294/1094/318 497/1095/319 713/1096/317
f 713/1096/317 292/1097/318 294/1094/318
f 687/1098/330 430/1099/331 411/1100/332
f 430/1099/331 687/1098/330 688/1101/331
f 518/1102/84 520/1103/84 691/1104/84
f 691/1104/84 520/1103/84 622/1105/84
f 277/1106/333 710/1066/333 685/1107/333
f 710/1066/333 277/1106/333 160/1065/333
f 451/1090/327 672/1093/327 671/1091/328
f 451/1090/327 671/1091/328 432/1092/329
f 624/1108/84 505/1109/84 692/1110/84
f 505/1109/84 624/1108/84 508/1111/84
f 457/1112/181 436/1113/157 585/1114/182
f 436/1113/157 457/1112/181 661/1115/157
f 667/1091/330 460/1090/331 437/1092/332
f 460/1090/331 667/1091/330 668/1093/331
f 640/991/301 436/1113/157 661/1115/157
f 433/993/303 436/1113/157 640/991/301
f 499/1116/334 498/904/157 115/903/157
f 106/1117/334 499/1116/334 115/903/157
f 616/845/335 602/846/335 636/841/335
f 602/846/335 621/842/335 636/841/335
f 298/1055/321 714/1053/322 500/1056/323
f 714/1053/322 298/1055/321 297/1054/321
f 275/1118/336 712/1073/336 158/1072/336
f 712/1073/336 275/1118/336 686/1119/336
f 459/1120/183 440/1121/167 662/1122/167
f 440/1121/167 459/1120/183 586/1123/184
f 643/1008/308 662/1122/167 440/1121/167
f 440/1121/167 439/1009/309 643/1008/308
f 109/1124/337 111/932/167 502/1125/337
f 502/1125/337 111/932/167 501/935/167
f 499/1116/133 103/1126/338 715/1127/339
f 103/1126/338 499/1116/133 106/1117/133
f 346/1128/340 259/1129/341 344/1130/341
f 259/1129/341 346/1128/340 258/1131/340
f 342/1132/342 344/1130/341 259/1129/341
f 259/1129/341 261/1133/342 342/1132/342
f 200/796/343 716/798/343 201/797/343
f 107/1134/344 502/1125/138 717/1135/345
f 502/1125/138 107/1134/344 109/1124/138
f 347/1136/346 263/1137/347 260/1138/346
f 347/1136/346 343/1139/347 263/1137/347
f 345/1140/348 263/1137/347 343/1139/347
f 263/1137/347 345/1140/348 264/1141/348
f 292/271/349 713/1142/350 515/1143/350
f 295/274/349 292/271/349 515/1143/350
f 297/276/351 488/1144/352 714/1145/352
f 299/278/351 488/1144/352 297/276/351
f 400/796/353 561/798/353 699/797/353
f 212/796/354 214/797/354 718/798/354
f 403/796/353 700/797/353 555/798/353
f 319/278/349 316/276/349 536/1144/350
f 316/276/349 705/1145/350 536/1144/350
f 305/276/351 533/1144/352 711/1145/352
f 307/278/351 533/1144/352 305/276/351
f 72/1146/355 71/1147/356 719/1148/357
f 719/1148/357 720/1149/355 72/1146/355
f 551/1150/358 721/1151/358 552/850/358
f 721/1151/358 657/847/358 552/850/358
f 721/1151/358 659/851/358 657/847/358
f 659/851/358 721/1151/358 722/1152/358
f 540/854/358 722/1152/358 539/1153/358
f 722/1152/358 540/854/358 659/851/358
f 74/1147/359 76/1146/360 723/1148/361
f 723/1148/361 76/1146/360 724/1149/360
f 673/1154/362 359/1155/362 683/1156/362
f 359/1155/362 673/1154/362 360/1157/362
f 359/1158/362 669/1159/362 683/1160/362
f 363/1161/362 669/1159/362 359/1158/362
f 286/796/353 565/798/353 696/797/353
f 289/796/353 698/797/353 560/798/353
f 585/1114/182 393/1162/259 457/1112/181
f 393/1162/259 585/1114/182 391/1163/259
f 527/1164/363 179/1165/363 176/1166/363
f 179/1165/363 527/1164/363 524/1167/363
f 725/1168/364 30/1169/365 57/1170/364
f 30/1169/365 725/1168/364 726/1171/366
f 464/1172/367 606/1173/367 609/1174/367
f 609/1174/367 462/1175/367 464/1172/367
f 586/1123/184 398/1176/267 397/1177/267
f 398/1176/267 586/1123/184 459/1120/183
f 609/1178/367 466/1179/367 462/1180/367
f 610/1181/367 466/1179/367 609/1178/367
f 406/1092/329 689/1091/328 320/1182/368
f 406/1092/329 320/1182/368 322/1183/368
f 411/1100/332 313/1184/369 687/1098/330
f 313/1184/369 411/1100/332 314/1185/369
f 432/1092/329 671/1091/328 309/1182/368
f 432/1092/329 309/1182/368 311/1183/368
f 301/1182/369 437/1092/332 302/1183/369
f 437/1092/332 301/1182/369 667/1091/330
f 68/1186/355 67/1187/356 727/1188/357
f 727/1188/357 728/1189/355 68/1186/355
f 729/1190/370 59/1191/370 25/1192/371
f 729/1190/370 25/1192/371 730/1193/372
f 190/1194/373 121/1195/373 120/1196/373
f 121/1195/373 190/1194/373 216/1197/373
f 702/1198/374 704/1199/374 526/1200/374
f 526/1200/374 93/1201/374 702/1198/374
f 92/1202/374 702/1198/374 93/1201/374
f 702/1198/374 92/1202/374 731/1203/374
f 92/1202/374 732/1204/374 731/1203/374
f 92/1202/374 96/1205/374 732/1204/374
f 708/1206/374 732/1204/374 96/1205/374
f 96/1205/374 98/1207/374 708/1206/374
f 603/1208/260 250/1209/260 249/1210/260
f 603/1208/260 599/1211/260 250/1209/260
f 708/1206/374 525/1212/374 709/1213/374
f 525/1212/374 708/1206/374 98/1207/374
f 733/1214/20 551/1215/20 550/1216/20
f 551/1215/20 733/1214/20 721/1217/20
f 734/1218/20 721/1217/20 733/1214/20
f 721/1217/20 734/1218/20 722/1219/20
f 538/1220/20 722/1219/20 734/1218/20
f 722/1219/20 538/1220/20 539/1221/20
f 734/1218/20 531/1222/20 538/1220/20
f 531/1222/20 734/1218/20 530/1223/20
f 529/1224/20 733/1214/20 550/1216/20
f 733/1214/20 529/1224/20 528/1225/20
f 530/1223/20 733/1214/20 528/1225/20
f 733/1214/20 530/1223/20 734/1218/20
f 251/796/353 566/798/353 695/797/353
f 254/796/353 697/797/353 564/798/353
f 126/1226/375 195/1227/375 123/1228/375
f 195/1227/375 126/1226/375 218/1229/375
f 715/1127/376 33/1230/377 32/1231/378
f 33/1230/377 715/1127/376 103/1126/379
f 640/1232/380 472/1233/380 471/1234/380
f 472/1233/380 640/1232/380 661/1235/380
f 643/1236/380 469/1237/380 662/1238/380
f 469/1237/380 643/1236/380 468/1239/380
f 211/1240/381 588/1241/382 210/1242/381
f 211/1240/381 573/1243/382 588/1241/382
f 573/1243/382 589/1244/383 588/1241/382
f 589/1244/383 573/1243/382 575/1245/383
f 589/1244/383 575/1245/383 577/1246/64
f 589/1244/383 577/1246/64 591/1247/64
f 391/352/384 534/650/384 392/353/384
f 534/650/384 391/352/384 585/653/384
f 62/1248/385 735/1249/385 63/1250/385
f 735/1249/385 62/1248/385 453/1251/385
f 397/358/384 532/654/384 586/656/384
f 532/654/384 397/358/384 399/360/384
f 736/1249/386 79/1248/386 78/1250/386
f 736/1249/386 448/1251/386 79/1248/386
f 580/1252/387 567/1253/388 579/1254/388
f 567/1253/388 580/1252/387 568/1255/387
f 66/1256/385 727/1257/385 67/1258/385
f 727/1257/385 66/1256/385 503/1259/385
f 723/1249/386 75/1248/386 74/1250/386
f 723/1249/386 546/1251/386 75/1248/386
f 35/1260/389 717/1135/390 27/1261/391
f 717/1135/390 35/1260/389 107/1134/392
f 70/1248/385 719/1249/385 71/1250/385
f 719/1249/385 70/1248/385 558/1251/385
f 183/1262/393 535/1263/393 557/1264/393
f 535/1263/393 183/1262/393 182/1265/393
f 186/1266/394 548/1267/394 187/1268/394
f 548/1267/394 186/1266/394 563/1269/394
f 473/1270/395 670/1039/395 372/1038/395
f 473/1270/395 710/1271/395 670/1039/395
f 470/1272/395 677/1041/395 712/1273/395
f 677/1041/395 470/1272/395 348/1040/395
f 703/1274/374 706/1275/374 701/1276/374
f 706/1275/374 703/1274/374 707/1277/374
f 46/1278/396 737/1279/397 86/1280/398
f 737/1279/397 738/1281/398 86/1280/398
f 64/1146/355 63/1147/356 735/1148/357
f 735/1148/357 739/1149/355 64/1146/355
f 212/811/399 718/812/399 474/813/399
f 197/796/353 581/798/353 693/797/353
f 200/811/400 479/813/400 716/812/400
f 155/1282/401 649/1283/401 653/1284/401
f 155/1282/401 154/1285/401 649/1283/401
f 649/1283/401 654/1286/401 653/1284/401
f 654/1286/401 649/1283/401 650/1287/401
f 651/1288/401 656/1289/401 655/1290/401
f 656/1289/401 651/1288/401 652/1291/401
f 654/1286/401 651/1288/401 655/1290/401
f 654/1286/401 650/1287/401 651/1288/401
f 740/1279/402 88/1280/403 741/1281/403
f 88/1280/403 740/1279/402 50/1278/404
f 203/796/353 694/797/353 569/798/353
f 656/1289/21 627/1292/21 633/1293/21
f 656/1289/21 652/1291/21 627/1292/21
f 78/1147/359 80/1146/360 736/1148/361
f 736/1148/361 80/1146/360 742/1149/360
f 591/1294/405 578/1049/405 592/1051/405
f 578/1049/405 591/1294/405 577/1295/405
f 710/1271/406 473/1270/406 521/1296/406
f 710/1271/406 521/1296/406 685/1297/406
f 516/1298/406 712/1273/406 686/1299/406
f 712/1273/406 516/1298/406 470/1272/406
f 455/1300/407 725/1301/407 58/1302/407
f 57/1303/407 58/1302/407 725/1301/407
f 729/1304/408 60/1305/408 59/1306/408
f 729/1304/408 450/1307/408 60/1305/408
f 194/1308/409 125/1309/409 124/1310/409
f 125/1309/409 194/1308/409 217/1311/409
f 42/1312/396 743/1313/397 84/1314/398
f 743/1313/397 744/1315/398 84/1314/398
f 149/1316/410 146/1317/410 129/1318/410
f 147/1319/410 151/1320/410 132/1321/410
f 32/1231/411 726/1171/412 715/1127/376
f 726/1171/412 32/1231/411 30/1169/413
f 122/1322/414 192/1323/414 119/1324/414
f 192/1323/414 122/1322/414 215/1325/414
f 48/1326/415 737/1279/397 46/1278/396
f 730/1193/416 25/1192/417 27/1261/418
f 27/1261/418 717/1135/390 730/1193/416
f 620/1327/419 568/1255/387 580/1252/387
f 568/1255/387 620/1327/419 614/1328/419
f 51/1326/420 50/1278/404 740/1279/402
f 561/297/51 402/298/51 401/295/51
f 401/295/51 699/296/51 561/297/51
f 405/295/51 555/297/51 700/296/51
f 404/298/51 555/297/51 405/295/51
f 612/1329/421 598/1330/421 605/1331/421
f 612/1329/421 601/1332/421 598/1330/421
f 213/298/422 474/297/422 214/295/422
f 214/295/422 474/297/422 718/296/422
f 201/295/423 479/297/423 202/298/423
f 201/295/423 716/296/423 479/297/423
f 605/1331/421 597/1333/421 604/1334/421
f 597/1333/421 605/1331/421 598/1330/421
f 597/1333/421 603/1335/421 604/1334/421
f 603/1335/421 597/1333/421 599/1336/421
f 409/1337/424 526/1200/424 704/1199/424
f 526/1200/424 409/1337/424 527/1338/424
f 408/1339/424 527/1338/424 409/1337/424
f 527/1338/424 408/1339/424 524/1340/424
f 525/1212/424 408/1339/424 709/1213/424
f 525/1212/424 524/1340/424 408/1339/424
f 696/296/51 288/298/51 287/295/51
f 288/298/51 696/296/51 565/297/51
f 290/298/51 560/297/51 291/295/51
f 291/295/51 560/297/51 698/296/51
f 37/1278/396 745/1279/397 82/1280/398
f 745/1279/397 746/1281/398 82/1280/398
f 581/297/51 199/298/51 198/295/51
f 198/295/51 693/296/51 581/297/51
f 90/1280/403 747/1279/402 54/1278/404
f 747/1279/402 90/1280/403 748/1281/403
f 204/298/51 569/297/51 205/295/51
f 205/295/51 569/297/51 694/296/51
f 566/297/51 253/298/51 252/295/51
f 252/295/51 695/296/51 566/297/51
f 256/295/51 564/297/51 697/296/51
f 255/298/51 564/297/51 256/295/51
f 44/1341/415 743/1313/397 42/1312/396
f 627/1292/311 632/1342/311 633/1293/311
f 632/1342/311 627/1292/311 626/1343/311
f 626/1343/425 638/1344/425 632/1342/425
f 638/1344/425 626/1343/425 634/1345/425
f 638/1344/425 635/1346/425 639/1347/425
f 638/1344/425 634/1345/425 635/1346/425
f 639/1347/425 631/1348/425 637/1349/425
f 631/1348/425 639/1347/425 635/1346/425
f 631/1348/311 612/1329/311 637/1349/311
f 612/1329/311 631/1348/311 601/1332/311
f 706/1275/424 407/1350/424 701/1276/424
f 407/1350/424 706/1275/424 410/1351/424
f 554/849/426 658/848/426 150/1352/426
f 3/1353/427 22/1354/427 1/1355/427
f 1/1355/427 22/1354/427 20/1356/427
f 20/1357/427 5/1358/427 1/1359/427
f 5/1358/427 20/1357/427 24/1360/427
f 660/852/426 542/853/426 152/1361/426
f 346/1362/428 260/1363/428 258/1364/428
f 346/1362/428 347/1365/428 260/1363/428
f 39/1326/415 745/1279/397 37/1278/396
f 412/796/429 336/798/429 335/797/429
f 413/796/429 341/797/429 338/798/429
f 55/1326/420 54/1278/404 747/1279/402
f 283/1366/430 570/1367/430 571/1368/430
f 571/1368/430 284/1369/430 283/1366/430
f 571/1370/430 285/1371/430 284/1372/430
f 572/1373/430 285/1371/430 571/1370/430
f 324/796/429 365/798/429 364/797/429
f 327/796/429 367/797/429 366/798/429
f 557/1374/431 495/1375/431 494/1376/431
f 495/1375/431 557/1374/431 535/1377/431
f 563/1378/432 510/1379/432 548/1380/432
f 510/1379/432 563/1378/432 509/1381/432
f 427/481/433 715/1382/433 389/1383/433
f 715/1382/433 427/481/433 499/483/433
f 414/486/434 717/1384/434 502/487/434
f 717/1384/434 414/486/434 379/1385/434
f 620/1327/419 615/1386/435 600/1387/435
f 600/1387/435 614/1328/419 620/1327/419
f 269/796/429 385/798/429 384/797/429
f 272/796/429 387/797/429 386/798/429
f 219/796/429 381/798/429 380/797/429
f 222/796/429 383/797/429 382/798/429
f 644/1388/436 678/1389/436 645/1390/436
f 645/1390/436 678/1389/436 684/1391/436
f 702/1392/437 731/1393/437 703/1394/437
f 732/1395/437 703/1394/437 731/1393/437
f 703/1394/437 732/1395/437 707/1396/437
f 732/1395/437 708/1397/437 707/1396/437
f 645/1398/436 676/1399/436 646/1400/436
f 676/1399/436 645/1398/436 684/1401/436
f 190/1402/438 215/1325/438 216/1403/438
f 190/1402/438 192/1323/438 215/1325/438
f 194/1308/438 218/1404/438 217/1311/438
f 218/1404/438 194/1308/438 195/1405/438
f 163/1406/429 375/1407/429 374/1408/429
f 166/811/429 377/812/429 376/813/429
f 615/1386/435 9/1409/439 8/1410/439
f 8/1410/439 600/1387/435 615/1386/435
f 593/1411/440 39/1412/440 38/1413/440
f 39/1412/440 593/1411/440 745/1414/440
f 55/1412/441 583/1411/441 53/1413/441
f 583/1411/441 55/1412/441 747/1414/441
f 648/1415/440 44/1416/440 41/1417/440
f 44/1416/440 648/1415/440 743/1418/440
f 681/1411/440 48/1412/440 45/1413/440
f 48/1412/440 681/1411/440 737/1414/440
f 51/1412/441 674/1411/441 49/1413/441
f 674/1411/441 51/1412/441 740/1414/441
f 4/1419/442 11/1420/442 13/1421/442
f 2/1422/442 11/1420/442 4/1419/442
f 6/1423/442 15/1424/442 11/1425/442
f 11/1425/442 2/1426/442 6/1423/442
f 14/1427/443 684/1428/443 678/1429/443
f 12/1430/443 684/1428/443 14/1427/443
f 16/1431/443 676/1432/443 684/1433/443
f 684/1433/443 12/1434/443 16/1431/443
f 388/1435/110 725/1436/110 455/1437/110
f 725/1436/110 388/1435/110 726/1438/110
f 378/1439/110 729/1440/110 730/1441/110
f 729/1440/110 378/1439/110 450/1442/110
f 389/1383/444 726/1443/444 388/1444/444
f 726/1443/444 389/1383/444 715/1382/444
f 730/1445/445 379/1385/445 378/1446/445
f 379/1385/445 730/1445/445 717/1384/445
f 454/1447/446 735/1448/447 453/1449/447
f 735/1448/447 454/1447/446 739/1450/446
f 504/1451/446 727/1452/447 503/1453/447
f 727/1452/447 504/1451/446 728/1454/446
f 449/1447/448 736/1448/449 742/1450/448
f 736/1448/449 449/1447/448 448/1449/449
f 559/1447/446 719/1448/447 558/1449/447
f 719/1448/447 559/1447/446 720/1450/446
f 723/1448/449 547/1447/448 546/1449/449
f 547/1447/448 723/1448/449 724/1450/448
f 594/1455/450 745/1414/450 593/1411/450
f 745/1414/450 594/1455/450 746/1456/450
f 584/1455/451 747/1414/451 748/1456/451
f 747/1414/451 584/1455/451 583/1411/451
f 682/1455/450 737/1414/450 681/1411/450
f 737/1414/450 682/1455/450 738/1456/450
f 647/1457/450 743/1418/450 648/1415/450
f 743/1418/450 647/1457/450 744/1458/450
f 740/1414/451 675/1455/451 674/1411/451
f 675/1455/451 740/1414/451 741/1456/451
