# Roblox asset pack: argentavis (creatures), from the Studio model "Argentavis". Exported with Export Selection, split by tools/build_creatures.py: one object per rigid body. Units: studs. +Y up, front faces -Z, pivot (bottom centre) at the origin.
mtllib argentavis.mtl

v 1.45900 0.02000 -1.15000
v 1.44400 0.00000 -1.15000
v 1.45900 0.02000 -1.18000
v 1.44400 0.00000 -1.18000
v 1.05500 0.23000 -1.24000
v 0.99300 0.37000 -1.43000
v 1.14000 0.34000 -1.24000
v 0.99300 0.52000 -1.42000
v 1.15200 1.41000 0.05000
v 1.16800 1.71000 0.52000
v 1.13800 1.30000 0.25000
v 1.16300 1.16000 0.74000
v 1.17900 2.08000 0.30000
v 1.16200 1.77000 -0.19000
v 1.02500 0.63000 -1.02000
v 1.14000 0.34000 -1.10000
v 0.93300 0.51000 -2.06000
v 0.93300 0.48000 -2.06000
v 1.12500 0.81000 0.11000
v 1.09800 1.19000 -0.07000
v 1.04000 0.42000 -0.92000
v 0.93300 0.09000 -0.69000
v 0.98600 0.37000 -0.95000
v 0.93300 0.11000 -0.67000
v 0.98600 0.26000 -1.03000
v 1.05500 0.23000 -1.10000
v 0.57700 1.77000 -0.17000
v 0.59400 2.08000 0.32000
v 0.67600 1.17000 -0.07000
v 0.62400 1.28000 0.27000
v 0.79300 0.62000 -1.02000
v 0.84600 0.52000 -1.42000
v 0.90600 0.51000 -2.06000
v 0.90600 0.11000 -0.67000
v 0.85200 0.37000 -0.95000
v 0.62000 1.71000 0.54000
v 0.64800 1.14000 0.76000
v 0.85200 0.26000 -1.03000
v 0.90600 0.09000 -0.69000
v 0.79700 0.23000 -1.10000
v 0.80800 0.41000 -0.92000
v 0.43400 0.02000 -1.15000
v 0.45500 0.00000 -1.15000
v 0.70600 0.33000 -1.10000
v 0.43400 0.02000 -1.18000
v 0.45500 0.00000 -1.18000
v 0.84600 0.37000 -1.43000
v 0.79700 0.23000 -1.23000
v 0.70600 0.33000 -1.23000
v 0.60400 1.41000 0.07000
v 0.70400 0.79000 0.11000
v 0.90600 0.48000 -2.06000
v 1.22700 3.11000 0.12000
v 1.62300 2.30000 -0.70000
v 1.43700 2.95000 -0.68000
v 1.32200 2.52000 0.46000
v 1.35300 1.63000 -0.12000
v 1.16200 1.94000 0.56000
v 0.79400 2.92000 -0.84000
v 0.58500 3.08000 -0.04000
v 0.39900 2.48000 0.23000
v 0.41600 1.86000 0.38000
v 0.70000 2.25000 -0.93000
v 0.60600 1.55000 -0.30000
v 7.31200 5.07000 -3.12000
v 7.85600 6.12000 -2.53000
v 7.28400 4.98000 -2.54000
v 7.85000 6.10000 -2.49000
v 7.81900 6.15000 -2.53000
v 7.81300 6.13000 -2.49000
v 5.94200 4.84000 -3.21000
v 4.30200 4.09000 -2.89000
v 6.01300 4.81000 -2.40000
v 6.89300 5.48000 -3.08000
v 4.41700 4.09000 -2.26000
v 6.86500 5.39000 -2.50000
v 2.29100 3.90000 -2.44000
v 2.36800 3.90000 -1.82000
v 0.60100 3.92000 -1.73000
v 0.57700 3.92000 -2.40000
v 6.42300 4.12000 -2.47000
v 4.56200 3.47000 -2.28000
v 2.39600 3.28000 -1.82000
v 0.60400 3.25000 -1.73000
v 0.58000 3.25000 -2.40000
v 6.35300 4.15000 -3.27000
v 4.44800 3.46000 -2.91000
v 2.31900 3.28000 -2.44000
v 6.62500 4.29000 -1.75000
v 6.74500 4.59000 -2.46000
v 6.62500 4.67000 -1.75000
v 7.12500 4.50000 0.13000
v 7.12500 4.46000 0.13000
v 6.32100 4.95000 -2.12000
v 6.58900 4.59000 -2.02000
v 7.29200 5.11000 -2.21000
v 7.85300 6.12000 -1.19000
v 7.11000 5.06000 -1.89000
v 5.00900 3.83000 0.80000
v 5.06200 3.62000 -0.81000
v 5.06200 3.93000 -0.81000
v 5.00900 3.72000 0.80000
v 4.81700 3.59000 -1.60000
v 4.81700 3.96000 -1.60000
v 4.77600 3.64000 -1.94000
v 4.69800 4.03000 -1.93000
v 2.63000 3.75000 -1.39000
v 2.73900 3.42000 -1.59000
v 2.70600 3.82000 -1.58000
v 2.63000 3.43000 -1.39000
v 2.85300 3.68000 -0.56000
v 2.85300 3.51000 -0.56000
v 2.88400 3.61000 0.07000
v 2.88400 3.58000 0.07000
v 5.66600 4.55000 -2.59000
v 5.73700 4.55000 -2.10000
v 5.00200 4.23000 -2.02000
v 4.93800 4.23000 -2.46000
v 6.26500 4.67000 -1.62000
v 4.60600 4.09000 -2.40000
v 6.47700 4.95000 -2.55000
v 7.08100 4.50000 0.14000
v 4.36600 3.97000 -1.76000
v 4.10400 3.95000 -1.88000
v 4.47200 3.96000 -1.48000
v 4.01800 3.95000 -2.28000
v 4.75600 3.93000 -0.75000
v 2.62200 3.82000 -1.97000
v 4.90800 3.83000 0.80000
v 2.01200 3.79000 -1.49000
v 1.99800 3.79000 -1.89000
v 0.58200 3.80000 -1.86000
v 0.59700 3.80000 -1.43000
v 2.32600 3.75000 -1.28000
v 2.68800 3.68000 -0.52000
v 2.85500 3.61000 0.07000
v 6.88500 5.35000 -1.97000
v 7.06600 5.40000 -2.29000
v 7.83400 6.14000 -1.20000
v 7.81600 6.13000 -1.17000
v 7.83400 6.11000 -1.17000
v 7.08100 4.46000 0.14000
v 4.90800 3.72000 0.80000
v 2.85500 3.58000 0.07000
v 2.32600 3.43000 -1.28000
v 2.01400 3.39000 -1.49000
v 0.59900 3.37000 -1.43000
v 4.36600 3.58000 -1.76000
v 4.13800 3.54000 -1.89000
v 5.16600 3.82000 -2.04000
v 5.91700 4.09000 -2.13000
v 6.26500 4.29000 -1.62000
v 0.58400 3.37000 -1.86000
v 2.68800 3.51000 -0.52000
v 4.47200 3.59000 -1.48000
v 4.75600 3.62000 -0.75000
v 5.84600 4.09000 -2.61000
v 4.76200 3.69000 -2.42000
v 4.05200 3.54000 -2.28000
v 2.65500 3.42000 -1.98000
v 2.00000 3.39000 -1.89000
v 6.48700 4.49000 -2.89000
v 7.13300 5.09000 -1.00000
v 7.04100 4.49000 -0.07000
v 7.13300 5.09000 -2.76000
v 7.51100 5.68000 -1.29000
v 7.51100 5.68000 -2.59000
v 1.74300 3.59000 -2.16000
v 0.60100 3.59000 -0.94000
v 0.60100 3.59000 -2.16000
v 1.74300 3.59000 -0.79000
v 2.88500 3.60000 -2.17000
v 2.88500 3.60000 -0.05000
v 3.92100 3.69000 -0.13000
v 3.92100 3.69000 -2.46000
v 4.95800 3.78000 -2.59000
v 4.95800 3.78000 0.40000
v 6.01500 4.13000 -0.13000
v 6.01500 4.29000 -2.84000
v 0.67400 4.25000 -4.07000
v 0.50100 4.02000 -3.54000
v 0.65100 3.66000 -4.08000
v 0.50100 3.61000 -3.58000
v 0.50100 4.43000 -3.50000
v 0.69600 4.83000 -4.07000
v 0.71200 4.19000 -4.32000
v 0.74800 3.58000 -4.59000
v 0.74800 4.19000 -4.55000
v 0.71200 4.23000 -4.32000
v 0.72200 4.48000 -4.32000
v 0.74800 4.84000 -4.50000
v 0.74800 4.43000 -4.53000
v 0.59500 4.38000 -4.77000
v 0.46900 4.50000 -5.11000
v 0.46900 4.25000 -4.97000
v 0.60100 4.23000 -4.77000
v 0.61400 4.19000 -4.77000
v 0.46900 3.71000 -5.20000
v -0.74800 4.84000 -4.50000
v -0.46900 4.50000 -5.11000
v -0.69600 4.83000 -4.07000
v -0.50100 4.43000 -3.50000
v -0.64100 4.19000 -4.32000
v -0.55400 4.19000 -4.77000
v -0.74800 4.19000 -4.55000
v -0.60400 4.19000 -4.77000
v -0.71100 4.19000 -4.32000
v 0.55400 4.19000 -4.77000
v 0.64100 4.19000 -4.32000
v -0.63700 4.38000 -4.77000
v -0.60100 4.23000 -4.77000
v -0.55400 4.38000 -4.77000
v 0.55400 4.38000 -4.77000
v -0.50100 4.02000 -3.54000
v -0.65100 3.66000 -4.08000
v -0.50100 3.61000 -3.58000
v -0.67400 4.25000 -4.07000
v -0.74800 3.58000 -4.59000
v -0.71200 4.23000 -4.32000
v -0.71500 4.48000 -4.32000
v -0.74800 4.43000 -4.53000
v -0.46900 4.25000 -4.97000
v -0.46900 3.71000 -5.20000
v -0.64100 4.48000 -4.32000
v 0.64100 4.48000 -4.32000
v 0.62700 4.46000 -4.39000
v 0.62700 4.19000 -4.39000
v -0.62700 4.46000 -4.39000
v -0.62700 4.19000 -4.39000
v 0.02800 4.69000 -2.86000
v 0.17200 4.57000 -3.42000
v 0.02800 4.75000 -2.86000
v 0.17200 4.89000 -3.55000
v 0.23200 4.35000 -4.18000
v 0.23200 4.03000 -3.85000
v -0.17200 4.89000 -3.55000
v -0.23300 4.35000 -4.18000
v -0.02900 4.75000 -2.86000
v -0.02900 4.69000 -2.86000
v -0.17200 4.57000 -3.42000
v -0.23300 4.03000 -3.85000
v 0.23200 4.66000 -4.74000
v 0.17200 4.87000 -3.98000
v 0.23200 4.33000 -4.41000
v 0.17200 5.19000 -4.11000
v 0.02800 5.05000 -3.42000
v 0.02800 5.00000 -3.42000
v -0.17200 5.19000 -4.11000
v -0.23300 4.66000 -4.74000
v -0.02900 5.05000 -3.42000
v -0.02900 5.00000 -3.42000
v -0.17200 4.87000 -3.98000
v -0.23300 4.33000 -4.41000
v 0.61200 4.45000 -4.47000
v 0.61200 4.19000 -4.47000
v -0.61200 4.45000 -4.47000
v -0.61200 4.19000 -4.47000
v 0.13800 3.56000 -5.92000
v 0.06500 3.18000 -6.16000
v 0.13800 3.65000 -6.18000
v 0.06500 3.17000 -6.03000
v 0.19300 3.86000 -6.11000
v 0.19300 3.63000 -5.79000
v 0.27400 3.72000 -5.66000
v 0.27400 4.18000 -5.95000
v 0.43400 4.61000 -4.72000
v 0.43400 3.76000 -4.54000
v -0.43400 4.61000 -4.72000
v -0.27400 4.18000 -5.95000
v -0.43400 3.76000 -4.54000
v -0.13800 3.56000 -5.92000
v -0.06500 3.17000 -6.03000
v -0.13800 3.65000 -6.18000
v -0.06500 3.18000 -6.16000
v -0.19300 3.86000 -6.11000
v -0.19300 3.63000 -5.79000
v -0.27400 3.72000 -5.66000
v -0.43400 0.02000 -1.15000
v -0.45500 0.00000 -1.15000
v -0.43400 0.02000 -1.18000
v -0.45500 0.00000 -1.18000
v -0.79700 0.23000 -1.23000
v -0.84600 0.37000 -1.43000
v -0.70600 0.33000 -1.23000
v -0.84600 0.52000 -1.42000
v -0.60400 1.41000 0.07000
v -0.62000 1.71000 0.54000
v -0.62400 1.28000 0.27000
v -0.64800 1.14000 0.76000
v -0.57700 1.77000 -0.17000
v -0.59400 2.08000 0.32000
v -0.79300 0.62000 -1.02000
v -0.70600 0.33000 -1.10000
v -0.70400 0.79000 0.11000
v -0.67600 1.17000 -0.07000
v -0.80800 0.41000 -0.92000
v -0.90600 0.48000 -2.06000
v -0.90600 0.51000 -2.06000
v -0.90600 0.09000 -0.69000
v -0.85200 0.26000 -1.03000
v -0.90600 0.11000 -0.67000
v -0.85200 0.37000 -0.95000
v -0.79700 0.23000 -1.10000
v -1.17900 2.08000 0.30000
v -1.16200 1.77000 -0.19000
v -1.13800 1.30000 0.25000
v -1.09800 1.19000 -0.07000
v -1.02500 0.63000 -1.02000
v -0.99300 0.52000 -1.42000
v -0.93300 0.51000 -2.06000
v -0.98600 0.37000 -0.95000
v -0.93300 0.11000 -0.67000
v -1.16800 1.71000 0.52000
v -1.16300 1.16000 0.74000
v -0.98600 0.26000 -1.03000
v -0.93300 0.09000 -0.69000
v -1.05500 0.23000 -1.10000
v -1.04000 0.42000 -0.92000
v -1.14000 0.34000 -1.10000
v -1.45900 0.02000 -1.15000
v -1.44400 0.00000 -1.15000
v -1.45900 0.02000 -1.18000
v -1.44400 0.00000 -1.18000
v -0.99300 0.37000 -1.43000
v -1.05500 0.23000 -1.24000
v -1.14000 0.34000 -1.24000
v -1.15200 1.41000 0.05000
v -0.93300 0.48000 -2.06000
v -1.12500 0.81000 0.11000
v 1.01800 2.40000 -1.89000
v 0.60000 3.33000 -3.22000
v 1.01800 3.27000 -1.89000
v 0.60000 3.73000 -2.93000
v 0.60000 4.13000 -2.64000
v 1.01800 4.15000 -1.89000
v -1.01800 4.15000 -1.89000
v -0.60000 4.13000 -2.64000
v -1.01800 3.27000 -1.89000
v -0.60000 3.73000 -2.93000
v -0.60000 3.33000 -3.22000
v -1.01800 2.40000 -1.89000
v 0.02800 4.43000 -2.05000
v 0.17200 4.31000 -2.62000
v 0.02800 4.48000 -2.05000
v 0.17200 4.62000 -2.75000
v 0.23200 4.09000 -3.38000
v 0.23200 3.76000 -3.05000
v -0.17200 4.62000 -2.75000
v -0.23300 4.09000 -3.38000
v -0.02900 4.48000 -2.05000
v -0.02900 4.43000 -2.05000
v -0.17200 4.31000 -2.62000
v -0.23300 3.76000 -3.05000
v -0.57700 3.92000 -2.40000
v -0.60100 3.92000 -1.73000
v -0.60400 3.25000 -1.73000
v -0.58000 3.25000 -2.40000
v -7.84990 6.10000 -2.49000
v -7.81850 6.15000 -2.53000
v -7.85550 6.12000 -2.53000
v -7.81290 6.13000 -2.49000
v -6.01260 4.81000 -2.40000
v -4.30200 4.09000 -2.89000
v -5.94210 4.84000 -3.21000
v -6.89270 5.48000 -3.08000
v -4.41700 4.09000 -2.26000
v -6.86490 5.39000 -2.50000
v -2.29100 3.90000 -2.44000
v -2.36800 3.90000 -1.82000
v -2.39600 3.28000 -1.82000
v -4.56200 3.47000 -2.28000
v -6.42330 4.12000 -2.47000
v -7.28410 4.98000 -2.54000
v -7.31180 5.07000 -3.12000
v -4.44800 3.46000 -2.91000
v -6.35280 4.15000 -3.27000
v -2.31900 3.28000 -2.44000
v -0.58200 3.80000 -1.86000
v -0.59700 3.80000 -1.43000
v -0.59900 3.37000 -1.43000
v -0.58400 3.37000 -1.86000
v -2.68800 3.68000 -0.52000
v -2.32600 3.43000 -1.28000
v -2.32600 3.75000 -1.28000
v -2.68800 3.51000 -0.52000
v -2.85500 3.61000 0.07000
v -2.85500 3.58000 0.07000
v -4.47200 3.96000 -1.48000
v -4.47200 3.59000 -1.48000
v -4.36600 3.97000 -1.76000
v -4.36600 3.58000 -1.76000
v -4.75600 3.62000 -0.75000
v -4.75600 3.93000 -0.75000
v -4.90800 3.83000 0.80000
v -4.90800 3.72000 0.80000
v -5.73690 4.55000 -2.10000
v -6.26510 4.29000 -1.62000
v -5.91730 4.09000 -2.13000
v -7.08140 4.50000 0.14000
v -6.26510 4.67000 -1.62000
v -7.08140 4.46000 0.14000
v -4.81700 3.96000 -1.60000
v -5.06190 3.93000 -0.81000
v -5.00880 3.83000 0.80000
v -4.69800 4.03000 -1.93000
v -4.60600 4.09000 -2.40000
v -5.00240 4.23000 -2.02000
v -4.10400 3.95000 -1.88000
v -4.93800 4.23000 -2.46000
v -4.01800 3.95000 -2.28000
v -5.66590 4.55000 -2.59000
v -2.62200 3.82000 -1.97000
v -2.70600 3.82000 -1.58000
v -6.32130 4.95000 -2.12000
v -6.47720 4.95000 -2.55000
v -6.62520 4.67000 -1.75000
v -7.12520 4.50000 0.13000
v -6.88450 5.35000 -1.97000
v -7.06640 5.40000 -2.29000
v -7.83400 6.14000 -1.20000
v -7.81560 6.13000 -1.17000
v -6.74490 4.59000 -2.46000
v -6.58900 4.59000 -2.02000
v -2.01200 3.79000 -1.49000
v -1.99800 3.79000 -1.89000
v -2.63000 3.75000 -1.39000
v -2.85300 3.68000 -0.56000
v -2.88400 3.61000 0.07000
v -7.83440 6.11000 -1.17000
v -7.85280 6.12000 -1.19000
v -7.12520 4.46000 0.13000
v -5.00880 3.72000 0.80000
v -2.88400 3.58000 0.07000
v -2.01400 3.39000 -1.49000
v -4.13800 3.54000 -1.89000
v -2.73900 3.42000 -1.59000
v -5.16600 3.82000 -2.04000
v -4.77600 3.64000 -1.94000
v -7.11040 5.06000 -1.89000
v -6.62520 4.29000 -1.75000
v -7.29220 5.11000 -2.21000
v -4.81700 3.59000 -1.60000
v -5.06190 3.62000 -0.81000
v -2.63000 3.43000 -1.39000
v -2.85300 3.51000 -0.56000
v -5.84630 4.09000 -2.61000
v -4.76200 3.69000 -2.42000
v -4.05200 3.54000 -2.28000
v -2.65500 3.42000 -1.98000
v -2.00000 3.39000 -1.89000
v -7.11270 5.09000 -1.00000
v -6.46680 4.49000 -2.89000
v -7.02030 4.49000 -0.07000
v -7.49040 5.68000 -1.29000
v -7.11270 5.09000 -2.76000
v -7.49040 5.68000 -2.59000
v -1.72200 3.59000 -2.16000
v -0.58000 3.59000 -2.16000
v -0.58000 3.59000 -0.94000
v -1.72200 3.59000 -0.79000
v -2.86400 3.60000 -2.17000
v -2.86400 3.60000 -0.05000
v -3.90100 3.69000 -0.13000
v -3.90100 3.69000 -2.46000
v -4.93700 3.78000 -2.59000
v -4.93700 3.78000 0.40000
v -5.99480 4.13000 -0.13000
v -5.99480 4.29000 -2.84000
v 1.21900 3.13000 -0.52000
v 1.21900 4.35000 -0.52000
v 1.21900 1.91000 -0.52000
v 0.85000 3.98000 1.16000
v 0.85000 2.28000 1.16000
v 0.85000 3.13000 1.16000
v 0.57300 3.50000 2.11000
v 0.57300 2.76000 2.11000
v 0.57300 3.13000 2.11000
v -1.21900 4.35000 -0.52000
v -0.85000 3.98000 1.16000
v -0.57300 3.50000 2.11000
v -0.57300 3.13000 2.11000
v -0.57300 2.76000 2.11000
v -1.21900 3.13000 -0.52000
v -1.21900 1.91000 -0.52000
v -0.85000 2.28000 1.16000
v -0.85000 3.13000 1.16000
v 0.02800 4.07000 2.72000
v 0.17200 3.94000 2.16000
v 0.02800 4.12000 2.72000
v 0.17200 4.26000 2.03000
v 0.23200 3.73000 1.40000
v 0.23200 3.40000 1.73000
v 0.02800 4.32000 1.68000
v 0.17200 4.19000 1.12000
v 0.02800 4.37000 1.69000
v 0.17200 4.51000 0.99000
v 0.23200 3.98000 0.36000
v 0.23200 3.65000 0.69000
v -0.17200 4.51000 0.99000
v -0.23300 3.98000 0.36000
v -0.02900 4.37000 1.69000
v -0.02900 4.12000 2.72000
v -0.17200 4.26000 2.03000
v -0.23300 3.73000 1.40000
v -0.02900 4.07000 2.72000
v -0.17200 3.94000 2.16000
v -0.23300 3.40000 1.73000
v -0.02900 4.32000 1.68000
v -0.17200 4.19000 1.12000
v -0.23300 3.65000 0.69000
v -0.70000 2.25000 -0.93000
v -0.39900 2.48000 0.23000
v -0.60600 1.55000 -0.30000
v -0.41600 1.86000 0.38000
v -0.79400 2.92000 -0.84000
v -0.58500 3.08000 -0.04000
v -1.22700 3.11000 0.12000
v -1.43700 2.95000 -0.68000
v -1.32200 2.52000 0.46000
v -1.16200 1.94000 0.56000
v -1.35300 1.63000 -0.12000
v -1.62300 2.30000 -0.70000
v 1.46400 4.21000 4.07000
v 1.35400 4.78000 5.21000
v 1.58900 3.52000 4.53000
v 1.34800 4.80000 5.19000
v 1.01100 3.63000 2.86000
v 1.03900 3.03000 2.96000
v 0.48900 3.14000 1.33000
v 0.49000 3.54000 1.33000
v 0.97800 3.77000 4.44000
v 0.91600 4.32000 4.00000
v 0.72100 4.86000 4.89000
v 0.71800 4.88000 4.87000
v 0.66100 3.25000 3.13000
v 0.64800 3.74000 3.00000
v 0.35100 3.22000 1.71000
v 0.35200 3.56000 1.69000
v 0.91600 3.29000 4.10000
v 0.72100 3.46000 5.13000
v 0.97800 2.61000 4.30000
v 0.71800 3.48000 5.12000
v 0.66100 2.63000 2.89000
v 0.64800 3.13000 2.96000
v 0.35100 3.13000 1.57000
v 0.35200 3.45000 1.67000
v 0.01600 4.89000 6.18000
v 0.47100 4.26000 4.98000
v 0.01600 4.91000 6.15000
v 0.47100 3.48000 5.51000
v 0.33700 2.94000 3.66000
v 0.33700 3.60000 3.55000
v 0.22600 3.05000 1.74000
v 0.22600 3.51000 1.74000
v -0.69800 4.86000 4.90000
v -0.22000 4.33000 4.11000
v -0.69500 4.88000 4.88000
v -0.28300 3.78000 4.55000
v -0.16300 3.26000 3.21000
v -0.15000 3.75000 3.08000
v -0.01800 3.23000 1.77000
v -0.01800 3.56000 1.74000
v -0.22000 3.25000 4.20000
v -0.69800 3.46000 5.14000
v -0.28300 2.58000 4.40000
v -0.69500 3.48000 5.12000
v -0.16300 2.60000 2.97000
v -0.15000 3.10000 3.03000
v -0.01800 3.11000 1.62000
v -0.01800 3.43000 1.72000
v -1.32600 4.78000 5.22000
v -0.65200 4.21000 4.29000
v -1.32000 4.80000 5.19000
v -0.77600 3.52000 4.75000
v -0.45700 3.03000 3.12000
v -0.43000 3.63000 3.02000
v -0.09900 3.14000 1.44000
v -0.10000 3.54000 1.44000
v -0.01700 4.89000 6.18000
v -0.01700 4.91000 6.15000
v -1.35500 4.78000 5.21000
v -1.34900 4.80000 5.19000
v 1.31900 4.80000 5.19000
v 1.32500 4.78000 5.22000
v -0.72200 4.86000 4.89000
v -0.71900 4.88000 4.87000
v 0.69400 4.88000 4.88000
v 0.69700 4.86000 4.90000
v -0.91700 4.32000 4.00000
v -0.64900 3.74000 3.00000
v -0.35300 3.56000 1.69000
v 0.21900 4.33000 4.11000
v 0.14900 3.75000 3.08000
v 0.01700 3.56000 1.74000
v -1.46500 4.21000 4.07000
v -1.01200 3.63000 2.86000
v -0.49100 3.54000 1.33000
v 0.65100 4.21000 4.29000
v 0.42900 3.63000 3.02000
v 0.09900 3.54000 1.44000
v -0.47200 4.26000 4.98000
v -0.33800 3.60000 3.55000
v -0.22700 3.51000 1.74000
v -0.71900 3.48000 5.12000
v -0.91700 3.29000 4.10000
v -0.64900 3.13000 2.96000
v -0.35300 3.45000 1.67000
v 0.14900 3.10000 3.03000
v 0.01700 3.43000 1.72000
v 0.21900 3.25000 4.20000
v 0.69400 3.48000 5.12000
v -0.47200 3.48000 5.51000
v -0.72200 3.46000 5.13000
v -0.97900 2.61000 4.30000
v 0.69700 3.46000 5.14000
v 0.28200 2.58000 4.40000
v -1.59000 3.52000 4.53000
v 0.77500 3.52000 4.75000
v 0.28200 3.78000 4.55000
v -0.97900 3.77000 4.44000
v -1.04000 3.03000 2.96000
v -0.49000 3.14000 1.33000
v -0.66200 3.25000 3.13000
v -0.35200 3.22000 1.71000
v -0.66200 2.63000 2.89000
v -0.35200 3.13000 1.57000
v -0.33800 2.94000 3.66000
v -0.22700 3.05000 1.74000
v 0.16200 3.26000 3.21000
v 0.01700 3.23000 1.77000
v 0.16200 2.60000 2.97000
v 0.01700 3.11000 1.62000
v 0.45600 3.03000 3.12000
v 0.09800 3.14000 1.44000
vt 36.06320 -47.12750
vt 36.06320 -47.12990
vt 36.06620 -47.12750
vt 36.06620 -47.12990
vt 36.07330 -47.10080
vt 36.09730 -47.08340
vt 36.07330 -47.08730
vt 36.09590 -47.06510
vt 35.91230 -46.95360
vt 35.85430 -46.91700
vt 35.88770 -46.96740
vt 35.82590 -46.98530
vt 35.88140 -46.86980
vt 35.94320 -46.90880
vt 36.04640 -47.05090
vt 36.05610 -47.08730
vt 36.17630 -47.06670
vt 36.17660 -47.07010
vt 35.90550 -47.02840
vt 35.92810 -46.98090
vt 36.03400 -47.07710
vt 36.00490 -47.11870
vt 36.03810 -47.08440
vt 36.00310 -47.11590
vt 36.04740 -47.09830
vt 36.05610 -47.10080
vt 35.97090 -46.88140
vt 36.04610 -46.94080
vt 36.04400 -46.87890
vt 35.97300 -46.94320
vt 35.97600 -46.88770
vt 36.03370 -46.92730
vt 36.04040 -46.88520
vt 35.98110 -46.92810
vt 36.01920 -47.04600
vt 35.99020 -47.04640
vt 36.01260 -47.09590
vt 35.99420 -47.09590
vt 36.00510 -47.17630
vt 36.00160 -47.17630
vt 36.00170 -47.00310
vt 35.99500 -47.03810
vt 36.00500 -47.00310
vt 36.01170 -47.03810
vt 36.02910 -46.86980
vt 35.95600 -46.86980
vt 35.95920 -46.91700
vt 36.02770 -46.91700
vt 35.96270 -46.98770
vt 36.02710 -46.98530
vt 36.00500 -47.09830
vt 35.98830 -47.09830
vt 36.00500 -47.08440
vt 35.99500 -47.11590
vt 35.99830 -47.11870
vt 35.99830 -47.11590
vt 35.99500 -47.11870
vt 35.98130 -47.10150
vt 35.98270 -47.07900
vt 36.01360 -47.10080
vt 36.01170 -47.07710
vt 35.98830 -47.08440
vt 35.93600 -47.12720
vt 35.93860 -47.13020
vt 35.97000 -47.08860
vt 36.06400 -47.12750
vt 36.06210 -47.12990
vt 36.02420 -47.08730
vt 35.93340 -47.12720
vt 35.93340 -47.13020
vt 35.93730 -47.12720
vt 35.93730 -47.13020
vt 35.90270 -47.08340
vt 35.92680 -47.10150
vt 35.92680 -47.08860
vt 35.90410 -47.06510
vt 36.05920 -46.90880
vt 36.14800 -46.91700
vt 36.12110 -46.86980
vt 36.09000 -46.95360
vt 36.11480 -46.96970
vt 36.17660 -46.98770
vt 35.95400 -47.05280
vt 35.94390 -47.08860
vt 36.07270 -46.98430
vt 35.96640 -47.07900
vt 36.09530 -47.03180
vt 35.82340 -47.07010
vt 35.82370 -47.06670
vt 35.99690 -47.11590
vt 35.95260 -47.09830
vt 35.99510 -47.11870
vt 35.96190 -47.08440
vt 35.94390 -47.10150
vt 35.98130 -47.07320
vt 36.00580 -47.09730
vt 36.01360 -47.07330
vt 35.98740 -47.09730
vt 36.00500 -47.04740
vt 35.99500 -47.00490
vt 35.98830 -47.04740
vt 35.99830 -47.00490
vt 36.01360 -47.05610
vt 35.98130 -47.05610
vt 35.99840 -47.17660
vt 35.99490 -47.17660
vt 36.02230 -46.90550
vt 36.02710 -46.82590
vt 35.96970 -46.90470
vt 35.96270 -46.82340
vt 36.06210 -47.06620
vt 36.06210 -47.06320
vt 35.93860 -47.06270
vt 35.93860 -47.06660
vt 36.01170 -47.03400
vt 35.98270 -47.03360
vt 35.95720 -46.91000
vt 36.02570 -46.91230
vt 36.02400 -46.88770
vt 35.95960 -46.88520
vt 36.00160 -47.06670
vt 36.00510 -47.07010
vt 36.00510 -47.06670
vt 36.00160 -47.07010
vt 35.97580 -47.08730
vt 35.93600 -47.12750
vt 35.98640 -47.10080
vt 35.93790 -47.12990
vt 36.06400 -47.12720
vt 36.01870 -47.10150
vt 36.06140 -47.13020
vt 36.03000 -47.08860
vt 35.97300 -46.90880
vt 36.04280 -46.95360
vt 36.04610 -46.90880
vt 35.97430 -46.95360
vt 7.96102 -18.90270
vt 8.06425 -19.00460
vt 8.06189 -18.92220
vt 7.91931 -18.97650
vt 7.99181 -19.08740
vt 7.90689 -19.04870
vt 8.02706 -19.08200
vt 8.05324 -18.98110
vt 7.97294 -18.96100
vt 7.94676 -19.06190
vt 8.03888 -18.97650
vt 7.92351 -18.98210
vt 8.01894 -19.04870
vt 7.92561 -19.05860
vt 7.94676 -18.90660
vt 8.02706 -18.90270
vt 8.05183 -18.98210
vt 7.90689 -19.01020
vt 7.98656 -19.09730
vt 8.07147 -19.05860
vt 7.91802 -18.92610
vt 8.01889 -18.90660
vt 8.01894 -18.90690
vt 7.94939 -19.01340
vt 8.04272 -18.99180
vt 7.92561 -18.92850
vt 7.94676 -18.92220
vt 8.03888 -19.01020
vt 8.02706 -18.92610
vt 7.92350 -19.00460
vt 7.95728 -19.08740
vt 8.05061 -19.09730
vt 18.07770 -8.95371
vt 18.00430 -8.82258
vt 18.00480 -8.96461
vt 17.99850 -8.82392
vt 17.54580 -8.99850
vt 17.54970 -9.00396
vt 17.55040 -8.99819
vt 17.54510 -9.00427
vt 17.78430 -9.08872
vt 17.98920 -9.04813
vt 17.77550 -8.98790
vt 17.66540 -9.07250
vt 17.97490 -8.96942
vt 17.66890 -8.99960
vt 18.24070 -8.99182
vt 18.23110 -8.91516
vt 18.45190 -8.90354
vt 18.45490 -8.98794
vt 18.02510 -9.07603
vt 18.27590 -9.07235
vt 18.22450 -8.98539
vt 18.38350 -8.96461
vt 18.04320 -9.15387
vt 18.33110 -8.91293
vt 18.45420 -8.82392
vt 18.44960 -8.82017
vt 17.77240 -9.17649
vt 17.76890 -9.09931
vt 17.54850 -9.18117
vt 17.54810 -9.09671
vt 18.01210 -9.09671
vt 18.09640 -9.18117
vt 18.09650 -9.09671
vt 18.01200 -9.18117
vt 18.38700 -9.07773
vt 18.38350 -9.00484
vt 18.27590 -8.99564
vt 18.26710 -9.09646
vt 18.02890 -9.05122
vt 18.04320 -8.97251
vt 17.76280 -8.99208
vt 17.77240 -8.91543
vt 17.54850 -8.90355
vt 17.54550 -8.98796
vt 17.54510 -8.82258
vt 17.66540 -8.90203
vt 17.54970 -8.81883
vt 17.61300 -8.95371
vt 17.78430 -8.98162
vt 17.73290 -9.06857
vt 17.98920 -9.07624
vt 17.97110 -9.15409
vt 18.23720 -9.17666
vt 18.24070 -9.09948
vt 18.45450 -9.18117
vt 18.45490 -9.09671
vt 30.10580 -21.05820
vt 30.19400 -21.02090
vt 30.10580 -21.01040
vt 29.87090 -21.03140
vt 29.87090 -21.03720
vt 30.15160 -20.97530
vt 30.13960 -21.02090
vt 30.16320 -20.95570
vt 30.03550 -20.82960
vt 30.12250 -20.96190
vt 29.78690 -21.11610
vt 29.98750 -21.14180
vt 29.98750 -21.10290
vt 29.78690 -21.12870
vt 30.08710 -21.14520
vt 30.08710 -21.09960
vt 30.12970 -21.13970
vt 30.12830 -21.09090
vt 30.06080 -21.12510
vt 30.08530 -21.16630
vt 30.08440 -21.11690
vt 30.06080 -21.16550
vt 29.95670 -21.13470
vt 29.95670 -21.15600
vt 29.87830 -21.14350
vt 29.87830 -21.14720
vt 29.73700 -21.15160
vt 29.81890 -21.21020
vt 29.81000 -21.14920
vt 29.90190 -21.13880
vt 29.90990 -21.19400
vt 29.74400 -21.08950
vt 29.95140 -21.18670
vt 29.71750 -21.20600
vt 29.93980 -21.12830
vt 29.69900 -21.10580
vt 29.63650 -20.87090
vt 29.64200 -20.86900
vt 29.98140 -21.10700
vt 29.92500 -21.08710
vt 30.01410 -21.12180
vt 29.96810 -21.07220
vt 30.02490 -21.17140
vt 29.93270 -20.98050
vt 30.19940 -21.13280
vt 29.89440 -20.98750
vt 29.90110 -20.78690
vt 29.91370 -20.78650
vt 30.18890 -21.08440
vt 30.27560 -21.07330
vt 30.27740 -21.12350
vt 30.45440 -21.11900
vt 30.45250 -21.06510
vt 30.23640 -21.04690
vt 30.19840 -21.06080
vt 30.19110 -20.95130
vt 30.17050 -20.95670
vt 30.16670 -20.87830
vt 30.17030 -20.87770
vt 29.68400 -21.19400
vt 29.70350 -21.13960
vt 29.66660 -21.13270
vt 29.64390 -21.17350
vt 29.54790 -21.03640
vt 29.55020 -21.03350
vt 30.45210 -20.83060
vt 30.45210 -20.82680
vt 30.44980 -20.82780
vt 30.45440 -20.82960
vt 30.35800 -21.03720
vt 30.36350 -21.03140
vt 30.35800 -21.03140
vt 30.36350 -21.03720
vt 30.08630 -21.11610
vt 30.08630 -21.12870
vt 30.09890 -21.11610
vt 30.09890 -21.12870
vt 29.82970 -21.14350
vt 29.82970 -21.14720
vt 29.83330 -21.14350
vt 29.83330 -21.14720
vt 29.72440 -21.12040
vt 29.76360 -21.16550
vt 29.76360 -21.12510
vt 29.72460 -21.17060
vt 29.54750 -21.11930
vt 29.54770 -21.17320
vt 30.28250 -20.97530
vt 30.31600 -21.02090
vt 30.26300 -20.97530
vt 29.98590 -21.10100
vt 30.01860 -21.14640
vt 30.01860 -21.09830
vt 29.99010 -21.15160
vt 29.81110 -21.11690
vt 29.81520 -21.16630
vt 30.06020 -21.09090
vt 30.06990 -21.13970
vt 30.11860 -21.11710
vt 30.09810 -21.06530
vt 30.21250 -21.08260
vt 30.19000 -21.02540
vt 30.25600 -21.05820
vt 30.25600 -21.01040
vt 30.33340 -20.92560
vt 30.36160 -20.96190
vt 30.29650 -21.02090
vt 29.88100 -21.11930
vt 29.93490 -21.17320
vt 29.93490 -21.11930
vt 29.88100 -21.17320
vt 29.95310 -21.16550
vt 30.04870 -21.15600
vt 29.95310 -21.12510
vt 30.04870 -21.13470
vt 30.12230 -21.14720
vt 30.12230 -21.14350
vt 29.92780 -21.14520
vt 29.89300 -21.09830
vt 29.89300 -21.14640
vt 29.92780 -21.09960
vt 30.01950 -21.10290
vt 30.01950 -21.14180
vt 30.21350 -21.12870
vt 30.21350 -21.11610
vt 29.91050 -21.05820
vt 29.85080 -21.02540
vt 29.84750 -21.08260
vt 30.13100 -21.03140
vt 29.91050 -21.01040
vt 30.13100 -21.03720
vt 30.36160 -21.12250
vt 30.31600 -21.19400
vt 30.38440 -21.16320
vt 30.29650 -21.13960
vt 30.45210 -21.03260
vt 30.45440 -21.03550
vt 30.21250 -21.15250
vt 30.30100 -21.10580
vt 30.25600 -21.08950
vt 30.36350 -20.87090
vt 30.35800 -20.86900
vt 30.20360 -21.21350
vt 30.11860 -21.14180
vt 30.06810 -21.18950
vt 30.06990 -21.12970
vt 29.97940 -21.17230
vt 29.99010 -21.12270
vt 29.80470 -21.13370
vt 30.01860 -21.10700
vt 29.81520 -21.08530
vt 30.07500 -21.08710
vt 30.03190 -21.07220
vt 30.06730 -20.98050
vt 30.10560 -20.98750
vt 30.09890 -20.78690
vt 30.08630 -20.78650
vt 29.72280 -21.12350
vt 29.72460 -21.07330
vt 29.54580 -21.11900
vt 29.54770 -21.06510
vt 29.80160 -21.06080
vt 29.76360 -21.04690
vt 29.80890 -20.95130
vt 29.82950 -20.95670
vt 29.83330 -20.87830
vt 29.82970 -20.87770
vt 29.64390 -20.91940
vt 29.54560 -20.82960
vt 29.61560 -20.95570
vt 29.54790 -20.82680
vt 29.71750 -20.97530
vt 29.68400 -21.02090
vt 29.79640 -21.08260
vt 29.81890 -21.02540
vt 29.90990 -21.06530
vt 29.93190 -21.13290
vt 29.95140 -21.08340
vt 30.02060 -21.15160
vt 30.02490 -21.10100
vt 30.19940 -21.11690
vt 30.19530 -21.16630
vt 30.27740 -21.12040
vt 30.27720 -21.17060
vt 30.45440 -21.11930
vt 30.45420 -21.17320
vt 30.20590 -15.01880
vt 29.96900 -14.94400
vt 29.85280 -15.01880
vt 30.18910 -14.94400
vt 30.00590 -14.86920
vt 30.16850 -14.86920
vt 29.71090 -15.11450
vt 29.56810 -14.96150
vt 29.56810 -15.11430
vt 29.71090 -14.94360
vt 29.85360 -15.11550
vt 29.85360 -14.85040
vt 29.98320 -14.85990
vt 29.98320 -15.15230
vt 30.11270 -15.16850
vt 30.11270 -14.79410
vt 30.24490 -14.86110
vt 30.24490 -15.19980
vt 30.30390 -15.20590
vt 30.37310 -14.85280
vt 30.38470 -14.96900
vt 30.38470 -15.18910
vt 31.96550 -46.99510
vt 31.89830 -47.02390
vt 31.96590 -47.06810
vt 31.90340 -47.07510
vt 31.89330 -46.97270
vt 31.96500 -46.92200
vt 31.99600 -47.00290
vt 32.03010 -47.07920
vt 32.02460 -47.00290
vt 31.99600 -46.99760
vt 31.99600 -46.96600
vt 32.01870 -46.92080
vt 32.02240 -46.97230
vt 32.05200 -46.97930
vt 32.09450 -46.96320
vt 32.07680 -46.99520
vt 32.05200 -46.99750
vt 32.05200 -47.00290
vt 32.10670 -47.06200
vt 32.09350 -47.01870
vt 31.90650 -47.01870
vt 31.94140 -47.09450
vt 32.05860 -47.09450
vt 32.08700 -46.96500
vt 31.91300 -46.96500
vt 32.06260 -46.89330
vt 31.93740 -46.89330
vt 32.08010 -46.99600
vt 32.06930 -47.05200
vt 32.09350 -47.02460
vt 32.07540 -47.05200
vt 32.08880 -46.99600
vt 31.93070 -47.05200
vt 31.90650 -47.02460
vt 31.92330 -47.05200
vt 31.91990 -46.99600
vt 31.91100 -46.99600
vt 31.92040 -46.97930
vt 31.92480 -46.99750
vt 31.93070 -46.97930
vt 31.93070 -47.00290
vt 31.92460 -47.00290
vt 32.06930 -46.97930
vt 32.07520 -46.99750
vt 32.07430 -46.97930
vt 32.06930 -47.00290
vt 32.07670 -47.00290
vt 32.10170 -47.02390
vt 32.03410 -47.06810
vt 32.09660 -47.07510
vt 32.10670 -46.97270
vt 32.03450 -46.99510
vt 32.03500 -46.92200
vt 32.00400 -47.00290
vt 31.96990 -47.07920
vt 31.97540 -47.00290
vt 32.00400 -46.99760
vt 32.00400 -46.96600
vt 31.98130 -46.92080
vt 31.97760 -46.97230
vt 31.94800 -46.99750
vt 31.94800 -46.97930
vt 31.92320 -46.99520
vt 31.94800 -47.00290
vt 31.90550 -46.96320
vt 31.89330 -47.06200
vt 31.91860 -46.96590
vt 32.08140 -46.96590
vt 32.06260 -46.90340
vt 31.93740 -46.90340
vt 31.90650 -47.03010
vt 32.09350 -47.03010
vt 31.94140 -47.10670
vt 32.05860 -47.10670
vt 31.90650 -47.02240
vt 31.92040 -47.05200
vt 31.91060 -46.99600
vt 32.09350 -47.02240
vt 32.09030 -46.99600
vt 32.07430 -47.05200
vt 31.94140 -46.99520
vt 32.05860 -47.06200
vt 32.05860 -46.99520
vt 31.94140 -47.06200
vt 31.94140 -46.96320
vt 32.05860 -46.96320
vt 32.08010 -46.96600
vt 32.08900 -46.99760
vt 32.08940 -46.96600
vt 32.08010 -47.00290
vt 32.08880 -47.00290
vt 31.90970 -46.96600
vt 31.91100 -46.99760
vt 31.91990 -46.96600
vt 31.91990 -47.00290
vt 31.91100 -47.00290
vt 0.57813 0.19505
vt 0.56880 0.16038
vt 0.57813 0.16038
vt 0.56880 0.19726
vt 0.57813 0.19726
vt 0.56880 0.19505
vt 19.91720 -54.97060
vt 19.98760 -54.98600
vt 19.91710 -54.96350
vt 20.00400 -54.94620
vt 20.08290 -55.01300
vt 20.04160 -55.05380
vt 19.97850 -55.00400
vt 19.97100 -55.08290
vt 20.02150 -55.00400
vt 20.02900 -55.08290
vt 19.99650 -54.91710
vt 20.00350 -54.91710
vt 19.99650 -54.96350
vt 19.99650 -54.97060
vt 20.00350 -54.96350
vt 20.00350 -54.97060
vt 19.97850 -54.98600
vt 19.97100 -55.05380
vt 20.02150 -54.98600
vt 20.02900 -55.05380
vt 20.08290 -54.96350
vt 20.01240 -54.98600
vt 20.08280 -54.97060
vt 19.99600 -54.94620
vt 19.91710 -55.01300
vt 19.95840 -55.05380
vt 20.02900 -55.04160
vt 19.97100 -55.04160
vt 20.02150 -54.98760
vt 20.00350 -54.91720
vt 19.97850 -54.98760
vt 19.99650 -54.91720
vt 22.08290 -61.01300
vt 21.98760 -60.98600
vt 22.04160 -61.05380
vt 22.00400 -60.94620
vt 21.91710 -60.96350
vt 21.91720 -60.97060
vt 21.97850 -61.00400
vt 21.97100 -61.08290
vt 22.02150 -61.00400
vt 22.02900 -61.08290
vt 21.99650 -60.91710
vt 22.00350 -60.91710
vt 21.99650 -60.96350
vt 21.99650 -60.97060
vt 22.00350 -60.96350
vt 22.00350 -60.97060
vt 21.97850 -60.98600
vt 21.97100 -61.05380
vt 22.02150 -60.98600
vt 22.02900 -61.05380
vt 21.95840 -61.05380
vt 22.01240 -60.98600
vt 21.91710 -61.01300
vt 21.99600 -60.94620
vt 22.08290 -60.96350
vt 22.08280 -60.97060
vt 22.02900 -61.04160
vt 21.97100 -61.04160
vt 22.02150 -60.98760
vt 22.00350 -60.91720
vt 21.97850 -60.98760
vt 21.99650 -60.91720
vt 0.02855 1.14462
vt 0.02855 1.11215
vt 0.06588 1.13581
vt 0.06588 1.11215
vt 0.06588 1.14462
vt 0.02855 1.13581
vt -0.47478 0.62878
vt -0.48411 0.59631
vt -0.47478 0.59631
vt -0.48411 0.63098
vt -0.47478 0.63098
vt -0.48411 0.62878
vt 26.07010 -43.04200
vt 26.09990 -43.08840
vt 26.10220 -43.02980
vt 26.08370 -43.09020
vt 26.09340 -43.00460
vt 26.05410 -43.03260
vt 26.03700 -43.02180
vt 26.07430 -42.96450
vt 25.91960 -42.90980
vt 25.89780 -43.01600
vt 26.05420 -42.91960
vt 25.94580 -42.91960
vt 25.96580 -43.07430
vt 26.03420 -43.07430
vt 26.05420 -42.90980
vt 25.94580 -42.90980
vt 25.94580 -43.01600
vt 26.05420 -43.01600
vt 25.98280 -43.04200
vt 25.99190 -43.09020
vt 26.01720 -43.04200
vt 26.00810 -43.09020
vt 25.92990 -43.04200
vt 25.89780 -43.02980
vt 25.90010 -43.08840
vt 25.91630 -43.09020
vt 25.90660 -43.00460
vt 25.94590 -43.03260
vt 25.96300 -43.02180
vt 25.92570 -42.96450
vt 26.08040 -42.90980
vt 26.10220 -43.01600
vt 26.00810 -43.09990
vt 26.00810 -43.08370
vt 25.99190 -43.09990
vt 25.99190 -43.08370
vt 26.03420 -43.03700
vt 26.05420 -42.89780
vt 25.96580 -43.03700
vt 25.94580 -42.89780
vt 25.97590 -43.05410
vt 26.02410 -43.05410
vt 26.01720 -43.07010
vt 25.98280 -43.07010
vt 25.98280 -43.02980
vt 25.99190 -43.08840
vt 26.01720 -43.02980
vt 26.00810 -43.08840
vt 26.02410 -43.00460
vt 25.97590 -43.00460
vt 26.03420 -42.96450
vt 25.96580 -42.96450
vt 34.06270 -57.12720
vt 34.06270 -57.13020
vt 34.06660 -57.12720
vt 34.06660 -57.13020
vt 34.07320 -57.10150
vt 34.09730 -57.08340
vt 34.07320 -57.08860
vt 34.09590 -57.06510
vt 33.91000 -56.95360
vt 33.85200 -56.91700
vt 33.88520 -56.96970
vt 33.82340 -56.98770
vt 33.94080 -56.90880
vt 33.87890 -56.86980
vt 34.04600 -57.05280
vt 34.05610 -57.08860
vt 33.90470 -57.03180
vt 33.92730 -56.98430
vt 34.03360 -57.07900
vt 34.17660 -57.07010
vt 34.17630 -57.06670
vt 34.00490 -57.11870
vt 34.04740 -57.09830
vt 34.00310 -57.11590
vt 34.03810 -57.08440
vt 34.05610 -57.10150
vt 34.02910 -56.88140
vt 33.95600 -56.87890
vt 33.95390 -56.94080
vt 34.02700 -56.94320
vt 34.02400 -56.88770
vt 33.95960 -56.88520
vt 33.96630 -56.92730
vt 34.01890 -56.92810
vt 33.98080 -57.04600
vt 34.00980 -57.04640
vt 33.98740 -57.09590
vt 34.00580 -57.09590
vt 33.99490 -57.17630
vt 33.99840 -57.17630
vt 33.99500 -57.00310
vt 34.00500 -57.03810
vt 33.99830 -57.00310
vt 33.98830 -57.03810
vt 33.97090 -56.86980
vt 34.04080 -56.91700
vt 34.04400 -56.86980
vt 33.97230 -56.91700
vt 34.03730 -56.98770
vt 33.97290 -56.98530
vt 33.99500 -57.09830
vt 33.99500 -57.08440
vt 34.01170 -57.09830
vt 34.00170 -57.11590
vt 34.00170 -57.11870
vt 34.00500 -57.11590
vt 34.00500 -57.11870
vt 34.01730 -57.07900
vt 34.01870 -57.10150
vt 33.98640 -57.10080
vt 33.98830 -57.07710
vt 34.01170 -57.08440
vt 34.06400 -57.12720
vt 34.06140 -57.13020
vt 34.03000 -57.08860
vt 33.97580 -57.08730
vt 33.93600 -57.12750
vt 33.93790 -57.12990
vt 33.93380 -57.12750
vt 33.93380 -57.12990
vt 33.93680 -57.12750
vt 33.93680 -57.12990
vt 33.90270 -57.08340
vt 33.92670 -57.10080
vt 33.92670 -57.08730
vt 33.90410 -57.06510
vt 34.05680 -56.90880
vt 34.08770 -56.95360
vt 34.11860 -56.86980
vt 34.14570 -56.91700
vt 34.11230 -56.96740
vt 34.17410 -56.98530
vt 33.95360 -57.05090
vt 33.94390 -57.08730
vt 33.82340 -57.07010
vt 33.82370 -57.06670
vt 34.07190 -56.98090
vt 34.09450 -57.02840
vt 33.96600 -57.07710
vt 33.99690 -57.11590
vt 33.96190 -57.08440
vt 33.99510 -57.11870
vt 33.95260 -57.09830
vt 33.94390 -57.10080
vt 34.01260 -57.09730
vt 34.01870 -57.07320
vt 33.99420 -57.09730
vt 33.98640 -57.07330
vt 34.01170 -57.04740
vt 34.00500 -57.00490
vt 33.99500 -57.04740
vt 34.00170 -57.00490
vt 33.98640 -57.05610
vt 34.01870 -57.05610
vt 34.00510 -57.17660
vt 34.00160 -57.17660
vt 34.03030 -56.90470
vt 33.97290 -56.82590
vt 33.97770 -56.90550
vt 34.03730 -56.82340
vt 33.93790 -57.06620
vt 33.93790 -57.06320
vt 34.06140 -57.06660
vt 34.06140 -57.06270
vt 34.01730 -57.03360
vt 33.98830 -57.03400
vt 34.04280 -56.91000
vt 33.97600 -56.88770
vt 33.97430 -56.91230
vt 34.04040 -56.88520
vt 33.99490 -57.06670
vt 33.99490 -57.07010
vt 33.99840 -57.06670
vt 33.99840 -57.07010
vt 34.06400 -57.12750
vt 34.01360 -57.10080
vt 34.06210 -57.12990
vt 34.02420 -57.08730
vt 33.97000 -57.08860
vt 33.93600 -57.12720
vt 33.98130 -57.10150
vt 33.93860 -57.13020
vt 34.02700 -56.90880
vt 33.95390 -56.90880
vt 33.95720 -56.95360
vt 34.02570 -56.95360
vt 49.89460 -49.12680
vt 50.06020 -49.01080
vt 49.89460 -49.01740
vt 50.02400 -48.96080
vt 50.10540 -48.97570
vt 50.10040 -48.92450
vt 49.98790 -48.91090
vt 49.89460 -48.90800
vt 50.09540 -48.87320
vt 50.12720 -48.89460
vt 49.87280 -48.89460
vt 49.92500 -48.98790
vt 50.07500 -48.98790
vt 49.93740 -49.09540
vt 50.06260 -49.09540
vt 50.01210 -48.91090
vt 50.10540 -49.01740
vt 50.10540 -48.90800
vt 49.97600 -48.96080
vt 49.89960 -48.92450
vt 49.89460 -48.97570
vt 49.93980 -49.01080
vt 50.10540 -49.12680
vt 49.90460 -48.87320
vt 49.92500 -49.06020
vt 50.07500 -49.06020
vt 49.93740 -49.10540
vt 50.06260 -49.10540
vt -0.08278 -24.97060
vt -0.01239 -24.98600
vt -0.08287 -24.96350
vt 0.00395 -24.94620
vt 0.08287 -25.01300
vt 0.04157 -25.05380
vt -0.02901 -25.08290
vt 0.02150 -25.00400
vt -0.02150 -25.00400
vt 0.02901 -25.08290
vt -0.00354 -24.91710
vt 0.00354 -24.91710
vt -0.00354 -24.96350
vt -0.00354 -24.97060
vt 0.00354 -24.96350
vt 0.00354 -24.97060
vt -0.02150 -24.98600
vt -0.02901 -25.05380
vt 0.02150 -24.98600
vt 0.02901 -25.05380
vt 0.08287 -24.96350
vt 0.01239 -24.98600
vt 0.08278 -24.97060
vt -0.00395 -24.94620
vt -0.08287 -25.01300
vt -0.04157 -25.05380
vt 0.02901 -25.04160
vt -0.02901 -25.04160
vt 0.02150 -24.98760
vt 0.00354 -24.91720
vt -0.02150 -24.98760
vt -0.00354 -24.91720
vt 39.98790 -31.09670
vt 39.90350 -31.09670
vt 39.90360 -31.18120
vt 39.98800 -31.18120
vt 40.45420 -30.99850
vt 40.45030 -31.00400
vt 40.45490 -31.00430
vt 40.44960 -30.99820
vt 40.22450 -30.98790
vt 40.01080 -31.04810
vt 40.21570 -31.08870
vt 40.33460 -31.07250
vt 40.02510 -30.96940
vt 40.33110 -30.99960
vt 39.75930 -30.99180
vt 39.76890 -30.91520
vt 39.54810 -30.90350
vt 39.54510 -30.98790
vt 39.97490 -31.07600
vt 40.22760 -31.17650
vt 40.23110 -31.09930
vt 40.45150 -31.18120
vt 40.45190 -31.09670
vt 39.95680 -31.15390
vt 39.72410 -31.07230
vt 39.77550 -30.98540
vt 39.61650 -30.96460
vt 39.66890 -30.91290
vt 39.54580 -30.82390
vt 39.55040 -30.82020
vt 39.99520 -30.96460
vt 39.99570 -30.82260
vt 39.92230 -30.95370
vt 40.00150 -30.82390
vt 39.95680 -30.97250
vt 39.72410 -30.99560
vt 39.97110 -31.05120
vt 39.73290 -31.09650
vt 40.23720 -30.99210
vt 39.61300 -31.07770
vt 40.22760 -30.91540
vt 40.45150 -30.90360
vt 40.45460 -30.98800
vt 39.61650 -31.00480
vt 40.26710 -31.06860
vt 40.01080 -31.07620
vt 40.02890 -31.15410
vt 39.76280 -31.17670
vt 40.21570 -30.98160
vt 39.75930 -31.09950
vt 39.54540 -31.18120
vt 39.54510 -31.09670
vt 40.38700 -30.95370
vt 40.33460 -30.90200
vt 40.45490 -30.82260
vt 40.45030 -30.81880
vt 52.11900 -3.11932
vt 52.06510 -3.11932
vt 52.06510 -3.17322
vt 52.11900 -3.17322
vt 51.95130 -3.13466
vt 52.04690 -3.16554
vt 52.04690 -3.12509
vt 51.95130 -3.15597
vt 51.87770 -3.14345
vt 51.87770 -3.14718
vt 52.07220 -3.09957
vt 52.07220 -3.14520
vt 52.10700 -3.09834
vt 52.10700 -3.14644
vt 51.98050 -3.14184
vt 51.98050 -3.10294
vt 51.78650 -3.11606
vt 51.78650 -3.12872
vt 52.14920 -3.02538
vt 52.08950 -3.05824
vt 52.15250 -3.08260
vt 51.86900 -3.03140
vt 52.08950 -3.01038
vt 51.86900 -3.03722
vt 52.07500 -3.08706
vt 52.03190 -3.07217
vt 52.01860 -3.10696
vt 52.06730 -2.98048
vt 52.10560 -2.98752
vt 52.09890 -2.78692
vt 52.08630 -2.78653
vt 52.06020 -3.12833
vt 52.04860 -3.18668
vt 52.09810 -3.13877
vt 51.98590 -3.12176
vt 52.09010 -3.19404
vt 51.97510 -3.17135
vt 52.18110 -3.21019
vt 51.80060 -3.13285
vt 52.19000 -3.14924
vt 51.81110 -3.08440
vt 52.26300 -3.15156
vt 52.25600 -3.08955
vt 52.28250 -3.20602
vt 52.30100 -3.10581
vt 52.36350 -2.87095
vt 52.35800 -2.86897
vt 52.33340 -3.13272
vt 52.35610 -3.17349
vt 52.45210 -3.03638
vt 52.44980 -3.03352
vt 52.31600 -3.19405
vt 52.29650 -3.13959
vt 51.72440 -3.07332
vt 51.54750 -3.06511
vt 51.54560 -3.11897
vt 51.72260 -3.12347
vt 51.76360 -3.04688
vt 51.80160 -3.06079
vt 51.80890 -2.95132
vt 51.82950 -2.95671
vt 51.83330 -2.87828
vt 51.82970 -2.87768
vt 51.54790 -2.83063
vt 51.54790 -2.82678
vt 51.54560 -2.82964
vt 51.55020 -2.82777
vt 51.63650 -3.03722
vt 51.64200 -3.03140
vt 51.63650 -3.03140
vt 51.64200 -3.03722
vt 51.90110 -3.11606
vt 51.90110 -3.12872
vt 51.91370 -3.11606
vt 51.91370 -3.12872
vt 52.16670 -3.14345
vt 52.16670 -3.14718
vt 52.17030 -3.14345
vt 52.17030 -3.14718
vt 52.27560 -3.12041
vt 52.23640 -3.16554
vt 52.27540 -3.17059
vt 52.45250 -3.11932
vt 52.45230 -3.17322
vt 52.23640 -3.12509
vt 51.73700 -2.97526
vt 51.71750 -2.97526
vt 51.68400 -3.02089
vt 52.01410 -3.10099
vt 51.98140 -3.14644
vt 52.00990 -3.15155
vt 51.98140 -3.09834
vt 52.18890 -3.11691
vt 52.18480 -3.16631
vt 51.93980 -3.09089
vt 51.88140 -3.11715
vt 51.93010 -3.13967
vt 51.90190 -3.06526
vt 51.78750 -3.08260
vt 51.81000 -3.02538
vt 51.74400 -3.05824
vt 51.74400 -3.01038
vt 51.66660 -2.92561
vt 51.63840 -2.96186
vt 51.70350 -3.02089
vt 51.80600 -3.02089
vt 51.89420 -3.05824
vt 51.89420 -3.01038
vt 52.12910 -3.03140
vt 52.12910 -3.03722
vt 51.84840 -2.97526
vt 51.86040 -3.02089
vt 51.87750 -2.96186
vt 51.96450 -2.82964
vt 51.83680 -2.95570
vt 51.91290 -3.09957
vt 51.87030 -3.13967
vt 51.91290 -3.14520
vt 51.87170 -3.09089
vt 52.01250 -3.14184
vt 52.01250 -3.10294
vt 52.21310 -3.12872
vt 52.21310 -3.11606
vt 51.91560 -3.11691
vt 51.91470 -3.16631
vt 51.93920 -3.12509
vt 51.93920 -3.16554
vt 52.04330 -3.15597
vt 52.04330 -3.13466
vt 52.12170 -3.14718
vt 52.12170 -3.14345
vt 51.61560 -3.16323
vt 51.68400 -3.19405
vt 51.63840 -3.12246
vt 51.70350 -3.13959
vt 51.54560 -3.03549
vt 51.54790 -3.03263
vt 51.69900 -3.10581
vt 51.78750 -3.15253
vt 51.74400 -3.08955
vt 51.63650 -2.87095
vt 51.64200 -2.86897
vt 51.79640 -3.21347
vt 51.88140 -3.14175
vt 51.93190 -3.18952
vt 51.93010 -3.12975
vt 52.02060 -3.17227
vt 52.00990 -3.12268
vt 52.19530 -3.13375
vt 51.98140 -3.10696
vt 52.18480 -3.08529
vt 51.92500 -3.08706
vt 51.96810 -3.07217
vt 51.93270 -2.98048
vt 51.89440 -2.98752
vt 51.90110 -2.78692
vt 51.91370 -2.78653
vt 52.27720 -3.12348
vt 52.27540 -3.07333
vt 52.45420 -3.11898
vt 52.45230 -3.06512
vt 52.19840 -3.06079
vt 52.23640 -3.04688
vt 52.19110 -2.95132
vt 52.17050 -2.95671
vt 52.16670 -2.87828
vt 52.17030 -2.87768
vt 52.38440 -2.95570
vt 52.28250 -2.97526
vt 52.31600 -3.02089
vt 52.35610 -2.91944
vt 52.45440 -2.82964
vt 52.45210 -2.82678
vt 52.18110 -3.02538
vt 52.20360 -3.08260
vt 52.09010 -3.06526
vt 52.06810 -3.13290
vt 52.04860 -3.08344
vt 51.97940 -3.15155
vt 51.97510 -3.10099
vt 51.80060 -3.11691
vt 51.80470 -3.16631
vt 51.72260 -3.12041
vt 51.72280 -3.17059
vt 51.54560 -3.11932
vt 51.54580 -3.17322
vt 62.03100 -58.94400
vt 61.79410 -59.01880
vt 62.14720 -59.01880
vt 61.99410 -58.86920
vt 61.81090 -58.94400
vt 61.83150 -58.86920
vt 62.28910 -59.11450
vt 62.43190 -59.11430
vt 62.43190 -58.96150
vt 62.28910 -58.94360
vt 62.14640 -59.11550
vt 62.14640 -58.85040
vt 62.01680 -58.85990
vt 62.01680 -59.15230
vt 61.88730 -59.16850
vt 61.88730 -58.79410
vt 61.75510 -58.86110
vt 61.75510 -59.19980
vt 61.69610 -59.20590
vt 61.62690 -58.85280
vt 61.61530 -58.96900
vt 61.61530 -59.18910
vt 60.24990 -56.87280
vt 60.07870 -57.00000
vt 60.24990 -56.98210
vt 60.24990 -57.09150
vt 60.07870 -56.84760
vt 60.07870 -57.15240
vt 59.86830 -56.89370
vt 59.86830 -57.10630
vt 59.86830 -57.00000
vt 59.75010 -56.95380
vt 59.75010 -57.04620
vt 59.75010 -57.00000
vt 59.84760 -57.07870
vt 60.15240 -57.07870
vt 60.10630 -56.86830
vt 59.87280 -57.24990
vt 60.12720 -57.24990
vt 59.89370 -56.86830
vt 60.07170 -56.75010
vt 59.92830 -56.75010
vt 59.92830 -56.95380
vt 60.07170 -57.00000
vt 60.07170 -56.95380
vt 59.92830 -57.00000
vt 60.07170 -57.04620
vt 59.92830 -57.04620
vt 59.75010 -56.87280
vt 59.92130 -57.00000
vt 59.92130 -56.84760
vt 59.75010 -56.98210
vt 59.75010 -57.09150
vt 59.92130 -57.15240
vt 60.13170 -56.89370
vt 60.13170 -57.10630
vt 60.13170 -57.00000
vt 60.24990 -56.95380
vt 60.24990 -57.04620
vt 60.24990 -57.00000
vt 61.85230 -60.98610
vt 61.92270 -61.00150
vt 61.85220 -60.97900
vt 61.93900 -60.96180
vt 62.01800 -61.02860
vt 61.97670 -61.06930
vt 61.98210 -60.95500
vt 62.05250 -60.97040
vt 61.98200 -60.94800
vt 62.06890 -60.93070
vt 62.14780 -60.99750
vt 62.10650 -61.03820
vt 61.97850 -61.06890
vt 61.97100 -61.14780
vt 62.02150 -61.06890
vt 62.02900 -61.14780
vt 61.99650 -60.98200
vt 62.00350 -60.98200
vt 61.99650 -60.85220
vt 61.97850 -60.93900
vt 62.00350 -60.85220
vt 62.02150 -60.93900
vt 61.97100 -61.01800
vt 62.02900 -61.01800
vt 61.99650 -60.97900
vt 61.99650 -60.98610
vt 62.00350 -60.97900
vt 62.00350 -60.98610
vt 61.97850 -61.00150
vt 61.97100 -61.06930
vt 62.02150 -61.00150
vt 62.02900 -61.06930
vt 61.99650 -60.94800
vt 61.99650 -60.95500
vt 62.00350 -60.94800
vt 62.00350 -60.95500
vt 61.97850 -60.97040
vt 61.97100 -61.03820
vt 62.02150 -60.97040
vt 62.02900 -61.03820
vt 62.14780 -60.97900
vt 62.07730 -61.00150
vt 62.14770 -60.98610
vt 62.06100 -60.96180
vt 61.98200 -61.02860
vt 62.02330 -61.06930
vt 62.01800 -60.94800
vt 61.94750 -60.97040
vt 62.01790 -60.95500
vt 61.93110 -60.93070
vt 61.85220 -60.99750
vt 61.89350 -61.03820
vt 62.02900 -61.10650
vt 61.97100 -61.10650
vt 62.02150 -60.92270
vt 62.00350 -60.85230
vt 61.97850 -60.92270
vt 61.99650 -60.85230
vt 62.02900 -60.97670
vt 61.97100 -60.97670
vt 62.02150 -61.05250
vt 62.00350 -60.98210
vt 61.97850 -61.05250
vt 61.99650 -60.98210
vt 48.09310 -21.01020
vt 47.94820 -20.98210
vt 48.01340 -21.09730
vt 47.92850 -21.05860
vt 48.08200 -20.92610
vt 47.98110 -20.90660
vt 47.97290 -21.08200
vt 48.02710 -20.96100
vt 47.94680 -20.98110
vt 48.05320 -21.06190
vt 47.96110 -20.97650
vt 48.05320 -20.90660
vt 47.97290 -20.90270
vt 48.07650 -20.98210
vt 47.98110 -21.04870
vt 48.07440 -21.05860
vt 48.08070 -20.97650
vt 48.00820 -21.08740
vt 48.09310 -21.04870
vt 47.93580 -21.00460
vt 48.03900 -20.90270
vt 47.93810 -20.92220
vt 48.05060 -21.01340
vt 47.98110 -20.90690
vt 47.95730 -20.99180
vt 48.07440 -20.92850
vt 48.05320 -20.92220
vt 47.97290 -20.92610
vt 47.96110 -21.01020
vt 48.07650 -21.00460
vt 48.04270 -21.08740
vt 47.94940 -21.09730
vt 3.96063 -16.94150
vt 3.81819 -16.87120
vt 3.90352 -17.02870
vt 3.82089 -16.86870
vt 4.11113 -17.01500
vt 4.09861 -17.08940
vt 4.30300 -17.07630
vt 4.30272 -17.02570
vt 3.91479 -16.99750
vt 3.96954 -16.92880
vt 3.85758 -16.86060
vt 3.86006 -16.85870
vt 4.07844 -17.06200
vt 4.09426 -17.00080
vt 4.25489 -17.06560
vt 4.25814 -17.02340
vt 3.95705 -17.05730
vt 3.82770 -17.03590
vt 3.93194 -17.14150
vt 3.82929 -17.03320
vt 4.10785 -17.14010
vt 4.09966 -17.07750
vt 4.27285 -17.07750
vt 4.26008 -17.03710
vt 3.69700 -16.85720
vt 3.84666 -16.93580
vt 3.70014 -16.85440
vt 3.78043 -17.03330
vt 4.01123 -17.10120
vt 4.02575 -17.01800
vt 4.25205 -17.08660
vt 4.25172 -17.02990
vt 3.85708 -16.86060
vt 3.95565 -16.92770
vt 3.85956 -16.85870
vt 3.90090 -16.99630
vt 4.06849 -17.06120
vt 4.08431 -17.00000
vt 4.24822 -17.06510
vt 4.25147 -17.02280
vt 3.94374 -17.06150
vt 3.82723 -17.03610
vt 3.91863 -17.14560
vt 3.82882 -17.03340
vt 4.09831 -17.14310
vt 4.09012 -17.08050
vt 4.26646 -17.07950
vt 4.25369 -17.03910
vt 3.81720 -16.87120
vt 3.93287 -16.94150
vt 3.81990 -16.86870
vt 3.87576 -17.02870
vt 4.07872 -17.08940
vt 4.09124 -17.01500
vt 4.28966 -17.07630
vt 4.28938 -17.02570
vt 4.00210 -16.69700
vt 3.99790 -16.69700
vt 3.99790 -16.70010
vt 4.00210 -16.70010
vt 4.16491 -16.81990
vt 4.16928 -16.81820
vt 4.16565 -16.81720
vt 4.16854 -16.82090
vt 3.83509 -16.81990
vt 3.83072 -16.81820
vt 3.83146 -16.82090
vt 3.83435 -16.81720
vt 4.09023 -16.85760
vt 4.08713 -16.85710
vt 4.08676 -16.85960
vt 4.08986 -16.86010
vt 3.90977 -16.85760
vt 3.91324 -16.85960
vt 3.91287 -16.85710
vt 3.91014 -16.86010
vt 4.11451 -16.96950
vt 4.02747 -16.95570
vt 4.08101 -17.09430
vt 4.01864 -17.08430
vt 4.04403 -17.25810
vt 4.00221 -17.25150
vt 3.91899 -17.09430
vt 3.97253 -16.95570
vt 3.88549 -16.96950
vt 3.98136 -17.08430
vt 3.95597 -17.25810
vt 3.99779 -17.25150
vt 4.08139 -16.93290
vt 4.18306 -16.96060
vt 4.12649 -17.11110
vt 4.05363 -17.09120
vt 4.01243 -17.28940
vt 4.06127 -17.30270
vt 3.87351 -17.11110
vt 3.91861 -16.93290
vt 3.81694 -16.96060
vt 3.94637 -17.09120
vt 3.98757 -17.28940
vt 3.93873 -17.30270
vt 3.95776 -17.02570
vt 4.05895 -16.84670
vt 3.94105 -16.84670
vt 4.04224 -17.02570
vt 3.97168 -17.25170
vt 4.02832 -17.25170
vt 4.02747 -16.94370
vt 4.08986 -16.82930
vt 4.08676 -16.82880
vt 4.11451 -16.95710
vt 4.01864 -17.09010
vt 4.08101 -17.09970
vt 4.04403 -17.26010
vt 4.00221 -17.25370
vt 3.98136 -17.09010
vt 3.88549 -16.95710
vt 3.91899 -17.09970
vt 3.95597 -17.26010
vt 3.99779 -17.25370
vt 3.97253 -16.94370
vt 3.91014 -16.82930
vt 3.91324 -16.82880
vt 3.99790 -16.85720
vt 3.94105 -17.03330
vt 4.00210 -16.85720
vt 4.05895 -17.03330
vt 3.90977 -17.03590
vt 3.87766 -17.14150
vt 3.91287 -17.03610
vt 3.96470 -17.14560
vt 4.12234 -17.14150
vt 4.09023 -17.03590
vt 4.08713 -17.03610
vt 4.03530 -17.14560
vt 3.91014 -17.03320
vt 3.91324 -17.03340
vt 4.08986 -17.03320
vt 4.08676 -17.03340
vt 3.83072 -16.87120
vt 3.80134 -17.02870
vt 3.83435 -16.87120
vt 3.90302 -17.02870
vt 4.19866 -17.02870
vt 4.16928 -16.87120
vt 4.16565 -16.87120
vt 4.09698 -17.02870
vt 4.12234 -16.99750
vt 4.09023 -16.86060
vt 4.08713 -16.86060
vt 4.03530 -16.99630
vt 3.90977 -16.86060
vt 3.87766 -16.99750
vt 3.91287 -16.86060
vt 3.96470 -16.99630
vt 4.09648 -17.02870
vt 4.18181 -16.87120
vt 4.03937 -16.94150
vt 4.17911 -16.86870
vt 3.88887 -17.01500
vt 3.90139 -17.08940
vt 3.69700 -17.07630
vt 3.69728 -17.02570
vt 4.08521 -16.99750
vt 4.14242 -16.86060
vt 4.03046 -16.92880
vt 4.13994 -16.85870
vt 3.92156 -17.06200
vt 3.90574 -17.00080
vt 3.74511 -17.06560
vt 3.74186 -17.02340
vt 4.06806 -17.14150
vt 4.17230 -17.03590
vt 4.04295 -17.05730
vt 4.17071 -17.03320
vt 3.89215 -17.14010
vt 3.90034 -17.07750
vt 3.72715 -17.07750
vt 3.73992 -17.03710
vt 4.21957 -17.03330
vt 4.30300 -16.85720
vt 4.15334 -16.93580
vt 4.29986 -16.85440
vt 3.98877 -17.10120
vt 3.97425 -17.01800
vt 3.74795 -17.08660
vt 3.74828 -17.02990
vt 4.14291 -16.86060
vt 4.04435 -16.92770
vt 4.09910 -16.99630
vt 4.14044 -16.85870
vt 3.93151 -17.06120
vt 3.91569 -17.00000
vt 3.75178 -17.06510
vt 3.74853 -17.02280
vt 4.05626 -17.06150
vt 4.17277 -17.03610
vt 4.17118 -17.03340
vt 4.08137 -17.14560
vt 3.90169 -17.14310
vt 3.90988 -17.08050
vt 3.73354 -17.07950
vt 3.74631 -17.03910
vt 4.06713 -16.94150
vt 4.18280 -16.87120
vt 4.18010 -16.86870
vt 4.12424 -17.02870
vt 3.92128 -17.08940
vt 3.90876 -17.01500
vt 3.71034 -17.07630
vt 3.71062 -17.02570
vt 3.97964 -17.09830
vt 3.95601 -17.27290
vt 3.99783 -17.26650
vt 3.91727 -17.10780
vt 3.96470 -16.91860
vt 3.87766 -16.93190
vt 4.02035 -17.09830
vt 4.00217 -17.26650
vt 4.04399 -17.27290
vt 4.08273 -17.10780
vt 4.03530 -16.91860
vt 4.12234 -16.93190
vt 4.02832 -17.25200
vt 4.04224 -17.01120
vt 3.97168 -17.25200
vt 3.95776 -17.01120
vt 4.05895 -16.78040
vt 3.94105 -16.78040
vt 3.98765 -17.28970
vt 3.87010 -17.09860
vt 3.93880 -17.30300
vt 3.94295 -17.07870
vt 3.90302 -16.87580
vt 3.80134 -16.90350
vt 4.01235 -17.28970
vt 4.12990 -17.09860
vt 4.05705 -17.07870
vt 4.06120 -17.30300
vt 4.09698 -16.87580
vt 4.19866 -16.90350
vt 3.97964 -17.06850
vt 3.95601 -17.25490
vt 3.99783 -17.24820
vt 3.91727 -17.07840
vt 3.96470 -16.90090
vt 3.87766 -16.91480
vt 4.02035 -17.06850
vt 4.00217 -17.24820
vt 4.04399 -17.25490
vt 4.08273 -17.07840
vt 4.03530 -16.90090
vt 4.12234 -16.91480
vt 4.01243 -17.02570
vt 4.06120 -17.07630
vt 4.06127 -17.02570
vt 4.01235 -17.07630
vt 3.98757 -17.02570
vt 3.93880 -17.07630
vt 3.98765 -17.07630
vt 3.93873 -17.02570
vt 4.02832 -17.02990
vt 3.97168 -17.02990
vt 3.97168 -17.08660
vt 4.02832 -17.08660
vt 4.04403 -17.02340
vt 4.00221 -17.02280
vt 4.00217 -17.06510
vt 4.04399 -17.06560
vt 3.95597 -17.02340
vt 3.99783 -17.06510
vt 3.99779 -17.02280
vt 3.95601 -17.06560
vt 4.00221 -17.03910
vt 4.04399 -17.07750
vt 4.04403 -17.03710
vt 4.00217 -17.07950
vt 3.99779 -17.03910
vt 3.95601 -17.07750
vt 3.99783 -17.07950
vt 3.95597 -17.03710
vn 0.7874 -0.6142 0.0000
vn 0.7559 -0.2283 -0.6142
vn 1.0000 -0.0394 -0.0236
vn 0.8740 0.4567 -0.1496
vn 0.9921 0.0079 -0.0945
vn 0.9921 0.0157 -0.0866
vn 0.9921 -0.0787 0.1181
vn 0.8661 -0.0315 0.5039
vn 0.7087 0.7008 0.0000
vn -0.0157 0.8425 -0.5354
vn -0.0551 0.9449 -0.3228
vn -0.0630 0.8583 -0.5039
vn -0.0394 0.9685 -0.2598
vn 0.0000 1.0000 -0.0157
vn 0.0000 0.7402 0.6693
vn 0.0315 0.4961 0.8661
vn 0.0236 0.3780 0.9213
vn 0.0000 1.0000 0.0000
vn 0.0000 -0.5591 0.8346
vn -0.5118 -0.5984 0.6220
vn 0.3937 -0.5748 0.7165
vn 0.0000 -0.6457 0.7638
vn 0.1339 -0.5512 0.8268
vn 0.0472 -0.5197 0.8504
vn -0.0945 -0.0866 0.9921
vn 0.0945 -0.0787 0.9921
vn -0.7480 -0.6614 0.0000
vn -0.7559 -0.2520 -0.6063
vn -1.0000 -0.0394 0.0551
vn -0.9055 0.3937 -0.1654
vn -0.9921 -0.1181 -0.0551
vn -0.9921 0.0079 -0.0945
vn -0.9921 -0.0787 0.1181
vn -0.8425 -0.1181 0.5276
vn -0.7480 0.6614 0.0000
vn 0.0079 -0.8032 -0.5906
vn 0.0000 -0.8976 -0.4331
vn 0.0157 -1.0000 0.0000
vn 0.0000 -0.9843 -0.1654
vn 0.0157 -0.9528 0.3150
vn 0.0551 -0.8740 0.4803
vn -0.5118 -0.8583 0.0000
vn 0.5591 -0.8268 0.0000
vn 0.0630 -0.9370 0.3465
vn 0.0000 -0.8583 -0.5197
vn 0.0000 0.0709 -1.0000
vn 0.0945 -0.0787 -0.9921
vn -0.0945 -0.0866 -0.9921
vn -0.0315 -0.5669 -0.8189
vn 0.9449 0.2598 0.1968
vn 0.9685 0.0787 0.2441
vn 0.9685 0.0236 0.2598
vn 0.9370 -0.1654 0.2992
vn 0.0000 0.9843 -0.1890
vn -0.2441 0.3465 0.9055
vn -0.9685 0.0315 -0.2598
vn -0.9606 0.0551 -0.2598
vn -0.9685 -0.0866 -0.2362
vn -0.9449 0.1732 -0.2756
vn 0.0000 -0.9134 0.4173
vn 0.2362 0.0945 -0.9685
vn 0.2205 -0.6850 -0.7008
vn 0.7953 -0.5984 -0.0551
vn 0.8898 -0.4488 -0.0236
vn 0.6220 0.7402 0.2520
vn -0.4961 0.8661 0.0787
vn -0.2520 0.9685 0.0394
vn -0.5748 0.8110 0.0866
vn -0.0394 1.0000 0.0079
vn 0.0157 1.0000 0.0000
vn 0.1496 -0.0079 0.9921
vn 0.0945 -0.0236 0.9921
vn 0.1260 0.0000 0.9921
vn 0.0551 0.0000 1.0000
vn -1.0000 -0.0079 0.0394
vn 0.5197 -0.8504 -0.0709
vn 0.1968 -0.9843 -0.0315
vn 0.0551 -1.0000 -0.0079
vn 0.2677 0.3622 -0.8898
vn 0.1496 0.2362 -0.9606
vn -0.0787 0.0551 -0.9921
vn -0.2047 -0.0079 -0.9764
vn -0.1102 -0.0079 -0.9921
vn -0.0157 0.0000 -1.0000
vn 1.0000 0.0000 -0.0709
vn 0.9843 0.0000 0.1654
vn 1.0000 0.0000 -0.0472
vn 0.9685 0.0000 -0.2598
vn 0.8110 0.5197 -0.2677
vn 0.6535 -0.7165 0.2520
vn 0.6850 -0.6693 0.2835
vn 1.0000 0.0000 0.0315
vn 0.9921 0.0000 -0.1339
vn 0.9685 0.0472 -0.2520
vn 0.9685 0.0551 -0.2520
vn 0.9685 0.1024 -0.2126
vn 0.8976 0.0394 0.4409
vn 0.9843 0.0000 -0.1654
vn -0.2913 0.9449 0.1417
vn -0.4409 0.8976 0.0079
vn -0.4252 0.8976 0.0945
vn -0.1575 0.9370 0.3071
vn -0.3071 0.9449 0.1260
vn -0.1496 0.9921 -0.0157
vn -0.1890 0.9685 0.1417
vn -0.1181 0.9606 0.2598
vn 0.0315 1.0000 0.0787
vn -0.1102 0.9843 0.1181
vn -0.0236 0.9921 0.0945
vn -0.1260 0.9921 0.0551
vn -0.1102 0.9921 0.0472
vn 0.0079 1.0000 0.0472
vn -0.0236 1.0000 0.0709
vn -0.0315 1.0000 0.0551
vn 0.0236 0.9843 0.1811
vn 0.0315 0.9921 0.0945
vn -0.2756 0.9528 -0.0945
vn -0.5276 0.8268 -0.1890
vn -0.5354 0.8189 -0.1811
vn -0.1811 0.9843 -0.0630
vn 0.5039 0.6063 0.6142
vn 0.3386 0.0000 0.9370
vn 0.0315 0.0000 1.0000
vn 0.1575 0.0000 0.9843
vn -0.2598 0.0000 0.9685
vn -0.7480 0.0000 0.6614
vn 0.0472 0.0000 1.0000
vn -0.1260 -0.0157 0.9921
vn -0.4409 -0.0315 0.8976
vn -0.1181 -0.0157 0.9921
vn 0.2126 0.0000 0.9764
vn 0.2362 0.0315 0.9685
vn 0.1811 0.0079 0.9843
vn 0.1732 0.0079 0.9843
vn 0.1181 -0.0079 0.9921
vn -0.7087 -0.1732 0.6850
vn -0.8110 -0.0945 0.5748
vn -0.8268 -0.0866 0.5591
vn -0.5433 -0.1890 0.8189
vn -0.4173 -0.0709 0.9055
vn -0.4173 -0.0630 0.9055
vn -0.2913 0.0394 0.9528
vn -0.9370 0.0000 0.3543
vn -0.9606 0.0000 0.2756
vn -0.9291 0.0000 0.3622
vn -0.9685 0.0000 0.2362
vn -0.9921 0.0000 0.0945
vn -0.9055 0.0000 0.4173
vn 0.6220 -0.7559 0.2283
vn 0.3780 -0.9213 -0.0945
vn 0.2047 -0.9764 0.0236
vn 0.0709 -0.9764 0.1968
vn 0.0315 -1.0000 0.0787
vn 0.4409 -0.8740 -0.2047
vn 0.3937 -0.9134 -0.1260
vn 0.3465 -0.9370 -0.0630
vn 0.2677 -0.9606 -0.0709
vn 0.1890 -0.9843 -0.0630
vn 0.1102 -0.9921 -0.0472
vn 0.1181 -0.9921 -0.0315
vn 0.0472 -1.0000 -0.0079
vn 0.1102 -0.9921 0.0000
vn 0.0472 -1.0000 0.0157
vn 0.0315 -1.0000 -0.0157
vn 0.0315 -1.0000 -0.0079
vn 0.0079 -1.0000 0.0472
vn 0.0472 -1.0000 0.0079
vn 0.0315 -0.9921 0.0866
vn 0.5276 0.1732 -0.8346
vn 0.6614 0.3228 -0.6772
vn 0.3780 0.0394 -0.9213
vn 0.1181 -0.0157 -0.9921
vn -0.0394 -0.0079 -1.0000
vn -0.0236 -0.0157 -1.0000
vn -0.1811 -0.0079 -0.9843
vn -0.1024 0.0000 -0.9921
vn -0.0236 0.0000 -1.0000
vn 0.5748 -0.8110 -0.0787
vn 0.8268 -0.5591 -0.0709
vn 0.5197 -0.8504 -0.0787
vn 0.8268 -0.5512 -0.0551
vn 0.8425 -0.5354 0.0000
vn 0.0000 -1.0000 0.0000
vn 0.0472 -1.0000 0.0000
vn 0.0551 -1.0000 0.0000
vn 0.0866 -1.0000 0.0000
vn 0.2441 -0.9685 -0.0157
vn 0.2283 -0.9764 -0.0157
vn 0.3543 -0.9291 -0.0394
vn 0.3543 -0.9370 -0.0472
vn 0.9764 -0.0315 0.2283
vn 0.9528 -0.0315 0.2913
vn 0.9606 -0.0315 0.2913
vn 0.9528 -0.0315 0.2992
vn 0.9764 -0.0315 0.1968
vn 0.9843 -0.0236 0.1732
vn 0.9843 -0.0236 0.1575
vn 0.9921 -0.0236 0.1417
vn 0.9921 -0.0472 -0.0945
vn 0.9764 -0.0551 -0.2126
vn 0.8898 -0.0709 -0.4488
vn 0.8661 0.0709 -0.4882
vn 0.8661 0.0945 -0.4961
vn 0.8661 0.1496 -0.4803
vn 0.8819 0.1181 -0.4646
vn 0.8976 0.0709 -0.4331
vn 0.0000 0.9764 -0.2126
vn 0.0000 0.8740 -0.4882
vn 0.0000 0.9606 0.2756
vn 0.0000 0.8189 0.5748
vn 0.0000 0.0000 1.0000
vn -0.9528 -0.0315 0.2913
vn -0.9764 -0.0315 0.2283
vn -0.9606 -0.0315 0.2913
vn -0.9528 -0.0315 0.2992
vn -0.9764 -0.0315 0.2205
vn -0.9764 -0.0315 0.1968
vn -0.9843 -0.0236 0.1732
vn -0.9843 -0.0236 0.1575
vn -0.9921 -0.0236 0.1339
vn -0.8661 0.0866 -0.4882
vn -0.8898 -0.0472 -0.4646
vn -0.8740 0.0709 -0.4882
vn -0.8661 0.1496 -0.4724
vn -0.8819 0.1181 -0.4567
vn -0.8898 0.0866 -0.4409
vn 0.0000 -1.0000 0.0551
vn 0.0000 -0.9921 -0.1102
vn 0.0000 -1.0000 -0.0079
vn 0.0000 -0.9764 -0.2205
vn 0.0000 -0.9764 0.2283
vn 0.0000 0.4094 -0.9134
vn 0.0000 -0.4803 -0.8740
vn 0.0000 0.0000 -1.0000
vn 0.9843 0.0000 -0.1890
vn -0.9843 0.0000 -0.1890
vn 0.9685 0.0787 0.2205
vn 0.9921 0.0630 0.1417
vn 0.9921 0.0630 0.1339
vn 1.0000 0.0472 0.0630
vn 0.0000 0.7638 -0.6457
vn 0.0000 0.9843 0.1968
vn 0.0000 -0.0079 1.0000
vn 0.0000 -0.8268 0.5591
vn 0.0000 -0.6220 0.7795
vn -0.9685 0.0787 0.2205
vn -0.9921 0.0630 0.1417
vn -0.9921 0.0630 0.1339
vn -1.0000 0.0472 0.0630
vn 0.0000 -0.7087 -0.7008
vn 0.0000 -0.9764 0.2126
vn 0.9685 -0.2283 -0.1102
vn 0.9843 -0.1654 -0.0472
vn 0.9528 -0.2362 -0.1968
vn 0.9528 -0.2362 -0.2047
vn 0.9764 -0.1181 -0.1732
vn 0.9921 -0.0472 -0.1260
vn 0.0000 0.9449 -0.3307
vn 0.0000 0.2047 0.9764
vn 0.0000 -0.2756 0.9606
vn -0.9685 -0.2283 -0.1102
vn -0.9843 -0.1654 -0.0472
vn -0.9528 -0.2362 -0.1968
vn -0.9528 -0.2362 -0.2047
vn -0.9764 -0.1181 -0.1732
vn -0.9921 -0.0472 -0.1260
vn 0.0000 -0.9921 -0.1024
vn 0.0000 -0.9685 0.2362
vn 0.0000 -1.0000 0.0394
vn 0.0000 -0.8504 0.5197
vn 0.0000 0.1732 -0.9843
vn 0.0000 -0.0394 -1.0000
vn 0.0000 0.3858 -0.9213
vn 0.0000 0.4252 -0.9055
vn 0.7480 -0.6614 0.0000
vn 0.7559 -0.2520 -0.6063
vn 1.0000 -0.0394 0.0551
vn 0.9055 0.3937 -0.1654
vn 0.9921 -0.1181 -0.0551
vn 0.8425 -0.1181 0.5276
vn 0.7480 0.6614 0.0000
vn 0.0157 0.8425 -0.5354
vn 0.0551 0.9449 -0.3228
vn 0.0630 0.8583 -0.5039
vn 0.0394 0.9685 -0.2598
vn -0.0315 0.4961 0.8661
vn -0.0236 0.3780 0.9213
vn 0.5118 -0.5984 0.6220
vn -0.3937 -0.5748 0.7165
vn -0.0472 -0.5197 0.8504
vn -0.1339 -0.5512 0.8268
vn 0.0945 -0.0866 0.9921
vn -0.0945 -0.0787 0.9921
vn -0.7874 -0.6142 0.0000
vn -0.7559 -0.2283 -0.6142
vn -1.0000 -0.0394 -0.0236
vn -0.8740 0.4567 -0.1496
vn -0.9921 0.0157 -0.0866
vn -0.8661 -0.0315 0.5039
vn -0.7087 0.7008 0.0000
vn -0.0079 -0.8032 -0.5906
vn -0.0157 -1.0000 0.0000
vn -0.0157 -0.9528 0.3150
vn -0.0551 -0.8740 0.4803
vn 0.5118 -0.8583 0.0000
vn -0.5591 -0.8268 0.0000
vn -0.0630 -0.9370 0.3465
vn -0.0945 -0.0787 -0.9921
vn 0.0945 -0.0866 -0.9921
vn 0.0315 -0.5669 -0.8189
vn 0.9528 0.0709 -0.2992
vn 0.9685 0.0709 -0.2283
vn 0.9370 0.0787 -0.3386
vn 0.9685 0.0709 -0.2441
vn 0.9843 0.0630 -0.1654
vn 0.9921 0.0551 -0.1339
vn 0.9528 0.0787 -0.2992
vn 0.9134 0.0945 -0.4016
vn 0.9921 0.0472 -0.1181
vn 0.0000 1.0000 -0.0315
vn 0.0000 0.9921 0.1181
vn 0.0000 0.9449 0.3307
vn -0.9528 0.0787 -0.2992
vn -0.9370 0.0787 -0.3386
vn -0.9134 0.0945 -0.4016
vn -0.9685 0.0709 -0.2441
vn -0.9921 0.0551 -0.1339
vn -0.9843 0.0630 -0.1654
vn -0.9685 0.0709 -0.2283
vn -0.9528 0.0709 -0.2992
vn -0.9921 0.0472 -0.1181
vn 0.0000 -0.8189 -0.5748
vn 0.0000 -0.8110 -0.5906
vn 0.0000 -0.7874 -0.6142
vn 1.0000 -0.0079 0.0394
vn -0.6220 0.7480 0.2520
vn 0.4961 0.8661 0.0787
vn 0.2520 0.9685 0.0394
vn 0.5748 0.8110 0.0866
vn 0.0394 1.0000 0.0079
vn -0.0157 1.0000 0.0000
vn -0.1496 -0.0079 0.9921
vn -0.1260 0.0000 0.9921
vn -0.0551 0.0000 1.0000
vn -0.0945 -0.0236 0.9921
vn -0.7953 -0.5984 -0.0551
vn -0.8898 -0.4488 -0.0236
vn -0.1968 -0.9843 -0.0315
vn -0.5197 -0.8504 -0.0709
vn -0.0551 -1.0000 -0.0079
vn 0.0787 0.0551 -0.9921
vn 0.1968 -0.0079 -0.9764
vn 0.1102 -0.0079 -0.9921
vn 0.0157 0.0000 -1.0000
vn -0.1417 0.2362 -0.9606
vn -0.1496 0.2362 -0.9606
vn -0.2677 0.3622 -0.8898
vn 0.9370 0.0000 0.3543
vn 0.7480 0.0000 0.6614
vn 0.9606 0.0000 0.2756
vn 0.9291 0.0000 0.3622
vn 0.9685 0.0000 0.2362
vn 0.9921 0.0000 0.0945
vn 0.7087 -0.1732 0.6850
vn 0.8110 -0.0945 0.5827
vn 0.9055 0.0000 0.4173
vn 0.8268 -0.0866 0.5591
vn 0.0236 0.9921 0.0945
vn 0.1102 0.9843 0.1181
vn -0.0079 1.0000 0.0472
vn 0.1890 0.9685 0.1417
vn 0.3071 0.9449 0.1260
vn 0.4252 0.8976 0.0945
vn 0.1260 0.9921 0.0551
vn 0.1102 0.9921 0.0472
vn 0.4409 0.8976 0.0079
vn 0.0236 1.0000 0.0709
vn 0.2913 0.9449 0.1417
vn 0.1575 0.9370 0.3071
vn 0.1496 0.9921 -0.0157
vn 0.1181 0.9606 0.2598
vn -0.0315 1.0000 0.0787
vn 0.1811 0.9843 -0.0630
vn 0.5354 0.8268 -0.1811
vn 0.2756 0.9528 -0.0945
vn 0.5276 0.8268 -0.1890
vn 0.0315 1.0000 0.0551
vn -0.0236 0.9843 0.1811
vn -0.0315 0.9921 0.0945
vn -0.5039 0.6063 0.6142
vn -0.3386 0.0000 0.9370
vn -0.0315 0.0000 1.0000
vn -0.1575 0.0000 0.9843
vn 0.2598 0.0000 0.9685
vn -0.0472 0.0000 1.0000
vn 0.1260 -0.0157 0.9921
vn 0.4409 -0.0315 0.8976
vn 0.1181 -0.0157 0.9921
vn -0.2126 0.0000 0.9764
vn -0.2362 0.0315 0.9685
vn -0.1732 0.0079 0.9843
vn -0.1181 -0.0079 0.9921
vn 0.4173 -0.0709 0.9055
vn 0.5433 -0.1890 0.8189
vn 0.4173 -0.0630 0.9055
vn 0.2913 0.0394 0.9606
vn -0.9843 0.0000 0.1654
vn -1.0000 0.0000 -0.0709
vn -1.0000 0.0000 -0.0472
vn -0.9685 0.0000 -0.2598
vn -0.8110 0.5197 -0.2677
vn -0.6535 -0.7165 0.2520
vn -0.6850 -0.6693 0.2835
vn -0.9685 0.0551 -0.2520
vn -0.9685 0.1024 -0.2126
vn -0.9685 0.0472 -0.2520
vn -0.9921 0.0000 -0.1339
vn -1.0000 0.0000 0.0315
vn -0.8976 0.0394 0.4331
vn -0.9843 0.0000 -0.1654
vn -0.6220 -0.7559 0.2283
vn -0.2047 -0.9764 0.0236
vn -0.3780 -0.9213 -0.0945
vn -0.0709 -0.9764 0.1968
vn -0.0315 -1.0000 0.0787
vn -0.4409 -0.8740 -0.2047
vn -0.3937 -0.9134 -0.1260
vn -0.3465 -0.9370 -0.0630
vn -0.2677 -0.9606 -0.0709
vn -0.1890 -0.9843 -0.0630
vn -0.1102 -0.9921 -0.0472
vn -0.1181 -0.9921 -0.0315
vn -0.0472 -1.0000 -0.0079
vn -0.1102 -0.9921 0.0000
vn -0.0472 -1.0000 0.0157
vn -0.0315 -1.0000 -0.0157
vn -0.0315 -1.0000 -0.0079
vn -0.0079 -1.0000 0.0472
vn -0.0472 -1.0000 0.0079
vn -0.0315 -0.9921 0.0866
vn -0.5276 0.1732 -0.8346
vn -0.3780 0.0394 -0.9213
vn -0.6614 0.3228 -0.6772
vn -0.1181 -0.0157 -0.9921
vn 0.0236 -0.0157 -1.0000
vn 0.0394 -0.0079 -1.0000
vn 0.1811 -0.0079 -0.9843
vn 0.1024 0.0000 -0.9921
vn 0.0236 0.0000 -1.0000
vn -0.8268 -0.5591 -0.0709
vn -0.5748 -0.8110 -0.0787
vn -0.5197 -0.8504 -0.0787
vn -0.8425 -0.5354 0.0000
vn -0.8268 -0.5512 -0.0551
vn -0.0472 -1.0000 0.0000
vn -0.0551 -1.0000 0.0000
vn -0.0866 -1.0000 0.0000
vn -0.2441 -0.9685 -0.0157
vn -0.2283 -0.9764 -0.0157
vn -0.3543 -0.9291 -0.0394
vn -0.3543 -0.9370 -0.0472
vn 0.9921 0.0000 -0.1417
vn 1.0000 0.0000 0.0472
vn 0.9685 0.0000 0.2441
vn 0.9606 0.0000 0.2835
vn 0.0000 1.0000 0.0315
vn 0.0000 0.9449 0.3150
vn 0.0000 0.9921 -0.1417
vn 0.0000 0.8898 0.4567
vn -0.9921 0.0000 -0.1417
vn -1.0000 0.0000 0.0472
vn -0.9685 0.0000 0.2441
vn -0.9606 0.0000 0.2835
vn 0.0000 -0.9449 -0.3386
vn 0.0000 -1.0000 -0.0709
vn 0.0000 -0.9449 0.3150
vn 0.0000 -0.8898 0.4567
vn 0.9606 0.0551 -0.2598
vn 0.9685 0.0315 -0.2598
vn 0.9685 -0.0866 -0.2362
vn 0.9449 0.1732 -0.2756
vn 0.2441 0.3465 0.9055
vn -0.9685 0.0236 0.2598
vn -0.9370 -0.1654 0.2992
vn -0.9685 0.0787 0.2441
vn -0.9449 0.2598 0.1968
vn -0.2362 0.0945 -0.9685
vn -0.2205 -0.6850 -0.7008
vn 0.9843 0.0709 -0.1732
vn 0.9843 0.1811 0.0079
vn 0.9843 0.0709 -0.1811
vn 0.9449 -0.0236 -0.3228
vn 0.9921 0.0709 -0.0787
vn 0.9764 0.1890 0.0945
vn 0.9764 -0.0394 -0.2205
vn 0.9921 0.0945 -0.0472
vn 0.9764 0.1417 0.1575
vn 0.9764 0.0472 -0.2205
vn 0.9449 0.1811 0.2677
vn 0.9921 0.0709 0.0866
vn 1.0000 -0.0236 -0.0630
vn 0.8898 0.2126 0.3937
vn 0.9685 0.0945 0.2362
vn 0.9921 -0.0157 0.0945
vn 0.9685 0.0000 0.2520
vn 0.8898 0.0551 0.4488
vn 0.9921 -0.0472 0.0787
vn 0.8425 0.1811 0.5039
vn 0.9370 0.0709 0.3465
vn 0.9764 -0.0236 0.1968
vn 0.0000 0.7480 0.6693
vn -0.1732 0.7480 0.6457
vn 0.1732 0.7480 0.6457
vn -0.1024 0.7953 0.5906
vn 0.1024 0.7953 0.5906
vn 0.0709 0.8583 -0.5039
vn 0.0394 0.9370 -0.3386
vn 0.0079 0.9921 -0.1339
vn -0.0394 0.9370 -0.3386
vn -0.0709 0.8583 -0.5039
vn -0.0079 0.9921 -0.1339
vn 0.1181 0.8976 -0.4252
vn 0.0709 0.9685 -0.2520
vn 0.0157 1.0000 -0.0472
vn -0.0709 0.9685 -0.2520
vn -0.1181 0.8976 -0.4252
vn -0.0157 1.0000 -0.0472
vn 0.0000 0.9685 -0.2598
vn 0.0000 0.8976 -0.4409
vn 0.0000 1.0000 -0.0551
vn 0.0709 0.9843 -0.1496
vn 0.0394 1.0000 0.0394
vn 0.0079 0.9685 0.2441
vn -0.0394 1.0000 0.0394
vn -0.0709 0.9843 -0.1496
vn -0.0079 0.9685 0.2441
vn 0.0000 -0.4252 0.9055
vn -0.1417 -0.6693 0.7244
vn 0.1417 -0.6693 0.7244
vn -0.1024 0.5197 0.8504
vn 0.1024 0.5197 0.8504
vn -0.2362 -0.4252 0.8740
vn 0.2362 -0.4252 0.8740
vn 0.1417 -0.3543 0.9213
vn -0.1417 -0.3543 0.9213
vn -0.9843 0.0709 -0.1811
vn -0.9843 0.1811 0.0079
vn -0.9843 0.0709 -0.1732
vn -0.9449 -0.0236 -0.3228
vn -0.9921 0.0709 -0.0787
vn -0.9764 0.1890 0.0945
vn -0.9764 -0.0394 -0.2205
vn -0.9921 0.0945 -0.0472
vn -0.9764 0.1417 0.1575
vn -0.9764 0.0472 -0.2205
vn -0.9921 0.0709 0.0866
vn -0.9449 0.1811 0.2677
vn -1.0000 -0.0236 -0.0630
vn -0.8898 0.2126 0.3937
vn -0.9685 0.0945 0.2362
vn -0.9921 -0.0157 0.0945
vn -0.9685 0.0000 0.2520
vn -0.8898 0.0551 0.4488
vn -0.9921 -0.0472 0.0787
vn -0.9370 0.0709 0.3465
vn -0.8425 0.1811 0.5039
vn -0.9764 -0.0236 0.1968
vn -0.0157 -0.9843 -0.1811
vn 0.0079 -0.9370 -0.3543
vn -0.0472 -1.0000 -0.0157
vn 0.0157 -0.9843 -0.1811
vn -0.0079 -0.9370 -0.3543
vn 0.0472 -1.0000 -0.0157
vn 0.0000 -1.0000 -0.0630
vn 0.0000 -0.9921 0.1181
vn 0.0000 -0.9606 0.2835
vn 0.0157 -1.0000 -0.0551
vn -0.0315 -0.9921 0.1181
vn -0.0709 -0.9606 0.2756
vn -0.0157 -1.0000 -0.0551
vn 0.0315 -0.9921 0.1181
vn 0.0709 -0.9606 0.2756
vn -0.0157 -0.9764 0.1968
vn 0.0079 -1.0000 0.0236
vn -0.0472 -0.9370 0.3543
vn 0.0157 -0.9764 0.1968
vn -0.0079 -1.0000 0.0236
vn 0.0472 -0.9370 0.3543
vn 0.2598 0.0079 -0.9685
vn -0.2598 0.0079 -0.9685
vn 0.0000 0.0079 -1.0000
vn 0.1575 -0.0787 -0.9843
vn -0.1575 -0.0787 -0.9843
vn 0.1575 0.2992 -0.9449
vn -0.1575 0.2992 -0.9449

o RightFoot
usemtl c_d5733d
f 1/1/1 2/2/1 3/3/1
f 3/3/1 2/2/1 4/4/1
f 5/5/2 6/6/2 7/7/2
f 6/6/2 8/8/2 7/7/2
f 9/9/3 10/10/3 11/11/3
f 10/10/3 12/12/3 11/11/3
f 9/9/3 13/13/3 10/10/3
f 13/13/3 9/9/3 14/14/3
f 8/8/4 15/15/4 7/7/4
f 15/15/4 16/16/4 7/7/4
f 6/6/5 17/17/5 8/8/5
f 17/17/5 6/6/5 18/18/5
f 19/19/6 11/11/6 12/12/6
f 11/11/6 19/19/6 20/20/6
f 20/20/6 19/19/6 15/15/6
f 19/19/6 21/21/6 15/15/6
f 22/22/7 23/23/7 24/24/7
f 23/23/7 22/22/7 25/25/7
f 16/16/8 21/21/8 26/26/8
f 21/21/8 16/16/8 15/15/8
f 16/16/9 3/3/9 7/7/9
f 3/3/9 16/16/9 1/1/9
f 13/27/10 27/28/10 28/29/10
f 27/28/10 13/27/10 14/30/10
f 11/31/11 29/32/11 30/33/11
f 29/32/11 11/31/11 20/34/11
f 20/34/12 31/35/12 29/32/12
f 31/35/12 20/34/12 15/36/12
f 15/36/13 32/37/13 31/35/13
f 32/37/13 15/36/13 8/38/13
f 8/38/14 33/39/14 32/37/14
f 33/39/14 8/38/14 17/40/14
f 24/41/15 23/42/15 34/43/15
f 23/42/15 35/44/15 34/43/15
f 13/45/16 28/46/16 36/47/16
f 13/45/16 36/47/16 10/48/16
f 10/48/17 36/47/17 37/49/17
f 10/48/17 37/49/17 12/50/17
f 25/51/18 25/51/18 38/52/18
f 38/52/18 38/52/18 25/51/18
f 25/51/18 25/51/18 23/53/18
f 23/53/18 23/53/18 25/51/18
f 34/54/19 22/55/19 24/56/19
f 22/55/19 34/54/19 39/57/19
f 40/58/20 38/52/20 41/59/20
f 26/60/21 21/61/21 23/53/21
f 23/53/21 25/51/21 26/60/21
f 41/59/22 35/62/22 23/53/22
f 35/62/22 23/53/22 23/53/22
f 41/59/23 38/52/23 35/62/23
f 23/53/24 21/61/24 41/59/24
f 40/58/25 42/63/25 43/64/25
f 42/63/25 40/58/25 44/65/25
f 1/66/26 26/60/26 2/67/26
f 26/60/26 1/66/26 16/68/26
f 45/69/27 46/70/27 42/71/27
f 42/71/27 46/70/27 43/72/27
f 47/73/28 48/74/28 49/75/28
f 49/75/28 32/76/28 47/73/28
f 27/77/29 36/78/29 28/79/29
f 36/78/29 27/77/29 50/80/29
f 30/81/29 36/78/29 50/80/29
f 36/78/29 30/81/29 37/82/29
f 31/83/30 32/76/30 49/75/30
f 31/83/30 49/75/30 44/84/30
f 29/85/31 41/86/31 51/87/31
f 41/86/31 29/85/31 31/83/31
f 51/87/31 30/81/31 29/85/31
f 30/81/31 51/87/31 37/82/31
f 32/76/32 52/88/32 47/73/32
f 52/88/32 32/76/32 33/89/32
f 34/90/33 38/91/33 39/92/33
f 38/91/33 34/90/33 35/93/33
f 40/94/34 41/86/34 44/84/34
f 44/84/34 41/86/34 31/83/34
f 45/69/35 44/84/35 49/75/35
f 44/84/35 45/69/35 42/71/35
f 48/95/36 6/96/36 5/97/36
f 6/96/36 48/95/36 47/98/36
f 25/99/37 39/100/37 38/101/37
f 39/100/37 25/99/37 22/102/37
f 48/95/38 5/97/38 26/103/38
f 48/95/38 26/103/38 40/104/38
f 18/105/39 6/96/39 52/106/39
f 6/96/39 47/98/39 52/106/39
f 40/104/40 26/103/40 25/99/40
f 40/104/40 25/99/40 38/101/40
f 19/107/41 12/108/41 51/109/41
f 51/109/41 12/108/41 37/110/41
f 4/111/42 26/103/42 5/97/42
f 26/103/42 4/111/42 2/112/42
f 40/104/43 43/113/43 48/95/43
f 46/114/43 48/95/43 43/113/43
f 21/115/44 19/107/44 41/116/44
f 19/107/44 51/109/44 41/116/44
f 50/117/45 9/118/45 11/119/45
f 50/117/45 11/119/45 30/120/45
f 17/121/46 52/122/46 33/123/46
f 52/122/46 17/121/46 18/124/46
f 7/125/47 3/126/47 5/127/47
f 4/128/47 5/127/47 3/126/47
f 45/129/48 48/130/48 46/131/48
f 48/130/48 45/129/48 49/132/48
f 14/133/49 50/134/49 27/135/49
f 50/134/49 14/133/49 9/136/49
o RightLeg
usemtl c_132746
f 53/137/50 54/138/51 55/139/50
f 54/138/51 53/137/50 56/140/52
f 57/141/53 56/140/52 58/142/53
f 56/140/52 57/141/53 54/138/51
f 59/143/54 60/144/54 53/145/54
f 53/145/54 55/146/54 59/143/54
f 56/147/55 61/148/55 58/149/55
f 61/148/55 62/150/55 58/149/55
f 61/148/55 56/147/55 60/151/55
f 60/151/55 56/147/55 53/152/55
f 61/153/56 63/154/57 64/155/58
f 64/155/58 62/156/58 61/153/56
f 61/153/56 59/157/59 63/154/57
f 59/157/59 61/153/56 60/158/59
f 58/159/60 64/160/60 57/161/60
f 64/160/60 58/159/60 62/162/60
f 55/163/61 63/164/61 59/165/61
f 63/164/61 55/163/61 54/166/61
f 63/164/62 54/166/62 57/167/62
f 63/164/62 57/167/62 64/168/62
o RightWing
usemtl c_132746
f 65/169/63 66/170/64 67/171/63
f 68/172/64 67/171/63 66/170/64
f 68/173/65 69/174/65 70/175/65
f 69/174/65 68/173/65 66/176/65
f 71/177/66 72/178/67 73/179/66
f 73/179/66 74/180/68 71/177/66
f 75/181/67 73/179/66 72/178/67
f 74/180/68 73/179/66 76/182/68
f 69/174/68 74/180/68 76/182/68
f 76/182/68 70/175/68 69/174/68
f 77/183/69 75/181/67 72/178/67
f 75/181/67 77/183/69 78/184/69
f 77/183/69 79/185/70 78/184/69
f 79/185/70 77/183/69 80/186/70
f 75/187/71 81/188/72 73/189/72
f 67/190/72 73/189/72 81/188/72
f 81/188/72 75/187/71 82/191/71
f 73/189/72 67/190/72 76/192/72
f 68/193/72 76/192/72 67/190/72
f 76/192/72 68/193/72 70/194/72
f 75/187/71 83/195/73 82/191/71
f 83/195/73 75/187/71 78/196/73
f 78/196/73 84/197/74 83/195/73
f 84/197/74 78/196/73 79/198/74
f 80/199/75 84/200/75 79/201/75
f 84/200/75 80/199/75 85/202/75
f 65/203/63 67/204/63 81/205/76
f 86/206/76 65/203/63 81/205/76
f 81/205/76 87/207/77 86/206/76
f 87/207/77 81/205/76 82/208/77
f 88/209/78 87/207/77 82/208/77
f 83/210/78 88/209/78 82/208/77
f 84/211/78 88/209/78 83/210/78
f 88/209/78 84/211/78 85/212/78
f 66/213/79 74/214/80 69/215/79
f 74/214/80 66/213/79 65/216/80
f 65/216/80 71/217/81 74/214/80
f 71/217/81 65/216/80 86/218/81
f 86/218/81 72/219/82 71/217/81
f 87/220/82 72/219/82 86/218/81
f 88/221/83 72/219/82 87/220/82
f 72/219/82 88/221/83 77/222/83
f 85/223/84 77/222/83 88/221/83
f 77/222/83 85/223/84 80/224/84
usemtl c_1a3560
f 89/225/85 90/226/86 91/227/87
f 91/227/87 92/228/88 89/225/85
f 93/229/88 89/225/85 92/228/88
f 94/230/89 91/227/89 95/231/89
f 96/232/90 97/233/91 98/234/90
f 99/235/92 100/236/93 101/237/93
f 100/236/93 99/235/92 102/238/92
f 103/239/94 101/237/93 100/236/93
f 101/237/93 103/239/94 104/240/95
f 104/240/95 103/239/94 105/241/96
f 106/242/96 104/240/95 105/241/96
f 107/243/97 108/244/97 109/245/97
f 108/244/97 107/243/97 110/246/97
f 111/247/98 110/246/88 107/243/88
f 110/246/88 111/247/98 112/248/98
f 113/249/87 112/248/98 111/247/98
f 112/248/98 113/249/87 114/250/87
f 94/251/99 115/252/100 116/253/101
f 115/252/100 117/254/101 116/253/101
f 117/254/101 115/252/100 118/255/101
f 94/251/99 116/253/101 119/256/102
f 117/254/101 118/255/101 120/257/103
f 115/252/100 94/251/99 121/258/104
f 117/254/101 120/257/103 106/259/105
f 91/260/106 94/251/99 119/256/102
f 119/256/102 92/261/107 91/260/106
f 92/261/107 119/256/102 122/262/107
f 123/263/108 106/259/105 120/257/103
f 123/263/108 104/264/109 106/259/105
f 120/257/103 124/265/110 123/263/108
f 104/264/109 123/263/108 125/266/109
f 120/257/103 126/267/111 124/265/110
f 127/268/112 104/264/109 125/266/109
f 128/269/69 124/265/110 126/267/111
f 104/264/109 127/268/112 101/270/112
f 99/271/112 101/270/112 127/268/112
f 127/268/112 129/272/112 99/271/112
f 128/269/69 109/273/113 124/265/110
f 109/273/113 128/269/69 130/274/114
f 130/274/114 128/269/69 131/275/69
f 132/276/69 130/274/114 131/275/69
f 130/274/114 132/276/69 133/277/69
f 109/273/113 130/274/114 134/278/115
f 109/273/113 134/278/115 107/279/115
f 135/280/116 107/279/115 134/278/115
f 107/279/115 135/280/116 111/281/116
f 113/282/116 111/281/116 135/280/116
f 135/280/116 136/283/116 113/282/116
f 90/284/117 95/285/118 91/260/118
f 137/286/119 121/258/120 94/251/117
f 121/258/120 137/286/119 138/287/119
f 139/288/119 138/287/119 137/286/119
f 137/286/119 140/289/119 139/288/119
f 141/290/121 139/291/121 140/292/121
f 139/291/121 141/290/121 97/293/121
f 142/294/122 92/295/122 122/296/122
f 92/295/122 142/294/122 93/297/122
f 129/298/123 143/299/123 99/300/123
f 99/300/123 143/299/123 102/301/123
f 136/302/124 144/303/124 113/304/124
f 113/304/124 144/303/124 114/305/124
f 130/306/125 145/307/126 134/308/126
f 145/307/126 130/306/125 146/309/125
f 133/310/127 146/309/125 130/306/125
f 146/309/125 133/310/127 147/311/127
f 121/312/104 121/312/120 90/313/117
f 90/313/117 90/313/117 121/312/104
f 121/312/120 121/312/104 94/314/99
f 94/314/99 94/314/117 121/312/120
f 124/315/128 148/316/129 123/317/129
f 148/316/129 124/315/128 149/318/130
f 109/319/131 149/318/130 124/315/128
f 149/318/130 109/319/131 108/320/131
f 106/321/132 105/322/132 150/323/133
f 106/321/132 150/323/133 117/324/134
f 151/325/135 117/324/134 150/323/133
f 117/324/134 151/325/135 116/326/135
f 116/326/136 152/327/137 119/328/138
f 141/290/139 137/329/140 98/330/141
f 137/329/140 141/290/139 140/292/139
f 94/314/142 98/330/141 137/329/140
f 95/331/142 98/330/141 94/314/142
f 132/332/75 147/333/75 133/334/75
f 147/333/75 132/332/75 153/335/75
f 145/336/126 154/337/143 134/338/126
f 135/339/143 134/338/126 154/337/143
f 144/340/144 135/339/143 154/337/143
f 135/339/143 144/340/144 136/341/144
f 155/342/145 123/343/145 148/344/145
f 123/343/145 155/342/145 125/345/145
f 125/345/145 155/342/145 127/346/146
f 127/346/146 155/342/145 156/347/146
f 143/348/147 127/346/146 156/347/146
f 127/346/146 143/348/147 129/349/147
f 152/350/137 116/351/136 151/352/136
f 152/350/137 122/353/148 119/354/138
f 122/353/148 152/350/137 142/355/148
f 98/356/90 90/357/149 96/358/90
f 90/357/149 98/356/90 95/359/149
f 141/360/91 98/356/90 97/361/91
f 151/362/150 89/363/151 152/364/152
f 89/363/151 93/365/153 152/364/152
f 142/366/153 152/364/152 93/365/153
f 151/362/150 90/357/154 89/363/151
f 90/357/154 151/362/150 157/367/155
f 157/367/155 151/362/150 150/368/156
f 150/368/156 158/369/157 157/367/155
f 158/369/157 150/368/156 105/370/158
f 159/371/159 158/369/157 105/370/158
f 159/371/159 105/370/158 149/372/160
f 149/372/160 160/373/161 159/371/159
f 149/372/160 105/370/158 148/374/162
f 160/373/161 149/372/160 108/375/163
f 148/374/162 105/370/158 103/376/164
f 148/374/162 103/376/164 155/377/165
f 103/376/164 156/378/166 155/377/165
f 156/378/166 103/376/164 100/379/166
f 102/380/166 156/378/166 100/379/166
f 156/378/166 102/380/166 143/381/166
f 108/375/163 161/382/161 160/373/161
f 161/382/161 108/375/163 146/383/167
f 146/383/167 153/384/161 161/382/161
f 153/384/161 146/383/167 147/385/161
f 110/386/168 146/383/167 108/375/163
f 146/383/167 110/386/168 145/387/168
f 110/386/168 154/388/168 145/387/168
f 154/388/168 110/386/168 112/389/168
f 114/390/168 154/388/168 112/389/168
f 154/388/168 114/390/168 144/391/168
f 138/392/169 97/393/170 96/394/169
f 97/393/170 138/392/169 139/395/170
f 96/394/169 121/396/171 138/392/169
f 121/396/171 96/394/169 90/397/171
f 121/396/172 157/398/173 115/399/174
f 157/398/173 121/396/172 90/397/172
f 157/398/173 118/400/175 115/399/174
f 118/400/175 157/398/173 158/401/175
f 118/400/175 158/401/175 120/402/175
f 159/403/175 120/402/175 158/401/175
f 120/402/175 159/403/175 126/404/175
f 159/403/175 128/405/175 126/404/175
f 128/405/175 159/403/175 160/406/175
f 160/406/175 131/407/176 128/405/175
f 131/407/176 160/406/175 161/408/176
f 161/408/176 132/409/177 131/407/176
f 132/409/177 161/408/176 153/410/177
usemtl c_254e8a
f 162/411/178 163/412/179 164/413/180
f 165/414/181 166/415/182 163/412/179
f 166/415/182 165/414/181 167/416/182
f 168/417/183 169/418/183 170/419/183
f 169/418/183 168/417/183 171/420/183
f 172/421/184 171/420/183 168/417/183
f 172/421/184 173/422/185 171/420/183
f 172/421/184 174/423/186 173/422/185
f 174/423/186 172/421/184 175/424/186
f 176/425/187 174/423/186 175/424/186
f 176/425/187 177/426/188 174/423/186
f 176/425/187 178/427/189 177/426/188
f 178/427/189 176/425/187 179/428/190
f 162/429/178 178/427/189 179/428/190
f 178/427/189 162/429/178 164/430/180
f 163/431/179 162/429/178 165/432/181
o Head
usemtl c_1a3560
f 180/433/191 181/434/192 182/435/191
f 181/434/192 183/436/193 182/435/191
f 181/434/192 180/433/191 184/437/194
f 185/438/195 184/437/194 180/433/191
f 180/433/191 182/435/191 186/439/196
f 186/439/196 182/435/191 187/440/196
f 188/441/196 186/439/196 187/440/196
f 180/433/191 186/439/196 189/442/197
f 189/442/197 190/443/198 180/433/191
f 185/438/195 180/433/191 190/443/198
f 190/443/198 191/444/199 185/438/195
f 191/444/199 190/443/198 192/445/200
f 193/446/201 191/444/199 192/445/200
f 191/444/199 193/446/201 194/447/201
f 193/446/201 195/448/202 194/447/201
f 195/448/202 193/446/201 196/449/203
f 195/448/202 196/449/203 197/450/204
f 197/450/204 198/451/205 195/448/202
f 197/450/204 187/440/206 198/451/205
f 187/440/206 197/450/204 188/441/206
f 199/452/207 191/453/207 194/454/208
f 199/452/207 194/454/208 200/455/208
f 201/456/209 191/453/207 199/452/207
f 201/456/209 185/457/209 191/453/207
f 202/458/210 185/457/209 201/456/209
f 185/457/209 202/458/210 184/459/210
f 203/460/18 204/461/18 205/462/18
f 205/462/18 204/461/18 206/463/18
f 203/460/18 205/462/18 207/464/18
f 208/465/18 188/466/18 197/467/18
f 188/466/18 208/465/18 209/468/18
f 188/466/18 209/468/18 186/469/18
f 210/470/211 211/471/211 212/472/211
f 212/472/211 211/471/211 204/473/211
f 211/471/211 206/474/211 204/473/211
f 213/475/211 196/476/211 193/477/211
f 196/476/211 213/475/211 208/478/211
f 208/478/211 197/479/211 196/476/211
f 214/480/212 215/481/213 216/482/214
f 202/483/215 217/484/216 214/480/212
f 215/481/213 214/480/212 217/484/216
f 217/484/216 202/483/215 201/485/217
f 215/481/213 217/484/216 207/486/218
f 207/486/218 218/487/218 215/481/213
f 205/488/218 218/487/218 207/486/218
f 207/486/218 217/484/216 219/489/219
f 220/490/220 219/489/219 217/484/216
f 201/485/217 220/490/220 217/484/216
f 201/485/217 199/491/220 220/490/220
f 221/492/220 220/490/220 199/491/220
f 211/493/221 210/494/222 222/495/223
f 211/493/221 222/495/223 206/496/224
f 200/497/222 222/495/223 210/494/222
f 199/491/222 200/497/222 210/494/222
f 199/491/222 210/494/222 221/492/222
f 223/498/225 206/496/224 222/495/223
f 206/496/224 223/498/225 218/487/226
f 218/487/226 205/488/226 206/496/224
f 215/499/227 182/500/227 183/501/228
f 215/499/227 183/501/228 216/502/228
f 218/503/229 182/500/227 215/499/227
f 218/503/229 187/504/229 182/500/227
f 187/504/229 218/503/229 223/505/230
f 187/504/229 223/505/230 198/506/230
f 224/468/231 221/507/231 212/465/231
f 212/465/231 221/507/231 210/508/231
f 221/507/231 224/468/231 220/509/231
f 213/461/231 192/510/231 225/460/231
f 225/460/231 192/510/231 190/511/231
f 192/510/231 213/461/231 193/512/231
f 195/513/232 223/514/232 222/515/232
f 223/514/232 195/513/232 198/516/232
f 194/517/233 222/515/233 200/518/233
f 222/515/233 194/517/233 195/513/233
f 224/519/234 219/520/234 220/521/234
f 203/522/234 219/520/234 224/519/234
f 219/520/234 203/522/234 207/523/234
f 190/524/234 189/525/234 225/526/234
f 225/526/234 189/525/234 209/527/234
f 189/525/234 186/528/234 209/527/234
usemtl c_a0a0a0_neon
f 226/529/235 209/530/235 227/531/235
f 209/530/235 226/529/235 225/532/235
f 203/531/236 224/533/236 228/534/236
f 228/534/236 229/530/236 203/531/236
usemtl c_132746
f 230/535/237 231/536/238 232/537/237
f 233/538/239 232/537/237 231/536/238
f 231/536/238 234/539/240 233/538/239
f 234/539/240 231/536/238 235/540/240
f 233/541/241 234/542/241 236/543/241
f 236/543/241 234/542/241 237/544/241
f 232/545/242 233/541/242 238/546/242
f 233/541/242 236/543/242 238/546/242
f 238/547/243 239/548/243 232/549/243
f 232/549/243 239/548/243 230/550/243
f 240/551/244 241/552/245 231/553/244
f 231/553/244 241/552/245 235/554/245
f 238/555/246 240/556/247 239/557/246
f 240/556/247 238/555/246 236/558/248
f 240/556/247 236/558/248 237/559/249
f 241/560/249 240/556/247 237/559/249
f 237/542/250 234/544/250 235/561/250
f 237/542/250 235/561/250 241/562/250
f 231/563/244 230/564/251 240/565/244
f 240/565/244 230/564/251 239/566/251
f 242/567/240 243/568/238 244/569/240
f 243/568/238 242/567/240 245/570/239
f 245/570/239 246/571/237 243/568/238
f 247/572/237 243/568/238 246/571/237
f 245/573/241 242/574/241 248/575/241
f 248/575/241 242/574/241 249/576/241
f 246/577/242 245/573/242 250/578/242
f 245/573/242 248/575/242 250/578/242
f 250/579/243 251/580/243 246/581/243
f 246/581/243 251/580/243 247/582/243
f 252/583/244 253/584/245 243/585/244
f 243/585/244 253/584/245 244/586/245
f 253/587/249 252/588/247 249/589/249
f 252/588/247 248/590/248 249/589/249
f 252/588/247 250/591/246 248/590/248
f 250/591/246 252/588/247 251/592/246
f 249/574/250 242/576/250 244/593/250
f 249/574/250 244/593/250 253/594/250
f 243/595/244 247/596/251 252/597/244
f 252/597/244 247/596/251 251/598/251
usemtl c_111111_neon
f 254/599/235 255/600/235 213/601/235
f 213/601/235 255/600/235 208/602/235
f 256/603/236 212/604/236 257/602/236
f 212/604/236 204/600/236 257/602/236
usemtl c_37383e_neon
f 254/605/235 227/606/235 255/607/235
f 227/606/235 254/605/235 226/608/235
f 229/607/236 228/609/236 256/610/236
f 256/610/236 257/606/236 229/607/236
usemtl c_d5733d
f 258/611/252 259/612/253 260/613/252
f 259/612/253 258/611/252 261/614/253
f 258/611/252 260/613/252 262/615/254
f 262/615/254 263/616/255 258/611/252
f 262/615/254 264/617/256 263/616/255
f 264/617/256 262/615/254 265/618/256
f 265/618/256 266/619/257 264/617/256
f 264/617/256 266/619/257 267/620/257
f 268/621/258 266/622/258 265/623/258
f 268/621/258 265/623/258 269/624/258
f 266/625/259 268/626/259 270/627/259
f 266/625/259 270/627/259 267/628/259
f 271/629/260 272/630/260 258/631/260
f 258/631/260 272/630/260 261/632/260
f 271/633/261 273/634/261 274/635/262
f 271/633/261 274/635/262 272/636/262
f 271/633/261 275/637/263 273/634/261
f 275/637/263 271/633/261 276/638/264
f 277/639/265 275/637/263 276/638/264
f 275/637/263 277/639/265 269/640/265
f 277/639/265 268/641/266 269/640/265
f 268/641/266 277/639/265 270/642/266
f 259/643/267 261/644/267 274/645/267
f 274/645/267 261/644/267 272/646/267
f 264/647/268 267/648/269 277/649/268
f 277/649/268 267/648/269 270/650/269
f 276/651/270 264/647/268 277/649/268
f 264/647/268 276/651/270 263/652/270
f 276/651/270 258/653/270 263/652/270
f 258/653/270 276/651/270 271/654/270
f 260/655/271 259/656/272 273/657/271
f 273/657/271 259/656/272 274/658/272
f 275/659/273 260/655/271 273/657/271
f 275/659/273 262/660/273 260/655/271
f 269/661/274 262/660/273 275/659/273
f 269/661/274 265/662/274 262/660/273
o LeftFoot
usemtl c_d5733d
f 278/663/275 279/664/275 280/665/275
f 280/665/275 279/664/275 281/666/275
f 282/667/276 283/668/276 284/669/276
f 283/668/276 285/670/276 284/669/276
f 286/671/277 287/672/277 288/673/277
f 287/672/277 289/674/277 288/673/277
f 290/675/277 287/672/277 286/671/277
f 287/672/277 290/675/277 291/676/277
f 285/670/278 292/677/278 284/669/278
f 292/677/278 293/678/278 284/669/278
f 288/673/279 294/679/279 295/680/279
f 289/674/279 294/679/279 288/673/279
f 296/681/279 295/680/279 294/679/279
f 295/680/279 296/681/279 292/677/279
f 283/668/5 297/682/5 285/670/5
f 298/683/5 285/670/5 297/682/5
f 299/684/7 300/685/7 301/686/7
f 300/685/7 302/687/7 301/686/7
f 293/678/280 296/681/280 303/688/280
f 296/681/280 293/678/280 292/677/280
f 293/678/281 278/663/281 284/669/281
f 284/669/281 278/663/281 280/665/281
f 304/689/282 291/690/282 290/691/282
f 304/689/282 290/691/282 305/692/282
f 306/693/283 288/694/283 295/695/283
f 306/693/283 295/695/283 307/696/283
f 295/695/284 292/697/284 307/696/284
f 307/696/284 292/697/284 308/698/284
f 292/697/285 285/699/285 308/698/285
f 308/698/285 285/699/285 309/700/285
f 298/701/14 309/700/14 285/699/14
f 309/700/14 298/701/14 310/702/14
f 301/703/15 311/704/15 312/705/15
f 311/704/15 301/703/15 302/706/15
f 304/707/286 287/708/286 291/709/286
f 287/708/286 304/707/286 313/710/286
f 313/710/287 289/711/287 287/708/287
f 289/711/287 313/710/287 314/712/287
f 315/713/18 315/713/18 311/714/18
f 311/714/18 311/714/18 315/713/18
f 315/713/18 315/713/18 300/715/18
f 300/715/18 300/715/18 315/713/18
f 312/716/19 316/717/19 301/718/19
f 301/718/19 316/717/19 299/719/19
f 296/720/288 300/715/288 303/721/288
f 317/722/289 311/714/289 318/723/289
f 311/714/289 317/722/289 315/713/289
f 296/720/22 311/714/22 302/724/22
f 318/723/290 311/714/290 296/720/290
f 300/715/291 296/720/291 302/724/291
f 278/725/292 303/721/292 279/726/292
f 303/721/292 278/725/292 293/727/292
f 319/728/293 320/729/293 317/722/293
f 321/730/293 317/722/293 320/729/293
f 322/731/294 323/732/294 320/733/294
f 320/733/294 323/732/294 321/734/294
f 324/735/295 325/736/295 326/737/295
f 326/737/295 309/738/295 324/735/295
f 305/739/296 327/740/296 304/741/296
f 327/740/296 313/742/296 304/741/296
f 306/743/296 313/742/296 327/740/296
f 313/742/296 306/743/296 314/744/296
f 308/745/297 309/738/297 326/737/297
f 308/745/297 326/737/297 319/746/297
f 328/747/32 324/735/32 310/748/32
f 309/738/32 310/748/32 324/735/32
f 307/749/298 329/750/298 306/743/298
f 329/750/298 314/744/298 306/743/298
f 308/745/298 329/750/298 307/749/298
f 329/750/298 308/745/298 318/751/298
f 312/752/33 311/753/33 316/754/33
f 311/753/33 315/755/33 316/754/33
f 317/756/299 318/751/299 319/746/299
f 318/751/299 308/745/299 319/746/299
f 326/737/300 322/731/300 319/746/300
f 319/746/300 322/731/300 320/733/300
f 283/757/301 282/758/301 324/759/301
f 324/759/301 282/758/301 325/760/301
f 300/761/37 299/762/37 315/763/37
f 315/763/37 299/762/37 316/764/37
f 282/758/302 317/765/302 325/760/302
f 317/765/302 282/758/302 303/766/302
f 297/767/39 324/759/39 328/768/39
f 324/759/39 297/767/39 283/757/39
f 317/765/303 303/766/303 315/763/303
f 315/763/303 303/766/303 300/761/303
f 294/769/304 314/770/304 329/771/304
f 314/770/304 294/769/304 289/772/304
f 317/765/305 323/773/305 325/760/305
f 323/773/305 317/765/305 321/774/305
f 281/775/306 303/766/306 282/758/306
f 303/766/306 281/775/306 279/776/306
f 296/777/307 329/771/307 318/778/307
f 329/771/307 296/777/307 294/769/307
f 286/779/45 306/780/45 327/781/45
f 306/780/45 286/779/45 288/782/45
f 298/783/46 297/784/46 310/785/46
f 310/785/46 297/784/46 328/786/46
f 322/787/308 325/788/308 323/789/308
f 325/788/308 322/787/308 326/790/308
f 284/791/309 280/792/309 282/793/309
f 281/794/309 282/793/309 280/792/309
f 305/795/310 290/796/310 286/797/310
f 305/795/310 286/797/310 327/798/310
o Neck
usemtl c_1a3560
f 330/799/311 331/800/312 332/801/313
f 332/801/313 331/800/312 333/802/314
f 183/803/315 333/802/314 331/800/312
f 181/804/316 333/802/314 183/803/315
f 334/805/317 332/801/313 333/802/314
f 181/804/316 334/805/317 333/802/314
f 332/801/313 334/805/317 335/806/318
f 184/807/319 334/805/317 181/804/316
f 336/808/320 335/809/320 334/810/321
f 336/808/320 334/810/321 337/811/321
f 334/810/321 184/812/322 337/811/321
f 337/811/321 184/812/322 202/813/322
f 337/814/323 338/815/324 336/816/325
f 338/815/324 337/814/323 339/817/326
f 337/814/323 214/818/327 339/817/326
f 216/819/328 339/817/326 214/818/327
f 339/817/326 216/819/328 340/820/329
f 340/820/329 338/815/324 339/817/326
f 338/815/324 340/820/329 341/821/330
f 214/818/327 337/814/323 202/822/331
f 330/808/332 341/809/332 340/823/333
f 330/808/332 340/823/333 331/824/333
f 331/824/333 340/823/333 216/825/334
f 331/824/333 216/825/334 183/826/334
usemtl c_132746
f 342/827/237 343/828/238 344/829/237
f 345/830/239 344/829/237 343/828/238
f 343/828/238 346/831/240 345/830/239
f 346/831/240 343/828/238 347/832/240
f 346/833/241 348/834/241 345/835/241
f 348/834/241 346/833/241 349/836/241
f 344/837/242 345/835/242 350/838/242
f 345/835/242 348/834/242 350/838/242
f 350/839/243 351/840/243 344/841/243
f 344/841/243 351/840/243 342/842/243
f 352/843/244 353/844/245 343/845/244
f 343/845/244 353/844/245 347/846/245
f 350/847/246 352/848/247 351/849/246
f 352/848/247 350/847/246 348/850/248
f 352/848/247 348/850/248 349/851/249
f 353/852/249 352/848/247 349/851/249
f 349/833/250 346/836/250 347/853/250
f 349/833/250 347/853/250 353/854/250
f 343/855/244 342/856/251 352/857/244
f 352/857/244 342/856/251 351/858/251
o LeftWing
usemtl c_132746
f 354/859/335 355/860/335 356/861/335
f 354/859/335 356/861/335 357/862/335
f 358/863/336 359/864/336 360/865/336
f 359/864/336 358/863/336 361/866/336
f 362/867/337 363/868/338 364/869/337
f 365/870/339 362/867/337 364/869/337
f 363/868/338 362/867/337 366/871/338
f 362/867/337 365/870/339 367/872/339
f 359/864/339 367/872/339 365/870/339
f 367/872/339 359/864/339 361/866/339
f 366/871/338 368/873/340 363/868/338
f 368/873/340 366/871/338 369/874/340
f 369/874/340 355/875/341 368/873/340
f 354/876/341 368/873/340 355/875/341
f 366/877/342 370/878/343 369/879/343
f 356/880/344 369/879/343 370/878/343
f 369/879/343 356/880/344 355/881/344
f 370/878/343 366/877/342 371/882/342
f 366/877/342 372/883/345 371/882/342
f 372/883/345 366/877/342 362/884/345
f 362/884/345 373/885/345 372/883/345
f 373/885/345 362/884/345 367/886/345
f 373/885/345 367/886/345 358/887/345
f 358/887/345 367/886/345 361/888/345
f 373/889/346 360/890/347 374/891/346
f 360/890/347 373/889/346 358/892/347
f 371/893/348 372/894/349 375/895/348
f 376/896/349 375/895/348 372/894/349
f 377/897/350 371/893/348 375/895/348
f 372/894/349 374/898/346 376/896/349
f 371/893/348 377/897/350 370/899/350
f 377/897/350 356/900/350 370/899/350
f 377/897/350 357/901/350 356/900/350
f 374/898/346 372/894/349 373/902/346
f 376/903/351 363/904/352 375/905/352
f 363/904/352 377/906/353 375/905/352
f 363/904/352 376/903/351 364/907/351
f 363/904/352 368/908/353 377/906/353
f 368/908/353 357/909/354 377/906/353
f 357/909/354 368/908/353 354/910/354
f 376/903/351 374/911/355 364/907/351
f 364/907/351 374/911/355 365/912/356
f 374/911/355 360/913/357 365/912/356
f 359/914/357 365/912/356 360/913/357
usemtl c_1a3560
f 378/915/335 379/916/335 380/917/335
f 378/915/335 380/917/335 381/918/335
f 382/919/358 383/920/359 384/921/359
f 383/920/359 382/919/358 385/922/358
f 386/923/360 385/922/358 382/919/358
f 385/922/358 386/923/360 387/924/360
f 388/925/361 389/926/361 390/927/361
f 390/927/361 389/926/361 391/928/361
f 389/926/361 388/925/361 392/929/362
f 388/925/361 393/930/362 392/929/362
f 394/931/363 392/929/362 393/930/362
f 392/929/362 394/931/363 395/932/363
f 396/933/364 397/934/365 398/935/364
f 399/936/366 397/934/365 400/937/367
f 397/934/365 399/936/366 401/938/366
f 402/939/368 388/940/368 390/941/369
f 402/939/368 393/942/370 388/940/368
f 402/939/368 403/943/370 393/942/370
f 404/944/370 393/942/370 403/943/370
f 393/942/370 404/944/370 394/945/370
f 402/939/368 390/941/369 405/946/371
f 390/941/369 406/947/372 405/946/371
f 406/947/372 407/948/373 405/946/371
f 408/949/374 406/947/372 390/941/369
f 407/948/373 406/947/372 409/950/373
f 408/949/374 410/951/375 406/947/372
f 407/948/373 409/950/373 411/952/376
f 408/949/374 412/953/340 410/951/375
f 396/954/373 407/948/373 411/952/376
f 412/953/340 408/949/374 413/955/377
f 414/956/378 396/954/373 411/952/376
f 414/956/378 400/957/379 396/954/373
f 411/952/376 415/958/380 414/956/378
f 416/959/381 400/957/379 414/956/378
f 417/960/382 400/957/379 416/959/381
f 399/961/382 400/957/379 417/960/382
f 415/958/383 418/962/384 414/956/385
f 418/962/384 415/958/383 419/963/384
f 420/964/384 418/962/384 419/963/384
f 418/962/384 420/964/384 421/965/384
f 422/966/385 416/959/386 423/967/386
f 424/968/387 379/969/340 378/970/340
f 425/971/340 424/968/387 378/970/340
f 412/953/340 424/968/387 425/971/340
f 424/968/387 412/953/340 413/955/377
f 424/968/387 413/955/377 384/972/388
f 384/972/388 413/955/377 426/973/388
f 426/973/388 382/974/389 384/972/388
f 382/974/389 426/973/388 427/975/389
f 428/976/389 382/974/389 427/975/389
f 382/974/389 428/976/389 386/977/389
f 429/978/390 420/979/390 430/980/390
f 420/979/390 429/978/390 421/981/390
f 431/982/391 399/983/391 417/984/391
f 399/983/391 431/982/391 401/985/391
f 404/986/392 432/987/392 394/988/392
f 394/988/392 432/987/392 395/989/392
f 428/990/393 433/991/393 386/992/393
f 386/992/393 433/991/393 387/993/393
f 424/994/394 383/995/359 434/996/394
f 434/996/394 379/997/395 424/994/394
f 379/997/395 434/996/394 380/998/395
f 383/995/359 424/994/394 384/999/359
f 414/1000/385 414/1000/378 415/1001/380
f 415/1001/380 415/1001/383 414/1000/385
f 415/1001/383 415/1001/380 422/1002/385
f 422/1002/385 422/1002/385 415/1001/383
f 408/1003/396 391/1004/397 435/1005/398
f 391/1004/397 408/1003/396 390/1006/397
f 435/1005/398 413/1007/399 408/1003/396
f 413/1007/399 435/1005/398 436/1008/399
f 405/1009/400 437/1010/401 438/1011/400
f 437/1010/401 405/1009/400 407/1012/401
f 407/1012/401 398/1013/402 437/1010/401
f 398/1013/402 407/1012/401 396/1014/402
f 397/1015/365 396/1014/364 400/1016/367
f 418/1017/403 429/978/404 439/1018/405
f 429/978/404 418/1017/403 421/981/404
f 439/1018/405 414/1000/406 418/1017/403
f 414/1000/406 439/1018/405 423/1019/406
f 422/1020/407 440/1021/408 416/1022/409
f 440/1021/408 417/1023/410 416/1022/409
f 417/1023/410 440/1021/408 431/1024/410
f 414/1025/411 423/1026/411 416/1022/411
f 439/1027/412 430/1028/413 441/1029/412
f 402/1030/414 438/1031/415 442/1032/416
f 438/1031/415 402/1030/414 405/1033/415
f 442/1032/416 443/1034/417 402/1030/414
f 403/1035/417 402/1030/414 443/1034/417
f 443/1034/417 432/1036/418 403/1035/417
f 404/1037/418 403/1035/417 432/1036/418
f 413/1038/419 436/1039/419 426/1040/419
f 426/1040/419 436/1039/419 444/1041/419
f 444/1041/410 445/1042/420 426/1040/410
f 427/1043/420 426/1040/410 445/1042/420
f 445/1042/420 433/1044/409 427/1043/420
f 428/1045/409 427/1043/420 433/1044/409
f 441/1046/412 422/1047/421 439/1048/412
f 422/1047/421 423/1049/421 439/1048/412
f 430/1050/413 439/1048/412 429/1051/413
f 440/1052/422 398/1053/423 397/1054/424
f 397/1054/424 431/1055/425 440/1052/422
f 431/1055/425 397/1054/424 401/1056/425
f 440/1052/422 422/1047/426 398/1053/423
f 422/1047/426 446/1057/427 398/1053/423
f 446/1057/427 437/1058/428 398/1053/423
f 437/1058/428 446/1057/427 447/1059/429
f 447/1059/429 438/1060/430 437/1058/428
f 447/1059/429 448/1061/431 438/1060/430
f 435/1062/432 438/1060/430 448/1061/431
f 448/1061/431 449/1063/433 435/1062/432
f 435/1062/432 391/1064/434 438/1060/430
f 436/1065/435 435/1062/432 449/1063/433
f 391/1064/434 442/1066/436 438/1060/430
f 442/1066/436 391/1064/434 389/1067/437
f 392/1068/438 442/1066/436 389/1067/437
f 442/1066/436 392/1068/438 443/1069/438
f 432/1070/438 443/1069/438 392/1068/438
f 432/1070/438 392/1068/438 395/1071/438
f 450/1072/433 436/1065/435 449/1063/433
f 450/1072/433 434/1073/439 436/1065/435
f 381/1074/433 434/1073/439 450/1072/433
f 434/1073/439 381/1074/433 380/1075/433
f 436/1065/435 434/1073/439 444/1076/440
f 444/1076/440 434/1073/439 383/1077/440
f 444/1076/440 383/1077/440 385/1078/440
f 445/1079/440 444/1076/440 385/1078/440
f 433/1080/440 445/1079/440 385/1078/440
f 385/1078/440 387/1081/440 433/1080/440
f 441/1082/441 415/1083/442 422/1084/442
f 415/1083/442 441/1082/441 419/1085/441
f 430/1086/443 419/1085/441 441/1082/441
f 419/1085/441 430/1086/443 420/1087/443
f 415/1083/444 411/1088/445 446/1089/446
f 446/1089/446 422/1084/444 415/1083/444
f 409/1090/447 446/1089/446 411/1088/445
f 409/1090/447 447/1091/447 446/1089/446
f 447/1091/447 409/1090/447 406/1092/447
f 406/1092/447 448/1093/447 447/1091/447
f 448/1093/447 406/1092/447 410/1094/447
f 412/1095/447 448/1093/447 410/1094/447
f 412/1095/447 449/1096/447 448/1093/447
f 425/1097/448 449/1096/447 412/1095/447
f 449/1096/447 425/1097/448 450/1098/448
f 378/1099/449 450/1098/448 425/1097/448
f 450/1098/448 378/1099/449 381/1100/449
usemtl c_254e8a
f 451/1101/450 452/1102/451 453/1103/452
f 454/1104/453 455/1105/454 451/1101/450
f 455/1105/454 454/1104/453 456/1106/453
f 457/1107/183 458/1108/183 459/1109/183
f 457/1107/183 459/1109/183 460/1110/183
f 461/1111/455 457/1107/183 460/1110/183
f 461/1111/455 460/1110/183 462/1112/456
f 463/1113/457 461/1111/455 462/1112/456
f 461/1111/455 463/1113/457 464/1114/457
f 464/1114/457 463/1113/457 465/1115/458
f 465/1115/458 463/1113/457 466/1116/459
f 467/1117/460 465/1115/458 466/1116/459
f 465/1115/458 467/1117/460 468/1118/461
f 468/1118/461 467/1117/460 452/1119/451
f 467/1117/460 453/1120/452 452/1119/451
f 452/1119/451 451/1121/450 455/1122/454
o Torso
usemtl c_1a3560
f 335/1123/462 469/1124/92 332/1125/462
f 469/1124/92 330/1126/462 332/1125/462
f 469/1124/92 335/1123/462 470/1127/92
f 330/1126/462 469/1124/92 471/1128/463
f 472/1129/464 469/1124/92 470/1127/92
f 469/1124/92 473/1130/464 471/1128/463
f 469/1124/92 472/1129/464 474/1131/464
f 473/1130/464 469/1124/92 474/1131/464
f 475/1132/465 474/1131/464 472/1129/464
f 474/1131/464 476/1133/465 473/1130/464
f 474/1131/464 475/1132/465 477/1134/465
f 476/1133/465 474/1131/464 477/1134/465
f 470/1135/466 478/1136/466 479/1137/467
f 470/1135/466 335/1138/468 478/1136/466
f 478/1136/466 335/1138/468 336/1139/468
f 470/1135/466 479/1137/467 472/1140/467
f 472/1140/467 479/1137/467 480/1141/469
f 472/1140/467 480/1141/469 475/1142/469
f 480/1143/211 477/1144/211 475/1145/211
f 477/1144/211 480/1143/211 481/1146/211
f 481/1146/211 476/1147/211 477/1144/211
f 476/1147/211 481/1146/211 482/1148/211
f 336/1149/470 483/1150/418 478/1151/418
f 483/1150/418 336/1149/470 338/1152/470
f 341/1153/470 483/1150/418 338/1152/470
f 483/1150/418 341/1153/470 484/1154/471
f 483/1150/418 479/1155/472 478/1151/418
f 484/1154/471 485/1156/472 483/1150/418
f 479/1155/472 483/1150/418 486/1157/472
f 486/1157/472 483/1150/418 485/1156/472
f 486/1157/472 480/1158/473 479/1155/472
f 485/1156/472 482/1159/473 486/1157/472
f 480/1158/473 486/1157/472 481/1160/473
f 481/1160/473 486/1157/472 482/1159/473
f 341/1138/474 330/1139/474 471/1136/475
f 341/1138/474 471/1136/475 484/1135/475
f 471/1136/475 473/1137/476 484/1135/475
f 484/1135/475 473/1137/476 485/1140/476
f 473/1137/476 476/1141/477 485/1140/476
f 485/1140/476 476/1141/477 482/1142/477
usemtl c_132746
f 487/1161/237 488/1162/238 489/1163/237
f 490/1164/239 489/1163/237 488/1162/238
f 488/1162/238 491/1165/240 490/1164/239
f 491/1165/240 488/1162/238 492/1166/240
f 493/1167/237 494/1168/238 495/1169/237
f 496/1170/239 495/1169/237 494/1168/238
f 494/1168/238 497/1171/240 496/1170/239
f 497/1171/240 494/1168/238 498/1172/240
f 496/1173/241 497/1174/241 499/1175/241
f 499/1175/241 497/1174/241 500/1176/241
f 495/1177/242 496/1173/242 501/1178/242
f 496/1173/242 499/1175/242 501/1178/242
f 489/1179/242 490/1180/242 502/1181/242
f 490/1180/242 503/1182/242 502/1181/242
f 490/1180/241 491/1183/241 503/1182/241
f 503/1182/241 491/1183/241 504/1184/241
f 502/1185/243 505/1186/243 489/1187/243
f 489/1187/243 505/1186/243 487/1188/243
f 506/1189/244 507/1190/245 488/1191/244
f 488/1191/244 507/1190/245 492/1192/245
f 501/1193/243 508/1194/243 495/1195/243
f 495/1195/243 508/1194/243 493/1196/243
f 509/1197/244 510/1198/245 494/1199/244
f 494/1199/244 510/1198/245 498/1200/245
f 502/1201/246 506/1202/247 505/1203/246
f 506/1202/247 502/1201/246 503/1204/248
f 506/1202/247 503/1204/248 504/1205/249
f 507/1206/249 506/1202/247 504/1205/249
f 501/1207/246 509/1208/247 508/1209/246
f 509/1208/247 501/1207/246 499/1210/248
f 509/1208/247 499/1210/248 500/1211/249
f 510/1212/249 509/1208/247 500/1211/249
f 500/1174/250 497/1176/250 498/1213/250
f 500/1174/250 498/1213/250 510/1214/250
f 488/1215/244 487/1216/251 506/1217/244
f 506/1217/244 487/1216/251 505/1218/251
f 504/1183/250 491/1184/250 492/1219/250
f 504/1183/250 492/1219/250 507/1220/250
f 494/1221/244 493/1222/251 509/1223/244
f 509/1223/244 493/1222/251 508/1224/251
o LeftLeg
usemtl c_132746
f 511/1225/478 512/1226/479 513/1227/480
f 513/1227/480 512/1226/479 514/1228/480
f 515/1229/481 512/1226/479 511/1225/478
f 512/1226/479 515/1229/481 516/1230/481
f 515/1231/54 517/1232/54 516/1233/54
f 517/1232/54 515/1231/54 518/1234/54
f 519/1235/482 516/1236/482 517/1237/482
f 516/1236/482 519/1235/482 512/1238/482
f 520/1239/482 512/1238/482 519/1235/482
f 512/1238/482 520/1239/482 514/1240/482
f 519/1241/483 521/1242/484 520/1243/484
f 521/1242/484 519/1241/483 522/1244/485
f 522/1244/485 519/1241/483 517/1245/486
f 517/1245/486 518/1246/486 522/1244/485
f 513/1247/60 520/1248/60 521/1249/60
f 520/1248/60 513/1247/60 514/1250/60
f 518/1251/487 515/1252/487 511/1253/487
f 511/1253/487 522/1254/487 518/1251/487
f 511/1253/488 521/1255/488 522/1254/488
f 521/1255/488 511/1253/488 513/1256/488
o Tail
usemtl c_132746
f 523/1257/489 524/1258/490 525/1259/491
f 524/1258/490 523/1257/489 526/1260/490
f 527/1261/492 523/1257/489 525/1259/491
f 525/1259/491 528/1262/492 527/1261/492
f 529/1263/492 527/1261/492 528/1262/492
f 527/1261/492 529/1263/492 530/1264/492
f 531/1265/493 532/1266/493 533/1267/494
f 533/1267/494 532/1266/493 534/1268/494
f 535/1269/495 532/1266/493 531/1265/493
f 532/1266/493 535/1269/495 536/1270/495
f 537/1271/495 536/1270/495 535/1269/495
f 536/1270/495 537/1271/495 538/1272/495
f 539/1273/496 540/1274/497 541/1275/496
f 540/1274/497 539/1273/496 542/1276/497
f 543/1277/498 539/1273/496 541/1275/496
f 539/1273/496 543/1277/498 544/1278/498
f 545/1279/498 544/1278/498 543/1277/498
f 544/1278/498 545/1279/498 546/1280/498
f 547/1281/499 548/1282/500 549/1283/499
f 548/1282/500 547/1281/499 550/1284/500
f 551/1285/501 548/1282/500 550/1284/500
f 548/1282/500 551/1285/501 552/1286/501
f 553/1287/501 552/1286/501 551/1285/501
f 552/1286/501 553/1287/501 554/1288/501
f 555/1289/502 556/1290/503 557/1291/502
f 556/1290/503 555/1289/502 558/1292/503
f 559/1293/504 556/1290/503 558/1292/503
f 556/1290/503 559/1293/504 560/1294/504
f 561/1295/504 560/1294/504 559/1293/504
f 560/1294/504 561/1295/504 562/1296/504
f 563/1297/505 564/1298/506 565/1299/505
f 564/1298/506 563/1297/505 566/1300/506
f 567/1301/507 563/1297/505 565/1299/505
f 563/1297/505 567/1301/507 568/1302/507
f 569/1303/507 568/1302/507 567/1301/507
f 568/1302/507 569/1303/507 570/1304/507
f 571/1305/508 572/1306/509 573/1307/508
f 572/1306/509 571/1305/508 574/1308/509
f 575/1309/510 572/1306/509 574/1308/509
f 572/1306/509 575/1309/510 576/1310/510
f 577/1311/510 576/1310/510 575/1309/510
f 576/1310/510 577/1311/510 578/1312/510
f 579/1313/511 547/1314/511 549/1315/511
f 579/1313/511 549/1315/511 580/1316/511
f 573/1317/512 581/1318/512 571/1319/512
f 581/1318/512 573/1317/512 582/1320/512
f 583/1321/513 524/1322/513 526/1323/513
f 524/1322/513 583/1321/513 584/1324/513
f 585/1325/514 555/1326/514 557/1327/514
f 585/1325/514 557/1327/514 586/1328/514
f 533/1329/515 587/1330/515 588/1331/515
f 587/1330/515 533/1329/515 534/1332/515
f 589/1333/516 557/1327/516 556/1334/516
f 557/1327/516 589/1333/516 586/1328/516
f 556/1334/516 590/1335/517 589/1333/516
f 590/1335/517 556/1334/516 560/1336/517
f 560/1336/517 591/1337/518 590/1335/517
f 591/1337/518 560/1336/517 562/1338/518
f 536/1339/519 592/1340/520 532/1341/520
f 532/1341/520 592/1340/520 587/1330/520
f 532/1341/520 587/1330/520 534/1332/520
f 592/1340/520 536/1339/519 593/1342/519
f 538/1343/521 593/1342/519 536/1339/519
f 593/1342/519 538/1343/521 594/1344/521
f 572/1345/522 582/1320/522 573/1317/522
f 582/1320/522 572/1345/522 595/1346/522
f 572/1345/522 596/1347/523 595/1346/522
f 596/1347/523 572/1345/522 576/1348/523
f 578/1349/524 596/1347/523 576/1348/523
f 596/1347/523 578/1349/524 597/1350/524
f 527/1351/525 598/1352/526 523/1353/526
f 598/1352/526 526/1323/526 523/1353/526
f 526/1323/526 598/1352/526 583/1321/526
f 598/1352/526 527/1351/525 599/1354/525
f 527/1351/525 600/1355/527 599/1354/525
f 600/1355/527 527/1351/525 530/1356/527
f 552/1357/528 601/1358/529 548/1359/529
f 601/1358/529 549/1315/529 548/1359/529
f 549/1315/529 601/1358/529 580/1316/529
f 601/1358/529 552/1357/528 602/1360/528
f 552/1357/528 554/1361/530 602/1360/528
f 602/1360/528 554/1361/530 603/1362/530
f 563/1363/531 604/1364/531 566/1365/531
f 604/1364/531 563/1363/531 605/1366/531
f 563/1363/531 568/1367/532 605/1366/531
f 605/1366/531 568/1367/532 606/1368/532
f 568/1367/532 607/1369/533 606/1368/532
f 607/1369/533 568/1367/532 570/1370/533
f 608/1371/534 539/1372/535 544/1373/534
f 546/1374/536 608/1371/534 544/1373/534
f 608/1371/534 546/1374/536 609/1375/536
f 610/1376/535 539/1372/535 608/1371/534
f 610/1376/535 542/1377/535 539/1372/535
f 542/1377/535 610/1376/535 611/1378/535
f 579/1379/537 612/1380/537 547/1381/537
f 547/1381/537 612/1380/537 550/1382/537
f 613/1383/538 614/1384/538 564/1385/538
f 564/1385/538 614/1384/538 565/1386/538
f 541/1387/539 540/1388/539 615/1389/539
f 615/1389/539 616/1390/539 541/1387/539
f 604/1391/540 564/1385/540 566/1392/540
f 564/1385/540 604/1391/540 613/1383/540
f 542/1393/541 615/1389/541 540/1388/541
f 615/1389/541 542/1393/541 611/1394/541
f 581/1395/542 617/1396/542 571/1397/542
f 571/1397/542 617/1396/542 574/1398/542
f 525/1399/543 524/1400/543 584/1401/543
f 584/1401/543 618/1402/543 525/1399/543
f 531/1403/544 533/1404/544 588/1405/544
f 588/1405/544 619/1406/544 531/1403/544
f 585/1407/545 620/1408/545 555/1409/545
f 555/1409/545 620/1408/545 558/1410/545
f 617/1411/546 581/1412/547 595/1413/548
f 595/1413/548 581/1412/547 582/1414/547
f 596/1415/549 617/1411/546 595/1413/548
f 617/1411/546 596/1415/549 621/1416/549
f 596/1415/549 622/1417/549 621/1416/549
f 596/1415/549 597/1418/549 622/1417/549
f 620/1419/550 585/1420/551 589/1421/550
f 589/1421/550 585/1420/551 586/1422/551
f 589/1421/550 623/1423/552 620/1419/550
f 623/1423/552 589/1421/550 590/1424/552
f 590/1424/552 624/1425/552 623/1423/552
f 624/1425/552 590/1424/552 591/1426/552
f 614/1427/553 613/1428/554 605/1429/553
f 605/1429/553 613/1428/554 604/1430/554
f 605/1429/553 625/1431/555 614/1427/553
f 625/1431/555 605/1429/553 606/1432/555
f 626/1433/555 625/1431/555 606/1432/555
f 606/1432/555 607/1434/555 626/1433/555
f 612/1435/556 579/1436/557 601/1437/556
f 601/1437/556 579/1436/557 580/1438/557
f 601/1437/556 627/1439/558 612/1435/556
f 627/1439/558 601/1437/556 602/1440/558
f 602/1440/558 628/1441/558 627/1439/558
f 602/1440/558 603/1442/558 628/1441/558
f 588/1443/559 592/1444/560 619/1445/560
f 592/1444/560 588/1443/559 587/1446/559
f 629/1447/561 619/1445/560 592/1444/560
f 629/1447/561 592/1444/560 593/1448/561
f 630/1449/561 629/1447/561 593/1448/561
f 593/1448/561 594/1450/561 630/1449/561
f 610/1451/562 615/1452/563 611/1453/563
f 615/1452/563 610/1451/562 616/1454/562
f 631/1455/564 616/1454/562 610/1451/562
f 631/1455/564 610/1451/562 608/1456/564
f 632/1457/564 631/1455/564 608/1456/564
f 632/1457/564 608/1456/564 609/1458/564
f 598/1459/565 584/1460/566 583/1461/566
f 584/1460/566 598/1459/565 618/1462/565
f 633/1463/567 618/1462/565 598/1459/565
f 633/1463/567 598/1459/565 599/1464/567
f 634/1465/567 633/1463/567 599/1464/567
f 599/1464/567 600/1466/567 634/1465/567
f 567/1467/568 626/1468/569 569/1469/569
f 626/1468/569 567/1467/568 625/1470/568
f 565/1471/570 625/1470/568 567/1467/568
f 625/1470/568 565/1471/570 614/1472/570
f 631/1473/571 632/1474/572 545/1475/572
f 545/1475/572 543/1476/571 631/1473/571
f 616/1477/573 631/1473/571 543/1476/571
f 543/1476/571 541/1478/573 616/1477/573
f 553/1479/574 551/1480/575 628/1481/574
f 628/1481/574 551/1480/575 627/1482/575
f 551/1480/575 550/1483/576 627/1482/575
f 627/1482/575 550/1483/576 612/1484/576
f 577/1485/577 621/1486/578 622/1487/577
f 621/1486/578 577/1485/577 575/1488/578
f 574/1489/579 621/1486/578 575/1488/578
f 621/1486/578 574/1489/579 617/1490/579
f 634/1491/580 528/1492/581 633/1493/581
f 528/1492/581 634/1491/580 529/1494/580
f 618/1495/582 633/1493/581 528/1492/581
f 528/1492/581 525/1496/582 618/1495/582
f 559/1497/583 624/1498/584 561/1499/584
f 624/1498/584 559/1497/583 623/1500/583
f 558/1501/585 623/1500/583 559/1497/583
f 623/1500/583 558/1501/585 620/1502/585
f 629/1503/586 630/1504/587 537/1505/587
f 537/1505/587 535/1506/586 629/1503/586
f 619/1507/588 629/1503/586 535/1506/586
f 535/1506/586 531/1508/588 619/1507/588
f 578/1509/589 622/1510/589 597/1511/589
f 622/1510/589 578/1509/589 577/1512/589
f 600/1513/590 529/1514/590 634/1515/590
f 529/1514/590 600/1513/590 530/1516/590
f 603/1517/591 554/1518/591 553/1519/591
f 603/1517/591 553/1519/591 628/1520/591
f 591/1521/592 562/1522/592 561/1523/592
f 591/1521/592 561/1523/592 624/1524/592
f 538/1525/593 630/1526/593 594/1527/593
f 630/1526/593 538/1525/593 537/1528/593
f 570/1529/594 626/1530/594 607/1531/594
f 626/1530/594 570/1529/594 569/1532/594
f 609/1533/595 545/1534/595 632/1535/595
f 545/1534/595 609/1533/595 546/1536/595
