# Roblox asset pack: animal_unicorn (creatures), from the Studio model "Unicorn". Exported with Export Selection, split by tools/build_creatures.py: one object per rigid body. Units: studs. +Y up, front faces -Z, pivot (bottom centre) at the origin.
mtllib animal_unicorn.mtl

v 3.37420 1.33000 0.05000
v 3.40210 1.43000 -0.05000
v 3.40210 1.43000 0.05000
v 3.37420 1.33000 -0.05000
v 3.16730 1.61000 0.55000
v 3.12430 1.53000 0.62000
v 3.14630 1.53000 0.54000
v 3.14530 1.61000 0.63000
v 3.12430 1.53000 -0.62000
v 3.16730 1.61000 -0.55000
v 3.14630 1.53000 -0.54000
v 3.14530 1.61000 -0.63000
v -1.32400 0.00000 0.43000
v -0.68700 0.00000 1.10000
v -1.32400 0.00000 1.10000
v -0.68700 0.00000 0.43000
v 0.92050 0.00000 0.43000
v 1.55730 0.00000 1.10000
v 0.92050 0.00000 1.10000
v 1.55730 0.00000 0.43000
v -1.32400 0.00000 -0.43000
v -1.32400 0.00000 -1.10000
v -0.68700 0.00000 -1.10000
v -0.68700 0.00000 -0.43000
v 0.92050 0.00000 -1.10000
v 1.55730 0.00000 -0.43000
v 0.92050 0.00000 -0.43000
v 1.55730 0.00000 -1.10000
v 3.15640 1.70000 -0.23000
v 3.02360 2.10000 0.25000
v 3.15640 1.70000 0.23000
v 3.02360 2.10000 -0.25000
v -3.08300 5.86000 0.05000
v -2.98300 5.90000 0.05000
v -3.08300 5.86000 -0.05000
v -2.98300 5.90000 -0.05000
v 0.97920 0.25000 0.47000
v 1.48990 0.25000 1.05000
v 0.97920 0.25000 1.05000
v 1.48990 0.25000 0.47000
v 0.97920 0.25000 -0.47000
v 1.48990 0.25000 -1.05000
v 1.48990 0.25000 -0.47000
v 0.97920 0.25000 -1.05000
v -0.75000 0.25000 0.47000
v -1.26100 0.25000 1.05000
v -1.26100 0.25000 0.47000
v -0.75000 0.25000 1.05000
v -1.26100 0.25000 -0.47000
v -1.26100 0.25000 -1.05000
v -0.75000 0.25000 -1.05000
v -0.75000 0.25000 -0.47000
v 2.92320 1.82000 0.71000
v 3.01920 1.82000 0.36000
v 2.81950 2.13000 0.70000
v 2.92300 2.13000 0.32000
v 3.01920 1.82000 -0.36000
v 2.81950 2.13000 -0.70000
v 2.92300 2.13000 -0.32000
v 2.92320 1.82000 -0.71000
v 2.61310 3.06000 -0.35000
v 2.61310 3.06000 0.35000
v 1.58490 1.35000 0.43000
v 1.75260 1.72000 1.10000
v 1.58490 1.35000 1.10000
v 1.75260 1.72000 0.43000
v 1.75260 1.72000 -1.10000
v 1.58490 1.35000 -0.43000
v 1.58490 1.35000 -1.10000
v 1.75260 1.72000 -0.43000
v -2.88200 5.66000 0.05000
v -2.98200 5.62000 0.05000
v -3.00200 5.61000 0.08000
v -2.86100 5.67000 0.08000
v -2.86100 5.67000 -0.08000
v -3.00200 5.61000 -0.08000
v -2.98200 5.62000 -0.05000
v -2.88200 5.66000 -0.05000
v 2.63490 2.88000 0.16000
v 2.48910 2.88000 0.69000
v 2.48910 2.88000 -0.69000
v 2.63490 2.88000 -0.16000
v 1.95060 1.61000 0.92000
v 1.95060 1.61000 -0.92000
v 1.95060 2.72000 0.92000
v 1.95060 2.72000 -0.92000
v 2.95050 1.26000 0.22000
v 2.95050 1.26000 -0.22000
v -2.75600 5.43000 0.08000
v -2.89700 5.37000 0.08000
v -2.91700 5.36000 0.10000
v -2.91700 5.36000 -0.10000
v -2.73600 5.43000 0.10000
v -2.73600 5.43000 -0.10000
v -2.89700 5.37000 -0.08000
v -2.75600 5.43000 -0.08000
v -3.40200 3.99000 0.41000
v -3.40200 4.11000 0.29000
v -3.40200 3.99000 0.27000
v -3.40200 4.02000 0.19000
v -3.40200 3.99000 0.11000
v -3.40200 3.99000 -0.11000
v -3.40200 4.02000 -0.19000
v -3.40200 4.11000 -0.29000
v -3.40200 3.99000 -0.27000
v -3.40200 3.99000 -0.41000
v 1.75260 2.53000 1.10000
v 1.75260 2.53000 0.43000
v -3.40200 3.98000 0.28000
v -3.36900 3.46000 0.38000
v -3.38700 3.75000 0.27000
v -3.38600 3.73000 0.19000
v -3.38700 3.75000 0.11000
v -3.38700 3.75000 -0.11000
v -3.40200 3.98000 -0.10000
v -3.38600 3.73000 -0.19000
v -3.40200 3.98000 0.10000
v 1.75260 2.53000 -1.10000
v 1.75260 2.53000 -0.43000
v -3.38700 3.75000 -0.27000
v -3.36900 3.46000 -0.36000
v -3.40200 3.98000 -0.28000
v -3.34800 3.98000 0.28000
v -3.33800 3.73000 0.19000
v -3.34800 3.75000 0.27000
v -3.34800 3.98000 0.10000
v -3.34800 3.75000 0.11000
v -3.33800 4.02000 0.19000
v -3.34800 3.98000 -0.10000
v -3.33800 3.73000 -0.19000
v -3.34800 3.75000 -0.11000
v -3.34800 3.98000 -0.28000
v -3.34800 3.75000 -0.27000
v -3.33800 4.02000 -0.19000
v 3.21980 1.59000 0.18000
v 3.21980 1.59000 -0.18000
v -3.30100 3.41000 0.31000
v -3.30100 3.32000 -0.21000
v -3.30100 3.32000 0.22000
v -3.30100 3.41000 -0.30000
v 2.86190 1.48000 0.33000
v 2.77040 1.48000 0.66000
v 2.86190 1.48000 -0.33000
v 2.77040 1.48000 -0.66000
v -2.86700 5.16000 0.13000
v -2.84000 5.18000 0.10000
v -2.86700 5.16000 -0.13000
v -2.65900 5.25000 0.10000
v -2.63200 5.26000 0.13000
v -2.63200 5.26000 -0.13000
v -2.84000 5.18000 -0.10000
v -2.65900 5.25000 -0.10000
v 3.05680 1.73000 0.41000
v 3.05680 1.73000 -0.41000
v 2.98110 1.73000 0.69000
v 2.98110 1.73000 -0.69000
v -2.71200 4.79000 -0.19000
v -2.71200 4.79000 0.19000
v -2.48500 5.02000 0.22000
v -2.48500 5.02000 -0.22000
v -2.14200 5.33000 -0.26000
v -2.14200 5.33000 0.26000
v -1.85300 5.38000 0.78000
v -2.07200 5.28000 0.64000
v -2.09000 5.27000 0.75000
v -1.83600 5.39000 0.68000
v -2.07200 5.28000 -0.64000
v -1.85300 5.38000 -0.78000
v -2.09000 5.27000 -0.75000
v -1.83600 5.39000 -0.68000
v -2.82100 4.96000 0.16000
v -2.78700 4.98000 0.13000
v -2.82100 4.96000 -0.16000
v -2.55200 5.08000 0.13000
v -2.51900 5.09000 0.16000
v -2.51900 5.09000 -0.16000
v -2.55200 5.08000 -0.13000
v -2.78700 4.98000 -0.13000
v 0.29050 1.34000 -0.92000
v 0.29050 1.34000 0.92000
v -0.08600 1.28000 0.78000
v 1.31360 1.51000 -0.78000
v 1.31360 1.51000 0.78000
v -0.08600 1.28000 -0.78000
v -1.52900 5.46000 0.31000
v -1.52900 5.46000 -0.31000
v -2.55300 4.70000 -0.04000
v -2.78900 4.47000 0.39000
v -2.55300 4.70000 0.42000
v -2.78900 4.47000 -0.01000
v -2.78900 4.47000 -0.39000
v -2.78900 4.47000 0.01000
v -2.55300 4.70000 0.04000
v -2.55300 4.70000 -0.42000
v -2.19700 5.03000 -0.07000
v -2.19700 5.03000 0.46000
v -2.19700 5.03000 0.07000
v -2.19700 5.03000 -0.46000
v -2.93400 4.52000 0.45000
v -2.93400 4.21000 0.21000
v -2.93400 4.21000 0.45000
v -2.93400 4.52000 0.21000
v -2.93400 4.52000 -0.45000
v -2.93400 4.21000 -0.21000
v -2.93400 4.52000 -0.21000
v -2.93400 4.21000 -0.45000
v 1.31360 2.45000 0.78000
v 1.31360 2.45000 -0.78000
v -2.91200 4.62000 0.52000
v -2.91200 4.17000 0.17000
v -2.91200 4.17000 0.52000
v -2.91200 4.62000 0.17000
v -2.91200 4.62000 -0.52000
v -2.91200 4.17000 -0.17000
v -2.91200 4.62000 -0.17000
v -2.91200 4.17000 -0.52000
v -1.05600 1.28000 -0.78000
v -1.05600 1.28000 0.78000
v -2.43200 4.70000 0.28000
v -2.59900 4.54000 0.58000
v -2.43200 4.70000 0.60000
v -2.59900 4.54000 0.30000
v -2.43200 4.70000 -0.60000
v -2.59900 4.54000 -0.30000
v -2.43200 4.70000 -0.28000
v -2.59900 4.54000 -0.58000
v 1.52690 0.38000 0.46000
v 1.52690 0.38000 1.06000
v 1.52690 0.38000 -1.06000
v 1.52690 0.38000 -0.46000
v -2.17900 4.94000 0.25000
v -2.17900 4.94000 0.63000
v -2.17900 4.94000 -0.63000
v -2.17900 4.94000 -0.25000
v -0.86100 1.34000 -0.92000
v -0.86100 1.34000 0.92000
v -2.83100 3.49000 0.76000
v -2.83100 3.49000 -0.76000
v -2.83100 3.27000 0.54000
v -2.83100 3.27000 -0.54000
v -2.83100 4.57000 0.76000
v -2.83100 4.57000 -0.76000
v -2.83100 4.79000 -0.54000
v -2.83100 4.79000 0.54000
v -2.20000 5.07000 0.71000
v -2.17000 5.09000 0.53000
v -2.20000 5.07000 -0.71000
v -2.17000 5.09000 -0.53000
v -1.73600 1.63000 0.78000
v -1.73600 1.63000 -0.78000
v -1.56000 5.16000 0.51000
v -1.56000 5.16000 -0.13000
v -1.56000 5.16000 0.13000
v -1.56000 5.16000 -0.51000
v -1.66700 1.75000 0.92000
v -1.66700 1.75000 -0.92000
v -1.72800 5.03000 0.22000
v -1.72800 5.03000 0.67000
v -1.72800 5.03000 -0.22000
v -1.72800 5.03000 -0.67000
v 1.67900 2.46000 0.33000
v 1.95820 2.54000 0.07000
v 1.86150 2.54000 0.42000
v 1.75510 2.46000 0.05000
v 1.67900 2.46000 -0.33000
v 1.95820 2.54000 -0.07000
v 1.75510 2.46000 -0.05000
v 1.86150 2.54000 -0.42000
v 2.16830 2.62000 0.07000
v 2.04110 2.62000 0.53000
v 2.16830 2.62000 -0.07000
v 2.04110 2.62000 -0.53000
v 1.49130 2.52000 0.18000
v 1.74730 2.62000 -0.23000
v 1.74730 2.62000 0.23000
v 1.49130 2.52000 -0.18000
v 2.00590 2.72000 -0.31000
v 2.00590 2.72000 0.31000
v 2.45810 1.74000 0.11000
v 2.45810 1.74000 -0.11000
v 1.48400 3.19000 0.92000
v 1.48400 3.19000 -0.92000
v -2.80800 3.71000 0.60000
v -1.56700 1.98000 -0.60000
v -1.56700 1.98000 0.60000
v -2.80800 3.71000 -0.60000
v -1.54700 4.79000 0.54000
v -1.54700 4.79000 -0.54000
v -2.22400 4.55000 0.62000
v -2.20100 4.57000 0.48000
v -2.22400 4.55000 -0.62000
v -2.20100 4.57000 -0.48000
v -1.54700 4.57000 -0.76000
v -1.54700 4.57000 0.76000
v -1.31100 1.36000 1.08000
v -0.70500 1.38000 1.08000
v -1.34500 1.55000 1.10000
v -0.60800 1.62000 1.10000
v -1.34500 1.55000 -1.10000
v -0.70500 1.38000 -1.08000
v -1.31100 1.36000 -1.08000
v -0.60800 1.62000 -1.10000
v -1.86000 5.01000 0.73000
v -1.95300 4.57000 0.67000
v -1.86500 5.01000 0.76000
v -1.94900 4.58000 0.65000
v -1.94900 4.58000 -0.65000
v -1.86000 5.01000 -0.73000
v -1.95300 4.57000 -0.67000
v -1.86500 5.01000 -0.76000
v -0.96100 5.04000 0.30000
v -0.96100 5.04000 -0.30000
v -2.80300 4.62000 0.52000
v -2.80300 4.62000 0.17000
v -2.80300 4.62000 -0.17000
v -2.80300 4.62000 -0.52000
v -2.69200 4.66000 0.16000
v -2.69200 4.66000 -0.16000
v -1.35700 1.74000 1.11000
v -0.65500 1.74000 1.11000
v -1.36500 2.05000 1.13000
v -0.64600 2.05000 1.13000
v -0.39700 2.22000 -0.60000
v -0.39700 2.22000 0.60000
v -1.36500 2.05000 -1.13000
v -0.65500 1.74000 -1.11000
v -1.35700 1.74000 -1.11000
v -0.64600 2.05000 -1.13000
v 2.37730 1.60000 0.35000
v 2.37730 1.60000 -0.35000
v 0.80640 1.35000 1.10000
v 0.80640 1.35000 -1.10000
v -2.86100 4.52000 0.21000
v -2.86100 4.52000 0.45000
v -2.86100 4.52000 -0.21000
v -2.86100 4.52000 -0.45000
v -2.15300 4.61000 0.62000
v -2.15700 4.60000 0.64000
v -2.51700 4.25000 0.29000
v -2.51700 4.25000 -0.29000
v -2.15300 4.61000 -0.62000
v -2.15700 4.60000 -0.64000
v -0.74700 2.63000 1.13000
v -1.26400 2.63000 1.13000
v -1.26400 2.63000 -1.13000
v -0.74700 2.63000 -1.13000
v 0.76120 1.72000 -1.10000
v 0.76120 2.16000 -1.10000
v 0.98340 2.67000 -1.10000
v 0.76120 1.72000 1.10000
v 0.76120 2.16000 1.10000
v 0.98340 2.67000 1.10000
v 1.94840 3.36000 -0.31000
v 1.94840 3.36000 0.31000
v 2.39750 2.18000 0.12000
v 2.39750 2.18000 -0.12000
v 0.25970 2.94000 0.09000
v 0.25270 3.15000 0.30000
v 0.25970 2.94000 0.30000
v 0.25270 3.15000 0.09000
v 0.25970 2.94000 -0.09000
v 0.25970 2.94000 -0.30000
v 0.25270 3.15000 -0.30000
v 0.25270 3.15000 -0.09000
v 2.24670 2.52000 0.06000
v 2.24670 2.52000 -0.06000
v 0.22250 3.32000 0.10000
v 0.21580 3.52000 -0.10000
v 0.21580 3.52000 0.10000
v 0.22250 3.32000 -0.10000
v -2.51700 4.13000 0.41000
v -2.51700 4.13000 -0.41000
v -0.97000 4.73000 -0.12000
v -0.97000 4.73000 0.50000
v -0.97000 4.73000 0.12000
v -0.97000 4.73000 -0.50000
v -1.73600 2.84000 0.78000
v -1.73600 2.84000 -0.78000
v -1.66700 3.19000 -0.92000
v -1.66700 3.19000 0.92000
v 1.99680 3.11000 0.52000
v 2.12580 3.11000 0.05000
v 2.12580 3.11000 -0.05000
v 1.99680 3.11000 -0.52000
v -1.31100 1.36000 0.45000
v -1.34500 1.55000 0.43000
v -1.31100 1.36000 -0.45000
v -1.34500 1.55000 -0.43000
v -0.70500 1.38000 0.45000
v -0.60800 1.62000 0.43000
v 0.92030 2.84000 0.78000
v 0.92030 2.84000 -0.78000
v -0.70500 1.38000 -0.45000
v -0.60800 1.62000 -0.43000
v -2.53700 4.17000 0.39000
v -2.53700 4.17000 -0.01000
v -1.79900 5.01000 0.77000
v -1.90500 5.32000 0.77000
v -2.53700 4.17000 -0.39000
v -2.53700 4.17000 0.01000
v -1.90500 5.32000 -0.77000
v -1.79900 5.01000 -0.77000
v -0.71700 0.38000 1.06000
v -1.29300 0.38000 1.06000
v 0.95090 0.38000 1.06000
v -1.29300 0.38000 -1.06000
v -0.71700 0.38000 -1.06000
v 0.95090 0.38000 -1.06000
v -1.31000 4.72000 0.22000
v -1.31000 4.72000 0.66000
v -1.31000 4.72000 -0.66000
v -1.31000 4.72000 -0.22000
v -1.83800 4.59000 0.67000
v -2.02800 4.59000 0.63000
v -1.83800 4.59000 -0.67000
v -2.02800 4.59000 -0.63000
v -1.54700 3.49000 -0.76000
v -1.54700 3.49000 0.76000
v -2.05500 5.20000 0.74000
v -2.13600 5.05000 0.72000
v -2.05500 5.20000 -0.74000
v -2.13600 5.05000 -0.72000
v -2.05000 5.20000 0.72000
v -2.13200 5.06000 0.69000
v -1.90000 5.32000 0.74000
v -2.05000 5.20000 -0.72000
v -2.13200 5.06000 -0.69000
v -1.90000 5.32000 -0.74000
v -1.63700 3.95000 0.60000
v -1.63700 3.95000 -0.60000
v -1.90200 4.50000 0.67000
v -2.22600 4.45000 -0.60000
v -1.90200 4.50000 -0.67000
v -2.22600 4.45000 0.60000
v 2.30740 2.17000 0.31000
v 2.30740 2.17000 -0.31000
v -1.67200 4.47000 -0.66000
v -1.35700 1.74000 0.42000
v -2.42000 4.32000 0.58000
v -2.42000 4.32000 0.30000
v -1.67200 4.47000 0.66000
v -1.35700 1.74000 -0.42000
v -2.42000 4.32000 -0.58000
v -2.42000 4.32000 -0.30000
v 2.31070 1.74000 -0.64000
v 2.31070 1.74000 0.64000
v 2.09830 2.59000 0.35000
v 2.09830 2.59000 -0.35000
v -1.36500 2.05000 0.40000
v -1.71600 4.54000 0.51000
v -1.98300 4.55000 0.46000
v -1.36500 2.05000 -0.40000
v -1.71600 4.54000 -0.51000
v -1.98300 4.55000 -0.46000
v -2.46900 4.50000 -0.19000
v -2.46900 4.50000 0.19000
v -0.55300 3.61000 -0.52000
v -0.43800 3.46000 -0.52000
v -0.54800 3.45000 -0.52000
v -0.44300 3.60000 -0.52000
v -0.66900 3.61000 -0.53000
v -0.66400 3.44000 -0.53000
v -0.77000 3.60000 -0.53000
v -0.82200 3.43000 -0.53000
v -0.66400 3.44000 0.53000
v -0.77000 3.60000 0.53000
v -0.82200 3.43000 0.53000
v -0.66900 3.61000 0.53000
v -0.54800 3.45000 0.52000
v -0.55300 3.61000 0.52000
v -0.43800 3.46000 0.52000
v -0.44300 3.60000 0.52000
v -1.46200 3.95000 0.61000
v -1.16300 4.08000 0.61000
v -1.57500 4.22000 0.63000
v -1.21100 4.33000 0.63000
v -1.21100 4.33000 -0.63000
v -1.57500 4.22000 -0.63000
v -1.16300 4.08000 -0.61000
v -1.46200 3.95000 -0.61000
v -0.96600 3.51000 0.54000
v -0.84700 3.68000 0.54000
v -2.80300 4.17000 0.52000
v -0.96600 3.51000 -0.54000
v -0.84700 3.68000 -0.54000
v -2.80300 4.17000 -0.52000
v -0.95900 3.78000 -0.56000
v -1.09500 3.59000 -0.56000
v -1.09500 3.59000 0.56000
v -1.08200 3.89000 0.58000
v -1.28200 3.70000 0.58000
v -0.95900 3.78000 0.56000
v -1.08200 3.89000 -0.58000
v -1.28200 3.70000 -0.58000
v -0.05900 2.92000 0.07000
v 0.10380 2.93000 0.30000
v -0.05900 2.92000 0.31000
v 0.10380 2.93000 0.08000
v -0.05900 2.92000 -0.07000
v -0.05900 2.92000 -0.31000
v 0.10380 2.93000 -0.30000
v 0.10380 2.93000 -0.08000
v -0.22900 3.52000 0.12000
v -0.33300 3.63000 -0.14000
v -0.33300 3.63000 0.14000
v -0.22900 3.52000 -0.12000
v -0.48600 3.76000 0.16000
v -0.48600 3.76000 -0.16000
v -0.65300 3.90000 0.18000
v -0.65300 3.90000 -0.18000
v -1.48200 4.37000 0.50000
v -1.48200 4.37000 -0.50000
v -0.28300 2.91000 0.06000
v -0.28300 2.91000 0.32000
v -2.26300 4.35000 0.42000
v -0.28300 2.91000 -0.32000
v -0.28300 2.91000 -0.06000
v -2.26300 4.35000 -0.42000
v -1.54700 3.27000 -0.54000
v -1.54700 3.27000 0.54000
v -2.86100 4.21000 0.45000
v -2.86100 4.21000 -0.45000
v -2.51700 3.40000 -0.41000
v -2.62700 3.41000 0.31000
v -2.62700 3.32000 0.22000
v -2.56100 3.36000 0.27000
v -2.56100 3.46000 0.38000
v -1.57500 4.22000 0.25000
v -1.67200 4.47000 0.22000
v -1.57500 4.22000 -0.25000
v -1.67200 4.47000 -0.22000
v -1.46200 3.95000 0.28000
v -1.93600 4.87000 0.26000
v -1.67900 4.86000 0.31000
v -1.46200 3.95000 -0.28000
v -1.67900 4.86000 -0.31000
v -1.93600 4.87000 -0.26000
v -2.59000 3.36000 -0.35000
v -1.18600 3.64000 0.42000
v -0.76400 3.82000 0.42000
v -1.34500 4.02000 0.46000
v -0.83200 4.18000 0.46000
v -1.34500 4.02000 -0.46000
v -0.76400 3.82000 -0.42000
v -1.18600 3.64000 -0.42000
v -0.83200 4.18000 -0.46000
v -0.48600 3.02000 0.34000
v -0.47600 3.40000 0.36000
v -0.66800 3.13000 0.36000
v -0.31800 3.26000 0.34000
v -0.21000 3.15000 0.32000
v -0.65000 3.55000 0.38000
v -0.93100 3.29000 0.38000
v -0.47600 3.40000 -0.36000
v -0.48600 3.02000 -0.34000
v -0.66800 3.13000 -0.36000
v -0.31800 3.26000 -0.34000
v -0.21000 3.15000 -0.32000
v -0.93100 3.29000 -0.38000
v -0.65000 3.55000 -0.38000
v -0.43800 3.46000 0.37000
v -0.44300 3.60000 0.37000
v -0.43800 3.46000 -0.37000
v -0.44300 3.60000 -0.37000
v -0.06700 3.16000 0.31000
v 1.60440 2.70000 0.01000
v 1.76470 2.85000 0.02000
v -0.76200 4.17000 -0.22000
v -0.76200 4.17000 0.22000
v -0.06700 3.16000 -0.31000
v 0.09640 3.15000 -0.30000
v 0.09640 3.15000 0.30000
v 1.60440 2.70000 -0.01000
v 1.76470 2.85000 -0.02000
v -1.26400 2.63000 0.40000
v -1.26400 2.63000 -0.40000
v -1.45300 4.69000 -0.30000
v -1.45300 4.69000 0.30000
v -2.20500 4.68000 0.22000
v -2.20500 4.68000 -0.22000
v -1.34500 4.02000 -0.08000
v -1.48200 4.37000 -0.12000
v -1.34500 4.02000 0.08000
v -1.48200 4.37000 0.12000
v -0.21000 3.15000 0.06000
v -0.31800 3.26000 0.05000
v -0.21000 3.15000 -0.06000
v -0.31800 3.26000 -0.05000
v -1.18600 3.64000 -0.04000
v -0.82800 4.51000 -0.26000
v -0.82800 4.51000 0.26000
v -2.62700 3.32000 -0.21000
v -1.18600 3.64000 0.04000
v -1.29300 0.38000 0.46000
v -1.29300 0.38000 -0.46000
v -0.47600 3.40000 0.03000
v -0.65000 3.55000 0.00000
v -0.66900 3.61000 0.36000
v -0.55300 3.61000 0.36000
v -0.47600 3.40000 -0.03000
v -0.66900 3.61000 -0.36000
v -0.55300 3.61000 -0.36000
v -0.77000 3.60000 0.35000
v -0.77000 3.60000 -0.35000
v -1.71600 4.54000 -0.13000
v -1.98300 4.55000 -0.07000
v -1.98300 4.55000 0.07000
v -1.71600 4.54000 0.13000
v -0.76400 3.82000 -0.04000
v -0.76400 3.82000 0.04000
v -1.08200 3.89000 0.31000
v -0.95900 3.78000 0.33000
v -0.84700 3.68000 0.34000
v -1.08200 3.89000 -0.31000
v -0.95900 3.78000 -0.33000
v -0.84700 3.68000 -0.34000
v -0.65500 1.74000 0.42000
v -0.64600 2.05000 0.40000
v -1.28200 3.70000 0.31000
v -0.65500 1.74000 -0.42000
v -0.64600 2.05000 -0.40000
v -1.28200 3.70000 -0.31000
v -0.83200 4.18000 -0.08000
v -0.29900 3.29000 -0.12000
v -0.49500 3.40000 -0.14000
v -0.83200 4.18000 0.08000
v -0.49500 3.40000 0.14000
v -0.29900 3.29000 0.12000
v -0.67000 3.50000 0.16000
v -2.39000 4.79000 0.16000
v -0.67000 3.50000 -0.16000
v -2.39000 4.79000 -0.16000
v -0.92400 3.66000 0.18000
v -0.92400 3.66000 -0.18000
v -0.48600 3.02000 0.05000
v -0.93100 3.29000 0.00000
v -0.09200 3.53000 -0.11000
v -0.09200 3.53000 0.11000
v 0.06540 3.53000 0.11000
v 0.06540 3.53000 -0.11000
v -1.32200 4.36000 0.26000
v -0.48600 3.02000 -0.05000
v -1.32200 4.36000 -0.26000
v -1.16900 3.99000 -0.22000
v -1.16900 3.99000 0.22000
v -0.66800 3.13000 0.03000
v -0.08400 3.30000 0.11000
v 0.07250 3.31000 0.11000
v -0.66800 3.13000 -0.03000
v 0.07250 3.31000 -0.11000
v -0.08400 3.30000 -0.11000
v -2.26300 4.35000 0.04000
v -2.26300 4.35000 -0.04000
v 2.26600 2.18000 0.60000
v 2.26600 2.18000 -0.60000
v 2.10180 2.52000 0.58000
v 2.10180 2.52000 -0.58000
v -1.09500 3.59000 0.33000
v -1.09500 3.59000 -0.33000
v -0.96600 3.51000 0.34000
v -0.82200 3.43000 0.35000
v -0.06700 3.16000 0.07000
v -0.06700 3.16000 -0.07000
v -0.96600 3.51000 -0.34000
v -0.82200 3.43000 -0.35000
v 0.09640 3.15000 0.08000
v 0.09640 3.15000 -0.08000
v -0.66400 3.44000 0.36000
v -0.54800 3.45000 0.36000
v -0.66400 3.44000 -0.36000
v -0.54800 3.45000 -0.36000
v -1.16300 4.08000 0.28000
v -1.16300 4.08000 -0.28000
v -0.74700 2.63000 0.40000
v -0.74700 2.63000 -0.40000
v 1.49030 3.01000 -0.23000
v 1.29130 2.82000 -0.18000
v 1.49030 3.01000 0.23000
v 1.29130 2.82000 0.18000
v -1.83800 4.59000 0.22000
v -2.02800 4.59000 0.25000
v -1.83800 4.59000 -0.22000
v -2.02800 4.59000 -0.25000
v -1.77000 5.03000 0.59000
v -1.77000 5.03000 -0.59000
v -0.71700 0.38000 0.46000
v -0.71700 0.38000 -0.46000
v -2.80300 4.17000 0.17000
v -1.21100 4.33000 0.25000
v -1.21100 4.33000 -0.25000
v -2.80300 4.17000 -0.17000
v -2.86100 4.21000 0.21000
v -2.86100 4.21000 -0.21000
v -2.22600 4.45000 0.28000
v -2.22600 4.45000 -0.28000
v 0.80640 1.35000 0.43000
v 0.80640 1.35000 -0.43000
v 0.98340 2.67000 0.43000
v 0.98340 2.67000 -0.43000
v 0.76120 1.72000 0.43000
v 0.76120 2.16000 0.43000
v 0.76120 1.72000 -0.43000
v 0.76120 2.16000 -0.43000
v -2.56100 3.36000 -0.26000
v -1.87900 4.52000 0.53000
v -1.87900 4.52000 -0.53000
v 1.52840 2.70000 0.29000
v 1.66790 2.85000 0.37000
v 1.52840 2.70000 -0.29000
v 1.66790 2.85000 -0.37000
v 0.95090 0.38000 0.46000
v 0.95090 0.38000 -0.46000
vt 0.92636 0.54306
vt 0.93399 0.55070
vt 0.92636 0.55070
vt 0.93399 0.54306
vt 0.84380 0.86064
vt 0.83947 0.85409
vt 0.84612 0.85524
vt 0.83788 0.86060
vt 1.83947 0.85409
vt 1.84380 0.86064
vt 1.84612 0.85524
vt 1.83788 0.86060
vt 0.24339 0.99707
vt 0.19727 0.94900
vt 0.24339 0.94900
vt 0.19727 0.99707
vt 0.04905 0.77667
vt 0.00293 0.72859
vt 0.04905 0.72859
vt 0.00293 0.77667
vt 1.24339 0.99707
vt 1.24339 0.94900
vt 1.19727 0.94900
vt 1.19727 0.99707
vt 1.04905 0.72859
vt 1.00293 0.77667
vt 1.04905 0.77667
vt 1.00293 0.72859
vt 0.94686 0.57704
vt 0.91221 0.60770
vt 0.91350 0.57704
vt 0.94817 0.60769
vt 0.60879 0.10334
vt 0.60091 0.10334
vt 0.60879 0.09546
vt 0.60091 0.09546
vt 0.99669 0.04475
vt 0.95970 0.00297
vt 0.99669 0.00297
vt 0.95970 0.04475
vt 1.99669 0.04475
vt 1.95970 0.00297
vt 1.95970 0.04475
vt 1.99669 0.00297
vt 0.44145 0.49551
vt 0.47844 0.45373
vt 0.47844 0.49551
vt 0.44145 0.45373
vt 1.47844 0.49551
vt 1.47844 0.45373
vt 1.44145 0.45373
vt 1.44145 0.49551
vt 0.83014 0.88231
vt 0.85606 0.87944
vt 0.83179 0.90626
vt 0.85974 0.90314
vt 1.85606 0.87944
vt 1.83179 0.90626
vt 1.85974 0.90314
vt 1.83014 0.88231
vt 0.95551 0.68373
vt 0.90488 0.68374
vt 0.92858 0.80049
vt 0.87997 0.83031
vt 0.87997 0.80049
vt 0.92858 0.83031
vt 1.87997 0.83031
vt 1.92858 0.80049
vt 1.87997 0.80049
vt 1.92858 0.83031
vt 0.62246 0.25683
vt 0.63034 0.25683
vt 0.63195 0.25844
vt 0.62085 0.25844
vt 0.62084 0.24734
vt 0.63195 0.24733
vt 0.63034 0.24895
vt 0.62246 0.24895
vt 0.87204 0.96160
vt 0.83269 0.96600
vt 1.83269 0.96600
vt 1.87204 0.96160
vt 0.00293 0.69692
vt 0.00295 0.56296
vt 0.08347 0.69693
vt 0.08348 0.56297
vt 0.79646 0.16371
vt 0.76536 0.18341
vt 0.76536 0.17578
vt 0.79646 0.19548
vt 0.66729 0.33658
vt 0.67839 0.33658
vt 0.67999 0.33818
vt 0.67999 0.32388
vt 0.66569 0.33818
vt 0.66569 0.32388
vt 0.67839 0.32548
vt 0.66729 0.32548
vt 0.65630 0.91249
vt 0.66509 0.92109
vt 0.65643 0.92321
vt 0.65878 0.92884
vt 0.65645 0.93447
vt 0.65645 0.95049
vt 0.65879 0.95615
vt 0.66509 0.96386
vt 0.65645 0.96179
vt 0.65635 0.97250
vt 0.92516 0.72066
vt 0.88339 0.72066
vt 0.87997 0.88877
vt 0.92857 0.88877
vt 0.65612 0.92252
vt 0.61844 0.91539
vt 0.63910 0.92323
vt 0.63792 0.92888
vt 0.63912 0.93452
vt 0.63911 0.95047
vt 0.65615 0.94980
vt 0.63792 0.95612
vt 0.65615 0.93516
vt 1.88339 0.72066
vt 1.92517 0.72066
vt 1.87997 0.88877
vt 1.92857 0.88877
vt 0.63911 0.96176
vt 0.61841 0.96865
vt 0.65614 0.96248
vt 0.67842 0.31726
vt 0.67134 0.29935
vt 0.67707 0.30031
vt 0.66569 0.31776
vt 0.66570 0.30076
vt 0.67216 0.32016
vt 0.28475 0.22698
vt 0.27768 0.20906
vt 0.28341 0.21002
vt 0.27202 0.22747
vt 0.27204 0.21047
vt 0.27849 0.22987
vt 0.91703 0.56810
vt 0.94333 0.56810
vt 0.61235 0.91987
vt 0.60589 0.95789
vt 0.60591 0.92629
vt 0.61233 0.96432
vt 0.18172 0.53312
vt 0.15741 0.51772
vt 0.18172 0.50829
vt 0.15741 0.52369
vt 1.18172 0.53312
vt 1.18172 0.50829
vt 1.15741 0.51772
vt 1.15741 0.52369
vt 0.58450 0.02144
vt 0.58241 0.01935
vt 0.58450 0.00297
vt 0.56812 0.01935
vt 0.56603 0.02144
vt 0.56603 0.00297
vt 0.58241 0.00506
vt 0.56812 0.00506
vt 0.87212 0.85880
vt 0.85253 0.87280
vt 1.85253 0.87280
vt 1.87212 0.85880
vt 0.83211 0.87504
vt 1.83211 0.87504
vt 0.93818 0.85278
vt 0.96588 0.85278
vt 0.96796 0.87587
vt 0.93610 0.87587
vt 0.93351 0.90966
vt 0.97056 0.90966
vt 0.84772 0.22717
vt 0.84010 0.20872
vt 0.84772 0.20823
vt 0.84011 0.22766
vt 1.84010 0.20872
vt 1.84772 0.22717
vt 1.84771 0.20823
vt 1.84011 0.22766
vt 0.87384 0.38277
vt 0.87119 0.38012
vt 0.87384 0.35900
vt 0.85272 0.38012
vt 0.85007 0.38277
vt 0.85007 0.35900
vt 0.85272 0.36165
vt 0.87119 0.36165
vt 0.13688 0.15193
vt 0.00293 0.27376
vt 0.00293 0.15193
vt 0.13688 0.27376
vt 0.14246 0.39428
vt 0.25537 0.49697
vt 0.14246 0.49697
vt 0.25537 0.39428
vt 0.97427 0.95497
vt 0.92980 0.95497
vt 0.78187 0.87809
vt 0.81280 0.85410
vt 0.81497 0.87809
vt 0.78403 0.85410
vt 0.01166 0.83947
vt 0.04043 0.83948
vt 0.04259 0.86347
vt 0.00949 0.86346
vt 0.77917 0.91319
vt 0.81767 0.91319
vt 0.04528 0.89857
vt 0.00679 0.89856
vt 0.13748 0.66852
vt 0.16081 0.67270
vt 0.14122 0.67518
vt 0.15773 0.64201
vt 0.72807 0.43927
vt 0.75876 0.44231
vt 0.73228 0.46260
vt 0.72562 0.45886
vt 0.47396 0.02522
vt 0.45640 0.00297
vt 0.47396 0.00297
vt 0.45640 0.02522
vt 1.47396 0.02522
vt 1.45640 0.00297
vt 1.45640 0.02522
vt 1.47396 0.00297
vt 0.60589 0.81197
vt 0.60591 0.69906
vt 0.67378 0.81198
vt 0.67379 0.69907
vt 0.33787 0.99051
vt 0.31189 0.95759
vt 0.33787 0.95759
vt 0.31189 0.99051
vt 1.33787 0.99051
vt 1.31189 0.95759
vt 1.31189 0.99051
vt 1.33787 0.95759
vt 0.25537 0.32398
vt 0.14246 0.32398
vt 0.88461 0.90952
vt 0.90654 0.89251
vt 0.90808 0.90952
vt 0.88614 0.89251
vt 1.90808 0.90952
vt 1.88614 0.89251
vt 1.88461 0.90952
vt 1.90654 0.89251
vt 0.96468 0.10029
vt 0.99223 0.10258
vt 0.99224 0.14606
vt 0.96469 0.14836
vt 1.96468 0.10029
vt 1.99224 0.14606
vt 1.99223 0.10258
vt 1.96469 0.14836
vt 0.88270 0.93440
vt 0.90999 0.93440
vt 1.90999 0.93440
vt 1.88270 0.93440
vt 0.13688 0.06853
vt 0.00293 0.06853
vt 0.28724 0.73800
vt 0.17734 0.73800
vt 0.27135 0.72212
vt 0.19322 0.72212
vt 0.28724 0.81613
vt 0.17734 0.81613
vt 0.19322 0.83201
vt 0.27135 0.83201
vt 0.57098 0.19549
vt 0.57895 0.17877
vt 0.57860 0.19549
vt 0.56603 0.17877
vt 1.57098 0.19549
vt 1.57895 0.17877
vt 1.56603 0.17877
vt 1.57860 0.19549
vt 0.14246 0.26872
vt 0.25537 0.26872
vt 0.82152 0.96027
vt 0.77532 0.96028
vt 0.04913 0.94565
vt 0.00293 0.94564
vt 0.00293 0.00297
vt 0.13688 0.00297
vt 0.87997 0.96778
vt 0.91272 0.96778
vt 1.87997 0.96778
vt 1.91272 0.96778
vt 0.28341 0.95759
vt 0.26775 0.98104
vt 0.26774 0.95478
vt 0.28341 0.97823
vt 1.28341 0.95759
vt 1.26775 0.98104
vt 1.28341 0.97823
vt 1.26775 0.95478
vt 0.25209 0.98518
vt 0.25209 0.95064
vt 1.25209 0.98518
vt 1.25209 0.95064
vt 0.48024 0.18343
vt 0.51024 0.20347
vt 0.47665 0.20347
vt 0.50665 0.18343
vt 0.51553 0.22351
vt 0.47135 0.22350
vt 0.46424 0.75815
vt 0.48822 0.75566
vt 0.46289 0.76555
vt 0.49892 0.79251
vt 1.48822 0.75566
vt 1.46289 0.76555
vt 1.49892 0.79251
vt 1.46424 0.75815
vt 0.00293 0.80675
vt 0.02116 0.80346
vt 0.01878 0.82746
vt 0.00585 0.80155
vt 1.02116 0.80346
vt 1.00293 0.80675
vt 1.01878 0.82746
vt 1.00585 0.80155
vt 0.13126 0.69694
vt 0.13128 0.56298
vt 0.61587 0.00297
vt 0.70237 0.15709
vt 0.61586 0.15709
vt 0.70238 0.00297
vt 0.87334 0.82790
vt 0.78031 0.82790
vt 0.78031 0.74977
vt 0.87334 0.74977
vt 0.57768 0.14054
vt 0.56730 0.14054
vt 1.57768 0.14054
vt 1.56730 0.14054
vt 0.78031 0.72731
vt 0.87334 0.72731
vt 0.78031 0.85036
vt 0.87334 0.85036
vt 0.84718 0.09436
vt 0.80324 0.09537
vt 0.84884 0.08072
vt 0.79526 0.07852
vt 1.84884 0.08072
vt 1.80324 0.09537
vt 1.84718 0.09436
vt 1.79526 0.07852
vt 0.93613 0.39070
vt 0.93673 0.35786
vt 0.93807 0.39066
vt 0.93480 0.35791
vt 1.93479 0.35791
vt 1.93613 0.39070
vt 1.93673 0.35786
vt 1.93807 0.39066
vt 0.95932 0.18093
vt 0.91485 0.18093
vt 0.91523 0.13005
vt 0.95894 0.13004
vt 0.51620 0.20111
vt 0.51620 0.17512
vt 0.52408 0.20111
vt 0.52408 0.17512
vt 1.51620 0.17512
vt 1.52408 0.20111
vt 1.52408 0.17512
vt 1.51620 0.20111
vt 0.26704 0.00297
vt 0.29081 0.00297
vt 0.26704 0.02675
vt 0.29081 0.02674
vt 0.84884 0.06656
vt 0.79810 0.06960
vt 0.84808 0.04454
vt 0.79615 0.04765
vt 0.70237 0.24360
vt 0.61586 0.24360
vt 1.84808 0.04454
vt 1.79810 0.06960
vt 1.84884 0.06656
vt 1.79615 0.04765
vt 0.72630 0.42982
vt 0.77222 0.39510
vt 0.17026 0.67446
vt 0.20491 0.62848
vt 0.71054 0.00297
vt 0.72528 0.00297
vt 0.71054 0.02144
vt 0.72528 0.02144
vt 0.76656 0.77989
vt 0.72269 0.70014
vt 0.77907 0.69985
vt 0.72956 0.77976
vt 1.76656 0.77989
vt 1.77907 0.69985
vt 1.72269 0.70014
vt 1.72956 0.77976
vt 0.75539 0.34887
vt 0.76962 0.34887
vt 0.75539 0.36316
vt 0.76962 0.36316
vt 0.99074 0.36737
vt 0.99074 0.38685
vt 0.97964 0.36736
vt 0.97963 0.38685
vt 0.12785 0.41586
vt 0.12785 0.43343
vt 0.12253 0.41586
vt 0.12253 0.43343
vt 1.12253 0.41586
vt 1.12785 0.43343
vt 1.12785 0.41586
vt 1.12253 0.43343
vt 0.55302 0.13209
vt 0.55108 0.11698
vt 0.55302 0.11698
vt 0.55108 0.13209
vt 0.76532 0.19753
vt 0.76532 0.26247
vt 0.72271 0.26247
vt 0.72271 0.19754
vt 1.55108 0.11698
vt 1.55302 0.13209
vt 1.55302 0.11698
vt 1.55108 0.13209
vt 0.80091 0.00521
vt 0.83829 0.00297
vt 1.83829 0.00297
vt 1.80091 0.00521
vt 0.99250 0.39058
vt 0.99250 0.40928
vt 0.98462 0.39058
vt 0.98462 0.40928
vt 1.81142 0.17751
vt 1.84835 0.17531
vt 0.84835 0.17531
vt 0.81142 0.17751
vt 1.78235 0.67292
vt 1.71054 0.67292
vt 1.78235 0.64099
vt 1.71054 0.61445
vt 1.76626 0.60401
vt 0.78235 0.67292
vt 0.71054 0.67292
vt 0.78235 0.64099
vt 0.71054 0.61445
vt 0.76626 0.60401
vt 0.07561 0.88610
vt 0.12041 0.88610
vt 0.12332 0.93873
vt 0.07269 0.93873
vt 0.45258 0.78720
vt 0.47916 0.81829
vt 1.45258 0.78720
vt 1.47916 0.81829
vt 0.97963 0.34838
vt 0.99488 0.36363
vt 0.97964 0.36363
vt 0.99488 0.34838
vt 0.97963 0.34464
vt 0.97964 0.32939
vt 0.99488 0.32939
vt 0.99488 0.34464
vt 0.43148 0.84305
vt 0.47099 0.84396
vt 1.43148 0.84305
vt 1.47099 0.84396
vt 0.58596 0.32975
vt 0.60064 0.31508
vt 0.60064 0.32975
vt 0.58596 0.31507
vt 0.77749 0.19614
vt 0.77749 0.26107
vt 0.71054 0.26108
vt 0.71054 0.19614
vt 0.39756 0.90746
vt 0.35175 0.96032
vt 0.35215 0.90745
vt 0.39795 0.96033
vt 0.96105 0.32661
vt 0.91485 0.32661
vt 0.91524 0.27374
vt 0.96066 0.27374
vt 0.87803 0.60401
vt 0.79027 0.71692
vt 0.79027 0.60401
vt 0.87803 0.71692
vt 0.41594 0.00297
vt 0.28199 0.06134
vt 0.31183 0.00297
vt 0.28199 0.14474
vt 0.41594 0.23119
vt 0.38215 0.26499
vt 0.30161 0.26499
vt 0.27641 0.06134
vt 0.14246 0.00297
vt 0.24657 0.00297
vt 0.27641 0.14474
vt 0.14246 0.23119
vt 0.17626 0.26499
vt 0.25679 0.26499
vt 0.93478 0.77661
vt 0.97208 0.73548
vt 0.97436 0.77662
vt 0.93707 0.73548
vt 1.93707 0.73548
vt 1.93478 0.77661
vt 1.97208 0.73548
vt 1.97435 0.77662
vt 0.90569 0.27642
vt 0.85884 0.26278
vt 0.90400 0.26278
vt 0.85715 0.27643
vt 0.81466 0.46632
vt 0.71054 0.60027
vt 0.71054 0.46632
vt 0.81465 0.60027
vt 1.90569 0.27642
vt 1.85884 0.26278
vt 1.85715 0.27643
vt 1.90400 0.26278
vt 0.85885 0.08549
vt 0.90401 0.08549
vt 0.85716 0.10407
vt 0.90570 0.10407
vt 0.71406 0.81199
vt 0.71408 0.69908
vt 1.90401 0.08549
vt 1.85716 0.10407
vt 1.90570 0.10407
vt 1.85885 0.08549
vt 0.55370 0.37047
vt 0.52492 0.39924
vt 0.52492 0.37047
vt 0.55369 0.39924
vt 0.42152 0.02864
vt 0.43236 0.00763
vt 0.42630 0.02932
vt 0.42912 0.00293
vt 0.50995 0.88246
vt 0.53873 0.91123
vt 0.50995 0.91123
vt 0.53872 0.88246
vt 1.42630 0.02932
vt 1.43236 0.00763
vt 1.42152 0.02864
vt 1.42912 0.00293
vt 0.98726 0.62040
vt 0.95971 0.66432
vt 0.95970 0.62260
vt 0.98726 0.66652
vt 0.25707 0.83735
vt 0.28463 0.83514
vt 0.28464 0.88126
vt 0.25708 0.87906
vt 1.95970 0.62260
vt 1.98726 0.66652
vt 1.98726 0.62040
vt 1.95971 0.66432
vt 1.28463 0.83514
vt 1.25708 0.87906
vt 1.28464 0.88126
vt 1.25707 0.83735
vt 0.97722 0.42394
vt 0.94475 0.46143
vt 0.94502 0.42395
vt 0.97750 0.46142
vt 1.94503 0.42395
vt 1.97750 0.46142
vt 1.97722 0.42394
vt 1.94475 0.46143
vt 0.00293 0.27750
vt 0.11584 0.32670
vt 0.11584 0.39700
vt 0.09069 0.27750
vt 0.00293 0.46986
vt 0.03142 0.49835
vt 0.09930 0.49835
vt 0.51449 0.22914
vt 0.40158 0.34864
vt 0.40158 0.27834
vt 0.42674 0.22914
vt 0.51449 0.42151
vt 0.48601 0.44999
vt 0.41812 0.44999
vt 0.57275 0.06999
vt 0.56287 0.03606
vt 0.57948 0.05772
vt 0.54111 0.06152
vt 1.56287 0.03606
vt 1.57275 0.06999
vt 1.57948 0.05772
vt 1.54111 0.06152
vt 0.76874 0.90876
vt 0.69061 0.81572
vt 0.76874 0.81572
vt 0.69061 0.90876
vt 0.60589 0.81572
vt 0.68402 0.81572
vt 0.68402 0.90876
vt 0.60589 0.90876
vt 0.44207 0.01763
vt 0.45142 0.02844
vt 0.44665 0.02918
vt 0.44525 0.01290
vt 1.45142 0.02844
vt 1.44207 0.01763
vt 1.44665 0.02918
vt 1.44525 0.01290
vt 0.12751 0.86340
vt 0.14310 0.85181
vt 0.14762 0.86339
vt 0.13351 0.84171
vt 1.14310 0.85181
vt 1.12751 0.86340
vt 1.14762 0.86339
vt 1.13351 0.84171
vt 0.70238 0.45084
vt 0.70238 0.53734
vt 0.61587 0.53734
vt 0.61587 0.45083
vt 0.93672 0.41312
vt 0.93478 0.41317
vt 1.93672 0.41312
vt 1.93478 0.41317
vt 0.44435 0.06190
vt 0.44875 0.06658
vt 1.44875 0.06658
vt 1.44435 0.06190
vt 0.42493 0.06677
vt 0.42924 0.06202
vt 1.58653 0.02811
vt 1.59525 0.04989
vt 1.42924 0.06202
vt 1.42493 0.06677
vt 0.58653 0.02811
vt 0.59525 0.04989
vt 0.71297 0.40218
vt 0.74678 0.36223
vt 0.19792 0.68774
vt 0.23782 0.65387
vt 1.54567 0.09872
vt 1.57473 0.08487
vt 0.85657 0.29057
vt 0.90627 0.29056
vt 0.13414 0.45112
vt 0.11374 0.47153
vt 0.11374 0.45113
vt 0.13414 0.47152
vt 0.54567 0.09872
vt 0.57473 0.08487
vt 1.85657 0.29057
vt 1.90627 0.29056
vt 1.13414 0.45112
vt 1.11374 0.47153
vt 1.13414 0.47152
vt 1.11374 0.45113
vt 1.60288 0.02321
vt 1.61047 0.04215
vt 1.14513 0.89612
vt 1.13002 0.89612
vt 0.61047 0.04215
vt 0.60288 0.02321
vt 0.14513 0.89612
vt 0.13002 0.89612
vt 1.02855 0.80209
vt 1.05568 0.83798
vt 0.02855 0.80209
vt 0.05568 0.83798
vt 0.68562 0.33086
vt 0.73617 0.32944
vt 0.26929 0.71498
vt 0.27063 0.66444
vt 0.86052 0.18185
vt 0.90230 0.18184
vt 0.90779 0.31254
vt 0.85505 0.31255
vt 0.71054 0.03830
vt 0.78949 0.15707
vt 0.71054 0.19242
vt 0.78950 0.00295
vt 0.50601 0.06894
vt 0.49208 0.02109
vt 0.51551 0.05163
vt 0.46138 0.05700
vt 1.86052 0.18185
vt 1.90230 0.18184
vt 1.90779 0.31254
vt 1.85505 0.31255
vt 0.57065 0.75193
vt 0.41653 0.75193
vt 0.45189 0.67297
vt 0.60600 0.67297
vt 0.46219 0.56781
vt 0.41434 0.55387
vt 0.43165 0.54438
vt 0.42628 0.59850
vt 0.56444 0.88246
vt 0.59213 0.91015
vt 0.56444 0.91015
vt 0.59213 0.88246
vt 1.59006 0.18654
vt 1.59552 0.19914
vt 1.59992 0.19242
vt 1.58623 0.19360
vt 1.59406 0.17917
vt 1.60451 0.18540
vt 1.59779 0.17283
vt 1.61045 0.17555
vt 0.60451 0.18540
vt 0.59779 0.17283
vt 0.61045 0.17555
vt 0.59406 0.17917
vt 0.59992 0.19242
vt 0.59006 0.18654
vt 0.59552 0.19914
vt 0.58623 0.19360
vt 0.60024 0.11662
vt 0.58130 0.13088
vt 0.58691 0.09978
vt 0.56700 0.11882
vt 1.56700 0.11882
vt 1.58691 0.09978
vt 1.58130 0.13088
vt 1.60024 0.11662
vt 0.61037 0.16355
vt 0.59562 0.16523
vt 0.76826 0.31221
vt 0.76826 0.34513
vt 0.76037 0.34513
vt 0.76037 0.31221
vt 1.61037 0.16355
vt 1.59562 0.16523
vt 1.76826 0.31221
vt 1.76037 0.34513
vt 1.76826 0.34513
vt 1.76037 0.31221
vt 1.59336 0.15463
vt 1.61018 0.15271
vt 0.61018 0.15271
vt 0.59090 0.14300
vt 0.60950 0.13681
vt 0.59336 0.15463
vt 1.59090 0.14300
vt 1.60950 0.13681
vt 0.43559 0.78877
vt 0.41892 0.80059
vt 0.41843 0.78877
vt 0.43510 0.80059
vt 0.43464 0.81191
vt 0.41938 0.81191
vt 0.97654 0.28839
vt 0.99370 0.28839
vt 0.99321 0.30021
vt 0.97702 0.30021
vt 0.97749 0.31153
vt 0.99274 0.31153
vt 0.92829 0.00297
vt 0.94716 0.01362
vt 0.92700 0.01362
vt 0.94587 0.00297
vt 0.92559 0.02826
vt 0.94857 0.02826
vt 0.92378 0.04431
vt 0.95039 0.04431
vt 0.46781 0.10948
vt 0.50881 0.08994
vt 0.37380 0.59207
vt 0.39335 0.55107
vt 0.43614 0.77254
vt 0.41788 0.77254
vt 0.52545 0.00987
vt 0.53775 0.04059
vt 0.99425 0.27217
vt 0.97599 0.27217
vt 0.47342 0.53444
vt 0.44269 0.52213
vt 0.54852 0.00296
vt 0.55922 0.02967
vt 0.48033 0.51137
vt 0.45362 0.50067
vt 0.59927 0.85626
vt 0.50623 0.87872
vt 0.50623 0.85626
vt 0.59927 0.87872
vt 0.50623 0.75566
vt 0.59927 0.75566
vt 0.59927 0.77813
vt 0.50623 0.77813
vt 0.98994 0.41302
vt 0.98994 0.43527
vt 0.98462 0.43527
vt 0.98462 0.41302
vt 1.98994 0.41302
vt 1.98462 0.43527
vt 1.98994 0.43527
vt 1.98462 0.41302
vt 0.71328 0.91249
vt 0.67068 0.97658
vt 0.67517 0.91475
vt 0.72376 0.97658
vt 0.46970 0.85318
vt 0.44692 0.88124
vt 1.46971 0.85318
vt 1.44693 0.88124
vt 0.41273 0.94256
vt 0.42171 0.94220
vt 0.41824 0.94737
vt 0.40703 0.94753
vt 0.98719 0.55443
vt 0.95732 0.53532
vt 0.98486 0.53532
vt 0.95499 0.55443
vt 1.98719 0.55443
vt 1.95732 0.53532
vt 1.95499 0.55443
vt 1.98486 0.53532
vt 0.95924 0.51393
vt 0.98294 0.51393
vt 0.55072 0.25038
vt 0.57327 0.27978
vt 0.56414 0.29643
vt 0.52118 0.28495
vt 1.95924 0.51393
vt 1.98294 0.51393
vt 0.28414 0.59099
vt 0.23808 0.57757
vt 0.25474 0.56844
vt 0.24957 0.62053
vt 0.54468 0.10759
vt 0.54460 0.11336
vt 0.54184 0.10759
vt 0.54111 0.11336
vt 0.46836 0.88890
vt 0.46843 0.95089
vt 0.46281 0.94536
vt 0.46270 0.89376
vt 0.42224 0.08204
vt 0.42500 0.07627
vt 0.42508 0.08204
vt 0.42152 0.07627
vt 0.54479 0.13472
vt 0.51808 0.15483
vt 0.52598 0.11097
vt 0.49790 0.13782
vt 0.37232 0.53390
vt 0.32845 0.54180
vt 0.34857 0.51509
vt 0.34546 0.56197
vt 0.55908 0.20092
vt 0.53509 0.18834
vt 0.55881 0.18564
vt 0.53827 0.20329
vt 0.54133 0.21401
vt 0.55919 0.21785
vt 0.53162 0.17193
vt 0.55785 0.16320
vt 0.29494 0.52478
vt 0.28237 0.50079
vt 0.29765 0.50106
vt 0.27999 0.52160
vt 0.26927 0.51854
vt 0.26544 0.50068
vt 0.32008 0.50202
vt 0.31136 0.52825
vt 0.74542 0.18276
vt 0.75624 0.19356
vt 0.74542 0.19357
vt 0.75623 0.18275
vt 1.74542 0.18276
vt 1.74542 0.19357
vt 1.75624 0.19356
vt 1.75623 0.18275
vt 0.94516 0.78035
vt 0.98319 0.78269
vt 0.98326 0.84121
vt 0.93478 0.84445
vt 0.55081 0.23175
vt 0.53607 0.22295
vt 0.49519 0.88589
vt 0.48456 0.85964
vt 0.49929 0.86566
vt 0.47936 0.88556
vt 0.95317 0.06512
vt 0.92099 0.06512
vt 0.25154 0.50906
vt 0.26033 0.52380
vt 0.24164 0.51553
vt 0.24993 0.52943
vt 0.23997 0.53483
vt 0.23216 0.52173
vt 0.54433 0.24165
vt 0.53043 0.23335
vt 0.52503 0.24331
vt 0.53813 0.25113
vt 1.49929 0.86566
vt 1.48456 0.85964
vt 1.49519 0.88589
vt 1.47936 0.88556
vt 0.90780 0.35526
vt 0.85506 0.35526
vt 1.90780 0.35526
vt 1.85506 0.35526
vt 0.54468 0.11913
vt 0.54184 0.11913
vt 0.42225 0.07051
vt 0.42508 0.07051
vt 0.19906 0.61434
vt 0.21787 0.57488
vt 0.52738 0.33546
vt 0.56683 0.31664
vt 0.58283 0.23957
vt 0.59468 0.26915
vt 0.29494 0.55888
vt 0.26537 0.54703
vt 0.25305 0.92408
vt 0.21091 0.89713
vt 0.24977 0.89713
vt 0.20763 0.92408
vt 0.15282 0.92409
vt 0.19494 0.89713
vt 0.19823 0.92408
vt 0.15609 0.89713
vt 0.40626 0.84124
vt 0.42453 0.84124
vt 0.40492 0.85231
vt 0.42587 0.85230
vt 0.16708 0.94900
vt 0.18669 0.96007
vt 0.16574 0.96007
vt 0.18535 0.94900
vt 0.24706 0.86696
vt 0.21362 0.86696
vt 0.95578 0.09038
vt 0.91838 0.09038
vt 0.45309 0.94230
vt 0.45354 0.89360
vt 0.15880 0.86696
vt 0.19223 0.86696
vt 0.99223 0.15438
vt 0.96469 0.20016
vt 0.96468 0.15209
vt 0.99224 0.19787
vt 1.99223 0.15438
vt 1.96469 0.20016
vt 1.99224 0.19787
vt 1.96468 0.15209
vt 0.60504 0.23292
vt 0.61534 0.25862
vt 0.30160 0.53667
vt 0.27589 0.52637
vt 0.42734 0.86751
vt 0.40346 0.86752
vt 0.42923 0.88419
vt 0.40158 0.88420
vt 0.81743 0.19696
vt 0.80561 0.18858
vt 0.81778 0.18858
vt 0.80596 0.19696
vt 0.80629 0.20499
vt 0.81710 0.20499
vt 0.18816 0.97528
vt 0.16428 0.97528
vt 0.16239 0.99196
vt 0.19004 0.99196
vt 1.81778 0.18858
vt 1.80561 0.18858
vt 1.80596 0.19696
vt 1.81743 0.19696
vt 1.81710 0.20499
vt 1.80629 0.20499
vt 0.81817 0.18124
vt 0.80522 0.18124
vt 1.80522 0.18124
vt 1.81817 0.18124
vt 0.46268 0.65213
vt 0.41484 0.63814
vt 0.43216 0.62867
vt 0.42673 0.68278
vt 0.63643 0.26570
vt 0.65999 0.29614
vt 0.65057 0.31349
vt 0.60589 0.30174
vt 0.36105 0.81838
vt 0.38869 0.81838
vt 0.35815 0.83999
vt 0.39159 0.84000
vt 0.92412 0.18467
vt 0.95466 0.20628
vt 0.92123 0.20628
vt 0.95177 0.18467
vt 0.95265 0.34898
vt 0.97092 0.36080
vt 0.95132 0.36080
vt 0.96958 0.34898
vt 0.96854 0.33820
vt 0.95369 0.33820
vt 1.97092 0.36080
vt 1.95265 0.34898
vt 1.95132 0.36080
vt 1.96958 0.34898
vt 1.96854 0.33820
vt 1.95369 0.33820
vt 0.85658 0.11341
vt 0.90628 0.11341
vt 0.85506 0.13539
vt 0.90780 0.13539
vt 0.41237 0.89345
vt 0.42155 0.89330
vt 0.98089 0.49180
vt 0.96129 0.49181
vt 1.90628 0.11341
vt 1.85658 0.11341
vt 1.85505 0.13539
vt 1.90780 0.13539
vt 1.98089 0.49180
vt 1.96129 0.49181
vt 0.95464 0.33035
vt 0.96759 0.33035
vt 1.96759 0.33035
vt 1.95464 0.33035
vt 0.86054 0.00297
vt 0.90232 0.00297
vt 1.86054 0.00297
vt 1.90232 0.00297
vt 0.40657 0.88861
vt 0.35544 0.86624
vt 0.39429 0.86625
vt 0.09845 0.54356
vt 0.09476 0.52638
vt 0.11106 0.52648
vt 0.10877 0.54651
vt 0.91852 0.23254
vt 0.95737 0.23253
vt 0.59815 0.43606
vt 0.61524 0.42345
vt 0.61534 0.43975
vt 0.59521 0.42574
vt 0.61498 0.40874
vt 0.59214 0.41136
vt 0.57600 0.31134
vt 0.59977 0.28756
vt 0.59977 0.31133
vt 0.57600 0.28756
vt 0.12577 0.52674
vt 0.12316 0.54958
vt 0.93863 0.33035
vt 0.93862 0.35412
vt 0.91485 0.33035
vt 0.91485 0.35412
vt 0.58880 0.39555
vt 0.61405 0.38715
vt 0.13896 0.55292
vt 0.14736 0.52766
vt 0.41653 0.75566
vt 0.43748 0.75566
vt 0.21652 0.83575
vt 0.24416 0.83575
vt 0.56656 0.21014
vt 0.58308 0.21014
vt 0.58261 0.22152
vt 0.56703 0.22152
vt 0.56748 0.23241
vt 0.58216 0.23241
vt 0.55634 0.36273
vt 0.58336 0.33688
vt 0.99560 0.25529
vt 0.97465 0.25529
vt 0.18933 0.83575
vt 0.16169 0.83575
vt 0.19763 0.55835
vt 0.15541 0.56595
vt 0.17477 0.54024
vt 0.17178 0.58537
vt 0.57576 0.37910
vt 0.60147 0.35974
vt 0.47220 0.96984
vt 0.44978 0.95462
vt 0.47073 0.95463
vt 0.44832 0.96984
vt 0.60728 0.45313
vt 0.59309 0.44466
vt 0.60105 0.46266
vt 0.58767 0.45468
vt 0.58247 0.46426
vt 0.59508 0.47178
vt 0.41343 0.96648
vt 0.43584 0.95126
vt 0.43731 0.96647
vt 0.41489 0.95127
vt 0.08985 0.54862
vt 0.07185 0.54067
vt 0.08138 0.53444
vt 0.07984 0.55405
vt 0.07025 0.55925
vt 0.06273 0.54664
vt 0.44643 0.99221
vt 0.47408 0.99221
vt 0.43920 0.98885
vt 0.41155 0.98885
vt 0.28039 0.91686
vt 0.26434 0.92823
vt 0.26387 0.91685
vt 0.27992 0.92823
vt 0.27947 0.93913
vt 0.26479 0.93912
vt 0.58361 0.20017
vt 0.56603 0.20017
vt 0.60941 0.01770
vt 0.59095 0.00297
vt 0.60941 0.00297
vt 0.59095 0.01771
vt 0.45923 0.02895
vt 0.46030 0.04596
vt 0.45640 0.04596
vt 0.45640 0.02895
vt 0.59095 0.20287
vt 0.60568 0.20287
vt 0.59095 0.22134
vt 0.60568 0.22134
vt 0.90987 0.03270
vt 0.91270 0.04970
vt 0.90987 0.04970
vt 0.91377 0.03269
vt 0.46561 0.19430
vt 0.42506 0.16836
vt 0.46246 0.16836
vt 0.42190 0.19430
vt 0.61255 0.35419
vt 0.65346 0.33447
vt 0.37426 0.67629
vt 0.39385 0.63532
vt 0.66975 0.25433
vt 0.68219 0.28501
vt 0.44323 0.60643
vt 0.47394 0.61878
vt 0.26334 0.90124
vt 0.28092 0.90124
vt 0.05015 0.79168
vt 0.08137 0.81811
vt 0.45985 0.13932
vt 0.42767 0.13931
vt 1.05015 0.79168
vt 1.08137 0.81811
vt 0.12253 0.39783
vt 0.13675 0.39783
vt 0.12253 0.41213
vt 0.13675 0.41213
vt 0.57534 0.40369
vt 0.56105 0.38947
vt 0.57534 0.38947
vt 0.56105 0.40370
vt 0.69280 0.24732
vt 0.70361 0.27399
vt 0.48088 0.59571
vt 0.45418 0.58498
vt 0.73047 0.00297
vt 0.74996 0.00297
vt 0.73048 0.01408
vt 0.74996 0.01407
vt 0.13363 0.35139
vt 0.13363 0.37088
vt 0.12253 0.35139
vt 0.12253 0.37087
vt 0.10590 0.77031
vt 0.10700 0.80982
vt 1.10590 0.77031
vt 1.10700 0.80982
vt 0.48132 0.01085
vt 0.50001 0.00297
vt 0.50001 0.01085
vt 0.48132 0.00297
vt 0.74542 0.31874
vt 0.75330 0.33744
vt 0.74542 0.33744
vt 0.75331 0.31875
vt 0.73446 0.31766
vt 0.70514 0.28189
vt 0.28241 0.66612
vt 0.31822 0.69539
vt 0.66301 0.39933
vt 0.67072 0.35543
vt 0.68964 0.37910
vt 0.64276 0.38241
vt 0.37284 0.61812
vt 0.32896 0.62597
vt 0.34911 0.59928
vt 0.34595 0.64617
vt 0.10967 0.94412
vt 0.12486 0.94579
vt 0.11999 0.96917
vt 0.10539 0.96463
vt 0.09500 0.96060
vt 0.09281 0.94246
vt 0.13602 0.97412
vt 0.14711 0.94880
vt 0.43160 0.49114
vt 0.40656 0.48082
vt 0.42993 0.47595
vt 0.41109 0.49541
vt 0.41512 0.50581
vt 0.43326 0.50799
vt 0.40160 0.46479
vt 0.42692 0.45370
vt 0.31189 0.61241
vt 0.32064 0.58618
vt 0.67663 0.41636
vt 0.70282 0.40753
vt 0.96262 0.47595
vt 0.97955 0.47594
vt 1.96262 0.47595
vt 1.97955 0.47594
vt 0.97851 0.46516
vt 0.96366 0.46516
vt 0.53603 0.05501
vt 0.52213 0.06698
vt 0.52118 0.05501
vt 0.53508 0.06698
vt 0.07820 0.94953
vt 0.08561 0.96502
vt 0.42619 0.52260
vt 0.41071 0.51519
vt 1.97851 0.46516
vt 1.96366 0.46516
vt 1.53603 0.05501
vt 1.52118 0.05501
vt 1.52213 0.06698
vt 1.53508 0.06698
vt 0.06775 0.95508
vt 0.07474 0.96968
vt 0.06433 0.97414
vt 0.05774 0.96038
vt 0.42065 0.53305
vt 0.40605 0.52607
vt 0.40158 0.53648
vt 0.41534 0.54306
vt 0.53469 0.07848
vt 0.52287 0.08686
vt 0.52252 0.07848
vt 0.53434 0.08686
vt 0.52320 0.09488
vt 0.53401 0.09488
vt 1.53469 0.07848
vt 1.52252 0.07848
vt 1.52287 0.08686
vt 1.53434 0.08686
vt 1.53401 0.09488
vt 1.52320 0.09488
vt 0.97297 0.37612
vt 0.94927 0.37612
vt 1.94927 0.37612
vt 1.97297 0.37612
vt 0.45707 0.10928
vt 0.43046 0.10928
vt 0.85505 0.17810
vt 0.90779 0.17811
vt 0.34315 0.86650
vt 0.30167 0.81838
vt 0.33345 0.81838
vt 0.29195 0.86649
vt 1.85505 0.17810
vt 1.90779 0.17811
vt 0.32389 0.65392
vt 0.29851 0.62833
vt 0.32438 0.63366
vt 0.29074 0.64715
vt 0.77224 0.30151
vt 0.74661 0.27616
vt 0.76687 0.27564
vt 0.75342 0.30930
vt 0.16600 0.74824
vt 0.13208 0.73836
vt 0.14435 0.73163
vt 0.14055 0.77000
vt 1.13208 0.73836
vt 1.14055 0.77000
vt 1.16600 0.74824
vt 1.14435 0.73163
vt 0.82980 0.59128
vt 0.84616 0.56769
vt 0.84614 0.59736
vt 0.82017 0.57496
vt 1.84616 0.56769
vt 1.82980 0.59128
vt 1.84614 0.59736
vt 1.82017 0.57496
vt 0.96469 0.09656
vt 0.99223 0.05078
vt 0.99224 0.09426
vt 0.96468 0.04848
vt 1.96469 0.09656
vt 1.99223 0.05078
vt 1.96468 0.04848
vt 1.99224 0.09426
vt 0.13539 0.31473
vt 0.12751 0.34766
vt 0.12751 0.31473
vt 0.13539 0.34766
vt 0.94735 0.39473
vt 0.97489 0.39473
vt 1.97489 0.39473
vt 1.94735 0.39473
vt 1.13539 0.34766
vt 1.13539 0.31473
vt 1.12751 0.34766
vt 1.12751 0.31473
vt 0.28222 0.88500
vt 0.26206 0.88499
vt 0.45526 0.08775
vt 0.43369 0.07310
vt 0.45386 0.07311
vt 0.43228 0.08774
vt 0.21932 0.50070
vt 0.21932 0.54071
vt 1.21932 0.50070
vt 1.21932 0.54071
vt 0.39601 0.49694
vt 0.26206 0.26872
vt 0.39601 0.26872
vt 0.26206 0.49694
vt 0.66105 0.41271
vt 0.66105 0.43495
vt 0.65573 0.43495
vt 0.65573 0.41271
vt 1.66105 0.43495
vt 1.66105 0.41271
vt 1.65573 0.43495
vt 1.65573 0.41271
vt 0.13477 0.29968
vt 0.11809 0.28786
vt 0.13526 0.28786
vt 0.11858 0.29968
vt 0.11905 0.31100
vt 0.13430 0.31100
vt 0.15218 0.71586
vt 0.17396 0.72459
vt 0.59198 0.08040
vt 0.60866 0.06858
vt 0.60817 0.08040
vt 0.59150 0.06858
vt 0.60770 0.09172
vt 0.59245 0.09172
vt 1.17396 0.72459
vt 1.15218 0.71586
vt 0.87376 0.48670
vt 0.82816 0.47204
vt 0.87210 0.47305
vt 0.82017 0.48890
vt 1.82816 0.47204
vt 1.87376 0.48670
vt 1.87210 0.47305
vt 1.82017 0.48890
vt 0.10334 0.76544
vt 0.11720 0.73638
vt 1.10335 0.76544
vt 1.11720 0.73638
vt 0.11754 0.27750
vt 0.13581 0.27750
vt 0.15993 0.70065
vt 0.17886 0.70823
vt 0.59095 0.05822
vt 0.60921 0.05822
vt 1.15993 0.70065
vt 1.17886 0.70823
vt 0.85007 0.01997
vt 0.85290 0.00297
vt 0.85397 0.01997
vt 0.85007 0.00297
vt 0.27984 0.04748
vt 0.27700 0.03048
vt 0.28091 0.03048
vt 0.27700 0.04748
vt 0.87300 0.52287
vt 0.82302 0.49782
vt 0.87376 0.50085
vt 0.82107 0.51976
vt 1.82302 0.49782
vt 1.87300 0.52287
vt 1.87376 0.50085
vt 1.82107 0.51976
vt 0.78747 0.29004
vt 0.83134 0.21029
vt 0.84385 0.29034
vt 0.79435 0.21043
vt 1.83134 0.21029
vt 1.78747 0.29004
vt 1.84385 0.29034
vt 1.79435 0.21043
vt 0.70237 0.69146
vt 0.61586 0.69146
vt 0.02924 0.71332
vt 0.01667 0.70660
vt 0.02652 0.70066
vt 0.02290 0.71705
vt 0.00965 0.71119
vt 0.01553 0.72104
vt 0.00293 0.71559
vt 0.00847 0.72487
vt 0.10229 0.72421
vt 0.07119 0.72981
vt 0.08545 0.71087
vt 0.08325 0.74411
vt 1.02290 0.71705
vt 1.01667 0.70660
vt 1.00965 0.71119
vt 1.01553 0.72104
vt 1.00293 0.71559
vt 1.00847 0.72487
vt 1.10229 0.72421
vt 1.07119 0.72981
vt 1.08325 0.74411
vt 1.08545 0.71087
vt 0.03853 0.70074
vt 0.03684 0.71549
vt 0.95472 0.56944
vt 0.98747 0.56944
vt 1.02924 0.71332
vt 1.02652 0.70066
vt 1.95472 0.56944
vt 1.98747 0.56944
vt 0.04936 0.70093
vt 0.06526 0.70161
vt 0.05908 0.72021
vt 0.04744 0.71775
vt 1.03853 0.70074
vt 1.03684 0.71549
vt 1.04936 0.70093
vt 1.05908 0.72021
vt 1.06526 0.70161
vt 1.04744 0.71775
vt 0.05153 0.50208
vt 0.05154 0.55877
vt 0.00293 0.55877
vt 0.00293 0.50209
vt 1.00293 0.50209
vt 1.00293 0.55877
vt 1.05153 0.50208
vt 1.05154 0.55877
vt 0.25344 0.94526
vt 0.20724 0.94526
vt 0.15242 0.94526
vt 0.19862 0.94526
vt 0.82583 0.56221
vt 0.86321 0.56445
vt 1.86321 0.56445
vt 1.82583 0.56221
vt 0.83634 0.38991
vt 0.87326 0.39211
vt 1.83633 0.38991
vt 1.87326 0.39211
vt 0.84713 0.31727
vt 0.77532 0.31727
vt 0.84713 0.34919
vt 0.77532 0.37573
vt 0.83104 0.38618
vt 1.84713 0.31727
vt 1.77532 0.31727
vt 1.84713 0.34919
vt 1.77532 0.37573
vt 1.83104 0.38618
vt 0.91452 0.06639
vt 0.90987 0.06029
vt 0.91452 0.06029
vt 0.91060 0.06715
vt 0.91450 0.06715
vt 0.58563 0.06850
vt 0.58171 0.06774
vt 0.58561 0.06774
vt 0.58098 0.07460
vt 0.58563 0.07460
vt 0.11621 0.80849
vt 0.14417 0.78558
vt 1.11621 0.80849
vt 1.14417 0.78558
vt 0.59921 0.47550
vt 0.59921 0.66786
vt 0.48630 0.66786
vt 0.48630 0.47550
vt 0.45626 0.94762
vt 0.88428 0.59448
vt 0.88430 0.57064
vt 1.88428 0.59448
vt 1.88430 0.57064
vt 0.35357 0.68214
vt 0.32684 0.69134
vt 0.32684 0.68371
vt 0.35356 0.69506
vt 1.35357 0.68214
vt 1.32684 0.68371
vt 1.32684 0.69134
vt 1.35356 0.69506
vt 0.14904 0.83382
vt 0.12274 0.82331
vt 0.14864 0.81799
vt 0.12883 0.83801
vt 1.14904 0.83382
vt 1.12274 0.82331
vt 1.12883 0.83801
vt 1.14864 0.81799
vt 0.91452 0.05419
vt 0.91060 0.05343
vt 0.91450 0.05343
vt 0.58563 0.08070
vt 0.58171 0.08145
vt 0.58561 0.08145
vt 0.42152 0.21468
vt 0.46598 0.21469
vt 0.16504 0.63169
vt 0.13748 0.58778
vt 0.16503 0.58997
vt 0.13748 0.63389
vt 0.64840 0.39722
vt 0.62085 0.44114
vt 0.62084 0.39502
vt 0.64841 0.43894
vt 1.16503 0.58997
vt 1.13748 0.58778
vt 1.16504 0.63169
vt 1.13748 0.63389
vt 1.62085 0.44114
vt 1.64840 0.39722
vt 1.62084 0.39502
vt 1.64841 0.43894
vt 0.39095 0.70475
vt 0.29694 0.72063
vt 0.31282 0.70475
vt 0.40683 0.72063
vt 0.29694 0.79876
vt 0.40683 0.79876
vt 0.39095 0.81464
vt 0.31282 0.81464
vt 0.76792 0.91250
vt 0.76792 0.96524
vt 0.73047 0.96524
vt 0.73047 0.91250
vt 1.73047 0.91250
vt 1.76792 0.96524
vt 1.76792 0.91250
vt 1.73047 0.96524
vt 0.91775 0.02896
vt 0.90987 0.00297
vt 0.91775 0.00297
vt 0.90987 0.02896
vt 1.91775 0.00297
vt 1.90987 0.02896
vt 1.91775 0.02896
vt 1.90987 0.00297
vt 0.70590 0.43126
vt 0.70058 0.41369
vt 0.70590 0.41369
vt 0.70058 0.43126
vt 1.70590 0.43126
vt 1.70057 0.41369
vt 1.70057 0.43126
vt 1.70590 0.41369
vt 0.82516 0.20449
vt 0.84893 0.18072
vt 0.84893 0.20449
vt 0.82515 0.18072
vt 0.46636 0.14913
vt 0.48110 0.13067
vt 0.48110 0.14913
vt 0.46637 0.13066
vt 0.52118 0.36646
vt 0.53540 0.35217
vt 0.53541 0.36646
vt 0.52118 0.35217
vt 0.12253 0.37461
vt 0.13363 0.39409
vt 0.12253 0.39409
vt 0.13363 0.37461
vt 0.57101 0.40743
vt 0.57889 0.42613
vt 0.57101 0.42613
vt 0.57889 0.40743
vt 0.99350 0.32565
vt 0.96967 0.31527
vt 0.99350 0.31527
vt 0.96967 0.32565
vt 1.96967 0.31527
vt 1.99351 0.32565
vt 1.99350 0.31527
vt 1.96967 0.32565
vt 0.55855 0.44792
vt 0.51620 0.46728
vt 0.52005 0.44792
vt 0.56240 0.46728
vt 0.50510 0.95991
vt 0.54745 0.97926
vt 0.50125 0.97927
vt 0.54359 0.95990
vt 0.11030 0.50604
vt 0.14033 0.51975
vt 0.10758 0.51976
vt 0.13759 0.50603
vt 1.11030 0.50604
vt 1.14033 0.51975
vt 1.13759 0.50603
vt 1.10758 0.51976
vt 0.39180 0.68342
vt 0.39180 0.69380
vt 1.39180 0.68342
vt 1.39180 0.69380
vt 0.87997 0.43994
vt 0.92515 0.35899
vt 0.92857 0.43994
vt 0.88338 0.35900
vt 1.87997 0.43994
vt 1.92515 0.35899
vt 1.88338 0.35900
vt 1.92857 0.43994
vt 0.77967 0.26750
vt 0.74683 0.26815
vt 0.74687 0.26621
vt 0.77962 0.26944
vt 1.77967 0.26750
vt 1.74683 0.26815
vt 1.77962 0.26944
vt 1.74687 0.26621
vt 0.92858 0.46706
vt 0.87997 0.46707
vt 1.87997 0.46707
vt 1.92858 0.46706
vt 0.48024 0.15702
vt 0.50666 0.15702
vt 0.55977 0.95700
vt 0.60053 0.97563
vt 0.55606 0.97564
vt 0.59682 0.95700
vt 0.92858 0.49899
vt 0.87998 0.49899
vt 1.92858 0.49899
vt 1.87997 0.49899
vt 0.30405 0.95759
vt 0.30405 0.97823
vt 1.30405 0.95759
vt 1.30405 0.97823
vt 0.55585 0.42323
vt 0.52275 0.42323
vt 0.50779 0.93522
vt 0.54089 0.93522
vt 0.11482 0.84461
vt 0.08119 0.84461
vt 0.13568 0.48853
vt 0.11221 0.48853
vt 1.11221 0.48853
vt 1.13568 0.48853
vt 0.08480 0.82467
vt 0.11121 0.82467
vt 0.56236 0.93324
vt 0.59422 0.93324
vt 0.81759 0.45803
vt 0.78065 0.44904
vt 0.81999 0.44904
vt 0.78306 0.45803
vt 0.29237 0.94235
vt 0.34271 0.94236
vt 0.33963 0.95386
vt 0.29545 0.95385
vt 1.81759 0.45803
vt 1.78065 0.44904
vt 1.78306 0.45803
vt 1.81999 0.44904
vt 0.94144 0.70305
vt 0.96772 0.70305
vt 1.94144 0.70305
vt 1.96773 0.70305
vt 0.92858 0.53932
vt 0.87998 0.53933
vt 0.73440 0.26834
vt 0.73444 0.26640
vt 0.26704 0.24033
vt 0.29081 0.24033
vt 0.26704 0.26410
vt 0.29081 0.26410
vt 1.87998 0.53933
vt 1.92858 0.53932
vt 1.73440 0.26834
vt 1.73444 0.26640
vt 0.99223 0.20619
vt 0.96469 0.25197
vt 0.96468 0.20390
vt 0.99224 0.24967
vt 1.99224 0.24967
vt 1.96468 0.20390
vt 1.96469 0.25197
vt 1.99223 0.20619
vt 0.94426 0.68747
vt 0.96491 0.68747
vt 1.94426 0.68747
vt 1.96491 0.68747
vt 0.72055 0.26749
vt 0.72051 0.26943
vt 1.72055 0.26749
vt 1.72051 0.26943
vt 0.29472 0.90796
vt 0.34038 0.90797
vt 0.78248 0.42217
vt 0.81816 0.42216
vt 1.78248 0.42217
vt 1.81816 0.42216
vt 0.78031 0.38976
vt 0.82032 0.38975
vt 1.78031 0.38976
vt 1.82032 0.38975
vt 0.99644 0.57318
vt 0.99644 0.61666
vt 0.95472 0.61666
vt 0.95472 0.57318
vt 0.00293 0.94939
vt 0.04465 0.99287
vt 0.00293 0.99287
vt 0.04465 0.94939
vt 1.95472 0.57318
vt 1.99644 0.61666
vt 1.99644 0.57318
vt 1.95472 0.61666
vt 1.00293 0.99287
vt 1.04465 0.94939
vt 1.00293 0.94939
vt 1.04465 0.99287
vn 0.9606 -0.2677 0.0000
vn 0.9291 -0.2677 0.2598
vn 0.9291 -0.2677 -0.2598
vn 0.0000 -1.0000 0.0000
vn 0.9528 0.3150 0.0000
vn -0.3937 0.9213 0.0000
vn 0.9134 0.3150 0.2520
vn 0.9134 0.3150 -0.2520
vn 0.9213 0.3937 0.0000
vn 0.9134 -0.4094 0.0000
vn 0.8898 0.3937 0.2441
vn 0.8898 0.3937 -0.2441
vn 1.0000 0.0000 0.0000
vn 0.1654 -0.9843 0.0000
vn -1.0000 0.0000 0.0000
vn 1.0000 -0.0866 0.0000
vn -1.0000 -0.0630 0.0000
vn 0.8583 0.5118 0.0000
vn 0.1575 -0.9843 0.0472
vn 0.1575 -0.9843 -0.0472
vn 0.6299 -0.2047 -0.7480
vn 0.6299 -0.2047 0.7480
vn 0.8268 0.5118 0.2283
vn 0.8268 0.5118 -0.2283
vn -0.7008 0.7087 0.0000
vn -0.6772 0.7323 0.0000
vn -0.4094 0.9134 0.0394
vn -0.4094 0.9134 -0.0394
vn 0.1575 -0.9843 0.0000
vn -0.1968 0.9764 0.0000
vn 0.4094 -0.2047 -0.8898
vn 0.4094 -0.2047 0.8898
vn 1.0000 0.0787 0.0000
vn -0.8661 0.4961 -0.0866
vn -0.8661 0.4961 0.0866
vn -0.4567 -0.8898 0.0000
vn 0.3622 -0.9213 0.1024
vn 0.3622 -0.9213 -0.1024
vn 0.3386 -0.9370 0.0945
vn 0.3386 -0.9370 -0.0945
vn 0.3780 -0.9213 0.0000
vn 0.3543 -0.9370 0.0000
vn 0.4488 -0.1181 -0.8819
vn 0.4488 -0.1181 0.8819
vn 0.1496 -0.2047 0.9685
vn 0.1496 -0.2047 -0.9685
vn 0.7087 0.7087 0.0000
vn -0.5906 -0.8032 0.0000
vn -0.8110 -0.5827 0.0000
vn 0.0000 1.0000 0.0000
vn -0.9843 0.0709 -0.1575
vn -0.9843 0.0709 0.1575
vn 0.0000 0.7087 -0.7087
vn 0.0000 0.7087 0.7087
vn 0.0079 -0.1102 0.9921
vn 0.0079 -0.1102 -0.9921
vn -0.9685 0.2205 -0.1339
vn -0.9685 0.2205 0.1339
vn 0.6535 0.7559 0.0000
vn 0.5906 0.8110 0.0000
vn 0.6299 0.7559 0.1732
vn 0.6299 0.7559 -0.1732
vn -0.9213 -0.3937 0.0000
vn 0.0000 -0.0709 1.0000
vn 0.1968 -0.9764 0.0000
vn 0.0000 -0.0709 -1.0000
vn 0.1968 -0.1181 0.9764
vn 0.1968 -0.1181 -0.9764
vn 0.0000 -0.0472 1.0000
vn 0.0000 -0.0394 1.0000
vn 0.0000 -0.0472 -1.0000
vn 0.0000 -0.0394 -1.0000
vn 0.1260 0.9764 0.1575
vn -0.1654 0.9843 0.0000
vn 0.1260 0.9764 -0.1575
vn 0.0000 0.0000 1.0000
vn 0.0000 0.0000 -1.0000
vn 0.0000 -0.0236 -1.0000
vn 0.0000 -0.0236 1.0000
vn 0.4016 0.9134 0.0000
vn 0.3858 0.0472 -0.9213
vn 0.3858 0.0472 0.9213
vn 1.0000 0.0315 0.0000
vn 0.3386 -0.0630 -0.9370
vn 0.3386 -0.0630 0.9370
vn -0.1181 0.7008 0.7008
vn -0.1181 0.7008 -0.7008
vn 0.3858 0.9134 0.1102
vn 0.3858 0.9134 -0.1102
vn -0.9843 -0.1811 0.0000
vn 0.9291 -0.3780 0.0000
vn -0.7717 -0.6378 0.0000
vn -0.1811 -0.0630 0.9843
vn -0.1811 -0.0630 -0.9843
vn 0.0000 0.0866 1.0000
vn 0.0000 0.0866 -1.0000
vn -0.1181 -0.0079 0.9921
vn -0.1181 -0.0079 -0.9921
vn -0.1654 -0.0945 0.9843
vn -0.1654 -0.0945 -0.9843
vn -0.1339 -0.0709 0.9921
vn -0.1339 -0.0709 -0.9921
vn -0.9764 -0.1181 -0.1890
vn -0.9764 -0.1181 0.1890
vn -0.1732 -0.1496 0.9764
vn -0.1732 -0.1496 -0.9764
vn -0.0787 -0.0472 -0.9921
vn -0.0787 -0.0472 0.9921
vn 0.1260 0.0472 0.9921
vn -0.1654 -0.1575 0.9764
vn 0.1260 0.0472 -0.9921
vn -0.1654 -0.1575 -0.9764
vn 0.0079 -0.0079 -1.0000
vn 0.0079 -0.0079 1.0000
vn -0.0866 -0.1102 0.9921
vn -0.0709 -0.0551 -0.9921
vn -0.1732 -0.1575 -0.9764
vn -0.0866 -0.1102 -0.9921
vn -0.0709 -0.0551 0.9921
vn -0.1732 -0.1575 0.9764
vn -0.0709 -0.1181 -0.9921
vn -0.0709 -0.1181 0.9921
vn 0.0709 -0.0630 0.9921
vn 0.0709 -0.0630 -0.9921
vn -1.0000 -0.0472 0.0000
vn -1.0000 -0.0236 0.0000
vn 0.0394 0.0000 -1.0000
vn 0.0394 -0.0079 -1.0000
vn 0.0394 -0.0079 1.0000
vn 0.0394 0.0000 1.0000
vn 0.0315 -0.0866 0.9921
vn 0.0472 -0.0866 -0.9921
vn 0.0315 -0.0866 -0.9921
vn 0.0866 -0.0472 0.9921
vn 0.0472 -0.0866 0.9921
vn 0.0866 -0.0472 -0.9921
vn 0.0787 -0.0551 -0.9921
vn 0.0787 -0.0551 0.9921
vn 0.0709 -1.0000 0.0000
vn 0.0551 -0.0945 0.9921
vn 0.0551 -0.0945 -0.9921
vn 0.0394 -1.0000 0.0000
vn 0.0000 -0.7087 -0.7087
vn 0.0000 -0.7087 0.7087
vn -0.0315 -0.0394 -1.0000
vn 0.1811 0.0315 -0.9843
vn 0.1811 0.0315 0.9843
vn -0.1339 -0.7008 0.7008
vn -0.9291 -0.3701 0.0000
vn -0.9213 -0.3780 0.0000
vn 0.0000 0.9764 0.2047
vn -0.0945 -0.8189 -0.5669
vn 0.0000 0.9764 -0.2047
vn 0.0079 -0.0630 1.0000
vn 0.1181 -0.1024 -0.9843
vn 0.9213 0.3780 0.0000
vn 0.1181 -0.1024 0.9843
vn -0.9843 0.1732 0.0000
vn 0.0945 -0.0551 -0.9921
vn 0.0945 -0.0551 0.9921
vn 0.9685 0.2441 0.0000
vn -0.0472 -0.8661 -0.4961
vn -1.0000 0.0787 0.0000
vn 0.0079 1.0000 0.0000
vn -0.0236 1.0000 0.0000
vn 1.0000 -0.0315 0.0000
vn -0.8032 -0.5906 0.0000
vn 0.9843 0.1890 0.0000
vn 1.0000 -0.0394 0.0000
vn 0.0000 -0.7795 0.6220
vn -0.4882 -0.8740 0.0000
vn -0.4961 -0.8661 0.0000
vn -0.5197 -0.8504 0.0000
vn 0.0000 0.0394 -1.0000
vn 0.0000 0.0394 1.0000
vn -0.1417 0.0472 0.9921
vn -0.1417 0.0472 -0.9921
vn -0.1968 -0.0630 0.9764
vn -0.1968 -0.0630 -0.9764
vn -0.0945 0.0315 0.9921
vn -0.0945 0.0315 -0.9921
vn 0.0630 -0.0945 -0.9921
vn 0.0630 -0.0945 0.9921
vn 0.9843 0.1732 0.0000
vn -0.5039 -0.8661 0.0000
vn -0.1496 -0.1024 -0.9843
vn -0.1496 -0.1024 0.9843
vn 0.1181 0.3307 -0.9370
vn 0.1181 0.3307 0.9370
vn -0.1732 -0.0551 0.9843
vn -0.1732 -0.0551 -0.9843
vn -0.4882 -0.8661 -0.1339
vn -0.4882 -0.8661 0.1339
vn 0.8110 0.5827 0.0000
vn -0.5984 -0.8032 0.0000
vn 0.1811 0.9843 0.0000
vn 0.9291 0.3622 0.0000
vn 0.0000 -0.9213 0.3858
vn 0.0000 -0.9213 -0.3858
vn -0.3543 0.0315 0.9370
vn -0.3543 0.0315 -0.9370
vn 0.3543 -0.9213 -0.1417
vn 0.1575 0.0866 -0.9843
vn 0.1575 0.0866 0.9843
vn 0.9764 0.1339 0.1811
vn 0.9764 0.1339 -0.1811
vn -0.4094 -0.1024 0.9055
vn -0.4094 -0.1024 -0.9055
vn -0.4252 -0.0551 0.9055
vn -0.4252 -0.0551 -0.9055
vn 0.4409 -0.8976 0.0000
vn -0.1260 -0.9843 -0.1417
vn -0.1260 -0.9843 0.1417
vn -0.0079 -1.0000 0.0000
vn 0.9685 -0.2205 0.1339
vn 0.9685 -0.2205 -0.1339
vn -0.9843 -0.1575 0.0000
vn 0.9843 -0.0709 0.1575
vn 0.9843 -0.0709 -0.1575
vn -0.9921 -0.1181 0.0000
vn -0.8346 -0.5512 0.0000
vn -0.8032 -0.5512 -0.2205
vn -0.8032 -0.5512 0.2205
vn 0.5669 -0.8268 0.0000
vn 0.5748 -0.8189 0.0000
vn -0.5984 0.8032 0.0000
vn -0.6929 0.7244 0.0000
vn -0.7874 -0.5827 -0.2205
vn -0.7874 -0.5827 0.2205
vn -0.5827 0.8032 -0.1575
vn -0.5827 0.8032 0.1575
vn -0.9134 0.4016 0.0000
vn 0.8661 -0.4961 0.0787
vn 0.3937 -0.9213 0.0000
vn 0.8661 -0.4961 -0.0787
vn -0.6693 0.7244 -0.1811
vn -0.6693 0.7244 0.1811
vn 0.6220 -0.7795 -0.0079
vn 0.6220 -0.7795 0.0079
vn -0.8976 -0.4409 0.0000
vn -0.8661 -0.4409 -0.2362
vn -0.8661 -0.4409 0.2362
vn -0.9528 -0.1181 -0.2677
vn -0.9528 -0.1181 0.2677

o animal_unicorn
usemtl tex_animal_unicorn_i026p001x
f 1/1/1 2/2/1 3/3/1
f 1/1/1 4/4/1 2/2/1
f 5/5/2 6/6/2 7/7/2
f 6/6/2 5/5/2 8/8/2
f 9/9/3 10/10/3 11/11/3
f 10/10/3 9/9/3 12/12/3
f 13/13/4 14/14/4 15/15/4
f 14/14/4 13/13/4 16/16/4
f 17/17/4 18/18/4 19/19/4
f 18/18/4 17/17/4 20/20/4
f 21/21/4 22/22/4 23/23/4
f 21/21/4 23/23/4 24/24/4
f 25/25/4 26/26/4 27/27/4
f 26/26/4 25/25/4 28/28/4
f 29/29/5 30/30/5 31/31/5
f 30/30/5 29/29/5 32/32/5
f 33/33/6 34/34/6 35/35/6
f 35/35/6 34/34/6 36/36/6
f 37/37/4 38/38/4 39/39/4
f 38/38/4 37/37/4 40/40/4
f 41/41/4 42/42/4 43/43/4
f 41/41/4 44/44/4 42/42/4
f 45/45/4 46/46/4 47/47/4
f 46/46/4 45/45/4 48/48/4
f 49/49/4 50/50/4 51/51/4
f 49/49/4 51/51/4 52/52/4
f 53/53/7 54/54/7 55/55/7
f 54/54/7 56/56/7 55/55/7
f 57/57/8 58/58/8 59/59/8
f 60/60/8 58/58/8 57/57/8
f 30/30/9 61/61/9 62/62/9
f 61/61/9 30/30/9 32/32/9
f 63/63/10 64/64/10 65/65/10
f 64/64/10 63/63/10 66/66/10
f 67/67/10 68/68/10 69/69/10
f 68/68/10 67/67/10 70/70/10
f 71/71/6 72/72/6 73/73/6
f 74/74/6 71/71/6 73/73/6
f 74/74/6 75/75/6 71/71/6
f 73/73/6 72/72/6 76/76/6
f 72/72/6 77/77/6 76/76/6
f 71/71/6 75/75/6 78/78/6
f 77/77/6 78/78/6 76/76/6
f 75/75/6 76/76/6 78/78/6
f 56/56/11 79/79/11 80/80/11
f 80/80/11 55/55/11 56/56/11
f 59/59/12 81/81/12 82/82/12
f 58/58/12 81/81/12 59/59/12
f 83/83/13 84/84/13 85/85/13
f 84/84/13 86/86/13 85/85/13
f 87/87/14 4/88/14 1/89/14
f 87/87/14 88/90/14 4/88/14
f 89/91/6 90/92/6 91/93/6
f 91/93/6 90/92/6 92/94/6
f 93/95/6 89/91/6 91/93/6
f 93/95/6 94/96/6 89/91/6
f 90/92/6 95/97/6 92/94/6
f 95/97/6 96/98/6 92/94/6
f 94/96/6 92/94/6 96/98/6
f 89/91/6 94/96/6 96/98/6
f 97/99/15 98/100/15 99/101/15
f 98/100/15 100/102/15 99/101/15
f 101/103/15 100/102/15 98/100/15
f 102/104/15 101/103/15 98/100/15
f 103/105/15 102/104/15 98/100/15
f 104/106/15 103/105/15 98/100/15
f 105/107/15 103/105/15 104/106/15
f 106/108/15 105/107/15 104/106/15
f 40/109/16 63/63/16 38/110/16
f 38/110/16 63/63/16 65/65/16
f 64/64/13 66/66/13 107/111/13
f 66/66/13 108/112/13 107/111/13
f 99/101/17 109/113/17 97/99/17
f 97/99/17 109/113/17 110/114/17
f 109/113/17 111/115/17 110/114/17
f 110/114/17 111/115/17 112/116/17
f 113/117/17 110/114/17 112/116/17
f 114/118/17 110/114/17 113/117/17
f 115/119/17 114/118/17 113/117/17
f 116/120/17 110/114/17 114/118/17
f 101/103/17 102/104/17 117/121/17
f 117/121/17 115/119/17 113/117/17
f 42/122/16 68/68/16 43/123/16
f 68/68/16 42/122/16 69/69/16
f 70/70/13 118/124/13 119/125/13
f 67/67/13 118/124/13 70/70/13
f 120/126/17 110/114/17 116/120/17
f 121/127/17 110/114/17 120/126/17
f 102/104/17 115/119/17 117/121/17
f 122/128/17 121/127/17 120/126/17
f 105/107/17 106/108/17 122/128/17
f 106/108/17 121/127/17 122/128/17
f 123/129/15 124/130/15 125/131/15
f 123/129/15 126/132/15 124/130/15
f 124/130/15 126/132/15 127/133/15
f 126/132/15 123/129/15 128/134/15
f 129/135/15 130/136/15 131/137/15
f 129/135/15 132/138/15 130/136/15
f 130/136/15 132/138/15 133/139/15
f 132/138/15 129/135/15 134/140/15
f 135/141/18 29/29/18 31/31/18
f 135/141/18 136/142/18 29/29/18
f 137/143/15 138/144/15 139/145/15
f 138/144/15 137/143/15 140/146/15
f 141/147/19 6/148/19 142/149/19
f 6/148/19 141/147/19 7/150/19
f 143/151/20 144/152/20 9/153/20
f 143/151/20 9/153/20 11/154/20
f 145/155/6 146/156/6 147/157/6
f 148/158/6 146/156/6 145/155/6
f 149/159/6 148/158/6 145/155/6
f 149/159/6 150/160/6 148/158/6
f 146/156/6 151/161/6 147/157/6
f 148/158/6 150/160/6 152/162/6
f 151/161/6 152/162/6 147/157/6
f 150/160/6 147/157/6 152/162/6
f 7/7/21 141/163/21 153/164/21
f 7/7/21 153/164/21 5/5/21
f 154/165/22 143/166/22 11/11/22
f 154/165/22 11/11/22 10/10/22
f 153/164/23 53/53/23 155/167/23
f 54/54/23 53/53/23 153/164/23
f 154/165/24 60/60/24 57/57/24
f 154/165/24 156/168/24 60/60/24
f 157/169/25 158/170/25 159/171/25
f 157/169/25 159/171/25 160/172/25
f 161/173/26 159/171/26 162/174/26
f 159/171/26 161/173/26 160/172/26
f 163/175/27 164/176/27 165/177/27
f 164/176/27 163/175/27 166/178/27
f 167/179/28 168/180/28 169/181/28
f 168/180/28 167/179/28 170/182/28
f 171/183/6 172/184/6 173/185/6
f 174/186/6 172/184/6 171/183/6
f 175/187/6 174/186/6 171/183/6
f 175/187/6 176/188/6 174/186/6
f 174/186/6 176/188/6 177/189/6
f 172/184/6 178/190/6 173/185/6
f 178/190/6 177/189/6 173/185/6
f 176/188/6 173/185/6 177/189/6
f 179/191/29 83/192/29 180/193/29
f 83/192/29 179/191/29 84/194/29
f 181/195/29 182/196/29 183/197/29
f 182/196/29 181/195/29 184/198/29
f 161/173/30 162/174/30 185/199/30
f 161/173/30 185/199/30 186/200/30
f 187/201/25 188/202/25 189/203/25
f 188/202/25 187/201/25 190/204/25
f 191/205/25 192/206/25 193/207/25
f 191/205/25 193/207/25 194/208/25
f 195/209/26 189/203/26 196/210/26
f 189/203/26 195/209/26 187/201/26
f 194/208/26 193/207/26 197/211/26
f 194/208/26 197/211/26 198/212/26
f 4/213/31 136/214/31 2/215/31
f 136/214/31 4/213/31 88/216/31
f 135/217/32 87/218/32 1/219/32
f 135/217/32 1/219/32 3/220/32
f 199/221/15 200/222/15 201/223/15
f 200/222/15 199/221/15 202/224/15
f 203/225/15 204/226/15 205/227/15
f 204/226/15 203/225/15 206/228/15
f 183/229/13 182/230/13 207/231/13
f 182/230/13 208/232/13 207/231/13
f 209/233/15 210/234/15 211/235/15
f 210/234/15 209/233/15 212/236/15
f 213/237/15 214/238/15 215/239/15
f 214/238/15 213/237/15 216/240/15
f 217/241/4 181/195/4 218/242/4
f 181/195/4 217/241/4 184/198/4
f 219/243/25 220/244/25 221/245/25
f 220/244/25 219/243/25 222/246/25
f 223/247/25 224/248/25 225/249/25
f 224/248/25 223/247/25 226/250/25
f 20/251/33 227/252/33 228/253/33
f 18/254/33 20/251/33 228/253/33
f 26/255/33 229/256/33 230/257/33
f 28/258/33 229/256/33 26/255/33
f 231/259/26 221/245/26 232/260/26
f 221/245/26 231/259/26 219/243/26
f 233/261/26 225/249/26 234/262/26
f 225/249/26 233/261/26 223/247/26
f 235/263/4 180/193/4 236/264/4
f 180/193/4 235/263/4 179/191/4
f 237/265/15 238/266/15 239/267/15
f 239/267/15 238/266/15 240/268/15
f 241/269/15 238/266/15 237/265/15
f 238/266/15 241/269/15 242/270/15
f 241/269/15 243/271/15 242/270/15
f 243/271/15 241/269/15 244/272/15
f 164/273/34 245/274/34 165/275/34
f 245/274/34 164/273/34 246/276/34
f 167/277/35 247/278/35 248/279/35
f 247/278/35 167/277/35 169/280/35
f 249/281/36 217/241/36 218/242/36
f 249/281/36 250/282/36 217/241/36
f 251/283/30 195/209/30 196/210/30
f 195/209/30 251/283/30 252/284/30
f 198/212/30 197/211/30 253/285/30
f 198/212/30 253/285/30 254/286/30
f 255/287/36 235/263/36 236/264/36
f 255/287/36 256/288/36 235/263/36
f 232/260/30 257/289/30 231/259/30
f 257/289/30 232/260/30 258/290/30
f 233/261/30 234/262/30 259/291/30
f 233/261/30 259/291/30 260/292/30
f 261/293/37 262/294/37 263/295/37
f 262/294/37 261/293/37 264/296/37
f 265/297/38 266/298/38 267/299/38
f 266/298/38 265/297/38 268/300/38
f 263/295/39 269/301/39 270/302/39
f 269/301/39 263/295/39 262/294/39
f 268/300/40 271/303/40 266/298/40
f 271/303/40 268/300/40 272/304/40
f 273/305/41 274/306/41 275/307/41
f 273/305/41 276/308/41 274/306/41
f 277/309/42 278/310/42 275/307/42
f 277/309/42 275/307/42 274/306/42
f 153/311/43 141/312/43 54/313/43
f 279/314/43 54/313/43 141/312/43
f 143/315/44 57/316/44 280/317/44
f 57/316/44 143/315/44 154/318/44
f 6/319/45 155/320/45 142/321/45
f 155/320/45 6/319/45 8/322/45
f 156/323/46 9/324/46 144/325/46
f 9/324/46 156/323/46 12/326/46
f 86/86/47 281/327/47 85/85/47
f 281/327/47 86/86/47 282/328/47
f 121/127/48 137/143/48 110/114/48
f 137/143/48 121/127/48 140/146/48
f 283/329/49 284/330/49 285/331/49
f 284/330/49 283/329/49 286/332/49
f 244/333/50 287/334/50 288/335/50
f 243/336/50 244/333/50 288/335/50
f 289/337/51 246/276/51 290/338/51
f 246/276/51 289/337/51 245/274/51
f 291/339/52 292/340/52 248/279/52
f 247/278/52 291/339/52 248/279/52
f 293/341/53 242/342/53 243/336/53
f 243/336/53 288/335/53 293/341/53
f 294/343/54 244/333/54 241/344/54
f 244/333/54 294/343/54 287/334/54
f 295/345/55 296/346/55 297/347/55
f 296/346/55 298/348/55 297/347/55
f 299/349/56 300/350/56 301/351/56
f 299/349/56 302/352/56 300/350/56
f 303/353/57 304/354/57 305/355/57
f 304/354/57 303/353/57 306/356/57
f 307/357/58 308/358/58 309/359/58
f 310/360/58 309/359/58 308/358/58
f 2/2/59 135/141/59 3/3/59
f 135/141/59 2/2/59 136/142/59
f 186/361/60 185/362/60 311/363/60
f 186/361/60 311/363/60 312/364/60
f 5/5/61 155/167/61 8/8/61
f 153/164/61 155/167/61 5/5/61
f 313/365/50 314/366/50 209/367/50
f 212/368/50 209/367/50 314/366/50
f 156/168/62 10/10/62 12/12/62
f 156/168/62 154/165/62 10/10/62
f 315/369/50 213/370/50 215/371/50
f 213/370/50 315/369/50 316/372/50
f 317/373/63 171/374/63 318/375/63
f 318/375/63 171/374/63 173/376/63
f 319/377/64 320/378/64 321/379/64
f 321/379/64 320/378/64 322/380/64
f 285/331/65 323/381/65 324/382/65
f 323/381/65 285/331/65 284/330/65
f 325/383/66 326/384/66 327/385/66
f 326/384/66 325/383/66 328/386/66
f 87/218/67 31/387/67 329/388/67
f 31/387/67 87/218/67 135/217/67
f 29/389/68 88/216/68 330/390/68
f 88/216/68 29/389/68 136/214/68
f 172/391/63 145/392/63 178/393/63
f 178/393/63 145/392/63 147/394/63
f 297/347/69 320/378/69 319/377/69
f 297/347/69 298/348/69 320/378/69
f 39/395/70 65/396/70 331/397/70
f 65/396/70 39/395/70 38/398/70
f 327/385/71 326/384/71 299/349/71
f 299/349/71 326/384/71 302/352/71
f 44/399/72 332/400/72 69/401/72
f 44/399/72 69/401/72 42/402/72
f 146/403/63 91/404/63 151/405/63
f 151/405/63 91/404/63 92/406/63
f 90/407/63 73/408/63 95/409/63
f 95/409/63 73/408/63 76/410/63
f 202/411/50 199/412/50 333/413/50
f 334/414/50 333/413/50 199/412/50
f 335/415/50 203/416/50 205/417/50
f 203/416/50 335/415/50 336/418/50
f 304/419/73 337/420/73 338/421/73
f 337/420/73 304/419/73 306/422/73
f 98/423/74 339/424/74 340/425/74
f 104/426/74 98/423/74 340/425/74
f 341/427/75 309/428/75 342/429/75
f 309/428/75 341/427/75 307/430/75
f 343/431/76 321/379/76 322/380/76
f 321/379/76 343/431/76 344/432/76
f 345/433/77 328/386/77 325/383/77
f 328/386/77 345/433/77 346/434/77
f 72/435/63 33/436/63 77/437/63
f 77/437/63 33/436/63 35/438/63
f 301/351/78 51/439/78 50/440/78
f 51/439/78 301/351/78 300/350/78
f 295/345/79 46/441/79 48/442/79
f 295/345/79 48/442/79 296/346/79
f 347/443/77 69/401/77 332/400/77
f 69/401/77 347/443/77 67/444/77
f 348/445/77 67/444/77 347/443/77
f 348/445/77 118/446/77 67/444/77
f 118/446/77 348/445/77 349/447/77
f 65/396/76 350/448/76 331/397/76
f 350/448/76 65/396/76 64/449/76
f 350/448/76 64/449/76 351/450/76
f 107/451/76 351/450/76 64/449/76
f 351/450/76 107/451/76 352/452/76
f 353/453/80 354/454/80 62/455/80
f 353/453/80 62/455/80 61/456/80
f 279/314/81 56/457/81 54/313/81
f 355/458/81 56/457/81 279/314/81
f 280/317/82 57/316/82 59/459/82
f 356/460/82 280/317/82 59/459/82
f 357/461/83 358/462/83 359/463/83
f 358/462/83 357/461/83 360/464/83
f 361/465/83 362/466/83 363/467/83
f 361/465/83 363/467/83 364/468/83
f 355/458/84 79/469/84 56/457/84
f 355/458/84 365/470/84 79/469/84
f 356/460/85 82/471/85 366/472/85
f 59/459/85 82/471/85 356/460/85
f 367/473/83 368/474/83 369/475/83
f 367/473/83 370/476/83 368/474/83
f 97/477/86 339/424/86 98/423/86
f 339/424/86 97/477/86 371/478/86
f 372/479/87 106/480/87 104/426/87
f 104/426/87 340/425/87 372/479/87
f 373/481/60 251/482/60 374/483/60
f 251/482/60 373/481/60 252/484/60
f 254/485/60 253/486/60 375/487/60
f 254/485/60 375/487/60 376/488/60
f 377/489/15 250/490/15 249/491/15
f 250/490/15 377/489/15 378/492/15
f 379/493/77 235/494/77 256/495/77
f 379/493/77 179/496/77 235/494/77
f 179/496/77 379/493/77 282/497/77
f 86/498/77 179/496/77 282/497/77
f 179/496/77 86/498/77 84/499/77
f 236/500/76 380/501/76 255/502/76
f 380/501/76 236/500/76 180/503/76
f 380/501/76 180/503/76 281/504/76
f 281/504/76 180/503/76 85/505/76
f 180/503/76 83/506/76 85/505/76
f 79/507/88 381/508/88 80/509/88
f 381/508/88 79/507/88 382/510/88
f 383/511/89 82/512/89 384/513/89
f 82/512/89 81/514/89 384/513/89
f 297/515/90 385/516/90 295/517/90
f 385/516/90 297/515/90 386/518/90
f 380/519/15 256/520/15 255/521/15
f 256/520/15 380/519/15 379/522/15
f 299/523/90 387/524/90 388/525/90
f 387/524/90 299/523/90 301/526/90
f 296/527/91 389/528/91 298/529/91
f 390/530/91 298/529/91 389/528/91
f 208/232/47 391/531/47 207/231/47
f 391/531/47 208/232/47 392/532/47
f 393/533/91 302/534/91 394/535/91
f 302/534/91 393/533/91 300/536/91
f 190/537/92 395/538/92 188/539/92
f 395/538/92 190/537/92 396/540/92
f 397/541/93 398/542/93 305/543/93
f 398/542/93 397/541/93 163/544/93
f 192/545/92 399/546/92 400/547/92
f 192/545/92 191/548/92 399/546/92
f 310/549/94 401/550/94 402/551/94
f 168/552/94 402/551/94 401/550/94
f 15/553/95 403/554/95 404/555/95
f 403/554/95 15/553/95 14/556/95
f 405/557/95 19/558/95 18/559/95
f 405/557/95 18/559/95 228/560/95
f 406/561/96 23/562/96 22/563/96
f 23/562/96 406/561/96 407/564/96
f 25/565/96 229/566/96 28/567/96
f 229/566/96 25/565/96 408/568/96
f 409/569/60 258/570/60 410/571/60
f 258/570/60 409/569/60 257/572/60
f 411/573/60 259/574/60 412/575/60
f 259/574/60 411/573/60 260/576/60
f 377/577/76 218/578/76 181/579/76
f 218/578/76 377/577/76 249/580/76
f 377/577/76 181/579/76 391/581/76
f 391/581/76 181/579/76 207/582/76
f 181/579/76 183/583/76 207/582/76
f 378/584/77 184/585/77 217/586/77
f 378/584/77 217/586/77 250/587/77
f 184/585/77 378/584/77 392/588/77
f 208/589/77 184/585/77 392/588/77
f 184/585/77 208/589/77 182/590/77
f 413/591/97 232/592/97 414/593/97
f 232/592/97 413/591/97 258/594/97
f 233/595/98 415/596/98 416/597/98
f 415/596/98 233/595/98 260/598/98
f 293/599/77 238/600/77 242/601/77
f 238/600/77 293/599/77 417/602/77
f 241/603/76 237/604/76 418/605/76
f 241/603/76 418/605/76 294/606/76
f 419/607/99 245/608/99 420/609/99
f 245/608/99 419/607/99 165/610/99
f 247/611/100 421/612/100 422/613/100
f 421/612/100 247/611/100 169/614/100
f 303/615/101 423/616/101 424/617/101
f 423/616/101 303/615/101 425/618/101
f 426/619/102 308/620/102 427/621/102
f 308/620/102 426/619/102 428/622/102
f 283/623/30 429/624/30 430/625/30
f 286/626/30 283/623/30 430/625/30
f 398/627/103 303/353/103 305/355/103
f 303/353/103 398/627/103 425/628/103
f 308/358/104 401/629/104 310/360/104
f 401/629/104 308/358/104 428/630/104
f 245/608/105 338/631/105 420/609/105
f 245/608/105 289/632/105 338/631/105
f 291/633/106 247/611/106 342/634/106
f 342/634/106 247/611/106 422/613/106
f 289/632/105 431/635/105 304/636/105
f 289/632/105 304/636/105 338/631/105
f 223/637/107 416/597/107 432/638/107
f 416/597/107 223/637/107 233/595/107
f 309/639/106 291/633/106 342/634/106
f 309/639/106 433/640/106 291/633/106
f 414/593/108 221/641/108 434/642/108
f 221/641/108 414/593/108 232/592/108
f 329/388/109 31/387/109 30/643/109
f 435/644/109 329/388/109 30/643/109
f 304/636/110 397/541/110 305/543/110
f 397/541/110 304/636/110 431/635/110
f 330/390/111 32/645/111 29/389/111
f 32/645/111 330/390/111 436/646/111
f 309/639/112 402/551/112 433/640/112
f 402/551/112 309/639/112 310/549/112
f 411/647/113 437/648/113 415/596/113
f 260/598/113 411/647/113 415/596/113
f 438/649/17 297/515/17 319/650/17
f 297/515/17 438/649/17 386/518/17
f 222/651/92 439/652/92 220/653/92
f 439/652/92 222/651/92 440/654/92
f 258/594/114 413/591/114 410/655/114
f 410/655/114 413/591/114 441/656/114
f 442/657/17 299/523/17 388/525/17
f 299/523/17 442/657/17 327/658/17
f 224/659/92 443/660/92 444/661/92
f 224/659/92 226/662/92 443/660/92
f 419/607/115 398/542/115 165/610/115
f 163/544/115 165/610/115 398/542/115
f 226/663/116 432/638/116 443/664/116
f 432/638/116 226/663/116 223/637/116
f 308/620/117 341/665/117 427/621/117
f 341/665/117 308/620/117 307/666/117
f 169/614/118 401/550/118 421/612/118
f 401/550/118 169/614/118 168/552/118
f 434/642/119 221/641/119 439/667/119
f 221/641/119 220/668/119 439/667/119
f 337/669/120 303/615/120 424/617/120
f 303/615/120 337/669/120 306/670/120
f 144/325/121 60/671/121 156/323/121
f 60/671/121 144/325/121 445/672/121
f 142/321/122 53/673/122 446/674/122
f 53/673/122 142/321/122 155/320/122
f 435/644/123 62/675/123 447/676/123
f 30/643/123 62/675/123 435/644/123
f 61/677/124 436/646/124 448/678/124
f 436/646/124 61/677/124 32/645/124
f 295/517/125 47/679/125 46/680/125
f 47/679/125 295/517/125 385/516/125
f 321/681/126 438/649/126 319/650/126
f 438/649/126 321/681/126 449/682/126
f 429/683/76 285/684/76 324/685/76
f 285/684/76 429/683/76 283/686/76
f 450/687/97 196/688/97 451/689/97
f 196/688/97 450/687/97 251/690/97
f 301/526/125 49/691/125 387/524/125
f 49/691/125 301/526/125 50/692/125
f 442/657/126 325/693/126 327/658/126
f 325/693/126 442/657/126 452/694/126
f 430/695/77 323/696/77 284/697/77
f 284/697/77 286/698/77 430/695/77
f 198/699/98 453/700/98 454/701/98
f 453/700/98 198/699/98 254/702/98
f 158/703/92 455/704/92 456/705/92
f 158/703/92 157/706/92 455/704/92
f 457/707/127 458/708/127 459/709/127
f 458/708/127 457/707/127 460/710/127
f 461/711/127 459/709/127 462/712/127
f 459/709/127 461/711/127 457/707/127
f 462/712/128 463/713/128 461/711/128
f 463/713/128 462/712/128 464/714/128
f 465/715/129 466/716/129 467/717/129
f 466/716/129 465/715/129 468/718/129
f 469/719/130 468/718/130 465/715/130
f 468/718/130 469/719/130 470/720/130
f 471/721/130 470/720/130 469/719/130
f 470/720/130 471/721/130 472/722/130
f 473/723/131 474/724/131 475/725/131
f 474/724/131 476/726/131 475/725/131
f 437/648/132 477/727/132 478/728/132
f 477/727/132 437/648/132 411/647/132
f 478/728/133 479/729/133 480/730/133
f 479/729/133 478/728/133 477/727/133
f 466/716/134 481/731/134 467/717/134
f 482/732/134 481/731/134 466/716/134
f 209/733/76 211/734/76 483/735/76
f 209/733/76 483/735/76 313/736/76
f 475/725/135 476/726/135 441/656/135
f 476/726/135 410/655/135 441/656/135
f 463/713/136 464/714/136 484/737/136
f 463/713/136 484/737/136 485/738/136
f 213/739/77 486/740/77 216/741/77
f 486/740/77 213/739/77 316/742/77
f 484/737/137 487/743/137 485/738/137
f 487/743/137 484/737/137 488/744/137
f 489/745/123 490/746/123 491/747/123
f 490/746/123 489/745/123 492/748/123
f 481/731/138 492/748/138 489/745/138
f 492/748/138 481/731/138 482/732/138
f 493/749/124 488/744/124 494/750/124
f 488/744/124 493/749/124 487/743/124
f 495/751/139 496/752/139 497/753/139
f 496/752/139 495/751/139 498/754/139
f 357/755/139 496/752/139 498/754/139
f 496/752/139 357/755/139 359/756/139
f 499/757/139 500/758/139 501/759/139
f 499/757/139 501/759/139 502/760/139
f 501/759/139 361/761/139 502/760/139
f 361/761/139 501/759/139 362/762/139
f 491/747/140 490/746/140 473/723/140
f 490/746/140 474/724/140 473/723/140
f 494/750/141 480/730/141 493/749/141
f 493/749/141 480/730/141 479/729/141
f 503/763/47 504/764/47 505/765/47
f 503/763/47 506/766/47 504/764/47
f 504/764/59 507/767/59 505/765/59
f 507/767/59 504/764/59 508/768/59
f 508/768/59 509/769/59 507/767/59
f 509/769/59 508/768/59 510/770/59
f 374/771/114 450/687/114 511/772/114
f 251/690/114 450/687/114 374/771/114
f 376/773/113 512/774/113 453/700/113
f 254/702/113 376/773/113 453/700/113
f 513/775/142 497/753/142 514/776/142
f 497/753/142 513/775/142 495/751/142
f 451/689/108 189/777/108 515/778/108
f 189/777/108 451/689/108 196/688/108
f 516/779/142 499/757/142 517/780/142
f 499/757/142 516/779/142 500/758/142
f 194/781/107 454/701/107 518/782/107
f 454/701/107 194/781/107 198/699/107
f 188/783/119 515/778/119 189/777/119
f 515/778/119 188/783/119 395/784/119
f 191/785/116 518/782/116 399/786/116
f 518/782/116 191/785/116 194/781/116
f 240/787/143 417/788/143 519/789/143
f 417/788/143 240/787/143 238/790/143
f 418/791/144 237/792/144 239/793/144
f 239/793/144 520/794/144 418/791/144
f 199/795/76 201/796/76 521/797/76
f 199/795/76 521/797/76 334/798/76
f 203/799/77 522/800/77 206/801/77
f 522/800/77 203/799/77 336/802/77
f 106/803/145 523/804/145 121/805/145
f 523/804/145 106/803/145 372/806/145
f 269/807/146 79/469/146 365/470/146
f 79/469/146 269/807/146 382/808/146
f 82/471/147 271/809/147 366/472/147
f 271/809/147 82/471/147 383/810/147
f 524/811/148 525/812/148 526/813/148
f 526/813/148 527/814/148 524/811/148
f 441/815/149 528/816/149 475/817/149
f 528/816/149 441/815/149 529/818/149
f 437/819/149 530/820/149 531/821/149
f 530/820/149 437/819/149 478/822/149
f 475/817/150 532/823/150 473/824/150
f 532/823/150 475/817/150 528/816/150
f 162/825/97 533/826/97 534/827/97
f 534/827/97 185/828/97 162/825/97
f 478/822/150 535/829/150 530/820/150
f 535/829/150 478/822/150 480/830/150
f 161/831/98 536/832/98 537/833/98
f 536/832/98 161/831/98 186/834/98
f 113/835/151 112/836/151 127/837/151
f 124/838/151 127/837/151 112/836/151
f 121/839/152 523/840/152 538/841/152
f 121/839/152 538/841/152 140/842/152
f 131/843/153 116/844/153 114/845/153
f 116/844/153 131/843/153 130/846/153
f 539/847/131 540/848/131 541/849/131
f 540/848/131 542/850/131 541/849/131
f 541/849/135 542/850/135 511/772/135
f 542/850/135 374/771/135 511/772/135
f 543/851/133 544/852/133 545/853/133
f 544/852/133 543/851/133 546/854/133
f 512/774/132 546/854/132 543/851/132
f 546/854/132 512/774/132 376/773/132
f 547/855/138 548/856/138 549/857/138
f 548/856/138 547/855/138 550/858/138
f 551/859/134 547/855/134 514/860/134
f 550/858/134 547/855/134 551/859/134
f 549/857/123 552/861/123 553/862/123
f 552/861/123 549/857/123 548/856/123
f 554/863/137 555/864/137 556/865/137
f 555/864/137 554/863/137 557/866/137
f 558/867/136 555/864/136 557/866/136
f 558/867/136 516/868/136 555/864/136
f 559/869/141 545/853/141 560/870/141
f 560/870/141 545/853/141 544/852/141
f 560/870/124 556/865/124 559/869/124
f 556/865/124 560/870/124 554/863/124
f 553/862/140 552/861/140 539/847/140
f 552/861/140 540/848/140 539/847/140
f 561/871/83 472/872/83 471/873/83
f 472/872/83 561/871/83 562/874/83
f 563/875/83 458/876/83 460/877/83
f 563/875/83 460/877/83 564/878/83
f 97/879/154 110/880/154 527/881/154
f 527/881/154 371/882/154 97/879/154
f 497/883/129 551/859/129 514/860/129
f 551/859/129 497/883/129 565/884/129
f 566/885/155 262/886/155 264/887/155
f 262/886/155 566/885/155 567/888/155
f 509/769/156 568/889/156 569/890/156
f 510/770/156 568/889/156 509/769/156
f 558/867/128 500/891/128 516/868/128
f 500/891/128 558/867/128 570/892/128
f 570/892/127 501/893/127 500/891/127
f 501/893/127 570/892/127 571/894/127
f 501/893/127 363/895/127 362/896/127
f 501/893/127 571/894/127 363/895/127
f 496/897/130 565/884/130 497/883/130
f 565/884/130 496/897/130 572/898/130
f 358/899/130 496/897/130 359/900/130
f 496/897/130 358/899/130 572/898/130
f 267/901/157 266/902/157 573/903/157
f 266/902/157 574/904/157 573/903/157
f 344/905/158 449/682/158 321/681/158
f 449/682/158 344/905/158 575/906/158
f 345/907/158 452/694/158 576/908/158
f 452/694/158 345/907/158 325/693/158
f 112/836/153 111/909/153 125/910/153
f 112/836/153 125/910/153 124/838/153
f 130/846/151 133/911/151 116/844/151
f 120/912/151 116/844/151 133/911/151
f 186/834/113 312/913/113 536/832/113
f 312/913/113 577/914/113 536/832/113
f 534/827/114 311/915/114 185/828/114
f 311/915/114 534/827/114 578/916/114
f 533/826/108 162/825/108 159/917/108
f 533/826/108 159/917/108 579/918/108
f 160/919/107 537/833/107 580/920/107
f 537/833/107 160/919/107 161/831/107
f 511/921/149 581/922/149 541/923/149
f 581/922/149 511/921/149 582/924/149
f 512/925/149 583/926/149 584/927/149
f 583/926/149 512/925/149 543/928/149
f 551/929/47 585/930/47 550/931/47
f 586/932/47 550/931/47 585/930/47
f 567/888/159 269/807/159 262/886/159
f 269/807/159 567/888/159 382/808/159
f 587/933/47 557/934/47 588/935/47
f 587/933/47 558/936/47 557/934/47
f 266/902/160 271/809/160 574/904/160
f 271/809/160 383/810/160 574/904/160
f 581/922/150 539/937/150 541/923/150
f 539/937/150 581/922/150 589/938/150
f 590/939/161 311/363/161 591/940/161
f 311/363/161 590/939/161 312/364/161
f 140/842/162 592/941/162 138/942/162
f 592/941/162 140/842/162 538/841/162
f 583/926/150 545/943/150 593/944/150
f 583/926/150 543/928/150 545/943/150
f 404/945/163 13/946/163 15/947/163
f 13/946/163 404/945/163 594/948/163
f 406/949/163 21/950/163 595/951/163
f 21/950/163 406/949/163 22/952/163
f 579/918/119 158/953/119 456/954/119
f 579/918/119 159/917/119 158/953/119
f 157/955/116 580/920/116 455/956/116
f 580/920/116 157/955/116 160/919/116
f 550/931/59 596/957/59 548/958/59
f 596/957/59 550/931/59 586/932/59
f 597/959/59 548/958/59 596/957/59
f 548/958/59 597/959/59 552/960/59
f 470/961/164 598/962/164 468/963/164
f 598/962/164 470/961/164 599/964/164
f 470/961/164 562/965/164 599/964/164
f 562/965/164 470/961/164 472/966/164
f 554/967/59 588/935/59 557/934/59
f 554/967/59 600/968/59 588/935/59
f 554/967/59 597/969/59 600/968/59
f 597/969/59 554/967/59 560/970/59
f 461/971/164 601/972/164 602/973/164
f 461/971/164 602/973/164 457/974/164
f 602/973/164 460/975/164 457/974/164
f 460/975/164 602/973/164 564/976/164
f 598/962/165 466/977/165 468/963/165
f 466/977/165 598/962/165 603/978/165
f 461/971/165 604/979/165 601/972/165
f 604/979/165 461/971/165 463/980/165
f 195/981/98 605/982/98 606/983/98
f 605/982/98 195/981/98 252/984/98
f 197/985/97 607/986/97 608/987/97
f 608/987/97 253/988/97 197/985/97
f 552/989/156 597/990/156 540/991/156
f 597/990/156 609/992/156 540/991/156
f 597/993/156 544/994/156 610/995/156
f 560/996/156 544/994/156 597/993/156
f 492/997/59 611/998/59 490/999/59
f 611/998/59 492/997/59 612/1000/59
f 613/1001/59 492/997/59 482/1002/59
f 492/997/59 613/1001/59 612/1000/59
f 614/1003/59 487/1004/59 493/1005/59
f 487/1004/59 614/1003/59 615/1006/59
f 487/1004/59 615/1006/59 616/1007/59
f 487/1004/59 616/1007/59 485/1008/59
f 320/1009/166 617/1010/166 322/1011/166
f 618/1012/166 322/1011/166 617/1010/166
f 524/811/144 137/1013/144 139/1014/144
f 139/1014/144 525/812/144 524/811/144
f 532/823/167 491/1015/167 473/824/167
f 491/1015/167 532/823/167 619/1016/167
f 620/1017/166 326/1018/166 328/1019/166
f 620/1017/166 328/1019/166 621/1020/166
f 535/829/167 494/1021/167 622/1022/167
f 535/829/167 480/830/167 494/1021/167
f 569/890/168 590/939/168 591/940/168
f 568/889/168 590/939/168 569/890/168
f 466/1023/47 603/1024/47 482/1002/47
f 613/1001/47 482/1002/47 603/1024/47
f 604/1025/47 485/1008/47 616/1007/47
f 485/1008/47 604/1025/47 463/1026/47
f 48/1027/169 389/528/169 296/527/169
f 389/528/169 48/1027/169 45/1028/169
f 51/1029/169 393/533/169 52/1030/169
f 393/533/169 51/1029/169 300/536/169
f 527/814/170 137/1013/170 524/811/170
f 527/814/170 110/1031/170 137/1013/170
f 542/1032/161 623/1033/161 374/483/161
f 623/1033/161 373/481/161 374/483/161
f 506/1034/136 624/1035/136 625/1036/136
f 506/1034/136 625/1036/136 504/1037/136
f 626/1038/161 376/488/161 375/487/161
f 546/1039/161 376/488/161 626/1038/161
f 503/1040/134 627/1041/134 628/1042/134
f 627/1041/134 503/1040/134 505/1043/134
f 505/1043/138 629/1044/138 627/1041/138
f 629/1044/138 505/1043/138 507/1045/138
f 317/1046/76 175/1047/76 171/1048/76
f 630/1049/76 175/1047/76 317/1046/76
f 504/1037/137 625/1036/137 631/1050/137
f 504/1037/137 631/1050/137 508/1051/137
f 318/1052/77 173/1053/77 632/1054/77
f 632/1054/77 173/1053/77 176/1055/77
f 629/1044/123 509/1056/123 633/1057/123
f 509/1056/123 629/1044/123 507/1045/123
f 510/1058/124 631/1050/124 634/1059/124
f 631/1050/124 510/1058/124 508/1051/124
f 513/775/171 547/1060/171 635/1061/171
f 547/1060/171 513/775/171 514/776/171
f 539/937/167 636/1062/167 553/1063/167
f 636/1062/167 539/937/167 589/938/167
f 637/1064/164 638/1065/164 639/1066/164
f 637/1064/164 639/1066/164 640/1067/164
f 639/1066/164 368/1068/164 640/1067/164
f 368/1068/164 639/1066/164 369/1069/164
f 591/1070/135 578/916/135 641/1071/135
f 578/916/135 591/1070/135 311/915/135
f 555/1072/171 517/780/171 642/1073/171
f 517/780/171 555/1072/171 516/779/171
f 545/943/167 636/1074/167 593/944/167
f 636/1074/167 545/943/167 559/1075/167
f 643/1076/133 568/1077/133 644/1078/133
f 568/1077/133 643/1076/133 590/1079/133
f 577/914/132 590/1079/132 643/1076/132
f 590/1079/132 577/914/132 312/913/132
f 569/1080/131 641/1071/131 645/1081/131
f 641/1071/131 569/1080/131 591/1070/131
f 549/1082/172 635/1083/172 547/1084/172
f 635/1083/172 549/1082/172 646/1085/172
f 503/1040/129 628/1042/129 647/1086/129
f 503/1040/129 647/1086/129 638/1087/129
f 638/1087/130 647/1086/130 648/1088/130
f 638/1087/130 648/1088/130 639/1089/130
f 648/1088/130 369/1090/130 639/1089/130
f 369/1090/130 648/1088/130 367/1091/130
f 509/1056/140 645/1081/140 633/1057/140
f 645/1081/140 509/1056/140 569/1080/140
f 556/1092/172 642/1093/172 649/1094/172
f 642/1093/172 556/1092/172 555/1095/172
f 637/1096/127 650/1097/127 651/1098/127
f 650/1097/127 637/1096/127 640/1099/127
f 651/1098/128 506/1034/128 637/1096/128
f 506/1034/128 651/1098/128 624/1035/128
f 650/1097/127 640/1099/127 368/1100/127
f 650/1097/127 368/1100/127 370/1101/127
f 634/1059/141 644/1078/141 510/1058/141
f 510/1058/141 644/1078/141 568/1077/141
f 636/1102/173 549/1082/173 553/1103/173
f 549/1082/173 636/1102/173 646/1085/173
f 636/1104/173 556/1092/173 649/1094/173
f 636/1104/173 559/1105/173 556/1092/173
f 651/1106/139 648/1107/139 647/1108/139
f 648/1107/139 651/1106/139 650/1109/139
f 648/1107/139 650/1109/139 370/1110/139
f 648/1107/139 370/1110/139 367/1111/139
f 637/1064/165 503/1112/165 638/1065/165
f 503/1112/165 637/1064/165 506/1113/165
f 172/1114/76 149/1115/76 145/1116/76
f 174/1117/76 149/1115/76 172/1114/76
f 114/1118/174 115/1119/174 129/1120/174
f 114/1118/174 129/1120/174 131/1121/174
f 178/1122/77 147/1123/77 177/1124/77
f 177/1124/77 147/1123/77 150/1125/77
f 126/1126/175 113/1127/175 127/1128/175
f 113/1127/175 126/1126/175 117/1129/175
f 540/991/168 623/1033/168 542/1032/168
f 623/1033/168 540/991/168 609/992/168
f 544/994/168 626/1038/168 610/995/168
f 626/1038/168 544/994/168 546/1039/168
f 578/1130/149 643/1131/149 641/1132/149
f 578/1130/149 577/1133/149 643/1131/149
f 375/1134/114 608/987/114 584/1135/114
f 608/987/114 375/1134/114 253/988/114
f 605/982/113 373/1136/113 582/1137/113
f 373/1136/113 605/982/113 252/984/113
f 607/986/108 193/1138/108 652/1139/108
f 607/986/108 197/985/108 193/1138/108
f 653/1140/107 187/1141/107 606/983/107
f 606/983/107 187/1141/107 195/981/107
f 239/793/4 519/789/4 520/794/4
f 519/789/4 239/793/4 240/787/4
f 628/1142/142 651/1106/142 647/1108/142
f 628/1142/142 624/1143/142 651/1106/142
f 55/1144/176 446/674/176 53/673/176
f 446/674/176 55/1144/176 654/1145/176
f 643/1131/150 645/1146/150 641/1132/150
f 645/1146/150 643/1131/150 644/1147/150
f 445/672/177 58/1148/177 60/671/177
f 58/1148/177 445/672/177 655/1149/177
f 151/1150/77 92/1151/77 152/1152/77
f 152/1152/77 92/1151/77 94/1153/77
f 146/1154/76 93/1155/76 91/1156/76
f 148/1157/76 93/1155/76 146/1154/76
f 652/1139/119 193/1138/119 192/1158/119
f 652/1139/119 192/1158/119 400/1159/119
f 653/1140/116 190/1160/116 187/1141/116
f 396/1161/116 190/1160/116 653/1140/116
f 89/1162/76 74/1163/76 90/1164/76
f 90/1164/76 74/1163/76 73/1165/76
f 95/1166/77 76/1167/77 96/1168/77
f 96/1168/77 76/1167/77 75/1169/77
f 654/1145/178 80/1170/178 656/1171/178
f 80/1170/178 654/1145/178 55/1144/178
f 81/1172/179 655/1149/179 657/1173/179
f 655/1149/179 81/1172/179 58/1148/179
f 72/1174/76 34/1175/76 33/1176/76
f 71/1177/76 34/1175/76 72/1174/76
f 78/1178/77 35/1179/77 36/1180/77
f 77/1181/77 35/1179/77 78/1178/77
f 138/942/4 525/812/4 139/1014/4
f 525/812/4 138/942/4 592/941/4
f 62/675/180 278/1182/180 447/676/180
f 278/1182/180 62/675/180 354/1183/180
f 61/677/181 448/678/181 277/1184/181
f 353/1185/181 61/677/181 277/1184/181
f 610/1186/131 583/1187/131 593/1188/131
f 583/1187/131 610/1186/131 626/1189/131
f 626/1189/135 584/1135/135 583/1187/135
f 584/1135/135 626/1189/135 375/1134/135
f 581/1190/133 609/1191/133 589/1192/133
f 609/1191/133 581/1190/133 623/1193/133
f 582/1137/132 623/1193/132 581/1190/132
f 623/1193/132 582/1137/132 373/1136/132
f 635/1194/137 646/1195/137 596/1196/137
f 586/1197/137 635/1194/137 596/1196/137
f 635/1194/136 585/1198/136 513/1199/136
f 585/1198/136 635/1194/136 586/1197/136
f 596/1196/124 646/1195/124 597/1200/124
f 646/1195/124 636/1201/124 597/1200/124
f 642/1202/138 600/1203/138 649/1204/138
f 600/1203/138 642/1202/138 588/1205/138
f 642/1202/134 587/1206/134 588/1205/134
f 587/1206/134 642/1202/134 517/1207/134
f 649/1204/123 597/1208/123 636/1209/123
f 597/1208/123 649/1204/123 600/1203/123
f 589/1192/182 597/1210/182 636/1211/182
f 597/1210/182 589/1192/182 609/1191/182
f 597/1212/183 593/1188/183 636/1213/183
f 593/1188/183 597/1212/183 610/1186/183
f 491/1015/173 658/1214/173 489/1215/173
f 658/1214/173 491/1015/173 619/1016/173
f 494/1021/173 659/1216/173 622/1022/173
f 659/1216/173 494/1021/173 488/1217/173
f 481/1218/172 658/1214/172 660/1219/172
f 658/1214/172 481/1218/172 489/1215/172
f 660/1220/171 467/1221/171 481/1222/171
f 467/1221/171 660/1220/171 661/1223/171
f 585/1198/128 495/1224/128 513/1199/128
f 495/1224/128 585/1198/128 662/1225/128
f 587/1206/129 517/1207/129 499/1226/129
f 587/1206/129 499/1226/129 663/1227/129
f 659/1216/172 484/1228/172 664/1229/172
f 659/1216/172 488/1217/172 484/1228/172
f 664/1230/171 484/1231/171 464/1232/171
f 664/1230/171 464/1232/171 665/1233/171
f 662/1225/127 498/1234/127 495/1224/127
f 498/1234/127 662/1225/127 666/1235/127
f 360/1236/127 498/1234/127 666/1235/127
f 498/1234/127 360/1236/127 357/1237/127
f 663/1227/130 499/1226/130 502/1238/130
f 663/1227/130 502/1238/130 667/1239/130
f 502/1238/130 364/1240/130 667/1239/130
f 364/1240/130 502/1238/130 361/1241/130
f 668/1242/139 469/1243/139 465/1244/139
f 469/1243/139 668/1242/139 669/1245/139
f 669/1245/139 471/1246/139 469/1243/139
f 471/1246/139 669/1245/139 561/1247/139
f 670/1248/139 462/1249/139 459/1250/139
f 670/1248/139 459/1250/139 671/1251/139
f 459/1250/139 563/1252/139 671/1251/139
f 563/1252/139 459/1250/139 458/1253/139
f 467/1221/142 668/1242/142 465/1244/142
f 668/1242/142 467/1221/142 661/1223/142
f 464/1232/142 670/1248/142 665/1233/142
f 670/1248/142 464/1232/142 462/1249/142
f 611/998/156 672/1254/156 474/1255/156
f 490/999/156 611/998/156 474/1255/156
f 493/1005/156 479/1256/156 614/1003/156
f 614/1003/156 479/1256/156 673/1257/156
f 644/1147/167 633/1258/167 645/1146/167
f 633/1258/167 644/1147/167 634/1259/167
f 322/1011/184 618/1012/184 343/1260/184
f 618/1012/184 674/1261/184 343/1260/184
f 329/1262/185 88/1263/185 87/1264/185
f 329/1262/185 330/1265/185 88/1263/185
f 346/1266/184 621/1020/184 328/1019/184
f 621/1020/184 346/1266/184 675/1267/184
f 676/1268/186 276/1269/186 677/1270/186
f 276/1269/186 676/1268/186 274/1271/186
f 273/1272/187 678/1273/187 679/1274/187
f 678/1273/187 273/1272/187 275/1275/187
f 231/1276/98 680/1277/98 681/1278/98
f 680/1277/98 231/1276/98 257/1279/98
f 682/1280/97 259/1281/97 234/1282/97
f 234/1282/97 683/1283/97 682/1280/97
f 164/1284/188 684/1285/188 246/1286/188
f 684/1285/188 164/1284/188 166/1287/188
f 685/1288/189 167/1289/189 248/1290/189
f 685/1288/189 170/1291/189 167/1289/189
f 275/1275/190 278/1182/190 678/1273/190
f 278/1182/190 354/1183/190 678/1273/190
f 676/1268/191 277/1184/191 274/1271/191
f 277/1184/191 676/1268/191 353/1185/191
f 14/1292/33 686/1293/33 403/1294/33
f 686/1293/33 14/1292/33 16/1295/33
f 23/1296/33 687/1297/33 24/1298/33
f 687/1297/33 23/1296/33 407/1299/33
f 210/1300/77 314/1301/77 688/1302/77
f 314/1301/77 210/1300/77 212/1303/77
f 476/1304/161 689/1305/161 410/571/161
f 689/1305/161 409/569/161 410/571/161
f 690/1306/161 411/573/161 412/575/161
f 477/1307/161 411/573/161 690/1306/161
f 215/1308/76 214/1309/76 315/1310/76
f 691/1311/76 315/1310/76 214/1309/76
f 625/1312/171 628/1142/171 627/1313/171
f 628/1142/171 625/1312/171 624/1143/171
f 629/1314/172 625/1315/172 627/1316/172
f 629/1314/172 631/1317/172 625/1315/172
f 633/1258/173 631/1317/173 629/1314/173
f 633/1258/173 634/1259/173 631/1317/173
f 446/1318/192 141/147/192 142/149/192
f 141/147/192 446/1318/192 279/1319/192
f 445/1320/193 143/151/193 280/1321/193
f 143/151/193 445/1320/193 144/152/193
f 281/1322/50 379/1323/50 380/1324/50
f 379/1323/50 281/1322/50 282/1325/50
f 200/1326/77 202/1327/77 333/1328/77
f 200/1326/77 333/1328/77 692/1329/77
f 205/1330/76 204/1331/76 335/1332/76
f 693/1333/76 335/1332/76 204/1331/76
f 572/1334/164 662/1335/164 565/1336/164
f 662/1335/164 572/1334/164 666/1337/164
f 572/1334/164 360/1338/164 666/1337/164
f 360/1338/164 572/1334/164 358/1339/164
f 694/1340/107 219/1341/107 681/1278/107
f 681/1278/107 219/1341/107 231/1276/107
f 571/1342/164 663/1343/164 667/1344/164
f 663/1343/164 571/1342/164 570/1345/164
f 571/1342/164 667/1344/164 364/1346/164
f 571/1342/164 364/1346/164 363/1347/164
f 683/1283/108 225/1348/108 695/1349/108
f 683/1283/108 234/1282/108 225/1348/108
f 474/1255/168 672/1254/168 476/1304/168
f 672/1254/168 689/1305/168 476/1304/168
f 673/1257/168 477/1307/168 690/1306/168
f 479/1256/168 477/1307/168 673/1257/168
f 386/1350/56 389/1351/56 385/1352/56
f 389/1351/56 386/1350/56 390/1353/56
f 393/1354/55 388/1355/55 387/1356/55
f 388/1355/55 393/1354/55 394/1357/55
f 680/1277/113 409/1358/113 529/1359/113
f 409/1358/113 680/1277/113 257/1279/113
f 412/1360/114 682/1280/114 531/1361/114
f 682/1280/114 412/1360/114 259/1281/114
f 565/1336/165 585/1362/165 551/1363/165
f 585/1362/165 565/1336/165 662/1335/165
f 440/1364/116 222/1365/116 694/1340/116
f 694/1340/116 222/1365/116 219/1341/116
f 558/1366/165 587/1367/165 663/1343/165
f 558/1366/165 663/1343/165 570/1345/165
f 225/1348/119 444/1368/119 695/1349/119
f 444/1368/119 225/1348/119 224/1369/119
f 123/1370/174 111/1371/174 109/1372/174
f 111/1371/174 123/1370/174 125/1373/174
f 120/1374/175 132/1375/175 122/1376/175
f 132/1375/175 120/1374/175 133/1377/175
f 449/1378/66 617/1379/66 438/1380/66
f 617/1379/66 449/1378/66 618/1381/66
f 620/1382/64 452/1383/64 442/1384/64
f 452/1383/64 620/1382/64 621/1385/64
f 617/1379/71 386/1350/71 438/1380/71
f 386/1350/71 617/1379/71 390/1353/71
f 388/1355/69 620/1382/69 442/1384/69
f 620/1382/69 388/1355/69 394/1357/69
f 63/1386/72 37/1387/72 696/1388/72
f 37/1387/72 63/1386/72 40/1389/72
f 41/1390/70 68/1391/70 697/1392/70
f 68/1391/70 41/1390/70 43/1393/70
f 324/1394/194 323/1395/194 429/624/194
f 323/1395/194 430/625/194 429/624/194
f 603/1396/128 668/1397/128 661/1398/128
f 668/1397/128 603/1396/128 598/1399/128
f 598/1399/127 669/1400/127 668/1397/127
f 669/1400/127 598/1399/127 599/1401/127
f 599/1401/127 561/1402/127 669/1400/127
f 561/1402/127 599/1401/127 562/1403/127
f 528/1404/133 672/1405/133 532/1406/133
f 672/1405/133 528/1404/133 689/1407/133
f 601/1408/130 670/1409/130 671/1410/130
f 601/1408/130 671/1410/130 602/1411/130
f 602/1411/130 671/1410/130 563/1412/130
f 602/1411/130 563/1412/130 564/1413/130
f 530/1414/131 673/1415/131 690/1416/131
f 673/1415/131 530/1414/131 535/1417/131
f 660/1418/136 603/1396/136 661/1398/136
f 603/1396/136 660/1418/136 613/1419/136
f 680/1420/195 441/815/195 413/1421/195
f 441/815/195 680/1420/195 529/818/195
f 529/1359/132 689/1407/132 528/1404/132
f 689/1407/132 529/1359/132 409/1358/132
f 604/1422/129 665/1423/129 670/1409/129
f 604/1422/129 670/1409/129 601/1408/129
f 690/1416/135 531/1361/135 530/1414/135
f 531/1361/135 690/1416/135 412/1360/135
f 682/1424/195 437/819/195 531/821/195
f 682/1424/195 415/1425/195 437/819/195
f 658/1426/124 619/1427/124 611/1428/124
f 612/1429/124 658/1426/124 611/1428/124
f 660/1418/137 658/1426/137 612/1429/137
f 613/1419/137 660/1418/137 612/1429/137
f 604/1422/134 664/1430/134 665/1423/134
f 664/1430/134 604/1422/134 616/1431/134
f 659/1432/123 614/1433/123 622/1434/123
f 614/1433/123 659/1432/123 615/1435/123
f 664/1430/138 615/1435/138 659/1432/138
f 615/1435/138 664/1430/138 616/1431/138
f 352/1436/196 107/1437/196 108/1438/196
f 698/1439/196 352/1436/196 108/1438/196
f 699/1440/196 119/1441/196 349/1442/196
f 349/1442/196 119/1441/196 118/1443/196
f 532/1406/141 611/1428/141 619/1427/141
f 611/1428/141 532/1406/141 672/1405/141
f 614/1433/140 535/1417/140 622/1434/140
f 535/1417/140 614/1433/140 673/1415/140
f 582/924/195 450/1444/195 605/1445/195
f 450/1444/195 582/924/195 511/921/195
f 453/1446/195 584/927/195 608/1447/195
f 584/927/195 453/1446/195 512/925/195
f 674/1448/77 449/1378/77 575/1449/77
f 449/1378/77 674/1448/77 618/1381/77
f 576/1450/76 452/1383/76 675/1451/76
f 452/1383/76 621/1385/76 675/1451/76
f 385/1352/78 45/1452/78 47/1453/78
f 45/1452/78 385/1352/78 389/1351/78
f 52/1454/79 387/1356/79 49/1455/79
f 387/1356/79 52/1454/79 393/1354/79
f 63/1386/77 696/1388/77 700/1456/77
f 700/1456/77 66/1457/77 63/1386/77
f 701/1458/77 66/1457/77 700/1456/77
f 66/1457/77 701/1458/77 108/1459/77
f 108/1459/77 701/1458/77 698/1460/77
f 68/1391/76 702/1461/76 697/1392/76
f 70/1462/76 702/1461/76 68/1391/76
f 70/1462/76 703/1463/76 702/1461/76
f 119/1464/76 703/1463/76 70/1462/76
f 703/1463/76 119/1464/76 699/1465/76
f 298/529/197 617/1010/197 320/1009/197
f 298/529/197 390/530/197 617/1010/197
f 302/534/197 620/1017/197 394/535/197
f 620/1017/197 302/534/197 326/1018/197
f 101/1466/198 128/1467/198 100/1468/198
f 128/1467/198 101/1466/198 126/1469/198
f 117/1470/198 126/1469/198 101/1466/198
f 102/1471/199 129/1472/199 115/1473/199
f 102/1471/199 134/1474/199 129/1472/199
f 134/1474/199 102/1471/199 103/1475/199
f 656/1171/200 80/1170/200 270/1476/200
f 270/1476/200 80/1170/200 381/1477/200
f 272/1478/201 384/1479/201 81/1172/201
f 81/1172/201 657/1173/201 272/1478/201
f 377/1480/50 391/1481/50 392/1482/50
f 378/1483/50 377/1480/50 392/1482/50
f 538/841/202 704/1484/202 592/941/202
f 704/1484/202 538/841/202 523/840/202
f 684/1285/203 290/1485/203 246/1286/203
f 290/1485/203 684/1285/203 705/1486/203
f 248/1290/204 292/1487/204 685/1288/204
f 292/1487/204 706/1488/204 685/1288/204
f 397/1489/205 166/1490/205 163/1491/205
f 166/1490/205 397/1489/205 684/1492/205
f 402/1493/206 168/1494/206 170/1495/206
f 170/1495/206 685/1496/206 402/1493/206
f 707/1497/207 263/1498/207 708/1499/207
f 263/1498/207 707/1497/207 261/1500/207
f 709/1501/208 268/1502/208 265/1503/208
f 268/1502/208 709/1501/208 710/1504/208
f 99/1505/199 123/1506/199 109/1507/199
f 123/1506/199 99/1505/199 128/1467/199
f 99/1505/199 100/1468/199 128/1467/199
f 105/1508/198 134/1474/198 103/1475/198
f 134/1474/198 105/1508/198 132/1509/198
f 122/1510/198 132/1509/198 105/1508/198
f 536/1511/195 578/1130/195 534/1512/195
f 578/1130/195 536/1511/195 577/1133/195
f 270/1476/209 708/1499/209 263/1498/209
f 708/1499/209 270/1476/209 381/1477/209
f 710/1504/210 272/1478/210 268/1502/210
f 272/1478/210 710/1504/210 384/1479/210
f 686/1513/96 13/1514/96 594/1515/96
f 13/1514/96 686/1513/96 16/1516/96
f 711/1517/96 20/1518/96 17/1519/96
f 20/1518/96 711/1517/96 227/1520/96
f 595/1521/95 21/1522/95 687/1523/95
f 21/1522/95 24/1524/95 687/1523/95
f 26/1525/95 712/1526/95 27/1527/95
f 712/1526/95 26/1525/95 230/1528/95
f 519/1529/13 418/1530/13 520/1531/13
f 417/1532/13 418/1530/13 519/1529/13
f 418/1530/13 417/1532/13 294/1533/13
f 294/1533/13 417/1532/13 293/1534/13
f 288/1535/13 294/1533/13 293/1534/13
f 294/1533/13 288/1535/13 287/1536/13
f 704/1484/211 526/813/211 525/812/211
f 704/1484/211 525/812/211 592/941/211
f 575/1537/50 344/1538/50 343/1539/50
f 575/1537/50 343/1539/50 674/1540/50
f 675/1541/50 345/1542/50 576/1543/50
f 345/1542/50 675/1541/50 346/1544/50
f 210/1545/4 483/1546/4 211/1547/4
f 483/1546/4 210/1545/4 688/1548/4
f 216/1549/4 691/1550/4 214/1551/4
f 691/1550/4 216/1549/4 486/1552/4
f 200/1553/4 521/1554/4 201/1555/4
f 521/1554/4 200/1553/4 692/1556/4
f 204/1557/4 522/1558/4 693/1559/4
f 204/1557/4 206/1560/4 522/1558/4
f 630/1561/9 176/1562/9 175/1563/9
f 632/1564/9 176/1562/9 630/1561/9
f 174/1565/9 150/1566/9 149/1567/9
f 177/1568/9 150/1566/9 174/1565/9
f 148/1569/9 94/1570/9 93/1571/9
f 152/1572/9 94/1570/9 148/1569/9
f 89/1573/9 75/1574/9 74/1575/9
f 96/1576/9 75/1574/9 89/1573/9
f 71/1577/9 36/1578/9 34/1579/9
f 78/1580/9 36/1578/9 71/1577/9
f 290/1581/212 431/1582/212 289/1583/212
f 431/1582/212 290/1581/212 705/1584/212
f 433/1585/213 292/1586/213 291/1587/213
f 292/1586/213 433/1585/213 706/1588/213
f 606/1589/214 450/1590/214 451/1591/214
f 450/1590/214 606/1589/214 605/1592/214
f 607/1593/214 453/1594/214 608/1595/214
f 607/1593/214 454/1596/214 453/1594/214
f 414/1597/214 680/1598/214 413/1599/214
f 680/1598/214 414/1597/214 681/1600/214
f 416/1601/214 682/1602/214 683/1603/214
f 682/1602/214 416/1601/214 415/1604/214
f 431/1605/215 684/1492/215 397/1489/215
f 684/1492/215 431/1605/215 705/1606/215
f 433/1607/216 685/1496/216 706/1608/216
f 685/1496/216 433/1607/216 402/1493/216
f 696/1609/217 39/1610/217 331/1611/217
f 39/1610/217 696/1609/217 37/1612/217
f 697/1613/217 44/1614/217 41/1615/217
f 44/1614/217 697/1613/217 332/1616/217
f 338/1617/218 424/1618/218 420/1619/218
f 424/1618/218 338/1617/218 337/1620/218
f 342/1621/219 427/1622/219 341/1623/219
f 427/1622/219 342/1621/219 422/1624/219
f 350/1625/220 696/1609/220 331/1611/220
f 350/1625/220 700/1626/220 696/1609/220
f 702/1627/220 347/1628/220 697/1613/220
f 332/1616/220 697/1613/220 347/1628/220
f 679/1629/221 276/308/221 273/305/221
f 679/1629/221 677/1630/221 276/308/221
f 533/1631/214 536/1632/214 534/1633/214
f 533/1631/214 537/1634/214 536/1632/214
f 351/1635/15 700/1626/15 350/1625/15
f 700/1626/15 351/1635/15 701/1636/15
f 348/1637/15 702/1627/15 703/1638/15
f 702/1627/15 348/1637/15 347/1628/15
f 707/1639/222 264/296/222 261/293/222
f 264/296/222 707/1639/222 566/1640/222
f 709/1641/223 267/299/223 573/1642/223
f 267/299/223 709/1641/223 265/297/223
f 395/538/224 653/1643/224 515/1644/224
f 653/1643/224 395/538/224 396/540/224
f 399/546/224 652/1645/224 400/547/224
f 652/1645/224 399/546/224 518/1646/224
f 515/1644/225 606/1589/225 451/1591/225
f 606/1589/225 515/1644/225 653/1643/225
f 652/1645/225 454/1596/225 607/1593/225
f 652/1645/225 518/1646/225 454/1596/225
f 353/453/226 678/1647/226 354/454/226
f 678/1647/226 353/453/226 676/1648/226
f 439/652/224 694/1649/224 434/1650/224
f 694/1649/224 439/652/224 440/654/224
f 444/661/224 432/1651/224 695/1652/224
f 444/661/224 443/660/224 432/1651/224
f 694/1649/225 414/1597/225 434/1650/225
f 414/1597/225 694/1649/225 681/1600/225
f 695/1652/225 432/1651/225 416/1601/225
f 695/1652/225 416/1601/225 683/1603/225
f 678/1647/227 677/1653/227 679/1654/227
f 678/1647/227 676/1648/227 677/1653/227
f 455/704/224 579/1655/224 456/705/224
f 579/1655/224 455/704/224 580/1656/224
f 579/1655/225 537/1634/225 533/1631/225
f 579/1655/225 580/1656/225 537/1634/225
f 270/1657/228 365/1658/228 656/1659/228
f 365/1658/228 270/1657/228 269/1660/228
f 448/1661/49 447/1662/49 278/1663/49
f 448/1661/49 278/1663/49 277/1664/49
f 272/1665/229 366/1666/229 271/1667/229
f 366/1666/229 272/1665/229 657/1668/229
f 381/508/230 567/1669/230 708/1670/230
f 567/1669/230 381/508/230 382/510/230
f 384/513/231 574/1671/231 383/511/231
f 574/1671/231 384/513/231 710/1672/231
f 352/1673/232 701/1636/232 351/1635/232
f 698/1674/232 701/1636/232 352/1673/232
f 423/1675/233 420/1619/233 424/1618/233
f 420/1619/233 423/1675/233 419/1676/233
f 630/1677/234 317/1678/234 632/1679/234
f 632/1679/234 317/1678/234 318/1680/234
f 699/1681/232 349/1682/232 703/1638/232
f 349/1682/232 348/1637/232 703/1638/232
f 422/1624/235 426/1683/235 427/1622/235
f 426/1683/235 422/1624/235 421/1684/235
f 405/1685/163 17/1686/163 19/1687/163
f 17/1686/163 405/1685/163 711/1688/163
f 712/1689/163 25/1690/163 27/1691/163
f 712/1689/163 408/1692/163 25/1690/163
f 708/1670/236 566/1693/236 707/1694/236
f 566/1693/236 708/1670/236 567/1669/236
f 710/1672/237 573/1695/237 574/1671/237
f 573/1695/237 710/1672/237 709/1696/237
f 423/1675/238 398/1697/238 419/1676/238
f 398/1697/238 423/1675/238 425/1698/238
f 421/1684/239 401/1699/239 426/1683/239
f 426/1683/239 401/1699/239 428/1700/239
f 447/1662/240 436/1701/240 435/1702/240
f 447/1662/240 448/1661/240 436/1701/240
f 656/1659/241 355/1703/241 654/1704/241
f 355/1703/241 656/1659/241 365/1658/241
f 657/1668/242 356/1705/242 366/1666/242
f 356/1705/242 657/1668/242 655/1706/242
f 435/1702/220 330/1265/220 329/1262/220
f 435/1702/220 436/1701/220 330/1265/220
f 654/1704/243 279/1707/243 446/1708/243
f 279/1707/243 654/1704/243 355/1703/243
f 655/1706/244 280/1709/244 356/1705/244
f 280/1709/244 655/1706/244 445/1710/244
f 594/1711/50 404/1712/50 403/1713/50
f 594/1711/50 403/1713/50 686/1714/50
f 227/1715/50 405/1716/50 228/1717/50
f 405/1716/50 227/1715/50 711/1718/50
f 687/1719/50 406/1720/50 595/1721/50
f 406/1720/50 687/1719/50 407/1722/50
f 229/1723/50 712/1724/50 230/1725/50
f 712/1724/50 229/1723/50 408/1726/50
